{
"type": "FeatureCollection",
"name": "mt_municipios",
"crs": { "type": "name", "properties": { "name": "urn:ogc:def:crs:OGC:1.3:CRS84" } },
"features": [
{ "type": "Feature", "properties": { "id_municipio": 5100102, "municipio": "Acorizal", "grupo": "resto_mt", "slug": "acorizal" }, "geometry": { "type": "MultiPolygon", "coordinates": [ [ [ [ -56.385, -15.208 ], [ -56.407, -15.222 ], [ -56.417, -15.212 ], [ -56.429, -15.217 ], [ -56.451, -15.268 ], [ -56.398, -15.384 ], [ -56.356, -15.412 ], [ -56.279, -15.34 ], [ -56.286, -15.316 ], [ -56.277, -15.289 ], [ -56.302, -15.246 ], [ -56.28, -15.232 ], [ -56.275, -15.21 ], [ -56.266, -15.2 ], [ -56.222, -15.193 ], [ -56.102, -15.114 ], [ -56.129, -15.097 ], [ -56.174, -15.104 ], [ -56.197, -15.095 ], [ -56.211, -15.062 ], [ -56.189, -15.034 ], [ -56.192, -15.008 ], [ -56.208, -14.986 ], [ -56.242, -14.976 ], [ -56.272, -15.008 ], [ -56.312, -15.026 ], [ -56.317, -15.043 ], [ -56.365, -15.041 ], [ -56.39, -15.074 ], [ -56.41, -15.063 ], [ -56.443, -15.074 ], [ -56.442, -15.087 ], [ -56.466, -15.087 ], [ -56.451, -15.108 ], [ -56.468, -15.119 ], [ -56.452, -15.132 ], [ -56.448, -15.151 ], [ -56.435, -15.161 ], [ -56.411, -15.16 ], [ -56.402, -15.197 ], [ -56.385, -15.208 ] ] ] ] } },
{ "type": "Feature", "properties": { "id_municipio": 5100201, "municipio": "Água Boa", "grupo": "resto_mt", "slug": "agua-boa" }, "geometry": { "type": "MultiPolygon", "coordinates": [ [ [ [ -51.89, -14.159 ], [ -51.874, -14.112 ], [ -51.854, -14.1 ], [ -51.841, -14.059 ], [ -51.823, -14.048 ], [ -51.851, -14.016 ], [ -51.912, -13.987 ], [ -52.009, -13.977 ], [ -52.021, -13.958 ], [ -52.066, -13.94 ], [ -52.078, -13.956 ], [ -52.094, -13.919 ], [ -52.061, -13.886 ], [ -52.064, -13.864 ], [ -52.039, -13.834 ], [ -52.042, -13.758 ], [ -52.073, -13.751 ], [ -52.103, -13.724 ], [ -52.127, -13.723 ], [ -52.162, -13.702 ], [ -52.19, -13.705 ], [ -52.211, -13.697 ], [ -52.217, -13.716 ], [ -52.418, -13.667 ], [ -53.101, -13.635 ], [ -53.093, -13.656 ], [ -53.103, -13.664 ], [ -53.115, -13.734 ], [ -53.094, -13.747 ], [ -53.1, -13.769 ], [ -53.092, -13.781 ], [ -53.065, -13.794 ], [ -53.064, -13.808 ], [ -53.053, -13.813 ], [ -53.065, -13.838 ], [ -53.043, -13.839 ], [ -53.035, -13.887 ], [ -53.025, -13.901 ], [ -53.017, -13.899 ], [ -53.025, -13.919 ], [ -53.0, -13.944 ], [ -53.016, -13.963 ], [ -53.013, -13.976 ], [ -52.997, -13.975 ], [ -52.991, -13.988 ], [ -52.992, -14.01 ], [ -53.033, -14.031 ], [ -53.021, -14.049 ], [ -53.028, -14.062 ], [ -53.016, -14.074 ], [ -53.039, -14.105 ], [ -52.975, -14.232 ], [ -52.961, -14.231 ], [ -52.956, -14.242 ], [ -52.95, -14.236 ], [ -52.928, -14.256 ], [ -52.909, -14.249 ], [ -52.858, -14.255 ], [ -52.851, -14.248 ], [ -52.827, -14.25 ], [ -52.826, -14.233 ], [ -52.767, -14.224 ], [ -52.752, -14.232 ], [ -52.742, -14.222 ], [ -52.686, -14.212 ], [ -52.65, -14.182 ], [ -52.625, -14.185 ], [ -52.623, -14.197 ], [ -52.593, -14.209 ], [ -52.575, -14.195 ], [ -52.539, -14.195 ], [ -52.522, -14.178 ], [ -52.48, -14.193 ], [ -52.427, -14.177 ], [ -52.384, -14.181 ], [ -52.376, -14.205 ], [ -52.384, -14.218 ], [ -52.374, -14.223 ], [ -52.396, -14.282 ], [ -52.385, -14.293 ], [ -52.388, -14.307 ], [ -52.367, -14.302 ], [ -52.365, -14.32 ], [ -52.317, -14.349 ], [ -52.331, -14.357 ], [ -52.335, -14.377 ], [ -52.323, -14.393 ], [ -52.331, -14.389 ], [ -52.326, -14.401 ], [ -52.334, -14.405 ], [ -52.32, -14.411 ], [ -52.323, -14.432 ], [ -52.309, -14.46 ], [ -52.312, -14.47 ], [ -52.321, -14.461 ], [ -52.324, -14.494 ], [ -52.333, -14.496 ], [ -52.317, -14.533 ], [ -52.329, -14.537 ], [ -52.311, -14.539 ], [ -52.247, -14.421 ], [ -52.17, -14.384 ], [ -52.169, -14.317 ], [ -52.108, -14.303 ], [ -52.068, -14.254 ], [ -52.021, -14.227 ], [ -51.982, -14.224 ], [ -51.977, -14.216 ], [ -51.95, -14.227 ], [ -51.935, -14.221 ], [ -51.918, -14.177 ], [ -51.89, -14.159 ] ] ] ] } },
{ "type": "Feature", "properties": { "id_municipio": 5100250, "municipio": "Alta Floresta", "grupo": "resto_mt", "slug": "alta-floresta" }, "geometry": { "type": "MultiPolygon", "coordinates": [ [ [ [ -56.272, -9.401 ], [ -56.277, -9.417 ], [ -56.259, -9.444 ], [ -56.254, -9.474 ], [ -56.313, -9.548 ], [ -56.309, -9.56 ], [ -56.334, -9.611 ], [ -56.341, -9.688 ], [ -56.356, -9.72 ], [ -56.354, -9.774 ], [ -56.328, -9.812 ], [ -56.331, -9.828 ], [ -56.344, -9.834 ], [ -56.348, -9.869 ], [ -56.33, -9.902 ], [ -56.379, -9.919 ], [ -56.446, -9.907 ], [ -56.489, -9.931 ], [ -56.526, -9.936 ], [ -56.591, -9.918 ], [ -56.659, -9.936 ], [ -56.899, -9.948 ], [ -56.938, -9.936 ], [ -56.94, -9.952 ], [ -56.923, -9.964 ], [ -56.93, -9.996 ], [ -56.905, -10.034 ], [ -56.912, -10.048 ], [ -56.899, -10.057 ], [ -56.938, -10.069 ], [ -56.956, -10.108 ], [ -56.975, -10.119 ], [ -56.956, -10.126 ], [ -56.944, -10.147 ], [ -56.928, -10.147 ], [ -56.946, -10.153 ], [ -56.942, -10.167 ], [ -56.952, -10.181 ], [ -56.931, -10.242 ], [ -56.941, -10.244 ], [ -56.937, -10.258 ], [ -56.926, -10.269 ], [ -56.962, -10.28 ], [ -56.971, -10.314 ], [ -56.956, -10.319 ], [ -56.988, -10.327 ], [ -56.979, -10.361 ], [ -56.85, -10.373 ], [ -56.836, -10.385 ], [ -56.811, -10.386 ], [ -56.807, -10.412 ], [ -56.789, -10.409 ], [ -56.791, -10.422 ], [ -56.765, -10.43 ], [ -56.754, -10.462 ], [ -56.734, -10.476 ], [ -56.72, -10.475 ], [ -56.711, -10.51 ], [ -56.683, -10.532 ], [ -56.682, -10.547 ], [ -56.671, -10.548 ], [ -56.676, -10.555 ], [ -56.651, -10.585 ], [ -56.624, -10.605 ], [ -56.621, -10.597 ], [ -56.583, -10.601 ], [ -56.552, -10.615 ], [ -56.546, -10.635 ], [ -56.536, -10.628 ], [ -56.523, -10.643 ], [ -56.434, -10.683 ], [ -56.402, -10.659 ], [ -56.393, -10.637 ], [ -56.412, -10.617 ], [ -56.41, -10.579 ], [ -56.354, -10.592 ], [ -56.335, -10.577 ], [ -56.308, -10.586 ], [ -56.277, -10.583 ], [ -56.265, -10.579 ], [ -56.257, -10.549 ], [ -56.23, -10.531 ], [ -56.241, -10.517 ], [ -56.237, -10.497 ], [ -56.284, -10.449 ], [ -56.277, -10.426 ], [ -56.296, -10.416 ], [ -56.239, -10.39 ], [ -56.222, -10.4 ], [ -56.163, -10.389 ], [ -56.141, -10.369 ], [ -56.11, -10.366 ], [ -56.1, -10.349 ], [ -56.064, -10.34 ], [ -56.062, -10.321 ], [ -56.095, -10.287 ], [ -56.132, -10.276 ], [ -56.129, -10.265 ], [ -56.145, -10.25 ], [ -56.174, -10.251 ], [ -56.205, -10.265 ], [ -56.216, -10.287 ], [ -56.24, -10.284 ], [ -56.191, -10.193 ], [ -56.174, -10.173 ], [ -56.118, -10.148 ], [ -56.097, -10.107 ], [ -56.06, -10.107 ], [ -56.051, -10.122 ], [ -55.999, -10.124 ], [ -55.946, -10.07 ], [ -55.906, -10.05 ], [ -55.895, -10.035 ], [ -55.902, -9.999 ], [ -55.875, -9.957 ], [ -55.871, -9.919 ], [ -55.861, -9.908 ], [ -55.867, -9.903 ], [ -55.862, -9.869 ], [ -55.845, -9.846 ], [ -55.84, -9.794 ], [ -55.823, -9.77 ], [ -55.829, -9.739 ], [ -55.865, -9.721 ], [ -55.889, -9.677 ], [ -55.931, -9.636 ], [ -55.922, -9.633 ], [ -55.934, -9.609 ], [ -55.932, -9.587 ], [ -55.923, -9.586 ], [ -55.915, -9.559 ], [ -55.908, -9.566 ], [ -55.892, -9.51 ], [ -55.906, -9.489 ], [ -55.903, -9.457 ], [ -55.89, -9.444 ], [ -55.871, -9.448 ], [ -55.867, -9.434 ], [ -56.272, -9.401 ] ] ] ] } },
{ "type": "Feature", "properties": { "id_municipio": 5100300, "municipio": "Alto Araguaia", "grupo": "resto_mt", "slug": "alto-araguaia" }, "geometry": { "type": "MultiPolygon", "coordinates": [ [ [ [ -53.209, -17.314 ], [ -53.219, -17.298 ], [ -53.196, -17.277 ], [ -53.198, -17.261 ], [ -53.187, -17.259 ], [ -53.165, -17.221 ], [ -53.157, -17.171 ], [ -53.142, -17.171 ], [ -53.128, -17.155 ], [ -53.131, -17.145 ], [ -53.114, -17.127 ], [ -53.118, -17.113 ], [ -53.098, -17.109 ], [ -53.101, -17.102 ], [ -53.083, -17.094 ], [ -53.089, -17.085 ], [ -53.07, -17.086 ], [ -53.072, -17.077 ], [ -53.055, -17.071 ], [ -53.065, -17.058 ], [ -53.06, -17.047 ], [ -53.071, -17.05 ], [ -53.054, -17.019 ], [ -53.064, -17.016 ], [ -53.052, -17.004 ], [ -53.056, -16.964 ], [ -53.049, -16.968 ], [ -53.047, -16.949 ], [ -53.035, -16.942 ], [ -53.039, -16.913 ], [ -53.029, -16.912 ], [ -53.012, -16.883 ], [ -53.018, -16.859 ], [ -53.032, -16.866 ], [ -53.041, -16.851 ], [ -53.053, -16.863 ], [ -53.063, -16.853 ], [ -53.107, -16.844 ], [ -53.121, -16.824 ], [ -53.135, -16.834 ], [ -53.145, -16.825 ], [ -53.166, -16.829 ], [ -53.174, -16.815 ], [ -53.225, -16.819 ], [ -53.242, -16.807 ], [ -53.306, -16.819 ], [ -53.363, -16.853 ], [ -53.357, -16.87 ], [ -53.324, -16.868 ], [ -53.321, -16.883 ], [ -53.289, -16.893 ], [ -53.265, -16.922 ], [ -53.297, -16.947 ], [ -53.311, -16.947 ], [ -53.311, -16.958 ], [ -53.353, -16.99 ], [ -53.546, -17.24 ], [ -53.562, -17.25 ], [ -53.683, -17.226 ], [ -53.705, -17.664 ], [ -53.785, -17.676 ], [ -53.8, -17.671 ], [ -53.856, -17.703 ], [ -53.954, -17.869 ], [ -53.949, -17.923 ], [ -53.932, -17.913 ], [ -53.903, -17.917 ], [ -53.899, -17.909 ], [ -53.877, -17.924 ], [ -53.873, -17.917 ], [ -53.87, -17.927 ], [ -53.86, -17.921 ], [ -53.774, -18.001 ], [ -53.734, -17.995 ], [ -53.692, -18.014 ], [ -53.661, -17.978 ], [ -53.616, -17.976 ], [ -53.59, -18.013 ], [ -53.557, -18.006 ], [ -53.556, -18.016 ], [ -53.518, -18.021 ], [ -53.486, -18.04 ], [ -53.468, -18.035 ], [ -53.457, -18.0 ], [ -53.439, -17.984 ], [ -53.421, -17.986 ], [ -53.418, -17.995 ], [ -53.401, -17.991 ], [ -53.397, -17.941 ], [ -53.413, -17.931 ], [ -53.427, -17.891 ], [ -53.449, -17.902 ], [ -53.464, -17.898 ], [ -53.483, -17.86 ], [ -53.525, -17.869 ], [ -53.499, -17.845 ], [ -53.507, -17.827 ], [ -53.538, -17.816 ], [ -53.528, -17.808 ], [ -53.551, -17.804 ], [ -53.534, -17.801 ], [ -53.527, -17.783 ], [ -53.543, -17.767 ], [ -53.523, -17.769 ], [ -53.514, -17.746 ], [ -53.541, -17.736 ], [ -53.528, -17.73 ], [ -53.535, -17.717 ], [ -53.526, -17.71 ], [ -53.513, -17.719 ], [ -53.495, -17.713 ], [ -53.45, -17.737 ], [ -53.401, -17.725 ], [ -53.343, -17.585 ], [ -53.237, -17.5 ], [ -53.223, -17.459 ], [ -53.229, -17.427 ], [ -53.206, -17.402 ], [ -53.209, -17.385 ], [ -53.203, -17.39 ], [ -53.197, -17.38 ], [ -53.207, -17.372 ], [ -53.196, -17.361 ], [ -53.207, -17.362 ], [ -53.205, -17.332 ], [ -53.218, -17.327 ], [ -53.209, -17.314 ] ] ] ] } },
{ "type": "Feature", "properties": { "id_municipio": 5100359, "municipio": "Alto Boa Vista", "grupo": "resto_mt", "slug": "alto-boa-vista" }, "geometry": { "type": "MultiPolygon", "coordinates": [ [ [ [ -51.453, -11.676 ], [ -51.593, -11.686 ], [ -51.605, -11.699 ], [ -51.721, -11.729 ], [ -51.762, -11.715 ], [ -51.985, -11.727 ], [ -51.995, -11.772 ], [ -52.026, -11.79 ], [ -52.071, -11.778 ], [ -52.111, -11.75 ], [ -52.158, -11.748 ], [ -52.185, -11.762 ], [ -52.231, -11.822 ], [ -52.254, -11.832 ], [ -52.254, -11.852 ], [ -52.235, -11.852 ], [ -52.245, -11.881 ], [ -52.216, -11.899 ], [ -52.215, -11.919 ], [ -52.196, -11.923 ], [ -52.189, -11.952 ], [ -52.175, -11.945 ], [ -52.173, -11.964 ], [ -52.157, -11.961 ], [ -52.128, -11.975 ], [ -52.099, -12.001 ], [ -52.06, -11.994 ], [ -51.957, -11.9 ], [ -51.841, -11.858 ], [ -51.729, -11.951 ], [ -51.699, -11.966 ], [ -51.659, -11.966 ], [ -51.651, -11.926 ], [ -51.612, -11.925 ], [ -51.552, -11.907 ], [ -51.564, -11.866 ], [ -51.476, -11.923 ], [ -51.401, -11.867 ], [ -51.378, -11.87 ], [ -51.345, -11.859 ], [ -51.334, -11.844 ], [ -51.338, -11.819 ], [ -51.356, -11.822 ], [ -51.373, -11.804 ], [ -51.364, -11.798 ], [ -51.369, -11.744 ], [ -51.347, -11.725 ], [ -51.284, -11.716 ], [ -51.286, -11.669 ], [ -51.268, -11.648 ], [ -51.324, -11.653 ], [ -51.289, -11.613 ], [ -51.345, -11.624 ], [ -51.367, -11.64 ], [ -51.393, -11.604 ], [ -51.387, -11.586 ], [ -51.41, -11.576 ], [ -51.414, -11.606 ], [ -51.45, -11.644 ], [ -51.453, -11.676 ] ] ] ] } },
{ "type": "Feature", "properties": { "id_municipio": 5100409, "municipio": "Alto Garças", "grupo": "resto_mt", "slug": "alto-garcas" }, "geometry": { "type": "MultiPolygon", "coordinates": [ [ [ [ -53.448, -16.673 ], [ -53.498, -16.669 ], [ -53.51, -16.683 ], [ -53.536, -16.682 ], [ -53.57, -16.698 ], [ -53.583, -16.72 ], [ -53.611, -16.729 ], [ -53.658, -16.718 ], [ -53.712, -16.73 ], [ -53.734, -16.767 ], [ -53.821, -16.799 ], [ -53.862, -16.757 ], [ -53.883, -16.769 ], [ -53.892, -16.803 ], [ -53.94, -16.826 ], [ -54.0, -16.877 ], [ -54.001, -16.917 ], [ -54.017, -16.936 ], [ -53.975, -16.975 ], [ -53.978, -17.03 ], [ -53.96, -17.036 ], [ -53.93, -17.087 ], [ -53.954, -17.152 ], [ -53.939, -17.15 ], [ -53.933, -17.159 ], [ -53.931, -17.148 ], [ -53.919, -17.151 ], [ -53.886, -17.12 ], [ -53.835, -17.14 ], [ -53.832, -17.149 ], [ -53.805, -17.149 ], [ -53.796, -17.169 ], [ -53.771, -17.184 ], [ -53.721, -17.189 ], [ -53.683, -17.226 ], [ -53.562, -17.25 ], [ -53.546, -17.24 ], [ -53.353, -16.99 ], [ -53.311, -16.958 ], [ -53.311, -16.947 ], [ -53.297, -16.947 ], [ -53.265, -16.922 ], [ -53.289, -16.893 ], [ -53.321, -16.883 ], [ -53.324, -16.868 ], [ -53.357, -16.87 ], [ -53.363, -16.853 ], [ -53.187, -16.636 ], [ -53.179, -16.605 ], [ -53.149, -16.593 ], [ -53.165, -16.532 ], [ -53.178, -16.529 ], [ -53.187, -16.502 ], [ -53.205, -16.493 ], [ -53.204, -16.463 ], [ -53.211, -16.456 ], [ -53.232, -16.461 ], [ -53.246, -16.477 ], [ -53.265, -16.461 ], [ -53.272, -16.434 ], [ -53.299, -16.452 ], [ -53.302, -16.48 ], [ -53.324, -16.476 ], [ -53.325, -16.49 ], [ -53.334, -16.487 ], [ -53.322, -16.465 ], [ -53.368, -16.485 ], [ -53.396, -16.537 ], [ -53.429, -16.56 ], [ -53.41, -16.59 ], [ -53.42, -16.605 ], [ -53.408, -16.638 ], [ -53.421, -16.642 ], [ -53.425, -16.657 ], [ -53.411, -16.657 ], [ -53.41, -16.674 ], [ -53.42, -16.666 ], [ -53.418, -16.681 ], [ -53.433, -16.674 ], [ -53.443, -16.684 ], [ -53.448, -16.673 ] ] ] ] } },
{ "type": "Feature", "properties": { "id_municipio": 5100508, "municipio": "Alto Paraguai", "grupo": "resto_mt", "slug": "alto-paraguai" }, "geometry": { "type": "MultiPolygon", "coordinates": [ [ [ [ -56.723, -14.635 ], [ -56.734, -14.669 ], [ -56.719, -14.681 ], [ -56.747, -14.679 ], [ -56.738, -14.691 ], [ -56.759, -14.699 ], [ -56.761, -14.74 ], [ -56.782, -14.741 ], [ -56.782, -14.753 ], [ -56.802, -14.761 ], [ -56.795, -14.773 ], [ -56.813, -14.778 ], [ -56.818, -14.793 ], [ -56.837, -14.787 ], [ -56.825, -14.805 ], [ -56.844, -14.804 ], [ -56.839, -14.83 ], [ -56.856, -14.827 ], [ -56.853, -14.852 ], [ -56.864, -14.851 ], [ -56.869, -14.871 ], [ -56.881, -14.876 ], [ -56.878, -14.89 ], [ -56.895, -14.902 ], [ -56.89, -14.914 ], [ -56.906, -14.93 ], [ -56.92, -14.925 ], [ -56.911, -14.937 ], [ -56.927, -14.936 ], [ -56.932, -14.96 ], [ -56.958, -14.966 ], [ -56.959, -14.995 ], [ -56.987, -14.998 ], [ -56.986, -15.016 ], [ -56.977, -15.013 ], [ -56.959, -15.029 ], [ -56.923, -15.01 ], [ -56.898, -15.016 ], [ -56.882, -14.999 ], [ -56.863, -15.009 ], [ -56.829, -15.09 ], [ -56.806, -15.106 ], [ -56.819, -15.145 ], [ -56.792, -15.123 ], [ -56.708, -14.981 ], [ -56.66, -14.922 ], [ -56.582, -14.85 ], [ -56.427, -14.748 ], [ -56.455, -14.73 ], [ -56.457, -14.683 ], [ -56.476, -14.664 ], [ -56.491, -14.686 ], [ -56.502, -14.67 ], [ -56.527, -14.669 ], [ -56.468, -14.588 ], [ -56.395, -14.533 ], [ -56.385, -14.505 ], [ -56.389, -14.484 ], [ -56.41, -14.456 ], [ -56.437, -14.465 ], [ -56.452, -14.455 ], [ -56.473, -14.459 ], [ -56.486, -14.477 ], [ -56.496, -14.464 ], [ -56.478, -14.447 ], [ -56.552, -14.393 ], [ -56.544, -14.452 ], [ -56.656, -14.504 ], [ -56.647, -14.525 ], [ -56.663, -14.564 ], [ -56.658, -14.577 ], [ -56.668, -14.577 ], [ -56.662, -14.589 ], [ -56.68, -14.602 ], [ -56.692, -14.599 ], [ -56.685, -14.614 ], [ -56.707, -14.624 ], [ -56.711, -14.643 ], [ -56.723, -14.635 ] ] ] ] } },
{ "type": "Feature", "properties": { "id_municipio": 5100607, "municipio": "Alto Taquari", "grupo": "resto_mt", "slug": "alto-taquari" }, "geometry": { "type": "MultiPolygon", "coordinates": [ [ [ [ -53.233, -17.711 ], [ -53.248, -17.642 ], [ -53.247, -17.605 ], [ -53.236, -17.588 ], [ -53.246, -17.56 ], [ -53.242, -17.504 ], [ -53.343, -17.585 ], [ -53.401, -17.725 ], [ -53.45, -17.737 ], [ -53.495, -17.713 ], [ -53.535, -17.717 ], [ -53.528, -17.73 ], [ -53.541, -17.736 ], [ -53.514, -17.746 ], [ -53.523, -17.769 ], [ -53.543, -17.767 ], [ -53.527, -17.783 ], [ -53.534, -17.801 ], [ -53.551, -17.804 ], [ -53.528, -17.808 ], [ -53.538, -17.816 ], [ -53.507, -17.827 ], [ -53.499, -17.845 ], [ -53.525, -17.869 ], [ -53.483, -17.86 ], [ -53.464, -17.898 ], [ -53.449, -17.902 ], [ -53.427, -17.891 ], [ -53.413, -17.931 ], [ -53.397, -17.941 ], [ -53.404, -17.993 ], [ -53.383, -18.008 ], [ -53.292, -17.996 ], [ -53.2, -18.02 ], [ -53.177, -18.042 ], [ -53.072, -18.034 ], [ -53.065, -17.985 ], [ -53.088, -17.944 ], [ -53.127, -17.915 ], [ -53.123, -17.898 ], [ -53.139, -17.864 ], [ -53.132, -17.836 ], [ -53.16, -17.796 ], [ -53.16, -17.773 ], [ -53.197, -17.729 ], [ -53.233, -17.711 ] ] ] ] } },
{ "type": "Feature", "properties": { "id_municipio": 5100805, "municipio": "Apiacás", "grupo": "resto_mt", "slug": "apiacas" }, "geometry": { "type": "MultiPolygon", "coordinates": [ [ [ [ -57.336, -9.691 ], [ -57.322, -9.744 ], [ -57.331, -9.763 ], [ -57.318, -9.78 ], [ -57.29, -9.781 ], [ -57.294, -9.808 ], [ -57.269, -9.821 ], [ -57.272, -9.803 ], [ -57.255, -9.788 ], [ -57.226, -9.788 ], [ -57.222, -9.797 ], [ -57.208, -9.786 ], [ -57.189, -9.791 ], [ -57.194, -9.75 ], [ -57.168, -9.709 ], [ -57.164, -9.667 ], [ -57.144, -9.662 ], [ -57.132, -9.614 ], [ -57.109, -9.592 ], [ -57.108, -9.57 ], [ -57.084, -9.572 ], [ -57.084, -9.561 ], [ -57.055, -9.538 ], [ -57.063, -9.51 ], [ -57.045, -9.501 ], [ -57.065, -9.479 ], [ -57.056, -9.465 ], [ -57.091, -9.46 ], [ -57.132, -9.42 ], [ -57.124, -9.402 ], [ -57.095, -9.405 ], [ -57.081, -9.394 ], [ -57.076, -9.357 ], [ -57.087, -9.356 ], [ -57.091, -9.321 ], [ -57.078, -9.329 ], [ -57.068, -9.3 ], [ -57.09, -9.284 ], [ -57.086, -9.243 ], [ -57.1, -9.213 ], [ -57.075, -9.205 ], [ -57.083, -9.193 ], [ -57.061, -9.191 ], [ -57.052, -9.158 ], [ -57.06, -9.137 ], [ -57.039, -9.098 ], [ -57.063, -9.079 ], [ -57.06, -9.064 ], [ -57.084, -9.047 ], [ -57.095, -9.017 ], [ -57.138, -8.995 ], [ -57.209, -8.918 ], [ -57.246, -8.906 ], [ -57.3, -8.914 ], [ -57.318, -8.886 ], [ -57.384, -8.88 ], [ -57.42, -8.853 ], [ -57.414, -8.813 ], [ -57.428, -8.783 ], [ -57.464, -8.785 ], [ -57.53, -8.748 ], [ -57.562, -8.761 ], [ -57.593, -8.756 ], [ -57.601, -8.741 ], [ -57.597, -8.692 ], [ -57.625, -8.639 ], [ -57.622, -8.591 ], [ -57.649, -8.576 ], [ -57.651, -8.553 ], [ -57.634, -8.519 ], [ -57.659, -8.5 ], [ -57.651, -8.471 ], [ -57.687, -8.416 ], [ -57.669, -8.375 ], [ -57.679, -8.315 ], [ -57.665, -8.295 ], [ -57.643, -8.212 ], [ -57.667, -8.176 ], [ -57.715, -8.158 ], [ -57.728, -8.094 ], [ -57.777, -8.052 ], [ -57.829, -7.973 ], [ -57.835, -7.881 ], [ -57.874, -7.801 ], [ -57.897, -7.678 ], [ -57.909, -7.661 ], [ -57.94, -7.653 ], [ -57.945, -7.602 ], [ -57.973, -7.535 ], [ -58.035, -7.454 ], [ -58.061, -7.395 ], [ -58.119, -7.353 ], [ -58.138, -7.349 ], [ -58.213, -7.459 ], [ -58.223, -7.524 ], [ -58.202, -7.621 ], [ -58.281, -7.706 ], [ -58.294, -7.772 ], [ -58.372, -7.821 ], [ -58.385, -7.844 ], [ -58.373, -7.907 ], [ -58.332, -7.969 ], [ -58.322, -8.025 ], [ -58.288, -8.08 ], [ -58.287, -8.129 ], [ -58.322, -8.17 ], [ -58.313, -8.209 ], [ -58.328, -8.286 ], [ -58.315, -8.323 ], [ -58.35, -8.346 ], [ -58.355, -8.393 ], [ -58.418, -8.49 ], [ -58.405, -8.538 ], [ -58.41, -8.57 ], [ -58.39, -8.595 ], [ -58.437, -8.703 ], [ -58.412, -8.721 ], [ -58.351, -8.702 ], [ -58.326, -8.72 ], [ -58.395, -8.78 ], [ -58.442, -8.799 ], [ -58.459, -8.841 ], [ -58.504, -8.893 ], [ -58.525, -8.903 ], [ -58.544, -8.887 ], [ -58.56, -8.889 ], [ -58.555, -8.914 ], [ -58.568, -8.926 ], [ -58.545, -8.95 ], [ -58.53, -8.95 ], [ -58.52, -8.967 ], [ -58.527, -8.979 ], [ -58.498, -8.951 ], [ -58.473, -8.945 ], [ -58.459, -8.947 ], [ -58.47, -8.958 ], [ -58.46, -8.977 ], [ -58.439, -8.973 ], [ -58.435, -8.963 ], [ -58.415, -8.971 ], [ -58.398, -8.962 ], [ -58.395, -8.997 ], [ -58.381, -8.989 ], [ -58.359, -9.022 ], [ -58.324, -9.016 ], [ -58.317, -9.047 ], [ -58.301, -9.034 ], [ -58.287, -9.061 ], [ -58.289, -9.087 ], [ -58.259, -9.101 ], [ -58.244, -9.12 ], [ -58.232, -9.115 ], [ -58.215, -9.132 ], [ -58.169, -9.145 ], [ -58.168, -9.189 ], [ -58.147, -9.187 ], [ -58.152, -9.197 ], [ -58.131, -9.215 ], [ -58.143, -9.224 ], [ -58.121, -9.228 ], [ -58.09, -9.258 ], [ -58.088, -9.272 ], [ -58.075, -9.271 ], [ -58.078, -9.299 ], [ -58.064, -9.299 ], [ -58.078, -9.323 ], [ -58.075, -9.353 ], [ -58.043, -9.356 ], [ -58.037, -9.346 ], [ -58.034, -9.346 ], [ -58.032, -9.362 ], [ -58.016, -9.363 ], [ -58.018, -9.378 ], [ -58.001, -9.385 ], [ -57.997, -9.415 ], [ -57.974, -9.416 ], [ -57.973, -9.432 ], [ -57.935, -9.47 ], [ -57.899, -9.483 ], [ -57.894, -9.497 ], [ -57.847, -9.478 ], [ -57.825, -9.492 ], [ -57.812, -9.486 ], [ -57.742, -9.5 ], [ -57.727, -9.52 ], [ -57.725, -9.579 ], [ -57.735, -9.619 ], [ -57.715, -9.643 ], [ -57.728, -9.672 ], [ -57.706, -9.705 ], [ -57.687, -9.701 ], [ -57.666, -9.718 ], [ -57.652, -9.7 ], [ -57.646, -9.712 ], [ -57.632, -9.704 ], [ -57.618, -9.741 ], [ -57.595, -9.743 ], [ -57.597, -9.757 ], [ -57.561, -9.779 ], [ -57.497, -9.736 ], [ -57.449, -9.729 ], [ -57.425, -9.69 ], [ -57.408, -9.697 ], [ -57.37, -9.682 ], [ -57.336, -9.691 ] ] ] ] } },
{ "type": "Feature", "properties": { "id_municipio": 5101001, "municipio": "Araguaiana", "grupo": "resto_mt", "slug": "araguaiana" }, "geometry": { "type": "MultiPolygon", "coordinates": [ [ [ [ -51.619, -14.519 ], [ -51.691, -14.536 ], [ -51.695, -14.576 ], [ -51.72, -14.6 ], [ -51.76, -14.599 ], [ -51.773, -14.608 ], [ -51.774, -14.641 ], [ -51.796, -14.634 ], [ -51.815, -14.652 ], [ -51.816, -14.665 ], [ -51.805, -14.665 ], [ -51.828, -14.68 ], [ -51.821, -14.695 ], [ -51.831, -14.702 ], [ -51.846, -14.694 ], [ -51.861, -14.704 ], [ -51.857, -14.717 ], [ -51.867, -14.712 ], [ -51.866, -14.736 ], [ -51.857, -14.742 ], [ -51.894, -14.734 ], [ -51.905, -14.77 ], [ -51.937, -14.763 ], [ -51.934, -14.777 ], [ -51.944, -14.786 ], [ -51.961, -14.762 ], [ -51.975, -14.784 ], [ -51.99, -14.785 ], [ -51.993, -14.799 ], [ -52.016, -14.802 ], [ -52.007, -14.822 ], [ -52.008, -14.86 ], [ -52.017, -14.866 ], [ -52.005, -14.894 ], [ -52.008, -14.937 ], [ -52.027, -14.955 ], [ -52.023, -14.965 ], [ -52.052, -14.979 ], [ -52.043, -14.993 ], [ -52.053, -14.999 ], [ -52.046, -15.025 ], [ -52.058, -15.036 ], [ -52.047, -15.078 ], [ -52.051, -15.102 ], [ -52.04, -15.112 ], [ -52.049, -15.162 ], [ -52.041, -15.171 ], [ -52.063, -15.213 ], [ -52.044, -15.232 ], [ -52.057, -15.266 ], [ -52.044, -15.293 ], [ -52.059, -15.357 ], [ -52.053, -15.493 ], [ -52.062, -15.507 ], [ -52.073, -15.499 ], [ -52.138, -15.535 ], [ -52.149, -15.549 ], [ -52.151, -15.579 ], [ -52.176, -15.601 ], [ -52.161, -15.633 ], [ -52.169, -15.666 ], [ -52.149, -15.695 ], [ -52.16, -15.719 ], [ -52.158, -15.771 ], [ -52.182, -15.805 ], [ -52.175, -15.808 ], [ -52.131, -15.797 ], [ -52.0, -15.85 ], [ -51.978, -15.836 ], [ -51.955, -15.839 ], [ -51.948, -15.81 ], [ -51.913, -15.813 ], [ -51.892, -15.831 ], [ -51.883, -15.828 ], [ -51.876, -15.802 ], [ -51.835, -15.744 ], [ -51.804, -15.724 ], [ -51.803, -15.704 ], [ -51.757, -15.633 ], [ -51.754, -15.612 ], [ -51.78, -15.555 ], [ -51.777, -15.535 ], [ -51.761, -15.53 ], [ -51.756, -15.557 ], [ -51.739, -15.559 ], [ -51.726, -15.544 ], [ -51.736, -15.51 ], [ -51.699, -15.488 ], [ -51.709, -15.459 ], [ -51.691, -15.431 ], [ -51.697, -15.409 ], [ -51.67, -15.374 ], [ -51.687, -15.347 ], [ -51.688, -15.312 ], [ -51.68, -15.29 ], [ -51.646, -15.265 ], [ -51.672, -15.248 ], [ -51.651, -15.203 ], [ -51.651, -15.177 ], [ -51.595, -15.155 ], [ -51.583, -15.128 ], [ -51.547, -15.1 ], [ -51.527, -15.059 ], [ -51.468, -15.05 ], [ -51.427, -15.008 ], [ -51.371, -15.01 ], [ -51.35, -14.99 ], [ -51.62, -14.991 ], [ -51.593, -14.942 ], [ -51.601, -14.914 ], [ -51.588, -14.877 ], [ -51.571, -14.872 ], [ -51.55, -14.841 ], [ -51.558, -14.826 ], [ -51.544, -14.793 ], [ -51.549, -14.772 ], [ -51.538, -14.721 ], [ -51.477, -14.664 ], [ -51.469, -14.618 ], [ -51.439, -14.593 ], [ -51.423, -14.543 ], [ -51.38, -14.496 ], [ -51.39, -14.469 ], [ -51.383, -14.434 ], [ -51.39, -14.399 ], [ -51.442, -14.357 ], [ -51.476, -14.355 ], [ -51.508, -14.384 ], [ -51.532, -14.383 ], [ -51.56, -14.434 ], [ -51.593, -14.454 ], [ -51.609, -14.491 ], [ -51.623, -14.498 ], [ -51.619, -14.519 ] ] ] ] } },
{ "type": "Feature", "properties": { "id_municipio": 5101209, "municipio": "Araguainha", "grupo": "resto_mt", "slug": "araguainha" }, "geometry": { "type": "MultiPolygon", "coordinates": [ [ [ [ -53.038, -16.862 ], [ -52.963, -16.867 ], [ -52.957, -16.85 ], [ -52.952, -16.86 ], [ -52.945, -16.855 ], [ -52.953, -16.841 ], [ -52.927, -16.84 ], [ -52.944, -16.812 ], [ -52.929, -16.804 ], [ -52.924, -16.819 ], [ -52.914, -16.808 ], [ -52.931, -16.795 ], [ -52.936, -16.768 ], [ -52.958, -16.772 ], [ -52.995, -16.757 ], [ -52.997, -16.734 ], [ -53.027, -16.727 ], [ -53.063, -16.695 ], [ -53.062, -16.685 ], [ -53.089, -16.669 ], [ -53.08, -16.66 ], [ -53.09, -16.641 ], [ -53.083, -16.624 ], [ -53.117, -16.583 ], [ -53.147, -16.586 ], [ -53.179, -16.605 ], [ -53.187, -16.636 ], [ -53.362, -16.853 ], [ -53.306, -16.819 ], [ -53.242, -16.807 ], [ -53.225, -16.819 ], [ -53.174, -16.815 ], [ -53.166, -16.829 ], [ -53.145, -16.825 ], [ -53.135, -16.834 ], [ -53.121, -16.824 ], [ -53.107, -16.844 ], [ -53.063, -16.853 ], [ -53.052, -16.863 ], [ -53.041, -16.851 ], [ -53.038, -16.862 ] ] ] ] } },
{ "type": "Feature", "properties": { "id_municipio": 5101258, "municipio": "Araputanga", "grupo": "resto_mt", "slug": "araputanga" }, "geometry": { "type": "MultiPolygon", "coordinates": [ [ [ [ -58.288, -15.525 ], [ -58.221, -15.35 ], [ -58.243, -15.334 ], [ -58.261, -15.292 ], [ -58.276, -15.293 ], [ -58.271, -15.259 ], [ -58.284, -15.248 ], [ -58.258, -15.231 ], [ -58.28, -15.184 ], [ -58.321, -15.182 ], [ -58.323, -15.157 ], [ -58.337, -15.139 ], [ -58.362, -15.142 ], [ -58.385, -15.125 ], [ -58.427, -15.125 ], [ -58.455, -15.11 ], [ -58.47, -15.114 ], [ -58.481, -15.102 ], [ -58.512, -15.11 ], [ -58.525, -15.089 ], [ -58.529, -15.05 ], [ -58.505, -15.026 ], [ -58.509, -15.0 ], [ -58.722, -15.0 ], [ -58.73, -15.019 ], [ -58.722, -15.025 ], [ -58.753, -15.046 ], [ -58.742, -15.094 ], [ -58.734, -15.093 ], [ -58.742, -15.101 ], [ -58.726, -15.156 ], [ -58.706, -15.15 ], [ -58.674, -15.184 ], [ -58.648, -15.18 ], [ -58.601, -15.218 ], [ -58.55, -15.158 ], [ -58.557, -15.207 ], [ -58.546, -15.232 ], [ -58.551, -15.269 ], [ -58.536, -15.297 ], [ -58.539, -15.357 ], [ -58.491, -15.35 ], [ -58.481, -15.464 ], [ -58.466, -15.463 ], [ -58.484, -15.515 ], [ -58.288, -15.525 ] ] ] ] } },
{ "type": "Feature", "properties": { "id_municipio": 5101308, "municipio": "Arenápolis", "grupo": "resto_mt", "slug": "arenapolis" }, "geometry": { "type": "MultiPolygon", "coordinates": [ [ [ [ -56.919, -14.576 ], [ -56.907, -14.592 ], [ -56.726, -14.649 ], [ -56.731, -14.63 ], [ -56.718, -14.616 ], [ -56.747, -14.598 ], [ -56.739, -14.593 ], [ -56.751, -14.576 ], [ -56.766, -14.574 ], [ -56.756, -14.559 ], [ -56.794, -14.526 ], [ -56.809, -14.488 ], [ -56.801, -14.474 ], [ -56.808, -14.455 ], [ -56.853, -14.41 ], [ -56.849, -14.389 ], [ -56.872, -14.36 ], [ -56.907, -14.37 ], [ -56.922, -14.389 ], [ -56.984, -14.422 ], [ -56.953, -14.472 ], [ -56.931, -14.473 ], [ -56.931, -14.485 ], [ -56.95, -14.503 ], [ -56.947, -14.517 ], [ -56.936, -14.518 ], [ -56.912, -14.545 ], [ -56.919, -14.576 ] ] ] ] } },
{ "type": "Feature", "properties": { "id_municipio": 5101407, "municipio": "Aripuanã", "grupo": "resto_mt", "slug": "aripuana" }, "geometry": { "type": "MultiPolygon", "coordinates": [ [ [ [ -58.843, -10.356 ], [ -58.826, -10.314 ], [ -58.796, -10.281 ], [ -58.819, -10.256 ], [ -58.828, -10.204 ], [ -58.845, -10.186 ], [ -58.828, -10.158 ], [ -58.842, -10.156 ], [ -58.849, -10.143 ], [ -58.838, -10.11 ], [ -58.82, -10.103 ], [ -58.819, -10.082 ], [ -58.835, -10.066 ], [ -58.843, -10.073 ], [ -58.868, -10.068 ], [ -58.894, -10.03 ], [ -58.912, -10.039 ], [ -58.932, -10.015 ], [ -58.95, -10.024 ], [ -58.956, -10.0 ], [ -58.97, -10.006 ], [ -58.969, -9.994 ], [ -59.003, -10.0 ], [ -59.019, -9.993 ], [ -59.023, -9.98 ], [ -59.032, -9.989 ], [ -59.103, -9.972 ], [ -59.099, -9.991 ], [ -59.12, -10.0 ], [ -59.132, -9.991 ], [ -59.149, -9.999 ], [ -59.16, -9.985 ], [ -59.167, -9.997 ], [ -59.176, -9.989 ], [ -59.181, -9.996 ], [ -59.199, -9.982 ], [ -59.209, -9.966 ], [ -59.207, -9.943 ], [ -59.166, -9.921 ], [ -59.159, -9.867 ], [ -59.168, -9.821 ], [ -59.155, -9.773 ], [ -59.179, -9.791 ], [ -59.187, -9.783 ], [ -59.201, -9.79 ], [ -59.221, -9.783 ], [ -59.228, -9.791 ], [ -59.262, -9.775 ], [ -59.263, -9.782 ], [ -59.333, -9.791 ], [ -59.346, -9.801 ], [ -59.374, -9.772 ], [ -59.392, -9.78 ], [ -59.426, -9.775 ], [ -59.423, -9.76 ], [ -59.438, -9.771 ], [ -59.428, -9.782 ], [ -59.449, -9.77 ], [ -59.455, -9.791 ], [ -59.482, -9.788 ], [ -59.477, -9.8 ], [ -59.499, -9.822 ], [ -59.519, -9.813 ], [ -59.531, -9.831 ], [ -59.537, -9.81 ], [ -59.552, -9.838 ], [ -59.574, -9.844 ], [ -59.572, -9.853 ], [ -59.557, -9.849 ], [ -59.562, -9.863 ], [ -59.573, -9.859 ], [ -59.57, -9.88 ], [ -59.587, -9.874 ], [ -59.612, -9.881 ], [ -59.647, -9.867 ], [ -59.666, -9.823 ], [ -59.788, -9.762 ], [ -59.837, -9.617 ], [ -59.833, -9.605 ], [ -59.781, -9.565 ], [ -59.765, -9.514 ], [ -59.773, -9.483 ], [ -59.837, -9.478 ], [ -59.867, -9.447 ], [ -59.882, -9.463 ], [ -59.915, -9.414 ], [ -59.963, -9.409 ], [ -59.985, -9.418 ], [ -60.008, -9.38 ], [ -60.035, -9.388 ], [ -60.065, -9.425 ], [ -60.153, -9.398 ], [ -60.169, -9.401 ], [ -60.21, -9.364 ], [ -60.26, -9.339 ], [ -60.267, -9.321 ], [ -60.478, -9.317 ], [ -60.691, -9.287 ], [ -60.666, -9.327 ], [ -60.625, -9.36 ], [ -60.616, -9.415 ], [ -60.587, -9.477 ], [ -60.583, -9.518 ], [ -60.596, -9.561 ], [ -60.61, -9.56 ], [ -60.659, -9.607 ], [ -60.661, -9.628 ], [ -60.637, -9.638 ], [ -60.639, -9.67 ], [ -60.687, -9.75 ], [ -60.672, -9.796 ], [ -60.705, -9.823 ], [ -60.673, -9.841 ], [ -60.658, -9.891 ], [ -60.69, -9.933 ], [ -60.692, -9.959 ], [ -60.685, -9.966 ], [ -60.632, -9.959 ], [ -60.64, -9.983 ], [ -60.609, -10.02 ], [ -60.616, -10.036 ], [ -60.639, -10.041 ], [ -60.611, -10.077 ], [ -60.617, -10.106 ], [ -60.648, -10.138 ], [ -60.627, -10.198 ], [ -60.638, -10.244 ], [ -60.626, -10.262 ], [ -60.637, -10.293 ], [ -60.602, -10.333 ], [ -60.6, -10.411 ], [ -60.559, -10.433 ], [ -60.524, -10.469 ], [ -60.536, -10.493 ], [ -60.518, -10.566 ], [ -60.537, -10.593 ], [ -60.517, -10.642 ], [ -60.522, -10.671 ], [ -60.488, -10.695 ], [ -60.481, -10.717 ], [ -60.443, -10.714 ], [ -60.427, -10.741 ], [ -60.399, -10.755 ], [ -60.43, -10.819 ], [ -60.403, -10.853 ], [ -60.362, -10.875 ], [ -60.358, -10.898 ], [ -60.327, -10.913 ], [ -60.254, -10.92 ], [ -60.162, -10.905 ], [ -60.135, -10.881 ], [ -60.092, -10.881 ], [ -60.042, -10.865 ], [ -60.026, -10.848 ], [ -59.995, -10.843 ], [ -59.991, -10.832 ], [ -59.971, -10.839 ], [ -59.967, -10.82 ], [ -59.932, -10.844 ], [ -59.883, -10.858 ], [ -59.851, -10.849 ], [ -59.824, -10.825 ], [ -59.769, -10.816 ], [ -59.765, -10.805 ], [ -59.694, -10.802 ], [ -59.696, -10.794 ], [ -59.67, -10.779 ], [ -59.674, -10.754 ], [ -59.659, -10.74 ], [ -59.583, -10.732 ], [ -59.563, -10.74 ], [ -59.53, -10.726 ], [ -59.496, -10.744 ], [ -59.466, -10.72 ], [ -59.423, -10.75 ], [ -59.395, -10.742 ], [ -59.4, -10.758 ], [ -59.381, -10.772 ], [ -59.376, -10.789 ], [ -59.362, -10.791 ], [ -59.367, -10.802 ], [ -59.327, -10.797 ], [ -59.326, -10.815 ], [ -59.252, -10.816 ], [ -59.203, -10.789 ], [ -59.168, -10.811 ], [ -59.152, -10.805 ], [ -59.121, -10.816 ], [ -59.05, -10.772 ], [ -58.998, -10.787 ], [ -58.993, -10.772 ], [ -58.952, -10.751 ], [ -58.947, -10.732 ], [ -58.932, -10.736 ], [ -58.918, -10.719 ], [ -58.918, -10.633 ], [ -58.905, -10.621 ], [ -58.882, -10.618 ], [ -58.927, -10.557 ], [ -58.905, -10.547 ], [ -58.895, -10.492 ], [ -58.87, -10.432 ], [ -58.881, -10.393 ], [ -58.843, -10.356 ] ] ] ] } },
{ "type": "Feature", "properties": { "id_municipio": 5101605, "municipio": "Barão de Melgaço", "grupo": "pantanal_norte", "slug": "barao-de-melgaco" }, "geometry": { "type": "MultiPolygon", "coordinates": [ [ [ [ -56.07, -17.17 ], [ -56.051, -17.187 ], [ -56.046, -17.171 ], [ -56.016, -17.19 ], [ -56.006, -17.204 ], [ -56.021, -17.214 ], [ -56.009, -17.214 ], [ -56.011, -17.239 ], [ -55.989, -17.242 ], [ -55.987, -17.258 ], [ -55.981, -17.247 ], [ -55.968, -17.255 ], [ -55.952, -17.25 ], [ -55.941, -17.278 ], [ -55.926, -17.258 ], [ -55.887, -17.264 ], [ -55.9, -17.277 ], [ -55.891, -17.272 ], [ -55.892, -17.281 ], [ -55.879, -17.284 ], [ -55.875, -17.269 ], [ -55.858, -17.284 ], [ -55.851, -17.279 ], [ -55.842, -17.301 ], [ -55.826, -17.289 ], [ -55.829, -17.306 ], [ -55.807, -17.298 ], [ -55.784, -17.33 ], [ -55.781, -17.321 ], [ -55.773, -17.332 ], [ -55.761, -17.324 ], [ -55.722, -17.349 ], [ -55.709, -17.338 ], [ -55.701, -17.354 ], [ -55.693, -17.34 ], [ -55.686, -17.351 ], [ -55.681, -17.339 ], [ -55.668, -17.351 ], [ -55.657, -17.338 ], [ -55.646, -17.359 ], [ -55.64, -17.34 ], [ -55.626, -17.364 ], [ -55.604, -17.367 ], [ -55.494, -16.389 ], [ -55.508, -16.374 ], [ -55.555, -16.366 ], [ -55.569, -16.35 ], [ -55.597, -16.358 ], [ -55.634, -16.325 ], [ -55.645, -16.329 ], [ -55.664, -16.3 ], [ -55.694, -16.3 ], [ -55.902, -16.115 ], [ -55.904, -16.131 ], [ -55.918, -16.124 ], [ -55.924, -16.134 ], [ -55.938, -16.131 ], [ -55.924, -16.141 ], [ -55.956, -16.179 ], [ -55.968, -16.173 ], [ -55.965, -16.188 ], [ -55.977, -16.2 ], [ -56.004, -16.195 ], [ -56.014, -16.23 ], [ -56.019, -16.214 ], [ -56.026, -16.23 ], [ -56.014, -16.24 ], [ -56.014, -16.255 ], [ -56.024, -16.253 ], [ -56.017, -16.259 ], [ -56.029, -16.275 ], [ -56.054, -16.269 ], [ -56.043, -16.282 ], [ -56.051, -16.298 ], [ -56.072, -16.292 ], [ -56.063, -16.311 ], [ -56.081, -16.313 ], [ -56.076, -16.329 ], [ -56.099, -16.315 ], [ -56.119, -16.332 ], [ -56.122, -16.313 ], [ -56.122, -16.337 ], [ -56.155, -16.341 ], [ -56.142, -16.364 ], [ -56.158, -16.366 ], [ -56.173, -16.353 ], [ -56.182, -16.373 ], [ -56.182, -16.358 ], [ -56.196, -16.352 ], [ -56.21, -16.368 ], [ -56.214, -16.382 ], [ -56.204, -16.383 ], [ -56.216, -16.4 ], [ -56.233, -16.389 ], [ -56.257, -16.406 ], [ -56.266, -16.394 ], [ -56.265, -16.411 ], [ -56.278, -16.401 ], [ -56.289, -16.409 ], [ -56.285, -16.397 ], [ -56.291, -16.405 ], [ -56.305, -16.397 ], [ -56.302, -16.408 ], [ -56.316, -16.409 ], [ -56.306, -16.438 ], [ -56.317, -16.43 ], [ -56.316, -16.443 ], [ -56.328, -16.44 ], [ -56.319, -16.462 ], [ -56.335, -16.5 ], [ -56.35, -16.488 ], [ -56.359, -16.511 ], [ -56.373, -16.51 ], [ -56.376, -16.526 ], [ -56.397, -16.523 ], [ -56.391, -16.529 ], [ -56.4, -16.541 ], [ -56.392, -16.545 ], [ -56.406, -16.546 ], [ -56.399, -16.559 ], [ -56.44, -16.579 ], [ -56.437, -16.595 ], [ -56.449, -16.588 ], [ -56.442, -16.601 ], [ -56.455, -16.6 ], [ -56.447, -16.609 ], [ -56.457, -16.617 ], [ -56.452, -16.624 ], [ -56.464, -16.624 ], [ -56.455, -16.641 ], [ -56.467, -16.64 ], [ -56.467, -16.66 ], [ -56.479, -16.664 ], [ -56.468, -16.67 ], [ -56.467, -16.696 ], [ -56.48, -16.692 ], [ -56.49, -16.717 ], [ -56.498, -16.709 ], [ -56.499, -16.731 ], [ -56.507, -16.723 ], [ -56.494, -16.759 ], [ -56.507, -16.766 ], [ -56.496, -16.774 ], [ -56.514, -16.792 ], [ -56.533, -16.789 ], [ -56.53, -16.798 ], [ -56.544, -16.793 ], [ -56.564, -16.811 ], [ -56.559, -16.821 ], [ -56.574, -16.822 ], [ -56.584, -16.841 ], [ -56.6, -16.838 ], [ -56.61, -16.853 ], [ -56.604, -16.862 ], [ -56.62, -16.869 ], [ -56.605, -16.892 ], [ -56.635, -16.933 ], [ -56.625, -16.939 ], [ -56.632, -16.947 ], [ -56.621, -16.967 ], [ -56.632, -16.98 ], [ -56.588, -17.016 ], [ -56.582, -17.055 ], [ -56.633, -17.103 ], [ -56.649, -17.152 ], [ -56.643, -17.166 ], [ -56.658, -17.173 ], [ -56.657, -17.211 ], [ -56.672, -17.219 ], [ -56.67, -17.229 ], [ -56.707, -17.243 ], [ -56.705, -17.259 ], [ -56.724, -17.261 ], [ -56.71, -17.263 ], [ -56.715, -17.274 ], [ -56.698, -17.283 ], [ -56.712, -17.283 ], [ -56.723, -17.308 ], [ -56.714, -17.319 ], [ -56.692, -17.318 ], [ -56.696, -17.327 ], [ -56.683, -17.317 ], [ -56.664, -17.339 ], [ -56.657, -17.321 ], [ -56.645, -17.339 ], [ -56.647, -17.317 ], [ -56.63, -17.334 ], [ -56.625, -17.322 ], [ -56.596, -17.333 ], [ -56.577, -17.331 ], [ -56.571, -17.315 ], [ -56.551, -17.323 ], [ -56.532, -17.313 ], [ -56.527, -17.321 ], [ -56.506, -17.306 ], [ -56.515, -17.293 ], [ -56.502, -17.286 ], [ -56.498, -17.299 ], [ -56.473, -17.31 ], [ -56.468, -17.302 ], [ -56.464, -17.316 ], [ -56.452, -17.31 ], [ -56.442, -17.331 ], [ -56.361, -17.281 ], [ -56.357, -17.267 ], [ -56.336, -17.29 ], [ -56.314, -17.269 ], [ -56.3, -17.277 ], [ -56.287, -17.27 ], [ -56.28, -17.259 ], [ -56.287, -17.249 ], [ -56.257, -17.244 ], [ -56.262, -17.231 ], [ -56.252, -17.234 ], [ -56.251, -17.219 ], [ -56.209, -17.227 ], [ -56.213, -17.211 ], [ -56.189, -17.21 ], [ -56.185, -17.189 ], [ -56.177, -17.196 ], [ -56.153, -17.185 ], [ -56.14, -17.191 ], [ -56.14, -17.18 ], [ -56.112, -17.166 ], [ -56.084, -17.178 ], [ -56.07, -17.17 ] ] ] ] } },
{ "type": "Feature", "properties": { "id_municipio": 5101704, "municipio": "Barra do Bugres", "grupo": "resto_mt", "slug": "barra-do-bugres" }, "geometry": { "type": "MultiPolygon", "coordinates": [ [ [ [ -56.988, -15.013 ], [ -56.986, -14.997 ], [ -56.959, -14.995 ], [ -56.958, -14.966 ], [ -56.932, -14.96 ], [ -56.927, -14.937 ], [ -57.001, -14.891 ], [ -57.025, -14.912 ], [ -57.042, -14.907 ], [ -57.05, -14.916 ], [ -57.08, -14.918 ], [ -57.087, -14.836 ], [ -57.134, -14.849 ], [ -57.13, -14.82 ], [ -57.141, -14.807 ], [ -57.192, -14.797 ], [ -57.233, -14.819 ], [ -57.236, -14.859 ], [ -57.273, -14.894 ], [ -57.253, -14.922 ], [ -57.248, -14.956 ], [ -57.28, -14.95 ], [ -57.332, -14.956 ], [ -57.382, -14.929 ], [ -57.43, -14.922 ], [ -57.419, -14.867 ], [ -57.461, -14.869 ], [ -57.585, -14.908 ], [ -57.611, -14.926 ], [ -57.648, -14.916 ], [ -57.748, -14.913 ], [ -57.725, -14.96 ], [ -57.733, -14.987 ], [ -57.745, -14.981 ], [ -57.742, -14.97 ], [ -57.755, -14.97 ], [ -57.758, -14.955 ], [ -57.78, -14.961 ], [ -57.809, -14.922 ], [ -57.831, -14.851 ], [ -57.879, -14.828 ], [ -57.879, -14.813 ], [ -57.902, -14.816 ], [ -57.91, -14.831 ], [ -57.95, -14.808 ], [ -57.954, -14.795 ], [ -57.957, -14.802 ], [ -57.973, -14.789 ], [ -57.985, -14.793 ], [ -58.01, -14.763 ], [ -58.099, -14.747 ], [ -58.127, -14.723 ], [ -58.153, -14.715 ], [ -58.191, -14.725 ], [ -58.228, -14.77 ], [ -58.214, -14.8 ], [ -58.236, -14.835 ], [ -58.246, -14.872 ], [ -58.235, -14.912 ], [ -58.128, -14.89 ], [ -58.076, -14.914 ], [ -58.053, -14.934 ], [ -58.058, -14.96 ], [ -58.037, -14.969 ], [ -58.018, -15.0 ], [ -57.731, -15.0 ], [ -57.735, -15.006 ], [ -57.7, -15.028 ], [ -57.689, -15.082 ], [ -57.667, -15.116 ], [ -57.668, -15.131 ], [ -57.686, -15.146 ], [ -57.639, -15.154 ], [ -57.626, -15.174 ], [ -57.599, -15.293 ], [ -57.604, -15.327 ], [ -57.572, -15.406 ], [ -57.523, -15.459 ], [ -57.509, -15.488 ], [ -57.485, -15.571 ], [ -57.499, -15.627 ], [ -57.497, -15.647 ], [ -57.495, -15.639 ], [ -57.474, -15.641 ], [ -57.485, -15.637 ], [ -57.487, -15.629 ], [ -57.462, -15.63 ], [ -57.463, -15.619 ], [ -57.437, -15.605 ], [ -57.438, -15.585 ], [ -57.449, -15.584 ], [ -57.441, -15.576 ], [ -57.451, -15.568 ], [ -57.434, -15.549 ], [ -57.436, -15.537 ], [ -57.373, -15.537 ], [ -57.374, -15.519 ], [ -57.36, -15.511 ], [ -57.371, -15.488 ], [ -57.321, -15.466 ], [ -57.325, -15.454 ], [ -57.312, -15.444 ], [ -57.328, -15.413 ], [ -57.295, -15.404 ], [ -57.293, -15.39 ], [ -57.308, -15.387 ], [ -57.298, -15.373 ], [ -57.298, -15.338 ], [ -57.282, -15.331 ], [ -57.274, -15.34 ], [ -57.265, -15.329 ], [ -57.253, -15.339 ], [ -57.229, -15.324 ], [ -57.234, -15.304 ], [ -57.251, -15.292 ], [ -57.254, -15.276 ], [ -57.241, -15.269 ], [ -57.249, -15.264 ], [ -57.211, -15.268 ], [ -57.136, -15.233 ], [ -57.12, -15.249 ], [ -57.096, -15.252 ], [ -57.055, -15.277 ], [ -57.024, -15.23 ], [ -57.051, -15.21 ], [ -57.05, -15.198 ], [ -57.024, -15.216 ], [ -56.971, -15.227 ], [ -56.967, -15.239 ], [ -56.983, -15.252 ], [ -56.974, -15.258 ], [ -56.981, -15.287 ], [ -56.966, -15.287 ], [ -56.963, -15.296 ], [ -56.988, -15.308 ], [ -56.988, -15.324 ], [ -57.007, -15.336 ], [ -56.978, -15.346 ], [ -56.989, -15.376 ], [ -56.981, -15.382 ], [ -56.87, -15.227 ], [ -56.83, -15.187 ], [ -56.835, -15.176 ], [ -56.814, -15.16 ], [ -56.822, -15.139 ], [ -56.806, -15.107 ], [ -56.829, -15.09 ], [ -56.856, -15.042 ], [ -56.857, -15.016 ], [ -56.874, -15.001 ], [ -56.898, -15.016 ], [ -56.923, -15.01 ], [ -56.958, -15.029 ], [ -56.988, -15.013 ] ] ], [ [ [ -58.661, -14.745 ], [ -58.722, -14.653 ], [ -58.753, -14.634 ], [ -58.757, -14.594 ], [ -58.762, -14.657 ], [ -58.776, -14.68 ], [ -58.763, -14.725 ], [ -58.8, -14.775 ], [ -58.783, -14.808 ], [ -58.851, -14.921 ], [ -58.86, -14.965 ], [ -58.854, -15.0 ], [ -58.722, -15.0 ], [ -58.711, -14.976 ], [ -58.675, -14.964 ], [ -58.666, -14.936 ], [ -58.643, -14.919 ], [ -58.652, -14.894 ], [ -58.633, -14.875 ], [ -58.637, -14.869 ], [ -58.624, -14.866 ], [ -58.618, -14.829 ], [ -58.644, -14.801 ], [ -58.648, -14.776 ], [ -58.669, -14.759 ], [ -58.661, -14.745 ] ] ] ] } },
{ "type": "Feature", "properties": { "id_municipio": 5101803, "municipio": "Barra do Garças", "grupo": "resto_mt", "slug": "barra-do-garcas" }, "geometry": { "type": "MultiPolygon", "coordinates": [ [ [ [ -52.305, -15.912 ], [ -52.193, -15.881 ], [ -52.131, -15.895 ], [ -52.11, -15.883 ], [ -52.012, -15.887 ], [ -51.972, -15.838 ], [ -52.002, -15.85 ], [ -52.131, -15.797 ], [ -52.156, -15.81 ], [ -52.182, -15.805 ], [ -52.162, -15.788 ], [ -52.16, -15.719 ], [ -52.149, -15.695 ], [ -52.169, -15.666 ], [ -52.161, -15.633 ], [ -52.176, -15.601 ], [ -52.151, -15.579 ], [ -52.149, -15.549 ], [ -52.138, -15.535 ], [ -52.073, -15.499 ], [ -52.062, -15.507 ], [ -52.053, -15.493 ], [ -52.059, -15.357 ], [ -52.044, -15.293 ], [ -52.057, -15.266 ], [ -52.044, -15.232 ], [ -52.063, -15.213 ], [ -52.041, -15.171 ], [ -52.049, -15.162 ], [ -52.04, -15.112 ], [ -52.051, -15.102 ], [ -52.047, -15.078 ], [ -52.058, -15.036 ], [ -52.046, -15.025 ], [ -52.053, -14.999 ], [ -52.043, -14.993 ], [ -52.052, -14.979 ], [ -52.023, -14.965 ], [ -52.027, -14.955 ], [ -52.008, -14.937 ], [ -52.005, -14.894 ], [ -52.017, -14.866 ], [ -52.005, -14.844 ], [ -52.009, -14.808 ], [ -52.016, -14.802 ], [ -52.021, -14.813 ], [ -52.047, -14.82 ], [ -52.091, -14.861 ], [ -52.105, -14.861 ], [ -52.126, -14.842 ], [ -52.135, -14.852 ], [ -52.171, -14.837 ], [ -52.192, -14.813 ], [ -52.206, -14.831 ], [ -52.241, -14.822 ], [ -52.261, -14.865 ], [ -52.285, -14.874 ], [ -52.329, -14.925 ], [ -52.382, -14.946 ], [ -52.445, -14.929 ], [ -52.477, -14.89 ], [ -52.489, -14.894 ], [ -52.529, -15.177 ], [ -52.551, -15.155 ], [ -52.593, -15.047 ], [ -52.587, -15.035 ], [ -52.606, -14.987 ], [ -52.603, -14.937 ], [ -52.636, -14.922 ], [ -52.637, -14.879 ], [ -52.678, -14.862 ], [ -52.699, -14.919 ], [ -52.728, -14.946 ], [ -52.739, -15.023 ], [ -52.78, -15.078 ], [ -52.842, -15.126 ], [ -52.879, -15.197 ], [ -52.901, -15.218 ], [ -52.899, -15.24 ], [ -52.922, -15.244 ], [ -52.939, -15.269 ], [ -52.926, -15.27 ], [ -52.925, -15.302 ], [ -52.904, -15.294 ], [ -52.9, -15.305 ], [ -52.868, -15.31 ], [ -52.853, -15.319 ], [ -52.847, -15.34 ], [ -52.876, -15.361 ], [ -52.903, -15.363 ], [ -52.913, -15.38 ], [ -53.023, -15.395 ], [ -53.055, -15.438 ], [ -53.104, -15.447 ], [ -53.121, -15.441 ], [ -53.149, -15.453 ], [ -53.084, -15.548 ], [ -53.053, -15.561 ], [ -53.019, -15.54 ], [ -53.013, -15.52 ], [ -52.925, -15.52 ], [ -52.922, -15.512 ], [ -52.884, -15.507 ], [ -52.863, -15.484 ], [ -52.851, -15.483 ], [ -52.854, -15.473 ], [ -52.838, -15.463 ], [ -52.832, -15.468 ], [ -52.805, -15.445 ], [ -52.788, -15.463 ], [ -52.747, -15.472 ], [ -52.752, -15.479 ], [ -52.727, -15.479 ], [ -52.703, -15.556 ], [ -52.722, -15.567 ], [ -52.74, -15.602 ], [ -52.754, -15.606 ], [ -52.751, -15.617 ], [ -52.765, -15.616 ], [ -52.76, -15.64 ], [ -52.772, -15.643 ], [ -52.772, -15.657 ], [ -52.76, -15.677 ], [ -52.767, -15.686 ], [ -52.738, -15.704 ], [ -52.752, -15.72 ], [ -52.728, -15.728 ], [ -52.721, -15.742 ], [ -52.692, -15.72 ], [ -52.646, -15.734 ], [ -52.649, -15.745 ], [ -52.606, -15.774 ], [ -52.608, -15.799 ], [ -52.596, -15.813 ], [ -52.567, -15.83 ], [ -52.546, -15.83 ], [ -52.541, -15.846 ], [ -52.504, -15.863 ], [ -52.443, -15.874 ], [ -52.433, -15.868 ], [ -52.425, -15.881 ], [ -52.369, -15.887 ], [ -52.367, -15.904 ], [ -52.354, -15.896 ], [ -52.305, -15.912 ] ] ] ] } },
{ "type": "Feature", "properties": { "id_municipio": 5101852, "municipio": "Bom Jesus do Araguaia", "grupo": "resto_mt", "slug": "bom-jesus-do-araguaia" }, "geometry": { "type": "MultiPolygon", "coordinates": [ [ [ [ -51.474, -12.135 ], [ -51.542, -12.06 ], [ -51.557, -12.025 ], [ -51.586, -12.02 ], [ -51.604, -11.981 ], [ -51.706, -11.964 ], [ -51.841, -11.858 ], [ -51.968, -11.907 ], [ -52.061, -11.995 ], [ -52.099, -12.001 ], [ -52.151, -11.976 ], [ -52.142, -11.993 ], [ -52.125, -11.999 ], [ -52.129, -12.011 ], [ -52.12, -12.008 ], [ -52.106, -12.031 ], [ -52.122, -12.065 ], [ -52.114, -12.079 ], [ -52.122, -12.078 ], [ -52.12, -12.094 ], [ -52.138, -12.092 ], [ -52.136, -12.112 ], [ -52.156, -12.122 ], [ -52.146, -12.132 ], [ -52.165, -12.159 ], [ -52.156, -12.166 ], [ -52.175, -12.183 ], [ -52.164, -12.187 ], [ -52.161, -12.236 ], [ -52.148, -12.235 ], [ -52.149, -12.251 ], [ -52.139, -12.249 ], [ -52.131, -12.266 ], [ -52.119, -12.263 ], [ -52.121, -12.275 ], [ -52.108, -12.273 ], [ -52.102, -12.285 ], [ -52.079, -12.278 ], [ -52.064, -12.29 ], [ -52.034, -12.274 ], [ -52.004, -12.309 ], [ -51.985, -12.313 ], [ -51.982, -12.276 ], [ -51.957, -12.247 ], [ -51.942, -12.245 ], [ -51.946, -12.261 ], [ -51.924, -12.278 ], [ -51.933, -12.293 ], [ -51.923, -12.339 ], [ -51.915, -12.337 ], [ -51.904, -12.359 ], [ -51.919, -12.364 ], [ -51.908, -12.384 ], [ -51.922, -12.405 ], [ -51.907, -12.43 ], [ -51.915, -12.452 ], [ -51.898, -12.479 ], [ -51.906, -12.499 ], [ -51.891, -12.518 ], [ -51.867, -12.517 ], [ -51.82, -12.548 ], [ -51.782, -12.536 ], [ -51.746, -12.545 ], [ -51.703, -12.536 ], [ -51.654, -12.51 ], [ -51.65, -12.471 ], [ -51.538, -12.444 ], [ -51.424, -12.457 ], [ -51.424, -12.465 ], [ -51.382, -12.461 ], [ -51.28, -12.398 ], [ -51.196, -12.434 ], [ -51.177, -12.428 ], [ -51.131, -12.437 ], [ -51.128, -12.423 ], [ -51.14, -12.429 ], [ -51.135, -12.419 ], [ -51.163, -12.409 ], [ -51.161, -12.396 ], [ -51.195, -12.372 ], [ -51.223, -12.371 ], [ -51.243, -12.343 ], [ -51.276, -12.339 ], [ -51.293, -12.352 ], [ -51.317, -12.328 ], [ -51.36, -12.326 ], [ -51.37, -12.276 ], [ -51.389, -12.239 ], [ -51.401, -12.235 ], [ -51.389, -12.198 ], [ -51.396, -12.187 ], [ -51.422, -12.179 ], [ -51.442, -12.151 ], [ -51.474, -12.135 ] ] ] ] } },
{ "type": "Feature", "properties": { "id_municipio": 5101902, "municipio": "Brasnorte", "grupo": "resto_mt", "slug": "brasnorte" }, "geometry": { "type": "MultiPolygon", "coordinates": [ [ [ [ -57.921, -13.207 ], [ -57.749, -13.27 ], [ -57.722, -13.212 ], [ -57.67, -13.162 ], [ -57.472, -13.15 ], [ -57.433, -13.117 ], [ -57.411, -13.117 ], [ -57.406, -13.097 ], [ -57.384, -13.089 ], [ -57.348, -13.049 ], [ -57.327, -13.044 ], [ -57.31, -13.013 ], [ -57.311, -12.994 ], [ -57.303, -12.993 ], [ -57.313, -12.988 ], [ -57.293, -12.926 ], [ -57.37, -12.852 ], [ -57.41, -12.767 ], [ -57.396, -12.713 ], [ -57.405, -12.703 ], [ -57.4, -12.69 ], [ -57.413, -12.68 ], [ -57.417, -12.628 ], [ -57.441, -12.579 ], [ -57.433, -12.52 ], [ -57.441, -12.466 ], [ -57.468, -12.449 ], [ -57.471, -12.431 ], [ -57.494, -12.422 ], [ -57.495, -12.413 ], [ -57.531, -12.405 ], [ -57.537, -12.384 ], [ -57.564, -12.381 ], [ -57.591, -12.353 ], [ -57.627, -12.341 ], [ -57.612, -12.327 ], [ -57.624, -12.321 ], [ -57.633, -12.292 ], [ -57.652, -12.288 ], [ -57.643, -12.256 ], [ -57.668, -12.247 ], [ -57.686, -12.223 ], [ -57.721, -12.219 ], [ -57.749, -12.174 ], [ -57.783, -12.169 ], [ -57.803, -12.142 ], [ -57.83, -12.146 ], [ -57.83, -12.127 ], [ -57.844, -12.114 ], [ -57.872, -12.113 ], [ -57.88, -12.095 ], [ -57.871, -12.08 ], [ -57.864, -12.022 ], [ -57.871, -12.003 ], [ -57.863, -11.987 ], [ -57.892, -11.979 ], [ -57.897, -11.951 ], [ -57.888, -11.938 ], [ -57.922, -11.926 ], [ -57.924, -11.919 ], [ -57.908, -11.914 ], [ -57.932, -11.901 ], [ -57.928, -11.88 ], [ -57.964, -11.849 ], [ -57.975, -11.808 ], [ -58.024, -11.778 ], [ -58.052, -11.739 ], [ -58.045, -11.713 ], [ -58.077, -11.691 ], [ -58.066, -11.634 ], [ -58.084, -11.62 ], [ -58.076, -11.599 ], [ -58.093, -11.579 ], [ -58.123, -11.569 ], [ -58.141, -11.514 ], [ -58.169, -11.514 ], [ -58.18, -11.498 ], [ -58.14, -11.454 ], [ -58.157, -11.416 ], [ -58.133, -11.336 ], [ -58.124, -11.333 ], [ -58.128, -11.281 ], [ -58.152, -11.267 ], [ -58.193, -11.287 ], [ -58.201, -11.277 ], [ -58.198, -11.259 ], [ -58.224, -11.249 ], [ -58.258, -11.19 ], [ -58.277, -11.187 ], [ -58.276, -11.164 ], [ -58.248, -11.127 ], [ -58.251, -11.05 ], [ -58.271, -11.032 ], [ -58.283, -11.003 ], [ -58.311, -11.006 ], [ -58.318, -10.972 ], [ -58.343, -10.951 ], [ -58.364, -10.961 ], [ -58.385, -10.993 ], [ -58.384, -11.022 ], [ -58.356, -11.059 ], [ -58.345, -11.096 ], [ -58.359, -11.125 ], [ -58.337, -11.156 ], [ -58.339, -11.175 ], [ -58.364, -11.192 ], [ -58.359, -11.206 ], [ -58.377, -11.225 ], [ -58.378, -11.258 ], [ -58.332, -11.27 ], [ -58.346, -11.296 ], [ -58.33, -11.326 ], [ -58.341, -11.354 ], [ -58.34, -11.406 ], [ -58.316, -11.441 ], [ -58.333, -11.471 ], [ -58.336, -11.503 ], [ -58.381, -11.533 ], [ -58.387, -11.602 ], [ -58.42, -11.621 ], [ -58.391, -11.713 ], [ -58.39, -11.775 ], [ -58.402, -11.814 ], [ -58.424, -11.83 ], [ -58.433, -11.912 ], [ -58.46, -11.937 ], [ -58.469, -12.01 ], [ -58.488, -12.028 ], [ -58.477, -12.044 ], [ -58.488, -12.055 ], [ -58.491, -12.124 ], [ -58.474, -12.149 ], [ -58.475, -12.167 ], [ -58.514, -12.246 ], [ -58.529, -12.254 ], [ -58.528, -12.275 ], [ -58.514, -12.282 ], [ -58.506, -12.302 ], [ -58.486, -12.299 ], [ -58.491, -12.353 ], [ -58.472, -12.358 ], [ -58.466, -12.397 ], [ -58.444, -12.429 ], [ -58.457, -12.468 ], [ -58.439, -12.502 ], [ -58.424, -12.506 ], [ -58.449, -12.55 ], [ -58.414, -12.626 ], [ -58.414, -12.664 ], [ -58.4, -12.674 ], [ -58.411, -12.698 ], [ -58.397, -12.748 ], [ -58.403, -12.774 ], [ -58.393, -12.785 ], [ -58.4, -12.795 ], [ -58.383, -12.823 ], [ -58.355, -12.824 ], [ -58.351, -12.862 ], [ -58.313, -12.909 ], [ -58.295, -12.913 ], [ -58.298, -12.929 ], [ -58.268, -12.941 ], [ -58.256, -12.961 ], [ -58.204, -12.982 ], [ -58.195, -13.021 ], [ -58.185, -13.025 ], [ -58.19, -13.041 ], [ -58.172, -13.049 ], [ -58.183, -13.062 ], [ -58.18, -13.185 ], [ -58.162, -13.186 ], [ -58.15, -13.224 ], [ -58.133, -13.238 ], [ -58.113, -13.241 ], [ -58.087, -13.234 ], [ -58.062, -13.244 ], [ -57.921, -13.207 ] ] ] ] } },
{ "type": "Feature", "properties": { "id_municipio": 5102504, "municipio": "Cáceres", "grupo": "pantanal_norte", "slug": "caceres" }, "geometry": { "type": "MultiPolygon", "coordinates": [ [ [ [ -57.712, -17.543 ], [ -57.693, -17.627 ], [ -57.678, -17.605 ], [ -57.643, -17.608 ], [ -57.631, -17.618 ], [ -57.632, -17.604 ], [ -57.616, -17.598 ], [ -57.621, -17.589 ], [ -57.611, -17.598 ], [ -57.606, -17.582 ], [ -57.59, -17.574 ], [ -57.573, -17.58 ], [ -57.564, -17.569 ], [ -57.558, -17.576 ], [ -57.558, -17.563 ], [ -57.545, -17.563 ], [ -57.537, -17.547 ], [ -57.526, -17.553 ], [ -57.519, -17.537 ], [ -57.506, -17.549 ], [ -57.516, -17.532 ], [ -57.501, -17.536 ], [ -57.48, -17.525 ], [ -57.487, -17.516 ], [ -57.479, -17.515 ], [ -57.472, -17.468 ], [ -57.458, -17.471 ], [ -57.456, -17.451 ], [ -57.444, -17.459 ], [ -57.448, -17.451 ], [ -57.431, -17.442 ], [ -57.442, -17.433 ], [ -57.406, -17.411 ], [ -57.405, -17.399 ], [ -57.385, -17.395 ], [ -57.384, -17.379 ], [ -57.367, -17.383 ], [ -57.368, -17.353 ], [ -57.338, -17.359 ], [ -57.343, -17.331 ], [ -57.323, -17.324 ], [ -57.339, -17.316 ], [ -57.328, -17.317 ], [ -57.332, -17.282 ], [ -57.349, -17.284 ], [ -57.339, -17.271 ], [ -57.349, -17.245 ], [ -57.334, -17.208 ], [ -57.355, -17.203 ], [ -57.349, -17.181 ], [ -57.364, -17.174 ], [ -57.368, -17.152 ], [ -57.359, -17.147 ], [ -57.368, -17.113 ], [ -57.396, -17.076 ], [ -57.385, -17.073 ], [ -57.39, -17.05 ], [ -57.404, -17.066 ], [ -57.4, -17.047 ], [ -57.408, -17.046 ], [ -57.377, -17.03 ], [ -57.384, -17.024 ], [ -57.376, -17.016 ], [ -57.392, -17.005 ], [ -57.374, -17.002 ], [ -57.372, -16.992 ], [ -57.382, -16.996 ], [ -57.383, -16.983 ], [ -57.396, -16.98 ], [ -57.388, -16.973 ], [ -57.403, -16.963 ], [ -57.413, -16.973 ], [ -57.424, -16.968 ], [ -57.411, -16.962 ], [ -57.41, -16.951 ], [ -57.421, -16.961 ], [ -57.42, -16.942 ], [ -57.435, -16.937 ], [ -57.423, -16.93 ], [ -57.432, -16.915 ], [ -57.416, -16.92 ], [ -57.43, -16.905 ], [ -57.406, -16.89 ], [ -57.406, -16.875 ], [ -57.393, -16.883 ], [ -57.383, -16.878 ], [ -57.387, -16.87 ], [ -57.371, -16.859 ], [ -57.375, -16.838 ], [ -57.363, -16.825 ], [ -57.377, -16.807 ], [ -57.374, -16.785 ], [ -57.398, -16.776 ], [ -57.389, -16.764 ], [ -57.409, -16.735 ], [ -57.395, -16.679 ], [ -57.409, -16.678 ], [ -57.412, -16.669 ], [ -57.398, -16.663 ], [ -57.401, -16.633 ], [ -57.331, -16.615 ], [ -57.314, -16.595 ], [ -57.299, -16.598 ], [ -57.269, -16.582 ], [ -57.239, -16.545 ], [ -57.189, -16.528 ], [ -57.187, -16.475 ], [ -57.175, -16.47 ], [ -57.181, -16.463 ], [ -57.171, -16.442 ], [ -57.154, -16.445 ], [ -57.151, -16.434 ], [ -57.076, -16.42 ], [ -57.084, -16.333 ], [ -57.072, -16.268 ], [ -57.081, -16.215 ], [ -57.096, -16.173 ], [ -57.126, -16.14 ], [ -57.111, -16.084 ], [ -57.122, -16.072 ], [ -57.121, -16.048 ], [ -57.149, -16.033 ], [ -57.154, -16.001 ], [ -57.131, -15.982 ], [ -57.129, -15.955 ], [ -57.117, -15.959 ], [ -57.104, -15.943 ], [ -57.106, -15.93 ], [ -57.09, -15.918 ], [ -57.075, -15.874 ], [ -57.053, -15.864 ], [ -57.051, -15.847 ], [ -57.029, -15.84 ], [ -57.007, -15.802 ], [ -57.009, -15.741 ], [ -57.225, -15.851 ], [ -57.233, -15.815 ], [ -57.219, -15.795 ], [ -57.248, -15.793 ], [ -57.286, -15.862 ], [ -57.28, -15.832 ], [ -57.314, -15.807 ], [ -57.307, -15.778 ], [ -57.35, -15.724 ], [ -57.376, -15.713 ], [ -57.404, -15.719 ], [ -57.42, -15.74 ], [ -57.45, -15.755 ], [ -57.52, -15.745 ], [ -57.519, -15.73 ], [ -57.506, -15.722 ], [ -57.518, -15.719 ], [ -57.51, -15.71 ], [ -57.52, -15.705 ], [ -57.501, -15.697 ], [ -57.502, -15.685 ], [ -57.492, -15.689 ], [ -57.498, -15.673 ], [ -57.485, -15.659 ], [ -57.498, -15.656 ], [ -57.499, -15.641 ], [ -57.485, -15.57 ], [ -57.508, -15.51 ], [ -57.712, -15.455 ], [ -57.701, -15.478 ], [ -57.708, -15.521 ], [ -57.695, -15.567 ], [ -57.713, -15.647 ], [ -57.705, -15.719 ], [ -57.724, -15.726 ], [ -57.76, -15.68 ], [ -57.801, -15.778 ], [ -57.89, -15.75 ], [ -57.934, -15.716 ], [ -57.966, -15.714 ], [ -57.977, -15.774 ], [ -57.96, -15.773 ], [ -57.934, -15.798 ], [ -57.944, -15.821 ], [ -57.979, -15.813 ], [ -58.001, -15.824 ], [ -58.068, -15.83 ], [ -58.085, -15.817 ], [ -58.109, -15.844 ], [ -58.132, -15.847 ], [ -58.158, -15.869 ], [ -58.173, -15.932 ], [ -58.158, -15.978 ], [ -58.156, -16.047 ], [ -58.182, -16.048 ], [ -58.218, -16.032 ], [ -58.22, -16.039 ], [ -58.222, -16.024 ], [ -58.236, -16.036 ], [ -58.25, -16.032 ], [ -58.297, -15.993 ], [ -58.29, -15.98 ], [ -58.3, -15.962 ], [ -58.289, -15.951 ], [ -58.299, -15.93 ], [ -58.349, -15.915 ], [ -58.38, -15.882 ], [ -58.508, -15.945 ], [ -58.557, -15.95 ], [ -58.582, -15.942 ], [ -58.597, -15.964 ], [ -58.631, -15.981 ], [ -58.639, -16.004 ], [ -58.676, -16.015 ], [ -58.695, -16.033 ], [ -58.686, -16.072 ], [ -58.704, -16.093 ], [ -58.714, -16.141 ], [ -58.762, -16.174 ], [ -58.772, -16.215 ], [ -58.796, -16.253 ], [ -58.786, -16.308 ], [ -58.431, -16.323 ], [ -58.394, -16.296 ], [ -58.389, -16.261 ], [ -58.366, -16.274 ], [ -58.322, -16.266 ], [ -58.304, -16.309 ], [ -58.307, -16.371 ], [ -58.344, -16.39 ], [ -58.357, -16.427 ], [ -58.334, -16.49 ], [ -58.344, -16.518 ], [ -58.369, -16.544 ], [ -58.436, -16.593 ], [ -58.463, -16.653 ], [ -58.472, -16.708 ], [ -58.473, -16.749 ], [ -58.46, -16.786 ], [ -58.472, -16.793 ], [ -58.479, -16.814 ], [ -58.458, -16.827 ], [ -58.469, -16.885 ], [ -58.461, -16.901 ], [ -58.477, -16.913 ], [ -58.477, -16.937 ], [ -58.459, -16.938 ], [ -58.463, -16.962 ], [ -58.446, -16.969 ], [ -58.445, -16.984 ], [ -58.432, -16.992 ], [ -58.417, -16.982 ], [ -58.394, -17.015 ], [ -58.399, -17.184 ], [ -58.366, -17.199 ], [ -58.366, -17.214 ], [ -58.356, -17.213 ], [ -58.32, -17.267 ], [ -58.306, -17.268 ], [ -58.294, -17.285 ], [ -58.3, -17.299 ], [ -58.278, -17.3 ], [ -58.28, -17.319 ], [ -58.263, -17.332 ], [ -58.265, -17.345 ], [ -58.251, -17.355 ], [ -58.229, -17.348 ], [ -58.227, -17.358 ], [ -58.202, -17.357 ], [ -58.2, -17.383 ], [ -58.19, -17.39 ], [ -58.152, -17.385 ], [ -58.145, -17.414 ], [ -58.123, -17.415 ], [ -58.118, -17.45 ], [ -58.089, -17.461 ], [ -58.06, -17.451 ], [ -58.043, -17.493 ], [ -58.01, -17.5 ], [ -57.993, -17.515 ], [ -57.883, -17.45 ], [ -57.752, -17.564 ], [ -57.731, -17.53 ], [ -57.712, -17.543 ] ] ] ] } },
{ "type": "Feature", "properties": { "id_municipio": 5102603, "municipio": "Campinápolis", "grupo": "resto_mt", "slug": "campinapolis" }, "geometry": { "type": "MultiPolygon", "coordinates": [ [ [ [ -52.818, -14.392 ], [ -52.8, -14.357 ], [ -52.845, -14.339 ], [ -52.866, -14.347 ], [ -52.898, -14.328 ], [ -52.932, -14.25 ], [ -52.975, -14.232 ], [ -52.982, -14.206 ], [ -52.992, -14.206 ], [ -52.986, -14.198 ], [ -53.014, -14.168 ], [ -53.013, -14.147 ], [ -53.034, -14.128 ], [ -53.039, -14.105 ], [ -53.016, -14.074 ], [ -53.028, -14.062 ], [ -53.021, -14.049 ], [ -53.033, -14.031 ], [ -52.992, -14.01 ], [ -52.991, -13.988 ], [ -52.997, -13.975 ], [ -53.013, -13.976 ], [ -53.016, -13.963 ], [ -53.0, -13.944 ], [ -53.025, -13.919 ], [ -53.017, -13.899 ], [ -53.025, -13.901 ], [ -53.035, -13.887 ], [ -53.043, -13.839 ], [ -53.065, -13.838 ], [ -53.053, -13.813 ], [ -53.064, -13.808 ], [ -53.065, -13.794 ], [ -53.092, -13.781 ], [ -53.1, -13.769 ], [ -53.094, -13.747 ], [ -53.115, -13.734 ], [ -53.103, -13.664 ], [ -53.093, -13.656 ], [ -53.107, -13.633 ], [ -53.133, -13.652 ], [ -53.129, -13.659 ], [ -53.14, -13.656 ], [ -53.151, -13.692 ], [ -53.164, -13.696 ], [ -53.167, -13.712 ], [ -53.199, -13.728 ], [ -53.196, -13.739 ], [ -53.217, -13.756 ], [ -53.226, -13.786 ], [ -53.249, -13.799 ], [ -53.251, -13.829 ], [ -53.261, -13.834 ], [ -53.258, -13.884 ], [ -53.285, -13.909 ], [ -53.3, -13.958 ], [ -53.316, -13.96 ], [ -53.322, -14.001 ], [ -53.345, -14.0 ], [ -53.344, -14.019 ], [ -53.359, -14.025 ], [ -53.354, -14.033 ], [ -53.364, -14.043 ], [ -53.355, -14.054 ], [ -53.365, -14.059 ], [ -53.369, -14.08 ], [ -53.359, -14.086 ], [ -53.368, -14.1 ], [ -53.364, -14.142 ], [ -53.376, -14.166 ], [ -53.4, -14.183 ], [ -53.402, -14.207 ], [ -53.416, -14.211 ], [ -53.424, -14.237 ], [ -53.455, -14.265 ], [ -53.463, -14.315 ], [ -53.453, -14.377 ], [ -53.467, -14.403 ], [ -53.454, -14.409 ], [ -53.454, -14.429 ], [ -53.437, -14.449 ], [ -53.444, -14.479 ], [ -53.432, -14.484 ], [ -53.421, -14.474 ], [ -53.408, -14.482 ], [ -53.394, -14.519 ], [ -53.366, -14.546 ], [ -53.351, -14.579 ], [ -53.378, -14.693 ], [ -53.396, -14.701 ], [ -53.401, -14.726 ], [ -53.353, -14.752 ], [ -53.355, -14.795 ], [ -53.282, -14.87 ], [ -53.204, -14.877 ], [ -53.179, -14.864 ], [ -53.157, -14.874 ], [ -53.119, -14.867 ], [ -53.1, -14.881 ], [ -53.084, -14.865 ], [ -53.086, -14.853 ], [ -53.035, -14.799 ], [ -53.024, -14.739 ], [ -52.98, -14.743 ], [ -52.948, -14.725 ], [ -52.908, -14.754 ], [ -52.889, -14.745 ], [ -52.881, -14.755 ], [ -52.87, -14.75 ], [ -52.854, -14.776 ], [ -52.825, -14.769 ], [ -52.814, -14.779 ], [ -52.793, -14.753 ], [ -52.797, -14.727 ], [ -52.777, -14.698 ], [ -52.783, -14.662 ], [ -52.755, -14.66 ], [ -52.747, -14.61 ], [ -52.687, -14.551 ], [ -52.818, -14.392 ] ] ] ] } },
{ "type": "Feature", "properties": { "id_municipio": 5102637, "municipio": "Campo Novo do Parecis", "grupo": "resto_mt", "slug": "campo-novo-do-parecis" }, "geometry": { "type": "MultiPolygon", "coordinates": [ [ [ [ -57.543, -13.582 ], [ -57.543, -13.527 ], [ -57.556, -13.512 ], [ -57.566, -13.455 ], [ -57.61, -13.416 ], [ -57.626, -13.419 ], [ -57.632, -13.409 ], [ -57.613, -13.354 ], [ -57.618, -13.339 ], [ -57.576, -13.283 ], [ -57.554, -13.271 ], [ -57.533, -13.242 ], [ -57.539, -13.235 ], [ -57.505, -13.205 ], [ -57.498, -13.178 ], [ -57.485, -13.178 ], [ -57.487, -13.155 ], [ -57.55, -13.152 ], [ -57.572, -13.161 ], [ -57.589, -13.152 ], [ -57.67, -13.162 ], [ -57.722, -13.212 ], [ -57.749, -13.27 ], [ -57.921, -13.207 ], [ -58.062, -13.244 ], [ -58.077, -13.235 ], [ -58.133, -13.238 ], [ -58.154, -13.218 ], [ -58.162, -13.186 ], [ -58.18, -13.185 ], [ -58.183, -13.062 ], [ -58.172, -13.049 ], [ -58.19, -13.041 ], [ -58.185, -13.025 ], [ -58.195, -13.021 ], [ -58.204, -12.982 ], [ -58.256, -12.961 ], [ -58.268, -12.941 ], [ -58.292, -12.93 ], [ -58.276, -12.96 ], [ -58.285, -12.976 ], [ -58.283, -13.005 ], [ -58.273, -13.017 ], [ -58.284, -13.033 ], [ -58.282, -13.085 ], [ -58.269, -13.111 ], [ -58.276, -13.178 ], [ -58.304, -13.23 ], [ -58.297, -13.239 ], [ -58.305, -13.241 ], [ -58.303, -13.257 ], [ -58.322, -13.276 ], [ -58.312, -13.291 ], [ -58.336, -13.324 ], [ -58.353, -13.472 ], [ -58.377, -13.501 ], [ -58.372, -13.519 ], [ -58.39, -13.531 ], [ -58.384, -13.539 ], [ -58.397, -13.535 ], [ -58.408, -13.559 ], [ -58.386, -13.585 ], [ -58.317, -13.746 ], [ -58.304, -13.847 ], [ -58.248, -13.917 ], [ -58.169, -13.961 ], [ -58.077, -13.969 ], [ -58.089, -14.005 ], [ -58.084, -14.035 ], [ -58.093, -14.038 ], [ -58.089, -14.051 ], [ -58.1, -14.069 ], [ -58.092, -14.079 ], [ -58.101, -14.09 ], [ -58.088, -14.097 ], [ -58.089, -14.132 ], [ -58.103, -14.144 ], [ -58.097, -14.158 ], [ -58.112, -14.164 ], [ -58.127, -14.199 ], [ -58.145, -14.204 ], [ -58.155, -14.225 ], [ -58.171, -14.231 ], [ -58.178, -14.259 ], [ -58.209, -14.281 ], [ -58.23, -14.343 ], [ -58.232, -14.386 ], [ -57.835, -14.299 ], [ -57.735, -14.292 ], [ -57.723, -14.281 ], [ -57.672, -14.174 ], [ -57.68, -14.158 ], [ -57.676, -14.101 ], [ -57.693, -14.081 ], [ -57.683, -14.059 ], [ -57.668, -14.05 ], [ -57.638, -13.999 ], [ -57.628, -13.963 ], [ -57.573, -13.909 ], [ -57.567, -13.867 ], [ -57.502, -13.789 ], [ -57.499, -13.767 ], [ -57.49, -13.769 ], [ -57.494, -13.754 ], [ -57.45, -13.712 ], [ -57.444, -13.681 ], [ -57.395, -13.635 ], [ -57.403, -13.626 ], [ -57.394, -13.606 ], [ -57.369, -13.594 ], [ -57.344, -13.556 ], [ -57.375, -13.555 ], [ -57.453, -13.58 ], [ -57.543, -13.582 ] ] ] ] } },
{ "type": "Feature", "properties": { "id_municipio": 5102678, "municipio": "Campo Verde", "grupo": "resto_mt", "slug": "campo-verde" }, "geometry": { "type": "MultiPolygon", "coordinates": [ [ [ [ -54.962, -15.614 ], [ -54.975, -15.557 ], [ -54.968, -15.534 ], [ -54.956, -15.531 ], [ -54.951, -15.486 ], [ -54.93, -15.482 ], [ -54.903, -15.496 ], [ -54.755, -15.429 ], [ -54.708, -15.394 ], [ -54.691, -15.4 ], [ -54.678, -15.389 ], [ -54.645, -15.39 ], [ -54.61, -15.37 ], [ -54.586, -15.371 ], [ -54.585, -15.362 ], [ -54.552, -15.366 ], [ -54.546, -15.324 ], [ -54.521, -15.285 ], [ -54.495, -15.272 ], [ -54.487, -15.256 ], [ -54.54, -15.245 ], [ -54.456, -15.206 ], [ -54.494, -15.134 ], [ -54.479, -15.12 ], [ -54.439, -15.11 ], [ -54.44, -15.065 ], [ -54.453, -15.048 ], [ -54.488, -15.027 ], [ -54.506, -15.036 ], [ -54.563, -14.969 ], [ -54.62, -14.981 ], [ -54.656, -14.959 ], [ -54.697, -14.964 ], [ -54.697, -14.953 ], [ -54.736, -14.971 ], [ -54.844, -15.067 ], [ -54.946, -15.071 ], [ -55.099, -15.106 ], [ -55.169, -15.205 ], [ -55.334, -15.353 ], [ -55.296, -15.354 ], [ -55.266, -15.403 ], [ -55.291, -15.432 ], [ -55.287, -15.474 ], [ -55.303, -15.516 ], [ -55.345, -15.485 ], [ -55.404, -15.509 ], [ -55.401, -15.531 ], [ -55.417, -15.546 ], [ -55.443, -15.613 ], [ -55.424, -15.623 ], [ -55.364, -15.604 ], [ -55.356, -15.61 ], [ -55.425, -15.662 ], [ -55.396, -15.691 ], [ -55.421, -15.715 ], [ -55.412, -15.738 ], [ -55.421, -15.754 ], [ -55.386, -15.771 ], [ -55.41, -15.82 ], [ -55.362, -15.814 ], [ -55.314, -15.841 ], [ -55.302, -15.855 ], [ -55.303, -15.897 ], [ -55.248, -15.776 ], [ -55.242, -15.741 ], [ -55.193, -15.707 ], [ -55.131, -15.691 ], [ -55.097, -15.666 ], [ -55.083, -15.606 ], [ -55.078, -15.612 ], [ -55.067, -15.602 ], [ -55.05, -15.612 ], [ -55.027, -15.605 ], [ -55.019, -15.619 ], [ -54.986, -15.612 ], [ -54.975, -15.628 ], [ -54.962, -15.614 ] ] ] ] } },
{ "type": "Feature", "properties": { "id_municipio": 5102686, "municipio": "Campos de Júlio", "grupo": "resto_mt", "slug": "campos-de-julio" }, "geometry": { "type": "MultiPolygon", "coordinates": [ [ [ [ -59.453, -13.802 ], [ -59.444, -13.807 ], [ -59.45, -13.817 ], [ -59.444, -13.835 ], [ -59.434, -13.836 ], [ -59.435, -13.859 ], [ -59.412, -13.851 ], [ -59.403, -13.864 ], [ -59.395, -13.861 ], [ -59.39, -13.881 ], [ -59.384, -13.875 ], [ -59.375, -13.887 ], [ -59.39, -13.901 ], [ -59.377, -13.909 ], [ -59.371, -13.902 ], [ -59.37, -13.915 ], [ -59.384, -13.928 ], [ -59.378, -13.967 ], [ -59.344, -14.052 ], [ -59.368, -14.092 ], [ -59.375, -14.13 ], [ -59.386, -14.126 ], [ -59.407, -14.152 ], [ -59.423, -14.215 ], [ -59.387, -14.33 ], [ -59.367, -14.344 ], [ -59.344, -14.401 ], [ -59.312, -14.51 ], [ -59.299, -14.458 ], [ -59.307, -14.434 ], [ -59.291, -14.389 ], [ -59.266, -14.367 ], [ -59.223, -14.351 ], [ -59.212, -14.357 ], [ -59.193, -14.344 ], [ -59.144, -14.343 ], [ -59.137, -14.325 ], [ -59.098, -14.302 ], [ -59.085, -14.26 ], [ -59.1, -14.25 ], [ -59.104, -14.23 ], [ -59.092, -14.193 ], [ -59.067, -14.166 ], [ -59.079, -14.139 ], [ -59.061, -14.121 ], [ -59.067, -14.111 ], [ -59.045, -14.072 ], [ -59.05, -14.054 ], [ -59.038, -14.058 ], [ -59.045, -14.031 ], [ -59.036, -14.009 ], [ -59.045, -13.986 ], [ -59.037, -13.974 ], [ -59.025, -13.977 ], [ -59.032, -13.96 ], [ -59.017, -13.953 ], [ -59.017, -13.935 ], [ -59.028, -13.933 ], [ -59.017, -13.924 ], [ -59.021, -13.905 ], [ -58.979, -13.843 ], [ -58.996, -13.776 ], [ -59.01, -13.766 ], [ -59.007, -13.725 ], [ -59.017, -13.722 ], [ -59.017, -13.711 ], [ -59.003, -13.708 ], [ -59.011, -13.692 ], [ -58.999, -13.688 ], [ -59.016, -13.672 ], [ -59.021, -13.65 ], [ -59.009, -13.646 ], [ -59.014, -13.633 ], [ -59.004, -13.627 ], [ -59.036, -13.592 ], [ -59.025, -13.559 ], [ -59.036, -13.551 ], [ -59.024, -13.542 ], [ -59.027, -13.519 ], [ -59.015, -13.511 ], [ -59.03, -13.496 ], [ -59.014, -13.492 ], [ -59.017, -13.461 ], [ -59.005, -13.46 ], [ -58.998, -13.439 ], [ -59.007, -13.389 ], [ -59.017, -13.387 ], [ -59.013, -13.369 ], [ -59.025, -13.36 ], [ -59.021, -13.345 ], [ -59.033, -13.346 ], [ -59.017, -13.33 ], [ -59.036, -13.312 ], [ -59.013, -13.251 ], [ -59.037, -13.243 ], [ -59.019, -13.207 ], [ -58.995, -13.219 ], [ -58.984, -13.201 ], [ -58.982, -13.192 ], [ -59.004, -13.181 ], [ -58.959, -13.125 ], [ -58.963, -13.083 ], [ -58.976, -13.08 ], [ -58.98, -13.065 ], [ -58.967, -13.062 ], [ -58.978, -13.057 ], [ -58.96, -13.021 ], [ -58.959, -12.99 ], [ -58.931, -12.969 ], [ -58.925, -12.92 ], [ -58.915, -12.917 ], [ -58.952, -12.71 ], [ -58.929, -12.669 ], [ -58.931, -12.641 ], [ -58.968, -12.667 ], [ -58.979, -12.688 ], [ -59.032, -12.705 ], [ -59.054, -12.768 ], [ -59.109, -12.826 ], [ -59.11, -12.839 ], [ -59.143, -12.841 ], [ -59.185, -12.893 ], [ -59.231, -12.923 ], [ -59.248, -12.982 ], [ -59.232, -12.995 ], [ -59.248, -13.005 ], [ -59.247, -13.044 ], [ -59.268, -13.064 ], [ -59.286, -13.061 ], [ -59.296, -13.085 ], [ -59.309, -13.083 ], [ -59.318, -13.093 ], [ -59.32, -13.109 ], [ -59.339, -13.108 ], [ -59.35, -13.12 ], [ -59.362, -13.156 ], [ -59.381, -13.174 ], [ -59.39, -13.235 ], [ -59.423, -13.262 ], [ -59.428, -13.29 ], [ -59.415, -13.297 ], [ -59.414, -13.322 ], [ -59.394, -13.356 ], [ -59.405, -13.367 ], [ -59.393, -13.386 ], [ -59.397, -13.42 ], [ -59.407, -13.432 ], [ -59.388, -13.471 ], [ -59.423, -13.513 ], [ -59.413, -13.528 ], [ -59.429, -13.565 ], [ -59.42, -13.571 ], [ -59.428, -13.58 ], [ -59.419, -13.592 ], [ -59.421, -13.633 ], [ -59.46, -13.698 ], [ -59.451, -13.733 ], [ -59.459, -13.761 ], [ -59.453, -13.802 ] ] ] ] } },
{ "type": "Feature", "properties": { "id_municipio": 5102694, "municipio": "Canabrava do Norte", "grupo": "resto_mt", "slug": "canabrava-do-norte" }, "geometry": { "type": "MultiPolygon", "coordinates": [ [ [ [ -51.519, -11.178 ], [ -51.51, -11.134 ], [ -51.499, -11.133 ], [ -51.474, -11.089 ], [ -51.454, -11.084 ], [ -51.443, -11.057 ], [ -51.407, -11.046 ], [ -51.397, -11.024 ], [ -51.426, -11.031 ], [ -51.433, -11.023 ], [ -51.458, -11.034 ], [ -51.466, -11.026 ], [ -51.489, -11.043 ], [ -51.491, -11.035 ], [ -51.523, -11.031 ], [ -51.525, -11.04 ], [ -51.554, -11.039 ], [ -51.569, -11.032 ], [ -51.57, -11.003 ], [ -51.587, -10.996 ], [ -51.615, -11.003 ], [ -51.628, -10.99 ], [ -51.666, -10.995 ], [ -51.701, -10.969 ], [ -51.732, -10.967 ], [ -51.741, -10.944 ], [ -51.755, -10.937 ], [ -51.876, -10.953 ], [ -51.891, -10.969 ], [ -51.989, -11.021 ], [ -52.031, -11.015 ], [ -52.05, -10.995 ], [ -52.059, -11.015 ], [ -52.07, -10.995 ], [ -52.141, -10.983 ], [ -52.194, -10.937 ], [ -52.209, -10.941 ], [ -52.204, -10.955 ], [ -52.229, -10.984 ], [ -52.218, -10.983 ], [ -52.222, -11.0 ], [ -52.208, -11.004 ], [ -52.223, -11.037 ], [ -52.203, -11.052 ], [ -52.211, -11.056 ], [ -52.2, -11.068 ], [ -52.208, -11.073 ], [ -52.195, -11.076 ], [ -52.2, -11.087 ], [ -52.184, -11.098 ], [ -52.173, -11.094 ], [ -52.164, -11.111 ], [ -52.171, -11.117 ], [ -52.153, -11.135 ], [ -52.148, -11.131 ], [ -52.11, -11.161 ], [ -52.121, -11.198 ], [ -52.11, -11.243 ], [ -52.065, -11.28 ], [ -52.046, -11.28 ], [ -52.028, -11.296 ], [ -52.025, -11.314 ], [ -52.037, -11.33 ], [ -52.025, -11.393 ], [ -51.998, -11.442 ], [ -51.944, -11.504 ], [ -51.938, -11.526 ], [ -51.852, -11.507 ], [ -51.781, -11.518 ], [ -51.752, -11.485 ], [ -51.73, -11.481 ], [ -51.715, -11.466 ], [ -51.657, -11.459 ], [ -51.631, -11.42 ], [ -51.628, -11.368 ], [ -51.58, -11.355 ], [ -51.56, -11.328 ], [ -51.561, -11.312 ], [ -51.513, -11.264 ], [ -51.487, -11.252 ], [ -51.486, -11.205 ], [ -51.519, -11.178 ] ] ] ] } },
{ "type": "Feature", "properties": { "id_municipio": 5102702, "municipio": "Canarana", "grupo": "resto_mt", "slug": "canarana" }, "geometry": { "type": "MultiPolygon", "coordinates": [ [ [ [ -52.211, -13.697 ], [ -52.162, -13.702 ], [ -52.127, -13.723 ], [ -52.103, -13.724 ], [ -52.073, -13.751 ], [ -52.037, -13.76 ], [ -52.029, -13.775 ], [ -52.023, -13.77 ], [ -51.988, -13.782 ], [ -51.986, -13.773 ], [ -51.973, -13.775 ], [ -51.937, -13.749 ], [ -51.895, -13.778 ], [ -51.793, -13.719 ], [ -51.777, -13.697 ], [ -51.746, -13.68 ], [ -51.707, -13.666 ], [ -51.685, -13.669 ], [ -51.671, -13.643 ], [ -51.655, -13.644 ], [ -51.647, -13.627 ], [ -51.624, -13.625 ], [ -51.612, -13.613 ], [ -51.558, -13.617 ], [ -51.546, -13.607 ], [ -51.518, -13.607 ], [ -51.504, -13.627 ], [ -51.481, -13.635 ], [ -51.469, -13.625 ], [ -51.471, -13.584 ], [ -51.492, -13.584 ], [ -51.463, -13.56 ], [ -51.458, -13.542 ], [ -51.44, -13.558 ], [ -51.445, -13.581 ], [ -51.433, -13.58 ], [ -51.428, -13.554 ], [ -51.413, -13.546 ], [ -51.412, -13.485 ], [ -51.381, -13.45 ], [ -51.503, -13.405 ], [ -51.516, -13.41 ], [ -51.545, -13.364 ], [ -51.583, -13.354 ], [ -51.625, -13.38 ], [ -51.646, -13.383 ], [ -51.66, -13.408 ], [ -51.668, -13.401 ], [ -51.697, -13.426 ], [ -51.737, -13.417 ], [ -51.782, -13.429 ], [ -51.816, -13.423 ], [ -51.844, -13.447 ], [ -51.878, -13.515 ], [ -51.872, -13.488 ], [ -51.9, -13.475 ], [ -51.911, -13.438 ], [ -51.888, -13.391 ], [ -51.889, -13.378 ], [ -51.909, -13.364 ], [ -51.902, -13.322 ], [ -51.917, -13.298 ], [ -51.914, -13.262 ], [ -51.932, -13.249 ], [ -51.931, -13.215 ], [ -51.957, -13.204 ], [ -51.965, -13.181 ], [ -51.985, -13.175 ], [ -52.035, -13.126 ], [ -52.057, -13.126 ], [ -52.062, -13.113 ], [ -52.093, -13.108 ], [ -52.119, -13.115 ], [ -52.126, -13.107 ], [ -52.144, -13.123 ], [ -52.139, -13.149 ], [ -52.161, -13.181 ], [ -52.191, -13.182 ], [ -52.28, -13.241 ], [ -52.292, -13.213 ], [ -52.326, -13.211 ], [ -52.335, -13.191 ], [ -52.35, -13.186 ], [ -52.351, -13.159 ], [ -52.391, -13.144 ], [ -52.412, -13.111 ], [ -52.427, -13.055 ], [ -52.449, -13.053 ], [ -52.458, -13.032 ], [ -52.467, -12.992 ], [ -52.459, -12.984 ], [ -52.475, -12.961 ], [ -52.468, -12.921 ], [ -52.486, -12.902 ], [ -52.48, -12.874 ], [ -52.459, -12.856 ], [ -52.47, -12.833 ], [ -52.493, -12.825 ], [ -52.506, -12.792 ], [ -52.491, -12.763 ], [ -52.498, -12.73 ], [ -52.532, -12.713 ], [ -52.579, -12.732 ], [ -52.599, -12.72 ], [ -52.636, -12.665 ], [ -52.681, -12.665 ], [ -52.698, -12.651 ], [ -52.716, -12.661 ], [ -52.75, -12.638 ], [ -52.766, -12.652 ], [ -52.785, -12.65 ], [ -52.805, -12.644 ], [ -52.812, -12.628 ], [ -52.839, -12.622 ], [ -52.844, -12.611 ], [ -52.875, -12.623 ], [ -52.884, -12.611 ], [ -52.892, -12.618 ], [ -52.9, -12.606 ], [ -52.925, -12.603 ], [ -52.919, -12.625 ], [ -52.951, -12.638 ], [ -52.946, -12.654 ], [ -52.964, -12.668 ], [ -52.949, -12.664 ], [ -52.934, -12.681 ], [ -52.939, -12.707 ], [ -52.923, -12.708 ], [ -52.924, -12.745 ], [ -52.902, -12.729 ], [ -52.889, -12.732 ], [ -52.916, -12.761 ], [ -52.896, -12.766 ], [ -52.892, -12.79 ], [ -52.833, -12.825 ], [ -52.833, -12.841 ], [ -52.813, -12.85 ], [ -52.814, -12.883 ], [ -52.826, -12.879 ], [ -52.832, -12.899 ], [ -52.828, -12.936 ], [ -52.841, -12.925 ], [ -52.848, -12.938 ], [ -52.841, -12.947 ], [ -52.863, -12.957 ], [ -52.854, -12.969 ], [ -52.869, -12.968 ], [ -52.868, -12.979 ], [ -52.879, -12.987 ], [ -52.863, -13.03 ], [ -52.883, -13.042 ], [ -52.872, -13.058 ], [ -52.879, -13.051 ], [ -52.891, -13.057 ], [ -52.883, -13.083 ], [ -52.895, -13.081 ], [ -52.887, -13.089 ], [ -52.9, -13.094 ], [ -52.896, -13.111 ], [ -52.904, -13.102 ], [ -52.912, -13.107 ], [ -52.91, -13.133 ], [ -52.903, -13.125 ], [ -52.895, -13.132 ], [ -52.899, -13.163 ], [ -52.915, -13.161 ], [ -52.907, -13.18 ], [ -52.919, -13.18 ], [ -52.922, -13.205 ], [ -52.942, -13.21 ], [ -52.938, -13.222 ], [ -52.95, -13.207 ], [ -52.965, -13.219 ], [ -52.966, -13.226 ], [ -52.952, -13.229 ], [ -52.961, -13.237 ], [ -52.956, -13.245 ], [ -52.979, -13.258 ], [ -52.971, -13.256 ], [ -52.964, -13.27 ], [ -52.991, -13.295 ], [ -52.988, -13.312 ], [ -53.005, -13.308 ], [ -53.002, -13.32 ], [ -53.015, -13.328 ], [ -53.006, -13.342 ], [ -53.02, -13.342 ], [ -53.011, -13.351 ], [ -53.026, -13.362 ], [ -53.016, -13.373 ], [ -53.033, -13.376 ], [ -53.026, -13.383 ], [ -53.04, -13.393 ], [ -53.032, -13.402 ], [ -53.05, -13.42 ], [ -53.049, -13.437 ], [ -53.075, -13.458 ], [ -53.069, -13.471 ], [ -53.084, -13.497 ], [ -53.073, -13.507 ], [ -53.096, -13.514 ], [ -53.095, -13.526 ], [ -53.083, -13.526 ], [ -53.089, -13.534 ], [ -53.075, -13.562 ], [ -53.083, -13.579 ], [ -53.098, -13.583 ], [ -53.08, -13.623 ], [ -53.089, -13.619 ], [ -53.101, -13.635 ], [ -52.418, -13.667 ], [ -52.217, -13.716 ], [ -52.211, -13.697 ] ] ] ] } },
{ "type": "Feature", "properties": { "id_municipio": 5102793, "municipio": "Carlinda", "grupo": "resto_mt", "slug": "carlinda" }, "geometry": { "type": "MultiPolygon", "coordinates": [ [ [ [ -55.672, -9.899 ], [ -55.733, -9.788 ], [ -55.778, -9.765 ], [ -55.797, -9.739 ], [ -55.832, -9.736 ], [ -55.823, -9.77 ], [ -55.84, -9.794 ], [ -55.845, -9.846 ], [ -55.862, -9.869 ], [ -55.867, -9.903 ], [ -55.861, -9.908 ], [ -55.871, -9.919 ], [ -55.875, -9.957 ], [ -55.902, -9.999 ], [ -55.896, -10.037 ], [ -55.946, -10.07 ], [ -55.999, -10.124 ], [ -56.051, -10.122 ], [ -56.06, -10.107 ], [ -56.097, -10.107 ], [ -56.118, -10.148 ], [ -56.174, -10.173 ], [ -56.19, -10.192 ], [ -56.24, -10.284 ], [ -56.216, -10.287 ], [ -56.205, -10.265 ], [ -56.174, -10.251 ], [ -56.145, -10.25 ], [ -56.129, -10.265 ], [ -56.132, -10.276 ], [ -56.096, -10.286 ], [ -56.063, -10.319 ], [ -56.056, -10.364 ], [ -56.032, -10.37 ], [ -56.019, -10.394 ], [ -55.943, -10.382 ], [ -55.926, -10.39 ], [ -55.808, -10.24 ], [ -55.731, -10.232 ], [ -55.669, -10.257 ], [ -55.595, -10.224 ], [ -55.574, -10.187 ], [ -55.58, -10.169 ], [ -55.568, -10.14 ], [ -55.557, -10.004 ], [ -55.585, -9.933 ], [ -55.629, -9.883 ], [ -55.672, -9.899 ] ] ] ] } },
{ "type": "Feature", "properties": { "id_municipio": 5102850, "municipio": "Castanheira", "grupo": "resto_mt", "slug": "castanheira" }, "geometry": { "type": "MultiPolygon", "coordinates": [ [ [ [ -58.649, -11.247 ], [ -58.568, -11.301 ], [ -58.544, -11.29 ], [ -58.53, -11.297 ], [ -58.492, -11.281 ], [ -58.49, -11.265 ], [ -58.465, -11.256 ], [ -58.38, -11.25 ], [ -58.377, -11.225 ], [ -58.359, -11.206 ], [ -58.364, -11.192 ], [ -58.339, -11.174 ], [ -58.339, -11.149 ], [ -58.359, -11.124 ], [ -58.345, -11.096 ], [ -58.356, -11.059 ], [ -58.384, -11.022 ], [ -58.385, -10.993 ], [ -58.364, -10.961 ], [ -58.343, -10.952 ], [ -58.349, -10.934 ], [ -58.337, -10.91 ], [ -58.353, -10.871 ], [ -58.331, -10.798 ], [ -58.372, -10.725 ], [ -58.369, -10.696 ], [ -58.392, -10.652 ], [ -58.382, -10.623 ], [ -58.419, -10.567 ], [ -58.445, -10.568 ], [ -58.459, -10.598 ], [ -58.484, -10.612 ], [ -58.493, -10.631 ], [ -58.537, -10.636 ], [ -58.561, -10.621 ], [ -58.609, -10.642 ], [ -58.624, -10.637 ], [ -58.648, -10.652 ], [ -58.65, -10.665 ], [ -58.721, -10.667 ], [ -58.739, -10.697 ], [ -58.772, -10.695 ], [ -58.784, -10.711 ], [ -58.796, -10.703 ], [ -58.8, -10.714 ], [ -58.835, -10.716 ], [ -58.843, -10.734 ], [ -58.887, -10.743 ], [ -58.909, -10.791 ], [ -58.844, -10.794 ], [ -58.83, -10.812 ], [ -58.861, -10.813 ], [ -58.868, -10.836 ], [ -58.939, -10.866 ], [ -58.941, -10.882 ], [ -58.959, -10.866 ], [ -58.999, -10.881 ], [ -58.958, -10.897 ], [ -58.948, -10.914 ], [ -58.937, -10.902 ], [ -58.92, -10.914 ], [ -58.931, -10.924 ], [ -58.948, -10.993 ], [ -58.927, -11.011 ], [ -58.909, -11.004 ], [ -58.862, -11.018 ], [ -58.858, -11.035 ], [ -58.835, -11.035 ], [ -58.802, -11.055 ], [ -58.839, -11.1 ], [ -58.798, -11.165 ], [ -58.8, -11.176 ], [ -58.649, -11.247 ] ] ] ] } },
{ "type": "Feature", "properties": { "id_municipio": 5103007, "municipio": "Chapada dos Guimarães", "grupo": "resto_mt", "slug": "chapada-dos-guimaraes" }, "geometry": { "type": "MultiPolygon", "coordinates": [ [ [ [ -55.596, -15.503 ], [ -55.6, -15.526 ], [ -55.591, -15.527 ], [ -55.59, -15.552 ], [ -55.564, -15.537 ], [ -55.58, -15.56 ], [ -55.558, -15.559 ], [ -55.571, -15.575 ], [ -55.567, -15.583 ], [ -55.538, -15.564 ], [ -55.539, -15.577 ], [ -55.524, -15.573 ], [ -55.535, -15.588 ], [ -55.509, -15.585 ], [ -55.517, -15.599 ], [ -55.487, -15.589 ], [ -55.515, -15.625 ], [ -55.479, -15.616 ], [ -55.459, -15.618 ], [ -55.448, -15.632 ], [ -55.382, -15.634 ], [ -55.358, -15.607 ], [ -55.422, -15.623 ], [ -55.443, -15.613 ], [ -55.418, -15.547 ], [ -55.401, -15.531 ], [ -55.404, -15.509 ], [ -55.345, -15.485 ], [ -55.303, -15.516 ], [ -55.287, -15.474 ], [ -55.291, -15.432 ], [ -55.266, -15.404 ], [ -55.296, -15.354 ], [ -55.334, -15.353 ], [ -55.169, -15.205 ], [ -55.097, -15.105 ], [ -54.875, -15.063 ], [ -54.9, -15.044 ], [ -54.993, -15.05 ], [ -54.995, -15.017 ], [ -55.017, -15.002 ], [ -55.11, -15.0 ], [ -55.139, -14.988 ], [ -55.131, -14.969 ], [ -55.11, -14.968 ], [ -55.105, -14.96 ], [ -55.15, -14.877 ], [ -55.153, -14.825 ], [ -55.143, -14.816 ], [ -55.159, -14.797 ], [ -55.152, -14.788 ], [ -55.178, -14.796 ], [ -55.185, -14.813 ], [ -55.192, -14.804 ], [ -55.198, -14.826 ], [ -55.219, -14.829 ], [ -55.253, -14.81 ], [ -55.275, -14.821 ], [ -55.287, -14.806 ], [ -55.3, -14.821 ], [ -55.299, -14.811 ], [ -55.31, -14.81 ], [ -55.333, -14.846 ], [ -55.356, -14.82 ], [ -55.37, -14.825 ], [ -55.369, -14.839 ], [ -55.388, -14.834 ], [ -55.4, -14.844 ], [ -55.422, -14.843 ], [ -55.422, -14.853 ], [ -55.493, -14.879 ], [ -55.537, -14.875 ], [ -55.541, -14.857 ], [ -55.579, -14.872 ], [ -55.589, -14.859 ], [ -55.58, -14.841 ], [ -55.651, -14.827 ], [ -55.638, -14.803 ], [ -55.598, -14.782 ], [ -55.59, -14.787 ], [ -55.559, -14.768 ], [ -55.533, -14.766 ], [ -55.506, -14.744 ], [ -55.466, -14.664 ], [ -55.45, -14.667 ], [ -55.425, -14.635 ], [ -55.401, -14.629 ], [ -55.392, -14.602 ], [ -55.407, -14.588 ], [ -55.397, -14.568 ], [ -55.767, -14.786 ], [ -55.763, -14.813 ], [ -55.785, -14.838 ], [ -55.815, -14.843 ], [ -55.83, -14.86 ], [ -55.835, -14.846 ], [ -55.844, -14.856 ], [ -55.862, -14.838 ], [ -55.912, -14.87 ], [ -55.95, -14.879 ], [ -55.97, -14.873 ], [ -56.004, -14.902 ], [ -56.015, -14.901 ], [ -55.949, -15.002 ], [ -55.943, -15.035 ], [ -56.242, -14.976 ], [ -56.208, -14.986 ], [ -56.192, -15.008 ], [ -56.189, -15.034 ], [ -56.211, -15.063 ], [ -56.197, -15.095 ], [ -56.183, -15.102 ], [ -56.136, -15.103 ], [ -56.109, -15.082 ], [ -56.003, -15.097 ], [ -55.921, -15.071 ], [ -55.912, -15.187 ], [ -55.902, -15.194 ], [ -55.937, -15.244 ], [ -55.944, -15.226 ], [ -55.967, -15.239 ], [ -55.951, -15.253 ], [ -55.956, -15.268 ], [ -55.925, -15.284 ], [ -55.889, -15.272 ], [ -55.887, -15.282 ], [ -55.873, -15.283 ], [ -55.875, -15.292 ], [ -55.835, -15.303 ], [ -55.839, -15.311 ], [ -55.817, -15.309 ], [ -55.836, -15.326 ], [ -55.83, -15.333 ], [ -55.814, -15.321 ], [ -55.801, -15.327 ], [ -55.8, -15.338 ], [ -55.814, -15.341 ], [ -55.806, -15.349 ], [ -55.814, -15.359 ], [ -55.85, -15.372 ], [ -55.839, -15.384 ], [ -55.848, -15.401 ], [ -55.832, -15.409 ], [ -55.858, -15.419 ], [ -55.849, -15.412 ], [ -55.858, -15.406 ], [ -55.877, -15.421 ], [ -55.866, -15.423 ], [ -55.818, -15.483 ], [ -55.798, -15.476 ], [ -55.771, -15.485 ], [ -55.768, -15.475 ], [ -55.742, -15.487 ], [ -55.683, -15.481 ], [ -55.674, -15.491 ], [ -55.67, -15.482 ], [ -55.663, -15.489 ], [ -55.651, -15.482 ], [ -55.635, -15.484 ], [ -55.627, -15.501 ], [ -55.606, -15.491 ], [ -55.609, -15.511 ], [ -55.596, -15.503 ] ] ] ] } },
{ "type": "Feature", "properties": { "id_municipio": 5103056, "municipio": "Cláudia", "grupo": "resto_mt", "slug": "claudia" }, "geometry": { "type": "MultiPolygon", "coordinates": [ [ [ [ -54.847, -11.735 ], [ -54.816, -11.769 ], [ -54.806, -11.808 ], [ -54.782, -11.815 ], [ -54.756, -11.807 ], [ -54.774, -11.75 ], [ -54.767, -11.715 ], [ -54.72, -11.625 ], [ -54.713, -11.57 ], [ -54.731, -11.539 ], [ -54.719, -11.51 ], [ -54.711, -11.51 ], [ -54.723, -11.496 ], [ -54.709, -11.486 ], [ -54.717, -11.472 ], [ -54.702, -11.452 ], [ -54.709, -11.423 ], [ -54.702, -11.406 ], [ -54.689, -11.401 ], [ -54.704, -11.393 ], [ -54.704, -11.383 ], [ -54.692, -11.385 ], [ -54.7, -11.364 ], [ -54.691, -11.358 ], [ -54.7, -11.351 ], [ -54.686, -11.346 ], [ -54.694, -11.332 ], [ -54.689, -11.312 ], [ -54.681, -11.311 ], [ -54.699, -11.284 ], [ -54.702, -11.266 ], [ -54.689, -11.267 ], [ -54.699, -11.249 ], [ -54.708, -11.26 ], [ -54.728, -11.249 ], [ -54.734, -11.258 ], [ -54.745, -11.25 ], [ -54.753, -11.262 ], [ -54.759, -11.252 ], [ -54.761, -11.264 ], [ -54.767, -11.253 ], [ -54.782, -11.253 ], [ -54.789, -11.268 ], [ -54.797, -11.26 ], [ -54.8, -11.27 ], [ -54.833, -11.276 ], [ -54.836, -11.284 ], [ -54.86, -11.278 ], [ -54.857, -11.288 ], [ -54.865, -11.288 ], [ -54.914, -11.229 ], [ -54.928, -11.172 ], [ -54.984, -11.174 ], [ -55.057, -11.21 ], [ -55.11, -11.212 ], [ -55.153, -11.186 ], [ -55.177, -11.274 ], [ -55.204, -11.303 ], [ -55.228, -11.31 ], [ -55.228, -11.28 ], [ -55.282, -11.279 ], [ -55.322, -11.25 ], [ -55.329, -11.195 ], [ -55.38, -11.143 ], [ -55.416, -11.174 ], [ -55.453, -11.233 ], [ -55.454, -11.271 ], [ -55.445, -11.279 ], [ -55.468, -11.319 ], [ -55.465, -11.352 ], [ -55.428, -11.386 ], [ -55.43, -11.455 ], [ -55.413, -11.491 ], [ -55.389, -11.5 ], [ -55.351, -11.493 ], [ -55.349, -11.51 ], [ -55.313, -11.525 ], [ -55.293, -11.59 ], [ -55.285, -11.666 ], [ -55.166, -11.671 ], [ -55.142, -11.694 ], [ -55.086, -11.682 ], [ -55.062, -11.697 ], [ -55.013, -11.676 ], [ -55.001, -11.65 ], [ -54.958, -11.694 ], [ -54.881, -11.734 ], [ -54.873, -11.754 ], [ -54.859, -11.755 ], [ -54.862, -11.749 ], [ -54.847, -11.735 ] ] ] ] } },
{ "type": "Feature", "properties": { "id_municipio": 5103106, "municipio": "Cocalinho", "grupo": "resto_mt", "slug": "cocalinho" }, "geometry": { "type": "MultiPolygon", "coordinates": [ [ [ [ -50.998, -14.416 ], [ -50.988, -14.36 ], [ -50.966, -14.327 ], [ -50.977, -14.294 ], [ -50.955, -14.233 ], [ -50.911, -14.158 ], [ -50.919, -14.119 ], [ -50.904, -14.11 ], [ -50.887, -14.132 ], [ -50.871, -14.118 ], [ -50.852, -14.118 ], [ -50.832, -14.086 ], [ -50.856, -14.021 ], [ -50.847, -14.0 ], [ -50.866, -13.98 ], [ -50.866, -13.96 ], [ -50.84, -13.924 ], [ -50.841, -13.864 ], [ -50.859, -13.829 ], [ -50.854, -13.761 ], [ -50.873, -13.732 ], [ -50.806, -13.694 ], [ -50.768, -13.596 ], [ -50.759, -13.52 ], [ -50.715, -13.491 ], [ -50.684, -13.445 ], [ -50.664, -13.435 ], [ -50.665, -13.376 ], [ -50.609, -13.318 ], [ -50.607, -13.279 ], [ -50.593, -13.261 ], [ -50.584, -13.218 ], [ -50.606, -13.188 ], [ -50.594, -13.164 ], [ -50.6, -13.136 ], [ -50.592, -13.108 ], [ -50.61, -13.06 ], [ -50.598, -13.051 ], [ -50.576, -13.054 ], [ -50.569, -13.042 ], [ -50.591, -13.014 ], [ -50.591, -13.0 ], [ -50.549, -12.993 ], [ -50.526, -12.976 ], [ -50.526, -12.934 ], [ -50.511, -12.887 ], [ -50.499, -12.877 ], [ -50.519, -12.837 ], [ -50.567, -12.843 ], [ -50.601, -12.824 ], [ -50.582, -12.799 ], [ -50.603, -12.8 ], [ -50.623, -12.82 ], [ -50.625, -12.8 ], [ -50.612, -12.776 ], [ -50.636, -12.772 ], [ -50.623, -12.735 ], [ -50.637, -12.72 ], [ -50.63, -12.705 ], [ -50.645, -12.702 ], [ -50.655, -12.679 ], [ -50.646, -12.657 ], [ -50.656, -12.646 ], [ -50.684, -12.648 ], [ -50.687, -12.663 ], [ -50.7, -12.67 ], [ -50.711, -12.723 ], [ -50.729, -12.726 ], [ -50.737, -12.747 ], [ -50.727, -12.751 ], [ -50.74, -12.753 ], [ -50.739, -12.769 ], [ -50.726, -12.77 ], [ -50.73, -12.788 ], [ -50.737, -12.799 ], [ -50.754, -12.799 ], [ -50.757, -12.814 ], [ -50.779, -12.812 ], [ -50.771, -12.836 ], [ -50.775, -12.849 ], [ -50.787, -12.85 ], [ -50.782, -12.867 ], [ -50.806, -12.861 ], [ -50.843, -12.892 ], [ -50.897, -12.849 ], [ -50.945, -12.693 ], [ -50.963, -12.714 ], [ -50.994, -12.725 ], [ -50.975, -12.763 ], [ -51.003, -12.766 ], [ -50.99, -12.781 ], [ -51.008, -12.788 ], [ -51.024, -12.816 ], [ -50.998, -12.869 ], [ -51.015, -12.867 ], [ -51.032, -12.889 ], [ -51.029, -12.923 ], [ -51.067, -12.929 ], [ -51.083, -12.954 ], [ -51.116, -12.967 ], [ -51.111, -12.999 ], [ -51.126, -13.02 ], [ -51.104, -13.038 ], [ -51.118, -13.047 ], [ -51.101, -13.082 ], [ -51.139, -13.097 ], [ -51.137, -13.133 ], [ -51.174, -13.15 ], [ -51.18, -13.17 ], [ -51.2, -13.171 ], [ -51.187, -13.2 ], [ -51.207, -13.222 ], [ -51.201, -13.243 ], [ -51.272, -13.245 ], [ -51.275, -13.254 ], [ -51.261, -13.276 ], [ -51.272, -13.303 ], [ -51.342, -13.341 ], [ -51.336, -13.356 ], [ -51.308, -13.349 ], [ -51.307, -13.364 ], [ -51.347, -13.397 ], [ -51.35, -13.427 ], [ -51.409, -13.48 ], [ -51.417, -13.5 ], [ -51.413, -13.546 ], [ -51.428, -13.554 ], [ -51.433, -13.58 ], [ -51.445, -13.581 ], [ -51.44, -13.558 ], [ -51.458, -13.542 ], [ -51.463, -13.56 ], [ -51.492, -13.584 ], [ -51.472, -13.582 ], [ -51.476, -13.609 ], [ -51.465, -13.641 ], [ -51.515, -13.663 ], [ -51.555, -13.714 ], [ -51.555, -13.772 ], [ -51.595, -13.807 ], [ -51.602, -13.842 ], [ -51.616, -13.859 ], [ -51.629, -13.93 ], [ -51.701, -14.032 ], [ -51.697, -14.106 ], [ -51.706, -14.144 ], [ -51.731, -14.174 ], [ -51.724, -14.198 ], [ -51.731, -14.217 ], [ -51.702, -14.258 ], [ -51.706, -14.272 ], [ -51.688, -14.312 ], [ -51.701, -14.336 ], [ -51.697, -14.36 ], [ -51.719, -14.372 ], [ -51.707, -14.38 ], [ -51.716, -14.396 ], [ -51.704, -14.428 ], [ -51.719, -14.43 ], [ -51.708, -14.454 ], [ -51.725, -14.46 ], [ -51.71, -14.471 ], [ -51.691, -14.536 ], [ -51.62, -14.521 ], [ -51.623, -14.498 ], [ -51.609, -14.491 ], [ -51.593, -14.454 ], [ -51.56, -14.434 ], [ -51.533, -14.383 ], [ -51.508, -14.384 ], [ -51.476, -14.355 ], [ -51.442, -14.357 ], [ -51.39, -14.399 ], [ -51.383, -14.434 ], [ -51.39, -14.469 ], [ -51.38, -14.496 ], [ -51.423, -14.543 ], [ -51.439, -14.593 ], [ -51.469, -14.618 ], [ -51.477, -14.664 ], [ -51.538, -14.721 ], [ -51.549, -14.772 ], [ -51.544, -14.793 ], [ -51.558, -14.826 ], [ -51.55, -14.841 ], [ -51.571, -14.872 ], [ -51.588, -14.877 ], [ -51.601, -14.914 ], [ -51.593, -14.942 ], [ -51.62, -14.991 ], [ -51.35, -14.99 ], [ -51.329, -14.97 ], [ -51.304, -14.984 ], [ -51.295, -15.03 ], [ -51.272, -15.045 ], [ -51.157, -14.986 ], [ -51.148, -14.946 ], [ -51.087, -14.921 ], [ -51.09, -14.84 ], [ -51.071, -14.81 ], [ -51.045, -14.793 ], [ -51.058, -14.752 ], [ -51.029, -14.707 ], [ -51.027, -14.659 ], [ -50.993, -14.612 ], [ -50.996, -14.575 ], [ -50.963, -14.524 ], [ -50.973, -14.505 ], [ -50.969, -14.475 ], [ -50.989, -14.454 ], [ -50.985, -14.432 ], [ -50.998, -14.416 ] ] ] ] } },
{ "type": "Feature", "properties": { "id_municipio": 5103205, "municipio": "Colíder", "grupo": "resto_mt", "slug": "colider" }, "geometry": { "type": "MultiPolygon", "coordinates": [ [ [ [ -55.225, -10.816 ], [ -55.169, -10.779 ], [ -55.173, -10.761 ], [ -55.158, -10.7 ], [ -55.23, -10.602 ], [ -55.24, -10.566 ], [ -55.311, -10.535 ], [ -55.333, -10.512 ], [ -55.335, -10.491 ], [ -55.356, -10.474 ], [ -55.431, -10.442 ], [ -55.438, -10.392 ], [ -55.459, -10.349 ], [ -55.462, -10.299 ], [ -55.473, -10.289 ], [ -55.471, -10.269 ], [ -55.483, -10.247 ], [ -55.465, -10.229 ], [ -55.508, -10.19 ], [ -55.517, -10.161 ], [ -55.548, -10.132 ], [ -55.57, -10.127 ], [ -55.58, -10.169 ], [ -55.574, -10.187 ], [ -55.592, -10.221 ], [ -55.639, -10.249 ], [ -55.672, -10.257 ], [ -55.69, -10.249 ], [ -55.694, -10.285 ], [ -55.707, -10.297 ], [ -55.65, -10.354 ], [ -55.663, -10.388 ], [ -55.651, -10.409 ], [ -55.646, -10.453 ], [ -55.636, -10.458 ], [ -55.642, -10.508 ], [ -55.623, -10.529 ], [ -55.637, -10.556 ], [ -55.642, -10.596 ], [ -55.62, -10.612 ], [ -55.626, -10.629 ], [ -55.646, -10.64 ], [ -55.657, -10.67 ], [ -55.666, -10.718 ], [ -55.662, -10.747 ], [ -55.652, -10.755 ], [ -55.66, -10.767 ], [ -55.656, -10.787 ], [ -55.675, -10.817 ], [ -55.649, -10.904 ], [ -55.635, -10.923 ], [ -55.597, -10.938 ], [ -55.597, -10.95 ], [ -55.617, -10.961 ], [ -55.55, -10.958 ], [ -55.532, -10.979 ], [ -55.523, -11.015 ], [ -55.508, -11.017 ], [ -55.478, -10.999 ], [ -55.446, -11.014 ], [ -55.432, -10.973 ], [ -55.394, -10.924 ], [ -55.258, -10.867 ], [ -55.225, -10.816 ] ] ] ] } },
{ "type": "Feature", "properties": { "id_municipio": 5103254, "municipio": "Colniza", "grupo": "resto_mt", "slug": "colniza" }, "geometry": { "type": "MultiPolygon", "coordinates": [ [ [ [ -58.978, -9.376 ], [ -59.017, -9.365 ], [ -59.004, -9.354 ], [ -58.991, -9.361 ], [ -58.981, -9.342 ], [ -58.954, -9.336 ], [ -58.949, -9.313 ], [ -58.974, -9.301 ], [ -58.994, -9.264 ], [ -59.036, -9.254 ], [ -59.045, -9.228 ], [ -58.999, -9.232 ], [ -58.985, -9.225 ], [ -58.987, -9.211 ], [ -59.029, -9.19 ], [ -59.031, -9.161 ], [ -59.017, -9.137 ], [ -58.987, -9.12 ], [ -58.971, -9.069 ], [ -58.975, -9.05 ], [ -59.012, -9.046 ], [ -59.019, -9.012 ], [ -59.036, -9.004 ], [ -59.046, -8.978 ], [ -58.99, -8.921 ], [ -59.022, -8.904 ], [ -59.009, -8.895 ], [ -59.026, -8.861 ], [ -59.052, -8.851 ], [ -59.066, -8.83 ], [ -59.092, -8.834 ], [ -59.127, -8.803 ], [ -61.583, -8.799 ], [ -61.543, -8.819 ], [ -61.524, -8.819 ], [ -61.512, -8.864 ], [ -61.469, -8.917 ], [ -61.511, -8.976 ], [ -61.556, -9.092 ], [ -61.555, -9.131 ], [ -61.52, -9.195 ], [ -61.526, -9.246 ], [ -61.577, -9.238 ], [ -61.6, -9.256 ], [ -61.628, -9.257 ], [ -61.633, -9.271 ], [ -61.626, -9.284 ], [ -61.612, -9.281 ], [ -61.611, -9.316 ], [ -61.625, -9.336 ], [ -61.626, -9.363 ], [ -61.612, -9.356 ], [ -61.553, -9.387 ], [ -61.561, -9.401 ], [ -61.551, -9.418 ], [ -61.582, -9.459 ], [ -61.572, -9.464 ], [ -61.579, -9.472 ], [ -61.526, -9.502 ], [ -61.55, -9.515 ], [ -61.527, -9.533 ], [ -61.513, -9.529 ], [ -61.51, -9.565 ], [ -61.495, -9.579 ], [ -61.503, -9.615 ], [ -61.477, -9.629 ], [ -61.494, -9.659 ], [ -61.507, -9.662 ], [ -61.505, -9.691 ], [ -61.532, -9.712 ], [ -61.546, -9.715 ], [ -61.553, -9.707 ], [ -61.575, -9.718 ], [ -61.567, -9.729 ], [ -61.532, -9.74 ], [ -61.547, -9.788 ], [ -61.525, -9.796 ], [ -61.532, -9.82 ], [ -61.518, -9.823 ], [ -61.508, -9.861 ], [ -61.509, -9.892 ], [ -61.525, -9.907 ], [ -61.523, -9.948 ], [ -61.539, -9.964 ], [ -61.528, -9.97 ], [ -61.54, -10.0 ], [ -61.43, -10.0 ], [ -61.412, -10.018 ], [ -61.39, -10.015 ], [ -61.359, -10.04 ], [ -61.35, -10.028 ], [ -61.305, -10.027 ], [ -61.301, -10.013 ], [ -61.252, -10.023 ], [ -61.279, -10.004 ], [ -61.279, -9.967 ], [ -61.29, -9.953 ], [ -61.282, -9.942 ], [ -61.231, -9.958 ], [ -61.213, -9.972 ], [ -61.215, -9.992 ], [ -61.182, -10.004 ], [ -61.175, -10.021 ], [ -61.128, -10.05 ], [ -61.137, -10.031 ], [ -61.121, -10.022 ], [ -61.117, -9.991 ], [ -61.093, -9.989 ], [ -61.061, -9.971 ], [ -61.053, -9.982 ], [ -61.021, -9.961 ], [ -60.964, -9.89 ], [ -60.909, -9.846 ], [ -60.926, -9.83 ], [ -60.877, -9.772 ], [ -60.788, -9.737 ], [ -60.787, -9.727 ], [ -60.767, -9.717 ], [ -60.776, -9.704 ], [ -60.758, -9.697 ], [ -60.746, -9.694 ], [ -60.713, -9.714 ], [ -60.716, -9.699 ], [ -60.702, -9.702 ], [ -60.677, -9.671 ], [ -60.687, -9.655 ], [ -60.678, -9.657 ], [ -60.678, -9.644 ], [ -60.655, -9.648 ], [ -60.647, -9.638 ], [ -60.661, -9.627 ], [ -60.656, -9.602 ], [ -60.61, -9.56 ], [ -60.596, -9.561 ], [ -60.583, -9.519 ], [ -60.587, -9.477 ], [ -60.616, -9.415 ], [ -60.625, -9.36 ], [ -60.666, -9.327 ], [ -60.691, -9.287 ], [ -60.478, -9.317 ], [ -60.268, -9.321 ], [ -60.26, -9.339 ], [ -60.21, -9.364 ], [ -60.169, -9.401 ], [ -60.153, -9.398 ], [ -60.065, -9.425 ], [ -60.035, -9.388 ], [ -60.01, -9.38 ], [ -59.985, -9.418 ], [ -59.963, -9.409 ], [ -59.915, -9.414 ], [ -59.882, -9.463 ], [ -59.867, -9.447 ], [ -59.837, -9.478 ], [ -59.769, -9.486 ], [ -59.765, -9.515 ], [ -59.781, -9.565 ], [ -59.833, -9.605 ], [ -59.837, -9.617 ], [ -59.787, -9.763 ], [ -59.666, -9.823 ], [ -59.647, -9.867 ], [ -59.612, -9.881 ], [ -59.587, -9.874 ], [ -59.574, -9.882 ], [ -59.573, -9.859 ], [ -59.562, -9.863 ], [ -59.557, -9.849 ], [ -59.572, -9.853 ], [ -59.574, -9.844 ], [ -59.552, -9.838 ], [ -59.537, -9.81 ], [ -59.531, -9.831 ], [ -59.519, -9.813 ], [ -59.499, -9.822 ], [ -59.477, -9.8 ], [ -59.482, -9.788 ], [ -59.455, -9.791 ], [ -59.449, -9.77 ], [ -59.428, -9.782 ], [ -59.438, -9.771 ], [ -59.423, -9.76 ], [ -59.426, -9.775 ], [ -59.392, -9.78 ], [ -59.374, -9.772 ], [ -59.346, -9.801 ], [ -59.333, -9.791 ], [ -59.263, -9.782 ], [ -59.262, -9.775 ], [ -59.228, -9.791 ], [ -59.221, -9.783 ], [ -59.201, -9.79 ], [ -59.187, -9.783 ], [ -59.179, -9.791 ], [ -59.156, -9.773 ], [ -59.168, -9.821 ], [ -59.159, -9.867 ], [ -59.166, -9.922 ], [ -59.206, -9.941 ], [ -59.209, -9.966 ], [ -59.191, -9.989 ], [ -59.169, -9.998 ], [ -59.16, -9.985 ], [ -59.149, -9.999 ], [ -59.132, -9.991 ], [ -59.112, -9.997 ], [ -59.099, -9.991 ], [ -59.103, -9.972 ], [ -59.082, -9.983 ], [ -59.031, -9.989 ], [ -59.028, -9.979 ], [ -59.001, -9.979 ], [ -58.983, -9.968 ], [ -58.962, -9.929 ], [ -58.966, -9.89 ], [ -58.996, -9.853 ], [ -59.01, -9.854 ], [ -58.997, -9.788 ], [ -59.019, -9.755 ], [ -59.023, -9.727 ], [ -59.01, -9.717 ], [ -59.039, -9.673 ], [ -59.043, -9.634 ], [ -59.032, -9.614 ], [ -59.041, -9.591 ], [ -59.029, -9.56 ], [ -58.983, -9.563 ], [ -58.977, -9.547 ], [ -58.997, -9.518 ], [ -58.994, -9.476 ], [ -58.938, -9.439 ], [ -58.978, -9.376 ] ] ] ] } },
{ "type": "Feature", "properties": { "id_municipio": 5103304, "municipio": "Comodoro", "grupo": "resto_mt", "slug": "comodoro" }, "geometry": { "type": "MultiPolygon", "coordinates": [ [ [ [ -59.255, -12.306 ], [ -59.271, -12.29 ], [ -59.335, -12.28 ], [ -59.366, -12.292 ], [ -59.454, -12.284 ], [ -59.484, -12.287 ], [ -59.499, -12.3 ], [ -59.558, -12.298 ], [ -59.572, -12.309 ], [ -59.585, -12.301 ], [ -59.599, -12.314 ], [ -59.638, -12.305 ], [ -59.689, -12.32 ], [ -59.709, -12.31 ], [ -59.73, -12.329 ], [ -59.793, -12.346 ], [ -59.843, -12.425 ], [ -59.844, -12.467 ], [ -59.898, -12.502 ], [ -59.896, -12.536 ], [ -59.929, -12.58 ], [ -59.973, -12.61 ], [ -59.982, -12.592 ], [ -60.003, -12.592 ], [ -60.003, -12.603 ], [ -60.045, -12.642 ], [ -60.046, -12.662 ], [ -60.065, -12.671 ], [ -60.066, -12.694 ], [ -60.056, -12.704 ], [ -60.075, -12.733 ], [ -60.059, -12.786 ], [ -60.068, -12.789 ], [ -60.066, -12.811 ], [ -60.083, -12.853 ], [ -60.081, -12.889 ], [ -60.105, -12.919 ], [ -60.117, -12.96 ], [ -60.14, -12.97 ], [ -60.151, -12.964 ], [ -60.189, -12.971 ], [ -60.214, -13.007 ], [ -60.215, -13.027 ], [ -60.241, -13.038 ], [ -60.268, -13.077 ], [ -60.283, -13.081 ], [ -60.281, -13.136 ], [ -60.269, -13.145 ], [ -60.304, -13.178 ], [ -60.328, -13.23 ], [ -60.326, -13.253 ], [ -60.339, -13.272 ], [ -60.352, -13.273 ], [ -60.352, -13.292 ], [ -60.365, -13.3 ], [ -60.373, -13.324 ], [ -60.369, -13.359 ], [ -60.38, -13.375 ], [ -60.372, -13.409 ], [ -60.384, -13.449 ], [ -60.412, -13.462 ], [ -60.432, -13.488 ], [ -60.511, -13.504 ], [ -60.532, -13.518 ], [ -60.533, -13.536 ], [ -60.578, -13.565 ], [ -60.632, -13.572 ], [ -60.641, -13.597 ], [ -60.686, -13.625 ], [ -60.702, -13.66 ], [ -60.697, -13.667 ], [ -60.717, -13.682 ], [ -60.697, -13.715 ], [ -60.69, -13.699 ], [ -60.681, -13.72 ], [ -60.656, -13.738 ], [ -60.619, -13.721 ], [ -60.607, -13.746 ], [ -60.575, -13.747 ], [ -60.579, -13.756 ], [ -60.566, -13.758 ], [ -60.569, -13.769 ], [ -60.55, -13.782 ], [ -60.548, -13.77 ], [ -60.523, -13.769 ], [ -60.517, -13.778 ], [ -60.529, -13.792 ], [ -60.467, -13.796 ], [ -60.479, -13.806 ], [ -60.467, -13.82 ], [ -60.49, -13.823 ], [ -60.469, -13.833 ], [ -60.493, -13.855 ], [ -60.455, -13.857 ], [ -60.476, -13.886 ], [ -60.451, -13.884 ], [ -60.451, -13.936 ], [ -60.444, -13.939 ], [ -60.444, -13.93 ], [ -60.427, -13.943 ], [ -60.419, -13.937 ], [ -60.419, -13.948 ], [ -60.41, -13.95 ], [ -60.428, -13.963 ], [ -60.416, -13.98 ], [ -60.387, -13.98 ], [ -60.375, -14.018 ], [ -60.35, -14.009 ], [ -60.318, -14.066 ], [ -60.168, -14.012 ], [ -60.127, -14.027 ], [ -60.044, -14.031 ], [ -60.001, -14.052 ], [ -59.993, -14.04 ], [ -59.973, -14.041 ], [ -59.951, -14.056 ], [ -59.95, -14.078 ], [ -59.919, -14.083 ], [ -59.902, -14.123 ], [ -59.839, -14.178 ], [ -59.842, -14.153 ], [ -59.825, -14.12 ], [ -59.827, -14.081 ], [ -59.807, -14.043 ], [ -59.75, -14.033 ], [ -59.736, -14.096 ], [ -59.714, -14.121 ], [ -59.686, -14.092 ], [ -59.628, -14.09 ], [ -59.624, -14.077 ], [ -59.58, -14.057 ], [ -59.536, -14.01 ], [ -59.481, -14.019 ], [ -59.457, -14.042 ], [ -59.435, -14.037 ], [ -59.425, -14.02 ], [ -59.371, -13.982 ], [ -59.384, -13.928 ], [ -59.37, -13.915 ], [ -59.371, -13.902 ], [ -59.377, -13.909 ], [ -59.39, -13.901 ], [ -59.387, -13.891 ], [ -59.378, -13.898 ], [ -59.375, -13.887 ], [ -59.412, -13.851 ], [ -59.435, -13.859 ], [ -59.434, -13.836 ], [ -59.444, -13.835 ], [ -59.45, -13.817 ], [ -59.444, -13.807 ], [ -59.458, -13.791 ], [ -59.451, -13.733 ], [ -59.46, -13.698 ], [ -59.421, -13.633 ], [ -59.419, -13.592 ], [ -59.428, -13.58 ], [ -59.42, -13.571 ], [ -59.429, -13.565 ], [ -59.413, -13.528 ], [ -59.424, -13.518 ], [ -59.388, -13.471 ], [ -59.407, -13.432 ], [ -59.397, -13.42 ], [ -59.394, -13.372 ], [ -59.405, -13.367 ], [ -59.395, -13.347 ], [ -59.414, -13.322 ], [ -59.415, -13.297 ], [ -59.428, -13.29 ], [ -59.426, -13.272 ], [ -59.408, -13.242 ], [ -59.39, -13.235 ], [ -59.381, -13.174 ], [ -59.362, -13.156 ], [ -59.353, -13.123 ], [ -59.339, -13.108 ], [ -59.32, -13.109 ], [ -59.318, -13.093 ], [ -59.309, -13.083 ], [ -59.296, -13.085 ], [ -59.287, -13.062 ], [ -59.268, -13.064 ], [ -59.247, -13.044 ], [ -59.248, -13.005 ], [ -59.232, -12.995 ], [ -59.248, -12.982 ], [ -59.231, -12.923 ], [ -59.185, -12.893 ], [ -59.143, -12.841 ], [ -59.11, -12.839 ], [ -59.109, -12.826 ], [ -59.054, -12.768 ], [ -59.032, -12.705 ], [ -58.979, -12.688 ], [ -58.968, -12.667 ], [ -58.933, -12.646 ], [ -58.938, -12.635 ], [ -58.924, -12.62 ], [ -58.931, -12.571 ], [ -58.908, -12.531 ], [ -58.912, -12.501 ], [ -58.857, -12.447 ], [ -58.846, -12.333 ], [ -58.876, -12.258 ], [ -58.872, -12.212 ], [ -58.964, -12.224 ], [ -58.989, -12.239 ], [ -59.011, -12.236 ], [ -59.033, -12.256 ], [ -59.034, -12.249 ], [ -59.049, -12.254 ], [ -59.048, -12.264 ], [ -59.055, -12.259 ], [ -59.093, -12.304 ], [ -59.116, -12.311 ], [ -59.107, -12.319 ], [ -59.126, -12.337 ], [ -59.131, -12.358 ], [ -59.163, -12.368 ], [ -59.188, -12.358 ], [ -59.191, -12.336 ], [ -59.221, -12.309 ], [ -59.255, -12.306 ] ] ] ] } },
{ "type": "Feature", "properties": { "id_municipio": 5103353, "municipio": "Confresa", "grupo": "resto_mt", "slug": "confresa" }, "geometry": { "type": "MultiPolygon", "coordinates": [ [ [ [ -51.355, -10.749 ], [ -51.347, -10.719 ], [ -51.362, -10.701 ], [ -51.357, -10.669 ], [ -51.371, -10.639 ], [ -51.338, -10.621 ], [ -51.326, -10.633 ], [ -51.305, -10.629 ], [ -51.325, -10.581 ], [ -51.291, -10.568 ], [ -51.293, -10.537 ], [ -51.263, -10.502 ], [ -51.275, -10.473 ], [ -51.334, -10.428 ], [ -51.284, -10.408 ], [ -51.23, -10.291 ], [ -51.171, -10.274 ], [ -51.153, -10.254 ], [ -51.161, -10.246 ], [ -51.252, -10.223 ], [ -51.308, -10.251 ], [ -51.338, -10.236 ], [ -51.371, -10.2 ], [ -51.36, -10.189 ], [ -51.359, -10.168 ], [ -51.407, -10.173 ], [ -51.463, -10.122 ], [ -51.471, -10.129 ], [ -51.526, -10.122 ], [ -51.563, -10.152 ], [ -51.586, -10.151 ], [ -51.625, -10.108 ], [ -51.658, -10.096 ], [ -51.668, -10.102 ], [ -51.675, -10.074 ], [ -51.71, -10.079 ], [ -51.718, -10.068 ], [ -51.732, -10.071 ], [ -51.755, -10.118 ], [ -51.796, -10.103 ], [ -51.848, -10.112 ], [ -51.893, -10.097 ], [ -51.917, -10.104 ], [ -51.955, -10.094 ], [ -51.977, -10.073 ], [ -52.007, -10.092 ], [ -52.023, -10.077 ], [ -52.063, -10.092 ], [ -52.071, -10.159 ], [ -52.094, -10.173 ], [ -52.064, -10.205 ], [ -52.117, -10.232 ], [ -52.123, -10.264 ], [ -52.155, -10.278 ], [ -52.168, -10.32 ], [ -52.165, -10.359 ], [ -52.19, -10.363 ], [ -52.171, -10.382 ], [ -52.203, -10.398 ], [ -52.191, -10.411 ], [ -52.21, -10.42 ], [ -52.19, -10.428 ], [ -52.218, -10.445 ], [ -52.19, -10.461 ], [ -52.191, -10.478 ], [ -52.16, -10.506 ], [ -52.131, -10.517 ], [ -52.124, -10.55 ], [ -52.077, -10.538 ], [ -52.056, -10.55 ], [ -52.029, -10.539 ], [ -51.966, -10.55 ], [ -51.968, -10.61 ], [ -51.946, -10.656 ], [ -51.925, -10.658 ], [ -51.904, -10.646 ], [ -51.866, -10.669 ], [ -51.837, -10.664 ], [ -51.82, -10.692 ], [ -51.825, -10.711 ], [ -51.813, -10.714 ], [ -51.817, -10.727 ], [ -51.355, -10.749 ] ] ] ] } },
{ "type": "Feature", "properties": { "id_municipio": 5103361, "municipio": "Conquista D'Oeste", "grupo": "resto_mt", "slug": "conquista-d-oeste" }, "geometry": { "type": "MultiPolygon", "coordinates": [ [ [ [ -59.594, -14.641 ], [ -59.604, -14.652 ], [ -59.613, -14.739 ], [ -59.609, -14.756 ], [ -59.567, -14.795 ], [ -59.584, -14.82 ], [ -59.447, -14.959 ], [ -59.396, -14.963 ], [ -59.368, -14.954 ], [ -59.37, -14.928 ], [ -59.348, -14.913 ], [ -59.335, -14.878 ], [ -59.284, -14.859 ], [ -59.263, -14.833 ], [ -59.24, -14.838 ], [ -59.225, -14.824 ], [ -59.203, -14.826 ], [ -59.176, -14.787 ], [ -59.146, -14.769 ], [ -59.142, -14.754 ], [ -59.16, -14.754 ], [ -59.167, -14.735 ], [ -59.147, -14.669 ], [ -59.108, -14.663 ], [ -59.104, -14.654 ], [ -59.076, -14.658 ], [ -59.039, -14.635 ], [ -59.037, -14.61 ], [ -59.051, -14.593 ], [ -59.049, -14.534 ], [ -59.076, -14.522 ], [ -59.064, -14.475 ], [ -59.072, -14.444 ], [ -59.06, -14.43 ], [ -59.068, -14.422 ], [ -59.065, -14.386 ], [ -59.053, -14.362 ], [ -59.067, -14.293 ], [ -59.091, -14.276 ], [ -59.098, -14.302 ], [ -59.137, -14.325 ], [ -59.144, -14.343 ], [ -59.193, -14.344 ], [ -59.212, -14.357 ], [ -59.223, -14.351 ], [ -59.266, -14.367 ], [ -59.291, -14.389 ], [ -59.307, -14.434 ], [ -59.299, -14.458 ], [ -59.31, -14.507 ], [ -59.335, -14.545 ], [ -59.358, -14.527 ], [ -59.408, -14.515 ], [ -59.439, -14.479 ], [ -59.455, -14.494 ], [ -59.473, -14.474 ], [ -59.515, -14.456 ], [ -59.562, -14.463 ], [ -59.568, -14.475 ], [ -59.63, -14.499 ], [ -59.645, -14.527 ], [ -59.597, -14.553 ], [ -59.587, -14.582 ], [ -59.594, -14.641 ] ] ] ] } },
{ "type": "Feature", "properties": { "id_municipio": 5103379, "municipio": "Cotriguaçu", "grupo": "resto_mt", "slug": "cotriguacu" }, "geometry": { "type": "MultiPolygon", "coordinates": [ [ [ [ -58.217, -9.935 ], [ -58.223, -9.875 ], [ -58.195, -9.844 ], [ -58.195, -9.805 ], [ -58.208, -9.79 ], [ -58.222, -9.709 ], [ -58.261, -9.65 ], [ -58.264, -9.601 ], [ -58.253, -9.556 ], [ -58.259, -9.5 ], [ -58.276, -9.467 ], [ -58.299, -9.445 ], [ -58.328, -9.445 ], [ -58.346, -9.458 ], [ -58.421, -9.457 ], [ -58.49, -9.408 ], [ -58.531, -9.401 ], [ -58.549, -9.367 ], [ -58.6, -9.334 ], [ -58.639, -9.211 ], [ -58.654, -9.203 ], [ -58.656, -9.144 ], [ -58.642, -9.134 ], [ -58.627, -9.097 ], [ -58.598, -9.087 ], [ -58.592, -9.048 ], [ -58.604, -9.007 ], [ -58.551, -8.942 ], [ -58.568, -8.926 ], [ -58.555, -8.914 ], [ -58.563, -8.892 ], [ -58.547, -8.886 ], [ -58.525, -8.903 ], [ -58.504, -8.893 ], [ -58.459, -8.841 ], [ -58.442, -8.799 ], [ -59.127, -8.803 ], [ -59.092, -8.834 ], [ -59.066, -8.83 ], [ -59.052, -8.851 ], [ -59.026, -8.861 ], [ -59.009, -8.895 ], [ -59.022, -8.904 ], [ -58.99, -8.921 ], [ -59.046, -8.978 ], [ -59.036, -9.004 ], [ -59.019, -9.012 ], [ -59.012, -9.046 ], [ -58.975, -9.05 ], [ -58.971, -9.069 ], [ -58.987, -9.12 ], [ -59.017, -9.137 ], [ -59.031, -9.161 ], [ -59.029, -9.19 ], [ -58.987, -9.211 ], [ -58.985, -9.225 ], [ -59.045, -9.234 ], [ -59.036, -9.254 ], [ -58.99, -9.267 ], [ -58.974, -9.3 ], [ -58.95, -9.311 ], [ -58.946, -9.324 ], [ -58.961, -9.341 ], [ -58.982, -9.343 ], [ -58.991, -9.361 ], [ -59.004, -9.354 ], [ -59.017, -9.365 ], [ -58.978, -9.376 ], [ -58.938, -9.439 ], [ -58.996, -9.479 ], [ -58.999, -9.511 ], [ -58.978, -9.543 ], [ -58.983, -9.563 ], [ -59.029, -9.56 ], [ -59.041, -9.591 ], [ -59.032, -9.614 ], [ -59.043, -9.634 ], [ -59.039, -9.673 ], [ -59.025, -9.7 ], [ -59.014, -9.703 ], [ -59.01, -9.717 ], [ -59.024, -9.737 ], [ -58.997, -9.788 ], [ -59.01, -9.854 ], [ -58.987, -9.861 ], [ -58.961, -9.908 ], [ -58.969, -9.914 ], [ -58.966, -9.944 ], [ -58.997, -9.977 ], [ -59.023, -9.98 ], [ -59.019, -9.993 ], [ -58.989, -10.002 ], [ -58.969, -9.994 ], [ -58.97, -10.006 ], [ -58.956, -10.0 ], [ -58.95, -10.024 ], [ -58.933, -10.015 ], [ -58.912, -10.039 ], [ -58.893, -10.03 ], [ -58.868, -10.068 ], [ -58.843, -10.073 ], [ -58.835, -10.066 ], [ -58.818, -10.088 ], [ -58.844, -10.131 ], [ -58.323, -10.128 ], [ -58.294, -10.104 ], [ -58.23, -9.998 ], [ -58.234, -9.952 ], [ -58.217, -9.935 ] ] ] ] } },
{ "type": "Feature", "properties": { "id_municipio": 5103403, "municipio": "Cuiabá", "grupo": "polo_metropolitano", "slug": "cuiaba" }, "geometry": { "type": "MultiPolygon", "coordinates": [ [ [ [ -55.71, -15.705 ], [ -55.671, -15.727 ], [ -55.633, -15.715 ], [ -55.619, -15.737 ], [ -55.539, -15.737 ], [ -55.541, -15.755 ], [ -55.53, -15.758 ], [ -55.549, -15.772 ], [ -55.548, -15.764 ], [ -55.567, -15.772 ], [ -55.576, -15.792 ], [ -55.557, -15.806 ], [ -55.582, -15.806 ], [ -55.563, -15.81 ], [ -55.567, -15.818 ], [ -55.554, -15.809 ], [ -55.556, -15.829 ], [ -55.541, -15.836 ], [ -55.541, -15.854 ], [ -55.559, -15.852 ], [ -55.547, -15.861 ], [ -55.572, -15.871 ], [ -55.563, -15.883 ], [ -55.581, -15.908 ], [ -55.552, -15.921 ], [ -55.544, -15.907 ], [ -55.532, -15.914 ], [ -55.529, -15.902 ], [ -55.517, -15.907 ], [ -55.514, -15.884 ], [ -55.504, -15.886 ], [ -55.504, -15.901 ], [ -55.497, -15.895 ], [ -55.496, -15.907 ], [ -55.462, -15.871 ], [ -55.474, -15.886 ], [ -55.469, -15.906 ], [ -55.486, -15.944 ], [ -55.516, -15.975 ], [ -55.508, -15.988 ], [ -55.498, -15.979 ], [ -55.496, -15.989 ], [ -55.49, -15.971 ], [ -55.457, -15.94 ], [ -55.438, -15.945 ], [ -55.435, -15.932 ], [ -55.408, -15.927 ], [ -55.407, -15.91 ], [ -55.39, -15.903 ], [ -55.383, -15.883 ], [ -55.329, -15.882 ], [ -55.319, -15.873 ], [ -55.309, -15.888 ], [ -55.302, -15.855 ], [ -55.31, -15.845 ], [ -55.362, -15.814 ], [ -55.41, -15.82 ], [ -55.386, -15.771 ], [ -55.421, -15.754 ], [ -55.412, -15.738 ], [ -55.421, -15.715 ], [ -55.396, -15.691 ], [ -55.425, -15.662 ], [ -55.382, -15.634 ], [ -55.448, -15.632 ], [ -55.459, -15.618 ], [ -55.479, -15.616 ], [ -55.515, -15.625 ], [ -55.487, -15.589 ], [ -55.517, -15.599 ], [ -55.509, -15.585 ], [ -55.535, -15.588 ], [ -55.524, -15.573 ], [ -55.539, -15.577 ], [ -55.538, -15.564 ], [ -55.567, -15.583 ], [ -55.571, -15.575 ], [ -55.558, -15.559 ], [ -55.58, -15.56 ], [ -55.564, -15.537 ], [ -55.59, -15.552 ], [ -55.591, -15.527 ], [ -55.6, -15.526 ], [ -55.596, -15.503 ], [ -55.611, -15.51 ], [ -55.606, -15.491 ], [ -55.627, -15.501 ], [ -55.635, -15.484 ], [ -55.651, -15.482 ], [ -55.663, -15.489 ], [ -55.67, -15.482 ], [ -55.674, -15.491 ], [ -55.683, -15.481 ], [ -55.742, -15.487 ], [ -55.768, -15.475 ], [ -55.771, -15.485 ], [ -55.798, -15.476 ], [ -55.818, -15.483 ], [ -55.866, -15.423 ], [ -55.877, -15.421 ], [ -55.858, -15.406 ], [ -55.849, -15.412 ], [ -55.858, -15.419 ], [ -55.832, -15.409 ], [ -55.848, -15.401 ], [ -55.839, -15.384 ], [ -55.85, -15.372 ], [ -55.814, -15.359 ], [ -55.806, -15.349 ], [ -55.814, -15.341 ], [ -55.8, -15.338 ], [ -55.801, -15.327 ], [ -55.814, -15.321 ], [ -55.83, -15.333 ], [ -55.836, -15.326 ], [ -55.817, -15.309 ], [ -55.839, -15.311 ], [ -55.835, -15.303 ], [ -55.875, -15.292 ], [ -55.873, -15.283 ], [ -55.887, -15.282 ], [ -55.889, -15.272 ], [ -55.925, -15.284 ], [ -55.956, -15.268 ], [ -55.951, -15.253 ], [ -55.967, -15.239 ], [ -55.944, -15.226 ], [ -55.937, -15.244 ], [ -55.902, -15.194 ], [ -55.912, -15.187 ], [ -55.921, -15.071 ], [ -56.006, -15.097 ], [ -56.072, -15.081 ], [ -56.11, -15.082 ], [ -56.13, -15.096 ], [ -56.102, -15.114 ], [ -56.222, -15.193 ], [ -56.266, -15.2 ], [ -56.275, -15.21 ], [ -56.28, -15.232 ], [ -56.302, -15.254 ], [ -56.277, -15.289 ], [ -56.286, -15.316 ], [ -56.281, -15.339 ], [ -56.242, -15.371 ], [ -56.232, -15.414 ], [ -56.246, -15.435 ], [ -56.246, -15.459 ], [ -56.219, -15.471 ], [ -56.184, -15.509 ], [ -56.193, -15.523 ], [ -56.172, -15.535 ], [ -56.164, -15.559 ], [ -56.142, -15.561 ], [ -56.134, -15.579 ], [ -56.144, -15.598 ], [ -56.13, -15.628 ], [ -56.104, -15.616 ], [ -56.07, -15.644 ], [ -56.071, -15.68 ], [ -56.113, -15.693 ], [ -56.103, -15.715 ], [ -56.111, -15.742 ], [ -56.126, -15.757 ], [ -56.142, -15.756 ], [ -56.146, -15.77 ], [ -56.096, -15.768 ], [ -55.893, -15.699 ], [ -55.71, -15.705 ] ] ], [ [ [ -55.255, -16.173 ], [ -55.273, -16.187 ], [ -55.293, -16.262 ], [ -55.32, -16.298 ], [ -55.349, -16.314 ], [ -55.371, -16.358 ], [ -55.353, -16.367 ], [ -55.359, -16.382 ], [ -55.39, -16.387 ], [ -55.375, -16.406 ], [ -55.346, -16.409 ], [ -55.348, -16.422 ], [ -55.317, -16.421 ], [ -55.312, -16.438 ], [ -55.29, -16.404 ], [ -55.294, -16.435 ], [ -55.266, -16.429 ], [ -55.288, -16.444 ], [ -55.282, -16.457 ], [ -55.299, -16.452 ], [ -55.284, -16.462 ], [ -55.289, -16.487 ], [ -55.276, -16.495 ], [ -55.302, -16.527 ], [ -55.271, -16.522 ], [ -55.249, -16.537 ], [ -55.226, -16.524 ], [ -55.18, -16.529 ], [ -55.196, -16.499 ], [ -55.171, -16.505 ], [ -55.17, -16.52 ], [ -55.145, -16.507 ], [ -55.143, -16.498 ], [ -55.159, -16.503 ], [ -55.151, -16.494 ], [ -55.157, -16.487 ], [ -55.145, -16.485 ], [ -55.127, -16.461 ], [ -55.153, -16.471 ], [ -55.142, -16.459 ], [ -55.159, -16.465 ], [ -55.156, -16.443 ], [ -55.2, -16.453 ], [ -55.255, -16.173 ] ] ] ] } },
{ "type": "Feature", "properties": { "id_municipio": 5103437, "municipio": "Curvelândia", "grupo": "pantanal_norte", "slug": "curvelandia" }, "geometry": { "type": "MultiPolygon", "coordinates": [ [ [ [ -57.88, -15.718 ], [ -57.89, -15.75 ], [ -57.798, -15.778 ], [ -57.796, -15.763 ], [ -57.803, -15.764 ], [ -57.812, -15.741 ], [ -57.812, -15.684 ], [ -57.802, -15.65 ], [ -57.785, -15.65 ], [ -57.783, -15.639 ], [ -57.798, -15.611 ], [ -57.818, -15.607 ], [ -57.815, -15.596 ], [ -57.832, -15.584 ], [ -57.819, -15.569 ], [ -57.848, -15.543 ], [ -57.835, -15.533 ], [ -57.835, -15.502 ], [ -57.889, -15.485 ], [ -57.895, -15.467 ], [ -57.913, -15.487 ], [ -57.916, -15.514 ], [ -57.906, -15.554 ], [ -57.936, -15.552 ], [ -57.959, -15.529 ], [ -57.991, -15.563 ], [ -57.988, -15.604 ], [ -57.894, -15.664 ], [ -57.9, -15.683 ], [ -57.88, -15.718 ] ] ] ] } },
{ "type": "Feature", "properties": { "id_municipio": 5103452, "municipio": "Denise", "grupo": "resto_mt", "slug": "denise" }, "geometry": { "type": "MultiPolygon", "coordinates": [ [ [ [ -57.135, -14.848 ], [ -57.119, -14.851 ], [ -57.087, -14.836 ], [ -57.08, -14.918 ], [ -57.05, -14.916 ], [ -57.042, -14.907 ], [ -57.025, -14.912 ], [ -57.001, -14.891 ], [ -56.913, -14.94 ], [ -56.92, -14.925 ], [ -56.906, -14.93 ], [ -56.891, -14.915 ], [ -56.895, -14.902 ], [ -56.878, -14.89 ], [ -56.881, -14.876 ], [ -56.869, -14.871 ], [ -56.864, -14.851 ], [ -56.853, -14.852 ], [ -56.856, -14.827 ], [ -56.839, -14.83 ], [ -56.844, -14.804 ], [ -56.825, -14.805 ], [ -56.837, -14.787 ], [ -56.818, -14.793 ], [ -56.813, -14.778 ], [ -56.795, -14.773 ], [ -56.802, -14.761 ], [ -56.782, -14.753 ], [ -56.782, -14.741 ], [ -56.761, -14.74 ], [ -56.759, -14.699 ], [ -56.738, -14.691 ], [ -56.747, -14.679 ], [ -56.719, -14.681 ], [ -56.734, -14.669 ], [ -56.722, -14.652 ], [ -56.907, -14.592 ], [ -56.921, -14.572 ], [ -56.912, -14.544 ], [ -56.936, -14.518 ], [ -56.947, -14.517 ], [ -56.95, -14.503 ], [ -56.967, -14.53 ], [ -56.981, -14.53 ], [ -57.022, -14.558 ], [ -57.042, -14.552 ], [ -57.057, -14.586 ], [ -57.111, -14.608 ], [ -57.091, -14.616 ], [ -57.082, -14.645 ], [ -57.138, -14.698 ], [ -57.161, -14.756 ], [ -57.147, -14.805 ], [ -57.13, -14.82 ], [ -57.135, -14.848 ] ] ] ] } },
{ "type": "Feature", "properties": { "id_municipio": 5103502, "municipio": "Diamantino", "grupo": "resto_mt", "slug": "diamantino" }, "geometry": { "type": "MultiPolygon", "coordinates": [ [ [ [ -56.494, -14.46 ], [ -56.486, -14.477 ], [ -56.473, -14.459 ], [ -56.452, -14.455 ], [ -56.437, -14.465 ], [ -56.409, -14.457 ], [ -56.385, -14.505 ], [ -56.396, -14.534 ], [ -56.468, -14.588 ], [ -56.527, -14.669 ], [ -56.502, -14.67 ], [ -56.491, -14.686 ], [ -56.479, -14.661 ], [ -56.452, -14.648 ], [ -56.444, -14.63 ], [ -56.408, -14.644 ], [ -56.346, -14.609 ], [ -56.35, -14.615 ], [ -56.312, -14.615 ], [ -56.272, -14.632 ], [ -56.229, -14.586 ], [ -56.209, -14.537 ], [ -56.051, -14.422 ], [ -56.042, -14.397 ], [ -55.993, -14.354 ], [ -55.997, -14.317 ], [ -55.978, -14.298 ], [ -55.977, -14.269 ], [ -55.996, -14.269 ], [ -55.995, -14.25 ], [ -56.017, -14.246 ], [ -56.033, -14.211 ], [ -56.041, -14.214 ], [ -56.043, -14.164 ], [ -56.058, -14.144 ], [ -56.112, -14.154 ], [ -56.128, -14.148 ], [ -56.135, -14.159 ], [ -56.155, -14.16 ], [ -56.189, -14.142 ], [ -56.203, -14.168 ], [ -56.216, -14.154 ], [ -56.229, -14.161 ], [ -56.241, -14.134 ], [ -56.266, -14.129 ], [ -56.273, -14.105 ], [ -56.282, -14.107 ], [ -56.281, -14.089 ], [ -56.309, -14.071 ], [ -56.308, -14.018 ], [ -56.327, -14.008 ], [ -56.336, -13.981 ], [ -56.353, -13.976 ], [ -56.343, -13.955 ], [ -56.36, -13.943 ], [ -56.358, -13.933 ], [ -56.372, -13.931 ], [ -56.352, -13.914 ], [ -56.375, -13.905 ], [ -56.381, -13.886 ], [ -56.391, -13.883 ], [ -56.38, -13.868 ], [ -56.4, -13.846 ], [ -56.412, -13.847 ], [ -56.411, -13.838 ], [ -56.455, -13.84 ], [ -56.497, -13.86 ], [ -56.529, -13.851 ], [ -56.558, -13.894 ], [ -56.601, -13.869 ], [ -56.677, -13.872 ], [ -56.696, -13.847 ], [ -56.691, -13.799 ], [ -56.705, -13.792 ], [ -56.702, -13.768 ], [ -56.683, -13.747 ], [ -56.673, -13.75 ], [ -56.671, -13.699 ], [ -56.735, -13.65 ], [ -56.766, -13.663 ], [ -56.781, -13.702 ], [ -56.814, -13.731 ], [ -56.818, -13.745 ], [ -56.873, -13.766 ], [ -56.897, -13.793 ], [ -56.935, -13.801 ], [ -56.955, -13.79 ], [ -56.996, -13.831 ], [ -57.018, -13.824 ], [ -57.06, -13.854 ], [ -57.112, -13.854 ], [ -57.154, -13.876 ], [ -57.181, -13.874 ], [ -57.212, -13.918 ], [ -57.347, -13.888 ], [ -57.316, -13.863 ], [ -57.28, -13.808 ], [ -57.353, -13.738 ], [ -57.352, -13.666 ], [ -57.33, -13.621 ], [ -57.334, -13.6 ], [ -57.35, -13.601 ], [ -57.367, -13.587 ], [ -57.394, -13.606 ], [ -57.403, -13.626 ], [ -57.395, -13.635 ], [ -57.444, -13.681 ], [ -57.45, -13.712 ], [ -57.495, -13.757 ], [ -57.49, -13.769 ], [ -57.499, -13.767 ], [ -57.502, -13.789 ], [ -57.567, -13.867 ], [ -57.573, -13.909 ], [ -57.628, -13.963 ], [ -57.638, -13.999 ], [ -57.693, -14.08 ], [ -57.676, -14.101 ], [ -57.68, -14.158 ], [ -57.672, -14.174 ], [ -57.707, -14.256 ], [ -57.735, -14.29 ], [ -57.733, -14.303 ], [ -57.676, -14.287 ], [ -57.657, -14.236 ], [ -57.618, -14.2 ], [ -57.581, -14.197 ], [ -57.552, -14.229 ], [ -57.502, -14.221 ], [ -57.455, -14.19 ], [ -57.426, -14.186 ], [ -57.41, -14.163 ], [ -57.389, -14.154 ], [ -57.377, -14.156 ], [ -57.353, -14.184 ], [ -57.238, -14.168 ], [ -57.193, -14.19 ], [ -57.14, -14.16 ], [ -57.118, -14.174 ], [ -57.084, -14.156 ], [ -57.081, -14.189 ], [ -57.054, -14.199 ], [ -57.001, -14.193 ], [ -56.958, -14.164 ], [ -56.939, -14.165 ], [ -56.935, -14.153 ], [ -56.769, -14.151 ], [ -56.706, -14.131 ], [ -56.73, -14.171 ], [ -56.707, -14.198 ], [ -56.678, -14.199 ], [ -56.656, -14.215 ], [ -56.605, -14.201 ], [ -56.52, -14.256 ], [ -56.539, -14.263 ], [ -56.562, -14.309 ], [ -56.61, -14.332 ], [ -56.557, -14.342 ], [ -56.55, -14.374 ], [ -56.563, -14.388 ], [ -56.476, -14.45 ], [ -56.494, -14.46 ] ] ] ] } },
{ "type": "Feature", "properties": { "id_municipio": 5103601, "municipio": "Dom Aquino", "grupo": "resto_mt", "slug": "dom-aquino" }, "geometry": { "type": "MultiPolygon", "coordinates": [ [ [ [ -54.951, -15.819 ], [ -54.962, -15.826 ], [ -54.963, -15.847 ], [ -54.955, -15.858 ], [ -54.961, -15.861 ], [ -54.946, -15.866 ], [ -54.959, -15.876 ], [ -54.942, -15.897 ], [ -54.954, -15.917 ], [ -54.942, -15.93 ], [ -54.954, -15.939 ], [ -54.953, -15.953 ], [ -54.934, -15.952 ], [ -54.917, -15.964 ], [ -54.911, -15.984 ], [ -54.901, -15.95 ], [ -54.823, -15.939 ], [ -54.782, -15.918 ], [ -54.762, -15.92 ], [ -54.746, -15.895 ], [ -54.688, -15.887 ], [ -54.689, -15.871 ], [ -54.656, -15.81 ], [ -54.627, -15.788 ], [ -54.588, -15.777 ], [ -54.567, -15.748 ], [ -54.616, -15.719 ], [ -54.612, -15.705 ], [ -54.63, -15.684 ], [ -54.636, -15.648 ], [ -54.666, -15.628 ], [ -54.575, -15.59 ], [ -54.553, -15.566 ], [ -54.546, -15.534 ], [ -54.564, -15.502 ], [ -54.542, -15.478 ], [ -54.51, -15.396 ], [ -54.527, -15.401 ], [ -54.532, -15.376 ], [ -54.551, -15.375 ], [ -54.56, -15.362 ], [ -54.585, -15.362 ], [ -54.586, -15.371 ], [ -54.61, -15.37 ], [ -54.645, -15.39 ], [ -54.648, -15.384 ], [ -54.691, -15.4 ], [ -54.719, -15.398 ], [ -54.755, -15.429 ], [ -54.901, -15.496 ], [ -54.93, -15.482 ], [ -54.952, -15.486 ], [ -54.956, -15.531 ], [ -54.968, -15.534 ], [ -54.975, -15.557 ], [ -54.962, -15.615 ], [ -54.984, -15.642 ], [ -54.985, -15.667 ], [ -55.006, -15.672 ], [ -54.999, -15.689 ], [ -55.012, -15.697 ], [ -55.003, -15.71 ], [ -55.012, -15.748 ], [ -55.014, -15.758 ], [ -55.025, -15.757 ], [ -55.015, -15.773 ], [ -54.967, -15.769 ], [ -54.959, -15.793 ], [ -54.971, -15.805 ], [ -54.951, -15.819 ] ] ] ] } },
{ "type": "Feature", "properties": { "id_municipio": 5103700, "municipio": "Feliz Natal", "grupo": "resto_mt", "slug": "feliz-natal" }, "geometry": { "type": "MultiPolygon", "coordinates": [ [ [ [ -54.006, -11.585 ], [ -54.017, -11.596 ], [ -54.035, -11.593 ], [ -54.045, -11.614 ], [ -54.068, -11.615 ], [ -54.113, -11.638 ], [ -54.111, -11.647 ], [ -54.126, -11.655 ], [ -54.122, -11.665 ], [ -54.135, -11.664 ], [ -54.151, -11.691 ], [ -54.163, -11.73 ], [ -54.175, -11.727 ], [ -54.172, -11.741 ], [ -54.191, -11.749 ], [ -54.199, -11.784 ], [ -54.221, -11.794 ], [ -54.248, -11.832 ], [ -54.27, -11.84 ], [ -54.314, -11.919 ], [ -54.401, -11.995 ], [ -54.443, -12.009 ], [ -54.502, -12.005 ], [ -54.537, -12.028 ], [ -54.62, -12.048 ], [ -54.654, -12.07 ], [ -54.714, -12.065 ], [ -54.735, -12.092 ], [ -54.835, -12.128 ], [ -54.885, -12.12 ], [ -54.931, -12.13 ], [ -54.975, -12.167 ], [ -54.973, -12.203 ], [ -55.013, -12.246 ], [ -55.035, -12.196 ], [ -55.033, -12.156 ], [ -55.056, -12.154 ], [ -55.085, -12.181 ], [ -55.127, -12.179 ], [ -55.119, -12.197 ], [ -55.134, -12.204 ], [ -55.134, -12.226 ], [ -55.108, -12.251 ], [ -55.113, -12.267 ], [ -55.087, -12.306 ], [ -55.093, -12.316 ], [ -55.085, -12.346 ], [ -55.068, -12.365 ], [ -55.08, -12.393 ], [ -55.095, -12.403 ], [ -55.099, -12.47 ], [ -55.116, -12.488 ], [ -55.116, -12.507 ], [ -55.139, -12.535 ], [ -55.142, -12.556 ], [ -55.155, -12.561 ], [ -55.153, -12.572 ], [ -55.181, -12.574 ], [ -55.197, -12.596 ], [ -55.232, -12.599 ], [ -55.24, -12.608 ], [ -55.228, -12.615 ], [ -55.232, -12.635 ], [ -55.276, -12.655 ], [ -55.275, -12.67 ], [ -55.242, -12.699 ], [ -55.229, -12.737 ], [ -55.014, -12.729 ], [ -54.953, -12.741 ], [ -54.941, -12.727 ], [ -54.95, -12.718 ], [ -54.936, -12.697 ], [ -54.92, -12.694 ], [ -54.91, -12.66 ], [ -54.871, -12.653 ], [ -54.863, -12.642 ], [ -54.825, -12.643 ], [ -54.774, -12.608 ], [ -54.758, -12.611 ], [ -54.744, -12.599 ], [ -54.724, -12.562 ], [ -54.735, -12.547 ], [ -54.718, -12.539 ], [ -54.705, -12.493 ], [ -54.672, -12.475 ], [ -54.607, -12.477 ], [ -54.597, -12.467 ], [ -54.561, -12.468 ], [ -54.547, -12.454 ], [ -54.535, -12.457 ], [ -54.532, -12.415 ], [ -54.516, -12.396 ], [ -54.517, -12.384 ], [ -54.505, -12.386 ], [ -54.478, -12.359 ], [ -54.462, -12.366 ], [ -54.442, -12.359 ], [ -54.443, -12.348 ], [ -54.432, -12.351 ], [ -54.424, -12.334 ], [ -54.409, -12.346 ], [ -54.355, -12.301 ], [ -54.346, -12.308 ], [ -54.321, -12.3 ], [ -54.31, -12.282 ], [ -54.29, -12.288 ], [ -54.285, -12.269 ], [ -54.272, -12.271 ], [ -54.258, -12.254 ], [ -54.245, -12.264 ], [ -54.234, -12.258 ], [ -54.241, -12.244 ], [ -54.222, -12.249 ], [ -54.204, -12.24 ], [ -54.196, -12.249 ], [ -54.191, -12.235 ], [ -54.18, -12.238 ], [ -54.177, -12.206 ], [ -54.158, -12.197 ], [ -54.152, -12.18 ], [ -54.137, -12.179 ], [ -54.143, -12.171 ], [ -54.114, -12.168 ], [ -54.104, -12.147 ], [ -54.096, -12.15 ], [ -54.103, -12.155 ], [ -54.1, -12.164 ], [ -54.097, -12.156 ], [ -54.064, -12.166 ], [ -54.054, -12.135 ], [ -54.035, -12.131 ], [ -54.038, -12.123 ], [ -54.017, -12.117 ], [ -54.015, -12.108 ], [ -53.988, -12.127 ], [ -53.964, -12.124 ], [ -53.945, -12.087 ], [ -53.91, -12.098 ], [ -53.901, -12.085 ], [ -53.875, -12.076 ], [ -53.852, -12.09 ], [ -53.848, -12.062 ], [ -53.835, -12.084 ], [ -53.828, -12.077 ], [ -53.788, -12.086 ], [ -53.788, -12.098 ], [ -53.783, -12.088 ], [ -53.769, -12.092 ], [ -53.752, -12.068 ], [ -53.722, -12.054 ], [ -53.725, -12.036 ], [ -53.711, -12.034 ], [ -53.696, -12.05 ], [ -53.645, -12.033 ], [ -53.651, -12.018 ], [ -53.637, -12.003 ], [ -53.618, -12.005 ], [ -53.631, -11.979 ], [ -53.606, -11.977 ], [ -53.615, -11.957 ], [ -53.552, -11.955 ], [ -53.547, -11.924 ], [ -53.588, -11.859 ], [ -53.587, -11.825 ], [ -53.608, -11.744 ], [ -53.569, -11.651 ], [ -53.572, -11.616 ], [ -53.538, -11.596 ], [ -53.548, -11.569 ], [ -53.493, -11.519 ], [ -53.492, -11.503 ], [ -53.476, -11.518 ], [ -53.442, -11.465 ], [ -53.439, -11.432 ], [ -53.423, -11.425 ], [ -53.4, -11.436 ], [ -53.378, -11.391 ], [ -53.313, -11.314 ], [ -53.296, -11.309 ], [ -53.28, -11.281 ], [ -53.251, -11.264 ], [ -53.262, -11.236 ], [ -53.24, -11.202 ], [ -53.242, -11.148 ], [ -53.264, -11.111 ], [ -53.264, -11.095 ], [ -53.289, -11.078 ], [ -53.282, -11.047 ], [ -53.316, -11.0 ], [ -53.318, -10.958 ], [ -53.341, -11.005 ], [ -53.321, -11.019 ], [ -53.354, -11.027 ], [ -53.373, -11.017 ], [ -53.369, -11.041 ], [ -53.382, -11.055 ], [ -53.439, -11.048 ], [ -53.487, -11.055 ], [ -53.519, -11.096 ], [ -53.528, -11.081 ], [ -53.56, -11.085 ], [ -53.593, -11.121 ], [ -53.63, -11.126 ], [ -53.624, -11.131 ], [ -53.641, -11.14 ], [ -53.644, -11.152 ], [ -53.661, -11.141 ], [ -53.675, -11.149 ], [ -53.689, -11.187 ], [ -53.7, -11.19 ], [ -53.714, -11.178 ], [ -53.709, -11.196 ], [ -53.727, -11.203 ], [ -53.727, -11.217 ], [ -53.733, -11.221 ], [ -53.74, -11.208 ], [ -53.753, -11.213 ], [ -53.748, -11.234 ], [ -53.766, -11.244 ], [ -53.759, -11.256 ], [ -53.778, -11.27 ], [ -53.798, -11.343 ], [ -53.835, -11.368 ], [ -53.832, -11.393 ], [ -53.841, -11.397 ], [ -53.829, -11.401 ], [ -53.843, -11.41 ], [ -53.835, -11.432 ], [ -53.844, -11.439 ], [ -53.835, -11.447 ], [ -53.859, -11.466 ], [ -53.851, -11.473 ], [ -53.859, -11.491 ], [ -53.85, -11.497 ], [ -53.885, -11.516 ], [ -53.916, -11.511 ], [ -53.944, -11.538 ], [ -53.97, -11.533 ], [ -53.983, -11.561 ], [ -53.994, -11.556 ], [ -53.995, -11.573 ], [ -54.011, -11.571 ], [ -54.006, -11.585 ] ] ] ] } },
{ "type": "Feature", "properties": { "id_municipio": 5103809, "municipio": "Figueirópolis D'Oeste", "grupo": "resto_mt", "slug": "figueiropolis-d-oeste" }, "geometry": { "type": "MultiPolygon", "coordinates": [ [ [ [ -58.722, -15.687 ], [ -58.56, -15.693 ], [ -58.548, -15.676 ], [ -58.569, -15.643 ], [ -58.553, -15.597 ], [ -58.583, -15.567 ], [ -58.577, -15.552 ], [ -58.588, -15.531 ], [ -58.58, -15.511 ], [ -58.6, -15.496 ], [ -58.607, -15.454 ], [ -58.66, -15.34 ], [ -58.696, -15.313 ], [ -58.705, -15.326 ], [ -58.719, -15.325 ], [ -58.75, -15.294 ], [ -58.755, -15.317 ], [ -58.734, -15.363 ], [ -58.742, -15.368 ], [ -58.762, -15.354 ], [ -58.788, -15.377 ], [ -58.767, -15.451 ], [ -58.8, -15.454 ], [ -58.855, -15.496 ], [ -58.87, -15.569 ], [ -58.846, -15.599 ], [ -58.857, -15.6 ], [ -58.798, -15.621 ], [ -58.778, -15.643 ], [ -58.742, -15.65 ], [ -58.722, -15.687 ] ] ] ] } },
{ "type": "Feature", "properties": { "id_municipio": 5103858, "municipio": "Gaúcha do Norte", "grupo": "resto_mt", "slug": "gaucha-do-norte" }, "geometry": { "type": "MultiPolygon", "coordinates": [ [ [ [ -52.813, -12.85 ], [ -52.834, -12.84 ], [ -52.832, -12.827 ], [ -52.85, -12.809 ], [ -52.893, -12.789 ], [ -52.896, -12.766 ], [ -52.916, -12.761 ], [ -52.888, -12.735 ], [ -52.902, -12.729 ], [ -52.924, -12.745 ], [ -52.923, -12.708 ], [ -52.939, -12.707 ], [ -52.934, -12.681 ], [ -52.949, -12.664 ], [ -52.964, -12.667 ], [ -52.946, -12.654 ], [ -52.951, -12.638 ], [ -52.919, -12.625 ], [ -52.925, -12.603 ], [ -52.944, -12.585 ], [ -52.97, -12.583 ], [ -52.966, -12.557 ], [ -52.997, -12.52 ], [ -53.008, -12.525 ], [ -53.009, -12.545 ], [ -53.018, -12.545 ], [ -53.016, -12.512 ], [ -53.042, -12.512 ], [ -53.033, -12.488 ], [ -53.088, -12.461 ], [ -53.091, -12.445 ], [ -53.108, -12.43 ], [ -53.113, -12.392 ], [ -53.1, -12.377 ], [ -53.12, -12.366 ], [ -53.12, -12.349 ], [ -53.144, -12.345 ], [ -53.143, -12.322 ], [ -53.19, -12.315 ], [ -53.192, -12.263 ], [ -53.224, -12.284 ], [ -53.229, -12.264 ], [ -53.261, -12.228 ], [ -53.309, -12.228 ], [ -53.299, -12.205 ], [ -53.321, -12.187 ], [ -53.3, -12.164 ], [ -53.339, -12.146 ], [ -53.343, -12.094 ], [ -53.363, -12.08 ], [ -53.357, -12.056 ], [ -53.386, -12.047 ], [ -53.389, -12.018 ], [ -53.411, -12.016 ], [ -53.414, -12.004 ], [ -53.452, -11.975 ], [ -53.478, -11.984 ], [ -53.49, -11.945 ], [ -53.506, -11.949 ], [ -53.534, -11.931 ], [ -53.547, -11.937 ], [ -53.522, -12.014 ], [ -53.54, -12.023 ], [ -53.534, -12.05 ], [ -53.553, -12.089 ], [ -53.58, -12.105 ], [ -53.578, -12.123 ], [ -53.594, -12.132 ], [ -53.597, -12.153 ], [ -53.588, -12.174 ], [ -53.605, -12.188 ], [ -53.602, -12.212 ], [ -53.623, -12.223 ], [ -53.632, -12.243 ], [ -53.644, -12.242 ], [ -53.651, -12.27 ], [ -53.665, -12.272 ], [ -53.66, -12.287 ], [ -53.679, -12.304 ], [ -53.693, -12.349 ], [ -53.718, -12.359 ], [ -53.714, -12.375 ], [ -53.722, -12.376 ], [ -53.728, -12.401 ], [ -53.766, -12.431 ], [ -53.774, -12.426 ], [ -53.781, -12.446 ], [ -53.79, -12.444 ], [ -53.781, -12.451 ], [ -53.798, -12.471 ], [ -53.791, -12.49 ], [ -53.8, -12.498 ], [ -53.796, -12.526 ], [ -53.785, -12.528 ], [ -53.787, -12.548 ], [ -53.772, -12.55 ], [ -53.772, -12.563 ], [ -53.804, -12.609 ], [ -53.798, -12.644 ], [ -53.812, -12.654 ], [ -53.804, -12.661 ], [ -53.815, -12.666 ], [ -53.816, -12.687 ], [ -53.821, -12.695 ], [ -53.832, -12.69 ], [ -53.842, -12.703 ], [ -53.838, -12.717 ], [ -53.846, -12.718 ], [ -53.841, -12.741 ], [ -53.827, -12.748 ], [ -53.839, -12.763 ], [ -53.838, -12.788 ], [ -53.862, -12.806 ], [ -53.87, -12.835 ], [ -53.892, -12.843 ], [ -53.883, -12.856 ], [ -53.898, -12.871 ], [ -53.889, -12.879 ], [ -53.907, -12.897 ], [ -53.925, -12.899 ], [ -53.936, -12.954 ], [ -53.982, -12.983 ], [ -53.996, -13.014 ], [ -53.977, -13.055 ], [ -53.977, -13.085 ], [ -54.006, -13.135 ], [ -54.002, -13.165 ], [ -54.025, -13.247 ], [ -54.007, -13.294 ], [ -54.016, -13.354 ], [ -54.007, -13.36 ], [ -54.026, -13.376 ], [ -54.019, -13.434 ], [ -54.036, -13.486 ], [ -54.031, -13.536 ], [ -54.048, -13.576 ], [ -54.047, -13.635 ], [ -54.054, -13.656 ], [ -54.078, -13.674 ], [ -54.077, -13.694 ], [ -54.092, -13.711 ], [ -54.081, -13.713 ], [ -54.077, -13.733 ], [ -54.092, -13.747 ], [ -54.083, -13.748 ], [ -54.09, -13.764 ], [ -54.081, -13.763 ], [ -54.077, -13.784 ], [ -54.088, -13.806 ], [ -54.061, -13.814 ], [ -54.043, -13.796 ], [ -54.019, -13.803 ], [ -54.013, -13.814 ], [ -53.998, -13.791 ], [ -53.962, -13.798 ], [ -53.926, -13.776 ], [ -53.917, -13.742 ], [ -53.851, -13.707 ], [ -53.851, -13.682 ], [ -53.821, -13.661 ], [ -53.801, -13.621 ], [ -53.805, -13.612 ], [ -53.782, -13.6 ], [ -53.775, -13.578 ], [ -53.754, -13.586 ], [ -53.706, -13.561 ], [ -53.711, -13.55 ], [ -53.694, -13.545 ], [ -53.668, -13.474 ], [ -53.643, -13.454 ], [ -53.644, -13.471 ], [ -53.631, -13.475 ], [ -53.64, -13.481 ], [ -53.632, -13.513 ], [ -53.65, -13.549 ], [ -53.643, -13.58 ], [ -53.684, -13.641 ], [ -53.685, -13.657 ], [ -53.713, -13.676 ], [ -53.7, -13.683 ], [ -53.695, -13.707 ], [ -53.721, -13.732 ], [ -53.703, -13.739 ], [ -53.7, -13.766 ], [ -53.657, -13.76 ], [ -53.613, -13.779 ], [ -53.566, -13.762 ], [ -53.52, -13.72 ], [ -53.507, -13.721 ], [ -53.473, -13.653 ], [ -53.43, -13.66 ], [ -53.419, -13.648 ], [ -53.405, -13.656 ], [ -53.417, -13.668 ], [ -53.4, -13.693 ], [ -53.353, -13.715 ], [ -53.291, -13.716 ], [ -53.284, -13.754 ], [ -53.224, -13.775 ], [ -53.196, -13.739 ], [ -53.199, -13.728 ], [ -53.167, -13.712 ], [ -53.164, -13.696 ], [ -53.151, -13.691 ], [ -53.14, -13.656 ], [ -53.129, -13.659 ], [ -53.133, -13.652 ], [ -53.098, -13.634 ], [ -53.089, -13.619 ], [ -53.08, -13.623 ], [ -53.098, -13.583 ], [ -53.083, -13.579 ], [ -53.075, -13.56 ], [ -53.089, -13.534 ], [ -53.083, -13.526 ], [ -53.095, -13.526 ], [ -53.096, -13.514 ], [ -53.073, -13.507 ], [ -53.084, -13.497 ], [ -53.069, -13.471 ], [ -53.075, -13.458 ], [ -53.049, -13.437 ], [ -53.05, -13.42 ], [ -53.032, -13.402 ], [ -53.04, -13.393 ], [ -53.026, -13.383 ], [ -53.033, -13.376 ], [ -53.016, -13.373 ], [ -53.026, -13.362 ], [ -53.011, -13.351 ], [ -53.02, -13.342 ], [ -53.006, -13.342 ], [ -53.015, -13.328 ], [ -53.002, -13.32 ], [ -53.005, -13.308 ], [ -52.988, -13.312 ], [ -52.991, -13.295 ], [ -52.964, -13.27 ], [ -52.971, -13.256 ], [ -52.979, -13.258 ], [ -52.956, -13.245 ], [ -52.961, -13.237 ], [ -52.952, -13.229 ], [ -52.966, -13.226 ], [ -52.965, -13.219 ], [ -52.95, -13.207 ], [ -52.938, -13.222 ], [ -52.942, -13.21 ], [ -52.922, -13.205 ], [ -52.919, -13.18 ], [ -52.907, -13.18 ], [ -52.915, -13.161 ], [ -52.899, -13.163 ], [ -52.895, -13.132 ], [ -52.903, -13.125 ], [ -52.91, -13.133 ], [ -52.912, -13.107 ], [ -52.904, -13.102 ], [ -52.896, -13.111 ], [ -52.9, -13.094 ], [ -52.887, -13.089 ], [ -52.895, -13.081 ], [ -52.883, -13.083 ], [ -52.891, -13.057 ], [ -52.879, -13.051 ], [ -52.872, -13.058 ], [ -52.883, -13.042 ], [ -52.863, -13.03 ], [ -52.879, -12.987 ], [ -52.868, -12.979 ], [ -52.869, -12.968 ], [ -52.854, -12.969 ], [ -52.863, -12.957 ], [ -52.841, -12.947 ], [ -52.848, -12.938 ], [ -52.841, -12.925 ], [ -52.828, -12.936 ], [ -52.832, -12.899 ], [ -52.826, -12.879 ], [ -52.814, -12.884 ], [ -52.813, -12.85 ] ] ] ] } },
{ "type": "Feature", "properties": { "id_municipio": 5103908, "municipio": "General Carneiro", "grupo": "resto_mt", "slug": "general-carneiro" }, "geometry": { "type": "MultiPolygon", "coordinates": [ [ [ [ -52.767, -15.735 ], [ -52.738, -15.704 ], [ -52.751, -15.7 ], [ -52.752, -15.69 ], [ -52.761, -15.694 ], [ -52.761, -15.667 ], [ -52.767, -15.671 ], [ -52.772, -15.657 ], [ -52.772, -15.643 ], [ -52.76, -15.64 ], [ -52.765, -15.616 ], [ -52.751, -15.617 ], [ -52.754, -15.606 ], [ -52.74, -15.602 ], [ -52.722, -15.567 ], [ -52.703, -15.556 ], [ -52.727, -15.479 ], [ -52.752, -15.479 ], [ -52.747, -15.472 ], [ -52.788, -15.463 ], [ -52.805, -15.445 ], [ -52.832, -15.468 ], [ -52.838, -15.463 ], [ -52.854, -15.473 ], [ -52.851, -15.483 ], [ -52.863, -15.484 ], [ -52.884, -15.507 ], [ -52.922, -15.512 ], [ -52.925, -15.52 ], [ -53.013, -15.52 ], [ -53.019, -15.54 ], [ -53.053, -15.561 ], [ -53.084, -15.548 ], [ -53.149, -15.453 ], [ -53.121, -15.441 ], [ -53.104, -15.447 ], [ -53.053, -15.437 ], [ -53.03, -15.4 ], [ -53.01, -15.39 ], [ -52.981, -15.393 ], [ -52.913, -15.38 ], [ -52.903, -15.363 ], [ -52.876, -15.361 ], [ -52.847, -15.34 ], [ -52.853, -15.319 ], [ -52.9, -15.305 ], [ -52.904, -15.294 ], [ -52.925, -15.302 ], [ -52.928, -15.269 ], [ -52.971, -15.28 ], [ -52.98, -15.269 ], [ -52.993, -15.286 ], [ -52.994, -15.274 ], [ -53.021, -15.262 ], [ -53.044, -15.274 ], [ -53.054, -15.248 ], [ -53.081, -15.251 ], [ -53.117, -15.23 ], [ -53.145, -15.235 ], [ -53.15, -15.226 ], [ -53.164, -15.229 ], [ -53.166, -15.218 ], [ -53.184, -15.222 ], [ -53.199, -15.212 ], [ -53.263, -15.243 ], [ -53.289, -15.28 ], [ -53.284, -15.297 ], [ -53.297, -15.295 ], [ -53.303, -15.305 ], [ -53.293, -15.312 ], [ -53.295, -15.337 ], [ -53.313, -15.336 ], [ -53.32, -15.364 ], [ -53.34, -15.367 ], [ -53.343, -15.377 ], [ -53.381, -15.374 ], [ -53.397, -15.348 ], [ -53.424, -15.341 ], [ -53.448, -15.356 ], [ -53.459, -15.346 ], [ -53.461, -15.362 ], [ -53.483, -15.369 ], [ -53.486, -15.382 ], [ -53.506, -15.377 ], [ -53.511, -15.401 ], [ -53.521, -15.394 ], [ -53.515, -15.361 ], [ -53.55, -15.376 ], [ -53.564, -15.361 ], [ -53.6, -15.358 ], [ -53.609, -15.349 ], [ -53.623, -15.367 ], [ -53.657, -15.342 ], [ -53.664, -15.352 ], [ -53.682, -15.352 ], [ -53.692, -15.335 ], [ -53.697, -15.343 ], [ -53.752, -15.349 ], [ -53.757, -15.365 ], [ -53.797, -15.365 ], [ -53.814, -15.413 ], [ -53.843, -15.432 ], [ -53.849, -15.451 ], [ -53.873, -15.461 ], [ -53.88, -15.485 ], [ -53.91, -15.492 ], [ -53.916, -15.551 ], [ -53.925, -15.564 ], [ -53.917, -15.586 ], [ -53.938, -15.615 ], [ -53.933, -15.638 ], [ -53.904, -15.658 ], [ -53.898, -15.672 ], [ -53.913, -15.695 ], [ -53.885, -15.72 ], [ -53.888, -15.763 ], [ -53.863, -15.79 ], [ -53.853, -15.826 ], [ -53.821, -15.847 ], [ -53.801, -15.849 ], [ -53.766, -15.885 ], [ -53.747, -15.863 ], [ -53.781, -15.815 ], [ -53.767, -15.764 ], [ -53.78, -15.758 ], [ -53.771, -15.742 ], [ -53.779, -15.739 ], [ -53.777, -15.721 ], [ -53.751, -15.712 ], [ -53.685, -15.724 ], [ -53.63, -15.718 ], [ -53.574, -15.686 ], [ -53.58, -15.669 ], [ -53.569, -15.652 ], [ -53.516, -15.641 ], [ -53.496, -15.594 ], [ -53.443, -15.573 ], [ -53.364, -15.578 ], [ -53.342, -15.591 ], [ -53.252, -15.593 ], [ -53.241, -15.63 ], [ -53.193, -15.636 ], [ -53.193, -15.665 ], [ -53.162, -15.696 ], [ -53.159, -15.725 ], [ -53.14, -15.724 ], [ -53.141, -15.738 ], [ -53.111, -15.745 ], [ -53.103, -15.727 ], [ -53.07, -15.734 ], [ -53.058, -15.728 ], [ -53.034, -15.74 ], [ -53.0, -15.726 ], [ -52.996, -15.742 ], [ -52.959, -15.723 ], [ -52.956, -15.735 ], [ -52.925, -15.719 ], [ -52.923, -15.709 ], [ -52.899, -15.717 ], [ -52.858, -15.698 ], [ -52.824, -15.735 ], [ -52.812, -15.738 ], [ -52.81, -15.719 ], [ -52.767, -15.735 ] ] ] ] } },
{ "type": "Feature", "properties": { "id_municipio": 5103957, "municipio": "Glória D'Oeste", "grupo": "pantanal_norte", "slug": "gloria-d-oeste" }, "geometry": { "type": "MultiPolygon", "coordinates": [ [ [ [ -58.311, -15.923 ], [ -58.289, -15.951 ], [ -58.3, -15.963 ], [ -58.29, -15.98 ], [ -58.297, -15.993 ], [ -58.28, -16.0 ], [ -58.283, -16.006 ], [ -58.237, -16.036 ], [ -58.222, -16.024 ], [ -58.22, -16.039 ], [ -58.218, -16.032 ], [ -58.182, -16.048 ], [ -58.152, -16.045 ], [ -58.172, -15.906 ], [ -58.155, -15.865 ], [ -58.132, -15.847 ], [ -58.174, -15.829 ], [ -58.287, -15.817 ], [ -58.267, -15.771 ], [ -58.268, -15.739 ], [ -58.247, -15.709 ], [ -58.56, -15.693 ], [ -58.535, -15.765 ], [ -58.524, -15.779 ], [ -58.506, -15.78 ], [ -58.493, -15.808 ], [ -58.459, -15.829 ], [ -58.465, -15.851 ], [ -58.445, -15.86 ], [ -58.431, -15.85 ], [ -58.401, -15.863 ], [ -58.391, -15.885 ], [ -58.38, -15.882 ], [ -58.349, -15.915 ], [ -58.311, -15.923 ] ] ] ] } },
{ "type": "Feature", "properties": { "id_municipio": 5104104, "municipio": "Guarantã do Norte", "grupo": "resto_mt", "slug": "guaranta-do-norte" }, "geometry": { "type": "MultiPolygon", "coordinates": [ [ [ [ -54.669, -10.055 ], [ -54.65, -10.016 ], [ -54.658, -10.011 ], [ -54.646, -10.007 ], [ -54.639, -9.982 ], [ -54.602, -9.986 ], [ -54.592, -9.97 ], [ -54.535, -9.964 ], [ -54.521, -9.99 ], [ -54.489, -9.987 ], [ -54.47, -10.0 ], [ -54.419, -9.995 ], [ -54.397, -9.982 ], [ -54.393, -9.99 ], [ -54.341, -9.985 ], [ -54.331, -9.975 ], [ -54.322, -9.981 ], [ -54.267, -9.975 ], [ -54.241, -9.935 ], [ -54.249, -9.918 ], [ -54.239, -9.899 ], [ -54.248, -9.879 ], [ -54.27, -9.878 ], [ -54.258, -9.871 ], [ -54.232, -9.809 ], [ -54.219, -9.8 ], [ -54.179, -9.808 ], [ -54.158, -9.793 ], [ -54.161, -9.75 ], [ -54.142, -9.723 ], [ -54.15, -9.673 ], [ -54.137, -9.645 ], [ -54.142, -9.6 ], [ -54.121, -9.579 ], [ -54.108, -9.582 ], [ -54.107, -9.572 ], [ -54.998, -9.505 ], [ -54.982, -9.564 ], [ -54.966, -9.577 ], [ -54.982, -9.594 ], [ -54.968, -9.661 ], [ -54.956, -9.671 ], [ -54.99, -9.778 ], [ -54.992, -9.813 ], [ -55.019, -9.838 ], [ -55.044, -9.841 ], [ -55.041, -9.872 ], [ -55.054, -9.879 ], [ -55.032, -9.899 ], [ -55.045, -9.941 ], [ -55.021, -9.968 ], [ -55.04, -9.973 ], [ -55.038, -9.992 ], [ -55.072, -10.013 ], [ -55.078, -10.031 ], [ -55.138, -10.046 ], [ -54.669, -10.055 ] ] ] ] } },
{ "type": "Feature", "properties": { "id_municipio": 5104203, "municipio": "Guiratinga", "grupo": "resto_mt", "slug": "guiratinga" }, "geometry": { "type": "MultiPolygon", "coordinates": [ [ [ [ -53.83, -16.723 ], [ -53.862, -16.757 ], [ -53.821, -16.799 ], [ -53.734, -16.767 ], [ -53.706, -16.728 ], [ -53.658, -16.718 ], [ -53.611, -16.729 ], [ -53.583, -16.72 ], [ -53.57, -16.698 ], [ -53.524, -16.678 ], [ -53.51, -16.683 ], [ -53.498, -16.669 ], [ -53.471, -16.67 ], [ -53.461, -16.683 ], [ -53.448, -16.673 ], [ -53.443, -16.684 ], [ -53.433, -16.674 ], [ -53.416, -16.68 ], [ -53.422, -16.668 ], [ -53.41, -16.674 ], [ -53.411, -16.658 ], [ -53.425, -16.657 ], [ -53.421, -16.642 ], [ -53.408, -16.638 ], [ -53.42, -16.605 ], [ -53.41, -16.59 ], [ -53.429, -16.56 ], [ -53.396, -16.537 ], [ -53.369, -16.486 ], [ -53.322, -16.465 ], [ -53.334, -16.487 ], [ -53.325, -16.49 ], [ -53.324, -16.476 ], [ -53.302, -16.48 ], [ -53.299, -16.452 ], [ -53.272, -16.434 ], [ -53.265, -16.461 ], [ -53.244, -16.477 ], [ -53.232, -16.461 ], [ -53.211, -16.457 ], [ -53.185, -16.411 ], [ -53.157, -16.41 ], [ -53.146, -16.379 ], [ -53.154, -16.376 ], [ -53.15, -16.345 ], [ -53.159, -16.337 ], [ -53.153, -16.306 ], [ -53.175, -16.284 ], [ -53.169, -16.261 ], [ -53.146, -16.245 ], [ -53.142, -16.223 ], [ -53.116, -16.216 ], [ -53.101, -16.193 ], [ -53.074, -16.195 ], [ -53.05, -16.17 ], [ -53.032, -16.181 ], [ -53.018, -16.165 ], [ -53.007, -16.171 ], [ -53.0, -16.153 ], [ -52.979, -16.145 ], [ -53.009, -16.102 ], [ -53.02, -16.105 ], [ -53.068, -16.069 ], [ -53.072, -16.046 ], [ -53.043, -16.004 ], [ -53.057, -15.961 ], [ -53.066, -15.967 ], [ -53.075, -15.956 ], [ -53.106, -15.96 ], [ -53.157, -15.997 ], [ -53.202, -15.999 ], [ -53.214, -16.013 ], [ -53.241, -16.009 ], [ -53.253, -16.019 ], [ -53.269, -16.051 ], [ -53.267, -16.067 ], [ -53.291, -16.076 ], [ -53.309, -16.117 ], [ -53.301, -16.158 ], [ -53.285, -16.182 ], [ -53.323, -16.216 ], [ -53.363, -16.232 ], [ -53.345, -16.263 ], [ -53.359, -16.277 ], [ -53.392, -16.268 ], [ -53.425, -16.23 ], [ -53.449, -16.226 ], [ -53.446, -16.207 ], [ -53.459, -16.177 ], [ -53.49, -16.146 ], [ -53.534, -16.141 ], [ -53.562, -16.12 ], [ -53.573, -16.123 ], [ -53.567, -16.14 ], [ -53.579, -16.149 ], [ -53.569, -16.158 ], [ -53.587, -16.164 ], [ -53.592, -16.19 ], [ -53.606, -16.191 ], [ -53.611, -16.214 ], [ -53.598, -16.217 ], [ -53.617, -16.236 ], [ -53.637, -16.226 ], [ -53.634, -16.219 ], [ -53.672, -16.205 ], [ -53.677, -16.191 ], [ -53.701, -16.195 ], [ -53.703, -16.185 ], [ -53.804, -16.21 ], [ -53.874, -16.183 ], [ -53.909, -16.202 ], [ -53.928, -16.199 ], [ -53.943, -16.214 ], [ -53.917, -16.253 ], [ -53.943, -16.264 ], [ -53.939, -16.277 ], [ -53.957, -16.308 ], [ -53.942, -16.339 ], [ -53.955, -16.362 ], [ -54.025, -16.373 ], [ -54.032, -16.355 ], [ -54.065, -16.353 ], [ -54.065, -16.333 ], [ -54.086, -16.327 ], [ -54.086, -16.318 ], [ -54.119, -16.323 ], [ -54.129, -16.306 ], [ -54.141, -16.313 ], [ -54.149, -16.3 ], [ -54.17, -16.304 ], [ -54.185, -16.295 ], [ -54.217, -16.327 ], [ -54.227, -16.323 ], [ -54.224, -16.36 ], [ -54.206, -16.368 ], [ -54.172, -16.36 ], [ -54.164, -16.37 ], [ -54.166, -16.395 ], [ -54.195, -16.403 ], [ -54.215, -16.425 ], [ -54.22, -16.438 ], [ -54.206, -16.451 ], [ -54.208, -16.471 ], [ -54.237, -16.476 ], [ -54.235, -16.49 ], [ -54.232, -16.481 ], [ -54.22, -16.5 ], [ -54.208, -16.491 ], [ -54.154, -16.508 ], [ -54.13, -16.5 ], [ -54.125, -16.488 ], [ -54.109, -16.496 ], [ -54.107, -16.48 ], [ -54.092, -16.49 ], [ -54.09, -16.478 ], [ -54.06, -16.48 ], [ -54.054, -16.469 ], [ -54.004, -16.481 ], [ -54.004, -16.494 ], [ -53.98, -16.499 ], [ -53.982, -16.524 ], [ -53.938, -16.543 ], [ -53.891, -16.591 ], [ -53.856, -16.575 ], [ -53.834, -16.581 ], [ -53.85, -16.664 ], [ -53.828, -16.706 ], [ -53.83, -16.723 ] ] ] ] } },
{ "type": "Feature", "properties": { "id_municipio": 5104500, "municipio": "Indiavaí", "grupo": "resto_mt", "slug": "indiavai" }, "geometry": { "type": "MultiPolygon", "coordinates": [ [ [ [ -58.66, -15.34 ], [ -58.592, -15.504 ], [ -58.484, -15.515 ], [ -58.466, -15.463 ], [ -58.481, -15.464 ], [ -58.491, -15.35 ], [ -58.539, -15.357 ], [ -58.536, -15.297 ], [ -58.551, -15.269 ], [ -58.546, -15.232 ], [ -58.557, -15.207 ], [ -58.55, -15.158 ], [ -58.601, -15.218 ], [ -58.648, -15.18 ], [ -58.674, -15.184 ], [ -58.709, -15.15 ], [ -58.728, -15.158 ], [ -58.73, -15.232 ], [ -58.716, -15.289 ], [ -58.708, -15.288 ], [ -58.702, -15.312 ], [ -58.66, -15.34 ] ] ] ] } },
{ "type": "Feature", "properties": { "id_municipio": 5104526, "municipio": "Ipiranga do Norte", "grupo": "resto_mt", "slug": "ipiranga-do-norte" }, "geometry": { "type": "MultiPolygon", "coordinates": [ [ [ [ -55.902, -12.196 ], [ -55.901, -12.206 ], [ -55.893, -12.204 ], [ -55.903, -12.139 ], [ -55.887, -12.14 ], [ -55.89, -12.127 ], [ -55.905, -12.127 ], [ -55.895, -12.119 ], [ -55.911, -12.116 ], [ -55.897, -12.113 ], [ -55.912, -12.102 ], [ -55.902, -12.095 ], [ -55.911, -12.085 ], [ -55.898, -12.076 ], [ -55.909, -12.073 ], [ -55.912, -12.059 ], [ -55.901, -12.037 ], [ -55.908, -12.03 ], [ -55.897, -12.03 ], [ -55.908, -12.008 ], [ -55.895, -12.015 ], [ -55.901, -11.999 ], [ -55.888, -11.988 ], [ -55.893, -11.969 ], [ -55.879, -11.954 ], [ -55.894, -11.924 ], [ -55.87, -11.891 ], [ -55.877, -11.872 ], [ -55.86, -11.862 ], [ -55.863, -11.849 ], [ -55.845, -11.851 ], [ -55.837, -11.842 ], [ -55.832, -11.809 ], [ -55.822, -11.813 ], [ -55.842, -11.792 ], [ -55.84, -11.78 ], [ -55.824, -11.781 ], [ -55.832, -11.753 ], [ -55.816, -11.761 ], [ -55.817, -11.741 ], [ -55.793, -11.752 ], [ -55.8, -11.74 ], [ -55.762, -11.722 ], [ -55.735, -11.734 ], [ -55.747, -11.688 ], [ -55.736, -11.682 ], [ -55.719, -11.695 ], [ -55.711, -11.669 ], [ -55.7, -11.664 ], [ -55.704, -11.653 ], [ -55.754, -11.65 ], [ -55.747, -11.605 ], [ -55.769, -11.598 ], [ -55.798, -11.547 ], [ -55.797, -11.524 ], [ -55.814, -11.495 ], [ -55.796, -11.462 ], [ -55.779, -11.458 ], [ -55.78, -11.446 ], [ -55.792, -11.446 ], [ -55.83, -11.484 ], [ -55.84, -11.553 ], [ -55.862, -11.579 ], [ -55.929, -11.609 ], [ -55.941, -11.591 ], [ -55.958, -11.592 ], [ -55.966, -11.622 ], [ -55.999, -11.643 ], [ -56.016, -11.669 ], [ -56.078, -11.696 ], [ -56.076, -11.725 ], [ -56.099, -11.745 ], [ -56.106, -11.797 ], [ -56.099, -11.825 ], [ -56.158, -11.858 ], [ -56.155, -11.904 ], [ -56.204, -11.913 ], [ -56.214, -11.94 ], [ -56.244, -11.958 ], [ -56.258, -12.005 ], [ -56.322, -12.113 ], [ -56.315, -12.144 ], [ -56.345, -12.154 ], [ -56.404, -12.197 ], [ -56.415, -12.248 ], [ -56.384, -12.265 ], [ -56.357, -12.266 ], [ -56.33, -12.327 ], [ -56.282, -12.365 ], [ -56.244, -12.441 ], [ -56.19, -12.382 ], [ -56.175, -12.398 ], [ -56.121, -12.402 ], [ -56.121, -12.428 ], [ -56.106, -12.435 ], [ -56.05, -12.423 ], [ -56.06, -12.394 ], [ -56.042, -12.399 ], [ -56.05, -12.385 ], [ -56.039, -12.383 ], [ -56.037, -12.37 ], [ -56.017, -12.366 ], [ -56.012, -12.317 ], [ -55.957, -12.284 ], [ -55.951, -12.259 ], [ -55.916, -12.234 ], [ -55.924, -12.219 ], [ -55.904, -12.209 ], [ -55.914, -12.202 ], [ -55.902, -12.196 ] ] ] ] } },
{ "type": "Feature", "properties": { "id_municipio": 5104542, "municipio": "Itanhangá", "grupo": "resto_mt", "slug": "itanhanga" }, "geometry": { "type": "MultiPolygon", "coordinates": [ [ [ [ -56.415, -12.248 ], [ -56.406, -12.202 ], [ -56.389, -12.185 ], [ -56.408, -12.091 ], [ -56.446, -12.052 ], [ -56.446, -12.031 ], [ -56.462, -12.022 ], [ -56.457, -11.998 ], [ -56.498, -11.982 ], [ -56.543, -11.988 ], [ -56.566, -11.961 ], [ -56.582, -11.958 ], [ -56.596, -11.973 ], [ -56.635, -11.976 ], [ -56.642, -11.992 ], [ -56.69, -11.988 ], [ -56.717, -11.976 ], [ -56.749, -11.941 ], [ -56.777, -11.935 ], [ -56.786, -11.914 ], [ -56.812, -11.913 ], [ -56.833, -11.927 ], [ -56.894, -11.919 ], [ -56.959, -11.96 ], [ -56.992, -11.955 ], [ -57.044, -11.971 ], [ -57.064, -11.961 ], [ -57.108, -11.999 ], [ -57.145, -12.007 ], [ -57.134, -12.052 ], [ -57.105, -12.084 ], [ -57.069, -12.156 ], [ -57.075, -12.186 ], [ -57.047, -12.205 ], [ -57.037, -12.231 ], [ -57.041, -12.255 ], [ -56.974, -12.303 ], [ -56.954, -12.3 ], [ -56.953, -12.288 ], [ -56.933, -12.289 ], [ -56.908, -12.325 ], [ -56.898, -12.318 ], [ -56.898, -12.333 ], [ -56.846, -12.372 ], [ -56.828, -12.36 ], [ -56.804, -12.375 ], [ -56.746, -12.328 ], [ -56.727, -12.332 ], [ -56.722, -12.32 ], [ -56.699, -12.325 ], [ -56.692, -12.316 ], [ -56.67, -12.323 ], [ -56.659, -12.343 ], [ -56.628, -12.348 ], [ -56.636, -12.36 ], [ -56.627, -12.367 ], [ -56.597, -12.336 ], [ -56.565, -12.35 ], [ -56.547, -12.343 ], [ -56.531, -12.349 ], [ -56.513, -12.329 ], [ -56.467, -12.312 ], [ -56.415, -12.248 ] ] ] ] } },
{ "type": "Feature", "properties": { "id_municipio": 5104559, "municipio": "Itaúba", "grupo": "resto_mt", "slug": "itauba" }, "geometry": { "type": "MultiPolygon", "coordinates": [ [ [ [ -55.099, -10.977 ], [ -55.217, -10.922 ], [ -55.278, -10.932 ], [ -55.296, -10.904 ], [ -55.274, -10.875 ], [ -55.394, -10.924 ], [ -55.432, -10.973 ], [ -55.446, -11.014 ], [ -55.478, -10.999 ], [ -55.508, -11.017 ], [ -55.523, -11.015 ], [ -55.532, -10.979 ], [ -55.554, -10.957 ], [ -55.632, -10.968 ], [ -55.647, -10.952 ], [ -55.663, -10.983 ], [ -55.68, -10.982 ], [ -55.688, -10.97 ], [ -55.702, -10.984 ], [ -55.713, -10.973 ], [ -55.76, -10.969 ], [ -55.761, -10.983 ], [ -55.772, -10.985 ], [ -55.805, -10.968 ], [ -55.846, -10.986 ], [ -55.858, -10.966 ], [ -55.845, -10.949 ], [ -55.851, -10.926 ], [ -55.839, -10.898 ], [ -55.865, -10.9 ], [ -55.881, -10.875 ], [ -55.9, -10.868 ], [ -55.905, -10.846 ], [ -55.938, -10.903 ], [ -56.078, -10.961 ], [ -56.166, -11.021 ], [ -56.184, -11.042 ], [ -56.243, -11.039 ], [ -56.276, -11.068 ], [ -56.312, -11.071 ], [ -56.321, -11.092 ], [ -56.114, -11.174 ], [ -56.073, -11.172 ], [ -56.041, -11.204 ], [ -56.006, -11.213 ], [ -55.995, -11.232 ], [ -55.975, -11.232 ], [ -55.958, -11.245 ], [ -55.924, -11.244 ], [ -55.877, -11.278 ], [ -55.84, -11.288 ], [ -55.836, -11.311 ], [ -55.798, -11.309 ], [ -55.753, -11.33 ], [ -55.691, -11.299 ], [ -55.622, -11.308 ], [ -55.59, -11.36 ], [ -55.512, -11.405 ], [ -55.491, -11.377 ], [ -55.464, -11.362 ], [ -55.468, -11.319 ], [ -55.445, -11.279 ], [ -55.454, -11.271 ], [ -55.453, -11.233 ], [ -55.437, -11.196 ], [ -55.38, -11.143 ], [ -55.329, -11.195 ], [ -55.322, -11.25 ], [ -55.282, -11.279 ], [ -55.228, -11.28 ], [ -55.228, -11.31 ], [ -55.204, -11.303 ], [ -55.177, -11.274 ], [ -55.153, -11.186 ], [ -55.104, -11.212 ], [ -55.057, -11.21 ], [ -55.02, -11.186 ], [ -54.963, -11.169 ], [ -54.922, -11.176 ], [ -54.919, -11.108 ], [ -54.942, -11.079 ], [ -54.942, -11.036 ], [ -54.99, -11.014 ], [ -55.021, -11.025 ], [ -55.047, -11.003 ], [ -55.082, -11.004 ], [ -55.099, -10.977 ] ] ] ] } },
{ "type": "Feature", "properties": { "id_municipio": 5104609, "municipio": "Itiquira", "grupo": "pantanal_norte", "slug": "itiquira" }, "geometry": { "type": "MultiPolygon", "coordinates": [ [ [ [ -54.536, -17.478 ], [ -54.481, -17.488 ], [ -54.467, -17.529 ], [ -54.421, -17.536 ], [ -54.404, -17.565 ], [ -54.383, -17.572 ], [ -54.385, -17.601 ], [ -54.374, -17.609 ], [ -54.387, -17.635 ], [ -54.351, -17.657 ], [ -54.302, -17.662 ], [ -54.275, -17.654 ], [ -54.244, -17.629 ], [ -54.179, -17.603 ], [ -54.134, -17.619 ], [ -54.085, -17.619 ], [ -54.052, -17.563 ], [ -54.046, -17.537 ], [ -54.058, -17.513 ], [ -54.038, -17.486 ], [ -53.952, -17.459 ], [ -53.878, -17.375 ], [ -53.833, -17.357 ], [ -53.82, -17.295 ], [ -53.786, -17.288 ], [ -53.759, -17.243 ], [ -53.705, -17.228 ], [ -53.68, -17.254 ], [ -53.683, -17.226 ], [ -53.721, -17.189 ], [ -53.771, -17.184 ], [ -53.796, -17.169 ], [ -53.805, -17.149 ], [ -53.832, -17.149 ], [ -53.835, -17.14 ], [ -53.886, -17.12 ], [ -53.919, -17.151 ], [ -53.931, -17.148 ], [ -53.933, -17.159 ], [ -53.939, -17.15 ], [ -53.954, -17.152 ], [ -53.93, -17.087 ], [ -53.96, -17.036 ], [ -53.978, -17.03 ], [ -53.975, -16.975 ], [ -54.017, -16.934 ], [ -54.158, -17.045 ], [ -54.184, -17.028 ], [ -54.218, -17.067 ], [ -54.269, -17.069 ], [ -54.29, -17.092 ], [ -54.352, -17.088 ], [ -54.379, -17.1 ], [ -54.476, -17.111 ], [ -54.491, -17.096 ], [ -54.567, -17.073 ], [ -54.647, -17.1 ], [ -54.689, -17.083 ], [ -54.724, -17.04 ], [ -54.841, -17.073 ], [ -54.89, -17.073 ], [ -54.918, -17.092 ], [ -54.934, -17.086 ], [ -54.938, -17.103 ], [ -54.967, -17.113 ], [ -55.011, -17.114 ], [ -55.028, -17.103 ], [ -55.057, -17.121 ], [ -55.054, -17.128 ], [ -55.082, -17.133 ], [ -55.08, -17.142 ], [ -55.1, -17.152 ], [ -55.115, -17.185 ], [ -55.131, -17.181 ], [ -55.136, -17.196 ], [ -55.156, -17.191 ], [ -55.169, -17.207 ], [ -55.188, -17.212 ], [ -55.182, -17.223 ], [ -55.208, -17.242 ], [ -55.208, -17.27 ], [ -55.231, -17.272 ], [ -55.26, -17.296 ], [ -55.3, -17.29 ], [ -55.307, -17.322 ], [ -55.327, -17.336 ], [ -55.355, -17.335 ], [ -55.353, -17.347 ], [ -55.368, -17.364 ], [ -55.381, -17.354 ], [ -55.396, -17.364 ], [ -55.412, -17.357 ], [ -55.434, -17.372 ], [ -55.465, -17.354 ], [ -55.462, -17.348 ], [ -55.495, -17.345 ], [ -55.502, -17.353 ], [ -55.532, -17.328 ], [ -55.574, -17.342 ], [ -55.578, -17.354 ], [ -55.592, -17.353 ], [ -55.591, -17.37 ], [ -55.597, -17.359 ], [ -55.603, -17.367 ], [ -55.583, -17.379 ], [ -55.587, -17.422 ], [ -55.575, -17.419 ], [ -55.575, -17.435 ], [ -55.522, -17.472 ], [ -55.524, -17.481 ], [ -55.473, -17.481 ], [ -55.444, -17.512 ], [ -55.405, -17.512 ], [ -55.382, -17.525 ], [ -55.377, -17.515 ], [ -55.354, -17.532 ], [ -55.351, -17.549 ], [ -55.324, -17.553 ], [ -55.323, -17.542 ], [ -55.294, -17.542 ], [ -55.297, -17.551 ], [ -55.284, -17.552 ], [ -55.29, -17.56 ], [ -55.276, -17.565 ], [ -55.269, -17.557 ], [ -55.264, -17.578 ], [ -55.254, -17.577 ], [ -55.243, -17.602 ], [ -55.243, -17.594 ], [ -55.227, -17.599 ], [ -55.221, -17.617 ], [ -55.205, -17.614 ], [ -55.192, -17.628 ], [ -55.184, -17.62 ], [ -55.167, -17.634 ], [ -55.171, -17.641 ], [ -55.142, -17.639 ], [ -55.127, -17.653 ], [ -55.109, -17.629 ], [ -55.073, -17.632 ], [ -55.064, -17.642 ], [ -55.011, -17.629 ], [ -54.992, -17.638 ], [ -54.974, -17.617 ], [ -54.943, -17.609 ], [ -54.861, -17.624 ], [ -54.852, -17.613 ], [ -54.825, -17.61 ], [ -54.801, -17.583 ], [ -54.763, -17.569 ], [ -54.75, -17.523 ], [ -54.719, -17.518 ], [ -54.7, -17.497 ], [ -54.669, -17.504 ], [ -54.655, -17.49 ], [ -54.636, -17.496 ], [ -54.607, -17.487 ], [ -54.582, -17.468 ], [ -54.554, -17.489 ], [ -54.536, -17.478 ] ] ] ] } },
{ "type": "Feature", "properties": { "id_municipio": 5104807, "municipio": "Jaciara", "grupo": "resto_mt", "slug": "jaciara" }, "geometry": { "type": "MultiPolygon", "coordinates": [ [ [ [ -54.953, -15.92 ], [ -54.942, -15.897 ], [ -54.959, -15.876 ], [ -54.946, -15.866 ], [ -54.96, -15.862 ], [ -54.963, -15.846 ], [ -54.962, -15.826 ], [ -54.951, -15.819 ], [ -54.971, -15.805 ], [ -54.959, -15.793 ], [ -54.962, -15.777 ], [ -54.969, -15.768 ], [ -55.015, -15.773 ], [ -55.025, -15.757 ], [ -55.014, -15.758 ], [ -55.012, -15.748 ], [ -55.003, -15.71 ], [ -55.012, -15.697 ], [ -54.999, -15.689 ], [ -55.006, -15.672 ], [ -54.985, -15.667 ], [ -54.984, -15.642 ], [ -54.972, -15.636 ], [ -54.979, -15.618 ], [ -55.02, -15.619 ], [ -55.028, -15.605 ], [ -55.05, -15.612 ], [ -55.067, -15.602 ], [ -55.078, -15.612 ], [ -55.083, -15.606 ], [ -55.097, -15.666 ], [ -55.131, -15.691 ], [ -55.193, -15.707 ], [ -55.244, -15.743 ], [ -55.248, -15.776 ], [ -55.303, -15.897 ], [ -55.319, -15.873 ], [ -55.329, -15.882 ], [ -55.383, -15.883 ], [ -55.39, -15.903 ], [ -55.407, -15.91 ], [ -55.407, -15.925 ], [ -55.422, -15.936 ], [ -55.417, -15.942 ], [ -55.426, -15.943 ], [ -55.415, -15.951 ], [ -55.428, -15.954 ], [ -55.434, -15.977 ], [ -55.418, -15.968 ], [ -55.403, -15.991 ], [ -55.373, -15.981 ], [ -55.398, -16.005 ], [ -55.386, -16.009 ], [ -55.389, -16.018 ], [ -55.376, -16.014 ], [ -55.378, -16.03 ], [ -55.35, -16.019 ], [ -55.358, -16.026 ], [ -55.347, -16.032 ], [ -55.371, -16.04 ], [ -55.368, -16.063 ], [ -55.377, -16.078 ], [ -55.365, -16.087 ], [ -55.374, -16.105 ], [ -55.36, -16.107 ], [ -55.377, -16.119 ], [ -55.397, -16.109 ], [ -55.412, -16.142 ], [ -55.43, -16.145 ], [ -55.438, -16.162 ], [ -55.475, -16.18 ], [ -55.506, -16.227 ], [ -55.54, -16.239 ], [ -55.545, -16.243 ], [ -55.526, -16.241 ], [ -55.529, -16.254 ], [ -55.518, -16.261 ], [ -55.54, -16.286 ], [ -55.519, -16.273 ], [ -55.519, -16.309 ], [ -55.485, -16.295 ], [ -55.472, -16.279 ], [ -55.478, -16.313 ], [ -55.424, -16.305 ], [ -55.416, -16.307 ], [ -55.424, -16.322 ], [ -55.394, -16.313 ], [ -55.379, -16.331 ], [ -55.367, -16.31 ], [ -55.351, -16.317 ], [ -55.32, -16.298 ], [ -55.293, -16.262 ], [ -55.285, -16.218 ], [ -55.26, -16.173 ], [ -55.23, -16.156 ], [ -55.217, -16.162 ], [ -55.167, -16.143 ], [ -55.126, -16.098 ], [ -55.089, -16.087 ], [ -55.052, -16.098 ], [ -55.022, -16.092 ], [ -54.989, -16.106 ], [ -54.977, -16.1 ], [ -54.95, -16.119 ], [ -54.934, -16.104 ], [ -54.935, -16.07 ], [ -54.925, -16.06 ], [ -54.947, -16.035 ], [ -54.938, -16.019 ], [ -54.946, -16.0 ], [ -54.917, -15.996 ], [ -54.909, -15.981 ], [ -54.934, -15.952 ], [ -54.953, -15.953 ], [ -54.954, -15.939 ], [ -54.942, -15.931 ], [ -54.953, -15.92 ] ] ] ] } },
{ "type": "Feature", "properties": { "id_municipio": 5104906, "municipio": "Jangada", "grupo": "resto_mt", "slug": "jangada" }, "geometry": { "type": "MultiPolygon", "coordinates": [ [ [ [ -56.451, -15.268 ], [ -56.424, -15.214 ], [ -56.407, -15.222 ], [ -56.383, -15.204 ], [ -56.402, -15.197 ], [ -56.411, -15.16 ], [ -56.436, -15.161 ], [ -56.486, -15.119 ], [ -56.54, -15.138 ], [ -56.556, -15.164 ], [ -56.573, -15.17 ], [ -56.595, -15.228 ], [ -56.61, -15.24 ], [ -56.65, -15.232 ], [ -56.69, -15.285 ], [ -56.709, -15.282 ], [ -56.759, -15.342 ], [ -56.894, -15.469 ], [ -56.945, -15.537 ], [ -56.913, -15.531 ], [ -56.877, -15.478 ], [ -56.785, -15.395 ], [ -56.772, -15.41 ], [ -56.745, -15.416 ], [ -56.735, -15.403 ], [ -56.726, -15.41 ], [ -56.712, -15.405 ], [ -56.685, -15.428 ], [ -56.657, -15.431 ], [ -56.649, -15.438 ], [ -56.683, -15.479 ], [ -56.561, -15.481 ], [ -56.559, -15.516 ], [ -56.547, -15.525 ], [ -56.503, -15.511 ], [ -56.453, -15.446 ], [ -56.403, -15.435 ], [ -56.386, -15.412 ], [ -56.356, -15.412 ], [ -56.39, -15.393 ], [ -56.41, -15.365 ], [ -56.435, -15.289 ], [ -56.451, -15.268 ] ] ] ] } },
{ "type": "Feature", "properties": { "id_municipio": 5105002, "municipio": "Jauru", "grupo": "resto_mt", "slug": "jauru" }, "geometry": { "type": "MultiPolygon", "coordinates": [ [ [ [ -58.88, -15.013 ], [ -58.883, -15.158 ], [ -58.898, -15.155 ], [ -58.959, -15.183 ], [ -58.962, -15.195 ], [ -58.924, -15.209 ], [ -58.934, -15.223 ], [ -58.926, -15.274 ], [ -58.942, -15.297 ], [ -58.984, -15.321 ], [ -59.025, -15.324 ], [ -59.003, -15.365 ], [ -59.009, -15.395 ], [ -59.019, -15.399 ], [ -59.013, -15.418 ], [ -59.06, -15.459 ], [ -59.093, -15.448 ], [ -59.093, -15.467 ], [ -59.085, -15.48 ], [ -59.025, -15.496 ], [ -59.007, -15.536 ], [ -58.947, -15.573 ], [ -58.899, -15.595 ], [ -58.857, -15.6 ], [ -58.846, -15.599 ], [ -58.87, -15.569 ], [ -58.856, -15.497 ], [ -58.8, -15.454 ], [ -58.767, -15.451 ], [ -58.788, -15.377 ], [ -58.762, -15.354 ], [ -58.742, -15.368 ], [ -58.733, -15.362 ], [ -58.755, -15.317 ], [ -58.75, -15.294 ], [ -58.719, -15.325 ], [ -58.705, -15.326 ], [ -58.697, -15.314 ], [ -58.708, -15.288 ], [ -58.716, -15.289 ], [ -58.728, -15.246 ], [ -58.722, -15.165 ], [ -58.742, -15.101 ], [ -58.734, -15.093 ], [ -58.742, -15.094 ], [ -58.753, -15.046 ], [ -58.722, -15.025 ], [ -58.73, -15.019 ], [ -58.721, -15.001 ], [ -58.854, -15.0 ], [ -58.88, -15.013 ] ] ] ] } },
{ "type": "Feature", "properties": { "id_municipio": 5105101, "municipio": "Juara", "grupo": "resto_mt", "slug": "juara" }, "geometry": { "type": "MultiPolygon", "coordinates": [ [ [ [ -57.317, -11.25 ], [ -57.314, -11.267 ], [ -57.282, -11.275 ], [ -57.276, -11.289 ], [ -57.246, -11.292 ], [ -57.233, -11.306 ], [ -57.211, -11.305 ], [ -57.2, -11.317 ], [ -57.116, -11.31 ], [ -57.083, -11.272 ], [ -57.047, -11.263 ], [ -57.07, -11.234 ], [ -57.074, -11.204 ], [ -57.02, -11.141 ], [ -57.003, -11.134 ], [ -57.019, -11.107 ], [ -57.024, -11.058 ], [ -57.033, -11.057 ], [ -57.054, -11.008 ], [ -57.075, -10.995 ], [ -57.048, -10.987 ], [ -57.054, -10.959 ], [ -57.043, -10.959 ], [ -57.035, -10.974 ], [ -57.011, -10.971 ], [ -56.998, -10.986 ], [ -56.991, -10.974 ], [ -56.966, -10.976 ], [ -56.954, -10.966 ], [ -56.935, -10.976 ], [ -56.949, -10.942 ], [ -56.925, -10.944 ], [ -56.919, -10.959 ], [ -56.896, -10.943 ], [ -56.884, -10.961 ], [ -56.868, -10.949 ], [ -56.849, -10.95 ], [ -56.846, -10.973 ], [ -56.812, -10.971 ], [ -56.803, -10.985 ], [ -56.787, -10.984 ], [ -56.783, -10.963 ], [ -56.771, -10.953 ], [ -56.776, -10.937 ], [ -56.762, -10.935 ], [ -56.745, -10.916 ], [ -56.732, -10.866 ], [ -56.803, -10.782 ], [ -56.82, -10.736 ], [ -56.804, -10.713 ], [ -56.782, -10.569 ], [ -56.751, -10.542 ], [ -56.75, -10.525 ], [ -56.719, -10.502 ], [ -56.713, -10.485 ], [ -56.754, -10.462 ], [ -56.765, -10.43 ], [ -56.791, -10.422 ], [ -56.789, -10.409 ], [ -56.807, -10.412 ], [ -56.806, -10.39 ], [ -56.85, -10.373 ], [ -56.979, -10.362 ], [ -56.988, -10.327 ], [ -56.956, -10.319 ], [ -56.971, -10.314 ], [ -56.964, -10.284 ], [ -57.052, -10.312 ], [ -57.076, -10.304 ], [ -57.097, -10.315 ], [ -57.153, -10.312 ], [ -57.162, -10.325 ], [ -57.2, -10.299 ], [ -57.242, -10.296 ], [ -57.278, -10.271 ], [ -57.374, -10.283 ], [ -57.389, -10.308 ], [ -57.385, -10.278 ], [ -57.453, -10.254 ], [ -57.5, -10.273 ], [ -57.543, -10.277 ], [ -57.597, -10.249 ], [ -57.603, -10.299 ], [ -57.646, -10.313 ], [ -57.66, -10.303 ], [ -57.681, -10.319 ], [ -57.683, -10.346 ], [ -57.741, -10.353 ], [ -57.773, -10.376 ], [ -57.794, -10.371 ], [ -57.849, -10.385 ], [ -57.891, -10.409 ], [ -57.913, -10.405 ], [ -58.002, -10.433 ], [ -58.008, -10.396 ], [ -58.045, -10.384 ], [ -58.069, -10.383 ], [ -58.168, -10.422 ], [ -58.207, -10.409 ], [ -58.254, -10.441 ], [ -58.279, -10.442 ], [ -58.289, -10.452 ], [ -58.338, -10.409 ], [ -58.338, -10.438 ], [ -58.354, -10.455 ], [ -58.37, -10.505 ], [ -58.41, -10.542 ], [ -58.419, -10.57 ], [ -58.382, -10.623 ], [ -58.392, -10.652 ], [ -58.369, -10.696 ], [ -58.372, -10.725 ], [ -58.331, -10.796 ], [ -58.353, -10.871 ], [ -58.337, -10.91 ], [ -58.349, -10.936 ], [ -58.316, -10.975 ], [ -58.311, -11.006 ], [ -58.283, -11.003 ], [ -58.271, -11.032 ], [ -58.251, -11.05 ], [ -58.248, -11.127 ], [ -58.276, -11.164 ], [ -58.277, -11.187 ], [ -58.258, -11.19 ], [ -58.224, -11.249 ], [ -58.198, -11.259 ], [ -58.201, -11.277 ], [ -58.193, -11.287 ], [ -58.152, -11.267 ], [ -58.128, -11.281 ], [ -58.124, -11.333 ], [ -58.133, -11.336 ], [ -58.157, -11.416 ], [ -58.14, -11.454 ], [ -58.18, -11.498 ], [ -58.169, -11.514 ], [ -58.141, -11.514 ], [ -58.123, -11.569 ], [ -58.093, -11.579 ], [ -58.076, -11.599 ], [ -58.084, -11.62 ], [ -58.066, -11.634 ], [ -58.077, -11.691 ], [ -58.045, -11.713 ], [ -58.052, -11.739 ], [ -58.024, -11.778 ], [ -57.975, -11.808 ], [ -57.964, -11.849 ], [ -57.928, -11.88 ], [ -57.932, -11.901 ], [ -57.908, -11.914 ], [ -57.924, -11.919 ], [ -57.922, -11.926 ], [ -57.888, -11.938 ], [ -57.897, -11.951 ], [ -57.892, -11.979 ], [ -57.863, -11.987 ], [ -57.871, -12.003 ], [ -57.864, -12.022 ], [ -57.871, -12.08 ], [ -57.88, -12.095 ], [ -57.872, -12.113 ], [ -57.844, -12.114 ], [ -57.83, -12.127 ], [ -57.83, -12.146 ], [ -57.804, -12.142 ], [ -57.783, -12.169 ], [ -57.749, -12.174 ], [ -57.734, -12.209 ], [ -57.651, -12.139 ], [ -57.616, -12.128 ], [ -57.614, -12.101 ], [ -57.562, -12.072 ], [ -57.543, -12.066 ], [ -57.505, -12.087 ], [ -57.403, -12.101 ], [ -57.423, -12.065 ], [ -57.409, -12.02 ], [ -57.428, -11.999 ], [ -57.421, -11.962 ], [ -57.437, -11.909 ], [ -57.431, -11.864 ], [ -57.397, -11.84 ], [ -57.392, -11.822 ], [ -57.415, -11.743 ], [ -57.406, -11.72 ], [ -57.412, -11.703 ], [ -57.393, -11.675 ], [ -57.411, -11.651 ], [ -57.39, -11.627 ], [ -57.42, -11.605 ], [ -57.39, -11.579 ], [ -57.401, -11.567 ], [ -57.434, -11.577 ], [ -57.443, -11.564 ], [ -57.421, -11.533 ], [ -57.406, -11.486 ], [ -57.44, -11.464 ], [ -57.442, -11.441 ], [ -57.476, -11.423 ], [ -57.47, -11.411 ], [ -57.524, -11.356 ], [ -57.552, -11.353 ], [ -57.557, -11.326 ], [ -57.537, -11.315 ], [ -57.523, -11.318 ], [ -57.497, -11.295 ], [ -57.41, -11.295 ], [ -57.358, -11.263 ], [ -57.346, -11.266 ], [ -57.317, -11.25 ] ] ] ] } },
{ "type": "Feature", "properties": { "id_municipio": 5105150, "municipio": "Juína", "grupo": "resto_mt", "slug": "juina" }, "geometry": { "type": "MultiPolygon", "coordinates": [ [ [ [ -58.334, -11.331 ], [ -58.346, -11.296 ], [ -58.332, -11.27 ], [ -58.377, -11.262 ], [ -58.375, -11.239 ], [ -58.389, -11.252 ], [ -58.465, -11.256 ], [ -58.49, -11.265 ], [ -58.491, -11.28 ], [ -58.53, -11.297 ], [ -58.545, -11.29 ], [ -58.568, -11.301 ], [ -58.585, -11.297 ], [ -58.649, -11.247 ], [ -58.8, -11.176 ], [ -58.798, -11.165 ], [ -58.839, -11.1 ], [ -58.802, -11.055 ], [ -58.835, -11.035 ], [ -58.858, -11.035 ], [ -58.862, -11.018 ], [ -58.909, -11.004 ], [ -58.927, -11.011 ], [ -58.948, -10.993 ], [ -58.931, -10.924 ], [ -58.92, -10.914 ], [ -58.937, -10.902 ], [ -58.948, -10.914 ], [ -58.958, -10.897 ], [ -58.984, -10.893 ], [ -58.998, -10.878 ], [ -58.959, -10.866 ], [ -58.941, -10.882 ], [ -58.939, -10.866 ], [ -58.868, -10.836 ], [ -58.861, -10.813 ], [ -58.829, -10.811 ], [ -58.844, -10.794 ], [ -58.909, -10.791 ], [ -58.882, -10.618 ], [ -58.905, -10.621 ], [ -58.918, -10.633 ], [ -58.916, -10.707 ], [ -58.93, -10.734 ], [ -58.947, -10.731 ], [ -58.952, -10.751 ], [ -58.993, -10.772 ], [ -58.998, -10.787 ], [ -59.05, -10.772 ], [ -59.121, -10.816 ], [ -59.152, -10.805 ], [ -59.168, -10.811 ], [ -59.203, -10.789 ], [ -59.252, -10.816 ], [ -59.328, -10.814 ], [ -59.327, -10.797 ], [ -59.367, -10.802 ], [ -59.362, -10.791 ], [ -59.376, -10.789 ], [ -59.381, -10.772 ], [ -59.4, -10.758 ], [ -59.395, -10.742 ], [ -59.423, -10.75 ], [ -59.466, -10.72 ], [ -59.496, -10.744 ], [ -59.53, -10.726 ], [ -59.563, -10.74 ], [ -59.583, -10.732 ], [ -59.659, -10.74 ], [ -59.674, -10.754 ], [ -59.67, -10.779 ], [ -59.696, -10.794 ], [ -59.694, -10.802 ], [ -59.765, -10.805 ], [ -59.769, -10.816 ], [ -59.824, -10.825 ], [ -59.851, -10.849 ], [ -59.883, -10.858 ], [ -59.932, -10.844 ], [ -59.967, -10.82 ], [ -59.971, -10.839 ], [ -59.991, -10.832 ], [ -59.995, -10.843 ], [ -60.026, -10.848 ], [ -60.042, -10.865 ], [ -60.092, -10.881 ], [ -60.135, -10.881 ], [ -60.162, -10.905 ], [ -60.254, -10.92 ], [ -60.327, -10.913 ], [ -60.36, -10.896 ], [ -60.363, -10.874 ], [ -60.404, -10.853 ], [ -60.41, -10.871 ], [ -60.429, -10.879 ], [ -60.45, -10.908 ], [ -60.434, -10.932 ], [ -60.464, -10.981 ], [ -60.438, -11.017 ], [ -60.447, -11.042 ], [ -60.414, -11.043 ], [ -60.414, -11.067 ], [ -60.404, -11.069 ], [ -60.392, -11.094 ], [ -60.348, -11.109 ], [ -60.348, -11.074 ], [ -60.335, -11.083 ], [ -60.301, -11.057 ], [ -60.282, -11.064 ], [ -60.281, -11.092 ], [ -60.271, -11.099 ], [ -60.239, -11.095 ], [ -60.203, -11.113 ], [ -60.159, -11.096 ], [ -60.096, -11.111 ], [ -60.084, -11.097 ], [ -60.067, -11.126 ], [ -60.037, -11.117 ], [ -60.023, -11.131 ], [ -60.016, -11.116 ], [ -59.995, -11.125 ], [ -59.987, -11.115 ], [ -59.977, -11.122 ], [ -59.98, -11.14 ], [ -59.989, -11.138 ], [ -59.985, -11.147 ], [ -59.998, -11.151 ], [ -59.964, -11.189 ], [ -59.981, -11.204 ], [ -59.982, -11.234 ], [ -59.968, -11.253 ], [ -59.959, -11.295 ], [ -59.928, -11.31 ], [ -59.92, -11.327 ], [ -59.921, -11.398 ], [ -59.945, -11.432 ], [ -59.976, -11.439 ], [ -59.985, -11.469 ], [ -60.02, -11.497 ], [ -60.031, -11.493 ], [ -60.027, -11.506 ], [ -60.057, -11.542 ], [ -60.087, -11.561 ], [ -60.091, -11.555 ], [ -60.087, -11.568 ], [ -60.102, -11.577 ], [ -60.094, -11.586 ], [ -60.114, -11.587 ], [ -60.122, -11.712 ], [ -60.103, -11.773 ], [ -60.109, -11.781 ], [ -60.101, -11.781 ], [ -60.108, -11.793 ], [ -60.096, -11.8 ], [ -60.105, -11.803 ], [ -60.096, -11.818 ], [ -60.109, -11.84 ], [ -60.101, -11.835 ], [ -60.096, -11.859 ], [ -60.083, -11.858 ], [ -60.077, -11.885 ], [ -60.061, -11.895 ], [ -60.012, -11.893 ], [ -59.986, -11.912 ], [ -59.987, -11.96 ], [ -59.971, -11.97 ], [ -59.97, -11.989 ], [ -59.98, -11.991 ], [ -59.967, -12.007 ], [ -59.979, -12.03 ], [ -59.9, -12.117 ], [ -59.9, -12.171 ], [ -59.911, -12.186 ], [ -59.892, -12.245 ], [ -59.777, -12.343 ], [ -59.745, -12.327 ], [ -59.73, -12.329 ], [ -59.709, -12.31 ], [ -59.689, -12.32 ], [ -59.638, -12.305 ], [ -59.599, -12.314 ], [ -59.585, -12.301 ], [ -59.572, -12.309 ], [ -59.558, -12.298 ], [ -59.499, -12.3 ], [ -59.484, -12.287 ], [ -59.403, -12.292 ], [ -59.388, -12.284 ], [ -59.366, -12.292 ], [ -59.335, -12.28 ], [ -59.271, -12.29 ], [ -59.248, -12.311 ], [ -59.229, -12.305 ], [ -59.191, -12.336 ], [ -59.188, -12.358 ], [ -59.163, -12.368 ], [ -59.131, -12.358 ], [ -59.126, -12.337 ], [ -59.107, -12.319 ], [ -59.116, -12.311 ], [ -59.093, -12.304 ], [ -59.055, -12.259 ], [ -59.048, -12.264 ], [ -59.049, -12.254 ], [ -59.034, -12.249 ], [ -59.033, -12.256 ], [ -59.011, -12.236 ], [ -58.989, -12.239 ], [ -58.964, -12.224 ], [ -58.932, -12.225 ], [ -58.838, -12.203 ], [ -58.787, -12.157 ], [ -58.75, -12.136 ], [ -58.737, -12.141 ], [ -58.708, -12.118 ], [ -58.699, -12.088 ], [ -58.684, -12.097 ], [ -58.661, -12.054 ], [ -58.588, -12.039 ], [ -58.581, -12.012 ], [ -58.565, -12.018 ], [ -58.551, -12.009 ], [ -58.552, -11.987 ], [ -58.533, -11.999 ], [ -58.522, -11.989 ], [ -58.5, -11.937 ], [ -58.433, -11.912 ], [ -58.433, -11.856 ], [ -58.424, -11.829 ], [ -58.402, -11.814 ], [ -58.389, -11.774 ], [ -58.391, -11.713 ], [ -58.42, -11.621 ], [ -58.387, -11.602 ], [ -58.381, -11.533 ], [ -58.336, -11.503 ], [ -58.333, -11.471 ], [ -58.316, -11.441 ], [ -58.34, -11.406 ], [ -58.334, -11.331 ] ] ] ] } },
{ "type": "Feature", "properties": { "id_municipio": 5105176, "municipio": "Juruena", "grupo": "resto_mt", "slug": "juruena" }, "geometry": { "type": "MultiPolygon", "coordinates": [ [ [ [ -58.844, -10.132 ], [ -58.843, -10.155 ], [ -58.828, -10.158 ], [ -58.844, -10.19 ], [ -58.828, -10.204 ], [ -58.819, -10.256 ], [ -58.796, -10.281 ], [ -58.826, -10.314 ], [ -58.848, -10.366 ], [ -58.881, -10.393 ], [ -58.87, -10.432 ], [ -58.895, -10.492 ], [ -58.905, -10.547 ], [ -58.927, -10.557 ], [ -58.882, -10.618 ], [ -58.909, -10.791 ], [ -58.888, -10.744 ], [ -58.843, -10.734 ], [ -58.835, -10.716 ], [ -58.8, -10.714 ], [ -58.796, -10.703 ], [ -58.784, -10.711 ], [ -58.772, -10.695 ], [ -58.739, -10.697 ], [ -58.721, -10.667 ], [ -58.65, -10.665 ], [ -58.648, -10.652 ], [ -58.624, -10.637 ], [ -58.609, -10.642 ], [ -58.562, -10.621 ], [ -58.535, -10.636 ], [ -58.493, -10.631 ], [ -58.484, -10.612 ], [ -58.459, -10.598 ], [ -58.445, -10.568 ], [ -58.419, -10.567 ], [ -58.41, -10.542 ], [ -58.37, -10.505 ], [ -58.334, -10.425 ], [ -58.359, -10.3 ], [ -58.346, -10.228 ], [ -58.321, -10.187 ], [ -58.323, -10.128 ], [ -58.844, -10.132 ] ] ] ] } },
{ "type": "Feature", "properties": { "id_municipio": 5105200, "municipio": "Juscimeira", "grupo": "pantanal_norte", "slug": "juscimeira" }, "geometry": { "type": "MultiPolygon", "coordinates": [ [ [ [ -54.695, -16.173 ], [ -54.656, -16.133 ], [ -54.646, -16.139 ], [ -54.6, -16.122 ], [ -54.534, -16.083 ], [ -54.479, -16.068 ], [ -54.475, -16.042 ], [ -54.45, -16.006 ], [ -54.453, -15.978 ], [ -54.439, -15.968 ], [ -54.457, -15.942 ], [ -54.458, -15.922 ], [ -54.576, -15.882 ], [ -54.562, -15.912 ], [ -54.565, -15.932 ], [ -54.582, -15.935 ], [ -54.583, -15.961 ], [ -54.606, -15.981 ], [ -54.784, -15.996 ], [ -54.837, -16.011 ], [ -54.852, -16.003 ], [ -54.867, -16.017 ], [ -54.891, -15.995 ], [ -54.917, -16.03 ], [ -54.909, -16.05 ], [ -54.927, -16.055 ], [ -54.94, -16.095 ], [ -54.934, -16.104 ], [ -54.95, -16.119 ], [ -54.978, -16.1 ], [ -54.989, -16.106 ], [ -55.022, -16.092 ], [ -55.052, -16.098 ], [ -55.089, -16.087 ], [ -55.136, -16.104 ], [ -55.167, -16.143 ], [ -55.25, -16.168 ], [ -55.2, -16.453 ], [ -55.157, -16.442 ], [ -55.06, -16.446 ], [ -55.035, -16.463 ], [ -55.02, -16.516 ], [ -55.01, -16.518 ], [ -54.996, -16.505 ], [ -54.999, -16.491 ], [ -54.982, -16.494 ], [ -54.991, -16.478 ], [ -54.97, -16.471 ], [ -54.969, -16.458 ], [ -54.979, -16.455 ], [ -54.969, -16.423 ], [ -54.936, -16.391 ], [ -54.941, -16.329 ], [ -54.926, -16.308 ], [ -54.913, -16.31 ], [ -54.91, -16.271 ], [ -54.882, -16.265 ], [ -54.857, -16.277 ], [ -54.834, -16.259 ], [ -54.826, -16.263 ], [ -54.797, -16.211 ], [ -54.74, -16.186 ], [ -54.724, -16.167 ], [ -54.695, -16.173 ] ] ] ] } },
{ "type": "Feature", "properties": { "id_municipio": 5105234, "municipio": "Lambari D'Oeste", "grupo": "pantanal_norte", "slug": "lambari-d-oeste" }, "geometry": { "type": "MultiPolygon", "coordinates": [ [ [ [ -57.893, -15.459 ], [ -57.889, -15.485 ], [ -57.835, -15.502 ], [ -57.835, -15.533 ], [ -57.848, -15.543 ], [ -57.819, -15.569 ], [ -57.832, -15.584 ], [ -57.815, -15.596 ], [ -57.818, -15.607 ], [ -57.798, -15.611 ], [ -57.783, -15.639 ], [ -57.785, -15.65 ], [ -57.802, -15.65 ], [ -57.812, -15.684 ], [ -57.812, -15.741 ], [ -57.795, -15.763 ], [ -57.801, -15.774 ], [ -57.799, -15.774 ], [ -57.76, -15.68 ], [ -57.722, -15.727 ], [ -57.699, -15.713 ], [ -57.71, -15.71 ], [ -57.704, -15.699 ], [ -57.713, -15.647 ], [ -57.697, -15.602 ], [ -57.703, -15.578 ], [ -57.695, -15.549 ], [ -57.708, -15.521 ], [ -57.701, -15.479 ], [ -57.712, -15.455 ], [ -57.508, -15.51 ], [ -57.517, -15.468 ], [ -57.572, -15.406 ], [ -57.604, -15.327 ], [ -57.606, -15.256 ], [ -57.639, -15.154 ], [ -57.68, -15.15 ], [ -57.686, -15.145 ], [ -57.677, -15.135 ], [ -57.685, -15.132 ], [ -57.742, -15.147 ], [ -57.823, -15.142 ], [ -57.837, -15.198 ], [ -57.933, -15.237 ], [ -57.961, -15.221 ], [ -57.966, -15.235 ], [ -58.02, -15.262 ], [ -58.044, -15.3 ], [ -58.08, -15.33 ], [ -58.089, -15.389 ], [ -58.103, -15.406 ], [ -58.087, -15.393 ], [ -58.078, -15.372 ], [ -58.072, -15.381 ], [ -58.039, -15.355 ], [ -58.018, -15.359 ], [ -57.967, -15.394 ], [ -57.974, -15.414 ], [ -57.966, -15.433 ], [ -57.923, -15.43 ], [ -57.908, -15.454 ], [ -57.893, -15.459 ] ] ] ] } },
{ "type": "Feature", "properties": { "id_municipio": 5105259, "municipio": "Lucas do Rio Verde", "grupo": "resto_mt", "slug": "lucas-do-rio-verde" }, "geometry": { "type": "MultiPolygon", "coordinates": [ [ [ [ -56.422, -13.094 ], [ -56.389, -13.113 ], [ -56.345, -13.112 ], [ -56.33, -13.125 ], [ -56.306, -13.17 ], [ -56.296, -13.171 ], [ -56.295, -13.191 ], [ -56.28, -13.205 ], [ -56.286, -13.212 ], [ -56.233, -13.254 ], [ -56.234, -13.279 ], [ -56.201, -13.309 ], [ -56.204, -13.327 ], [ -56.166, -13.392 ], [ -56.103, -13.413 ], [ -56.11, -13.448 ], [ -56.065, -13.455 ], [ -56.047, -13.432 ], [ -55.99, -13.457 ], [ -55.977, -13.453 ], [ -55.977, -13.419 ], [ -55.962, -13.378 ], [ -55.974, -13.358 ], [ -55.974, -13.351 ], [ -55.964, -13.353 ], [ -55.968, -13.331 ], [ -55.913, -13.301 ], [ -55.903, -13.276 ], [ -55.89, -13.274 ], [ -55.879, -13.258 ], [ -55.879, -13.213 ], [ -55.897, -13.191 ], [ -55.88, -13.162 ], [ -55.889, -13.142 ], [ -55.881, -13.128 ], [ -55.897, -13.103 ], [ -55.888, -13.1 ], [ -55.893, -13.078 ], [ -55.877, -13.085 ], [ -55.874, -13.077 ], [ -55.89, -13.075 ], [ -55.892, -13.043 ], [ -55.909, -13.051 ], [ -55.906, -13.006 ], [ -55.948, -12.93 ], [ -55.946, -12.918 ], [ -55.96, -12.916 ], [ -55.962, -12.901 ], [ -55.979, -12.899 ], [ -55.975, -12.887 ], [ -55.999, -12.873 ], [ -55.984, -12.852 ], [ -55.995, -12.85 ], [ -56.0, -12.836 ], [ -55.991, -12.82 ], [ -56.0, -12.809 ], [ -55.996, -12.794 ], [ -56.013, -12.793 ], [ -56.015, -12.769 ], [ -56.031, -12.766 ], [ -56.04, -12.776 ], [ -56.023, -12.737 ], [ -56.036, -12.733 ], [ -56.041, -12.699 ], [ -56.054, -12.703 ], [ -56.055, -12.686 ], [ -56.074, -12.677 ], [ -56.084, -12.693 ], [ -56.095, -12.682 ], [ -56.089, -12.664 ], [ -56.117, -12.638 ], [ -56.158, -12.655 ], [ -56.182, -12.691 ], [ -56.215, -12.698 ], [ -56.231, -12.691 ], [ -56.284, -12.716 ], [ -56.306, -12.748 ], [ -56.301, -12.761 ], [ -56.334, -12.777 ], [ -56.341, -12.813 ], [ -56.368, -12.841 ], [ -56.378, -12.878 ], [ -56.391, -12.889 ], [ -56.404, -12.887 ], [ -56.418, -12.849 ], [ -56.461, -12.901 ], [ -56.502, -12.883 ], [ -56.546, -12.947 ], [ -56.623, -12.96 ], [ -56.659, -12.983 ], [ -56.585, -13.033 ], [ -56.549, -13.036 ], [ -56.524, -13.026 ], [ -56.498, -13.041 ], [ -56.46, -13.046 ], [ -56.422, -13.094 ] ] ] ] } },
{ "type": "Feature", "properties": { "id_municipio": 5105309, "municipio": "Luciara", "grupo": "resto_mt", "slug": "luciara" }, "geometry": { "type": "MultiPolygon", "coordinates": [ [ [ [ -50.655, -11.215 ], [ -50.661, -11.135 ], [ -50.644, -11.123 ], [ -50.609, -11.067 ], [ -50.62, -10.969 ], [ -50.633, -10.936 ], [ -50.601, -10.901 ], [ -50.599, -10.884 ], [ -50.619, -10.864 ], [ -50.622, -10.839 ], [ -50.609, -10.806 ], [ -50.592, -10.8 ], [ -50.571, -10.749 ], [ -50.604, -10.661 ], [ -50.618, -10.66 ], [ -50.616, -10.671 ], [ -50.634, -10.687 ], [ -50.657, -10.686 ], [ -50.659, -10.672 ], [ -50.7, -10.676 ], [ -50.699, -10.651 ], [ -50.714, -10.647 ], [ -50.729, -10.655 ], [ -50.785, -10.649 ], [ -50.819, -10.665 ], [ -50.825, -10.687 ], [ -50.844, -10.692 ], [ -50.846, -10.703 ], [ -50.833, -10.7 ], [ -50.834, -10.711 ], [ -50.857, -10.704 ], [ -50.895, -10.714 ], [ -50.901, -10.728 ], [ -50.915, -10.73 ], [ -50.915, -10.742 ], [ -50.96, -10.755 ], [ -50.974, -10.776 ], [ -51.006, -10.764 ], [ -51.008, -10.78 ], [ -51.03, -10.784 ], [ -51.035, -10.829 ], [ -51.06, -10.837 ], [ -51.057, -10.855 ], [ -51.068, -10.862 ], [ -51.071, -10.883 ], [ -51.092, -10.878 ], [ -51.121, -10.901 ], [ -51.137, -10.898 ], [ -51.147, -10.919 ], [ -51.165, -10.928 ], [ -51.196, -10.912 ], [ -51.203, -10.944 ], [ -51.228, -10.946 ], [ -51.243, -10.981 ], [ -51.263, -10.985 ], [ -51.276, -11.005 ], [ -51.323, -11.018 ], [ -51.33, -10.98 ], [ -51.342, -10.973 ], [ -51.337, -11.0 ], [ -51.36, -11.006 ], [ -51.363, -11.017 ], [ -51.392, -11.012 ], [ -51.407, -11.046 ], [ -51.443, -11.057 ], [ -51.454, -11.084 ], [ -51.474, -11.089 ], [ -51.499, -11.133 ], [ -51.51, -11.134 ], [ -51.52, -11.177 ], [ -50.7, -11.313 ], [ -50.67, -11.285 ], [ -50.655, -11.215 ] ] ] ] } },
{ "type": "Feature", "properties": { "id_municipio": 5105507, "municipio": "Vila Bela da Santíssima Trindade", "grupo": "resto_mt", "slug": "vila-bela-da-santissima-trindade" }, "geometry": { "type": "MultiPolygon", "coordinates": [ [ [ [ -59.469, -16.28 ], [ -59.451, -16.264 ], [ -59.467, -16.198 ], [ -59.491, -16.175 ], [ -59.487, -16.157 ], [ -59.473, -16.147 ], [ -59.503, -16.156 ], [ -59.513, -16.173 ], [ -59.558, -16.178 ], [ -59.563, -16.2 ], [ -59.637, -16.161 ], [ -59.669, -16.164 ], [ -59.741, -16.087 ], [ -59.76, -16.087 ], [ -59.762, -16.048 ], [ -59.8, -16.019 ], [ -59.802, -15.991 ], [ -59.825, -15.956 ], [ -59.894, -15.985 ], [ -59.914, -15.986 ], [ -59.929, -15.967 ], [ -59.937, -15.97 ], [ -59.953, -15.871 ], [ -59.977, -15.862 ], [ -59.97, -15.838 ], [ -59.98, -15.809 ], [ -60.014, -15.781 ], [ -60.005, -15.735 ], [ -60.024, -15.72 ], [ -60.031, -15.687 ], [ -60.043, -15.679 ], [ -60.048, -15.638 ], [ -60.016, -15.561 ], [ -59.49, -15.441 ], [ -59.432, -15.227 ], [ -59.447, -15.219 ], [ -59.539, -15.048 ], [ -59.573, -15.006 ], [ -59.576, -14.978 ], [ -59.566, -14.984 ], [ -59.545, -14.963 ], [ -59.511, -14.961 ], [ -59.478, -14.984 ], [ -59.447, -14.959 ], [ -59.584, -14.82 ], [ -59.642, -14.82 ], [ -59.658, -14.807 ], [ -59.681, -14.772 ], [ -59.66, -14.749 ], [ -59.681, -14.715 ], [ -59.724, -14.671 ], [ -59.772, -14.642 ], [ -59.776, -14.612 ], [ -59.798, -14.588 ], [ -59.804, -14.556 ], [ -59.836, -14.544 ], [ -59.846, -14.513 ], [ -59.869, -14.492 ], [ -59.896, -14.499 ], [ -59.931, -14.484 ], [ -59.967, -14.451 ], [ -59.978, -14.426 ], [ -60.007, -14.409 ], [ -60.056, -14.415 ], [ -60.072, -14.431 ], [ -60.129, -14.422 ], [ -60.132, -14.39 ], [ -60.149, -14.375 ], [ -60.167, -14.379 ], [ -60.162, -14.354 ], [ -60.172, -14.317 ], [ -60.19, -14.321 ], [ -60.198, -14.278 ], [ -60.214, -14.275 ], [ -60.213, -14.263 ], [ -60.232, -14.265 ], [ -60.223, -14.226 ], [ -60.237, -14.225 ], [ -60.23, -14.223 ], [ -60.237, -14.211 ], [ -60.23, -14.198 ], [ -60.238, -14.2 ], [ -60.236, -14.187 ], [ -60.248, -14.186 ], [ -60.248, -14.169 ], [ -60.265, -14.173 ], [ -60.262, -14.162 ], [ -60.281, -14.157 ], [ -60.27, -14.145 ], [ -60.286, -14.129 ], [ -60.288, -14.095 ], [ -60.303, -14.084 ], [ -60.295, -14.074 ], [ -60.313, -14.069 ], [ -60.31, -14.061 ], [ -60.318, -14.066 ], [ -60.35, -14.009 ], [ -60.375, -14.018 ], [ -60.383, -13.993 ], [ -60.4, -13.992 ], [ -60.405, -14.031 ], [ -60.428, -14.05 ], [ -60.428, -14.063 ], [ -60.454, -14.089 ], [ -60.481, -14.096 ], [ -60.475, -14.16 ], [ -60.493, -14.188 ], [ -60.473, -14.191 ], [ -60.466, -14.234 ], [ -60.45, -14.241 ], [ -60.467, -14.265 ], [ -60.454, -14.313 ], [ -60.441, -14.32 ], [ -60.425, -14.352 ], [ -60.406, -14.356 ], [ -60.411, -14.369 ], [ -60.395, -14.365 ], [ -60.408, -14.414 ], [ -60.394, -14.422 ], [ -60.402, -14.433 ], [ -60.384, -14.439 ], [ -60.379, -14.465 ], [ -60.359, -14.473 ], [ -60.366, -14.488 ], [ -60.349, -14.494 ], [ -60.34, -14.51 ], [ -60.336, -14.53 ], [ -60.344, -14.533 ], [ -60.33, -14.554 ], [ -60.323, -14.61 ], [ -60.291, -14.626 ], [ -60.273, -14.621 ], [ -60.245, -15.097 ], [ -60.576, -15.098 ], [ -60.24, -15.475 ], [ -60.174, -16.267 ], [ -59.469, -16.28 ] ] ] ] } },
{ "type": "Feature", "properties": { "id_municipio": 5105580, "municipio": "Marcelândia", "grupo": "resto_mt", "slug": "marcelandia" }, "geometry": { "type": "MultiPolygon", "coordinates": [ [ [ [ -54.623, -11.18 ], [ -54.586, -11.19 ], [ -54.569, -11.22 ], [ -54.561, -11.28 ], [ -54.544, -11.304 ], [ -54.552, -11.353 ], [ -54.506, -11.413 ], [ -54.447, -11.365 ], [ -54.422, -11.327 ], [ -54.422, -11.309 ], [ -54.392, -11.324 ], [ -54.364, -11.32 ], [ -54.35, -11.345 ], [ -54.316, -11.354 ], [ -54.301, -11.369 ], [ -54.202, -11.321 ], [ -54.178, -11.294 ], [ -54.131, -11.301 ], [ -54.111, -11.284 ], [ -54.075, -11.284 ], [ -54.018, -11.248 ], [ -53.967, -11.259 ], [ -53.948, -11.244 ], [ -53.872, -11.244 ], [ -53.853, -11.258 ], [ -53.828, -11.255 ], [ -53.818, -11.268 ], [ -53.789, -11.273 ], [ -53.793, -11.286 ], [ -53.781, -11.291 ], [ -53.778, -11.27 ], [ -53.759, -11.256 ], [ -53.766, -11.244 ], [ -53.748, -11.234 ], [ -53.753, -11.213 ], [ -53.74, -11.208 ], [ -53.733, -11.221 ], [ -53.727, -11.217 ], [ -53.727, -11.203 ], [ -53.709, -11.196 ], [ -53.713, -11.177 ], [ -53.7, -11.19 ], [ -53.681, -11.181 ], [ -53.683, -11.157 ], [ -53.665, -11.142 ], [ -53.644, -11.152 ], [ -53.641, -11.14 ], [ -53.624, -11.131 ], [ -53.63, -11.126 ], [ -53.593, -11.121 ], [ -53.56, -11.085 ], [ -53.528, -11.081 ], [ -53.519, -11.096 ], [ -53.487, -11.055 ], [ -53.439, -11.048 ], [ -53.391, -11.057 ], [ -53.37, -11.043 ], [ -53.373, -11.017 ], [ -53.354, -11.027 ], [ -53.324, -11.022 ], [ -53.322, -11.012 ], [ -53.34, -11.006 ], [ -53.338, -10.99 ], [ -53.299, -10.929 ], [ -53.238, -10.871 ], [ -53.129, -10.846 ], [ -53.098, -10.778 ], [ -53.128, -10.774 ], [ -53.319, -10.643 ], [ -53.66, -10.516 ], [ -53.738, -10.54 ], [ -53.788, -10.538 ], [ -53.862, -10.562 ], [ -53.921, -10.566 ], [ -53.974, -10.517 ], [ -54.04, -10.494 ], [ -54.092, -10.445 ], [ -54.107, -10.452 ], [ -54.154, -10.448 ], [ -54.182, -10.436 ], [ -54.219, -10.444 ], [ -54.247, -10.433 ], [ -54.305, -10.462 ], [ -54.341, -10.452 ], [ -54.378, -10.471 ], [ -54.414, -10.507 ], [ -54.423, -10.535 ], [ -54.448, -10.554 ], [ -54.525, -10.571 ], [ -54.535, -10.595 ], [ -54.554, -10.607 ], [ -54.57, -10.594 ], [ -54.601, -10.61 ], [ -54.603, -10.591 ], [ -54.619, -10.6 ], [ -54.61, -10.613 ], [ -54.633, -10.629 ], [ -54.63, -10.657 ], [ -54.655, -10.684 ], [ -54.723, -10.72 ], [ -54.718, -10.736 ], [ -54.735, -10.768 ], [ -54.754, -10.779 ], [ -54.752, -10.807 ], [ -54.772, -10.831 ], [ -54.782, -10.867 ], [ -54.809, -10.894 ], [ -54.836, -10.9 ], [ -54.857, -10.925 ], [ -54.86, -10.95 ], [ -54.894, -10.969 ], [ -54.76, -11.049 ], [ -54.747, -11.072 ], [ -54.674, -11.116 ], [ -54.623, -11.18 ] ] ] ] } },
{ "type": "Feature", "properties": { "id_municipio": 5105606, "municipio": "Matupá", "grupo": "resto_mt", "slug": "matupa" }, "geometry": { "type": "MultiPolygon", "coordinates": [ [ [ [ -54.952, -10.211 ], [ -54.911, -10.254 ], [ -54.899, -10.231 ], [ -54.86, -10.239 ], [ -54.655, -10.355 ], [ -54.543, -10.372 ], [ -54.523, -10.391 ], [ -54.493, -10.376 ], [ -54.497, -10.362 ], [ -54.486, -10.363 ], [ -54.476, -10.346 ], [ -54.463, -10.339 ], [ -54.456, -10.346 ], [ -54.455, -10.339 ], [ -54.448, -10.346 ], [ -54.435, -10.324 ], [ -54.363, -10.327 ], [ -54.343, -10.281 ], [ -54.33, -10.285 ], [ -54.317, -10.264 ], [ -54.299, -10.263 ], [ -54.279, -10.242 ], [ -54.245, -10.258 ], [ -54.221, -10.242 ], [ -54.193, -10.256 ], [ -54.143, -10.238 ], [ -54.097, -10.252 ], [ -54.049, -10.232 ], [ -54.02, -10.253 ], [ -54.013, -10.248 ], [ -54.065, -10.199 ], [ -54.09, -10.189 ], [ -54.113, -10.095 ], [ -54.071, -10.042 ], [ -54.058, -9.998 ], [ -54.03, -9.984 ], [ -54.02, -9.991 ], [ -54.006, -9.976 ], [ -53.998, -9.935 ], [ -53.983, -9.922 ], [ -53.985, -9.898 ], [ -53.947, -9.876 ], [ -53.943, -9.849 ], [ -53.912, -9.848 ], [ -53.906, -9.856 ], [ -53.886, -9.841 ], [ -53.842, -9.844 ], [ -53.846, -9.815 ], [ -53.835, -9.805 ], [ -53.836, -9.79 ], [ -53.811, -9.793 ], [ -53.799, -9.804 ], [ -53.789, -9.787 ], [ -53.799, -9.785 ], [ -53.779, -9.777 ], [ -53.782, -9.767 ], [ -53.76, -9.766 ], [ -53.764, -9.748 ], [ -53.747, -9.736 ], [ -53.758, -9.733 ], [ -53.755, -9.726 ], [ -53.768, -9.728 ], [ -53.762, -9.711 ], [ -53.738, -9.707 ], [ -53.737, -9.715 ], [ -53.734, -9.698 ], [ -53.715, -9.708 ], [ -53.7, -9.692 ], [ -53.679, -9.692 ], [ -53.677, -9.679 ], [ -53.656, -9.68 ], [ -53.643, -9.658 ], [ -53.632, -9.658 ], [ -53.635, -9.666 ], [ -53.621, -9.656 ], [ -53.609, -9.661 ], [ -53.6, -9.649 ], [ -53.61, -9.626 ], [ -53.587, -9.62 ], [ -53.588, -9.613 ], [ -54.107, -9.572 ], [ -54.108, -9.582 ], [ -54.121, -9.579 ], [ -54.142, -9.6 ], [ -54.137, -9.645 ], [ -54.15, -9.673 ], [ -54.142, -9.723 ], [ -54.161, -9.75 ], [ -54.158, -9.793 ], [ -54.179, -9.808 ], [ -54.219, -9.8 ], [ -54.232, -9.809 ], [ -54.258, -9.871 ], [ -54.27, -9.878 ], [ -54.248, -9.879 ], [ -54.239, -9.899 ], [ -54.249, -9.918 ], [ -54.241, -9.935 ], [ -54.267, -9.975 ], [ -54.322, -9.981 ], [ -54.331, -9.975 ], [ -54.341, -9.985 ], [ -54.393, -9.99 ], [ -54.397, -9.982 ], [ -54.419, -9.995 ], [ -54.47, -10.0 ], [ -54.489, -9.987 ], [ -54.522, -9.99 ], [ -54.536, -9.964 ], [ -54.592, -9.97 ], [ -54.602, -9.986 ], [ -54.639, -9.982 ], [ -54.646, -10.007 ], [ -54.658, -10.011 ], [ -54.65, -10.016 ], [ -54.669, -10.055 ], [ -55.138, -10.046 ], [ -55.165, -10.072 ], [ -55.152, -10.082 ], [ -55.168, -10.094 ], [ -55.167, -10.127 ], [ -55.175, -10.126 ], [ -55.158, -10.165 ], [ -55.17, -10.191 ], [ -55.184, -10.186 ], [ -55.186, -10.165 ], [ -55.208, -10.173 ], [ -55.222, -10.146 ], [ -55.242, -10.146 ], [ -55.218, -10.208 ], [ -55.224, -10.224 ], [ -55.208, -10.23 ], [ -55.203, -10.208 ], [ -55.173, -10.212 ], [ -55.154, -10.226 ], [ -55.132, -10.21 ], [ -55.116, -10.212 ], [ -55.12, -10.204 ], [ -55.147, -10.206 ], [ -55.134, -10.177 ], [ -55.098, -10.181 ], [ -55.109, -10.164 ], [ -55.101, -10.153 ], [ -55.069, -10.166 ], [ -55.074, -10.15 ], [ -55.054, -10.128 ], [ -55.035, -10.133 ], [ -55.037, -10.153 ], [ -55.026, -10.17 ], [ -55.01, -10.167 ], [ -55.006, -10.141 ], [ -54.985, -10.136 ], [ -54.977, -10.147 ], [ -54.986, -10.178 ], [ -54.97, -10.219 ], [ -54.952, -10.211 ] ] ] ] } },
{ "type": "Feature", "properties": { "id_municipio": 5105622, "municipio": "Mirassol D'Oeste", "grupo": "pantanal_norte", "slug": "mirassol-d-oeste" }, "geometry": { "type": "MultiPolygon", "coordinates": [ [ [ [ -58.123, -15.848 ], [ -58.084, -15.817 ], [ -58.068, -15.83 ], [ -58.001, -15.824 ], [ -57.979, -15.813 ], [ -57.944, -15.821 ], [ -57.934, -15.798 ], [ -57.96, -15.773 ], [ -57.977, -15.774 ], [ -57.966, -15.714 ], [ -57.934, -15.716 ], [ -57.89, -15.75 ], [ -57.879, -15.733 ], [ -57.9, -15.683 ], [ -57.894, -15.664 ], [ -57.988, -15.604 ], [ -57.991, -15.563 ], [ -57.959, -15.529 ], [ -57.936, -15.552 ], [ -57.906, -15.554 ], [ -57.913, -15.488 ], [ -57.893, -15.46 ], [ -57.931, -15.427 ], [ -57.966, -15.433 ], [ -57.974, -15.414 ], [ -57.967, -15.394 ], [ -58.018, -15.359 ], [ -58.158, -15.695 ], [ -58.174, -15.713 ], [ -58.214, -15.696 ], [ -58.249, -15.71 ], [ -58.268, -15.739 ], [ -58.267, -15.771 ], [ -58.286, -15.808 ], [ -58.287, -15.817 ], [ -58.174, -15.829 ], [ -58.123, -15.848 ] ] ] ] } },
{ "type": "Feature", "properties": { "id_municipio": 5105903, "municipio": "Nobres", "grupo": "resto_mt", "slug": "nobres" }, "geometry": { "type": "MultiPolygon", "coordinates": [ [ [ [ -56.367, -14.765 ], [ -56.333, -14.767 ], [ -56.319, -14.749 ], [ -56.288, -14.77 ], [ -56.254, -14.732 ], [ -56.263, -14.72 ], [ -56.248, -14.71 ], [ -56.255, -14.7 ], [ -56.217, -14.682 ], [ -56.217, -14.671 ], [ -56.172, -14.679 ], [ -56.167, -14.662 ], [ -56.146, -14.662 ], [ -56.138, -14.652 ], [ -56.121, -14.673 ], [ -56.111, -14.671 ], [ -56.1, -14.697 ], [ -56.028, -14.681 ], [ -56.018, -14.666 ], [ -55.994, -14.679 ], [ -55.99, -14.668 ], [ -55.93, -14.683 ], [ -55.919, -14.679 ], [ -55.918, -14.667 ], [ -55.901, -14.675 ], [ -55.893, -14.66 ], [ -55.883, -14.665 ], [ -55.878, -14.654 ], [ -55.872, -14.663 ], [ -55.863, -14.645 ], [ -55.856, -14.656 ], [ -55.846, -14.653 ], [ -55.832, -14.619 ], [ -55.845, -14.6 ], [ -55.833, -14.597 ], [ -55.85, -14.581 ], [ -55.838, -14.578 ], [ -55.856, -14.552 ], [ -55.828, -14.516 ], [ -55.783, -14.504 ], [ -55.771, -14.512 ], [ -55.769, -14.499 ], [ -55.756, -14.498 ], [ -55.761, -14.491 ], [ -55.753, -14.482 ], [ -55.745, -14.488 ], [ -55.745, -14.47 ], [ -55.735, -14.473 ], [ -55.728, -14.459 ], [ -55.717, -14.47 ], [ -55.706, -14.456 ], [ -55.695, -14.475 ], [ -55.68, -14.447 ], [ -55.669, -14.455 ], [ -55.658, -14.44 ], [ -55.635, -14.452 ], [ -55.624, -14.438 ], [ -55.604, -14.442 ], [ -55.587, -14.422 ], [ -55.572, -14.426 ], [ -55.572, -14.413 ], [ -55.538, -14.412 ], [ -55.535, -14.389 ], [ -55.502, -14.38 ], [ -55.5, -14.366 ], [ -55.493, -14.372 ], [ -55.493, -14.363 ], [ -55.469, -14.352 ], [ -55.46, -14.363 ], [ -55.464, -14.339 ], [ -55.455, -14.351 ], [ -55.449, -14.331 ], [ -55.435, -14.35 ], [ -55.43, -14.32 ], [ -55.415, -14.33 ], [ -55.41, -14.322 ], [ -55.406, -14.336 ], [ -55.381, -14.339 ], [ -55.378, -14.331 ], [ -55.365, -14.339 ], [ -55.358, -14.337 ], [ -55.362, -14.321 ], [ -55.35, -14.327 ], [ -55.35, -14.311 ], [ -55.335, -14.326 ], [ -55.326, -14.326 ], [ -55.324, -14.315 ], [ -55.321, -14.322 ], [ -55.319, -14.307 ], [ -55.309, -14.316 ], [ -55.307, -14.29 ], [ -55.289, -14.303 ], [ -55.284, -14.295 ], [ -55.282, -14.305 ], [ -55.278, -14.291 ], [ -55.269, -14.297 ], [ -55.263, -14.29 ], [ -55.259, -14.3 ], [ -55.222, -14.289 ], [ -55.201, -14.25 ], [ -55.241, -14.24 ], [ -55.254, -14.249 ], [ -55.307, -14.243 ], [ -55.333, -14.21 ], [ -55.349, -14.205 ], [ -55.341, -14.19 ], [ -55.358, -14.159 ], [ -55.434, -14.105 ], [ -55.446, -14.08 ], [ -55.502, -14.074 ], [ -55.551, -14.022 ], [ -55.617, -14.004 ], [ -55.637, -14.016 ], [ -55.664, -14.017 ], [ -55.712, -14.069 ], [ -55.715, -14.117 ], [ -55.749, -14.133 ], [ -55.773, -14.129 ], [ -55.776, -14.138 ], [ -55.817, -14.142 ], [ -55.822, -14.159 ], [ -55.851, -14.152 ], [ -55.841, -14.156 ], [ -55.85, -14.165 ], [ -55.858, -14.158 ], [ -55.857, -14.178 ], [ -55.877, -14.185 ], [ -55.884, -14.176 ], [ -55.889, -14.19 ], [ -55.91, -14.181 ], [ -55.924, -14.197 ], [ -55.947, -14.2 ], [ -55.95, -14.21 ], [ -55.971, -14.195 ], [ -55.982, -14.216 ], [ -56.027, -14.221 ], [ -56.021, -14.242 ], [ -55.995, -14.25 ], [ -55.996, -14.269 ], [ -55.977, -14.269 ], [ -55.978, -14.298 ], [ -55.997, -14.317 ], [ -55.989, -14.348 ], [ -56.042, -14.397 ], [ -56.051, -14.422 ], [ -56.209, -14.537 ], [ -56.229, -14.586 ], [ -56.271, -14.631 ], [ -56.312, -14.615 ], [ -56.35, -14.615 ], [ -56.346, -14.609 ], [ -56.408, -14.644 ], [ -56.444, -14.63 ], [ -56.452, -14.648 ], [ -56.479, -14.661 ], [ -56.457, -14.683 ], [ -56.453, -14.704 ], [ -56.461, -14.712 ], [ -56.451, -14.737 ], [ -56.367, -14.765 ] ] ] ] } },
{ "type": "Feature", "properties": { "id_municipio": 5106000, "municipio": "Nortelândia", "grupo": "resto_mt", "slug": "nortelandia" }, "geometry": { "type": "MultiPolygon", "coordinates": [ [ [ [ -56.853, -14.41 ], [ -56.803, -14.467 ], [ -56.809, -14.488 ], [ -56.793, -14.527 ], [ -56.756, -14.559 ], [ -56.766, -14.574 ], [ -56.751, -14.576 ], [ -56.739, -14.593 ], [ -56.747, -14.598 ], [ -56.718, -14.616 ], [ -56.731, -14.631 ], [ -56.722, -14.648 ], [ -56.723, -14.635 ], [ -56.711, -14.643 ], [ -56.707, -14.624 ], [ -56.684, -14.612 ], [ -56.692, -14.599 ], [ -56.68, -14.602 ], [ -56.661, -14.587 ], [ -56.668, -14.577 ], [ -56.658, -14.577 ], [ -56.663, -14.564 ], [ -56.647, -14.525 ], [ -56.656, -14.504 ], [ -56.587, -14.471 ], [ -56.573, -14.472 ], [ -56.543, -14.452 ], [ -56.547, -14.41 ], [ -56.563, -14.388 ], [ -56.55, -14.374 ], [ -56.552, -14.347 ], [ -56.61, -14.332 ], [ -56.562, -14.309 ], [ -56.539, -14.263 ], [ -56.52, -14.256 ], [ -56.605, -14.201 ], [ -56.656, -14.215 ], [ -56.678, -14.199 ], [ -56.707, -14.198 ], [ -56.73, -14.171 ], [ -56.706, -14.131 ], [ -56.769, -14.151 ], [ -56.935, -14.153 ], [ -56.952, -14.172 ], [ -56.872, -14.234 ], [ -56.867, -14.265 ], [ -56.881, -14.299 ], [ -56.879, -14.352 ], [ -56.887, -14.361 ], [ -56.871, -14.361 ], [ -56.855, -14.377 ], [ -56.853, -14.41 ] ] ] ] } },
{ "type": "Feature", "properties": { "id_municipio": 5106109, "municipio": "Nossa Senhora do Livramento", "grupo": "pantanal_norte", "slug": "nossa-senhora-do-livramento" }, "geometry": { "type": "MultiPolygon", "coordinates": [ [ [ [ -56.392, -16.041 ], [ -56.392, -16.066 ], [ -56.381, -16.075 ], [ -56.384, -16.117 ], [ -56.446, -16.178 ], [ -56.457, -16.22 ], [ -56.516, -16.238 ], [ -56.518, -16.271 ], [ -56.54, -16.303 ], [ -56.499, -16.294 ], [ -56.496, -16.279 ], [ -56.482, -16.271 ], [ -56.455, -16.28 ], [ -56.427, -16.255 ], [ -56.371, -16.261 ], [ -56.365, -16.249 ], [ -56.328, -16.24 ], [ -56.33, -16.207 ], [ -56.3, -16.193 ], [ -56.216, -16.188 ], [ -56.22, -16.234 ], [ -56.248, -16.278 ], [ -56.248, -16.316 ], [ -56.297, -16.373 ], [ -56.301, -16.399 ], [ -56.291, -16.405 ], [ -56.285, -16.397 ], [ -56.289, -16.409 ], [ -56.278, -16.401 ], [ -56.265, -16.411 ], [ -56.267, -16.395 ], [ -56.255, -16.406 ], [ -56.233, -16.389 ], [ -56.216, -16.4 ], [ -56.204, -16.383 ], [ -56.214, -16.382 ], [ -56.21, -16.368 ], [ -56.196, -16.352 ], [ -56.182, -16.358 ], [ -56.182, -16.373 ], [ -56.173, -16.353 ], [ -56.158, -16.366 ], [ -56.143, -16.364 ], [ -56.155, -16.341 ], [ -56.122, -16.337 ], [ -56.122, -16.313 ], [ -56.119, -16.332 ], [ -56.099, -16.315 ], [ -56.076, -16.329 ], [ -56.081, -16.313 ], [ -56.063, -16.311 ], [ -56.072, -16.292 ], [ -56.051, -16.298 ], [ -56.043, -16.282 ], [ -56.054, -16.269 ], [ -56.029, -16.275 ], [ -56.017, -16.259 ], [ -56.024, -16.253 ], [ -56.013, -16.253 ], [ -56.026, -16.231 ], [ -56.021, -16.215 ], [ -56.014, -16.23 ], [ -56.004, -16.195 ], [ -55.979, -16.202 ], [ -55.965, -16.188 ], [ -55.969, -16.174 ], [ -55.956, -16.179 ], [ -55.949, -16.166 ], [ -55.988, -16.094 ], [ -56.038, -16.032 ], [ -56.047, -15.975 ], [ -56.093, -15.93 ], [ -56.097, -15.785 ], [ -56.146, -15.77 ], [ -56.158, -15.75 ], [ -56.173, -15.752 ], [ -56.193, -15.778 ], [ -56.245, -15.76 ], [ -56.245, -15.734 ], [ -56.264, -15.712 ], [ -56.264, -15.684 ], [ -56.213, -15.635 ], [ -56.215, -15.617 ], [ -56.4, -15.516 ], [ -56.398, -15.493 ], [ -56.425, -15.467 ], [ -56.411, -15.433 ], [ -56.453, -15.446 ], [ -56.502, -15.51 ], [ -56.545, -15.525 ], [ -56.559, -15.516 ], [ -56.561, -15.481 ], [ -56.715, -15.478 ], [ -56.727, -15.508 ], [ -56.758, -15.522 ], [ -56.811, -15.499 ], [ -56.825, -15.47 ], [ -56.905, -15.517 ], [ -56.913, -15.531 ], [ -56.947, -15.543 ], [ -56.962, -15.53 ], [ -56.954, -15.514 ], [ -56.97, -15.509 ], [ -56.973, -15.47 ], [ -56.987, -15.456 ], [ -56.987, -15.466 ], [ -57.013, -15.484 ], [ -57.019, -15.479 ], [ -57.016, -15.487 ], [ -57.027, -15.484 ], [ -57.02, -15.494 ], [ -57.035, -15.503 ], [ -57.03, -15.51 ], [ -57.05, -15.518 ], [ -57.042, -15.527 ], [ -57.072, -15.537 ], [ -57.061, -15.543 ], [ -57.06, -15.566 ], [ -57.088, -15.574 ], [ -57.098, -15.61 ], [ -57.122, -15.633 ], [ -57.114, -15.653 ], [ -57.122, -15.672 ], [ -57.134, -15.666 ], [ -57.143, -15.677 ], [ -57.137, -15.692 ], [ -57.176, -15.748 ], [ -57.181, -15.783 ], [ -57.224, -15.811 ], [ -57.225, -15.851 ], [ -57.009, -15.741 ], [ -57.014, -15.767 ], [ -57.003, -15.806 ], [ -56.978, -15.795 ], [ -56.961, -15.769 ], [ -56.92, -15.76 ], [ -56.892, -15.768 ], [ -56.894, -15.781 ], [ -56.88, -15.792 ], [ -56.886, -15.802 ], [ -56.871, -15.8 ], [ -56.864, -15.819 ], [ -56.828, -15.826 ], [ -56.788, -15.785 ], [ -56.782, -15.795 ], [ -56.756, -15.789 ], [ -56.751, -15.805 ], [ -56.735, -15.805 ], [ -56.448, -15.698 ], [ -56.477, -15.742 ], [ -56.491, -15.785 ], [ -56.514, -15.793 ], [ -56.565, -15.882 ], [ -56.555, -15.911 ], [ -56.562, -15.938 ], [ -56.547, -15.956 ], [ -56.51, -15.971 ], [ -56.496, -15.994 ], [ -56.484, -15.992 ], [ -56.392, -16.041 ] ] ] ] } },
{ "type": "Feature", "properties": { "id_municipio": 5106158, "municipio": "Nova Bandeirantes", "grupo": "resto_mt", "slug": "nova-bandeirantes" }, "geometry": { "type": "MultiPolygon", "coordinates": [ [ [ [ -57.697, -9.872 ], [ -57.673, -9.822 ], [ -57.614, -9.764 ], [ -57.619, -9.747 ], [ -57.686, -9.701 ], [ -57.706, -9.705 ], [ -57.728, -9.674 ], [ -57.715, -9.643 ], [ -57.735, -9.619 ], [ -57.725, -9.57 ], [ -57.729, -9.513 ], [ -57.758, -9.494 ], [ -57.825, -9.492 ], [ -57.839, -9.478 ], [ -57.894, -9.497 ], [ -57.899, -9.483 ], [ -57.935, -9.47 ], [ -57.973, -9.432 ], [ -57.974, -9.416 ], [ -57.997, -9.415 ], [ -58.001, -9.385 ], [ -58.018, -9.378 ], [ -58.016, -9.363 ], [ -58.032, -9.362 ], [ -58.034, -9.346 ], [ -58.043, -9.356 ], [ -58.075, -9.354 ], [ -58.078, -9.323 ], [ -58.064, -9.299 ], [ -58.078, -9.299 ], [ -58.075, -9.27 ], [ -58.088, -9.272 ], [ -58.09, -9.258 ], [ -58.121, -9.228 ], [ -58.143, -9.224 ], [ -58.131, -9.215 ], [ -58.152, -9.197 ], [ -58.147, -9.187 ], [ -58.168, -9.189 ], [ -58.169, -9.145 ], [ -58.215, -9.132 ], [ -58.232, -9.115 ], [ -58.244, -9.12 ], [ -58.259, -9.101 ], [ -58.29, -9.087 ], [ -58.287, -9.061 ], [ -58.301, -9.034 ], [ -58.317, -9.047 ], [ -58.324, -9.016 ], [ -58.359, -9.022 ], [ -58.381, -8.989 ], [ -58.395, -8.997 ], [ -58.398, -8.962 ], [ -58.415, -8.971 ], [ -58.435, -8.963 ], [ -58.439, -8.973 ], [ -58.46, -8.977 ], [ -58.47, -8.958 ], [ -58.459, -8.947 ], [ -58.473, -8.945 ], [ -58.498, -8.951 ], [ -58.526, -8.979 ], [ -58.52, -8.967 ], [ -58.531, -8.95 ], [ -58.55, -8.94 ], [ -58.561, -8.948 ], [ -58.568, -8.97 ], [ -58.604, -9.007 ], [ -58.592, -9.048 ], [ -58.598, -9.087 ], [ -58.629, -9.099 ], [ -58.657, -9.149 ], [ -58.654, -9.203 ], [ -58.639, -9.211 ], [ -58.601, -9.332 ], [ -58.549, -9.367 ], [ -58.531, -9.401 ], [ -58.49, -9.408 ], [ -58.427, -9.456 ], [ -58.346, -9.458 ], [ -58.326, -9.445 ], [ -58.287, -9.45 ], [ -58.258, -9.508 ], [ -58.261, -9.65 ], [ -58.222, -9.709 ], [ -58.208, -9.79 ], [ -58.195, -9.805 ], [ -58.195, -9.845 ], [ -58.227, -9.888 ], [ -58.217, -9.935 ], [ -58.234, -9.952 ], [ -58.23, -9.997 ], [ -58.294, -10.104 ], [ -58.32, -10.119 ], [ -58.321, -10.187 ], [ -58.358, -10.267 ], [ -58.356, -10.348 ], [ -58.338, -10.378 ], [ -58.338, -10.409 ], [ -58.289, -10.452 ], [ -58.279, -10.442 ], [ -58.254, -10.441 ], [ -58.207, -10.409 ], [ -58.168, -10.422 ], [ -58.069, -10.383 ], [ -58.045, -10.384 ], [ -58.008, -10.396 ], [ -58.002, -10.433 ], [ -57.913, -10.405 ], [ -57.891, -10.409 ], [ -57.849, -10.385 ], [ -57.794, -10.371 ], [ -57.773, -10.376 ], [ -57.741, -10.353 ], [ -57.688, -10.347 ], [ -57.681, -10.319 ], [ -57.66, -10.303 ], [ -57.646, -10.313 ], [ -57.603, -10.299 ], [ -57.596, -10.262 ], [ -57.602, -10.201 ], [ -57.586, -10.163 ], [ -57.576, -10.163 ], [ -57.589, -10.142 ], [ -57.579, -10.135 ], [ -57.582, -10.1 ], [ -57.603, -10.071 ], [ -57.602, -10.051 ], [ -57.619, -10.036 ], [ -57.615, -10.002 ], [ -57.624, -10.009 ], [ -57.624, -10.0 ], [ -57.634, -10.002 ], [ -57.641, -9.978 ], [ -57.661, -9.961 ], [ -57.645, -9.9 ], [ -57.662, -9.885 ], [ -57.682, -9.886 ], [ -57.673, -9.874 ], [ -57.676, -9.867 ], [ -57.697, -9.872 ] ] ] ] } },
{ "type": "Feature", "properties": { "id_municipio": 5106174, "municipio": "Nova Nazaré", "grupo": "resto_mt", "slug": "nova-nazare" }, "geometry": { "type": "MultiPolygon", "coordinates": [ [ [ [ -51.99, -14.219 ], [ -52.062, -14.25 ], [ -52.109, -14.304 ], [ -52.169, -14.317 ], [ -52.17, -14.384 ], [ -52.248, -14.422 ], [ -52.311, -14.539 ], [ -52.337, -14.538 ], [ -52.33, -14.539 ], [ -52.329, -14.542 ], [ -52.337, -14.551 ], [ -52.328, -14.551 ], [ -52.34, -14.563 ], [ -52.334, -14.578 ], [ -52.301, -14.564 ], [ -52.294, -14.582 ], [ -52.263, -14.582 ], [ -52.251, -14.554 ], [ -52.239, -14.555 ], [ -52.227, -14.569 ], [ -52.214, -14.568 ], [ -52.189, -14.607 ], [ -52.164, -14.603 ], [ -52.16, -14.636 ], [ -52.157, -14.611 ], [ -52.153, -14.607 ], [ -52.138, -14.626 ], [ -52.143, -14.633 ], [ -52.124, -14.641 ], [ -52.124, -14.657 ], [ -52.105, -14.655 ], [ -52.105, -14.68 ], [ -52.094, -14.687 ], [ -52.084, -14.674 ], [ -52.053, -14.675 ], [ -52.015, -14.639 ], [ -52.009, -14.604 ], [ -51.974, -14.599 ], [ -51.926, -14.576 ], [ -51.912, -14.562 ], [ -51.913, -14.545 ], [ -51.875, -14.503 ], [ -51.847, -14.49 ], [ -51.835, -14.512 ], [ -51.811, -14.49 ], [ -51.827, -14.477 ], [ -51.8, -14.457 ], [ -51.782, -14.477 ], [ -51.741, -14.435 ], [ -51.733, -14.417 ], [ -51.748, -14.381 ], [ -51.698, -14.362 ], [ -51.701, -14.336 ], [ -51.688, -14.312 ], [ -51.706, -14.272 ], [ -51.702, -14.258 ], [ -51.731, -14.217 ], [ -51.724, -14.198 ], [ -51.731, -14.174 ], [ -51.706, -14.144 ], [ -51.697, -14.102 ], [ -51.703, -14.036 ], [ -51.682, -13.994 ], [ -51.664, -13.985 ], [ -51.629, -13.93 ], [ -51.616, -13.859 ], [ -51.602, -13.842 ], [ -51.595, -13.807 ], [ -51.555, -13.772 ], [ -51.555, -13.714 ], [ -51.515, -13.663 ], [ -51.466, -13.642 ], [ -51.468, -13.617 ], [ -51.484, -13.636 ], [ -51.509, -13.623 ], [ -51.518, -13.607 ], [ -51.546, -13.607 ], [ -51.558, -13.617 ], [ -51.612, -13.613 ], [ -51.624, -13.625 ], [ -51.647, -13.627 ], [ -51.655, -13.644 ], [ -51.671, -13.643 ], [ -51.685, -13.669 ], [ -51.707, -13.666 ], [ -51.746, -13.68 ], [ -51.777, -13.697 ], [ -51.793, -13.719 ], [ -51.895, -13.778 ], [ -51.935, -13.749 ], [ -51.973, -13.775 ], [ -51.986, -13.773 ], [ -51.989, -13.782 ], [ -52.0, -13.774 ], [ -52.029, -13.775 ], [ -52.042, -13.758 ], [ -52.039, -13.834 ], [ -52.064, -13.864 ], [ -52.061, -13.886 ], [ -52.094, -13.919 ], [ -52.078, -13.956 ], [ -52.066, -13.94 ], [ -52.021, -13.958 ], [ -52.009, -13.977 ], [ -51.912, -13.987 ], [ -51.851, -14.016 ], [ -51.823, -14.048 ], [ -51.841, -14.059 ], [ -51.854, -14.1 ], [ -51.874, -14.112 ], [ -51.891, -14.161 ], [ -51.926, -14.19 ], [ -51.931, -14.218 ], [ -51.95, -14.227 ], [ -51.99, -14.219 ] ] ] ] } },
{ "type": "Feature", "properties": { "id_municipio": 5106182, "municipio": "Nova Lacerda", "grupo": "resto_mt", "slug": "nova-lacerda" }, "geometry": { "type": "MultiPolygon", "coordinates": [ [ [ [ -59.724, -14.671 ], [ -59.66, -14.747 ], [ -59.681, -14.772 ], [ -59.658, -14.807 ], [ -59.642, -14.82 ], [ -59.583, -14.82 ], [ -59.567, -14.795 ], [ -59.609, -14.756 ], [ -59.613, -14.739 ], [ -59.587, -14.582 ], [ -59.598, -14.552 ], [ -59.644, -14.529 ], [ -59.63, -14.499 ], [ -59.609, -14.487 ], [ -59.523, -14.455 ], [ -59.479, -14.47 ], [ -59.455, -14.494 ], [ -59.439, -14.479 ], [ -59.408, -14.515 ], [ -59.358, -14.527 ], [ -59.335, -14.545 ], [ -59.312, -14.51 ], [ -59.344, -14.401 ], [ -59.367, -14.344 ], [ -59.386, -14.332 ], [ -59.422, -14.231 ], [ -59.407, -14.152 ], [ -59.386, -14.126 ], [ -59.375, -14.13 ], [ -59.368, -14.092 ], [ -59.344, -14.052 ], [ -59.371, -13.982 ], [ -59.425, -14.02 ], [ -59.435, -14.037 ], [ -59.457, -14.042 ], [ -59.481, -14.019 ], [ -59.536, -14.01 ], [ -59.58, -14.057 ], [ -59.624, -14.077 ], [ -59.628, -14.09 ], [ -59.686, -14.092 ], [ -59.714, -14.121 ], [ -59.736, -14.096 ], [ -59.75, -14.033 ], [ -59.807, -14.043 ], [ -59.827, -14.081 ], [ -59.825, -14.12 ], [ -59.842, -14.153 ], [ -59.839, -14.178 ], [ -59.902, -14.123 ], [ -59.919, -14.083 ], [ -59.95, -14.078 ], [ -59.951, -14.056 ], [ -59.973, -14.041 ], [ -59.993, -14.04 ], [ -60.001, -14.052 ], [ -60.044, -14.031 ], [ -60.127, -14.027 ], [ -60.168, -14.012 ], [ -60.255, -14.048 ], [ -60.305, -14.056 ], [ -60.314, -14.068 ], [ -60.295, -14.074 ], [ -60.303, -14.084 ], [ -60.288, -14.095 ], [ -60.286, -14.129 ], [ -60.27, -14.145 ], [ -60.281, -14.157 ], [ -60.262, -14.162 ], [ -60.265, -14.173 ], [ -60.248, -14.169 ], [ -60.248, -14.186 ], [ -60.236, -14.187 ], [ -60.238, -14.2 ], [ -60.23, -14.198 ], [ -60.237, -14.211 ], [ -60.23, -14.223 ], [ -60.237, -14.225 ], [ -60.223, -14.226 ], [ -60.232, -14.265 ], [ -60.213, -14.263 ], [ -60.214, -14.275 ], [ -60.198, -14.278 ], [ -60.19, -14.321 ], [ -60.172, -14.317 ], [ -60.162, -14.354 ], [ -60.167, -14.379 ], [ -60.149, -14.375 ], [ -60.132, -14.39 ], [ -60.129, -14.422 ], [ -60.072, -14.431 ], [ -60.056, -14.415 ], [ -60.007, -14.409 ], [ -59.978, -14.426 ], [ -59.967, -14.451 ], [ -59.931, -14.484 ], [ -59.896, -14.499 ], [ -59.869, -14.492 ], [ -59.846, -14.513 ], [ -59.836, -14.544 ], [ -59.804, -14.556 ], [ -59.798, -14.588 ], [ -59.775, -14.614 ], [ -59.773, -14.641 ], [ -59.724, -14.671 ] ] ] ] } },
{ "type": "Feature", "properties": { "id_municipio": 5106190, "municipio": "Nova Santa Helena", "grupo": "resto_mt", "slug": "nova-santa-helena" }, "geometry": { "type": "MultiPolygon", "coordinates": [ [ [ [ -54.884, -10.728 ], [ -54.902, -10.718 ], [ -54.936, -10.729 ], [ -54.956, -10.717 ], [ -54.996, -10.726 ], [ -55.093, -10.718 ], [ -55.103, -10.742 ], [ -55.114, -10.744 ], [ -55.156, -10.735 ], [ -55.162, -10.723 ], [ -55.172, -10.785 ], [ -55.234, -10.825 ], [ -55.254, -10.865 ], [ -55.296, -10.904 ], [ -55.295, -10.916 ], [ -55.272, -10.934 ], [ -55.217, -10.922 ], [ -55.103, -10.974 ], [ -55.082, -11.004 ], [ -55.047, -11.003 ], [ -55.021, -11.025 ], [ -54.99, -11.014 ], [ -54.942, -11.036 ], [ -54.942, -11.079 ], [ -54.919, -11.108 ], [ -54.923, -11.18 ], [ -54.914, -11.229 ], [ -54.865, -11.288 ], [ -54.858, -11.288 ], [ -54.86, -11.278 ], [ -54.836, -11.284 ], [ -54.833, -11.276 ], [ -54.799, -11.27 ], [ -54.797, -11.26 ], [ -54.789, -11.268 ], [ -54.782, -11.253 ], [ -54.767, -11.253 ], [ -54.761, -11.264 ], [ -54.76, -11.252 ], [ -54.753, -11.262 ], [ -54.744, -11.25 ], [ -54.734, -11.258 ], [ -54.728, -11.249 ], [ -54.723, -11.259 ], [ -54.71, -11.253 ], [ -54.708, -11.26 ], [ -54.699, -11.249 ], [ -54.7, -11.256 ], [ -54.686, -11.255 ], [ -54.664, -11.224 ], [ -54.649, -11.225 ], [ -54.648, -11.205 ], [ -54.622, -11.208 ], [ -54.623, -11.194 ], [ -54.609, -11.195 ], [ -54.605, -11.181 ], [ -54.635, -11.169 ], [ -54.674, -11.116 ], [ -54.746, -11.072 ], [ -54.76, -11.049 ], [ -54.894, -10.969 ], [ -54.86, -10.95 ], [ -54.857, -10.925 ], [ -54.836, -10.9 ], [ -54.809, -10.894 ], [ -54.781, -10.867 ], [ -54.772, -10.831 ], [ -54.752, -10.807 ], [ -54.754, -10.779 ], [ -54.735, -10.768 ], [ -54.718, -10.736 ], [ -54.723, -10.72 ], [ -54.655, -10.684 ], [ -54.63, -10.657 ], [ -54.633, -10.629 ], [ -54.61, -10.614 ], [ -54.619, -10.6 ], [ -54.601, -10.576 ], [ -54.613, -10.542 ], [ -54.63, -10.547 ], [ -54.64, -10.537 ], [ -54.643, -10.557 ], [ -54.673, -10.569 ], [ -54.671, -10.594 ], [ -54.686, -10.592 ], [ -54.706, -10.611 ], [ -54.72, -10.603 ], [ -54.729, -10.615 ], [ -54.734, -10.605 ], [ -54.747, -10.612 ], [ -54.765, -10.606 ], [ -54.786, -10.62 ], [ -54.8, -10.616 ], [ -54.817, -10.636 ], [ -54.819, -10.67 ], [ -54.835, -10.679 ], [ -54.844, -10.707 ], [ -54.884, -10.728 ] ] ] ] } },
{ "type": "Feature", "properties": { "id_municipio": 5106208, "municipio": "Nova Brasilândia", "grupo": "resto_mt", "slug": "nova-brasilandia" }, "geometry": { "type": "MultiPolygon", "coordinates": [ [ [ [ -55.354, -14.821 ], [ -55.34, -14.846 ], [ -55.312, -14.823 ], [ -55.318, -14.812 ], [ -55.3, -14.81 ], [ -55.3, -14.821 ], [ -55.288, -14.806 ], [ -55.275, -14.821 ], [ -55.253, -14.81 ], [ -55.219, -14.829 ], [ -55.199, -14.826 ], [ -55.192, -14.804 ], [ -55.185, -14.813 ], [ -55.178, -14.796 ], [ -55.152, -14.788 ], [ -55.159, -14.797 ], [ -55.143, -14.816 ], [ -55.153, -14.825 ], [ -55.15, -14.877 ], [ -55.105, -14.96 ], [ -55.11, -14.968 ], [ -55.131, -14.969 ], [ -55.139, -14.988 ], [ -55.11, -15.0 ], [ -55.017, -15.002 ], [ -54.995, -15.017 ], [ -54.997, -15.047 ], [ -54.977, -15.054 ], [ -54.9, -15.044 ], [ -54.875, -15.063 ], [ -54.881, -15.066 ], [ -54.856, -15.067 ], [ -54.844, -15.066 ], [ -54.736, -14.971 ], [ -54.697, -14.953 ], [ -54.656, -14.917 ], [ -54.507, -14.87 ], [ -54.497, -14.842 ], [ -54.528, -14.78 ], [ -54.579, -14.792 ], [ -54.607, -14.778 ], [ -54.616, -14.749 ], [ -54.604, -14.738 ], [ -54.609, -14.732 ], [ -54.656, -14.75 ], [ -54.665, -14.763 ], [ -54.679, -14.761 ], [ -54.694, -14.78 ], [ -54.719, -14.782 ], [ -54.736, -14.803 ], [ -54.775, -14.792 ], [ -54.788, -14.801 ], [ -54.822, -14.797 ], [ -54.829, -14.783 ], [ -54.848, -14.781 ], [ -54.874, -14.78 ], [ -54.875, -14.789 ], [ -54.889, -14.785 ], [ -54.899, -14.796 ], [ -54.925, -14.793 ], [ -54.951, -14.738 ], [ -54.915, -14.715 ], [ -54.926, -14.68 ], [ -54.912, -14.677 ], [ -54.907, -14.652 ], [ -54.929, -14.54 ], [ -54.9, -14.483 ], [ -54.93, -14.419 ], [ -54.939, -14.43 ], [ -54.957, -14.43 ], [ -54.958, -14.439 ], [ -54.995, -14.443 ], [ -54.996, -14.479 ], [ -55.008, -14.496 ], [ -55.02, -14.496 ], [ -55.034, -14.535 ], [ -55.045, -14.544 ], [ -55.069, -14.535 ], [ -55.105, -14.547 ], [ -55.107, -14.561 ], [ -55.137, -14.576 ], [ -55.159, -14.628 ], [ -55.233, -14.635 ], [ -55.356, -14.562 ], [ -55.373, -14.569 ], [ -55.375, -14.555 ], [ -55.407, -14.587 ], [ -55.392, -14.602 ], [ -55.401, -14.629 ], [ -55.425, -14.635 ], [ -55.45, -14.667 ], [ -55.466, -14.664 ], [ -55.506, -14.744 ], [ -55.533, -14.766 ], [ -55.559, -14.768 ], [ -55.59, -14.787 ], [ -55.598, -14.782 ], [ -55.638, -14.803 ], [ -55.653, -14.824 ], [ -55.639, -14.836 ], [ -55.58, -14.841 ], [ -55.589, -14.859 ], [ -55.579, -14.872 ], [ -55.541, -14.857 ], [ -55.537, -14.875 ], [ -55.493, -14.879 ], [ -55.422, -14.853 ], [ -55.422, -14.843 ], [ -55.4, -14.844 ], [ -55.388, -14.834 ], [ -55.369, -14.839 ], [ -55.37, -14.825 ], [ -55.354, -14.821 ] ] ] ] } },
{ "type": "Feature", "properties": { "id_municipio": 5106216, "municipio": "Nova Canaã do Norte", "grupo": "resto_mt", "slug": "nova-canaa-do-norte" }, "geometry": { "type": "MultiPolygon", "coordinates": [ [ [ [ -55.662, -10.747 ], [ -55.648, -10.643 ], [ -55.626, -10.629 ], [ -55.62, -10.612 ], [ -55.642, -10.598 ], [ -55.637, -10.556 ], [ -55.623, -10.529 ], [ -55.642, -10.508 ], [ -55.636, -10.458 ], [ -55.646, -10.453 ], [ -55.651, -10.409 ], [ -55.663, -10.388 ], [ -55.65, -10.354 ], [ -55.707, -10.297 ], [ -55.694, -10.285 ], [ -55.69, -10.249 ], [ -55.731, -10.232 ], [ -55.808, -10.24 ], [ -55.925, -10.389 ], [ -55.943, -10.382 ], [ -56.017, -10.395 ], [ -56.032, -10.37 ], [ -56.055, -10.366 ], [ -56.072, -10.339 ], [ -56.1, -10.349 ], [ -56.11, -10.366 ], [ -56.141, -10.369 ], [ -56.163, -10.389 ], [ -56.222, -10.4 ], [ -56.239, -10.39 ], [ -56.296, -10.416 ], [ -56.277, -10.426 ], [ -56.284, -10.449 ], [ -56.237, -10.495 ], [ -56.241, -10.517 ], [ -56.23, -10.531 ], [ -56.257, -10.549 ], [ -56.261, -10.574 ], [ -56.274, -10.582 ], [ -56.308, -10.586 ], [ -56.335, -10.577 ], [ -56.354, -10.592 ], [ -56.41, -10.579 ], [ -56.412, -10.617 ], [ -56.393, -10.637 ], [ -56.402, -10.659 ], [ -56.434, -10.683 ], [ -56.412, -10.703 ], [ -56.404, -10.8 ], [ -56.446, -10.847 ], [ -56.501, -10.871 ], [ -56.522, -10.909 ], [ -56.571, -10.95 ], [ -56.562, -10.973 ], [ -56.595, -11.017 ], [ -56.532, -11.062 ], [ -56.499, -11.101 ], [ -56.437, -11.087 ], [ -56.401, -11.1 ], [ -56.321, -11.093 ], [ -56.312, -11.071 ], [ -56.276, -11.068 ], [ -56.242, -11.039 ], [ -56.184, -11.042 ], [ -56.166, -11.021 ], [ -56.078, -10.961 ], [ -55.938, -10.903 ], [ -55.905, -10.846 ], [ -55.9, -10.868 ], [ -55.881, -10.875 ], [ -55.865, -10.9 ], [ -55.839, -10.898 ], [ -55.851, -10.926 ], [ -55.845, -10.949 ], [ -55.858, -10.966 ], [ -55.848, -10.985 ], [ -55.825, -10.984 ], [ -55.805, -10.968 ], [ -55.772, -10.985 ], [ -55.761, -10.983 ], [ -55.76, -10.969 ], [ -55.713, -10.973 ], [ -55.702, -10.984 ], [ -55.688, -10.97 ], [ -55.68, -10.982 ], [ -55.66, -10.982 ], [ -55.649, -10.953 ], [ -55.625, -10.968 ], [ -55.595, -10.944 ], [ -55.635, -10.923 ], [ -55.649, -10.904 ], [ -55.675, -10.817 ], [ -55.656, -10.787 ], [ -55.66, -10.767 ], [ -55.652, -10.755 ], [ -55.662, -10.747 ] ] ] ] } },
{ "type": "Feature", "properties": { "id_municipio": 5106224, "municipio": "Nova Mutum", "grupo": "resto_mt", "slug": "nova-mutum" }, "geometry": { "type": "MultiPolygon", "coordinates": [ [ [ [ -56.155, -14.16 ], [ -56.058, -14.144 ], [ -56.043, -14.164 ], [ -56.041, -14.214 ], [ -56.033, -14.21 ], [ -56.03, -14.223 ], [ -55.982, -14.216 ], [ -55.971, -14.195 ], [ -55.95, -14.21 ], [ -55.947, -14.2 ], [ -55.924, -14.197 ], [ -55.91, -14.181 ], [ -55.889, -14.19 ], [ -55.884, -14.176 ], [ -55.877, -14.185 ], [ -55.857, -14.178 ], [ -55.858, -14.158 ], [ -55.85, -14.165 ], [ -55.841, -14.156 ], [ -55.851, -14.152 ], [ -55.822, -14.159 ], [ -55.817, -14.142 ], [ -55.776, -14.138 ], [ -55.773, -14.129 ], [ -55.749, -14.133 ], [ -55.715, -14.117 ], [ -55.713, -14.071 ], [ -55.698, -14.048 ], [ -55.664, -14.017 ], [ -55.637, -14.016 ], [ -55.617, -14.004 ], [ -55.551, -14.022 ], [ -55.502, -14.074 ], [ -55.446, -14.079 ], [ -55.434, -14.105 ], [ -55.38, -14.143 ], [ -55.431, -14.1 ], [ -55.455, -14.024 ], [ -55.48, -14.003 ], [ -55.493, -13.962 ], [ -55.526, -13.941 ], [ -55.54, -13.907 ], [ -55.524, -13.864 ], [ -55.529, -13.814 ], [ -55.548, -13.793 ], [ -55.552, -13.771 ], [ -55.544, -13.765 ], [ -55.569, -13.746 ], [ -55.565, -13.716 ], [ -55.606, -13.695 ], [ -55.602, -13.614 ], [ -55.648, -13.537 ], [ -55.649, -13.506 ], [ -55.668, -13.492 ], [ -55.666, -13.48 ], [ -55.688, -13.452 ], [ -55.691, -13.415 ], [ -55.74, -13.396 ], [ -55.764, -13.359 ], [ -55.757, -13.353 ], [ -55.783, -13.331 ], [ -55.808, -13.33 ], [ -55.814, -13.299 ], [ -55.827, -13.301 ], [ -55.839, -13.286 ], [ -55.85, -13.286 ], [ -55.845, -13.277 ], [ -55.877, -13.256 ], [ -55.89, -13.274 ], [ -55.903, -13.276 ], [ -55.916, -13.303 ], [ -55.968, -13.331 ], [ -55.964, -13.353 ], [ -55.974, -13.351 ], [ -55.974, -13.358 ], [ -55.962, -13.378 ], [ -55.977, -13.419 ], [ -55.977, -13.453 ], [ -55.99, -13.457 ], [ -56.047, -13.432 ], [ -56.065, -13.455 ], [ -56.11, -13.448 ], [ -56.103, -13.413 ], [ -56.166, -13.392 ], [ -56.204, -13.327 ], [ -56.201, -13.309 ], [ -56.234, -13.279 ], [ -56.233, -13.254 ], [ -56.286, -13.212 ], [ -56.28, -13.205 ], [ -56.295, -13.191 ], [ -56.296, -13.171 ], [ -56.306, -13.17 ], [ -56.345, -13.112 ], [ -56.389, -13.113 ], [ -56.422, -13.094 ], [ -56.46, -13.046 ], [ -56.498, -13.041 ], [ -56.524, -13.026 ], [ -56.549, -13.036 ], [ -56.585, -13.033 ], [ -56.657, -12.989 ], [ -56.633, -12.964 ], [ -56.546, -12.947 ], [ -56.502, -12.883 ], [ -56.613, -12.878 ], [ -56.653, -12.857 ], [ -56.707, -12.848 ], [ -56.734, -12.822 ], [ -56.755, -12.821 ], [ -56.773, -12.835 ], [ -56.761, -12.841 ], [ -56.752, -12.868 ], [ -56.763, -12.91 ], [ -56.738, -12.962 ], [ -56.726, -12.965 ], [ -56.728, -12.991 ], [ -56.713, -12.996 ], [ -56.728, -13.004 ], [ -56.724, -13.026 ], [ -56.741, -13.032 ], [ -56.735, -13.05 ], [ -56.747, -13.071 ], [ -56.735, -13.088 ], [ -56.744, -13.102 ], [ -56.725, -13.119 ], [ -56.733, -13.13 ], [ -56.715, -13.138 ], [ -56.716, -13.153 ], [ -56.701, -13.159 ], [ -56.678, -13.22 ], [ -56.649, -13.24 ], [ -56.658, -13.253 ], [ -56.644, -13.254 ], [ -56.645, -13.289 ], [ -56.628, -13.338 ], [ -56.612, -13.348 ], [ -56.611, -13.401 ], [ -56.584, -13.406 ], [ -56.578, -13.434 ], [ -56.555, -13.437 ], [ -56.545, -13.45 ], [ -56.558, -13.473 ], [ -56.533, -13.47 ], [ -56.523, -13.517 ], [ -56.503, -13.535 ], [ -56.48, -13.541 ], [ -56.461, -13.575 ], [ -56.453, -13.566 ], [ -56.435, -13.575 ], [ -56.438, -13.584 ], [ -56.418, -13.588 ], [ -56.425, -13.613 ], [ -56.403, -13.617 ], [ -56.418, -13.628 ], [ -56.392, -13.656 ], [ -56.383, -13.724 ], [ -56.416, -13.76 ], [ -56.406, -13.778 ], [ -56.414, -13.8 ], [ -56.397, -13.825 ], [ -56.415, -13.841 ], [ -56.38, -13.868 ], [ -56.391, -13.884 ], [ -56.381, -13.886 ], [ -56.374, -13.906 ], [ -56.352, -13.914 ], [ -56.372, -13.931 ], [ -56.358, -13.933 ], [ -56.36, -13.943 ], [ -56.343, -13.955 ], [ -56.353, -13.976 ], [ -56.336, -13.981 ], [ -56.327, -14.008 ], [ -56.308, -14.018 ], [ -56.309, -14.071 ], [ -56.285, -14.084 ], [ -56.268, -14.126 ], [ -56.239, -14.136 ], [ -56.228, -14.162 ], [ -56.216, -14.154 ], [ -56.202, -14.167 ], [ -56.204, -14.156 ], [ -56.189, -14.142 ], [ -56.155, -14.16 ] ] ] ] } },
{ "type": "Feature", "properties": { "id_municipio": 5106232, "municipio": "Nova Olímpia", "grupo": "resto_mt", "slug": "nova-olimpia" }, "geometry": { "type": "MultiPolygon", "coordinates": [ [ [ [ -57.292, -14.682 ], [ -57.299, -14.703 ], [ -57.344, -14.686 ], [ -57.408, -14.701 ], [ -57.437, -14.74 ], [ -57.466, -14.728 ], [ -57.505, -14.729 ], [ -57.543, -14.76 ], [ -57.596, -14.745 ], [ -57.644, -14.775 ], [ -57.66, -14.807 ], [ -57.647, -14.782 ], [ -57.656, -14.777 ], [ -57.635, -14.758 ], [ -57.64, -14.74 ], [ -57.607, -14.738 ], [ -57.637, -14.725 ], [ -57.688, -14.772 ], [ -57.722, -14.781 ], [ -57.75, -14.829 ], [ -57.745, -14.858 ], [ -57.777, -14.867 ], [ -57.772, -14.894 ], [ -57.748, -14.913 ], [ -57.648, -14.916 ], [ -57.615, -14.927 ], [ -57.496, -14.878 ], [ -57.419, -14.867 ], [ -57.43, -14.922 ], [ -57.382, -14.929 ], [ -57.332, -14.956 ], [ -57.28, -14.95 ], [ -57.248, -14.956 ], [ -57.253, -14.922 ], [ -57.273, -14.894 ], [ -57.236, -14.859 ], [ -57.233, -14.819 ], [ -57.192, -14.797 ], [ -57.148, -14.802 ], [ -57.16, -14.774 ], [ -57.159, -14.741 ], [ -57.137, -14.697 ], [ -57.081, -14.642 ], [ -57.091, -14.616 ], [ -57.111, -14.608 ], [ -57.108, -14.627 ], [ -57.164, -14.666 ], [ -57.203, -14.643 ], [ -57.238, -14.644 ], [ -57.266, -14.658 ], [ -57.266, -14.676 ], [ -57.292, -14.682 ] ] ] ] } },
{ "type": "Feature", "properties": { "id_municipio": 5106240, "municipio": "Nova Ubiratã", "grupo": "resto_mt", "slug": "nova-ubirata" }, "geometry": { "type": "MultiPolygon", "coordinates": [ [ [ [ -54.35, -12.758 ], [ -54.342, -12.717 ], [ -54.335, -12.716 ], [ -54.343, -12.704 ], [ -54.329, -12.703 ], [ -54.32, -12.688 ], [ -54.328, -12.667 ], [ -54.316, -12.652 ], [ -54.325, -12.643 ], [ -54.313, -12.626 ], [ -54.311, -12.598 ], [ -54.298, -12.591 ], [ -54.305, -12.584 ], [ -54.299, -12.574 ], [ -54.284, -12.576 ], [ -54.272, -12.557 ], [ -54.256, -12.55 ], [ -54.252, -12.557 ], [ -54.246, -12.538 ], [ -54.222, -12.539 ], [ -54.187, -12.488 ], [ -54.169, -12.489 ], [ -54.175, -12.438 ], [ -54.156, -12.425 ], [ -54.168, -12.415 ], [ -54.149, -12.405 ], [ -54.158, -12.393 ], [ -54.136, -12.387 ], [ -54.131, -12.349 ], [ -54.105, -12.34 ], [ -54.097, -12.351 ], [ -54.095, -12.342 ], [ -54.086, -12.346 ], [ -54.071, -12.334 ], [ -54.081, -12.314 ], [ -54.07, -12.316 ], [ -54.059, -12.294 ], [ -54.053, -12.303 ], [ -54.044, -12.296 ], [ -54.018, -12.254 ], [ -53.989, -12.254 ], [ -53.985, -12.225 ], [ -53.969, -12.226 ], [ -53.97, -12.213 ], [ -53.942, -12.213 ], [ -53.94, -12.224 ], [ -53.917, -12.206 ], [ -53.913, -12.211 ], [ -53.922, -12.212 ], [ -53.905, -12.222 ], [ -53.911, -12.226 ], [ -53.897, -12.231 ], [ -53.903, -12.24 ], [ -53.886, -12.224 ], [ -53.873, -12.235 ], [ -53.838, -12.202 ], [ -53.852, -12.195 ], [ -53.839, -12.189 ], [ -53.846, -12.183 ], [ -53.822, -12.178 ], [ -53.813, -12.159 ], [ -53.819, -12.152 ], [ -53.79, -12.125 ], [ -53.779, -12.099 ], [ -53.793, -12.094 ], [ -53.788, -12.086 ], [ -53.828, -12.077 ], [ -53.835, -12.084 ], [ -53.848, -12.062 ], [ -53.852, -12.09 ], [ -53.875, -12.076 ], [ -53.901, -12.085 ], [ -53.91, -12.098 ], [ -53.945, -12.087 ], [ -53.964, -12.124 ], [ -53.988, -12.127 ], [ -54.015, -12.108 ], [ -54.017, -12.117 ], [ -54.038, -12.123 ], [ -54.035, -12.131 ], [ -54.054, -12.135 ], [ -54.064, -12.166 ], [ -54.097, -12.156 ], [ -54.1, -12.164 ], [ -54.096, -12.15 ], [ -54.104, -12.147 ], [ -54.114, -12.168 ], [ -54.143, -12.171 ], [ -54.137, -12.179 ], [ -54.152, -12.18 ], [ -54.158, -12.197 ], [ -54.177, -12.206 ], [ -54.18, -12.238 ], [ -54.191, -12.235 ], [ -54.196, -12.249 ], [ -54.204, -12.24 ], [ -54.222, -12.249 ], [ -54.241, -12.244 ], [ -54.234, -12.258 ], [ -54.245, -12.264 ], [ -54.258, -12.254 ], [ -54.272, -12.271 ], [ -54.285, -12.269 ], [ -54.29, -12.288 ], [ -54.31, -12.282 ], [ -54.321, -12.3 ], [ -54.346, -12.308 ], [ -54.355, -12.301 ], [ -54.409, -12.346 ], [ -54.424, -12.334 ], [ -54.432, -12.351 ], [ -54.443, -12.348 ], [ -54.442, -12.359 ], [ -54.462, -12.366 ], [ -54.478, -12.359 ], [ -54.505, -12.386 ], [ -54.517, -12.384 ], [ -54.516, -12.396 ], [ -54.532, -12.415 ], [ -54.535, -12.457 ], [ -54.547, -12.454 ], [ -54.561, -12.468 ], [ -54.597, -12.467 ], [ -54.607, -12.477 ], [ -54.672, -12.475 ], [ -54.705, -12.493 ], [ -54.718, -12.539 ], [ -54.735, -12.547 ], [ -54.724, -12.562 ], [ -54.744, -12.599 ], [ -54.758, -12.611 ], [ -54.774, -12.608 ], [ -54.825, -12.643 ], [ -54.863, -12.642 ], [ -54.871, -12.653 ], [ -54.91, -12.66 ], [ -54.92, -12.694 ], [ -54.936, -12.697 ], [ -54.95, -12.718 ], [ -54.941, -12.727 ], [ -54.953, -12.742 ], [ -55.014, -12.729 ], [ -55.229, -12.737 ], [ -55.242, -12.697 ], [ -55.278, -12.666 ], [ -55.282, -12.682 ], [ -55.337, -12.732 ], [ -55.376, -12.749 ], [ -55.398, -12.8 ], [ -55.375, -12.832 ], [ -55.377, -12.856 ], [ -55.458, -12.858 ], [ -55.445, -12.89 ], [ -55.425, -12.896 ], [ -55.372, -12.975 ], [ -55.352, -12.989 ], [ -55.362, -13.012 ], [ -55.352, -13.029 ], [ -55.354, -13.06 ], [ -55.339, -13.073 ], [ -55.344, -13.087 ], [ -55.33, -13.089 ], [ -55.295, -13.123 ], [ -55.297, -13.154 ], [ -55.318, -13.175 ], [ -55.327, -13.215 ], [ -55.309, -13.285 ], [ -55.292, -13.287 ], [ -55.275, -13.317 ], [ -55.258, -13.321 ], [ -55.244, -13.354 ], [ -55.17, -13.354 ], [ -55.175, -13.387 ], [ -55.145, -13.427 ], [ -55.146, -13.454 ], [ -55.12, -13.512 ], [ -55.084, -13.666 ], [ -55.085, -13.689 ], [ -55.1, -13.699 ], [ -54.758, -13.872 ], [ -54.696, -13.822 ], [ -54.663, -13.814 ], [ -54.641, -13.792 ], [ -54.671, -13.729 ], [ -54.662, -13.698 ], [ -54.678, -13.628 ], [ -54.65, -13.566 ], [ -54.672, -13.517 ], [ -54.647, -13.499 ], [ -54.652, -13.456 ], [ -54.629, -13.427 ], [ -54.628, -13.406 ], [ -54.619, -13.392 ], [ -54.598, -13.388 ], [ -54.573, -13.345 ], [ -54.554, -13.339 ], [ -54.539, -13.27 ], [ -54.467, -13.226 ], [ -54.459, -13.195 ], [ -54.466, -13.179 ], [ -54.424, -13.111 ], [ -54.431, -13.101 ], [ -54.422, -13.096 ], [ -54.422, -13.079 ], [ -54.401, -13.062 ], [ -54.409, -13.033 ], [ -54.397, -13.012 ], [ -54.407, -13.005 ], [ -54.361, -12.974 ], [ -54.371, -12.957 ], [ -54.354, -12.953 ], [ -54.356, -12.937 ], [ -54.342, -12.92 ], [ -54.336, -12.889 ], [ -54.322, -12.884 ], [ -54.332, -12.873 ], [ -54.327, -12.853 ], [ -54.339, -12.848 ], [ -54.328, -12.807 ], [ -54.342, -12.798 ], [ -54.336, -12.796 ], [ -54.35, -12.758 ] ] ] ] } },
{ "type": "Feature", "properties": { "id_municipio": 5106257, "municipio": "Nova Xavantina", "grupo": "resto_mt", "slug": "nova-xavantina" }, "geometry": { "type": "MultiPolygon", "coordinates": [ [ [ [ -51.928, -14.577 ], [ -52.01, -14.604 ], [ -52.014, -14.638 ], [ -52.053, -14.675 ], [ -52.084, -14.674 ], [ -52.095, -14.687 ], [ -52.105, -14.68 ], [ -52.105, -14.655 ], [ -52.124, -14.657 ], [ -52.124, -14.641 ], [ -52.143, -14.633 ], [ -52.138, -14.626 ], [ -52.153, -14.607 ], [ -52.16, -14.636 ], [ -52.164, -14.603 ], [ -52.189, -14.607 ], [ -52.214, -14.568 ], [ -52.227, -14.569 ], [ -52.239, -14.555 ], [ -52.251, -14.554 ], [ -52.263, -14.582 ], [ -52.294, -14.582 ], [ -52.301, -14.564 ], [ -52.324, -14.579 ], [ -52.338, -14.573 ], [ -52.328, -14.552 ], [ -52.337, -14.551 ], [ -52.329, -14.542 ], [ -52.337, -14.538 ], [ -52.317, -14.533 ], [ -52.333, -14.496 ], [ -52.324, -14.494 ], [ -52.321, -14.461 ], [ -52.312, -14.47 ], [ -52.309, -14.461 ], [ -52.323, -14.432 ], [ -52.32, -14.411 ], [ -52.334, -14.404 ], [ -52.326, -14.401 ], [ -52.331, -14.389 ], [ -52.323, -14.393 ], [ -52.335, -14.377 ], [ -52.331, -14.357 ], [ -52.317, -14.349 ], [ -52.365, -14.32 ], [ -52.367, -14.302 ], [ -52.388, -14.307 ], [ -52.385, -14.293 ], [ -52.396, -14.282 ], [ -52.374, -14.223 ], [ -52.384, -14.218 ], [ -52.376, -14.205 ], [ -52.384, -14.181 ], [ -52.427, -14.177 ], [ -52.48, -14.193 ], [ -52.522, -14.178 ], [ -52.539, -14.195 ], [ -52.575, -14.195 ], [ -52.593, -14.209 ], [ -52.623, -14.197 ], [ -52.625, -14.185 ], [ -52.65, -14.182 ], [ -52.686, -14.212 ], [ -52.742, -14.222 ], [ -52.752, -14.232 ], [ -52.772, -14.224 ], [ -52.826, -14.233 ], [ -52.83, -14.252 ], [ -52.91, -14.249 ], [ -52.933, -14.26 ], [ -52.905, -14.297 ], [ -52.91, -14.306 ], [ -52.898, -14.328 ], [ -52.882, -14.34 ], [ -52.864, -14.348 ], [ -52.835, -14.34 ], [ -52.8, -14.357 ], [ -52.818, -14.392 ], [ -52.687, -14.551 ], [ -52.747, -14.61 ], [ -52.755, -14.66 ], [ -52.783, -14.662 ], [ -52.777, -14.698 ], [ -52.797, -14.727 ], [ -52.793, -14.753 ], [ -52.814, -14.779 ], [ -52.789, -14.773 ], [ -52.774, -14.78 ], [ -52.771, -14.796 ], [ -52.744, -14.788 ], [ -52.736, -14.776 ], [ -52.713, -14.789 ], [ -52.702, -14.773 ], [ -52.671, -14.787 ], [ -52.655, -14.783 ], [ -52.641, -14.799 ], [ -52.658, -14.798 ], [ -52.675, -14.822 ], [ -52.669, -14.846 ], [ -52.678, -14.862 ], [ -52.637, -14.879 ], [ -52.636, -14.922 ], [ -52.603, -14.937 ], [ -52.606, -14.987 ], [ -52.587, -15.035 ], [ -52.593, -15.047 ], [ -52.551, -15.155 ], [ -52.529, -15.177 ], [ -52.491, -14.896 ], [ -52.478, -14.89 ], [ -52.447, -14.927 ], [ -52.382, -14.946 ], [ -52.329, -14.925 ], [ -52.285, -14.874 ], [ -52.261, -14.865 ], [ -52.241, -14.822 ], [ -52.206, -14.831 ], [ -52.192, -14.813 ], [ -52.171, -14.837 ], [ -52.135, -14.852 ], [ -52.126, -14.842 ], [ -52.105, -14.861 ], [ -52.091, -14.861 ], [ -52.047, -14.82 ], [ -52.021, -14.813 ], [ -52.011, -14.799 ], [ -51.993, -14.799 ], [ -51.99, -14.785 ], [ -51.975, -14.784 ], [ -51.962, -14.762 ], [ -51.939, -14.785 ], [ -51.937, -14.763 ], [ -51.905, -14.77 ], [ -51.894, -14.734 ], [ -51.857, -14.742 ], [ -51.866, -14.736 ], [ -51.867, -14.712 ], [ -51.857, -14.717 ], [ -51.861, -14.704 ], [ -51.846, -14.694 ], [ -51.831, -14.702 ], [ -51.821, -14.695 ], [ -51.828, -14.68 ], [ -51.805, -14.665 ], [ -51.816, -14.665 ], [ -51.815, -14.652 ], [ -51.796, -14.634 ], [ -51.783, -14.644 ], [ -51.774, -14.64 ], [ -51.777, -14.612 ], [ -51.76, -14.599 ], [ -51.72, -14.6 ], [ -51.695, -14.576 ], [ -51.699, -14.498 ], [ -51.725, -14.46 ], [ -51.708, -14.454 ], [ -51.719, -14.437 ], [ -51.718, -14.429 ], [ -51.704, -14.428 ], [ -51.716, -14.396 ], [ -51.708, -14.379 ], [ -51.719, -14.372 ], [ -51.747, -14.38 ], [ -51.734, -14.421 ], [ -51.781, -14.477 ], [ -51.8, -14.457 ], [ -51.828, -14.478 ], [ -51.811, -14.49 ], [ -51.835, -14.512 ], [ -51.847, -14.49 ], [ -51.875, -14.503 ], [ -51.928, -14.577 ] ] ] ] } },
{ "type": "Feature", "properties": { "id_municipio": 5106265, "municipio": "Novo Mundo", "grupo": "resto_mt", "slug": "novo-mundo" }, "geometry": { "type": "MultiPolygon", "coordinates": [ [ [ [ -55.231, -10.123 ], [ -55.243, -10.134 ], [ -55.242, -10.146 ], [ -55.222, -10.146 ], [ -55.208, -10.173 ], [ -55.186, -10.165 ], [ -55.184, -10.186 ], [ -55.17, -10.191 ], [ -55.158, -10.165 ], [ -55.175, -10.126 ], [ -55.167, -10.127 ], [ -55.168, -10.094 ], [ -55.152, -10.082 ], [ -55.164, -10.07 ], [ -55.128, -10.039 ], [ -55.078, -10.031 ], [ -55.072, -10.013 ], [ -55.038, -9.992 ], [ -55.04, -9.973 ], [ -55.021, -9.968 ], [ -55.045, -9.941 ], [ -55.032, -9.899 ], [ -55.054, -9.879 ], [ -55.041, -9.872 ], [ -55.044, -9.841 ], [ -55.019, -9.838 ], [ -54.992, -9.813 ], [ -54.99, -9.778 ], [ -54.956, -9.671 ], [ -54.968, -9.661 ], [ -54.982, -9.594 ], [ -54.966, -9.577 ], [ -54.982, -9.564 ], [ -54.996, -9.505 ], [ -55.867, -9.434 ], [ -55.87, -9.448 ], [ -55.899, -9.451 ], [ -55.906, -9.489 ], [ -55.892, -9.51 ], [ -55.908, -9.566 ], [ -55.915, -9.559 ], [ -55.923, -9.586 ], [ -55.932, -9.587 ], [ -55.934, -9.609 ], [ -55.922, -9.633 ], [ -55.931, -9.636 ], [ -55.889, -9.677 ], [ -55.864, -9.722 ], [ -55.832, -9.736 ], [ -55.805, -9.735 ], [ -55.778, -9.765 ], [ -55.733, -9.788 ], [ -55.676, -9.896 ], [ -55.659, -9.898 ], [ -55.645, -9.882 ], [ -55.63, -9.882 ], [ -55.587, -9.93 ], [ -55.557, -10.004 ], [ -55.558, -10.057 ], [ -55.533, -10.075 ], [ -55.523, -10.097 ], [ -55.497, -10.096 ], [ -55.479, -10.125 ], [ -55.456, -10.125 ], [ -55.418, -10.163 ], [ -55.377, -10.168 ], [ -55.35, -10.188 ], [ -55.276, -10.147 ], [ -55.247, -10.094 ], [ -55.231, -10.123 ] ] ] ] } },
{ "type": "Feature", "properties": { "id_municipio": 5106273, "municipio": "Novo Horizonte do Norte", "grupo": "resto_mt", "slug": "novo-horizonte-do-norte" }, "geometry": { "type": "MultiPolygon", "coordinates": [ [ [ [ -57.405, -11.499 ], [ -57.382, -11.518 ], [ -57.354, -11.524 ], [ -57.28, -11.502 ], [ -57.215, -11.425 ], [ -57.184, -11.429 ], [ -57.124, -11.46 ], [ -57.07, -11.436 ], [ -57.043, -11.448 ], [ -57.028, -11.409 ], [ -57.057, -11.388 ], [ -57.069, -11.339 ], [ -57.098, -11.345 ], [ -57.107, -11.357 ], [ -57.129, -11.353 ], [ -57.138, -11.344 ], [ -57.139, -11.318 ], [ -57.199, -11.317 ], [ -57.211, -11.305 ], [ -57.235, -11.306 ], [ -57.245, -11.293 ], [ -57.276, -11.289 ], [ -57.282, -11.275 ], [ -57.314, -11.267 ], [ -57.324, -11.248 ], [ -57.41, -11.295 ], [ -57.497, -11.295 ], [ -57.523, -11.318 ], [ -57.555, -11.321 ], [ -57.552, -11.353 ], [ -57.524, -11.356 ], [ -57.47, -11.411 ], [ -57.476, -11.423 ], [ -57.442, -11.441 ], [ -57.44, -11.464 ], [ -57.41, -11.479 ], [ -57.405, -11.499 ] ] ] ] } },
{ "type": "Feature", "properties": { "id_municipio": 5106281, "municipio": "Novo São Joaquim", "grupo": "resto_mt", "slug": "novo-sao-joaquim" }, "geometry": { "type": "MultiPolygon", "coordinates": [ [ [ [ -52.725, -14.939 ], [ -52.699, -14.919 ], [ -52.67, -14.846 ], [ -52.675, -14.822 ], [ -52.658, -14.798 ], [ -52.641, -14.799 ], [ -52.654, -14.783 ], [ -52.671, -14.787 ], [ -52.704, -14.773 ], [ -52.715, -14.789 ], [ -52.736, -14.776 ], [ -52.744, -14.788 ], [ -52.771, -14.796 ], [ -52.774, -14.78 ], [ -52.789, -14.773 ], [ -52.815, -14.779 ], [ -52.833, -14.768 ], [ -52.853, -14.776 ], [ -52.871, -14.75 ], [ -52.881, -14.755 ], [ -52.89, -14.745 ], [ -52.908, -14.755 ], [ -52.948, -14.725 ], [ -52.98, -14.743 ], [ -53.021, -14.738 ], [ -53.031, -14.75 ], [ -53.035, -14.799 ], [ -53.086, -14.853 ], [ -53.084, -14.865 ], [ -53.099, -14.881 ], [ -53.119, -14.867 ], [ -53.157, -14.874 ], [ -53.178, -14.864 ], [ -53.193, -14.875 ], [ -53.225, -14.869 ], [ -53.25, -14.878 ], [ -53.292, -14.863 ], [ -53.522, -14.956 ], [ -53.567, -14.961 ], [ -53.633, -15.046 ], [ -53.7, -15.082 ], [ -53.702, -15.098 ], [ -53.734, -15.133 ], [ -53.762, -15.121 ], [ -53.798, -15.131 ], [ -53.859, -15.105 ], [ -53.87, -15.086 ], [ -53.925, -15.083 ], [ -53.944, -15.112 ], [ -53.944, -15.132 ], [ -53.933, -15.141 ], [ -53.94, -15.167 ], [ -53.926, -15.18 ], [ -53.95, -15.246 ], [ -53.935, -15.242 ], [ -53.928, -15.252 ], [ -53.91, -15.245 ], [ -53.914, -15.259 ], [ -53.878, -15.265 ], [ -53.875, -15.249 ], [ -53.861, -15.245 ], [ -53.822, -15.262 ], [ -53.809, -15.269 ], [ -53.809, -15.283 ], [ -53.797, -15.28 ], [ -53.787, -15.292 ], [ -53.788, -15.312 ], [ -53.776, -15.302 ], [ -53.772, -15.319 ], [ -53.735, -15.33 ], [ -53.741, -15.342 ], [ -53.722, -15.348 ], [ -53.692, -15.335 ], [ -53.682, -15.352 ], [ -53.664, -15.352 ], [ -53.657, -15.342 ], [ -53.622, -15.367 ], [ -53.607, -15.349 ], [ -53.6, -15.358 ], [ -53.564, -15.361 ], [ -53.55, -15.376 ], [ -53.515, -15.361 ], [ -53.521, -15.394 ], [ -53.514, -15.401 ], [ -53.504, -15.394 ], [ -53.506, -15.377 ], [ -53.486, -15.382 ], [ -53.483, -15.369 ], [ -53.461, -15.362 ], [ -53.457, -15.346 ], [ -53.448, -15.356 ], [ -53.424, -15.341 ], [ -53.397, -15.348 ], [ -53.381, -15.374 ], [ -53.343, -15.377 ], [ -53.34, -15.367 ], [ -53.323, -15.367 ], [ -53.313, -15.336 ], [ -53.295, -15.337 ], [ -53.293, -15.312 ], [ -53.303, -15.305 ], [ -53.297, -15.295 ], [ -53.284, -15.297 ], [ -53.289, -15.28 ], [ -53.263, -15.243 ], [ -53.2, -15.212 ], [ -53.184, -15.222 ], [ -53.166, -15.218 ], [ -53.164, -15.229 ], [ -53.15, -15.226 ], [ -53.145, -15.235 ], [ -53.117, -15.23 ], [ -53.081, -15.251 ], [ -53.054, -15.248 ], [ -53.044, -15.274 ], [ -53.021, -15.262 ], [ -52.994, -15.274 ], [ -52.993, -15.286 ], [ -52.98, -15.269 ], [ -52.971, -15.28 ], [ -52.945, -15.275 ], [ -52.922, -15.244 ], [ -52.899, -15.24 ], [ -52.901, -15.218 ], [ -52.879, -15.197 ], [ -52.842, -15.126 ], [ -52.761, -15.057 ], [ -52.733, -15.007 ], [ -52.725, -14.939 ] ] ] ] } },
{ "type": "Feature", "properties": { "id_municipio": 5106299, "municipio": "Paranaíta", "grupo": "resto_mt", "slug": "paranaita" }, "geometry": { "type": "MultiPolygon", "coordinates": [ [ [ [ -56.356, -9.731 ], [ -56.341, -9.688 ], [ -56.343, -9.641 ], [ -56.309, -9.56 ], [ -56.313, -9.548 ], [ -56.253, -9.473 ], [ -56.259, -9.444 ], [ -56.277, -9.417 ], [ -56.272, -9.401 ], [ -56.672, -9.367 ], [ -56.711, -9.374 ], [ -56.757, -9.406 ], [ -56.772, -9.391 ], [ -56.779, -9.317 ], [ -56.82, -9.246 ], [ -56.86, -9.232 ], [ -56.88, -9.24 ], [ -56.952, -9.223 ], [ -56.996, -9.234 ], [ -57.06, -9.182 ], [ -57.063, -9.193 ], [ -57.084, -9.194 ], [ -57.076, -9.205 ], [ -57.098, -9.208 ], [ -57.086, -9.243 ], [ -57.09, -9.284 ], [ -57.068, -9.3 ], [ -57.068, -9.314 ], [ -57.079, -9.33 ], [ -57.091, -9.321 ], [ -57.087, -9.356 ], [ -57.076, -9.357 ], [ -57.081, -9.394 ], [ -57.095, -9.405 ], [ -57.124, -9.402 ], [ -57.132, -9.421 ], [ -57.091, -9.46 ], [ -57.056, -9.465 ], [ -57.065, -9.479 ], [ -57.045, -9.502 ], [ -57.063, -9.511 ], [ -57.048, -9.538 ], [ -57.017, -9.543 ], [ -57.018, -9.557 ], [ -57.003, -9.552 ], [ -56.999, -9.565 ], [ -56.981, -9.56 ], [ -56.98, -9.577 ], [ -56.964, -9.576 ], [ -56.966, -9.588 ], [ -56.942, -9.594 ], [ -56.939, -9.619 ], [ -56.919, -9.645 ], [ -56.93, -9.664 ], [ -56.915, -9.67 ], [ -56.896, -9.715 ], [ -56.883, -9.725 ], [ -56.89, -9.74 ], [ -56.878, -9.751 ], [ -56.884, -9.781 ], [ -56.867, -9.797 ], [ -56.85, -9.795 ], [ -56.853, -9.815 ], [ -56.866, -9.822 ], [ -56.842, -9.857 ], [ -56.846, -9.869 ], [ -56.862, -9.848 ], [ -56.893, -9.852 ], [ -56.911, -9.878 ], [ -56.893, -9.893 ], [ -56.896, -9.908 ], [ -56.938, -9.936 ], [ -56.899, -9.948 ], [ -56.659, -9.936 ], [ -56.591, -9.918 ], [ -56.526, -9.936 ], [ -56.489, -9.931 ], [ -56.446, -9.907 ], [ -56.377, -9.919 ], [ -56.33, -9.902 ], [ -56.348, -9.869 ], [ -56.344, -9.834 ], [ -56.331, -9.828 ], [ -56.328, -9.812 ], [ -56.354, -9.774 ], [ -56.356, -9.731 ] ] ] ] } },
{ "type": "Feature", "properties": { "id_municipio": 5106307, "municipio": "Paranatinga", "grupo": "resto_mt", "slug": "paranatinga" }, "geometry": { "type": "MultiPolygon", "coordinates": [ [ [ [ -54.088, -13.806 ], [ -54.077, -13.784 ], [ -54.081, -13.763 ], [ -54.09, -13.764 ], [ -54.083, -13.748 ], [ -54.092, -13.748 ], [ -54.077, -13.732 ], [ -54.082, -13.713 ], [ -54.092, -13.711 ], [ -54.077, -13.694 ], [ -54.078, -13.674 ], [ -54.054, -13.656 ], [ -54.047, -13.635 ], [ -54.048, -13.576 ], [ -54.031, -13.536 ], [ -54.036, -13.486 ], [ -54.019, -13.434 ], [ -54.026, -13.376 ], [ -54.007, -13.36 ], [ -54.016, -13.354 ], [ -54.007, -13.294 ], [ -54.025, -13.247 ], [ -54.002, -13.165 ], [ -54.006, -13.135 ], [ -53.977, -13.085 ], [ -53.977, -13.055 ], [ -53.996, -13.014 ], [ -53.982, -12.983 ], [ -53.936, -12.954 ], [ -53.925, -12.899 ], [ -53.907, -12.897 ], [ -53.889, -12.879 ], [ -53.898, -12.871 ], [ -53.883, -12.856 ], [ -53.892, -12.843 ], [ -53.87, -12.835 ], [ -53.862, -12.806 ], [ -53.838, -12.788 ], [ -53.839, -12.763 ], [ -53.827, -12.748 ], [ -53.841, -12.741 ], [ -53.846, -12.718 ], [ -53.838, -12.717 ], [ -53.842, -12.703 ], [ -53.832, -12.69 ], [ -53.821, -12.695 ], [ -53.816, -12.687 ], [ -53.815, -12.666 ], [ -53.804, -12.661 ], [ -53.812, -12.654 ], [ -53.798, -12.644 ], [ -53.804, -12.609 ], [ -53.772, -12.563 ], [ -53.772, -12.55 ], [ -53.787, -12.548 ], [ -53.785, -12.528 ], [ -53.796, -12.526 ], [ -53.8, -12.498 ], [ -53.791, -12.49 ], [ -53.798, -12.471 ], [ -53.781, -12.451 ], [ -53.79, -12.444 ], [ -53.781, -12.446 ], [ -53.774, -12.426 ], [ -53.766, -12.431 ], [ -53.728, -12.401 ], [ -53.722, -12.376 ], [ -53.714, -12.375 ], [ -53.718, -12.359 ], [ -53.693, -12.349 ], [ -53.679, -12.304 ], [ -53.66, -12.287 ], [ -53.665, -12.272 ], [ -53.651, -12.27 ], [ -53.644, -12.242 ], [ -53.632, -12.243 ], [ -53.623, -12.223 ], [ -53.602, -12.212 ], [ -53.605, -12.188 ], [ -53.588, -12.174 ], [ -53.597, -12.153 ], [ -53.594, -12.132 ], [ -53.578, -12.123 ], [ -53.58, -12.105 ], [ -53.553, -12.089 ], [ -53.534, -12.05 ], [ -53.54, -12.023 ], [ -53.522, -12.014 ], [ -53.548, -11.949 ], [ -53.559, -11.958 ], [ -53.618, -11.96 ], [ -53.606, -11.977 ], [ -53.632, -11.982 ], [ -53.619, -12.006 ], [ -53.638, -12.004 ], [ -53.654, -12.021 ], [ -53.645, -12.032 ], [ -53.656, -12.04 ], [ -53.696, -12.05 ], [ -53.711, -12.034 ], [ -53.725, -12.036 ], [ -53.723, -12.055 ], [ -53.752, -12.068 ], [ -53.767, -12.091 ], [ -53.785, -12.089 ], [ -53.779, -12.099 ], [ -53.79, -12.125 ], [ -53.819, -12.152 ], [ -53.813, -12.159 ], [ -53.822, -12.178 ], [ -53.846, -12.183 ], [ -53.839, -12.189 ], [ -53.846, -12.189 ], [ -53.852, -12.195 ], [ -53.838, -12.202 ], [ -53.873, -12.235 ], [ -53.886, -12.224 ], [ -53.903, -12.24 ], [ -53.897, -12.231 ], [ -53.911, -12.226 ], [ -53.905, -12.222 ], [ -53.922, -12.212 ], [ -53.913, -12.211 ], [ -53.917, -12.206 ], [ -53.94, -12.224 ], [ -53.942, -12.213 ], [ -53.97, -12.213 ], [ -53.969, -12.226 ], [ -53.985, -12.225 ], [ -53.989, -12.254 ], [ -54.018, -12.254 ], [ -54.044, -12.296 ], [ -54.053, -12.303 ], [ -54.059, -12.294 ], [ -54.07, -12.316 ], [ -54.081, -12.314 ], [ -54.071, -12.334 ], [ -54.086, -12.346 ], [ -54.095, -12.342 ], [ -54.097, -12.351 ], [ -54.105, -12.34 ], [ -54.132, -12.35 ], [ -54.136, -12.387 ], [ -54.158, -12.393 ], [ -54.149, -12.405 ], [ -54.168, -12.415 ], [ -54.156, -12.425 ], [ -54.175, -12.438 ], [ -54.169, -12.489 ], [ -54.196, -12.495 ], [ -54.222, -12.539 ], [ -54.246, -12.538 ], [ -54.252, -12.557 ], [ -54.256, -12.55 ], [ -54.272, -12.557 ], [ -54.284, -12.577 ], [ -54.299, -12.574 ], [ -54.305, -12.584 ], [ -54.298, -12.591 ], [ -54.311, -12.598 ], [ -54.313, -12.626 ], [ -54.325, -12.643 ], [ -54.316, -12.652 ], [ -54.328, -12.667 ], [ -54.32, -12.688 ], [ -54.329, -12.703 ], [ -54.343, -12.705 ], [ -54.335, -12.725 ], [ -54.35, -12.758 ], [ -54.336, -12.796 ], [ -54.342, -12.798 ], [ -54.328, -12.806 ], [ -54.339, -12.848 ], [ -54.327, -12.853 ], [ -54.332, -12.873 ], [ -54.322, -12.884 ], [ -54.336, -12.889 ], [ -54.342, -12.92 ], [ -54.356, -12.937 ], [ -54.354, -12.953 ], [ -54.371, -12.957 ], [ -54.361, -12.974 ], [ -54.407, -13.005 ], [ -54.397, -13.012 ], [ -54.409, -13.033 ], [ -54.401, -13.062 ], [ -54.422, -13.079 ], [ -54.422, -13.096 ], [ -54.431, -13.101 ], [ -54.424, -13.111 ], [ -54.466, -13.179 ], [ -54.459, -13.195 ], [ -54.467, -13.226 ], [ -54.539, -13.27 ], [ -54.554, -13.339 ], [ -54.573, -13.345 ], [ -54.598, -13.388 ], [ -54.619, -13.392 ], [ -54.628, -13.406 ], [ -54.629, -13.427 ], [ -54.652, -13.456 ], [ -54.647, -13.499 ], [ -54.672, -13.517 ], [ -54.65, -13.566 ], [ -54.678, -13.628 ], [ -54.662, -13.698 ], [ -54.671, -13.729 ], [ -54.641, -13.792 ], [ -54.663, -13.814 ], [ -54.696, -13.822 ], [ -54.758, -13.872 ], [ -55.1, -13.7 ], [ -55.084, -13.717 ], [ -55.086, -13.731 ], [ -55.046, -13.75 ], [ -55.049, -13.777 ], [ -55.027, -13.785 ], [ -54.997, -13.821 ], [ -55.001, -13.849 ], [ -54.972, -13.866 ], [ -54.979, -13.878 ], [ -55.005, -13.873 ], [ -55.014, -13.883 ], [ -54.972, -13.881 ], [ -54.963, -13.895 ], [ -54.975, -13.912 ], [ -54.974, -13.931 ], [ -54.947, -13.955 ], [ -54.933, -13.933 ], [ -54.932, -13.964 ], [ -54.907, -13.969 ], [ -54.921, -13.981 ], [ -54.898, -13.996 ], [ -54.919, -14.0 ], [ -54.91, -14.032 ], [ -54.93, -14.028 ], [ -54.921, -14.06 ], [ -54.927, -14.092 ], [ -54.904, -14.094 ], [ -54.907, -14.109 ], [ -54.887, -14.106 ], [ -54.897, -14.127 ], [ -54.886, -14.144 ], [ -54.89, -14.154 ], [ -54.868, -14.178 ], [ -54.876, -14.219 ], [ -54.851, -14.229 ], [ -54.842, -14.261 ], [ -54.833, -14.252 ], [ -54.815, -14.254 ], [ -54.812, -14.307 ], [ -54.797, -14.279 ], [ -54.777, -14.32 ], [ -54.766, -14.31 ], [ -54.75, -14.323 ], [ -54.739, -14.312 ], [ -54.72, -14.343 ], [ -54.722, -14.313 ], [ -54.686, -14.322 ], [ -54.709, -14.337 ], [ -54.688, -14.357 ], [ -54.7, -14.358 ], [ -54.71, -14.373 ], [ -54.667, -14.383 ], [ -54.65, -14.415 ], [ -54.643, -14.394 ], [ -54.633, -14.416 ], [ -54.628, -14.394 ], [ -54.606, -14.396 ], [ -54.6, -14.414 ], [ -54.595, -14.399 ], [ -54.583, -14.411 ], [ -54.59, -14.42 ], [ -54.583, -14.431 ], [ -54.558, -14.434 ], [ -54.571, -14.457 ], [ -54.561, -14.456 ], [ -54.55, -14.476 ], [ -54.516, -14.478 ], [ -54.509, -14.491 ], [ -54.505, -14.478 ], [ -54.491, -14.497 ], [ -54.491, -14.481 ], [ -54.476, -14.488 ], [ -54.467, -14.474 ], [ -54.457, -14.475 ], [ -54.445, -14.51 ], [ -54.427, -14.509 ], [ -54.432, -14.518 ], [ -54.399, -14.532 ], [ -54.39, -14.549 ], [ -54.397, -14.587 ], [ -54.388, -14.617 ], [ -54.374, -14.633 ], [ -54.33, -14.64 ], [ -54.338, -14.733 ], [ -54.201, -14.689 ], [ -54.184, -14.653 ], [ -54.145, -14.644 ], [ -54.108, -14.614 ], [ -54.058, -14.618 ], [ -54.031, -14.605 ], [ -54.017, -14.617 ], [ -53.961, -14.604 ], [ -53.927, -14.622 ], [ -53.923, -14.636 ], [ -53.832, -14.617 ], [ -53.775, -14.635 ], [ -53.722, -14.612 ], [ -53.698, -14.575 ], [ -53.622, -14.565 ], [ -53.578, -14.545 ], [ -53.551, -14.512 ], [ -53.561, -14.501 ], [ -53.545, -14.477 ], [ -53.532, -14.462 ], [ -53.517, -14.462 ], [ -53.517, -14.444 ], [ -53.499, -14.441 ], [ -53.492, -14.422 ], [ -53.454, -14.39 ], [ -53.452, -14.353 ], [ -53.463, -14.315 ], [ -53.455, -14.264 ], [ -53.424, -14.237 ], [ -53.416, -14.211 ], [ -53.402, -14.207 ], [ -53.4, -14.183 ], [ -53.376, -14.166 ], [ -53.364, -14.142 ], [ -53.368, -14.1 ], [ -53.359, -14.086 ], [ -53.369, -14.08 ], [ -53.365, -14.059 ], [ -53.355, -14.054 ], [ -53.364, -14.043 ], [ -53.354, -14.033 ], [ -53.359, -14.025 ], [ -53.344, -14.019 ], [ -53.345, -14.0 ], [ -53.322, -14.001 ], [ -53.316, -13.96 ], [ -53.3, -13.958 ], [ -53.285, -13.909 ], [ -53.258, -13.882 ], [ -53.262, -13.842 ], [ -53.244, -13.809 ], [ -53.249, -13.8 ], [ -53.223, -13.779 ], [ -53.286, -13.753 ], [ -53.291, -13.716 ], [ -53.353, -13.715 ], [ -53.4, -13.693 ], [ -53.417, -13.668 ], [ -53.405, -13.656 ], [ -53.419, -13.648 ], [ -53.43, -13.66 ], [ -53.473, -13.653 ], [ -53.507, -13.721 ], [ -53.52, -13.72 ], [ -53.566, -13.762 ], [ -53.613, -13.779 ], [ -53.657, -13.76 ], [ -53.7, -13.766 ], [ -53.703, -13.739 ], [ -53.721, -13.732 ], [ -53.695, -13.707 ], [ -53.7, -13.683 ], [ -53.713, -13.676 ], [ -53.685, -13.657 ], [ -53.684, -13.641 ], [ -53.643, -13.58 ], [ -53.65, -13.549 ], [ -53.632, -13.513 ], [ -53.64, -13.481 ], [ -53.631, -13.475 ], [ -53.644, -13.471 ], [ -53.643, -13.454 ], [ -53.668, -13.474 ], [ -53.694, -13.545 ], [ -53.711, -13.55 ], [ -53.706, -13.561 ], [ -53.754, -13.586 ], [ -53.775, -13.578 ], [ -53.782, -13.6 ], [ -53.805, -13.612 ], [ -53.801, -13.621 ], [ -53.821, -13.661 ], [ -53.851, -13.682 ], [ -53.851, -13.707 ], [ -53.917, -13.742 ], [ -53.926, -13.776 ], [ -53.962, -13.798 ], [ -53.998, -13.791 ], [ -54.013, -13.814 ], [ -54.019, -13.803 ], [ -54.043, -13.796 ], [ -54.061, -13.814 ], [ -54.088, -13.806 ] ] ] ] } },
{ "type": "Feature", "properties": { "id_municipio": 5106315, "municipio": "Novo Santo Antônio", "grupo": "resto_mt", "slug": "novo-santo-antonio" }, "geometry": { "type": "MultiPolygon", "coordinates": [ [ [ [ -50.961, -12.563 ], [ -50.924, -12.626 ], [ -50.934, -12.662 ], [ -50.923, -12.683 ], [ -50.945, -12.693 ], [ -50.897, -12.849 ], [ -50.843, -12.892 ], [ -50.806, -12.861 ], [ -50.782, -12.867 ], [ -50.787, -12.85 ], [ -50.775, -12.849 ], [ -50.771, -12.836 ], [ -50.779, -12.812 ], [ -50.757, -12.814 ], [ -50.754, -12.799 ], [ -50.737, -12.799 ], [ -50.73, -12.788 ], [ -50.726, -12.769 ], [ -50.741, -12.761 ], [ -50.727, -12.75 ], [ -50.737, -12.747 ], [ -50.735, -12.734 ], [ -50.711, -12.723 ], [ -50.709, -12.691 ], [ -50.684, -12.658 ], [ -50.684, -12.648 ], [ -50.7, -12.648 ], [ -50.706, -12.61 ], [ -50.694, -12.593 ], [ -50.668, -12.596 ], [ -50.669, -12.581 ], [ -50.686, -12.569 ], [ -50.664, -12.537 ], [ -50.646, -12.482 ], [ -50.653, -12.46 ], [ -50.624, -12.455 ], [ -50.618, -12.429 ], [ -50.633, -12.417 ], [ -50.627, -12.384 ], [ -50.645, -12.346 ], [ -50.638, -12.325 ], [ -50.649, -12.299 ], [ -50.629, -12.277 ], [ -50.65, -12.249 ], [ -50.644, -12.223 ], [ -50.679, -12.219 ], [ -50.687, -12.202 ], [ -50.667, -12.081 ], [ -50.668, -12.065 ], [ -50.687, -12.045 ], [ -50.678, -12.02 ], [ -50.684, -11.996 ], [ -50.657, -11.967 ], [ -50.655, -11.948 ], [ -50.668, -11.928 ], [ -50.641, -11.903 ], [ -50.639, -11.885 ], [ -50.686, -11.859 ], [ -50.688, -11.825 ], [ -50.722, -11.74 ], [ -50.717, -11.727 ], [ -50.74, -11.74 ], [ -50.725, -11.754 ], [ -50.731, -11.766 ], [ -50.765, -11.786 ], [ -50.764, -11.802 ], [ -50.779, -11.814 ], [ -50.806, -11.815 ], [ -50.828, -11.847 ], [ -50.859, -11.929 ], [ -50.861, -11.965 ], [ -50.877, -11.975 ], [ -50.875, -12.002 ], [ -50.891, -12.012 ], [ -50.893, -12.031 ], [ -50.91, -12.031 ], [ -50.902, -12.041 ], [ -50.92, -12.045 ], [ -50.917, -12.062 ], [ -50.947, -12.077 ], [ -50.942, -12.099 ], [ -51.049, -12.125 ], [ -51.074, -12.109 ], [ -51.093, -12.077 ], [ -51.13, -12.07 ], [ -51.164, -12.096 ], [ -51.207, -12.109 ], [ -51.233, -12.105 ], [ -51.306, -12.17 ], [ -51.309, -12.22 ], [ -51.288, -12.246 ], [ -51.311, -12.319 ], [ -51.303, -12.337 ], [ -51.281, -12.348 ], [ -51.276, -12.339 ], [ -51.243, -12.343 ], [ -51.223, -12.371 ], [ -51.195, -12.372 ], [ -51.161, -12.396 ], [ -51.163, -12.409 ], [ -51.135, -12.419 ], [ -51.14, -12.429 ], [ -51.129, -12.422 ], [ -51.13, -12.435 ], [ -51.119, -12.424 ], [ -51.103, -12.441 ], [ -51.076, -12.435 ], [ -51.071, -12.411 ], [ -51.052, -12.418 ], [ -51.045, -12.409 ], [ -51.038, -12.414 ], [ -51.04, -12.402 ], [ -51.034, -12.409 ], [ -51.017, -12.402 ], [ -51.018, -12.408 ], [ -51.01, -12.387 ], [ -50.995, -12.39 ], [ -50.992, -12.404 ], [ -50.977, -12.413 ], [ -50.994, -12.486 ], [ -50.978, -12.5 ], [ -50.986, -12.512 ], [ -50.978, -12.527 ], [ -50.965, -12.529 ], [ -50.959, -12.516 ], [ -50.952, -12.522 ], [ -50.949, -12.546 ], [ -50.961, -12.563 ] ] ] ] } },
{ "type": "Feature", "properties": { "id_municipio": 5106372, "municipio": "Pedra Preta", "grupo": "resto_mt", "slug": "pedra-preta" }, "geometry": { "type": "MultiPolygon", "coordinates": [ [ [ [ -54.582, -17.078 ], [ -54.533, -17.078 ], [ -54.467, -17.112 ], [ -54.379, -17.1 ], [ -54.352, -17.088 ], [ -54.29, -17.092 ], [ -54.269, -17.069 ], [ -54.218, -17.067 ], [ -54.181, -17.027 ], [ -54.158, -17.045 ], [ -54.017, -16.934 ], [ -54.001, -16.917 ], [ -54.0, -16.877 ], [ -53.94, -16.826 ], [ -53.892, -16.803 ], [ -53.883, -16.769 ], [ -53.829, -16.73 ], [ -53.828, -16.706 ], [ -53.85, -16.664 ], [ -53.834, -16.581 ], [ -53.856, -16.575 ], [ -53.891, -16.591 ], [ -53.938, -16.543 ], [ -53.982, -16.524 ], [ -53.98, -16.498 ], [ -54.004, -16.494 ], [ -54.004, -16.481 ], [ -54.037, -16.468 ], [ -54.054, -16.469 ], [ -54.06, -16.48 ], [ -54.089, -16.478 ], [ -54.092, -16.49 ], [ -54.107, -16.48 ], [ -54.109, -16.496 ], [ -54.125, -16.488 ], [ -54.133, -16.502 ], [ -54.168, -16.506 ], [ -54.195, -16.66 ], [ -54.453, -16.56 ], [ -54.485, -16.575 ], [ -54.5, -16.557 ], [ -54.531, -16.569 ], [ -54.528, -16.584 ], [ -54.554, -16.609 ], [ -54.54, -16.642 ], [ -54.588, -16.674 ], [ -54.599, -16.703 ], [ -54.59, -16.712 ], [ -54.599, -16.73 ], [ -54.587, -16.756 ], [ -54.582, -17.078 ] ] ] ] } },
{ "type": "Feature", "properties": { "id_municipio": 5106422, "municipio": "Peixoto de Azevedo", "grupo": "resto_mt", "slug": "peixoto-de-azevedo" }, "geometry": { "type": "MultiPolygon", "coordinates": [ [ [ [ -53.975, -10.517 ], [ -53.921, -10.566 ], [ -53.862, -10.562 ], [ -53.788, -10.538 ], [ -53.738, -10.54 ], [ -53.659, -10.516 ], [ -53.319, -10.643 ], [ -53.128, -10.774 ], [ -53.098, -10.778 ], [ -53.083, -10.703 ], [ -53.095, -10.686 ], [ -53.092, -10.647 ], [ -53.051, -10.603 ], [ -53.053, -10.586 ], [ -53.088, -10.566 ], [ -53.083, -10.5 ], [ -53.057, -10.401 ], [ -53.021, -10.323 ], [ -52.97, -10.312 ], [ -52.956, -10.291 ], [ -52.954, -10.274 ], [ -52.971, -10.255 ], [ -52.969, -10.234 ], [ -52.979, -10.225 ], [ -52.98, -10.163 ], [ -52.998, -10.155 ], [ -53.003, -10.14 ], [ -52.991, -10.108 ], [ -52.992, -10.071 ], [ -52.919, -10.004 ], [ -52.896, -9.993 ], [ -52.888, -9.957 ], [ -52.869, -9.949 ], [ -52.858, -9.92 ], [ -52.824, -9.905 ], [ -52.799, -9.88 ], [ -52.776, -9.833 ], [ -52.733, -9.804 ], [ -52.704, -9.805 ], [ -52.657, -9.782 ], [ -52.63, -9.731 ], [ -52.631, -9.697 ], [ -52.619, -9.682 ], [ -53.589, -9.611 ], [ -53.587, -9.62 ], [ -53.61, -9.626 ], [ -53.6, -9.649 ], [ -53.609, -9.661 ], [ -53.621, -9.656 ], [ -53.635, -9.666 ], [ -53.632, -9.658 ], [ -53.643, -9.658 ], [ -53.656, -9.68 ], [ -53.677, -9.679 ], [ -53.679, -9.692 ], [ -53.7, -9.692 ], [ -53.715, -9.708 ], [ -53.734, -9.698 ], [ -53.737, -9.715 ], [ -53.738, -9.707 ], [ -53.762, -9.711 ], [ -53.768, -9.728 ], [ -53.755, -9.726 ], [ -53.758, -9.733 ], [ -53.747, -9.736 ], [ -53.764, -9.748 ], [ -53.76, -9.766 ], [ -53.782, -9.767 ], [ -53.779, -9.777 ], [ -53.799, -9.785 ], [ -53.789, -9.787 ], [ -53.799, -9.804 ], [ -53.811, -9.793 ], [ -53.836, -9.79 ], [ -53.835, -9.805 ], [ -53.846, -9.815 ], [ -53.842, -9.844 ], [ -53.886, -9.841 ], [ -53.906, -9.856 ], [ -53.912, -9.848 ], [ -53.943, -9.849 ], [ -53.947, -9.876 ], [ -53.985, -9.898 ], [ -53.983, -9.922 ], [ -53.998, -9.935 ], [ -54.006, -9.976 ], [ -54.02, -9.991 ], [ -54.03, -9.984 ], [ -54.058, -9.998 ], [ -54.071, -10.042 ], [ -54.113, -10.095 ], [ -54.101, -10.162 ], [ -54.088, -10.192 ], [ -54.065, -10.199 ], [ -54.013, -10.248 ], [ -54.026, -10.253 ], [ -54.035, -10.235 ], [ -54.054, -10.231 ], [ -54.092, -10.252 ], [ -54.143, -10.238 ], [ -54.193, -10.256 ], [ -54.221, -10.242 ], [ -54.245, -10.258 ], [ -54.279, -10.242 ], [ -54.299, -10.263 ], [ -54.317, -10.264 ], [ -54.33, -10.285 ], [ -54.343, -10.281 ], [ -54.363, -10.327 ], [ -54.435, -10.324 ], [ -54.448, -10.346 ], [ -54.455, -10.339 ], [ -54.456, -10.346 ], [ -54.463, -10.339 ], [ -54.476, -10.346 ], [ -54.486, -10.363 ], [ -54.497, -10.362 ], [ -54.493, -10.376 ], [ -54.521, -10.391 ], [ -54.543, -10.372 ], [ -54.655, -10.355 ], [ -54.86, -10.239 ], [ -54.899, -10.231 ], [ -54.911, -10.254 ], [ -54.952, -10.211 ], [ -54.97, -10.219 ], [ -54.986, -10.178 ], [ -54.983, -10.136 ], [ -55.0, -10.136 ], [ -55.01, -10.167 ], [ -55.026, -10.17 ], [ -55.037, -10.153 ], [ -55.035, -10.133 ], [ -55.054, -10.128 ], [ -55.074, -10.15 ], [ -55.069, -10.166 ], [ -55.101, -10.153 ], [ -55.109, -10.164 ], [ -55.098, -10.181 ], [ -55.134, -10.176 ], [ -55.147, -10.198 ], [ -55.146, -10.207 ], [ -55.12, -10.204 ], [ -55.115, -10.211 ], [ -55.132, -10.21 ], [ -55.154, -10.226 ], [ -55.033, -10.303 ], [ -54.721, -10.414 ], [ -54.71, -10.409 ], [ -54.705, -10.424 ], [ -54.693, -10.419 ], [ -54.665, -10.43 ], [ -54.655, -10.445 ], [ -54.667, -10.454 ], [ -54.653, -10.466 ], [ -54.644, -10.498 ], [ -54.652, -10.508 ], [ -54.632, -10.545 ], [ -54.613, -10.543 ], [ -54.602, -10.61 ], [ -54.57, -10.594 ], [ -54.554, -10.607 ], [ -54.535, -10.595 ], [ -54.525, -10.571 ], [ -54.483, -10.567 ], [ -54.43, -10.543 ], [ -54.414, -10.507 ], [ -54.351, -10.455 ], [ -54.305, -10.462 ], [ -54.247, -10.433 ], [ -54.219, -10.444 ], [ -54.182, -10.436 ], [ -54.157, -10.448 ], [ -54.108, -10.452 ], [ -54.092, -10.445 ], [ -54.04, -10.494 ], [ -53.975, -10.517 ] ] ] ] } },
{ "type": "Feature", "properties": { "id_municipio": 5106455, "municipio": "Planalto da Serra", "grupo": "resto_mt", "slug": "planalto-da-serra" }, "geometry": { "type": "MultiPolygon", "coordinates": [ [ [ [ -54.72, -14.343 ], [ -54.739, -14.312 ], [ -54.756, -14.323 ], [ -54.766, -14.31 ], [ -54.775, -14.321 ], [ -54.799, -14.279 ], [ -54.807, -14.307 ], [ -54.825, -14.295 ], [ -54.831, -14.319 ], [ -54.846, -14.321 ], [ -54.844, -14.33 ], [ -54.858, -14.329 ], [ -54.849, -14.34 ], [ -54.86, -14.343 ], [ -54.855, -14.354 ], [ -54.866, -14.355 ], [ -54.871, -14.385 ], [ -54.931, -14.417 ], [ -54.9, -14.483 ], [ -54.929, -14.54 ], [ -54.907, -14.652 ], [ -54.912, -14.677 ], [ -54.926, -14.68 ], [ -54.915, -14.715 ], [ -54.951, -14.738 ], [ -54.925, -14.793 ], [ -54.899, -14.796 ], [ -54.889, -14.785 ], [ -54.875, -14.789 ], [ -54.874, -14.78 ], [ -54.848, -14.781 ], [ -54.829, -14.783 ], [ -54.822, -14.797 ], [ -54.788, -14.801 ], [ -54.775, -14.792 ], [ -54.736, -14.803 ], [ -54.719, -14.782 ], [ -54.694, -14.78 ], [ -54.679, -14.761 ], [ -54.665, -14.763 ], [ -54.656, -14.75 ], [ -54.611, -14.732 ], [ -54.604, -14.738 ], [ -54.616, -14.749 ], [ -54.607, -14.778 ], [ -54.579, -14.792 ], [ -54.528, -14.78 ], [ -54.505, -14.784 ], [ -54.43, -14.76 ], [ -54.4, -14.764 ], [ -54.347, -14.744 ], [ -54.33, -14.696 ], [ -54.33, -14.64 ], [ -54.374, -14.633 ], [ -54.39, -14.614 ], [ -54.397, -14.586 ], [ -54.39, -14.549 ], [ -54.399, -14.532 ], [ -54.431, -14.519 ], [ -54.428, -14.509 ], [ -54.445, -14.51 ], [ -54.457, -14.475 ], [ -54.467, -14.474 ], [ -54.476, -14.488 ], [ -54.491, -14.481 ], [ -54.491, -14.497 ], [ -54.505, -14.478 ], [ -54.509, -14.491 ], [ -54.516, -14.478 ], [ -54.55, -14.476 ], [ -54.561, -14.456 ], [ -54.571, -14.457 ], [ -54.558, -14.434 ], [ -54.583, -14.431 ], [ -54.59, -14.42 ], [ -54.583, -14.411 ], [ -54.595, -14.399 ], [ -54.6, -14.414 ], [ -54.606, -14.396 ], [ -54.628, -14.394 ], [ -54.633, -14.416 ], [ -54.643, -14.394 ], [ -54.65, -14.415 ], [ -54.667, -14.383 ], [ -54.71, -14.373 ], [ -54.7, -14.358 ], [ -54.688, -14.357 ], [ -54.709, -14.337 ], [ -54.686, -14.322 ], [ -54.722, -14.313 ], [ -54.72, -14.343 ] ] ] ] } },
{ "type": "Feature", "properties": { "id_municipio": 5106505, "municipio": "Poconé", "grupo": "pantanal_norte", "slug": "pocone" }, "geometry": { "type": "MultiPolygon", "coordinates": [ [ [ [ -56.534, -16.308 ], [ -56.518, -16.271 ], [ -56.516, -16.238 ], [ -56.457, -16.22 ], [ -56.446, -16.178 ], [ -56.385, -16.118 ], [ -56.379, -16.1 ], [ -56.392, -16.041 ], [ -56.484, -15.992 ], [ -56.496, -15.994 ], [ -56.51, -15.971 ], [ -56.547, -15.956 ], [ -56.562, -15.938 ], [ -56.555, -15.911 ], [ -56.565, -15.882 ], [ -56.514, -15.793 ], [ -56.491, -15.785 ], [ -56.477, -15.742 ], [ -56.448, -15.698 ], [ -56.735, -15.805 ], [ -56.751, -15.805 ], [ -56.756, -15.789 ], [ -56.782, -15.795 ], [ -56.788, -15.785 ], [ -56.828, -15.826 ], [ -56.864, -15.819 ], [ -56.871, -15.8 ], [ -56.886, -15.802 ], [ -56.88, -15.792 ], [ -56.894, -15.781 ], [ -56.892, -15.768 ], [ -56.92, -15.76 ], [ -56.961, -15.769 ], [ -56.978, -15.795 ], [ -57.013, -15.808 ], [ -57.029, -15.84 ], [ -57.051, -15.847 ], [ -57.053, -15.864 ], [ -57.075, -15.874 ], [ -57.09, -15.918 ], [ -57.106, -15.93 ], [ -57.104, -15.943 ], [ -57.117, -15.959 ], [ -57.129, -15.955 ], [ -57.131, -15.982 ], [ -57.154, -16.001 ], [ -57.149, -16.033 ], [ -57.121, -16.048 ], [ -57.122, -16.072 ], [ -57.111, -16.084 ], [ -57.126, -16.14 ], [ -57.096, -16.173 ], [ -57.081, -16.215 ], [ -57.072, -16.268 ], [ -57.084, -16.333 ], [ -57.076, -16.42 ], [ -57.151, -16.434 ], [ -57.154, -16.445 ], [ -57.171, -16.442 ], [ -57.181, -16.463 ], [ -57.175, -16.47 ], [ -57.187, -16.475 ], [ -57.189, -16.528 ], [ -57.239, -16.545 ], [ -57.269, -16.582 ], [ -57.299, -16.598 ], [ -57.314, -16.595 ], [ -57.331, -16.615 ], [ -57.401, -16.633 ], [ -57.398, -16.663 ], [ -57.412, -16.669 ], [ -57.409, -16.678 ], [ -57.395, -16.679 ], [ -57.409, -16.735 ], [ -57.389, -16.764 ], [ -57.398, -16.776 ], [ -57.374, -16.785 ], [ -57.377, -16.807 ], [ -57.363, -16.825 ], [ -57.375, -16.838 ], [ -57.371, -16.859 ], [ -57.387, -16.87 ], [ -57.383, -16.878 ], [ -57.393, -16.883 ], [ -57.406, -16.875 ], [ -57.406, -16.89 ], [ -57.43, -16.905 ], [ -57.416, -16.92 ], [ -57.432, -16.915 ], [ -57.423, -16.93 ], [ -57.435, -16.937 ], [ -57.42, -16.942 ], [ -57.421, -16.961 ], [ -57.41, -16.951 ], [ -57.411, -16.962 ], [ -57.424, -16.968 ], [ -57.413, -16.973 ], [ -57.403, -16.963 ], [ -57.388, -16.973 ], [ -57.396, -16.98 ], [ -57.383, -16.983 ], [ -57.382, -16.996 ], [ -57.372, -16.992 ], [ -57.374, -17.002 ], [ -57.392, -17.005 ], [ -57.376, -17.016 ], [ -57.384, -17.024 ], [ -57.377, -17.03 ], [ -57.408, -17.046 ], [ -57.4, -17.047 ], [ -57.404, -17.066 ], [ -57.39, -17.05 ], [ -57.385, -17.073 ], [ -57.396, -17.076 ], [ -57.368, -17.113 ], [ -57.359, -17.147 ], [ -57.368, -17.152 ], [ -57.364, -17.174 ], [ -57.349, -17.181 ], [ -57.355, -17.203 ], [ -57.334, -17.208 ], [ -57.349, -17.245 ], [ -57.339, -17.271 ], [ -57.349, -17.284 ], [ -57.332, -17.282 ], [ -57.328, -17.317 ], [ -57.339, -17.316 ], [ -57.323, -17.324 ], [ -57.343, -17.331 ], [ -57.338, -17.359 ], [ -57.368, -17.353 ], [ -57.367, -17.383 ], [ -57.384, -17.379 ], [ -57.385, -17.395 ], [ -57.405, -17.399 ], [ -57.406, -17.411 ], [ -57.442, -17.433 ], [ -57.431, -17.442 ], [ -57.448, -17.451 ], [ -57.444, -17.459 ], [ -57.456, -17.451 ], [ -57.458, -17.471 ], [ -57.472, -17.468 ], [ -57.479, -17.515 ], [ -57.487, -17.516 ], [ -57.48, -17.525 ], [ -57.501, -17.536 ], [ -57.516, -17.532 ], [ -57.506, -17.549 ], [ -57.519, -17.537 ], [ -57.526, -17.553 ], [ -57.537, -17.547 ], [ -57.545, -17.563 ], [ -57.558, -17.563 ], [ -57.558, -17.576 ], [ -57.564, -17.569 ], [ -57.573, -17.58 ], [ -57.59, -17.574 ], [ -57.606, -17.582 ], [ -57.611, -17.598 ], [ -57.621, -17.589 ], [ -57.616, -17.598 ], [ -57.632, -17.604 ], [ -57.631, -17.618 ], [ -57.643, -17.608 ], [ -57.678, -17.605 ], [ -57.693, -17.627 ], [ -57.669, -17.672 ], [ -57.681, -17.685 ], [ -57.685, -17.716 ], [ -57.664, -17.73 ], [ -57.64, -17.717 ], [ -57.612, -17.75 ], [ -57.62, -17.755 ], [ -57.615, -17.767 ], [ -57.601, -17.775 ], [ -57.613, -17.779 ], [ -57.606, -17.802 ], [ -57.576, -17.801 ], [ -57.571, -17.815 ], [ -57.559, -17.815 ], [ -57.531, -17.839 ], [ -57.535, -17.854 ], [ -57.519, -17.862 ], [ -57.478, -17.859 ], [ -57.478, -17.879 ], [ -57.46, -17.9 ], [ -57.452, -17.903 ], [ -57.447, -17.875 ], [ -57.426, -17.856 ], [ -57.411, -17.858 ], [ -57.399, -17.839 ], [ -57.386, -17.844 ], [ -57.376, -17.826 ], [ -57.353, -17.838 ], [ -57.325, -17.829 ], [ -57.308, -17.811 ], [ -57.29, -17.812 ], [ -57.293, -17.82 ], [ -57.283, -17.823 ], [ -57.284, -17.813 ], [ -57.265, -17.82 ], [ -57.253, -17.811 ], [ -57.233, -17.812 ], [ -57.252, -17.793 ], [ -57.243, -17.798 ], [ -57.227, -17.783 ], [ -57.204, -17.789 ], [ -57.156, -17.778 ], [ -57.147, -17.768 ], [ -57.116, -17.781 ], [ -57.074, -17.735 ], [ -57.045, -17.73 ], [ -57.033, -17.695 ], [ -57.019, -17.692 ], [ -57.013, -17.672 ], [ -56.988, -17.659 ], [ -56.959, -17.613 ], [ -56.961, -17.605 ], [ -56.981, -17.611 ], [ -56.982, -17.58 ], [ -56.95, -17.569 ], [ -56.945, -17.553 ], [ -56.91, -17.533 ], [ -56.896, -17.539 ], [ -56.876, -17.533 ], [ -56.862, -17.484 ], [ -56.85, -17.487 ], [ -56.848, -17.464 ], [ -56.825, -17.459 ], [ -56.841, -17.442 ], [ -56.82, -17.432 ], [ -56.842, -17.418 ], [ -56.83, -17.391 ], [ -56.788, -17.39 ], [ -56.787, -17.371 ], [ -56.763, -17.361 ], [ -56.77, -17.342 ], [ -56.757, -17.337 ], [ -56.758, -17.327 ], [ -56.739, -17.324 ], [ -56.712, -17.283 ], [ -56.698, -17.285 ], [ -56.715, -17.274 ], [ -56.71, -17.263 ], [ -56.724, -17.261 ], [ -56.705, -17.259 ], [ -56.707, -17.243 ], [ -56.67, -17.229 ], [ -56.672, -17.219 ], [ -56.657, -17.211 ], [ -56.658, -17.173 ], [ -56.643, -17.166 ], [ -56.649, -17.152 ], [ -56.633, -17.103 ], [ -56.582, -17.055 ], [ -56.588, -17.016 ], [ -56.632, -16.98 ], [ -56.621, -16.967 ], [ -56.632, -16.947 ], [ -56.625, -16.939 ], [ -56.635, -16.933 ], [ -56.605, -16.892 ], [ -56.619, -16.868 ], [ -56.604, -16.862 ], [ -56.61, -16.853 ], [ -56.6, -16.838 ], [ -56.584, -16.841 ], [ -56.574, -16.822 ], [ -56.559, -16.821 ], [ -56.564, -16.811 ], [ -56.544, -16.793 ], [ -56.53, -16.798 ], [ -56.533, -16.789 ], [ -56.514, -16.792 ], [ -56.496, -16.774 ], [ -56.507, -16.766 ], [ -56.494, -16.759 ], [ -56.507, -16.723 ], [ -56.499, -16.731 ], [ -56.498, -16.709 ], [ -56.49, -16.717 ], [ -56.48, -16.692 ], [ -56.467, -16.696 ], [ -56.468, -16.67 ], [ -56.479, -16.664 ], [ -56.467, -16.66 ], [ -56.467, -16.64 ], [ -56.455, -16.641 ], [ -56.464, -16.624 ], [ -56.452, -16.624 ], [ -56.457, -16.617 ], [ -56.447, -16.609 ], [ -56.455, -16.6 ], [ -56.445, -16.603 ], [ -56.449, -16.588 ], [ -56.437, -16.595 ], [ -56.44, -16.579 ], [ -56.399, -16.559 ], [ -56.406, -16.546 ], [ -56.392, -16.545 ], [ -56.4, -16.541 ], [ -56.391, -16.529 ], [ -56.397, -16.523 ], [ -56.376, -16.526 ], [ -56.373, -16.51 ], [ -56.359, -16.511 ], [ -56.35, -16.488 ], [ -56.335, -16.5 ], [ -56.319, -16.462 ], [ -56.328, -16.44 ], [ -56.316, -16.443 ], [ -56.317, -16.43 ], [ -56.306, -16.438 ], [ -56.316, -16.408 ], [ -56.302, -16.408 ], [ -56.297, -16.373 ], [ -56.248, -16.316 ], [ -56.248, -16.278 ], [ -56.22, -16.234 ], [ -56.216, -16.188 ], [ -56.3, -16.193 ], [ -56.33, -16.207 ], [ -56.328, -16.24 ], [ -56.365, -16.249 ], [ -56.371, -16.261 ], [ -56.427, -16.255 ], [ -56.455, -16.28 ], [ -56.482, -16.271 ], [ -56.496, -16.279 ], [ -56.499, -16.294 ], [ -56.534, -16.308 ] ] ] ] } },
{ "type": "Feature", "properties": { "id_municipio": 5106653, "municipio": "Pontal do Araguaia", "grupo": "resto_mt", "slug": "pontal-do-araguaia" }, "geometry": { "type": "MultiPolygon", "coordinates": [ [ [ [ -52.504, -15.863 ], [ -52.608, -15.799 ], [ -52.606, -15.774 ], [ -52.649, -15.745 ], [ -52.646, -15.734 ], [ -52.69, -15.72 ], [ -52.719, -15.742 ], [ -52.737, -15.724 ], [ -52.753, -15.722 ], [ -52.767, -15.735 ], [ -52.809, -15.719 ], [ -52.812, -15.738 ], [ -52.858, -15.698 ], [ -52.899, -15.717 ], [ -52.923, -15.709 ], [ -52.925, -15.719 ], [ -52.956, -15.735 ], [ -52.959, -15.723 ], [ -52.995, -15.742 ], [ -53.0, -15.726 ], [ -53.041, -15.738 ], [ -53.042, -15.76 ], [ -53.053, -15.766 ], [ -53.025, -15.787 ], [ -53.037, -15.796 ], [ -53.029, -15.81 ], [ -53.031, -15.851 ], [ -53.037, -15.866 ], [ -53.069, -15.883 ], [ -53.078, -15.904 ], [ -53.072, -15.929 ], [ -53.05, -15.95 ], [ -53.057, -15.961 ], [ -53.043, -16.004 ], [ -53.072, -16.046 ], [ -53.065, -16.075 ], [ -53.039, -16.085 ], [ -53.02, -16.105 ], [ -53.009, -16.102 ], [ -53.007, -16.116 ], [ -52.982, -16.135 ], [ -52.967, -16.124 ], [ -52.937, -16.135 ], [ -52.896, -16.126 ], [ -52.908, -16.112 ], [ -52.883, -16.111 ], [ -52.891, -16.082 ], [ -52.867, -16.079 ], [ -52.877, -16.059 ], [ -52.82, -16.027 ], [ -52.82, -16.037 ], [ -52.813, -16.032 ], [ -52.798, -16.048 ], [ -52.786, -16.042 ], [ -52.79, -16.065 ], [ -52.766, -16.073 ], [ -52.755, -16.092 ], [ -52.716, -16.083 ], [ -52.694, -16.098 ], [ -52.661, -16.086 ], [ -52.655, -16.108 ], [ -52.64, -16.097 ], [ -52.62, -16.117 ], [ -52.607, -16.1 ], [ -52.576, -16.101 ], [ -52.577, -16.078 ], [ -52.564, -16.069 ], [ -52.552, -16.086 ], [ -52.521, -16.08 ], [ -52.487, -16.091 ], [ -52.486, -16.109 ], [ -52.462, -16.128 ], [ -52.437, -16.109 ], [ -52.399, -16.093 ], [ -52.374, -16.099 ], [ -52.367, -16.083 ], [ -52.33, -16.072 ], [ -52.29, -15.966 ], [ -52.257, -15.931 ], [ -52.254, -15.894 ], [ -52.26, -15.904 ], [ -52.268, -15.898 ], [ -52.303, -15.913 ], [ -52.354, -15.896 ], [ -52.367, -15.904 ], [ -52.37, -15.886 ], [ -52.425, -15.881 ], [ -52.433, -15.868 ], [ -52.443, -15.874 ], [ -52.504, -15.863 ] ] ] ] } },
{ "type": "Feature", "properties": { "id_municipio": 5106703, "municipio": "Ponte Branca", "grupo": "resto_mt", "slug": "ponte-branca" }, "geometry": { "type": "MultiPolygon", "coordinates": [ [ [ [ -52.832, -16.772 ], [ -52.808, -16.742 ], [ -52.801, -16.749 ], [ -52.787, -16.743 ], [ -52.786, -16.714 ], [ -52.76, -16.705 ], [ -52.755, -16.672 ], [ -52.771, -16.67 ], [ -52.74, -16.658 ], [ -52.746, -16.631 ], [ -52.724, -16.647 ], [ -52.715, -16.64 ], [ -52.725, -16.615 ], [ -52.741, -16.61 ], [ -52.731, -16.598 ], [ -52.74, -16.591 ], [ -52.733, -16.585 ], [ -52.752, -16.582 ], [ -52.741, -16.573 ], [ -52.761, -16.58 ], [ -52.75, -16.591 ], [ -52.766, -16.591 ], [ -52.767, -16.604 ], [ -52.797, -16.598 ], [ -52.801, -16.608 ], [ -52.827, -16.607 ], [ -52.831, -16.621 ], [ -52.836, -16.613 ], [ -52.868, -16.619 ], [ -52.893, -16.606 ], [ -52.935, -16.614 ], [ -52.932, -16.597 ], [ -52.947, -16.585 ], [ -52.942, -16.565 ], [ -52.961, -16.57 ], [ -52.982, -16.551 ], [ -53.035, -16.558 ], [ -53.052, -16.545 ], [ -53.08, -16.546 ], [ -53.071, -16.53 ], [ -53.078, -16.526 ], [ -53.133, -16.541 ], [ -53.166, -16.537 ], [ -53.148, -16.585 ], [ -53.117, -16.583 ], [ -53.093, -16.606 ], [ -53.08, -16.66 ], [ -53.089, -16.669 ], [ -53.062, -16.685 ], [ -53.063, -16.695 ], [ -53.027, -16.727 ], [ -52.997, -16.734 ], [ -52.995, -16.757 ], [ -52.958, -16.772 ], [ -52.936, -16.768 ], [ -52.933, -16.792 ], [ -52.915, -16.812 ], [ -52.884, -16.776 ], [ -52.867, -16.781 ], [ -52.862, -16.769 ], [ -52.848, -16.766 ], [ -52.832, -16.772 ] ] ] ] } },
{ "type": "Feature", "properties": { "id_municipio": 5106752, "municipio": "Pontes e Lacerda", "grupo": "resto_mt", "slug": "pontes-e-lacerda" }, "geometry": { "type": "MultiPolygon", "coordinates": [ [ [ [ -59.367, -14.953 ], [ -59.447, -14.959 ], [ -59.478, -14.984 ], [ -59.511, -14.961 ], [ -59.545, -14.963 ], [ -59.566, -14.984 ], [ -59.576, -14.978 ], [ -59.573, -15.006 ], [ -59.539, -15.048 ], [ -59.447, -15.219 ], [ -59.432, -15.227 ], [ -59.49, -15.441 ], [ -60.016, -15.561 ], [ -60.048, -15.637 ], [ -60.043, -15.679 ], [ -60.031, -15.687 ], [ -60.024, -15.72 ], [ -60.005, -15.735 ], [ -60.014, -15.781 ], [ -59.98, -15.809 ], [ -59.97, -15.838 ], [ -59.977, -15.862 ], [ -59.953, -15.871 ], [ -59.937, -15.97 ], [ -59.929, -15.967 ], [ -59.914, -15.986 ], [ -59.894, -15.985 ], [ -59.825, -15.956 ], [ -59.802, -15.991 ], [ -59.8, -16.019 ], [ -59.762, -16.048 ], [ -59.76, -16.087 ], [ -59.741, -16.087 ], [ -59.669, -16.164 ], [ -59.637, -16.161 ], [ -59.563, -16.2 ], [ -59.558, -16.178 ], [ -59.513, -16.173 ], [ -59.503, -16.156 ], [ -59.473, -16.147 ], [ -59.481, -16.12 ], [ -59.519, -16.109 ], [ -59.525, -16.069 ], [ -59.492, -16.047 ], [ -59.416, -16.069 ], [ -59.401, -16.061 ], [ -59.394, -16.008 ], [ -59.316, -15.958 ], [ -59.284, -15.887 ], [ -59.261, -15.867 ], [ -59.205, -15.774 ], [ -59.157, -15.733 ], [ -59.155, -15.668 ], [ -59.167, -15.634 ], [ -59.138, -15.633 ], [ -59.113, -15.613 ], [ -59.114, -15.563 ], [ -59.088, -15.478 ], [ -59.104, -15.44 ], [ -59.139, -15.404 ], [ -59.197, -15.367 ], [ -59.193, -15.332 ], [ -59.161, -15.32 ], [ -59.182, -15.299 ], [ -59.213, -15.293 ], [ -59.227, -15.256 ], [ -59.213, -15.251 ], [ -59.174, -15.27 ], [ -59.149, -15.229 ], [ -59.133, -15.239 ], [ -59.134, -15.229 ], [ -59.118, -15.232 ], [ -59.1, -15.218 ], [ -59.064, -15.225 ], [ -59.042, -15.247 ], [ -59.02, -15.246 ], [ -59.012, -15.196 ], [ -58.987, -15.144 ], [ -58.963, -15.126 ], [ -58.993, -15.059 ], [ -59.018, -15.049 ], [ -59.034, -15.027 ], [ -59.043, -14.957 ], [ -59.028, -14.919 ], [ -59.041, -14.817 ], [ -59.028, -14.726 ], [ -59.084, -14.665 ], [ -59.147, -14.669 ], [ -59.167, -14.735 ], [ -59.16, -14.754 ], [ -59.142, -14.754 ], [ -59.146, -14.769 ], [ -59.176, -14.787 ], [ -59.203, -14.826 ], [ -59.225, -14.824 ], [ -59.24, -14.838 ], [ -59.263, -14.833 ], [ -59.284, -14.859 ], [ -59.335, -14.878 ], [ -59.348, -14.913 ], [ -59.37, -14.928 ], [ -59.367, -14.953 ] ] ] ] } },
{ "type": "Feature", "properties": { "id_municipio": 5106778, "municipio": "Porto Alegre do Norte", "grupo": "resto_mt", "slug": "porto-alegre-do-norte" }, "geometry": { "type": "MultiPolygon", "coordinates": [ [ [ [ -51.701, -10.969 ], [ -51.666, -10.995 ], [ -51.628, -10.99 ], [ -51.615, -11.003 ], [ -51.587, -10.996 ], [ -51.57, -11.003 ], [ -51.569, -11.032 ], [ -51.553, -11.04 ], [ -51.525, -11.04 ], [ -51.523, -11.031 ], [ -51.491, -11.035 ], [ -51.489, -11.043 ], [ -51.466, -11.026 ], [ -51.458, -11.034 ], [ -51.433, -11.023 ], [ -51.417, -11.031 ], [ -51.416, -11.022 ], [ -51.409, -11.03 ], [ -51.396, -11.023 ], [ -51.392, -11.012 ], [ -51.363, -11.017 ], [ -51.36, -11.006 ], [ -51.336, -10.999 ], [ -51.34, -10.972 ], [ -51.328, -10.986 ], [ -51.332, -11.006 ], [ -51.318, -11.018 ], [ -51.276, -11.005 ], [ -51.263, -10.985 ], [ -51.244, -10.982 ], [ -51.228, -10.946 ], [ -51.203, -10.944 ], [ -51.195, -10.912 ], [ -51.165, -10.928 ], [ -51.147, -10.919 ], [ -51.137, -10.898 ], [ -51.121, -10.901 ], [ -51.092, -10.878 ], [ -51.071, -10.883 ], [ -51.068, -10.862 ], [ -51.057, -10.855 ], [ -51.06, -10.837 ], [ -51.035, -10.829 ], [ -51.03, -10.784 ], [ -51.008, -10.78 ], [ -51.006, -10.764 ], [ -51.817, -10.727 ], [ -51.813, -10.714 ], [ -51.825, -10.711 ], [ -51.82, -10.692 ], [ -51.837, -10.664 ], [ -51.866, -10.669 ], [ -51.904, -10.646 ], [ -51.925, -10.658 ], [ -51.946, -10.656 ], [ -51.968, -10.61 ], [ -51.966, -10.55 ], [ -52.029, -10.539 ], [ -52.056, -10.55 ], [ -52.077, -10.538 ], [ -52.121, -10.551 ], [ -52.131, -10.517 ], [ -52.173, -10.492 ], [ -52.199, -10.488 ], [ -52.184, -10.522 ], [ -52.203, -10.526 ], [ -52.194, -10.549 ], [ -52.179, -10.559 ], [ -52.196, -10.586 ], [ -52.183, -10.604 ], [ -52.191, -10.624 ], [ -52.205, -10.627 ], [ -52.193, -10.639 ], [ -52.205, -10.655 ], [ -52.176, -10.674 ], [ -52.195, -10.669 ], [ -52.197, -10.677 ], [ -52.182, -10.687 ], [ -52.192, -10.711 ], [ -52.171, -10.732 ], [ -52.189, -10.739 ], [ -52.179, -10.747 ], [ -52.187, -10.753 ], [ -52.172, -10.785 ], [ -52.187, -10.798 ], [ -52.186, -10.829 ], [ -52.2, -10.831 ], [ -52.18, -10.877 ], [ -52.195, -10.895 ], [ -52.186, -10.917 ], [ -52.201, -10.932 ], [ -52.187, -10.934 ], [ -52.183, -10.948 ], [ -52.141, -10.983 ], [ -52.07, -10.995 ], [ -52.059, -11.015 ], [ -52.05, -10.995 ], [ -52.031, -11.015 ], [ -51.99, -11.021 ], [ -51.891, -10.969 ], [ -51.878, -10.953 ], [ -51.833, -10.952 ], [ -51.823, -10.941 ], [ -51.807, -10.946 ], [ -51.755, -10.937 ], [ -51.741, -10.944 ], [ -51.732, -10.967 ], [ -51.701, -10.969 ] ] ] ] } },
{ "type": "Feature", "properties": { "id_municipio": 5106802, "municipio": "Porto dos Gaúchos", "grupo": "resto_mt", "slug": "porto-dos-gauchos" }, "geometry": { "type": "MultiPolygon", "coordinates": [ [ [ [ -57.202, -11.84 ], [ -57.142, -12.009 ], [ -57.108, -11.999 ], [ -57.064, -11.961 ], [ -57.044, -11.971 ], [ -56.992, -11.955 ], [ -56.959, -11.96 ], [ -56.894, -11.919 ], [ -56.833, -11.927 ], [ -56.812, -11.913 ], [ -56.786, -11.914 ], [ -56.777, -11.935 ], [ -56.749, -11.941 ], [ -56.717, -11.976 ], [ -56.69, -11.988 ], [ -56.642, -11.992 ], [ -56.635, -11.976 ], [ -56.596, -11.973 ], [ -56.582, -11.958 ], [ -56.566, -11.961 ], [ -56.543, -11.988 ], [ -56.506, -11.98 ], [ -56.461, -11.995 ], [ -56.454, -12.002 ], [ -56.462, -12.022 ], [ -56.446, -12.031 ], [ -56.446, -12.052 ], [ -56.408, -12.091 ], [ -56.389, -12.185 ], [ -56.315, -12.144 ], [ -56.322, -12.113 ], [ -56.258, -12.005 ], [ -56.244, -11.958 ], [ -56.214, -11.94 ], [ -56.204, -11.913 ], [ -56.155, -11.904 ], [ -56.158, -11.858 ], [ -56.099, -11.825 ], [ -56.106, -11.797 ], [ -56.099, -11.745 ], [ -56.076, -11.725 ], [ -56.078, -11.696 ], [ -56.016, -11.669 ], [ -55.965, -11.616 ], [ -56.13, -11.645 ], [ -56.19, -11.64 ], [ -56.387, -11.556 ], [ -56.433, -11.548 ], [ -56.537, -11.562 ], [ -56.665, -11.522 ], [ -56.761, -11.533 ], [ -56.76, -11.491 ], [ -56.794, -11.501 ], [ -56.845, -11.496 ], [ -56.86, -11.509 ], [ -56.91, -11.487 ], [ -56.892, -11.45 ], [ -56.899, -11.417 ], [ -56.894, -11.368 ], [ -56.939, -11.39 ], [ -57.03, -11.389 ], [ -57.04, -11.366 ], [ -57.06, -11.359 ], [ -57.057, -11.388 ], [ -57.028, -11.409 ], [ -57.043, -11.448 ], [ -57.07, -11.436 ], [ -57.125, -11.46 ], [ -57.184, -11.429 ], [ -57.215, -11.425 ], [ -57.279, -11.501 ], [ -57.308, -11.515 ], [ -57.366, -11.524 ], [ -57.408, -11.494 ], [ -57.443, -11.564 ], [ -57.43, -11.578 ], [ -57.401, -11.567 ], [ -57.391, -11.575 ], [ -57.42, -11.603 ], [ -57.39, -11.627 ], [ -57.411, -11.651 ], [ -57.393, -11.675 ], [ -57.413, -11.714 ], [ -57.392, -11.724 ], [ -57.361, -11.712 ], [ -57.354, -11.736 ], [ -57.369, -11.743 ], [ -57.352, -11.771 ], [ -57.308, -11.755 ], [ -57.237, -11.825 ], [ -57.202, -11.84 ] ] ] ] } },
{ "type": "Feature", "properties": { "id_municipio": 5106828, "municipio": "Porto Esperidião", "grupo": "pantanal_norte", "slug": "porto-esperidiao" }, "geometry": { "type": "MultiPolygon", "coordinates": [ [ [ [ -58.468, -15.847 ], [ -58.459, -15.829 ], [ -58.493, -15.808 ], [ -58.506, -15.78 ], [ -58.524, -15.779 ], [ -58.535, -15.765 ], [ -58.56, -15.693 ], [ -58.72, -15.689 ], [ -58.742, -15.65 ], [ -58.779, -15.642 ], [ -58.8, -15.62 ], [ -58.928, -15.584 ], [ -59.007, -15.536 ], [ -59.025, -15.496 ], [ -59.088, -15.478 ], [ -59.114, -15.563 ], [ -59.114, -15.615 ], [ -59.138, -15.633 ], [ -59.167, -15.635 ], [ -59.155, -15.668 ], [ -59.157, -15.733 ], [ -59.205, -15.774 ], [ -59.261, -15.867 ], [ -59.284, -15.887 ], [ -59.316, -15.958 ], [ -59.394, -16.008 ], [ -59.408, -16.067 ], [ -59.492, -16.047 ], [ -59.526, -16.071 ], [ -59.519, -16.109 ], [ -59.481, -16.12 ], [ -59.473, -16.144 ], [ -59.491, -16.175 ], [ -59.467, -16.198 ], [ -59.451, -16.262 ], [ -59.469, -16.28 ], [ -58.786, -16.308 ], [ -58.796, -16.251 ], [ -58.772, -16.215 ], [ -58.762, -16.174 ], [ -58.714, -16.141 ], [ -58.704, -16.093 ], [ -58.686, -16.072 ], [ -58.695, -16.033 ], [ -58.684, -16.02 ], [ -58.651, -16.014 ], [ -58.631, -15.981 ], [ -58.597, -15.964 ], [ -58.582, -15.942 ], [ -58.557, -15.95 ], [ -58.508, -15.945 ], [ -58.388, -15.883 ], [ -58.401, -15.863 ], [ -58.437, -15.85 ], [ -58.445, -15.86 ], [ -58.468, -15.847 ] ] ] ] } },
{ "type": "Feature", "properties": { "id_municipio": 5106851, "municipio": "Porto Estrela", "grupo": "resto_mt", "slug": "porto-estrela" }, "geometry": { "type": "MultiPolygon", "coordinates": [ [ [ [ -57.005, -15.339 ], [ -56.988, -15.324 ], [ -56.988, -15.308 ], [ -56.963, -15.296 ], [ -56.966, -15.287 ], [ -56.981, -15.287 ], [ -56.974, -15.258 ], [ -56.983, -15.252 ], [ -56.967, -15.238 ], [ -56.971, -15.227 ], [ -57.024, -15.216 ], [ -57.05, -15.198 ], [ -57.051, -15.21 ], [ -57.024, -15.23 ], [ -57.055, -15.277 ], [ -57.096, -15.252 ], [ -57.12, -15.249 ], [ -57.136, -15.233 ], [ -57.211, -15.268 ], [ -57.249, -15.264 ], [ -57.241, -15.269 ], [ -57.254, -15.276 ], [ -57.251, -15.292 ], [ -57.234, -15.304 ], [ -57.23, -15.325 ], [ -57.253, -15.339 ], [ -57.265, -15.329 ], [ -57.274, -15.34 ], [ -57.282, -15.331 ], [ -57.298, -15.338 ], [ -57.298, -15.373 ], [ -57.308, -15.387 ], [ -57.293, -15.39 ], [ -57.295, -15.404 ], [ -57.322, -15.415 ], [ -57.326, -15.408 ], [ -57.328, -15.423 ], [ -57.312, -15.446 ], [ -57.325, -15.454 ], [ -57.321, -15.466 ], [ -57.346, -15.475 ], [ -57.339, -15.479 ], [ -57.371, -15.488 ], [ -57.36, -15.511 ], [ -57.374, -15.519 ], [ -57.373, -15.536 ], [ -57.399, -15.531 ], [ -57.4, -15.538 ], [ -57.406, -15.531 ], [ -57.42, -15.543 ], [ -57.438, -15.54 ], [ -57.434, -15.549 ], [ -57.451, -15.568 ], [ -57.441, -15.576 ], [ -57.449, -15.584 ], [ -57.438, -15.585 ], [ -57.437, -15.605 ], [ -57.463, -15.619 ], [ -57.462, -15.63 ], [ -57.487, -15.629 ], [ -57.475, -15.642 ], [ -57.497, -15.64 ], [ -57.498, -15.656 ], [ -57.485, -15.658 ], [ -57.498, -15.673 ], [ -57.49, -15.686 ], [ -57.502, -15.685 ], [ -57.501, -15.697 ], [ -57.52, -15.705 ], [ -57.51, -15.71 ], [ -57.518, -15.719 ], [ -57.506, -15.722 ], [ -57.519, -15.73 ], [ -57.52, -15.745 ], [ -57.45, -15.755 ], [ -57.42, -15.74 ], [ -57.406, -15.72 ], [ -57.369, -15.715 ], [ -57.321, -15.751 ], [ -57.307, -15.778 ], [ -57.317, -15.803 ], [ -57.279, -15.833 ], [ -57.286, -15.862 ], [ -57.245, -15.792 ], [ -57.219, -15.795 ], [ -57.233, -15.815 ], [ -57.225, -15.851 ], [ -57.223, -15.811 ], [ -57.181, -15.783 ], [ -57.176, -15.748 ], [ -57.137, -15.692 ], [ -57.143, -15.677 ], [ -57.134, -15.666 ], [ -57.122, -15.672 ], [ -57.113, -15.65 ], [ -57.122, -15.633 ], [ -57.098, -15.61 ], [ -57.088, -15.574 ], [ -57.06, -15.566 ], [ -57.061, -15.543 ], [ -57.072, -15.537 ], [ -57.042, -15.527 ], [ -57.05, -15.518 ], [ -57.03, -15.51 ], [ -57.035, -15.503 ], [ -57.02, -15.494 ], [ -57.027, -15.484 ], [ -57.016, -15.487 ], [ -57.019, -15.479 ], [ -57.013, -15.484 ], [ -56.987, -15.466 ], [ -56.987, -15.456 ], [ -56.97, -15.467 ], [ -56.957, -15.456 ], [ -56.986, -15.432 ], [ -56.988, -15.42 ], [ -56.979, -15.419 ], [ -56.991, -15.408 ], [ -56.979, -15.391 ], [ -56.989, -15.376 ], [ -56.978, -15.346 ], [ -57.005, -15.339 ] ] ] ] } },
{ "type": "Feature", "properties": { "id_municipio": 5107008, "municipio": "Poxoréu", "grupo": "resto_mt", "slug": "poxoreu" }, "geometry": { "type": "MultiPolygon", "coordinates": [ [ [ [ -54.407, -16.282 ], [ -54.39, -16.328 ], [ -54.356, -16.334 ], [ -54.348, -16.322 ], [ -54.33, -16.325 ], [ -54.321, -16.342 ], [ -54.31, -16.343 ], [ -54.3, -16.329 ], [ -54.276, -16.345 ], [ -54.256, -16.318 ], [ -54.248, -16.323 ], [ -54.229, -16.314 ], [ -54.218, -16.327 ], [ -54.182, -16.295 ], [ -54.17, -16.304 ], [ -54.149, -16.3 ], [ -54.141, -16.313 ], [ -54.129, -16.306 ], [ -54.119, -16.323 ], [ -54.086, -16.318 ], [ -54.086, -16.327 ], [ -54.065, -16.333 ], [ -54.065, -16.353 ], [ -54.032, -16.355 ], [ -54.025, -16.373 ], [ -53.955, -16.362 ], [ -53.942, -16.339 ], [ -53.957, -16.308 ], [ -53.939, -16.277 ], [ -53.943, -16.264 ], [ -53.917, -16.253 ], [ -53.942, -16.207 ], [ -53.924, -16.196 ], [ -53.909, -16.202 ], [ -53.879, -16.192 ], [ -53.874, -16.183 ], [ -53.804, -16.21 ], [ -53.805, -16.199 ], [ -53.82, -16.195 ], [ -53.793, -16.183 ], [ -53.82, -16.183 ], [ -53.811, -16.175 ], [ -53.838, -16.163 ], [ -53.825, -16.148 ], [ -53.859, -16.149 ], [ -53.849, -16.138 ], [ -53.852, -16.122 ], [ -53.844, -16.115 ], [ -53.834, -16.122 ], [ -53.81, -16.088 ], [ -53.882, -16.012 ], [ -53.878, -16.001 ], [ -53.849, -15.994 ], [ -53.843, -16.012 ], [ -53.836, -16.001 ], [ -53.812, -16.001 ], [ -53.804, -15.956 ], [ -53.784, -15.949 ], [ -53.801, -15.931 ], [ -53.782, -15.924 ], [ -53.766, -15.885 ], [ -53.801, -15.849 ], [ -53.821, -15.847 ], [ -53.853, -15.826 ], [ -53.863, -15.79 ], [ -53.888, -15.763 ], [ -53.885, -15.72 ], [ -53.913, -15.695 ], [ -53.898, -15.672 ], [ -53.904, -15.658 ], [ -53.933, -15.638 ], [ -53.938, -15.621 ], [ -53.917, -15.586 ], [ -53.925, -15.564 ], [ -53.916, -15.551 ], [ -53.908, -15.489 ], [ -53.88, -15.485 ], [ -53.873, -15.461 ], [ -53.849, -15.451 ], [ -53.843, -15.432 ], [ -53.814, -15.413 ], [ -53.799, -15.366 ], [ -53.757, -15.365 ], [ -53.752, -15.349 ], [ -53.733, -15.347 ], [ -53.742, -15.342 ], [ -53.735, -15.331 ], [ -53.771, -15.32 ], [ -53.776, -15.302 ], [ -53.788, -15.312 ], [ -53.787, -15.292 ], [ -53.797, -15.28 ], [ -53.809, -15.283 ], [ -53.809, -15.269 ], [ -53.822, -15.262 ], [ -53.868, -15.246 ], [ -53.877, -15.265 ], [ -53.898, -15.261 ], [ -53.901, -15.273 ], [ -54.004, -15.306 ], [ -54.035, -15.334 ], [ -54.036, -15.357 ], [ -54.058, -15.391 ], [ -54.033, -15.468 ], [ -54.029, -15.514 ], [ -54.03, -15.542 ], [ -54.048, -15.582 ], [ -54.044, -15.616 ], [ -54.133, -15.624 ], [ -54.137, -15.642 ], [ -54.168, -15.667 ], [ -54.184, -15.676 ], [ -54.201, -15.676 ], [ -54.193, -15.669 ], [ -54.201, -15.664 ], [ -54.171, -15.652 ], [ -54.192, -15.65 ], [ -54.194, -15.641 ], [ -54.225, -15.643 ], [ -54.221, -15.575 ], [ -54.192, -15.562 ], [ -54.194, -15.543 ], [ -54.211, -15.529 ], [ -54.235, -15.556 ], [ -54.251, -15.552 ], [ -54.277, -15.569 ], [ -54.28, -15.558 ], [ -54.29, -15.56 ], [ -54.28, -15.563 ], [ -54.366, -15.6 ], [ -54.407, -15.582 ], [ -54.423, -15.597 ], [ -54.424, -15.588 ], [ -54.441, -15.585 ], [ -54.475, -15.59 ], [ -54.43, -15.56 ], [ -54.416, -15.521 ], [ -54.377, -15.493 ], [ -54.358, -15.455 ], [ -54.281, -15.421 ], [ -54.281, -15.388 ], [ -54.262, -15.359 ], [ -54.26, -15.333 ], [ -54.275, -15.335 ], [ -54.278, -15.327 ], [ -54.297, -15.337 ], [ -54.295, -15.329 ], [ -54.308, -15.326 ], [ -54.343, -15.35 ], [ -54.351, -15.341 ], [ -54.386, -15.375 ], [ -54.41, -15.377 ], [ -54.421, -15.392 ], [ -54.414, -15.406 ], [ -54.425, -15.412 ], [ -54.442, -15.399 ], [ -54.465, -15.403 ], [ -54.467, -15.394 ], [ -54.479, -15.405 ], [ -54.487, -15.399 ], [ -54.49, -15.409 ], [ -54.506, -15.402 ], [ -54.542, -15.478 ], [ -54.564, -15.502 ], [ -54.546, -15.534 ], [ -54.553, -15.566 ], [ -54.575, -15.59 ], [ -54.666, -15.628 ], [ -54.636, -15.648 ], [ -54.63, -15.684 ], [ -54.612, -15.705 ], [ -54.616, -15.719 ], [ -54.567, -15.748 ], [ -54.588, -15.777 ], [ -54.627, -15.788 ], [ -54.656, -15.81 ], [ -54.689, -15.871 ], [ -54.684, -15.881 ], [ -54.696, -15.889 ], [ -54.67, -15.897 ], [ -54.619, -15.885 ], [ -54.607, -15.899 ], [ -54.577, -15.881 ], [ -54.458, -15.922 ], [ -54.457, -15.942 ], [ -54.439, -15.968 ], [ -54.453, -15.978 ], [ -54.45, -16.006 ], [ -54.475, -16.043 ], [ -54.483, -16.104 ], [ -54.459, -16.135 ], [ -54.418, -16.146 ], [ -54.425, -16.175 ], [ -54.45, -16.192 ], [ -54.464, -16.243 ], [ -54.438, -16.277 ], [ -54.427, -16.266 ], [ -54.407, -16.282 ] ] ] ] } },
{ "type": "Feature", "properties": { "id_municipio": 5107040, "municipio": "Primavera do Leste", "grupo": "resto_mt", "slug": "primavera-do-leste" }, "geometry": { "type": "MultiPolygon", "coordinates": [ [ [ [ -54.26, -15.353 ], [ -54.281, -15.388 ], [ -54.281, -15.421 ], [ -54.358, -15.455 ], [ -54.377, -15.493 ], [ -54.416, -15.521 ], [ -54.43, -15.56 ], [ -54.475, -15.59 ], [ -54.441, -15.585 ], [ -54.424, -15.588 ], [ -54.423, -15.597 ], [ -54.407, -15.582 ], [ -54.366, -15.6 ], [ -54.28, -15.563 ], [ -54.29, -15.56 ], [ -54.28, -15.558 ], [ -54.277, -15.569 ], [ -54.251, -15.552 ], [ -54.235, -15.556 ], [ -54.211, -15.529 ], [ -54.194, -15.543 ], [ -54.192, -15.562 ], [ -54.221, -15.575 ], [ -54.225, -15.643 ], [ -54.194, -15.641 ], [ -54.192, -15.65 ], [ -54.171, -15.652 ], [ -54.201, -15.664 ], [ -54.193, -15.669 ], [ -54.201, -15.676 ], [ -54.168, -15.667 ], [ -54.137, -15.642 ], [ -54.133, -15.624 ], [ -54.044, -15.616 ], [ -54.048, -15.582 ], [ -54.03, -15.542 ], [ -54.029, -15.514 ], [ -54.033, -15.468 ], [ -54.058, -15.391 ], [ -54.036, -15.357 ], [ -54.035, -15.334 ], [ -54.004, -15.306 ], [ -53.9, -15.272 ], [ -53.899, -15.261 ], [ -53.915, -15.257 ], [ -53.91, -15.245 ], [ -53.928, -15.252 ], [ -53.935, -15.242 ], [ -53.95, -15.246 ], [ -53.926, -15.18 ], [ -53.94, -15.167 ], [ -53.933, -15.141 ], [ -53.944, -15.132 ], [ -53.944, -15.112 ], [ -53.925, -15.083 ], [ -53.946, -15.073 ], [ -53.933, -14.991 ], [ -53.983, -14.966 ], [ -54.003, -14.929 ], [ -54.019, -14.924 ], [ -54.015, -14.914 ], [ -54.027, -14.898 ], [ -54.118, -14.855 ], [ -54.165, -14.847 ], [ -54.197, -14.825 ], [ -54.077, -14.828 ], [ -54.043, -14.819 ], [ -53.979, -14.768 ], [ -53.96, -14.767 ], [ -53.868, -14.721 ], [ -53.862, -14.703 ], [ -53.822, -14.673 ], [ -53.795, -14.671 ], [ -53.777, -14.635 ], [ -53.832, -14.617 ], [ -53.923, -14.636 ], [ -53.927, -14.622 ], [ -53.961, -14.604 ], [ -54.017, -14.617 ], [ -54.031, -14.605 ], [ -54.058, -14.618 ], [ -54.109, -14.614 ], [ -54.145, -14.644 ], [ -54.184, -14.653 ], [ -54.197, -14.685 ], [ -54.211, -14.694 ], [ -54.337, -14.732 ], [ -54.399, -14.763 ], [ -54.43, -14.76 ], [ -54.505, -14.784 ], [ -54.528, -14.78 ], [ -54.513, -14.797 ], [ -54.498, -14.863 ], [ -54.656, -14.917 ], [ -54.697, -14.953 ], [ -54.697, -14.964 ], [ -54.656, -14.959 ], [ -54.62, -14.981 ], [ -54.563, -14.969 ], [ -54.506, -15.036 ], [ -54.485, -15.028 ], [ -54.44, -15.065 ], [ -54.439, -15.11 ], [ -54.479, -15.12 ], [ -54.494, -15.134 ], [ -54.456, -15.206 ], [ -54.54, -15.245 ], [ -54.487, -15.256 ], [ -54.495, -15.272 ], [ -54.521, -15.285 ], [ -54.551, -15.332 ], [ -54.554, -15.372 ], [ -54.532, -15.377 ], [ -54.527, -15.401 ], [ -54.51, -15.395 ], [ -54.49, -15.409 ], [ -54.487, -15.399 ], [ -54.479, -15.405 ], [ -54.467, -15.394 ], [ -54.465, -15.403 ], [ -54.442, -15.399 ], [ -54.426, -15.412 ], [ -54.414, -15.406 ], [ -54.421, -15.392 ], [ -54.41, -15.378 ], [ -54.387, -15.375 ], [ -54.351, -15.341 ], [ -54.343, -15.35 ], [ -54.307, -15.326 ], [ -54.308, -15.332 ], [ -54.295, -15.329 ], [ -54.297, -15.337 ], [ -54.278, -15.327 ], [ -54.275, -15.335 ], [ -54.262, -15.331 ], [ -54.26, -15.353 ] ] ] ] } },
{ "type": "Feature", "properties": { "id_municipio": 5107065, "municipio": "Querência", "grupo": "resto_mt", "slug": "querencia" }, "geometry": { "type": "MultiPolygon", "coordinates": [ [ [ [ -52.514, -12.718 ], [ -52.491, -12.763 ], [ -52.506, -12.792 ], [ -52.493, -12.825 ], [ -52.47, -12.833 ], [ -52.459, -12.856 ], [ -52.48, -12.874 ], [ -52.486, -12.902 ], [ -52.468, -12.921 ], [ -52.475, -12.961 ], [ -52.459, -12.984 ], [ -52.467, -12.992 ], [ -52.462, -13.023 ], [ -52.449, -13.053 ], [ -52.427, -13.055 ], [ -52.412, -13.111 ], [ -52.391, -13.144 ], [ -52.351, -13.159 ], [ -52.35, -13.186 ], [ -52.335, -13.191 ], [ -52.326, -13.211 ], [ -52.292, -13.213 ], [ -52.28, -13.241 ], [ -52.191, -13.182 ], [ -52.161, -13.181 ], [ -52.139, -13.149 ], [ -52.144, -13.123 ], [ -52.119, -13.101 ], [ -52.134, -13.095 ], [ -52.127, -13.081 ], [ -52.142, -13.083 ], [ -52.129, -13.06 ], [ -52.14, -13.038 ], [ -52.131, -13.028 ], [ -52.142, -13.019 ], [ -52.133, -13.004 ], [ -52.144, -12.987 ], [ -52.134, -12.977 ], [ -52.143, -12.968 ], [ -52.13, -12.937 ], [ -52.142, -12.886 ], [ -52.113, -12.828 ], [ -52.12, -12.788 ], [ -52.112, -12.768 ], [ -52.121, -12.763 ], [ -52.114, -12.748 ], [ -52.123, -12.736 ], [ -52.114, -12.731 ], [ -52.123, -12.715 ], [ -52.106, -12.69 ], [ -52.109, -12.661 ], [ -52.097, -12.666 ], [ -52.087, -12.639 ], [ -52.062, -12.63 ], [ -52.065, -12.603 ], [ -52.056, -12.603 ], [ -52.046, -12.582 ], [ -52.06, -12.569 ], [ -52.059, -12.551 ], [ -52.045, -12.547 ], [ -52.052, -12.54 ], [ -52.042, -12.53 ], [ -52.05, -12.524 ], [ -52.039, -12.509 ], [ -52.053, -12.489 ], [ -52.042, -12.472 ], [ -52.057, -12.47 ], [ -52.044, -12.463 ], [ -52.055, -12.451 ], [ -52.042, -12.436 ], [ -52.052, -12.438 ], [ -52.062, -12.403 ], [ -52.044, -12.389 ], [ -52.061, -12.377 ], [ -52.064, -12.337 ], [ -52.055, -12.322 ], [ -52.07, -12.318 ], [ -52.071, -12.308 ], [ -52.059, -12.302 ], [ -52.069, -12.283 ], [ -52.102, -12.285 ], [ -52.108, -12.273 ], [ -52.121, -12.275 ], [ -52.119, -12.263 ], [ -52.131, -12.266 ], [ -52.139, -12.249 ], [ -52.149, -12.251 ], [ -52.148, -12.235 ], [ -52.16, -12.237 ], [ -52.165, -12.227 ], [ -52.164, -12.187 ], [ -52.175, -12.183 ], [ -52.156, -12.166 ], [ -52.165, -12.159 ], [ -52.146, -12.132 ], [ -52.156, -12.122 ], [ -52.136, -12.112 ], [ -52.138, -12.092 ], [ -52.12, -12.095 ], [ -52.122, -12.078 ], [ -52.114, -12.079 ], [ -52.122, -12.065 ], [ -52.111, -12.057 ], [ -52.115, -12.036 ], [ -52.106, -12.028 ], [ -52.12, -12.008 ], [ -52.129, -12.011 ], [ -52.125, -11.999 ], [ -52.153, -11.978 ], [ -52.127, -11.989 ], [ -52.122, -11.981 ], [ -52.153, -11.962 ], [ -52.173, -11.964 ], [ -52.175, -11.945 ], [ -52.189, -11.952 ], [ -52.196, -11.923 ], [ -52.215, -11.919 ], [ -52.216, -11.899 ], [ -52.245, -11.881 ], [ -52.235, -11.852 ], [ -52.253, -11.854 ], [ -52.249, -11.816 ], [ -52.274, -11.793 ], [ -52.272, -11.781 ], [ -52.295, -11.79 ], [ -52.298, -11.774 ], [ -52.357, -11.749 ], [ -52.362, -11.728 ], [ -52.388, -11.722 ], [ -52.389, -11.71 ], [ -52.402, -11.721 ], [ -52.413, -11.713 ], [ -52.419, -11.729 ], [ -52.436, -11.701 ], [ -52.464, -11.708 ], [ -52.471, -11.701 ], [ -52.454, -11.687 ], [ -52.463, -11.682 ], [ -52.483, -11.692 ], [ -52.505, -11.688 ], [ -52.517, -11.708 ], [ -52.544, -11.67 ], [ -52.574, -11.682 ], [ -52.571, -11.696 ], [ -52.582, -11.705 ], [ -52.607, -11.685 ], [ -52.616, -11.694 ], [ -52.639, -11.683 ], [ -52.661, -11.65 ], [ -52.672, -11.651 ], [ -52.681, -11.675 ], [ -52.729, -11.634 ], [ -52.734, -11.647 ], [ -52.775, -11.631 ], [ -52.796, -11.637 ], [ -52.802, -11.628 ], [ -52.794, -11.61 ], [ -52.807, -11.608 ], [ -52.805, -11.623 ], [ -52.831, -11.602 ], [ -52.842, -11.619 ], [ -52.877, -11.58 ], [ -52.887, -11.594 ], [ -52.933, -11.575 ], [ -52.95, -11.615 ], [ -52.963, -11.6 ], [ -52.96, -11.569 ], [ -52.977, -11.547 ], [ -52.965, -11.522 ], [ -52.987, -11.519 ], [ -53.006, -11.538 ], [ -53.021, -11.515 ], [ -53.039, -11.509 ], [ -53.042, -11.479 ], [ -53.06, -11.456 ], [ -53.071, -11.451 ], [ -53.083, -11.462 ], [ -53.103, -11.454 ], [ -53.098, -11.422 ], [ -53.083, -11.424 ], [ -53.076, -11.412 ], [ -53.095, -11.402 ], [ -53.109, -11.412 ], [ -53.112, -11.373 ], [ -53.12, -11.379 ], [ -53.152, -11.362 ], [ -53.154, -11.334 ], [ -53.169, -11.34 ], [ -53.171, -11.327 ], [ -53.182, -11.328 ], [ -53.225, -11.28 ], [ -53.234, -11.294 ], [ -53.245, -11.265 ], [ -53.226, -11.27 ], [ -53.224, -11.249 ], [ -53.245, -11.211 ], [ -53.262, -11.232 ], [ -53.255, -11.272 ], [ -53.28, -11.281 ], [ -53.296, -11.309 ], [ -53.313, -11.314 ], [ -53.378, -11.391 ], [ -53.4, -11.436 ], [ -53.423, -11.425 ], [ -53.439, -11.432 ], [ -53.442, -11.465 ], [ -53.476, -11.518 ], [ -53.492, -11.503 ], [ -53.493, -11.519 ], [ -53.548, -11.569 ], [ -53.538, -11.596 ], [ -53.572, -11.616 ], [ -53.569, -11.651 ], [ -53.608, -11.744 ], [ -53.587, -11.825 ], [ -53.588, -11.859 ], [ -53.57, -11.897 ], [ -53.548, -11.922 ], [ -53.546, -11.937 ], [ -53.534, -11.931 ], [ -53.506, -11.949 ], [ -53.489, -11.946 ], [ -53.478, -11.984 ], [ -53.452, -11.975 ], [ -53.414, -12.004 ], [ -53.411, -12.016 ], [ -53.387, -12.02 ], [ -53.386, -12.047 ], [ -53.357, -12.056 ], [ -53.363, -12.08 ], [ -53.343, -12.094 ], [ -53.339, -12.146 ], [ -53.3, -12.164 ], [ -53.321, -12.187 ], [ -53.299, -12.205 ], [ -53.31, -12.227 ], [ -53.261, -12.228 ], [ -53.229, -12.264 ], [ -53.224, -12.284 ], [ -53.191, -12.264 ], [ -53.19, -12.315 ], [ -53.143, -12.322 ], [ -53.144, -12.345 ], [ -53.121, -12.349 ], [ -53.12, -12.366 ], [ -53.101, -12.376 ], [ -53.113, -12.392 ], [ -53.108, -12.43 ], [ -53.091, -12.445 ], [ -53.088, -12.461 ], [ -53.033, -12.488 ], [ -53.042, -12.512 ], [ -53.016, -12.512 ], [ -53.017, -12.545 ], [ -53.009, -12.544 ], [ -53.003, -12.519 ], [ -52.987, -12.528 ], [ -52.966, -12.557 ], [ -52.968, -12.586 ], [ -52.944, -12.585 ], [ -52.923, -12.608 ], [ -52.905, -12.604 ], [ -52.892, -12.618 ], [ -52.884, -12.611 ], [ -52.875, -12.623 ], [ -52.844, -12.611 ], [ -52.839, -12.622 ], [ -52.812, -12.628 ], [ -52.805, -12.644 ], [ -52.785, -12.65 ], [ -52.766, -12.652 ], [ -52.75, -12.638 ], [ -52.716, -12.661 ], [ -52.698, -12.651 ], [ -52.681, -12.665 ], [ -52.636, -12.665 ], [ -52.596, -12.724 ], [ -52.578, -12.732 ], [ -52.532, -12.713 ], [ -52.514, -12.718 ] ] ] ] } },
{ "type": "Feature", "properties": { "id_municipio": 5107107, "municipio": "São José dos Quatro Marcos", "grupo": "resto_mt", "slug": "sao-jose-dos-quatro-marcos" }, "geometry": { "type": "MultiPolygon", "coordinates": [ [ [ [ -58.209, -15.697 ], [ -58.175, -15.713 ], [ -58.158, -15.695 ], [ -58.018, -15.359 ], [ -58.039, -15.355 ], [ -58.072, -15.381 ], [ -58.078, -15.372 ], [ -58.105, -15.41 ], [ -58.126, -15.414 ], [ -58.188, -15.39 ], [ -58.194, -15.374 ], [ -58.214, -15.378 ], [ -58.211, -15.361 ], [ -58.221, -15.35 ], [ -58.288, -15.525 ], [ -58.584, -15.512 ], [ -58.583, -15.567 ], [ -58.553, -15.597 ], [ -58.569, -15.643 ], [ -58.548, -15.675 ], [ -58.56, -15.693 ], [ -58.243, -15.711 ], [ -58.209, -15.697 ] ] ] ] } },
{ "type": "Feature", "properties": { "id_municipio": 5107156, "municipio": "Reserva do Cabaçal", "grupo": "resto_mt", "slug": "reserva-do-cabacal" }, "geometry": { "type": "MultiPolygon", "coordinates": [ [ [ [ -58.406, -15.12 ], [ -58.362, -15.142 ], [ -58.331, -15.143 ], [ -58.316, -15.184 ], [ -58.277, -15.184 ], [ -58.258, -15.151 ], [ -58.253, -15.108 ], [ -58.287, -15.097 ], [ -58.313, -15.065 ], [ -58.326, -14.961 ], [ -58.346, -14.918 ], [ -58.335, -14.885 ], [ -58.297, -14.834 ], [ -58.298, -14.804 ], [ -58.335, -14.8 ], [ -58.344, -14.785 ], [ -58.369, -14.779 ], [ -58.372, -14.752 ], [ -58.404, -14.739 ], [ -58.393, -14.71 ], [ -58.491, -14.685 ], [ -58.52, -14.743 ], [ -58.55, -14.751 ], [ -58.549, -14.773 ], [ -58.569, -14.776 ], [ -58.57, -14.789 ], [ -58.591, -14.798 ], [ -58.624, -14.834 ], [ -58.624, -14.866 ], [ -58.637, -14.869 ], [ -58.633, -14.875 ], [ -58.652, -14.894 ], [ -58.643, -14.919 ], [ -58.666, -14.936 ], [ -58.675, -14.964 ], [ -58.711, -14.976 ], [ -58.722, -15.0 ], [ -58.509, -15.0 ], [ -58.505, -15.026 ], [ -58.529, -15.05 ], [ -58.525, -15.089 ], [ -58.512, -15.11 ], [ -58.481, -15.102 ], [ -58.47, -15.114 ], [ -58.461, -15.109 ], [ -58.427, -15.125 ], [ -58.406, -15.12 ] ] ] ] } },
{ "type": "Feature", "properties": { "id_municipio": 5107180, "municipio": "Ribeirão Cascalheira", "grupo": "resto_mt", "slug": "ribeirao-cascalheira" }, "geometry": { "type": "MultiPolygon", "coordinates": [ [ [ [ -51.931, -13.215 ], [ -51.932, -13.249 ], [ -51.914, -13.262 ], [ -51.917, -13.298 ], [ -51.902, -13.322 ], [ -51.909, -13.364 ], [ -51.889, -13.38 ], [ -51.911, -13.438 ], [ -51.9, -13.475 ], [ -51.872, -13.488 ], [ -51.878, -13.515 ], [ -51.844, -13.447 ], [ -51.816, -13.423 ], [ -51.782, -13.429 ], [ -51.737, -13.417 ], [ -51.697, -13.426 ], [ -51.668, -13.401 ], [ -51.66, -13.408 ], [ -51.646, -13.383 ], [ -51.625, -13.38 ], [ -51.584, -13.354 ], [ -51.545, -13.364 ], [ -51.516, -13.41 ], [ -51.495, -13.408 ], [ -51.381, -13.453 ], [ -51.35, -13.427 ], [ -51.347, -13.397 ], [ -51.305, -13.357 ], [ -51.312, -13.347 ], [ -51.339, -13.354 ], [ -51.342, -13.341 ], [ -51.272, -13.303 ], [ -51.261, -13.276 ], [ -51.275, -13.254 ], [ -51.272, -13.245 ], [ -51.201, -13.243 ], [ -51.207, -13.222 ], [ -51.187, -13.2 ], [ -51.2, -13.171 ], [ -51.18, -13.17 ], [ -51.174, -13.15 ], [ -51.137, -13.133 ], [ -51.139, -13.097 ], [ -51.101, -13.082 ], [ -51.118, -13.047 ], [ -51.104, -13.038 ], [ -51.126, -13.02 ], [ -51.111, -12.999 ], [ -51.116, -12.967 ], [ -51.083, -12.954 ], [ -51.067, -12.929 ], [ -51.045, -12.931 ], [ -51.028, -12.92 ], [ -51.033, -12.891 ], [ -51.017, -12.868 ], [ -51.0, -12.872 ], [ -50.997, -12.864 ], [ -51.024, -12.814 ], [ -51.008, -12.788 ], [ -50.991, -12.783 ], [ -51.003, -12.766 ], [ -50.981, -12.768 ], [ -50.974, -12.759 ], [ -50.995, -12.727 ], [ -50.955, -12.708 ], [ -50.94, -12.686 ], [ -50.923, -12.683 ], [ -50.934, -12.662 ], [ -50.924, -12.626 ], [ -50.961, -12.562 ], [ -50.949, -12.546 ], [ -50.952, -12.522 ], [ -50.959, -12.516 ], [ -50.965, -12.529 ], [ -50.978, -12.527 ], [ -50.986, -12.512 ], [ -50.978, -12.5 ], [ -50.993, -12.492 ], [ -50.977, -12.413 ], [ -50.992, -12.404 ], [ -50.991, -12.393 ], [ -51.009, -12.387 ], [ -51.013, -12.405 ], [ -51.04, -12.402 ], [ -51.038, -12.414 ], [ -51.045, -12.409 ], [ -51.052, -12.418 ], [ -51.071, -12.411 ], [ -51.076, -12.435 ], [ -51.103, -12.441 ], [ -51.119, -12.424 ], [ -51.131, -12.437 ], [ -51.177, -12.428 ], [ -51.195, -12.434 ], [ -51.28, -12.398 ], [ -51.382, -12.461 ], [ -51.424, -12.465 ], [ -51.424, -12.457 ], [ -51.538, -12.444 ], [ -51.65, -12.471 ], [ -51.654, -12.51 ], [ -51.703, -12.536 ], [ -51.746, -12.545 ], [ -51.782, -12.536 ], [ -51.82, -12.548 ], [ -51.867, -12.517 ], [ -51.891, -12.518 ], [ -51.906, -12.499 ], [ -51.898, -12.479 ], [ -51.915, -12.452 ], [ -51.907, -12.43 ], [ -51.922, -12.405 ], [ -51.908, -12.384 ], [ -51.919, -12.364 ], [ -51.904, -12.359 ], [ -51.915, -12.337 ], [ -51.923, -12.339 ], [ -51.933, -12.293 ], [ -51.924, -12.278 ], [ -51.946, -12.261 ], [ -51.942, -12.245 ], [ -51.957, -12.247 ], [ -51.982, -12.276 ], [ -51.985, -12.313 ], [ -52.004, -12.309 ], [ -52.034, -12.274 ], [ -52.066, -12.288 ], [ -52.059, -12.302 ], [ -52.07, -12.317 ], [ -52.055, -12.322 ], [ -52.064, -12.337 ], [ -52.061, -12.377 ], [ -52.044, -12.389 ], [ -52.062, -12.399 ], [ -52.052, -12.438 ], [ -52.042, -12.436 ], [ -52.055, -12.451 ], [ -52.044, -12.463 ], [ -52.057, -12.47 ], [ -52.042, -12.472 ], [ -52.053, -12.489 ], [ -52.039, -12.509 ], [ -52.05, -12.524 ], [ -52.042, -12.53 ], [ -52.052, -12.54 ], [ -52.045, -12.547 ], [ -52.059, -12.551 ], [ -52.06, -12.569 ], [ -52.046, -12.582 ], [ -52.056, -12.603 ], [ -52.065, -12.603 ], [ -52.062, -12.63 ], [ -52.087, -12.639 ], [ -52.097, -12.666 ], [ -52.109, -12.661 ], [ -52.106, -12.69 ], [ -52.123, -12.715 ], [ -52.114, -12.731 ], [ -52.123, -12.736 ], [ -52.114, -12.748 ], [ -52.121, -12.763 ], [ -52.112, -12.768 ], [ -52.12, -12.788 ], [ -52.113, -12.827 ], [ -52.142, -12.886 ], [ -52.13, -12.937 ], [ -52.143, -12.968 ], [ -52.133, -13.004 ], [ -52.142, -13.019 ], [ -52.131, -13.028 ], [ -52.14, -13.038 ], [ -52.129, -13.06 ], [ -52.142, -13.082 ], [ -52.127, -13.081 ], [ -52.135, -13.094 ], [ -52.119, -13.101 ], [ -52.119, -13.115 ], [ -52.093, -13.108 ], [ -52.062, -13.113 ], [ -52.057, -13.127 ], [ -52.035, -13.126 ], [ -51.985, -13.175 ], [ -51.965, -13.181 ], [ -51.957, -13.204 ], [ -51.931, -13.215 ] ] ] ] } },
{ "type": "Feature", "properties": { "id_municipio": 5107198, "municipio": "Ribeirãozinho", "grupo": "resto_mt", "slug": "ribeiraozinho" }, "geometry": { "type": "MultiPolygon", "coordinates": [ [ [ [ -52.73, -16.331 ], [ -52.778, -16.362 ], [ -52.772, -16.366 ], [ -52.781, -16.385 ], [ -52.763, -16.413 ], [ -52.778, -16.435 ], [ -52.801, -16.436 ], [ -52.837, -16.457 ], [ -52.894, -16.526 ], [ -52.917, -16.536 ], [ -52.922, -16.553 ], [ -52.941, -16.565 ], [ -52.947, -16.585 ], [ -52.932, -16.597 ], [ -52.935, -16.614 ], [ -52.893, -16.606 ], [ -52.868, -16.619 ], [ -52.836, -16.613 ], [ -52.831, -16.621 ], [ -52.827, -16.607 ], [ -52.801, -16.608 ], [ -52.797, -16.598 ], [ -52.767, -16.604 ], [ -52.766, -16.591 ], [ -52.75, -16.591 ], [ -52.761, -16.58 ], [ -52.741, -16.573 ], [ -52.751, -16.583 ], [ -52.707, -16.6 ], [ -52.706, -16.572 ], [ -52.674, -16.585 ], [ -52.673, -16.57 ], [ -52.66, -16.571 ], [ -52.668, -16.551 ], [ -52.651, -16.562 ], [ -52.649, -16.547 ], [ -52.636, -16.552 ], [ -52.626, -16.523 ], [ -52.637, -16.503 ], [ -52.613, -16.502 ], [ -52.606, -16.486 ], [ -52.613, -16.469 ], [ -52.605, -16.463 ], [ -52.613, -16.458 ], [ -52.621, -16.465 ], [ -52.617, -16.449 ], [ -52.639, -16.438 ], [ -52.644, -16.412 ], [ -52.675, -16.412 ], [ -52.688, -16.397 ], [ -52.678, -16.381 ], [ -52.693, -16.368 ], [ -52.694, -16.351 ], [ -52.683, -16.344 ], [ -52.681, -16.302 ], [ -52.707, -16.299 ], [ -52.724, -16.311 ], [ -52.73, -16.331 ] ] ] ] } },
{ "type": "Feature", "properties": { "id_municipio": 5107206, "municipio": "Rio Branco", "grupo": "resto_mt", "slug": "rio-branco" }, "geometry": { "type": "MultiPolygon", "coordinates": [ [ [ [ -58.136, -15.197 ], [ -58.143, -15.179 ], [ -58.172, -15.18 ], [ -58.202, -15.16 ], [ -58.231, -15.162 ], [ -58.242, -15.173 ], [ -58.258, -15.151 ], [ -58.28, -15.184 ], [ -58.258, -15.231 ], [ -58.284, -15.248 ], [ -58.271, -15.259 ], [ -58.276, -15.293 ], [ -58.261, -15.292 ], [ -58.243, -15.334 ], [ -58.211, -15.361 ], [ -58.214, -15.378 ], [ -58.194, -15.374 ], [ -58.188, -15.39 ], [ -58.165, -15.393 ], [ -58.158, -15.404 ], [ -58.108, -15.412 ], [ -58.089, -15.389 ], [ -58.081, -15.331 ], [ -58.02, -15.262 ], [ -57.966, -15.235 ], [ -57.96, -15.223 ], [ -57.977, -15.215 ], [ -57.994, -15.225 ], [ -58.018, -15.222 ], [ -58.037, -15.207 ], [ -58.039, -15.192 ], [ -58.136, -15.197 ] ] ] ] } },
{ "type": "Feature", "properties": { "id_municipio": 5107248, "municipio": "Santa Carmem", "grupo": "resto_mt", "slug": "santa-carmem" }, "geometry": { "type": "MultiPolygon", "coordinates": [ [ [ [ -55.307, -12.09 ], [ -55.287, -12.114 ], [ -55.254, -12.124 ], [ -55.225, -12.115 ], [ -55.189, -12.128 ], [ -55.141, -12.12 ], [ -55.126, -12.146 ], [ -55.138, -12.148 ], [ -55.139, -12.16 ], [ -55.127, -12.178 ], [ -55.085, -12.181 ], [ -55.056, -12.154 ], [ -55.033, -12.156 ], [ -55.035, -12.196 ], [ -55.013, -12.246 ], [ -54.973, -12.203 ], [ -54.975, -12.167 ], [ -54.932, -12.13 ], [ -54.885, -12.12 ], [ -54.835, -12.128 ], [ -54.735, -12.092 ], [ -54.714, -12.065 ], [ -54.654, -12.07 ], [ -54.62, -12.048 ], [ -54.537, -12.028 ], [ -54.502, -12.005 ], [ -54.443, -12.009 ], [ -54.404, -11.996 ], [ -54.314, -11.919 ], [ -54.29, -11.886 ], [ -54.3, -11.881 ], [ -54.286, -11.872 ], [ -54.474, -11.885 ], [ -54.5, -11.864 ], [ -54.557, -11.861 ], [ -54.579, -11.877 ], [ -54.636, -11.887 ], [ -54.602, -11.846 ], [ -54.58, -11.839 ], [ -54.566, -11.803 ], [ -54.591, -11.78 ], [ -54.608, -11.783 ], [ -54.584, -11.754 ], [ -54.589, -11.729 ], [ -54.576, -11.679 ], [ -54.651, -11.714 ], [ -54.674, -11.664 ], [ -54.716, -11.661 ], [ -54.728, -11.649 ], [ -54.756, -11.689 ], [ -54.774, -11.75 ], [ -54.756, -11.807 ], [ -54.782, -11.815 ], [ -54.812, -11.802 ], [ -54.816, -11.769 ], [ -54.847, -11.735 ], [ -54.862, -11.749 ], [ -54.859, -11.755 ], [ -54.873, -11.754 ], [ -54.881, -11.734 ], [ -54.958, -11.694 ], [ -55.001, -11.65 ], [ -55.013, -11.676 ], [ -55.072, -11.703 ], [ -55.078, -11.729 ], [ -55.101, -11.75 ], [ -55.105, -11.788 ], [ -55.121, -11.805 ], [ -55.208, -11.81 ], [ -55.258, -11.864 ], [ -55.271, -11.904 ], [ -55.306, -11.914 ], [ -55.332, -11.949 ], [ -55.379, -11.968 ], [ -55.391, -12.0 ], [ -55.38, -12.054 ], [ -55.409, -12.089 ], [ -55.307, -12.09 ] ] ] ] } },
{ "type": "Feature", "properties": { "id_municipio": 5107263, "municipio": "Santo Afonso", "grupo": "resto_mt", "slug": "santo-afonso" }, "geometry": { "type": "MultiPolygon", "coordinates": [ [ [ [ -57.016, -14.425 ], [ -57.143, -14.421 ], [ -57.141, -14.395 ], [ -57.148, -14.393 ], [ -57.202, -14.413 ], [ -57.283, -14.418 ], [ -57.303, -14.427 ], [ -57.295, -14.378 ], [ -57.313, -14.38 ], [ -57.334, -14.357 ], [ -57.352, -14.362 ], [ -57.356, -14.33 ], [ -57.393, -14.351 ], [ -57.436, -14.308 ], [ -57.438, -14.347 ], [ -57.51, -14.315 ], [ -57.538, -14.366 ], [ -57.558, -14.34 ], [ -57.585, -14.338 ], [ -57.574, -14.362 ], [ -57.615, -14.399 ], [ -57.647, -14.372 ], [ -57.654, -14.405 ], [ -57.647, -14.434 ], [ -57.671, -14.42 ], [ -57.68, -14.393 ], [ -57.72, -14.375 ], [ -57.699, -14.448 ], [ -57.711, -14.501 ], [ -57.68, -14.524 ], [ -57.673, -14.553 ], [ -57.655, -14.565 ], [ -57.6, -14.517 ], [ -57.604, -14.494 ], [ -57.581, -14.506 ], [ -57.559, -14.475 ], [ -57.537, -14.477 ], [ -57.504, -14.44 ], [ -57.493, -14.448 ], [ -57.485, -14.439 ], [ -57.481, -14.455 ], [ -57.452, -14.441 ], [ -57.442, -14.457 ], [ -57.451, -14.475 ], [ -57.435, -14.475 ], [ -57.432, -14.494 ], [ -57.408, -14.485 ], [ -57.373, -14.504 ], [ -57.365, -14.494 ], [ -57.352, -14.497 ], [ -57.359, -14.488 ], [ -57.343, -14.479 ], [ -57.324, -14.511 ], [ -57.329, -14.527 ], [ -57.307, -14.536 ], [ -57.306, -14.548 ], [ -57.292, -14.544 ], [ -57.281, -14.557 ], [ -57.229, -14.54 ], [ -57.197, -14.549 ], [ -57.165, -14.541 ], [ -57.152, -14.548 ], [ -57.146, -14.578 ], [ -57.128, -14.558 ], [ -57.103, -14.561 ], [ -57.103, -14.534 ], [ -57.073, -14.519 ], [ -57.057, -14.527 ], [ -57.029, -14.514 ], [ -57.012, -14.531 ], [ -56.95, -14.503 ], [ -56.93, -14.483 ], [ -56.931, -14.473 ], [ -56.949, -14.476 ], [ -56.971, -14.441 ], [ -56.992, -14.434 ], [ -57.004, -14.416 ], [ -57.016, -14.425 ] ] ] ] } },
{ "type": "Feature", "properties": { "id_municipio": 5107297, "municipio": "São José do Povo", "grupo": "resto_mt", "slug": "sao-jose-do-povo" }, "geometry": { "type": "MultiPolygon", "coordinates": [ [ [ [ -54.297, -16.577 ], [ -54.286, -16.588 ], [ -54.264, -16.58 ], [ -54.232, -16.601 ], [ -54.229, -16.614 ], [ -54.189, -16.628 ], [ -54.168, -16.506 ], [ -54.208, -16.491 ], [ -54.22, -16.5 ], [ -54.238, -16.48 ], [ -54.208, -16.472 ], [ -54.206, -16.451 ], [ -54.22, -16.435 ], [ -54.195, -16.403 ], [ -54.166, -16.395 ], [ -54.164, -16.37 ], [ -54.172, -16.36 ], [ -54.206, -16.368 ], [ -54.224, -16.36 ], [ -54.229, -16.314 ], [ -54.248, -16.323 ], [ -54.256, -16.318 ], [ -54.276, -16.345 ], [ -54.3, -16.329 ], [ -54.31, -16.343 ], [ -54.321, -16.341 ], [ -54.33, -16.325 ], [ -54.343, -16.329 ], [ -54.324, -16.353 ], [ -54.346, -16.379 ], [ -54.332, -16.413 ], [ -54.353, -16.426 ], [ -54.368, -16.481 ], [ -54.356, -16.499 ], [ -54.381, -16.506 ], [ -54.385, -16.523 ], [ -54.372, -16.523 ], [ -54.366, -16.54 ], [ -54.352, -16.539 ], [ -54.333, -16.57 ], [ -54.337, -16.578 ], [ -54.324, -16.58 ], [ -54.317, -16.596 ], [ -54.297, -16.577 ] ] ] ] } },
{ "type": "Feature", "properties": { "id_municipio": 5107305, "municipio": "São José do Rio Claro", "grupo": "resto_mt", "slug": "sao-jose-do-rio-claro" }, "geometry": { "type": "MultiPolygon", "coordinates": [ [ [ [ -56.612, -13.349 ], [ -56.645, -13.288 ], [ -56.644, -13.254 ], [ -56.658, -13.253 ], [ -56.649, -13.24 ], [ -56.678, -13.22 ], [ -56.69, -13.178 ], [ -56.702, -13.157 ], [ -56.716, -13.153 ], [ -56.716, -13.137 ], [ -56.732, -13.13 ], [ -56.725, -13.119 ], [ -56.744, -13.1 ], [ -56.735, -13.088 ], [ -56.747, -13.071 ], [ -56.735, -13.05 ], [ -56.741, -13.032 ], [ -56.724, -13.026 ], [ -56.728, -13.004 ], [ -56.713, -12.996 ], [ -56.728, -12.991 ], [ -56.726, -12.965 ], [ -56.74, -12.955 ], [ -56.753, -12.98 ], [ -56.761, -12.976 ], [ -56.78, -12.987 ], [ -56.829, -13.042 ], [ -56.835, -13.082 ], [ -56.867, -13.128 ], [ -56.871, -13.161 ], [ -56.907, -13.208 ], [ -56.951, -13.23 ], [ -56.961, -13.291 ], [ -56.987, -13.305 ], [ -56.998, -13.342 ], [ -57.017, -13.365 ], [ -57.009, -13.382 ], [ -57.021, -13.405 ], [ -57.013, -13.413 ], [ -57.022, -13.442 ], [ -57.011, -13.444 ], [ -57.015, -13.467 ], [ -56.995, -13.485 ], [ -57.004, -13.513 ], [ -56.995, -13.525 ], [ -57.026, -13.563 ], [ -57.036, -13.545 ], [ -57.065, -13.547 ], [ -57.078, -13.574 ], [ -57.109, -13.587 ], [ -57.143, -13.665 ], [ -57.171, -13.67 ], [ -57.191, -13.701 ], [ -57.243, -13.715 ], [ -57.253, -13.727 ], [ -57.251, -13.748 ], [ -57.276, -13.774 ], [ -57.277, -13.805 ], [ -57.292, -13.829 ], [ -57.347, -13.888 ], [ -57.212, -13.918 ], [ -57.181, -13.874 ], [ -57.154, -13.876 ], [ -57.112, -13.854 ], [ -57.06, -13.854 ], [ -57.018, -13.824 ], [ -56.996, -13.831 ], [ -56.955, -13.79 ], [ -56.935, -13.801 ], [ -56.897, -13.793 ], [ -56.873, -13.766 ], [ -56.818, -13.745 ], [ -56.814, -13.731 ], [ -56.781, -13.702 ], [ -56.766, -13.664 ], [ -56.743, -13.648 ], [ -56.72, -13.655 ], [ -56.713, -13.672 ], [ -56.671, -13.699 ], [ -56.673, -13.75 ], [ -56.683, -13.747 ], [ -56.702, -13.768 ], [ -56.705, -13.792 ], [ -56.691, -13.799 ], [ -56.696, -13.847 ], [ -56.677, -13.872 ], [ -56.601, -13.869 ], [ -56.558, -13.894 ], [ -56.53, -13.851 ], [ -56.497, -13.86 ], [ -56.455, -13.84 ], [ -56.399, -13.831 ], [ -56.414, -13.8 ], [ -56.406, -13.778 ], [ -56.416, -13.76 ], [ -56.394, -13.743 ], [ -56.383, -13.716 ], [ -56.392, -13.656 ], [ -56.418, -13.628 ], [ -56.403, -13.617 ], [ -56.425, -13.613 ], [ -56.418, -13.588 ], [ -56.438, -13.584 ], [ -56.435, -13.575 ], [ -56.453, -13.566 ], [ -56.461, -13.575 ], [ -56.48, -13.541 ], [ -56.503, -13.535 ], [ -56.524, -13.516 ], [ -56.533, -13.47 ], [ -56.558, -13.473 ], [ -56.545, -13.45 ], [ -56.555, -13.437 ], [ -56.578, -13.434 ], [ -56.584, -13.406 ], [ -56.611, -13.401 ], [ -56.612, -13.349 ] ] ] ] } },
{ "type": "Feature", "properties": { "id_municipio": 5107354, "municipio": "São José do Xingu", "grupo": "resto_mt", "slug": "sao-jose-do-xingu" }, "geometry": { "type": "MultiPolygon", "coordinates": [ [ [ [ -52.705, -10.39 ], [ -52.736, -10.397 ], [ -52.819, -10.376 ], [ -52.869, -10.386 ], [ -52.888, -10.401 ], [ -52.9, -10.373 ], [ -52.918, -10.374 ], [ -52.928, -10.355 ], [ -52.943, -10.36 ], [ -52.948, -10.336 ], [ -52.968, -10.342 ], [ -52.974, -10.332 ], [ -52.99, -10.332 ], [ -52.983, -10.316 ], [ -53.021, -10.323 ], [ -53.048, -10.371 ], [ -53.084, -10.506 ], [ -53.088, -10.566 ], [ -53.053, -10.586 ], [ -53.052, -10.607 ], [ -53.092, -10.647 ], [ -53.095, -10.686 ], [ -53.084, -10.71 ], [ -53.099, -10.787 ], [ -53.123, -10.818 ], [ -53.118, -10.84 ], [ -53.129, -10.857 ], [ -53.116, -10.861 ], [ -53.102, -10.889 ], [ -53.087, -10.888 ], [ -53.085, -10.902 ], [ -53.058, -10.889 ], [ -53.027, -10.898 ], [ -53.008, -10.891 ], [ -52.96, -10.936 ], [ -52.936, -10.947 ], [ -52.921, -10.974 ], [ -52.927, -10.986 ], [ -52.913, -11.041 ], [ -52.892, -11.046 ], [ -52.871, -11.088 ], [ -52.849, -11.103 ], [ -52.846, -11.097 ], [ -52.813, -11.109 ], [ -52.801, -11.103 ], [ -52.756, -11.044 ], [ -52.706, -11.055 ], [ -52.669, -11.081 ], [ -52.642, -11.07 ], [ -52.622, -11.078 ], [ -52.556, -11.068 ], [ -52.54, -11.072 ], [ -52.532, -11.089 ], [ -52.501, -11.095 ], [ -52.456, -11.081 ], [ -52.446, -11.068 ], [ -52.442, -11.098 ], [ -52.421, -11.092 ], [ -52.386, -11.056 ], [ -52.309, -11.055 ], [ -52.234, -11.032 ], [ -52.217, -11.037 ], [ -52.208, -11.004 ], [ -52.222, -11.0 ], [ -52.218, -10.983 ], [ -52.23, -10.986 ], [ -52.204, -10.955 ], [ -52.209, -10.941 ], [ -52.187, -10.934 ], [ -52.202, -10.93 ], [ -52.186, -10.917 ], [ -52.195, -10.895 ], [ -52.18, -10.877 ], [ -52.2, -10.831 ], [ -52.186, -10.829 ], [ -52.187, -10.798 ], [ -52.172, -10.785 ], [ -52.187, -10.753 ], [ -52.179, -10.747 ], [ -52.189, -10.739 ], [ -52.171, -10.732 ], [ -52.192, -10.711 ], [ -52.182, -10.687 ], [ -52.197, -10.677 ], [ -52.195, -10.669 ], [ -52.176, -10.674 ], [ -52.205, -10.655 ], [ -52.193, -10.639 ], [ -52.205, -10.627 ], [ -52.191, -10.624 ], [ -52.183, -10.604 ], [ -52.196, -10.586 ], [ -52.179, -10.559 ], [ -52.194, -10.549 ], [ -52.203, -10.526 ], [ -52.184, -10.522 ], [ -52.185, -10.505 ], [ -52.2, -10.49 ], [ -52.18, -10.489 ], [ -52.191, -10.477 ], [ -52.19, -10.461 ], [ -52.218, -10.445 ], [ -52.19, -10.428 ], [ -52.21, -10.42 ], [ -52.191, -10.411 ], [ -52.203, -10.398 ], [ -52.171, -10.382 ], [ -52.19, -10.363 ], [ -52.165, -10.36 ], [ -52.166, -10.3 ], [ -52.145, -10.262 ], [ -52.202, -10.262 ], [ -52.222, -10.274 ], [ -52.235, -10.301 ], [ -52.28, -10.315 ], [ -52.319, -10.35 ], [ -52.359, -10.327 ], [ -52.401, -10.351 ], [ -52.423, -10.331 ], [ -52.478, -10.323 ], [ -52.503, -10.351 ], [ -52.516, -10.334 ], [ -52.53, -10.349 ], [ -52.571, -10.347 ], [ -52.655, -10.374 ], [ -52.683, -10.371 ], [ -52.705, -10.39 ] ] ] ] } },
{ "type": "Feature", "properties": { "id_municipio": 5107404, "municipio": "São Pedro da Cipa", "grupo": "resto_mt", "slug": "sao-pedro-da-cipa" }, "geometry": { "type": "MultiPolygon", "coordinates": [ [ [ [ -54.92, -15.993 ], [ -54.946, -16.0 ], [ -54.938, -16.019 ], [ -54.947, -16.035 ], [ -54.937, -16.055 ], [ -54.91, -16.05 ], [ -54.917, -16.03 ], [ -54.891, -15.995 ], [ -54.867, -16.017 ], [ -54.852, -16.003 ], [ -54.837, -16.011 ], [ -54.784, -15.996 ], [ -54.606, -15.981 ], [ -54.583, -15.961 ], [ -54.582, -15.935 ], [ -54.565, -15.932 ], [ -54.562, -15.912 ], [ -54.577, -15.881 ], [ -54.607, -15.899 ], [ -54.619, -15.885 ], [ -54.67, -15.897 ], [ -54.705, -15.887 ], [ -54.735, -15.891 ], [ -54.762, -15.92 ], [ -54.78, -15.917 ], [ -54.823, -15.939 ], [ -54.901, -15.95 ], [ -54.906, -15.977 ], [ -54.92, -15.993 ] ] ] ] } },
{ "type": "Feature", "properties": { "id_municipio": 5107578, "municipio": "Rondolândia", "grupo": "resto_mt", "slug": "rondolandia" }, "geometry": { "type": "MultiPolygon", "coordinates": [ [ [ [ -60.767, -9.717 ], [ -60.879, -9.775 ], [ -60.926, -9.83 ], [ -60.909, -9.846 ], [ -60.964, -9.89 ], [ -61.022, -9.962 ], [ -61.053, -9.982 ], [ -61.061, -9.971 ], [ -61.093, -9.989 ], [ -61.117, -9.991 ], [ -61.121, -10.022 ], [ -61.137, -10.031 ], [ -61.128, -10.05 ], [ -61.175, -10.021 ], [ -61.182, -10.004 ], [ -61.215, -9.992 ], [ -61.213, -9.972 ], [ -61.231, -9.958 ], [ -61.285, -9.941 ], [ -61.279, -10.004 ], [ -61.252, -10.023 ], [ -61.301, -10.013 ], [ -61.305, -10.027 ], [ -61.35, -10.028 ], [ -61.359, -10.04 ], [ -61.39, -10.015 ], [ -61.412, -10.018 ], [ -61.43, -10.0 ], [ -61.54, -10.0 ], [ -61.556, -10.039 ], [ -61.584, -10.06 ], [ -61.579, -10.079 ], [ -61.602, -10.157 ], [ -61.561, -10.173 ], [ -61.552, -10.198 ], [ -61.574, -10.209 ], [ -61.577, -10.249 ], [ -61.544, -10.301 ], [ -61.553, -10.307 ], [ -61.548, -10.316 ], [ -61.534, -10.332 ], [ -61.516, -10.334 ], [ -61.502, -10.354 ], [ -61.497, -10.39 ], [ -61.472, -10.405 ], [ -61.476, -10.418 ], [ -61.462, -10.42 ], [ -61.481, -10.488 ], [ -61.479, -10.53 ], [ -61.466, -10.541 ], [ -61.48, -10.569 ], [ -61.476, -10.608 ], [ -61.49, -10.63 ], [ -61.479, -10.643 ], [ -61.482, -10.669 ], [ -61.495, -10.678 ], [ -61.499, -10.699 ], [ -61.472, -10.715 ], [ -61.488, -10.736 ], [ -61.474, -10.798 ], [ -61.489, -10.799 ], [ -61.498, -10.782 ], [ -61.511, -10.794 ], [ -61.503, -10.808 ], [ -61.51, -10.837 ], [ -61.523, -10.846 ], [ -61.527, -10.885 ], [ -61.519, -10.892 ], [ -61.524, -10.905 ], [ -61.514, -10.907 ], [ -61.52, -10.95 ], [ -61.53, -10.979 ], [ -61.547, -10.978 ], [ -61.55, -10.986 ], [ -60.459, -10.989 ], [ -60.464, -10.981 ], [ -60.434, -10.933 ], [ -60.45, -10.908 ], [ -60.429, -10.879 ], [ -60.41, -10.871 ], [ -60.404, -10.853 ], [ -60.43, -10.815 ], [ -60.419, -10.785 ], [ -60.396, -10.76 ], [ -60.427, -10.741 ], [ -60.443, -10.714 ], [ -60.481, -10.717 ], [ -60.488, -10.695 ], [ -60.523, -10.671 ], [ -60.517, -10.642 ], [ -60.537, -10.593 ], [ -60.518, -10.566 ], [ -60.536, -10.493 ], [ -60.524, -10.469 ], [ -60.559, -10.433 ], [ -60.6, -10.411 ], [ -60.602, -10.333 ], [ -60.637, -10.293 ], [ -60.626, -10.262 ], [ -60.638, -10.244 ], [ -60.627, -10.198 ], [ -60.648, -10.138 ], [ -60.617, -10.106 ], [ -60.611, -10.077 ], [ -60.639, -10.041 ], [ -60.616, -10.036 ], [ -60.611, -10.011 ], [ -60.64, -9.983 ], [ -60.632, -9.959 ], [ -60.685, -9.966 ], [ -60.695, -9.951 ], [ -60.658, -9.891 ], [ -60.673, -9.841 ], [ -60.705, -9.822 ], [ -60.672, -9.796 ], [ -60.687, -9.75 ], [ -60.639, -9.671 ], [ -60.637, -9.638 ], [ -60.655, -9.648 ], [ -60.678, -9.644 ], [ -60.678, -9.657 ], [ -60.687, -9.655 ], [ -60.677, -9.671 ], [ -60.702, -9.702 ], [ -60.716, -9.699 ], [ -60.713, -9.714 ], [ -60.746, -9.694 ], [ -60.758, -9.697 ], [ -60.776, -9.704 ], [ -60.767, -9.717 ] ] ] ] } },
{ "type": "Feature", "properties": { "id_municipio": 5107602, "municipio": "Rondonópolis", "grupo": "pantanal_norte", "slug": "rondonopolis" }, "geometry": { "type": "MultiPolygon", "coordinates": [ [ [ [ -54.365, -16.475 ], [ -54.353, -16.426 ], [ -54.332, -16.413 ], [ -54.346, -16.379 ], [ -54.324, -16.353 ], [ -54.342, -16.322 ], [ -54.356, -16.334 ], [ -54.39, -16.328 ], [ -54.394, -16.296 ], [ -54.427, -16.266 ], [ -54.44, -16.276 ], [ -54.463, -16.244 ], [ -54.45, -16.192 ], [ -54.425, -16.175 ], [ -54.418, -16.145 ], [ -54.459, -16.135 ], [ -54.481, -16.109 ], [ -54.479, -16.068 ], [ -54.534, -16.083 ], [ -54.6, -16.122 ], [ -54.646, -16.139 ], [ -54.656, -16.133 ], [ -54.695, -16.173 ], [ -54.724, -16.167 ], [ -54.74, -16.186 ], [ -54.797, -16.211 ], [ -54.826, -16.263 ], [ -54.834, -16.259 ], [ -54.857, -16.277 ], [ -54.882, -16.265 ], [ -54.91, -16.271 ], [ -54.913, -16.31 ], [ -54.926, -16.308 ], [ -54.941, -16.329 ], [ -54.936, -16.391 ], [ -54.969, -16.423 ], [ -54.979, -16.455 ], [ -54.969, -16.458 ], [ -54.974, -16.463 ], [ -54.937, -16.535 ], [ -54.961, -16.544 ], [ -54.949, -16.561 ], [ -54.974, -16.569 ], [ -54.973, -16.584 ], [ -54.951, -16.605 ], [ -54.968, -16.609 ], [ -54.954, -16.627 ], [ -54.993, -16.662 ], [ -54.996, -16.681 ], [ -54.975, -16.673 ], [ -54.948, -16.683 ], [ -54.959, -16.705 ], [ -54.933, -16.701 ], [ -54.957, -16.751 ], [ -54.946, -16.745 ], [ -54.936, -16.753 ], [ -54.936, -16.775 ], [ -54.918, -16.768 ], [ -54.916, -16.781 ], [ -54.897, -16.775 ], [ -54.911, -16.788 ], [ -54.895, -16.799 ], [ -54.9, -16.833 ], [ -54.885, -16.838 ], [ -54.904, -16.858 ], [ -54.895, -16.874 ], [ -54.919, -16.879 ], [ -54.932, -16.904 ], [ -54.92, -16.906 ], [ -54.931, -16.928 ], [ -54.916, -16.923 ], [ -54.932, -16.958 ], [ -54.906, -16.966 ], [ -54.928, -16.979 ], [ -54.933, -16.999 ], [ -54.933, -17.016 ], [ -54.903, -17.021 ], [ -54.914, -17.028 ], [ -54.922, -17.057 ], [ -54.914, -17.075 ], [ -54.841, -17.073 ], [ -54.724, -17.04 ], [ -54.692, -17.08 ], [ -54.663, -17.098 ], [ -54.645, -17.1 ], [ -54.582, -17.078 ], [ -54.587, -16.756 ], [ -54.599, -16.73 ], [ -54.59, -16.712 ], [ -54.599, -16.703 ], [ -54.588, -16.674 ], [ -54.54, -16.642 ], [ -54.554, -16.609 ], [ -54.528, -16.584 ], [ -54.531, -16.569 ], [ -54.5, -16.557 ], [ -54.485, -16.575 ], [ -54.453, -16.56 ], [ -54.195, -16.66 ], [ -54.189, -16.628 ], [ -54.229, -16.614 ], [ -54.232, -16.601 ], [ -54.263, -16.581 ], [ -54.286, -16.588 ], [ -54.297, -16.577 ], [ -54.314, -16.597 ], [ -54.324, -16.58 ], [ -54.337, -16.578 ], [ -54.333, -16.57 ], [ -54.352, -16.539 ], [ -54.368, -16.539 ], [ -54.373, -16.523 ], [ -54.384, -16.526 ], [ -54.381, -16.506 ], [ -54.356, -16.499 ], [ -54.365, -16.475 ] ] ] ] } },
{ "type": "Feature", "properties": { "id_municipio": 5107701, "municipio": "Rosário Oeste", "grupo": "resto_mt", "slug": "rosario-oeste" }, "geometry": { "type": "MultiPolygon", "coordinates": [ [ [ [ -56.028, -14.681 ], [ -56.062, -14.694 ], [ -56.101, -14.697 ], [ -56.111, -14.671 ], [ -56.121, -14.673 ], [ -56.138, -14.652 ], [ -56.146, -14.662 ], [ -56.167, -14.662 ], [ -56.172, -14.679 ], [ -56.217, -14.671 ], [ -56.217, -14.682 ], [ -56.256, -14.702 ], [ -56.248, -14.709 ], [ -56.263, -14.72 ], [ -56.254, -14.732 ], [ -56.288, -14.77 ], [ -56.319, -14.749 ], [ -56.333, -14.767 ], [ -56.366, -14.765 ], [ -56.424, -14.743 ], [ -56.45, -14.768 ], [ -56.498, -14.79 ], [ -56.582, -14.85 ], [ -56.66, -14.922 ], [ -56.708, -14.981 ], [ -56.792, -15.123 ], [ -56.819, -15.145 ], [ -56.814, -15.16 ], [ -56.835, -15.176 ], [ -56.83, -15.187 ], [ -56.87, -15.227 ], [ -56.981, -15.382 ], [ -56.99, -15.409 ], [ -56.979, -15.418 ], [ -56.988, -15.42 ], [ -56.984, -15.436 ], [ -56.957, -15.455 ], [ -56.975, -15.465 ], [ -56.976, -15.489 ], [ -56.97, -15.51 ], [ -56.955, -15.514 ], [ -56.963, -15.528 ], [ -56.954, -15.538 ], [ -56.937, -15.541 ], [ -56.945, -15.537 ], [ -56.894, -15.469 ], [ -56.759, -15.342 ], [ -56.709, -15.282 ], [ -56.69, -15.285 ], [ -56.65, -15.232 ], [ -56.61, -15.24 ], [ -56.595, -15.228 ], [ -56.573, -15.17 ], [ -56.556, -15.164 ], [ -56.545, -15.141 ], [ -56.486, -15.119 ], [ -56.451, -15.144 ], [ -56.468, -15.119 ], [ -56.451, -15.108 ], [ -56.466, -15.097 ], [ -56.465, -15.086 ], [ -56.442, -15.087 ], [ -56.443, -15.074 ], [ -56.41, -15.063 ], [ -56.39, -15.074 ], [ -56.365, -15.041 ], [ -56.317, -15.043 ], [ -56.312, -15.026 ], [ -56.272, -15.008 ], [ -56.242, -14.976 ], [ -55.943, -15.035 ], [ -55.949, -15.002 ], [ -56.015, -14.901 ], [ -56.004, -14.902 ], [ -55.97, -14.873 ], [ -55.95, -14.879 ], [ -55.912, -14.87 ], [ -55.862, -14.838 ], [ -55.844, -14.856 ], [ -55.835, -14.846 ], [ -55.83, -14.86 ], [ -55.815, -14.843 ], [ -55.785, -14.838 ], [ -55.763, -14.813 ], [ -55.767, -14.786 ], [ -55.375, -14.555 ], [ -55.373, -14.569 ], [ -55.356, -14.562 ], [ -55.233, -14.635 ], [ -55.159, -14.628 ], [ -55.137, -14.576 ], [ -55.107, -14.561 ], [ -55.105, -14.547 ], [ -55.069, -14.535 ], [ -55.045, -14.544 ], [ -55.034, -14.535 ], [ -55.02, -14.496 ], [ -55.008, -14.496 ], [ -54.996, -14.479 ], [ -54.995, -14.443 ], [ -54.958, -14.439 ], [ -54.957, -14.43 ], [ -54.939, -14.43 ], [ -54.931, -14.416 ], [ -54.915, -14.413 ], [ -54.913, -14.402 ], [ -54.906, -14.407 ], [ -54.897, -14.395 ], [ -54.896, -14.405 ], [ -54.871, -14.385 ], [ -54.866, -14.355 ], [ -54.855, -14.354 ], [ -54.86, -14.343 ], [ -54.849, -14.34 ], [ -54.858, -14.329 ], [ -54.844, -14.33 ], [ -54.846, -14.321 ], [ -54.831, -14.319 ], [ -54.809, -14.265 ], [ -54.818, -14.25 ], [ -54.842, -14.261 ], [ -54.851, -14.229 ], [ -54.874, -14.222 ], [ -54.875, -14.211 ], [ -54.935, -14.241 ], [ -54.961, -14.221 ], [ -54.984, -14.224 ], [ -55.033, -14.256 ], [ -55.039, -14.23 ], [ -55.069, -14.205 ], [ -55.093, -14.214 ], [ -55.121, -14.204 ], [ -55.142, -14.222 ], [ -55.163, -14.211 ], [ -55.182, -14.223 ], [ -55.201, -14.218 ], [ -55.242, -14.242 ], [ -55.201, -14.251 ], [ -55.222, -14.289 ], [ -55.259, -14.3 ], [ -55.263, -14.29 ], [ -55.269, -14.297 ], [ -55.278, -14.291 ], [ -55.282, -14.305 ], [ -55.284, -14.295 ], [ -55.289, -14.303 ], [ -55.307, -14.29 ], [ -55.309, -14.316 ], [ -55.319, -14.307 ], [ -55.321, -14.322 ], [ -55.324, -14.315 ], [ -55.326, -14.326 ], [ -55.335, -14.326 ], [ -55.35, -14.311 ], [ -55.35, -14.327 ], [ -55.362, -14.321 ], [ -55.358, -14.337 ], [ -55.365, -14.339 ], [ -55.378, -14.331 ], [ -55.381, -14.339 ], [ -55.406, -14.336 ], [ -55.41, -14.322 ], [ -55.415, -14.33 ], [ -55.43, -14.32 ], [ -55.435, -14.35 ], [ -55.449, -14.331 ], [ -55.455, -14.351 ], [ -55.464, -14.339 ], [ -55.46, -14.363 ], [ -55.469, -14.352 ], [ -55.493, -14.363 ], [ -55.493, -14.372 ], [ -55.5, -14.366 ], [ -55.502, -14.38 ], [ -55.535, -14.389 ], [ -55.538, -14.412 ], [ -55.572, -14.413 ], [ -55.572, -14.426 ], [ -55.587, -14.422 ], [ -55.604, -14.442 ], [ -55.624, -14.438 ], [ -55.635, -14.452 ], [ -55.658, -14.44 ], [ -55.669, -14.455 ], [ -55.68, -14.447 ], [ -55.695, -14.475 ], [ -55.706, -14.456 ], [ -55.717, -14.47 ], [ -55.728, -14.459 ], [ -55.735, -14.473 ], [ -55.745, -14.47 ], [ -55.745, -14.488 ], [ -55.753, -14.482 ], [ -55.761, -14.491 ], [ -55.756, -14.498 ], [ -55.769, -14.499 ], [ -55.771, -14.512 ], [ -55.783, -14.504 ], [ -55.828, -14.516 ], [ -55.856, -14.552 ], [ -55.838, -14.578 ], [ -55.85, -14.581 ], [ -55.833, -14.597 ], [ -55.845, -14.6 ], [ -55.832, -14.619 ], [ -55.846, -14.653 ], [ -55.856, -14.656 ], [ -55.863, -14.645 ], [ -55.872, -14.663 ], [ -55.878, -14.654 ], [ -55.883, -14.665 ], [ -55.893, -14.66 ], [ -55.901, -14.675 ], [ -55.918, -14.667 ], [ -55.929, -14.683 ], [ -55.99, -14.668 ], [ -55.994, -14.679 ], [ -56.015, -14.665 ], [ -56.031, -14.674 ], [ -56.028, -14.681 ] ] ], [ [ [ -56.783, -15.395 ], [ -56.852, -15.452 ], [ -56.905, -15.517 ], [ -56.825, -15.47 ], [ -56.81, -15.5 ], [ -56.782, -15.516 ], [ -56.744, -15.519 ], [ -56.717, -15.495 ], [ -56.716, -15.478 ], [ -56.683, -15.479 ], [ -56.649, -15.438 ], [ -56.687, -15.427 ], [ -56.712, -15.405 ], [ -56.726, -15.41 ], [ -56.735, -15.403 ], [ -56.745, -15.417 ], [ -56.772, -15.41 ], [ -56.783, -15.395 ] ] ] ] } },
{ "type": "Feature", "properties": { "id_municipio": 5107743, "municipio": "Santa Cruz do Xingu", "grupo": "resto_mt", "slug": "santa-cruz-do-xingu" }, "geometry": { "type": "MultiPolygon", "coordinates": [ [ [ [ -52.161, -10.259 ], [ -52.13, -10.271 ], [ -52.114, -10.247 ], [ -52.118, -10.233 ], [ -52.065, -10.206 ], [ -52.094, -10.173 ], [ -52.071, -10.159 ], [ -52.061, -10.127 ], [ -52.072, -10.117 ], [ -52.061, -10.102 ], [ -52.092, -10.086 ], [ -52.103, -10.055 ], [ -52.135, -10.035 ], [ -52.15, -10.042 ], [ -52.155, -10.003 ], [ -52.172, -10.007 ], [ -52.186, -10.027 ], [ -52.213, -10.016 ], [ -52.208, -9.987 ], [ -52.223, -9.951 ], [ -52.222, -9.878 ], [ -52.244, -9.854 ], [ -52.225, -9.838 ], [ -52.212, -9.852 ], [ -52.192, -9.839 ], [ -52.191, -9.798 ], [ -52.207, -9.775 ], [ -52.215, -9.791 ], [ -52.25, -9.79 ], [ -52.272, -9.778 ], [ -52.276, -9.77 ], [ -52.263, -9.762 ], [ -52.218, -9.763 ], [ -52.229, -9.729 ], [ -52.257, -9.708 ], [ -52.622, -9.683 ], [ -52.631, -9.697 ], [ -52.63, -9.731 ], [ -52.657, -9.782 ], [ -52.704, -9.805 ], [ -52.733, -9.804 ], [ -52.776, -9.833 ], [ -52.799, -9.88 ], [ -52.824, -9.905 ], [ -52.858, -9.92 ], [ -52.869, -9.949 ], [ -52.888, -9.957 ], [ -52.896, -9.993 ], [ -52.979, -10.056 ], [ -52.995, -10.081 ], [ -52.991, -10.108 ], [ -53.003, -10.14 ], [ -52.998, -10.155 ], [ -52.98, -10.163 ], [ -52.972, -10.252 ], [ -52.954, -10.274 ], [ -52.959, -10.302 ], [ -52.991, -10.322 ], [ -52.99, -10.332 ], [ -52.974, -10.332 ], [ -52.968, -10.342 ], [ -52.948, -10.336 ], [ -52.943, -10.36 ], [ -52.928, -10.355 ], [ -52.918, -10.374 ], [ -52.9, -10.373 ], [ -52.888, -10.401 ], [ -52.869, -10.386 ], [ -52.819, -10.376 ], [ -52.734, -10.397 ], [ -52.704, -10.389 ], [ -52.683, -10.371 ], [ -52.655, -10.374 ], [ -52.571, -10.347 ], [ -52.53, -10.349 ], [ -52.516, -10.334 ], [ -52.503, -10.351 ], [ -52.478, -10.323 ], [ -52.423, -10.331 ], [ -52.401, -10.351 ], [ -52.359, -10.327 ], [ -52.319, -10.35 ], [ -52.28, -10.315 ], [ -52.235, -10.301 ], [ -52.221, -10.273 ], [ -52.161, -10.259 ] ] ] ] } },
{ "type": "Feature", "properties": { "id_municipio": 5107750, "municipio": "Salto do Céu", "grupo": "resto_mt", "slug": "salto-do-ceu" }, "geometry": { "type": "MultiPolygon", "coordinates": [ [ [ [ -58.148, -15.178 ], [ -58.136, -15.197 ], [ -58.039, -15.192 ], [ -58.037, -15.207 ], [ -58.018, -15.222 ], [ -57.975, -15.216 ], [ -57.933, -15.237 ], [ -57.837, -15.198 ], [ -57.823, -15.142 ], [ -57.742, -15.147 ], [ -57.695, -15.132 ], [ -57.677, -15.136 ], [ -57.667, -15.116 ], [ -57.689, -15.082 ], [ -57.7, -15.029 ], [ -57.735, -15.006 ], [ -57.731, -15.0 ], [ -58.018, -15.0 ], [ -58.037, -14.969 ], [ -58.058, -14.96 ], [ -58.06, -14.924 ], [ -58.128, -14.89 ], [ -58.235, -14.912 ], [ -58.246, -14.872 ], [ -58.214, -14.798 ], [ -58.228, -14.77 ], [ -58.24, -14.768 ], [ -58.297, -14.802 ], [ -58.297, -14.834 ], [ -58.345, -14.913 ], [ -58.326, -14.961 ], [ -58.319, -15.042 ], [ -58.313, -15.065 ], [ -58.287, -15.097 ], [ -58.253, -15.108 ], [ -58.262, -15.137 ], [ -58.242, -15.173 ], [ -58.216, -15.158 ], [ -58.172, -15.18 ], [ -58.148, -15.178 ] ] ] ] } },
{ "type": "Feature", "properties": { "id_municipio": 5107768, "municipio": "Santa Rita do Trivelato", "grupo": "resto_mt", "slug": "santa-rita-do-trivelato" }, "geometry": { "type": "MultiPolygon", "coordinates": [ [ [ [ -55.254, -14.249 ], [ -55.201, -14.218 ], [ -55.182, -14.223 ], [ -55.163, -14.211 ], [ -55.142, -14.222 ], [ -55.119, -14.203 ], [ -55.093, -14.214 ], [ -55.069, -14.205 ], [ -55.039, -14.23 ], [ -55.033, -14.256 ], [ -54.984, -14.224 ], [ -54.961, -14.221 ], [ -54.935, -14.241 ], [ -54.875, -14.211 ], [ -54.868, -14.178 ], [ -54.89, -14.154 ], [ -54.886, -14.144 ], [ -54.897, -14.127 ], [ -54.887, -14.106 ], [ -54.907, -14.109 ], [ -54.904, -14.094 ], [ -54.927, -14.092 ], [ -54.921, -14.06 ], [ -54.93, -14.028 ], [ -54.91, -14.032 ], [ -54.919, -14.0 ], [ -54.898, -13.996 ], [ -54.921, -13.981 ], [ -54.907, -13.969 ], [ -54.932, -13.964 ], [ -54.933, -13.933 ], [ -54.947, -13.955 ], [ -54.974, -13.931 ], [ -54.975, -13.912 ], [ -54.963, -13.895 ], [ -54.972, -13.881 ], [ -55.014, -13.883 ], [ -55.005, -13.873 ], [ -54.979, -13.878 ], [ -54.972, -13.866 ], [ -55.001, -13.849 ], [ -54.997, -13.821 ], [ -55.027, -13.785 ], [ -55.049, -13.777 ], [ -55.046, -13.75 ], [ -55.087, -13.73 ], [ -55.084, -13.717 ], [ -55.1, -13.701 ], [ -55.085, -13.688 ], [ -55.086, -13.663 ], [ -55.108, -13.651 ], [ -55.119, -13.666 ], [ -55.133, -13.65 ], [ -55.152, -13.652 ], [ -55.151, -13.641 ], [ -55.163, -13.647 ], [ -55.177, -13.62 ], [ -55.217, -13.599 ], [ -55.229, -13.611 ], [ -55.242, -13.603 ], [ -55.255, -13.611 ], [ -55.267, -13.597 ], [ -55.266, -13.578 ], [ -55.284, -13.594 ], [ -55.293, -13.589 ], [ -55.293, -13.571 ], [ -55.332, -13.562 ], [ -55.348, -13.492 ], [ -55.34, -13.488 ], [ -55.356, -13.481 ], [ -55.375, -13.5 ], [ -55.395, -13.496 ], [ -55.381, -13.474 ], [ -55.395, -13.458 ], [ -55.391, -13.422 ], [ -55.416, -13.417 ], [ -55.428, -13.43 ], [ -55.439, -13.423 ], [ -55.429, -13.385 ], [ -55.452, -13.373 ], [ -55.464, -13.393 ], [ -55.477, -13.391 ], [ -55.498, -13.367 ], [ -55.498, -13.336 ], [ -55.553, -13.326 ], [ -55.56, -13.312 ], [ -55.588, -13.312 ], [ -55.624, -13.343 ], [ -55.644, -13.379 ], [ -55.69, -13.354 ], [ -55.714, -13.369 ], [ -55.769, -13.342 ], [ -55.74, -13.396 ], [ -55.69, -13.415 ], [ -55.688, -13.452 ], [ -55.666, -13.48 ], [ -55.668, -13.492 ], [ -55.649, -13.506 ], [ -55.648, -13.537 ], [ -55.602, -13.614 ], [ -55.606, -13.695 ], [ -55.565, -13.716 ], [ -55.569, -13.746 ], [ -55.544, -13.765 ], [ -55.552, -13.771 ], [ -55.548, -13.793 ], [ -55.528, -13.817 ], [ -55.524, -13.864 ], [ -55.54, -13.907 ], [ -55.526, -13.941 ], [ -55.493, -13.962 ], [ -55.48, -14.003 ], [ -55.455, -14.024 ], [ -55.431, -14.1 ], [ -55.358, -14.159 ], [ -55.341, -14.19 ], [ -55.349, -14.205 ], [ -55.333, -14.21 ], [ -55.307, -14.243 ], [ -55.254, -14.249 ] ] ] ] } },
{ "type": "Feature", "properties": { "id_municipio": 5107776, "municipio": "Santa Terezinha", "grupo": "resto_mt", "slug": "santa-terezinha" }, "geometry": { "type": "MultiPolygon", "coordinates": [ [ [ [ -50.609, -10.076 ], [ -50.656, -10.203 ], [ -50.617, -10.255 ], [ -50.588, -10.264 ], [ -50.587, -10.288 ], [ -50.568, -10.321 ], [ -50.58, -10.328 ], [ -50.579, -10.32 ], [ -50.609, -10.318 ], [ -50.618, -10.301 ], [ -50.634, -10.306 ], [ -50.637, -10.296 ], [ -50.699, -10.294 ], [ -50.71, -10.307 ], [ -50.726, -10.306 ], [ -50.764, -10.273 ], [ -50.782, -10.28 ], [ -50.791, -10.265 ], [ -50.816, -10.277 ], [ -50.861, -10.266 ], [ -50.882, -10.277 ], [ -50.913, -10.274 ], [ -50.935, -10.266 ], [ -50.936, -10.242 ], [ -50.96, -10.215 ], [ -50.982, -10.208 ], [ -51.022, -10.234 ], [ -51.036, -10.227 ], [ -51.041, -10.24 ], [ -51.047, -10.235 ], [ -51.057, -10.25 ], [ -51.096, -10.267 ], [ -51.111, -10.267 ], [ -51.12, -10.251 ], [ -51.145, -10.25 ], [ -51.171, -10.274 ], [ -51.225, -10.286 ], [ -51.276, -10.4 ], [ -51.334, -10.428 ], [ -51.275, -10.473 ], [ -51.263, -10.502 ], [ -51.293, -10.537 ], [ -51.291, -10.568 ], [ -51.325, -10.581 ], [ -51.305, -10.629 ], [ -51.326, -10.633 ], [ -51.338, -10.621 ], [ -51.371, -10.639 ], [ -51.357, -10.669 ], [ -51.362, -10.701 ], [ -51.347, -10.719 ], [ -51.355, -10.749 ], [ -51.006, -10.764 ], [ -50.978, -10.776 ], [ -50.96, -10.755 ], [ -50.915, -10.742 ], [ -50.915, -10.73 ], [ -50.901, -10.728 ], [ -50.895, -10.714 ], [ -50.857, -10.704 ], [ -50.834, -10.71 ], [ -50.834, -10.699 ], [ -50.846, -10.703 ], [ -50.844, -10.692 ], [ -50.825, -10.687 ], [ -50.819, -10.665 ], [ -50.785, -10.649 ], [ -50.729, -10.655 ], [ -50.711, -10.647 ], [ -50.695, -10.659 ], [ -50.7, -10.676 ], [ -50.66, -10.672 ], [ -50.658, -10.686 ], [ -50.633, -10.687 ], [ -50.616, -10.671 ], [ -50.618, -10.66 ], [ -50.604, -10.661 ], [ -50.583, -10.644 ], [ -50.563, -10.611 ], [ -50.535, -10.602 ], [ -50.52, -10.562 ], [ -50.516, -10.504 ], [ -50.483, -10.49 ], [ -50.488, -10.468 ], [ -50.474, -10.405 ], [ -50.448, -10.392 ], [ -50.418, -10.356 ], [ -50.423, -10.327 ], [ -50.382, -10.219 ], [ -50.399, -10.164 ], [ -50.392, -10.134 ], [ -50.355, -10.077 ], [ -50.303, -10.035 ], [ -50.264, -9.908 ], [ -50.225, -9.841 ], [ -50.846, -9.801 ], [ -50.844, -9.867 ], [ -50.825, -9.869 ], [ -50.805, -9.921 ], [ -50.781, -9.94 ], [ -50.769, -9.968 ], [ -50.772, -9.993 ], [ -50.609, -10.076 ] ] ] ] } },
{ "type": "Feature", "properties": { "id_municipio": 5107792, "municipio": "Santo Antônio do Leste", "grupo": "resto_mt", "slug": "santo-antonio-do-leste" }, "geometry": { "type": "MultiPolygon", "coordinates": [ [ [ [ -53.351, -14.579 ], [ -53.366, -14.546 ], [ -53.394, -14.519 ], [ -53.408, -14.482 ], [ -53.421, -14.474 ], [ -53.432, -14.484 ], [ -53.444, -14.479 ], [ -53.437, -14.449 ], [ -53.454, -14.429 ], [ -53.454, -14.409 ], [ -53.467, -14.403 ], [ -53.492, -14.422 ], [ -53.499, -14.441 ], [ -53.517, -14.444 ], [ -53.517, -14.462 ], [ -53.534, -14.463 ], [ -53.551, -14.484 ], [ -53.561, -14.501 ], [ -53.551, -14.512 ], [ -53.578, -14.545 ], [ -53.622, -14.565 ], [ -53.698, -14.576 ], [ -53.722, -14.612 ], [ -53.772, -14.63 ], [ -53.795, -14.671 ], [ -53.822, -14.673 ], [ -53.862, -14.703 ], [ -53.868, -14.721 ], [ -53.911, -14.747 ], [ -53.979, -14.768 ], [ -54.044, -14.819 ], [ -54.077, -14.828 ], [ -54.197, -14.825 ], [ -54.165, -14.847 ], [ -54.118, -14.855 ], [ -54.027, -14.898 ], [ -54.015, -14.914 ], [ -54.019, -14.924 ], [ -54.003, -14.929 ], [ -53.983, -14.966 ], [ -53.933, -14.99 ], [ -53.947, -15.039 ], [ -53.943, -15.08 ], [ -53.87, -15.086 ], [ -53.859, -15.105 ], [ -53.798, -15.131 ], [ -53.762, -15.121 ], [ -53.734, -15.133 ], [ -53.702, -15.098 ], [ -53.7, -15.082 ], [ -53.633, -15.046 ], [ -53.567, -14.961 ], [ -53.522, -14.956 ], [ -53.292, -14.863 ], [ -53.36, -14.787 ], [ -53.353, -14.752 ], [ -53.401, -14.726 ], [ -53.396, -14.701 ], [ -53.378, -14.693 ], [ -53.351, -14.579 ] ] ] ] } },
{ "type": "Feature", "properties": { "id_municipio": 5107800, "municipio": "Santo Antônio do Leverger", "grupo": "pantanal_norte", "slug": "santo-antonio-do-leverger" }, "geometry": { "type": "MultiPolygon", "coordinates": [ [ [ [ -55.604, -17.367 ], [ -55.597, -17.359 ], [ -55.594, -17.369 ], [ -55.591, -17.37 ], [ -55.592, -17.353 ], [ -55.578, -17.354 ], [ -55.574, -17.342 ], [ -55.532, -17.328 ], [ -55.502, -17.353 ], [ -55.495, -17.345 ], [ -55.462, -17.348 ], [ -55.465, -17.354 ], [ -55.434, -17.372 ], [ -55.412, -17.357 ], [ -55.396, -17.364 ], [ -55.381, -17.354 ], [ -55.368, -17.364 ], [ -55.353, -17.347 ], [ -55.355, -17.335 ], [ -55.327, -17.336 ], [ -55.307, -17.322 ], [ -55.3, -17.29 ], [ -55.26, -17.296 ], [ -55.231, -17.272 ], [ -55.208, -17.27 ], [ -55.208, -17.242 ], [ -55.182, -17.223 ], [ -55.188, -17.212 ], [ -55.169, -17.207 ], [ -55.156, -17.191 ], [ -55.136, -17.196 ], [ -55.131, -17.181 ], [ -55.115, -17.185 ], [ -55.1, -17.152 ], [ -55.08, -17.142 ], [ -55.082, -17.133 ], [ -55.054, -17.128 ], [ -55.057, -17.121 ], [ -55.028, -17.103 ], [ -54.991, -17.117 ], [ -54.95, -17.109 ], [ -54.938, -17.103 ], [ -54.936, -17.086 ], [ -54.918, -17.092 ], [ -54.895, -17.074 ], [ -54.914, -17.075 ], [ -54.922, -17.058 ], [ -54.905, -17.016 ], [ -54.933, -17.016 ], [ -54.934, -17.002 ], [ -54.928, -16.979 ], [ -54.906, -16.966 ], [ -54.932, -16.958 ], [ -54.916, -16.923 ], [ -54.931, -16.928 ], [ -54.92, -16.906 ], [ -54.932, -16.902 ], [ -54.919, -16.879 ], [ -54.895, -16.874 ], [ -54.904, -16.858 ], [ -54.885, -16.838 ], [ -54.9, -16.833 ], [ -54.895, -16.799 ], [ -54.911, -16.788 ], [ -54.897, -16.775 ], [ -54.916, -16.781 ], [ -54.918, -16.768 ], [ -54.936, -16.775 ], [ -54.936, -16.753 ], [ -54.946, -16.745 ], [ -54.957, -16.751 ], [ -54.933, -16.701 ], [ -54.959, -16.705 ], [ -54.948, -16.683 ], [ -54.975, -16.673 ], [ -54.996, -16.681 ], [ -54.993, -16.662 ], [ -54.954, -16.627 ], [ -54.968, -16.609 ], [ -54.951, -16.605 ], [ -54.973, -16.584 ], [ -54.974, -16.569 ], [ -54.949, -16.561 ], [ -54.961, -16.544 ], [ -54.937, -16.535 ], [ -54.97, -16.471 ], [ -54.991, -16.478 ], [ -54.982, -16.494 ], [ -54.999, -16.491 ], [ -54.996, -16.505 ], [ -55.016, -16.519 ], [ -55.035, -16.463 ], [ -55.06, -16.446 ], [ -55.097, -16.44 ], [ -55.117, -16.449 ], [ -55.157, -16.442 ], [ -55.159, -16.465 ], [ -55.142, -16.459 ], [ -55.153, -16.471 ], [ -55.141, -16.472 ], [ -55.131, -16.457 ], [ -55.129, -16.469 ], [ -55.157, -16.487 ], [ -55.151, -16.494 ], [ -55.159, -16.503 ], [ -55.141, -16.501 ], [ -55.161, -16.517 ], [ -55.171, -16.52 ], [ -55.171, -16.505 ], [ -55.196, -16.499 ], [ -55.181, -16.529 ], [ -55.226, -16.524 ], [ -55.249, -16.537 ], [ -55.271, -16.522 ], [ -55.302, -16.527 ], [ -55.276, -16.495 ], [ -55.289, -16.487 ], [ -55.284, -16.462 ], [ -55.299, -16.452 ], [ -55.282, -16.457 ], [ -55.288, -16.444 ], [ -55.266, -16.429 ], [ -55.294, -16.435 ], [ -55.29, -16.404 ], [ -55.312, -16.438 ], [ -55.317, -16.421 ], [ -55.347, -16.422 ], [ -55.346, -16.409 ], [ -55.375, -16.406 ], [ -55.39, -16.39 ], [ -55.359, -16.382 ], [ -55.353, -16.367 ], [ -55.371, -16.358 ], [ -55.348, -16.315 ], [ -55.367, -16.31 ], [ -55.371, -16.325 ], [ -55.386, -16.332 ], [ -55.394, -16.313 ], [ -55.424, -16.322 ], [ -55.416, -16.307 ], [ -55.424, -16.305 ], [ -55.478, -16.313 ], [ -55.472, -16.279 ], [ -55.485, -16.295 ], [ -55.519, -16.309 ], [ -55.519, -16.273 ], [ -55.54, -16.286 ], [ -55.518, -16.261 ], [ -55.529, -16.254 ], [ -55.526, -16.241 ], [ -55.545, -16.243 ], [ -55.54, -16.239 ], [ -55.506, -16.227 ], [ -55.475, -16.18 ], [ -55.438, -16.162 ], [ -55.43, -16.145 ], [ -55.412, -16.142 ], [ -55.397, -16.109 ], [ -55.377, -16.119 ], [ -55.36, -16.108 ], [ -55.374, -16.103 ], [ -55.365, -16.088 ], [ -55.377, -16.078 ], [ -55.368, -16.063 ], [ -55.372, -16.041 ], [ -55.347, -16.032 ], [ -55.358, -16.026 ], [ -55.35, -16.02 ], [ -55.352, -16.017 ], [ -55.378, -16.03 ], [ -55.376, -16.014 ], [ -55.389, -16.018 ], [ -55.386, -16.009 ], [ -55.398, -16.005 ], [ -55.373, -15.981 ], [ -55.403, -15.991 ], [ -55.418, -15.968 ], [ -55.434, -15.977 ], [ -55.428, -15.954 ], [ -55.415, -15.951 ], [ -55.426, -15.943 ], [ -55.417, -15.942 ], [ -55.419, -15.931 ], [ -55.435, -15.932 ], [ -55.438, -15.945 ], [ -55.457, -15.94 ], [ -55.497, -15.989 ], [ -55.498, -15.979 ], [ -55.507, -15.988 ], [ -55.516, -15.983 ], [ -55.481, -15.933 ], [ -55.463, -15.87 ], [ -55.496, -15.907 ], [ -55.497, -15.895 ], [ -55.504, -15.901 ], [ -55.504, -15.886 ], [ -55.514, -15.884 ], [ -55.516, -15.907 ], [ -55.529, -15.902 ], [ -55.531, -15.914 ], [ -55.542, -15.907 ], [ -55.548, -15.92 ], [ -55.567, -15.921 ], [ -55.566, -15.911 ], [ -55.581, -15.909 ], [ -55.563, -15.883 ], [ -55.572, -15.871 ], [ -55.547, -15.861 ], [ -55.559, -15.852 ], [ -55.541, -15.854 ], [ -55.541, -15.836 ], [ -55.556, -15.829 ], [ -55.554, -15.809 ], [ -55.567, -15.818 ], [ -55.563, -15.81 ], [ -55.582, -15.806 ], [ -55.557, -15.806 ], [ -55.576, -15.792 ], [ -55.567, -15.772 ], [ -55.548, -15.764 ], [ -55.549, -15.772 ], [ -55.53, -15.758 ], [ -55.541, -15.755 ], [ -55.539, -15.737 ], [ -55.619, -15.737 ], [ -55.633, -15.715 ], [ -55.671, -15.727 ], [ -55.71, -15.705 ], [ -55.893, -15.699 ], [ -56.096, -15.768 ], [ -56.146, -15.77 ], [ -56.097, -15.785 ], [ -56.093, -15.93 ], [ -56.047, -15.975 ], [ -56.038, -16.032 ], [ -55.988, -16.094 ], [ -55.949, -16.166 ], [ -55.924, -16.141 ], [ -55.938, -16.131 ], [ -55.924, -16.134 ], [ -55.918, -16.124 ], [ -55.904, -16.131 ], [ -55.901, -16.115 ], [ -55.694, -16.3 ], [ -55.664, -16.3 ], [ -55.645, -16.329 ], [ -55.634, -16.325 ], [ -55.597, -16.358 ], [ -55.569, -16.35 ], [ -55.555, -16.366 ], [ -55.508, -16.374 ], [ -55.494, -16.389 ], [ -55.604, -17.367 ] ] ] ] } },
{ "type": "Feature", "properties": { "id_municipio": 5107859, "municipio": "São Félix do Araguaia", "grupo": "resto_mt", "slug": "sao-felix-do-araguaia" }, "geometry": { "type": "MultiPolygon", "coordinates": [ [ [ [ -51.408, -11.577 ], [ -51.387, -11.586 ], [ -51.393, -11.604 ], [ -51.367, -11.64 ], [ -51.345, -11.624 ], [ -51.289, -11.613 ], [ -51.324, -11.653 ], [ -51.268, -11.648 ], [ -51.286, -11.669 ], [ -51.284, -11.716 ], [ -51.347, -11.725 ], [ -51.369, -11.744 ], [ -51.364, -11.798 ], [ -51.373, -11.804 ], [ -51.356, -11.822 ], [ -51.339, -11.816 ], [ -51.335, -11.847 ], [ -51.297, -11.823 ], [ -51.204, -11.816 ], [ -51.156, -11.789 ], [ -51.142, -11.803 ], [ -51.123, -11.805 ], [ -51.185, -11.842 ], [ -51.205, -11.934 ], [ -51.255, -11.971 ], [ -51.274, -12.006 ], [ -51.298, -12.016 ], [ -51.296, -12.043 ], [ -51.225, -11.986 ], [ -51.204, -11.984 ], [ -51.181, -12.009 ], [ -51.163, -12.005 ], [ -51.142, -12.019 ], [ -51.134, -12.042 ], [ -51.099, -12.065 ], [ -51.066, -12.117 ], [ -51.017, -12.123 ], [ -50.983, -12.103 ], [ -50.96, -12.107 ], [ -50.942, -12.099 ], [ -50.946, -12.075 ], [ -50.917, -12.062 ], [ -50.92, -12.045 ], [ -50.902, -12.04 ], [ -50.91, -12.031 ], [ -50.893, -12.031 ], [ -50.891, -12.012 ], [ -50.876, -12.005 ], [ -50.877, -11.976 ], [ -50.861, -11.965 ], [ -50.845, -11.879 ], [ -50.81, -11.82 ], [ -50.764, -11.802 ], [ -50.765, -11.786 ], [ -50.725, -11.757 ], [ -50.739, -11.744 ], [ -50.737, -11.733 ], [ -50.715, -11.727 ], [ -50.664, -11.678 ], [ -50.659, -11.59 ], [ -50.716, -11.579 ], [ -50.741, -11.537 ], [ -50.739, -11.435 ], [ -50.7, -11.31 ], [ -51.519, -11.178 ], [ -51.486, -11.205 ], [ -51.487, -11.252 ], [ -51.513, -11.264 ], [ -51.561, -11.312 ], [ -51.56, -11.328 ], [ -51.58, -11.355 ], [ -51.628, -11.368 ], [ -51.631, -11.42 ], [ -51.657, -11.459 ], [ -51.715, -11.466 ], [ -51.73, -11.481 ], [ -51.752, -11.485 ], [ -51.781, -11.518 ], [ -51.852, -11.507 ], [ -51.937, -11.526 ], [ -52.025, -11.393 ], [ -52.037, -11.33 ], [ -52.025, -11.314 ], [ -52.028, -11.296 ], [ -52.046, -11.28 ], [ -52.065, -11.28 ], [ -52.11, -11.243 ], [ -52.121, -11.198 ], [ -52.11, -11.161 ], [ -52.148, -11.131 ], [ -52.153, -11.135 ], [ -52.171, -11.117 ], [ -52.164, -11.111 ], [ -52.173, -11.094 ], [ -52.198, -11.089 ], [ -52.195, -11.076 ], [ -52.209, -11.072 ], [ -52.2, -11.072 ], [ -52.211, -11.056 ], [ -52.203, -11.052 ], [ -52.223, -11.032 ], [ -52.309, -11.055 ], [ -52.386, -11.056 ], [ -52.421, -11.092 ], [ -52.442, -11.098 ], [ -52.446, -11.068 ], [ -52.456, -11.081 ], [ -52.501, -11.095 ], [ -52.532, -11.089 ], [ -52.54, -11.072 ], [ -52.556, -11.068 ], [ -52.622, -11.078 ], [ -52.642, -11.07 ], [ -52.669, -11.081 ], [ -52.706, -11.055 ], [ -52.756, -11.044 ], [ -52.801, -11.103 ], [ -52.813, -11.109 ], [ -52.846, -11.097 ], [ -52.849, -11.103 ], [ -52.871, -11.088 ], [ -52.892, -11.046 ], [ -52.913, -11.041 ], [ -52.927, -10.986 ], [ -52.921, -10.974 ], [ -52.935, -10.947 ], [ -52.96, -10.936 ], [ -53.008, -10.891 ], [ -53.027, -10.898 ], [ -53.058, -10.889 ], [ -53.086, -10.902 ], [ -53.087, -10.888 ], [ -53.102, -10.889 ], [ -53.116, -10.861 ], [ -53.129, -10.856 ], [ -53.118, -10.84 ], [ -53.123, -10.831 ], [ -53.129, -10.846 ], [ -53.163, -10.859 ], [ -53.238, -10.871 ], [ -53.318, -10.958 ], [ -53.316, -11.0 ], [ -53.282, -11.047 ], [ -53.289, -11.078 ], [ -53.264, -11.095 ], [ -53.264, -11.111 ], [ -53.242, -11.148 ], [ -53.246, -11.217 ], [ -53.224, -11.249 ], [ -53.224, -11.266 ], [ -53.23, -11.271 ], [ -53.243, -11.263 ], [ -53.242, -11.282 ], [ -53.233, -11.294 ], [ -53.227, -11.28 ], [ -53.206, -11.294 ], [ -53.169, -11.34 ], [ -53.154, -11.334 ], [ -53.152, -11.362 ], [ -53.12, -11.379 ], [ -53.112, -11.373 ], [ -53.109, -11.412 ], [ -53.097, -11.402 ], [ -53.077, -11.411 ], [ -53.083, -11.424 ], [ -53.098, -11.422 ], [ -53.104, -11.453 ], [ -53.083, -11.462 ], [ -53.071, -11.451 ], [ -53.06, -11.456 ], [ -53.042, -11.479 ], [ -53.039, -11.509 ], [ -53.021, -11.515 ], [ -53.014, -11.533 ], [ -53.004, -11.538 ], [ -52.984, -11.518 ], [ -52.965, -11.522 ], [ -52.977, -11.549 ], [ -52.96, -11.569 ], [ -52.963, -11.6 ], [ -52.948, -11.616 ], [ -52.933, -11.575 ], [ -52.887, -11.594 ], [ -52.877, -11.58 ], [ -52.842, -11.619 ], [ -52.831, -11.602 ], [ -52.805, -11.623 ], [ -52.807, -11.608 ], [ -52.794, -11.61 ], [ -52.802, -11.628 ], [ -52.796, -11.637 ], [ -52.775, -11.631 ], [ -52.734, -11.647 ], [ -52.729, -11.634 ], [ -52.681, -11.675 ], [ -52.672, -11.651 ], [ -52.661, -11.65 ], [ -52.639, -11.683 ], [ -52.616, -11.694 ], [ -52.607, -11.685 ], [ -52.582, -11.705 ], [ -52.571, -11.696 ], [ -52.574, -11.682 ], [ -52.545, -11.67 ], [ -52.517, -11.708 ], [ -52.505, -11.688 ], [ -52.483, -11.692 ], [ -52.463, -11.682 ], [ -52.454, -11.687 ], [ -52.472, -11.698 ], [ -52.465, -11.708 ], [ -52.436, -11.701 ], [ -52.419, -11.729 ], [ -52.414, -11.713 ], [ -52.402, -11.721 ], [ -52.398, -11.713 ], [ -52.389, -11.71 ], [ -52.388, -11.722 ], [ -52.362, -11.728 ], [ -52.357, -11.749 ], [ -52.298, -11.774 ], [ -52.295, -11.79 ], [ -52.273, -11.78 ], [ -52.274, -11.793 ], [ -52.246, -11.829 ], [ -52.231, -11.822 ], [ -52.185, -11.762 ], [ -52.158, -11.748 ], [ -52.111, -11.75 ], [ -52.071, -11.778 ], [ -52.026, -11.79 ], [ -51.995, -11.772 ], [ -51.985, -11.727 ], [ -51.762, -11.715 ], [ -51.721, -11.729 ], [ -51.605, -11.699 ], [ -51.593, -11.686 ], [ -51.453, -11.677 ], [ -51.45, -11.644 ], [ -51.414, -11.606 ], [ -51.408, -11.577 ] ] ] ] } },
{ "type": "Feature", "properties": { "id_municipio": 5107875, "municipio": "Sapezal", "grupo": "resto_mt", "slug": "sapezal" }, "geometry": { "type": "MultiPolygon", "coordinates": [ [ [ [ -58.084, -14.0 ], [ -58.077, -13.969 ], [ -58.169, -13.96 ], [ -58.235, -13.927 ], [ -58.302, -13.849 ], [ -58.317, -13.746 ], [ -58.386, -13.585 ], [ -58.408, -13.558 ], [ -58.397, -13.535 ], [ -58.384, -13.539 ], [ -58.39, -13.531 ], [ -58.372, -13.519 ], [ -58.377, -13.501 ], [ -58.353, -13.472 ], [ -58.336, -13.324 ], [ -58.312, -13.291 ], [ -58.322, -13.276 ], [ -58.303, -13.257 ], [ -58.305, -13.241 ], [ -58.297, -13.239 ], [ -58.304, -13.23 ], [ -58.276, -13.178 ], [ -58.269, -13.111 ], [ -58.282, -13.083 ], [ -58.284, -13.033 ], [ -58.273, -13.018 ], [ -58.283, -13.004 ], [ -58.278, -12.948 ], [ -58.299, -12.929 ], [ -58.295, -12.913 ], [ -58.313, -12.909 ], [ -58.341, -12.879 ], [ -58.355, -12.824 ], [ -58.383, -12.823 ], [ -58.401, -12.794 ], [ -58.393, -12.785 ], [ -58.403, -12.774 ], [ -58.397, -12.748 ], [ -58.411, -12.698 ], [ -58.4, -12.674 ], [ -58.414, -12.664 ], [ -58.414, -12.626 ], [ -58.449, -12.55 ], [ -58.424, -12.506 ], [ -58.439, -12.502 ], [ -58.457, -12.468 ], [ -58.444, -12.429 ], [ -58.466, -12.397 ], [ -58.472, -12.358 ], [ -58.491, -12.353 ], [ -58.486, -12.299 ], [ -58.506, -12.302 ], [ -58.514, -12.282 ], [ -58.528, -12.275 ], [ -58.529, -12.254 ], [ -58.514, -12.246 ], [ -58.475, -12.167 ], [ -58.474, -12.149 ], [ -58.491, -12.124 ], [ -58.488, -12.055 ], [ -58.477, -12.044 ], [ -58.488, -12.028 ], [ -58.475, -12.021 ], [ -58.462, -11.988 ], [ -58.466, -11.956 ], [ -58.448, -11.922 ], [ -58.455, -11.918 ], [ -58.5, -11.937 ], [ -58.531, -11.998 ], [ -58.552, -11.987 ], [ -58.551, -12.009 ], [ -58.565, -12.018 ], [ -58.581, -12.012 ], [ -58.588, -12.039 ], [ -58.661, -12.054 ], [ -58.684, -12.097 ], [ -58.698, -12.087 ], [ -58.708, -12.118 ], [ -58.736, -12.14 ], [ -58.751, -12.136 ], [ -58.787, -12.157 ], [ -58.795, -12.172 ], [ -58.825, -12.184 ], [ -58.838, -12.203 ], [ -58.869, -12.213 ], [ -58.876, -12.258 ], [ -58.846, -12.332 ], [ -58.859, -12.411 ], [ -58.854, -12.437 ], [ -58.862, -12.46 ], [ -58.912, -12.501 ], [ -58.908, -12.531 ], [ -58.931, -12.571 ], [ -58.924, -12.62 ], [ -58.938, -12.636 ], [ -58.926, -12.656 ], [ -58.952, -12.71 ], [ -58.915, -12.917 ], [ -58.925, -12.92 ], [ -58.931, -12.969 ], [ -58.959, -12.99 ], [ -58.96, -13.021 ], [ -58.978, -13.057 ], [ -58.967, -13.062 ], [ -58.98, -13.065 ], [ -58.976, -13.08 ], [ -58.963, -13.083 ], [ -58.959, -13.125 ], [ -59.004, -13.181 ], [ -58.982, -13.192 ], [ -58.984, -13.201 ], [ -58.995, -13.219 ], [ -59.019, -13.207 ], [ -59.037, -13.243 ], [ -59.013, -13.251 ], [ -59.036, -13.312 ], [ -59.017, -13.33 ], [ -59.033, -13.346 ], [ -59.021, -13.345 ], [ -59.025, -13.36 ], [ -59.013, -13.369 ], [ -59.017, -13.387 ], [ -59.007, -13.389 ], [ -58.998, -13.439 ], [ -59.005, -13.46 ], [ -59.017, -13.461 ], [ -59.014, -13.492 ], [ -59.03, -13.496 ], [ -59.015, -13.511 ], [ -59.027, -13.519 ], [ -59.024, -13.542 ], [ -59.036, -13.551 ], [ -59.025, -13.559 ], [ -59.036, -13.592 ], [ -59.004, -13.627 ], [ -59.014, -13.633 ], [ -59.009, -13.646 ], [ -59.021, -13.65 ], [ -59.016, -13.672 ], [ -58.999, -13.688 ], [ -59.011, -13.692 ], [ -59.003, -13.708 ], [ -59.017, -13.711 ], [ -59.017, -13.722 ], [ -59.007, -13.725 ], [ -59.01, -13.766 ], [ -58.996, -13.776 ], [ -58.978, -13.836 ], [ -58.981, -13.854 ], [ -58.996, -13.859 ], [ -59.01, -13.9 ], [ -59.021, -13.905 ], [ -59.017, -13.924 ], [ -59.028, -13.933 ], [ -59.017, -13.935 ], [ -59.017, -13.953 ], [ -59.023, -13.963 ], [ -59.032, -13.959 ], [ -59.025, -13.977 ], [ -59.039, -13.976 ], [ -59.046, -14.0 ], [ -58.084, -14.0 ] ] ] ] } },
{ "type": "Feature", "properties": { "id_municipio": 5107883, "municipio": "Serra Nova Dourada", "grupo": "resto_mt", "slug": "serra-nova-dourada" }, "geometry": { "type": "MultiPolygon", "coordinates": [ [ [ [ -51.557, -12.025 ], [ -51.542, -12.06 ], [ -51.474, -12.135 ], [ -51.442, -12.151 ], [ -51.422, -12.179 ], [ -51.395, -12.188 ], [ -51.388, -12.203 ], [ -51.401, -12.235 ], [ -51.389, -12.239 ], [ -51.37, -12.276 ], [ -51.361, -12.325 ], [ -51.317, -12.328 ], [ -51.306, -12.347 ], [ -51.287, -12.352 ], [ -51.31, -12.32 ], [ -51.288, -12.256 ], [ -51.309, -12.22 ], [ -51.306, -12.17 ], [ -51.232, -12.105 ], [ -51.207, -12.109 ], [ -51.164, -12.096 ], [ -51.13, -12.07 ], [ -51.085, -12.084 ], [ -51.134, -12.042 ], [ -51.142, -12.019 ], [ -51.163, -12.005 ], [ -51.181, -12.009 ], [ -51.204, -11.984 ], [ -51.225, -11.986 ], [ -51.296, -12.043 ], [ -51.3, -12.023 ], [ -51.263, -11.996 ], [ -51.255, -11.971 ], [ -51.205, -11.934 ], [ -51.185, -11.842 ], [ -51.123, -11.805 ], [ -51.142, -11.803 ], [ -51.156, -11.789 ], [ -51.214, -11.819 ], [ -51.297, -11.823 ], [ -51.353, -11.865 ], [ -51.401, -11.867 ], [ -51.476, -11.923 ], [ -51.564, -11.866 ], [ -51.552, -11.907 ], [ -51.612, -11.925 ], [ -51.651, -11.926 ], [ -51.662, -11.962 ], [ -51.647, -11.974 ], [ -51.604, -11.981 ], [ -51.586, -12.02 ], [ -51.557, -12.025 ] ] ] ] } },
{ "type": "Feature", "properties": { "id_municipio": 5107909, "municipio": "Sinop", "grupo": "resto_mt", "slug": "sinop" }, "geometry": { "type": "MultiPolygon", "coordinates": [ [ [ [ -55.51, -12.156 ], [ -55.492, -12.147 ], [ -55.475, -12.158 ], [ -55.451, -12.155 ], [ -55.442, -12.166 ], [ -55.43, -12.15 ], [ -55.398, -12.154 ], [ -55.373, -12.187 ], [ -55.307, -12.09 ], [ -55.409, -12.089 ], [ -55.38, -12.054 ], [ -55.391, -12.0 ], [ -55.384, -11.975 ], [ -55.332, -11.949 ], [ -55.306, -11.914 ], [ -55.271, -11.904 ], [ -55.258, -11.864 ], [ -55.208, -11.81 ], [ -55.121, -11.805 ], [ -55.105, -11.788 ], [ -55.101, -11.75 ], [ -55.078, -11.729 ], [ -55.067, -11.697 ], [ -55.086, -11.682 ], [ -55.142, -11.694 ], [ -55.166, -11.671 ], [ -55.285, -11.666 ], [ -55.293, -11.59 ], [ -55.314, -11.523 ], [ -55.349, -11.51 ], [ -55.351, -11.493 ], [ -55.389, -11.5 ], [ -55.413, -11.491 ], [ -55.43, -11.455 ], [ -55.428, -11.386 ], [ -55.463, -11.355 ], [ -55.514, -11.405 ], [ -55.59, -11.36 ], [ -55.624, -11.307 ], [ -55.691, -11.299 ], [ -55.753, -11.33 ], [ -55.798, -11.309 ], [ -55.836, -11.311 ], [ -55.83, -11.355 ], [ -55.783, -11.427 ], [ -55.779, -11.458 ], [ -55.796, -11.462 ], [ -55.814, -11.495 ], [ -55.797, -11.524 ], [ -55.798, -11.547 ], [ -55.769, -11.598 ], [ -55.747, -11.605 ], [ -55.754, -11.65 ], [ -55.704, -11.653 ], [ -55.7, -11.663 ], [ -55.711, -11.669 ], [ -55.719, -11.695 ], [ -55.736, -11.682 ], [ -55.747, -11.69 ], [ -55.735, -11.71 ], [ -55.739, -11.724 ], [ -55.724, -11.729 ], [ -55.738, -11.741 ], [ -55.715, -11.738 ], [ -55.717, -11.75 ], [ -55.699, -11.747 ], [ -55.708, -11.754 ], [ -55.682, -11.781 ], [ -55.702, -11.779 ], [ -55.674, -11.807 ], [ -55.692, -11.826 ], [ -55.67, -11.846 ], [ -55.695, -11.853 ], [ -55.713, -11.875 ], [ -55.659, -11.888 ], [ -55.677, -11.915 ], [ -55.658, -11.935 ], [ -55.669, -11.953 ], [ -55.643, -11.966 ], [ -55.647, -11.982 ], [ -55.621, -11.988 ], [ -55.618, -12.008 ], [ -55.598, -12.025 ], [ -55.602, -12.065 ], [ -55.582, -12.111 ], [ -55.51, -12.156 ] ] ] ] } },
{ "type": "Feature", "properties": { "id_municipio": 5107925, "municipio": "Sorriso", "grupo": "resto_mt", "slug": "sorriso" }, "geometry": { "type": "MultiPolygon", "coordinates": [ [ [ [ -55.587, -13.311 ], [ -55.56, -13.312 ], [ -55.553, -13.326 ], [ -55.499, -13.335 ], [ -55.498, -13.367 ], [ -55.477, -13.391 ], [ -55.464, -13.393 ], [ -55.452, -13.373 ], [ -55.429, -13.385 ], [ -55.441, -13.418 ], [ -55.431, -13.43 ], [ -55.416, -13.417 ], [ -55.392, -13.421 ], [ -55.395, -13.458 ], [ -55.381, -13.474 ], [ -55.395, -13.495 ], [ -55.376, -13.5 ], [ -55.356, -13.482 ], [ -55.344, -13.483 ], [ -55.331, -13.563 ], [ -55.293, -13.571 ], [ -55.293, -13.589 ], [ -55.284, -13.594 ], [ -55.266, -13.578 ], [ -55.267, -13.597 ], [ -55.255, -13.611 ], [ -55.242, -13.603 ], [ -55.229, -13.611 ], [ -55.217, -13.599 ], [ -55.177, -13.62 ], [ -55.163, -13.647 ], [ -55.151, -13.641 ], [ -55.152, -13.652 ], [ -55.133, -13.65 ], [ -55.119, -13.666 ], [ -55.108, -13.651 ], [ -55.085, -13.663 ], [ -55.155, -13.524 ], [ -55.161, -13.473 ], [ -55.144, -13.433 ], [ -55.175, -13.387 ], [ -55.17, -13.354 ], [ -55.244, -13.354 ], [ -55.258, -13.321 ], [ -55.275, -13.317 ], [ -55.292, -13.287 ], [ -55.309, -13.285 ], [ -55.327, -13.215 ], [ -55.318, -13.175 ], [ -55.297, -13.154 ], [ -55.295, -13.123 ], [ -55.33, -13.089 ], [ -55.344, -13.087 ], [ -55.339, -13.073 ], [ -55.354, -13.06 ], [ -55.352, -13.029 ], [ -55.362, -13.012 ], [ -55.352, -12.989 ], [ -55.372, -12.975 ], [ -55.425, -12.896 ], [ -55.445, -12.89 ], [ -55.456, -12.857 ], [ -55.468, -12.851 ], [ -55.468, -12.819 ], [ -55.445, -12.781 ], [ -55.449, -12.768 ], [ -55.491, -12.737 ], [ -55.486, -12.717 ], [ -55.501, -12.712 ], [ -55.504, -12.685 ], [ -55.562, -12.644 ], [ -55.58, -12.601 ], [ -55.579, -12.539 ], [ -55.543, -12.504 ], [ -55.523, -12.453 ], [ -55.526, -12.412 ], [ -55.55, -12.386 ], [ -55.571, -12.326 ], [ -55.564, -12.275 ], [ -55.574, -12.261 ], [ -55.59, -12.261 ], [ -55.586, -12.186 ], [ -55.574, -12.176 ], [ -55.535, -12.178 ], [ -55.519, -12.147 ], [ -55.582, -12.111 ], [ -55.602, -12.065 ], [ -55.598, -12.025 ], [ -55.618, -12.008 ], [ -55.621, -11.988 ], [ -55.647, -11.982 ], [ -55.643, -11.966 ], [ -55.669, -11.953 ], [ -55.658, -11.935 ], [ -55.677, -11.915 ], [ -55.659, -11.888 ], [ -55.689, -11.875 ], [ -55.712, -11.877 ], [ -55.695, -11.853 ], [ -55.67, -11.846 ], [ -55.692, -11.828 ], [ -55.673, -11.808 ], [ -55.702, -11.779 ], [ -55.682, -11.781 ], [ -55.708, -11.754 ], [ -55.699, -11.747 ], [ -55.717, -11.75 ], [ -55.717, -11.737 ], [ -55.736, -11.743 ], [ -55.726, -11.726 ], [ -55.741, -11.735 ], [ -55.761, -11.722 ], [ -55.8, -11.74 ], [ -55.793, -11.752 ], [ -55.817, -11.741 ], [ -55.816, -11.761 ], [ -55.832, -11.753 ], [ -55.824, -11.781 ], [ -55.84, -11.78 ], [ -55.842, -11.792 ], [ -55.822, -11.813 ], [ -55.832, -11.81 ], [ -55.837, -11.843 ], [ -55.846, -11.851 ], [ -55.862, -11.848 ], [ -55.86, -11.862 ], [ -55.876, -11.871 ], [ -55.879, -11.884 ], [ -55.869, -11.88 ], [ -55.87, -11.89 ], [ -55.894, -11.924 ], [ -55.879, -11.954 ], [ -55.893, -11.969 ], [ -55.888, -11.988 ], [ -55.901, -11.999 ], [ -55.895, -12.015 ], [ -55.908, -12.008 ], [ -55.897, -12.03 ], [ -55.908, -12.03 ], [ -55.901, -12.037 ], [ -55.912, -12.059 ], [ -55.909, -12.073 ], [ -55.898, -12.076 ], [ -55.911, -12.085 ], [ -55.902, -12.095 ], [ -55.912, -12.102 ], [ -55.897, -12.113 ], [ -55.911, -12.115 ], [ -55.895, -12.119 ], [ -55.905, -12.127 ], [ -55.889, -12.129 ], [ -55.888, -12.141 ], [ -55.903, -12.139 ], [ -55.896, -12.153 ], [ -55.903, -12.182 ], [ -55.893, -12.204 ], [ -55.902, -12.205 ], [ -55.903, -12.195 ], [ -55.913, -12.199 ], [ -55.904, -12.209 ], [ -55.924, -12.218 ], [ -55.917, -12.235 ], [ -55.95, -12.259 ], [ -55.971, -12.298 ], [ -55.99, -12.311 ], [ -55.995, -12.301 ], [ -56.003, -12.319 ], [ -56.011, -12.317 ], [ -56.017, -12.366 ], [ -56.037, -12.37 ], [ -56.039, -12.383 ], [ -56.05, -12.385 ], [ -56.042, -12.399 ], [ -56.06, -12.394 ], [ -56.05, -12.423 ], [ -56.066, -12.435 ], [ -56.06, -12.458 ], [ -56.076, -12.457 ], [ -56.07, -12.466 ], [ -56.08, -12.471 ], [ -56.068, -12.478 ], [ -56.086, -12.482 ], [ -56.076, -12.49 ], [ -56.093, -12.501 ], [ -56.094, -12.519 ], [ -56.069, -12.568 ], [ -56.084, -12.578 ], [ -56.082, -12.591 ], [ -56.097, -12.596 ], [ -56.095, -12.607 ], [ -56.111, -12.601 ], [ -56.104, -12.639 ], [ -56.117, -12.639 ], [ -56.089, -12.664 ], [ -56.095, -12.682 ], [ -56.084, -12.693 ], [ -56.074, -12.677 ], [ -56.055, -12.686 ], [ -56.054, -12.703 ], [ -56.041, -12.699 ], [ -56.036, -12.733 ], [ -56.023, -12.737 ], [ -56.04, -12.776 ], [ -56.031, -12.766 ], [ -56.015, -12.769 ], [ -56.013, -12.793 ], [ -55.996, -12.794 ], [ -56.0, -12.809 ], [ -55.991, -12.82 ], [ -56.0, -12.836 ], [ -55.995, -12.85 ], [ -55.984, -12.852 ], [ -55.999, -12.873 ], [ -55.975, -12.887 ], [ -55.979, -12.899 ], [ -55.962, -12.901 ], [ -55.96, -12.916 ], [ -55.946, -12.918 ], [ -55.948, -12.93 ], [ -55.906, -13.006 ], [ -55.909, -13.051 ], [ -55.892, -13.043 ], [ -55.89, -13.075 ], [ -55.874, -13.077 ], [ -55.877, -13.085 ], [ -55.893, -13.078 ], [ -55.888, -13.1 ], [ -55.897, -13.103 ], [ -55.881, -13.128 ], [ -55.889, -13.142 ], [ -55.88, -13.162 ], [ -55.897, -13.191 ], [ -55.877, -13.22 ], [ -55.885, -13.254 ], [ -55.864, -13.258 ], [ -55.844, -13.277 ], [ -55.851, -13.286 ], [ -55.839, -13.286 ], [ -55.828, -13.301 ], [ -55.814, -13.299 ], [ -55.808, -13.33 ], [ -55.756, -13.342 ], [ -55.74, -13.361 ], [ -55.714, -13.369 ], [ -55.69, -13.354 ], [ -55.644, -13.379 ], [ -55.623, -13.342 ], [ -55.587, -13.311 ] ] ] ] } },
{ "type": "Feature", "properties": { "id_municipio": 5107941, "municipio": "Tabaporã", "grupo": "resto_mt", "slug": "tabapora" }, "geometry": { "type": "MultiPolygon", "coordinates": [ [ [ [ -56.535, -11.562 ], [ -56.433, -11.548 ], [ -56.387, -11.556 ], [ -56.192, -11.64 ], [ -56.13, -11.645 ], [ -56.011, -11.625 ], [ -55.965, -11.616 ], [ -55.962, -11.596 ], [ -55.952, -11.59 ], [ -55.941, -11.591 ], [ -55.929, -11.609 ], [ -55.862, -11.579 ], [ -55.84, -11.553 ], [ -55.827, -11.48 ], [ -55.792, -11.446 ], [ -55.78, -11.446 ], [ -55.783, -11.427 ], [ -55.83, -11.355 ], [ -55.84, -11.288 ], [ -55.877, -11.278 ], [ -55.924, -11.244 ], [ -55.958, -11.245 ], [ -55.975, -11.232 ], [ -55.995, -11.232 ], [ -56.006, -11.213 ], [ -56.041, -11.204 ], [ -56.073, -11.172 ], [ -56.114, -11.174 ], [ -56.313, -11.093 ], [ -56.401, -11.1 ], [ -56.437, -11.087 ], [ -56.499, -11.101 ], [ -56.532, -11.062 ], [ -56.589, -11.028 ], [ -56.594, -11.008 ], [ -56.562, -10.973 ], [ -56.571, -10.95 ], [ -56.522, -10.909 ], [ -56.5, -10.869 ], [ -56.446, -10.847 ], [ -56.404, -10.8 ], [ -56.412, -10.703 ], [ -56.485, -10.653 ], [ -56.523, -10.643 ], [ -56.537, -10.628 ], [ -56.546, -10.635 ], [ -56.552, -10.615 ], [ -56.583, -10.601 ], [ -56.621, -10.597 ], [ -56.624, -10.605 ], [ -56.651, -10.585 ], [ -56.676, -10.555 ], [ -56.671, -10.548 ], [ -56.682, -10.547 ], [ -56.683, -10.532 ], [ -56.698, -10.525 ], [ -56.716, -10.492 ], [ -56.782, -10.569 ], [ -56.804, -10.713 ], [ -56.82, -10.736 ], [ -56.803, -10.782 ], [ -56.732, -10.866 ], [ -56.738, -10.905 ], [ -56.762, -10.935 ], [ -56.776, -10.937 ], [ -56.771, -10.953 ], [ -56.783, -10.963 ], [ -56.787, -10.984 ], [ -56.803, -10.985 ], [ -56.812, -10.971 ], [ -56.846, -10.973 ], [ -56.849, -10.95 ], [ -56.868, -10.949 ], [ -56.884, -10.961 ], [ -56.896, -10.943 ], [ -56.919, -10.959 ], [ -56.925, -10.944 ], [ -56.949, -10.942 ], [ -56.935, -10.976 ], [ -56.954, -10.966 ], [ -56.966, -10.976 ], [ -56.991, -10.974 ], [ -56.998, -10.986 ], [ -57.011, -10.971 ], [ -57.035, -10.974 ], [ -57.043, -10.959 ], [ -57.054, -10.959 ], [ -57.048, -10.987 ], [ -57.075, -10.995 ], [ -57.054, -11.008 ], [ -57.033, -11.057 ], [ -57.024, -11.058 ], [ -57.019, -11.107 ], [ -57.003, -11.134 ], [ -57.02, -11.141 ], [ -57.074, -11.204 ], [ -57.07, -11.234 ], [ -57.047, -11.263 ], [ -57.083, -11.272 ], [ -57.112, -11.307 ], [ -57.139, -11.318 ], [ -57.139, -11.343 ], [ -57.111, -11.357 ], [ -57.098, -11.345 ], [ -57.069, -11.339 ], [ -57.06, -11.36 ], [ -57.039, -11.366 ], [ -57.03, -11.389 ], [ -56.939, -11.39 ], [ -56.894, -11.368 ], [ -56.899, -11.417 ], [ -56.892, -11.45 ], [ -56.91, -11.487 ], [ -56.873, -11.505 ], [ -56.76, -11.491 ], [ -56.761, -11.533 ], [ -56.664, -11.522 ], [ -56.535, -11.562 ] ] ] ] } },
{ "type": "Feature", "properties": { "id_municipio": 5107958, "municipio": "Tangará da Serra", "grupo": "resto_mt", "slug": "tangara-da-serra" }, "geometry": { "type": "MultiPolygon", "coordinates": [ [ [ [ -57.457, -14.439 ], [ -57.481, -14.455 ], [ -57.485, -14.439 ], [ -57.493, -14.448 ], [ -57.504, -14.44 ], [ -57.537, -14.477 ], [ -57.559, -14.475 ], [ -57.581, -14.506 ], [ -57.604, -14.494 ], [ -57.6, -14.517 ], [ -57.654, -14.565 ], [ -57.673, -14.553 ], [ -57.68, -14.524 ], [ -57.711, -14.501 ], [ -57.699, -14.456 ], [ -57.702, -14.42 ], [ -57.735, -14.292 ], [ -57.835, -14.299 ], [ -58.232, -14.386 ], [ -58.23, -14.343 ], [ -58.209, -14.281 ], [ -58.178, -14.259 ], [ -58.171, -14.231 ], [ -58.155, -14.225 ], [ -58.145, -14.204 ], [ -58.127, -14.199 ], [ -58.112, -14.164 ], [ -58.097, -14.158 ], [ -58.103, -14.144 ], [ -58.089, -14.132 ], [ -58.088, -14.097 ], [ -58.101, -14.09 ], [ -58.092, -14.079 ], [ -58.1, -14.069 ], [ -58.089, -14.051 ], [ -58.093, -14.038 ], [ -58.084, -14.035 ], [ -58.084, -14.0 ], [ -59.046, -14.0 ], [ -59.036, -14.009 ], [ -59.045, -14.031 ], [ -59.038, -14.058 ], [ -59.05, -14.054 ], [ -59.045, -14.072 ], [ -59.067, -14.111 ], [ -59.061, -14.121 ], [ -59.079, -14.139 ], [ -59.067, -14.166 ], [ -59.092, -14.193 ], [ -59.104, -14.23 ], [ -59.1, -14.25 ], [ -59.085, -14.26 ], [ -59.093, -14.274 ], [ -59.057, -14.311 ], [ -59.053, -14.362 ], [ -59.065, -14.386 ], [ -59.068, -14.422 ], [ -59.06, -14.43 ], [ -59.072, -14.444 ], [ -59.064, -14.475 ], [ -59.076, -14.522 ], [ -59.049, -14.534 ], [ -59.051, -14.593 ], [ -59.037, -14.609 ], [ -59.037, -14.63 ], [ -59.076, -14.658 ], [ -59.096, -14.653 ], [ -59.108, -14.661 ], [ -59.092, -14.666 ], [ -59.054, -14.653 ], [ -58.965, -14.586 ], [ -58.819, -14.6 ], [ -58.774, -14.601 ], [ -58.753, -14.592 ], [ -58.753, -14.634 ], [ -58.722, -14.653 ], [ -58.685, -14.699 ], [ -58.661, -14.745 ], [ -58.669, -14.759 ], [ -58.648, -14.776 ], [ -58.644, -14.801 ], [ -58.618, -14.828 ], [ -58.591, -14.798 ], [ -58.57, -14.789 ], [ -58.569, -14.776 ], [ -58.549, -14.773 ], [ -58.55, -14.751 ], [ -58.52, -14.743 ], [ -58.491, -14.685 ], [ -58.393, -14.71 ], [ -58.404, -14.739 ], [ -58.372, -14.752 ], [ -58.369, -14.779 ], [ -58.344, -14.785 ], [ -58.335, -14.8 ], [ -58.307, -14.804 ], [ -58.254, -14.773 ], [ -58.222, -14.766 ], [ -58.191, -14.725 ], [ -58.153, -14.715 ], [ -58.127, -14.723 ], [ -58.099, -14.747 ], [ -58.01, -14.763 ], [ -57.985, -14.793 ], [ -57.973, -14.789 ], [ -57.957, -14.802 ], [ -57.954, -14.795 ], [ -57.95, -14.808 ], [ -57.91, -14.831 ], [ -57.902, -14.816 ], [ -57.879, -14.813 ], [ -57.879, -14.828 ], [ -57.831, -14.851 ], [ -57.809, -14.922 ], [ -57.78, -14.961 ], [ -57.758, -14.955 ], [ -57.755, -14.97 ], [ -57.742, -14.97 ], [ -57.745, -14.981 ], [ -57.733, -14.987 ], [ -57.725, -14.961 ], [ -57.736, -14.949 ], [ -57.733, -14.932 ], [ -57.751, -14.902 ], [ -57.771, -14.895 ], [ -57.777, -14.867 ], [ -57.745, -14.858 ], [ -57.75, -14.829 ], [ -57.722, -14.781 ], [ -57.688, -14.772 ], [ -57.661, -14.752 ], [ -57.649, -14.73 ], [ -57.629, -14.725 ], [ -57.607, -14.738 ], [ -57.64, -14.74 ], [ -57.635, -14.758 ], [ -57.656, -14.777 ], [ -57.647, -14.782 ], [ -57.66, -14.807 ], [ -57.644, -14.775 ], [ -57.596, -14.745 ], [ -57.543, -14.76 ], [ -57.505, -14.729 ], [ -57.466, -14.728 ], [ -57.436, -14.74 ], [ -57.41, -14.702 ], [ -57.376, -14.69 ], [ -57.337, -14.687 ], [ -57.298, -14.703 ], [ -57.292, -14.682 ], [ -57.266, -14.676 ], [ -57.266, -14.658 ], [ -57.238, -14.644 ], [ -57.203, -14.643 ], [ -57.165, -14.666 ], [ -57.108, -14.627 ], [ -57.111, -14.608 ], [ -57.057, -14.586 ], [ -57.046, -14.575 ], [ -57.05, -14.558 ], [ -56.996, -14.546 ], [ -56.999, -14.539 ], [ -56.967, -14.53 ], [ -56.95, -14.503 ], [ -57.012, -14.531 ], [ -57.029, -14.514 ], [ -57.057, -14.527 ], [ -57.073, -14.519 ], [ -57.103, -14.534 ], [ -57.103, -14.561 ], [ -57.128, -14.558 ], [ -57.146, -14.578 ], [ -57.152, -14.548 ], [ -57.165, -14.541 ], [ -57.197, -14.549 ], [ -57.229, -14.54 ], [ -57.281, -14.557 ], [ -57.292, -14.544 ], [ -57.306, -14.548 ], [ -57.307, -14.536 ], [ -57.329, -14.527 ], [ -57.324, -14.511 ], [ -57.343, -14.479 ], [ -57.359, -14.488 ], [ -57.352, -14.497 ], [ -57.365, -14.494 ], [ -57.373, -14.504 ], [ -57.408, -14.485 ], [ -57.434, -14.493 ], [ -57.435, -14.475 ], [ -57.451, -14.474 ], [ -57.442, -14.455 ], [ -57.457, -14.439 ] ] ] ] } },
{ "type": "Feature", "properties": { "id_municipio": 5108006, "municipio": "Tapurah", "grupo": "resto_mt", "slug": "tapurah" }, "geometry": { "type": "MultiPolygon", "coordinates": [ [ [ [ -56.461, -12.901 ], [ -56.418, -12.849 ], [ -56.404, -12.887 ], [ -56.38, -12.881 ], [ -56.368, -12.841 ], [ -56.341, -12.813 ], [ -56.334, -12.777 ], [ -56.301, -12.761 ], [ -56.297, -12.731 ], [ -56.268, -12.702 ], [ -56.182, -12.691 ], [ -56.155, -12.653 ], [ -56.104, -12.639 ], [ -56.111, -12.601 ], [ -56.095, -12.607 ], [ -56.097, -12.596 ], [ -56.082, -12.591 ], [ -56.084, -12.578 ], [ -56.069, -12.568 ], [ -56.094, -12.52 ], [ -56.093, -12.503 ], [ -56.076, -12.49 ], [ -56.085, -12.482 ], [ -56.068, -12.478 ], [ -56.08, -12.47 ], [ -56.07, -12.466 ], [ -56.076, -12.456 ], [ -56.06, -12.458 ], [ -56.06, -12.429 ], [ -56.083, -12.424 ], [ -56.106, -12.435 ], [ -56.121, -12.428 ], [ -56.121, -12.402 ], [ -56.175, -12.398 ], [ -56.19, -12.382 ], [ -56.244, -12.441 ], [ -56.282, -12.365 ], [ -56.33, -12.327 ], [ -56.357, -12.266 ], [ -56.384, -12.265 ], [ -56.415, -12.248 ], [ -56.481, -12.322 ], [ -56.513, -12.329 ], [ -56.531, -12.349 ], [ -56.601, -12.337 ], [ -56.623, -12.368 ], [ -56.636, -12.361 ], [ -56.628, -12.348 ], [ -56.659, -12.343 ], [ -56.67, -12.323 ], [ -56.692, -12.316 ], [ -56.699, -12.325 ], [ -56.722, -12.32 ], [ -56.727, -12.332 ], [ -56.746, -12.328 ], [ -56.804, -12.375 ], [ -56.828, -12.36 ], [ -56.843, -12.373 ], [ -56.898, -12.333 ], [ -56.898, -12.318 ], [ -56.908, -12.325 ], [ -56.933, -12.289 ], [ -56.954, -12.288 ], [ -56.957, -12.304 ], [ -56.981, -12.316 ], [ -56.971, -12.336 ], [ -56.975, -12.366 ], [ -56.964, -12.378 ], [ -56.968, -12.398 ], [ -56.947, -12.406 ], [ -56.942, -12.428 ], [ -56.957, -12.439 ], [ -56.947, -12.451 ], [ -56.953, -12.469 ], [ -56.944, -12.478 ], [ -56.943, -12.511 ], [ -56.958, -12.523 ], [ -56.932, -12.526 ], [ -56.932, -12.56 ], [ -56.901, -12.563 ], [ -56.893, -12.605 ], [ -56.903, -12.63 ], [ -56.867, -12.659 ], [ -56.864, -12.675 ], [ -56.845, -12.678 ], [ -56.846, -12.703 ], [ -56.827, -12.739 ], [ -56.798, -12.757 ], [ -56.799, -12.791 ], [ -56.773, -12.835 ], [ -56.755, -12.821 ], [ -56.736, -12.821 ], [ -56.708, -12.847 ], [ -56.653, -12.857 ], [ -56.613, -12.878 ], [ -56.578, -12.883 ], [ -56.541, -12.876 ], [ -56.461, -12.901 ] ] ] ] } },
{ "type": "Feature", "properties": { "id_municipio": 5108055, "municipio": "Terra Nova do Norte", "grupo": "resto_mt", "slug": "terra-nova-do-norte" }, "geometry": { "type": "MultiPolygon", "coordinates": [ [ [ [ -55.156, -10.735 ], [ -55.104, -10.742 ], [ -55.093, -10.718 ], [ -54.996, -10.726 ], [ -54.956, -10.717 ], [ -54.936, -10.729 ], [ -54.902, -10.718 ], [ -54.883, -10.728 ], [ -54.844, -10.707 ], [ -54.835, -10.679 ], [ -54.819, -10.67 ], [ -54.817, -10.636 ], [ -54.8, -10.616 ], [ -54.786, -10.62 ], [ -54.765, -10.606 ], [ -54.747, -10.612 ], [ -54.734, -10.605 ], [ -54.729, -10.615 ], [ -54.72, -10.603 ], [ -54.706, -10.611 ], [ -54.686, -10.592 ], [ -54.671, -10.594 ], [ -54.675, -10.577 ], [ -54.663, -10.558 ], [ -54.643, -10.557 ], [ -54.639, -10.538 ], [ -54.652, -10.506 ], [ -54.644, -10.498 ], [ -54.653, -10.466 ], [ -54.667, -10.454 ], [ -54.655, -10.445 ], [ -54.662, -10.433 ], [ -54.693, -10.419 ], [ -54.706, -10.424 ], [ -54.71, -10.409 ], [ -54.721, -10.414 ], [ -55.033, -10.303 ], [ -55.166, -10.218 ], [ -55.168, -10.276 ], [ -55.155, -10.299 ], [ -55.172, -10.313 ], [ -55.168, -10.355 ], [ -55.202, -10.38 ], [ -55.227, -10.443 ], [ -55.27, -10.488 ], [ -55.278, -10.513 ], [ -55.309, -10.502 ], [ -55.334, -10.507 ], [ -55.309, -10.536 ], [ -55.24, -10.566 ], [ -55.23, -10.602 ], [ -55.158, -10.7 ], [ -55.156, -10.735 ] ] ] ] } },
{ "type": "Feature", "properties": { "id_municipio": 5108105, "municipio": "Tesouro", "grupo": "resto_mt", "slug": "tesouro" }, "geometry": { "type": "MultiPolygon", "coordinates": [ [ [ [ -53.447, -16.206 ], [ -53.449, -16.226 ], [ -53.422, -16.231 ], [ -53.392, -16.268 ], [ -53.351, -16.274 ], [ -53.345, -16.263 ], [ -53.363, -16.232 ], [ -53.323, -16.216 ], [ -53.285, -16.182 ], [ -53.301, -16.158 ], [ -53.309, -16.117 ], [ -53.291, -16.076 ], [ -53.267, -16.067 ], [ -53.269, -16.051 ], [ -53.253, -16.019 ], [ -53.241, -16.009 ], [ -53.214, -16.013 ], [ -53.202, -15.999 ], [ -53.157, -15.997 ], [ -53.106, -15.96 ], [ -53.075, -15.956 ], [ -53.066, -15.967 ], [ -53.051, -15.956 ], [ -53.078, -15.904 ], [ -53.069, -15.883 ], [ -53.037, -15.866 ], [ -53.031, -15.851 ], [ -53.029, -15.81 ], [ -53.037, -15.796 ], [ -53.025, -15.787 ], [ -53.053, -15.766 ], [ -53.042, -15.76 ], [ -53.041, -15.738 ], [ -53.058, -15.728 ], [ -53.07, -15.734 ], [ -53.101, -15.727 ], [ -53.111, -15.745 ], [ -53.141, -15.738 ], [ -53.138, -15.725 ], [ -53.159, -15.725 ], [ -53.162, -15.696 ], [ -53.193, -15.665 ], [ -53.193, -15.636 ], [ -53.241, -15.63 ], [ -53.252, -15.593 ], [ -53.342, -15.591 ], [ -53.364, -15.578 ], [ -53.443, -15.573 ], [ -53.496, -15.594 ], [ -53.516, -15.641 ], [ -53.569, -15.652 ], [ -53.58, -15.669 ], [ -53.574, -15.686 ], [ -53.63, -15.718 ], [ -53.685, -15.724 ], [ -53.751, -15.712 ], [ -53.776, -15.721 ], [ -53.782, -15.73 ], [ -53.771, -15.742 ], [ -53.78, -15.758 ], [ -53.767, -15.764 ], [ -53.781, -15.815 ], [ -53.747, -15.863 ], [ -53.776, -15.898 ], [ -53.782, -15.924 ], [ -53.801, -15.931 ], [ -53.784, -15.949 ], [ -53.804, -15.956 ], [ -53.812, -16.001 ], [ -53.836, -16.001 ], [ -53.843, -16.012 ], [ -53.849, -15.994 ], [ -53.878, -16.001 ], [ -53.882, -16.012 ], [ -53.847, -16.058 ], [ -53.829, -16.06 ], [ -53.81, -16.088 ], [ -53.834, -16.122 ], [ -53.844, -16.115 ], [ -53.852, -16.122 ], [ -53.849, -16.138 ], [ -53.859, -16.149 ], [ -53.825, -16.148 ], [ -53.838, -16.163 ], [ -53.811, -16.175 ], [ -53.82, -16.183 ], [ -53.793, -16.183 ], [ -53.82, -16.195 ], [ -53.805, -16.199 ], [ -53.804, -16.21 ], [ -53.703, -16.185 ], [ -53.701, -16.195 ], [ -53.677, -16.191 ], [ -53.672, -16.205 ], [ -53.661, -16.204 ], [ -53.617, -16.236 ], [ -53.598, -16.217 ], [ -53.611, -16.214 ], [ -53.606, -16.191 ], [ -53.592, -16.19 ], [ -53.587, -16.164 ], [ -53.569, -16.158 ], [ -53.579, -16.149 ], [ -53.567, -16.14 ], [ -53.573, -16.123 ], [ -53.562, -16.12 ], [ -53.534, -16.141 ], [ -53.49, -16.146 ], [ -53.447, -16.206 ] ] ] ] } },
{ "type": "Feature", "properties": { "id_municipio": 5108204, "municipio": "Torixoréu", "grupo": "resto_mt", "slug": "torixoreu" }, "geometry": { "type": "MultiPolygon", "coordinates": [ [ [ [ -52.545, -16.223 ], [ -52.549, -16.164 ], [ -52.526, -16.155 ], [ -52.525, -16.14 ], [ -52.515, -16.133 ], [ -52.499, -16.142 ], [ -52.472, -16.127 ], [ -52.487, -16.091 ], [ -52.521, -16.08 ], [ -52.552, -16.086 ], [ -52.564, -16.069 ], [ -52.577, -16.078 ], [ -52.576, -16.101 ], [ -52.607, -16.1 ], [ -52.62, -16.117 ], [ -52.64, -16.097 ], [ -52.655, -16.108 ], [ -52.661, -16.086 ], [ -52.694, -16.098 ], [ -52.716, -16.083 ], [ -52.755, -16.092 ], [ -52.766, -16.073 ], [ -52.79, -16.065 ], [ -52.786, -16.042 ], [ -52.798, -16.048 ], [ -52.813, -16.032 ], [ -52.817, -16.039 ], [ -52.819, -16.027 ], [ -52.853, -16.041 ], [ -52.879, -16.063 ], [ -52.868, -16.08 ], [ -52.891, -16.081 ], [ -52.88, -16.101 ], [ -52.884, -16.111 ], [ -52.908, -16.112 ], [ -52.896, -16.124 ], [ -52.905, -16.133 ], [ -52.971, -16.125 ], [ -53.007, -16.171 ], [ -53.018, -16.165 ], [ -53.032, -16.181 ], [ -53.052, -16.171 ], [ -53.061, -16.188 ], [ -53.101, -16.193 ], [ -53.116, -16.216 ], [ -53.142, -16.223 ], [ -53.145, -16.242 ], [ -53.169, -16.261 ], [ -53.175, -16.284 ], [ -53.153, -16.306 ], [ -53.159, -16.337 ], [ -53.15, -16.345 ], [ -53.147, -16.392 ], [ -53.157, -16.396 ], [ -53.157, -16.41 ], [ -53.184, -16.41 ], [ -53.202, -16.432 ], [ -53.212, -16.462 ], [ -53.203, -16.467 ], [ -53.21, -16.475 ], [ -53.205, -16.493 ], [ -53.187, -16.502 ], [ -53.178, -16.529 ], [ -53.162, -16.539 ], [ -53.133, -16.541 ], [ -53.078, -16.526 ], [ -53.071, -16.53 ], [ -53.08, -16.546 ], [ -53.052, -16.545 ], [ -53.035, -16.558 ], [ -52.982, -16.551 ], [ -52.961, -16.57 ], [ -52.94, -16.565 ], [ -52.837, -16.457 ], [ -52.801, -16.436 ], [ -52.778, -16.435 ], [ -52.763, -16.413 ], [ -52.781, -16.385 ], [ -52.772, -16.366 ], [ -52.778, -16.362 ], [ -52.73, -16.331 ], [ -52.724, -16.31 ], [ -52.707, -16.298 ], [ -52.678, -16.302 ], [ -52.656, -16.28 ], [ -52.624, -16.287 ], [ -52.61, -16.272 ], [ -52.588, -16.269 ], [ -52.578, -16.25 ], [ -52.562, -16.265 ], [ -52.547, -16.261 ], [ -52.57, -16.231 ], [ -52.545, -16.223 ] ] ] ] } },
{ "type": "Feature", "properties": { "id_municipio": 5108303, "municipio": "União do Sul", "grupo": "resto_mt", "slug": "uniao-do-sul" }, "geometry": { "type": "MultiPolygon", "coordinates": [ [ [ [ -54.011, -11.571 ], [ -53.995, -11.573 ], [ -53.994, -11.556 ], [ -53.983, -11.561 ], [ -53.97, -11.533 ], [ -53.944, -11.538 ], [ -53.916, -11.511 ], [ -53.885, -11.516 ], [ -53.85, -11.497 ], [ -53.859, -11.491 ], [ -53.851, -11.473 ], [ -53.859, -11.466 ], [ -53.835, -11.447 ], [ -53.844, -11.439 ], [ -53.835, -11.432 ], [ -53.843, -11.41 ], [ -53.829, -11.401 ], [ -53.841, -11.397 ], [ -53.832, -11.393 ], [ -53.836, -11.37 ], [ -53.798, -11.343 ], [ -53.779, -11.29 ], [ -53.793, -11.286 ], [ -53.789, -11.273 ], [ -53.904, -11.24 ], [ -53.948, -11.244 ], [ -53.967, -11.259 ], [ -54.018, -11.248 ], [ -54.075, -11.284 ], [ -54.111, -11.284 ], [ -54.131, -11.301 ], [ -54.178, -11.294 ], [ -54.202, -11.321 ], [ -54.301, -11.369 ], [ -54.316, -11.354 ], [ -54.35, -11.345 ], [ -54.364, -11.32 ], [ -54.392, -11.324 ], [ -54.422, -11.309 ], [ -54.422, -11.327 ], [ -54.447, -11.365 ], [ -54.506, -11.413 ], [ -54.552, -11.353 ], [ -54.544, -11.304 ], [ -54.559, -11.286 ], [ -54.565, -11.229 ], [ -54.586, -11.19 ], [ -54.603, -11.184 ], [ -54.609, -11.195 ], [ -54.623, -11.194 ], [ -54.622, -11.208 ], [ -54.648, -11.205 ], [ -54.649, -11.225 ], [ -54.664, -11.224 ], [ -54.673, -11.248 ], [ -54.699, -11.256 ], [ -54.689, -11.267 ], [ -54.702, -11.266 ], [ -54.699, -11.284 ], [ -54.681, -11.313 ], [ -54.689, -11.312 ], [ -54.694, -11.332 ], [ -54.686, -11.346 ], [ -54.7, -11.351 ], [ -54.691, -11.358 ], [ -54.7, -11.364 ], [ -54.692, -11.385 ], [ -54.704, -11.384 ], [ -54.701, -11.4 ], [ -54.689, -11.401 ], [ -54.708, -11.422 ], [ -54.702, -11.452 ], [ -54.717, -11.472 ], [ -54.709, -11.486 ], [ -54.723, -11.496 ], [ -54.711, -11.51 ], [ -54.719, -11.51 ], [ -54.731, -11.539 ], [ -54.713, -11.57 ], [ -54.727, -11.651 ], [ -54.716, -11.661 ], [ -54.674, -11.664 ], [ -54.651, -11.714 ], [ -54.576, -11.679 ], [ -54.589, -11.729 ], [ -54.584, -11.754 ], [ -54.608, -11.783 ], [ -54.591, -11.78 ], [ -54.566, -11.803 ], [ -54.58, -11.839 ], [ -54.602, -11.846 ], [ -54.636, -11.887 ], [ -54.544, -11.861 ], [ -54.5, -11.864 ], [ -54.474, -11.885 ], [ -54.426, -11.875 ], [ -54.39, -11.884 ], [ -54.287, -11.873 ], [ -54.27, -11.84 ], [ -54.248, -11.832 ], [ -54.221, -11.794 ], [ -54.199, -11.784 ], [ -54.191, -11.749 ], [ -54.172, -11.741 ], [ -54.175, -11.727 ], [ -54.163, -11.73 ], [ -54.151, -11.691 ], [ -54.135, -11.664 ], [ -54.122, -11.665 ], [ -54.126, -11.655 ], [ -54.111, -11.647 ], [ -54.113, -11.638 ], [ -54.068, -11.615 ], [ -54.045, -11.614 ], [ -54.035, -11.593 ], [ -54.017, -11.596 ], [ -54.006, -11.585 ], [ -54.011, -11.571 ] ] ] ] } },
{ "type": "Feature", "properties": { "id_municipio": 5108352, "municipio": "Vale de São Domingos", "grupo": "resto_mt", "slug": "vale-de-sao-domingos" }, "geometry": { "type": "MultiPolygon", "coordinates": [ [ [ [ -59.028, -14.921 ], [ -59.043, -14.957 ], [ -59.034, -15.027 ], [ -59.018, -15.049 ], [ -58.993, -15.059 ], [ -58.963, -15.126 ], [ -58.987, -15.144 ], [ -59.012, -15.196 ], [ -59.019, -15.245 ], [ -59.042, -15.247 ], [ -59.064, -15.225 ], [ -59.1, -15.218 ], [ -59.118, -15.232 ], [ -59.134, -15.229 ], [ -59.133, -15.239 ], [ -59.149, -15.229 ], [ -59.174, -15.27 ], [ -59.213, -15.251 ], [ -59.227, -15.256 ], [ -59.213, -15.293 ], [ -59.182, -15.299 ], [ -59.161, -15.32 ], [ -59.193, -15.332 ], [ -59.197, -15.367 ], [ -59.139, -15.404 ], [ -59.105, -15.44 ], [ -59.093, -15.467 ], [ -59.093, -15.448 ], [ -59.06, -15.459 ], [ -59.013, -15.418 ], [ -59.019, -15.399 ], [ -59.009, -15.395 ], [ -59.003, -15.365 ], [ -59.025, -15.324 ], [ -58.984, -15.321 ], [ -58.942, -15.297 ], [ -58.926, -15.274 ], [ -58.934, -15.223 ], [ -58.924, -15.209 ], [ -58.962, -15.195 ], [ -58.96, -15.184 ], [ -58.881, -15.154 ], [ -58.874, -15.067 ], [ -58.883, -15.018 ], [ -58.854, -15.0 ], [ -58.86, -14.965 ], [ -58.851, -14.921 ], [ -58.783, -14.808 ], [ -58.8, -14.775 ], [ -58.763, -14.725 ], [ -58.776, -14.68 ], [ -58.762, -14.657 ], [ -58.757, -14.594 ], [ -58.774, -14.601 ], [ -58.866, -14.599 ], [ -58.965, -14.586 ], [ -59.054, -14.653 ], [ -59.085, -14.665 ], [ -59.028, -14.725 ], [ -59.041, -14.817 ], [ -59.028, -14.921 ] ] ] ] } },
{ "type": "Feature", "properties": { "id_municipio": 5108402, "municipio": "Várzea Grande", "grupo": "polo_metropolitano", "slug": "varzea-grande" }, "geometry": { "type": "MultiPolygon", "coordinates": [ [ [ [ -56.13, -15.628 ], [ -56.144, -15.592 ], [ -56.134, -15.579 ], [ -56.142, -15.561 ], [ -56.164, -15.559 ], [ -56.172, -15.535 ], [ -56.193, -15.523 ], [ -56.184, -15.509 ], [ -56.219, -15.471 ], [ -56.247, -15.457 ], [ -56.232, -15.414 ], [ -56.242, -15.371 ], [ -56.276, -15.341 ], [ -56.356, -15.413 ], [ -56.386, -15.412 ], [ -56.41, -15.435 ], [ -56.425, -15.467 ], [ -56.398, -15.493 ], [ -56.4, -15.516 ], [ -56.215, -15.617 ], [ -56.213, -15.635 ], [ -56.264, -15.684 ], [ -56.264, -15.712 ], [ -56.245, -15.734 ], [ -56.245, -15.76 ], [ -56.193, -15.778 ], [ -56.171, -15.751 ], [ -56.155, -15.752 ], [ -56.146, -15.77 ], [ -56.142, -15.756 ], [ -56.126, -15.757 ], [ -56.111, -15.742 ], [ -56.103, -15.715 ], [ -56.114, -15.695 ], [ -56.073, -15.683 ], [ -56.07, -15.644 ], [ -56.104, -15.616 ], [ -56.13, -15.628 ] ] ] ] } },
{ "type": "Feature", "properties": { "id_municipio": 5108501, "municipio": "Vera", "grupo": "resto_mt", "slug": "vera" }, "geometry": { "type": "MultiPolygon", "coordinates": [ [ [ [ -55.373, -12.187 ], [ -55.398, -12.154 ], [ -55.43, -12.15 ], [ -55.442, -12.166 ], [ -55.451, -12.155 ], [ -55.475, -12.158 ], [ -55.494, -12.147 ], [ -55.521, -12.153 ], [ -55.538, -12.179 ], [ -55.574, -12.176 ], [ -55.586, -12.186 ], [ -55.59, -12.261 ], [ -55.574, -12.261 ], [ -55.564, -12.275 ], [ -55.571, -12.326 ], [ -55.55, -12.386 ], [ -55.526, -12.412 ], [ -55.523, -12.453 ], [ -55.543, -12.504 ], [ -55.579, -12.539 ], [ -55.58, -12.601 ], [ -55.562, -12.644 ], [ -55.504, -12.685 ], [ -55.501, -12.712 ], [ -55.486, -12.717 ], [ -55.491, -12.737 ], [ -55.447, -12.772 ], [ -55.47, -12.826 ], [ -55.468, -12.851 ], [ -55.458, -12.856 ], [ -55.377, -12.856 ], [ -55.375, -12.832 ], [ -55.398, -12.8 ], [ -55.376, -12.749 ], [ -55.337, -12.732 ], [ -55.282, -12.682 ], [ -55.276, -12.655 ], [ -55.235, -12.639 ], [ -55.228, -12.616 ], [ -55.24, -12.607 ], [ -55.232, -12.599 ], [ -55.197, -12.596 ], [ -55.181, -12.574 ], [ -55.153, -12.572 ], [ -55.155, -12.561 ], [ -55.142, -12.556 ], [ -55.139, -12.535 ], [ -55.116, -12.507 ], [ -55.116, -12.488 ], [ -55.099, -12.47 ], [ -55.095, -12.403 ], [ -55.08, -12.393 ], [ -55.068, -12.365 ], [ -55.085, -12.346 ], [ -55.093, -12.316 ], [ -55.087, -12.306 ], [ -55.113, -12.267 ], [ -55.108, -12.251 ], [ -55.134, -12.226 ], [ -55.134, -12.204 ], [ -55.119, -12.197 ], [ -55.139, -12.161 ], [ -55.138, -12.148 ], [ -55.128, -12.149 ], [ -55.126, -12.147 ], [ -55.141, -12.12 ], [ -55.189, -12.128 ], [ -55.225, -12.115 ], [ -55.254, -12.124 ], [ -55.287, -12.114 ], [ -55.307, -12.09 ], [ -55.373, -12.187 ] ] ], [ [ [ -55.161, -13.472 ], [ -55.154, -13.526 ], [ -55.085, -13.663 ], [ -55.12, -13.512 ], [ -55.145, -13.443 ], [ -55.161, -13.472 ] ] ] ] } },
{ "type": "Feature", "properties": { "id_municipio": 5108600, "municipio": "Vila Rica", "grupo": "resto_mt", "slug": "vila-rica" }, "geometry": { "type": "MultiPolygon", "coordinates": [ [ [ [ -51.057, -10.25 ], [ -51.036, -10.227 ], [ -51.022, -10.234 ], [ -50.982, -10.208 ], [ -50.96, -10.215 ], [ -50.936, -10.242 ], [ -50.935, -10.266 ], [ -50.913, -10.274 ], [ -50.882, -10.277 ], [ -50.861, -10.266 ], [ -50.816, -10.277 ], [ -50.791, -10.265 ], [ -50.782, -10.28 ], [ -50.764, -10.273 ], [ -50.726, -10.306 ], [ -50.71, -10.307 ], [ -50.699, -10.294 ], [ -50.637, -10.296 ], [ -50.597, -10.323 ], [ -50.585, -10.317 ], [ -50.58, -10.328 ], [ -50.568, -10.321 ], [ -50.587, -10.288 ], [ -50.588, -10.264 ], [ -50.617, -10.255 ], [ -50.656, -10.203 ], [ -50.609, -10.076 ], [ -50.772, -9.994 ], [ -50.769, -9.968 ], [ -50.781, -9.94 ], [ -50.805, -9.921 ], [ -50.825, -9.869 ], [ -50.844, -9.867 ], [ -50.846, -9.801 ], [ -52.257, -9.708 ], [ -52.229, -9.729 ], [ -52.218, -9.763 ], [ -52.263, -9.762 ], [ -52.276, -9.77 ], [ -52.272, -9.778 ], [ -52.25, -9.79 ], [ -52.215, -9.791 ], [ -52.207, -9.775 ], [ -52.191, -9.798 ], [ -52.192, -9.839 ], [ -52.212, -9.852 ], [ -52.225, -9.838 ], [ -52.244, -9.854 ], [ -52.222, -9.878 ], [ -52.223, -9.951 ], [ -52.208, -9.987 ], [ -52.213, -10.016 ], [ -52.186, -10.027 ], [ -52.172, -10.007 ], [ -52.155, -10.003 ], [ -52.15, -10.042 ], [ -52.135, -10.035 ], [ -52.103, -10.055 ], [ -52.093, -10.086 ], [ -52.08, -10.094 ], [ -52.058, -10.096 ], [ -52.023, -10.077 ], [ -52.007, -10.092 ], [ -51.977, -10.073 ], [ -51.955, -10.094 ], [ -51.917, -10.104 ], [ -51.893, -10.097 ], [ -51.848, -10.112 ], [ -51.796, -10.103 ], [ -51.755, -10.118 ], [ -51.743, -10.104 ], [ -51.748, -10.092 ], [ -51.718, -10.068 ], [ -51.71, -10.079 ], [ -51.674, -10.075 ], [ -51.668, -10.102 ], [ -51.658, -10.096 ], [ -51.625, -10.108 ], [ -51.586, -10.151 ], [ -51.563, -10.152 ], [ -51.526, -10.122 ], [ -51.471, -10.129 ], [ -51.463, -10.122 ], [ -51.407, -10.173 ], [ -51.359, -10.168 ], [ -51.36, -10.189 ], [ -51.371, -10.2 ], [ -51.338, -10.236 ], [ -51.308, -10.251 ], [ -51.252, -10.223 ], [ -51.165, -10.243 ], [ -51.151, -10.255 ], [ -51.12, -10.251 ], [ -51.109, -10.268 ], [ -51.057, -10.25 ] ] ] ] } },
{ "type": "Feature", "properties": { "id_municipio": 5108808, "municipio": "Nova Guarita", "grupo": "resto_mt", "slug": "nova-guarita" }, "geometry": { "type": "MultiPolygon", "coordinates": [ [ [ [ -55.483, -10.247 ], [ -55.431, -10.442 ], [ -55.416, -10.453 ], [ -55.377, -10.461 ], [ -55.335, -10.491 ], [ -55.327, -10.508 ], [ -55.309, -10.502 ], [ -55.282, -10.514 ], [ -55.27, -10.488 ], [ -55.228, -10.444 ], [ -55.202, -10.38 ], [ -55.168, -10.354 ], [ -55.172, -10.313 ], [ -55.155, -10.297 ], [ -55.168, -10.276 ], [ -55.166, -10.218 ], [ -55.203, -10.208 ], [ -55.207, -10.229 ], [ -55.224, -10.224 ], [ -55.218, -10.208 ], [ -55.243, -10.143 ], [ -55.229, -10.117 ], [ -55.24, -10.094 ], [ -55.265, -10.114 ], [ -55.276, -10.147 ], [ -55.35, -10.188 ], [ -55.377, -10.168 ], [ -55.418, -10.163 ], [ -55.456, -10.125 ], [ -55.479, -10.125 ], [ -55.497, -10.096 ], [ -55.523, -10.097 ], [ -55.533, -10.075 ], [ -55.558, -10.057 ], [ -55.573, -10.123 ], [ -55.517, -10.161 ], [ -55.508, -10.19 ], [ -55.465, -10.229 ], [ -55.483, -10.247 ] ] ] ] } },
{ "type": "Feature", "properties": { "id_municipio": 5108857, "municipio": "Nova Marilândia", "grupo": "resto_mt", "slug": "nova-marilandia" }, "geometry": { "type": "MultiPolygon", "coordinates": [ [ [ [ -57.002, -14.421 ], [ -56.992, -14.434 ], [ -56.977, -14.436 ], [ -56.982, -14.419 ], [ -56.922, -14.389 ], [ -56.879, -14.352 ], [ -56.881, -14.299 ], [ -56.867, -14.265 ], [ -56.872, -14.234 ], [ -56.949, -14.176 ], [ -56.945, -14.163 ], [ -57.008, -14.195 ], [ -57.06, -14.199 ], [ -57.083, -14.186 ], [ -57.084, -14.156 ], [ -57.118, -14.174 ], [ -57.14, -14.16 ], [ -57.193, -14.19 ], [ -57.238, -14.168 ], [ -57.353, -14.184 ], [ -57.377, -14.156 ], [ -57.389, -14.154 ], [ -57.41, -14.163 ], [ -57.426, -14.186 ], [ -57.455, -14.19 ], [ -57.502, -14.221 ], [ -57.552, -14.229 ], [ -57.581, -14.197 ], [ -57.618, -14.2 ], [ -57.657, -14.236 ], [ -57.676, -14.287 ], [ -57.733, -14.303 ], [ -57.72, -14.375 ], [ -57.68, -14.393 ], [ -57.671, -14.42 ], [ -57.647, -14.434 ], [ -57.654, -14.405 ], [ -57.647, -14.372 ], [ -57.615, -14.399 ], [ -57.574, -14.362 ], [ -57.585, -14.338 ], [ -57.558, -14.34 ], [ -57.538, -14.366 ], [ -57.51, -14.315 ], [ -57.438, -14.347 ], [ -57.436, -14.308 ], [ -57.393, -14.351 ], [ -57.356, -14.33 ], [ -57.352, -14.362 ], [ -57.334, -14.357 ], [ -57.313, -14.38 ], [ -57.295, -14.378 ], [ -57.303, -14.427 ], [ -57.283, -14.418 ], [ -57.202, -14.413 ], [ -57.148, -14.393 ], [ -57.141, -14.395 ], [ -57.143, -14.421 ], [ -57.13, -14.413 ], [ -57.002, -14.421 ] ] ] ] } },
{ "type": "Feature", "properties": { "id_municipio": 5108907, "municipio": "Nova Maringá", "grupo": "resto_mt", "slug": "nova-maringa" }, "geometry": { "type": "MultiPolygon", "coordinates": [ [ [ [ -56.914, -13.214 ], [ -56.871, -13.161 ], [ -56.867, -13.128 ], [ -56.835, -13.082 ], [ -56.829, -13.042 ], [ -56.78, -12.987 ], [ -56.761, -12.976 ], [ -56.753, -12.98 ], [ -56.741, -12.967 ], [ -56.763, -12.91 ], [ -56.763, -12.885 ], [ -56.752, -12.87 ], [ -56.759, -12.846 ], [ -56.799, -12.791 ], [ -56.798, -12.757 ], [ -56.827, -12.739 ], [ -56.846, -12.703 ], [ -56.845, -12.678 ], [ -56.864, -12.675 ], [ -56.867, -12.659 ], [ -56.903, -12.63 ], [ -56.893, -12.605 ], [ -56.901, -12.563 ], [ -56.932, -12.56 ], [ -56.932, -12.526 ], [ -56.958, -12.523 ], [ -56.943, -12.511 ], [ -56.944, -12.478 ], [ -56.953, -12.469 ], [ -56.947, -12.451 ], [ -56.957, -12.439 ], [ -56.942, -12.428 ], [ -56.947, -12.406 ], [ -56.968, -12.398 ], [ -56.964, -12.378 ], [ -56.975, -12.366 ], [ -56.971, -12.336 ], [ -56.981, -12.316 ], [ -56.956, -12.3 ], [ -56.974, -12.303 ], [ -57.041, -12.255 ], [ -57.037, -12.231 ], [ -57.047, -12.205 ], [ -57.075, -12.186 ], [ -57.069, -12.156 ], [ -57.105, -12.084 ], [ -57.134, -12.052 ], [ -57.134, -12.025 ], [ -57.187, -11.893 ], [ -57.196, -11.846 ], [ -57.237, -11.825 ], [ -57.308, -11.755 ], [ -57.352, -11.771 ], [ -57.369, -11.743 ], [ -57.353, -11.731 ], [ -57.364, -11.71 ], [ -57.388, -11.724 ], [ -57.406, -11.72 ], [ -57.415, -11.744 ], [ -57.392, -11.822 ], [ -57.397, -11.84 ], [ -57.431, -11.864 ], [ -57.437, -11.909 ], [ -57.421, -11.962 ], [ -57.428, -11.999 ], [ -57.409, -12.02 ], [ -57.423, -12.065 ], [ -57.403, -12.101 ], [ -57.505, -12.087 ], [ -57.543, -12.066 ], [ -57.562, -12.072 ], [ -57.614, -12.101 ], [ -57.616, -12.128 ], [ -57.651, -12.139 ], [ -57.734, -12.209 ], [ -57.72, -12.22 ], [ -57.686, -12.223 ], [ -57.668, -12.247 ], [ -57.642, -12.258 ], [ -57.652, -12.288 ], [ -57.633, -12.292 ], [ -57.624, -12.321 ], [ -57.612, -12.327 ], [ -57.627, -12.341 ], [ -57.591, -12.353 ], [ -57.564, -12.381 ], [ -57.537, -12.384 ], [ -57.531, -12.405 ], [ -57.495, -12.413 ], [ -57.494, -12.422 ], [ -57.471, -12.431 ], [ -57.468, -12.449 ], [ -57.44, -12.468 ], [ -57.433, -12.52 ], [ -57.441, -12.579 ], [ -57.417, -12.628 ], [ -57.413, -12.68 ], [ -57.4, -12.69 ], [ -57.405, -12.703 ], [ -57.396, -12.713 ], [ -57.41, -12.767 ], [ -57.37, -12.852 ], [ -57.293, -12.928 ], [ -57.313, -12.988 ], [ -57.303, -12.993 ], [ -57.311, -12.994 ], [ -57.31, -13.013 ], [ -57.327, -13.045 ], [ -57.348, -13.049 ], [ -57.384, -13.089 ], [ -57.406, -13.097 ], [ -57.411, -13.117 ], [ -57.433, -13.117 ], [ -57.487, -13.155 ], [ -57.485, -13.178 ], [ -57.498, -13.178 ], [ -57.505, -13.205 ], [ -57.539, -13.235 ], [ -57.533, -13.242 ], [ -57.554, -13.271 ], [ -57.576, -13.283 ], [ -57.618, -13.339 ], [ -57.613, -13.354 ], [ -57.632, -13.409 ], [ -57.626, -13.419 ], [ -57.61, -13.416 ], [ -57.566, -13.455 ], [ -57.556, -13.512 ], [ -57.543, -13.527 ], [ -57.543, -13.582 ], [ -57.452, -13.58 ], [ -57.375, -13.555 ], [ -57.344, -13.556 ], [ -57.366, -13.586 ], [ -57.35, -13.601 ], [ -57.334, -13.6 ], [ -57.33, -13.621 ], [ -57.352, -13.666 ], [ -57.353, -13.738 ], [ -57.28, -13.808 ], [ -57.278, -13.777 ], [ -57.251, -13.748 ], [ -57.253, -13.727 ], [ -57.243, -13.715 ], [ -57.191, -13.701 ], [ -57.171, -13.67 ], [ -57.143, -13.665 ], [ -57.109, -13.587 ], [ -57.078, -13.574 ], [ -57.065, -13.547 ], [ -57.036, -13.545 ], [ -57.026, -13.563 ], [ -56.995, -13.525 ], [ -57.004, -13.513 ], [ -56.995, -13.485 ], [ -57.015, -13.467 ], [ -57.011, -13.444 ], [ -57.022, -13.442 ], [ -57.013, -13.413 ], [ -57.021, -13.405 ], [ -57.009, -13.382 ], [ -57.019, -13.368 ], [ -56.987, -13.305 ], [ -56.961, -13.291 ], [ -56.951, -13.23 ], [ -56.914, -13.214 ] ] ] ] } },
{ "type": "Feature", "properties": { "id_municipio": 5108956, "municipio": "Nova Monte Verde", "grupo": "resto_mt", "slug": "nova-monte-verde" }, "geometry": { "type": "MultiPolygon", "coordinates": [ [ [ [ -57.548, -10.276 ], [ -57.453, -10.254 ], [ -57.385, -10.278 ], [ -57.389, -10.308 ], [ -57.374, -10.283 ], [ -57.278, -10.271 ], [ -57.242, -10.296 ], [ -57.2, -10.299 ], [ -57.162, -10.325 ], [ -57.157, -10.314 ], [ -57.136, -10.31 ], [ -57.097, -10.315 ], [ -57.076, -10.304 ], [ -57.05, -10.311 ], [ -56.926, -10.271 ], [ -56.941, -10.245 ], [ -56.931, -10.242 ], [ -56.952, -10.181 ], [ -56.942, -10.167 ], [ -56.946, -10.153 ], [ -56.928, -10.147 ], [ -56.944, -10.147 ], [ -56.956, -10.126 ], [ -56.975, -10.12 ], [ -56.956, -10.108 ], [ -56.938, -10.069 ], [ -56.899, -10.057 ], [ -56.912, -10.048 ], [ -56.905, -10.034 ], [ -56.93, -9.996 ], [ -56.924, -9.961 ], [ -56.941, -9.948 ], [ -56.918, -9.917 ], [ -56.896, -9.908 ], [ -56.893, -9.893 ], [ -56.911, -9.878 ], [ -56.893, -9.853 ], [ -56.862, -9.848 ], [ -56.85, -9.87 ], [ -56.842, -9.858 ], [ -56.866, -9.823 ], [ -56.853, -9.815 ], [ -56.85, -9.794 ], [ -56.867, -9.797 ], [ -56.884, -9.781 ], [ -56.878, -9.751 ], [ -56.89, -9.74 ], [ -56.883, -9.725 ], [ -56.896, -9.715 ], [ -56.915, -9.67 ], [ -56.93, -9.664 ], [ -56.919, -9.645 ], [ -56.926, -9.626 ], [ -56.939, -9.619 ], [ -56.942, -9.594 ], [ -56.966, -9.588 ], [ -56.964, -9.576 ], [ -56.98, -9.577 ], [ -56.981, -9.56 ], [ -56.999, -9.565 ], [ -57.003, -9.552 ], [ -57.018, -9.557 ], [ -57.017, -9.543 ], [ -57.047, -9.539 ], [ -57.054, -9.529 ], [ -57.084, -9.561 ], [ -57.084, -9.572 ], [ -57.108, -9.569 ], [ -57.109, -9.592 ], [ -57.132, -9.614 ], [ -57.144, -9.662 ], [ -57.164, -9.667 ], [ -57.168, -9.709 ], [ -57.194, -9.75 ], [ -57.189, -9.791 ], [ -57.208, -9.786 ], [ -57.222, -9.797 ], [ -57.226, -9.788 ], [ -57.255, -9.788 ], [ -57.272, -9.803 ], [ -57.269, -9.821 ], [ -57.294, -9.808 ], [ -57.292, -9.78 ], [ -57.318, -9.78 ], [ -57.331, -9.763 ], [ -57.322, -9.744 ], [ -57.336, -9.686 ], [ -57.377, -9.682 ], [ -57.408, -9.697 ], [ -57.425, -9.69 ], [ -57.449, -9.729 ], [ -57.497, -9.736 ], [ -57.561, -9.779 ], [ -57.597, -9.757 ], [ -57.595, -9.743 ], [ -57.618, -9.741 ], [ -57.632, -9.704 ], [ -57.646, -9.712 ], [ -57.652, -9.7 ], [ -57.669, -9.717 ], [ -57.619, -9.747 ], [ -57.614, -9.764 ], [ -57.673, -9.822 ], [ -57.697, -9.87 ], [ -57.676, -9.867 ], [ -57.682, -9.886 ], [ -57.662, -9.885 ], [ -57.645, -9.9 ], [ -57.661, -9.961 ], [ -57.641, -9.978 ], [ -57.634, -10.002 ], [ -57.624, -10.0 ], [ -57.624, -10.009 ], [ -57.615, -10.002 ], [ -57.619, -10.036 ], [ -57.602, -10.051 ], [ -57.603, -10.071 ], [ -57.582, -10.1 ], [ -57.579, -10.135 ], [ -57.589, -10.142 ], [ -57.576, -10.163 ], [ -57.585, -10.162 ], [ -57.6, -10.195 ], [ -57.604, -10.244 ], [ -57.548, -10.276 ] ] ] ] } }
]
}
