id_municipio,municipio,item_id,dimensao,proposicao,status,base
5101605,Barão de Melgaço,FOR-01,Forças,Segmento pavimentado da BR-262 entre Anastácio e Corumbá (MS) como rota turística e comercial,REGIONAL,2 fonte(s) de escala supramunicipal que cobrem o município — UFMS (2023a) - Plano de Desenvolvimento e Integração da Faixa de Front; UFMS (2023b) - Plano de Desenvolvimento e Integração da Faixa de Front — critério: a fonte cobre o município mas não o nomeia neste ponto: vale com ressalva de escala
5101605,Barão de Melgaço,FOR-02,Forças,PCHs em operação com baixo comprometimento da qualidade da água e pouco efeito no transporte de nutrientes,REGIONAL,2 fonte(s) de escala supramunicipal que cobrem o município — Notas Técnicas e Resoluções ANA - Nota Técnica 03-2020 - Análise-efeit; Notas Técnicas e Resoluções ANA - Nota Técnica Conjunta nº 1-2020-SPR- — critério: a fonte cobre o município mas não o nomeia neste ponto: vale com ressalva de escala
5101605,Barão de Melgaço,FOR-03,Forças,Navegação de pequeno porte no Pantanal e acesso fluvial a comunidades ribeirinhas nos rios Paraguai e Taquari (MS),DOCUMENTADO,1 passagem(ns) que nomeiam o município — UFMS (2023a) - Plano de Desenvolvimento e Integração da Faixa de Front
5101605,Barão de Melgaço,FOR-05,Forças,Transpantaneira como principal via de acesso ao Pantanal a partir de Poconé (MT),DOCUMENTADO,4 passagem(ns) que nomeiam o município — Plano Municipal de Saneamento Básico de Barão de Melgaço-MT (convênio ; Plano Municipal de Saneamento Básico de Poconé-MT (convênio FUNASA/UFM; SEMA-MT (2025) - Plano de Manejo da Estrada Parque Transpantaneira (MT
5101605,Barão de Melgaço,FOR-06,Forças,"Regulação da vazão pelo reservatório de Manso, com Cuiabá e Várzea Grande como alvos do controle de cheias",DOCUMENTADO,5 passagem(ns) que nomeiam o município — Notas Técnicas e Resoluções ANA - Nota Técnica 03-2020 - Análise-efeit; Notas Técnicas e Resoluções ANA - Nota Técnica Conjunta nº 1-2020-SPR-; Plano Municipal de Saneamento Básico de Barão de Melgaço-MT (convênio
5101605,Barão de Melgaço,FOR-07,Forças,Capacidade instalada de geração hidrelétrica e termoelétrica na Bacia do Alto Paraguai por volta de 2010-2011,REGIONAL,2 fonte(s) de escala supramunicipal que cobrem o município — Notas Técnicas e Resoluções ANA - Nota Técnica 03-2020 - Análise-efeit; Notas Técnicas e Resoluções ANA - Nota Técnica Conjunta nº 1-2020-SPR- — critério: a fonte cobre o município mas não o nomeia neste ponto: vale com ressalva de escala
5101605,Barão de Melgaço,FOR-08,Forças,Pontes e bueiros existentes na BR-262 entre Anastácio e Corumbá (MS) parcial ou totalmente aptos ao uso pela fauna,REGIONAL,2 fonte(s) de escala supramunicipal que cobrem o município — SEMA-MT (2025) - Plano de Manejo da Estrada Parque Transpantaneira (MT; Terminal Portuário Paratudal (Proc. SEMA 677928/2017) – EIA - Volume 5 — critério: a fonte cobre o município mas não o nomeia neste ponto: vale com ressalva de escala
5101605,Barão de Melgaço,FOR-09,Forças,Estrada-Parque Pantanal (MS) no escoamento do gado leiloado por caminhões boiadeiros,REGIONAL,4 fonte(s) de escala supramunicipal que cobrem o município — SEMA-MT (2025) - Plano de Manejo da Estrada Parque Transpantaneira (MT; Terminal Portuário Paratudal (Proc. SEMA 677928/2017) – EIA - Volume 5; UFMS (2023a) - Plano de Desenvolvimento e Integração da Faixa de Front — critério: a fonte cobre o município mas não o nomeia neste ponto: vale com ressalva de escala
5101605,Barão de Melgaço,OPO-01,Oportunidades,"Universalização elétrica de áreas isoladas (Luz para Todos, REN 488/2012)",NÃO AVALIADO,"Sem fonte direta, sem cobertura territorial e sem par documentado no mesmo grupo de infraestrutura (e na mesma posição no bioma, nos itens que dependem da planície)"
5101605,Barão de Melgaço,OPO-02,Oportunidades,Sistemas fotovoltaicos isolados como alternativa de eletrificação de áreas remotas do Pantanal,REGIONAL,1 fonte(s) de escala supramunicipal que cobrem o município — UFMS (2023b) - Plano de Desenvolvimento e Integração da Faixa de Front — critério: a fonte cobre o município mas não o nomeia neste ponto: vale com ressalva de escala
5101605,Barão de Melgaço,OPO-03,Oportunidades,Hidrovia Paraguai-Paraná como rota de exportação da soja de Mato Grosso,REGIONAL,1 fonte(s) de escala supramunicipal que cobrem o município — Terminal Portuário Paratudal (Proc. SEMA 677928/2017) – EIA - Volume 5 — critério: a fonte cobre o município mas não o nomeia neste ponto: vale com ressalva de escala
5101605,Barão de Melgaço,OPO-04,Oportunidades,Estudo da ANA e planejamento hidrelétrico em escala de bacia na RH Paraguai,REGIONAL,1 fonte(s) de escala supramunicipal que cobrem o município — Notas Técnicas e Resoluções ANA - Nota Técnica 03-2020 - Análise-efeit — critério: a fonte cobre o município mas não o nomeia neste ponto: vale com ressalva de escala
5101605,Barão de Melgaço,OPO-05,Oportunidades,"Mitigação de atropelamentos: passagens de fauna, cercas-guia e velocidade sazonal",REGIONAL,5 fonte(s) de escala supramunicipal que cobrem o município — SEMA-MT (2025) - Plano de Manejo da Estrada Parque Transpantaneira (MT; Terminal Portuário Paratudal (Proc. SEMA 677928/2017) – EIA - Volume 5; UFMS (2023a) - Plano de Desenvolvimento e Integração da Faixa de Front — critério: a fonte cobre o município mas não o nomeia neste ponto: vale com ressalva de escala
5101605,Barão de Melgaço,OPO-06,Oportunidades,"Novas barragens em rios já barrados e tributários menores, e recomendação de não barrar quatro rios livres do planalto",REGIONAL,4 fonte(s) de escala supramunicipal que cobrem o município — Notas Técnicas e Resoluções ANA - Nota Técnica 03-2020 - Análise-efeit; Notas Técnicas e Resoluções ANA - Nota Técnica Conjunta nº 1-2020-SPR-; Plano Municipal de Saneamento Básico (PMSB) - Lambari D'Oeste - MT (UF — critério: a fonte cobre o município mas não o nomeia neste ponto: vale com ressalva de escala
5101605,Barão de Melgaço,OPO-07,Oportunidades,Regras operativas de barragens que preservem a variabilidade de vazões (proposta de estudo para a UHE Manso),DOCUMENTADO,2 passagem(ns) que nomeiam o município — Notas Técnicas e Resoluções ANA - Nota Técnica Conjunta nº 1-2020-SPR-; corpus validado dos 36 estudos distintos (36 registros)
5101605,Barão de Melgaço,OPO-08,Oportunidades,Modernização portuária de Cáceres (MT) no projeto da hidrovia Paraguai-Paraná,DOCUMENTADO,1 passagem(ns) que nomeiam o município — Plano Municipal de Saneamento Básico de Nossa Senhora do Livramento-MT
5101605,Barão de Melgaço,OPO-09,Oportunidades,Transporte multimodal ferrovia-rodovia como alternativa à hidrovia no Pantanal,REGIONAL,4 fonte(s) de escala supramunicipal que cobrem o município — Plano Municipal de Saneamento Básico de Itiquira-MT (convênio FUNASA/U; Terminal Portuário Paratudal (Proc. SEMA 677928/2017) – EIA - Volume 5; UFMS (2023a) - Plano de Desenvolvimento e Integração da Faixa de Front — critério: a fonte cobre o município mas não o nomeia neste ponto: vale com ressalva de escala
5101605,Barão de Melgaço,FRA-01,Fraquezas,Transpantaneira quase intransitável na estação chuvosa e acesso à Estrada-Parque Pantanal comprometido nas cheias,NÃO AVALIADO,Item não inferível — critério: regra 2 — refere-se a vias determinadas (Transpantaneira e Estrada-Parque Pantanal)
5101605,Barão de Melgaço,FRA-02,Fraquezas,"Localidades e fazendas fora da rede elétrica, dependentes de geradores a diesel",NÃO AVALIADO,"Sem fonte direta, sem cobertura territorial e sem par documentado no mesmo grupo de infraestrutura (e na mesma posição no bioma, nos itens que dependem da planície)"
5101605,Barão de Melgaço,FRA-03,Fraquezas,"Cheia, áreas de preservação e acesso restrito dificultam a extensão da rede elétrica e a manutenção de sistemas isolados",DOCUMENTADO,1 passagem(ns) que nomeiam o município — Plano Municipal de Saneamento Básico de Barão de Melgaço-MT (convênio
5101605,Barão de Melgaço,FRA-04,Fraquezas,Canal raso e sinuoso no tramo Cáceres–Corumbá do rio Paraguai e projeto de hidrovia sob paralisação judicial em 2020,REGIONAL,1 fonte(s) de escala supramunicipal que cobrem o município — Terminal Portuário Paratudal (Proc. SEMA 677928/2017) – EIA - Volume 5 — critério: a fonte cobre o município mas não o nomeia neste ponto: vale com ressalva de escala
5101605,Barão de Melgaço,FRA-05,Fraquezas,Estradas não pavimentadas e pontes de madeira de manutenção onerosa no Pantanal-MS,DOCUMENTADO,8 passagem(ns) que nomeiam o município — Plano Municipal de Saneamento Básico (PMSB) - Lambari D'Oeste - MT (UF; Plano Municipal de Saneamento Básico de Barão de Melgaço-MT (convênio
5101605,Barão de Melgaço,FRA-06,Fraquezas,"Hidrelétricas na Bacia do Alto Paraguai sem planejamento de bacia, com EIAs de horizonte curto ou dispensados",REGIONAL,1 fonte(s) de escala supramunicipal que cobrem o município — Notas Técnicas e Resoluções ANA - Nota Técnica Conjunta nº 1-2020-SPR- — critério: a fonte cobre o município mas não o nomeia neste ponto: vale com ressalva de escala
5101605,Barão de Melgaço,FRA-07,Fraquezas,"Cercas de fauna com pouca ou nenhuma manutenção e alta mortalidade por atropelamento na BR-262, no Pantanal-MS",REGIONAL,4 fonte(s) de escala supramunicipal que cobrem o município — SEMA-MT (2025) - Plano de Manejo da Estrada Parque Transpantaneira (MT; UFMS (2023a) - Plano de Desenvolvimento e Integração da Faixa de Front; UFMS (2023b) - Plano de Desenvolvimento e Integração da Faixa de Front — critério: a fonte cobre o município mas não o nomeia neste ponto: vale com ressalva de escala
5101605,Barão de Melgaço,FRA-08,Fraquezas,"Assoreamento acelerado de reservatórios (UHE Itiquira, Ponte de Pedra, PCH São Lourenço)",REGIONAL,2 fonte(s) de escala supramunicipal que cobrem o município — Notas Técnicas e Resoluções ANA - Nota Técnica 03-2020 - Análise-efeit; Notas Técnicas e Resoluções ANA - Nota Técnica Conjunta nº 1-2020-SPR- — critério: a fonte cobre o município mas não o nomeia neste ponto: vale com ressalva de escala
5101605,Barão de Melgaço,FRA-09,Fraquezas,Telefonia e internet ausentes ou instáveis no Pantanal-MS,REGIONAL,3 fonte(s) de escala supramunicipal que cobrem o município — UFMS (2023a) - Plano de Desenvolvimento e Integração da Faixa de Front; UFMS (2023b) - Plano de Desenvolvimento e Integração da Faixa de Front; UFMS (2024) - Plano de Desenvolvimento e Integração da Faixa de Fronte — critério: a fonte cobre o município mas não o nomeia neste ponto: vale com ressalva de escala
5101605,Barão de Melgaço,FRA-10,Fraquezas,"Saneamento básico ausente ou inadequado em comunidades ribeirinhas de Corumbá-MS (Passo do Lontra, Porto da Manga)",DOCUMENTADO,71 passagem(ns) que nomeiam o município — Plano Municipal de Saneamento Básico (PMSB) - Lambari D'Oeste - MT (UF; Plano Municipal de Saneamento Básico de Barão de Melgaço-MT (convênio ; UFMS (2023a) - Plano de Desenvolvimento e Integração da Faixa de Front
5101605,Barão de Melgaço,AME-01,Ameaças,"Proliferação de PCHs e UHEs nos rios formadores da BAP, inclusive na porção mato-grossense",REGIONAL,2 fonte(s) de escala supramunicipal que cobrem o município — Notas Técnicas e Resoluções ANA - Nota Técnica 03-2020 - Análise-efeit; Notas Técnicas e Resoluções ANA - Nota Técnica Conjunta nº 1-2020-SPR- — critério: a fonte cobre o município mas não o nomeia neste ponto: vale com ressalva de escala
5101605,Barão de Melgaço,AME-02,Ameaças,UHE Manso alterando vazões do rio Cuiabá e a conexão rio-planície ao menos até Barão de Melgaço,DOCUMENTADO,8 passagem(ns) que nomeiam o município — Notas Técnicas e Resoluções ANA - Nota Técnica 03-2020 - Análise-efeit; Notas Técnicas e Resoluções ANA - Nota Técnica Conjunta nº 1-2020-SPR-; Plano Municipal de Saneamento Básico de Barão de Melgaço-MT (convênio
5101605,Barão de Melgaço,AME-03,Ameaças,Retenção de sedimentos pelas barragens do planalto e redução prevista do transporte de nutrientes à planície,REGIONAL,2 fonte(s) de escala supramunicipal que cobrem o município — Notas Técnicas e Resoluções ANA - Nota Técnica 03-2020 - Análise-efeit; Notas Técnicas e Resoluções ANA - Nota Técnica Conjunta nº 1-2020-SPR- — critério: a fonte cobre o município mas não o nomeia neste ponto: vale com ressalva de escala
5101605,Barão de Melgaço,AME-04,Ameaças,PCHs alterando vazões subdiárias pela operação em picos (hydropeaking) e a qualidade da água a jusante,NÃO AVALIADO,"Sem fonte direta, sem cobertura territorial e sem par documentado no mesmo grupo de infraestrutura (e na mesma posição no bioma, nos itens que dependem da planície)"
5101605,Barão de Melgaço,AME-05,Ameaças,Hidrovia Paraguai-Paraná: dragagem e aprofundamento do canal do rio Paraguai e porto perto de Cáceres,REGIONAL,1 fonte(s) de escala supramunicipal que cobrem o município — Terminal Portuário Paratudal (Proc. SEMA 677928/2017) – EIA - Volume 5 — critério: a fonte cobre o município mas não o nomeia neste ponto: vale com ressalva de escala
5101605,Barão de Melgaço,AME-06,Ameaças,"Assoreamento dos reservatórios de hidrelétricas, encurtando a vida útil e exigindo dragagem",REGIONAL,3 fonte(s) de escala supramunicipal que cobrem o município — Notas Técnicas e Resoluções ANA - Nota Técnica 03-2020 - Análise-efeit; Notas Técnicas e Resoluções ANA - Nota Técnica Conjunta nº 1-2020-SPR-; Terminal Portuário Paratudal (Proc. SEMA 677928/2017) – EIA - Volume 5 — critério: a fonte cobre o município mas não o nomeia neste ponto: vale com ressalva de escala
5101605,Barão de Melgaço,AME-07,Ameaças,Incentivos PROINFA/BNDES e discurso de 'energia limpa' legitimando PCHs na BAP,REGIONAL,3 fonte(s) de escala supramunicipal que cobrem o município — Plano Municipal de Saneamento Básico de Juscimeira-MT (convênio FUNASA; Plano Municipal de Saneamento Básico de Nossa Senhora do Livramento-MT; UFMS (2024) - Plano de Desenvolvimento e Integração da Faixa de Fronte — critério: a fonte cobre o município mas não o nomeia neste ponto: vale com ressalva de escala
5101605,Barão de Melgaço,AME-08,Ameaças,"Rodovias associadas a atropelamento de fauna e a desmatamento no entorno, com risco maior previsto com a pavimentação",REGIONAL,4 fonte(s) de escala supramunicipal que cobrem o município — SEMA-MT (2025) - Plano de Manejo da Estrada Parque Transpantaneira (MT; UFMS (2023a) - Plano de Desenvolvimento e Integração da Faixa de Front; UFMS (2023b) - Plano de Desenvolvimento e Integração da Faixa de Front — critério: a fonte cobre o município mas não o nomeia neste ponto: vale com ressalva de escala
5101605,Barão de Melgaço,AME-09,Ameaças,Águas baixas interrompendo a navegação no rio Paraguai e sobrecarregando a BR-262,NÃO AVALIADO,Item não inferível — critério: regra 2 — refere-se a um rio e a uma rodovia determinados (rio Paraguai e BR-262)
5101605,Barão de Melgaço,AME-10,Ameaças,Oposição majoritária da população da BAP mato-grossense à Hidrovia Paraguai-Paraná,REGIONAL,1 fonte(s) de escala supramunicipal que cobrem o município — Terminal Portuário Paratudal (Proc. SEMA 677928/2017) – EIA - Volume 5 — critério: a fonte cobre o município mas não o nomeia neste ponto: vale com ressalva de escala
5103437,Curvelândia,FOR-01,Forças,Segmento pavimentado da BR-262 entre Anastácio e Corumbá (MS) como rota turística e comercial,REGIONAL,1 fonte(s) de escala supramunicipal que cobrem o município — UFMS (2023a) - Plano de Desenvolvimento e Integração da Faixa de Front — critério: a fonte cobre o município mas não o nomeia neste ponto: vale com ressalva de escala
5103437,Curvelândia,FOR-02,Forças,PCHs em operação com baixo comprometimento da qualidade da água e pouco efeito no transporte de nutrientes,NÃO AVALIADO,Item não inferível — critério: regra 2 — afirma a operação de PCHs determinadas e o seu efeito medido a jusante
5103437,Curvelândia,FOR-03,Forças,Navegação de pequeno porte no Pantanal e acesso fluvial a comunidades ribeirinhas nos rios Paraguai e Taquari (MS),CONTRAINDICADO,Dado municipal da Fase I refuta o item — critério: menos de 10% da área municipal no bioma Pantanal: não há rede fluvial de planície que dê acesso a comunidades ribeirinhas
5103437,Curvelândia,FOR-05,Forças,Transpantaneira como principal via de acesso ao Pantanal a partir de Poconé (MT),REGIONAL,1 fonte(s) de escala supramunicipal que cobrem o município — UFMS (2023a) - Plano de Desenvolvimento e Integração da Faixa de Front — critério: a fonte cobre o município mas não o nomeia neste ponto: vale com ressalva de escala
5103437,Curvelândia,FOR-06,Forças,"Regulação da vazão pelo reservatório de Manso, com Cuiabá e Várzea Grande como alvos do controle de cheias",REGIONAL,1 fonte(s) de escala supramunicipal que cobrem o município — Plano Municipal de Saneamento Básico (PMSB) - Cáceres - MT (UFMT-FUNAS — critério: a fonte cobre o município mas não o nomeia neste ponto: vale com ressalva de escala
5103437,Curvelândia,FOR-07,Forças,Capacidade instalada de geração hidrelétrica e termoelétrica na Bacia do Alto Paraguai por volta de 2010-2011,INFERIDO,Similaridade estrutural com município documentado — município de referência: Cáceres; Itiquira — critério: mesmo grupo de infraestrutura (Esgotamento ausente ou incipiente)
5103437,Curvelândia,FOR-08,Forças,Pontes e bueiros existentes na BR-262 entre Anastácio e Corumbá (MS) parcial ou totalmente aptos ao uso pela fauna,REGIONAL,1 fonte(s) de escala supramunicipal que cobrem o município — Terminal Portuário Paratudal (Proc. SEMA 677928/2017) – EIA - Volume 5 — critério: a fonte cobre o município mas não o nomeia neste ponto: vale com ressalva de escala
5103437,Curvelândia,FOR-09,Forças,Estrada-Parque Pantanal (MS) no escoamento do gado leiloado por caminhões boiadeiros,REGIONAL,2 fonte(s) de escala supramunicipal que cobrem o município — Terminal Portuário Paratudal (Proc. SEMA 677928/2017) – EIA - Volume 5; UFMS (2023a) - Plano de Desenvolvimento e Integração da Faixa de Front — critério: a fonte cobre o município mas não o nomeia neste ponto: vale com ressalva de escala
5103437,Curvelândia,OPO-01,Oportunidades,"Universalização elétrica de áreas isoladas (Luz para Todos, REN 488/2012)",DOCUMENTADO,1 passagem(ns) que nomeiam o município — Plano Municipal de Saneamento Básico (PMSB) - Mirassol D'Oeste - MT (U
5103437,Curvelândia,OPO-02,Oportunidades,Sistemas fotovoltaicos isolados como alternativa de eletrificação de áreas remotas do Pantanal,CONTRAINDICADO,Dado municipal da Fase I refuta o item — critério: mesmo critério de FRA-02
5103437,Curvelândia,OPO-03,Oportunidades,Hidrovia Paraguai-Paraná como rota de exportação da soja de Mato Grosso,REGIONAL,1 fonte(s) de escala supramunicipal que cobrem o município — Terminal Portuário Paratudal (Proc. SEMA 677928/2017) – EIA - Volume 5 — critério: a fonte cobre o município mas não o nomeia neste ponto: vale com ressalva de escala
5103437,Curvelândia,OPO-04,Oportunidades,Estudo da ANA e planejamento hidrelétrico em escala de bacia na RH Paraguai,NÃO AVALIADO,"Item não inferível — critério: regra 2 — refere-se a um estudo determinado (ANA, RH Paraguai)"
5103437,Curvelândia,OPO-05,Oportunidades,"Mitigação de atropelamentos: passagens de fauna, cercas-guia e velocidade sazonal",REGIONAL,2 fonte(s) de escala supramunicipal que cobrem o município — Terminal Portuário Paratudal (Proc. SEMA 677928/2017) – EIA - Volume 5; UFMS (2023a) - Plano de Desenvolvimento e Integração da Faixa de Front — critério: a fonte cobre o município mas não o nomeia neste ponto: vale com ressalva de escala
5103437,Curvelândia,OPO-06,Oportunidades,"Novas barragens em rios já barrados e tributários menores, e recomendação de não barrar quatro rios livres do planalto",DOCUMENTADO,5 passagem(ns) que nomeiam o município — Plano Municipal de Saneamento Básico (PMSB) - Curvelândia - MT (UFMT-F; Plano Municipal de Saneamento Básico (PMSB) - Porto Esperidião - MT (U
5103437,Curvelândia,OPO-07,Oportunidades,Regras operativas de barragens que preservem a variabilidade de vazões (proposta de estudo para a UHE Manso),NÃO AVALIADO,Item não inferível — critério: regra 2 — refere-se às regras operativas de uma barragem determinada (UHE Manso)
5103437,Curvelândia,OPO-08,Oportunidades,Modernização portuária de Cáceres (MT) no projeto da hidrovia Paraguai-Paraná,REGIONAL,2 fonte(s) de escala supramunicipal que cobrem o município — Porto do Barranco Vermelho (Proc. SEMA 635859/2019) – EIA RIMA TUP BAR; Terminal Portuário Paratudal (Proc. SEMA 677928/2017) – EIA - Volume 5 — critério: a fonte cobre o município mas não o nomeia neste ponto: vale com ressalva de escala
5103437,Curvelândia,OPO-09,Oportunidades,Transporte multimodal ferrovia-rodovia como alternativa à hidrovia no Pantanal,DOCUMENTADO,1 passagem(ns) que nomeiam o município — Plano Municipal de Saneamento Básico (PMSB) - Curvelândia - MT (UFMT-F
5103437,Curvelândia,FRA-01,Fraquezas,Transpantaneira quase intransitável na estação chuvosa e acesso à Estrada-Parque Pantanal comprometido nas cheias,NÃO AVALIADO,Item não inferível — critério: regra 2 — refere-se a vias determinadas (Transpantaneira e Estrada-Parque Pantanal)
5103437,Curvelândia,FRA-02,Fraquezas,"Localidades e fazendas fora da rede elétrica, dependentes de geradores a diesel",CONTRAINDICADO,"Dado municipal da Fase I refuta o item — critério: município de planalto com 99,5% ou mais dos domicílios com energia elétrica: não há localidades isoladas da rede em número relevante"
5103437,Curvelândia,FRA-03,Fraquezas,"Cheia, áreas de preservação e acesso restrito dificultam a extensão da rede elétrica e a manutenção de sistemas isolados",CONTRAINDICADO,Dado municipal da Fase I refuta o item — critério: menos de 10% da área municipal no bioma Pantanal: a cheia não condiciona a extensão da rede elétrica
5103437,Curvelândia,FRA-04,Fraquezas,Canal raso e sinuoso no tramo Cáceres–Corumbá do rio Paraguai e projeto de hidrovia sob paralisação judicial em 2020,REGIONAL,1 fonte(s) de escala supramunicipal que cobrem o município — Terminal Portuário Paratudal (Proc. SEMA 677928/2017) – EIA - Volume 5 — critério: a fonte cobre o município mas não o nomeia neste ponto: vale com ressalva de escala
5103437,Curvelândia,FRA-05,Fraquezas,Estradas não pavimentadas e pontes de madeira de manutenção onerosa no Pantanal-MS,DOCUMENTADO,1 passagem(ns) que nomeiam o município — Plano Municipal de Saneamento Básico (PMSB) - Lambari D'Oeste - MT (UF
5103437,Curvelândia,FRA-06,Fraquezas,"Hidrelétricas na Bacia do Alto Paraguai sem planejamento de bacia, com EIAs de horizonte curto ou dispensados",DOCUMENTADO,1 passagem(ns) que nomeiam o município — Plano Municipal de Saneamento Básico (PMSB) - Curvelândia - MT (UFMT-F
5103437,Curvelândia,FRA-07,Fraquezas,"Cercas de fauna com pouca ou nenhuma manutenção e alta mortalidade por atropelamento na BR-262, no Pantanal-MS",REGIONAL,1 fonte(s) de escala supramunicipal que cobrem o município — UFMS (2023a) - Plano de Desenvolvimento e Integração da Faixa de Front — critério: a fonte cobre o município mas não o nomeia neste ponto: vale com ressalva de escala
5103437,Curvelândia,FRA-08,Fraquezas,"Assoreamento acelerado de reservatórios (UHE Itiquira, Ponte de Pedra, PCH São Lourenço)",DOCUMENTADO,1 passagem(ns) que nomeiam o município — Plano Municipal de Saneamento Básico (PMSB) - Curvelândia - MT (UFMT-F
5103437,Curvelândia,FRA-09,Fraquezas,Telefonia e internet ausentes ou instáveis no Pantanal-MS,REGIONAL,1 fonte(s) de escala supramunicipal que cobrem o município — UFMS (2023a) - Plano de Desenvolvimento e Integração da Faixa de Front — critério: a fonte cobre o município mas não o nomeia neste ponto: vale com ressalva de escala
5103437,Curvelândia,FRA-10,Fraquezas,"Saneamento básico ausente ou inadequado em comunidades ribeirinhas de Corumbá-MS (Passo do Lontra, Porto da Manga)",DOCUMENTADO,24 passagem(ns) que nomeiam o município — Plano Municipal de Saneamento Básico (PMSB) - Curvelândia - MT (UFMT-F
5103437,Curvelândia,AME-01,Ameaças,"Proliferação de PCHs e UHEs nos rios formadores da BAP, inclusive na porção mato-grossense",INFERIDO,Similaridade estrutural com município documentado — município de referência: Cáceres; Santo Antônio de Leverger; Itiquira; Juscimeira — critério: mesmo grupo de infraestrutura (Esgotamento ausente ou incipiente)
5103437,Curvelândia,AME-02,Ameaças,UHE Manso alterando vazões do rio Cuiabá e a conexão rio-planície ao menos até Barão de Melgaço,REGIONAL,2 fonte(s) de escala supramunicipal que cobrem o município — Plano Municipal de Saneamento Básico (PMSB) - Cáceres - MT (UFMT-FUNAS; Terminal Portuário Paratudal (Proc. SEMA 677928/2017) – EIA - Volume 5 — critério: a fonte cobre o município mas não o nomeia neste ponto: vale com ressalva de escala
5103437,Curvelândia,AME-03,Ameaças,Retenção de sedimentos pelas barragens do planalto e redução prevista do transporte de nutrientes à planície,INFERIDO,Similaridade estrutural com município documentado — município de referência: Itiquira — critério: mesmo grupo de infraestrutura (Esgotamento ausente ou incipiente)
5103437,Curvelândia,AME-04,Ameaças,PCHs alterando vazões subdiárias pela operação em picos (hydropeaking) e a qualidade da água a jusante,INFERIDO,Similaridade estrutural com município documentado — município de referência: Cáceres; Itiquira — critério: mesmo grupo de infraestrutura (Esgotamento ausente ou incipiente)
5103437,Curvelândia,AME-05,Ameaças,Hidrovia Paraguai-Paraná: dragagem e aprofundamento do canal do rio Paraguai e porto perto de Cáceres,REGIONAL,1 fonte(s) de escala supramunicipal que cobrem o município — Terminal Portuário Paratudal (Proc. SEMA 677928/2017) – EIA - Volume 5 — critério: a fonte cobre o município mas não o nomeia neste ponto: vale com ressalva de escala
5103437,Curvelândia,AME-06,Ameaças,"Assoreamento dos reservatórios de hidrelétricas, encurtando a vida útil e exigindo dragagem",DOCUMENTADO,1 passagem(ns) que nomeiam o município — Plano Municipal de Saneamento Básico (PMSB) - Curvelândia - MT (UFMT-F
5103437,Curvelândia,AME-07,Ameaças,Incentivos PROINFA/BNDES e discurso de 'energia limpa' legitimando PCHs na BAP,INFERIDO,Similaridade estrutural com município documentado — município de referência: Cáceres; Itiquira; Juscimeira — critério: mesmo grupo de infraestrutura (Esgotamento ausente ou incipiente)
5103437,Curvelândia,AME-08,Ameaças,"Rodovias associadas a atropelamento de fauna e a desmatamento no entorno, com risco maior previsto com a pavimentação",REGIONAL,1 fonte(s) de escala supramunicipal que cobrem o município — UFMS (2023a) - Plano de Desenvolvimento e Integração da Faixa de Front — critério: a fonte cobre o município mas não o nomeia neste ponto: vale com ressalva de escala
5103437,Curvelândia,AME-09,Ameaças,Águas baixas interrompendo a navegação no rio Paraguai e sobrecarregando a BR-262,NÃO AVALIADO,Item não inferível — critério: regra 2 — refere-se a um rio e a uma rodovia determinados (rio Paraguai e BR-262)
5103437,Curvelândia,AME-10,Ameaças,Oposição majoritária da população da BAP mato-grossense à Hidrovia Paraguai-Paraná,REGIONAL,1 fonte(s) de escala supramunicipal que cobrem o município — Terminal Portuário Paratudal (Proc. SEMA 677928/2017) – EIA - Volume 5 — critério: a fonte cobre o município mas não o nomeia neste ponto: vale com ressalva de escala
5102504,Cáceres,FOR-01,Forças,Segmento pavimentado da BR-262 entre Anastácio e Corumbá (MS) como rota turística e comercial,DOCUMENTADO,4 passagem(ns) que nomeiam o município — UFMS (2023a) - Plano de Desenvolvimento e Integração da Faixa de Front; UFMS (2023b) - Plano de Desenvolvimento e Integração da Faixa de Front; UFMS (2024) - Plano de Desenvolvimento e Integração da Faixa de Fronte
5102504,Cáceres,FOR-02,Forças,PCHs em operação com baixo comprometimento da qualidade da água e pouco efeito no transporte de nutrientes,REGIONAL,4 fonte(s) de escala supramunicipal que cobrem o município — Notas Técnicas e Resoluções ANA - Nota Técnica 03-2020 - Análise-efeit; Notas Técnicas e Resoluções ANA - Nota Técnica Conjunta nº 03-2020-SPR; Notas Técnicas e Resoluções ANA - Nota Técnica Conjunta nº 1-2020-SPR- — critério: a fonte cobre o município mas não o nomeia neste ponto: vale com ressalva de escala
5102504,Cáceres,FOR-03,Forças,Navegação de pequeno porte no Pantanal e acesso fluvial a comunidades ribeirinhas nos rios Paraguai e Taquari (MS),DOCUMENTADO,13 passagem(ns) que nomeiam o município — Porto do Barranco Vermelho (Proc. SEMA 635859/2019) – EIA RIMA TUP BAR; Terminal Portuário Paratudal (Proc. SEMA 677928/2017) – EIA - Volume 5; corpus validado dos 36 estudos distintos (36 registros)
5102504,Cáceres,FOR-05,Forças,Transpantaneira como principal via de acesso ao Pantanal a partir de Poconé (MT),DOCUMENTADO,3 passagem(ns) que nomeiam o município — SEMA-MT (2025) - Plano de Manejo da Estrada Parque Transpantaneira (MT; UFMS (2023b) - Plano de Desenvolvimento e Integração da Faixa de Front; UFMS (2024) - Plano de Desenvolvimento e Integração da Faixa de Fronte
5102504,Cáceres,FOR-06,Forças,"Regulação da vazão pelo reservatório de Manso, com Cuiabá e Várzea Grande como alvos do controle de cheias",DOCUMENTADO,4 passagem(ns) que nomeiam o município — Notas Técnicas e Resoluções ANA - Nota Técnica 03-2020 - Análise-efeit; Plano Municipal de Saneamento Básico (PMSB) - Cáceres - MT (UFMT-FUNAS
5102504,Cáceres,FOR-07,Forças,Capacidade instalada de geração hidrelétrica e termoelétrica na Bacia do Alto Paraguai por volta de 2010-2011,DOCUMENTADO,2 passagem(ns) que nomeiam o município — Notas Técnicas e Resoluções ANA - Nota Técnica 03-2020 - Análise-efeit
5102504,Cáceres,FOR-08,Forças,Pontes e bueiros existentes na BR-262 entre Anastácio e Corumbá (MS) parcial ou totalmente aptos ao uso pela fauna,DOCUMENTADO,3 passagem(ns) que nomeiam o município — Município de Cáceres-MT - Plano Diretor - 2017; Plano Municipal de Saneamento Básico (PMSB) - Cáceres - MT (UFMT-FUNAS; Terminal Portuário Paratudal (Proc. SEMA 677928/2017) – EIA - Volume 5
5102504,Cáceres,FOR-09,Forças,Estrada-Parque Pantanal (MS) no escoamento do gado leiloado por caminhões boiadeiros,DOCUMENTADO,"9 passagem(ns) que nomeiam o município — Plano Nacional de Logística 2050 – Relatório Completo (1ª edição, agos; Porto do Barranco Vermelho (Proc. SEMA 635859/2019) – EIA RIMA TUP BAR; Souza (2016) - Infraestrutura de Logística e Transporte em Mato Grosso"
5102504,Cáceres,OPO-01,Oportunidades,"Universalização elétrica de áreas isoladas (Luz para Todos, REN 488/2012)",NÃO AVALIADO,"Sem fonte direta, sem cobertura territorial e sem par documentado no mesmo grupo de infraestrutura (e na mesma posição no bioma, nos itens que dependem da planície)"
5102504,Cáceres,OPO-02,Oportunidades,Sistemas fotovoltaicos isolados como alternativa de eletrificação de áreas remotas do Pantanal,REGIONAL,1 fonte(s) de escala supramunicipal que cobrem o município — UFMS (2023b) - Plano de Desenvolvimento e Integração da Faixa de Front — critério: a fonte cobre o município mas não o nomeia neste ponto: vale com ressalva de escala
5102504,Cáceres,OPO-03,Oportunidades,Hidrovia Paraguai-Paraná como rota de exportação da soja de Mato Grosso,DOCUMENTADO,69 passagem(ns) que nomeiam o município — 3 - Eixo da Hidrovia Paraguai o Paraná - IIRSA-ORG; ANTAQ (2013) - Plano Nacional de Integração Hidroviária - Bacia do Par; Acórdão nº 2152/2023 – TCU – Plenário (TC 007.654/2023-5): auditoria d
5102504,Cáceres,OPO-04,Oportunidades,Estudo da ANA e planejamento hidrelétrico em escala de bacia na RH Paraguai,REGIONAL,2 fonte(s) de escala supramunicipal que cobrem o município — Notas Técnicas e Resoluções ANA - Nota Técnica 03-2020 - Análise-efeit; Notas Técnicas e Resoluções ANA - Nota Técnica Conjunta nº 03-2020-SPR — critério: a fonte cobre o município mas não o nomeia neste ponto: vale com ressalva de escala
5102504,Cáceres,OPO-05,Oportunidades,"Mitigação de atropelamentos: passagens de fauna, cercas-guia e velocidade sazonal",DOCUMENTADO,1 passagem(ns) que nomeiam o município — Terminal Portuário Paratudal (Proc. SEMA 677928/2017) – EIA - Volume 5
5102504,Cáceres,OPO-06,Oportunidades,"Novas barragens em rios já barrados e tributários menores, e recomendação de não barrar quatro rios livres do planalto",DOCUMENTADO,29 passagem(ns) que nomeiam o município — Município de Cáceres-MT - Plano Diretor - 2017; Notas Técnicas e Resoluções ANA - Nota Técnica Conjunta nº 03-2019-SPR; Notas Técnicas e Resoluções ANA - Nota Técnica Conjunta nº 1-2020-SPR-
5102504,Cáceres,OPO-07,Oportunidades,Regras operativas de barragens que preservem a variabilidade de vazões (proposta de estudo para a UHE Manso),REGIONAL,2 fonte(s) de escala supramunicipal que cobrem o município — Notas Técnicas e Resoluções ANA - Nota Técnica Conjunta nº 1-2020-SPR-; Notas Técnicas e Resoluções ANA - Nota Técnica Conjunta nº 4-2019-SPR- — critério: a fonte cobre o município mas não o nomeia neste ponto: vale com ressalva de escala
5102504,Cáceres,OPO-08,Oportunidades,Modernização portuária de Cáceres (MT) no projeto da hidrovia Paraguai-Paraná,DOCUMENTADO,200 passagem(ns) que nomeiam o município — ANTAQ (2013) - Plano Nacional de Integração Hidroviária - Bacia do Par; Acórdão nº 2152/2023 – TCU – Plenário (TC 007.654/2023-5): auditoria d; EVTEA Hidrovia do Rio Paraguai – Volume 1: Relatório do Estudo
5102504,Cáceres,OPO-09,Oportunidades,Transporte multimodal ferrovia-rodovia como alternativa à hidrovia no Pantanal,DOCUMENTADO,33 passagem(ns) que nomeiam o município — 3 - Eixo da Hidrovia Paraguai o Paraná - IIRSA-ORG; ANTAQ (2013) - Plano Nacional de Integração Hidroviária - Bacia do Par; Acórdão nº 2152/2023 – TCU – Plenário (TC 007.654/2023-5): auditoria d
5102504,Cáceres,FRA-01,Fraquezas,Transpantaneira quase intransitável na estação chuvosa e acesso à Estrada-Parque Pantanal comprometido nas cheias,NÃO AVALIADO,Item não inferível — critério: regra 2 — refere-se a vias determinadas (Transpantaneira e Estrada-Parque Pantanal)
5102504,Cáceres,FRA-02,Fraquezas,"Localidades e fazendas fora da rede elétrica, dependentes de geradores a diesel",NÃO AVALIADO,"Sem fonte direta, sem cobertura territorial e sem par documentado no mesmo grupo de infraestrutura (e na mesma posição no bioma, nos itens que dependem da planície)"
5102504,Cáceres,FRA-03,Fraquezas,"Cheia, áreas de preservação e acesso restrito dificultam a extensão da rede elétrica e a manutenção de sistemas isolados",DOCUMENTADO,1 passagem(ns) que nomeiam o município — Plano Municipal de Saneamento Básico (PMSB) - Cáceres - MT (UFMT-FUNAS
5102504,Cáceres,FRA-04,Fraquezas,Canal raso e sinuoso no tramo Cáceres–Corumbá do rio Paraguai e projeto de hidrovia sob paralisação judicial em 2020,DOCUMENTADO,67 passagem(ns) que nomeiam o município — ANTAQ (2013) - Plano Nacional de Integração Hidroviária - Bacia do Par; Acórdão nº 2152/2023 – TCU – Plenário (TC 007.654/2023-5): auditoria d; EVTEA Hidrovia do Rio Paraguai – Volume 1: Relatório do Estudo
5102504,Cáceres,FRA-05,Fraquezas,Estradas não pavimentadas e pontes de madeira de manutenção onerosa no Pantanal-MS,DOCUMENTADO,6 passagem(ns) que nomeiam o município — Macrologística - Projeto Centro-Oeste Competitivo - Relatório - 04-12-; Município de Cáceres-MT - Plano Diretor - 2017; Plano Municipal de Saneamento Básico (PMSB) - Cáceres - MT (UFMT-FUNAS
5102504,Cáceres,FRA-06,Fraquezas,"Hidrelétricas na Bacia do Alto Paraguai sem planejamento de bacia, com EIAs de horizonte curto ou dispensados",REGIONAL,1 fonte(s) de escala supramunicipal que cobrem o município — Notas Técnicas e Resoluções ANA - Nota Técnica Conjunta nº 1-2020-SPR- — critério: a fonte cobre o município mas não o nomeia neste ponto: vale com ressalva de escala
5102504,Cáceres,FRA-07,Fraquezas,"Cercas de fauna com pouca ou nenhuma manutenção e alta mortalidade por atropelamento na BR-262, no Pantanal-MS",REGIONAL,5 fonte(s) de escala supramunicipal que cobrem o município — Plano de Mobilidade de Rondonópolis - Relatório de Diagnóstico (URB-7.; SEMA-MT (2025) - Plano de Manejo da Estrada Parque Transpantaneira (MT; UFMS (2023a) - Plano de Desenvolvimento e Integração da Faixa de Front — critério: a fonte cobre o município mas não o nomeia neste ponto: vale com ressalva de escala
5102504,Cáceres,FRA-08,Fraquezas,"Assoreamento acelerado de reservatórios (UHE Itiquira, Ponte de Pedra, PCH São Lourenço)",REGIONAL,3 fonte(s) de escala supramunicipal que cobrem o município — Notas Técnicas e Resoluções ANA - Nota Técnica 03-2020 - Análise-efeit; Notas Técnicas e Resoluções ANA - Nota Técnica Conjunta nº 03-2020-SPR; Notas Técnicas e Resoluções ANA - Nota Técnica Conjunta nº 1-2020-SPR- — critério: a fonte cobre o município mas não o nomeia neste ponto: vale com ressalva de escala
5102504,Cáceres,FRA-09,Fraquezas,Telefonia e internet ausentes ou instáveis no Pantanal-MS,DOCUMENTADO,3 passagem(ns) que nomeiam o município — Plano Municipal de Saneamento Básico (PMSB) - Cáceres - MT (UFMT-FUNAS; UFMS (2024) - Plano de Desenvolvimento e Integração da Faixa de Fronte
5102504,Cáceres,FRA-10,Fraquezas,"Saneamento básico ausente ou inadequado em comunidades ribeirinhas de Corumbá-MS (Passo do Lontra, Porto da Manga)",DOCUMENTADO,94 passagem(ns) que nomeiam o município — Município de Cáceres-MT - Plano Diretor - 2017; Plano Municipal de Gestão Integrada de Resíduos Sólidos de Cáceres-MT; Plano Municipal de Saneamento Básico (PMSB) - Cáceres - MT (UFMT-FUNAS
5102504,Cáceres,AME-01,Ameaças,"Proliferação de PCHs e UHEs nos rios formadores da BAP, inclusive na porção mato-grossense",DOCUMENTADO,3 passagem(ns) que nomeiam o município — Plano Municipal de Saneamento Básico (PMSB) - Cáceres - MT (UFMT-FUNAS; Terminal Portuário Paratudal (Proc. SEMA 677928/2017) – EIA - Volume 5
5102504,Cáceres,AME-02,Ameaças,UHE Manso alterando vazões do rio Cuiabá e a conexão rio-planície ao menos até Barão de Melgaço,DOCUMENTADO,10 passagem(ns) que nomeiam o município — ANTAQ (2013) - Plano Nacional de Integração Hidroviária - Bacia do Par; EVTEA Hidrovia do Rio Paraguai – Volume 1: Relatório do Estudo; EVTEA Hidrovia do Rio Paraguai – Volume 2: Relatório dos Estudos e Pro
5102504,Cáceres,AME-03,Ameaças,Retenção de sedimentos pelas barragens do planalto e redução prevista do transporte de nutrientes à planície,REGIONAL,6 fonte(s) de escala supramunicipal que cobrem o município — EVTEA Hidrovia do Rio Paraguai – Volume 2: Relatório dos Estudos e Pro; Notas Técnicas e Resoluções ANA - Nota Técnica 03-2020 - Análise-efeit; Notas Técnicas e Resoluções ANA - Nota Técnica Conjunta nº 03-2019-SPR — critério: a fonte cobre o município mas não o nomeia neste ponto: vale com ressalva de escala
5102504,Cáceres,AME-04,Ameaças,PCHs alterando vazões subdiárias pela operação em picos (hydropeaking) e a qualidade da água a jusante,DOCUMENTADO,2 passagem(ns) que nomeiam o município — Terminal Portuário Paratudal (Proc. SEMA 677928/2017) – EIA - Volume 5
5102504,Cáceres,AME-05,Ameaças,Hidrovia Paraguai-Paraná: dragagem e aprofundamento do canal do rio Paraguai e porto perto de Cáceres,DOCUMENTADO,42 passagem(ns) que nomeiam o município — ANTAQ (2013) - Plano Nacional de Integração Hidroviária - Bacia do Par; Acórdão nº 2152/2023 – TCU – Plenário (TC 007.654/2023-5): auditoria d; EVTEA Hidrovia do Rio Paraguai – Volume 1: Relatório do Estudo
5102504,Cáceres,AME-06,Ameaças,"Assoreamento dos reservatórios de hidrelétricas, encurtando a vida útil e exigindo dragagem",DOCUMENTADO,2 passagem(ns) que nomeiam o município — EVTEA Hidrovia do Rio Paraguai – Volume 2: Relatório dos Estudos e Pro; Terminal Portuário Paratudal (Proc. SEMA 677928/2017) – EIA - Volume 5
5102504,Cáceres,AME-07,Ameaças,Incentivos PROINFA/BNDES e discurso de 'energia limpa' legitimando PCHs na BAP,DOCUMENTADO,1 passagem(ns) que nomeiam o município — Plano Municipal de Gestão Integrada de Resíduos Sólidos de Cáceres-MT
5102504,Cáceres,AME-08,Ameaças,"Rodovias associadas a atropelamento de fauna e a desmatamento no entorno, com risco maior previsto com a pavimentação",REGIONAL,"6 fonte(s) de escala supramunicipal que cobrem o município — Plano Nacional de Logística 2050 – Relatório Completo (1ª edição, agos; Plano de Mobilidade de Rondonópolis - Relatório de Diagnóstico (URB-7.; SEMA-MT (2025) - Plano de Manejo da Estrada Parque Transpantaneira (MT — critério: a fonte cobre o município mas não o nomeia neste ponto: vale com ressalva de escala"
5102504,Cáceres,AME-09,Ameaças,Águas baixas interrompendo a navegação no rio Paraguai e sobrecarregando a BR-262,DOCUMENTADO,15 passagem(ns) que nomeiam o município — ANTAQ (2013) - Plano Nacional de Integração Hidroviária - Bacia do Par; EVTEA Hidrovia do Rio Paraguai – Volume 1: Relatório do Estudo; EVTEA Hidrovia do Rio Paraguai – Volume 2: Relatório dos Estudos e Pro
5102504,Cáceres,AME-10,Ameaças,Oposição majoritária da população da BAP mato-grossense à Hidrovia Paraguai-Paraná,DOCUMENTADO,4 passagem(ns) que nomeiam o município — Plano de Mobilidade de Rondonópolis - Relatório de Diagnóstico (URB-7.; Porto do Barranco Vermelho (Proc. SEMA 635859/2019) – EIA RIMA TUP BAR; Terminal Portuário Paratudal (Proc. SEMA 677928/2017) – EIA - Volume 5
5103957,Glória D'Oeste,FOR-01,Forças,Segmento pavimentado da BR-262 entre Anastácio e Corumbá (MS) como rota turística e comercial,NÃO AVALIADO,"Item não inferível — critério: regra 2 — refere-se a um segmento rodoviário determinado (BR-262 entre Anastácio e Corumbá, MS)"
5103957,Glória D'Oeste,FOR-02,Forças,PCHs em operação com baixo comprometimento da qualidade da água e pouco efeito no transporte de nutrientes,NÃO AVALIADO,Item não inferível — critério: regra 2 — afirma a operação de PCHs determinadas e o seu efeito medido a jusante
5103957,Glória D'Oeste,FOR-03,Forças,Navegação de pequeno porte no Pantanal e acesso fluvial a comunidades ribeirinhas nos rios Paraguai e Taquari (MS),CONTRAINDICADO,Dado municipal da Fase I refuta o item — critério: menos de 10% da área municipal no bioma Pantanal: não há rede fluvial de planície que dê acesso a comunidades ribeirinhas
5103957,Glória D'Oeste,FOR-05,Forças,Transpantaneira como principal via de acesso ao Pantanal a partir de Poconé (MT),NÃO AVALIADO,"Item não inferível — critério: regra 2 — refere-se a uma via determinada (Transpantaneira, a partir de Poconé)"
5103957,Glória D'Oeste,FOR-06,Forças,"Regulação da vazão pelo reservatório de Manso, com Cuiabá e Várzea Grande como alvos do controle de cheias",REGIONAL,1 fonte(s) de escala supramunicipal que cobrem o município — Plano Municipal de Saneamento Básico (PMSB) - Cáceres - MT (UFMT-FUNAS — critério: a fonte cobre o município mas não o nomeia neste ponto: vale com ressalva de escala
5103957,Glória D'Oeste,FOR-07,Forças,Capacidade instalada de geração hidrelétrica e termoelétrica na Bacia do Alto Paraguai por volta de 2010-2011,INFERIDO,Similaridade estrutural com município documentado — município de referência: Cáceres; Itiquira — critério: mesmo grupo de infraestrutura (Esgotamento ausente ou incipiente)
5103957,Glória D'Oeste,FOR-08,Forças,Pontes e bueiros existentes na BR-262 entre Anastácio e Corumbá (MS) parcial ou totalmente aptos ao uso pela fauna,DOCUMENTADO,2 passagem(ns) que nomeiam o município — Projeto - Volume 1 (Relatório do projeto) - RDC 09/2022 - restauração
5103957,Glória D'Oeste,FOR-09,Forças,Estrada-Parque Pantanal (MS) no escoamento do gado leiloado por caminhões boiadeiros,NÃO AVALIADO,"Item não inferível — critério: regra 2 — refere-se a uma via determinada (Estrada-Parque Pantanal, MS)"
5103957,Glória D'Oeste,OPO-01,Oportunidades,"Universalização elétrica de áreas isoladas (Luz para Todos, REN 488/2012)",CONTRAINDICADO,"Dado municipal da Fase I refuta o item — critério: mesmo critério de FRA-02: sem áreas isoladas, a universalização não é oportunidade do município"
5103957,Glória D'Oeste,OPO-02,Oportunidades,Sistemas fotovoltaicos isolados como alternativa de eletrificação de áreas remotas do Pantanal,CONTRAINDICADO,Dado municipal da Fase I refuta o item — critério: mesmo critério de FRA-02
5103957,Glória D'Oeste,OPO-03,Oportunidades,Hidrovia Paraguai-Paraná como rota de exportação da soja de Mato Grosso,INFERIDO,Similaridade estrutural com município documentado — município de referência: Cáceres — critério: mesmo grupo de infraestrutura (Esgotamento ausente ou incipiente)
5103957,Glória D'Oeste,OPO-04,Oportunidades,Estudo da ANA e planejamento hidrelétrico em escala de bacia na RH Paraguai,NÃO AVALIADO,"Item não inferível — critério: regra 2 — refere-se a um estudo determinado (ANA, RH Paraguai)"
5103957,Glória D'Oeste,OPO-05,Oportunidades,"Mitigação de atropelamentos: passagens de fauna, cercas-guia e velocidade sazonal",NÃO AVALIADO,"Sem fonte direta, sem cobertura territorial e sem par documentado no mesmo grupo de infraestrutura (e na mesma posição no bioma, nos itens que dependem da planície)"
5103957,Glória D'Oeste,OPO-06,Oportunidades,"Novas barragens em rios já barrados e tributários menores, e recomendação de não barrar quatro rios livres do planalto",DOCUMENTADO,4 passagem(ns) que nomeiam o município — Plano Municipal de Saneamento Básico (PMSB) - Cáceres - MT (UFMT-FUNAS; Plano Municipal de Saneamento Básico (PMSB) - Glória D'Oeste - MT (UFM; Porto do Barranco Vermelho (Proc. SEMA 635859/2019) – EIA RIMA TUP BAR
5103957,Glória D'Oeste,OPO-07,Oportunidades,Regras operativas de barragens que preservem a variabilidade de vazões (proposta de estudo para a UHE Manso),NÃO AVALIADO,Item não inferível — critério: regra 2 — refere-se às regras operativas de uma barragem determinada (UHE Manso)
5103957,Glória D'Oeste,OPO-08,Oportunidades,Modernização portuária de Cáceres (MT) no projeto da hidrovia Paraguai-Paraná,REGIONAL,1 fonte(s) de escala supramunicipal que cobrem o município — Porto do Barranco Vermelho (Proc. SEMA 635859/2019) – EIA RIMA TUP BAR — critério: a fonte cobre o município mas não o nomeia neste ponto: vale com ressalva de escala
5103957,Glória D'Oeste,OPO-09,Oportunidades,Transporte multimodal ferrovia-rodovia como alternativa à hidrovia no Pantanal,INFERIDO,Similaridade estrutural com município documentado — município de referência: Cáceres; Santo Antônio de Leverger; Itiquira; Porto Esperidião; Curvelândia — critério: mesmo grupo de infraestrutura (Esgotamento ausente ou incipiente)
5103957,Glória D'Oeste,FRA-01,Fraquezas,Transpantaneira quase intransitável na estação chuvosa e acesso à Estrada-Parque Pantanal comprometido nas cheias,NÃO AVALIADO,Item não inferível — critério: regra 2 — refere-se a vias determinadas (Transpantaneira e Estrada-Parque Pantanal)
5103957,Glória D'Oeste,FRA-02,Fraquezas,"Localidades e fazendas fora da rede elétrica, dependentes de geradores a diesel",CONTRAINDICADO,"Dado municipal da Fase I refuta o item — critério: município de planalto com 99,5% ou mais dos domicílios com energia elétrica: não há localidades isoladas da rede em número relevante"
5103957,Glória D'Oeste,FRA-03,Fraquezas,"Cheia, áreas de preservação e acesso restrito dificultam a extensão da rede elétrica e a manutenção de sistemas isolados",CONTRAINDICADO,Dado municipal da Fase I refuta o item — critério: menos de 10% da área municipal no bioma Pantanal: a cheia não condiciona a extensão da rede elétrica
5103957,Glória D'Oeste,FRA-04,Fraquezas,Canal raso e sinuoso no tramo Cáceres–Corumbá do rio Paraguai e projeto de hidrovia sob paralisação judicial em 2020,NÃO AVALIADO,Item não inferível — critério: regra 2 — refere-se a um trecho fluvial determinado (tramo Cáceres–Corumbá do rio Paraguai)
5103957,Glória D'Oeste,FRA-05,Fraquezas,Estradas não pavimentadas e pontes de madeira de manutenção onerosa no Pantanal-MS,DOCUMENTADO,1 passagem(ns) que nomeiam o município — Plano Municipal de Saneamento Básico (PMSB) - Glória D'Oeste - MT (UFM
5103957,Glória D'Oeste,FRA-06,Fraquezas,"Hidrelétricas na Bacia do Alto Paraguai sem planejamento de bacia, com EIAs de horizonte curto ou dispensados",INFERIDO,Similaridade estrutural com município documentado — município de referência: Itiquira; Curvelândia — critério: mesmo grupo de infraestrutura (Esgotamento ausente ou incipiente)
5103957,Glória D'Oeste,FRA-07,Fraquezas,"Cercas de fauna com pouca ou nenhuma manutenção e alta mortalidade por atropelamento na BR-262, no Pantanal-MS",NÃO AVALIADO,"Item não inferível — critério: regra 2 — refere-se às cercas de fauna de um segmento rodoviário determinado (BR-262, MS)"
5103957,Glória D'Oeste,FRA-08,Fraquezas,"Assoreamento acelerado de reservatórios (UHE Itiquira, Ponte de Pedra, PCH São Lourenço)",NÃO AVALIADO,"Item não inferível — critério: regra 2 — refere-se a reservatórios determinados (UHE Itiquira, Ponte de Pedra, PCH São Lourenço)"
5103957,Glória D'Oeste,FRA-09,Fraquezas,Telefonia e internet ausentes ou instáveis no Pantanal-MS,NÃO AVALIADO,"Sem fonte direta, sem cobertura territorial e sem par documentado no mesmo grupo de infraestrutura (e na mesma posição no bioma, nos itens que dependem da planície)"
5103957,Glória D'Oeste,FRA-10,Fraquezas,"Saneamento básico ausente ou inadequado em comunidades ribeirinhas de Corumbá-MS (Passo do Lontra, Porto da Manga)",DOCUMENTADO,7 passagem(ns) que nomeiam o município — Plano Municipal de Saneamento Básico (PMSB) - Glória D'Oeste - MT (UFM
5103957,Glória D'Oeste,AME-01,Ameaças,"Proliferação de PCHs e UHEs nos rios formadores da BAP, inclusive na porção mato-grossense",INFERIDO,Similaridade estrutural com município documentado — município de referência: Cáceres; Santo Antônio de Leverger; Itiquira; Juscimeira — critério: mesmo grupo de infraestrutura (Esgotamento ausente ou incipiente)
5103957,Glória D'Oeste,AME-02,Ameaças,UHE Manso alterando vazões do rio Cuiabá e a conexão rio-planície ao menos até Barão de Melgaço,REGIONAL,1 fonte(s) de escala supramunicipal que cobrem o município — Plano Municipal de Saneamento Básico (PMSB) - Cáceres - MT (UFMT-FUNAS — critério: a fonte cobre o município mas não o nomeia neste ponto: vale com ressalva de escala
5103957,Glória D'Oeste,AME-03,Ameaças,Retenção de sedimentos pelas barragens do planalto e redução prevista do transporte de nutrientes à planície,INFERIDO,Similaridade estrutural com município documentado — município de referência: Itiquira — critério: mesmo grupo de infraestrutura (Esgotamento ausente ou incipiente)
5103957,Glória D'Oeste,AME-04,Ameaças,PCHs alterando vazões subdiárias pela operação em picos (hydropeaking) e a qualidade da água a jusante,INFERIDO,Similaridade estrutural com município documentado — município de referência: Cáceres; Itiquira — critério: mesmo grupo de infraestrutura (Esgotamento ausente ou incipiente)
5103957,Glória D'Oeste,AME-05,Ameaças,Hidrovia Paraguai-Paraná: dragagem e aprofundamento do canal do rio Paraguai e porto perto de Cáceres,NÃO AVALIADO,Item não inferível — critério: regra 2 — refere-se a obras determinadas no rio Paraguai e ao porto perto de Cáceres
5103957,Glória D'Oeste,AME-06,Ameaças,"Assoreamento dos reservatórios de hidrelétricas, encurtando a vida útil e exigindo dragagem",INFERIDO,Similaridade estrutural com município documentado — município de referência: Cáceres; Itiquira; Curvelândia — critério: mesmo grupo de infraestrutura (Esgotamento ausente ou incipiente)
5103957,Glória D'Oeste,AME-07,Ameaças,Incentivos PROINFA/BNDES e discurso de 'energia limpa' legitimando PCHs na BAP,INFERIDO,Similaridade estrutural com município documentado — município de referência: Cáceres; Itiquira; Juscimeira — critério: mesmo grupo de infraestrutura (Esgotamento ausente ou incipiente)
5103957,Glória D'Oeste,AME-08,Ameaças,"Rodovias associadas a atropelamento de fauna e a desmatamento no entorno, com risco maior previsto com a pavimentação",DOCUMENTADO,1 passagem(ns) que nomeiam o município — Plano Municipal de Saneamento Básico (PMSB) - Glória D'Oeste - MT (UFM
5103957,Glória D'Oeste,AME-09,Ameaças,Águas baixas interrompendo a navegação no rio Paraguai e sobrecarregando a BR-262,NÃO AVALIADO,Item não inferível — critério: regra 2 — refere-se a um rio e a uma rodovia determinados (rio Paraguai e BR-262)
5103957,Glória D'Oeste,AME-10,Ameaças,Oposição majoritária da população da BAP mato-grossense à Hidrovia Paraguai-Paraná,NÃO AVALIADO,"Item não inferível — critério: regra 2 — refere-se a uma pesquisa de opinião determinada, sem recorte municipal"
5104609,Itiquira,FOR-01,Forças,Segmento pavimentado da BR-262 entre Anastácio e Corumbá (MS) como rota turística e comercial,NÃO AVALIADO,"Item não inferível — critério: regra 2 — refere-se a um segmento rodoviário determinado (BR-262 entre Anastácio e Corumbá, MS)"
5104609,Itiquira,FOR-02,Forças,PCHs em operação com baixo comprometimento da qualidade da água e pouco efeito no transporte de nutrientes,DOCUMENTADO,4 passagem(ns) que nomeiam o município — Notas Técnicas e Resoluções ANA - Nota Técnica 03-2020 - Análise-efeit; Notas Técnicas e Resoluções ANA - Nota Técnica Conjunta nº 4-2019-SPR-; Plano Municipal de Saneamento Básico de Itiquira-MT (convênio FUNASA/U
5104609,Itiquira,FOR-03,Forças,Navegação de pequeno porte no Pantanal e acesso fluvial a comunidades ribeirinhas nos rios Paraguai e Taquari (MS),REGIONAL,1 fonte(s) de escala supramunicipal que cobrem o município — Terminal Portuário Paratudal (Proc. SEMA 677928/2017) – EIA - Volume 5 — critério: a fonte cobre o município mas não o nomeia neste ponto: vale com ressalva de escala
5104609,Itiquira,FOR-05,Forças,Transpantaneira como principal via de acesso ao Pantanal a partir de Poconé (MT),NÃO AVALIADO,"Item não inferível — critério: regra 2 — refere-se a uma via determinada (Transpantaneira, a partir de Poconé)"
5104609,Itiquira,FOR-06,Forças,"Regulação da vazão pelo reservatório de Manso, com Cuiabá e Várzea Grande como alvos do controle de cheias",DOCUMENTADO,2 passagem(ns) que nomeiam o município — Notas Técnicas e Resoluções ANA - Nota Técnica Conjunta nº 03-2020-SPR; PRH-Rio-Paraguai - Relatório de Diagnóstico Final de Socioeconomia e E
5104609,Itiquira,FOR-07,Forças,Capacidade instalada de geração hidrelétrica e termoelétrica na Bacia do Alto Paraguai por volta de 2010-2011,DOCUMENTADO,5 passagem(ns) que nomeiam o município — Notas Técnicas e Resoluções ANA - Nota Técnica 03-2020 - Análise-efeit; Notas Técnicas e Resoluções ANA - Nota Técnica Conjunta nº 03-2020-SPR; PRH-Rio-Paraguai - Relatório de Diagnóstico Final de Socioeconomia e E
5104609,Itiquira,FOR-08,Forças,Pontes e bueiros existentes na BR-262 entre Anastácio e Corumbá (MS) parcial ou totalmente aptos ao uso pela fauna,DOCUMENTADO,1 passagem(ns) que nomeiam o município — Projeto - Volume 1 (Relatório do projeto) - CPE 43/2023 - MT-040/MT-29
5104609,Itiquira,FOR-09,Forças,Estrada-Parque Pantanal (MS) no escoamento do gado leiloado por caminhões boiadeiros,DOCUMENTADO,1 passagem(ns) que nomeiam o município — Estudo Técnico Preliminar - CPE 43/2023 - implantação e pavimentação d
5104609,Itiquira,OPO-01,Oportunidades,"Universalização elétrica de áreas isoladas (Luz para Todos, REN 488/2012)",NÃO AVALIADO,"Sem fonte direta, sem cobertura territorial e sem par documentado no mesmo grupo de infraestrutura (e na mesma posição no bioma, nos itens que dependem da planície)"
5104609,Itiquira,OPO-02,Oportunidades,Sistemas fotovoltaicos isolados como alternativa de eletrificação de áreas remotas do Pantanal,NÃO AVALIADO,"Sem fonte direta, sem cobertura territorial e sem par documentado no mesmo grupo de infraestrutura (e na mesma posição no bioma, nos itens que dependem da planície)"
5104609,Itiquira,OPO-03,Oportunidades,Hidrovia Paraguai-Paraná como rota de exportação da soja de Mato Grosso,REGIONAL,2 fonte(s) de escala supramunicipal que cobrem o município — Souza (2016) - Infraestrutura de Logística e Transporte em Mato Grosso; Terminal Portuário Paratudal (Proc. SEMA 677928/2017) – EIA - Volume 5 — critério: a fonte cobre o município mas não o nomeia neste ponto: vale com ressalva de escala
5104609,Itiquira,OPO-04,Oportunidades,Estudo da ANA e planejamento hidrelétrico em escala de bacia na RH Paraguai,DOCUMENTADO,1 passagem(ns) que nomeiam o município — corpus validado dos 36 estudos distintos (36 registros)
5104609,Itiquira,OPO-05,Oportunidades,"Mitigação de atropelamentos: passagens de fauna, cercas-guia e velocidade sazonal",DOCUMENTADO,1 passagem(ns) que nomeiam o município — Projeto - Volume 1 (Relatório do projeto) - CPE 43/2023 - MT-040/MT-29
5104609,Itiquira,OPO-06,Oportunidades,"Novas barragens em rios já barrados e tributários menores, e recomendação de não barrar quatro rios livres do planalto",DOCUMENTADO,15 passagem(ns) que nomeiam o município — Notas Técnicas e Resoluções ANA - Nota Técnica Conjunta nº 03-2020-SPR; Notas Técnicas e Resoluções ANA - Nota Técnica Conjunta nº 1-2020-SPR-; Notas Técnicas e Resoluções ANA - Nota Técnica Conjunta nº 4-2019-SPR-
5104609,Itiquira,OPO-07,Oportunidades,Regras operativas de barragens que preservem a variabilidade de vazões (proposta de estudo para a UHE Manso),REGIONAL,2 fonte(s) de escala supramunicipal que cobrem o município — Notas Técnicas e Resoluções ANA - Nota Técnica Conjunta nº 1-2020-SPR-; Notas Técnicas e Resoluções ANA - Nota Técnica Conjunta nº 4-2019-SPR- — critério: a fonte cobre o município mas não o nomeia neste ponto: vale com ressalva de escala
5104609,Itiquira,OPO-08,Oportunidades,Modernização portuária de Cáceres (MT) no projeto da hidrovia Paraguai-Paraná,REGIONAL,1 fonte(s) de escala supramunicipal que cobrem o município — Terminal Portuário Paratudal (Proc. SEMA 677928/2017) – EIA - Volume 5 — critério: a fonte cobre o município mas não o nomeia neste ponto: vale com ressalva de escala
5104609,Itiquira,OPO-09,Oportunidades,Transporte multimodal ferrovia-rodovia como alternativa à hidrovia no Pantanal,DOCUMENTADO,14 passagem(ns) que nomeiam o município — Plano Municipal de Saneamento Básico de Itiquira-MT (convênio FUNASA/U; Projeto - Volume 1 (Relatório do projeto) - CPE 43/2023 - MT-040/MT-29; Souza (2016) - Infraestrutura de Logística e Transporte em Mato Grosso
5104609,Itiquira,FRA-01,Fraquezas,Transpantaneira quase intransitável na estação chuvosa e acesso à Estrada-Parque Pantanal comprometido nas cheias,DOCUMENTADO,1 passagem(ns) que nomeiam o município — Projeto - Volume 1 (Relatório do projeto) - CPE 43/2023 - MT-040/MT-29
5104609,Itiquira,FRA-02,Fraquezas,"Localidades e fazendas fora da rede elétrica, dependentes de geradores a diesel",NÃO AVALIADO,"Sem fonte direta, sem cobertura territorial e sem par documentado no mesmo grupo de infraestrutura (e na mesma posição no bioma, nos itens que dependem da planície)"
5104609,Itiquira,FRA-03,Fraquezas,"Cheia, áreas de preservação e acesso restrito dificultam a extensão da rede elétrica e a manutenção de sistemas isolados",DOCUMENTADO,1 passagem(ns) que nomeiam o município — Plano Municipal de Saneamento Básico de Itiquira-MT (convênio FUNASA/U
5104609,Itiquira,FRA-04,Fraquezas,Canal raso e sinuoso no tramo Cáceres–Corumbá do rio Paraguai e projeto de hidrovia sob paralisação judicial em 2020,REGIONAL,1 fonte(s) de escala supramunicipal que cobrem o município — Terminal Portuário Paratudal (Proc. SEMA 677928/2017) – EIA - Volume 5 — critério: a fonte cobre o município mas não o nomeia neste ponto: vale com ressalva de escala
5104609,Itiquira,FRA-05,Fraquezas,Estradas não pavimentadas e pontes de madeira de manutenção onerosa no Pantanal-MS,DOCUMENTADO,7 passagem(ns) que nomeiam o município — Plano Municipal de Saneamento Básico de Itiquira-MT (convênio FUNASA/U; Projeto - Volume 1 (Relatório do projeto) - CPE 43/2023 - MT-040/MT-29
5104609,Itiquira,FRA-06,Fraquezas,"Hidrelétricas na Bacia do Alto Paraguai sem planejamento de bacia, com EIAs de horizonte curto ou dispensados",DOCUMENTADO,2 passagem(ns) que nomeiam o município — Notas Técnicas e Resoluções ANA - Nota Técnica Conjunta nº 03-2020-SPR; corpus validado dos 36 estudos distintos (36 registros)
5104609,Itiquira,FRA-07,Fraquezas,"Cercas de fauna com pouca ou nenhuma manutenção e alta mortalidade por atropelamento na BR-262, no Pantanal-MS",REGIONAL,1 fonte(s) de escala supramunicipal que cobrem o município — Plano de Mobilidade de Rondonópolis - Relatório de Diagnóstico (URB-7. — critério: a fonte cobre o município mas não o nomeia neste ponto: vale com ressalva de escala
5104609,Itiquira,FRA-08,Fraquezas,"Assoreamento acelerado de reservatórios (UHE Itiquira, Ponte de Pedra, PCH São Lourenço)",DOCUMENTADO,2 passagem(ns) que nomeiam o município — Notas Técnicas e Resoluções ANA - Nota Técnica Conjunta nº 4-2019-SPR-; corpus validado dos 36 estudos distintos (36 registros)
5104609,Itiquira,FRA-09,Fraquezas,Telefonia e internet ausentes ou instáveis no Pantanal-MS,NÃO AVALIADO,"Sem fonte direta, sem cobertura territorial e sem par documentado no mesmo grupo de infraestrutura (e na mesma posição no bioma, nos itens que dependem da planície)"
5104609,Itiquira,FRA-10,Fraquezas,"Saneamento básico ausente ou inadequado em comunidades ribeirinhas de Corumbá-MS (Passo do Lontra, Porto da Manga)",DOCUMENTADO,83 passagem(ns) que nomeiam o município — Plano Municipal de Saneamento Básico de Itiquira-MT (convênio FUNASA/U; Projeto - Volume 1 (Relatório do projeto) - CPE 43/2023 - MT-040/MT-29
5104609,Itiquira,AME-01,Ameaças,"Proliferação de PCHs e UHEs nos rios formadores da BAP, inclusive na porção mato-grossense",DOCUMENTADO,9 passagem(ns) que nomeiam o município — Notas Técnicas e Resoluções ANA - Nota Técnica 03-2020 - Análise-efeit; Notas Técnicas e Resoluções ANA - Nota Técnica Conjunta nº 03-2020-SPR; Notas Técnicas e Resoluções ANA - Nota Técnica Conjunta nº 4-2019-SPR-
5104609,Itiquira,AME-02,Ameaças,UHE Manso alterando vazões do rio Cuiabá e a conexão rio-planície ao menos até Barão de Melgaço,DOCUMENTADO,3 passagem(ns) que nomeiam o município — Notas Técnicas e Resoluções ANA - Nota Técnica Conjunta nº 03-2020-SPR; Notas Técnicas e Resoluções ANA - Nota Técnica Conjunta nº 1-2020-SPR-; Notas Técnicas e Resoluções ANA - Nota Técnica Conjunta nº 4-2019-SPR-
5104609,Itiquira,AME-03,Ameaças,Retenção de sedimentos pelas barragens do planalto e redução prevista do transporte de nutrientes à planície,DOCUMENTADO,6 passagem(ns) que nomeiam o município — Notas Técnicas e Resoluções ANA - Nota Técnica Conjunta nº 03-2020-SPR; Notas Técnicas e Resoluções ANA - Nota Técnica Conjunta nº 1-2020-SPR-; Notas Técnicas e Resoluções ANA - Nota Técnica Conjunta nº 4-2019-SPR-
5104609,Itiquira,AME-04,Ameaças,PCHs alterando vazões subdiárias pela operação em picos (hydropeaking) e a qualidade da água a jusante,DOCUMENTADO,1 passagem(ns) que nomeiam o município — corpus validado dos 36 estudos distintos (36 registros)
5104609,Itiquira,AME-05,Ameaças,Hidrovia Paraguai-Paraná: dragagem e aprofundamento do canal do rio Paraguai e porto perto de Cáceres,REGIONAL,1 fonte(s) de escala supramunicipal que cobrem o município — Terminal Portuário Paratudal (Proc. SEMA 677928/2017) – EIA - Volume 5 — critério: a fonte cobre o município mas não o nomeia neste ponto: vale com ressalva de escala
5104609,Itiquira,AME-06,Ameaças,"Assoreamento dos reservatórios de hidrelétricas, encurtando a vida útil e exigindo dragagem",DOCUMENTADO,2 passagem(ns) que nomeiam o município — Notas Técnicas e Resoluções ANA - Nota Técnica Conjunta nº 4-2019-SPR-; corpus validado dos 36 estudos distintos (36 registros)
5104609,Itiquira,AME-07,Ameaças,Incentivos PROINFA/BNDES e discurso de 'energia limpa' legitimando PCHs na BAP,DOCUMENTADO,1 passagem(ns) que nomeiam o município — Estudo Técnico Preliminar - CPE 43/2023 - implantação e pavimentação d
5104609,Itiquira,AME-08,Ameaças,"Rodovias associadas a atropelamento de fauna e a desmatamento no entorno, com risco maior previsto com a pavimentação",DOCUMENTADO,1 passagem(ns) que nomeiam o município — Projeto - Volume 1 (Relatório do projeto) - CPE 43/2023 - MT-040/MT-29
5104609,Itiquira,AME-09,Ameaças,Águas baixas interrompendo a navegação no rio Paraguai e sobrecarregando a BR-262,NÃO AVALIADO,Item não inferível — critério: regra 2 — refere-se a um rio e a uma rodovia determinados (rio Paraguai e BR-262)
5104609,Itiquira,AME-10,Ameaças,Oposição majoritária da população da BAP mato-grossense à Hidrovia Paraguai-Paraná,REGIONAL,1 fonte(s) de escala supramunicipal que cobrem o município — Terminal Portuário Paratudal (Proc. SEMA 677928/2017) – EIA - Volume 5 — critério: a fonte cobre o município mas não o nomeia neste ponto: vale com ressalva de escala
5105200,Juscimeira,FOR-01,Forças,Segmento pavimentado da BR-262 entre Anastácio e Corumbá (MS) como rota turística e comercial,NÃO AVALIADO,"Item não inferível — critério: regra 2 — refere-se a um segmento rodoviário determinado (BR-262 entre Anastácio e Corumbá, MS)"
5105200,Juscimeira,FOR-02,Forças,PCHs em operação com baixo comprometimento da qualidade da água e pouco efeito no transporte de nutrientes,DOCUMENTADO,2 passagem(ns) que nomeiam o município — Plano Municipal de Saneamento Básico de Juscimeira-MT (convênio FUNASA
5105200,Juscimeira,FOR-03,Forças,Navegação de pequeno porte no Pantanal e acesso fluvial a comunidades ribeirinhas nos rios Paraguai e Taquari (MS),CONTRAINDICADO,Dado municipal da Fase I refuta o item — critério: menos de 10% da área municipal no bioma Pantanal: não há rede fluvial de planície que dê acesso a comunidades ribeirinhas
5105200,Juscimeira,FOR-05,Forças,Transpantaneira como principal via de acesso ao Pantanal a partir de Poconé (MT),NÃO AVALIADO,"Item não inferível — critério: regra 2 — refere-se a uma via determinada (Transpantaneira, a partir de Poconé)"
5105200,Juscimeira,FOR-06,Forças,"Regulação da vazão pelo reservatório de Manso, com Cuiabá e Várzea Grande como alvos do controle de cheias",DOCUMENTADO,1 passagem(ns) que nomeiam o município — Plano Municipal de Saneamento Básico de Juscimeira-MT (convênio FUNASA
5105200,Juscimeira,FOR-07,Forças,Capacidade instalada de geração hidrelétrica e termoelétrica na Bacia do Alto Paraguai por volta de 2010-2011,REGIONAL,1 fonte(s) de escala supramunicipal que cobrem o município — PRH-Rio-Paraguai - Relatório de Diagnóstico Final de Socioeconomia e E — critério: a fonte cobre o município mas não o nomeia neste ponto: vale com ressalva de escala
5105200,Juscimeira,FOR-08,Forças,Pontes e bueiros existentes na BR-262 entre Anastácio e Corumbá (MS) parcial ou totalmente aptos ao uso pela fauna,REGIONAL,1 fonte(s) de escala supramunicipal que cobrem o município — Terminal Portuário Paratudal (Proc. SEMA 677928/2017) – EIA - Volume 5 — critério: a fonte cobre o município mas não o nomeia neste ponto: vale com ressalva de escala
5105200,Juscimeira,FOR-09,Forças,Estrada-Parque Pantanal (MS) no escoamento do gado leiloado por caminhões boiadeiros,REGIONAL,1 fonte(s) de escala supramunicipal que cobrem o município — Terminal Portuário Paratudal (Proc. SEMA 677928/2017) – EIA - Volume 5 — critério: a fonte cobre o município mas não o nomeia neste ponto: vale com ressalva de escala
5105200,Juscimeira,OPO-01,Oportunidades,"Universalização elétrica de áreas isoladas (Luz para Todos, REN 488/2012)",INFERIDO,Similaridade estrutural com município documentado — município de referência: Curvelândia — critério: mesmo grupo de infraestrutura (Esgotamento ausente ou incipiente) e mesma posição no bioma (Planalto / entorno)
5105200,Juscimeira,OPO-02,Oportunidades,Sistemas fotovoltaicos isolados como alternativa de eletrificação de áreas remotas do Pantanal,NÃO AVALIADO,"Sem fonte direta, sem cobertura territorial e sem par documentado no mesmo grupo de infraestrutura (e na mesma posição no bioma, nos itens que dependem da planície)"
5105200,Juscimeira,OPO-03,Oportunidades,Hidrovia Paraguai-Paraná como rota de exportação da soja de Mato Grosso,REGIONAL,1 fonte(s) de escala supramunicipal que cobrem o município — Terminal Portuário Paratudal (Proc. SEMA 677928/2017) – EIA - Volume 5 — critério: a fonte cobre o município mas não o nomeia neste ponto: vale com ressalva de escala
5105200,Juscimeira,OPO-04,Oportunidades,Estudo da ANA e planejamento hidrelétrico em escala de bacia na RH Paraguai,NÃO AVALIADO,"Item não inferível — critério: regra 2 — refere-se a um estudo determinado (ANA, RH Paraguai)"
5105200,Juscimeira,OPO-05,Oportunidades,"Mitigação de atropelamentos: passagens de fauna, cercas-guia e velocidade sazonal",REGIONAL,1 fonte(s) de escala supramunicipal que cobrem o município — Terminal Portuário Paratudal (Proc. SEMA 677928/2017) – EIA - Volume 5 — critério: a fonte cobre o município mas não o nomeia neste ponto: vale com ressalva de escala
5105200,Juscimeira,OPO-06,Oportunidades,"Novas barragens em rios já barrados e tributários menores, e recomendação de não barrar quatro rios livres do planalto",DOCUMENTADO,2 passagem(ns) que nomeiam o município — Terminal Portuário Paratudal (Proc. SEMA 677928/2017) – EIA - Volume 5
5105200,Juscimeira,OPO-07,Oportunidades,Regras operativas de barragens que preservem a variabilidade de vazões (proposta de estudo para a UHE Manso),NÃO AVALIADO,Item não inferível — critério: regra 2 — refere-se às regras operativas de uma barragem determinada (UHE Manso)
5105200,Juscimeira,OPO-08,Oportunidades,Modernização portuária de Cáceres (MT) no projeto da hidrovia Paraguai-Paraná,REGIONAL,1 fonte(s) de escala supramunicipal que cobrem o município — Terminal Portuário Paratudal (Proc. SEMA 677928/2017) – EIA - Volume 5 — critério: a fonte cobre o município mas não o nomeia neste ponto: vale com ressalva de escala
5105200,Juscimeira,OPO-09,Oportunidades,Transporte multimodal ferrovia-rodovia como alternativa à hidrovia no Pantanal,REGIONAL,2 fonte(s) de escala supramunicipal que cobrem o município — Plano Municipal de Saneamento Básico de Itiquira-MT (convênio FUNASA/U; Terminal Portuário Paratudal (Proc. SEMA 677928/2017) – EIA - Volume 5 — critério: a fonte cobre o município mas não o nomeia neste ponto: vale com ressalva de escala
5105200,Juscimeira,FRA-01,Fraquezas,Transpantaneira quase intransitável na estação chuvosa e acesso à Estrada-Parque Pantanal comprometido nas cheias,NÃO AVALIADO,Item não inferível — critério: regra 2 — refere-se a vias determinadas (Transpantaneira e Estrada-Parque Pantanal)
5105200,Juscimeira,FRA-02,Fraquezas,"Localidades e fazendas fora da rede elétrica, dependentes de geradores a diesel",NÃO AVALIADO,"Sem fonte direta, sem cobertura territorial e sem par documentado no mesmo grupo de infraestrutura (e na mesma posição no bioma, nos itens que dependem da planície)"
5105200,Juscimeira,FRA-03,Fraquezas,"Cheia, áreas de preservação e acesso restrito dificultam a extensão da rede elétrica e a manutenção de sistemas isolados",DOCUMENTADO,1 passagem(ns) que nomeiam o município — Plano Municipal de Saneamento Básico de Juscimeira-MT (convênio FUNASA
5105200,Juscimeira,FRA-04,Fraquezas,Canal raso e sinuoso no tramo Cáceres–Corumbá do rio Paraguai e projeto de hidrovia sob paralisação judicial em 2020,REGIONAL,1 fonte(s) de escala supramunicipal que cobrem o município — Terminal Portuário Paratudal (Proc. SEMA 677928/2017) – EIA - Volume 5 — critério: a fonte cobre o município mas não o nomeia neste ponto: vale com ressalva de escala
5105200,Juscimeira,FRA-05,Fraquezas,Estradas não pavimentadas e pontes de madeira de manutenção onerosa no Pantanal-MS,DOCUMENTADO,5 passagem(ns) que nomeiam o município — Plano Municipal de Saneamento Básico de Juscimeira-MT (convênio FUNASA
5105200,Juscimeira,FRA-06,Fraquezas,"Hidrelétricas na Bacia do Alto Paraguai sem planejamento de bacia, com EIAs de horizonte curto ou dispensados",INFERIDO,Similaridade estrutural com município documentado — município de referência: Itiquira; Curvelândia — critério: mesmo grupo de infraestrutura (Esgotamento ausente ou incipiente)
5105200,Juscimeira,FRA-07,Fraquezas,"Cercas de fauna com pouca ou nenhuma manutenção e alta mortalidade por atropelamento na BR-262, no Pantanal-MS",NÃO AVALIADO,"Item não inferível — critério: regra 2 — refere-se às cercas de fauna de um segmento rodoviário determinado (BR-262, MS)"
5105200,Juscimeira,FRA-08,Fraquezas,"Assoreamento acelerado de reservatórios (UHE Itiquira, Ponte de Pedra, PCH São Lourenço)",NÃO AVALIADO,"Item não inferível — critério: regra 2 — refere-se a reservatórios determinados (UHE Itiquira, Ponte de Pedra, PCH São Lourenço)"
5105200,Juscimeira,FRA-09,Fraquezas,Telefonia e internet ausentes ou instáveis no Pantanal-MS,NÃO AVALIADO,"Sem fonte direta, sem cobertura territorial e sem par documentado no mesmo grupo de infraestrutura (e na mesma posição no bioma, nos itens que dependem da planície)"
5105200,Juscimeira,FRA-10,Fraquezas,"Saneamento básico ausente ou inadequado em comunidades ribeirinhas de Corumbá-MS (Passo do Lontra, Porto da Manga)",DOCUMENTADO,73 passagem(ns) que nomeiam o município — Plano Municipal de Saneamento Básico de Juscimeira-MT (convênio FUNASA
5105200,Juscimeira,AME-01,Ameaças,"Proliferação de PCHs e UHEs nos rios formadores da BAP, inclusive na porção mato-grossense",DOCUMENTADO,1 passagem(ns) que nomeiam o município — Terminal Portuário Paratudal (Proc. SEMA 677928/2017) – EIA - Volume 5
5105200,Juscimeira,AME-02,Ameaças,UHE Manso alterando vazões do rio Cuiabá e a conexão rio-planície ao menos até Barão de Melgaço,REGIONAL,3 fonte(s) de escala supramunicipal que cobrem o município — PRH-Rio-Paraguai - Relatório de Diagnóstico Final de Socioeconomia e E; Plano Municipal de Saneamento Básico de Santo Antônio de Leverger-MT (; Terminal Portuário Paratudal (Proc. SEMA 677928/2017) – EIA - Volume 5 — critério: a fonte cobre o município mas não o nomeia neste ponto: vale com ressalva de escala
5105200,Juscimeira,AME-03,Ameaças,Retenção de sedimentos pelas barragens do planalto e redução prevista do transporte de nutrientes à planície,INFERIDO,Similaridade estrutural com município documentado — município de referência: Itiquira — critério: mesmo grupo de infraestrutura (Esgotamento ausente ou incipiente)
5105200,Juscimeira,AME-04,Ameaças,PCHs alterando vazões subdiárias pela operação em picos (hydropeaking) e a qualidade da água a jusante,INFERIDO,Similaridade estrutural com município documentado — município de referência: Cáceres; Itiquira — critério: mesmo grupo de infraestrutura (Esgotamento ausente ou incipiente)
5105200,Juscimeira,AME-05,Ameaças,Hidrovia Paraguai-Paraná: dragagem e aprofundamento do canal do rio Paraguai e porto perto de Cáceres,REGIONAL,1 fonte(s) de escala supramunicipal que cobrem o município — Terminal Portuário Paratudal (Proc. SEMA 677928/2017) – EIA - Volume 5 — critério: a fonte cobre o município mas não o nomeia neste ponto: vale com ressalva de escala
5105200,Juscimeira,AME-06,Ameaças,"Assoreamento dos reservatórios de hidrelétricas, encurtando a vida útil e exigindo dragagem",REGIONAL,1 fonte(s) de escala supramunicipal que cobrem o município — Terminal Portuário Paratudal (Proc. SEMA 677928/2017) – EIA - Volume 5 — critério: a fonte cobre o município mas não o nomeia neste ponto: vale com ressalva de escala
5105200,Juscimeira,AME-07,Ameaças,Incentivos PROINFA/BNDES e discurso de 'energia limpa' legitimando PCHs na BAP,DOCUMENTADO,1 passagem(ns) que nomeiam o município — Plano Municipal de Saneamento Básico de Juscimeira-MT (convênio FUNASA
5105200,Juscimeira,AME-08,Ameaças,"Rodovias associadas a atropelamento de fauna e a desmatamento no entorno, com risco maior previsto com a pavimentação",INFERIDO,Similaridade estrutural com município documentado — município de referência: Glória D'Oeste — critério: mesmo grupo de infraestrutura (Esgotamento ausente ou incipiente) e mesma posição no bioma (Planalto / entorno)
5105200,Juscimeira,AME-09,Ameaças,Águas baixas interrompendo a navegação no rio Paraguai e sobrecarregando a BR-262,DOCUMENTADO,1 passagem(ns) que nomeiam o município — Plano Municipal de Saneamento Básico de Juscimeira-MT (convênio FUNASA
5105200,Juscimeira,AME-10,Ameaças,Oposição majoritária da população da BAP mato-grossense à Hidrovia Paraguai-Paraná,REGIONAL,1 fonte(s) de escala supramunicipal que cobrem o município — Terminal Portuário Paratudal (Proc. SEMA 677928/2017) – EIA - Volume 5 — critério: a fonte cobre o município mas não o nomeia neste ponto: vale com ressalva de escala
5105234,Lambari D'Oeste,FOR-01,Forças,Segmento pavimentado da BR-262 entre Anastácio e Corumbá (MS) como rota turística e comercial,NÃO AVALIADO,"Item não inferível — critério: regra 2 — refere-se a um segmento rodoviário determinado (BR-262 entre Anastácio e Corumbá, MS)"
5105234,Lambari D'Oeste,FOR-02,Forças,PCHs em operação com baixo comprometimento da qualidade da água e pouco efeito no transporte de nutrientes,NÃO AVALIADO,Item não inferível — critério: regra 2 — afirma a operação de PCHs determinadas e o seu efeito medido a jusante
5105234,Lambari D'Oeste,FOR-03,Forças,Navegação de pequeno porte no Pantanal e acesso fluvial a comunidades ribeirinhas nos rios Paraguai e Taquari (MS),CONTRAINDICADO,Dado municipal da Fase I refuta o item — critério: menos de 10% da área municipal no bioma Pantanal: não há rede fluvial de planície que dê acesso a comunidades ribeirinhas
5105234,Lambari D'Oeste,FOR-05,Forças,Transpantaneira como principal via de acesso ao Pantanal a partir de Poconé (MT),NÃO AVALIADO,"Item não inferível — critério: regra 2 — refere-se a uma via determinada (Transpantaneira, a partir de Poconé)"
5105234,Lambari D'Oeste,FOR-06,Forças,"Regulação da vazão pelo reservatório de Manso, com Cuiabá e Várzea Grande como alvos do controle de cheias",REGIONAL,1 fonte(s) de escala supramunicipal que cobrem o município — Plano Municipal de Saneamento Básico (PMSB) - Cáceres - MT (UFMT-FUNAS — critério: a fonte cobre o município mas não o nomeia neste ponto: vale com ressalva de escala
5105234,Lambari D'Oeste,FOR-07,Forças,Capacidade instalada de geração hidrelétrica e termoelétrica na Bacia do Alto Paraguai por volta de 2010-2011,INFERIDO,Similaridade estrutural com município documentado — município de referência: Cáceres; Itiquira — critério: mesmo grupo de infraestrutura (Esgotamento ausente ou incipiente)
5105234,Lambari D'Oeste,FOR-08,Forças,Pontes e bueiros existentes na BR-262 entre Anastácio e Corumbá (MS) parcial ou totalmente aptos ao uso pela fauna,NÃO AVALIADO,"Item não inferível — critério: regra 2 — refere-se a pontes e bueiros de um segmento rodoviário determinado (BR-262, MS)"
5105234,Lambari D'Oeste,FOR-09,Forças,Estrada-Parque Pantanal (MS) no escoamento do gado leiloado por caminhões boiadeiros,NÃO AVALIADO,"Item não inferível — critério: regra 2 — refere-se a uma via determinada (Estrada-Parque Pantanal, MS)"
5105234,Lambari D'Oeste,OPO-01,Oportunidades,"Universalização elétrica de áreas isoladas (Luz para Todos, REN 488/2012)",INFERIDO,Similaridade estrutural com município documentado — município de referência: Curvelândia — critério: mesmo grupo de infraestrutura (Esgotamento ausente ou incipiente) e mesma posição no bioma (Planalto / entorno)
5105234,Lambari D'Oeste,OPO-02,Oportunidades,Sistemas fotovoltaicos isolados como alternativa de eletrificação de áreas remotas do Pantanal,NÃO AVALIADO,"Sem fonte direta, sem cobertura territorial e sem par documentado no mesmo grupo de infraestrutura (e na mesma posição no bioma, nos itens que dependem da planície)"
5105234,Lambari D'Oeste,OPO-03,Oportunidades,Hidrovia Paraguai-Paraná como rota de exportação da soja de Mato Grosso,INFERIDO,Similaridade estrutural com município documentado — município de referência: Cáceres — critério: mesmo grupo de infraestrutura (Esgotamento ausente ou incipiente)
5105234,Lambari D'Oeste,OPO-04,Oportunidades,Estudo da ANA e planejamento hidrelétrico em escala de bacia na RH Paraguai,NÃO AVALIADO,"Item não inferível — critério: regra 2 — refere-se a um estudo determinado (ANA, RH Paraguai)"
5105234,Lambari D'Oeste,OPO-05,Oportunidades,"Mitigação de atropelamentos: passagens de fauna, cercas-guia e velocidade sazonal",NÃO AVALIADO,"Sem fonte direta, sem cobertura territorial e sem par documentado no mesmo grupo de infraestrutura (e na mesma posição no bioma, nos itens que dependem da planície)"
5105234,Lambari D'Oeste,OPO-06,Oportunidades,"Novas barragens em rios já barrados e tributários menores, e recomendação de não barrar quatro rios livres do planalto",DOCUMENTADO,5 passagem(ns) que nomeiam o município — Plano Municipal de Saneamento Básico (PMSB) - Cáceres - MT (UFMT-FUNAS; Plano Municipal de Saneamento Básico (PMSB) - Lambari D'Oeste - MT (UF; Porto do Barranco Vermelho (Proc. SEMA 635859/2019) – EIA RIMA TUP BAR
5105234,Lambari D'Oeste,OPO-07,Oportunidades,Regras operativas de barragens que preservem a variabilidade de vazões (proposta de estudo para a UHE Manso),NÃO AVALIADO,Item não inferível — critério: regra 2 — refere-se às regras operativas de uma barragem determinada (UHE Manso)
5105234,Lambari D'Oeste,OPO-08,Oportunidades,Modernização portuária de Cáceres (MT) no projeto da hidrovia Paraguai-Paraná,REGIONAL,1 fonte(s) de escala supramunicipal que cobrem o município — Porto do Barranco Vermelho (Proc. SEMA 635859/2019) – EIA RIMA TUP BAR — critério: a fonte cobre o município mas não o nomeia neste ponto: vale com ressalva de escala
5105234,Lambari D'Oeste,OPO-09,Oportunidades,Transporte multimodal ferrovia-rodovia como alternativa à hidrovia no Pantanal,INFERIDO,Similaridade estrutural com município documentado — município de referência: Cáceres; Santo Antônio de Leverger; Itiquira; Porto Esperidião; Curvelândia — critério: mesmo grupo de infraestrutura (Esgotamento ausente ou incipiente)
5105234,Lambari D'Oeste,FRA-01,Fraquezas,Transpantaneira quase intransitável na estação chuvosa e acesso à Estrada-Parque Pantanal comprometido nas cheias,NÃO AVALIADO,Item não inferível — critério: regra 2 — refere-se a vias determinadas (Transpantaneira e Estrada-Parque Pantanal)
5105234,Lambari D'Oeste,FRA-02,Fraquezas,"Localidades e fazendas fora da rede elétrica, dependentes de geradores a diesel",NÃO AVALIADO,"Sem fonte direta, sem cobertura territorial e sem par documentado no mesmo grupo de infraestrutura (e na mesma posição no bioma, nos itens que dependem da planície)"
5105234,Lambari D'Oeste,FRA-03,Fraquezas,"Cheia, áreas de preservação e acesso restrito dificultam a extensão da rede elétrica e a manutenção de sistemas isolados",CONTRAINDICADO,Dado municipal da Fase I refuta o item — critério: menos de 10% da área municipal no bioma Pantanal: a cheia não condiciona a extensão da rede elétrica
5105234,Lambari D'Oeste,FRA-04,Fraquezas,Canal raso e sinuoso no tramo Cáceres–Corumbá do rio Paraguai e projeto de hidrovia sob paralisação judicial em 2020,NÃO AVALIADO,Item não inferível — critério: regra 2 — refere-se a um trecho fluvial determinado (tramo Cáceres–Corumbá do rio Paraguai)
5105234,Lambari D'Oeste,FRA-05,Fraquezas,Estradas não pavimentadas e pontes de madeira de manutenção onerosa no Pantanal-MS,INFERIDO,Similaridade estrutural com município documentado — município de referência: Curvelândia; Glória D'Oeste; Juscimeira — critério: mesmo grupo de infraestrutura (Esgotamento ausente ou incipiente) e mesma posição no bioma (Planalto / entorno)
5105234,Lambari D'Oeste,FRA-06,Fraquezas,"Hidrelétricas na Bacia do Alto Paraguai sem planejamento de bacia, com EIAs de horizonte curto ou dispensados",INFERIDO,Similaridade estrutural com município documentado — município de referência: Itiquira; Curvelândia — critério: mesmo grupo de infraestrutura (Esgotamento ausente ou incipiente)
5105234,Lambari D'Oeste,FRA-07,Fraquezas,"Cercas de fauna com pouca ou nenhuma manutenção e alta mortalidade por atropelamento na BR-262, no Pantanal-MS",NÃO AVALIADO,"Item não inferível — critério: regra 2 — refere-se às cercas de fauna de um segmento rodoviário determinado (BR-262, MS)"
5105234,Lambari D'Oeste,FRA-08,Fraquezas,"Assoreamento acelerado de reservatórios (UHE Itiquira, Ponte de Pedra, PCH São Lourenço)",NÃO AVALIADO,"Item não inferível — critério: regra 2 — refere-se a reservatórios determinados (UHE Itiquira, Ponte de Pedra, PCH São Lourenço)"
5105234,Lambari D'Oeste,FRA-09,Fraquezas,Telefonia e internet ausentes ou instáveis no Pantanal-MS,NÃO AVALIADO,"Sem fonte direta, sem cobertura territorial e sem par documentado no mesmo grupo de infraestrutura (e na mesma posição no bioma, nos itens que dependem da planície)"
5105234,Lambari D'Oeste,FRA-10,Fraquezas,"Saneamento básico ausente ou inadequado em comunidades ribeirinhas de Corumbá-MS (Passo do Lontra, Porto da Manga)",DOCUMENTADO,11 passagem(ns) que nomeiam o município — Plano Municipal de Saneamento Básico (PMSB) - Lambari D'Oeste - MT (UF
5105234,Lambari D'Oeste,AME-01,Ameaças,"Proliferação de PCHs e UHEs nos rios formadores da BAP, inclusive na porção mato-grossense",INFERIDO,Similaridade estrutural com município documentado — município de referência: Cáceres; Santo Antônio de Leverger; Itiquira; Juscimeira — critério: mesmo grupo de infraestrutura (Esgotamento ausente ou incipiente)
5105234,Lambari D'Oeste,AME-02,Ameaças,UHE Manso alterando vazões do rio Cuiabá e a conexão rio-planície ao menos até Barão de Melgaço,REGIONAL,1 fonte(s) de escala supramunicipal que cobrem o município — Plano Municipal de Saneamento Básico (PMSB) - Cáceres - MT (UFMT-FUNAS — critério: a fonte cobre o município mas não o nomeia neste ponto: vale com ressalva de escala
5105234,Lambari D'Oeste,AME-03,Ameaças,Retenção de sedimentos pelas barragens do planalto e redução prevista do transporte de nutrientes à planície,INFERIDO,Similaridade estrutural com município documentado — município de referência: Itiquira — critério: mesmo grupo de infraestrutura (Esgotamento ausente ou incipiente)
5105234,Lambari D'Oeste,AME-04,Ameaças,PCHs alterando vazões subdiárias pela operação em picos (hydropeaking) e a qualidade da água a jusante,INFERIDO,Similaridade estrutural com município documentado — município de referência: Cáceres; Itiquira — critério: mesmo grupo de infraestrutura (Esgotamento ausente ou incipiente)
5105234,Lambari D'Oeste,AME-05,Ameaças,Hidrovia Paraguai-Paraná: dragagem e aprofundamento do canal do rio Paraguai e porto perto de Cáceres,NÃO AVALIADO,Item não inferível — critério: regra 2 — refere-se a obras determinadas no rio Paraguai e ao porto perto de Cáceres
5105234,Lambari D'Oeste,AME-06,Ameaças,"Assoreamento dos reservatórios de hidrelétricas, encurtando a vida útil e exigindo dragagem",INFERIDO,Similaridade estrutural com município documentado — município de referência: Cáceres; Itiquira; Curvelândia — critério: mesmo grupo de infraestrutura (Esgotamento ausente ou incipiente)
5105234,Lambari D'Oeste,AME-07,Ameaças,Incentivos PROINFA/BNDES e discurso de 'energia limpa' legitimando PCHs na BAP,INFERIDO,Similaridade estrutural com município documentado — município de referência: Cáceres; Itiquira; Juscimeira — critério: mesmo grupo de infraestrutura (Esgotamento ausente ou incipiente)
5105234,Lambari D'Oeste,AME-08,Ameaças,"Rodovias associadas a atropelamento de fauna e a desmatamento no entorno, com risco maior previsto com a pavimentação",INFERIDO,Similaridade estrutural com município documentado — município de referência: Glória D'Oeste — critério: mesmo grupo de infraestrutura (Esgotamento ausente ou incipiente) e mesma posição no bioma (Planalto / entorno)
5105234,Lambari D'Oeste,AME-09,Ameaças,Águas baixas interrompendo a navegação no rio Paraguai e sobrecarregando a BR-262,NÃO AVALIADO,Item não inferível — critério: regra 2 — refere-se a um rio e a uma rodovia determinados (rio Paraguai e BR-262)
5105234,Lambari D'Oeste,AME-10,Ameaças,Oposição majoritária da população da BAP mato-grossense à Hidrovia Paraguai-Paraná,NÃO AVALIADO,"Item não inferível — critério: regra 2 — refere-se a uma pesquisa de opinião determinada, sem recorte municipal"
5105622,Mirassol D'Oeste,FOR-01,Forças,Segmento pavimentado da BR-262 entre Anastácio e Corumbá (MS) como rota turística e comercial,REGIONAL,1 fonte(s) de escala supramunicipal que cobrem o município — UFMS (2023a) - Plano de Desenvolvimento e Integração da Faixa de Front — critério: a fonte cobre o município mas não o nomeia neste ponto: vale com ressalva de escala
5105622,Mirassol D'Oeste,FOR-02,Forças,PCHs em operação com baixo comprometimento da qualidade da água e pouco efeito no transporte de nutrientes,NÃO AVALIADO,Item não inferível — critério: regra 2 — afirma a operação de PCHs determinadas e o seu efeito medido a jusante
5105622,Mirassol D'Oeste,FOR-03,Forças,Navegação de pequeno porte no Pantanal e acesso fluvial a comunidades ribeirinhas nos rios Paraguai e Taquari (MS),CONTRAINDICADO,Dado municipal da Fase I refuta o item — critério: menos de 10% da área municipal no bioma Pantanal: não há rede fluvial de planície que dê acesso a comunidades ribeirinhas
5105622,Mirassol D'Oeste,FOR-05,Forças,Transpantaneira como principal via de acesso ao Pantanal a partir de Poconé (MT),REGIONAL,1 fonte(s) de escala supramunicipal que cobrem o município — UFMS (2023a) - Plano de Desenvolvimento e Integração da Faixa de Front — critério: a fonte cobre o município mas não o nomeia neste ponto: vale com ressalva de escala
5105622,Mirassol D'Oeste,FOR-06,Forças,"Regulação da vazão pelo reservatório de Manso, com Cuiabá e Várzea Grande como alvos do controle de cheias",REGIONAL,1 fonte(s) de escala supramunicipal que cobrem o município — Plano Municipal de Saneamento Básico (PMSB) - Cáceres - MT (UFMT-FUNAS — critério: a fonte cobre o município mas não o nomeia neste ponto: vale com ressalva de escala
5105622,Mirassol D'Oeste,FOR-07,Forças,Capacidade instalada de geração hidrelétrica e termoelétrica na Bacia do Alto Paraguai por volta de 2010-2011,INFERIDO,Similaridade estrutural com município documentado — município de referência: Rondonópolis — critério: mesmo grupo de infraestrutura (Polo de serviços de rede do planalto)
5105622,Mirassol D'Oeste,FOR-08,Forças,Pontes e bueiros existentes na BR-262 entre Anastácio e Corumbá (MS) parcial ou totalmente aptos ao uso pela fauna,NÃO AVALIADO,"Item não inferível — critério: regra 2 — refere-se a pontes e bueiros de um segmento rodoviário determinado (BR-262, MS)"
5105622,Mirassol D'Oeste,FOR-09,Forças,Estrada-Parque Pantanal (MS) no escoamento do gado leiloado por caminhões boiadeiros,REGIONAL,2 fonte(s) de escala supramunicipal que cobrem o município — UFMS (2023a) - Plano de Desenvolvimento e Integração da Faixa de Front; UFMS (2024) - Plano de Desenvolvimento e Integração da Faixa de Fronte — critério: a fonte cobre o município mas não o nomeia neste ponto: vale com ressalva de escala
5105622,Mirassol D'Oeste,OPO-01,Oportunidades,"Universalização elétrica de áreas isoladas (Luz para Todos, REN 488/2012)",CONTRAINDICADO,"Dado municipal da Fase I refuta o item — critério: mesmo critério de FRA-02: sem áreas isoladas, a universalização não é oportunidade do município"
5105622,Mirassol D'Oeste,OPO-02,Oportunidades,Sistemas fotovoltaicos isolados como alternativa de eletrificação de áreas remotas do Pantanal,CONTRAINDICADO,Dado municipal da Fase I refuta o item — critério: mesmo critério de FRA-02
5105622,Mirassol D'Oeste,OPO-03,Oportunidades,Hidrovia Paraguai-Paraná como rota de exportação da soja de Mato Grosso,INFERIDO,Similaridade estrutural com município documentado — município de referência: Rondonópolis — critério: mesmo grupo de infraestrutura (Polo de serviços de rede do planalto)
5105622,Mirassol D'Oeste,OPO-04,Oportunidades,Estudo da ANA e planejamento hidrelétrico em escala de bacia na RH Paraguai,NÃO AVALIADO,"Item não inferível — critério: regra 2 — refere-se a um estudo determinado (ANA, RH Paraguai)"
5105622,Mirassol D'Oeste,OPO-05,Oportunidades,"Mitigação de atropelamentos: passagens de fauna, cercas-guia e velocidade sazonal",REGIONAL,2 fonte(s) de escala supramunicipal que cobrem o município — UFMS (2023a) - Plano de Desenvolvimento e Integração da Faixa de Front; UFMS (2024) - Plano de Desenvolvimento e Integração da Faixa de Fronte — critério: a fonte cobre o município mas não o nomeia neste ponto: vale com ressalva de escala
5105622,Mirassol D'Oeste,OPO-06,Oportunidades,"Novas barragens em rios já barrados e tributários menores, e recomendação de não barrar quatro rios livres do planalto",DOCUMENTADO,3 passagem(ns) que nomeiam o município — Plano Municipal de Saneamento Básico (PMSB) - Cáceres - MT (UFMT-FUNAS; Plano Municipal de Saneamento Básico (PMSB) - Mirassol D'Oeste - MT (U; Porto do Barranco Vermelho (Proc. SEMA 635859/2019) – EIA RIMA TUP BAR
5105622,Mirassol D'Oeste,OPO-07,Oportunidades,Regras operativas de barragens que preservem a variabilidade de vazões (proposta de estudo para a UHE Manso),NÃO AVALIADO,Item não inferível — critério: regra 2 — refere-se às regras operativas de uma barragem determinada (UHE Manso)
5105622,Mirassol D'Oeste,OPO-08,Oportunidades,Modernização portuária de Cáceres (MT) no projeto da hidrovia Paraguai-Paraná,REGIONAL,1 fonte(s) de escala supramunicipal que cobrem o município — Porto do Barranco Vermelho (Proc. SEMA 635859/2019) – EIA RIMA TUP BAR — critério: a fonte cobre o município mas não o nomeia neste ponto: vale com ressalva de escala
5105622,Mirassol D'Oeste,OPO-09,Oportunidades,Transporte multimodal ferrovia-rodovia como alternativa à hidrovia no Pantanal,REGIONAL,2 fonte(s) de escala supramunicipal que cobrem o município — UFMS (2023a) - Plano de Desenvolvimento e Integração da Faixa de Front; UFMS (2024) - Plano de Desenvolvimento e Integração da Faixa de Fronte — critério: a fonte cobre o município mas não o nomeia neste ponto: vale com ressalva de escala
5105622,Mirassol D'Oeste,FRA-01,Fraquezas,Transpantaneira quase intransitável na estação chuvosa e acesso à Estrada-Parque Pantanal comprometido nas cheias,NÃO AVALIADO,Item não inferível — critério: regra 2 — refere-se a vias determinadas (Transpantaneira e Estrada-Parque Pantanal)
5105622,Mirassol D'Oeste,FRA-02,Fraquezas,"Localidades e fazendas fora da rede elétrica, dependentes de geradores a diesel",CONTRAINDICADO,"Dado municipal da Fase I refuta o item — critério: município de planalto com 99,5% ou mais dos domicílios com energia elétrica: não há localidades isoladas da rede em número relevante"
5105622,Mirassol D'Oeste,FRA-03,Fraquezas,"Cheia, áreas de preservação e acesso restrito dificultam a extensão da rede elétrica e a manutenção de sistemas isolados",CONTRAINDICADO,Dado municipal da Fase I refuta o item — critério: menos de 10% da área municipal no bioma Pantanal: a cheia não condiciona a extensão da rede elétrica
5105622,Mirassol D'Oeste,FRA-04,Fraquezas,Canal raso e sinuoso no tramo Cáceres–Corumbá do rio Paraguai e projeto de hidrovia sob paralisação judicial em 2020,NÃO AVALIADO,Item não inferível — critério: regra 2 — refere-se a um trecho fluvial determinado (tramo Cáceres–Corumbá do rio Paraguai)
5105622,Mirassol D'Oeste,FRA-05,Fraquezas,Estradas não pavimentadas e pontes de madeira de manutenção onerosa no Pantanal-MS,CONTRAINDICADO,Dado municipal da Fase I refuta o item — critério: município de planalto com 95% ou mais da malha rodoviária pavimentada
5105622,Mirassol D'Oeste,FRA-06,Fraquezas,"Hidrelétricas na Bacia do Alto Paraguai sem planejamento de bacia, com EIAs de horizonte curto ou dispensados",NÃO AVALIADO,"Sem fonte direta, sem cobertura territorial e sem par documentado no mesmo grupo de infraestrutura (e na mesma posição no bioma, nos itens que dependem da planície)"
5105622,Mirassol D'Oeste,FRA-07,Fraquezas,"Cercas de fauna com pouca ou nenhuma manutenção e alta mortalidade por atropelamento na BR-262, no Pantanal-MS",REGIONAL,2 fonte(s) de escala supramunicipal que cobrem o município — UFMS (2023a) - Plano de Desenvolvimento e Integração da Faixa de Front; UFMS (2024) - Plano de Desenvolvimento e Integração da Faixa de Fronte — critério: a fonte cobre o município mas não o nomeia neste ponto: vale com ressalva de escala
5105622,Mirassol D'Oeste,FRA-08,Fraquezas,"Assoreamento acelerado de reservatórios (UHE Itiquira, Ponte de Pedra, PCH São Lourenço)",NÃO AVALIADO,"Item não inferível — critério: regra 2 — refere-se a reservatórios determinados (UHE Itiquira, Ponte de Pedra, PCH São Lourenço)"
5105622,Mirassol D'Oeste,FRA-09,Fraquezas,Telefonia e internet ausentes ou instáveis no Pantanal-MS,DOCUMENTADO,1 passagem(ns) que nomeiam o município — Plano Municipal de Saneamento Básico (PMSB) - Mirassol D'Oeste - MT (U
5105622,Mirassol D'Oeste,FRA-10,Fraquezas,"Saneamento básico ausente ou inadequado em comunidades ribeirinhas de Corumbá-MS (Passo do Lontra, Porto da Manga)",DOCUMENTADO,15 passagem(ns) que nomeiam o município — Plano Municipal de Saneamento Básico (PMSB) - Mirassol D'Oeste - MT (U; UFMS (2024) - Plano de Desenvolvimento e Integração da Faixa de Fronte
5105622,Mirassol D'Oeste,AME-01,Ameaças,"Proliferação de PCHs e UHEs nos rios formadores da BAP, inclusive na porção mato-grossense",INFERIDO,Similaridade estrutural com município documentado — município de referência: Rondonópolis — critério: mesmo grupo de infraestrutura (Polo de serviços de rede do planalto)
5105622,Mirassol D'Oeste,AME-02,Ameaças,UHE Manso alterando vazões do rio Cuiabá e a conexão rio-planície ao menos até Barão de Melgaço,REGIONAL,1 fonte(s) de escala supramunicipal que cobrem o município — Plano Municipal de Saneamento Básico (PMSB) - Cáceres - MT (UFMT-FUNAS — critério: a fonte cobre o município mas não o nomeia neste ponto: vale com ressalva de escala
5105622,Mirassol D'Oeste,AME-03,Ameaças,Retenção de sedimentos pelas barragens do planalto e redução prevista do transporte de nutrientes à planície,INFERIDO,Similaridade estrutural com município documentado — município de referência: Rondonópolis — critério: mesmo grupo de infraestrutura (Polo de serviços de rede do planalto)
5105622,Mirassol D'Oeste,AME-04,Ameaças,PCHs alterando vazões subdiárias pela operação em picos (hydropeaking) e a qualidade da água a jusante,INFERIDO,Similaridade estrutural com município documentado — município de referência: Rondonópolis — critério: mesmo grupo de infraestrutura (Polo de serviços de rede do planalto)
5105622,Mirassol D'Oeste,AME-05,Ameaças,Hidrovia Paraguai-Paraná: dragagem e aprofundamento do canal do rio Paraguai e porto perto de Cáceres,NÃO AVALIADO,Item não inferível — critério: regra 2 — refere-se a obras determinadas no rio Paraguai e ao porto perto de Cáceres
5105622,Mirassol D'Oeste,AME-06,Ameaças,"Assoreamento dos reservatórios de hidrelétricas, encurtando a vida útil e exigindo dragagem",INFERIDO,Similaridade estrutural com município documentado — município de referência: Rondonópolis — critério: mesmo grupo de infraestrutura (Polo de serviços de rede do planalto)
5105622,Mirassol D'Oeste,AME-07,Ameaças,Incentivos PROINFA/BNDES e discurso de 'energia limpa' legitimando PCHs na BAP,REGIONAL,1 fonte(s) de escala supramunicipal que cobrem o município — UFMS (2024) - Plano de Desenvolvimento e Integração da Faixa de Fronte — critério: a fonte cobre o município mas não o nomeia neste ponto: vale com ressalva de escala
5105622,Mirassol D'Oeste,AME-08,Ameaças,"Rodovias associadas a atropelamento de fauna e a desmatamento no entorno, com risco maior previsto com a pavimentação",DOCUMENTADO,1 passagem(ns) que nomeiam o município — Plano Municipal de Saneamento Básico (PMSB) - Glória D'Oeste - MT (UFM
5105622,Mirassol D'Oeste,AME-09,Ameaças,Águas baixas interrompendo a navegação no rio Paraguai e sobrecarregando a BR-262,NÃO AVALIADO,Item não inferível — critério: regra 2 — refere-se a um rio e a uma rodovia determinados (rio Paraguai e BR-262)
5105622,Mirassol D'Oeste,AME-10,Ameaças,Oposição majoritária da população da BAP mato-grossense à Hidrovia Paraguai-Paraná,NÃO AVALIADO,"Item não inferível — critério: regra 2 — refere-se a uma pesquisa de opinião determinada, sem recorte municipal"
5106109,Nossa Senhora do Livramento,FOR-01,Forças,Segmento pavimentado da BR-262 entre Anastácio e Corumbá (MS) como rota turística e comercial,REGIONAL,2 fonte(s) de escala supramunicipal que cobrem o município — UFMS (2023a) - Plano de Desenvolvimento e Integração da Faixa de Front; UFMS (2023b) - Plano de Desenvolvimento e Integração da Faixa de Front — critério: a fonte cobre o município mas não o nomeia neste ponto: vale com ressalva de escala
5106109,Nossa Senhora do Livramento,FOR-02,Forças,PCHs em operação com baixo comprometimento da qualidade da água e pouco efeito no transporte de nutrientes,NÃO AVALIADO,Item não inferível — critério: regra 2 — afirma a operação de PCHs determinadas e o seu efeito medido a jusante
5106109,Nossa Senhora do Livramento,FOR-03,Forças,Navegação de pequeno porte no Pantanal e acesso fluvial a comunidades ribeirinhas nos rios Paraguai e Taquari (MS),REGIONAL,2 fonte(s) de escala supramunicipal que cobrem o município — UFMS (2023a) - Plano de Desenvolvimento e Integração da Faixa de Front; UFMS (2023b) - Plano de Desenvolvimento e Integração da Faixa de Front — critério: a fonte cobre o município mas não o nomeia neste ponto: vale com ressalva de escala
5106109,Nossa Senhora do Livramento,FOR-05,Forças,Transpantaneira como principal via de acesso ao Pantanal a partir de Poconé (MT),DOCUMENTADO,12 passagem(ns) que nomeiam o município — Lei Complementar Estadual nº 609/2018 - Institui o Plano Diretor de De; Plano Municipal de Saneamento Básico de Barão de Melgaço-MT (convênio ; Plano Municipal de Saneamento Básico de Nossa Senhora do Livramento-MT
5106109,Nossa Senhora do Livramento,FOR-06,Forças,"Regulação da vazão pelo reservatório de Manso, com Cuiabá e Várzea Grande como alvos do controle de cheias",REGIONAL,4 fonte(s) de escala supramunicipal que cobrem o município — Caderno do PDDI - Plano Diretor de Desenvolvimento Integrado da Região; Plano Municipal de Saneamento Básico de Barão de Melgaço-MT (convênio ; Plano Municipal de Saneamento Básico de Poconé-MT (convênio FUNASA/UFM — critério: a fonte cobre o município mas não o nomeia neste ponto: vale com ressalva de escala
5106109,Nossa Senhora do Livramento,FOR-07,Forças,Capacidade instalada de geração hidrelétrica e termoelétrica na Bacia do Alto Paraguai por volta de 2010-2011,NÃO AVALIADO,"Sem fonte direta, sem cobertura territorial e sem par documentado no mesmo grupo de infraestrutura (e na mesma posição no bioma, nos itens que dependem da planície)"
5106109,Nossa Senhora do Livramento,FOR-08,Forças,Pontes e bueiros existentes na BR-262 entre Anastácio e Corumbá (MS) parcial ou totalmente aptos ao uso pela fauna,NÃO AVALIADO,"Item não inferível — critério: regra 2 — refere-se a pontes e bueiros de um segmento rodoviário determinado (BR-262, MS)"
5106109,Nossa Senhora do Livramento,FOR-09,Forças,Estrada-Parque Pantanal (MS) no escoamento do gado leiloado por caminhões boiadeiros,DOCUMENTADO,1 passagem(ns) que nomeiam o município — Prognóstico do PDDS - Nossa Senhora do Livramento-MT
5106109,Nossa Senhora do Livramento,OPO-01,Oportunidades,"Universalização elétrica de áreas isoladas (Luz para Todos, REN 488/2012)",NÃO AVALIADO,"Sem fonte direta, sem cobertura territorial e sem par documentado no mesmo grupo de infraestrutura (e na mesma posição no bioma, nos itens que dependem da planície)"
5106109,Nossa Senhora do Livramento,OPO-02,Oportunidades,Sistemas fotovoltaicos isolados como alternativa de eletrificação de áreas remotas do Pantanal,DOCUMENTADO,1 passagem(ns) que nomeiam o município — Prognóstico do PDDS - Nossa Senhora do Livramento-MT
5106109,Nossa Senhora do Livramento,OPO-03,Oportunidades,Hidrovia Paraguai-Paraná como rota de exportação da soja de Mato Grosso,NÃO AVALIADO,"Sem fonte direta, sem cobertura territorial e sem par documentado no mesmo grupo de infraestrutura (e na mesma posição no bioma, nos itens que dependem da planície)"
5106109,Nossa Senhora do Livramento,OPO-04,Oportunidades,Estudo da ANA e planejamento hidrelétrico em escala de bacia na RH Paraguai,NÃO AVALIADO,"Item não inferível — critério: regra 2 — refere-se a um estudo determinado (ANA, RH Paraguai)"
5106109,Nossa Senhora do Livramento,OPO-05,Oportunidades,"Mitigação de atropelamentos: passagens de fauna, cercas-guia e velocidade sazonal",REGIONAL,3 fonte(s) de escala supramunicipal que cobrem o município — UFMS (2023a) - Plano de Desenvolvimento e Integração da Faixa de Front; UFMS (2023b) - Plano de Desenvolvimento e Integração da Faixa de Front; UFMS (2024) - Plano de Desenvolvimento e Integração da Faixa de Fronte — critério: a fonte cobre o município mas não o nomeia neste ponto: vale com ressalva de escala
5106109,Nossa Senhora do Livramento,OPO-06,Oportunidades,"Novas barragens em rios já barrados e tributários menores, e recomendação de não barrar quatro rios livres do planalto",REGIONAL,1 fonte(s) de escala supramunicipal que cobrem o município — Porto do Barranco Vermelho (Proc. SEMA 635859/2019) – EIA RIMA TUP BAR — critério: a fonte cobre o município mas não o nomeia neste ponto: vale com ressalva de escala
5106109,Nossa Senhora do Livramento,OPO-07,Oportunidades,Regras operativas de barragens que preservem a variabilidade de vazões (proposta de estudo para a UHE Manso),NÃO AVALIADO,Item não inferível — critério: regra 2 — refere-se às regras operativas de uma barragem determinada (UHE Manso)
5106109,Nossa Senhora do Livramento,OPO-08,Oportunidades,Modernização portuária de Cáceres (MT) no projeto da hidrovia Paraguai-Paraná,DOCUMENTADO,3 passagem(ns) que nomeiam o município — Plano Municipal de Saneamento Básico de Nossa Senhora do Livramento-MT
5106109,Nossa Senhora do Livramento,OPO-09,Oportunidades,Transporte multimodal ferrovia-rodovia como alternativa à hidrovia no Pantanal,DOCUMENTADO,1 passagem(ns) que nomeiam o município — Plano Municipal de Saneamento Básico de Nossa Senhora do Livramento-MT
5106109,Nossa Senhora do Livramento,FRA-01,Fraquezas,Transpantaneira quase intransitável na estação chuvosa e acesso à Estrada-Parque Pantanal comprometido nas cheias,NÃO AVALIADO,Item não inferível — critério: regra 2 — refere-se a vias determinadas (Transpantaneira e Estrada-Parque Pantanal)
5106109,Nossa Senhora do Livramento,FRA-02,Fraquezas,"Localidades e fazendas fora da rede elétrica, dependentes de geradores a diesel",NÃO AVALIADO,"Sem fonte direta, sem cobertura territorial e sem par documentado no mesmo grupo de infraestrutura (e na mesma posição no bioma, nos itens que dependem da planície)"
5106109,Nossa Senhora do Livramento,FRA-03,Fraquezas,"Cheia, áreas de preservação e acesso restrito dificultam a extensão da rede elétrica e a manutenção de sistemas isolados",DOCUMENTADO,1 passagem(ns) que nomeiam o município — Plano Municipal de Saneamento Básico de Nossa Senhora do Livramento-MT
5106109,Nossa Senhora do Livramento,FRA-04,Fraquezas,Canal raso e sinuoso no tramo Cáceres–Corumbá do rio Paraguai e projeto de hidrovia sob paralisação judicial em 2020,NÃO AVALIADO,Item não inferível — critério: regra 2 — refere-se a um trecho fluvial determinado (tramo Cáceres–Corumbá do rio Paraguai)
5106109,Nossa Senhora do Livramento,FRA-05,Fraquezas,Estradas não pavimentadas e pontes de madeira de manutenção onerosa no Pantanal-MS,DOCUMENTADO,5 passagem(ns) que nomeiam o município — Plano Municipal de Saneamento Básico de Nossa Senhora do Livramento-MT; Prognóstico do PDDS - Nossa Senhora do Livramento-MT
5106109,Nossa Senhora do Livramento,FRA-06,Fraquezas,"Hidrelétricas na Bacia do Alto Paraguai sem planejamento de bacia, com EIAs de horizonte curto ou dispensados",NÃO AVALIADO,"Sem fonte direta, sem cobertura territorial e sem par documentado no mesmo grupo de infraestrutura (e na mesma posição no bioma, nos itens que dependem da planície)"
5106109,Nossa Senhora do Livramento,FRA-07,Fraquezas,"Cercas de fauna com pouca ou nenhuma manutenção e alta mortalidade por atropelamento na BR-262, no Pantanal-MS",REGIONAL,3 fonte(s) de escala supramunicipal que cobrem o município — UFMS (2023a) - Plano de Desenvolvimento e Integração da Faixa de Front; UFMS (2023b) - Plano de Desenvolvimento e Integração da Faixa de Front; UFMS (2024) - Plano de Desenvolvimento e Integração da Faixa de Fronte — critério: a fonte cobre o município mas não o nomeia neste ponto: vale com ressalva de escala
5106109,Nossa Senhora do Livramento,FRA-08,Fraquezas,"Assoreamento acelerado de reservatórios (UHE Itiquira, Ponte de Pedra, PCH São Lourenço)",NÃO AVALIADO,"Item não inferível — critério: regra 2 — refere-se a reservatórios determinados (UHE Itiquira, Ponte de Pedra, PCH São Lourenço)"
5106109,Nossa Senhora do Livramento,FRA-09,Fraquezas,Telefonia e internet ausentes ou instáveis no Pantanal-MS,REGIONAL,3 fonte(s) de escala supramunicipal que cobrem o município — UFMS (2023a) - Plano de Desenvolvimento e Integração da Faixa de Front; UFMS (2023b) - Plano de Desenvolvimento e Integração da Faixa de Front; UFMS (2024) - Plano de Desenvolvimento e Integração da Faixa de Fronte — critério: a fonte cobre o município mas não o nomeia neste ponto: vale com ressalva de escala
5106109,Nossa Senhora do Livramento,FRA-10,Fraquezas,"Saneamento básico ausente ou inadequado em comunidades ribeirinhas de Corumbá-MS (Passo do Lontra, Porto da Manga)",DOCUMENTADO,77 passagem(ns) que nomeiam o município — Plano Municipal de Saneamento Básico de Nossa Senhora do Livramento-MT; UFMS (2023a) - Plano de Desenvolvimento e Integração da Faixa de Front
5106109,Nossa Senhora do Livramento,AME-01,Ameaças,"Proliferação de PCHs e UHEs nos rios formadores da BAP, inclusive na porção mato-grossense",NÃO AVALIADO,"Sem fonte direta, sem cobertura territorial e sem par documentado no mesmo grupo de infraestrutura (e na mesma posição no bioma, nos itens que dependem da planície)"
5106109,Nossa Senhora do Livramento,AME-02,Ameaças,UHE Manso alterando vazões do rio Cuiabá e a conexão rio-planície ao menos até Barão de Melgaço,REGIONAL,2 fonte(s) de escala supramunicipal que cobrem o município — Caderno do PDDI - Plano Diretor de Desenvolvimento Integrado da Região; Plano Municipal de Saneamento Básico de Santo Antônio de Leverger-MT ( — critério: a fonte cobre o município mas não o nomeia neste ponto: vale com ressalva de escala
5106109,Nossa Senhora do Livramento,AME-03,Ameaças,Retenção de sedimentos pelas barragens do planalto e redução prevista do transporte de nutrientes à planície,NÃO AVALIADO,"Sem fonte direta, sem cobertura territorial e sem par documentado no mesmo grupo de infraestrutura (e na mesma posição no bioma, nos itens que dependem da planície)"
5106109,Nossa Senhora do Livramento,AME-04,Ameaças,PCHs alterando vazões subdiárias pela operação em picos (hydropeaking) e a qualidade da água a jusante,NÃO AVALIADO,"Sem fonte direta, sem cobertura territorial e sem par documentado no mesmo grupo de infraestrutura (e na mesma posição no bioma, nos itens que dependem da planície)"
5106109,Nossa Senhora do Livramento,AME-05,Ameaças,Hidrovia Paraguai-Paraná: dragagem e aprofundamento do canal do rio Paraguai e porto perto de Cáceres,NÃO AVALIADO,Item não inferível — critério: regra 2 — refere-se a obras determinadas no rio Paraguai e ao porto perto de Cáceres
5106109,Nossa Senhora do Livramento,AME-06,Ameaças,"Assoreamento dos reservatórios de hidrelétricas, encurtando a vida útil e exigindo dragagem",NÃO AVALIADO,"Sem fonte direta, sem cobertura territorial e sem par documentado no mesmo grupo de infraestrutura (e na mesma posição no bioma, nos itens que dependem da planície)"
5106109,Nossa Senhora do Livramento,AME-07,Ameaças,Incentivos PROINFA/BNDES e discurso de 'energia limpa' legitimando PCHs na BAP,DOCUMENTADO,1 passagem(ns) que nomeiam o município — Plano Municipal de Saneamento Básico de Nossa Senhora do Livramento-MT
5106109,Nossa Senhora do Livramento,AME-08,Ameaças,"Rodovias associadas a atropelamento de fauna e a desmatamento no entorno, com risco maior previsto com a pavimentação",DOCUMENTADO,1 passagem(ns) que nomeiam o município — Plano Municipal de Saneamento Básico de Nossa Senhora do Livramento-MT
5106109,Nossa Senhora do Livramento,AME-09,Ameaças,Águas baixas interrompendo a navegação no rio Paraguai e sobrecarregando a BR-262,NÃO AVALIADO,Item não inferível — critério: regra 2 — refere-se a um rio e a uma rodovia determinados (rio Paraguai e BR-262)
5106109,Nossa Senhora do Livramento,AME-10,Ameaças,Oposição majoritária da população da BAP mato-grossense à Hidrovia Paraguai-Paraná,NÃO AVALIADO,"Item não inferível — critério: regra 2 — refere-se a uma pesquisa de opinião determinada, sem recorte municipal"
5106505,Poconé,FOR-01,Forças,Segmento pavimentado da BR-262 entre Anastácio e Corumbá (MS) como rota turística e comercial,REGIONAL,2 fonte(s) de escala supramunicipal que cobrem o município — UFMS (2023a) - Plano de Desenvolvimento e Integração da Faixa de Front; UFMS (2023b) - Plano de Desenvolvimento e Integração da Faixa de Front — critério: a fonte cobre o município mas não o nomeia neste ponto: vale com ressalva de escala
5106505,Poconé,FOR-02,Forças,PCHs em operação com baixo comprometimento da qualidade da água e pouco efeito no transporte de nutrientes,DOCUMENTADO,1 passagem(ns) que nomeiam o município — SEMA-MT (2025) - Plano de Manejo da Estrada Parque Transpantaneira (MT
5106505,Poconé,FOR-03,Forças,Navegação de pequeno porte no Pantanal e acesso fluvial a comunidades ribeirinhas nos rios Paraguai e Taquari (MS),REGIONAL,3 fonte(s) de escala supramunicipal que cobrem o município — Terminal Portuário Paratudal (Proc. SEMA 677928/2017) – EIA - Volume 5; UFMS (2023a) - Plano de Desenvolvimento e Integração da Faixa de Front; UFMS (2023b) - Plano de Desenvolvimento e Integração da Faixa de Front — critério: a fonte cobre o município mas não o nomeia neste ponto: vale com ressalva de escala
5106505,Poconé,FOR-05,Forças,Transpantaneira como principal via de acesso ao Pantanal a partir de Poconé (MT),DOCUMENTADO,25 passagem(ns) que nomeiam o município — Plano Municipal de Saneamento Básico de Barão de Melgaço-MT (convênio ; Plano Municipal de Saneamento Básico de Poconé-MT (convênio FUNASA/UFM; Portaria nº 145/2026/SEMA/MT - aprova o Plano de Manejo da Estrada Par
5106505,Poconé,FOR-06,Forças,"Regulação da vazão pelo reservatório de Manso, com Cuiabá e Várzea Grande como alvos do controle de cheias",DOCUMENTADO,3 passagem(ns) que nomeiam o município — Notas Técnicas e Resoluções ANA - Nota Técnica 03-2020 - Análise-efeit; Plano Municipal de Saneamento Básico de Poconé-MT (convênio FUNASA/UFM
5106505,Poconé,FOR-07,Forças,Capacidade instalada de geração hidrelétrica e termoelétrica na Bacia do Alto Paraguai por volta de 2010-2011,REGIONAL,5 fonte(s) de escala supramunicipal que cobrem o município — Notas Técnicas e Resoluções ANA - Nota Técnica 03-2020 - Análise-efeit; Notas Técnicas e Resoluções ANA - Nota Técnica Conjunta nº 03-2019-SPR; Notas Técnicas e Resoluções ANA - Nota Técnica Conjunta nº 03-2020-SPR — critério: a fonte cobre o município mas não o nomeia neste ponto: vale com ressalva de escala
5106505,Poconé,FOR-08,Forças,Pontes e bueiros existentes na BR-262 entre Anastácio e Corumbá (MS) parcial ou totalmente aptos ao uso pela fauna,REGIONAL,2 fonte(s) de escala supramunicipal que cobrem o município — SEMA-MT (2025) - Plano de Manejo da Estrada Parque Transpantaneira (MT; Terminal Portuário Paratudal (Proc. SEMA 677928/2017) – EIA - Volume 5 — critério: a fonte cobre o município mas não o nomeia neste ponto: vale com ressalva de escala
5106505,Poconé,FOR-09,Forças,Estrada-Parque Pantanal (MS) no escoamento do gado leiloado por caminhões boiadeiros,REGIONAL,4 fonte(s) de escala supramunicipal que cobrem o município — SEMA-MT (2025) - Plano de Manejo da Estrada Parque Transpantaneira (MT; Terminal Portuário Paratudal (Proc. SEMA 677928/2017) – EIA - Volume 5; UFMS (2023a) - Plano de Desenvolvimento e Integração da Faixa de Front — critério: a fonte cobre o município mas não o nomeia neste ponto: vale com ressalva de escala
5106505,Poconé,OPO-01,Oportunidades,"Universalização elétrica de áreas isoladas (Luz para Todos, REN 488/2012)",DOCUMENTADO,1 passagem(ns) que nomeiam o município — corpus validado dos 36 estudos distintos (36 registros)
5106505,Poconé,OPO-02,Oportunidades,Sistemas fotovoltaicos isolados como alternativa de eletrificação de áreas remotas do Pantanal,REGIONAL,1 fonte(s) de escala supramunicipal que cobrem o município — UFMS (2023b) - Plano de Desenvolvimento e Integração da Faixa de Front — critério: a fonte cobre o município mas não o nomeia neste ponto: vale com ressalva de escala
5106505,Poconé,OPO-03,Oportunidades,Hidrovia Paraguai-Paraná como rota de exportação da soja de Mato Grosso,REGIONAL,1 fonte(s) de escala supramunicipal que cobrem o município — Terminal Portuário Paratudal (Proc. SEMA 677928/2017) – EIA - Volume 5 — critério: a fonte cobre o município mas não o nomeia neste ponto: vale com ressalva de escala
5106505,Poconé,OPO-04,Oportunidades,Estudo da ANA e planejamento hidrelétrico em escala de bacia na RH Paraguai,REGIONAL,2 fonte(s) de escala supramunicipal que cobrem o município — Notas Técnicas e Resoluções ANA - Nota Técnica 03-2020 - Análise-efeit; Notas Técnicas e Resoluções ANA - Nota Técnica Conjunta nº 03-2020-SPR — critério: a fonte cobre o município mas não o nomeia neste ponto: vale com ressalva de escala
5106505,Poconé,OPO-05,Oportunidades,"Mitigação de atropelamentos: passagens de fauna, cercas-guia e velocidade sazonal",REGIONAL,6 fonte(s) de escala supramunicipal que cobrem o município — Plano de Mobilidade de Rondonópolis - Relatório de Diagnóstico (URB-7.; SEMA-MT (2025) - Plano de Manejo da Estrada Parque Transpantaneira (MT; Terminal Portuário Paratudal (Proc. SEMA 677928/2017) – EIA - Volume 5 — critério: a fonte cobre o município mas não o nomeia neste ponto: vale com ressalva de escala
5106505,Poconé,OPO-06,Oportunidades,"Novas barragens em rios já barrados e tributários menores, e recomendação de não barrar quatro rios livres do planalto",REGIONAL,6 fonte(s) de escala supramunicipal que cobrem o município — Notas Técnicas e Resoluções ANA - Nota Técnica 03-2020 - Análise-efeit; Notas Técnicas e Resoluções ANA - Nota Técnica Conjunta nº 03-2019-SPR; Notas Técnicas e Resoluções ANA - Nota Técnica Conjunta nº 03-2020-SPR — critério: a fonte cobre o município mas não o nomeia neste ponto: vale com ressalva de escala
5106505,Poconé,OPO-07,Oportunidades,Regras operativas de barragens que preservem a variabilidade de vazões (proposta de estudo para a UHE Manso),REGIONAL,2 fonte(s) de escala supramunicipal que cobrem o município — Notas Técnicas e Resoluções ANA - Nota Técnica Conjunta nº 1-2020-SPR-; Notas Técnicas e Resoluções ANA - Nota Técnica Conjunta nº 4-2019-SPR- — critério: a fonte cobre o município mas não o nomeia neste ponto: vale com ressalva de escala
5106505,Poconé,OPO-08,Oportunidades,Modernização portuária de Cáceres (MT) no projeto da hidrovia Paraguai-Paraná,DOCUMENTADO,1 passagem(ns) que nomeiam o município — Plano Municipal de Saneamento Básico de Nossa Senhora do Livramento-MT
5106505,Poconé,OPO-09,Oportunidades,Transporte multimodal ferrovia-rodovia como alternativa à hidrovia no Pantanal,REGIONAL,3 fonte(s) de escala supramunicipal que cobrem o município — Terminal Portuário Paratudal (Proc. SEMA 677928/2017) – EIA - Volume 5; UFMS (2023a) - Plano de Desenvolvimento e Integração da Faixa de Front; UFMS (2024) - Plano de Desenvolvimento e Integração da Faixa de Fronte — critério: a fonte cobre o município mas não o nomeia neste ponto: vale com ressalva de escala
5106505,Poconé,FRA-01,Fraquezas,Transpantaneira quase intransitável na estação chuvosa e acesso à Estrada-Parque Pantanal comprometido nas cheias,DOCUMENTADO,1 passagem(ns) que nomeiam o município — corpus validado dos 36 estudos distintos (36 registros)
5106505,Poconé,FRA-02,Fraquezas,"Localidades e fazendas fora da rede elétrica, dependentes de geradores a diesel",DOCUMENTADO,1 passagem(ns) que nomeiam o município — corpus validado dos 36 estudos distintos (36 registros)
5106505,Poconé,FRA-03,Fraquezas,"Cheia, áreas de preservação e acesso restrito dificultam a extensão da rede elétrica e a manutenção de sistemas isolados",DOCUMENTADO,4 passagem(ns) que nomeiam o município — Plano Municipal de Saneamento Básico de Poconé-MT (convênio FUNASA/UFM; corpus validado dos 36 estudos distintos (36 registros)
5106505,Poconé,FRA-04,Fraquezas,Canal raso e sinuoso no tramo Cáceres–Corumbá do rio Paraguai e projeto de hidrovia sob paralisação judicial em 2020,REGIONAL,1 fonte(s) de escala supramunicipal que cobrem o município — Terminal Portuário Paratudal (Proc. SEMA 677928/2017) – EIA - Volume 5 — critério: a fonte cobre o município mas não o nomeia neste ponto: vale com ressalva de escala
5106505,Poconé,FRA-05,Fraquezas,Estradas não pavimentadas e pontes de madeira de manutenção onerosa no Pantanal-MS,DOCUMENTADO,8 passagem(ns) que nomeiam o município — Plano Municipal de Saneamento Básico de Barão de Melgaço-MT (convênio ; Plano Municipal de Saneamento Básico de Poconé-MT (convênio FUNASA/UFM
5106505,Poconé,FRA-06,Fraquezas,"Hidrelétricas na Bacia do Alto Paraguai sem planejamento de bacia, com EIAs de horizonte curto ou dispensados",REGIONAL,1 fonte(s) de escala supramunicipal que cobrem o município — Notas Técnicas e Resoluções ANA - Nota Técnica Conjunta nº 1-2020-SPR- — critério: a fonte cobre o município mas não o nomeia neste ponto: vale com ressalva de escala
5106505,Poconé,FRA-07,Fraquezas,"Cercas de fauna com pouca ou nenhuma manutenção e alta mortalidade por atropelamento na BR-262, no Pantanal-MS",REGIONAL,5 fonte(s) de escala supramunicipal que cobrem o município — Plano de Mobilidade de Rondonópolis - Relatório de Diagnóstico (URB-7.; SEMA-MT (2025) - Plano de Manejo da Estrada Parque Transpantaneira (MT; UFMS (2023a) - Plano de Desenvolvimento e Integração da Faixa de Front — critério: a fonte cobre o município mas não o nomeia neste ponto: vale com ressalva de escala
5106505,Poconé,FRA-08,Fraquezas,"Assoreamento acelerado de reservatórios (UHE Itiquira, Ponte de Pedra, PCH São Lourenço)",DOCUMENTADO,1 passagem(ns) que nomeiam o município — SEMA-MT (2025) - Plano de Manejo da Estrada Parque Transpantaneira (MT
5106505,Poconé,FRA-09,Fraquezas,Telefonia e internet ausentes ou instáveis no Pantanal-MS,REGIONAL,3 fonte(s) de escala supramunicipal que cobrem o município — UFMS (2023a) - Plano de Desenvolvimento e Integração da Faixa de Front; UFMS (2023b) - Plano de Desenvolvimento e Integração da Faixa de Front; UFMS (2024) - Plano de Desenvolvimento e Integração da Faixa de Fronte — critério: a fonte cobre o município mas não o nomeia neste ponto: vale com ressalva de escala
5106505,Poconé,FRA-10,Fraquezas,"Saneamento básico ausente ou inadequado em comunidades ribeirinhas de Corumbá-MS (Passo do Lontra, Porto da Manga)",DOCUMENTADO,77 passagem(ns) que nomeiam o município — Plano Municipal de Saneamento Básico de Poconé-MT (convênio FUNASA/UFM; UFMS (2023a) - Plano de Desenvolvimento e Integração da Faixa de Front; UFMS (2023b) - Plano de Desenvolvimento e Integração da Faixa de Front
5106505,Poconé,AME-01,Ameaças,"Proliferação de PCHs e UHEs nos rios formadores da BAP, inclusive na porção mato-grossense",REGIONAL,5 fonte(s) de escala supramunicipal que cobrem o município — Notas Técnicas e Resoluções ANA - Nota Técnica 03-2020 - Análise-efeit; Notas Técnicas e Resoluções ANA - Nota Técnica Conjunta nº 03-2019-SPR; Notas Técnicas e Resoluções ANA - Nota Técnica Conjunta nº 03-2020-SPR — critério: a fonte cobre o município mas não o nomeia neste ponto: vale com ressalva de escala
5106505,Poconé,AME-02,Ameaças,UHE Manso alterando vazões do rio Cuiabá e a conexão rio-planície ao menos até Barão de Melgaço,DOCUMENTADO,2 passagem(ns) que nomeiam o município — Notas Técnicas e Resoluções ANA - Nota Técnica 03-2020 - Análise-efeit
5106505,Poconé,AME-03,Ameaças,Retenção de sedimentos pelas barragens do planalto e redução prevista do transporte de nutrientes à planície,REGIONAL,5 fonte(s) de escala supramunicipal que cobrem o município — Notas Técnicas e Resoluções ANA - Nota Técnica 03-2020 - Análise-efeit; Notas Técnicas e Resoluções ANA - Nota Técnica Conjunta nº 03-2019-SPR; Notas Técnicas e Resoluções ANA - Nota Técnica Conjunta nº 03-2020-SPR — critério: a fonte cobre o município mas não o nomeia neste ponto: vale com ressalva de escala
5106505,Poconé,AME-04,Ameaças,PCHs alterando vazões subdiárias pela operação em picos (hydropeaking) e a qualidade da água a jusante,REGIONAL,1 fonte(s) de escala supramunicipal que cobrem o município — Notas Técnicas e Resoluções ANA - Nota Técnica Conjunta nº 03-2020-SPR — critério: a fonte cobre o município mas não o nomeia neste ponto: vale com ressalva de escala
5106505,Poconé,AME-05,Ameaças,Hidrovia Paraguai-Paraná: dragagem e aprofundamento do canal do rio Paraguai e porto perto de Cáceres,DOCUMENTADO,1 passagem(ns) que nomeiam o município — UFMS (2024) - Plano de Desenvolvimento e Integração da Faixa de Fronte
5106505,Poconé,AME-06,Ameaças,"Assoreamento dos reservatórios de hidrelétricas, encurtando a vida útil e exigindo dragagem",REGIONAL,4 fonte(s) de escala supramunicipal que cobrem o município — Notas Técnicas e Resoluções ANA - Nota Técnica 03-2020 - Análise-efeit; Notas Técnicas e Resoluções ANA - Nota Técnica Conjunta nº 03-2020-SPR; Notas Técnicas e Resoluções ANA - Nota Técnica Conjunta nº 1-2020-SPR- — critério: a fonte cobre o município mas não o nomeia neste ponto: vale com ressalva de escala
5106505,Poconé,AME-07,Ameaças,Incentivos PROINFA/BNDES e discurso de 'energia limpa' legitimando PCHs na BAP,REGIONAL,3 fonte(s) de escala supramunicipal que cobrem o município — Plano Municipal de Saneamento Básico de Juscimeira-MT (convênio FUNASA; Plano Municipal de Saneamento Básico de Nossa Senhora do Livramento-MT; UFMS (2024) - Plano de Desenvolvimento e Integração da Faixa de Fronte — critério: a fonte cobre o município mas não o nomeia neste ponto: vale com ressalva de escala
5106505,Poconé,AME-08,Ameaças,"Rodovias associadas a atropelamento de fauna e a desmatamento no entorno, com risco maior previsto com a pavimentação",REGIONAL,5 fonte(s) de escala supramunicipal que cobrem o município — Plano de Mobilidade de Rondonópolis - Relatório de Diagnóstico (URB-7.; SEMA-MT (2025) - Plano de Manejo da Estrada Parque Transpantaneira (MT; UFMS (2023a) - Plano de Desenvolvimento e Integração da Faixa de Front — critério: a fonte cobre o município mas não o nomeia neste ponto: vale com ressalva de escala
5106505,Poconé,AME-09,Ameaças,Águas baixas interrompendo a navegação no rio Paraguai e sobrecarregando a BR-262,NÃO AVALIADO,Item não inferível — critério: regra 2 — refere-se a um rio e a uma rodovia determinados (rio Paraguai e BR-262)
5106505,Poconé,AME-10,Ameaças,Oposição majoritária da população da BAP mato-grossense à Hidrovia Paraguai-Paraná,DOCUMENTADO,1 passagem(ns) que nomeiam o município — Plano de Mobilidade de Rondonópolis - Relatório de Diagnóstico (URB-7.
5106828,Porto Esperidião,FOR-01,Forças,Segmento pavimentado da BR-262 entre Anastácio e Corumbá (MS) como rota turística e comercial,REGIONAL,2 fonte(s) de escala supramunicipal que cobrem o município — UFMS (2023a) - Plano de Desenvolvimento e Integração da Faixa de Front; UFMS (2023b) - Plano de Desenvolvimento e Integração da Faixa de Front — critério: a fonte cobre o município mas não o nomeia neste ponto: vale com ressalva de escala
5106828,Porto Esperidião,FOR-02,Forças,PCHs em operação com baixo comprometimento da qualidade da água e pouco efeito no transporte de nutrientes,NÃO AVALIADO,Item não inferível — critério: regra 2 — afirma a operação de PCHs determinadas e o seu efeito medido a jusante
5106828,Porto Esperidião,FOR-03,Forças,Navegação de pequeno porte no Pantanal e acesso fluvial a comunidades ribeirinhas nos rios Paraguai e Taquari (MS),REGIONAL,3 fonte(s) de escala supramunicipal que cobrem o município — Porto do Barranco Vermelho (Proc. SEMA 635859/2019) – EIA RIMA TUP BAR; UFMS (2023a) - Plano de Desenvolvimento e Integração da Faixa de Front; UFMS (2023b) - Plano de Desenvolvimento e Integração da Faixa de Front — critério: a fonte cobre o município mas não o nomeia neste ponto: vale com ressalva de escala
5106828,Porto Esperidião,FOR-05,Forças,Transpantaneira como principal via de acesso ao Pantanal a partir de Poconé (MT),REGIONAL,2 fonte(s) de escala supramunicipal que cobrem o município — UFMS (2023a) - Plano de Desenvolvimento e Integração da Faixa de Front; UFMS (2023b) - Plano de Desenvolvimento e Integração da Faixa de Front — critério: a fonte cobre o município mas não o nomeia neste ponto: vale com ressalva de escala
5106828,Porto Esperidião,FOR-06,Forças,"Regulação da vazão pelo reservatório de Manso, com Cuiabá e Várzea Grande como alvos do controle de cheias",REGIONAL,1 fonte(s) de escala supramunicipal que cobrem o município — Plano Municipal de Saneamento Básico (PMSB) - Cáceres - MT (UFMT-FUNAS — critério: a fonte cobre o município mas não o nomeia neste ponto: vale com ressalva de escala
5106828,Porto Esperidião,FOR-07,Forças,Capacidade instalada de geração hidrelétrica e termoelétrica na Bacia do Alto Paraguai por volta de 2010-2011,INFERIDO,Similaridade estrutural com município documentado — município de referência: Cáceres; Itiquira — critério: mesmo grupo de infraestrutura (Esgotamento ausente ou incipiente)
5106828,Porto Esperidião,FOR-08,Forças,Pontes e bueiros existentes na BR-262 entre Anastácio e Corumbá (MS) parcial ou totalmente aptos ao uso pela fauna,NÃO AVALIADO,"Item não inferível — critério: regra 2 — refere-se a pontes e bueiros de um segmento rodoviário determinado (BR-262, MS)"
5106828,Porto Esperidião,FOR-09,Forças,Estrada-Parque Pantanal (MS) no escoamento do gado leiloado por caminhões boiadeiros,REGIONAL,2 fonte(s) de escala supramunicipal que cobrem o município — UFMS (2023a) - Plano de Desenvolvimento e Integração da Faixa de Front; UFMS (2024) - Plano de Desenvolvimento e Integração da Faixa de Fronte — critério: a fonte cobre o município mas não o nomeia neste ponto: vale com ressalva de escala
5106828,Porto Esperidião,OPO-01,Oportunidades,"Universalização elétrica de áreas isoladas (Luz para Todos, REN 488/2012)",NÃO AVALIADO,"Sem fonte direta, sem cobertura territorial e sem par documentado no mesmo grupo de infraestrutura (e na mesma posição no bioma, nos itens que dependem da planície)"
5106828,Porto Esperidião,OPO-02,Oportunidades,Sistemas fotovoltaicos isolados como alternativa de eletrificação de áreas remotas do Pantanal,REGIONAL,1 fonte(s) de escala supramunicipal que cobrem o município — UFMS (2023b) - Plano de Desenvolvimento e Integração da Faixa de Front — critério: a fonte cobre o município mas não o nomeia neste ponto: vale com ressalva de escala
5106828,Porto Esperidião,OPO-03,Oportunidades,Hidrovia Paraguai-Paraná como rota de exportação da soja de Mato Grosso,INFERIDO,Similaridade estrutural com município documentado — município de referência: Cáceres — critério: mesmo grupo de infraestrutura (Esgotamento ausente ou incipiente)
5106828,Porto Esperidião,OPO-04,Oportunidades,Estudo da ANA e planejamento hidrelétrico em escala de bacia na RH Paraguai,NÃO AVALIADO,"Item não inferível — critério: regra 2 — refere-se a um estudo determinado (ANA, RH Paraguai)"
5106828,Porto Esperidião,OPO-05,Oportunidades,"Mitigação de atropelamentos: passagens de fauna, cercas-guia e velocidade sazonal",REGIONAL,3 fonte(s) de escala supramunicipal que cobrem o município — UFMS (2023a) - Plano de Desenvolvimento e Integração da Faixa de Front; UFMS (2023b) - Plano de Desenvolvimento e Integração da Faixa de Front; UFMS (2024) - Plano de Desenvolvimento e Integração da Faixa de Fronte — critério: a fonte cobre o município mas não o nomeia neste ponto: vale com ressalva de escala
5106828,Porto Esperidião,OPO-06,Oportunidades,"Novas barragens em rios já barrados e tributários menores, e recomendação de não barrar quatro rios livres do planalto",DOCUMENTADO,9 passagem(ns) que nomeiam o município — Plano Municipal de Saneamento Básico (PMSB) - Cáceres - MT (UFMT-FUNAS; Plano Municipal de Saneamento Básico (PMSB) - Porto Esperidião - MT (U; Porto do Barranco Vermelho (Proc. SEMA 635859/2019) – EIA RIMA TUP BAR
5106828,Porto Esperidião,OPO-07,Oportunidades,Regras operativas de barragens que preservem a variabilidade de vazões (proposta de estudo para a UHE Manso),NÃO AVALIADO,Item não inferível — critério: regra 2 — refere-se às regras operativas de uma barragem determinada (UHE Manso)
5106828,Porto Esperidião,OPO-08,Oportunidades,Modernização portuária de Cáceres (MT) no projeto da hidrovia Paraguai-Paraná,REGIONAL,1 fonte(s) de escala supramunicipal que cobrem o município — Porto do Barranco Vermelho (Proc. SEMA 635859/2019) – EIA RIMA TUP BAR — critério: a fonte cobre o município mas não o nomeia neste ponto: vale com ressalva de escala
5106828,Porto Esperidião,OPO-09,Oportunidades,Transporte multimodal ferrovia-rodovia como alternativa à hidrovia no Pantanal,DOCUMENTADO,1 passagem(ns) que nomeiam o município — Plano Municipal de Saneamento Básico (PMSB) - Porto Esperidião - MT (U
5106828,Porto Esperidião,FRA-01,Fraquezas,Transpantaneira quase intransitável na estação chuvosa e acesso à Estrada-Parque Pantanal comprometido nas cheias,NÃO AVALIADO,Item não inferível — critério: regra 2 — refere-se a vias determinadas (Transpantaneira e Estrada-Parque Pantanal)
5106828,Porto Esperidião,FRA-02,Fraquezas,"Localidades e fazendas fora da rede elétrica, dependentes de geradores a diesel",NÃO AVALIADO,"Sem fonte direta, sem cobertura territorial e sem par documentado no mesmo grupo de infraestrutura (e na mesma posição no bioma, nos itens que dependem da planície)"
5106828,Porto Esperidião,FRA-03,Fraquezas,"Cheia, áreas de preservação e acesso restrito dificultam a extensão da rede elétrica e a manutenção de sistemas isolados",INFERIDO,Similaridade estrutural com município documentado — município de referência: Itiquira — critério: mesmo grupo de infraestrutura (Esgotamento ausente ou incipiente) e mesma posição no bioma (Borda / transição)
5106828,Porto Esperidião,FRA-04,Fraquezas,Canal raso e sinuoso no tramo Cáceres–Corumbá do rio Paraguai e projeto de hidrovia sob paralisação judicial em 2020,NÃO AVALIADO,Item não inferível — critério: regra 2 — refere-se a um trecho fluvial determinado (tramo Cáceres–Corumbá do rio Paraguai)
5106828,Porto Esperidião,FRA-05,Fraquezas,Estradas não pavimentadas e pontes de madeira de manutenção onerosa no Pantanal-MS,REGIONAL,2 fonte(s) de escala supramunicipal que cobrem o município — Plano Municipal de Saneamento Básico (PMSB) - Glória D'Oeste - MT (UFM; Porto do Barranco Vermelho (Proc. SEMA 635859/2019) – EIA RIMA TUP BAR — critério: a fonte cobre o município mas não o nomeia neste ponto: vale com ressalva de escala
5106828,Porto Esperidião,FRA-06,Fraquezas,"Hidrelétricas na Bacia do Alto Paraguai sem planejamento de bacia, com EIAs de horizonte curto ou dispensados",INFERIDO,Similaridade estrutural com município documentado — município de referência: Itiquira; Curvelândia — critério: mesmo grupo de infraestrutura (Esgotamento ausente ou incipiente)
5106828,Porto Esperidião,FRA-07,Fraquezas,"Cercas de fauna com pouca ou nenhuma manutenção e alta mortalidade por atropelamento na BR-262, no Pantanal-MS",REGIONAL,3 fonte(s) de escala supramunicipal que cobrem o município — UFMS (2023a) - Plano de Desenvolvimento e Integração da Faixa de Front; UFMS (2023b) - Plano de Desenvolvimento e Integração da Faixa de Front; UFMS (2024) - Plano de Desenvolvimento e Integração da Faixa de Fronte — critério: a fonte cobre o município mas não o nomeia neste ponto: vale com ressalva de escala
5106828,Porto Esperidião,FRA-08,Fraquezas,"Assoreamento acelerado de reservatórios (UHE Itiquira, Ponte de Pedra, PCH São Lourenço)",NÃO AVALIADO,"Item não inferível — critério: regra 2 — refere-se a reservatórios determinados (UHE Itiquira, Ponte de Pedra, PCH São Lourenço)"
5106828,Porto Esperidião,FRA-09,Fraquezas,Telefonia e internet ausentes ou instáveis no Pantanal-MS,REGIONAL,3 fonte(s) de escala supramunicipal que cobrem o município — UFMS (2023a) - Plano de Desenvolvimento e Integração da Faixa de Front; UFMS (2023b) - Plano de Desenvolvimento e Integração da Faixa de Front; UFMS (2024) - Plano de Desenvolvimento e Integração da Faixa de Fronte — critério: a fonte cobre o município mas não o nomeia neste ponto: vale com ressalva de escala
5106828,Porto Esperidião,FRA-10,Fraquezas,"Saneamento básico ausente ou inadequado em comunidades ribeirinhas de Corumbá-MS (Passo do Lontra, Porto da Manga)",DOCUMENTADO,19 passagem(ns) que nomeiam o município — Plano Municipal de Saneamento Básico (PMSB) - Porto Esperidião - MT (U
5106828,Porto Esperidião,AME-01,Ameaças,"Proliferação de PCHs e UHEs nos rios formadores da BAP, inclusive na porção mato-grossense",INFERIDO,Similaridade estrutural com município documentado — município de referência: Cáceres; Santo Antônio de Leverger; Itiquira; Juscimeira — critério: mesmo grupo de infraestrutura (Esgotamento ausente ou incipiente)
5106828,Porto Esperidião,AME-02,Ameaças,UHE Manso alterando vazões do rio Cuiabá e a conexão rio-planície ao menos até Barão de Melgaço,REGIONAL,1 fonte(s) de escala supramunicipal que cobrem o município — Plano Municipal de Saneamento Básico (PMSB) - Cáceres - MT (UFMT-FUNAS — critério: a fonte cobre o município mas não o nomeia neste ponto: vale com ressalva de escala
5106828,Porto Esperidião,AME-03,Ameaças,Retenção de sedimentos pelas barragens do planalto e redução prevista do transporte de nutrientes à planície,INFERIDO,Similaridade estrutural com município documentado — município de referência: Itiquira — critério: mesmo grupo de infraestrutura (Esgotamento ausente ou incipiente)
5106828,Porto Esperidião,AME-04,Ameaças,PCHs alterando vazões subdiárias pela operação em picos (hydropeaking) e a qualidade da água a jusante,INFERIDO,Similaridade estrutural com município documentado — município de referência: Cáceres; Itiquira — critério: mesmo grupo de infraestrutura (Esgotamento ausente ou incipiente)
5106828,Porto Esperidião,AME-05,Ameaças,Hidrovia Paraguai-Paraná: dragagem e aprofundamento do canal do rio Paraguai e porto perto de Cáceres,NÃO AVALIADO,Item não inferível — critério: regra 2 — refere-se a obras determinadas no rio Paraguai e ao porto perto de Cáceres
5106828,Porto Esperidião,AME-06,Ameaças,"Assoreamento dos reservatórios de hidrelétricas, encurtando a vida útil e exigindo dragagem",INFERIDO,Similaridade estrutural com município documentado — município de referência: Cáceres; Itiquira; Curvelândia — critério: mesmo grupo de infraestrutura (Esgotamento ausente ou incipiente)
5106828,Porto Esperidião,AME-07,Ameaças,Incentivos PROINFA/BNDES e discurso de 'energia limpa' legitimando PCHs na BAP,REGIONAL,1 fonte(s) de escala supramunicipal que cobrem o município — UFMS (2024) - Plano de Desenvolvimento e Integração da Faixa de Fronte — critério: a fonte cobre o município mas não o nomeia neste ponto: vale com ressalva de escala
5106828,Porto Esperidião,AME-08,Ameaças,"Rodovias associadas a atropelamento de fauna e a desmatamento no entorno, com risco maior previsto com a pavimentação",REGIONAL,3 fonte(s) de escala supramunicipal que cobrem o município — UFMS (2023a) - Plano de Desenvolvimento e Integração da Faixa de Front; UFMS (2023b) - Plano de Desenvolvimento e Integração da Faixa de Front; UFMS (2024) - Plano de Desenvolvimento e Integração da Faixa de Fronte — critério: a fonte cobre o município mas não o nomeia neste ponto: vale com ressalva de escala
5106828,Porto Esperidião,AME-09,Ameaças,Águas baixas interrompendo a navegação no rio Paraguai e sobrecarregando a BR-262,NÃO AVALIADO,Item não inferível — critério: regra 2 — refere-se a um rio e a uma rodovia determinados (rio Paraguai e BR-262)
5106828,Porto Esperidião,AME-10,Ameaças,Oposição majoritária da população da BAP mato-grossense à Hidrovia Paraguai-Paraná,NÃO AVALIADO,"Item não inferível — critério: regra 2 — refere-se a uma pesquisa de opinião determinada, sem recorte municipal"
5107602,Rondonópolis,FOR-01,Forças,Segmento pavimentado da BR-262 entre Anastácio e Corumbá (MS) como rota turística e comercial,DOCUMENTADO,"3 passagem(ns) que nomeiam o município — Plano Nacional de Logística 2050 – Relatório Completo (1ª edição, agos; Projeto executivo - Volume 1 (Relatório do projeto) - Lote 1 - Anel Vi"
5107602,Rondonópolis,FOR-02,Forças,PCHs em operação com baixo comprometimento da qualidade da água e pouco efeito no transporte de nutrientes,DOCUMENTADO,3 passagem(ns) que nomeiam o município — Notas Técnicas e Resoluções ANA - Nota Técnica 03-2020 - Análise-efeit; Notas Técnicas e Resoluções ANA - Nota Técnica Conjunta nº 1-2020-SPR-; corpus validado dos 36 estudos distintos (36 registros)
5107602,Rondonópolis,FOR-03,Forças,Navegação de pequeno porte no Pantanal e acesso fluvial a comunidades ribeirinhas nos rios Paraguai e Taquari (MS),DOCUMENTADO,1 passagem(ns) que nomeiam o município — Plano de Mobilidade de Rondonópolis - Relatório de Diagnóstico (URB-7.
5107602,Rondonópolis,FOR-05,Forças,Transpantaneira como principal via de acesso ao Pantanal a partir de Poconé (MT),NÃO AVALIADO,"Item não inferível — critério: regra 2 — refere-se a uma via determinada (Transpantaneira, a partir de Poconé)"
5107602,Rondonópolis,FOR-06,Forças,"Regulação da vazão pelo reservatório de Manso, com Cuiabá e Várzea Grande como alvos do controle de cheias",REGIONAL,3 fonte(s) de escala supramunicipal que cobrem o município — Caderno do PDDI - Plano Diretor de Desenvolvimento Integrado da Região; Notas Técnicas e Resoluções ANA - Nota Técnica Conjunta nº 1-2020-SPR-; Plano Municipal de Saneamento Básico de Santo Antônio de Leverger-MT ( — critério: a fonte cobre o município mas não o nomeia neste ponto: vale com ressalva de escala
5107602,Rondonópolis,FOR-07,Forças,Capacidade instalada de geração hidrelétrica e termoelétrica na Bacia do Alto Paraguai por volta de 2010-2011,DOCUMENTADO,5 passagem(ns) que nomeiam o município — Notas Técnicas e Resoluções ANA - Nota Técnica 03-2020 - Análise-efeit; PMSB Aprovado - Plano Municipal de Saneamento Básico de Rondonópolis
5107602,Rondonópolis,FOR-08,Forças,Pontes e bueiros existentes na BR-262 entre Anastácio e Corumbá (MS) parcial ou totalmente aptos ao uso pela fauna,DOCUMENTADO,1 passagem(ns) que nomeiam o município — Estudo Técnico Preliminar - CPE 11/2026 - duplicação do Anel Viário de
5107602,Rondonópolis,FOR-09,Forças,Estrada-Parque Pantanal (MS) no escoamento do gado leiloado por caminhões boiadeiros,DOCUMENTADO,"3 passagem(ns) que nomeiam o município — Plano Nacional de Logística 2050 – Relatório Completo (1ª edição, agos; Porto do Barranco Vermelho (Proc. SEMA 635859/2019) – EIA RIMA TUP BAR"
5107602,Rondonópolis,OPO-01,Oportunidades,"Universalização elétrica de áreas isoladas (Luz para Todos, REN 488/2012)",CONTRAINDICADO,"Dado municipal da Fase I refuta o item — critério: mesmo critério de FRA-02: sem áreas isoladas, a universalização não é oportunidade do município"
5107602,Rondonópolis,OPO-02,Oportunidades,Sistemas fotovoltaicos isolados como alternativa de eletrificação de áreas remotas do Pantanal,CONTRAINDICADO,Dado municipal da Fase I refuta o item — critério: mesmo critério de FRA-02
5107602,Rondonópolis,OPO-03,Oportunidades,Hidrovia Paraguai-Paraná como rota de exportação da soja de Mato Grosso,DOCUMENTADO,"12 passagem(ns) que nomeiam o município — Macrologística - Projeto Centro-Oeste Competitivo - Relatório - 04-12-; Plano Nacional de Logística 2050 – Relatório Completo (1ª edição, agos; Plano de Mobilidade de Rondonópolis - Relatório de Diagnóstico (URB-7."
5107602,Rondonópolis,OPO-04,Oportunidades,Estudo da ANA e planejamento hidrelétrico em escala de bacia na RH Paraguai,REGIONAL,1 fonte(s) de escala supramunicipal que cobrem o município — Notas Técnicas e Resoluções ANA - Nota Técnica 03-2020 - Análise-efeit — critério: a fonte cobre o município mas não o nomeia neste ponto: vale com ressalva de escala
5107602,Rondonópolis,OPO-05,Oportunidades,"Mitigação de atropelamentos: passagens de fauna, cercas-guia e velocidade sazonal",DOCUMENTADO,1 passagem(ns) que nomeiam o município — Plano de Mobilidade de Rondonópolis - Relatório de Prognóstico (URB-7.
5107602,Rondonópolis,OPO-06,Oportunidades,"Novas barragens em rios já barrados e tributários menores, e recomendação de não barrar quatro rios livres do planalto",DOCUMENTADO,2 passagem(ns) que nomeiam o município — Terminal Portuário Paratudal (Proc. SEMA 677928/2017) – EIA - Volume 5
5107602,Rondonópolis,OPO-07,Oportunidades,Regras operativas de barragens que preservem a variabilidade de vazões (proposta de estudo para a UHE Manso),REGIONAL,1 fonte(s) de escala supramunicipal que cobrem o município — Notas Técnicas e Resoluções ANA - Nota Técnica Conjunta nº 1-2020-SPR- — critério: a fonte cobre o município mas não o nomeia neste ponto: vale com ressalva de escala
5107602,Rondonópolis,OPO-08,Oportunidades,Modernização portuária de Cáceres (MT) no projeto da hidrovia Paraguai-Paraná,DOCUMENTADO,2 passagem(ns) que nomeiam o município — Plano de Mobilidade de Rondonópolis - Relatório de Diagnóstico (URB-7.; Porto do Barranco Vermelho (Proc. SEMA 635859/2019) – EIA RIMA TUP BAR
5107602,Rondonópolis,OPO-09,Oportunidades,Transporte multimodal ferrovia-rodovia como alternativa à hidrovia no Pantanal,DOCUMENTADO,30 passagem(ns) que nomeiam o município — ANTAQ (2013) - Plano Nacional de Integração Hidroviária - Bacia do Par; Macrologística - Projeto Centro-Oeste Competitivo - Relatório - 04-12-; Plano Municipal de Saneamento Básico de Juscimeira-MT (convênio FUNASA
5107602,Rondonópolis,FRA-01,Fraquezas,Transpantaneira quase intransitável na estação chuvosa e acesso à Estrada-Parque Pantanal comprometido nas cheias,DOCUMENTADO,"2 passagem(ns) que nomeiam o município — PMSB Aprovado - Plano Municipal de Saneamento Básico de Rondonópolis; Plano Nacional de Logística 2050 – Relatório Completo (1ª edição, agos"
5107602,Rondonópolis,FRA-02,Fraquezas,"Localidades e fazendas fora da rede elétrica, dependentes de geradores a diesel",CONTRAINDICADO,"Dado municipal da Fase I refuta o item — critério: município de planalto com 99,5% ou mais dos domicílios com energia elétrica: não há localidades isoladas da rede em número relevante"
5107602,Rondonópolis,FRA-03,Fraquezas,"Cheia, áreas de preservação e acesso restrito dificultam a extensão da rede elétrica e a manutenção de sistemas isolados",CONTRAINDICADO,Dado municipal da Fase I refuta o item — critério: menos de 10% da área municipal no bioma Pantanal: a cheia não condiciona a extensão da rede elétrica
5107602,Rondonópolis,FRA-04,Fraquezas,Canal raso e sinuoso no tramo Cáceres–Corumbá do rio Paraguai e projeto de hidrovia sob paralisação judicial em 2020,REGIONAL,2 fonte(s) de escala supramunicipal que cobrem o município — ANTAQ (2013) - Plano Nacional de Integração Hidroviária - Bacia do Par; Terminal Portuário Paratudal (Proc. SEMA 677928/2017) – EIA - Volume 5 — critério: a fonte cobre o município mas não o nomeia neste ponto: vale com ressalva de escala
5107602,Rondonópolis,FRA-05,Fraquezas,Estradas não pavimentadas e pontes de madeira de manutenção onerosa no Pantanal-MS,DOCUMENTADO,8 passagem(ns) que nomeiam o município — Macrologística - Projeto Centro-Oeste Competitivo - Relatório - 04-12-; PMSB Aprovado - Plano Municipal de Saneamento Básico de Rondonópolis; Plano de Mobilidade de Rondonópolis - Relatório de Diagnóstico (URB-7.
5107602,Rondonópolis,FRA-06,Fraquezas,"Hidrelétricas na Bacia do Alto Paraguai sem planejamento de bacia, com EIAs de horizonte curto ou dispensados",NÃO AVALIADO,"Sem fonte direta, sem cobertura territorial e sem par documentado no mesmo grupo de infraestrutura (e na mesma posição no bioma, nos itens que dependem da planície)"
5107602,Rondonópolis,FRA-07,Fraquezas,"Cercas de fauna com pouca ou nenhuma manutenção e alta mortalidade por atropelamento na BR-262, no Pantanal-MS",DOCUMENTADO,5 passagem(ns) que nomeiam o município — PMSB Aprovado - Plano Municipal de Saneamento Básico de Rondonópolis
5107602,Rondonópolis,FRA-08,Fraquezas,"Assoreamento acelerado de reservatórios (UHE Itiquira, Ponte de Pedra, PCH São Lourenço)",DOCUMENTADO,7 passagem(ns) que nomeiam o município — PMSB Aprovado - Plano Municipal de Saneamento Básico de Rondonópolis; corpus validado dos 36 estudos distintos (36 registros)
5107602,Rondonópolis,FRA-09,Fraquezas,Telefonia e internet ausentes ou instáveis no Pantanal-MS,DOCUMENTADO,5 passagem(ns) que nomeiam o município — PMSB Aprovado - Plano Municipal de Saneamento Básico de Rondonópolis; Plano de Mobilidade de Rondonópolis - Relatório de Diagnóstico (URB-7.; Plano de Mobilidade de Rondonópolis - Relatório de Prognóstico (URB-7.
5107602,Rondonópolis,FRA-10,Fraquezas,"Saneamento básico ausente ou inadequado em comunidades ribeirinhas de Corumbá-MS (Passo do Lontra, Porto da Manga)",DOCUMENTADO,140 passagem(ns) que nomeiam o município — PMSB Aprovado - Plano Municipal de Saneamento Básico de Rondonópolis; Plano Municipal de Saneamento Básico de Juscimeira-MT (convênio FUNASA; Plano de Mobilidade de Rondonópolis - Relatório de Diagnóstico (URB-7.
5107602,Rondonópolis,AME-01,Ameaças,"Proliferação de PCHs e UHEs nos rios formadores da BAP, inclusive na porção mato-grossense",DOCUMENTADO,4 passagem(ns) que nomeiam o município — Notas Técnicas e Resoluções ANA - Nota Técnica 03-2020 - Análise-efeit; Notas Técnicas e Resoluções ANA - Nota Técnica Conjunta nº 1-2020-SPR-; Plano Municipal de Saneamento Básico de Juscimeira-MT (convênio FUNASA
5107602,Rondonópolis,AME-02,Ameaças,UHE Manso alterando vazões do rio Cuiabá e a conexão rio-planície ao menos até Barão de Melgaço,DOCUMENTADO,2 passagem(ns) que nomeiam o município — Notas Técnicas e Resoluções ANA - Nota Técnica 03-2020 - Análise-efeit; PMSB Aprovado - Plano Municipal de Saneamento Básico de Rondonópolis
5107602,Rondonópolis,AME-03,Ameaças,Retenção de sedimentos pelas barragens do planalto e redução prevista do transporte de nutrientes à planície,DOCUMENTADO,2 passagem(ns) que nomeiam o município — Notas Técnicas e Resoluções ANA - Nota Técnica Conjunta nº 1-2020-SPR-; PMSB Aprovado - Plano Municipal de Saneamento Básico de Rondonópolis
5107602,Rondonópolis,AME-04,Ameaças,PCHs alterando vazões subdiárias pela operação em picos (hydropeaking) e a qualidade da água a jusante,DOCUMENTADO,1 passagem(ns) que nomeiam o município — corpus validado dos 36 estudos distintos (36 registros)
5107602,Rondonópolis,AME-05,Ameaças,Hidrovia Paraguai-Paraná: dragagem e aprofundamento do canal do rio Paraguai e porto perto de Cáceres,DOCUMENTADO,3 passagem(ns) que nomeiam o município — Macrologística - Projeto Centro-Oeste Competitivo - Relatório - 04-12-; PMSB Aprovado - Plano Municipal de Saneamento Básico de Rondonópolis; Plano de Mobilidade de Rondonópolis - Relatório de Diagnóstico (URB-7.
5107602,Rondonópolis,AME-06,Ameaças,"Assoreamento dos reservatórios de hidrelétricas, encurtando a vida útil e exigindo dragagem",DOCUMENTADO,7 passagem(ns) que nomeiam o município — PMSB Aprovado - Plano Municipal de Saneamento Básico de Rondonópolis
5107602,Rondonópolis,AME-07,Ameaças,Incentivos PROINFA/BNDES e discurso de 'energia limpa' legitimando PCHs na BAP,DOCUMENTADO,1 passagem(ns) que nomeiam o município — Plano de Mobilidade de Rondonópolis - Relatório de Diagnóstico (URB-7.
5107602,Rondonópolis,AME-08,Ameaças,"Rodovias associadas a atropelamento de fauna e a desmatamento no entorno, com risco maior previsto com a pavimentação",DOCUMENTADO,3 passagem(ns) que nomeiam o município — Estudo Técnico Preliminar - CPE 11/2026 - duplicação do Anel Viário de; Plano Municipal de Saneamento Básico de Juscimeira-MT (convênio FUNASA; Projeto executivo - Volume 1 (Relatório do projeto) - Lote 1 - Anel Vi
5107602,Rondonópolis,AME-09,Ameaças,Águas baixas interrompendo a navegação no rio Paraguai e sobrecarregando a BR-262,DOCUMENTADO,2 passagem(ns) que nomeiam o município — PMSB Aprovado - Plano Municipal de Saneamento Básico de Rondonópolis
5107602,Rondonópolis,AME-10,Ameaças,Oposição majoritária da população da BAP mato-grossense à Hidrovia Paraguai-Paraná,DOCUMENTADO,1 passagem(ns) que nomeiam o município — Plano de Mobilidade de Rondonópolis - Relatório de Diagnóstico (URB-7.
5107800,Santo Antônio do Leverger,FOR-01,Forças,Segmento pavimentado da BR-262 entre Anastácio e Corumbá (MS) como rota turística e comercial,NÃO AVALIADO,"Item não inferível — critério: regra 2 — refere-se a um segmento rodoviário determinado (BR-262 entre Anastácio e Corumbá, MS)"
5107800,Santo Antônio do Leverger,FOR-02,Forças,PCHs em operação com baixo comprometimento da qualidade da água e pouco efeito no transporte de nutrientes,DOCUMENTADO,1 passagem(ns) que nomeiam o município — Plano Municipal de Saneamento Básico de Santo Antônio de Leverger-MT (
5107800,Santo Antônio do Leverger,FOR-03,Forças,Navegação de pequeno porte no Pantanal e acesso fluvial a comunidades ribeirinhas nos rios Paraguai e Taquari (MS),REGIONAL,1 fonte(s) de escala supramunicipal que cobrem o município — Terminal Portuário Paratudal (Proc. SEMA 677928/2017) – EIA - Volume 5 — critério: a fonte cobre o município mas não o nomeia neste ponto: vale com ressalva de escala
5107800,Santo Antônio do Leverger,FOR-05,Forças,Transpantaneira como principal via de acesso ao Pantanal a partir de Poconé (MT),DOCUMENTADO,6 passagem(ns) que nomeiam o município — Lei Complementar Estadual nº 609/2018 - Institui o Plano Diretor de De; Plano Municipal de Saneamento Básico de Barão de Melgaço-MT (convênio ; Plano Municipal de Saneamento Básico de Nossa Senhora do Livramento-MT
5107800,Santo Antônio do Leverger,FOR-06,Forças,"Regulação da vazão pelo reservatório de Manso, com Cuiabá e Várzea Grande como alvos do controle de cheias",DOCUMENTADO,2 passagem(ns) que nomeiam o município — Notas Técnicas e Resoluções ANA - Nota Técnica 03-2020 - Análise-efeit; Plano Municipal de Saneamento Básico de Santo Antônio de Leverger-MT (
5107800,Santo Antônio do Leverger,FOR-07,Forças,Capacidade instalada de geração hidrelétrica e termoelétrica na Bacia do Alto Paraguai por volta de 2010-2011,REGIONAL,3 fonte(s) de escala supramunicipal que cobrem o município — Notas Técnicas e Resoluções ANA - Nota Técnica 03-2020 - Análise-efeit; Notas Técnicas e Resoluções ANA - Nota Técnica Conjunta nº 1-2020-SPR-; PRH-Rio-Paraguai - Relatório de Diagnóstico Final de Socioeconomia e E — critério: a fonte cobre o município mas não o nomeia neste ponto: vale com ressalva de escala
5107800,Santo Antônio do Leverger,FOR-08,Forças,Pontes e bueiros existentes na BR-262 entre Anastácio e Corumbá (MS) parcial ou totalmente aptos ao uso pela fauna,REGIONAL,1 fonte(s) de escala supramunicipal que cobrem o município — Terminal Portuário Paratudal (Proc. SEMA 677928/2017) – EIA - Volume 5 — critério: a fonte cobre o município mas não o nomeia neste ponto: vale com ressalva de escala
5107800,Santo Antônio do Leverger,FOR-09,Forças,Estrada-Parque Pantanal (MS) no escoamento do gado leiloado por caminhões boiadeiros,REGIONAL,1 fonte(s) de escala supramunicipal que cobrem o município — Terminal Portuário Paratudal (Proc. SEMA 677928/2017) – EIA - Volume 5 — critério: a fonte cobre o município mas não o nomeia neste ponto: vale com ressalva de escala
5107800,Santo Antônio do Leverger,OPO-01,Oportunidades,"Universalização elétrica de áreas isoladas (Luz para Todos, REN 488/2012)",NÃO AVALIADO,"Sem fonte direta, sem cobertura territorial e sem par documentado no mesmo grupo de infraestrutura (e na mesma posição no bioma, nos itens que dependem da planície)"
5107800,Santo Antônio do Leverger,OPO-02,Oportunidades,Sistemas fotovoltaicos isolados como alternativa de eletrificação de áreas remotas do Pantanal,NÃO AVALIADO,"Sem fonte direta, sem cobertura territorial e sem par documentado no mesmo grupo de infraestrutura (e na mesma posição no bioma, nos itens que dependem da planície)"
5107800,Santo Antônio do Leverger,OPO-03,Oportunidades,Hidrovia Paraguai-Paraná como rota de exportação da soja de Mato Grosso,REGIONAL,1 fonte(s) de escala supramunicipal que cobrem o município — Terminal Portuário Paratudal (Proc. SEMA 677928/2017) – EIA - Volume 5 — critério: a fonte cobre o município mas não o nomeia neste ponto: vale com ressalva de escala
5107800,Santo Antônio do Leverger,OPO-04,Oportunidades,Estudo da ANA e planejamento hidrelétrico em escala de bacia na RH Paraguai,REGIONAL,1 fonte(s) de escala supramunicipal que cobrem o município — Notas Técnicas e Resoluções ANA - Nota Técnica 03-2020 - Análise-efeit — critério: a fonte cobre o município mas não o nomeia neste ponto: vale com ressalva de escala
5107800,Santo Antônio do Leverger,OPO-05,Oportunidades,"Mitigação de atropelamentos: passagens de fauna, cercas-guia e velocidade sazonal",REGIONAL,1 fonte(s) de escala supramunicipal que cobrem o município — Terminal Portuário Paratudal (Proc. SEMA 677928/2017) – EIA - Volume 5 — critério: a fonte cobre o município mas não o nomeia neste ponto: vale com ressalva de escala
5107800,Santo Antônio do Leverger,OPO-06,Oportunidades,"Novas barragens em rios já barrados e tributários menores, e recomendação de não barrar quatro rios livres do planalto",DOCUMENTADO,4 passagem(ns) que nomeiam o município — Terminal Portuário Paratudal (Proc. SEMA 677928/2017) – EIA - Volume 5
5107800,Santo Antônio do Leverger,OPO-07,Oportunidades,Regras operativas de barragens que preservem a variabilidade de vazões (proposta de estudo para a UHE Manso),NÃO AVALIADO,Item não inferível — critério: regra 2 — refere-se às regras operativas de uma barragem determinada (UHE Manso)
5107800,Santo Antônio do Leverger,OPO-08,Oportunidades,Modernização portuária de Cáceres (MT) no projeto da hidrovia Paraguai-Paraná,REGIONAL,1 fonte(s) de escala supramunicipal que cobrem o município — Terminal Portuário Paratudal (Proc. SEMA 677928/2017) – EIA - Volume 5 — critério: a fonte cobre o município mas não o nomeia neste ponto: vale com ressalva de escala
5107800,Santo Antônio do Leverger,OPO-09,Oportunidades,Transporte multimodal ferrovia-rodovia como alternativa à hidrovia no Pantanal,DOCUMENTADO,2 passagem(ns) que nomeiam o município — Caderno do PDDI - Plano Diretor de Desenvolvimento Integrado da Região; Lei Complementar Estadual nº 609/2018 - Institui o Plano Diretor de De
5107800,Santo Antônio do Leverger,FRA-01,Fraquezas,Transpantaneira quase intransitável na estação chuvosa e acesso à Estrada-Parque Pantanal comprometido nas cheias,NÃO AVALIADO,Item não inferível — critério: regra 2 — refere-se a vias determinadas (Transpantaneira e Estrada-Parque Pantanal)
5107800,Santo Antônio do Leverger,FRA-02,Fraquezas,"Localidades e fazendas fora da rede elétrica, dependentes de geradores a diesel",NÃO AVALIADO,"Sem fonte direta, sem cobertura territorial e sem par documentado no mesmo grupo de infraestrutura (e na mesma posição no bioma, nos itens que dependem da planície)"
5107800,Santo Antônio do Leverger,FRA-03,Fraquezas,"Cheia, áreas de preservação e acesso restrito dificultam a extensão da rede elétrica e a manutenção de sistemas isolados",REGIONAL,1 fonte(s) de escala supramunicipal que cobrem o município — Plano Municipal de Saneamento Básico de Poconé-MT (convênio FUNASA/UFM — critério: a fonte cobre o município mas não o nomeia neste ponto: vale com ressalva de escala
5107800,Santo Antônio do Leverger,FRA-04,Fraquezas,Canal raso e sinuoso no tramo Cáceres–Corumbá do rio Paraguai e projeto de hidrovia sob paralisação judicial em 2020,REGIONAL,1 fonte(s) de escala supramunicipal que cobrem o município — Terminal Portuário Paratudal (Proc. SEMA 677928/2017) – EIA - Volume 5 — critério: a fonte cobre o município mas não o nomeia neste ponto: vale com ressalva de escala
5107800,Santo Antônio do Leverger,FRA-05,Fraquezas,Estradas não pavimentadas e pontes de madeira de manutenção onerosa no Pantanal-MS,DOCUMENTADO,7 passagem(ns) que nomeiam o município — Plano Municipal de Saneamento Básico de Santo Antônio de Leverger-MT (
5107800,Santo Antônio do Leverger,FRA-06,Fraquezas,"Hidrelétricas na Bacia do Alto Paraguai sem planejamento de bacia, com EIAs de horizonte curto ou dispensados",REGIONAL,1 fonte(s) de escala supramunicipal que cobrem o município — Notas Técnicas e Resoluções ANA - Nota Técnica Conjunta nº 1-2020-SPR- — critério: a fonte cobre o município mas não o nomeia neste ponto: vale com ressalva de escala
5107800,Santo Antônio do Leverger,FRA-07,Fraquezas,"Cercas de fauna com pouca ou nenhuma manutenção e alta mortalidade por atropelamento na BR-262, no Pantanal-MS",NÃO AVALIADO,"Item não inferível — critério: regra 2 — refere-se às cercas de fauna de um segmento rodoviário determinado (BR-262, MS)"
5107800,Santo Antônio do Leverger,FRA-08,Fraquezas,"Assoreamento acelerado de reservatórios (UHE Itiquira, Ponte de Pedra, PCH São Lourenço)",REGIONAL,1 fonte(s) de escala supramunicipal que cobrem o município — Notas Técnicas e Resoluções ANA - Nota Técnica 03-2020 - Análise-efeit — critério: a fonte cobre o município mas não o nomeia neste ponto: vale com ressalva de escala
5107800,Santo Antônio do Leverger,FRA-09,Fraquezas,Telefonia e internet ausentes ou instáveis no Pantanal-MS,INFERIDO,Similaridade estrutural com município documentado — município de referência: Cáceres — critério: mesmo grupo de infraestrutura (Esgotamento ausente ou incipiente) e mesma posição no bioma (Planície pantaneira)
5107800,Santo Antônio do Leverger,FRA-10,Fraquezas,"Saneamento básico ausente ou inadequado em comunidades ribeirinhas de Corumbá-MS (Passo do Lontra, Porto da Manga)",DOCUMENTADO,77 passagem(ns) que nomeiam o município — Caderno do PDDI - Plano Diretor de Desenvolvimento Integrado da Região; Plano Municipal de Saneamento Básico de Santo Antônio de Leverger-MT (
5107800,Santo Antônio do Leverger,AME-01,Ameaças,"Proliferação de PCHs e UHEs nos rios formadores da BAP, inclusive na porção mato-grossense",DOCUMENTADO,3 passagem(ns) que nomeiam o município — Plano Municipal de Saneamento Básico de Santo Antônio de Leverger-MT (; Terminal Portuário Paratudal (Proc. SEMA 677928/2017) – EIA - Volume 5
5107800,Santo Antônio do Leverger,AME-02,Ameaças,UHE Manso alterando vazões do rio Cuiabá e a conexão rio-planície ao menos até Barão de Melgaço,DOCUMENTADO,2 passagem(ns) que nomeiam o município — Notas Técnicas e Resoluções ANA - Nota Técnica 03-2020 - Análise-efeit; Plano Municipal de Saneamento Básico de Santo Antônio de Leverger-MT (
5107800,Santo Antônio do Leverger,AME-03,Ameaças,Retenção de sedimentos pelas barragens do planalto e redução prevista do transporte de nutrientes à planície,REGIONAL,2 fonte(s) de escala supramunicipal que cobrem o município — Notas Técnicas e Resoluções ANA - Nota Técnica 03-2020 - Análise-efeit; Notas Técnicas e Resoluções ANA - Nota Técnica Conjunta nº 1-2020-SPR- — critério: a fonte cobre o município mas não o nomeia neste ponto: vale com ressalva de escala
5107800,Santo Antônio do Leverger,AME-04,Ameaças,PCHs alterando vazões subdiárias pela operação em picos (hydropeaking) e a qualidade da água a jusante,INFERIDO,Similaridade estrutural com município documentado — município de referência: Cáceres; Itiquira — critério: mesmo grupo de infraestrutura (Esgotamento ausente ou incipiente)
5107800,Santo Antônio do Leverger,AME-05,Ameaças,Hidrovia Paraguai-Paraná: dragagem e aprofundamento do canal do rio Paraguai e porto perto de Cáceres,REGIONAL,1 fonte(s) de escala supramunicipal que cobrem o município — Terminal Portuário Paratudal (Proc. SEMA 677928/2017) – EIA - Volume 5 — critério: a fonte cobre o município mas não o nomeia neste ponto: vale com ressalva de escala
5107800,Santo Antônio do Leverger,AME-06,Ameaças,"Assoreamento dos reservatórios de hidrelétricas, encurtando a vida útil e exigindo dragagem",REGIONAL,2 fonte(s) de escala supramunicipal que cobrem o município — Notas Técnicas e Resoluções ANA - Nota Técnica 03-2020 - Análise-efeit; Terminal Portuário Paratudal (Proc. SEMA 677928/2017) – EIA - Volume 5 — critério: a fonte cobre o município mas não o nomeia neste ponto: vale com ressalva de escala
5107800,Santo Antônio do Leverger,AME-07,Ameaças,Incentivos PROINFA/BNDES e discurso de 'energia limpa' legitimando PCHs na BAP,REGIONAL,3 fonte(s) de escala supramunicipal que cobrem o município — PRH-Rio-Paraguai - Relatório de Diagnóstico Final de Socioeconomia e E; Plano Municipal de Saneamento Básico de Juscimeira-MT (convênio FUNASA; Plano Municipal de Saneamento Básico de Nossa Senhora do Livramento-MT — critério: a fonte cobre o município mas não o nomeia neste ponto: vale com ressalva de escala
5107800,Santo Antônio do Leverger,AME-08,Ameaças,"Rodovias associadas a atropelamento de fauna e a desmatamento no entorno, com risco maior previsto com a pavimentação",DOCUMENTADO,1 passagem(ns) que nomeiam o município — Plano Municipal de Saneamento Básico de Santo Antônio de Leverger-MT (
5107800,Santo Antônio do Leverger,AME-09,Ameaças,Águas baixas interrompendo a navegação no rio Paraguai e sobrecarregando a BR-262,NÃO AVALIADO,Item não inferível — critério: regra 2 — refere-se a um rio e a uma rodovia determinados (rio Paraguai e BR-262)
5107800,Santo Antônio do Leverger,AME-10,Ameaças,Oposição majoritária da população da BAP mato-grossense à Hidrovia Paraguai-Paraná,REGIONAL,1 fonte(s) de escala supramunicipal que cobrem o município — Terminal Portuário Paratudal (Proc. SEMA 677928/2017) – EIA - Volume 5 — critério: a fonte cobre o município mas não o nomeia neste ponto: vale com ressalva de escala
