id_municipio,municipio,grupo,pantanal_norte,ano,pam_valor_producao_brl,pam_area_colhida_ha,pam_n_produtos,rebanho_bovino,rebanho_total,ppm_valor_producao_brl,pevs_valor_brl,pesca_valor_brl,vbp_agro_total_brl,vbp_real_brl,sh_lavoura_vbp_pct,sh_pecuaria_vbp_pct,sh_florestal_vbp_pct,sh_pesca_vbp_pct,hhi_vbp,diversificacao_vbp,tipologia_agro,part_vbp_mt,area_colhida_por_hab,rebanho_bovino_por_1000_hab,sh_bovinos_rebanho_pct,produtividade_terra,vbp_var_pct,cagr_vbp_real,vbp_por_trabalhador_agro
5101605,Barão de Melgaço,pantanal_norte,TRUE,2000,3404,1842,72,139520,173521,418,35,,3857,,88.26,10.84,0.91,0,0.7908,0.2789,Lavoura,0.0494,239.78,18161.94,80.41,,,-3.33,
5101605,Barão de Melgaço,pantanal_norte,TRUE,2001,1920,1434,72,129529,162789,504,42,,2466,,77.86,20.44,1.7,0,0.6483,0.4689,Lavoura,0.0279,193.65,17492.1,79.57,,,-3.33,
5101605,Barão de Melgaço,pantanal_norte,TRUE,2002,4050,1498,72,136114,163428,478,56,,4584,22168.08,88.35,10.43,1.22,0,0.7916,0.2779,Lavoura,0.0352,207.36,18841.92,83.29,14.79,,-3.33,
5101605,Barão de Melgaço,pantanal_norte,TRUE,2003,4878,1818,72,155828,182487,484,69,,5431,23020.35,89.82,8.91,1.27,0,0.8149,0.2468,Lavoura,0.0261,259.27,22223.05,85.39,12.65,3.84,-3.33,
5101605,Barão de Melgaço,pantanal_norte,TRUE,2004,2204,1214,72,153520,180525,492,106,,2802,11022.36,78.66,17.56,3.78,0,0.651,0.4653,Lavoura,0.0093,184.89,23381.05,85.04,9.09,-52.12,-3.33,
5101605,Barão de Melgaço,pantanal_norte,TRUE,2005,2650,794,72,148390,175666,541,133,,3324,12171.29,79.72,16.28,4,0,0.6636,0.4485,Lavoura,0.0123,125.65,23483.15,84.47,15.32,10.42,-3.33,
5101605,Barão de Melgaço,pantanal_norte,TRUE,2006,2622,522,72,150251,175819,624,131,,3377,11580.84,77.64,18.48,3.88,0,0.6385,0.482,Lavoura,0.0203,85.94,24736.75,85.46,22.2,-4.85,-3.33,97.32
5101605,Barão de Melgaço,pantanal_norte,TRUE,2007,2864,516,72,153144,182864,776,191,,3831,12342.99,74.76,20.26,4.99,0,0.6024,0.5301,Lavoura,0.0168,67.73,20100.28,83.75,23.93,6.58,-3.33,106.41
5101605,Barão de Melgaço,pantanal_norte,TRUE,2008,2702,522,72,178203,208451,814,187,,3703,10967.76,72.97,21.98,5.05,0,0.5833,0.5556,Lavoura,0.011,66.56,22724.18,85.49,21,-11.14,-3.33,94.54
5101605,Barão de Melgaço,pantanal_norte,TRUE,2009,2344,614,72,173587,202266,802,206,,3352,9251.55,69.93,23.93,6.15,0,0.5501,0.5999,Lavoura,0.01,78.21,22110.18,85.82,15.07,-15.65,-3.33,54.09
5101605,Barão de Melgaço,pantanal_norte,TRUE,2010,2448,538,72,170086,196205,921,254,,3623,9222.66,67.57,25.42,7.01,0,0.5261,0.6319,Lavoura,0.0126,70.87,22406.27,86.69,17.13,-0.31,-3.33,53.61
5101605,Barão de Melgaço,pantanal_norte,TRUE,2011,1710,550,72,168300,194543,1978,285,,3973,9336.9,43.04,49.79,7.17,0,0.4383,0.7489,Pecuário,0.0089,72.51,22188.53,86.51,16.98,1.24,-3.33,48.14
5101605,Barão de Melgaço,pantanal_norte,TRUE,2012,2298,500,72,163719,189858,2274,240,,4812,10476.49,47.76,47.26,4.99,0,0.4539,0.7281,Pecuário,0.009,65.98,21604.51,86.23,20.95,12.21,-3.33,69.85
5101605,Barão de Melgaço,pantanal_norte,TRUE,2013,1490,388,72,149286,163455,2044,104,200,3838,7772.62,38.82,53.26,2.71,5.21,0.4378,0.7496,Pecuário,0.0064,51.29,19733.77,91.33,20.03,-25.81,-3.33,55.93
5101605,Barão de Melgaço,pantanal_norte,TRUE,2014,2270,332,72,144095,157702,2804,109,224,5407,10153.43,41.98,51.86,2.02,4.14,0.4473,0.7369,Pecuário,0.0077,44,19098.08,91.37,30.57,30.63,-3.33,77.51
5101605,Barão de Melgaço,pantanal_norte,TRUE,2015,2678,332,72,160867,175937,2110,163,232,5183,9048.18,51.67,40.71,3.14,4.48,0.4357,0.7524,Pecuário,0.0068,44.11,21374.83,91.43,27.26,-10.89,-3.33,59.92
5101605,Barão de Melgaço,pantanal_norte,TRUE,2016,1320,182,72,171073,188764,2014,117,208,3659,5908.84,36.08,55.04,3.2,5.68,0.4374,0.7501,Pecuário,0.0041,23.08,21693.25,90.63,32.46,-34.7,-3.33,40.47
5101605,Barão de Melgaço,pantanal_norte,TRUE,2017,1628,182,72,177091,198264,3642,103,242,5615,8746.43,28.99,64.86,1.83,4.31,0.5069,0.6575,Pecuário,0.0063,23.12,22496.32,89.32,48.06,48.02,-3.33,68.86
5101605,Barão de Melgaço,pantanal_norte,TRUE,2018,664,182,72,182903,200573,1220,111,202,2197,3275.07,30.22,55.53,5.05,9.19,0.4107,0.7857,Pecuário,0.0021,21.25,21359.69,91.19,18,-62.56,-3.33,25.38
5101605,Barão de Melgaço,pantanal_norte,TRUE,2019,1520,182,72,198177,222527,1463,78,276,3337,4772.87,45.55,43.84,2.34,8.27,0.4071,0.7905,Pecuário,0.0028,21.25,23140.71,89.06,26.22,45.73,-3.33,40.45
5101605,Barão de Melgaço,pantanal_norte,TRUE,2020,2872,204,72,179127,204272,1470,79,276,4697,6309.67,61.15,31.3,1.68,5.88,0.4756,0.6992,Lavoura,0.0029,24.99,21941.08,87.69,30.93,32.2,-3.33,58.98
5101605,Barão de Melgaço,pantanal_norte,TRUE,2021,4992,204,72,191578,214792,1465,77,266,6800,8080.43,73.41,21.54,1.13,3.91,0.587,0.5507,Lavoura,0.0022,24.98,23463.32,89.19,39.61,28.06,-3.33,40.6
5101605,Barão de Melgaço,pantanal_norte,TRUE,2022,3890,276,72,206764,230150,1509,74,272,5745,6287.88,67.71,26.27,1.29,4.73,0.5299,0.6268,Lavoura,0.0016,38.05,28507.38,89.84,22.78,-22.18,-3.33,25.76
5101605,Barão de Melgaço,pantanal_norte,TRUE,2023,5366,276,72,222413,241010,3086,73,289.99,8814.99,9174.62,60.87,35.01,0.83,3.29,0.4942,0.6744,Lavoura,0.0028,38.05,30664.97,92.28,33.25,45.91,-3.33,39.38
5101605,Barão de Melgaço,pantanal_norte,TRUE,2024,7054,354,72,231068,244857,2444,164,850,10512,10512,67.1,23.25,1.56,8.09,0.5111,0.6519,Lavoura,0.0042,49.14,32074.96,94.37,29.71,14.58,-3.33,48.67
5103437,Curvelândia,pantanal_norte,TRUE,2000,0,0,72,,,,,,0,,,,,,,,Diversificado,0,,,,,,8.49,
5103437,Curvelândia,pantanal_norte,TRUE,2001,1292,1624,72,33904,47507,234,45,,1571,,82.24,14.89,2.86,0,0.6993,0.4009,Lavoura,0.0177,353.74,7384.88,71.37,,,8.49,
5103437,Curvelândia,pantanal_norte,TRUE,2002,1828,1574,72,37650,51791,269,63,,2160,10445.68,84.63,12.45,2.92,0,0.7326,0.3565,Lavoura,0.0166,338.49,8096.77,72.7,6.64,,8.49,
5103437,Curvelândia,pantanal_norte,TRUE,2003,3362,1676,72,51321,66018,363,66,,3791,16068.88,88.68,9.58,1.74,0,0.7959,0.2721,Lavoura,0.0182,355.91,10898.49,77.74,9.6,53.83,8.49,
5103437,Curvelândia,pantanal_norte,TRUE,2004,3278,1760,72,51483,67316,951,92,,4321,16997.72,75.86,22.01,2.13,0,0.6244,0.5008,Lavoura,0.0143,364.31,10656.8,76.48,9.65,5.78,8.49,
5103437,Curvelândia,pantanal_norte,TRUE,2005,4410,2446,72,50206,65765,1255,154,,5819,21307.09,75.79,21.57,2.65,0,0.6216,0.5045,Lavoura,0.0215,499.18,10246.12,76.34,8.71,25.35,8.49,
5103437,Curvelândia,pantanal_norte,TRUE,2006,6390,2206,72,49302,64310,1162,128,,7680,26337.24,83.2,15.13,1.67,0,0.7154,0.3795,Lavoura,0.0462,444.13,9925.91,76.66,11.94,23.61,8.49,823.04
5103437,Curvelândia,pantanal_norte,TRUE,2007,3508,1282,72,49628,61434,1339,248,,5095,16415.41,68.85,26.28,4.87,0,0.5455,0.606,Lavoura,0.0224,265.15,10264.32,80.78,12.8,-37.67,8.49,1641.55
5103437,Curvelândia,pantanal_norte,TRUE,2008,8478,3164,72,43998,58475,1496,290,,10264,30400.53,82.6,14.58,2.83,0,0.7043,0.3943,Lavoura,0.0305,633.56,8810.17,75.24,9.6,85.2,8.49,2533.37
5103437,Curvelândia,pantanal_norte,TRUE,2009,9218,3236,72,45930,61575,1734,668,,11620,32071.3,79.33,14.92,5.75,0,0.6549,0.4601,Lavoura,0.0346,642.19,9114.9,74.59,9.9,5.5,8.49,1187.82
5103437,Curvelândia,pantanal_norte,TRUE,2010,9494,3250,72,49691,65848,1729,560,,11783,29994.64,80.57,14.67,4.75,0,0.6729,0.4361,Lavoura,0.041,667.9,10211.88,75.46,9.24,-6.48,8.49,3332.73
5103437,Curvelândia,pantanal_norte,TRUE,2011,11186,3250,72,49219,65179,1888,635,,13709,32217.39,81.6,13.77,4.63,0,0.687,0.4173,Lavoura,0.0308,664.21,10059.06,75.51,9.9,7.41,8.49,976.28
5103437,Curvelândia,pantanal_norte,TRUE,2012,23468,5916,72,47060,62583,1672,672,,25812,56196.76,90.92,6.48,2.6,0,0.8315,0.2247,Lavoura,0.0481,1202.93,9568.93,75.2,9.5,74.43,8.49,4322.84
5103437,Curvelândia,pantanal_norte,TRUE,2013,27380,6562,72,46248,58541,2796,423,15572.01,46171.01,93504.44,59.3,6.06,0.92,33.73,0.4692,0.7077,Pescado-extrativista,0.0768,1322.72,9322.31,79,14.26,66.39,8.49,5844.03
5103437,Curvelândia,pantanal_norte,TRUE,2014,31868,6348,72,54162,65307,2912,543,1509,36832,69164.18,86.52,7.91,1.47,4.1,0.7567,0.3244,Lavoura,0.0523,1273.68,10867.17,82.93,10.9,-26.03,8.49,5320.33
5103437,Curvelândia,pantanal_norte,TRUE,2015,63566,12862,72,57885,69646,3369,1490,1623,70048,122285.78,90.75,4.81,2.13,2.32,0.8269,0.2308,Lavoura,0.0915,2569.32,11563.12,83.11,9.5,76.81,8.49,7193.29
5103437,Curvelândia,pantanal_norte,TRUE,2016,63838,11276,72,61133,79125,2961,510,1102,68411,110475.5,93.32,4.33,0.75,1.61,0.8731,0.1692,Lavoura,0.0759,2242.64,12158.51,77.26,9.8,-9.66,8.49,5021.6
5103437,Curvelândia,pantanal_norte,TRUE,2017,55102,10968,72,60909,82026,3616,476,2580,61774,96224.78,89.2,5.85,0.77,4.18,0.8009,0.2655,Lavoura,0.0691,2172.31,12063.58,74.26,8.78,-12.9,8.49,3436.59
5103437,Curvelândia,pantanal_norte,TRUE,2018,54862,11406,72,64311,69513,2476,542,760,58640,87414.94,93.56,4.22,0.92,1.3,0.8774,0.1635,Lavoura,0.0569,2196.84,12386.56,92.52,7.66,-9.16,8.49,2819.85
5103437,Curvelândia,pantanal_norte,TRUE,2019,66864,8700,72,61752,70296,2944,300,760,70868,101361.52,94.35,4.15,0.42,1.07,0.892,0.144,Lavoura,0.0593,1666.99,11832.15,87.85,11.66,15.95,8.49,3378.71
5103437,Curvelândia,pantanal_norte,TRUE,2020,58362,8736,72,64994,74005,3556,329,642,62889,84481.2,92.8,5.65,0.52,1.02,0.8645,0.1807,Lavoura,0.0389,1666.86,12401.07,87.82,9.67,-16.65,8.49,3128.93
5103437,Curvelândia,pantanal_norte,TRUE,2021,62192,8736,72,59927,71107,5026,330,631,68179,81016.97,91.22,7.37,0.48,0.93,0.8377,0.2164,Lavoura,0.0222,1658.63,11377.82,84.28,9.27,-4.1,8.49,3000.63
5103437,Curvelândia,pantanal_norte,TRUE,2022,73930,8736,72,70091,74670,5262,304,680,80176,87752.38,92.21,6.56,0.38,0.85,0.8547,0.1937,Lavoura,0.0226,1781.77,14295.53,93.87,10.06,8.31,8.49,1235.96
5103437,Curvelândia,pantanal_norte,TRUE,2023,39714,3468,72,65354,79285,10100,296,615,50725,52794.41,78.29,19.91,0.58,1.21,0.6528,0.4629,Lavoura,0.0161,707.32,13329.39,82.43,15.22,-39.84,8.49,676.85
5103437,Curvelândia,pantanal_norte,TRUE,2024,51636,4766,72,63435,77330,10376,284,433,62729,62728.99,82.32,16.54,0.45,0.69,0.7051,0.3932,Lavoura,0.0252,959.53,12771.29,82.03,13.16,18.82,8.49,765
5102504,Cáceres,pantanal_norte,TRUE,2000,23574,25612,72,636517,798365,4224,703,,28501,,82.71,14.82,2.47,0,0.7067,0.3911,Lavoura,0.3653,298.31,7413.69,79.73,,,3.44,
5102504,Cáceres,pantanal_norte,TRUE,2001,20212,22384,72,710000,877277,4523,532,,25267,,79.99,17.9,2.11,0,0.6723,0.4369,Lavoura,0.2854,269.71,8555.04,80.93,,,3.44,
5102504,Cáceres,pantanal_norte,TRUE,2002,21556,18696,72,735756,909728,5266,1561,,28383,137259.3,75.95,18.55,5.5,0,0.6143,0.5143,Lavoura,0.2182,222.27,8747.02,80.88,7.33,,3.44,
5102504,Cáceres,pantanal_norte,TRUE,2003,29312,17498,72,892348,1074592,7150,803,,37265,157954.94,78.66,19.19,2.15,0,0.656,0.4587,Lavoura,0.1792,205.2,10464.48,83.04,9.04,15.08,3.44,
5102504,Cáceres,pantanal_norte,TRUE,2004,44076,29824,72,943577,1135062,10218,1355,,55649,218909.02,79.2,18.36,2.43,0,0.6616,0.4512,Lavoura,0.184,340.04,10758.16,83.13,7.33,38.59,3.44,
5102504,Cáceres,pantanal_norte,TRUE,2005,46664,33244,72,995076,1191112,10527,1724,,58915,215725.46,79.21,17.87,2.93,0,0.6602,0.4531,Lavoura,0.2179,373.3,11173.85,83.54,6.49,-1.45,3.44,
5102504,Cáceres,pantanal_norte,TRUE,2006,44426,30128,72,932083,1117849,8668,1238,,54332,186322.18,81.77,15.95,2.28,0,0.6946,0.4072,Lavoura,0.3271,333.31,10311.68,83.38,6.19,-13.63,3.44,145.33
5102504,Cáceres,pantanal_norte,TRUE,2007,39744,26552,72,832292,917670,8499,1691,,49934,160880.81,79.59,17.02,3.39,0,0.6636,0.4485,Lavoura,0.2196,315.44,9887.64,90.7,6.06,-13.65,3.44,122.44
5102504,Cáceres,pantanal_norte,TRUE,2008,46500,25094,72,823804,913742,11365,3156,,61021,180735.72,76.2,18.62,5.17,0,0.618,0.5093,Lavoura,0.1813,289.08,9490.28,90.16,7.2,12.34,3.44,122.62
5102504,Cáceres,pantanal_norte,TRUE,2009,60006,29054,72,794858,889120,13061,6184,,79251,218733.42,75.72,16.48,7.8,0,0.6066,0.5245,Lavoura,0.2361,332.96,9108.97,89.4,7.53,21.02,3.44,145.73
5102504,Cáceres,pantanal_norte,TRUE,2010,63726,26992,72,883259,978590,12834,2423,,78983,201058.02,80.68,16.25,3.07,0,0.6783,0.4289,Lavoura,0.2746,306.93,10043.65,90.26,7.46,-8.08,3.44,124.89
5102504,Cáceres,pantanal_norte,TRUE,2011,62330,29408,72,887323,981524,16799,2601,,81730,192072.97,76.26,20.55,3.18,0,0.6248,0.5003,Lavoura,0.1834,332.56,10034.41,90.4,6.54,-4.47,3.44,107.25
5102504,Cáceres,pantanal_norte,TRUE,2012,78924,25016,72,920179,1012699,11009,2815,,92748,201926.93,85.1,11.87,3.04,0,0.7392,0.3477,Lavoura,0.1728,281.4,10351.07,90.86,8.07,5.13,3.44,117
5102504,Cáceres,pantanal_norte,TRUE,2013,83190,26562,72,980953,1057385,8921,4610,7162,103883,210381.41,80.08,8.59,4.44,6.89,0.6554,0.4595,Lavoura,0.1729,296.18,10938,92.77,7.92,4.19,3.44,115.04
5102504,Cáceres,pantanal_norte,TRUE,2014,95334,23992,72,1024196,1115864,9860,5129,4199,114522,215052.66,83.25,8.61,4.48,3.67,0.7038,0.3949,Lavoura,0.1625,266.26,11366.57,91.79,8.96,2.22,3.44,119.29
5102504,Cáceres,pantanal_norte,TRUE,2015,64516,18188,72,1083531,1177853,11208,4265,3125.99,83114.99,145097.38,77.62,13.48,5.13,3.76,0.6247,0.5004,Lavoura,0.1086,200.93,11970.34,91.99,7.97,-32.53,3.44,75.65
5102504,Cáceres,pantanal_norte,TRUE,2016,66926,21000,72,1113134,1216649,10719,10304,3965.99,91914.99,148431.62,72.81,11.66,11.21,4.31,0.5581,0.5892,Lavoura,0.1019,231.07,12248.26,91.49,7.08,2.3,3.44,76.9
5102504,Cáceres,pantanal_norte,TRUE,2017,75648,22136,72,1073531,1187234,14403,10905,5272,106228,165470.37,71.21,13.56,10.27,4.96,0.5385,0.6153,Lavoura,0.1188,242.53,11762.02,90.42,7.48,11.48,3.44,85.66
5102504,Cáceres,pantanal_norte,TRUE,2018,117596,26554,72,1096403,1224804,13926,7076,4843,143441,213828.21,81.98,9.71,4.93,3.38,0.6851,0.4199,Lavoura,0.1392,282.84,11678.52,89.52,8.04,29.22,3.44,110.33
5102504,Cáceres,pantanal_norte,TRUE,2019,129588,31884,72,1113131,1248852,15078,10661,4011.99,159338.99,227900.33,81.33,9.46,6.69,2.52,0.6755,0.4327,Lavoura,0.1333,337.84,11794.64,89.13,7.15,6.58,3.44,114.3
5102504,Cáceres,pantanal_norte,TRUE,2020,151864,34668,72,1125557,1254469,15907,7053,5880,180704,242746.62,84.04,8.8,3.9,3.25,0.7166,0.3779,Lavoura,0.1118,365.46,11865.33,89.72,7,6.51,3.44,125.7
5102504,Cáceres,pantanal_norte,TRUE,2021,180334,23588,72,1161605,1292947,21021,27121,5096,233572,277553.11,77.21,9,11.61,2.18,0.6182,0.5091,Lavoura,0.076,247.41,12183.94,89.84,11.76,14.34,3.44,138.35
5102504,Cáceres,pantanal_norte,TRUE,2022,332132,36468,72,1274041,1397321,20095,23075,4334,379636,415510.38,87.49,5.29,6.08,1.14,0.7721,0.3039,Lavoura,0.1072,406.64,14206.36,91.18,11.4,49.7,3.44,176.43
5102504,Cáceres,pantanal_norte,TRUE,2023,292584,37460,72,1399931,1512495,48080,28002,3480,372146,387328.37,78.62,12.92,7.52,0.94,0.6405,0.4793,Lavoura,0.1183,417.7,15610.12,92.56,10.34,-6.78,3.44,164.55
5102504,Cáceres,pantanal_norte,TRUE,2024,202142,35282,72,1365224,1454373,39408,42969,4442,288961,288961,69.95,13.64,14.87,1.54,0.5303,0.6263,Lavoura,0.1159,385.07,14899.96,93.87,8.2,-25.4,3.44,122.29
5103957,Glória D'Oeste,pantanal_norte,TRUE,2000,3038,3624,72,71711,87235,1153,71,,4262,,71.28,27.05,1.67,0,0.5815,0.558,Lavoura,0.0546,1078.25,21336.21,82.2,,,7.34,
5103957,Glória D'Oeste,pantanal_norte,TRUE,2001,2602,4516,72,85231,101107,1181,62,,3845,,67.67,30.72,1.61,0,0.5526,0.5965,Lavoura,0.0434,1399.01,26403.66,84.3,,,7.34,
5103957,Glória D'Oeste,pantanal_norte,TRUE,2002,2218,3558,72,91687,108209,1341,87,,3646,17631.95,60.83,36.78,2.39,0,0.5059,0.6588,Lavoura,0.028,1137.83,29321.07,84.73,4.96,,7.34,
5103957,Glória D'Oeste,pantanal_norte,TRUE,2003,5112,3618,72,102114,119379,1710,83,,6905,29268.18,74.03,24.76,1.2,0,0.6095,0.5207,Lavoura,0.0332,1198.41,33823.78,85.54,8.09,66,7.34,
5103957,Glória D'Oeste,pantanal_norte,TRUE,2004,3584,2556,72,107605,125682,2455,100,,6139,24149.26,58.38,39.99,1.63,0,0.501,0.6653,Lavoura,0.0203,915.47,38540.47,85.62,9.44,-17.49,7.34,
5103957,Glória D'Oeste,pantanal_norte,TRUE,2005,3094,2832,72,99977,118532,2574,64,,5732,20988.51,53.98,44.91,1.12,0,0.4932,0.6757,Pecuário,0.0212,1062.27,37500.75,84.35,7.41,-13.09,7.34,
5103957,Glória D'Oeste,pantanal_norte,TRUE,2006,1896,1516,72,87002,103851,2686,52,,4634,15891.51,40.91,57.96,1.12,0,0.5034,0.6621,Pecuário,0.0279,596.62,34239.28,83.78,10.49,-24.28,7.34,407.47
5103957,Glória D'Oeste,pantanal_norte,TRUE,2007,4534,1864,72,89991,119636,3253,70,,7857,25314.22,57.71,41.4,0.89,0,0.5045,0.6607,Pecuário,0.0345,596.67,28806.34,75.22,13.57,59.29,7.34,588.69
5103957,Glória D'Oeste,pantanal_norte,TRUE,2008,4906,2110,72,93342,124739,4007,98,,9011,26689.32,54.44,44.47,1.09,0,0.4942,0.6744,Pecuário,0.0268,658.55,29132.96,74.83,12.65,5.43,7.34,342.18
5103957,Glória D'Oeste,pantanal_norte,TRUE,2009,5048,2090,72,87966,120568,4657,138,,9843,27166.77,51.29,47.31,1.4,0,0.4871,0.6839,Pecuário,0.0293,656.2,27618.84,72.96,13.01,1.79,7.34,460.45
5103957,Glória D'Oeste,pantanal_norte,TRUE,2010,4698,1950,72,100750,134464,4876,113,,9687,24659.09,48.5,50.34,1.17,0,0.4888,0.6816,Pecuário,0.0337,622.01,32137.16,74.93,12.65,-9.23,7.34,417.96
5103957,Glória D'Oeste,pantanal_norte,TRUE,2011,6546,2370,72,102597,135275,5453,114,,12113,28466.65,54.04,45.02,0.94,0,0.4948,0.6736,Pecuário,0.0272,760.1,32904.75,75.84,12.02,15.44,7.34,342.97
5103957,Glória D'Oeste,pantanal_norte,TRUE,2012,8116,1844,72,102298,135170,2769,116,,11001,23950.91,73.78,25.17,1.05,0,0.6078,0.5229,Lavoura,0.0205,594.65,32988.71,75.68,12.98,-15.86,7.34,295.7
5103957,Glória D'Oeste,pantanal_norte,TRUE,2013,15100,3348,72,103684,109019,1857,2926,633,20516,41548.52,73.6,9.05,14.26,3.09,0.5712,0.5717,Lavoura,0.0341,1089.84,33751.3,95.11,12.42,73.47,7.34,500.59
5103957,Glória D'Oeste,pantanal_norte,TRUE,2014,15328,2848,72,107830,114485,1937,394,1661,19320,36279.64,79.34,10.03,2.04,8.6,0.6474,0.4701,Lavoura,0.0274,934.69,35388.91,94.19,12.73,-12.68,7.34,459.22
5103957,Glória D'Oeste,pantanal_norte,TRUE,2015,30126,5780,72,107268,114628,1979,260,1563.99,33928.99,59231.28,88.79,5.83,0.77,4.61,0.7939,0.2748,Lavoura,0.0443,1912.01,35483.96,93.58,10.26,63.26,7.34,636.91
5103957,Glória D'Oeste,pantanal_norte,TRUE,2016,25126,4098,72,110923,118645,1498,517,1310,28451,45944.93,88.31,5.27,1.82,4.6,0.7851,0.2865,Lavoura,0.0316,1372.4,37147.69,93.49,11.2,-22.43,7.34,433.44
5103957,Glória D'Oeste,pantanal_norte,TRUE,2017,21792,4330,72,102879,109362,1340,604,2720,26456,41210.26,82.37,5.07,2.28,10.28,0.6921,0.4105,Lavoura,0.0296,1460.86,34709.51,94.07,9.52,-10.31,7.34,429.26
5103957,Glória D'Oeste,pantanal_norte,TRUE,2018,20664,3890,72,102536,109604,1209,5653,1820.99,29346.99,43747.7,70.41,4.12,19.26,6.21,0.5384,0.6155,Lavoura,0.0285,1277.5,33673.56,93.55,11.25,6.16,7.34,361.55
5103957,Glória D'Oeste,pantanal_norte,TRUE,2019,37294,5032,72,102576,109766,1201,1098,1820.99,41413.99,59233.85,90.05,2.9,2.65,4.4,0.8144,0.2475,Lavoura,0.0347,1662.92,33898.22,93.45,11.76,35.4,7.34,442.04
5103957,Glória D'Oeste,pantanal_norte,TRUE,2020,32622,5162,72,102910,109789,960,729,1762,36073,48458.26,90.43,2.66,2.02,4.88,0.8213,0.2383,Lavoura,0.0223,1716.09,34212.1,93.73,9.39,-18.19,7.34,479.79
5103957,Glória D'Oeste,pantanal_norte,TRUE,2021,37294,5162,72,101584,107763,1509,3500,1587.99,43890.99,52155.57,84.97,3.44,7.97,3.62,0.7308,0.3589,Lavoura,0.0143,1726.42,33974.58,94.27,10.11,7.63,7.34,445.78
5103957,Glória D'Oeste,pantanal_norte,TRUE,2022,44764,5162,72,115532,120986,1439,5287,1320.99,52810.99,57801.45,84.76,2.72,10.01,2.5,0.7298,0.3603,Lavoura,0.0149,1776.94,39770.05,95.49,11.2,10.83,7.34,425.01
5103957,Glória D'Oeste,pantanal_norte,TRUE,2023,57394,6070,72,119729,132402,3842,4047,853,66136,68834.15,86.78,5.81,6.12,1.29,0.7604,0.3195,Lavoura,0.021,2089.5,41214.8,90.43,11.33,19.09,7.34,432.93
5103957,Glória D'Oeste,pantanal_norte,TRUE,2024,71724,7158,72,104908,118195,4124,3081,4842,83771,83771.01,85.62,4.92,3.68,5.78,0.7402,0.3464,Lavoura,0.0336,2469.13,36187.65,88.76,11.71,21.7,7.34,520.32
5104609,Itiquira,pantanal_norte,TRUE,2000,295446,321924,72,269022,300773,1030,211,,296687,,99.58,0.35,0.07,0,0.9916,0.0112,Lavoura,3.8029,34991.74,29241.52,89.44,,,3.23,
5104609,Itiquira,pantanal_norte,TRUE,2001,351722,312028,72,242000,274020,1053,404,,353179,,99.59,0.3,0.11,0,0.9918,0.0109,Lavoura,3.989,33375.55,25885.12,88.31,,,3.23,
5104609,Itiquira,pantanal_norte,TRUE,2002,445300,354836,72,276825,309803,1173,577,,447050,2161919.63,99.61,0.26,0.13,0,0.9922,0.0104,Lavoura,3.4373,37544.81,29290.55,89.36,6.08,,3.23,
5104609,Itiquira,pantanal_norte,TRUE,2003,683090,380084,72,306634,359322,1361,526,,684977,2903408.1,99.72,0.2,0.08,0,0.9944,0.0075,Lavoura,3.2937,39724.5,32047.87,85.34,7.64,34.3,3.23,
5104609,Itiquira,pantanal_norte,TRUE,2004,1114782,483950,72,254261,306541,1815,380,,1116977,4393903.74,99.8,0.16,0.03,0,0.996,0.0053,Lavoura,3.6938,49317.23,25910.63,82.95,9.09,51.34,3.23,
5104609,Itiquira,pantanal_norte,TRUE,2005,652202,512436,72,233092,284196,1954,885,,655041,2398523.6,99.57,0.3,0.14,0,0.9914,0.0115,Lavoura,2.4228,51506.28,23428.69,82.02,4.68,-45.41,3.23,
5104609,Itiquira,pantanal_norte,TRUE,2006,481640,449716,72,216124,267731,1756,834,,484230,1660583.01,99.47,0.36,0.17,0,0.9894,0.0141,Lavoura,2.9151,44601.41,21434.49,80.72,3.69,-30.77,3.23,594.34
5104609,Itiquira,pantanal_norte,TRUE,2007,576730,465096,72,227324,279332,2041,258,,579029,1865555.71,99.6,0.35,0.04,0,0.992,0.0107,Lavoura,2.5459,38251.17,18695.95,81.38,4.02,12.34,3.23,671.3
5104609,Itiquira,pantanal_norte,TRUE,2008,822486,468910,72,246411,299719,2928,944,,826358,2447557.29,99.53,0.35,0.11,0,0.9906,0.0125,Lavoura,2.4553,36991.95,19439.18,82.21,5.22,31.2,3.23,1130.52
5104609,Itiquira,pantanal_norte,TRUE,2009,904862,475260,72,226578,278916,2910,1237,,909009,2508872.36,99.54,0.32,0.14,0,0.9908,0.0123,Lavoura,2.7077,36496.7,17399.63,81.24,5.27,2.51,3.23,1566.1
5104609,Itiquira,pantanal_norte,TRUE,2010,989586,575024,72,233873,282754,2878,1348,,993812,2529833.91,99.57,0.29,0.14,0,0.9914,0.0115,Lavoura,3.4546,50097.93,20375.76,82.71,4.4,0.84,3.23,1521.24
5104609,Itiquira,pantanal_norte,TRUE,2011,1156858,550546,72,215329,259848,3128,1876,,1161862,2730481.79,99.57,0.27,0.16,0,0.9914,0.0115,Lavoura,2.6075,47245,18478.42,82.87,4.96,7.93,3.23,1365.94
5104609,Itiquira,pantanal_norte,TRUE,2012,1491006,636998,72,253432,295656,3627,606,,1495239,3255369.56,99.72,0.24,0.04,0,0.9944,0.0075,Lavoura,2.7863,53882.42,21437.32,85.72,5.12,19.22,3.23,1665.14
5104609,Itiquira,pantanal_norte,TRUE,2013,1631858,704844,72,268525,310737,3368,673,215,1636114,3313419.48,99.74,0.21,0.04,0.01,0.9948,0.0069,Lavoura,2.7231,58208.27,22175.65,86.42,4.71,1.78,3.23,1702.69
5104609,Itiquira,pantanal_norte,TRUE,2014,1700558,597498,72,292461,335411,3542,771,252,1705123,3201928.31,99.73,0.21,0.05,0.01,0.9946,0.0072,Lavoura,2.4195,48604.73,23790.86,87.19,5.37,-3.36,3.23,1794.79
5104609,Itiquira,pantanal_norte,TRUE,2015,1699870,613674,72,324984,378280,3800,317,274,1704261,2975201.04,99.74,0.22,0.02,0.02,0.9948,0.0069,Lavoura,2.2269,49204.14,26057.09,85.91,4.84,-7.08,3.23,1720.77
5104609,Itiquira,pantanal_norte,TRUE,2016,2022218,581508,72,334735,389134,4352,6542,312,2033424,3283734.43,99.45,0.21,0.32,0.02,0.989,0.0147,Lavoura,2.2552,46078.29,26524.17,86.02,5.65,10.37,3.23,1938.44
5104609,Itiquira,pantanal_norte,TRUE,2017,1497056,537492,72,341827,389621,5843,6534,746,1510179,2352391.86,99.13,0.39,0.43,0.05,0.9827,0.0231,Lavoura,1.6883,42027.68,26728.2,87.73,4.38,-28.36,3.23,1220.76
5104609,Itiquira,pantanal_norte,TRUE,2018,1773038,582884,72,345825,394763,6177,6444,318,1785977,2662364.86,99.28,0.35,0.36,0.02,0.9857,0.0191,Lavoura,1.7337,44282,26272.51,87.6,4.56,13.18,3.23,1209.08
5104609,Itiquira,pantanal_norte,TRUE,2019,2602478,592152,72,296220,346807,6781,7475,308,2617042,3743118.78,99.44,0.26,0.29,0.01,0.9888,0.0149,Lavoura,2.1899,44372.57,22197.08,85.41,6.31,40.59,3.23,1781.58
5104609,Itiquira,pantanal_norte,TRUE,2020,2387490,576946,72,336622,392394,7809,7475,306,2403080,3228149.68,99.35,0.32,0.31,0.01,0.9871,0.0172,Lavoura,1.4861,42572.76,24839.29,85.79,5.6,-13.76,3.23,1555.73
5104609,Itiquira,pantanal_norte,TRUE,2021,4785220,573402,72,343263,397414,10086,13573,2041,4810920,5716806.09,99.47,0.21,0.28,0.04,0.9894,0.0141,Lavoura,1.5646,41771.84,25006.41,86.37,9.98,77.09,3.23,2880
5104609,Itiquira,pantanal_norte,TRUE,2022,6076652,664434,72,387583,430758,8740,13965,2478,6101835,6678438.55,99.59,0.14,0.23,0.04,0.9918,0.0109,Lavoura,1.7226,54301.57,31675.63,89.98,10.06,16.82,3.23,2792
5104609,Itiquira,pantanal_norte,TRUE,2023,4648748,702550,72,390608,461437,18996,42166,1682,4711592,4903809.84,98.67,0.4,0.89,0.04,0.9737,0.0351,Lavoura,1.4979,57416.64,31922.85,84.65,6.97,-26.57,3.23,1928.36
5104609,Itiquira,pantanal_norte,TRUE,2024,4283770,792860,72,374428,414770,18326,45202,929,4348227,4348226.99,98.52,0.42,1.04,0.02,0.9707,0.0391,Lavoura,1.7436,63332.53,29908.78,90.27,5.47,-11.33,3.23,1728.22
5105200,Juscimeira,pantanal_norte,TRUE,2000,34878,44824,72,152347,188404,1614,490,,36982,,94.31,4.36,1.32,0,0.8915,0.1447,Lavoura,0.474,3715.83,12629.28,80.86,,,4.74,
5105200,Juscimeira,pantanal_norte,TRUE,2001,38654,46170,72,137160,174250,1655,318,,40627,,95.14,4.07,0.78,0,0.9069,0.1241,Lavoura,0.4589,3785.36,11245.39,78.71,,,4.74,
5105200,Juscimeira,pantanal_norte,TRUE,2002,54208,47252,72,164598,203365,2379,681,,57268,276946.24,94.66,4.15,1.19,0,0.8979,0.1361,Lavoura,0.4403,3842.25,13384.13,80.94,5.85,,4.74,
5105200,Juscimeira,pantanal_norte,TRUE,2003,98000,67266,72,157099,196854,2281,794,,101075,428426.02,96.96,2.26,0.79,0,0.9407,0.0791,Lavoura,0.486,5422.05,12663.15,79.8,6.36,54.7,4.74,
5105200,Juscimeira,pantanal_norte,TRUE,2004,166092,88124,72,154622,193747,2972,719,,169783,667883.18,97.83,1.75,0.42,0,0.9574,0.0568,Lavoura,0.5615,6974.59,12237.59,79.81,7.59,55.89,4.74,
5105200,Juscimeira,pantanal_norte,TRUE,2005,104032,100286,72,150660,188781,2881,771,,107684,394299.92,96.61,2.68,0.72,0,0.9341,0.0879,Lavoura,0.3983,7858.17,11805.36,79.81,3.92,-40.96,4.74,
5105200,Juscimeira,pantanal_norte,TRUE,2006,93566,99352,72,135886,170301,2326,1080,,96972,332548.69,96.49,2.4,1.11,0,0.9317,0.0911,Lavoura,0.5838,7709.47,10544.42,79.79,3.33,-15.66,4.74,1032.77
5105200,Juscimeira,pantanal_norte,TRUE,2007,132252,102872,72,142449,160568,3537,1120,,136909,441102.88,96.6,2.58,0.82,0,0.9339,0.0881,Lavoura,0.602,8695.86,12041.34,88.72,4.28,32.64,4.74,1316.73
5105200,Juscimeira,pantanal_norte,TRUE,2008,166808,98434,72,143810,161895,3327,1085,,171220,507129.78,97.42,1.94,0.63,0,0.9495,0.0673,Lavoura,0.5087,8089.58,11818.7,88.83,5.14,14.97,4.74,1352.34
5105200,Juscimeira,pantanal_norte,TRUE,2009,196454,102384,72,151119,170119,3450,1041,,200945,554609.88,97.77,1.72,0.52,0,0.9562,0.0584,Lavoura,0.5986,8414.2,12419.38,88.83,5.42,9.36,4.74,1362.68
5105200,Juscimeira,pantanal_norte,TRUE,2010,131466,101860,72,154874,177099,4303,850,,136619,347775.41,96.23,3.15,0.62,0,0.9271,0.0972,Lavoura,0.4749,8911.64,13549.78,87.45,3.41,-37.29,4.74,844.12
5105200,Juscimeira,pantanal_norte,TRUE,2011,230428,106986,72,152156,174634,4704,692,,235824,554207.93,97.71,1.99,0.29,0,0.9551,0.0599,Lavoura,0.5292,9399.58,13368.13,87.13,5.17,59.36,4.74,1271.11
5105200,Juscimeira,pantanal_norte,TRUE,2012,271350,104192,72,146950,168665,6203,519,,278072,605406.31,97.58,2.23,0.19,0,0.9527,0.0631,Lavoura,0.5182,9192.06,12964.27,87.13,5.8,9.24,4.74,1299.17
5105200,Juscimeira,pantanal_norte,TRUE,2013,294362,106652,72,164742,175822,6172,4035,504,305073,617826.65,96.49,2.02,1.32,0.17,0.9316,0.0912,Lavoura,0.5077,9478.49,14641.13,93.7,5.8,2.05,4.74,1295.25
5105200,Juscimeira,pantanal_norte,TRUE,2014,308766,103494,72,173320,185482,6486,4910,2091.02,322253.02,605135.86,95.81,2.01,1.52,0.65,0.9186,0.1085,Lavoura,0.4573,9257.89,15504.07,93.44,5.85,-2.05,4.74,1203.04
5105200,Juscimeira,pantanal_norte,TRUE,2015,303494,99624,72,182918,198573,5505,5094,2586,316679,552840.03,95.84,1.74,1.61,0.82,0.9192,0.1077,Lavoura,0.4138,8969.48,16468.71,92.12,5.55,-8.64,4.74,1119.12
5105200,Juscimeira,pantanal_norte,TRUE,2016,311734,90706,72,184747,200531,6738,457,8902,327831,529407.51,95.09,2.06,0.14,2.72,0.9054,0.1261,Lavoura,0.3636,8216.87,16735.85,92.13,5.83,-4.24,4.74,1036.03
5105200,Juscimeira,pantanal_norte,TRUE,2017,267286,88398,72,180973,245789,8335,551,1524.01,277696.01,432564.5,96.25,3,0.2,0.55,0.9273,0.0969,Lavoura,0.3105,8057.42,16495.58,73.63,4.89,-18.29,4.74,844.85
5105200,Juscimeira,pantanal_norte,TRUE,2018,350546,90386,72,175535,241788,9518,521,5463,366048,545669.57,95.77,2.6,0.14,1.49,0.9181,0.1092,Lavoura,0.3553,8016.5,15568.51,72.6,6.03,26.15,4.74,1059.55
5105200,Juscimeira,pantanal_norte,TRUE,2019,389212,91384,72,175382,242807,8657,535,6577.99,404981.99,579240.1,96.11,2.14,0.13,1.62,0.9244,0.1008,Lavoura,0.3389,8144.02,15629.8,72.23,6.34,6.15,4.74,1131.33
5105200,Juscimeira,pantanal_norte,TRUE,2020,531156,99816,72,183507,246591,10111,533,4522.01,546322.01,733895.35,97.22,1.85,0.1,0.83,0.9456,0.0725,Lavoura,0.3379,8931.28,16419.74,74.42,7.36,26.7,4.74,1283.03
5105200,Juscimeira,pantanal_norte,TRUE,2021,932394,100094,72,170825,194253,11404,414,14304,958516,1139002.55,97.27,1.19,0.04,1.49,0.9465,0.0713,Lavoura,0.3117,8998.02,15356.44,87.94,11.38,55.2,4.74,1855.04
5105200,Juscimeira,pantanal_norte,TRUE,2022,1031174,105254,72,186920,211336,10005,378,4339.98,1045896.98,1144730.83,98.59,0.96,0.04,0.41,0.9721,0.0372,Lavoura,0.2953,9168.47,16282.23,88.45,10.87,0.5,4.74,1661.43
5105200,Juscimeira,pantanal_norte,TRUE,2023,711046,100342,72,199668,220226,16904,3463,7788.99,739201.99,769359.05,96.19,2.29,0.47,1.05,0.9259,0.0988,Lavoura,0.235,8740.59,17392.68,90.67,7.66,-32.79,4.74,997.87
5105200,Juscimeira,pantanal_norte,TRUE,2024,733076,124468,72,178540,200948,16034,5037,13696,767843,767843,95.47,2.09,0.66,1.78,0.9122,0.1171,Lavoura,0.3079,10711.53,15364.89,88.85,6.16,-0.2,4.74,968.26
5105234,Lambari D'Oeste,pantanal_norte,TRUE,2000,9688,12138,72,96000,115058,907,130,,10725,,90.33,8.46,1.21,0,0.8233,0.2356,Lavoura,0.1375,2588.06,20469.08,83.44,,,1.71,
5105234,Lambari D'Oeste,pantanal_norte,TRUE,2001,14122,13780,72,115024,134562,1020,92,,15234,,92.7,6.7,0.6,0,0.8639,0.1815,Lavoura,0.1721,3092.46,25813.29,85.48,,,1.71,
5105234,Lambari D'Oeste,pantanal_norte,TRUE,2002,30944,18688,72,112419,132739,1122,142,,32208,155756.87,96.08,3.48,0.44,0,0.9244,0.1008,Lavoura,0.2476,4313.94,25950.83,84.69,8.32,,1.71,
5105234,Lambari D'Oeste,pantanal_norte,TRUE,2003,39858,19408,72,141636,162860,1453,126,,41437,175638.76,96.19,3.51,0.3,0,0.9265,0.098,Lavoura,0.1992,4638.62,33851.82,86.97,9.06,12.76,1.71,
5105234,Lambari D'Oeste,pantanal_norte,TRUE,2004,48338,24136,72,147503,169669,2147,127,,50612,199094.76,95.51,4.24,0.25,0,0.914,0.1147,Lavoura,0.1674,6227.04,38055.47,86.94,8.25,13.35,1.71,
5105234,Lambari D'Oeste,pantanal_norte,TRUE,2005,43526,23350,72,152205,174772,2210,336,,46072,168699.04,94.47,4.8,0.73,0,0.8948,0.1403,Lavoura,0.1704,6304,41092.06,87.09,7.23,-15.27,1.71,
5105234,Lambari D'Oeste,pantanal_norte,TRUE,2006,79432,22510,72,139965,160843,2275,206,,81913,280906.46,96.97,2.78,0.25,0,0.9411,0.0785,Lavoura,0.4931,6367.75,39594.06,87.02,12.47,66.51,1.71,472.92
5105234,Lambari D'Oeste,pantanal_norte,TRUE,2007,65032,26662,72,121704,131082,2549,324,,67905,218781.03,95.77,3.75,0.48,0,0.9186,0.1085,Lavoura,0.2986,5474.74,24990.55,92.85,8.2,-22.12,1.71,517.21
5105234,Lambari D'Oeste,pantanal_norte,TRUE,2008,66254,26168,72,113456,122918,2934,474,,69662,206329.14,95.11,4.21,0.68,0,0.9064,0.1248,Lavoura,0.207,5206.53,22573.82,92.3,7.89,-5.69,1.71,428.07
5105234,Lambari D'Oeste,pantanal_norte,TRUE,2009,78040,27166,72,125421,135083,3566,516,,82122,226657.4,95.03,4.34,0.63,0,0.905,0.1267,Lavoura,0.2446,5368.77,24786.76,92.85,8.35,9.85,1.71,475.18
5105234,Lambari D'Oeste,pantanal_norte,TRUE,2010,75282,24918,72,136214,145840,3611,444,,79337,201959.16,94.89,4.55,0.56,0,0.9025,0.13,Lavoura,0.2758,4588.11,25080.83,93.4,8.09,-10.9,1.71,331.61
5105234,Lambari D'Oeste,pantanal_norte,TRUE,2011,79758,25070,72,137228,146071,3978,653,,84389,198321.85,94.51,4.71,0.77,0,0.8955,0.1393,Lavoura,0.1894,4564.82,24986.89,93.95,7.92,-1.8,1.71,361.91
5105234,Lambari D'Oeste,pantanal_norte,TRUE,2012,88386,20270,72,134034,143383,2957,789,,92132,200585.79,95.93,3.21,0.86,0,0.9214,0.1048,Lavoura,0.1717,3652.25,24150.27,93.48,9.9,1.14,1.71,354.4
5105234,Lambari D'Oeste,pantanal_norte,TRUE,2013,118734,23860,72,125852,131366,3266,695,0,122695,248479.03,96.77,2.66,0.57,0,0.9372,0.0837,Lavoura,0.2042,4225.25,22286.52,95.8,10.41,23.88,1.71,429.16
5105234,Lambari D'Oeste,pantanal_norte,TRUE,2014,114772,23512,72,136430,144087,3543,725,3634,122674,230360.72,93.56,2.89,0.59,2.96,0.8771,0.1639,Lavoura,0.1741,4119.13,23901.54,94.69,9.8,-7.29,1.71,373.97
5105234,Lambari D'Oeste,pantanal_norte,TRUE,2015,115146,23886,72,142010,151581,3782,954,4110,123992,216458.13,92.87,3.05,0.77,3.31,0.8646,0.1805,Lavoura,0.162,4141.84,24624.59,93.69,9.06,-6.04,1.71,373.21
5105234,Lambari D'Oeste,pantanal_norte,TRUE,2016,66496,20294,72,149114,159846,2726,864,1072.01,71158.01,114911.6,93.45,3.83,1.21,1.51,0.8751,0.1665,Lavoura,0.0789,3480.36,25572.63,93.29,5.65,-46.91,1.71,204.46
5105234,Lambari D'Oeste,pantanal_norte,TRUE,2017,84372,20766,72,143711,154732,3136,713,813,89034,138687.45,94.76,3.52,0.8,0.91,0.8993,0.1343,Lavoura,0.0995,3527.43,24411.58,92.88,6.67,20.69,1.71,244.17
5105234,Lambari D'Oeste,pantanal_norte,TRUE,2018,92744,23956,72,155106,166676,2573,2656,1156,99129,147772.11,93.56,2.6,2.68,1.17,0.8769,0.1641,Lavoura,0.0962,3953.79,25599.27,93.06,6.16,6.55,1.71,233.81
5105234,Lambari D'Oeste,pantanal_norte,TRUE,2019,150778,21750,72,163754,175814,2566,1760,1252,156356,223633.8,96.43,1.64,1.13,0.8,0.9303,0.0929,Lavoura,0.1308,3553.34,26752.82,93.14,10.28,51.34,1.71,390.29
5105234,Lambari D'Oeste,pantanal_norte,TRUE,2020,125300,22900,72,161266,174050,3171,1896,310,130677,175543.43,95.89,2.43,1.45,0.24,0.9203,0.1063,Lavoura,0.0808,3701.91,26069.51,92.65,7.66,-21.5,1.71,296.54
5105234,Lambari D'Oeste,pantanal_norte,TRUE,2021,158756,24712,72,157282,168890,4301,573,338,163968,194842.82,96.82,2.62,0.35,0.21,0.9381,0.0825,Lavoura,0.0533,3956.45,25181.24,93.13,7.89,10.99,1.71,290.37
5105234,Lambari D'Oeste,pantanal_norte,TRUE,2022,164080,23014,72,186920,198885,4215,3486,528,172309,188591.65,95.22,2.45,2.02,0.31,0.9077,0.1231,Lavoura,0.0486,4804.59,39022.96,93.98,8.2,-3.21,1.71,256.93
5105234,Lambari D'Oeste,pantanal_norte,TRUE,2023,204282,22892,72,177888,192524,8052,946,891.99,214171.99,222909.53,95.38,3.76,0.44,0.42,0.9112,0.1184,Lavoura,0.0681,4779.12,37137.37,92.4,9.75,18.2,1.71,279
5105234,Lambari D'Oeste,pantanal_norte,TRUE,2024,216720,21884,72,159272,171118,6982,1520,764,225986,225986,95.9,3.09,0.67,0.34,0.9207,0.1057,Lavoura,0.0906,4632.51,33715.5,93.08,10.34,1.38,1.71,269.98
5105622,Mirassol D'Oeste,pantanal_norte,TRUE,2000,4852,8774,72,99496,201485,2995,158,,8005,,60.61,37.41,1.97,0,0.5077,0.6564,Lavoura,0.1026,381.53,4326.48,49.38,,,9.84,
5105622,Mirassol D'Oeste,pantanal_norte,TRUE,2001,4710,8874,72,111777,196618,3012,104,,7826,,60.18,38.49,1.33,0,0.5105,0.6527,Lavoura,0.0884,392.55,4944.57,56.85,,,9.84,
5105622,Mirassol D'Oeste,pantanal_norte,TRUE,2002,3208,4638,72,131780,219960,3555,139,,6902,33377.85,46.48,51.51,2.01,0,0.4818,0.6909,Pecuário,0.0531,204.17,5801.2,59.91,7.2,,9.84,
5105622,Mirassol D'Oeste,pantanal_norte,TRUE,2003,11584,10658,72,142329,233993,4915,158,,16657,70603.94,69.54,29.51,0.95,0,0.5708,0.5723,Lavoura,0.0801,469.54,6270.28,60.83,6.62,111.53,9.84,
5105622,Mirassol D'Oeste,pantanal_norte,TRUE,2004,15534,13818,72,150361,246480,7785,215,,23534,92576.78,66.01,33.08,0.91,0,0.5452,0.6064,Lavoura,0.0778,609.72,6634.65,61,6.69,31.12,9.84,
5105622,Mirassol D'Oeste,pantanal_norte,TRUE,2005,14316,14652,72,142745,239885,8741,316,,23373,85583.49,61.25,37.4,1.35,0,0.5152,0.6464,Lavoura,0.0864,647.09,6304.16,59.51,5.83,-7.55,9.84,
5105622,Mirassol D'Oeste,pantanal_norte,TRUE,2006,33024,8726,72,140453,228415,7769,252,,41045,140756.73,80.46,18.93,0.61,0,0.6833,0.4223,Lavoura,0.2471,385.71,6208.42,61.49,16.14,64.47,9.84,535.18
5105622,Mirassol D'Oeste,pantanal_norte,TRUE,2007,24032,10956,72,139907,227298,8522,346,,32900,105999.5,73.05,25.9,1.05,0,0.6008,0.5323,Lavoura,0.1447,446.49,5701.65,61.55,9.67,-24.69,9.84,375.88
5105622,Mirassol D'Oeste,pantanal_norte,TRUE,2008,52898,24380,72,132416,221402,9879,454,,63231,187281.41,83.66,15.62,0.72,0,0.7243,0.3676,Lavoura,0.1879,961.36,5221.45,59.81,7.69,76.68,9.84,931.76
5105622,Mirassol D'Oeste,pantanal_norte,TRUE,2009,44442,21400,72,127718,218123,11936,1019,,57397,158416.2,77.43,20.8,1.78,0,0.6431,0.4759,Lavoura,0.171,835.77,4988.01,58.55,7.41,-15.41,9.84,536.99
5105622,Mirassol D'Oeste,pantanal_norte,TRUE,2010,42250,18554,72,141165,172863,10563,915,,53728,136769.24,78.64,19.66,1.7,0,0.6574,0.4568,Lavoura,0.1868,733.39,5579.86,81.66,7.38,-13.66,9.84,444.05
5105622,Mirassol D'Oeste,pantanal_norte,TRUE,2011,51236,18924,72,143200,201221,12152,1248,,64636,151900.51,79.27,18.8,1.93,0,0.6641,0.4479,Lavoura,0.1451,742.26,5616.79,71.17,8.02,11.06,9.84,270.77
5105622,Mirassol D'Oeste,pantanal_norte,TRUE,2012,56822,15276,72,141533,175653,14607,1241,,72670,158213.97,78.19,20.1,1.71,0,0.6521,0.4639,Lavoura,0.1354,594.77,5510.55,80.58,10.36,4.16,9.84,222.84
5105622,Mirassol D'Oeste,pantanal_norte,TRUE,2013,65456,17944,72,147322,210498,14595,1382,5790.99,87223.99,176643.97,75.04,16.73,1.58,6.64,0.5957,0.5391,Lavoura,0.1452,690.1,5665.79,69.99,9.85,11.65,9.84,221.64
5105622,Mirassol D'Oeste,pantanal_norte,TRUE,2014,58922,17064,72,154037,209770,14573,723,2528,76746,144115.81,76.78,18.99,0.94,3.29,0.6267,0.4977,Lavoura,0.1089,651.6,5881.97,73.43,8.45,-18.41,9.84,179.46
5105622,Mirassol D'Oeste,pantanal_norte,TRUE,2015,77468,20696,72,161663,219489,15862,682,958,94970,165793.18,81.57,16.7,0.72,1.01,0.6934,0.4088,Lavoura,0.1241,784.86,6130.8,73.65,8.02,15.04,9.84,244.53
5105622,Mirassol D'Oeste,pantanal_norte,TRUE,2016,75478,14730,72,168962,221334,11581,1839,3117,92015,148593.14,82.03,12.59,2,3.39,0.6903,0.4129,Lavoura,0.102,553.84,6352.91,76.34,10.08,-10.37,9.84,173.38
5105622,Mirassol D'Oeste,pantanal_norte,TRUE,2017,60256,15764,72,168963,222372,13222,1753,626,75857,118161.75,79.43,17.43,2.31,0.83,0.6619,0.4508,Lavoura,0.0848,588.91,6312.13,75.98,7.48,-20.48,9.84,177.43
5105622,Mirassol D'Oeste,pantanal_norte,TRUE,2018,72150,15300,72,165849,229606,14647,723,1696,89216,132994.73,80.87,16.42,0.81,1.9,0.6814,0.4248,Lavoura,0.0866,555.64,6022.99,72.23,8.68,12.55,9.84,196.16
5105622,Mirassol D'Oeste,pantanal_norte,TRUE,2019,139806,21620,72,184926,254890,14909,888,1696,157299,224982.58,88.88,9.48,0.56,1.08,0.7991,0.2679,Lavoura,0.1316,779.41,6666.64,72.55,10.41,69.17,9.84,351.55
5105622,Mirassol D'Oeste,pantanal_norte,TRUE,2020,112122,19684,72,174449,238197,16041,3033,1880,133076,178766.09,84.25,12.05,2.28,1.41,0.725,0.3667,Lavoura,0.0823,704.48,6243.48,73.24,9.09,-20.54,9.84,268.41
5105622,Mirassol D'Oeste,pantanal_norte,TRUE,2021,136768,18606,72,170330,232630,19545,3021,2660,161994,192497.14,84.43,12.07,1.86,1.64,0.728,0.3627,Lavoura,0.0527,661.31,6054.03,73.22,10.34,7.68,9.84,258.38
5105622,Mirassol D'Oeste,pantanal_norte,TRUE,2022,119568,14768,72,186438,253210,24944,2947,2326,149785,163939.2,79.83,16.65,1.97,1.55,0.6656,0.4459,Lavoura,0.0423,551.35,6960.54,73.63,11.1,-14.84,9.84,212.91
5105622,Mirassol D'Oeste,pantanal_norte,TRUE,2023,128660,13858,72,188979,268421,61956,2802,632,194050,201966.62,66.3,31.93,1.44,0.33,0.5417,0.6111,Lavoura,0.0617,517.38,7055.4,70.4,14.59,23.2,9.84,266.8
5105622,Mirassol D'Oeste,pantanal_norte,TRUE,2024,210682,20724,72,180151,252692,49788,536,1977,262983,262982.99,80.11,18.93,0.2,0.75,0.6777,0.4297,Lavoura,0.1055,753.3,6548.33,71.29,12.7,30.21,9.84,342.86
5106109,Nossa Senhora do Livramento,pantanal_norte,TRUE,2000,19688,8526,72,105083,163757,1853,130,,21671,,90.85,8.55,0.6,0,0.8327,0.2231,Lavoura,0.2778,702.25,8655.22,64.17,,,0.81,
5106109,Nossa Senhora do Livramento,pantanal_norte,TRUE,2001,22322,9436,72,101083,157017,2164,171,,24657,,90.53,8.78,0.69,0,0.8273,0.2303,Lavoura,0.2785,764.42,8188.84,64.38,,,0.81,
5106109,Nossa Senhora do Livramento,pantanal_norte,TRUE,2002,26324,7496,72,116018,173267,2300,196,,28820,139372.62,91.34,7.98,0.68,0,0.8407,0.2124,Lavoura,0.2216,600.26,9290.36,66.96,18.58,,0.81,
5106109,Nossa Senhora do Livramento,pantanal_norte,TRUE,2003,25384,9608,72,176184,234446,2973,211,,28568,121091.01,88.85,10.41,0.74,0,0.8003,0.2663,Lavoura,0.1374,759.59,13928.69,75.15,12.6,-13.12,0.81,
5106109,Nossa Senhora do Livramento,pantanal_norte,TRUE,2004,30926,10094,72,167322,224459,2907,361,,34194,134510.52,90.44,8.5,1.06,0,0.8253,0.2329,Lavoura,0.1131,777.18,12882.81,74.54,13.31,11.08,0.81,
5106109,Nossa Senhora do Livramento,pantanal_norte,TRUE,2005,14638,6234,72,174517,232124,2697,466,,17801,65180.82,82.23,15.15,2.62,0,0.6998,0.4003,Lavoura,0.0658,473.17,13246.07,75.18,10.46,-51.54,0.81,
5106109,Nossa Senhora do Livramento,pantanal_norte,TRUE,2006,22358,6642,72,128671,183479,3164,494,,26016,89217.37,85.94,12.16,1.9,0,0.7537,0.3284,Lavoura,0.1566,497.12,9630.34,70.13,13.44,36.88,0.81,641.84
5106109,Nossa Senhora do Livramento,pantanal_norte,TRUE,2007,20000,4852,72,162333,223878,4626,565,,25191,81162.11,79.39,18.36,2.24,0,0.6645,0.4473,Lavoura,0.1108,391.73,13106.17,72.51,16.72,-9.03,0.81,438.71
5106109,Nossa Senhora do Livramento,pantanal_norte,TRUE,2008,24410,4416,72,146803,211180,4796,542,,29748,88109.43,82.06,16.12,1.82,0,0.6997,0.4004,Lavoura,0.0884,345.92,11499.53,69.52,19.96,8.56,0.81,423.61
5106109,Nossa Senhora do Livramento,pantanal_norte,TRUE,2009,24666,4296,72,150692,215961,5658,892,,31216,86156.43,79.02,18.13,2.86,0,0.6581,0.4559,Lavoura,0.093,335.13,11755.36,69.78,20.06,-2.22,0.81,395.2
5106109,Nossa Senhora do Livramento,pantanal_norte,TRUE,2010,22158,3870,72,153238,225018,5538,726,,28422,72350.65,77.96,19.48,2.55,0,0.6464,0.4715,Lavoura,0.0988,333.36,13199.93,68.1,18.68,-16.02,0.81,281.52
5106109,Nossa Senhora do Livramento,pantanal_norte,TRUE,2011,18256,3750,72,163554,235669,6900,662,,25818,60674.65,70.71,26.73,2.56,0,0.5721,0.5705,Lavoura,0.0579,323.86,14125.05,69.4,16.19,-16.14,0.81,215.15
5106109,Nossa Senhora do Livramento,pantanal_norte,TRUE,2012,14664,3606,72,145855,217122,4367,694,,19725,42944.42,74.34,22.14,3.52,0,0.6029,0.5295,Lavoura,0.0368,312.21,12628.14,67.18,11.91,-29.22,0.81,198.81
5106109,Nossa Senhora do Livramento,pantanal_norte,TRUE,2013,16932,3660,72,157506,227832,3376,3043,123565,146916,297530.82,11.52,2.3,2.07,84.11,0.7217,0.3711,Pescado-extrativista,0.2445,318.34,13699.75,69.13,81.28,592.83,0.81,1239.7
5106109,Nossa Senhora do Livramento,pantanal_norte,TRUE,2014,25002,4620,72,161335,231469,2820,897,30438,59157,111086.7,42.26,4.77,1.52,51.45,0.4458,0.7389,Pescado-extrativista,0.0839,403.7,14097.78,69.7,24.06,-62.66,0.81,446.14
5106109,Nossa Senhora do Livramento,pantanal_norte,TRUE,2015,12182,6148,72,181384,248318,2797,5115,81723,101817,177746.28,11.96,2.75,5.02,80.26,0.6617,0.4511,Pescado-extrativista,0.133,539.63,15920.65,73.05,28.92,60.01,0.81,564.28
5106109,Nossa Senhora do Livramento,pantanal_norte,TRUE,2016,20862,6560,72,199528,264130,4700,6978,126247,158787,256421.84,13.14,2.96,4.39,79.51,0.6523,0.4636,Pescado-extrativista,0.1761,524.05,15939.29,75.54,39.1,44.26,0.81,708.36
5106109,Nossa Senhora do Livramento,pantanal_norte,TRUE,2017,19062,6010,72,201497,260844,4222,6362,85533.01,115179.01,179413.28,16.55,3.67,5.52,74.26,0.5832,0.5557,Pescado-extrativista,0.1288,481.42,16140.42,77.25,29.86,-30.03,0.81,537.17
5106109,Nossa Senhora do Livramento,pantanal_norte,TRUE,2018,26274,7200,72,208883,244947,3380,5424,108310.01,143388.01,213749.22,18.32,2.36,3.78,75.54,0.6062,0.5251,Pescado-extrativista,0.1392,544.18,15787.39,85.28,29.68,19.14,0.81,542.52
5106109,Nossa Senhora do Livramento,pantanal_norte,TRUE,2019,20758,3968,72,188840,218022,3173,6325,116213,146469,209492.56,14.17,2.17,4.32,79.34,0.6519,0.4641,Pescado-extrativista,0.1226,300.24,14288.74,86.62,52.8,-1.99,0.81,518.54
5106109,Nossa Senhora do Livramento,pantanal_norte,TRUE,2020,22616,3824,72,185903,226701,3673,4195,112940,143424,192666.98,15.77,2.56,2.92,78.75,0.6465,0.4713,Pescado-extrativista,0.0887,291.82,14186.74,82,50.38,-8.03,0.81,501.74
5106109,Nossa Senhora do Livramento,pantanal_norte,TRUE,2021,61990,8128,72,192732,236084,6581,3059,136816.01,208446.01,247695.95,29.74,3.16,1.47,65.64,0.5205,0.6393,Pescado-extrativista,0.0678,620.79,14720.23,81.64,30.47,28.56,0.81,638.38
5106109,Nossa Senhora do Livramento,pantanal_norte,TRUE,2022,154844,17434,72,222240,245067,6416,2930,130752.01,294942.01,322813.07,52.5,2.18,0.99,44.33,0.4727,0.7031,Pescado-extrativista,0.0833,1347.3,17174.65,90.69,18.51,30.33,0.81,616.06
5106109,Nossa Senhora do Livramento,pantanal_norte,TRUE,2023,103828,14740,72,246573,271604,10280,10511,104189.01,228808.01,238142.65,45.38,4.49,4.59,45.54,0.4174,0.7768,Pescado-extrativista,0.0727,1139.1,19055.1,90.78,16.16,-26.23,0.81,459.73
5106109,Nossa Senhora do Livramento,pantanal_norte,TRUE,2024,88612,15452,72,233803,253452,4618,16527,56846.01,166603.01,166603,53.19,2.77,9.92,34.12,0.4099,0.7868,Pescado-extrativista,0.0668,1325.44,20055.16,92.25,10.79,-30.04,0.81,323.49
5106505,Poconé,pantanal_norte,TRUE,2000,9762,10718,72,290761,327260,1490,179,,11431,,85.4,13.03,1.57,0,0.7465,0.338,Lavoura,0.1465,348.29,9448.58,88.85,,,2.51,
5106505,Poconé,pantanal_norte,TRUE,2001,14486,12306,72,290761,326032,1795,231,,16512,,87.73,10.87,1.4,0,0.7817,0.2911,Lavoura,0.1865,398.23,9409.13,89.18,,,2.51,
5106505,Poconé,pantanal_norte,TRUE,2002,20720,12082,72,346468,381578,1794,265,,22779,110158.53,90.96,7.88,1.16,0,0.8337,0.2217,Lavoura,0.1751,390.17,11188.66,90.8,9.11,,2.51,
5106505,Poconé,pantanal_norte,TRUE,2003,30134,17588,72,384281,419921,2152,246,,32532,137893.2,92.63,6.62,0.76,0,0.8625,0.1833,Lavoura,0.1564,566.35,12374.21,91.51,7.84,25.18,2.51,
5106505,Poconé,pantanal_norte,TRUE,2004,26820,15660,72,417280,452201,2157,475,,29452,115856.7,91.06,7.32,1.61,0,0.8348,0.2203,Lavoura,0.0974,501.23,13355.95,92.28,7.41,-15.98,2.51,
5106505,Poconé,pantanal_norte,TRUE,2005,16932,16398,72,403935,438277,1815,465,,19212,70347.4,88.13,9.45,2.42,0,0.7862,0.2851,Lavoura,0.0711,523.1,12885.51,92.16,4.3,-39.28,2.51,
5106505,Poconé,pantanal_norte,TRUE,2006,80854,15372,72,385646,419255,1895,570,,83319,285728.1,97.04,2.27,0.68,0,0.9422,0.0771,Lavoura,0.5016,488.76,12261.8,91.98,18.58,306.17,2.51,845.34
5106505,Poconé,pantanal_norte,TRUE,2007,44590,14732,72,374293,414070,2128,540,,47258,152259.08,94.35,4.5,1.14,0,0.8923,0.1436,Lavoura,0.2078,473.42,12028.18,90.39,10.34,-46.71,2.51,390.42
5106505,Poconé,pantanal_norte,TRUE,2008,33816,8462,72,347369,386666,2437,550,,36803,109005.35,91.88,6.62,1.49,0,0.8488,0.2016,Lavoura,0.1094,263.95,10835.3,89.84,12.88,-28.41,2.51,218.44
5106505,Poconé,pantanal_norte,TRUE,2009,50262,13356,72,369323,407253,2513,615,,53390,147356.85,94.14,4.71,1.15,0,0.8886,0.1485,Lavoura,0.159,415.27,11483.21,90.69,11.02,35.18,2.51,292.39
5106505,Poconé,pantanal_norte,TRUE,2010,49020,11856,72,394354,432607,2756,563,,52339,133233.43,93.66,5.27,1.08,0,0.8801,0.1599,Lavoura,0.1819,373.08,12409.26,91.16,11.23,-9.58,2.51,254.74
5106505,Poconé,pantanal_norte,TRUE,2011,14364,3002,72,399544,438827,4413,656,,19433,45669.31,73.92,22.71,3.38,0,0.5991,0.5345,Lavoura,0.0436,94.23,12541.8,91.05,15.22,-65.72,2.51,80.98
5106505,Poconé,pantanal_norte,TRUE,2012,21706,10928,72,410446,452450,3054,727,,25487,55489.19,85.16,11.98,2.85,0,0.7404,0.3461,Lavoura,0.0475,342.24,12854.15,90.72,5.07,21.5,2.51,108.59
5106505,Poconé,pantanal_norte,TRUE,2013,55362,14960,72,432090,470592,3692,558,40368.99,99980.99,202479.14,55.37,3.69,0.56,40.38,0.471,0.7053,Pescado-extrativista,0.1664,466.73,13480.49,91.82,13.54,264.9,2.51,352.74
5106505,Poconé,pantanal_norte,TRUE,2014,60584,16616,72,446453,485932,4123,458,5741.01,70906.01,133149.32,85.44,5.81,0.65,8.1,0.74,0.3467,Lavoura,0.1006,517.76,13911.66,91.88,8.02,-34.24,2.51,202.96
5106505,Poconé,pantanal_norte,TRUE,2015,29522,12280,72,477965,517073,3090,424,3242,36278,63332.04,81.38,8.52,1.17,8.94,0.6777,0.4297,Lavoura,0.0474,382.19,14875.51,92.44,5.17,-52.44,2.51,88.82
5106505,Poconé,pantanal_norte,TRUE,2016,63126,15930,72,505084,544011,3150,317,3348,69941,112946.28,90.26,4.5,0.45,4.79,0.819,0.2413,Lavoura,0.0776,494.64,15683.4,92.84,7.1,78.34,2.51,155.15
5106505,Poconé,pantanal_norte,TRUE,2017,68298,19428,72,516323,540931,3615,237,2767,74917,116697.53,91.16,4.83,0.32,3.69,0.8347,0.2204,Lavoura,0.0838,602.59,16014.48,95.45,6.01,3.32,2.51,157.9
5106505,Poconé,pantanal_norte,TRUE,2018,67678,18242,72,515432,541959,3639,244,3827,75388,112381.26,89.77,4.83,0.32,5.08,0.8108,0.2523,Lavoura,0.0732,556.7,15729.74,95.11,6.16,-3.7,2.51,156.96
5106505,Poconé,pantanal_norte,TRUE,2019,65534,17888,72,518687,544796,3617,298,3709.01,73158.01,104636.87,89.58,4.94,0.41,5.07,0.8075,0.2567,Lavoura,0.0612,544.65,15792.92,95.21,5.85,-6.89,2.51,144.72
5106505,Poconé,pantanal_norte,TRUE,2020,97040,24388,72,531977,560219,3500,346,4378,105264,141405.16,92.19,3.32,0.33,4.16,0.8527,0.1964,Lavoura,0.0651,732.04,15968.09,94.96,5.8,35.14,2.51,204.05
5106505,Poconé,pantanal_norte,TRUE,2021,126790,20754,72,526275,554525,3839,397,8417,139443,165699.83,90.93,2.75,0.28,6.04,0.8312,0.2251,Lavoura,0.0454,621.64,15763.34,94.91,7.99,17.18,2.51,265.96
5106505,Poconé,pantanal_norte,TRUE,2022,275312,24896,72,549344,573187,3643,384,8331.01,287670.01,314853.88,95.7,1.27,0.13,2.9,0.9169,0.1108,Lavoura,0.0812,797.51,17597.59,95.84,12.65,90.01,2.51,389.19
5106505,Poconé,pantanal_norte,TRUE,2023,187776,26300,72,605000,635243,7180,386,7957.99,203299.99,211593.97,92.36,3.53,0.19,3.91,0.8558,0.1923,Lavoura,0.0646,842.49,19380.47,95.24,8.04,-32.8,2.51,272.33
5106505,Poconé,pantanal_norte,TRUE,2024,173548,34400,72,605788,631592,6782,386,9530.01,190246.01,190246,91.22,3.56,0.2,5.01,0.8359,0.2188,Lavoura,0.0763,1100.13,19373.44,95.91,5.52,-10.09,2.51,235.44
5106828,Porto Esperidião,pantanal_norte,TRUE,2000,4692,7796,72,284511,317622,965,298,,5955,,78.79,16.2,5,0,0.6495,0.4673,Lavoura,0.0763,779.91,28462.48,89.58,,,4.66,
5106828,Porto Esperidião,pantanal_norte,TRUE,2001,5224,9062,72,338859,373086,1018,291,,6533,,79.96,15.58,4.45,0,0.6656,0.4459,Lavoura,0.0738,886.95,33166.19,90.83,,,4.66,
5106828,Porto Esperidião,pantanal_norte,TRUE,2002,4844,7546,72,410628,446599,1184,341,,6369,30800.29,76.06,18.59,5.35,0,0.6159,0.5121,Lavoura,0.049,733.12,39893.91,91.95,4.07,,4.66,
5106828,Porto Esperidião,pantanal_norte,TRUE,2003,9342,7274,72,493669,531307,1620,492,,11454,48550,81.56,14.14,4.3,0,0.687,0.4173,Lavoura,0.0551,697.41,47331.64,92.92,6.67,57.63,4.66,
5106828,Porto Esperidião,pantanal_norte,TRUE,2004,9066,9116,72,496594,535560,2492,654,,12212,48038.9,74.24,20.41,5.36,0,0.5957,0.5391,Lavoura,0.0404,850.45,46328.39,92.72,5.27,-1.05,4.66,
5106828,Porto Esperidião,pantanal_norte,TRUE,2005,6428,6916,72,514515,554579,2780,674,,9882,36184.31,65.05,28.13,6.82,0,0.5069,0.6575,Lavoura,0.0366,635.72,47294.33,92.78,5.24,-24.68,4.66,
5106828,Porto Esperidião,pantanal_norte,TRUE,2006,5002,3770,72,495563,536271,2421,537,,7960,27297.44,62.84,30.41,6.75,0,0.4919,0.6775,Lavoura,0.0479,341.55,44896.09,92.41,7.23,-24.56,4.66,65.93
5106828,Porto Esperidião,pantanal_norte,TRUE,2007,8942,4510,72,465265,498754,4936,561,,14439,46520.56,61.93,34.19,3.89,0,0.5019,0.6641,Lavoura,0.0635,469.5,48434.83,93.29,10.31,70.42,4.66,111.04
5106828,Porto Esperidião,pantanal_norte,TRUE,2008,5608,2970,72,435804,468192,5974,600,,12182,36081.39,46.04,49.04,4.93,0,0.4549,0.7268,Pecuário,0.0362,300.88,44149.93,93.08,12.14,-22.44,4.66,69.11
5106828,Porto Esperidião,pantanal_norte,TRUE,2009,6166,3560,72,445110,478652,6619,1290,,14075,38847.12,43.81,47.03,9.17,0,0.4215,0.7713,Pecuário,0.0419,361.42,45188.83,92.99,10.92,7.67,4.66,69.88
5106828,Porto Esperidião,pantanal_norte,TRUE,2010,10166,3750,72,489942,524804,7330,975,,18471,47019.52,55.04,39.68,5.28,0,0.4632,0.7157,Lavoura,0.0642,339.95,44415.01,93.36,12.55,21.04,4.66,84.11
5106828,Porto Esperidião,pantanal_norte,TRUE,2011,11836,4408,72,525133,559384,8462,881,,21179,49772.6,55.89,39.95,4.16,0,0.4737,0.7017,Lavoura,0.0475,396.72,47262.44,93.88,11.3,5.86,4.66,81.74
5106828,Porto Esperidião,pantanal_norte,TRUE,2012,12700,3008,72,497843,528126,7850,925,,21475,46754.45,59.14,36.55,4.31,0,0.4852,0.6864,Lavoura,0.04,268.86,44497.94,94.27,15.55,-6.06,4.66,83.93
5106828,Porto Esperidião,pantanal_norte,TRUE,2013,11504,3648,72,524010,540763,14169,1298,0,26971,54621.02,42.65,52.53,4.81,0,0.4602,0.7197,Pecuário,0.0449,322.35,46302.91,96.9,14.97,16.83,4.66,94.34
5106828,Porto Esperidião,pantanal_norte,TRUE,2014,15934,2904,72,574404,597711,15635,2233,4486.01,38288.01,71898.32,41.62,40.84,5.83,11.72,0.3571,0.8572,Pecuário,0.0543,254.92,50421.7,96.1,24.77,31.63,4.66,113.58
5106828,Porto Esperidião,pantanal_norte,TRUE,2015,8288,1450,72,582443,611524,16420,1870,2250.01,28828.01,50326.29,28.75,56.96,6.49,7.8,0.4174,0.7768,Pecuário,0.0377,126.48,50806.26,95.24,34.7,-30,4.66,68.93
5106828,Porto Esperidião,pantanal_norte,TRUE,2016,15824,1384,72,585925,612164,6981,6873,3237,32915,53153.74,48.08,21.21,20.88,9.83,0.3294,0.8941,Diversificado,0.0365,119.98,50795.41,95.71,38.41,5.62,4.66,74.33
5106828,Porto Esperidião,pantanal_norte,TRUE,2017,12500,1458,72,555932,583624,6828,757,3896,23981,37354.97,52.12,28.47,3.16,16.25,0.3801,0.8265,Lavoura,0.0268,125.66,47912.78,95.26,25.61,-29.72,4.66,49.49
5106828,Porto Esperidião,pantanal_norte,TRUE,2018,18866,1650,72,547359,577820,7005,936,3500,30307,45178.81,62.25,23.11,3.09,11.55,0.4552,0.7264,Lavoura,0.0294,138.25,45861.67,94.73,27.39,20.94,4.66,54.5
5106828,Porto Esperidião,pantanal_norte,TRUE,2019,36282,7902,72,553108,585857,6726,1102,3500,47610,68095.93,76.21,14.13,2.31,7.35,0.6067,0.5244,Lavoura,0.0398,657.57,46027.13,94.41,8.63,50.73,4.66,78.53
5106828,Porto Esperidião,pantanal_norte,TRUE,2020,49954,10792,72,531943,564217,8339,3310,998,62601,84094.32,79.8,13.32,5.29,1.59,0.6576,0.4565,Lavoura,0.0387,892.12,43973.13,94.28,7.79,23.49,4.66,99.86
5106828,Porto Esperidião,pantanal_norte,TRUE,2021,60522,8058,72,562410,594038,10241,1020,888,72671,86354.8,83.28,14.09,1.4,1.22,0.7138,0.3816,Lavoura,0.0236,661.79,46190.05,94.68,10.72,2.69,4.66,105.18
5106828,Porto Esperidião,pantanal_norte,TRUE,2022,106498,11590,72,631541,663665,11357,366,1763.99,119984.99,131323.19,88.76,9.47,0.31,1.47,0.797,0.2707,Lavoura,0.0339,1135.83,61891.51,95.16,11.33,52.07,4.66,142.91
5106828,Porto Esperidião,pantanal_norte,TRUE,2023,119386,14884,72,663778,705509,23100,13061,1727.99,157274.99,163691.31,75.91,14.69,8.3,1.1,0.6048,0.5269,Lavoura,0.05,1458.64,65050.76,94.08,11,24.65,4.66,167.55
5106828,Porto Esperidião,pantanal_norte,TRUE,2024,58418,8916,72,599543,633731,19140,4451,1972,83981,83980.99,69.56,22.79,5.3,2.35,0.5392,0.6144,Lavoura,0.0337,876.95,58969.51,94.61,9.42,-48.7,4.66,88.31
5107602,Rondonópolis,pantanal_norte,TRUE,2000,187350,156278,72,293374,407571,4516,81,,191947,,97.61,2.35,0.04,0,0.9533,0.0623,Lavoura,2.4603,1040.28,1952.87,71.98,,,2.58,
5107602,Rondonópolis,pantanal_norte,TRUE,2001,199686,145154,72,293374,397869,4566,125,,204377,,97.7,2.23,0.06,0,0.955,0.06,Lavoura,2.3083,946.98,1913.96,73.74,,,2.58,
5107602,Rondonópolis,pantanal_norte,TRUE,2002,206930,153536,72,310952,414837,5208,337,,212475,1027522.35,97.39,2.45,0.16,0,0.9491,0.0679,Lavoura,1.6337,985.45,1995.8,74.96,6.69,,2.58,
5107602,Rondonópolis,pantanal_norte,TRUE,2003,313202,148568,72,319369,459497,7334,496,,321032,1360756.51,97.56,2.28,0.15,0,0.9523,0.0636,Lavoura,1.5437,937.98,2016.33,69.5,9.16,32.43,2.58,
5107602,Rondonópolis,pantanal_norte,TRUE,2004,481870,183400,72,310484,488636,9410,144,,491424,1933137.15,98.06,1.91,0.03,0,0.9619,0.0508,Lavoura,1.6251,1119.49,1895.23,63.54,10.54,42.06,2.58,
5107602,Rondonópolis,pantanal_norte,TRUE,2005,415354,186564,72,298862,473811,8781,293,,424428,1554102.07,97.86,2.07,0.07,0,0.9581,0.0559,Lavoura,1.5698,1118.29,1791.42,63.08,8.32,-19.61,2.58,
5107602,Rondonópolis,pantanal_norte,TRUE,2006,205890,185594,72,287518,464055,9462,301,,215653,739544.66,95.47,4.39,0.14,0,0.9134,0.1155,Lavoura,1.2982,1092.93,1693.13,61.96,4,-52.41,2.58,267.85
5107602,Rondonópolis,pantanal_norte,TRUE,2007,229848,181758,72,288209,474783,11996,597,,242441,781113.19,94.81,4.95,0.25,0,0.9014,0.1315,Lavoura,1.066,1051.94,1668.04,60.7,4.3,5.62,2.58,328.2
5107602,Rondonópolis,pantanal_norte,TRUE,2008,281168,180702,72,304678,487546,17528,1838,,300534,890139.85,93.56,5.83,0.61,0,0.8788,0.1616,Lavoura,0.893,1008.98,1701.22,62.49,4.94,13.96,2.58,311.35
5107602,Rondonópolis,pantanal_norte,TRUE,2009,325750,199908,72,303872,486617,16813,2243,,344806,951667.43,94.47,4.88,0.65,0,0.8949,0.1401,Lavoura,1.0271,1098.99,1670.53,62.45,4.76,6.91,2.58,319.47
5107602,Rondonópolis,pantanal_norte,TRUE,2010,359374,208226,72,317736,396150,12584,3173,,375131,954928.22,95.8,3.35,0.85,0,0.919,0.108,Lavoura,1.304,1065.23,1625.45,80.21,4.58,0.34,2.58,322.3
5107602,Rondonópolis,pantanal_norte,TRUE,2011,434476,207216,72,298003,358114,14270,3532,,452278,1062894.59,96.06,3.16,0.78,0,0.9238,0.1016,Lavoura,1.015,1041.55,1497.88,83.21,5.14,11.31,2.58,434.38
5107602,Rondonópolis,pantanal_norte,TRUE,2012,518950,224414,72,281142,320340,15430,4416,,538796,1173043.3,96.32,2.86,0.82,0,0.9286,0.0952,Lavoura,1.004,1109.26,1389.67,87.76,5.22,10.36,2.58,550.99
5107602,Rondonópolis,pantanal_norte,TRUE,2013,560436,227712,72,307448,349807,14114,5571,3294.01,583415.01,1181518.32,96.06,2.42,0.95,0.56,0.9235,0.102,Lavoura,0.971,1094.67,1477.98,87.89,5.19,0.72,2.58,444.36
5107602,Rondonópolis,pantanal_norte,TRUE,2014,735418,249684,72,328397,375815,14828,5569,8494.99,764309.99,1435242.98,96.22,1.94,0.73,1.11,0.9264,0.0981,Lavoura,1.0845,1179.32,1551.11,87.38,5.75,21.47,2.58,517.77
5107602,Rondonópolis,pantanal_norte,TRUE,2015,784216,254528,72,355349,426519,16457,6246,8515,815434,1423537.87,96.17,2.02,0.77,1.04,0.9254,0.0995,Lavoura,1.0655,1182.09,1650.33,83.31,5.6,-0.82,2.58,612.8
5107602,Rondonópolis,pantanal_norte,TRUE,2016,839562,231910,72,362455,434544,18219,8859,9710.01,876350.01,1415199.55,95.8,2.08,1.01,1.11,0.9184,0.1088,Lavoura,0.9719,1059.44,1655.81,83.41,6.11,-0.59,2.58,558.48
5107602,Rondonópolis,pantanal_norte,TRUE,2017,671558,241510,72,344617,420347,15529,11680,6179.01,704946.01,1098087.88,95.26,2.2,1.66,0.88,0.9083,0.1223,Lavoura,0.7881,1086.34,1550.12,81.98,4.56,-22.41,2.58,429.29
5107602,Rondonópolis,pantanal_norte,TRUE,2018,950294,241508,72,345545,417876,13862,4400,5145,973701,1451500.95,97.6,1.42,0.45,0.53,0.9528,0.0629,Lavoura,0.9452,1055.28,1509.87,82.69,6.01,32.18,2.58,563.03
5107602,Rondonópolis,pantanal_norte,TRUE,2019,1088872,244756,72,382487,454328,15433,5390,6040.01,1115735.01,1595820.28,97.59,1.38,0.48,0.54,0.9526,0.0632,Lavoura,0.9336,1052.75,1645.17,84.19,6.52,9.94,2.58,618.07
5107602,Rondonópolis,pantanal_norte,TRUE,2020,1091636,239214,72,385212,457919,18373,4973,8477.98,1123459.98,1509186.96,97.17,1.64,0.44,0.75,0.9445,0.074,Lavoura,0.6948,1013.44,1631.96,84.12,6.31,-5.43,2.58,607.07
5107602,Rondonópolis,pantanal_norte,TRUE,2021,2067980,239214,72,365747,448755,26417,8648,4289.99,2107334.99,2504141.72,98.13,1.25,0.41,0.2,0.9631,0.0492,Lavoura,0.6854,998.33,1526.41,81.5,10.46,65.93,2.58,928.83
5107602,Rondonópolis,pantanal_norte,TRUE,2022,2580086,279608,72,383643,451630,21780,9141,5918.99,2616925.99,2864216.97,98.59,0.83,0.35,0.23,0.9721,0.0372,Lavoura,0.7388,1141.67,1566.46,84.95,10.23,14.38,2.58,879.93
5107602,Rondonópolis,pantanal_norte,TRUE,2023,1937612,297392,72,396077,452981,39602,68974,8792,2054980,2138816.61,94.29,1.93,3.36,0.43,0.8906,0.1459,Lavoura,0.6533,1214.29,1617.23,87.44,7.2,-25.33,2.58,650.68
5107602,Rondonópolis,pantanal_norte,TRUE,2024,1704808,318362,72,383997,460577,43198,39760,11359,1799125,1799125.01,94.76,2.4,2.21,0.63,0.899,0.1347,Lavoura,0.7214,1228.4,1481.66,83.37,5.65,-15.88,2.58,501.56
5107800,Santo Antônio do Leverger,pantanal_norte,TRUE,2000,13100,12796,72,411000,463250,913,113,,14126,,92.74,6.46,0.8,0,0.8643,0.1809,Lavoura,0.1811,829.02,26627.79,88.72,,,9.67,
5107800,Santo Antônio do Leverger,pantanal_norte,TRUE,2001,23128,23936,72,425000,478703,1563,138,,24829,,93.15,6.3,0.56,0,0.8717,0.1711,Lavoura,0.2804,1550.66,27533.04,88.78,,,9.67,
5107800,Santo Antônio do Leverger,pantanal_norte,TRUE,2002,18710,12254,72,409191,465741,1941,155,,20806,100617.16,89.93,9.33,0.74,0,0.8175,0.2433,Lavoura,0.16,793.4,26493.43,87.86,8.22,,9.67,
5107800,Santo Antônio do Leverger,pantanal_norte,TRUE,2003,91302,58148,72,387621,445746,2318,224,,93844,397776.02,97.29,2.47,0.24,0,0.9472,0.0704,Lavoura,0.4512,3763.87,25090.36,86.96,6.85,295.34,9.67,
5107800,Santo Antônio do Leverger,pantanal_norte,TRUE,2004,124472,78992,72,412535,446047,1905,266,,126643,498181.39,98.29,1.5,0.21,0,0.9663,0.0449,Lavoura,0.4188,5109.77,26685.75,92.49,6.31,25.24,9.67,
5107800,Santo Antônio do Leverger,pantanal_norte,TRUE,2005,116946,80692,72,435424,471363,1342,404,,118692,434607.24,98.53,1.13,0.34,0,0.971,0.0387,Lavoura,0.439,5218.05,28157.27,92.38,5.4,-12.76,9.67,
5107800,Santo Antônio do Leverger,pantanal_norte,TRUE,2006,56988,57302,72,411175,451793,1297,251,,58536,200739.08,97.36,2.22,0.43,0,0.9484,0.0688,Lavoura,0.3524,3704.31,26580.58,91.01,3.51,-53.81,9.67,277.65
5107800,Santo Antônio do Leverger,pantanal_norte,TRUE,2007,85020,54490,72,409452,465158,1441,295,,86756,279516.49,98,1.66,0.34,0,0.9607,0.0524,Lavoura,0.3815,2838.46,21328.96,88.02,5.14,39.24,9.67,348.95
5107800,Santo Antônio do Leverger,pantanal_norte,TRUE,2008,169234,80886,72,438777,495234,1767,323,,171324,507437.83,98.78,1.03,0.19,0,0.9759,0.0321,Lavoura,0.509,4051.59,21978.41,88.6,6.26,81.54,9.67,656.46
5107800,Santo Antônio do Leverger,pantanal_norte,TRUE,2009,144660,72168,72,462649,520642,2235,400,,147295,406535.43,98.21,1.52,0.27,0,0.9648,0.0469,Lavoura,0.4388,3535.57,22665.54,88.86,5.63,-19.88,9.67,469.43
5107800,Santo Antônio do Leverger,pantanal_norte,TRUE,2010,85432,59764,72,458011,514505,2204,563,,88199,224518.14,96.86,2.5,0.64,0,0.9389,0.0815,Lavoura,0.3066,3236.96,24806.97,89.02,3.77,-44.77,9.67,245.11
5107800,Santo Antônio do Leverger,pantanal_norte,TRUE,2011,134444,57460,72,471703,539183,2583,782,,137809,323863.73,97.56,1.87,0.57,0,0.9522,0.0637,Lavoura,0.3093,3073.38,25230.16,87.48,5.63,44.25,9.67,307.56
5107800,Santo Antônio do Leverger,pantanal_norte,TRUE,2012,156582,66366,72,476909,533072,2592,618,,159792,347892.21,97.99,1.62,0.39,0,0.9605,0.0527,Lavoura,0.2978,3507.53,25205.27,89.46,5.24,7.42,9.67,335.15
5107800,Santo Antônio do Leverger,pantanal_norte,TRUE,2013,162120,73926,72,490032,523173,3676,654,1412,167862,339950.16,96.58,2.19,0.39,0.84,0.9333,0.0889,Lavoura,0.2794,3829.97,25387.63,93.67,4.61,-2.28,9.67,327.82
5107800,Santo Antônio do Leverger,pantanal_norte,TRUE,2014,166500,71696,72,515738,610700,12015,619,20616.99,199750.99,375098.08,83.35,6.01,0.31,10.32,0.709,0.388,Lavoura,0.2834,3767.52,27101.31,84.45,5.24,10.34,9.67,366.31
5107800,Santo Antônio do Leverger,pantanal_norte,TRUE,2015,161218,74276,72,542667,648942,9476,781,20284.01,191759.01,334761.87,84.07,4.94,0.41,10.58,0.7204,0.3728,Lavoura,0.2506,3857.09,28180.25,83.62,4.51,-10.75,9.67,299.97
5107800,Santo Antônio do Leverger,pantanal_norte,TRUE,2016,271140,75390,72,586963,698767,7796,660,9047,288643,466123.63,93.94,2.7,0.23,3.13,0.8842,0.1544,Lavoura,0.3201,4145.5,32275.54,84,6.19,39.24,9.67,349.15
5107800,Santo Antônio do Leverger,pantanal_norte,TRUE,2017,206438,63566,72,549536,663190,20132,415,6689.01,233674.01,363991.84,88.34,8.62,0.18,2.86,0.7886,0.2819,Lavoura,0.2612,3456.18,29879.08,82.86,5.73,-21.91,9.67,286.84
5107800,Santo Antônio do Leverger,pantanal_norte,TRUE,2018,291452,73742,72,537652,671259,16527,334,3897.01,312210.01,465413.03,93.35,5.29,0.11,1.25,0.8744,0.1675,Lavoura,0.3031,4487.43,32717.82,80.1,6.31,27.86,9.67,350.2
5107800,Santo Antônio do Leverger,pantanal_norte,TRUE,2019,338710,79266,72,524842,561021,3130,235,7367,349442,499802.04,96.93,0.9,0.07,2.11,0.9401,0.0799,Lavoura,0.2924,4767.02,31563.75,93.55,6.31,7.39,9.67,378.94
5107800,Santo Antônio do Leverger,pantanal_norte,TRUE,2020,318288,63816,72,525760,567984,3304,15362,7374,344328,462549.04,92.44,0.96,4.46,2.14,0.8571,0.1905,Lavoura,0.2129,3754.1,30928.88,92.57,7.25,-7.45,9.67,369.75
5107800,Santo Antônio do Leverger,pantanal_norte,TRUE,2021,1025468,104082,72,522351,566915,3403,37171,7213,1073255,1275346.66,95.55,0.32,3.46,0.67,0.9142,0.1144,Lavoura,0.3491,6055.5,30390.45,92.14,12.24,175.72,9.67,1457.55
5107800,Santo Antônio do Leverger,pantanal_norte,TRUE,2022,1156698,118810,72,570434,613101,3543,38061,10138,1208440,1322633.64,95.72,0.29,3.15,0.84,0.9173,0.1103,Lavoura,0.3412,7792.86,37415.32,93.04,11.12,3.71,9.67,1098.52
5107800,Santo Antônio do Leverger,pantanal_norte,TRUE,2023,621920,72282,72,593385,623702,6564,14371,29792.01,672647.01,700088.84,92.46,0.98,2.14,4.43,0.8574,0.1901,Lavoura,0.2139,4741.05,38920.7,95.14,9.67,-47.07,9.67,596.84
5107800,Santo Antônio do Leverger,pantanal_norte,TRUE,2024,727846,146778,72,549713,585346,7536,324,31378,767084,767084.01,94.88,0.98,0.04,4.09,0.902,0.1307,Lavoura,0.3076,8739.39,32730.75,93.91,5.22,9.57,9.67,672.29
5103403,Cuiabá,polo_metropolitano,FALSE,2000,5986,2964,72,90000,121719,237,78,,6301,,95,3.76,1.24,0,0.9041,0.1279,Lavoura,0.0808,6.13,186.2,73.94,,,2.1,
5103403,Cuiabá,polo_metropolitano,FALSE,2001,4882,2714,72,88452,119332,1841,71,,6794,,71.86,27.1,1.05,0,0.5899,0.5468,Lavoura,0.0767,5.51,179.45,74.12,,,2.1,
5103403,Cuiabá,polo_metropolitano,FALSE,2002,7556,2924,72,89790,120118,1934,90,,9580,46328.57,78.87,20.19,0.94,0,0.6629,0.4495,Lavoura,0.0737,5.84,179.48,74.75,15.83,,2.1,
5103403,Cuiabá,polo_metropolitano,FALSE,2003,4924,1698,72,102989,156247,2461,91,,7476,31688.47,65.86,32.92,1.22,0,0.5423,0.6103,Lavoura,0.0359,3.34,202.67,65.91,18.66,-31.6,2.1,
5103403,Cuiabá,polo_metropolitano,FALSE,2004,5458,2292,72,101965,154959,2186,138,,7782,30612.4,70.14,28.09,1.77,0,0.5712,0.5717,Lavoura,0.0257,4.37,194.34,65.8,13.36,-3.4,2.1,
5103403,Cuiabá,polo_metropolitano,FALSE,2005,7514,2502,72,111375,164524,2181,181,,9876,36162.34,76.08,22.08,1.83,0,0.6279,0.4961,Lavoura,0.0365,4.69,208.65,67.7,14.46,18.13,2.1,
5103403,Cuiabá,polo_metropolitano,FALSE,2006,7014,2096,72,114932,169247,2392,204,,9610,32955.84,72.99,24.89,2.12,0,0.5952,0.5397,Lavoura,0.0579,3.86,211.72,67.91,15.73,-8.87,2.1,18.63
5103403,Cuiabá,polo_metropolitano,FALSE,2007,7188,1676,72,109783,170927,2686,308,,10182,32805.07,70.6,26.38,3.02,0,0.5689,0.5748,Lavoura,0.0448,3.18,208.38,64.23,19.58,-0.46,2.1,18.96
5103403,Cuiabá,polo_metropolitano,FALSE,2008,8468,1886,72,101205,163295,2737,377,,11582,34304.27,73.11,23.63,3.26,0,0.5914,0.5448,Lavoura,0.0344,3.46,185.79,61.98,18.2,4.57,2.1,17
5103403,Cuiabá,polo_metropolitano,FALSE,2009,9898,2170,72,92498,153406,3131,430,,13459,37146.95,73.54,23.26,3.19,0,0.5959,0.5388,Lavoura,0.0401,3.94,168.01,60.3,17.11,8.29,2.1,21.41
5103403,Cuiabá,polo_metropolitano,FALSE,2010,6330,2006,72,101177,163458,3364,504,,10198,25959.89,62.07,32.99,4.94,0,0.4965,0.6713,Lavoura,0.0354,3.64,183.59,61.9,12.93,-30.12,2.1,14.28
5103403,Cuiabá,polo_metropolitano,FALSE,2011,15422,2930,72,109048,169635,5199,574,,21195,49810.19,72.76,24.53,2.71,0,0.5903,0.5463,Lavoura,0.0476,5.27,196.02,64.28,17,91.87,2.1,20.08
5103403,Cuiabá,polo_metropolitano,FALSE,2012,7990,2000,72,111115,169239,3765,613,,12368,26927.08,64.6,30.44,4.96,0,0.5124,0.6501,Lavoura,0.023,3.56,197.95,65.66,13.47,-45.94,2.1,10.16
5103403,Cuiabá,polo_metropolitano,FALSE,2013,11074,2000,72,104191,108550,1872,1002,48230.01,62178.01,125921.43,17.81,3.01,1.61,77.57,0.6346,0.4872,Pescado-extrativista,0.1035,3.51,182.85,95.98,62.95,367.64,2.1,43.73
5103403,Cuiabá,polo_metropolitano,FALSE,2014,15364,2166,72,93731,109423,2358,992,29616,48330,90755.44,31.79,4.88,2.05,61.28,0.4794,0.6941,Pescado-extrativista,0.0686,3.76,162.87,85.66,41.9,-27.93,2.1,27.14
5103403,Cuiabá,polo_metropolitano,FALSE,2015,20196,2008,72,109412,136485,2516,1233,36711,60656,105889.76,33.3,4.15,2.03,60.52,0.4793,0.6943,Pescado-extrativista,0.0793,3.46,188.48,80.16,52.74,16.68,2.1,35
5103403,Cuiabá,polo_metropolitano,FALSE,2016,17324,2176,72,110442,132638,2071,1031,23785,44211,71395.44,39.18,4.68,2.33,53.8,0.4457,0.7391,Pescado-extrativista,0.049,3.72,188.67,83.27,32.81,-32.58,2.1,23.83
5103403,Cuiabá,polo_metropolitano,FALSE,2017,14360,2008,72,116838,141360,1143,1116,6620,23239,36199.17,61.79,4.92,4.8,28.49,0.4677,0.7097,Pescado-extrativista,0.026,3.4,197.99,82.65,18.02,-49.3,2.1,11.71
5103403,Cuiabá,polo_metropolitano,FALSE,2018,6482,2008,72,101014,127914,1046,992,2344.01,10864.01,16195.04,59.66,9.63,9.13,21.58,0.4201,0.7732,Pescado-extrativista,0.0105,3.31,166.37,78.97,8.07,-55.26,2.1,4.76
5103403,Cuiabá,polo_metropolitano,FALSE,2019,12066,2008,72,94912,120167,703,921,4051,17741,25374.71,68.01,3.96,5.19,22.83,0.5189,0.6415,Pescado-extrativista,0.0148,3.28,154.95,78.98,12.63,56.68,2.1,6.69
5103403,Cuiabá,polo_metropolitano,FALSE,2020,18462,1888,72,103710,130804,705,910,5444.01,25521.01,34283.34,72.34,2.76,3.57,21.33,0.5708,0.5723,Pescado-extrativista,0.0158,3.05,167.78,79.29,18.15,35.11,2.1,9.06
5103403,Cuiabá,polo_metropolitano,FALSE,2021,38762,1888,72,106219,134359,784,844,5833,46223,54926.69,83.86,1.7,1.83,12.62,0.7198,0.3736,Lavoura,0.015,3.03,170.33,79.06,29.1,60.21,2.1,22.15
5103403,Cuiabá,polo_metropolitano,FALSE,2022,17462,1032,72,120190,148486,763,819,7453,26497,29000.87,65.9,2.88,3.09,28.13,0.5152,0.6464,Pescado-extrativista,0.0075,1.59,184.66,80.94,28.1,-47.2,2.1,9.9
5103403,Cuiabá,polo_metropolitano,FALSE,2023,40502,3302,72,128181,162029,3308,98,17117,61025,63514.64,66.37,5.42,0.16,28.05,0.5221,0.6372,Pescado-extrativista,0.0194,5.07,196.94,79.11,19.24,119.01,2.1,20.59
5103403,Cuiabá,polo_metropolitano,FALSE,2024,44468,4722,72,130171,161285,3092,3028,22545.99,73133.99,73134,60.8,4.23,4.14,30.83,0.4682,0.7091,Pescado-extrativista,0.0293,6.91,190.61,80.71,15.48,15.15,2.1,23.65
5108402,Várzea Grande,polo_metropolitano,FALSE,2000,1648,574,72,16930,19107,289,59,,1996,,82.57,14.48,2.96,0,0.7036,0.3952,Lavoura,0.0256,2.67,78.64,88.61,,,3.7,
5108402,Várzea Grande,polo_metropolitano,FALSE,2001,982,314,72,16930,19342,399,46,,1427,,68.82,27.96,3.22,0,0.5528,0.5963,Lavoura,0.0161,1.42,76.32,87.53,,,3.7,
5108402,Várzea Grande,polo_metropolitano,FALSE,2002,2192,558,72,19463,22539,296,49,,2537,12268.86,86.4,11.67,1.93,0,0.7605,0.3193,Lavoura,0.0195,2.46,85.92,86.35,21.99,,3.7,
5108402,Várzea Grande,polo_metropolitano,FALSE,2003,2650,724,72,20439,25939,408,69,,3127,13254.41,84.75,13.05,2.21,0,0.7358,0.3523,Lavoura,0.015,3.12,88.2,78.8,18.3,8.03,3.7,
5108402,Várzea Grande,polo_metropolitano,FALSE,2004,3250,1320,72,25834,31566,695,108,,4053,15943.46,80.19,17.15,2.66,0,0.6732,0.4357,Lavoura,0.0134,5.44,106.46,81.84,12.07,20.29,3.7,
5108402,Várzea Grande,polo_metropolitano,FALSE,2005,3944,1844,72,27138,35370,645,158,,4747,17381.8,83.08,13.59,3.33,0,0.7098,0.3869,Lavoura,0.0176,7.41,109.11,76.73,9.42,9.02,3.7,
5108402,Várzea Grande,polo_metropolitano,FALSE,2006,7620,1688,72,26314,35241,684,165,,8469,29042.97,89.98,8.08,1.95,0,0.8165,0.2447,Lavoura,0.051,6.63,103.3,74.67,17.21,67.09,3.7,107.96
5108402,Várzea Grande,polo_metropolitano,FALSE,2007,5480,1282,72,21031,42111,699,244,,6423,20694.06,85.32,10.88,3.8,0,0.7412,0.3451,Lavoura,0.0282,5.57,91.32,49.94,16.14,-28.75,3.7,97.62
5108402,Várzea Grande,polo_metropolitano,FALSE,2008,9522,1714,72,19823,40943,711,238,,10471,31013.64,90.94,6.79,2.27,0,0.8321,0.2239,Lavoura,0.0311,7.2,83.32,48.42,18.1,49.87,3.7,81.84
5108402,Várzea Grande,polo_metropolitano,FALSE,2009,6136,1636,72,23306,43995,1339,369,,7844,21649.5,78.23,17.07,4.7,0,0.6433,0.4756,Lavoura,0.0234,6.82,97.09,52.97,13.24,-30.19,3.7,45.87
5108402,Várzea Grande,polo_metropolitano,FALSE,2010,4498,1602,72,21865,42735,1288,399,,6185,15744.45,72.72,20.82,6.45,0,0.5763,0.5649,Lavoura,0.0215,6.34,86.56,51.16,9.83,-27.28,3.7,35.69
5108402,Várzea Grande,polo_metropolitano,FALSE,2011,6800,1386,72,22626,42878,1144,416,,8360,19646.76,81.34,13.68,4.98,0,0.6828,0.4229,Lavoura,0.0188,5.43,88.57,52.77,14.18,24.79,3.7,50.63
5108402,Várzea Grande,polo_metropolitano,FALSE,2012,4204,880,72,23065,44319,1112,324,,5640,12279.17,74.54,19.72,5.74,0,0.5978,0.5363,Lavoura,0.0105,3.41,89.33,52.04,13.95,-37.5,3.7,33.73
5108402,Várzea Grande,polo_metropolitano,FALSE,2013,4826,596,72,23065,42996,1181,1936,28860,36803,74532.57,13.11,3.21,5.26,78.42,0.636,0.4853,Pescado-extrativista,0.0613,2.27,87.74,53.64,125.06,506.98,3.7,231.47
5108402,Várzea Grande,polo_metropolitano,FALSE,2014,4616,494,72,21927,42764,1498,94,132947.01,139155.01,261309.21,3.32,1.08,0.07,95.54,0.914,0.1147,Pescado-extrativista,0.1975,1.86,82.5,51.27,528.97,250.6,3.7,978.68
5108402,Várzea Grande,polo_metropolitano,FALSE,2015,1208,212,72,22195,42101,1000,71,95831,98110,171274.82,1.23,1.02,0.07,97.68,0.9544,0.0608,Pescado-extrativista,0.1282,0.79,82.63,52.72,807.89,-34.46,3.7,778.52
5108402,Várzea Grande,polo_metropolitano,FALSE,2016,2466,282,72,27724,46876,1017,71,25913.01,29467.01,47585.66,8.37,3.45,0.24,87.94,0.7815,0.2913,Pescado-extrativista,0.0327,1.04,102.17,59.14,168.75,-72.22,3.7,218.28
5108402,Várzea Grande,polo_metropolitano,FALSE,2017,1914,286,72,28469,50095,1105,112,9991.01,13122.01,20440.04,14.59,8.42,0.85,76.14,0.6082,0.5224,Pescado-extrativista,0.0147,1.04,103.9,56.83,71.48,-57.05,3.7,110.48
5108402,Várzea Grande,polo_metropolitano,FALSE,2018,2220,282,72,26297,44983,1118,51,11980.99,15369.99,22912.13,14.44,7.27,0.33,77.95,0.6338,0.4883,Pescado-extrativista,0.0149,1,93.25,58.46,81.26,12.09,3.7,147.82
5108402,Várzea Grande,polo_metropolitano,FALSE,2019,2576,302,72,27439,45222,1328,66,13076.01,17046.010000000002,24380.68,15.11,7.79,0.39,76.71,0.6174,0.5101,Pescado-extrativista,0.0143,1.06,96.29,60.68,80.72,6.41,3.7,190.49
5108402,Várzea Grande,polo_metropolitano,FALSE,2020,1938,262,72,25758,46363,1447,69,15346,18800,25254.76,10.31,7.7,0.37,81.63,0.6829,0.4228,Pescado-extrativista,0.0116,0.91,89.58,55.56,96.4,3.59,3.7,197.31
5108402,Várzea Grande,polo_metropolitano,FALSE,2021,3018,258,72,26544,46279,1584,89,18992,23683,28142.47,12.74,6.69,0.38,80.19,0.6638,0.4483,Pescado-extrativista,0.0077,0.89,91.41,57.36,109.08,11.43,3.7,198.17
5108402,Várzea Grande,polo_metropolitano,FALSE,2022,2690,260,72,23309,31393,1275,58,25296,29319,32089.56,9.17,4.35,0.2,86.28,0.7547,0.3271,Pescado-extrativista,0.0083,0.87,77.68,74.25,123.41,14.03,3.7,160.45
5108402,Várzea Grande,polo_metropolitano,FALSE,2023,3410,256,72,26265,34074,2114,60,19793,25377,26412.29,13.44,8.33,0.24,78,0.6334,0.4888,Pescado-extrativista,0.0081,0.85,87.53,77.08,103.17,-17.69,3.7,150.06
5108402,Várzea Grande,polo_metropolitano,FALSE,2024,3450,260,72,32596,39257,2236,59,21516.01,27261.01,27261.01,12.66,8.2,0.22,78.93,0.6458,0.4723,Pescado-extrativista,0.0109,0.83,103.6,83.03,104.85,3.21,3.7,139.8
5100102,Acorizal,resto_mt,FALSE,2000,11950,3878,72,60178,82754,353,77,,12380,,96.53,2.85,0.62,0,0.9327,0.0897,Lavoura,0.1587,666.67,10345.2,72.72,,,-3.53,
5100102,Acorizal,resto_mt,FALSE,2001,4414,2618,72,32000,53819,273,86,,4773,,92.48,5.72,1.8,0,0.8589,0.1881,Lavoura,0.053900000000000003,446.76,5460.75,59.46,,,-3.53,
5100102,Acorizal,resto_mt,FALSE,2002,7216,2772,72,32901,54092,273,96,,7585,36680.83,95.14,3.6,1.27,0,0.9066,0.1245,Lavoura,0.0583,467.93,5553.85,60.82,13.24,,-3.53,
5100102,Acorizal,resto_mt,FALSE,2003,7820,2462,72,39750,61534,372,95,,8287,35126.06,94.36,4.49,1.15,0,0.8925,0.1433,Lavoura,0.0398,412.12,6653.83,64.6,14.26,-4.24,-3.53,
5100102,Acorizal,resto_mt,FALSE,2004,9894,2808,72,42912,64223,378,184,,10456,41131.25,94.63,3.62,1.76,0,0.8971,0.1372,Lavoura,0.0346,461.99,7060.22,66.82,14.64,17.1,-3.53,
5100102,Acorizal,resto_mt,FALSE,2005,7716,1984,72,51162,71716,576,223,,8515,31178.85,90.62,6.76,2.62,0,0.8265,0.2313,Lavoura,0.0315,323.34,8338.01,71.34,15.71,-24.2,-3.53,
5100102,Acorizal,resto_mt,FALSE,2006,4582,1554,72,43189,63236,608,276,,5466,18744.7,83.83,11.12,5.05,0,0.7177,0.3764,Lavoura,0.0329,250.93,6973.84,68.3,12.07,-39.88,-3.53,407.5
5100102,Acorizal,resto_mt,FALSE,2007,3596,1402,72,40154,68483,696,307,,4599,14817.37,78.19,15.13,6.68,0,0.6387,0.4817,Lavoura,0.0202,253.53,7261.12,58.63,10.56,-20.95,-3.53,329.27
5100102,Acorizal,resto_mt,FALSE,2008,3902,1154,72,38871,66127,782,399,,5083,15055.13,76.77,15.38,7.85,0,0.6192,0.5077,Lavoura,0.0151,203.2,6844.69,58.78,13.03,1.6,-3.53,246.79
5100102,Acorizal,resto_mt,FALSE,2009,4890,1066,72,41458,68199,837,405,,6132,16924.38,79.75,13.65,6.6,0,0.659,0.4547,Lavoura,0.0183,188.37,7326.03,60.79,15.88,12.42,-3.53,277.44
5100102,Acorizal,resto_mt,FALSE,2010,1706,506,72,40717,65182,811,365,,2882,7336.38,59.2,28.14,12.66,0,0.4457,0.7391,Lavoura,0.01,91.73,7381.62,62.47,14.51,-56.65,-3.53,100.5
5100102,Acorizal,resto_mt,FALSE,2011,2758,702,72,43094,68005,886,360,,4004,9409.76,68.88,22.13,8.99,0,0.5315,0.6247,Lavoura,0.009,127.8,7845.26,63.37,13.42,28.26,-3.53,120.64
5100102,Acorizal,resto_mt,FALSE,2012,3792,706,72,38788,63354,887,394,,5073,11044.71,74.75,17.48,7.77,0,0.5953,0.5396,Lavoura,0.0095,129.04,7089.75,61.22,15.66,17.38,-3.53,169.92
5100102,Acorizal,resto_mt,FALSE,2013,5180,846,72,45646,59856,1424,419,276,7299,14781.76,70.97,19.51,5.74,3.78,0.5465,0.6047,Lavoura,0.0121,155.77,8404.71,76.26,17.46,33.84,-3.53,205.3
5100102,Acorizal,resto_mt,FALSE,2014,6596,850,72,47554,57940,3798,387,1180,11961,22460.7,55.15,31.75,3.24,9.87,0.4157,0.7791,Lavoura,0.017,157.52,8812.82,82.07,26.42,51.95,-3.53,226.89
5100102,Acorizal,resto_mt,FALSE,2015,3696,664,72,52837,68013,3039,480,1034,8249,14400.63,44.81,36.84,5.82,12.53,0.3556,0.8592,Diversificado,0.0108,123.83,9853.97,77.69,21.69,-35.89,-3.53,127.43
5100102,Acorizal,resto_mt,FALSE,2016,5028,556,72,56874,81427,3949,155,350,9482,15312.29,53.03,41.65,1.63,3.69,0.4563,0.7249,Pecuário,0.0105,104.89,10728.92,69.85,27.54,6.33,-3.53,150.11
5100102,Acorizal,resto_mt,FALSE,2017,4598,556,72,52264,80012,3176,64,764,8602,13399.25,53.45,36.92,0.74,8.88,0.4299,0.7601,Lavoura,0.0096,105.52,9919.15,65.32,24.11,-12.49,-3.53,114.53
5100102,Acorizal,resto_mt,FALSE,2018,3286,614,72,52213,79266,946,42,602,4876,7268.67,67.39,19.4,0.86,12.35,0.5071,0.6572,Lavoura,0.0047,113.2,9626.29,65.87,11.84,-45.75,-3.53,51.55
5100102,Acorizal,resto_mt,FALSE,2019,4368,614,72,51867,65022,917,33,504,5822,8327.12,75.03,15.75,0.57,8.66,0.5953,0.5396,Lavoura,0.0049,113.72,9606.78,79.77,13.57,14.56,-3.53,59.06
5100102,Acorizal,resto_mt,FALSE,2020,5712,408,72,45175,58420,913,33,506,7164,9623.66,79.73,12.74,0.46,7.06,0.6569,0.4575,Lavoura,0.0044,76.49,8469.25,77.33,23.6,15.57,-3.53,75.78
5100102,Acorizal,resto_mt,FALSE,2021,10104,408,72,46434,59966,1033,39,516,11692,13893.58,86.42,8.84,0.33,4.41,0.7566,0.3245,Lavoura,0.0038,76.85,8746.28,77.43,34.06,44.37,-3.53,95.15
5100102,Acorizal,resto_mt,FALSE,2022,6912,426,72,51178,64303,1059,34,786,8791,9621.73,78.63,12.05,0.39,8.94,0.6408,0.4789,Lavoura,0.0025,84.96,10207.02,79.59,22.58,-30.75,-3.53,63.72
5100102,Acorizal,resto_mt,FALSE,2023,10474,426,72,59363,75435,3264,33,2214,15985,16637.14,65.52,20.42,0.21,13.85,0.4902,0.6797,Lavoura,0.0051,84.96,11839.45,78.69,39.05,72.91,-3.53,118.83
5100102,Acorizal,resto_mt,FALSE,2024,11474,416,72,54717,66377,2442,108,2611,16635,16635,68.98,14.68,0.65,15.7,0.5221,0.6372,Lavoura,0.0067,83.37,10965.33,82.43,39.99,-0.01,-3.53,121.42
5100250,Alta Floresta,resto_mt,FALSE,2000,33686,50114,72,519887,612172,2829,1075,,37590,,89.61,7.53,2.86,0,0.8095,0.254,Lavoura,0.4818,1066.66,11065.66,84.92,,,10.92,
5100250,Alta Floresta,resto_mt,FALSE,2001,26858,45962,72,539676,634740,4639,775,,32272,,83.22,14.37,2.4,0,0.7138,0.3816,Lavoura,0.3645,977.85,11481.74,85.02,,,10.92,
5100250,Alta Floresta,resto_mt,FALSE,2002,27136,28282,72,569134,666317,4156,545,,31837,153962.72,85.23,13.05,1.71,0,0.7437,0.3417,Lavoura,0.2448,600.89,12092,85.41,5.45,,10.92,
5100250,Alta Floresta,resto_mt,FALSE,2003,25824,22292,72,657834,756311,4778,871,,31473,133404.41,82.05,15.18,2.77,0,0.697,0.404,Lavoura,0.1513,473.22,13964.68,86.98,5.98,-13.35,10.92,
5100250,Alta Floresta,resto_mt,FALSE,2004,36996,21382,72,723871,823502,6796,985,,44777,176141.34,82.62,15.18,2.2,0,0.7061,0.3919,Lavoura,0.1481,453.1,15339.5,87.9,8.25,32.04,10.92,
5100250,Alta Floresta,resto_mt,FALSE,2005,35296,31780,72,753434,854542,6673,1204,,43173,158083.95,81.75,15.46,2.79,0,0.693,0.4093,Lavoura,0.1597,672.79,15950.42,88.17,4.96,-10.25,10.92,
5100250,Alta Floresta,resto_mt,FALSE,2006,24106,16546,72,732246,835138,7120,809,,32035,109858.48,75.25,22.23,2.53,0,0.6163,0.5116,Lavoura,0.1929,349.95,15487.11,87.68,6.64,-30.51,10.92,135.3
5100250,Alta Floresta,resto_mt,FALSE,2007,28344,14140,72,748572,788605,7706,759,,36809,118593.79,77,20.94,2.06,0,0.6372,0.4837,Lavoura,0.1618,287.75,15233.46,94.92,8.37,7.95,10.92,112.74
5100250,Alta Floresta,resto_mt,FALSE,2008,41774,15232,72,760026,796949,7795,1612,,51181,151591,81.62,15.23,3.15,0,0.6904,0.4128,Lavoura,0.1521,297.87,14862.84,95.37,9.95,27.82,10.92,117.15
5100250,Alta Floresta,resto_mt,FALSE,2009,41078,14596,72,808475,848946,9149,17731,,67958,187564.63,60.45,13.46,26.09,0,0.4516,0.7312,Lavoura,0.2024,283.89,15724.8,95.23,12.86,23.73,10.92,141.46
5100250,Alta Floresta,resto_mt,FALSE,2010,32284,13634,72,838711,873681,10322,18128,,60734,154603.62,53.16,17,29.85,0,0.4006,0.7992,Lavoura,0.2111,277.32,17059.45,96,11.33,-17.57,10.92,120.23
5100250,Alta Floresta,resto_mt,FALSE,2011,27138,11414,72,838919,873582,12180,5685,,45003,105761.16,60.3,27.06,12.63,0,0.4528,0.7296,Lavoura,0.101,231.37,17005.57,96.03,9.27,-31.59,10.92,83.09
5100250,Alta Floresta,resto_mt,FALSE,2012,29264,7456,72,846769,882030,10119,7798,,47181,102720.43,62.02,21.45,16.53,0,0.458,0.7227,Lavoura,0.0879,150.64,17108.52,96,13.77,-2.88,10.92,78.35
5100250,Alta Floresta,resto_mt,FALSE,2013,60422,19340,72,828350,880988,13630,4819,21297,100168,202857.88,60.32,13.61,4.81,21.26,0.4299,0.7601,Pescado-extrativista,0.1667,388.66,16646.57,94.03,10.49,97.49,10.92,161.01
5100250,Alta Floresta,resto_mt,FALSE,2014,69590,23220,72,747578,804375,14204,7368,11890.01,103052.01,193514,67.53,13.78,7.15,11.54,0.4934,0.6755,Lavoura,0.1462,465.55,14988.43,92.94,8.32,-4.61,10.92,165.11
5100250,Alta Floresta,resto_mt,FALSE,2015,109290,38258,72,716438,779023,14008,6006,9361.98,138665.98,242075.1,78.82,10.1,4.33,6.75,0.6379,0.4828,Lavoura,0.1812,765.3,14331.34,91.97,6.34,25.09,10.92,204.28
5100250,Alta Floresta,resto_mt,FALSE,2016,119018,36236,72,706567,777521,12469,7823,11657.99,150967.99,243795.1,78.84,8.26,5.18,7.72,0.637,0.484,Lavoura,0.1674,723.53,14108.2,90.87,6.72,0.71,10.92,198.68
5100250,Alta Floresta,resto_mt,FALSE,2017,169392,58312,72,765324,842740,14792,6802,9941.99,200927.99,312983.67,84.3,7.36,3.39,4.95,0.7197,0.3737,Lavoura,0.2246,1161.85,15248.84,90.81,5.37,28.38,10.92,250.38
5100250,Alta Floresta,resto_mt,FALSE,2018,233700,69758,72,791530,856946,22000,8779,4064,268543,400318.4,87.03,8.19,3.27,1.51,0.7654,0.3128,Lavoura,0.2607,1351.51,15335.27,92.37,5.73,27.9,10.92,303.05
5100250,Alta Floresta,resto_mt,FALSE,2019,252148,84380,72,885799,958053,16379,10447,4064,283038,404825.31,89.09,5.79,3.69,1.44,0.7986,0.2685,Lavoura,0.2368,1629.52,17106.31,92.46,4.79,1.13,10.92,316.77
5100250,Alta Floresta,resto_mt,FALSE,2020,372491,87492,72,791935,838816,22598,14082,7210,416381,559340.59,89.46,5.43,3.38,1.73,0.8047,0.2604,Lavoura,0.2575,1683.87,15241.54,94.41,6.39,38.17,10.92,442.86
5100250,Alta Floresta,resto_mt,FALSE,2021,687810,88722,72,812530,914180,21983,13920,6924,730637,868214.41,94.14,3.01,1.91,0.95,0.8876,0.1499,Lavoura,0.2376,1702.75,15594.09,88.88,9.78,55.22,10.92,641.69
5100250,Alta Floresta,resto_mt,FALSE,2022,1486952,154034,72,839471,939854,21569,12025,6588,1527134,1671443.2,97.37,1.41,0.79,0.43,0.9484,0.0688,Lavoura,0.4311,2627.98,14322.27,89.32,10.84,92.52,10.92,1023.53
5100250,Alta Floresta,resto_mt,FALSE,2023,1738852,267176,72,753449,788802,40020,8750,13126,1800748,1874212.74,96.56,2.22,0.49,0.73,0.933,0.0893,Lavoura,0.5725,4558.31,12854.64,95.52,7.03,12.13,10.92,1136.58
5100250,Alta Floresta,resto_mt,FALSE,2024,1403364,256878,72,691455,731021,56942,30338,14362.01,1505006.01,1505006.01,93.25,3.78,2.02,0.95,0.8715,0.1713,Lavoura,0.6035,4191.12,11281.51,94.59,5.85,-19.7,10.92,850.28
5100300,Alto Araguaia,resto_mt,FALSE,2000,24980,38296,72,158185,193917,2148,88,,27216,,91.78,7.89,0.32,0,0.8486,0.2019,Lavoura,0.3488,3356.35,13863.72,81.57,,,5.74,
5100300,Alto Araguaia,resto_mt,FALSE,2001,25958,38636,72,140838,177827,1960,62,,27980,,92.77,7.01,0.22,0,0.8655,0.1793,Lavoura,0.316,3388.83,12353.13,79.2,,,5.74,
5100300,Alto Araguaia,resto_mt,FALSE,2002,46798,47054,72,157099,195936,2160,78,,49036,237136.53,95.44,4.4,0.16,0,0.9128,0.1163,Lavoura,0.377,4075.7,13607.54,80.18,5.04,,5.74,
5100300,Alto Araguaia,resto_mt,FALSE,2003,97208,61436,72,196314,237091,2380,134,,99722,422691.07,97.48,2.39,0.13,0,0.9508,0.0656,Lavoura,0.4795,5293.01,16913.41,82.8,6.87,78.25,5.74,
5100300,Alto Araguaia,resto_mt,FALSE,2004,150048,76980,72,195175,236786,4000,114,,154162,606434.14,97.33,2.59,0.07,0,0.948,0.0693,Lavoura,0.5098,6558.19,16627.62,82.43,7.87,43.47,5.74,
5100300,Alto Araguaia,resto_mt,FALSE,2005,142164,95276,72,188549,216666,7509,196,,149869,548766.15,94.86,5.01,0.13,0,0.9024,0.1301,Lavoura,0.5543,8066.72,15963.85,87.02,5.75,-9.51,5.74,
5100300,Alto Araguaia,resto_mt,FALSE,2006,77624,83940,72,159073,189196,6838,291,,84753,290645.74,91.59,8.07,0.34,0,0.8454,0.2061,Lavoura,0.5102,7063.87,13386.6,84.08,3.46,-47.04,5.74,823.37
5100300,Alto Araguaia,resto_mt,FALSE,2007,66216,46202,72,158284,188491,6834,265,,73315,236211.34,90.32,9.32,0.36,0,0.8245,0.234,Lavoura,0.3224,3350.4,11478.17,83.97,5.12,-18.73,5.74,526.07
5100300,Alto Araguaia,resto_mt,FALSE,2008,88980,47476,72,157877,183955,5101,347,,94428,279682.59,94.23,5.4,0.37,0,0.8909,0.1455,Lavoura,0.2806,3314.44,11021.85,85.82,5.88,18.4,5.74,772.61
5100300,Alto Araguaia,resto_mt,FALSE,2009,123918,53170,72,163439,190735,4461,352,,128731,355298.64,96.26,3.47,0.27,0,0.9278,0.0963,Lavoura,0.3835,3639.04,11186.02,85.69,6.69,27.04,5.74,1012.25
5100300,Alto Araguaia,resto_mt,FALSE,2010,109332,60078,72,150210,178681,4554,497,,114383,291171.76,95.58,3.98,0.43,0,0.9152,0.1131,Lavoura,0.3976,3840.32,9601.76,84.07,4.84,-18.05,5.74,808.81
5100300,Alto Araguaia,resto_mt,FALSE,2011,140542,57754,72,152014,181993,5075,285,,145902,342883.03,96.33,3.48,0.2,0,0.9292,0.0944,Lavoura,0.3274,3616.63,9519.32,83.53,5.93,17.76,5.74,1032.77
5100300,Alto Araguaia,resto_mt,FALSE,2012,168360,54116,72,160515,188555,5363,219,,173942,378698.99,96.79,3.08,0.13,0,0.9378,0.0829,Lavoura,0.3241,3323.26,9857.22,85.13,7,10.45,5.74,908.16
5100300,Alto Araguaia,resto_mt,FALSE,2013,202734,76130,72,160448,191426,6222,1388,374,210718,426741.12,96.21,2.95,0.66,0.18,0.9266,0.0979,Lavoura,0.3507,4526.7,9540.25,83.82,5.6,12.69,5.74,967.68
5100300,Alto Araguaia,resto_mt,FALSE,2014,304040,106174,72,168470,207968,6352,1774,496,312662,587125.56,97.24,2.03,0.57,0.16,0.946,0.072,Lavoura,0.4437,6184.41,9813.02,81.01,5.52,37.58,5.74,1378.23
5100300,Alto Araguaia,resto_mt,FALSE,2015,308618,104696,72,176319,218495,7282,2127,578,318605,556202.32,96.87,2.29,0.67,0.18,0.939,0.0813,Lavoura,0.4163,5979.55,10070.19,80.7,5.32,-5.27,5.74,1217.07
5100300,Alto Araguaia,resto_mt,FALSE,2016,345634,97354,72,188517,234157,8438,2505,638,357215,576859.14,96.76,2.36,0.7,0.18,0.9369,0.0841,Lavoura,0.3962,5456.76,10566.5,80.51,5.93,3.71,5.74,1314.03
5100300,Alto Araguaia,resto_mt,FALSE,2017,327682,108576,72,179906,219750,8441,2590,774,339487,528815.76,96.52,2.49,0.76,0.23,0.9323,0.0903,Lavoura,0.3795,5977.54,9904.54,81.87,4.86,-8.33,5.74,1253.12
5100300,Alto Araguaia,resto_mt,FALSE,2018,321944,100214,72,176840,219427,8864,903,367.99,332078.99,495031.81,96.95,2.67,0.27,0.11,0.9407,0.0791,Lavoura,0.3224,5358.18,9455.17,80.59,4.94,-6.39,5.74,1135.38
5100300,Alto Araguaia,resto_mt,FALSE,2019,520412,110858,72,181694,224617,10876,334,350,531972,760872.14,97.83,2.04,0.06,0.07,0.9575,0.0567,Lavoura,0.4451,5821.15,9540.75,80.89,6.87,53.7,5.74,1786.08
5100300,Alto Araguaia,resto_mt,FALSE,2020,513864,110524,72,174007,217882,4000,422,436,518722,696819.19,99.06,0.77,0.08,0.08,0.9813,0.0249,Lavoura,0.3208,5701.52,8976.37,79.86,6.31,-8.42,5.74,1350.43
5100300,Alto Araguaia,resto_mt,FALSE,2021,1060102,123158,72,157879,188741,4744,560,940,1066346,1267136.71,99.41,0.44,0.05,0.09,0.9883,0.0156,Lavoura,0.3468,6247.24,8008.47,83.65,10.28,81.85,5.74,2320.76
5100300,Alto Araguaia,resto_mt,FALSE,2022,1312288,134868,72,165994,195594,3983,253470,795,1570536,1718946.53,83.56,0.25,16.14,0.05,0.7243,0.3676,Lavoura,0.4434,7844.36,9654.74,84.87,12.75,35.66,5.74,2673.32
5100300,Alto Araguaia,resto_mt,FALSE,2023,943952,134016,72,176574,206491,6952,203156,756,1154816,1201928.8,81.74,0.6,17.59,0.07,0.6991,0.4012,Lavoura,0.3671,7794.8,10270.11,85.51,8.96,-30.08,5.74,1986.65
5100300,Alto Araguaia,resto_mt,FALSE,2024,754536,129398,72,170423,201267,9616,44420,928.01,809500.01,809500.01,93.21,1.19,5.49,0.11,0.872,0.1707,Lavoura,0.3246,7328.42,9651.87,84.68,6.26,-32.65,5.74,1388.52
5100359,Alto Boa Vista,resto_mt,FALSE,2000,4500,9320,72,92023,125645,468,335,,5303,,84.86,8.83,6.32,0,0.7319,0.3575,Lavoura,0.068,1501.77,14828.07,73.24,,,15.88,
5100359,Alto Boa Vista,resto_mt,FALSE,2001,3442,6674,72,59444,92988,565,141,,4148,,82.98,13.62,3.4,0,0.7083,0.3889,Lavoura,0.0468,1939.55,17275.21,63.93,,,15.88,
5100359,Alto Boa Vista,resto_mt,FALSE,2002,4108,6968,72,74785,108476,643,213,,4964,24005.74,82.76,12.95,4.29,0,0.7035,0.3953,Lavoura,0.0382,1932.33,20739.05,68.94,3.44,,15.88,
5100359,Alto Boa Vista,resto_mt,FALSE,2003,6152,7468,72,83839,118295,821,185,,7158,30340.58,85.95,11.47,2.58,0,0.7526,0.3299,Lavoura,0.0344,1974.62,22167.9,70.87,4.07,26.39,15.88,
5100359,Alto Boa Vista,resto_mt,FALSE,2004,26818,11444,72,82125,116852,1102,145,,28065,110400.59,95.56,3.93,0.52,0,0.9147,0.1137,Lavoura,0.0928,2754.94,19770.1,70.28,9.65,263.87,15.88,
5100359,Alto Boa Vista,resto_mt,FALSE,2005,20420,14400,72,93410,128915,1461,108,,21989,80515.77,92.86,6.64,0.49,0,0.8667,0.1777,Lavoura,0.0813,3303.51,21429.23,72.46,5.6,-27.07,15.88,
5100359,Alto Boa Vista,resto_mt,FALSE,2006,11676,5464,72,101432,137322,1574,96,,13346,45767.8,87.49,11.79,0.72,0,0.7794,0.2941,Lavoura,0.0803,1197.2,22224.36,73.86,8.37,-43.16,15.88,915.37
5100359,Alto Boa Vista,resto_mt,FALSE,2007,11950,9020,72,102963,118212,1496,118,,13564,43701.42,88.1,11.03,0.87,0,0.7884,0.2821,Lavoura,0.0596,1795.02,20490.15,87.1,4.84,-4.51,15.88,753.47
5100359,Alto Boa Vista,resto_mt,FALSE,2008,29420,14320,72,107673,123255,1589,226,,31235,92513.72,94.19,5.09,0.72,0,0.8898,0.1469,Lavoura,0.0928,2717.78,20435.19,87.36,6.47,111.69,15.88,915.98
5100359,Alto Boa Vista,resto_mt,FALSE,2009,17410,8260,72,120736,136884,1750,466,,19626,54167.93,88.71,8.92,2.37,0,0.7955,0.2727,Lavoura,0.0585,1508.68,22052.24,88.2,6.57,-41.45,15.88,644.85
5100359,Alto Boa Vista,resto_mt,FALSE,2010,19260,8808,72,113891,130312,1742,236,,21238,54063.16,90.69,8.2,1.11,0,0.8293,0.2276,Lavoura,0.0738,1678.67,21705.93,87.4,6.13,-0.19,15.88,819.14
5100359,Alto Boa Vista,resto_mt,FALSE,2011,35042,13576,72,114718,131332,1754,102,,36898,86713.68,94.97,4.75,0.28,0,0.9042,0.1277,Lavoura,0.0828,2512.68,21232.28,87.35,6.39,60.39,15.88,1275.21
5100359,Alto Boa Vista,resto_mt,FALSE,2012,58122,22476,72,106565,113082,923,17,,59062,128587.22,98.41,1.56,0.03,0,0.9687,0.0417,Lavoura,0.1101,4047.54,19190.53,94.24,5.73,48.29,15.88,1811.08
5100359,Alto Boa Vista,resto_mt,FALSE,2013,60406,21536,72,34905,40903,1944,17,342.99,62709.99,126998.8,96.33,3.1,0.03,0.55,0.9289,0.0948,Lavoura,0.1044,3707.35,6008.78,85.34,5.91,-1.24,15.88,2048.36
5100359,Alto Boa Vista,resto_mt,FALSE,2014,78466,29940,72,26212,29720,2042,6,378,80892,151901.3,97,2.52,0.01,0.47,0.9416,0.0779,Lavoura,0.1148,5006.69,4383.28,88.2,5.07,19.61,15.88,1875.33
5100359,Alto Boa Vista,resto_mt,FALSE,2015,144836,50022,72,25443,29114,1311,8,395.01,146550.01,255838.6,98.83,0.89,0.01,0.27,0.9768,0.0309,Lavoura,0.1915,8138.95,4139.77,87.39,5.12,68.42,15.88,2459.98
5100359,Alto Boa Vista,resto_mt,FALSE,2016,152618,50742,72,26416,30370,1948,8,306,154880,250112.5,98.54,1.26,0.01,0.2,0.9712,0.0384,Lavoura,0.1718,8044.07,4187.7,86.98,4.94,-2.24,15.88,2294.62
5100359,Alto Boa Vista,resto_mt,FALSE,2017,180642,68682,72,24472,29873,1875,9,460,182986,285035.6,98.72,1.02,0,0.25,0.9747,0.0337,Lavoura,0.2046,10622.02,3784.72,81.92,4.15,13.96,15.88,2298.66
5100359,Alto Boa Vista,resto_mt,FALSE,2018,180354,63192,72,38432,43997,1794,45,474,182667,272302.61,98.73,0.98,0.02,0.26,0.9749,0.0335,Lavoura,0.1773,9489.71,5771.44,87.35,4.3,-4.47,15.88,2327.38
5100359,Alto Boa Vista,resto_mt,FALSE,2019,189550,69930,72,48285,54914,3178,46,6752,199526,285379.26,95,1.59,0.02,3.38,0.9039,0.1281,Lavoura,0.167,10250.66,7077.84,87.93,4.07,4.8,15.88,2460.16
5100359,Alto Boa Vista,resto_mt,FALSE,2020,280028,71920,72,68982,76400,2632,190,8982,291832,392029.13,95.96,0.9,0.07,3.08,0.9219,0.1041,Lavoura,0.1805,10369.09,9945.5,90.29,5.45,37.37,15.88,2596.22
5100359,Alto Boa Vista,resto_mt,FALSE,2021,653948,106268,72,70916,77976,3346,1278,9178,667750,793485.91,97.93,0.5,0.19,1.37,0.9592,0.0544,Lavoura,0.2172,14984.21,9999.44,90.95,7.46,102.4,15.88,3348.03
5100359,Alto Boa Vista,resto_mt,FALSE,2022,913160,107200,72,53707,60279,2305,488,1688.01,917641.01,1004355.1,99.51,0.25,0.05,0.18,0.9902,0.0131,Lavoura,0.2591,18757.66,9397.55,89.1,9.37,26.58,15.88,3923.26
5100359,Alto Boa Vista,resto_mt,FALSE,2023,726918,108440,72,53872,60553,5056,529,1836.99,734339.99,764298.7,98.99,0.69,0.07,0.25,0.98,0.0267,Lavoura,0.2335,18974.63,9426.42,88.97,7.05,-23.9,15.88,2895.07
5100359,Alto Boa Vista,resto_mt,FALSE,2024,607270,111468,72,46731,51983,4510,544,2069.99,614393.99,614393.98,98.84,0.73,0.09,0.34,0.977,0.0307,Lavoura,0.2464,18973.28,7954.21,89.9,5.52,-19.61,15.88,2363.04
5100409,Alto Garças,resto_mt,FALSE,2000,132372,138806,72,96971,118037,712,61,,133145,,99.42,0.53,0.05,0,0.9885,0.0153,Lavoura,1.7066,16653.39,11634.19,82.15,,,3.27,
5100409,Alto Garças,resto_mt,FALSE,2001,164952,175446,72,70000,91557,707,51,,165710,,99.54,0.43,0.03,0,0.9908,0.0123,Lavoura,1.8716,21069.53,8406.39,76.46,,,3.27,
5100409,Alto Garças,resto_mt,FALSE,2002,210380,185446,72,73449,96085,579,68,,211027,1020519.88,99.69,0.27,0.03,0,0.9938,0.0083,Lavoura,1.6225,22233.07,8805.78,76.44,5.5,,3.27,
5100409,Alto Garças,resto_mt,FALSE,2003,361256,204956,72,73650,97418,536,125,,361917,1534055.53,99.82,0.15,0.03,0,0.9964,0.0048,Lavoura,1.7402,24563.28,8826.7,75.6,7.48,50.32,3.27,
5100409,Alto Garças,resto_mt,FALSE,2004,444116,189014,72,59733,72815,674,111,,444901,1750127.49,99.82,0.15,0.02,0,0.9964,0.0048,Lavoura,1.4713,22636.41,7153.65,82.03,9.27,14.09,3.27,
5100409,Alto Garças,resto_mt,FALSE,2005,449896,216150,72,61967,74086,1357,203,,451456,1653068.85,99.65,0.3,0.04,0,0.993,0.0093,Lavoura,1.6698,25876.93,7418.53,83.64,7.64,-5.55,3.27,
5100409,Alto Garças,resto_mt,FALSE,2006,236738,221670,72,57636,68361,1404,289,,238431,817657.85,99.29,0.59,0.12,0,0.9859,0.0188,Lavoura,1.4354,26528.24,6897.56,84.31,3.69,-50.54,3.27,1061.89
5100409,Alto Garças,resto_mt,FALSE,2007,331684,195346,72,58210,69472,1493,279,,333456,1074351.64,99.47,0.45,0.08,0,0.9894,0.0141,Lavoura,1.4662,21391.37,6374.29,83.79,5.5,31.39,3.27,1081.92
5100409,Alto Garças,resto_mt,FALSE,2008,460098,204030,72,59389,61706,1157,349,,461604,1367206.75,99.67,0.25,0.08,0,0.9934,0.0088,Lavoura,1.3715,21601.91,6287.88,96.25,6.69,27.26,3.27,1108.86
5100409,Alto Garças,resto_mt,FALSE,2009,431222,219798,72,64873,67613,854,356,,432432,1193515.89,99.72,0.2,0.08,0,0.9944,0.0075,Lavoura,1.2881,23015.5,6792.98,95.95,5.42,-12.7,3.27,977.48
5100409,Alto Garças,resto_mt,FALSE,2010,513200,251622,72,69320,74897,896,535,,514631,1310037.47,99.72,0.17,0.1,0,0.9944,0.0075,Lavoura,1.7889,24311.3,6697.58,92.55,5.22,9.76,3.27,1046.36
5100409,Alto Garças,resto_mt,FALSE,2011,549606,213700,72,73913,79570,1007,171,,550784,1294392.68,99.79,0.18,0.03,0,0.9958,0.0056,Lavoura,1.2361,20342.69,7035.98,92.89,6.06,-1.19,3.27,864.66
5100409,Alto Garças,resto_mt,FALSE,2012,642842,220498,72,64374,69817,1018,187,,644047,1402191.22,99.81,0.16,0.03,0,0.9962,0.0051,Lavoura,1.2002,20694.32,6041.67,92.2,6.36,8.33,3.27,880.21
5100409,Alto Garças,resto_mt,FALSE,2013,615816,248152,72,67593,73663,1127,188,5627,622758,1261194.83,98.89,0.18,0.03,0.9,0.978,0.0293,Lavoura,1.0365,22747.46,6196.08,91.76,5.09,-10.06,3.27,788.24
5100409,Alto Garças,resto_mt,FALSE,2014,719994,276192,72,70973,77836,1330,252,4906.01,726482.01,1364208.53,99.11,0.18,0.03,0.68,0.9823,0.0236,Lavoura,1.0309,24947.34,6410.71,91.18,4.94,8.17,3.27,760.01
5100409,Alto Garças,resto_mt,FALSE,2015,782098,276722,72,75192,82934,1397,284,2344,786123,1372368.41,99.49,0.18,0.04,0.3,0.9898,0.0136,Lavoura,1.0272,24643.51,6696.23,90.66,4.96,0.6,3.27,815.91
5100409,Alto Garças,resto_mt,FALSE,2016,998500,274814,72,93623,101752,1625,409,4237.99,1004771.99,1622585.54,99.38,0.16,0.04,0.42,0.9877,0.0164,Lavoura,1.1143,24142.49,8224.81,92.01,5.91,18.23,3.27,1067.49
5100409,Alto Garças,resto_mt,FALSE,2017,808732,284524,72,84541,91114,1625,415,3954,814726,1269091.16,99.26,0.2,0.05,0.49,0.9853,0.0196,Lavoura,0.9108,24672.56,7330.99,92.79,4.45,-21.79,3.27,721.06
5100409,Alto Garças,resto_mt,FALSE,2018,886366,275850,72,84317,91415,1709,277,2152,890504,1327478.78,99.54,0.19,0.03,0.24,0.9908,0.0123,Lavoura,0.8645,23243.17,7104.57,92.24,4.81,4.6,3.27,776.76
5100409,Alto Garças,resto_mt,FALSE,2019,1246576,280306,72,81779,89715,2059,276,1390,1250301,1788288.14,99.7,0.16,0.02,0.11,0.994,0.008,Lavoura,1.0462,23300.58,6797.92,91.15,6.39,34.71,3.27,1113.52
5100409,Alto Garças,resto_mt,FALSE,2020,1275412,279022,72,83793,92006,2403,397,4473,1282685,1723080.03,99.43,0.19,0.03,0.35,0.9886,0.0152,Lavoura,0.7932,22962.88,6895.98,91.07,6.19,-3.65,3.27,1034.88
5100409,Alto Garças,resto_mt,FALSE,2021,2401806,275022,72,86731,94566,2476,650,6134,2411066,2865064.63,99.62,0.1,0.03,0.25,0.9924,0.0101,Lavoura,0.7841,22317.78,7038.14,91.71,10.41,66.28,3.27,1421.18
5100409,Alto Garças,resto_mt,FALSE,2022,3137848,284996,72,95747,102897,1925,569,4508,3144850,3442028.09,99.78,0.06,0.02,0.14,0.9956,0.0059,Lavoura,0.8878,21835.43,7335.81,93.05,12.07,20.14,3.27,1606.16
5100409,Alto Garças,resto_mt,FALSE,2023,2200546,325920,72,94184,107181,4658,1542,2652.01,2209398.01,2299534.37,99.6,0.21,0.07,0.12,0.992,0.0107,Lavoura,0.7024,24970.89,7216.06,87.87,7.05,-33.19,3.27,1023.38
5100409,Alto Garças,resto_mt,FALSE,2024,2058880,385260,72,90731,104119,6522,2944,1934,2070280,2070280.01,99.45,0.32,0.14,0.09,0.989,0.0147,Lavoura,0.8301,28106.81,6619.32,87.14,5.37,-9.97,3.27,962.03
5100508,Alto Paraguai,resto_mt,FALSE,2000,9778,11090,72,57342,80303,800,35,,10613,,92.13,7.54,0.33,0,0.8545,0.194,Lavoura,0.136,1288.79,6663.8,71.41,,,4.68,
5100508,Alto Paraguai,resto_mt,FALSE,2001,7110,9566,72,52898,76344,772,37,,7919,,89.78,9.75,0.47,0,0.8156,0.2459,Lavoura,0.0894,1177.35,6510.52,69.29,,,4.68,
5100508,Alto Paraguai,resto_mt,FALSE,2002,14156,15448,72,54529,78619,787,39,,14982,72452.47,94.49,5.25,0.26,0,0.8956,0.1392,Lavoura,0.1152,1985.86,7009.77,69.36,4.68,,4.68,
5100508,Alto Paraguai,resto_mt,FALSE,2003,18528,12554,72,71148,86880,1263,49,,19840,84095.7,93.39,6.37,0.25,0,0.8762,0.1651,Lavoura,0.0954,1697.63,9621.1,81.89,6.69,16.07,4.68,
5100508,Alto Paraguai,resto_mt,FALSE,2004,31264,18746,72,78517,94257,1625,38,,32927,129526.44,94.95,4.94,0.12,0,0.904,0.128,Lavoura,0.1089,2844.61,11914.57,83.3,6.9,54.02,4.68,
5100508,Alto Paraguai,resto_mt,FALSE,2005,20592,17914,72,77822,94124,1341,40,,21973,80457.19,93.72,6.1,0.18,0,0.8821,0.1572,Lavoura,0.0813,2915.69,12666.34,82.68,4.48,-37.88,4.68,
5100508,Alto Paraguai,resto_mt,FALSE,2006,23696,21894,72,71476,89207,1623,86,,25405,87122.04,93.27,6.39,0.34,0,0.874,0.168,Lavoura,0.1529,3839.71,12535.25,80.12,3.97,8.28,4.68,1062.48
5100508,Alto Paraguai,resto_mt,FALSE,2007,29722,19502,72,58916,71963,1345,51,,31118,100258.13,95.51,4.32,0.16,0,0.9141,0.1145,Lavoura,0.1368,2394.65,7234.28,81.87,5.14,15.08,4.68,1302.04
5100508,Alto Paraguai,resto_mt,FALSE,2008,40848,21234,72,65065,80025,1729,33,,42610,126204.88,95.86,4.06,0.08,0,0.9206,0.1059,Lavoura,0.1266,2539.65,7781.96,81.31,5.93,25.88,4.68,2035.55
5100508,Alto Paraguai,resto_mt,FALSE,2009,40372,20284,72,69301,84408,1479,38,,41889,115614,96.38,3.53,0.09,0,0.9302,0.0931,Lavoura,0.1248,2435.35,8320.45,82.1,5.7,-8.39,4.68,1700.2
5100508,Alto Paraguai,resto_mt,FALSE,2010,26920,20876,72,63733,79788,1501,353,,28774,73246.69,93.56,5.22,1.23,0,0.8782,0.1624,Lavoura,0.1,2073.91,6331.51,79.88,3.51,-36.65,4.68,963.78
5100508,Alto Paraguai,resto_mt,FALSE,2011,37678,20114,72,72504,85688,1988,171,,39837,93620.59,94.58,4.99,0.43,0,0.897,0.1373,Lavoura,0.0894,1975.83,7122.2,84.61,4.66,27.82,4.68,1560.34
5100508,Alto Paraguai,resto_mt,FALSE,2012,40534,18914,72,66884,81427,1874,302,,42710,92986.36,94.91,4.39,0.71,0,0.9028,0.1296,Lavoura,0.0796,1838.1,6499.9,82.14,4.91,-0.68,4.68,1788.2
5100508,Alto Paraguai,resto_mt,FALSE,2013,51732,18714,72,63289,76798,1960,417,453,54562,110497.68,94.81,3.59,0.76,0.83,0.9003,0.1329,Lavoura,0.0908,1786.37,6041.33,82.41,5.91,18.83,4.68,1241.56
5100508,Alto Paraguai,resto_mt,FALSE,2014,51788,19714,72,69568,83204,2138,475,4630,59031,110850.09,87.73,3.62,0.8,7.84,0.7772,0.2971,Lavoura,0.0838,1861.22,6567.98,83.61,5.63,0.32,4.68,1045.75
5100508,Alto Paraguai,resto_mt,FALSE,2015,52450,19714,72,72699,87229,2343,533,8842,64168,112020.8,81.74,3.65,0.83,13.78,0.6885,0.4153,Lavoura,0.0838,1841.74,6791.76,83.34,5.68,1.06,4.68,1600.31
5100508,Alto Paraguai,resto_mt,FALSE,2016,70442,19714,72,79930,92281,3538,885,12180,87045,140567.18,80.93,4.06,1.02,13.99,0.6763,0.4316,Lavoura,0.0965,1823.01,7391.34,86.62,7.13,25.48,4.68,1849.57
5100508,Alto Paraguai,resto_mt,FALSE,2017,62906,20714,72,81137,92772,2218,1000,37749,103873,161802,60.56,2.14,0.96,36.34,0.4994,0.6675,Pescado-extrativista,0.1161,1896.71,7429.45,87.46,7.81,15.11,4.68,1703.18
5100508,Alto Paraguai,resto_mt,FALSE,2018,59920,20714,72,83631,99688,2214,1213,33811,97158,144833.92,61.67,2.28,1.25,34.8,0.5021,0.6639,Pescado-extrativista,0.0943,1843.21,7441.8,83.89,7,-10.49,4.68,1477.89
5100508,Alto Paraguai,resto_mt,FALSE,2019,67528,22714,72,79598,93188,2392,1063,33821,104804,149899.71,64.43,2.28,1.01,32.27,0.5199,0.6401,Pescado-extrativista,0.0877,2000.18,7009.33,85.42,6.59,3.5,4.68,1326.56
5100508,Alto Paraguai,resto_mt,FALSE,2020,94808,22714,72,77872,91694,2535,541,46458,144342,193900.16,65.68,1.76,0.37,32.19,0.5353,0.6196,Pescado-extrativista,0.0893,1979.78,6787.41,84.93,8.53,29.35,4.68,1405.06
5100508,Alto Paraguai,resto_mt,FALSE,2021,185020,23288,72,85318,99003,3289,786,56547.99,245642.99,291897.05,75.32,1.34,0.32,23.02,0.6205,0.506,Pescado-extrativista,0.0799,2009.84,7363.25,86.18,12.52,50.54,4.68,1758.41
5100508,Alto Paraguai,resto_mt,FALSE,2022,195244,23238,72,91632,104858,3189,713,55591,254737,278808.82,76.65,1.25,0.28,21.82,0.6353,0.4863,Pescado-extrativista,0.0719,2901.49,11441.13,87.39,11.99,-4.48,4.68,1640.04
5100508,Alto Paraguai,resto_mt,FALSE,2023,178106,27238,72,93638,101208,2844,1432,66132,248514,258652.56,71.67,1.14,0.58,26.61,0.5846,0.5539,Pescado-extrativista,0.079,3400.92,11691.6,92.52,9.5,-7.23,4.68,1405.72
5100508,Alto Paraguai,resto_mt,FALSE,2024,115786,23238,72,94173,102598,5072,1670,75823.99,198351.99,198351.98,58.37,2.56,0.84,38.23,0.4876,0.6832,Pescado-extrativista,0.0795,3011.27,12203.32,91.79,8.53,-23.31,4.68,958.21
5100607,Alto Taquari,resto_mt,FALSE,2000,137878,170234,72,37182,48218,411,63,,138352,,99.66,0.3,0.05,0,0.9932,0.0091,Lavoura,1.7734,38032.62,8306.97,77.11,,,3.06,
5100607,Alto Taquari,resto_mt,FALSE,2001,141324,166234,72,30000,41421,397,62,,141783,,99.68,0.28,0.04,0,0.9936,0.0085,Lavoura,1.6014,35841.74,6468.31,72.43,,,3.06,
5100607,Alto Taquari,resto_mt,FALSE,2002,195970,177634,72,34770,46762,430,60,,196460,950074.32,99.75,0.22,0.03,0,0.995,0.0067,Lavoura,1.5105,37130.85,7267.98,74.36,5.35,,3.06,
5100607,Alto Taquari,resto_mt,FALSE,2003,323204,181948,72,34200,46792,397,122,,323723,1372162.83,99.84,0.12,0.04,0,0.9968,0.0043,Lavoura,1.5566,36936.26,6942.75,73.09,7.53,44.43,3.06,
5100607,Alto Taquari,resto_mt,FALSE,2004,385038,232758,72,30048,42744,559,92,,385689,1517202.53,99.83,0.14,0.02,0,0.9966,0.0045,Lavoura,1.2755,44538.46,5749.71,70.3,6.52,10.57,3.06,
5100607,Alto Taquari,resto_mt,FALSE,2005,520750,227734,72,26163,33613,798,165,,521713,1910324.6,99.82,0.15,0.03,0,0.9964,0.0048,Lavoura,1.9297,42235.53,4852.19,77.84,8.4,25.91,3.06,
5100607,Alto Taquari,resto_mt,FALSE,2006,240450,194960,72,25577,32935,852,254,,241556,828374.52,99.54,0.35,0.11,0,0.9908,0.0123,Lavoura,1.4542,35083.68,4602.66,77.66,4.25,-56.64,3.06,1479.24
5100607,Alto Taquari,resto_mt,FALSE,2007,311362,177622,72,25500,33112,952,226,,312540,1006963,99.62,0.3,0.07,0,0.9924,0.0101,Lavoura,1.3742,29320.24,4209.31,77.01,5.68,21.56,3.06,1301
5100607,Alto Taquari,resto_mt,FALSE,2008,439884,191098,72,23613,27836,777,298,,440959,1306059.15,99.76,0.18,0.07,0,0.9952,0.0064,Lavoura,1.3102,30232.24,3735.64,84.83,6.82,29.7,3.06,1581.19
5100607,Alto Taquari,resto_mt,FALSE,2009,369148,159964,72,22661,27095,659,312,,370119,1021531.49,99.74,0.18,0.08,0,0.9948,0.0069,Lavoura,1.1025,24590.93,3483.63,83.64,6.39,-21.79,3.06,1533.84
5100607,Alto Taquari,resto_mt,FALSE,2010,471878,184252,72,18662,23360,692,291,,472861,1203708.34,99.79,0.15,0.06,0,0.9958,0.0056,Lavoura,1.6437,22826.07,2311.94,79.89,6.54,17.83,3.06,1910.64
5100607,Alto Taquari,resto_mt,FALSE,2011,600912,211696,72,19473,24455,780,157,,601849,1414400.11,99.84,0.13,0.03,0,0.9968,0.0043,Lavoura,1.3507,25355.85,2332.38,79.63,6.67,17.5,3.06,2910.29
5100607,Alto Taquari,resto_mt,FALSE,2012,641014,221086,72,19388,24132,840,111,,641965,1397658.37,99.85,0.13,0.02,0,0.997,0.004,Lavoura,1.1963,25662.91,2250.49,80.34,6.31,-1.18,3.06,2858.21
5100607,Alto Taquari,resto_mt,FALSE,2013,663358,227794,72,18172,23610,998,126,254,664736,1346207.67,99.79,0.15,0.02,0.04,0.9958,0.0056,Lavoura,1.1064,25115.1,2003.53,76.97,5.91,-3.68,3.06,3175.01
5100607,Alto Taquari,resto_mt,FALSE,2014,884246,282228,72,19358,25068,1121,170,280,885817,1663412.28,99.82,0.13,0.02,0.03,0.9964,0.0048,Lavoura,1.257,30101.11,2064.63,77.22,5.91,23.56,3.06,4698.9
5100607,Alto Taquari,resto_mt,FALSE,2015,950478,280116,72,19464,25695,1177,224,295,952174,1662250.73,99.82,0.12,0.02,0.03,0.9964,0.0048,Lavoura,1.2441,28955.55,2011.99,75.75,5.93,-0.07,3.06,4295.22
5100607,Alto Taquari,resto_mt,FALSE,2016,1133242,279886,72,20580,27163,1345,292,320,1135199,1833209.43,99.83,0.12,0.03,0.03,0.9966,0.0045,Lavoura,1.259,28092.54,2065.64,75.76,6.54,10.28,3.06,4664.66
5100607,Alto Taquari,resto_mt,FALSE,2017,792722,210420,72,19773,26675,1345,288,271,794626,1237781.57,99.76,0.17,0.04,0.03,0.9952,0.0064,Lavoura,0.8884,20536.79,1929.83,74.13,5.88,-32.48,3.06,2940.1
5100607,Alto Taquari,resto_mt,FALSE,2018,951434,257516,72,15773,23431,1432,171,268,953305,1421096.52,99.8,0.15,0.02,0.03,0.996,0.0053,Lavoura,0.9254,24392.91,1494.08,67.32,5.52,14.81,3.06,2748.72
5100607,Alto Taquari,resto_mt,FALSE,2019,1175622,257946,72,14742,24654,994,487,280,1177383,1683994.54,99.85,0.08,0.04,0.02,0.997,0.004,Lavoura,0.9852,23780.4,1359.09,59.8,6.52,18.5,3.06,2868.82
5100607,Alto Taquari,resto_mt,FALSE,2020,1149564,256938,72,14509,24223,1131,450,280,1151425,1546753.45,99.84,0.1,0.04,0.02,0.9968,0.0043,Lavoura,0.7121,23078.95,1303.24,59.9,6.01,-8.15,3.06,2923.91
5100607,Alto Taquari,resto_mt,FALSE,2021,2335998,276280,72,14114,24232,1607,618,208,2338431,2778752.62,99.9,0.07,0.03,0.01,0.998,0.0027,Lavoura,0.7605,24207.48,1236.66,58.25,10.06,79.65,3.06,4615.86
5100607,Alto Taquari,resto_mt,FALSE,2022,3152886,305988,72,13673,23541,1500,580,210,3155176,3453329.85,99.93,0.05,0.02,0.01,0.9986,0.0019,Lavoura,0.8907,28062,1253.94,58.08,11.28,24.28,3.06,4870.7
5100607,Alto Taquari,resto_mt,FALSE,2023,2115128,307604,72,12560,22662,2498,1097,250,2118973,2205420.31,99.82,0.12,0.05,0.01,0.9964,0.0048,Lavoura,0.6737,28210.2,1151.87,55.42,7.18,-36.14,3.06,3063.08
5100607,Alto Taquari,resto_mt,FALSE,2024,1837296,271060,72,15000,25405,3482,2242,262,1843282,1843281.99,99.68,0.19,0.12,0.01,0.9936,0.0085,Lavoura,0.7391,23425.81,1296.34,59.04,6.8,-16.42,3.06,2504.45
5100805,Apiacás,resto_mt,FALSE,2000,4356,5190,72,75580,96745,544,465,,5365,,81.19,10.14,8.67,0,0.677,0.4307,Lavoura,0.0688,778.69,11339.83,78.12,,,7.03,
5100805,Apiacás,resto_mt,FALSE,2001,4962,5146,72,84382,106836,833,1293,,7088,,70.01,11.75,18.24,0,0.5372,0.6171,Lavoura,0.0801,779.46,12781.28,78.98,,,7.03,
5100805,Apiacás,resto_mt,FALSE,2002,4050,5210,72,103307,126648,990,2470,,7510,36318.13,53.93,13.18,32.89,0,0.4164,0.7781,Lavoura,0.0577,793.12,15726.44,81.57,6.97,,7.03,
5100805,Apiacás,resto_mt,FALSE,2003,5090,4994,72,127063,151223,1235,4278,,10603,44942.88,48.01,11.65,40.35,0,0.4069,0.7908,Florestal,0.051,765.36,19473.26,84.02,9.01,23.75,7.03,
5100805,Apiacás,resto_mt,FALSE,2004,9978,8084,72,176485,201265,1679,5133,,16790,66047.6,59.43,10,30.57,0,0.4566,0.7245,Lavoura,0.0555,1257.04,27442.85,87.69,8.17,46.96,7.03,
5100805,Apiacás,resto_mt,FALSE,2005,6770,7004,72,198253,223433,2110,5150,,14030,51372.8,48.25,15.04,36.71,0,0.3902,0.8131,Florestal,0.0519,1097.98,31079.01,88.73,7.33,-22.22,7.03,
5100805,Apiacás,resto_mt,FALSE,2006,8484,7190,72,199950,225486,2087,4340,,14911,51134.69,56.9,14,29.11,0,0.4281,0.7625,Lavoura,0.0898,1136.22,31597.66,88.68,7.1,-0.46,7.03,452.53
5100805,Apiacás,resto_mt,FALSE,2007,7668,2164,72,196569,216013,2010,5176,,14854,47857.65,51.62,13.53,34.85,0,0.4062,0.7917,Lavoura,0.0653,273.03,24800.53,91,22.12,-6.41,7.03,310.77
5100805,Apiacás,resto_mt,FALSE,2008,16042,5752,72,218856,237439,2216,7197,,25455,75394.17,63.02,8.71,28.27,0,0.4847,0.6871,Lavoura,0.0756,699.08,26598.93,92.17,13.11,57.54,7.03,425.95
5100805,Apiacás,resto_mt,FALSE,2009,14896,4042,72,237529,257185,3151,38294,,56341,155501.63,26.44,5.59,67.97,0,0.535,0.62,Florestal,0.1678,482.28,28341.37,92.36,38.46,106.25,7.03,781.42
5100805,Apiacás,resto_mt,FALSE,2010,8168,2722,72,233099,253264,2573,22223,,32964,83912.7,24.78,7.81,67.42,0,0.5221,0.6372,Florestal,0.1146,317.73,27208.94,92.04,30.83,-46.04,7.03,364.83
5100805,Apiacás,resto_mt,FALSE,2011,11056,3350,72,243314,264269,2698,20302,,34056,80034.7,32.46,7.92,59.61,0,0.467,0.7107,Florestal,0.0764,384.48,27925.4,92.07,23.9,-4.62,7.03,324.03
5100805,Apiacás,resto_mt,FALSE,2012,14327,2515,72,250919,272076,3282,18337,,35946,78260.07,39.86,9.13,51.01,0,0.4274,0.7635,Florestal,0.067,284.02,28336.42,92.22,31.11,-2.22,7.03,300.99
5100805,Apiacás,resto_mt,FALSE,2013,13496,2115,72,246644,264856,2175,17056,440,33167,67169.03,40.69,6.56,51.42,1.33,0.4344,0.7541,Florestal,0.0552,232.57,27121.62,93.12,31.77,-14.17,7.03,294.6
5100805,Apiacás,resto_mt,FALSE,2014,3682,354,72,217691,235799,1732,16834,956,23204,43573.13,15.87,7.46,72.55,4.12,0.5588,0.5883,Florestal,0.0329,38.27,23536.71,92.32,123.08,-35.13,7.03,222.31
5100805,Apiacás,resto_mt,FALSE,2015,6188,460,72,220097,237860,1848,17681,920,26637,46501.34,23.23,6.94,66.38,3.45,0.5006,0.6659,Florestal,0.0348,48.94,23414.57,92.53,101.09,6.72,7.03,230.2
5100805,Apiacás,resto_mt,FALSE,2016,11298,614,72,234177,249312,979,20645,966,33888,54725.03,33.34,2.89,60.92,2.85,0.4839,0.6881,Florestal,0.0376,64.29,24518.58,93.93,89.12,17.68,7.03,261.84
5100805,Apiacás,resto_mt,FALSE,2017,2168,180,72,247190,264846,1140,23796,890.01,27994.01,43606.02,7.74,4.07,85,3.18,0.7312,0.3584,Florestal,0.0313,18.57,25499.28,93.33,242.26,-20.32,7.03,190.41
5100805,Apiacás,resto_mt,FALSE,2018,1821,154,72,264392,278771,1181,26070,700,29772,44381.27,6.12,3.97,87.57,2.35,0.7727,0.3031,Florestal,0.0289,15.43,26494.84,94.84,288.19,1.78,7.03,201.74
5100805,Apiacás,resto_mt,FALSE,2019,2124,128,72,283562,297558,1307,24792,0,28223,40366.96,7.53,4.63,87.84,0,0.7794,0.2941,Florestal,0.0236,12.63,27984.01,95.3,315.37,-9.05,7.03,193.13
5100805,Apiacás,resto_mt,FALSE,2020,1489,134,72,275715,291610,1341,27729,0,30559,41051.09,4.87,4.39,90.74,0,0.8277,0.2297,Florestal,0.0189,13.03,26812.7,94.55,306.36,1.69,7.03,196.42
5100805,Apiacás,resto_mt,FALSE,2021,23259,3110,72,301722,317979,863,37175,0,61297,72839.09,37.94,1.41,60.65,0,0.512,0.6507,Florestal,0.0199,298.15,28925.51,94.89,23.42,77.44,7.03,389.53
5100805,Apiacás,resto_mt,FALSE,2022,38036,4194,72,330227,346610,914,31169,292,70411,77064.61,54.02,1.3,44.27,0.41,0.488,0.6827,Lavoura,0.0199,488.24,38443.19,95.27,18.38,5.8,7.03,325.17
5100805,Apiacás,resto_mt,FALSE,2023,39542,6211,72,335275,340971,1850,16160,216,57768,60124.76,68.45,3.2,27.97,0.37,0.5478,0.6029,Lavoura,0.0184,723.05,39030.85,98.33,9.67,-21.98,7.03,208.76
5100805,Apiacás,resto_mt,FALSE,2024,96192,15099,72,329257,341265,2832,62255,670,161949,161949.01,59.4,1.75,38.44,0.41,0.5009,0.6655,Lavoura,0.0649,1737.11,37880.46,96.48,10.72,169.35,7.03,496.77
5101001,Araguaiana,resto_mt,FALSE,2000,2428,3668,72,230918,241719,405,110,,2943,,82.5,13.76,3.74,0,0.701,0.3987,Lavoura,0.0377,1070.64,67401.63,95.53,,,18.14,
5101001,Araguaiana,resto_mt,FALSE,2001,2536,3568,72,203800,214683,367,83,,2986,,84.93,12.29,2.78,0,0.7372,0.3504,Lavoura,0.0337,1039.32,59364.99,94.93,,,18.14,
5101001,Araguaiana,resto_mt,FALSE,2002,640,520,72,196008,206022,329,68,,1037,5014.91,61.72,31.73,6.56,0,0.4859,0.6855,Lavoura,0.008,151.43,57078.63,95.14,9.65,,18.14,
5101001,Araguaiana,resto_mt,FALSE,2003,576,300,72,247859,257376,271,65,,912,3865.7,63.16,29.71,7.13,0,0.4923,0.6769,Lavoura,0.0044,87.26,72093.95,96.3,12.88,-22.92,18.14,
5101001,Araguaiana,resto_mt,FALSE,2004,3824,2120,72,268740,277549,357,122,,4303,16926.9,88.87,8.3,2.84,0,0.7975,0.27,Lavoura,0.0142,615.03,77963.45,96.83,7.99,337.87,18.14,
5101001,Araguaiana,resto_mt,FALSE,2005,1280,960,72,283538,292673,451,358,,2089,7649.16,61.27,21.59,17.14,0,0.4514,0.7315,Lavoura,0.0077,278.18,82161.11,96.88,7.97,-54.81,18.14,
5101001,Araguaiana,resto_mt,FALSE,2006,630,140,72,253453,262776,456,489,,1575,5401.2,40,28.95,31.05,0,0.3402,0.8797,Florestal,0.0095,40.51,73337.09,96.45,38.59,-29.39,18.14,20.01
5101001,Araguaiana,resto_mt,FALSE,2007,1200,460,72,264056,274482,552,559,,2311,7445.74,51.93,23.89,24.19,0,0.3853,0.8196,Lavoura,0.0102,154.67,88788.16,96.2,16.19,37.85,18.14,31.03
5101001,Araguaiana,resto_mt,FALSE,2008,1230,400,72,273481,283423,701,437,,2368,7013.67,51.94,29.6,18.45,0,0.3914,0.8115,Lavoura,0.007,131.67,90020.08,96.49,17.54,-5.8,18.14,27.72
5101001,Araguaiana,resto_mt,FALSE,2009,1234,360,72,303653,313707,1241,120,,2595,7162.21,47.55,47.82,4.62,0,0.4569,0.7241,Pecuário,0.0077,120.16,101352.8,96.8,19.91,2.12,18.14,24.62
5101001,Araguaiana,resto_mt,FALSE,2010,1242,420,72,281057,290679,1068,123,,2433,6193.41,51.05,43.9,5.06,0,0.4559,0.7255,Pecuário,0.0085,131.37,87912.73,96.69,14.74,-13.53,18.14,22.6
5101001,Araguaiana,resto_mt,FALSE,2011,2038,420,72,293995,303434,1166,108,,3312,7783.51,61.53,35.21,3.26,0,0.5036,0.6619,Lavoura,0.0074,132.08,92451.26,96.89,18.53,25.67,18.14,23.24
5101001,Araguaiana,resto_mt,FALSE,2012,3938,1420,72,290243,298144,1194,160,,5292,11521.5,74.41,22.56,3.02,0,0.6055,0.526,Lavoura,0.0099,448.94,91761.93,97.35,8.12,48.02,18.14,38.03
5101001,Araguaiana,resto_mt,FALSE,2013,5714,2900,72,285412,291380,924,569,516,7723,15640.44,73.99,11.96,7.37,6.68,0.5717,0.5711,Lavoura,0.0129,925.63,91098.63,97.95,5.4,35.75,18.14,45.59
5101001,Araguaiana,resto_mt,FALSE,2014,12994,4296,72,296248,302541,1251,843,434,15522,29147.65,83.71,8.06,5.43,2.8,0.711,0.3853,Lavoura,0.022,1382.24,95317.89,97.92,6.8,86.36,18.14,79.86
5101001,Araguaiana,resto_mt,FALSE,2015,14828,4780,72,307264,313574,786,151,335,16100,28106.45,92.1,4.88,0.94,2.08,0.8511,0.1985,Lavoura,0.021,1550.44,99663.96,97.99,5.88,-3.57,18.14,68.73
5101001,Araguaiana,resto_mt,FALSE,2016,13326,4780,72,305203,312345,1045,174,344,14889,24043.95,89.5,7.02,1.17,2.31,0.8066,0.2579,Lavoura,0.0165,1562.6,99772.15,97.71,5.04,-14.45,18.14,57.25
5101001,Araguaiana,resto_mt,FALSE,2017,12518,4374,72,296796,305444,1127,214,375,14234,22172.18,87.94,7.92,1.5,2.63,0.7805,0.2927,Lavoura,0.0159,1440.71,97758.89,97.17,5.07,-7.78,18.14,50.05
5101001,Araguaiana,resto_mt,FALSE,2018,15162,7160,72,282467,291940,805,174,970,17111,25507.46,88.61,4.7,1.02,5.67,0.7907,0.2791,Lavoura,0.0166,2295.61,90563.32,96.76,3.56,15.04,18.14,59.18
5101001,Araguaiana,resto_mt,FALSE,2019,21844,6378,72,301023,312897,900,327,734,23805,34047.95,91.76,3.78,1.37,3.08,0.8446,0.2072,Lavoura,0.0199,2057.42,97104.19,96.21,5.35,33.48,18.14,93.27
5101001,Araguaiana,resto_mt,FALSE,2020,44278,8758,72,323718,336271,727,343,679,46027,61829.84,96.2,1.58,0.75,1.48,0.926,0.0987,Lavoura,0.0285,2816.98,104122.87,96.27,7.05,81.6,18.14,133.26
5101001,Araguaiana,resto_mt,FALSE,2021,75098,9548,72,301793,313828,795,375,704.01,76972.01,91465.68,97.57,1.03,0.49,0.91,0.9522,0.0637,Lavoura,0.025,3116.19,98496.41,96.17,9.57,47.93,18.14,210.75
5101001,Araguaiana,resto_mt,FALSE,2022,250634,25056,72,302417,314018,785,380,646.01,252445.01,276300.25,99.28,0.31,0.15,0.26,0.9857,0.0191,Lavoura,0.0713,6602.37,79688.27,96.31,11.02,202.08,18.14,453.7
5101001,Araguaiana,resto_mt,FALSE,2023,182596,25056,72,316356,329329,2080,310,855,185841,193422.71,98.25,1.12,0.17,0.46,0.9655,0.046,Lavoura,0.0591,6602.37,83361.26,96.06,7.71,-30,18.14,298.04
5101001,Araguaiana,resto_mt,FALSE,2024,178736,27908,72,323335,339015,3052,13937,506,196231,196231,91.08,1.56,7.1,0.26,0.8348,0.2203,Lavoura,0.0787,7065.32,81856.96,95.37,7.03,1.45,18.14,305.65
5101209,Araguainha,resto_mt,FALSE,2000,436,500,72,22160,26418,221,13,,670,,65.07,32.99,1.94,0,0.5326,0.6232,Lavoura,0.0086,369.82,16390.53,83.88,,,11.77,
5101209,Araguainha,resto_mt,FALSE,2001,506,300,72,23717,28193,222,12,,740,,68.38,30,1.62,0,0.5578,0.5896,Lavoura,0.0084,224.38,17738.97,84.12,,,11.77,
5101209,Araguainha,resto_mt,FALSE,2002,280,184,72,30444,35145,308,18,,606,2930.61,46.2,50.83,2.97,0,0.4727,0.7031,Pecuário,0.0047,137.42,22736.37,86.62,15.94,,11.77,
5101209,Araguainha,resto_mt,FALSE,2003,510,400,72,25394,30331,238,28,,776,3289.23,65.72,30.67,3.61,0,0.5273,0.6303,Lavoura,0.0037,300.3,19064.56,83.72,8.22,12.24,11.77,
5101209,Araguainha,resto_mt,FALSE,2004,838,500,72,27388,32381,414,26,,1278,5027.33,65.57,32.39,2.03,0,0.5353,0.6196,Lavoura,0.0042,379.08,20764.22,84.58,10.06,52.84,11.77,
5101209,Araguainha,resto_mt,FALSE,2005,1176,1544,72,26409,29275,750,53,,1979,7246.39,59.42,37.9,2.68,0,0.4974,0.6701,Lavoura,0.0073,1176.83,20128.81,90.21,4.68,44.14,11.77,
5101209,Araguainha,resto_mt,FALSE,2006,1232,1100,72,28487,31646,895,99,,2226,7633.68,55.35,40.21,4.45,0,0.47,0.7067,Pecuário,0.0134,842.91,21829.12,90.02,6.95,5.34,11.77,363.51
5101209,Araguainha,resto_mt,FALSE,2007,744,420,72,27399,31045,946,62,,1752,5644.71,42.47,54,3.54,0,0.4732,0.7024,Pecuário,0.0077,376.01,24529.1,88.26,13.44,-26.06,11.77,209.07
5101209,Araguainha,resto_mt,FALSE,2008,396,214,72,26485,30194,720,74,,1190,3524.62,33.28,60.5,6.22,0,0.4806,0.6925,Pecuário,0.0035,188.05,23273.29,87.72,16.47,-37.56,11.77,130.54
5101209,Araguainha,resto_mt,FALSE,2009,386,154,72,28437,32332,591,70,,1047,2889.72,36.87,56.45,6.69,0,0.4591,0.7212,Pecuário,0.0031,138.12,25504.04,87.95,18.76,-18.01,11.77,137.61
5101209,Araguainha,resto_mt,FALSE,2010,230,160,72,26916,30885,603,91,,924,2352.12,24.89,65.26,9.85,0,0.4975,0.67,Pecuário,0.0032,145.99,24558.39,87.15,14.71,-18.6,11.77,112.01
5101209,Araguainha,resto_mt,FALSE,2011,320,74,72,27972,32143,802,49,,1171,2751.96,27.33,68.49,4.18,0,0.5455,0.606,Pecuário,0.0026,68.71,25972.14,87.02,37.19,17,11.77,114.65
5101209,Araguainha,resto_mt,FALSE,2012,380,130,72,28727,32672,780,216,,1376,2995.77,27.62,56.69,15.7,0,0.4223,0.7703,Pecuário,0.0026,122.87,27152.17,87.93,23.04,8.86,11.77,119.82
5101209,Araguainha,resto_mt,FALSE,2013,1116,134,72,29343,33661,888,64,,2068,4188.07,53.97,42.94,3.09,0,0.4766,0.6979,Pecuário,0.0034,130.86,28655.27,87.17,31.26,39.8,11.77,149.58
5101209,Araguainha,resto_mt,FALSE,2014,1364,222,72,30810,35351,1047,98,,2509,4711.47,54.36,41.73,3.91,0,0.4712,0.7051,Pecuário,0.0036,222,30810,87.15,21.23,12.5,11.77,188.45
5101209,Araguainha,resto_mt,FALSE,2015,1410,234,72,31485,36290,1099,130,,2639,4607.03,53.43,41.64,4.93,0,0.4613,0.7183,Pecuário,0.0034,239.75,32259.22,86.76,19.68,-2.22,11.77,242.47
5101209,Araguainha,resto_mt,FALSE,2016,2974,754,72,31697,36751,1273,179,,4426,7147.45,67.19,28.76,4.04,0,0.5358,0.6189,Lavoura,0.0049,791.19,33260.23,86.25,9.47,55.14,11.77,255.27
5101209,Araguainha,resto_mt,FALSE,2017,2784,754,72,30635,35524,1273,175,,4232,6592.15,65.78,30.08,4.14,0,0.5249,0.6335,Lavoura,0.0047,809.88,32905.48,86.24,8.73,-7.77,11.77,253.54
5101209,Araguainha,resto_mt,FALSE,2018,3154,754,72,26964,32092,1219,156,,4529,6751.4,69.64,26.92,3.44,0,0.5586,0.5885,Lavoura,0.0044,788.7,28205.02,84.02,8.96,2.42,11.77,217.77
5101209,Araguainha,resto_mt,FALSE,2019,7870,1574,72,25982,30968,663,178,,8711,12459.22,90.35,7.61,2.04,0,0.8225,0.2367,Lavoura,0.0073,1683.42,27788.24,83.9,7.92,84.54,11.77,389.35
5101209,Araguainha,resto_mt,FALSE,2020,7178,1574,72,26026,31129,729,257,,8164,10967.02,87.92,8.93,3.15,0,0.782,0.2907,Lavoura,0.005,1663.85,27511.63,83.61,6.97,-11.98,11.77,476.84
5101209,Araguainha,resto_mt,FALSE,2021,28624,2908,72,27418,32379,870,329,,29823,35438.6,95.98,2.92,1.1,0,0.9222,0.1037,Lavoura,0.0097,3199.12,30162.82,84.68,12.19,223.14,11.77,1107.46
5101209,Araguainha,resto_mt,FALSE,2022,38892,3374,72,30987,36563,895,317,,40104,43893.69,96.98,2.23,0.79,0,0.9411,0.0785,Lavoura,0.0113,3340.59,30680.2,84.75,13.01,23.86,11.77,860.66
5101209,Araguainha,resto_mt,FALSE,2023,23640,3754,72,28573,34307,1898,488,,26026,27087.78,90.83,7.29,1.88,0,0.8307,0.2257,Lavoura,0.0083,3716.83,28290.1,83.29,7.2,-38.29,11.77,601.95
5101209,Araguainha,resto_mt,FALSE,2024,30570,5594,72,29430,35337,2762,547,,33879,33879,90.23,8.15,1.61,0,0.821,0.2387,Lavoura,0.0136,5560.64,29254.47,83.28,6.06,25.07,11.77,752.86
5101258,Araputanga,resto_mt,FALSE,2000,3868,7166,72,191117,211726,3139,147,,7154,,54.07,43.88,2.05,0,0.4853,0.6863,Pecuário,0.0917,524.02,13975.65,90.27,,,2.96,
5101258,Araputanga,resto_mt,FALSE,2001,2148,5266,72,204508,225663,2959,135,,5242,,40.98,56.45,2.58,0,0.4873,0.6836,Pecuário,0.0592,381.95,14833.39,90.63,,,2.96,
5101258,Araputanga,resto_mt,FALSE,2002,2832,5122,72,209775,231647,3700,147,,6679,32299.44,42.4,55.4,2.2,0,0.4872,0.6837,Pecuário,0.0514,368.22,15080.88,90.56,6.31,,2.96,
5101258,Araputanga,resto_mt,FALSE,2003,6016,5468,72,223590,246201,4682,151,,10849,45985.6,55.45,43.16,1.39,0,0.4939,0.6748,Pecuário,0.0522,390.07,15950.21,90.82,8.4,42.37,2.96,
5101258,Araputanga,resto_mt,FALSE,2004,4024,4044,72,230244,254181,7456,194,,11674,45922.55,34.47,63.87,1.66,0,0.527,0.6307,Pecuário,0.0386,283.85,16160.88,90.58,11.35,-0.14,2.96,
5101258,Araputanga,resto_mt,FALSE,2005,5134,6260,72,210274,234331,7875,359,,13368,48948.79,38.41,58.91,2.69,0,0.4953,0.6729,Pecuário,0.0494,435.51,14628.77,89.73,7.81,6.59,2.96,
5101258,Araputanga,resto_mt,FALSE,2006,3676,3618,72,196063,217900,8292,323,,12291,42149.86,29.91,67.46,2.63,0,0.5452,0.6064,Pecuário,0.074,249.53,13522.52,89.98,11.66,-13.89,2.96,171.34
5101258,Araputanga,resto_mt,FALSE,2007,3086,3494,72,190415,213859,8811,424,,12321,39696.66,25.05,71.51,3.44,0,0.5753,0.5663,Pecuário,0.0542,227.84,12417.02,89.04,11.35,-5.82,2.96,143.32
5101258,Araputanga,resto_mt,FALSE,2008,3358,2266,72,181559,205869,11042,768,,15168,44925.49,22.14,72.8,5.06,0,0.5816,0.5579,Pecuário,0.0451,142.71,11434.63,88.19,19.83,13.17,2.96,144
5101258,Araputanga,resto_mt,FALSE,2009,2664,2226,72,185517,210206,12512,1075,,16251,44852.89,16.39,76.99,6.61,0,0.624,0.5013,Pecuário,0.0484,138.35,11529.96,88.25,20.16,-0.16,2.96,109.66
5101258,Araputanga,resto_mt,FALSE,2010,1856,960,72,194861,220047,13484,781,,16121,41037.39,11.51,83.64,4.84,0,0.7152,0.3797,Pecuário,0.056,62.57,12701.15,88.55,42.74,-8.51,2.96,90.39
5101258,Araputanga,resto_mt,FALSE,2011,2198,1400,72,206229,229700,17040,911,,20149,47352,10.91,84.57,4.52,0,0.7292,0.3611,Pecuário,0.0452,90.5,13330.9,89.78,33.83,15.39,2.96,100.53
5101258,Araputanga,resto_mt,FALSE,2012,5902,3146,72,204491,227379,11448,991,,18341,39931.23,32.18,62.42,5.4,0,0.4961,0.6719,Pecuário,0.0342,201.74,13113.44,89.93,12.7,-15.67,2.96,85.15
5101258,Araputanga,resto_mt,FALSE,2013,6060,3432,72,213148,238203,11518,875,0,18453,37370.58,32.84,62.42,4.74,0,0.4997,0.6671,Pecuário,0.0307,217.17,13487.82,89.48,10.9,-6.41,2.96,76.72
5101258,Araputanga,resto_mt,FALSE,2014,7376,3576,72,222883,250981,12239,1000,430,21045,39518.9,35.05,58.16,4.75,2.04,0.4638,0.7149,Pecuário,0.0299,224.54,13994.91,88.8,11.05,5.75,2.96,80.49
5101258,Araputanga,resto_mt,FALSE,2015,9760,4100,72,221708,246552,12763,988,2600,26111,45583.1,37.38,48.88,3.78,9.96,0.39,0.8133,Pecuário,0.0341,255.5,13816.17,89.92,11.12,15.35,2.96,92.46
5101258,Araputanga,resto_mt,FALSE,2016,23034,4426,72,225259,250502,10002,805,1640,35481,57297.53,64.92,28.19,2.27,4.62,0.5036,0.6619,Lavoura,0.0394,274.75,13983.43,89.92,12.96,25.7,2.96,112.57
5101258,Araputanga,resto_mt,FALSE,2017,13954,5030,72,216551,242027,15996,809,1160,31919,49719.93,43.72,50.11,2.53,3.63,0.4442,0.7411,Pecuário,0.0357,310.05,13348.39,89.47,9.88,-13.23,2.96,100.65
5101258,Araputanga,resto_mt,FALSE,2018,18368,5396,72,222051,247297,9813,915,1000,30096,44864.25,61.03,32.61,3.04,3.32,0.4808,0.6923,Lavoura,0.0292,323.31,13304.43,89.79,8.32,-9.77,2.96,85.79
5101258,Araputanga,resto_mt,FALSE,2019,9858,2212,72,215466,240779,10375,622,1080,21935,31373.33,44.94,47.3,2.84,4.92,0.4289,0.7615,Pecuário,0.0184,131.49,12808.58,89.49,14.18,-30.07,2.96,69.27
5101258,Araputanga,resto_mt,FALSE,2020,11942,2220,72,226150,251984,11717,684,1080,25423,34151.68,46.97,46.09,2.69,4.25,0.4356,0.7525,Pecuário,0.0157,130.97,13341.4,89.75,15.38,8.86,2.96,73.29
5101258,Araputanga,resto_mt,FALSE,2021,62696,8440,72,239105,261578,16055,689,1209,80649,95835.03,77.74,19.91,0.85,1.5,0.6443,0.4743,Lavoura,0.0262,494.2,14000.76,91.41,11.35,180.62,2.96,203.47
5101258,Araputanga,resto_mt,FALSE,2022,67546,8820,72,253025,275138,22090,641,1066,91343,99974.61,73.95,24.18,0.7,1.17,0.6055,0.526,Lavoura,0.0258,596.51,17112.47,91.96,11.33,4.32,2.96,184.45
5101258,Araputanga,resto_mt,FALSE,2023,46338,5406,72,253436,278854,44512,632,867,92349,96116.54,50.18,48.2,0.68,0.94,0.4843,0.6876,Pecuário,0.0294,365.62,17140.27,90.88,17.77,-3.86,2.96,174.12
5101258,Araputanga,resto_mt,FALSE,2024,24980,5146,72,254588,272606,34800,636,996,61412,61412.01,40.68,56.67,1.04,1.62,0.487,0.684,Pecuário,0.0246,346.44,17139.36,93.39,11.94,-36.11,2.96,110.45
5101308,Arenápolis,resto_mt,FALSE,2000,2470,3236,72,41831,51241,716,26,,3212,,76.9,22.29,0.81,0,0.6411,0.4785,Lavoura,0.0412,275.5,3561.3,81.64,,,2.01,
5101308,Arenápolis,resto_mt,FALSE,2001,6366,5850,72,36770,46326,651,28,,7045,,90.36,9.24,0.4,0,0.825,0.2333,Lavoura,0.0796,515.92,3242.79,79.37,,,2.01,
5101308,Arenápolis,resto_mt,FALSE,2002,16342,11398,72,39694,49525,664,48,,17054,82472.61,95.83,3.89,0.28,0,0.9199,0.1068,Lavoura,0.1311,1018.04,3545.37,80.15,7.23,,2.01,
5101308,Arenápolis,resto_mt,FALSE,2003,24210,12226,72,43644,53767,1085,54,,25349,107446.66,95.51,4.28,0.21,0,0.9141,0.1145,Lavoura,0.1219,1110.85,3965.47,81.17,8.78,30.28,2.01,
5101308,Arenápolis,resto_mt,FALSE,2004,19532,11892,72,40732,51220,1419,62,,21013,82659.81,92.95,6.75,0.3,0,0.8685,0.1753,Lavoura,0.0695,1121.04,3839.74,79.52,6.95,-23.07,2.01,
5101308,Arenápolis,resto_mt,FALSE,2005,10340,12042,72,38954,49889,1180,54,,11574,42379.81,89.34,10.2,0.47,0,0.8086,0.2552,Lavoura,0.0428,1159.22,3749.9,78.08,3.51,-48.73,2.01,
5101308,Arenápolis,resto_mt,FALSE,2006,5092,4336,72,36231,47698,1113,55,,6260,21467.59,81.34,17.78,0.88,0,0.6933,0.4089,Lavoura,0.0377,426.39,3562.89,75.96,4.94,-49.34,2.01,383.34
5101308,Arenápolis,resto_mt,FALSE,2007,6280,2154,72,42674,49465,1323,375,,7978,25704.08,78.72,16.58,4.7,0,0.6494,0.4675,Lavoura,0.0351,218.26,4324.04,86.27,11.94,19.73,2.01,450.95
5101308,Arenápolis,resto_mt,FALSE,2008,3578,1598,72,43605,56366,1346,33,,4957,14681.95,72.18,27.15,0.67,0,0.5948,0.5403,Lavoura,0.0147,158.69,4330.19,77.36,9.19,-42.88,2.01,195.76
5101308,Arenápolis,resto_mt,FALSE,2009,7590,2890,72,44537,57488,1846,24,,9460,26109.67,80.23,19.51,0.25,0,0.6818,0.4243,Lavoura,0.0282,291.83,4497.32,77.47,9.04,77.84,2.01,367.74
5101308,Arenápolis,resto_mt,FALSE,2010,7664,3366,72,47451,60856,2128,39,,9831,25025.66,77.96,21.65,0.4,0,0.6547,0.4604,Lavoura,0.0342,326.29,4599.75,77.97,7.43,-4.15,2.01,347.57
5101308,Arenápolis,resto_mt,FALSE,2011,8904,3730,72,45901,48807,3014,31,,11949,28081.25,74.52,25.22,0.26,0,0.6189,0.5081,Lavoura,0.0268,365.04,4492.17,94.05,7.53,12.21,2.01,412.97
5101308,Arenápolis,resto_mt,FALSE,2012,14504,4876,72,39582,41808,2599,42,,17145,37327.35,84.6,15.16,0.24,0,0.7387,0.3484,Lavoura,0.0319,481.72,3910.49,94.68,7.66,32.93,2.01,654.88
5101308,Arenápolis,resto_mt,FALSE,2013,14902,4676,72,39414,41934,2814,61,460,18237,36933.14,81.71,15.43,0.33,2.52,0.6921,0.4105,Lavoura,0.0304,469.71,3959.22,93.99,7.89,-1.06,2.01,527.62
5101308,Arenápolis,resto_mt,FALSE,2014,15842,4676,72,47144,50422,3374,68,564.99,19848.99,37273,79.81,17,0.34,2.85,0.6667,0.4444,Lavoura,0.0282,475.93,4798.37,93.5,7.97,0.92,2.01,471.8
5101308,Arenápolis,resto_mt,FALSE,2015,37692,10294,72,48313,56815,3805,108,449.01,42054.01,73415.49,89.63,9.05,0.26,1.07,0.8117,0.2511,Lavoura,0.0549,1061.35,4981.24,85.04,7.13,96.97,2.01,824.9
5101308,Arenápolis,resto_mt,FALSE,2016,18676,4676,72,51402,60039,6298,81,428,25483,41151.97,73.29,24.71,0.32,1.68,0.5985,0.5353,Lavoura,0.0283,488.3,5367.79,85.61,8.81,-43.95,2.01,556.11
5101308,Arenápolis,resto_mt,FALSE,2017,27650,8076,72,45370,57660,1327,95,560,29632,46157.48,93.31,4.48,0.32,1.89,0.8731,0.1692,Lavoura,0.0331,854.15,4798.52,78.69,5.73,12.16,2.01,562.91
5101308,Arenápolis,resto_mt,FALSE,2018,26422,8076,72,44063,47936,1269,110,606,28407,42346.46,93.01,4.47,0.39,2.13,0.8676,0.1765,Lavoura,0.0276,831.38,4536.03,91.92,5.24,-8.26,2.01,542.9
5101308,Arenápolis,resto_mt,FALSE,2019,28672,8076,72,41385,44608,1449,167,712,31000,44338.86,92.49,4.67,0.54,2.3,0.8582,0.1891,Lavoura,0.0259,840.64,4307.8,92.77,5.5,4.71,2.01,652.05
5101308,Arenápolis,resto_mt,FALSE,2020,44908,11228,72,42923,46119,1430,111,1018,47467,63764.26,94.61,3.01,0.23,2.14,0.8965,0.138,Lavoura,0.0294,1181.65,4517.26,93.07,5.68,43.81,2.01,924.12
5101308,Arenápolis,resto_mt,FALSE,2021,104926,14028,72,38649,42139,2478,159,615,108178,128547.69,96.99,2.29,0.15,0.57,0.9413,0.0783,Lavoura,0.0352,1492.5,4112.03,91.72,9.16,101.6,2.01,1339.03
5101308,Arenápolis,resto_mt,FALSE,2022,147658,20038,72,37741,41349,2533,161,624,150976,165242.74,97.8,1.68,0.11,0.41,0.9568,0.0576,Lavoura,0.0426,1894.67,3568.55,91.27,8.25,28.55,2.01,977.76
5101308,Arenápolis,resto_mt,FALSE,2023,148938,23038,72,33352,35842,8554,1042,2520.01,161054.01,167624.5,92.48,5.31,0.65,1.56,0.8584,0.1888,Lavoura,0.0512,2178.33,3153.56,93.05,7.28,1.44,2.01,1330.35
5101308,Arenápolis,resto_mt,FALSE,2024,116614,23224,72,35380,38517,4646,2689,3944,127893,127892.99,91.18,3.63,2.1,3.08,0.8341,0.2212,Lavoura,0.0513,2160.98,3292.08,91.86,5.5,-23.7,2.01,991.43
5101407,Aripuanã,resto_mt,FALSE,2000,27042,26114,72,226161,305832,3369,13344,,43755,,61.8,7.7,30.5,0,0.4809,0.6921,Lavoura,0.5608,947.53,8206.13,73.95,,,7.39,
5101407,Aripuanã,resto_mt,FALSE,2001,10292,6852,72,155185,187241,2200,15280,,27772,,37.06,7.92,55.02,0,0.4463,0.7383,Florestal,0.3137,458.73,10389.3,82.88,,,7.39,
5101407,Aripuanã,resto_mt,FALSE,2002,13266,9028,72,214870,248054,2325,5247,,20838,100771.91,63.66,11.16,25.18,0,0.4811,0.6919,Lavoura,0.1602,578.72,13773.72,86.62,11.15,,7.39,
5101407,Aripuanã,resto_mt,FALSE,2003,11036,10892,72,232176,266054,2156,4550,,17742,75202.92,62.2,12.15,25.65,0,0.4674,0.7101,Lavoura,0.0853,668.34,14246.55,87.27,6.9,-25.37,7.39,
5101407,Aripuanã,resto_mt,FALSE,2004,13220,11166,72,319447,355386,2195,5416,,20831,81943.86,63.46,10.54,26,0,0.4814,0.6915,Lavoura,0.0689,628.75,17987.89,89.89,7.33,8.96,7.39,
5101407,Aripuanã,resto_mt,FALSE,2005,15682,14716,72,393136,430557,2253,7372,,25307,92665.08,61.97,8.9,29.13,0,0.4768,0.6976,Lavoura,0.0936,792.5,21171.63,91.31,6.29,13.08,7.39,
5101407,Aripuanã,resto_mt,FALSE,2006,14780,18466,72,430864,469694,2394,24037,,41211,141326,35.86,5.81,58.33,0,0.4722,0.7037,Florestal,0.2481,953.23,22241.59,91.73,7.66,52.51,7.39,549.9
5101407,Aripuanã,resto_mt,FALSE,2007,11438,6688,72,389132,432508,2058,23320,,36816,118616.34,31.07,5.59,63.34,0,0.5009,0.6655,Florestal,0.1619,350.16,20373.4,89.97,17.74,-16.07,7.39,426.67
5101407,Aripuanã,resto_mt,FALSE,2008,12112,6760,72,388397,431395,2549,26618,,41279,122262.64,29.34,6.18,64.48,0,0.5057,0.6591,Florestal,0.1227,339.19,19488.06,90.03,18.07,3.07,7.39,410.27
5101407,Aripuanã,resto_mt,FALSE,2009,14042,7792,72,412589,456913,2985,75023,,92050,254058.77,15.25,3.24,81.5,0,0.6885,0.4153,Florestal,0.2742,379.89,20115.5,90.3,32.61,107.8,7.39,734.27
5101407,Aripuanã,resto_mt,FALSE,2010,13978,7612,72,416142,462231,3273,16310,,33561,85432.41,41.65,9.75,48.6,0,0.4192,0.7744,Florestal,0.1167,408.02,22306.07,90.03,11.23,-66.37,7.39,219.05
5101407,Aripuanã,resto_mt,FALSE,2011,18400,9036,72,438170,485303,3536,42692,,64628,151881.7,28.47,5.47,66.06,0,0.5204,0.6395,Florestal,0.145,475.43,23054.3,90.29,16.8,77.78,7.39,357.37
5101407,Aripuanã,resto_mt,FALSE,2012,22473,9298,72,471235,519046,6175,96892,,125540,273320.26,17.9,4.92,77.18,0,0.6301,0.4932,Florestal,0.2339,480.67,24360.78,90.79,29.4,79.96,7.39,644.62
5101407,Aripuanã,resto_mt,FALSE,2013,31334,9616,72,478581,529324,6197,44266,1085.01,82882.01,167850.7,37.81,7.48,53.41,1.31,0.434,0.7547,Florestal,0.1379,482.76,24026.36,90.41,17.46,-38.59,7.39,401.57
5101407,Aripuanã,resto_mt,FALSE,2014,24850,8814,72,447501,498942,6641,43075,2202.01,76768.01,144157.15,32.37,8.65,56.11,2.87,0.4279,0.7628,Florestal,0.1089,434.34,22051.99,89.69,16.37,-14.12,7.39,352.46
5101407,Aripuanã,resto_mt,FALSE,2015,36678,11664,72,450779,505017,6633,101520,3307.99,148138.99,258612.55,24.76,4.48,68.53,2.23,0.5334,0.6221,Florestal,0.1936,564.65,21822.09,89.26,22.17,79.4,7.39,575.96
5101407,Aripuanã,resto_mt,FALSE,2016,53598,12674,72,471225,514344,2898,92557,2380,151433,244546.02,35.39,1.91,61.12,1.57,0.4994,0.6675,Florestal,0.1679,603.21,22427.54,91.62,19.3,-5.44,7.39,529.33
5101407,Aripuanã,resto_mt,FALSE,2017,49596,15226,72,484151,527329,3118,95979,1353,150046,233725.27,33.05,2.08,63.97,0.9,0.519,0.6413,Florestal,0.1677,712.93,22669.43,91.81,15.35,-4.42,7.39,461.01
5101407,Aripuanã,resto_mt,FALSE,2018,53123,15059,72,519598,574576,11334,94547,1456.99,160460.99,239200.01,33.11,7.06,58.92,0.91,0.4619,0.7175,Florestal,0.1558,684.9,23632.06,90.43,15.88,2.34,7.39,447.11
5101407,Aripuanã,resto_mt,FALSE,2019,67804,17895,72,540578,596201,11964,148327,1709,229804,328685.45,29.51,5.21,64.55,0.74,0.5065,0.658,Florestal,0.1923,800.53,24182.61,90.67,18.38,37.41,7.39,615.52
5101407,Aripuanã,resto_mt,FALSE,2020,81461,17874,72,548763,602904,13921,115263,1719.01,212364.01,285276.72,38.36,6.56,54.28,0.81,0.4461,0.7385,Florestal,0.1313,786.92,24159.68,91.02,15.96,-13.21,7.39,576.32
5101407,Aripuanã,resto_mt,FALSE,2021,169267,21344,72,559848,611496,15902,142222,1992,329383,391405.13,51.39,4.83,43.18,0.6,0.4529,0.7295,Lavoura,0.1071,925.3,24270.52,91.55,18.33,37.2,7.39,805.37
5101407,Aripuanã,resto_mt,FALSE,2022,232924,25626,72,602718,649243,15219,169491,2471,420105,459803.55,55.44,3.62,40.34,0.59,0.4714,0.7048,Lavoura,0.1186,1040.61,24474.86,92.83,17.95,17.48,7.39,790.05
5101407,Aripuanã,resto_mt,FALSE,2023,368558,44624,72,609108,658060,30384,109954,4735.01,513631.01,534585.51,71.76,5.92,21.41,0.92,0.5644,0.5808,Lavoura,0.1633,1812.07,24734.35,92.56,11.99,16.26,7.39,906.08
5101407,Aripuanã,resto_mt,FALSE,2024,353162,54814,72,595289,635750,26736,101064,2662,483624,483624,73.02,5.53,20.9,0.55,0.58,0.56,Lavoura,0.1939,2107.42,22886.93,93.64,8.83,-9.53,7.39,807.38
5101704,Barra do Bugres,resto_mt,FALSE,2000,63726,44092,72,208982,243618,1237,1417,,66380,,96,1.86,2.13,0,0.9224,0.1035,Lavoura,0.8508,1605.68,7610.42,85.78,,,1.92,
5101704,Barra do Bugres,resto_mt,FALSE,2001,90082,65624,72,211358,246576,1324,1675,,93081,,96.78,1.42,1.8,0,0.9372,0.0837,Lavoura,1.0513,2315.43,7457.41,85.72,,,1.92,
5101704,Barra do Bugres,resto_mt,FALSE,2002,140434,75700,72,223932,272975,1636,1629,,143699,694923.8,97.73,1.14,1.13,0,0.9554,0.0595,Lavoura,1.1049,2610.25,7721.53,82.03,9.19,,1.92,
5101704,Barra do Bugres,resto_mt,FALSE,2003,189236,83492,72,236047,277159,1495,1576,,192307,815130.57,98.4,0.78,0.82,0,0.9684,0.0421,Lavoura,0.9247,2809.57,7943.16,85.17,9.78,17.3,1.92,
5101704,Barra do Bugres,resto_mt,FALSE,2004,217032,89618,72,253106,294734,2241,1904,,221177,870054.13,98.13,1.01,0.86,0,0.9631,0.0492,Lavoura,0.7314,2882.07,8139.77,85.88,9.7,6.74,1.92,
5101704,Barra do Bugres,resto_mt,FALSE,2005,146410,89900,72,247365,331100,2186,1900,,150496,551062.02,97.28,1.45,1.26,0,0.9467,0.0711,Lavoura,0.5566,2816.15,7748.8,74.71,6.13,-36.66,1.92,
5101704,Barra do Bugres,resto_mt,FALSE,2006,203318,98162,72,214046,283280,2087,1457,,206862,709397.44,98.29,1.01,0.7,0,0.9662,0.0451,Lavoura,1.2453,2997.86,6536.95,75.56,7.23,28.73,1.92,398.77
5101704,Barra do Bugres,resto_mt,FALSE,2007,326758,99922,72,220845,291981,2351,1451,,330560,1065021.1,98.85,0.71,0.44,0,0.9772,0.0304,Lavoura,1.4534,3075.47,6797.32,75.64,10.67,50.13,1.92,577.87
5101704,Barra do Bugres,resto_mt,FALSE,2008,282024,96054,72,205791,288986,2493,1776,,286293,847960,98.51,0.87,0.62,0,0.9705,0.0393,Lavoura,0.8507,2848.24,6102.21,71.21,8.83,-20.38,1.92,459.35
5101704,Barra do Bugres,resto_mt,FALSE,2009,313822,88954,72,234070,301577,2808,2168,,318798,879885.11,98.44,0.88,0.68,0,0.9692,0.0411,Lavoura,0.9496,2589.71,6814.46,77.62,9.9,3.76,1.92,522.18
5101704,Barra do Bugres,resto_mt,FALSE,2010,266618,86474,72,252955,317761,3559,3283,,273460,696115.95,97.5,1.3,1.2,0,0.9509,0.0655,Lavoura,0.9506,2719.91,7956.31,79.61,8.04,-20.89,1.92,452.02
5101704,Barra do Bugres,resto_mt,FALSE,2011,355800,88012,72,254246,319174,2442,2916,,361158,848754.27,98.52,0.68,0.81,0,0.9707,0.0391,Lavoura,0.8105,2738.91,7912.06,79.66,9.65,21.93,1.92,698.56
5101704,Barra do Bugres,resto_mt,FALSE,2012,445994,93738,72,219407,240641,1979,4308,,452281,984686.58,98.61,0.44,0.95,0,0.9725,0.0367,Lavoura,0.8428,2887.44,6758.47,91.18,10.51,16.02,1.92,778.41
5101704,Barra do Bugres,resto_mt,FALSE,2013,524168,106364,72,242070,301418,5360,4455,3206.01,537189.01,1087902.51,97.58,1,0.83,0.6,0.9524,0.0635,Lavoura,0.8941,3221,7330.57,80.31,10.23,10.48,1.92,939.47
5101704,Barra do Bugres,resto_mt,FALSE,2014,444072,98532,72,251608,309605,5386,2405,5740,457603,859299.9,97.04,1.18,0.53,1.25,0.942,0.0773,Lavoura,0.6493,2953.15,7541.08,81.27,8.73,-21.01,1.92,694.66
5101704,Barra do Bugres,resto_mt,FALSE,2015,478072,100674,72,274705,351332,7004,2226,2280,489582,854684.17,97.65,1.43,0.45,0.47,0.9538,0.0616,Lavoura,0.6397,2987.36,8151.48,78.19,8.5,-0.54,1.92,719.43
5101704,Barra do Bugres,resto_mt,FALSE,2016,481932,99824,72,274120,337471,7319,1847,2243,493341,796686.2,97.69,1.48,0.37,0.45,0.9546,0.0605,Lavoura,0.5471,2994.66,8223.44,81.23,7.99,-6.79,1.92,658.42
5101704,Barra do Bugres,resto_mt,FALSE,2017,544444,102032,72,279741,336207,7462,1946,2582,556434,866752.1,97.85,1.34,0.35,0.46,0.9577,0.0564,Lavoura,0.6221,3032.7,8314.74,83.2,8.5,8.79,1.92,616.03
5101704,Barra do Bugres,resto_mt,FALSE,2018,517162,103086,72,280954,313452,3639,3709,1710,526220,784438.8,98.28,0.69,0.7,0.32,0.966,0.0453,Lavoura,0.5108,2977.73,8115.6,89.63,7.61,-9.5,1.92,578.08
5101704,Barra do Bugres,resto_mt,FALSE,2019,521542,102186,72,271204,310051,3861,4067,1554,531024,759516.24,98.21,0.73,0.77,0.29,0.9646,0.0472,Lavoura,0.4444,2922.44,7756.22,87.47,7.43,-3.18,1.92,515.63
5101704,Barra do Bugres,resto_mt,FALSE,2020,571866,104644,72,272907,305765,3753,9366,1551,586536,787916.35,97.5,0.64,1.6,0.26,0.9509,0.0655,Lavoura,0.3627,2963.83,7729.54,89.25,7.53,3.74,1.92,565.63
5101704,Barra do Bugres,resto_mt,FALSE,2021,695088,114408,72,298668,326260,3612,19002,1992,719694,855210.87,96.58,0.5,2.64,0.28,0.9335,0.0887,Lavoura,0.2341,3209.92,8379.66,91.54,7.48,8.54,1.92,576.3
5101704,Barra do Bugres,resto_mt,FALSE,2022,978382,109714,72,290658,316347,3499,12145,1840,995866,1089972.09,98.24,0.35,1.22,0.18,0.9653,0.0463,Lavoura,0.2811,3731.39,9885.32,91.88,9.93,27.45,1.92,647.65
5101704,Barra do Bugres,resto_mt,FALSE,2023,936682,109154,72,311647,337409,8160,11307,1729,957878,996956.36,97.79,0.85,1.18,0.18,0.9565,0.058,Lavoura,0.3045,3712.34,10599.16,92.36,9.14,-8.53,1.92,576.93
5101704,Barra do Bugres,resto_mt,FALSE,2024,1024487,117012,72,281460,308995,10176,18965,1774,1055402,1055401.99,97.07,0.96,1.8,0.17,0.9427,0.0764,Lavoura,0.4232,3956.32,9516.5,91.09,9.01,5.86,1.92,614.33
5101803,Barra do Garças,resto_mt,FALSE,2000,6644,9880,72,398230,433026,1473,193,,8310,,79.95,17.73,2.32,0,0.6712,0.4384,Lavoura,0.1065,189.66,7644.74,91.96,,,13.95,
5101803,Barra do Garças,resto_mt,FALSE,2001,7208,11904,72,403230,438374,1630,186,,9024,,79.88,18.06,2.06,0,0.6711,0.4385,Lavoura,0.1019,224.89,7617.89,91.98,,,13.95,
5101803,Barra do Garças,resto_mt,FALSE,2002,8718,9912,72,441788,473604,1546,231,,10495,50753.49,83.07,14.73,2.2,0,0.7122,0.3837,Lavoura,0.0807,185.45,8265.91,93.28,5.12,,13.95,
5101803,Barra do Garças,resto_mt,FALSE,2003,23926,16854,72,452195,484461,1440,250,,25616,108578.38,93.4,5.62,0.98,0,0.8756,0.1659,Lavoura,0.1232,311.67,8362.21,93.34,6.44,113.93,13.95,
5101803,Barra do Garças,resto_mt,FALSE,2004,59638,35106,72,468378,497799,1849,220,,61707,242739.65,96.65,3,0.36,0,0.935,0.0867,Lavoura,0.2041,633.72,8454.93,94.09,6.92,123.56,13.95,
5101803,Barra do Garças,resto_mt,FALSE,2005,47746,43766,72,476019,504594,1998,287,,50031,183195.46,95.43,3.99,0.57,0,0.9123,0.1169,Lavoura,0.185,779.77,8481.11,94.34,4.17,-24.53,13.95,
5101803,Barra do Garças,resto_mt,FALSE,2006,49046,42518,72,420030,448459,2137,351,,51534,176726.93,95.17,4.15,0.68,0,0.9075,0.1233,Lavoura,0.3102,747.86,7388,93.66,4.15,-3.53,13.95,207.41
5101803,Barra do Garças,resto_mt,FALSE,2007,42894,31920,72,419710,448780,2704,214,,45812,147600.28,93.63,5.9,0.47,0,0.8802,0.1597,Lavoura,0.2014,599.52,7882.91,93.52,4.63,-16.48,13.95,164.19
5101803,Barra do Garças,resto_mt,FALSE,2008,82112,41078,72,416480,445392,2791,184,,85087,252015.84,96.5,3.28,0.22,0,0.9323,0.0903,Lavoura,0.2528,748.48,7588.64,93.51,6.13,70.74,13.95,242.31
5101803,Barra do Garças,resto_mt,FALSE,2009,64064,41878,72,427793,457270,3634,177,,67875,187335.55,94.39,5.35,0.26,0,0.8938,0.1416,Lavoura,0.2022,759.76,7761.12,93.55,4.48,-25.67,13.95,159.58
5101803,Barra do Garças,resto_mt,FALSE,2010,53612,37256,72,427237,444962,3876,225,,57713,146913.4,92.89,6.72,0.39,0,0.8674,0.1768,Lavoura,0.2006,658.7,7553.7,96.02,3.95,-21.58,13.95,125.04
5101803,Barra do Garças,resto_mt,FALSE,2011,74270,40086,72,455596,473301,2423,405,,77098,181187.33,96.33,3.14,0.53,0,0.929,0.0947,Lavoura,0.173,704.46,8006.54,96.26,4.53,23.33,13.95,156.2
5101803,Barra do Garças,resto_mt,FALSE,2012,88080,45452,72,426844,443595,3838,562,,92480,201343.46,95.24,4.15,0.61,0,0.9088,0.1216,Lavoura,0.1723,794.13,7457.74,96.22,4.43,11.12,13.95,204
5101803,Barra do Garças,resto_mt,FALSE,2013,96986,47056,72,405199,420208,920,1172,711.99,99789.99,202092.34,97.19,0.92,1.17,0.71,0.9449,0.0735,Lavoura,0.1661,814.24,7011.46,96.43,4.3,0.37,13.95,210.72
5101803,Barra do Garças,resto_mt,FALSE,2014,199042,65198,72,430334,445847,4583,5548,909.01,210082.01,394497.96,94.74,2.18,2.64,0.43,0.8988,0.1349,Lavoura,0.2981,1122.19,7406.91,96.52,6.06,95.21,13.95,350.35
5101803,Barra do Garças,resto_mt,FALSE,2015,207380,70256,72,436530,453559,4237,5961,791,218369,381216.06,94.97,1.94,2.73,0.36,0.9031,0.1292,Lavoura,0.2853,1203.05,7475.08,96.25,5.42,-3.37,13.95,431.73
5101803,Barra do Garças,resto_mt,FALSE,2016,232250,71732,72,447617,467363,5354,3677,912,242193,391112.46,95.89,2.21,1.52,0.38,0.9202,0.1064,Lavoura,0.2686,1222.22,7626.8,95.78,5.45,2.6,13.95,390.34
5101803,Barra do Garças,resto_mt,FALSE,2017,197702,72244,72,412598,435194,4764,3301,788.99,206555.99,321750.36,95.71,2.31,1.6,0.38,0.9168,0.1109,Lavoura,0.2309,1225.01,6996.27,94.81,4.45,-17.73,13.95,348.59
5101803,Barra do Garças,resto_mt,FALSE,2018,213102,70272,72,428616,452506,3769,11880,1039.99,229790.99,342550.57,92.74,1.64,5.17,0.45,0.863,0.1827,Lavoura,0.2231,1158.44,7065.76,94.72,4.86,6.46,13.95,364.02
5101803,Barra do Garças,resto_mt,FALSE,2019,197208,58248,72,444302,474632,3915,5978,1124,208225,297821.32,94.71,1.88,2.87,0.54,0.8982,0.1357,Lavoura,0.1742,954.7,7282.21,93.61,5.12,-13.06,13.95,312.19
5101803,Barra do Garças,resto_mt,FALSE,2020,396530,70760,72,469067,504183,3819,5978,815,407142,546929.49,97.39,0.94,1.47,0.2,0.9488,0.0683,Lavoura,0.2518,1157.44,7672.64,93.04,7.74,83.64,13.95,560.39
5101803,Barra do Garças,resto_mt,FALSE,2021,671546,83502,72,443537,476010,4651,7154,1388,684739,813673.91,98.07,0.68,1.04,0.2,0.9619,0.0508,Lavoura,0.2227,1353.31,7188.37,93.18,9.75,48.77,13.95,792.29
5101803,Barra do Garças,resto_mt,FALSE,2022,1257680,133724,72,451940,476071,5099,6834,708,1270321,1390362.19,99,0.4,0.54,0.06,0.9801,0.0265,Lavoura,0.3586,1932.15,6529.98,94.93,10.39,70.87,13.95,1133.14
5101803,Barra do Garças,resto_mt,FALSE,2023,961732,133724,72,410058,442767,8764,11073,870,982439,1022519.36,97.89,0.89,1.13,0.09,0.9585,0.0553,Lavoura,0.3123,1932.15,5924.84,92.61,7.64,-26.46,13.95,792.64
5101803,Barra do Garças,resto_mt,FALSE,2024,865808,161248,72,388772,423207,12446,19335,893,898482,898481.99,96.36,1.39,2.15,0.1,0.9292,0.0944,Lavoura,0.3603,2218.17,5348.06,91.86,5.57,-12.13,13.95,708.59
5101852,Bom Jesus do Araguaia,resto_mt,FALSE,2000,0,0,72,,,,,,0,,,,,,,,Diversificado,0,,,,,,19.18,
5101852,Bom Jesus do Araguaia,resto_mt,FALSE,2001,11434,11880,72,13907,26317,136,69,,11639,,98.24,1.17,0.59,0,0.9653,0.0463,Lavoura,0.1315,3061.86,3584.28,52.84,,,19.18,
5101852,Bom Jesus do Araguaia,resto_mt,FALSE,2002,12850,12320,72,46092,58773,140,83,,13073,63220.62,98.29,1.07,0.63,0,0.9662,0.0451,Lavoura,0.1005,3079.23,11520.12,78.42,5.14,,19.18,
5101852,Bom Jesus do Araguaia,resto_mt,FALSE,2003,47652,39600,72,96010,109029,295,149,,48096,203864.25,99.08,0.61,0.31,0,0.9817,0.0244,Lavoura,0.2313,9588.38,23246.97,88.06,5.14,222.46,19.18,
5101852,Bom Jesus do Araguaia,resto_mt,FALSE,2004,48834,30760,72,95639,108773,490,86,,49410,194366.39,98.83,0.99,0.17,0,0.9768,0.0309,Lavoura,0.1634,6986.15,21721.33,87.93,6.31,-4.66,19.18,
5101852,Bom Jesus do Araguaia,resto_mt,FALSE,2005,95514,68620,72,103193,116745,595,83,,96192,352220.36,99.3,0.62,0.09,0,0.9861,0.0185,Lavoura,0.3558,15068.07,22659.86,88.39,5.14,81.21,19.18,
5101852,Bom Jesus do Araguaia,resto_mt,FALSE,2006,45982,48020,72,139038,153040,766,95,,46843,160639.97,98.16,1.64,0.2,0,0.9638,0.0483,Lavoura,0.282,10210.5,29563.68,90.85,3.33,-54.39,19.18,764.95
5101852,Bom Jesus do Araguaia,resto_mt,FALSE,2007,60898,58740,72,144036,153244,1507,105,,62510,201399.05,97.42,2.41,0.17,0,0.9496,0.0672,Lavoura,0.2748,12995.58,31866.37,93.99,3.44,25.37,19.18,1299.34
5101852,Bom Jesus do Araguaia,resto_mt,FALSE,2008,155870,95620,72,107906,117294,1157,161,,157188,465568.97,99.16,0.74,0.1,0,0.9833,0.0223,Lavoura,0.467,20362.01,22978.28,92,4.86,131.17,19.18,6291.47
5101852,Bom Jesus do Araguaia,resto_mt,FALSE,2009,154178,92620,72,125921,135518,1088,237,,155503,429189.57,99.15,0.7,0.15,0,0.9831,0.0225,Lavoura,0.4632,19328.05,26277.34,92.92,4.63,-7.81,19.18,1421.15
5101852,Bom Jesus do Araguaia,resto_mt,FALSE,2010,149686,91150,72,153987,164089,1104,236,,151026,384449.67,99.11,0.73,0.16,0,0.9823,0.0236,Lavoura,0.525,17152.8,28977.61,93.84,4.23,-10.42,19.18,1144.19
5101852,Bom Jesus do Araguaia,resto_mt,FALSE,2011,274938,128072,72,173845,183947,1857,326,,277121,651259.64,99.21,0.67,0.12,0,0.9843,0.0209,Lavoura,0.6219,23555.64,31974.43,94.51,5.09,69.4,19.18,1379.78
5101852,Bom Jesus do Araguaia,resto_mt,FALSE,2012,314792,152362,72,164264,171170,1895,209,,316896,689932.24,99.34,0.6,0.07,0,0.9869,0.0175,Lavoura,0.5905,27427.9,29570.48,95.97,4.53,5.94,19.18,1425.48
5101852,Bom Jesus do Araguaia,resto_mt,FALSE,2013,419758,167044,72,135911,139549,4762,135,346,425001,860702.01,98.77,1.12,0.03,0.08,0.9757,0.0324,Lavoura,0.7073,29020.85,23612.06,97.39,5.14,24.75,19.18,1517.98
5101852,Bom Jesus do Araguaia,resto_mt,FALSE,2014,502624,199594,72,169139,181998,5189,9,506,508328,954552.72,98.88,1.02,0,0.1,0.9778,0.0296,Lavoura,0.7213,33892.68,28721.18,92.93,4.79,10.9,19.18,1801.05
5101852,Bom Jesus do Araguaia,resto_mt,FALSE,2015,669038,267924,72,167232,179747,2590,13,1958.01,673599.01,1175930.5,99.32,0.38,0,0.29,0.9865,0.018,Lavoura,0.8801,44520.44,27788.63,93.04,4.38,23.19,19.18,1912.09
5101852,Bom Jesus do Araguaia,resto_mt,FALSE,2016,720340,295428,72,165420,177934,3379,16,1924,725659,1171851.73,99.27,0.47,0,0.27,0.9855,0.0193,Lavoura,0.8048,48083.98,26923.83,92.97,3.97,-0.35,19.18,1887.04
5101852,Bom Jesus do Araguaia,resto_mt,FALSE,2017,774226,313770,72,133203,150422,5011,15,1966.01,781218.01,1216896.06,99.1,0.64,0,0.25,0.9821,0.0239,Lavoura,0.8734,50075.01,21258.06,88.55,3.87,3.84,19.18,1805.48
5101852,Bom Jesus do Araguaia,resto_mt,FALSE,2018,835952,308618,72,145543,164762,5021,19,1556,842548,1255990.53,99.22,0.6,0,0.18,0.9845,0.0207,Lavoura,0.8179,47832.92,22557.81,88.34,4.07,3.21,19.18,1807.19
5101852,Bom Jesus do Araguaia,resto_mt,FALSE,2019,910512,302832,72,161507,185297,7003,22,659.99,918196.99,1313284.39,99.16,0.76,0,0.07,0.9833,0.0223,Lavoura,0.7683,46023.1,24545.14,87.16,4.33,4.56,19.18,1641.6
5101852,Bom Jesus do Araguaia,resto_mt,FALSE,2020,1405932,345088,72,172880,196119,8235,25,1276,1415468,1901452.55,99.33,0.58,0,0.09,0.9867,0.0177,Lavoura,0.8754,51459.59,25779.9,88.15,5.5,44.79,19.18,2365
5101852,Bom Jesus do Araguaia,resto_mt,FALSE,2021,2477212,329922,72,185071,209135,13540,26,1408,2492186,2961459.38,99.4,0.54,0,0.06,0.9881,0.0159,Lavoura,0.8105,48304.83,27096.78,88.49,8.99,55.75,19.18,3585.31
5101852,Bom Jesus do Araguaia,resto_mt,FALSE,2022,3991386,377660,72,209883,234443,12363,27,1717.01,4005493.01,4383999.07,99.65,0.31,0,0.04,0.993,0.0093,Lavoura,1.1308,51876.37,28830.08,89.52,11.61,48.04,19.18,4357.84
5101852,Bom Jesus do Araguaia,resto_mt,FALSE,2023,3167672,452910,72,195517,216512,24720,21,2253,3194666,3324998.13,99.16,0.77,0,0.07,0.9833,0.0223,Lavoura,1.0157,62212.91,26856.73,90.3,7.33,-24.16,19.18,3279.1
5101852,Bom Jesus do Araguaia,resto_mt,FALSE,2024,2974638,477236,72,175018,186627,25478,41,1264.01,3001421.01,3001421,99.11,0.85,0,0.04,0.9824,0.0235,Lavoura,1.2035,61730.18,22638.47,93.78,6.29,-9.73,19.18,2965.84
5101902,Brasnorte,resto_mt,FALSE,2000,114562,149630,72,243168,268312,342,4254,,119158,,96.14,0.29,3.57,0,0.9256,0.0992,Lavoura,1.5273,15245.03,24775.14,90.63,,,7.54,
5101902,Brasnorte,resto_mt,FALSE,2001,128804,153908,72,255000,280970,398,4412,,133614,,96.4,0.3,3.3,0,0.9304,0.0928,Lavoura,1.5091,15084.58,24992.65,90.76,,,7.54,
5101902,Brasnorte,resto_mt,FALSE,2002,216634,194384,72,302671,332636,404,2655,,219693,1062428.37,98.61,0.18,1.21,0,0.9725,0.0367,Lavoura,1.6892,18391.9,28637.62,90.99,5.47,,7.54,
5101902,Brasnorte,resto_mt,FALSE,2003,328516,240278,72,334729,365440,431,2303,,331250,1404067.47,99.17,0.13,0.7,0,0.9835,0.022,Lavoura,1.5928,22005.5,30655.65,91.6,5.85,32.16,7.54,
5101902,Brasnorte,resto_mt,FALSE,2004,587896,315222,72,348602,380001,420,1723,,590039,2321063.51,99.64,0.07,0.29,0,0.9928,0.0096,Lavoura,1.9513,27048.4,29912.65,91.74,7.36,65.31,7.54,
5101902,Brasnorte,resto_mt,FALSE,2005,486422,387128,72,352826,384983,392,2255,,489069,1790794.07,99.46,0.08,0.46,0,0.9893,0.0143,Lavoura,1.8089,32100.17,29255.89,91.65,4.63,-22.85,7.54,
5101902,Brasnorte,resto_mt,FALSE,2006,247878,335192,72,319608,349812,466,3470,,251814,863552.55,98.44,0.19,1.38,0,0.9692,0.0411,Lavoura,1.5159,26892.81,25642.49,91.37,2.57,-51.78,7.54,1429.73
5101902,Brasnorte,resto_mt,FALSE,2007,320216,235130,72,308852,327258,1416,6759,,328391,1058032.86,97.51,0.43,2.06,0,0.9513,0.0649,Lavoura,1.4439,16825.04,22100.32,94.38,4.51,22.52,7.54,1335.9
5101902,Brasnorte,resto_mt,FALSE,2008,665604,371100,72,327180,349917,2024,4747,,672375,1991481.09,98.99,0.3,0.71,0,0.98,0.0267,Lavoura,1.9978,25402.15,22395.78,93.5,5.37,88.22,7.54,2648.25
5101902,Brasnorte,resto_mt,FALSE,2009,544898,358340,72,352043,377341,1992,15406,,562296,1551941.63,96.91,0.35,2.74,0,0.9399,0.0801,Lavoura,1.6749,23748.43,23331.1,93.3,4.33,-22.07,7.54,1843.16
5101902,Brasnorte,resto_mt,FALSE,2010,441216,394720,72,376262,401639,2846,12898,,456960,1163230.98,96.55,0.62,2.82,0,0.933,0.0893,Lavoura,1.5885,25702.94,24501.01,93.68,2.95,-25.05,7.54,1487.51
5101902,Brasnorte,resto_mt,FALSE,2011,735002,384486,72,376183,402578,2973,11311,,749286,1760890.51,98.09,0.4,1.51,0,0.9624,0.0501,Lavoura,1.6816,24360.77,23834.7,93.44,4.58,51.38,7.54,1853.57
5101902,Brasnorte,resto_mt,FALSE,2012,979258,477274,72,393118,419041,3411,7866,,990535,2156549.87,98.86,0.34,0.79,0,0.9774,0.0301,Lavoura,1.8458,29472.27,24275.53,93.81,4.53,22.47,7.54,2196.08
5101902,Brasnorte,resto_mt,FALSE,2013,1105894,550654,72,383058,411615,1680,7667,14836.01,1130077.01,2288605.3,97.86,0.15,0.68,1.31,0.9579,0.0561,Lavoura,1.8808,32592.72,22672.86,93.06,4.15,6.12,7.54,2037.95
5101902,Brasnorte,resto_mt,FALSE,2014,1343476,573358,72,388537,417961,1739,4295,14595,1364105,2561555.05,98.49,0.13,0.31,1.07,0.9702,0.0397,Lavoura,1.9356,33025.63,22379.87,92.96,4.48,11.93,7.54,2143.56
5101902,Brasnorte,resto_mt,FALSE,2015,1490716,609846,72,399839,430850,2174,7848,5004,1505742,2628637.96,99,0.14,0.52,0.33,0.9801,0.0265,Lavoura,1.9675,34232.16,22443.95,92.8,4.3,2.62,7.54,1877.6
5101902,Brasnorte,resto_mt,FALSE,2016,1589816,615642,72,405505,435784,7437,11917,6490.01,1615660.01,2609096,98.4,0.46,0.74,0.4,0.9683,0.0423,Lavoura,1.7918,33719.03,22209.72,93.05,4.23,-0.74,7.54,1934.09
5101902,Brasnorte,resto_mt,FALSE,2017,1644374,730576,72,396265,427624,6873,15436,2840,1669523,2600600.52,98.49,0.41,0.92,0.17,0.9701,0.0399,Lavoura,1.8665,39093.32,21204.25,92.67,3.56,-0.33,7.54,1924.95
5101902,Brasnorte,resto_mt,FALSE,2018,2153776,718760,72,408869,442498,8070,18165,3364.01,2183375.01,3254768.06,98.64,0.37,0.83,0.15,0.9731,0.0359,Lavoura,2.1195,37342.06,21242.16,92.4,4.53,25.15,7.54,2215.63
5101902,Brasnorte,resto_mt,FALSE,2019,2334272,777692,72,443568,477948,8148,15980,4896.99,2363296.99,3380190.81,98.77,0.34,0.68,0.21,0.9756,0.0325,Lavoura,1.9776,39486.77,22521.86,92.81,4.35,3.85,7.54,1980.19
5101902,Brasnorte,resto_mt,FALSE,2020,3472126,785456,72,459683,490575,8722,14971,4763,3500582,4702466.29,99.19,0.25,0.43,0.14,0.9839,0.0215,Lavoura,2.1648,38999.8,22824.38,93.7,5.98,39.12,7.54,2743.56
5101902,Brasnorte,resto_mt,FALSE,2021,6050114,780916,72,484163,514910,10505,22417,4911,6087947,7234294.57,99.38,0.17,0.37,0.08,0.9877,0.0164,Lavoura,1.98,37961.99,23536.19,94.03,9.27,53.84,7.54,3433.46
5101902,Brasnorte,resto_mt,FALSE,2022,7528510,867682,72,522953,554395,12204,27401,6845,7574960,8290769.06,99.39,0.16,0.36,0.09,0.9879,0.0161,Lavoura,2.1385,51028.11,30754.7,94.33,9.55,14.6,7.54,3804.86
5101902,Brasnorte,resto_mt,FALSE,2023,7360778,998066,72,515136,565068,30254,18017,6213.99,7415262.99,7717781.94,99.27,0.41,0.24,0.08,0.9855,0.0193,Lavoura,2.3575,58695.95,30294.99,91.16,7.74,-6.91,7.54,3214.41
5101902,Brasnorte,resto_mt,FALSE,2024,5190094,952518,72,475365,529333,32368,26285,6147.99,5254894.99,5254894.98,98.77,0.62,0.5,0.12,0.9756,0.0325,Lavoura,2.1071,54442.04,27169.92,89.8,5.52,-31.91,7.54,2139.62
5102603,Campinápolis,resto_mt,FALSE,2000,8240,12680,72,167277,196950,1820,174,,10234,,80.52,17.78,1.7,0,0.6802,0.4264,Lavoura,0.1312,1021.02,13469.44,84.93,,,11.2,
5102603,Campinápolis,resto_mt,FALSE,2001,7542,6372,72,186138,216158,2006,163,,9711,,77.66,20.66,1.68,0,0.6461,0.4719,Lavoura,0.1097,509.92,14895.81,86.11,,,11.2,
5102603,Campinápolis,resto_mt,FALSE,2002,7924,6800,72,205994,234453,2110,161,,10195,49302.71,77.72,20.7,1.58,0,0.6471,0.4705,Lavoura,0.0784,542.05,16420.41,87.86,7.25,,11.2,
5102603,Campinápolis,resto_mt,FALSE,2003,10856,8880,72,231653,260396,2085,177,,13118,55603.18,82.76,15.89,1.35,0,0.7104,0.3861,Lavoura,0.0631,704.54,18379.32,88.96,6.26,12.78,11.2,
5102603,Campinápolis,resto_mt,FALSE,2004,12110,9684,72,244838,272632,3891,198,,16199,63722.74,74.76,24.02,1.22,0,0.6168,0.5109,Lavoura,0.0536,760.9,19237.68,89.81,6.57,14.6,11.2,
5102603,Campinápolis,resto_mt,FALSE,2005,7964,8164,72,251844,278520,3735,436,,12135,44433.99,65.63,30.78,3.59,0,0.5268,0.6309,Lavoura,0.0449,638.01,19681.46,90.42,5.45,-30.27,11.2,
5102603,Campinápolis,resto_mt,FALSE,2006,9902,4444,72,240571,266829,3752,479,,14133,48466.68,70.06,26.55,3.39,0,0.5625,0.5833,Lavoura,0.0851,345.49,18702.56,90.16,10.9,9.08,11.2,421.45
5102603,Campinápolis,resto_mt,FALSE,2007,10030,3884,72,230732,253960,4988,266,,15284,49243.04,65.62,32.64,1.74,0,0.5374,0.6168,Lavoura,0.0672,284.21,16883.65,90.85,12.68,1.6,11.2,305.85
5102603,Campinápolis,resto_mt,FALSE,2008,9360,2264,72,225890,249283,5776,265,,15401,45615.63,60.78,37.5,1.72,0,0.5103,0.6529,Lavoura,0.0458,160.15,15978.64,90.62,20.14,-7.37,11.2,266.75
5102603,Campinápolis,resto_mt,FALSE,2009,12334,2844,72,268223,291893,7092,304,,19730,54454.97,62.51,35.95,1.54,0,0.5202,0.6397,Lavoura,0.0588,198.87,18755.54,91.89,19.14,19.38,11.2,294.35
5102603,Campinápolis,resto_mt,FALSE,2010,9184,2104,72,287849,311610,7699,324,,17207,43801.9,53.37,44.74,1.88,0,0.4854,0.6861,Pecuário,0.0598,147.08,20122.26,92.37,20.82,-19.56,11.2,231.75
5102603,Campinápolis,resto_mt,FALSE,2011,14022,1904,72,298968,325215,6697,233,,20952,49239.12,66.92,31.96,1.11,0,0.5501,0.5999,Lavoura,0.047,131.76,20689.83,91.93,25.86,12.41,11.2,303.94
5102603,Campinápolis,resto_mt,FALSE,2012,14286,1904,72,264626,287381,10835,1310,,26431,57544.42,54.05,40.99,4.96,0,0.4626,0.7165,Pecuário,0.0493,130.5,18137.49,92.08,30.22,16.87,11.2,240.76
5102603,Campinápolis,resto_mt,FALSE,2013,76646,23494,72,277857,300481,11371,2556,777.99,91350.99,185001.86,83.9,12.45,2.8,0.85,0.7203,0.3729,Lavoura,0.152,1584.54,18739.93,92.47,7.87,221.49,11.2,752.04
5102603,Campinápolis,resto_mt,FALSE,2014,105344,39114,72,239579,252354,14869,1294,1168,122675,230362.6,85.87,12.12,1.05,0.95,0.7523,0.3303,Lavoura,0.1741,2612.65,16002.87,94.94,5.88,24.52,11.2,825.66
5102603,Campinápolis,resto_mt,FALSE,2015,122670,42314,72,237367,253196,10675,1592,648.99,135585.99,236698.23,90.47,7.87,1.17,0.48,0.8248,0.2336,Lavoura,0.1772,2800.03,15707.19,93.75,5.6,2.75,11.2,910.38
5102603,Campinápolis,resto_mt,FALSE,2016,205628,65682,72,259415,274825,14722,1670,836,222856,359885.56,92.27,6.61,0.75,0.38,0.8558,0.1923,Lavoura,0.2472,4306.45,17008.59,94.39,5.47,52.04,11.2,1142.48
5102603,Campinápolis,resto_mt,FALSE,2017,198558,73904,72,259444,278173,14922,1803,1333.98,216616.98,337422.26,91.66,6.89,0.83,0.62,0.845,0.2067,Lavoura,0.2422,4803.33,16862.34,93.27,4.56,-6.24,11.2,897.4
5102603,Campinápolis,resto_mt,FALSE,2018,203172,71104,72,259643,281088,17686,1624,1205,223687,333451.32,90.83,7.91,0.73,0.54,0.8313,0.2249,Lavoura,0.2171,4491.72,16401.96,92.37,4.68,-1.18,11.2,926.26
5102603,Campinápolis,resto_mt,FALSE,2019,241676,75404,72,263321,286510,20267,1622,937.99,264502.99,378314.94,91.37,7.66,0.61,0.35,0.8408,0.2123,Lavoura,0.2213,4718.65,16478.16,91.91,5.01,13.45,11.2,1077.83
5102603,Campinápolis,resto_mt,FALSE,2020,316426,77904,72,279797,303638,38694,1622,937.99,357679.99,480485.26,88.47,10.82,0.45,0.26,0.7944,0.2741,Lavoura,0.2212,4604.53,16537.44,92.15,6.16,27.01,11.2,1271.11
5102603,Campinápolis,resto_mt,FALSE,2021,535488,77904,72,268135,290861,25982,1362,937.99,563769.99,669926.68,94.98,4.61,0.24,0.17,0.9043,0.1276,Lavoura,0.1834,4802.07,16528.08,92.19,8.6,39.43,11.2,1679.02
5102603,Campinápolis,resto_mt,FALSE,2022,613600,72852,72,263666,285273,29606,1329,844,645379,706365.22,95.08,4.59,0.21,0.13,0.9061,0.1252,Lavoura,0.1822,4746.99,17180.3,92.43,9.7,5.44,11.2,1477.76
5102603,Campinápolis,resto_mt,FALSE,2023,940266,141204,72,259185,276610,56792,936,1135.99,999129.99,1039891.28,94.11,5.68,0.09,0.11,0.8889,0.1481,Lavoura,0.3177,9200.76,16888.32,93.7,7.36,47.22,11.2,2217.26
5102603,Campinápolis,resto_mt,FALSE,2024,446394,121040,72,266731,287731,62238,375,838,509845,509845.01,87.55,12.21,0.07,0.16,0.7814,0.2915,Lavoura,0.2044,7703.18,16975.18,92.7,4.2,-50.97,11.2,1042.62
5102637,Campo Novo do Parecis,resto_mt,FALSE,2000,525704,791082,72,42841,70165,150,245,,526099,,99.92,0.03,0.05,0,0.9984,0.0021,Lavoura,6.7434,44851,2428.9,61.06,,,4.49,
5102637,Campo Novo do Parecis,resto_mt,FALSE,2001,627698,749576,72,43666,71808,164,249,,628111,,99.93,0.03,0.04,0,0.9986,0.0019,Lavoura,7.0942,39455.52,2298.45,60.81,,,4.49,
5102637,Campo Novo do Parecis,resto_mt,FALSE,2002,824140,714706,72,37586,66309,184,259,,824583,3987657.24,99.95,0.02,0.03,0,0.999,0.0013,Lavoura,6.34,35420.06,1862.72,56.68,5.57,,4.49,
5102637,Campo Novo do Parecis,resto_mt,FALSE,2003,1182012,814942,72,34374,63831,259,334,,1182605,5012701.05,99.95,0.02,0.03,0,0.999,0.0013,Lavoura,5.6865,38156.29,1609.42,53.85,6.16,25.71,4.49,
5102637,Campo Novo do Parecis,resto_mt,FALSE,2004,1642910,896006,72,37055,79374,986,90,,1643986,6467023.25,99.93,0.06,0.01,0,0.9986,0.0019,Lavoura,5.4367,37595.18,1554.78,46.68,7.23,29.01,4.49,
5102637,Campo Novo do Parecis,resto_mt,FALSE,2005,1443058,894992,72,37587,81053,1083,178,,1444319,5288574.61,99.91,0.07,0.01,0,0.9982,0.0024,Lavoura,5.3421,35512.74,1491.43,46.37,5.91,-18.22,4.49,
5102637,Campo Novo do Parecis,resto_mt,FALSE,2006,867014,940104,72,35615,80493,1221,35,,868270,2977581.74,99.86,0.14,0,0,0.9972,0.0037,Lavoura,5.227,35392.82,1340.83,44.25,3.16,-43.7,4.49,1470.41
5102637,Campo Novo do Parecis,resto_mt,FALSE,2007,1292444,925404,72,43154,53653,479,23,,1292946,4165702.95,99.96,0.04,0,0,0.9992,0.0011,Lavoura,5.6849,41457.04,1933.25,80.43,4.51,39.9,4.49,1808.82
5102637,Campo Novo do Parecis,resto_mt,FALSE,2008,1746178,1030084,72,40896,53037,1001,637,,1747816,5176787.54,99.91,0.06,0.04,0,0.9982,0.0024,Lavoura,5.1932,44342.83,1760.48,77.11,5.01,24.27,4.49,2193.56
5102637,Campo Novo do Parecis,resto_mt,FALSE,2009,1706604,1014524,72,48584,61052,754,610,,1707968,4714005.84,99.92,0.04,0.04,0,0.9984,0.0021,Lavoura,5.0876,42655.73,2042.72,79.58,4.66,-8.94,4.49,1854.46
5102637,Campo Novo do Parecis,resto_mt,FALSE,2010,1425488,1017780,72,54069,67623,705,796,,1426989,3632523.22,99.89,0.05,0.06,0,0.9978,0.0029,Lavoura,4.9604,36906.84,1960.66,79.96,3.56,-22.94,4.49,1270.12
5102637,Campo Novo do Parecis,resto_mt,FALSE,2011,2235718,1048396,72,62776,76695,762,916,,2237396,5258084.88,99.93,0.03,0.04,0,0.9986,0.0019,Lavoura,5.0212,36993.51,2215.1,81.85,5.01,44.75,4.49,1565.84
5102637,Campo Novo do Parecis,resto_mt,FALSE,2012,2784438,1166272,72,61280,74457,924,734,,2786096,6065767.47,99.94,0.03,0.03,0,0.9988,0.0016,Lavoura,5.1918,40108.4,2107.44,82.3,5.19,15.36,4.49,1661.86
5102637,Campo Novo do Parecis,resto_mt,FALSE,2013,3190964,1265182,72,63767,77572,993,881,0,3192838,6466060.21,99.94,0.03,0.03,0,0.9988,0.0016,Lavoura,5.314,41707.01,2102.09,82.2,5.12,6.6,4.49,1885.69
5102637,Campo Novo do Parecis,resto_mt,FALSE,2014,3278086,1330670,72,71519,85494,941,1413,0,3280440,6160103.25,99.93,0.03,0.04,0,0.9986,0.0019,Lavoura,4.6549,42689.36,2294.41,83.65,4.63,-4.73,4.49,1728.43
5102637,Campo Novo do Parecis,resto_mt,FALSE,2015,3471408,1245538,72,86760,101051,1120,2142,0,3474670,6065879.45,99.91,0.03,0.06,0,0.9982,0.0024,Lavoura,4.5401,38941.32,2712.52,85.86,4.86,-1.53,4.49,1701.98
5102637,Campo Novo do Parecis,resto_mt,FALSE,2016,4071726,1273700,72,92083,106607,1357,1593,0,4074676,6580110.15,99.93,0.03,0.04,0,0.9986,0.0019,Lavoura,4.519,38858.38,2809.29,86.38,5.17,8.48,4.49,1747.24
5102637,Campo Novo do Parecis,resto_mt,FALSE,2017,4422724,1423362,72,102839,117490,1447,1903,0,4426074,6894454.51,99.92,0.03,0.04,0,0.9984,0.0021,Lavoura,4.9482,42423.83,3065.15,87.53,4.84,4.78,4.49,1686.93
5102637,Campo Novo do Parecis,resto_mt,FALSE,2018,5545700,1484102,72,113116,125407,1455,2046,0,5549201,8272221.7,99.94,0.03,0.04,0,0.9988,0.0016,Lavoura,5.3869,42945.25,3273.22,90.2,5.57,19.98,4.49,1758.92
5102637,Campo Novo do Parecis,resto_mt,FALSE,2019,6111740,1563378,72,144241,157006,2011,2231,0,6115982,8747604,99.93,0.03,0.04,0,0.9986,0.0019,Lavoura,5.1177,44213.18,4079.21,91.87,5.6,5.75,4.49,1724
5102637,Campo Novo do Parecis,resto_mt,FALSE,2020,7581206,1563292,72,150934,164208,2241,2258,376,7586081,10190674.05,99.94,0.03,0.03,0,0.9988,0.0016,Lavoura,4.6914,43252.97,4176.02,91.92,6.52,16.5,4.49,2201.96
5102637,Campo Novo do Parecis,resto_mt,FALSE,2021,15119478,1517894,72,140719,153540,2240,2653,408,15124779,17972742.98,99.96,0.01,0.02,0,0.9992,0.0011,Lavoura,4.919,41116.4,3811.77,91.65,11.84,76.36,4.49,3398.13
5102637,Campo Novo do Parecis,resto_mt,FALSE,2022,16310086,1643276,72,137578,151140,4005,3493,510,16318094,17860100.75,99.95,0.02,0.02,0,0.999,0.0013,Lavoura,4.6067,35802,2997.41,91.03,10.87,-0.63,4.49,2964.82
5102637,Campo Novo do Parecis,resto_mt,FALSE,2023,14315506,1496428,72,164349,178819,7686,14855,460,14338507,14923472.11,99.84,0.05,0.1,0,0.9968,0.0043,Lavoura,4.5586,32602.63,3580.67,91.91,9.98,-16.44,4.49,2262.16
5102637,Campo Novo do Parecis,resto_mt,FALSE,2024,10462516,1487710,72,149344,164782,8104,15295,511,10486426,10486426.01,99.77,0.08,0.15,0,0.9954,0.0061,Lavoura,4.2049,29734.58,2984.91,90.63,7.05,-29.73,4.49,1620.27
5102678,Campo Verde,resto_mt,FALSE,2000,370526,335692,72,109481,1090735,22589,283,,393398,,94.19,5.74,0.07,0,0.8905,0.146,Lavoura,5.0425,19493.18,6357.41,10.04,,,3.84,
5102678,Campo Verde,resto_mt,FALSE,2001,536044,343922,72,100000,956997,18240,239,,554523,,96.67,3.29,0.04,0,0.9356,0.0859,Lavoura,6.2631,18566.29,5398.4,10.45,,,3.84,
5102678,Campo Verde,resto_mt,FALSE,2002,612712,433618,72,114439,1245407,30239,259,,643210,3110543.15,95.26,4.7,0.04,0,0.9097,0.1204,Lavoura,4.9455,22138.05,5842.6,9.19,7.18,,3.84,
5102678,Campo Verde,resto_mt,FALSE,2003,1075276,443598,72,125995,1271668,37562,389,,1113227,4718628.93,96.59,3.37,0.03,0,0.9341,0.0879,Lavoura,5.3529,21445.4,6091.13,9.91,10.64,51.7,3.84,
5102678,Campo Verde,resto_mt,FALSE,2004,1448882,513420,72,119458,1224270,34669,369,,1483920,5837364.26,97.64,2.34,0.02,0,0.9539,0.0615,Lavoura,4.9073,22331.35,5195.86,9.76,11.38,23.71,3.84,
5102678,Campo Verde,resto_mt,FALSE,2005,1807748,576042,72,125047,1338296,41298,782,,1849828,6773402.14,97.73,2.23,0.04,0,0.9556,0.0592,Lavoura,6.8419,23737.67,5152.96,9.34,11.76,16.04,3.84,
5102678,Campo Verde,resto_mt,FALSE,2006,857980,547974,72,78995,1680178,49597,686,,908263,3114730.82,94.46,5.46,0.08,0,0.8953,0.1396,Lavoura,5.4677,21461.4,3093.84,4.7,5.68,-54.02,3.84,1238.96
5102678,Campo Verde,resto_mt,FALSE,2007,1101820,545770,72,73299,1884424,62994,640,,1165454,3754940.4,94.54,5.41,0.05,0,0.8967,0.1377,Lavoura,5.1243,21052.69,2827.46,3.89,6.87,20.55,3.84,1372.43
5102678,Campo Verde,resto_mt,FALSE,2008,1219174,540642,72,79329,1924316,67289,514,,1286977,3811846.62,94.73,5.23,0.04,0,0.9001,0.1332,Lavoura,3.824,19912.42,2921.77,4.12,7.05,1.52,3.84,1188.23
5102678,Campo Verde,resto_mt,FALSE,2009,1189256,526526,72,84613,1833899,58219,503,,1247978,3444429.62,95.29,4.67,0.04,0,0.9102,0.1197,Lavoura,3.7174,18706.29,3006.11,4.61,6.54,-9.64,3.84,1139.4
5102678,Campo Verde,resto_mt,FALSE,2010,1165956,582372,72,85466,1541335,41992,797,,1208745,3076964.35,96.46,3.47,0.07,0,0.9317,0.0911,Lavoura,4.2018,18435.91,2705.56,5.54,5.29,-10.67,3.84,959.46
5102678,Campo Verde,resto_mt,FALSE,2011,1887404,680820,72,84457,1747909,44142,703,,1932249,4540961.58,97.68,2.28,0.04,0,0.9547,0.0604,Lavoura,4.3364,20825.28,2583.41,4.83,6.67,47.58,3.84,1294.1
5102678,Campo Verde,resto_mt,FALSE,2012,2071194,687534,72,74977,1562781,47450,389,,2119033,4613466.82,97.74,2.24,0.02,0,0.9558,0.0589,Lavoura,3.9488,20365.95,2220.95,4.8,6.72,1.6,3.84,1371.03
5102678,Campo Verde,resto_mt,FALSE,2013,2110714,707144,72,74977,1549291,51532,9138,21555.01,2192939.01,4441088.37,96.25,2.35,0.42,0.98,0.9271,0.0972,Lavoura,3.6498,19875.88,2107.4,4.84,6.29,-3.74,3.84,1206.48
5102678,Campo Verde,resto_mt,FALSE,2014,2484374,759624,72,81682,1776161,110650,9421,31271,2635716,4949422.24,94.26,4.2,0.36,1.19,0.8904,0.1461,Lavoura,3.74,20641.96,2219.62,4.6,6.52,11.45,3.84,1315.99
5102678,Campo Verde,resto_mt,FALSE,2015,2841686,773586,72,102047,1707357,125803,11598,50047,3029134,5288088.27,93.81,4.15,0.38,1.65,0.882,0.1573,Lavoura,3.958,20363.42,2686.22,5.98,6.85,6.84,3.84,1432.71
5102678,Campo Verde,resto_mt,FALSE,2016,3282922,780494,72,104090,1909335,112331,5501,56751.99,3457505.99,5583455.04,94.95,3.25,0.16,1.64,0.9029,0.1295,Lavoura,3.8345,20108.57,2681.76,5.45,7.15,5.59,3.84,1440.52
5102678,Campo Verde,resto_mt,FALSE,2017,3556268,833202,72,108368,2139476,96813,7786,10733.01,3671600.01,5719217.35,96.86,2.64,0.21,0.29,0.9389,0.0815,Lavoura,4.1047,20865,2713.75,5.07,6.87,2.43,3.84,1466.08
5102678,Campo Verde,resto_mt,FALSE,2018,3810146,779464,72,117031,2386454,109471,3914,20082.99,3943613.99,5878765.11,96.62,2.78,0.1,0.51,0.9343,0.0876,Lavoura,3.8283,18181.61,2729.84,4.9,7.53,2.79,3.84,1543.39
5102678,Campo Verde,resto_mt,FALSE,2019,3956946,786750,72,122054,1849433,113524,4970,19871,4095311,5857466.37,96.62,2.77,0.12,0.49,0.9343,0.0876,Lavoura,3.4269,17864.04,2771.37,6.6,7.43,-0.36,3.84,1557.01
5102678,Campo Verde,resto_mt,FALSE,2020,5420176,795674,72,128866,2278746,172037,13015,32273.99,5637501.99,7573072.99,96.14,3.05,0.23,0.57,0.9253,0.0996,Lavoura,3.4864,17395.58,2817.36,5.66,9.52,29.29,3.84,2032.5
5102678,Campo Verde,resto_mt,FALSE,2021,8858746,813350,72,123036,1926411,201283,6253,64276,9130558,10849822.82,97.02,2.2,0.07,0.7,0.9418,0.0776,Lavoura,2.9695,18471.37,2794.18,6.39,13.34,43.27,3.84,2863.5
5102678,Campo Verde,resto_mt,FALSE,2022,9672198,840950,72,128382,2098493,232504,6528,35141,9946371,10886270.67,97.24,2.34,0.07,0.35,0.9461,0.0719,Lavoura,2.8079,18861.72,2879.49,6.12,12.96,0.34,3.84,2657.77
5102678,Campo Verde,resto_mt,FALSE,2023,7621252,896990,72,137084,2271412,563342,13697,51169,8249460,8586011.5,92.38,6.83,0.17,0.62,0.8581,0.1892,Lavoura,2.6227,20118.65,3074.67,6.04,9.57,-21.13,3.84,2059.99
5102678,Campo Verde,resto_mt,FALSE,2024,6474576,920748,72,141980,2539483,589530,13038,48924,7126068,7126068.01,90.86,8.27,0.18,0.69,0.8324,0.2235,Lavoura,2.8574,19250.03,2968.37,5.59,7.74,-17,3.84,1687.44
5102686,Campos de Júlio,resto_mt,FALSE,2000,194520,271298,34,8750,15176,82,209,,194811,,99.85,0.04,0.11,0,0.997,0.004,Lavoura,2.497,93712.61,3022.45,57.66,,,5.13,
5102686,Campos de Júlio,resto_mt,FALSE,2001,260120,333546,34,10836,17523,93,322,,260535,,99.84,0.04,0.12,0,0.9968,0.0043,Lavoura,2.9426,106394.26,3456.46,61.84,,,5.13,
5102686,Campos de Júlio,resto_mt,FALSE,2002,381096,367334,34,11224,18139,114,377,,381587,1845342.64,99.87,0.03,0.1,0,0.9974,0.0035,Lavoura,2.9339,111821.61,3416.74,61.88,5.01,,5.13,
5102686,Campos de Júlio,resto_mt,FALSE,2003,539982,450356,34,13924,21182,149,414,,540545,2291205.01,99.9,0.03,0.08,0,0.998,0.0027,Lavoura,2.5992,129935.37,4017.31,65.74,5.09,24.16,5.13,
5102686,Campos de Júlio,resto_mt,FALSE,2004,782026,543010,34,16028,23510,203,367,,782596,3078533.83,99.93,0.03,0.05,0,0.9986,0.0019,Lavoura,2.588,141224.97,4168.53,68.18,5.68,34.36,5.13,
5102686,Campos de Júlio,resto_mt,FALSE,2005,796320,586944,34,13895,21570,212,313,,796845,2917758.64,99.93,0.03,0.04,0,0.9986,0.0019,Lavoura,2.9473,144745.75,3426.63,64.42,4.96,-5.22,5.13,
5102686,Campos de Júlio,resto_mt,FALSE,2006,583718,623690,34,16757,24852,228,374,,584320,2003824.36,99.9,0.04,0.06,0,0.998,0.0027,Lavoura,3.5176,146268.76,3929.88,67.43,3.21,-31.32,5.13,3745.47
5102686,Campos de Júlio,resto_mt,FALSE,2007,747700,537586,34,14567,19027,47,7,,747754,2409165.6,99.99,0.01,0,0,0.9998,3e-4,Lavoura,3.2878,112701.47,3053.88,76.56,4.48,20.23,5.13,5294.87
5102686,Campos de Júlio,resto_mt,FALSE,2008,1083250,593814,34,14840,20380,227,234,,1083711,3209801.05,99.96,0.02,0.02,0,0.9992,0.0011,Lavoura,3.22,118525.75,2962.08,72.82,5.4,33.23,5.13,3347.04
5102686,Campos de Júlio,resto_mt,FALSE,2009,991460,590304,34,20169,26139,257,363,,992080,2738149.02,99.94,0.03,0.04,0,0.9988,0.0016,Lavoura,2.9552,113020.1,3861.57,77.16,4.63,-14.69,5.13,5089.49
5102686,Campos de Júlio,resto_mt,FALSE,2010,636426,577542,34,18977,25170,255,444,,637125,1621856.48,99.89,0.04,0.07,0,0.9978,0.0029,Lavoura,2.2147,112057.04,3681.99,75.4,2.8,-40.77,5.13,2970.44
5102686,Campos de Júlio,resto_mt,FALSE,2011,1173254,612494,34,28755,35888,350,668,,1174272,2759646.41,99.91,0.03,0.06,0,0.9982,0.0024,Lavoura,2.6353,114979.16,5397.97,80.12,4.51,70.15,5.13,2552.87
5102686,Campos de Júlio,resto_mt,FALSE,2012,1562376,651150,34,36299,43450,343,1196,,1563915,3404887.96,99.9,0.02,0.08,0,0.998,0.0027,Lavoura,2.9143,118520.2,6607.03,83.54,5.22,23.38,5.13,2937.78
5102686,Campos de Júlio,resto_mt,FALSE,2013,1683052,687724,34,36548,42004,495,1271,0,1684818,3412053.68,99.9,0.03,0.08,0,0.998,0.0027,Lavoura,2.8041,119024.58,6325.37,87.01,4.96,0.21,5.13,2747.22
5102686,Campos de Júlio,resto_mt,FALSE,2014,1815560,705644,34,31915,38710,321,5133,0,1821014,3419551.73,99.7,0.02,0.28,0,0.994,0.008,Lavoura,2.584,118218.13,5346.79,82.45,4.84,0.22,5.13,2409.83
5102686,Campos de Júlio,resto_mt,FALSE,2015,2015678,703216,34,47922,57172,439,2801,0,2018918,3524511.16,99.84,0.02,0.14,0,0.9968,0.0043,Lavoura,2.638,114251.18,7785.87,83.82,5.01,3.07,5.13,2415.71
5102686,Campos de Júlio,resto_mt,FALSE,2016,2236250,726898,34,48233,59132,427,3402,426,2240505,3618145.27,99.81,0.02,0.15,0.02,0.9962,0.0051,Lavoura,2.4848,114725.06,7612.53,81.57,4.99,2.66,5.13,2251.49
5102686,Campos de Júlio,resto_mt,FALSE,2017,2300086,771130,34,45967,55168,387,1473,359.99,2302305.99,3586280.72,99.9,0.02,0.06,0.02,0.998,0.0027,Lavoura,2.5739,118416.77,7058.81,83.32,4.66,-0.88,5.13,2030.74
5102686,Campos de Júlio,resto_mt,FALSE,2018,2858300,739346,34,60472,71915,513,1839,300,2860952,4264835.46,99.91,0.02,0.06,0.01,0.9982,0.0024,Lavoura,2.7773,110185.69,9012.22,84.09,5.78,18.92,5.13,2050.39
5102686,Campos de Júlio,resto_mt,FALSE,2019,3019282,770260,34,75443,88155,515,4945,282,3025024,4326649.77,99.81,0.02,0.16,0.01,0.9962,0.0051,Lavoura,2.5313,111777.68,10948.05,85.58,5.63,1.45,5.13,2117.8
5102686,Campos de Júlio,resto_mt,FALSE,2020,3854908,742000,34,90669,104383,710,5031,282,3860931,5186536.93,99.84,0.02,0.13,0.01,0.9968,0.0043,Lavoura,2.3877,104950.5,12824.47,86.86,7,19.87,5.13,2841.94
5102686,Campos de Júlio,resto_mt,FALSE,2021,9103818,867820,34,93557,112974,1371,11169,280,9116638,10833281.7,99.86,0.02,0.12,0,0.9972,0.0037,Lavoura,2.965,119781.92,12913.32,82.81,12.47,108.87,5.13,5205.8
5102686,Campos de Júlio,resto_mt,FALSE,2022,7886288,812008,34,100321,113079,1098,10809,403,7898598,8644989.8,99.84,0.01,0.14,0.01,0.9968,0.0043,Lavoura,2.2298,92043.53,11371.68,88.72,10.64,-20.2,5.13,3832
5102686,Campos de Júlio,resto_mt,FALSE,2023,7565342,844230,34,110176,118845,1510,45493,444,7612789,7923366.37,99.38,0.02,0.6,0.01,0.9877,0.0164,Lavoura,2.4203,95695.99,12488.78,92.71,9.39,-8.35,5.13,3311.07
5102686,Campos de Júlio,resto_mt,FALSE,2024,5501526,813728,34,101999,117267,2644,42884,302.99,5547356.99,5547357,99.17,0.05,0.77,0.01,0.9835,0.022,Lavoura,2.2244,84692.76,10616.05,86.98,6.82,-29.99,5.13,2323.03
5102694,Canabrava do Norte,resto_mt,FALSE,2000,7788,13060,72,144621,175947,1841,212,,9841,,79.14,18.71,2.15,0,0.6618,0.4509,Lavoura,0.1261,2617.76,28987.97,82.2,,,8.85,
5102694,Canabrava do Norte,resto_mt,FALSE,2001,13070,15900,72,139894,171919,1926,274,,15270,,85.59,12.61,1.79,0,0.7488,0.3349,Lavoura,0.1725,3026.27,26626.19,81.37,,,8.85,
5102694,Canabrava do Norte,resto_mt,FALSE,2002,18704,20686,72,163327,196231,2039,351,,21094,102009.9,88.67,9.67,1.66,0,0.7959,0.2721,Lavoura,0.1622,3810.98,30089.72,83.23,4.94,,8.85,
5102694,Canabrava do Norte,resto_mt,FALSE,2003,32850,25066,72,159800,192830,2025,397,,35272,149507.23,93.13,5.74,1.13,0,0.8707,0.1724,Lavoura,0.1696,4451.43,28378.62,82.87,5.96,46.56,8.85,
5102694,Canabrava do Norte,resto_mt,FALSE,2004,60334,37780,72,182673,216110,3620,376,,64330,253057.88,93.79,5.63,0.58,0,0.8829,0.1561,Lavoura,0.2127,6235.35,30149.03,84.53,6.69,69.26,8.85,
5102694,Canabrava do Norte,resto_mt,FALSE,2005,57902,57204,72,207630,242061,4143,335,,62380,228413.04,92.82,6.64,0.54,0,0.866,0.1787,Lavoura,0.2307,9087.21,32983.32,85.78,4,-9.74,8.85,
5102694,Canabrava do Norte,resto_mt,FALSE,2006,32750,39000,72,223738,258984,4244,251,,37245,127725.29,87.93,11.39,0.67,0,0.7862,0.2851,Lavoura,0.2242,5972.43,34263.09,86.39,3.28,-44.08,8.85,6386.26
5102694,Canabrava do Norte,resto_mt,FALSE,2007,18172,16704,72,174903,186073,4092,158,,22422,72240.75,81.05,18.25,0.7,0,0.6903,0.4129,Lavoura,0.0986,3129.85,32771.78,94,4.33,-43.44,8.85,1901.07
5102694,Canabrava do Norte,resto_mt,FALSE,2008,28300,21232,72,164744,176034,3865,280,,32445,96097.58,87.22,11.91,0.86,0,0.775,0.3,Lavoura,0.0964,3850.56,29877.4,93.59,4.53,33.02,8.85,2044.64
5102694,Canabrava do Norte,resto_mt,FALSE,2009,20796,12780,72,160798,172313,3501,436,,24733,68263.27,84.08,14.16,1.76,0,0.7273,0.3636,Lavoura,0.0737,2297.32,28904.91,93.32,5.35,-28.96,8.85,1018.85
5102694,Canabrava do Norte,resto_mt,FALSE,2010,30720,14640,72,173891,191049,3552,415,,34687,88298.74,88.56,10.24,1.2,0,0.7949,0.2735,Lavoura,0.1206,3058.92,36333.26,91.02,6.03,29.35,8.85,1471.65
5102694,Canabrava do Norte,resto_mt,FALSE,2011,29434,16300,72,229437,246593,4523,322,,34279,80558.79,85.87,13.19,0.94,0,0.7549,0.3268,Lavoura,0.0769,3416.47,48089.92,93.04,4.94,-8.77,8.85,1150.83
5102694,Canabrava do Norte,resto_mt,FALSE,2012,37342,16800,72,213087,230334,5615,47,,43004,93626.45,86.83,13.06,0.11,0,0.771,0.3053,Lavoura,0.0801,3532.38,44803.83,92.51,5.57,16.22,8.85,1318.69
5102694,Canabrava do Norte,resto_mt,FALSE,2013,100548,47300,72,193501,202483,5320,47,242.01,106157.01,214986.68,94.72,5.01,0.04,0.23,0.8997,0.1337,Lavoura,0.1767,10004.23,40926.61,95.56,4.56,129.62,8.85,3307.48
5102694,Canabrava do Norte,resto_mt,FALSE,2014,165652,71812,72,194535,205007,8908,22,653,175235,329061.26,94.53,5.08,0.01,0.37,0.8962,0.1384,Lavoura,0.2487,15269.4,41364.02,94.89,4.58,53.06,8.85,4769
5102694,Canabrava do Norte,resto_mt,FALSE,2015,155428,60422,72,199635,211185,5376,39,513.01,161356.01,281686.07,96.33,3.33,0.02,0.32,0.9291,0.0945,Lavoura,0.2108,12916.2,42675.29,94.53,4.66,-14.4,8.85,2734.82
5102694,Canabrava do Norte,resto_mt,FALSE,2016,338950,96920,72,200562,212022,5224,33,454,344661,556585.94,98.34,1.52,0.01,0.13,0.9673,0.0436,Lavoura,0.3822,20825.1,43094.54,94.59,5.75,97.59,8.85,6626.03
5102694,Canabrava do Norte,resto_mt,FALSE,2017,235370,92920,72,160052,175028,12894,19,484,248767,387502.06,94.61,5.18,0.01,0.19,0.8978,0.1363,Lavoura,0.2781,20069.11,34568.47,91.44,4.17,-30.38,8.85,3655.69
5102694,Canabrava do Norte,resto_mt,FALSE,2018,315280,98320,72,151891,167099,9087,22,464.99,324853.99,484261.46,97.05,2.8,0.01,0.14,0.9427,0.0764,Lavoura,0.3154,20651.12,31903.17,90.9,4.91,24.97,8.85,5380.68
5102694,Canabrava do Norte,resto_mt,FALSE,2019,253184,76270,72,180758,197817,28812,25,492,282513,404074.41,89.62,10.2,0.01,0.17,0.8136,0.2485,Lavoura,0.2364,16080.54,38110.48,91.38,5.29,-16.56,8.85,3640.32
5102694,Canabrava do Norte,resto_mt,FALSE,2020,290918,77500,72,193094,209636,18056,32,609.01,309615.01,415917.75,93.96,5.83,0.01,0.2,0.8863,0.1516,Lavoura,0.1915,16391.71,40840.52,92.11,5.37,2.93,8.85,3437.33
5102694,Canabrava do Norte,resto_mt,FALSE,2021,702832,77526,72,177166,192429,10480,42,1159.01,714513.01,849054.3,98.37,1.47,0.01,0.16,0.9679,0.0428,Lavoura,0.2324,16456.38,37606.88,92.07,10.95,104.14,8.85,3465.54
5102694,Canabrava do Norte,resto_mt,FALSE,2022,799378,77526,72,182299,196882,11826,39,871,812114,888856.14,98.43,1.46,0,0.11,0.9691,0.0412,Lavoura,0.2293,17285.62,40646.38,92.59,11.46,4.69,8.85,2867.27
5102694,Canabrava do Norte,resto_mt,FALSE,2023,739366,126000,72,150823,164452,14392,44,1106,754908,785705.84,97.94,1.91,0.01,0.15,0.9596,0.053900000000000003,Lavoura,0.24,28093.65,33628.32,91.71,6.24,-11.6,8.85,2373.73
5102694,Canabrava do Norte,resto_mt,FALSE,2024,639294,144000,72,121271,134625,14968,54,4791.01,659107.01,659107.02,96.99,2.27,0.01,0.73,0.9413,0.0783,Lavoura,0.2643,32142.86,27069.42,90.08,4.58,-16.11,8.85,1944.27
5102702,Canarana,resto_mt,FALSE,2000,63652,103980,72,297241,335662,753,176,,64581,,98.56,1.17,0.27,0,0.9716,0.0379,Lavoura,0.8278,6748.44,19291.34,88.55,,,7.93,
5102702,Canarana,resto_mt,FALSE,2001,69478,107020,72,320553,359362,832,166,,70476,,98.58,1.18,0.24,0,0.9719,0.0375,Lavoura,0.796,6664.59,19962.2,89.2,,,7.93,
5102702,Canarana,resto_mt,FALSE,2002,146730,133926,72,323236,358677,839,187,,147756,714543.32,99.31,0.57,0.13,0,0.9863,0.0183,Lavoura,1.1361,8104.94,19561.61,90.12,5.35,,7.93,
5102702,Canarana,resto_mt,FALSE,2003,182656,174538,72,347071,382797,948,295,,183899,779491.63,99.32,0.52,0.16,0,0.9865,0.018,Lavoura,0.8843,10241.64,20365.63,90.67,4.45,9.09,7.93,
5102702,Canarana,resto_mt,FALSE,2004,372928,232664,72,347630,381199,1494,273,,374695,1473954.93,99.53,0.4,0.07,0,0.9906,0.0125,Lavoura,1.2391,12833.09,19174.3,91.19,6.34,89.09,7.93,
5102702,Canarana,resto_mt,FALSE,2005,278072,259084,72,322125,354287,2106,345,,280523,1027173.91,99.13,0.75,0.12,0,0.9827,0.0231,Lavoura,1.0376,13831.09,17196.51,90.92,3.97,-30.31,7.93,
5102702,Canarana,resto_mt,FALSE,2006,183946,191532,72,321926,353415,2162,489,,186597,639902.13,98.58,1.16,0.26,0,0.9719,0.0375,Lavoura,1.1233,9909.05,16655.08,91.09,3.33,-37.7,7.93,931.46
5102702,Canarana,resto_mt,FALSE,2007,221222,178046,72,359521,395054,2199,276,,223697,720722.47,98.89,0.98,0.12,0,0.978,0.0293,Lavoura,0.9836,10361.75,20923.06,91.01,4.05,12.63,7.93,985.93
5102702,Canarana,resto_mt,FALSE,2008,315460,199016,72,356164,391859,1941,333,,317734,941083.85,99.28,0.61,0.1,0,0.9857,0.0191,Lavoura,0.9441,11190.1,20026.09,90.89,4.73,30.58,7.93,1051.48
5102702,Canarana,resto_mt,FALSE,2009,361140,225668,72,361349,397224,1834,329,,363303,1002719.28,99.4,0.5,0.09,0,0.9881,0.0159,Lavoura,1.0822,12527.37,20059.34,90.97,4.45,6.55,7.93,985.96
5102702,Canarana,resto_mt,FALSE,2010,364672,283104,72,364361,404359,1967,293,,366932,934056.96,99.38,0.54,0.08,0,0.9877,0.0164,Lavoura,1.2755,15095.66,19428.44,90.11,3.31,-6.85,7.93,839.97
5102702,Canarana,resto_mt,FALSE,2011,622332,321908,72,328130,366666,2544,132,,625008,1468825.85,99.57,0.41,0.02,0,0.9914,0.0115,Lavoura,1.4027,16932.72,17260.01,89.49,4.56,57.25,7.93,1248.99
5102702,Canarana,resto_mt,FALSE,2012,780974,393304,72,285602,332742,3737,1420,,786131,1711530.35,99.34,0.48,0.18,0,0.9869,0.0175,Lavoura,1.4649,20420.77,14828.76,85.83,4.35,16.52,7.93,1399.46
5102702,Canarana,resto_mt,FALSE,2013,1062104,484132,72,299882,351567,4273,845,16704.02,1083926.02,2195141.41,97.99,0.39,0.08,1.54,0.9605,0.0527,Lavoura,1.804,24598.95,15237.13,85.3,4.53,28.26,7.93,1786.11
5102702,Canarana,resto_mt,FALSE,2014,1422632,544474,72,246014,299355,5313,700,30107.99,1458752.99,2739287.73,97.52,0.36,0.05,2.06,0.9515,0.0647,Lavoura,2.0699,27294.67,12332.77,82.18,5.04,24.79,7.93,2162.02
5102702,Canarana,resto_mt,FALSE,2015,1598900,606270,72,235473,332948,6867,685,34871,1641323,2865327.49,97.42,0.42,0.04,2.12,0.9495,0.0673,Lavoura,2.1446,30001.48,11652.46,70.72,4.73,4.6,7.93,2284.94
5102702,Canarana,resto_mt,FALSE,2016,1407038,604232,72,236340,329043,6531,846,48725,1463140,2362794.57,96.17,0.45,0.06,3.33,0.926,0.0987,Lavoura,1.6227,29530.91,11550.76,71.83,3.92,-17.54,7.93,1853.16
5102702,Canarana,resto_mt,FALSE,2017,1673546,655932,72,210067,303388,7592,1023,28836,1710997,2665204.18,97.81,0.44,0.06,1.69,0.957,0.0573,Lavoura,1.9128,31676.82,10144.73,69.24,4.07,12.8,7.93,2054.9
5102702,Canarana,resto_mt,FALSE,2018,2018888,654012,72,260688,384149,11482,1216,18466,2050052,3056022.78,98.48,0.56,0.06,0.9,0.9699,0.0401,Lavoura,1.9901,30688.94,12232.56,67.86,4.68,14.66,7.93,2318.67
5102702,Canarana,resto_mt,FALSE,2019,2377476,715928,72,290872,425204,14461,1236,22464.99,2415637.99,3455053.42,98.42,0.6,0.05,0.93,0.9688,0.0416,Lavoura,2.0214,33177.07,13479.4,68.41,4.84,13.06,7.93,2697.15
5102702,Canarana,resto_mt,FALSE,2020,2943644,766792,72,295216,451960,8748,1228,15728,2969348,3988839.25,99.13,0.29,0.04,0.53,0.9827,0.0231,Lavoura,1.8363,35106.31,13515.98,65.32,5.19,15.45,7.93,2787.44
5102702,Canarana,resto_mt,FALSE,2021,6851872,820378,72,236950,430164,9763,1061,13536,6876232,8171011.97,99.65,0.14,0.02,0.2,0.993,0.0093,Lavoura,2.2363,37119.5,10721.23,55.08,9.95,104.85,7.93,4783.97
5102702,Canarana,resto_mt,FALSE,2022,7776414,940470,72,229883,423164,21066,845,26484,7824809,8564227.98,99.38,0.27,0.01,0.34,0.9877,0.0164,Lavoura,2.209,36370.56,8890.21,54.32,9.11,4.81,7.93,4113.46
5102702,Canarana,resto_mt,FALSE,2023,6396178,968470,72,211389,414267,56166,448,25644,6478436,6742735.42,98.73,0.87,0.01,0.4,0.9749,0.0335,Lavoura,2.0597,37453.4,8174.99,51.03,6.97,-21.27,7.93,3282.74
5102702,Canarana,resto_mt,FALSE,2024,3756308,905020,72,219000,451945,47122,653,26944,3831027,3831027,98.05,1.23,0.02,0.7,0.9616,0.0512,Lavoura,1.5362,32723,7918.43,48.46,4.23,-43.18,7.93,1764.63
5102793,Carlinda,resto_mt,FALSE,2000,11240,26084,72,157428,264594,1017,526,,12783,,87.93,7.96,4.11,0,0.7812,0.2917,Lavoura,0.1638,2121.34,12803.19,59.5,,,11.18,
5102793,Carlinda,resto_mt,FALSE,2001,7884,14060,72,185617,295822,1797,453,,10134,,77.8,17.73,4.47,0,0.6387,0.4817,Lavoura,0.1145,1194.56,15770.35,62.75,,,11.18,
5102793,Carlinda,resto_mt,FALSE,2002,9780,12998,72,209540,323195,1590,303,,11673,56450.25,83.78,13.62,2.6,0,0.7211,0.3719,Lavoura,0.0898,1142.58,18419.48,64.83,4.35,,11.18,
5102793,Carlinda,resto_mt,FALSE,2003,14692,10964,72,250425,364716,1969,459,,17120,72566.43,85.82,11.5,2.68,0,0.7505,0.3327,Lavoura,0.0823,1001.37,22871.95,68.66,6.62,28.55,11.18,
5102793,Carlinda,resto_mt,FALSE,2004,15952,10582,72,252874,368851,2698,437,,19087,75083.41,83.58,14.14,2.29,0,0.7191,0.3745,Lavoura,0.0631,1052.62,25154.08,68.56,7.1,3.47,11.18,
5102793,Carlinda,resto_mt,FALSE,2005,18248,12254,72,243997,361457,2189,503,,20940,76674.73,87.14,10.45,2.4,0,0.7708,0.3056,Lavoura,0.0775,1282.2,25530.71,67.5,6.26,2.12,11.18,
5102793,Carlinda,resto_mt,FALSE,2006,8702,5314,72,220403,339562,2113,346,,11161,38274.72,77.97,18.93,3.1,0,0.6447,0.4737,Lavoura,0.0672,586.21,24313.62,64.91,7.2,-50.08,11.18,267.64
5102793,Carlinda,resto_mt,FALSE,2007,10354,4014,72,236604,262513,6219,311,,16884,54398.05,61.32,36.83,1.84,0,0.512,0.6507,Lavoura,0.0742,331.52,19541.13,90.13,13.54,42.13,11.18,412.1
5102793,Carlinda,resto_mt,FALSE,2008,10280,3282,72,217630,247069,5187,592,,16059,47564.53,64.01,32.3,3.69,0,0.5154,0.6461,Lavoura,0.0477,272.77,18087.6,88.08,14.48,-12.56,11.18,365.88
5102793,Carlinda,resto_mt,FALSE,2009,10350,3478,72,234045,265453,6820,777,,17947,49533.87,57.67,38,4.33,0,0.4789,0.6948,Lavoura,0.0535,287.51,19347.36,88.17,14.23,4.14,11.18,283.04
5102793,Carlinda,resto_mt,FALSE,2010,13496,3504,72,248456,280010,7733,703,,21932,55829.79,61.54,35.26,3.21,0,0.5041,0.6612,Lavoura,0.0762,318.84,22607.46,88.73,15.94,12.71,11.18,225.13
5102793,Carlinda,resto_mt,FALSE,2011,9148,2642,72,234172,265592,10028,437,,19613,46092.34,46.64,51.13,2.23,0,0.4795,0.694,Pecuário,0.044,242.61,21503.4,88.17,17.44,-17.44,11.18,165.79
5102793,Carlinda,resto_mt,FALSE,2012,16968,2684,72,238033,265746,6701,426,,24095,52458.6,70.42,27.81,1.77,0,0.5736,0.5685,Lavoura,0.0449,248.68,22054.39,89.57,19.55,13.81,11.18,204.13
5102793,Carlinda,resto_mt,FALSE,2013,24074,7380,72,238373,261843,10699,1745,3335,39853,80709.36,60.41,26.85,4.38,8.37,0.446,0.7387,Lavoura,0.0663,694.52,22432.99,91.04,10.95,53.85,11.18,303.41
5102793,Carlinda,resto_mt,FALSE,2014,42318,15674,72,231740,271588,11254,795,4576.01,58943.01,110684.85,71.79,19.09,1.35,7.76,0.558,0.5893,Lavoura,0.0836,1493.76,22085.2,85.33,7.05,37.14,11.18,437.48
5102793,Carlinda,resto_mt,FALSE,2015,48556,17478,72,230180,267521,11095,569,5689.99,65909.99,115061.89,73.67,16.83,0.86,8.63,0.5786,0.5619,Lavoura,0.0861,1686.41,22209.57,86.04,6.59,3.95,11.18,395.41
5102793,Carlinda,resto_mt,FALSE,2016,59864,17600,72,256087,293914,9610,551,7240.01,77265.01,124773.68,77.48,12.44,0.71,9.37,0.6246,0.5005,Lavoura,0.0857,1715.73,24964.61,87.13,7.08,8.44,11.18,463.83
5102793,Carlinda,resto_mt,FALSE,2017,68681,22352,72,260896,299349,9866,449,8789.99,87785.99,136743.43,78.24,11.24,0.51,10.01,0.6348,0.4869,Lavoura,0.0981,2205.21,25739.54,87.15,6.11,9.59,11.18,465.1
5102793,Carlinda,resto_mt,FALSE,2018,64945,22014,72,262254,289698,13056,684,2932,81617,121666.87,79.57,16,0.84,3.59,0.6601,0.4532,Lavoura,0.0792,2114.09,25185.25,90.53,5.52,-11.03,11.18,397.6
5102793,Carlinda,resto_mt,FALSE,2019,108248,34540,72,278716,306425,11015,5222,4879.99,129364.99,185028.95,83.68,8.51,4.04,3.77,0.7105,0.386,Lavoura,0.1083,3351.77,27046.68,90.96,5.35,52.08,11.18,567.56
5102793,Carlinda,resto_mt,FALSE,2020,164265,40858,72,274409,323425,20405,2447,10976,198093,266105.94,82.92,10.3,1.24,5.54,0.7014,0.3981,Lavoura,0.1225,4006.08,26905.48,84.84,6.52,43.82,11.18,818.79
5102793,Carlinda,resto_mt,FALSE,2021,320324,41232,72,283581,311905,13078,1235,12250,346887,412205.09,92.34,3.77,0.36,3.53,0.8553,0.1929,Lavoura,0.1128,4084.8,28094.02,90.92,10,54.9,11.18,1164.43
5102793,Carlinda,resto_mt,FALSE,2022,547988,57630,72,302733,331063,12340,1557,12300.99,574185.99,628444.7,95.44,2.15,0.27,2.14,0.9118,0.1176,Lavoura,0.1621,5577.82,29300.52,91.44,10.9,52.46,11.18,1507.06
5102793,Carlinda,resto_mt,FALSE,2023,640692,99672,72,290045,304327,29438,1784,17078.01,688992.01,717100.66,92.99,4.27,0.26,2.48,0.8672,0.1771,Lavoura,0.219,9646.92,28072.49,95.31,7.2,14.11,11.18,1691.29
5102793,Carlinda,resto_mt,FALSE,2024,521079,89548,72,295336,319041,34296,4294,21258,580927,580927.01,89.7,5.9,0.74,3.66,0.8095,0.254,Lavoura,0.2329,8673.77,28606.74,92.57,6.49,-18.99,11.18,1376.6
5102850,Castanheira,resto_mt,FALSE,2000,4788,6312,72,226099,267733,925,3296,,9009,,53.15,10.27,36.59,0,0.4269,0.7641,Lavoura,0.1155,810.27,29024.26,84.45,,,5.67,
5102850,Castanheira,resto_mt,FALSE,2001,8450,6028,72,243208,285684,1373,2506,,12329,,68.54,11.14,20.33,0,0.5235,0.6353,Lavoura,0.1393,792.43,31971.61,85.13,,,5.67,
5102850,Castanheira,resto_mt,FALSE,2002,5590,5428,72,277504,321362,1850,555,,7995,38663.56,69.92,23.14,6.94,0,0.5472,0.6037,Lavoura,0.0615,719.7,36794.48,86.35,7.13,,5.67,
5102850,Castanheira,resto_mt,FALSE,2003,8502,7362,72,282014,327003,1933,534,,10969,46494.24,77.51,17.62,4.87,0,0.6342,0.4877,Lavoura,0.0527,991.25,37971.46,86.24,6.31,20.25,5.67,
5102850,Castanheira,resto_mt,FALSE,2004,25982,10726,72,336207,383186,2092,326,,28400,111718.39,91.49,7.37,1.15,0,0.8426,0.2099,Lavoura,0.0939,1492.62,46786.39,87.74,10.41,140.28,5.67,
5102850,Castanheira,resto_mt,FALSE,2005,8902,5986,72,374457,422672,1979,422,,11303,41387.51,78.76,17.51,3.73,0,0.6524,0.4635,Lavoura,0.0418,848.72,53091.88,88.59,6.92,-62.95,5.67,
5102850,Castanheira,resto_mt,FALSE,2006,5938,3564,72,363007,411728,2229,772,,8939,30654.76,66.43,24.94,8.64,0,0.511,0.652,Lavoura,0.0538,515.03,52457.66,88.17,8.6,-25.93,5.67,306.54
5102850,Castanheira,resto_mt,FALSE,2007,7042,3152,72,334125,368210,3769,904,,11715,37744.19,60.11,32.17,7.72,0,0.4708,0.7056,Lavoura,0.0515,403.69,42792.65,90.74,11.96,23.13,5.67,331.08
5102850,Castanheira,resto_mt,FALSE,2008,8168,3266,72,352666,387504,8083,1112,,17363,51426.79,47.04,46.55,6.4,0,0.4421,0.7439,Pecuário,0.0516,406.22,43863.93,91.01,15.76,36.25,5.67,372.65
5102850,Castanheira,resto_mt,FALSE,2009,8100,3092,72,362067,398052,8310,1220,,17630,48658.95,45.94,47.14,6.92,0,0.4381,0.7492,Pecuário,0.0525,383.67,44927.04,90.96,15.73,-5.38,5.67,328.79
5102850,Castanheira,resto_mt,FALSE,2010,10214,4440,72,362007,398257,6115,444,,16773,42697.11,60.9,36.46,2.65,0,0.5045,0.6607,Lavoura,0.0583,539.42,43980.93,90.9,9.62,-12.25,5.67,275.46
5102850,Castanheira,resto_mt,FALSE,2011,11756,3984,72,372221,408531,6239,515,,18510,43500.2,63.51,33.71,2.78,0,0.5178,0.6429,Lavoura,0.0415,482.03,45035.81,91.11,10.92,1.88,5.67,210.14
5102850,Castanheira,resto_mt,FALSE,2012,11755,3989,72,375879,411420,11216,1196,,24167,52615.35,48.64,46.41,4.95,0,0.4544,0.7275,Pecuário,0.045,480.72,45297.54,91.36,13.19,20.95,5.67,244.73
5102850,Castanheira,resto_mt,FALSE,2013,12400,2804,72,366466,403651,13194,504,890,26988,54655.46,45.95,48.89,1.87,3.3,0.4516,0.7312,Pecuário,0.0449,335.69,43872.38,90.79,19.5,3.88,5.67,229.64
5102850,Castanheira,resto_mt,FALSE,2014,11370,1453,72,376498,415132,14312,583,686.01,26951.01,50609.38,42.19,53.1,2.16,2.55,0.4611,0.7185,Pecuário,0.0382,173.41,44933.52,90.69,34.82,-7.4,5.67,185.4
5102850,Castanheira,resto_mt,FALSE,2015,16338,1990,72,391499,433506,13463,5855,1132,36788,64222.39,44.41,36.6,15.92,3.08,0.3575,0.8567,Diversificado,0.0481,236.76,46579.3,90.31,32.28,26.9,5.67,216.96
5102850,Castanheira,resto_mt,FALSE,2016,17808,1568,72,406573,446451,13937,1062,602,33409,53951.51,53.3,41.72,3.18,1.8,0.4595,0.7207,Pecuário,0.0371,186.02,48235.02,91.07,34.42,-15.99,5.67,180.43
5102850,Castanheira,resto_mt,FALSE,2017,10208,1018,72,414985,455316,14696,5752,800,31456,48998.71,32.45,46.72,18.29,2.54,0.3577,0.8564,Pecuário,0.0352,120.42,49087.41,91.14,48.14,-9.18,5.67,146.7
5102850,Castanheira,resto_mt,FALSE,2018,11223,980,72,398035,440070,23610,2767,874,38474,57353.38,29.17,61.37,7.19,2.27,0.4674,0.7101,Pecuário,0.0373,112.71,45777.46,90.45,58.52,17.05,5.67,172.74
5102850,Castanheira,resto_mt,FALSE,2019,13721,1119,72,404205,447507,24843,5007,1056,44627,63829.37,30.75,55.67,11.22,2.37,0.4176,0.7765,Pecuário,0.0373,128.19,46305.99,90.32,57.05,11.29,5.67,167.98
5102850,Castanheira,resto_mt,FALSE,2020,14013,1023,72,417714,462607,27352,6773,1057,49195,66085.53,28.48,55.6,13.77,2.15,0.4097,0.7871,Pecuário,0.0304,116.93,47744.2,90.3,64.61,3.53,5.67,186.16
5102850,Castanheira,resto_mt,FALSE,2021,46433,3929,72,420531,463563,36569,7884,1721.99,92607.99,110045.89,50.14,39.49,8.51,1.86,0.4149,0.7801,Lavoura,0.0301,447.39,47885.56,90.72,28,66.52,5.67,343.88
5102850,Castanheira,resto_mt,FALSE,2022,41492,2763,72,457360,501768,30866,6156,2192,80706,88332.45,51.41,38.24,7.63,2.72,0.4171,0.7772,Lavoura,0.0228,368.11,60932.59,91.15,31.97,-19.73,5.67,205.43
5102850,Castanheira,resto_mt,FALSE,2023,63416,5387,72,464222,502710,56234,5268,2827.99,127745.99,132957.61,49.64,44.02,4.12,2.21,0.4424,0.7435,Pecuário,0.0406,717.69,61846.79,92.34,24.69,50.52,5.67,298.11
5102850,Castanheira,resto_mt,FALSE,2024,71915,8369,72,447029,477715,47280,9752,1188,130135,130134.99,55.26,36.33,7.49,0.91,0.443,0.7427,Lavoura,0.0522,1122,59931.49,93.58,15.55,-2.12,5.67,283.53
5103007,Chapada dos Guimarães,resto_mt,FALSE,2000,14288,19576,72,110112,188071,861,108,,15257,,93.65,5.64,0.71,0,0.8803,0.1596,Lavoura,0.1956,1242.53,6989.02,58.55,,,10.3,
5103007,Chapada dos Guimarães,resto_mt,FALSE,2001,23786,16014,72,110112,187684,886,88,,24760,,96.07,3.58,0.36,0,0.9242,0.1011,Lavoura,0.2797,994.84,6840.53,58.67,,,10.3,
5103007,Chapada dos Guimarães,resto_mt,FALSE,2002,15934,14436,72,129843,248115,3269,93,,19296,93314.84,82.58,16.94,0.48,0,0.7107,0.3857,Lavoura,0.1484,881.48,7928.38,52.33,6.47,,10.3,
5103007,Chapada dos Guimarães,resto_mt,FALSE,2003,39206,27156,72,149657,321475,4248,124,,43578,184713.83,89.97,9.75,0.28,0,0.819,0.2413,Lavoura,0.2095,1629.43,8979.78,46.55,6.8,97.95,10.3,
5103007,Chapada dos Guimarães,resto_mt,FALSE,2004,74748,44674,72,158209,278216,4399,200,,79347,312130.95,94.2,5.54,0.25,0,0.8904,0.1461,Lavoura,0.2624,2586.5,9159.85,56.87,6.97,68.98,10.3,
5103007,Chapada dos Guimarães,resto_mt,FALSE,2005,64728,56098,72,163866,318634,6172,273,,71173,260609.81,90.94,8.67,0.38,0,0.8345,0.2207,Lavoura,0.2632,3186.12,9306.87,51.43,4.63,-16.51,10.3,
5103007,Chapada dos Guimarães,resto_mt,FALSE,2006,63084,59618,72,158862,181537,5095,300,,68479,234836.88,92.12,7.44,0.44,0,0.8542,0.1944,Lavoura,0.4122,3323.19,8855.18,87.51,3.95,-9.89,10.3,866.57
5103007,Chapada dos Guimarães,resto_mt,FALSE,2007,52586,35004,72,147504,174079,1651,374,,54611,175949.5,96.29,3.02,0.68,0,0.9281,0.0959,Lavoura,0.2401,2014.39,8488.46,84.73,5.01,-25.08,10.3,431.25
5103007,Chapada dos Guimarães,resto_mt,FALSE,2008,86930,38568,72,137569,163895,1633,465,,89028,263688.55,97.64,1.83,0.52,0,0.9537,0.0617,Lavoura,0.2645,2145.29,7652.07,83.94,6.85,49.87,10.3,616.08
5103007,Chapada dos Guimarães,resto_mt,FALSE,2009,96448,50138,72,137707,229071,5150,514,,102112,281829.97,94.45,5.04,0.5,0,0.8946,0.1405,Lavoura,0.3042,2756.35,7570.48,60.12,5.63,6.88,10.3,554.79
5103007,Chapada dos Guimarães,resto_mt,FALSE,2010,78156,52968,72,148798,207977,4193,319,,82668,210438.5,94.54,5.07,0.39,0,0.8964,0.1381,Lavoura,0.2874,2972.22,8349.59,71.55,3.97,-25.33,10.3,412.61
5103007,Chapada dos Guimarães,resto_mt,FALSE,2011,142146,56516,72,132981,192991,4528,354,,147028,345529.21,96.68,3.08,0.24,0,0.9357,0.0857,Lavoura,0.33,3143.27,7396.05,68.91,6.11,64.19,10.3,597.81
5103007,Chapada dos Guimarães,resto_mt,FALSE,2012,144104,62416,72,103314,126483,4252,389,,148745,323841.18,96.88,2.86,0.26,0,0.9394,0.0808,Lavoura,0.2772,3442.12,5697.57,81.68,5.19,-6.28,10.3,583.5
5103007,Chapada dos Guimarães,resto_mt,FALSE,2013,155424,63640,72,143695,454659,23164,397,496,179481,363480.69,86.6,12.91,0.22,0.28,0.7666,0.3112,Lavoura,0.2987,3460.01,7812.48,31.61,5.7,12.24,10.3,601.78
5103007,Chapada dos Guimarães,resto_mt,FALSE,2014,182280,65248,72,151565,573201,37752,423,9582,230037,431970.01,79.24,16.41,0.18,4.17,0.6566,0.4579,Lavoura,0.3264,3517.79,8171.5,26.44,6.62,18.84,10.3,697.85
5103007,Chapada dos Guimarães,resto_mt,FALSE,2015,151896,64342,72,155476,558677,26060,532,8000.01,186488.01,325560.06,81.45,13.97,0.29,4.29,0.6848,0.4203,Lavoura,0.2437,3440.93,8314.67,27.83,5.07,-24.63,10.3,491.04
5103007,Chapada dos Guimarães,resto_mt,FALSE,2016,272264,67144,72,159369,205932,3891,14785,14005,304945,492449.39,89.28,1.28,4.85,4.59,0.8017,0.2644,Lavoura,0.3382,3551.47,8429.55,77.39,7.33,51.26,10.3,698.51
5103007,Chapada dos Guimarães,resto_mt,FALSE,2017,234794,49688,72,148080,195350,6614,5693,1230,248331,386822.9,94.55,2.66,2.29,0.5,0.8952,0.1397,Lavoura,0.2776,2608.43,7773.64,75.8,7.79,-21.45,10.3,551.81
5103007,Chapada dos Guimarães,resto_mt,FALSE,2018,356744,102878,72,144944,205750,5105,18332,1692,381873,569260,93.42,1.34,4.8,0.44,0.8752,0.1664,Lavoura,0.3707,5252.09,7399.63,70.45,5.52,47.16,10.3,724.24
5103007,Chapada dos Guimarães,resto_mt,FALSE,2019,402056,103646,72,139227,162839,3203,11860,1795,418914,599166.87,95.98,0.76,2.83,0.43,0.9221,0.1039,Lavoura,0.3505,5247.37,7048.75,85.5,5.78,5.25,10.3,790.46
5103007,Chapada dos Guimarães,resto_mt,FALSE,2020,626602,123574,72,141614,167455,4265,11857,1845.99,644569.99,865875.63,97.21,0.66,1.84,0.29,0.9454,0.0728,Lavoura,0.3986,6352.44,7279.8,84.57,7,44.51,10.3,1182.88
5103007,Chapada dos Guimarães,resto_mt,FALSE,2021,1202736,116554,72,140174,165939,4198,12047,2918,1221899,1451980.01,98.43,0.34,0.99,0.24,0.969,0.0413,Lavoura,0.3974,5175.35,6224.15,84.47,12.45,67.69,10.3,1954.22
5103007,Chapada dos Guimarães,resto_mt,FALSE,2022,1251892,118480,72,150957,177107,3860,11917,2899.01,1270568.01,1390632.55,98.53,0.3,0.94,0.23,0.9709,0.0388,Lavoura,0.3587,6239.07,7949.29,85.23,11.74,-4.23,10.3,1511.57
5103007,Chapada dos Guimarães,resto_mt,FALSE,2023,1271592,149306,72,156957,199123,12656,3617,1356.01,1289221.01,1341817.1,98.63,0.98,0.28,0.11,0.9729,0.0361,Lavoura,0.4099,7862.35,8265.24,78.82,8.99,-3.51,10.3,1466.46
5103007,Chapada dos Guimarães,resto_mt,FALSE,2024,788092,133230,72,149204,186456,12444,3778,2592,806906,806906.01,97.67,1.54,0.47,0.32,0.9542,0.0611,Lavoura,0.3236,6876.74,7701.25,80.02,6.06,-39.86,10.3,899.56
5103056,Cláudia,resto_mt,FALSE,2000,10182,18580,72,43600,56417,603,1678,,12463,,81.7,4.84,13.46,0,0.6879,0.4161,Lavoura,0.1597,1812.86,4254.07,77.28,,,13.7,
5103056,Cláudia,resto_mt,FALSE,2001,13680,16738,72,45788,58944,740,682,,15102,,90.58,4.9,4.52,0,0.8249,0.2335,Lavoura,0.1706,1644.2,4497.84,77.68,,,13.7,
5103056,Cláudia,resto_mt,FALSE,2002,25826,29464,72,50814,64429,830,3225,,29881,144503.57,86.43,2.78,10.79,0,0.7594,0.3208,Lavoura,0.2297,2818.98,4861.65,78.87,4.91,,13.7,
5103056,Cláudia,resto_mt,FALSE,2003,65094,52854,72,49708,63479,835,3025,,68954,292274.92,94.4,1.21,4.39,0,0.8932,0.1424,Lavoura,0.3316,4916.19,4623.57,78.31,5.52,102.26,13.7,
5103056,Cláudia,resto_mt,FALSE,2004,127260,71136,72,47372,67002,1078,2652,,130990,515281.39,97.15,0.82,2.02,0,0.9443,0.0743,Lavoura,0.4332,6250.97,4162.74,70.7,7.25,76.3,13.7,
5103056,Cláudia,resto_mt,FALSE,2005,116882,138986,72,43056,62960,1212,3469,,121563,445119.82,96.15,1,2.85,0,0.9254,0.0995,Lavoura,0.4496,11850.78,3671.21,68.39,3.21,-13.62,13.7,
5103056,Cláudia,resto_mt,FALSE,2006,53162,73956,72,43062,63280,1232,2768,,57162,196027.18,93,2.16,4.84,0,0.8677,0.1764,Lavoura,0.3441,6125.74,3566.8,68.05,2.65,-55.96,13.7,1210.04
5103056,Cláudia,resto_mt,FALSE,2007,46796,51508,72,42201,48100,689,3712,,51197,164950.03,91.4,1.35,7.25,0,0.8408,0.2123,Lavoura,0.2251,4827.37,3955.11,87.74,3.21,-15.85,13.7,859.11
5103056,Cláudia,resto_mt,FALSE,2008,138556,85638,72,48302,53660,737,4445,,143738,425731.92,96.39,0.51,3.09,0,0.9301,0.0932,Lavoura,0.4271,7762.69,4378.35,90.01,4.96,158.1,13.7,2008.16
5103056,Cláudia,resto_mt,FALSE,2009,134930,85882,72,46895,51886,711,29627,,165268,456141.06,81.64,0.43,17.93,0,0.6987,0.4017,Lavoura,0.4923,7703.8,4206.58,90.38,5.32,7.14,13.7,1941.03
5103056,Cláudia,resto_mt,FALSE,2010,138700,134660,72,43873,49915,924,19481,,159105,405015.46,87.18,0.58,12.24,0,0.7751,0.2999,Lavoura,0.5531,12210.74,3978.33,87.9,3,-11.21,13.7,1588.29
5103056,Cláudia,resto_mt,FALSE,2011,250564,138268,72,47712,52853,1115,15451,,267130,627779.9,93.8,0.42,5.78,0,0.8832,0.1557,Lavoura,0.5995,12431.94,4289.88,90.27,4.53,55,13.7,2452.26
5103056,Cláudia,resto_mt,FALSE,2012,322288,172520,72,38538,43552,1183,18549,,342020,744631.13,94.23,0.35,5.42,0,0.8909,0.1455,Lavoura,0.6373,15385.71,3436.9,88.49,4.33,18.61,13.7,2799.36
5103056,Cláudia,resto_mt,FALSE,2013,357868,208484,72,36595,49273,552,7248,394,366062,741340.14,97.76,0.15,1.98,0.11,0.9561,0.0585,Lavoura,0.6093,18342.78,3219.69,74.27,3.56,-0.44,13.7,2406.95
5103056,Cláudia,resto_mt,FALSE,2014,485036,243338,72,35009,48496,640,5285,574,491535,923018.36,98.68,0.13,1.08,0.12,0.9739,0.0348,Lavoura,0.6975,21239.24,3055.69,72.19,3.79,24.51,13.7,3332.2
5103056,Cláudia,resto_mt,FALSE,2015,617430,287060,72,34724,48721,664,20736,594,639424,1116269.73,96.56,0.1,3.24,0.09,0.9334,0.0888,Lavoura,0.8355,24862.29,3007.45,71.27,3.89,20.94,13.7,3636.06
5103056,Cláudia,resto_mt,FALSE,2016,752858,331820,72,42099,58860,768,16885,3656,774167,1250186.31,97.25,0.1,2.18,0.47,0.9463,0.0716,Lavoura,0.8586,28526.48,3619.24,71.52,3.77,12,13.7,3870.54
5103056,Cláudia,resto_mt,FALSE,2017,890610,355660,72,43224,63103,1157,9447,3139.99,904353.99,1408703.85,98.48,0.13,1.04,0.35,0.97,0.04,Lavoura,1.011,30356.78,3689.31,68.5,3.97,12.68,13.7,4281.78
5103056,Cláudia,resto_mt,FALSE,2018,821860,307514,72,47785,67161,1196,11738,2922.01,837716.01,1248787.44,98.11,0.14,1.4,0.35,0.9628,0.0496,Lavoura,0.8132,25515.6,3964.9,71.15,4.07,-11.35,13.7,3218.51
5103056,Cláudia,resto_mt,FALSE,2019,1043996,356114,72,50415,79219,1335,18205,3834,1067370,1526644.46,97.81,0.13,1.71,0.36,0.957,0.0573,Lavoura,0.8932,29312.21,4149.72,63.64,4.28,22.25,13.7,3575.28
5103056,Cláudia,resto_mt,FALSE,2020,1364150,349840,72,49947,77414,1208,25073,4052.01,1394483.01,1873262.6,97.82,0.09,1.8,0.29,0.9572,0.0571,Lavoura,0.86240000000000006,28570.03,4078.97,64.52,5.35,22.7,13.7,3910.78
5103056,Cláudia,resto_mt,FALSE,2021,2564502,343980,72,52094,80296,1218,22172,4353.99,2592245.99,3080360.44,98.93,0.05,0.86,0.17,0.9788,0.0283,Lavoura,0.8431,27879.72,4222.24,64.88,8.96,64.44,13.7,5672.86
5103056,Cláudia,resto_mt,FALSE,2022,3133100,390920,72,54189,66805,1077,21095,4029.01,3159301.01,3457844.68,99.17,0.03,0.67,0.13,0.9835,0.022,Lavoura,0.8919,40750.55,5648.81,81.12,8.83,12.25,13.7,5650.08
5103056,Cláudia,resto_mt,FALSE,2023,2562744,400520,72,50799,61762,3008,12087,4597.99,2582436.99,2687792.13,99.24,0.12,0.47,0.18,0.9849,0.0201,Lavoura,0.821,41751.28,5295.42,82.25,6.72,-22.27,13.7,4199.68
5103056,Cláudia,resto_mt,FALSE,2024,2397032,432800,72,49561,62077,3444,24762,9198.01,2434436.01,2434436.02,98.46,0.14,1.02,0.38,0.9696,0.0405,Lavoura,0.9762,45866.89,5252.33,79.84,5.63,-9.43,13.7,3649.84
5103106,Cocalinho,resto_mt,FALSE,2000,1194,1950,72,273169,288970,314,73,,1581,,75.52,19.86,4.62,0,0.6119,0.5175,Lavoura,0.0203,354.29,49631,94.53,,,15.97,
5103106,Cocalinho,resto_mt,FALSE,2001,2662,6052,72,271169,285823,324,75,,3061,,86.97,10.58,2.45,0,0.7682,0.3091,Lavoura,0.0346,1126.37,50468.83,94.87,,,15.97,
5103106,Cocalinho,resto_mt,FALSE,2002,1628,1208,72,294987,308757,312,61,,2001,9676.77,81.36,15.59,3.05,0,0.6872,0.4171,Lavoura,0.0154,224.87,54911.95,95.54,8.02,,15.97,
5103106,Cocalinho,resto_mt,FALSE,2003,13654,12974,72,326825,340734,462,77,,14193,60159.78,96.2,3.26,0.54,0,0.9265,0.098,Lavoura,0.0682,2413.32,60793.34,95.92,4.63,521.69,15.97,
5103106,Cocalinho,resto_mt,FALSE,2004,30296,19060,72,371649,386134,1227,71,,31594,124282.76,95.89,3.88,0.22,0,0.921,0.1053,Lavoura,0.1045,3538.8,69002.78,96.25,6.52,106.59,15.97,
5103106,Cocalinho,resto_mt,FALSE,2005,8610,10740,72,364900,379415,621,104,,9335,34181.39,92.23,6.65,1.11,0,0.8552,0.1931,Lavoura,0.0345,1992.58,67699.44,96.17,3.18,-72.5,15.97,
5103106,Cocalinho,resto_mt,FALSE,2006,4568,5280,72,349291,363499,685,153,,5406,18538.94,84.5,12.67,2.83,0,0.7309,0.3588,Lavoura,0.0325,978.5,64731.47,96.09,3.51,-45.76,15.97,39.46
5103106,Cocalinho,resto_mt,FALSE,2007,3104,1780,72,371092,382043,877,135,,4116,13261.2,75.41,21.31,3.28,0,0.6152,0.5131,Lavoura,0.0181,304.74,63532.27,97.13,7.46,-28.47,15.97,27.75
5103106,Cocalinho,resto_mt,FALSE,2008,3580,2040,72,387294,397407,905,125,,4610,13654.17,77.66,19.63,2.71,0,0.6424,0.4768,Lavoura,0.0137,337.8,64132.14,97.46,6.69,2.96,15.97,26.83
5103106,Cocalinho,resto_mt,FALSE,2009,3124,580,72,389765,400009,1464,67,,4655,12847.83,67.11,31.45,1.44,0,0.5495,0.6007,Lavoura,0.0139,95.04,63864.49,97.44,22.15,-5.91,15.97,26.83
5103106,Cocalinho,resto_mt,FALSE,2010,1692,280,72,410358,421487,1417,67,,3176,8084.78,53.27,44.62,2.11,0,0.4833,0.6889,Pecuário,0.011,51,74746.45,97.36,28.87,-37.07,15.97,16.6
5103106,Cocalinho,resto_mt,FALSE,2011,2802,280,72,428919,439698,1246,63,,4111,9661.24,68.16,30.31,1.53,0,0.5567,0.5911,Lavoura,0.0092,50.91,77985.27,97.55,34.49,19.5,15.97,19.37
5103106,Cocalinho,resto_mt,FALSE,2012,3000,200,72,412614,421422,1268,56,,4324,9414.04,69.38,29.32,1.3,0,0.5675,0.5767,Lavoura,0.0081,36.3,74884.57,97.91,47.07,-2.56,15.97,18.63
5103106,Cocalinho,resto_mt,FALSE,2013,7396,1000,72,412745,420528,1517,65,424,9402,19040.7,78.66,16.13,0.69,4.51,0.6468,0.4709,Lavoura,0.0156,181,74704.98,98.15,19.04,102.26,15.97,34.75
5103106,Cocalinho,resto_mt,FALSE,2014,27774,9130,72,422030,431512,1134,72,1021,30001,56336.72,92.58,3.78,0.24,3.4,0.8597,0.1871,Lavoura,0.0426,1651.89,76357.88,97.8,6.16,195.88,15.97,101.87
5103106,Cocalinho,resto_mt,FALSE,2015,45120,15270,72,439059,450015,1069,75,941.01,47205.01,82407.8,95.58,2.26,0.16,1.99,0.9145,0.114,Lavoura,0.0617,2761.3,79395.84,97.57,5.4,46.28,15.97,142.32
5103106,Cocalinho,resto_mt,FALSE,2016,48418,16070,72,460871,472910,1282,256,1060,51016,82384.68,94.91,2.51,0.5,2.08,0.9019,0.1308,Lavoura,0.0566,2904.39,83294.96,97.45,5.12,-0.03,15.97,129.54
5103106,Cocalinho,resto_mt,FALSE,2017,35100,13480,72,445164,458027,956,283,1252,37591,58555.15,93.37,2.54,0.75,3.33,0.8736,0.1685,Lavoura,0.042,2435.41,80427.1,97.19,4.35,-28.92,15.97,86.75
5103106,Cocalinho,resto_mt,FALSE,2018,46322,17000,72,453871,467495,1130,263,1083.01,48798.01,72743.43,94.93,2.32,0.54,2.22,0.9022,0.1304,Lavoura,0.0474,2987.17,79752.42,97.09,4.28,24.23,15.97,119.26
5103106,Cocalinho,resto_mt,FALSE,2019,76256,20680,72,468445,483449,1308,182,1105,78851,112779.49,96.71,1.66,0.23,1.4,0.9358,0.0856,Lavoura,0.066,3628.07,82183.33,96.9,5.45,55.04,15.97,182.8
5103106,Cocalinho,resto_mt,FALSE,2020,137512,28560,72,514974,532834,1403,202,1062,140179,188307.84,98.1,1,0.14,0.76,0.9625,0.05,Lavoura,0.0867,5027.28,90648.48,96.65,6.59,66.97,15.97,299.84
5103106,Cocalinho,resto_mt,FALSE,2021,237666,29480,72,524986,539791,1495,230,1055.01,240446.01,285721.49,98.84,0.62,0.1,0.44,0.977,0.0307,Lavoura,0.0782,5157.45,91845,97.26,9.7,51.73,15.97,423.92
5103106,Cocalinho,resto_mt,FALSE,2022,414148,39780,72,539282,553533,1446,206,1000,416800,456186.24,99.36,0.35,0.05,0.24,0.9873,0.0169,Lavoura,0.1177,6395.5,86701.29,97.43,11.46,59.66,15.97,565.3
5103106,Cocalinho,resto_mt,FALSE,2023,361410,48300,72,485903,503463,4342,330,290,366372,381318.8,98.65,1.19,0.09,0.08,0.9733,0.0356,Lavoura,0.1165,7765.27,78119.45,96.51,7.89,-16.41,15.97,430.38
5103106,Cocalinho,resto_mt,FALSE,2024,245792,45160,72,507119,522856,4348,468,1288,251896,251895.99,97.58,1.73,0.19,0.51,0.9525,0.0633,Lavoura,0.101,7025.51,78892.19,96.99,5.57,-33.94,15.97,272.61
5103254,Colniza,resto_mt,FALSE,2000,0,0,72,,,,,,0,,,,,,,,Diversificado,0,,,,,,8.86,
5103254,Colniza,resto_mt,FALSE,2001,12174,17564,72,32138,40204,919,2965,,16058,,75.81,5.72,18.46,0,0.6121,0.5172,Lavoura,0.1814,1609.9,2945.74,79.94,,,8.86,
5103254,Colniza,resto_mt,FALSE,2002,22572,41894,72,47013,55681,508,856,,23936,115753.73,94.3,2.12,3.58,0,0.891,0.1453,Lavoura,0.184,3676.85,4126.12,84.43,2.77,,8.86,
5103254,Colniza,resto_mt,FALSE,2003,33834,50304,72,81043,93802,701,983,,35518,150549.95,95.26,1.97,2.77,0,0.9086,0.1219,Lavoura,0.1708,4226.52,6809.19,86.4,3,30.06,8.86,
5103254,Colniza,resto_mt,FALSE,2004,75066,70284,72,96960,110806,778,1925,,77769,305923.49,96.52,1,2.48,0,0.9323,0.0903,Lavoura,0.2572,5418.55,7475.14,87.5,4.35,103.2,8.86,
5103254,Colniza,resto_mt,FALSE,2005,64048,51324,72,152714,167089,1090,2333,,67471,247054.44,94.93,1.62,3.46,0,0.9026,0.1299,Lavoura,0.2496,3784.4,11260.43,91.4,4.81,-19.24,8.86,
5103254,Colniza,resto_mt,FALSE,2006,62746,38384,72,197001,211821,1187,9053,,72986,250292.86,85.97,1.63,12.4,0,0.7547,0.3271,Lavoura,0.4394,2712.84,13923.32,93,6.52,1.31,8.86,9270.11
5103254,Colniza,resto_mt,FALSE,2007,59154,29752,72,217796,257840,1389,9303,,69846,225034.69,84.69,1.99,13.32,0,0.7354,0.3528,Lavoura,0.3071,1067.07,7811.35,84.47,7.56,-10.09,8.86,7759.81
5103254,Colniza,resto_mt,FALSE,2008,56962,27058,72,251482,294675,1786,6583,,65331,193501.32,87.19,2.73,10.08,0,0.7711,0.3052,Lavoura,0.1941,913.01,8485.69,85.34,7.15,-14.01,8.86,6450.06
5103254,Colniza,resto_mt,FALSE,2009,61852,26678,72,290373,335763,3560,59108,,124520,343676.23,49.67,2.86,47.47,0,0.4729,0.7028,Florestal,0.3709,844.32,9189.89,86.48,12.88,77.61,8.86,9044.11
5103254,Colniza,resto_mt,FALSE,2010,69334,30026,72,315596,361998,5108,33426,,107868,274587.27,64.28,4.74,30.99,0,0.5115,0.6513,Lavoura,0.375,1138.17,11963,87.18,9.14,-20.1,8.86,4903.33
5103254,Colniza,resto_mt,FALSE,2011,77606,34980,72,371458,419408,5283,20614,,103503,243241.51,74.98,5.1,19.92,0,0.6045,0.5273,Lavoura,0.2323,1266.66,13450.83,88.57,6.95,-11.42,8.86,3742.19
5103254,Colniza,resto_mt,FALSE,2012,90037,48658,72,406013,457619,9761,46165,,145963,317784.31,61.68,6.69,31.63,0,0.485,0.6867,Lavoura,0.272,1688.93,14092.78,88.72,6.54,30.65,8.86,4889
5103254,Colniza,resto_mt,FALSE,2013,108090,47206,72,451129,506709,12099,19457,540,140186,283901.39,77.1,8.63,13.88,0.39,0.6212,0.5051,Lavoura,0.2333,1530.28,14624.25,89.03,6.01,-10.66,8.86,4367.72
5103254,Colniza,resto_mt,FALSE,2014,109152,45748,72,422888,477395,9775,17138,3747.01,139812.01,262542.96,78.07,6.99,12.26,2.68,0.6301,0.4932,Lavoura,0.1984,1419.42,13120.94,88.58,5.73,-7.52,8.86,3918.55
5103254,Colniza,resto_mt,FALSE,2015,108405,48577,72,429036,486824,9397,65680,4960,188442,328971.22,57.53,4.99,34.85,2.63,0.4556,0.7259,Lavoura,0.2462,1446.82,12778.44,88.13,6.77,25.3,8.86,3356.84
5103254,Colniza,resto_mt,FALSE,2016,139395,35327,72,460002,515666,9481,81305,2661,232842,376011.74,59.87,4.07,34.92,1.14,0.4822,0.6904,Lavoura,0.2582,1012.67,13186.24,89.21,10.64,14.3,8.86,3298.34
5103254,Colniza,resto_mt,FALSE,2017,119586,37062,72,545234,601748,10162,96513,5528,231789,361055.58,51.59,4.38,41.64,2.38,0.442,0.744,Lavoura,0.2591,1024.92,15077.96,90.61,9.75,-3.98,8.86,3647.04
5103254,Colniza,resto_mt,FALSE,2018,109357,40428,72,612105,683090,16808,106738,4348,237251,353671.25,46.09,7.08,44.99,1.83,0.4202,0.7731,Florestal,0.2303,1084.44,16419.13,89.61,8.76,-2.05,8.86,2405.94
5103254,Colniza,resto_mt,FALSE,2019,145242,33094,72,642741,715575,17797,128068,4710,295817,423102.94,49.1,6.02,43.29,1.59,0.4324,0.7568,Florestal,0.2475,857.76,16659.09,89.82,12.78,19.63,8.86,2747.43
5103254,Colniza,resto_mt,FALSE,2020,127010,31220,72,680846,753890,19496,144874,4450,295830,397399.81,42.93,6.59,48.97,1.5,0.4287,0.7617,Florestal,0.1829,783.22,17080.5,90.31,12.73,-6.07,8.86,3056.92
5103254,Colniza,resto_mt,FALSE,2021,190523,31780,72,733536,808231,24281,185684,5910,406398,482921.9,46.88,5.97,45.69,1.45,0.4323,0.7569,Florestal,0.1322,772.92,17840.21,90.76,15.2,21.52,8.86,2439
5103254,Colniza,resto_mt,FALSE,2022,270112,32186,72,829848,906734,29869,193607,7416,501004,548347.25,53.91,5.96,38.64,1.48,0.4437,0.7417,Lavoura,0.1414,1249.17,32207.09,91.52,17.03,13.55,8.86,2167.39
5103254,Colniza,resto_mt,FALSE,2023,342704,33136,72,863182,932626,59998,156724,3887,563313,586294.35,60.84,10.65,27.82,0.69,0.4589,0.7215,Lavoura,0.1791,1286.04,33500.82,92.55,17.69,6.92,8.86,2187.68
5103254,Colniza,resto_mt,FALSE,2024,537814,27456,72,868444,947405,60590,144801,5459.99,748664.99,748664.99,71.84,8.09,19.34,0.73,0.5601,0.5865,Lavoura,0.3002,1052.36,33286.47,91.67,27.26,27.69,8.86,2722.43
5103205,Colíder,resto_mt,FALSE,2000,8864,13824,72,311607,409255,2514,258,,11636,,76.18,21.61,2.22,0,0.6275,0.4967,Lavoura,0.1491,492.82,11108.59,76.14,,,11.43,
5103205,Colíder,resto_mt,FALSE,2001,6596,9254,72,322679,423274,3571,223,,10390,,63.48,34.37,2.15,0,0.5216,0.6379,Lavoura,0.1174,332.7,11600.9,76.23,,,11.43,
5103205,Colíder,resto_mt,FALSE,2002,8616,8260,72,345341,448714,4387,731,,13734,66417.19,62.73,31.94,5.32,0,0.4984,0.6688,Lavoura,0.1056,298.44,12477.54,76.96,8.04,,11.43,
5103205,Colíder,resto_mt,FALSE,2003,3092,1372,72,378416,483366,4929,623,,8644,36639.28,35.77,57.02,7.21,0,0.4583,0.7223,Pecuário,0.0416,49.88,13758.58,78.29,26.7,-44.83,11.43,
5103205,Colíder,resto_mt,FALSE,2004,5554,3164,72,401578,508042,7391,535,,13480,53026.9,41.2,54.83,3.97,0,0.472,0.704,Pecuário,0.0446,116.58,14797.08,79.04,16.75,44.73,11.43,
5103205,Colíder,resto_mt,FALSE,2005,10156,8690,72,384443,492336,9185,648,,19989,73192.5,50.81,45.95,3.24,0,0.4704,0.7061,Pecuário,0.0739,322.59,14271.4,78.09,8.43,38.03,11.43,
5103205,Colíder,resto_mt,FALSE,2006,4370,3516,72,345081,454583,5498,334,,10202,34986,42.83,53.89,3.27,0,0.4749,0.7001,Pecuário,0.0614,131.5,12906.01,75.91,9.95,-52.2,11.43,152.12
5103205,Colíder,resto_mt,FALSE,2007,7342,4068,72,320921,371613,6624,360,,14326,46156.49,51.25,46.24,2.51,0,0.4771,0.6972,Pecuário,0.063,132.53,10455.16,86.36,11.35,31.93,11.43,169.08
5103205,Colíder,resto_mt,FALSE,2008,14696,8796,72,335852,377852,6972,576,,22244,65883.63,66.07,31.34,2.59,0,0.5354,0.6195,Lavoura,0.0661,277.09,10580.02,88.88,7.48,42.74,11.43,196.67
5103205,Colíder,resto_mt,FALSE,2009,13530,10796,72,371204,413348,8550,850,,22930,63286.98,59.01,37.29,3.71,0,0.4886,0.6819,Lavoura,0.0683,336.37,11565.43,89.8,5.85,-3.94,11.43,249.16
5103205,Colíder,resto_mt,FALSE,2010,9598,1928,72,384155,419087,11411,649,,21658,55132.3,44.32,52.69,3,0,0.4749,0.7001,Pecuário,0.0753,62.67,12486.35,91.66,28.59,-12.89,11.43,158.44
5103205,Colíder,resto_mt,FALSE,2011,14614,4352,72,378264,411644,14523,339,,29476,69271.3,49.58,49.27,1.15,0,0.4887,0.6817,Pecuário,0.0662,140.5,12211.91,91.89,15.91,25.65,11.43,185.22
5103205,Colíder,resto_mt,FALSE,2012,21878,7964,72,373364,403829,19637,484,,41999,91438.39,52.09,46.76,1.15,0,0.4901,0.6799,Pecuário,0.0783,255.45,11976.01,92.46,11.48,32,11.43,219.81
5103205,Colíder,resto_mt,FALSE,2013,39980,12770,72,371625,397941,22361,167,412,62920,127424.09,63.54,35.54,0.27,0.65,0.5301,0.6265,Lavoura,0.1047,405.2,11792,93.39,9.98,39.36,11.43,309.29
5103205,Colíder,resto_mt,FALSE,2014,38062,15274,72,368345,411104,23509,214,2346.01,64131.01,120427.04,59.35,36.66,0.33,3.66,0.488,0.6827,Lavoura,0.091,481.72,11617.15,89.6,7.89,-5.49,11.43,319.45
5103205,Colíder,resto_mt,FALSE,2015,64546,23790,72,378011,423284,20645,844,2346.01,88381.01,154290.49,73.03,23.36,0.95,2.65,0.5887,0.5484,Lavoura,0.1155,745.88,11851.73,89.3,6.49,28.12,11.43,370.89
5103205,Colíder,resto_mt,FALSE,2016,92034,29490,72,384776,430940,12521,297,2135,106987,172771.09,86.02,11.7,0.28,2,0.754,0.328,Lavoura,0.1187,918.12,11979.33,89.29,5.85,11.98,11.43,434.1
5103205,Colíder,resto_mt,FALSE,2017,107126,39950,72,387879,436734,13941,1535,2558,125160,194960.58,85.59,11.14,1.23,2.04,0.7455,0.3393,Lavoura,0.1399,1236.92,12009.38,88.81,4.89,12.84,11.43,492.32
5103205,Colíder,resto_mt,FALSE,2018,106832,35992,72,365201,402719,22976,1194,350.98,131352.98,195808.54,81.33,17.49,0.91,0.27,0.6921,0.4105,Lavoura,0.1275,1083.31,10992.08,90.68,5.45,0.43,11.43,459.66
5103205,Colíder,resto_mt,FALSE,2019,144350,49422,72,369586,411100,17095,428,350.98,162223.98,232026.7,88.98,10.54,0.26,0.22,0.8029,0.2628,Lavoura,0.1357,1478.02,11052.87,89.9,4.68,18.5,11.43,572.91
5103205,Colíder,resto_mt,FALSE,2020,213276,52426,72,378836,424935,19700,95,768,233839,314124.91,91.21,8.42,0.04,0.33,0.839,0.2147,Lavoura,0.1446,1558.03,11258.46,89.15,5.98,35.38,11.43,815.91
5103205,Colíder,resto_mt,FALSE,2021,478610,60870,72,397261,443564,20490,318,1492.01,500910.01,595230.3,95.55,4.09,0.06,0.3,0.9147,0.1137,Lavoura,0.1629,1797.96,11734.19,89.56,9.78,89.49,11.43,1368.35
5103205,Colíder,resto_mt,FALSE,2022,728848,78668,72,412661,447859,21075,316,1411.99,751650.99,822679.56,96.97,2.8,0.04,0.19,0.9411,0.0785,Lavoura,0.2122,2507.75,13154.64,92.14,10.46,38.21,11.43,1314.18
5103205,Colíder,resto_mt,FALSE,2023,740492,101864,72,401742,421520,40900,316,841.01,782549.01,814474.5,94.63,5.23,0.04,0.11,0.8982,0.1357,Lavoura,0.2488,3247.18,12806.57,95.31,7.99,-1,11.43,1333.02
5103205,Colíder,resto_mt,FALSE,2024,661330,116742,72,402037,427524,50520,4529,1467.99,717846.99,717846.98,92.13,7.04,0.63,0.2,0.8538,0.1949,Lavoura,0.2878,3647.05,12559.73,94.04,6.16,-11.86,11.43,1097.63
5103304,Comodoro,resto_mt,FALSE,2000,11972,17334,72,315354,347894,481,939,,13392,,89.4,3.59,7.01,0,0.8054,0.2595,Lavoura,0.1717,1152.07,20959.32,90.65,,,13.28,
5103304,Comodoro,resto_mt,FALSE,2001,14706,25100,72,236751,270120,568,2398,,17672,,83.22,3.21,13.57,0,0.712,0.384,Lavoura,0.1996,1595.68,15050.92,87.65,,,13.28,
5103304,Comodoro,resto_mt,FALSE,2002,25856,24918,72,247294,282180,726,2556,,29138,140910.45,88.74,2.49,8.77,0,0.7958,0.2723,Lavoura,0.224,1526.28,15147.25,87.64,5.65,,13.28,
5103304,Comodoro,resto_mt,FALSE,2003,51680,35860,72,280000,316334,908,114,,52702,223387.67,98.06,1.72,0.22,0,0.9619,0.0508,Lavoura,0.2534,2119.26,16547.49,88.51,6.24,58.53,13.28,
5103304,Comodoro,resto_mt,FALSE,2004,91468,57832,72,273485,311065,2601,568,,94637,372277.93,96.65,2.75,0.6,0,0.9349,0.0868,Lavoura,0.313,3183.18,15053.12,87.92,6.44,66.65,13.28,
5103304,Comodoro,resto_mt,FALSE,2005,122586,118402,72,281244,318953,2715,1792,,127093,465368.68,96.45,2.14,1.41,0,0.9309,0.0921,Lavoura,0.4701,6278.61,14913.78,88.18,3.92,25.01,13.28,
5103304,Comodoro,resto_mt,FALSE,2006,89002,123370,72,279036,316107,2540,2105,,93647,321146.19,95.04,2.71,2.25,0,0.9045,0.1273,Lavoura,0.5638,6312.75,14278.05,88.27,2.6,-30.99,13.28,664.91
5103304,Comodoro,resto_mt,FALSE,2007,140426,113626,72,280809,315143,3233,2038,,145697,469416.67,96.38,2.22,1.4,0,0.9296,0.0939,Lavoura,0.6406,6334.02,15653.55,89.11,4.12,46.17,13.28,889.05
5103304,Comodoro,resto_mt,FALSE,2008,212588,136748,72,284136,319486,3541,3288,,219417,649882.58,96.89,1.61,1.5,0,0.9393,0.0809,Lavoura,0.6519,7342.96,15257.26,88.94,4.76,38.44,13.28,1061.89
5103304,Comodoro,resto_mt,FALSE,2009,160050,92756,72,305376,341624,4697,5155,,169902,468930.92,94.2,2.76,3.03,0,0.889,0.148,Lavoura,0.5061,4888.58,16094.45,89.39,5.07,-27.84,13.28,751.48
5103304,Comodoro,resto_mt,FALSE,2010,134454,105746,72,326971,363827,4827,2548,,141829,361037.92,94.8,3.4,1.8,0,0.9002,0.1331,Lavoura,0.493,5817.25,17987.18,89.87,3.41,-23.01,13.28,538.06
5103304,Comodoro,resto_mt,FALSE,2011,201692,107270,72,336672,373789,5273,4190,,211155,496233.53,95.52,2.5,1.98,0,0.9134,0.1155,Lavoura,0.4739,5823.88,18278.52,90.07,4.63,37.45,13.28,694.03
5103304,Comodoro,resto_mt,FALSE,2012,263884,128220,72,329858,365026,8848,4350,,277082,603250.93,95.24,3.19,1.57,0,0.9083,0.1223,Lavoura,0.5163,6874.7,17685.81,90.37,4.71,21.57,13.28,737.48
5103304,Comodoro,resto_mt,FALSE,2013,335430,178122,72,307942,340961,9755,2333,927,348445,705662.61,96.26,2.8,0.67,0.27,0.9274,0.0968,Lavoura,0.5799,9352.69,16169.18,90.32,3.97,16.98,13.28,806.47
5103304,Comodoro,resto_mt,FALSE,2014,421852,173236,72,330763,368814,6990,1244,891.99,430977.99,809302.68,97.88,1.62,0.29,0.21,0.9583,0.0556,Lavoura,0.6115,8978.75,17143.31,89.68,4.68,14.69,13.28,1028.34
5103304,Comodoro,resto_mt,FALSE,2015,505864,187428,72,347917,393379,9657,2750,1108.01,519379.01,906702.07,97.4,1.86,0.53,0.21,0.9491,0.0679,Lavoura,0.6786,9593.98,17809.02,88.44,4.84,12.03,13.28,1120.77
5103304,Comodoro,resto_mt,FALSE,2016,540150,204824,72,333712,379333,12418,1637,956,555161,896518.05,97.3,2.24,0.29,0.17,0.9472,0.0704,Lavoura,0.6157,10396.1,16937.98,87.97,4.38,-1.12,13.28,1196.96
5103304,Comodoro,resto_mt,FALSE,2017,510772,213522,72,306794,342071,10086,4708,2165.01,527731.01,822041.71,96.79,1.91,0.89,0.41,0.9373,0.0836,Lavoura,0.59,10712.52,15392.03,89.69,3.84,-8.31,13.28,953.65
5103304,Comodoro,resto_mt,FALSE,2018,757210,248422,72,311701,353807,9118,4069,2459,772856,1152100.3,97.98,1.18,0.53,0.32,0.9602,0.0531,Lavoura,0.7502,12110.47,15195.29,88.1,4.63,40.15,13.28,1102.49
5103304,Comodoro,resto_mt,FALSE,2019,803476,256054,72,366939,413600,9322,4063,1821.01,818682.01,1170949.5,98.14,1.14,0.5,0.22,0.9633,0.0489,Lavoura,0.6851,12332.23,17672.74,88.72,4.58,1.64,13.28,1180.39
5103304,Comodoro,resto_mt,FALSE,2020,1104634,275242,72,404939,448472,13030,5684,1821.01,1125169.01,1511482.75,98.17,1.16,0.51,0.16,0.9639,0.0481,Lavoura,0.6958,13101.77,19275.47,90.29,5.5,29.08,13.28,1428.63
5103304,Comodoro,resto_mt,FALSE,2021,2194504,268200,72,327973,377959,25575,4319,4225,2228623,2648268.02,98.47,1.15,0.19,0.19,0.9698,0.0403,Lavoura,0.7248,12621.77,15434.75,86.77,9.88,75.21,13.28,2242.41
5103304,Comodoro,resto_mt,FALSE,2022,2761003,338231,72,338435,391606,25650,8059,3256,2797968,3062366.86,98.68,0.92,0.29,0.12,0.9739,0.0348,Lavoura,0.7899,18545.4,18556.59,86.42,9.06,15.64,13.28,2299.07
5103304,Comodoro,resto_mt,FALSE,2023,2751708,381367,72,324305,377313,39554,4260,4107.98,2799629.98,2913845.9,98.29,1.41,0.15,0.15,0.9663,0.0449,Lavoura,0.8901,20910.57,17781.83,85.95,7.64,-4.85,13.28,2040.52
5103304,Comodoro,resto_mt,FALSE,2024,2145307,400518,72,310028,362677,31086,8921,3161,2188475,2188475.01,98.03,1.42,0.41,0.14,0.9612,0.0517,Lavoura,0.8775,21695.36,16793.67,85.48,5.47,-24.89,13.28,1548.81
5103353,Confresa,resto_mt,FALSE,2000,66788,71274,72,173369,271399,1806,465,,69059,,96.71,2.62,0.67,0,0.936,0.0853,Lavoura,0.8852,3994.96,9717.45,63.88,,,5.04,
5103353,Confresa,resto_mt,FALSE,2001,98704,78060,72,184569,282964,2116,407,,101227,,97.51,2.09,0.4,0,0.9513,0.0649,Lavoura,1.1433,3979.2,9408.63,65.23,,,5.04,
5103353,Confresa,resto_mt,FALSE,2002,81020,55990,72,203240,302628,1920,496,,83436,403493.86,97.1,2.3,0.59,0,0.9434,0.0755,Lavoura,0.6415,2678.69,9723.47,67.16,7.2,,5.04,
5103353,Confresa,resto_mt,FALSE,2003,38922,31044,72,294887,395930,2753,463,,42138,178610.1,92.37,6.53,1.1,0,0.8576,0.1899,Lavoura,0.2026,1390.67,13210.01,74.48,5.75,-55.73,5.04,
5103353,Confresa,resto_mt,FALSE,2004,48156,32354,72,351045,452518,5059,419,,53634,210982.52,89.79,9.43,0.78,0,0.8152,0.2464,Lavoura,0.1774,1278.56,13872.55,77.58,6.52,18.12,5.04,
5103353,Confresa,resto_mt,FALSE,2005,52980,34368,72,368361,473711,6588,415,,59983,219636.09,88.33,10.98,0.69,0,0.7923,0.2769,Lavoura,0.2219,1275.01,13665.78,77.76,6.39,4.1,5.04,
5103353,Confresa,resto_mt,FALSE,2006,81926,34548,72,409500,515951,6607,723,,89256,306088.01,91.79,7.4,0.81,0,0.8481,0.2025,Lavoura,0.5373,1208.23,14321.19,79.37,8.86,39.36,5.04,3439.19
5103353,Confresa,resto_mt,FALSE,2007,73958,31540,72,369014,422958,5886,392,,80236,258509.91,92.18,7.34,0.49,0,0.8551,0.1932,Lavoura,0.3528,1476.52,17275.13,87.25,8.2,-15.54,5.04,2393.61
5103353,Confresa,resto_mt,FALSE,2008,76046,35190,72,364812,418880,5807,768,,82621,244711.89,92.04,7.03,0.93,0,0.8522,0.1971,Lavoura,0.2455,1586.56,16447.79,87.09,6.95,-5.34,5.04,1723.31
5103353,Confresa,resto_mt,FALSE,2009,86250,25540,72,382254,439073,6590,1162,,94002,259446.3,91.75,7.01,1.24,0,0.8469,0.2041,Lavoura,0.28,1129.79,16909.4,87.06,10.16,6.02,5.04,2358.61
5103353,Confresa,resto_mt,FALSE,2010,64716,14120,72,417649,475350,6659,1007,,72382,184254.61,89.41,9.2,1.39,0,0.8081,0.2559,Lavoura,0.2516,562.01,16623.51,87.86,13.06,-28.98,5.04,1522.77
5103353,Confresa,resto_mt,FALSE,2011,22080,10800,72,438453,496454,7591,779,,30450,71560.29,72.51,24.93,2.56,0,0.5886,0.5485,Lavoura,0.0683,420.5,17071.06,88.32,6.62,-61.16,5.04,522.33
5103353,Confresa,resto_mt,FALSE,2012,29902,14630,72,442737,501697,9147,165,,39214,85375.01,76.25,23.33,0.42,0,0.6359,0.4855,Lavoura,0.0731,557.89,16882.89,88.25,5.83,19.31,5.04,466.53
5103353,Confresa,resto_mt,FALSE,2013,53518,38180,72,366556,376552,8834,54,3602.99,66008.99,133679.85,81.08,13.38,0.08,5.46,0.6783,0.4289,Lavoura,0.1099,1406.57,13504.13,97.35,3.51,56.58,5.04,547.86
5103353,Confresa,resto_mt,FALSE,2014,312410,135902,72,383192,420431,11619,51,3991.01,328071.01,616061.04,95.23,3.54,0.02,1.22,0.9083,0.1223,Lavoura,0.4655,4897.55,13809.22,91.14,4.53,360.85,5.04,2504.32
5103353,Confresa,resto_mt,FALSE,2015,233506,89800,72,412508,452022,7149,61,3767.01,244483.01,426804.4,95.51,2.92,0.02,1.54,0.9133,0.1156,Lavoura,0.3195,3168.78,14556.19,91.26,4.76,-30.72,5.04,1367.97
5103353,Confresa,resto_mt,FALSE,2016,428702,117852,72,434874,484162,8137,60,2510,439409,709592.51,97.56,1.85,0.01,0.57,0.9522,0.0637,Lavoura,0.4873,4076.09,15040.78,89.82,6.03,66.26,5.04,2389.21
5103353,Confresa,resto_mt,FALSE,2017,248498,101852,72,399593,454727,12602,54,2434.01,263588.01,410588.61,94.28,4.78,0.02,0.92,0.8912,0.1451,Lavoura,0.2947,3456.01,13558.85,87.88,4.02,-42.14,5.04,1275.11
5103353,Confresa,resto_mt,FALSE,2018,385444,116592,72,380651,449348,19955,61,2422,407882,608031.75,94.5,4.89,0.01,0.59,0.8955,0.1393,Lavoura,0.396,3841.96,12543.28,84.71,5.22,48.09,5.04,1652.26
5103353,Confresa,resto_mt,FALSE,2019,413614,113100,72,409526,486483,14652,360,2499.01,431125.01,616632.11,95.94,3.4,0.08,0.58,0.9216,0.1045,Lavoura,0.3608,3656.29,13239.13,84.18,5.45,1.41,5.04,1398.26
5103353,Confresa,resto_mt,FALSE,2020,475570,116424,72,444164,519728,29959,1000,2948,509477,684400.02,93.34,5.88,0.2,0.58,0.8747,0.1671,Lavoura,0.3151,3694.83,14095.97,85.46,5.88,10.99,5.04,1497.59
5103353,Confresa,resto_mt,FALSE,2021,1366854,150038,72,459190,535203,40397,272,4362.01,1411885.01,1677739.98,96.81,2.86,0.02,0.31,0.938,0.0827,Lavoura,0.4592,4677.58,14315.69,85.8,11.18,145.14,5.04,3039.38
5103353,Confresa,resto_mt,FALSE,2022,1649496,166314,72,486695,556794,41199,917,4488,1696100,1856375.92,97.25,2.43,0.05,0.26,0.9464,0.0715,Lavoura,0.4788,4741.67,13875.84,87.41,11.15,10.65,5.04,2426.63
5103353,Confresa,resto_mt,FALSE,2023,1067746,180038,72,399624,446699,70042,414,5881.98,1144083.98,1190758.95,93.33,6.12,0.04,0.51,0.8748,0.1669,Lavoura,0.3637,5132.94,11393.41,89.46,6.62,-35.86,5.04,1412.52
5103353,Confresa,resto_mt,FALSE,2024,1096300,247960,72,387185,436301,87240,417,6538,1190495,1190494.99,92.09,7.33,0.04,0.55,0.8535,0.1953,Lavoura,0.4774,6605.05,10313.66,88.74,4.81,-0.02,5.04,1506.96
5103361,Conquista D'Oeste,resto_mt,FALSE,2000,0,0,72,,,,,,0,,,,,,,,Diversificado,0,,,,,,13.43,
5103361,Conquista D'Oeste,resto_mt,FALSE,2001,1014,1322,72,41696,58015,2226,69,,3309,,30.64,67.27,2.09,0,0.5468,0.6043,Pecuário,0.0374,500,15770.05,71.87,,,13.43,
5103361,Conquista D'Oeste,resto_mt,FALSE,2002,832,924,72,38499,55436,1255,56,,2143,10363.49,38.82,58.56,2.61,0,0.4943,0.6743,Pecuário,0.0165,343.75,14322.54,69.45,11.23,,13.43,
5103361,Conquista D'Oeste,resto_mt,FALSE,2003,3580,4032,72,36978,54735,1560,97,,5237,22198.04,68.36,29.79,1.85,0,0.5564,0.5915,Lavoura,0.0252,1473.68,13515.35,67.56,5.5,114.19,13.43,
5103361,Conquista D'Oeste,resto_mt,FALSE,2004,25694,18402,72,53673,72292,2843,159,,28696,112882.76,89.54,9.91,0.55,0,0.8116,0.2512,Lavoura,0.0949,6488.72,18925.6,74.24,6.13,408.53,13.43,
5103361,Conquista D'Oeste,resto_mt,FALSE,2005,5686,5080,72,59299,78314,3594,298,,9578,35071.17,59.37,37.52,3.11,0,0.4942,0.6744,Lavoura,0.0354,1756.57,20504.5,75.72,6.9,-68.93,13.43,
5103361,Conquista D'Oeste,resto_mt,FALSE,2006,4604,4600,72,54557,73022,3311,269,,8184,28065.62,56.26,40.46,3.29,0,0.4813,0.6916,Pecuário,0.0493,1560.91,18512.72,74.71,6.11,-19.98,13.43,206.37
5103361,Conquista D'Oeste,resto_mt,FALSE,2007,2102,1812,72,51014,64105,3304,273,,5679,18296.98,37.01,58.18,4.81,0,0.4778,0.6963,Pecuário,0.025,583.39,16424.34,79.58,10.11,-34.81,13.43,132.57
5103361,Conquista D'Oeste,resto_mt,FALSE,2008,3954,2588,72,53347,67022,3857,284,,8095,23976.26,48.84,47.65,3.51,0,0.4668,0.7109,Pecuário,0.0241,802.23,16536.58,79.6,9.27,31.04,13.43,194.94
5103361,Conquista D'Oeste,resto_mt,FALSE,2009,1522,1094,72,59326,73594,4985,466,,6973,19245.55,21.83,71.49,6.68,0,0.5632,0.5824,Pecuário,0.0208,332.62,18037.7,80.61,17.59,-19.73,13.43,188.68
5103361,Conquista D'Oeste,resto_mt,FALSE,2010,898,460,72,68047,82922,5085,283,,6266,15950.64,14.33,81.15,4.52,0,0.6811,0.4252,Pecuário,0.0218,135.89,20102.51,82.06,34.67,-17.12,13.43,135.17
5103361,Conquista D'Oeste,resto_mt,FALSE,2011,2094,800,72,59178,73566,5385,261,,7740,18189.71,27.05,69.57,3.37,0,0.5583,0.5889,Pecuário,0.0174,232.09,17167.97,80.44,22.73,14.04,13.43,147.87
5103361,Conquista D'Oeste,resto_mt,FALSE,2012,2708,740,72,58725,73188,4810,264,,7782,16942.63,34.8,61.81,3.39,0,0.5043,0.6609,Pecuário,0.0145,211.07,16749.86,80.24,22.88,-6.86,13.43,149.94
5103361,Conquista D'Oeste,resto_mt,FALSE,2013,2334,840,72,62274,72517,6340,101,204,8979,18184.06,25.99,70.61,1.12,2.27,0.5668,0.5776,Pecuário,0.0149,232.88,17264.76,85.88,21.64,7.33,13.43,128.96
5103361,Conquista D'Oeste,resto_mt,FALSE,2014,2436,590,72,70971,83003,2592,173,288,5489,10307.41,44.38,47.22,3.15,5.25,0.4237,0.7684,Pecuário,0.0078,160.63,19322.35,85.5,17.46,-43.32,13.43,67.81
5103361,Conquista D'Oeste,resto_mt,FALSE,2015,22238,8762,72,73177,90484,3015,196,254,25703,44870.82,86.52,11.73,0.76,0.99,0.7625,0.3167,Lavoura,0.0336,2344.66,19581.75,80.87,5.12,335.33,13.43,285.79
5103361,Conquista D'Oeste,resto_mt,FALSE,2016,27510,9020,72,69506,89822,3795,211,270,31786,51330.55,86.55,11.94,0.66,0.85,0.7635,0.3153,Lavoura,0.0353,2374.31,18295.87,77.38,5.7,14.4,13.43,298.44
5103361,Conquista D'Oeste,resto_mt,FALSE,2017,25486,11080,72,69711,87045,4167,214,296,30163,46984.62,84.49,13.81,0.71,0.98,0.7331,0.3559,Lavoura,0.0337,2870.47,18059.84,80.09,4.25,-8.47,13.43,239.72
5103361,Conquista D'Oeste,resto_mt,FALSE,2018,35908,13150,72,79243,102349,4725,220,3744,44597,66480.98,80.52,10.59,0.49,8.4,0.6666,0.4445,Lavoura,0.0433,3309.84,19945.38,77.42,5.07,41.5,13.43,329.12
5103361,Conquista D'Oeste,resto_mt,FALSE,2019,56814,17488,72,81392,100038,3802,83,3553.01,64252.01,91898.76,88.42,5.92,0.13,5.53,0.7884,0.2821,Lavoura,0.0538,4330.86,20156.51,81.36,5.24,38.23,13.43,461.79
5103361,Conquista D'Oeste,resto_mt,FALSE,2020,86048,20916,72,82488,97439,4319,191,7133.99,97691.99,131233.41,88.08,4.42,0.2,7.3,0.7831,0.2892,Lavoura,0.0604,5100.22,20114.12,84.66,6.26,42.8,13.43,656.18
5103361,Conquista D'Oeste,resto_mt,FALSE,2021,194456,23484,72,87819,101470,5614,313,30668.01,231051.01,274557.44,84.16,2.43,0.14,13.27,0.7265,0.3647,Lavoura,0.0751,5641.12,21095.12,86.55,11.68,109.21,13.43,1345.88
5103361,Conquista D'Oeste,resto_mt,FALSE,2022,269836,31322,72,83173,95711,4819,495,28481,303631,332323.15,88.87,1.59,0.16,9.38,0.7988,0.2683,Lavoura,0.0857,8330.32,22120.48,86.9,10.62,21.04,13.43,1856.55
5103361,Conquista D'Oeste,resto_mt,FALSE,2023,267782,34204,72,79169,89685,10492,324,11274.01,289872.01,301697.86,92.38,3.62,0.11,3.89,0.8562,0.1917,Lavoura,0.0922,9096.81,21055.59,88.27,8.83,-9.22,13.43,2024.81
5103361,Conquista D'Oeste,resto_mt,FALSE,2024,146244,26818,72,80617,92152,11344,692,7392,165672,165672.01,88.27,6.85,0.42,4.46,0.7859,0.2855,Lavoura,0.0664,6922.56,20809.76,87.48,6.19,-45.09,13.43,1127.03
5103379,Cotriguaçu,resto_mt,FALSE,2000,8914,7658,72,38492,66305,512,4465,,13891,,64.17,3.69,32.14,0,0.5164,0.6448,Lavoura,0.1781,903.71,4542.36,58.05,,,4.4,
5103379,Cotriguaçu,resto_mt,FALSE,2001,12904,11730,72,42175,70940,542,5590,,19036,,67.79,2.85,29.37,0,0.5466,0.6045,Lavoura,0.215,1271.96,4573.3,59.45,,,4.4,
5103379,Cotriguaçu,resto_mt,FALSE,2002,13980,15218,72,64354,94477,579,3013,,17572,84977.64,79.56,3.3,17.15,0,0.6635,0.4487,Lavoura,0.1351,1561.94,6605.15,68.12,5.57,,4.4,
5103379,Cotriguaçu,resto_mt,FALSE,2003,11330,13314,72,83259,115112,604,2456,,14390,60994.81,78.74,4.2,17.07,0,0.6509,0.4655,Lavoura,0.0692,1288.74,8059.14,72.33,4.58,-28.22,4.4,
5103379,Cotriguaçu,resto_mt,FALSE,2004,13726,16276,72,116894,149514,1094,3195,,18015,70866.44,76.19,6.07,17.74,0,0.6156,0.5125,Lavoura,0.0596,1356.67,9743.6,78.18,4.35,16.18,4.4,
5103379,Cotriguaçu,resto_mt,FALSE,2005,12354,15618,72,142009,175671,1125,3908,,17387,63664.93,71.05,6.47,22.48,0,0.5595,0.5873,Lavoura,0.0643,1230.15,11185.33,80.84,4.07,-10.16,4.4,
5103379,Cotriguaçu,resto_mt,FALSE,2006,13898,17320,72,187381,221930,1187,9319,,24404,83689.3,56.95,4.86,38.19,0,0.4725,0.7033,Lavoura,0.1469,1293.5,13994.1,84.43,4.84,31.45,4.4,1707.94
5103379,Cotriguaçu,resto_mt,FALSE,2007,13934,14184,72,208111,266200,1422,11389,,26745,86168.9,52.1,5.32,42.58,0,0.4556,0.7259,Lavoura,0.1176,1032.31,15146.36,78.18,6.08,2.96,4.4,1511.75
5103379,Cotriguaçu,resto_mt,FALSE,2008,16560,15000,72,219403,285309,2171,11714,,30445,90173.85,54.39,7.13,38.48,0,0.449,0.7347,Lavoura,0.0905,1041.23,15229.97,76.9,6.01,4.65,4.4,1113.26
5103379,Cotriguaçu,resto_mt,FALSE,2009,12470,11646,72,247727,315197,2007,20178,,34655,95648.08,35.98,5.79,58.23,0,0.4719,0.7041,Florestal,0.1032,778.22,16553.76,78.59,8.22,6.07,4.4,1210.73
5103379,Cotriguaçu,resto_mt,FALSE,2010,16526,11674,72,274942,343422,2138,16815,,35479,90314.85,46.58,6.03,47.39,0,0.4452,0.7397,Florestal,0.1233,779.15,18350.26,80.06,7.74,-5.58,4.4,1050.18
5103379,Cotriguaçu,resto_mt,FALSE,2011,26620,10062,72,295121,364985,3878,13443,,43941,103265.36,60.58,8.83,30.59,0,0.4684,0.7088,Lavoura,0.0986,651.05,19095.5,80.86,10.26,14.34,4.4,1122.45
5103379,Cotriguaçu,resto_mt,FALSE,2012,26450,12212,72,305768,376472,4367,27144,,57961,126190.17,45.63,7.53,46.83,0,0.4332,0.7557,Florestal,0.108,767.47,19216.19,81.22,10.34,22.2,4.4,1116.72
5103379,Cotriguaçu,resto_mt,FALSE,2013,31818,9988,72,313639,387529,5095,19089,1102,57104,115645.67,55.72,8.92,33.43,1.93,0.4306,0.7592,Lavoura,0.095,598.48,18793.16,80.93,11.58,-8.36,4.4,1014.44
5103379,Cotriguaçu,resto_mt,FALSE,2014,30312,8690,72,297665,374051,4524,1159,2104,38099,71543.39,79.56,11.87,3.04,5.52,0.651,0.4653,Lavoura,0.0541,504.97,17297.05,79.58,8.22,-38.14,4.4,662.44
5103379,Cotriguaçu,resto_mt,FALSE,2015,25277,9216,72,293509,372666,4355,15435,2741,47808,83460.47,52.87,9.11,32.29,5.73,0.3954,0.8061,Lavoura,0.0625,520.21,16567.45,78.76,9.06,16.66,4.4,646.99
5103379,Cotriguaçu,resto_mt,FALSE,2016,33542,8346,72,326433,397567,3401,27076,1790,65809,106273.61,50.97,5.17,41.14,2.72,0.4325,0.7567,Lavoura,0.073,458.34,17927.01,82.11,12.73,27.33,4.4,940.47
5103379,Cotriguaçu,resto_mt,FALSE,2017,32105,9042,72,355136,426704,3778,19603,1556,57042,88853.81,56.28,6.62,34.37,2.73,0.44,0.7467,Lavoura,0.0638,483.81,19002.41,83.23,9.83,-16.39,4.4,612.77
5103379,Cotriguaçu,resto_mt,FALSE,2018,33825,10226,72,380338,447880,7398,25373,828,67424,100509.31,50.17,10.97,37.63,1.23,0.4055,0.7927,Lavoura,0.0655,531.11,19753.71,84.92,9.83,13.12,4.4,674.55
5103379,Cotriguaçu,resto_mt,FALSE,2019,45467,11678,72,397055,465591,7870,25887,1128,80352,114926.36,56.58,9.79,32.22,1.4,0.4337,0.7551,Lavoura,0.0672,591.29,20104.05,85.28,9.85,14.34,4.4,1074.08
5103379,Cotriguaçu,resto_mt,FALSE,2020,46334,8606,72,397014,464396,8735,35063,1101,91233,122556.81,50.79,9.57,38.43,1.21,0.415,0.78,Lavoura,0.0564,425.24,19617.25,85.49,14.23,6.64,4.4,1263.48
5103379,Cotriguaçu,resto_mt,FALSE,2021,81035,9748,72,407001,475204,10381,45138,2041.01,138595.01,164692.16,58.47,7.49,32.57,1.47,0.4538,0.7283,Lavoura,0.0451,470.53,19645.75,85.65,16.9,34.38,4.4,1286.67
5103379,Cotriguaçu,resto_mt,FALSE,2022,118995,12424,72,454135,525009,13101,36578,2366,171040,187202.73,69.57,7.66,21.39,1.38,0.5358,0.6189,Lavoura,0.0483,1128.33,41243.76,86.5,15.07,13.67,4.4,1184.82
5103379,Cotriguaçu,resto_mt,FALSE,2023,187626,23805,72,456770,512395,26408,27470,8921.99,250425.99,260642.58,74.92,10.55,10.97,3.56,0.5857,0.5524,Lavoura,0.0796,2161.93,41483.06,89.14,10.95,39.23,4.4,1629.02
5103379,Cotriguaçu,resto_mt,FALSE,2024,148569,20970,72,440818,499340,27686,37508,5186.01,218949.01,218949.01,67.86,12.64,17.13,2.37,0.5064,0.6581,Lavoura,0.0878,2016.73,42394.5,88.28,10.44,-16,4.4,1177.16
5103452,Denise,resto_mt,FALSE,2000,44354,51098,72,65334,74449,804,68,,45226,,98.07,1.78,0.15,0,0.9621,0.0505,Lavoura,0.5797,6846.84,8754.39,87.76,,,2.97,
5103452,Denise,resto_mt,FALSE,2001,60724,60446,72,65334,74670,812,45,,61581,,98.61,1.32,0.07,0,0.9726,0.0365,Lavoura,0.6955,7764.42,8392.29,87.5,,,2.97,
5103452,Denise,resto_mt,FALSE,2002,97858,60340,72,66004,75526,680,71,,98609,476870,99.24,0.69,0.07,0,0.9849,0.0201,Lavoura,0.7582,7504.98,8209.45,87.39,7.89,,2.97,
5103452,Denise,resto_mt,FALSE,2003,161114,66958,72,69348,79017,702,62,,161878,686151.35,99.53,0.43,0.04,0,0.9906,0.0125,Lavoura,0.7784,8060.43,8348.14,87.76,10.26,43.89,2.97,
5103452,Denise,resto_mt,FALSE,2004,131648,62402,72,70132,79981,1695,60,,133403,524773.52,98.68,1.27,0.04,0,0.9739,0.0348,Lavoura,0.4412,7035.97,7907.54,87.69,8.4,-23.52,2.97,
5103452,Denise,resto_mt,FALSE,2005,88230,64616,72,74206,84262,1709,168,,90107,329939.31,97.92,1.9,0.19,0,0.9592,0.0544,Lavoura,0.3333,7038.78,8083.44,88.07,5.12,-37.13,2.97,
5103452,Denise,resto_mt,FALSE,2006,102990,53590,72,68217,77538,1721,175,,104886,359688.4,98.19,1.64,0.17,0,0.9644,0.0475,Lavoura,0.6314,5647.59,7189.06,87.98,6.72,9.02,2.97,2569.21
5103452,Denise,resto_mt,FALSE,2007,124306,54518,72,68367,77341,142,181,,124629,401538.34,99.74,0.11,0.15,0,0.9948,0.0069,Lavoura,0.548,5267.95,6606.15,88.4,7.36,11.64,2.97,2448.4
5103452,Denise,resto_mt,FALSE,2008,150086,51722,72,55349,64753,169,199,,150454,445623.79,99.76,0.11,0.13,0,0.9952,0.0064,Lavoura,0.447,4785.53,5121.11,85.48,8.6,10.98,2.97,2206.06
5103452,Denise,resto_mt,FALSE,2009,171462,55640,72,56049,65667,217,135,,171814,474208.05,99.8,0.13,0.08,0,0.996,0.0053,Lavoura,0.5118,4993.72,5030.43,85.35,8.53,6.41,2.97,1881.77
5103452,Denise,resto_mt,FALSE,2010,157214,61796,72,60648,70465,342,132,,157688,401408.37,99.7,0.22,0.08,0,0.994,0.008,Lavoura,0.5481,7250.5,7115.8,86.07,6.49,-15.35,2.97,1708.11
5103452,Denise,resto_mt,FALSE,2011,237780,65220,72,65850,75189,2538,136,,240454,565088.86,98.89,1.06,0.06,0,0.978,0.0293,Lavoura,0.5396,7579.31,7652.53,87.58,8.65,40.78,2.97,2943.18
5103452,Denise,resto_mt,FALSE,2012,264392,64808,72,54980,63440,2346,138,,266876,581030.87,99.07,0.88,0.05,0,0.9816,0.0245,Lavoura,0.4973,7462.92,6331.18,86.66,8.96,2.82,2.97,2410.92
5103452,Denise,resto_mt,FALSE,2013,362072,88940,72,59700,68561,2871,140,1665,366748,742729.39,98.73,0.78,0.04,0.45,0.9748,0.0336,Lavoura,0.6104,10088.48,6771.78,87.08,8.35,27.83,2.97,2834.84
5103452,Denise,resto_mt,FALSE,2014,271460,71952,72,57212,66140,2899,192,586,275137,516660.05,98.66,1.05,0.07,0.21,0.9735,0.0353,Lavoura,0.3904,8087.22,6430.48,86.5,7.18,-30.44,2.97,2676.99
5103452,Denise,resto_mt,FALSE,2015,360074,101642,72,59314,68480,3479,218,2440,366211,639310.15,98.32,0.95,0.06,0.67,0.9668,0.0443,Lavoura,0.4785,11325.01,6608.8,86.62,6.29,23.74,2.97,2333.26
5103452,Denise,resto_mt,FALSE,2016,386676,94372,72,62796,72150,4348,210,1860,393094,634799.37,98.37,1.11,0.05,0.47,0.9678,0.0429,Lavoura,0.436,10439.38,6946.46,87.04,6.72,-0.71,2.97,2591.02
5103452,Denise,resto_mt,FALSE,2017,449724,98206,72,57943,67344,4516,223,1260,455723,709875.5,98.68,0.99,0.05,0.28,0.9739,0.0348,Lavoura,0.5095,10774.11,6356.88,86.04,7.23,11.83,2.97,3183.31
5103452,Denise,resto_mt,FALSE,2018,538462,114696,72,60370,68389,3718,203,1376,543759,810584.26,99.03,0.68,0.04,0.25,0.9807,0.0257,Lavoura,0.5279,12231.63,6438.09,88.27,7.08,14.19,2.97,3509.01
5103452,Denise,resto_mt,FALSE,2019,564950,114988,72,81519,89836,3889,218,1395.99,570452.99,815910.97,99.04,0.68,0.04,0.24,0.9809,0.0255,Lavoura,0.4773,12152.61,8615.41,90.74,7.1,0.66,2.97,3055.85
5103452,Denise,resto_mt,FALSE,2020,665868,121808,72,75037,83415,3999,342,1303.01,671512.01,902067.88,99.16,0.6,0.05,0.19,0.9833,0.0223,Lavoura,0.4153,12762.78,7862.22,89.96,7.41,10.56,2.97,3456.19
5103452,Denise,resto_mt,FALSE,2021,592050,101540,72,69118,77325,4281,255,1276,597862,710438.15,99.03,0.72,0.04,0.21,0.9808,0.0256,Lavoura,0.1944,10548.51,7180.34,89.39,7,-21.24,2.97,2621.55
5103452,Denise,resto_mt,FALSE,2022,697964,84810,72,72399,80803,4444,272,1182.99,703862.99,770375.76,99.16,0.63,0.04,0.17,0.9833,0.0223,Lavoura,0.1987,12091.53,10322.07,89.6,9.09,8.44,2.97,2940.36
5103452,Denise,resto_mt,FALSE,2023,942754,112438,72,69644,79896,9562,309,1403.01,954028.01,992949.3,98.82,1,0.03,0.15,0.9766,0.0312,Lavoura,0.3033,16030.51,9929.28,87.17,8.83,28.89,2.97,3400.52
5103452,Denise,resto_mt,FALSE,2024,895686,111198,72,60833,71094,10850,275,1719.01,908530.01,908530,98.59,1.19,0.03,0.19,0.9721,0.0372,Lavoura,0.3643,16316.65,8926.34,85.57,8.17,-8.5,2.97,3111.39
5103502,Diamantino,resto_mt,FALSE,2000,370038,516012,72,74699,100582,539,186,,370763,,99.8,0.15,0.05,0,0.996,0.0053,Lavoura,4.7524,27772.44,4020.4,74.27,,,4.99,
5103502,Diamantino,resto_mt,FALSE,2001,407862,514566,72,83303,164873,543,190,,408595,,99.82,0.13,0.05,0,0.9964,0.0048,Lavoura,4.6149,27273.33,4415.28,50.53,,,4.99,
5103502,Diamantino,resto_mt,FALSE,2002,578788,543398,72,83363,202092,961,198,,579947,2804605.31,99.8,0.17,0.03,0,0.996,0.0053,Lavoura,4.4591,28415.94,4359.31,41.25,5.17,,4.99,
5103502,Diamantino,resto_mt,FALSE,2003,973624,611432,72,89629,257217,1464,315,,975403,4134435.11,99.82,0.15,0.03,0,0.9964,0.0048,Lavoura,4.6901,31559.41,4626.25,34.85,6.77,47.42,4.99,
5103502,Diamantino,resto_mt,FALSE,2004,1357550,741230,72,87709,255797,843,409,,1358802,5345181.85,99.91,0.06,0.03,0,0.9982,0.0024,Lavoura,4.4936,37242.12,4406.82,34.29,7.2,29.28,4.99,
5103502,Diamantino,resto_mt,FALSE,2005,1480914,807184,72,90751,271537,724,676,,1482314,5427698.57,99.91,0.05,0.05,0,0.9982,0.0024,Lavoura,5.4826,39967.52,4493.51,33.42,6.72,1.54,4.99,
5103502,Diamantino,resto_mt,FALSE,2006,680804,725178,72,91211,290035,974,852,,682630,2340961.49,99.73,0.14,0.12,0,0.9946,0.0072,Lavoura,4.1094,35398.71,4452.36,31.45,3.23,-56.87,4.99,1541.12
5103502,Diamantino,resto_mt,FALSE,2007,981946,757880,72,82330,229342,887,3787,,986620,3178760.63,99.53,0.09,0.38,0,0.9906,0.0125,Lavoura,4.338,41126.55,4467.66,35.9,4.2,35.79,4.99,1422.91
5103502,Diamantino,resto_mt,FALSE,2008,1513302,829922,72,91253,247162,1100,1199,,1515601,4488999.07,99.85,0.07,0.08,0,0.997,0.004,Lavoura,4.5033,43758.41,4811.4,36.92,5.4,41.22,4.99,2336.8
5103502,Diamantino,resto_mt,FALSE,2009,1534656,767676,72,93566,255833,1035,1283,,1536974,4242060.96,99.85,0.07,0.08,0,0.997,0.004,Lavoura,4.5783,40427.41,4927.38,36.57,5.52,-5.5,4.99,2133.84
5103502,Diamantino,resto_mt,FALSE,2010,1200452,846828,72,98347,269173,1315,2219,,1203986,3064849.91,99.71,0.11,0.18,0,0.9942,0.0077,Lavoura,4.1852,41631.58,4834.91,36.54,3.61,-27.75,4.99,1460.15
5103502,Diamantino,resto_mt,FALSE,2011,1603258,779966,72,104383,268947,987,1780,,1606025,3774305.39,99.83,0.06,0.11,0,0.9966,0.0045,Lavoura,3.6043,38093.58,5098.07,38.81,4.84,23.15,4.99,1684.21
5103502,Diamantino,resto_mt,FALSE,2012,2011100,859500,72,103873,206047,1005,2929,,2015034,4387044.71,99.8,0.05,0.15,0,0.996,0.0053,Lavoura,3.755,41713.18,5041.16,50.41,5.12,16.23,4.99,1948.93
5103502,Diamantino,resto_mt,FALSE,2013,2064466,928904,72,95246,150415,1504,3370,3652.99,2072992.99,4198176.51,99.59,0.07,0.16,0.18,0.9918,0.0109,Lavoura,3.4502,44611.66,4574.3,63.32,4.53,-4.31,4.99,1947.2
5103502,Diamantino,resto_mt,FALSE,2014,2567382,992668,72,101709,197865,1641,9438,3742,2582203,4848934.01,99.43,0.06,0.37,0.14,0.9886,0.0152,Lavoura,3.6641,47394.03,4856,51.4,4.89,15.5,4.99,2266.92
5103502,Diamantino,resto_mt,FALSE,2015,2662184,1050592,72,103377,210919,1911,7676,6958,2678729,4676371.33,99.38,0.07,0.29,0.26,0.9877,0.0164,Lavoura,3.5001,49876.19,4907.76,49.01,4.45,-3.56,4.99,1970.67
5103502,Diamantino,resto_mt,FALSE,2016,3334880,1046218,72,104065,298983,2685,9251,8090.01,3354906.01,5417768.44,99.4,0.08,0.28,0.24,0.9881,0.0159,Lavoura,3.7207,49396.51,4913.36,34.81,5.17,15.85,4.99,2079.77
5103502,Diamantino,resto_mt,FALSE,2017,3164338,1206544,72,101643,534620,1998,5924,7376,3179636,4952889.56,99.52,0.06,0.19,0.23,0.9904,0.0128,Lavoura,3.5547,56661.22,4773.32,19.01,4.1,-8.58,4.99,1776.51
5103502,Diamantino,resto_mt,FALSE,2018,4014814,1190006,72,113842,355758,2095,6101,7008.99,4030018.99,6007569.47,99.62,0.05,0.15,0.17,0.9924,0.0101,Lavoura,3.9121,54328.25,5197.32,32,5.04,21.29,4.99,2013.25
5103502,Diamantino,resto_mt,FALSE,2019,4702444,1371532,72,112034,352836,2173,7887,7886,4720390,6751508.17,99.62,0.05,0.17,0.17,0.9924,0.0101,Lavoura,3.9499,62226.4,5082.98,31.75,4.91,12.38,4.99,2087.02
5103502,Diamantino,resto_mt,FALSE,2020,5684852,1324966,72,123758,313925,2720,7334,7682,5702588,7660505.54,99.69,0.05,0.13,0.13,0.9938,0.0083,Lavoura,3.5266,59742.36,5580.21,39.42,5.78,13.46,4.99,2432.69
5103502,Diamantino,resto_mt,FALSE,2021,12810754,1461134,72,105537,352406,3544,5936,8866,12829100,15244792.47,99.86,0.03,0.05,0.07,0.9972,0.0037,Lavoura,4.1724,65489.4,4730.27,29.95,10.44,99.01,4.99,4470.61
5103502,Diamantino,resto_mt,FALSE,2022,11662944,1520136,72,119457,413933,3688,6015,11488.99,11684135.99,12788248.81,99.82,0.03,0.05,0.1,0.9964,0.0048,Lavoura,3.2985,69282.9,5444.46,28.86,8.4,-16.11,4.99,3479.79
5103502,Diamantino,resto_mt,FALSE,2023,11810518,1610740,72,122583,855905,116106,7598,6749.99,11940971.99,12428125.34,98.91,0.97,0.06,0.06,0.9784,0.0288,Lavoura,3.7964,73412.33,5586.94,14.32,7.71,-2.82,4.99,3219.73
5103502,Diamantino,resto_mt,FALSE,2024,8015306,1511174,72,124911,1121134,142528,17822,7195,8182851,8182851.01,97.95,1.74,0.22,0.09,0.9597,0.0537,Lavoura,3.2812,67226.03,5556.79,11.14,5.42,-34.16,4.99,2132.06
5103601,Dom Aquino,resto_mt,FALSE,2000,71124,77818,72,83984,107916,1989,103,,73216,,97.14,2.72,0.14,0,0.9444,0.0741,Lavoura,0.9385,9244.24,9976.72,77.82,,,3.29,
5103601,Dom Aquino,resto_mt,FALSE,2001,93380,85264,72,83984,108440,2301,128,,95809,,97.46,2.4,0.13,0,0.9504,0.0661,Lavoura,1.0821,10167.42,10014.79,77.45,,,3.29,
5103601,Dom Aquino,resto_mt,FALSE,2002,128614,95436,72,95007,120574,2778,184,,131576,636297.37,97.75,2.11,0.14,0,0.956,0.0587,Lavoura,1.0117,11434.94,11383.54,78.8,6.67,,3.29,
5103601,Dom Aquino,resto_mt,FALSE,2003,209862,104002,72,101875,127952,3308,299,,213469,904829.84,98.31,1.55,0.14,0,0.9667,0.0444,Lavoura,1.0264,12510.77,12254.9,79.62,8.71,42.2,3.29,
5103601,Dom Aquino,resto_mt,FALSE,2004,266716,118522,72,96220,121288,4142,218,,271076,1066344.12,98.39,1.53,0.08,0,0.9683,0.0423,Lavoura,0.8964,14378.5,11672.93,79.33,8.99,17.85,3.29,
5103601,Dom Aquino,resto_mt,FALSE,2005,265412,116616,72,99327,125195,4614,221,,270247,989546.92,98.21,1.71,0.08,0,0.9648,0.0469,Lavoura,0.9996,14214.53,12107.14,79.34,8.48,-7.2,3.29,
5103601,Dom Aquino,resto_mt,FALSE,2006,183410,116412,72,99440,117807,3727,239,,187376,642573.57,97.88,1.99,0.13,0,0.9584,0.0555,Lavoura,1.128,14257.44,12178.81,84.41,5.52,-35.06,3.29,1412.24
5103601,Dom Aquino,resto_mt,FALSE,2007,221626,115896,72,86279,105023,5032,258,,226916,731093.67,97.67,2.22,0.11,0,0.9544,0.0608,Lavoura,0.9977,14029.29,10444.14,82.15,6.31,13.78,3.29,1548.94
5103601,Dom Aquino,resto_mt,FALSE,2008,287892,115172,72,81311,97913,4276,242,,292410,866077.7,98.45,1.46,0.08,0,0.9695,0.0407,Lavoura,0.8688,13554.43,9569.38,83.04,7.51,18.46,3.29,1546.57
5103601,Dom Aquino,resto_mt,FALSE,2009,314896,118642,72,86474,104172,4538,194,,319628,882175.93,98.52,1.42,0.06,0,0.9708,0.0389,Lavoura,0.9521,13961.17,10175.81,83.01,7.43,1.86,3.29,1667.64
5103601,Dom Aquino,resto_mt,FALSE,2010,282852,125500,72,87769,93114,4979,193,,288024,733189.86,98.2,1.73,0.07,0,0.9646,0.0472,Lavoura,1.0012,15359.2,10741.52,94.26,5.85,-16.89,3.29,1199.99
5103601,Dom Aquino,resto_mt,FALSE,2011,352550,124816,72,84637,90287,5326,211,,358087,841537.16,98.45,1.49,0.06,0,0.9695,0.0407,Lavoura,0.8036,15309.21,10381.09,93.74,6.75,14.78,3.29,1327.34
5103601,Dom Aquino,resto_mt,FALSE,2012,449826,134236,72,87334,93013,7980,225,,458031,997205.24,98.21,1.74,0.05,0,0.9648,0.0469,Lavoura,0.8535,16503.07,10736.91,93.89,7.43,18.5,3.29,1499.55
5103601,Dom Aquino,resto_mt,FALSE,2013,535938,141322,72,94780,98579,7980,3108,597,547623,1109033.19,97.87,1.46,0.57,0.11,0.9581,0.0559,Lavoura,0.9114,17445.01,11699.79,96.15,7.84,11.21,3.29,1870.22
5103601,Dom Aquino,resto_mt,FALSE,2014,514026,141208,72,95713,100180,8394,3402,820.01,526642.01,988943.31,97.6,1.59,0.65,0.16,0.9529,0.0628,Lavoura,0.7473,17506.57,11866.23,95.54,7,-10.83,3.29,1702.13
5103601,Dom Aquino,resto_mt,FALSE,2015,605026,152428,72,103981,113531,9270,2432,799,617527,1078043.2,97.98,1.5,0.39,0.13,0.9602,0.0531,Lavoura,0.8069,18977.59,12945.84,91.59,7.08,9.01,3.29,2890.21
5103601,Dom Aquino,resto_mt,FALSE,2016,682000,161566,72,107100,116861,10651,2090,876.01,695617.01,1123337.55,98.04,1.53,0.3,0.13,0.9614,0.0515,Lavoura,0.7715,20173.06,13372.46,91.65,6.95,4.2,3.29,2177.01
5103601,Dom Aquino,resto_mt,FALSE,2017,673944,155256,72,103749,112169,4457,2326,1008,681735,1061932.31,98.86,0.65,0.34,0.15,0.9774,0.0301,Lavoura,0.7622,19462.96,13006.02,92.49,6.85,-5.47,3.29,2086.31
5103601,Dom Aquino,resto_mt,FALSE,2018,827048,171890,72,99396,107546,5286,2849,2092.01,837275.01,1248130.04,98.78,0.63,0.34,0.25,0.9758,0.0323,Lavoura,0.8128,20964.75,12122.94,92.42,7.25,17.53,3.29,2307.09
5103601,Dom Aquino,resto_mt,FALSE,2019,774316,147190,72,104919,117753,5437,2405,2113.01,784271.01,1121731.92,98.73,0.69,0.31,0.27,0.9748,0.0336,Lavoura,0.6563,17998.29,12829.42,89.1,7.61,-10.13,3.29,1654.48
5103601,Dom Aquino,resto_mt,FALSE,2020,1043622,147550,72,108149,119348,6782,1000,3046.01,1054450.01,1416483.21,98.97,0.64,0.09,0.29,0.9796,0.0272,Lavoura,0.6521,18084.32,13255.18,90.62,9.6,26.28,3.29,2421.34
5103601,Dom Aquino,resto_mt,FALSE,2021,1706206,145950,72,104818,119349,8408,2400,3204,1720218,2044131.42,99.19,0.49,0.14,0.19,0.9839,0.0215,Lavoura,0.5595,18047.48,12961.3,87.82,14,44.31,3.29,3340.09
5103601,Dom Aquino,resto_mt,FALSE,2022,2058884,157338,72,123429,137080,10351,2625,3779.01,2075639.01,2271780.15,99.19,0.5,0.13,0.18,0.9839,0.0215,Lavoura,0.586,19987.04,15679.5,90.04,14.43,11.14,3.29,3287.68
5103601,Dom Aquino,resto_mt,FALSE,2023,1574522,161950,72,131933,140827,16618,2400,6114,1599654,1664914.76,98.43,1.04,0.15,0.38,0.969,0.0413,Lavoura,0.5086,20572.92,16759.78,93.68,10.28,-26.71,3.29,2388.68
5103601,Dom Aquino,resto_mt,FALSE,2024,1275902,158010,72,126233,141165,12598,796,8128,1297424,1297423.99,98.34,0.97,0.06,0.63,0.9672,0.0437,Lavoura,0.5202,19963.36,15948.58,89.42,8.22,-22.07,3.29,1796.98
5103700,Feliz Natal,resto_mt,FALSE,2000,4134,6864,72,11780,15677,104,3834,,8072,,51.21,1.29,47.5,0,0.488,0.6827,Lavoura,0.1035,1014.03,1740.29,75.14,,,17.23,
5103700,Feliz Natal,resto_mt,FALSE,2001,7600,10174,72,15066,19064,153,4694,,12447,,61.06,1.23,37.71,0,0.5152,0.6464,Lavoura,0.1406,1407.58,2084.39,79.03,,,17.23,
5103700,Feliz Natal,resto_mt,FALSE,2002,11038,12574,72,13401,17953,173,5646,,16857,81519.92,65.48,1.03,33.49,0,0.541,0.612,Lavoura,0.1296,1662.57,1771.92,74.64,6.49,,17.23,
5103700,Feliz Natal,resto_mt,FALSE,2003,15660,12620,72,11130,16192,191,8722,,24573,104157.44,63.73,0.78,35.49,0,0.5322,0.6237,Lavoura,0.1182,1591.22,1403.35,68.74,8.25,27.77,17.23,
5103700,Feliz Natal,resto_mt,FALSE,2004,92514,56380,72,9980,15132,217,8460,,101191,398059.67,91.43,0.21,8.36,0,0.8429,0.2095,Lavoura,0.3346,6477.48,1146.6,65.95,7.05,282.17,17.23,
5103700,Feliz Natal,resto_mt,FALSE,2005,88926,102972,72,11291,16511,300,8424,,97650,357559.04,91.07,0.31,8.63,0,0.8368,0.2176,Lavoura,0.3612,11275.95,1236.42,68.38,3.46,-10.17,17.23,
5103700,Feliz Natal,resto_mt,FALSE,2006,63848,85510,72,14158,19462,362,6964,,71174,244078.93,89.71,0.51,9.78,0,0.8144,0.2475,Lavoura,0.4285,8947.37,1481.43,72.75,2.85,-31.74,17.23,1937.14
5103700,Feliz Natal,resto_mt,FALSE,2007,121364,122682,72,13022,22057,374,7691,,129429,417003.31,93.77,0.29,5.94,0,0.8828,0.1563,Lavoura,0.5691,11935.21,1266.85,59.04,3.41,70.85,17.23,3021.76
5103700,Feliz Natal,resto_mt,FALSE,2008,158068,99242,72,13998,22047,482,12569,,171119,506830.65,92.37,0.28,7.35,0,0.8586,0.1885,Lavoura,0.5084,9215.53,1299.84,63.49,5.12,21.54,17.23,2724.9
5103700,Feliz Natal,resto_mt,FALSE,2009,217702,126322,72,16372,24043,464,17784,,235950,651223.95,92.27,0.2,7.54,0,0.8571,0.1905,Lavoura,0.7028,11309.04,1465.71,68.09,5.17,28.49,17.23,2736.22
5103700,Feliz Natal,resto_mt,FALSE,2010,158924,146104,72,16121,23364,443,37412,,196779,500917.87,80.76,0.23,19.01,0,0.6884,0.4155,Lavoura,0.684,13363.58,1474.53,69,3.44,-23.08,17.23,2113.57
5103700,Feliz Natal,resto_mt,FALSE,2011,276658,141370,72,21048,26362,546,32257,,309461,727261.6,89.4,0.18,10.42,0,0.8101,0.2532,Lavoura,0.6945,12562.87,1870.43,79.84,5.14,45.19,17.23,2786.45
5103700,Feliz Natal,resto_mt,FALSE,2012,411294,216788,72,18954,24387,315,54044,,465653,1013799.53,88.33,0.07,11.61,0,0.7937,0.2751,Lavoura,0.8677,18750.04,1639.34,77.72,4.68,39.4,17.23,2831.84
5103700,Feliz Natal,resto_mt,FALSE,2013,467172,277336,72,19595,25672,356,9558,506,477592,967208.05,97.82,0.07,2,0.11,0.9573,0.0569,Lavoura,0.7949,22943.08,1621.03,76.33,3.49,-4.6,17.23,2787.34
5103700,Feliz Natal,resto_mt,FALSE,2014,627626,334942,72,21826,26213,345,7327,506,635804,1193930.77,98.71,0.05,1.15,0.08,0.9745,0.034,Lavoura,0.9022,26924.6,1754.5,83.26,3.56,23.44,17.23,2984.83
5103700,Feliz Natal,resto_mt,FALSE,2015,890076,378720,72,24400,30988,444,49418,475.99,940413.99,1641720.76,94.65,0.05,5.25,0.05,0.8986,0.1352,Lavoura,1.2288,29629.17,1908.93,78.74,4.33,37.51,17.23,4043.64
5103700,Feliz Natal,resto_mt,FALSE,2016,799720,365976,72,28428,35767,435,26945,780,827880,1336926.32,96.6,0.05,3.25,0.09,0.9342,0.0877,Lavoura,0.9182,27879.64,2165.61,79.48,3.67,-18.57,17.23,3038.46
5103700,Feliz Natal,resto_mt,FALSE,2017,917358,393740,72,25673,34464,618,30163,732,948871,1478047.57,96.68,0.07,3.18,0.08,0.9357,0.0857,Lavoura,1.0608,29272.17,1908.63,74.49,3.74,10.56,17.23,3098.64
5103700,Feliz Natal,resto_mt,FALSE,2018,1055272,407130,72,30491,43384,900,29240,652,1086064,1619001.05,97.16,0.08,2.69,0.06,0.9447,0.0737,Lavoura,1.0543,29380.82,2200.4,70.28,3.97,9.54,17.23,3365.9
5103700,Feliz Natal,resto_mt,FALSE,2019,1405168,475800,72,33408,47122,872,28862,781.99,1435683.99,2053438.85,97.87,0.06,2.01,0.05,0.9583,0.0556,Lavoura,1.2014,33525.93,2354,70.9,4.33,26.83,17.23,3831.03
5103700,Feliz Natal,resto_mt,FALSE,2020,1906222,494950,72,35974,49563,1105,12922,340,1920589,2580001,99.25,0.06,0.67,0.02,0.9851,0.0199,Lavoura,1.1877,34082.77,2477.21,72.58,5.22,25.64,17.23,4365.48
5103700,Feliz Natal,resto_mt,FALSE,2021,3209226,447280,72,35294,48804,1361,15219,628,3226434,3833964.71,99.47,0.04,0.47,0.02,0.9895,0.014,Lavoura,1.0493,30125.95,2377.18,72.32,8.58,48.6,17.23,5907.49
5103700,Feliz Natal,resto_mt,FALSE,2022,4152544,530380,72,38647,52931,1395,16437,1190,4171566,4565765.42,99.54,0.03,0.39,0.03,0.9908,0.0123,Lavoura,1.1777,50411.56,3673.32,73.01,8.6,19.09,17.23,6007.58
5103700,Feliz Natal,resto_mt,FALSE,2023,3629938,554976,72,38168,47800,1908,13525,2727,3648098,3796928.7,99.5,0.05,0.37,0.07,0.99,0.0133,Lavoura,1.1598,52749.36,3627.79,79.85,6.85,-16.84,17.23,4630.4
5103700,Feliz Natal,resto_mt,FALSE,2024,2662290,550080,72,32806,44018,2336,25531,3502,2693659,2693659,98.84,0.09,0.95,0.13,0.977,0.0307,Lavoura,1.0801,52071.19,3105.45,74.53,4.89,-29.06,17.23,3183.99
5103809,Figueirópolis D'Oeste,resto_mt,FALSE,2000,4290,9460,72,113377,133484,2168,77,,6535,,65.65,33.18,1.18,0,0.5412,0.6117,Lavoura,0.0838,2192.35,26275.09,84.94,,,0.26,
5103809,Figueirópolis D'Oeste,resto_mt,FALSE,2001,2662,5942,72,105000,125507,2037,82,,4781,,55.68,42.61,1.72,0,0.4919,0.6775,Pecuário,0.054,1437,25392.99,83.66,,,0.26,
5103809,Figueirópolis D'Oeste,resto_mt,FALSE,2002,2226,3622,72,120671,141936,2575,91,,4892,23657.56,45.5,52.64,1.86,0,0.4845,0.6873,Pecuário,0.0376,886.88,29547.26,85.02,6.54,,0.26,
5103809,Figueirópolis D'Oeste,resto_mt,FALSE,2003,2556,2676,72,138826,161025,3150,88,,5794,24559,44.11,54.37,1.52,0,0.4904,0.6795,Pecuário,0.0279,672.87,34907.22,86.21,9.19,3.81,0.26,
5103809,Figueirópolis D'Oeste,resto_mt,FALSE,2004,2428,2720,72,127599,150733,4114,90,,6632,26088.59,36.61,62.03,1.36,0,0.519,0.6413,Pecuário,0.0219,724.95,34008.26,84.65,9.6,6.23,0.26,
5103809,Figueirópolis D'Oeste,resto_mt,FALSE,2005,2154,2214,72,127426,150903,4311,106,,6571,24060.62,32.78,65.61,1.61,0,0.5382,0.6157,Pecuário,0.0243,610.42,35132.62,84.44,10.87,-7.77,0.26,
5103809,Figueirópolis D'Oeste,resto_mt,FALSE,2006,1902,2096,72,124301,145786,4117,138,,6157,21114.36,30.89,66.87,2.24,0,0.5431,0.6092,Pecuário,0.0371,598.34,35484.16,85.26,10.08,-12.25,0.26,329.91
5103809,Figueirópolis D'Oeste,resto_mt,FALSE,2007,1928,1926,72,119215,131193,4491,116,,6535,21054.92,29.5,68.72,1.78,0,0.5596,0.5872,Pecuário,0.0287,527.96,32679.55,90.87,10.92,-0.28,0.26,256.77
5103809,Figueirópolis D'Oeste,resto_mt,FALSE,2008,2416,1454,72,120419,131753,5411,130,,7957,23567.52,30.36,68,1.63,0,0.5548,0.5936,Pecuário,0.0236,390.76,32362,91.4,16.22,11.93,0.26,306.08
5103809,Figueirópolis D'Oeste,resto_mt,FALSE,2009,1654,850,72,124375,136013,6656,149,,8459,23346.92,19.55,78.69,1.76,0,0.6577,0.4564,Pecuário,0.0252,232.49,34019.42,91.44,27.47,-0.94,0.26,262.32
5103809,Figueirópolis D'Oeste,resto_mt,FALSE,2010,1982,1116,72,131829,144353,6729,161,,8872,22584.44,22.34,75.85,1.81,0,0.6256,0.4992,Pecuário,0.0308,293.99,34728.4,91.32,20.24,-3.27,0.26,182.14
5103809,Figueirópolis D'Oeste,resto_mt,FALSE,2011,1474,834,72,139566,151954,7389,256,,9119,21430.47,16.16,81.03,2.81,0,0.6835,0.422,Pecuário,0.0205,221.99,37148.26,91.85,25.68,-5.11,0.26,164.85
5103809,Figueirópolis D'Oeste,resto_mt,FALSE,2012,2126,792,72,133571,147350,8686,233,,11045,24046.7,19.25,78.64,2.11,0,0.6559,0.4588,Pecuário,0.0206,213.02,35925.5,90.65,30.37,12.21,0.26,176.82
5103809,Figueirópolis D'Oeste,resto_mt,FALSE,2013,2126,936,72,145264,159370,11706,174,3720.01,17726.010000000002,35898.29,11.99,66.04,0.98,20.99,0.4947,0.6737,Pescado-extrativista,0.0295,256.37,39787.46,91.15,38.36,49.29,0.26,228.64
5103809,Figueirópolis D'Oeste,resto_mt,FALSE,2014,2540,856,72,152133,171551,8698,195,1970,13403,25168.54,18.95,64.9,1.45,14.7,0.4789,0.6948,Pecuário,0.019,237.84,42270.91,88.68,29.4,-29.89,0.26,157.29
5103809,Figueirópolis D'Oeste,resto_mt,FALSE,2015,266,190,72,148919,173679,8575,189,2195,11225,19595.97,2.37,76.39,1.68,19.55,0.6226,0.5032,Pecuário,0.0147,53.54,41960.83,85.74,103.15,-22.14,0.26,110.1
5103809,Figueirópolis D'Oeste,resto_mt,FALSE,2016,608,170,72,145396,171915,9339,202,2150,12299,19861.4,4.94,75.93,1.64,17.48,0.6098,0.5203,Pecuário,0.0136,48.68,41636.88,84.57,116.84,1.35,0.26,113.48
5103809,Figueirópolis D'Oeste,resto_mt,FALSE,2017,430,190,72,140732,162691,7850,200,2538,11018,17162.65,3.9,71.25,1.82,23.04,0.5626,0.5832,Pescado-extrativista,0.0123,55.17,40862.95,86.5,90.32,-13.59,0.26,91.28
5103809,Figueirópolis D'Oeste,resto_mt,FALSE,2018,484,184,72,148378,170418,7028,224,2362,10098,15053.14,4.79,69.6,2.22,23.39,0.5419,0.6108,Pescado-extrativista,0.0098,52.02,41950.24,87.07,81.82,-12.29,0.26,94.08
5103809,Figueirópolis D'Oeste,resto_mt,FALSE,2019,626,160,72,182528,205109,3749,244,1950,6569,9395.55,9.53,57.07,3.71,29.68,0.4242,0.7677,Pescado-extrativista,0.0055,45.79,52240.41,88.99,58.73,-37.58,0.26,56.94
5103809,Figueirópolis D'Oeste,resto_mt,FALSE,2020,1118,440,72,161582,181818,5712,179,1950,8959,12034.97,12.48,63.76,2,21.77,0.4699,0.7068,Pescado-extrativista,0.0055,127.46,46808.23,88.87,27.34,28.09,0.26,73.82
5103809,Figueirópolis D'Oeste,resto_mt,FALSE,2021,2402,450,72,157186,175933,7883,313,4278,14876,17677.11,16.15,52.99,2.1,28.76,0.39,0.8133,Pescado-extrativista,0.0048,131.93,46082.09,89.34,39.28,46.88,0.26,95.03
5103809,Figueirópolis D'Oeste,resto_mt,FALSE,2022,4978,784,72,170475,187567,7054,300,2652,14984,16399.94,33.22,47.08,2,17.7,0.3637,0.8484,Pecuário,0.0042,246,53490.74,90.89,20.92,-7.23,0.26,85.4
5103809,Figueirópolis D'Oeste,resto_mt,FALSE,2023,13552,1778,72,173970,188585,13736,272,2439.99,29999.99,31223.9,45.17,45.79,0.91,8.13,0.4204,0.7728,Pecuário,0.0095,557.89,54587.39,92.25,17.56,90.39,0.26,163.48
5103809,Figueirópolis D'Oeste,resto_mt,FALSE,2024,11632,2214,72,162087,176708,11420,324,1692,25068,25067.99,46.4,45.56,1.29,6.75,0.4276,0.7632,Pecuário,0.0101,711.44,52084.51,91.73,11.33,-19.72,0.26,121.68
5103858,Gaúcha do Norte,resto_mt,FALSE,2000,24234,35306,72,130357,152890,747,160,,25141,,96.39,2.97,0.64,0,0.93,0.0933,Lavoura,0.3223,7666.88,28307.71,85.26,,,30.95,
5103858,Gaúcha do Norte,resto_mt,FALSE,2001,20210,31106,72,145498,166496,1114,215,,21539,,93.83,5.17,1,0,0.8832,0.1557,Lavoura,0.2433,6514.35,30470.79,87.39,,,30.95,
5103858,Gaúcha do Norte,resto_mt,FALSE,2002,0,0,72,174936,196305,998,317,,1315,6359.31,0,75.89,24.11,0,0.6341,0.4879,Pecuário,0.0101,0,35744.99,89.11,,,30.95,
5103858,Gaúcha do Norte,resto_mt,FALSE,2003,73226,38246,72,177863,200386,756,753,,74735,316778.81,97.98,1.01,1.01,0,0.9602,0.0531,Lavoura,0.3594,7606.6,35374.5,88.76,8.27,4881.34,30.95,
5103858,Gaúcha do Norte,resto_mt,FALSE,2004,125748,71980,72,188471,210352,781,823,,127352,500970.41,98.74,0.61,0.65,0,0.975,0.0333,Lavoura,0.4212,13558.11,35500.28,89.6,6.95,58.15,30.95,
5103858,Gaúcha do Norte,resto_mt,FALSE,2005,99780,98822,72,197711,217847,945,408,,101133,370312.53,98.66,0.93,0.4,0,0.9735,0.0353,Lavoura,0.3741,18082.71,36177.68,90.76,3.74,-26.08,30.95,
5103858,Gaúcha do Norte,resto_mt,FALSE,2006,59962,70560,72,190000,209232,869,426,,61257,210070.28,97.89,1.42,0.7,0,0.9585,0.0553,Lavoura,0.3688,12557.39,33813.85,90.81,2.98,-43.27,30.95,811.07
5103858,Gaúcha do Norte,resto_mt,FALSE,2007,95814,86060,72,173979,196378,856,298,,96968,312418.22,98.81,0.88,0.31,0,0.9764,0.0315,Lavoura,0.4264,14797.11,29913.86,88.59,3.64,48.72,30.95,943.85
5103858,Gaúcha do Norte,resto_mt,FALSE,2008,172226,110600,72,173985,197859,1103,355,,173684,514427.83,99.16,0.64,0.2,0,0.9833,0.0223,Lavoura,0.5161,18274.95,28748.35,87.93,4.66,64.66,30.95,1245.58
5103858,Gaúcha do Norte,resto_mt,FALSE,2009,249290,140104,72,186695,209586,1065,1354,,251709,694718.93,99.04,0.42,0.54,0,0.9809,0.0255,Lavoura,0.7498,22615.66,30136.4,89.08,4.96,35.05,30.95,1597.05
5103858,Gaúcha do Norte,resto_mt,FALSE,2010,210680,168758,72,204329,224930,1110,484,,212274,540361.72,99.25,0.52,0.23,0,0.9851,0.0199,Lavoura,0.7379,26816.78,32469.25,90.84,3.21,-22.22,30.95,1298.94
5103858,Gaúcha do Norte,resto_mt,FALSE,2011,383782,203170,72,200154,219926,1073,471,,385326,905551.29,99.6,0.28,0.12,0,0.992,0.0107,Lavoura,0.8648,31631.64,31162.07,91.01,4.45,67.58,30.95,1960.08
5103858,Gaúcha do Norte,resto_mt,FALSE,2012,544256,252866,72,184983,198089,1028,223,,545507,1187654.2,99.77,0.19,0.04,0,0.9954,0.0061,Lavoura,1.0165,38617.29,28250.31,93.38,4.71,31.15,30.95,1835.62
5103858,Gaúcha do Norte,resto_mt,FALSE,2013,589644,301520,72,157865,160743,1025,615,0,591284,1197454.42,99.72,0.17,0.1,0,0.9944,0.0075,Lavoura,0.9841,44596.95,23349.36,98.21,3.97,0.83,30.95,1603.01
5103858,Gaúcha do Norte,resto_mt,FALSE,2014,1022518,363280,72,156183,163921,1412,645,278,1024853,1924498.02,99.77,0.14,0.06,0.03,0.9954,0.0061,Lavoura,1.4542,52649.28,22635.22,95.28,5.29,60.72,30.95,2184.44
5103858,Gaúcha do Norte,resto_mt,FALSE,2015,831706,406170,72,158774,166194,1348,908,488.01,834450.01,1456734.93,99.67,0.16,0.11,0.06,0.9934,0.0088,Lavoura,1.0903,57727.4,22565.95,95.54,3.59,-24.31,30.95,1827.78
5103858,Gaúcha do Norte,resto_mt,FALSE,2016,863596,405170,72,161299,170280,739,847,466.99,865648.99,1397918.68,99.76,0.09,0.1,0.05,0.9952,0.0064,Lavoura,0.96,56532.72,22505.79,94.73,3.46,-4.04,30.95,1806.09
5103858,Gaúcha do Norte,resto_mt,FALSE,2017,1148988,435160,72,154591,163876,786,841,686.01,1151301.01,1793370.94,99.8,0.07,0.07,0.06,0.996,0.0053,Lavoura,1.2871,59643.64,21188.46,94.33,4.12,28.29,30.95,2267.23
5103858,Gaúcha do Norte,resto_mt,FALSE,2018,773140,460334,72,161888,174040,740,891,650.01,775421.01,1155923.98,99.71,0.1,0.11,0.08,0.9942,0.0077,Lavoura,0.7527,61271.66,21547.72,93.02,2.52,-35.54,30.95,1416.57
5103858,Gaúcha do Norte,resto_mt,FALSE,2019,1733694,623900,72,174006,185741,641,906,1200.01,1736441.01,2483607.42,99.84,0.04,0.05,0.07,0.9968,0.0043,Lavoura,1.453,81576.88,22751.83,93.68,3.97,114.86,30.95,2985.11
5103858,Gaúcha do Norte,resto_mt,FALSE,2020,2290990,611596,72,190616,202672,696,849,1205.99,2293740.99,3081270.39,99.88,0.03,0.04,0.05,0.9976,0.0032,Lavoura,1.4185,78591.11,24494.47,94.05,5.04,24.06,30.95,3895.41
5103858,Gaúcha do Norte,resto_mt,FALSE,2021,4615040,574260,72,202549,214320,959,826,1589.01,4618414.01,5488051.61,99.93,0.02,0.02,0.03,0.9986,0.0019,Lavoura,1.502,72571.72,25596.99,94.51,9.55,78.11,30.95,5488.05
5103858,Gaúcha do Norte,resto_mt,FALSE,2022,5063760,543760,72,214276,226428,834,810,1483.99,5066887.99,5545692.41,99.94,0.02,0.02,0.03,0.9988,0.0016,Lavoura,1.4304,62920.62,24794.72,94.63,10.21,1.05,30.95,4422.4
5103858,Gaúcha do Norte,resto_mt,FALSE,2023,4490682,599764,72,206381,231105,3834,2275,2053.01,4498844.01,4682382.43,99.82,0.09,0.05,0.05,0.9964,0.0048,Lavoura,1.4303,69401.06,23881.16,89.3,7.81,-15.57,30.95,3788.34
5103858,Gaúcha do Norte,resto_mt,FALSE,2024,2390178,542020,72,193640,214978,3412,2149,2054,2397793,2397792.99,99.68,0.14,0.09,0.09,0.9936,0.0085,Lavoura,0.9615,59037.14,21091.38,90.07,4.43,-48.79,30.95,1947.83
5103908,General Carneiro,resto_mt,FALSE,2000,56136,82310,72,111245,123080,442,44,,56622,,99.14,0.78,0.08,0,0.9829,0.0228,Lavoura,0.7258,18926.19,25579.44,90.38,,,5.2,
5103908,General Carneiro,resto_mt,FALSE,2001,51518,85410,72,113249,125126,445,44,,52007,,99.06,0.86,0.08,0,0.9814,0.0248,Lavoura,0.5874,19625.46,26022.29,90.51,,,5.2,
5103908,General Carneiro,resto_mt,FALSE,2002,85228,84874,72,118497,129589,443,53,,85724,414558.56,99.42,0.52,0.06,0,0.9885,0.0153,Lavoura,0.6591,19475.45,27190.68,91.44,4.89,,5.2,
5103908,General Carneiro,resto_mt,FALSE,2003,109992,83364,72,118374,129655,373,118,,110483,468303.67,99.56,0.34,0.11,0,0.9912,0.0117,Lavoura,0.5312,19111.42,27137.55,91.3,5.63,12.96,5.2,
5103908,General Carneiro,resto_mt,FALSE,2004,208406,120860,72,112784,123084,938,63,,209407,823753.95,99.52,0.45,0.03,0,0.9904,0.0128,Lavoura,0.6925,27650.42,25802.79,91.63,6.82,75.9,5.2,
5103908,General Carneiro,resto_mt,FALSE,2005,185366,145164,72,127917,138489,699,282,,186347,682335.42,99.47,0.38,0.15,0,0.9894,0.0141,Lavoura,0.6892,33180.34,29238.17,92.37,4.71,-17.17,5.2,
5103908,General Carneiro,resto_mt,FALSE,2006,57962,78872,72,105379,115862,708,146,,58816,201699.3,98.55,1.2,0.25,0,0.9714,0.0381,Lavoura,0.3541,18007.31,24059.13,90.95,2.55,-70.44,5.2,778.77
5103908,General Carneiro,resto_mt,FALSE,2007,126732,104080,72,107577,115321,790,133,,127655,411287.71,99.28,0.62,0.1,0,0.9857,0.0191,Lavoura,0.5613,21669.79,22397.88,93.28,3.95,103.91,5.2,1297.43
5103908,General Carneiro,resto_mt,FALSE,2008,299038,153130,72,108703,116551,819,63,,299920,888321.26,99.71,0.27,0.02,0,0.9942,0.0077,Lavoura,0.8911,30817.07,21876.23,93.27,5.8,115.99,5.2,2802.28
5103908,General Carneiro,resto_mt,FALSE,2009,227900,149990,72,111260,119186,881,89,,228870,631683.09,99.58,0.38,0.04,0,0.9916,0.0112,Lavoura,0.6817,29830.95,22128.08,93.35,4.2,-28.89,5.2,1784.4
5103908,General Carneiro,resto_mt,FALSE,2010,225592,152820,72,113701,121613,1018,347,,226957,577738.56,99.4,0.45,0.15,0,0.9881,0.0159,Lavoura,0.7889,30399.84,22618.06,93.49,3.79,-8.54,5.2,1524.37
5103908,General Carneiro,resto_mt,FALSE,2011,311390,158780,72,116258,123144,1174,124,,312688,734845.36,99.58,0.38,0.04,0,0.9916,0.0112,Lavoura,0.7017,31255.91,22885.43,94.41,4.63,27.19,5.2,1524.58
5103908,General Carneiro,resto_mt,FALSE,2012,386414,174936,72,103116,109498,1658,192,,388264,845311.55,99.52,0.43,0.05,0,0.9904,0.0128,Lavoura,0.7235,34100.58,20100.58,94.17,4.84,15.03,5.2,2178.64
5103908,General Carneiro,resto_mt,FALSE,2013,453396,195968,72,101341,108316,2008,165,2000,457569,926657.94,99.09,0.44,0.04,0.44,0.9819,0.0241,Lavoura,0.7616,37577.76,19432.6,93.56,4.73,9.62,5.2,1820.55
5103908,General Carneiro,resto_mt,FALSE,2014,560494,187458,72,100498,107173,1715,138,2113,564460,1059959,99.3,0.3,0.02,0.37,0.9861,0.0185,Lavoura,0.801,35591.04,19080.69,93.77,5.65,14.39,5.2,2591.58
5103908,General Carneiro,resto_mt,FALSE,2015,576106,197316,72,108992,116776,1517,131,1966.01,579720.01,1012041.93,99.38,0.26,0.02,0.34,0.9877,0.0164,Lavoura,0.7575,37103.42,20494.92,93.33,5.12,-4.52,5.2,1968.96
5103908,General Carneiro,resto_mt,FALSE,2016,679362,177118,72,121318,130157,1882,157,2293,683694,1104083.32,99.37,0.28,0.02,0.34,0.9875,0.0167,Lavoura,0.7582,33507,22950.81,93.21,6.24,9.09,5.2,2555.74
5103908,General Carneiro,resto_mt,FALSE,2017,559200,185982,72,96094,105178,1341,137,1802,562480,876169.88,99.42,0.24,0.02,0.32,0.9884,0.0155,Lavoura,0.6288,34873.8,18018.75,91.36,4.71,-20.64,5.2,1836.84
5103908,General Carneiro,resto_mt,FALSE,2018,623318,183066,72,86723,96066,1334,145,1963,626760,934314.27,99.45,0.21,0.02,0.31,0.989,0.0147,Lavoura,0.6084,33363.59,15805.18,90.27,5.09,6.64,5.2,2071.65
5103908,General Carneiro,resto_mt,FALSE,2019,719054,172700,72,86101,97507,1594,153,2161,722962,1034042.49,99.46,0.22,0.02,0.3,0.9892,0.0144,Lavoura,0.605,31173.29,15541.7,88.3,5.98,10.67,5.2,2377.12
5103908,General Carneiro,resto_mt,FALSE,2020,906656,174452,72,92095,104087,1406,152,2180,910394,1222967.23,99.59,0.15,0.02,0.24,0.9918,0.0109,Lavoura,0.563,31196.71,16469.06,88.48,7,18.27,5.2,2939.82
5103908,General Carneiro,resto_mt,FALSE,2021,1557158,177208,72,94199,106122,1467,172,2101,1560898,1854811.81,99.76,0.09,0.01,0.13,0.9952,0.0064,Lavoura,0.5076,30947.96,16451.1,88.76,10.46,51.66,5.2,4076.5
5103908,General Carneiro,resto_mt,FALSE,2022,2045150,211548,72,102308,114488,1509,142,1383,2048184,2241730.73,99.85,0.07,0.01,0.07,0.997,0.004,Lavoura,0.5782,35041.91,16946.83,89.36,10.59,20.86,5.2,4519.61
5103908,General Carneiro,resto_mt,FALSE,2023,1547234,211548,72,101299,117921,4514,168,301,1552217,1615542.49,99.68,0.29,0.01,0.02,0.9936,0.0085,Lavoura,0.4935,35041.91,16779.69,85.9,7.64,-27.93,5.2,3002.88
5103908,General Carneiro,resto_mt,FALSE,2024,1259518,209300,72,100595,116565,5078,230,698.01,1265524.01,1265524,99.53,0.4,0.02,0.06,0.9906,0.0125,Lavoura,0.5075,33488,16095.2,86.3,6.06,-21.67,5.2,2561.8
5104104,Guarantã do Norte,resto_mt,FALSE,2000,24986,32574,72,181512,267215,3716,1820,,30522,,81.86,12.17,5.96,0,0.6885,0.4153,Lavoura,0.3912,1155.11,6436.6,67.93,,,6.75,
5104104,Guarantã do Norte,resto_mt,FALSE,2001,11928,10688,72,225227,313014,4594,1468,,17990,,66.3,25.54,8.16,0,0.5115,0.6513,Lavoura,0.2032,367.2,7737.9,71.95,,,6.75,
5104104,Guarantã do Norte,resto_mt,FALSE,2002,16660,12128,72,266874,357361,6141,1841,,24642,119167.94,67.61,24.92,7.47,0,0.5248,0.6336,Lavoura,0.1895,407.09,8957.91,74.68,9.83,,6.75,
5104104,Guarantã do Norte,resto_mt,FALSE,2003,20460,16124,72,264479,355849,6322,2445,,29227,123884.33,70,21.63,8.37,0,0.5438,0.6083,Lavoura,0.1405,528.14,8662.92,74.32,7.69,3.96,6.75,
5104104,Guarantã do Norte,resto_mt,FALSE,2004,19044,12776,72,274929,367684,8103,2013,,29160,114708.03,65.31,27.79,6.9,0,0.5085,0.6553,Lavoura,0.0964,398.24,8569.84,74.77,8.99,-7.41,6.75,
5104104,Guarantã do Norte,resto_mt,FALSE,2005,20148,16008,72,266670,360515,7003,1858,,29009,106220.48,69.45,24.14,6.4,0,0.5447,0.6071,Lavoura,0.1073,485.97,8095.63,73.97,6.64,-7.4,6.75,
5104104,Guarantã do Norte,resto_mt,FALSE,2006,11152,7838,72,257250,352411,7130,1388,,19670,67454.87,56.7,36.25,7.06,0,0.4579,0.7228,Lavoura,0.1184,231.96,7612.97,73,8.6,-36.5,6.75,576.55
5104104,Guarantã do Norte,resto_mt,FALSE,2007,13434,7218,72,278219,336605,10755,1104,,25293,81490.75,53.11,42.52,4.36,0,0.4648,0.7136,Pecuário,0.1112,234.7,9046.6,82.65,11.3,20.81,6.75,471.04
5104104,Guarantã do Norte,resto_mt,FALSE,2008,29542,9234,72,297997,347552,10868,1523,,41933,124199.7,70.45,25.92,3.63,0,0.5648,0.5803,Lavoura,0.1246,290.37,9370.68,85.74,13.44,52.41,6.75,636.93
5104104,Guarantã do Norte,resto_mt,FALSE,2009,27212,7374,72,321726,368707,11197,2219,,40628,112133.62,66.98,27.56,5.46,0,0.5276,0.6299,Lavoura,0.121,229.42,10009.52,87.26,15.2,-9.72,6.75,584.03
5104104,Guarantã do Norte,resto_mt,FALSE,2010,35134,8572,72,337950,391549,14363,2416,,51913,132149.01,67.68,27.67,4.65,0,0.5368,0.6176,Lavoura,0.1805,266.08,10490.13,86.31,15.43,17.85,6.75,800.89
5104104,Guarantã do Norte,resto_mt,FALSE,2011,41000,8172,72,335913,391080,17983,3670,,62653,147240.26,65.44,28.7,5.86,0,0.514,0.648,Lavoura,0.1406,251.25,10327.84,85.89,18.02,11.42,6.75,678.53
5104104,Guarantã do Norte,resto_mt,FALSE,2012,49936,12142,72,336213,387553,15496,1362,,66794,145421,74.76,23.2,2.04,0,0.6131,0.5159,Lavoura,0.1245,369.92,10243.21,86.75,11.96,-1.24,6.75,605.93
5104104,Guarantã do Norte,resto_mt,FALSE,2013,74359,29880,72,335060,382257,17616,3076,1553,96604,195640.15,76.97,18.24,3.18,1.61,0.627,0.4973,Lavoura,0.1608,896.6,10054.01,87.65,6.54,34.53,6.75,792.06
5104104,Guarantã do Norte,resto_mt,FALSE,2014,88085,32680,72,324066,362161,18907,802,9013,116807,219343.5,75.41,16.19,0.69,7.72,0.6009,0.5321,Lavoura,0.1657,971.69,9635.64,89.48,6.72,12.12,6.75,800.54
5104104,Guarantã do Norte,resto_mt,FALSE,2015,104098,38180,72,334694,380324,19238,731,9571.01,133638.01,233297.56,77.9,14.4,0.55,7.16,0.6327,0.4897,Lavoura,0.1746,1125.29,9864.54,88,6.11,6.36,6.75,848.37
5104104,Guarantã do Norte,resto_mt,FALSE,2016,111552,35604,72,346826,397401,17256,733,448.99,129989.99,209918.16,85.82,13.27,0.56,0.35,0.7542,0.3277,Lavoura,0.1442,1040.5,10135.78,87.27,5.91,-10.02,6.75,792.14
5104104,Guarantã do Norte,resto_mt,FALSE,2017,124683,42220,72,352733,400516,17508,1427,518,144136,224519.31,86.5,12.15,0.99,0.36,0.7631,0.3159,Lavoura,0.1611,1223.77,10224.14,88.07,5.32,6.96,6.75,890.96
5104104,Guarantã do Norte,resto_mt,FALSE,2018,123691,43820,72,341572,373810,15330,1020,1194,141235,210539.72,87.58,10.85,0.72,0.85,0.7789,0.2948,Lavoura,0.1371,1234.47,9622.56,91.38,4.81,-6.23,6.75,649.81
5104104,Guarantã do Norte,resto_mt,FALSE,2019,164308,48226,72,350512,384512,10493,978,1230,177009,253173.52,92.82,5.93,0.55,0.69,0.8651,0.1799,Lavoura,0.1481,1346.49,9786.46,91.16,5.24,20.25,6.75,951.77
5104104,Guarantã do Norte,resto_mt,FALSE,2020,219659,51220,72,375600,411076,13803,974,1216,235652,316560.39,93.21,5.86,0.41,0.52,0.8723,0.1703,Lavoura,0.1457,1417.66,10395.79,91.37,6.19,25.04,6.75,1087.83
5104104,Guarantã do Norte,resto_mt,FALSE,2021,408434,53420,72,400455,433508,13597,1009,1118,424158,504026.05,96.29,3.21,0.24,0.26,0.9282,0.0957,Lavoura,0.1379,1466.01,10989.74,92.38,9.44,59.22,6.75,1584.98
5104104,Guarantã do Norte,resto_mt,FALSE,2022,440624,52020,72,434378,465820,16263,754,1957.99,459598.99,503029.61,95.87,3.54,0.16,0.43,0.9204,0.1061,Lavoura,0.1297,1676.77,14001.35,93.25,9.67,-0.2,6.75,1352.24
5104104,Guarantã do Norte,resto_mt,FALSE,2023,556282,79316,72,347789,376278,38186,608,1853,596929,621281.78,93.19,6.4,0.1,0.31,0.8725,0.17,Lavoura,0.1898,2556.6,11210.32,92.43,7.84,23.51,6.75,1730.59
5104104,Guarantã do Norte,resto_mt,FALSE,2024,461947,79316,72,304392,331445,35658,1430,2087.01,501122.01,501122,92.18,7.12,0.29,0.42,0.8548,0.1936,Lavoura,0.2009,2531.79,9716.29,91.84,6.31,-19.34,6.75,1407.66
5104203,Guiratinga,resto_mt,FALSE,2000,86910,118830,72,114694,138834,865,204,,87979,,98.78,0.98,0.23,0,0.9759,0.0321,Lavoura,1.1277,9397.39,9070.3,82.61,,,2.04,
5104203,Guiratinga,resto_mt,FALSE,2001,78180,98730,72,116000,140604,1033,693,,79906,,97.84,1.29,0.87,0,0.9575,0.0567,Lavoura,0.9025,7984.63,9381.32,82.5,,,2.04,
5104203,Guiratinga,resto_mt,FALSE,2002,165728,125306,72,131978,157216,1266,728,,167722,811098.26,98.81,0.75,0.43,0,0.9764,0.0315,Lavoura,1.2896,10270.14,10816.98,83.95,6.47,,2.04,
5104203,Guiratinga,resto_mt,FALSE,2003,298802,132814,72,147766,173765,1329,758,,300889,1275376.49,99.31,0.44,0.25,0,0.9863,0.0183,Lavoura,1.4468,11072.45,12318.97,85.04,9.6,57.24,2.04,
5104203,Guiratinga,resto_mt,FALSE,2004,392524,156498,72,140155,167258,1613,509,,394646,1552437.1,99.46,0.41,0.13,0,0.9892,0.0144,Lavoura,1.3051,13535.55,12122.04,83.8,9.93,21.72,2.04,
5104203,Guiratinga,resto_mt,FALSE,2005,315418,170730,72,133897,161450,1763,1322,,318503,1166242.97,99.03,0.55,0.42,0,0.9807,0.0257,Lavoura,1.178,15078.16,11825.22,82.93,6.82,-24.88,2.04,
5104203,Guiratinga,resto_mt,FALSE,2006,178668,177294,72,134662,162767,1762,1338,,181768,623341.92,98.29,0.97,0.74,0,0.9662,0.0451,Lavoura,1.0942,15994.05,12148.13,82.73,3.51,-46.55,2.04,926.21
5104203,Guiratinga,resto_mt,FALSE,2007,276554,190354,72,134311,163930,1869,1242,,279665,901044.07,98.89,0.67,0.44,0,0.978,0.0293,Lavoura,1.2296,13711.3,9674.49,81.93,4.73,44.55,2.04,1606.14
5104203,Guiratinga,resto_mt,FALSE,2008,311996,168750,72,139345,169527,2937,1366,,316299,936833.59,98.64,0.93,0.43,0,0.9731,0.0359,Lavoura,0.9398,11751.39,9703.69,82.2,5.55,3.97,2.04,1681.92
5104203,Guiratinga,resto_mt,FALSE,2009,313314,165804,72,139246,169137,2909,1904,,318127,878033.15,98.49,0.91,0.6,0,0.9701,0.0399,Lavoura,0.9476,11416.65,9587.96,82.33,5.29,-6.28,2.04,1511.24
5104203,Guiratinga,resto_mt,FALSE,2010,344030,170000,72,148160,176214,2679,1350,,348059,886014.12,98.84,0.77,0.39,0,0.977,0.0307,Lavoura,1.2099,12200.37,10632.98,84.08,5.22,0.91,2.04,1426.75
5104203,Guiratinga,resto_mt,FALSE,2011,454870,170116,72,142033,169075,2862,2243,,459975,1080983.25,98.89,0.62,0.49,0,0.978,0.0293,Lavoura,1.0323,12118.25,10117.75,84.01,6.36,22.01,2.04,1721.3
5104203,Guiratinga,resto_mt,FALSE,2012,494260,189982,72,144294,169824,2976,515,,497751,1083681.9,99.3,0.6,0.1,0,0.9861,0.0185,Lavoura,0.9275,13438.64,10206.83,84.97,5.7,0.25,2.04,1759.23
5104203,Guiratinga,resto_mt,FALSE,2013,496146,203536,72,146390,168295,2796,1467,234,500643,1013890.41,99.1,0.56,0.29,0.05,0.9821,0.0239,Lavoura,0.8332,14229.31,10234.2,86.98,4.99,-6.44,2.04,1574.37
5104203,Guiratinga,resto_mt,FALSE,2014,679180,211788,72,155732,178450,3006,1643,289,684118,1284656.17,99.28,0.44,0.24,0.04,0.9857,0.0191,Lavoura,0.9707,14706.48,10813.97,87.27,6.06,26.71,2.04,1872.69
5104203,Guiratinga,resto_mt,FALSE,2015,597228,203206,72,167821,192976,3096,,287,600611,1048512.21,99.44,0.52,0,0.05,0.9889,0.0148,Lavoura,0.7848,14018.07,11577.06,86.96,5.17,-18.38,2.04,1483.03
5104203,Guiratinga,resto_mt,FALSE,2016,759394,198394,72,171177,196400,3528,,294,763216,1232501.77,99.5,0.46,0,0.04,0.99,0.0133,Lavoura,0.8464,13658.8,11784.99,87.16,6.21,17.55,2.04,1864.59
5104203,Guiratinga,resto_mt,FALSE,2017,602502,211838,72,164117,189952,4009,,354,606865,945307.99,99.28,0.66,0,0.06,0.9857,0.0191,Lavoura,0.6785,14494.56,11229.35,86.4,4.45,-23.3,2.04,1507.67
5104203,Guiratinga,resto_mt,FALSE,2018,748242,204504,72,180169,200393,3649,,310,752201,1121309.78,99.47,0.49,0,0.04,0.9895,0.014,Lavoura,0.7302,13601.86,11983.31,89.91,5.47,18.62,2.04,1673.6
5104203,Guiratinga,resto_mt,FALSE,2019,988680,210920,72,196213,217976,3914,,303.01,992897.01,1420126.78,99.58,0.39,0,0.03,0.9916,0.0112,Lavoura,0.8308,13930.39,12959.05,90.02,6.72,26.65,2.04,2194.93
5104203,Guiratinga,resto_mt,FALSE,2020,912770,203750,72,200561,222592,4299,,330,917399,1232377.32,99.5,0.47,0,0.04,0.99,0.0133,Lavoura,0.5673,13365.04,13155.85,90.1,6.06,-13.22,2.04,1755.51
5104203,Guiratinga,resto_mt,FALSE,2021,1800242,199750,72,170682,189862,2457,351,1398,1804448,2144221.75,99.77,0.14,0.02,0.08,0.9954,0.0061,Lavoura,0.5869,12690.6,10843.84,89.9,10.74,73.99,2.04,2643.92
5104203,Guiratinga,resto_mt,FALSE,2022,2024638,221040,72,187375,205929,2238,342,2727,2029945,2221768.19,99.74,0.11,0.02,0.13,0.9948,0.0069,Lavoura,0.5731,20156.85,17086.9,90.99,10.06,3.62,2.04,2900.49
5104203,Guiratinga,resto_mt,FALSE,2023,1567222,223312,72,165818,178544,4252,3507,1433.99,1576414.99,1640727.67,99.42,0.27,0.22,0.09,0.9884,0.0155,Lavoura,0.5012,20364.03,15121.1,92.87,7.36,-26.15,2.04,2133.58
5104203,Guiratinga,resto_mt,FALSE,2024,1250896,213690,72,167056,181333,4334,6646,3987.99,1265863.99,1265863.99,98.82,0.34,0.53,0.32,0.9766,0.0312,Lavoura,0.5076,20289.59,15861.75,92.13,5.93,-22.85,2.04,1492.76
5104500,Indiavaí,resto_mt,FALSE,2000,828,1098,72,47934,52736,529,40,,1397,,59.27,37.87,2.86,0,0.4955,0.6727,Lavoura,0.0179,534.05,23314.2,90.89,,,2.53,
5104500,Indiavaí,resto_mt,FALSE,2001,584,878,72,52565,57529,540,41,,1165,,50.13,46.35,3.52,0,0.4674,0.7101,Pecuário,0.0132,426.42,25529.38,91.37,,,2.53,
5104500,Indiavaí,resto_mt,FALSE,2002,618,730,72,55719,60912,626,67,,1311,6339.96,47.14,47.75,5.11,0,0.4528,0.7296,Pecuário,0.0101,353.85,27008.73,91.47,8.68,,2.53,
5104500,Indiavaí,resto_mt,FALSE,2003,1512,922,72,57112,62467,762,74,,2348,9952.45,64.4,32.45,3.15,0,0.521,0.6387,Lavoura,0.0113,446.27,27643.76,91.43,10.79,56.98,2.53,
5104500,Indiavaí,resto_mt,FALSE,2004,1530,1012,72,58910,64324,1507,101,,3138,12344.11,48.76,48.02,3.22,0,0.4694,0.7075,Pecuário,0.0104,488.18,28417.75,91.58,12.19,24.03,2.53,
5104500,Indiavaí,resto_mt,FALSE,2005,1152,762,72,66548,72144,1552,88,,2792,10223.3,41.26,55.59,3.15,0,0.4803,0.6929,Pecuário,0.0103,366.88,32040.44,92.24,13.42,-17.18,2.53,
5104500,Indiavaí,resto_mt,FALSE,2006,3954,708,72,59202,65143,1383,75,,5412,18559.51,73.06,25.55,1.39,0,0.5992,0.5344,Lavoura,0.0326,340.38,28462.5,90.88,26.22,81.54,2.53,371.2
5104500,Indiavaí,resto_mt,FALSE,2007,3850,612,72,58201,64934,1614,104,,5568,17939.36,69.15,28.99,1.87,0,0.5626,0.5832,Lavoura,0.0245,242.47,23059.03,89.63,29.33,-3.34,2.53,294.09
5104500,Indiavaí,resto_mt,FALSE,2008,902,432,72,59477,66453,1688,117,,2707,8017.76,33.32,62.36,4.32,0,0.5018,0.6643,Pecuário,0.008,164.7,22675.18,89.5,18.56,-55.31,2.53,123.36
5104500,Indiavaí,resto_mt,FALSE,2009,1698,1762,72,65708,72877,1632,129,,3459,9546.86,49.09,47.18,3.73,0,0.465,0.7133,Pecuário,0.0103,657.71,24527.06,90.16,5.42,19.07,2.53,124
5104500,Indiavaí,resto_mt,FALSE,2010,876,436,72,69275,76651,1795,154,,2825,7191.28,31.01,63.54,5.45,0,0.5029,0.6628,Pecuário,0.0098,181.89,28900.71,90.38,16.5,-24.67,2.53,93.4
5104500,Indiavaí,resto_mt,FALSE,2011,1076,482,72,78502,86276,2064,256,,3396,7980.92,31.68,60.78,7.54,0,0.4755,0.6993,Pecuário,0.0076,198.84,32385.31,90.99,16.55,10.98,2.53,130.84
5104500,Indiavaí,resto_mt,FALSE,2012,1630,446,72,72929,79610,2369,269,,4268,9292.1,38.19,55.51,6.3,0,0.458,0.7227,Pecuário,0.008,182.12,29779.09,91.61,20.82,16.43,2.53,86.83
5104500,Indiavaí,resto_mt,FALSE,2013,1120,526,72,71287,77148,1926,280,1267,4593,9301.65,24.38,41.93,6.1,27.59,0.3151,0.9132,Pescado-extrativista,0.0076,211.16,28617.82,92.4,17.69,0.1,2.53,98.95
5104500,Indiavaí,resto_mt,FALSE,2014,1838,766,72,77885,84288,2153,977,307,5275,9905.54,34.84,40.82,18.52,5.82,0.3257,0.8991,Pecuário,0.0075,304.21,30931.29,92.4,12.93,6.49,2.53,103.17
5104500,Indiavaí,resto_mt,FALSE,2015,1404,336,72,78395,83789,2282,649,429,4764,8316.71,29.47,47.9,13.62,9.01,0.343,0.876,Pecuário,0.0062,132.13,30827.76,93.56,24.74,-16.04,2.53,63.97
5104500,Indiavaí,resto_mt,FALSE,2016,1508,330,72,71279,76270,1496,361,578,3943,6367.48,38.24,37.94,9.16,14.66,0.3201,0.9065,Diversificado,0.0044,125.76,27164.25,93.46,19.3,-23.44,2.53,50.15
5104500,Indiavaí,resto_mt,FALSE,2017,1782,588,72,75552,79783,1845,350,358,4335,6752.6,41.11,42.56,8.07,8.26,0.3635,0.8487,Pecuário,0.0048,222.05,28531.72,94.7,11.48,6.05,2.53,52.74
5104500,Indiavaí,resto_mt,FALSE,2018,1844,832,72,78988,83463,1575,604,307,4330,6454.74,42.59,36.37,13.95,7.09,0.3382,0.8824,Diversificado,0.0042,305.32,28986.42,94.64,7.76,-4.41,2.53,52.49
5104500,Indiavaí,resto_mt,FALSE,2019,2276,420,72,72897,77214,1439,892,307,4914,7028.41,46.32,29.28,18.15,6.25,0.3371,0.8839,Diversificado,0.0041,152.62,26488.74,94.41,16.72,8.89,2.53,70.28
5104500,Indiavaí,resto_mt,FALSE,2020,1972,426,72,80764,85358,1798,198,712,4680,6286.83,42.14,38.42,4.23,15.21,0.3501,0.8665,Diversificado,0.0029,153.29,29062.25,94.62,14.76,-10.55,2.53,65.5
5104500,Indiavaí,resto_mt,FALSE,2021,27050,3418,72,91568,95967,2172,1102,624,30948,36775.44,87.4,7.02,3.56,2.02,0.7705,0.306,Lavoura,0.0101,1218.1,32632.93,95.42,10.77,484.96,2.53,328.36
5104500,Indiavaí,resto_mt,FALSE,2022,18544,1914,72,106561,110825,1939,2737,950,24170,26453.98,76.72,8.02,11.32,3.93,0.6094,0.5208,Lavoura,0.0068,864.89,48152.28,96.15,13.82,-28.07,2.53,230.04
5104500,Indiavaí,resto_mt,FALSE,2023,4452,546,72,103516,110152,3368,295,1850,9965,10371.53,44.68,33.8,2.96,18.56,0.3492,0.8677,Diversificado,0.0032,246.72,46776.32,93.98,18.99,-60.79,2.53,90.98
5104500,Indiavaí,resto_mt,FALSE,2024,3436,570,72,102817,108873,3420,2770,1362.01,10988.01,10988.02,31.27,31.12,25.21,12.4,0.2736,0.9685,Diversificado,0.0044,259.8,46862.81,94.44,19.27,5.94,2.53,93.12
5104526,Ipiranga do Norte,resto_mt,FALSE,2000,0,0,72,,,,,,0,,,,,,,,Diversificado,0,,,,,,,
5104526,Ipiranga do Norte,resto_mt,FALSE,2001,0,0,72,,,,,,0,,,,,,,,Diversificado,0,,,,,,,
5104526,Ipiranga do Norte,resto_mt,FALSE,2002,0,0,72,,,,,,0,0,,,,,,,Diversificado,0,,,,,,,
5104526,Ipiranga do Norte,resto_mt,FALSE,2003,0,0,72,,,,,,0,0,,,,,,,Diversificado,0,,,,,,,
5104526,Ipiranga do Norte,resto_mt,FALSE,2004,0,0,72,,,,,,0,0,,,,,,,Diversificado,0,0,,,,,,
5104526,Ipiranga do Norte,resto_mt,FALSE,2005,471726,414350,72,28000,32530,742,350,,472818,1731288.78,99.77,0.16,0.07,0,0.9954,0.0061,Lavoura,1.7488,191562.64,12944.98,86.07,4.17,Inf,,
5104526,Ipiranga do Norte,resto_mt,FALSE,2006,279752,360572,72,11728,16688,781,125,,280658,962468.04,99.68,0.28,0.04,0,0.9936,0.0085,Lavoura,1.6896,161257.6,5245.08,70.28,2.67,-44.41,,6209.47
5104526,Ipiranga do Norte,resto_mt,FALSE,2007,384988,338726,72,17639,35549,637,3574,,389199,1253948.28,98.92,0.16,0.92,0,0.9786,0.0285,Lavoura,1.7112,82035.84,4271.98,49.62,3.69,30.28,,5832.32
5104526,Ipiranga do Norte,resto_mt,FALSE,2008,800934,465208,72,16648,45625,660,118,,801712,2374559.28,99.9,0.08,0.01,0,0.998,0.0027,Lavoura,2.3821,106308.96,3804.39,36.49,5.12,89.37,,3829.94
5104526,Ipiranga do Norte,resto_mt,FALSE,2009,778280,476570,72,15022,43519,985,3774,,783039,2161194.14,99.39,0.13,0.48,0,0.9879,0.0161,Lavoura,2.3325,102686.92,3236.8,34.52,4.53,-8.99,,3264.64
5104526,Ipiranga do Norte,resto_mt,FALSE,2010,644932,515704,72,12900,131150,846,1644,,647422,1648068.38,99.62,0.13,0.25,0,0.9924,0.0101,Lavoura,2.2505,100664.45,2518.06,9.84,3.21,-23.74,,2236.2
5104526,Ipiranga do Norte,resto_mt,FALSE,2011,885004,451570,72,13152,118184,1057,3890,,889951,2091466.11,99.44,0.12,0.44,0,0.9889,0.0148,Lavoura,1.9973,83903.75,2443.7,11.13,4.63,26.9,,2334.23
5104526,Ipiranga do Norte,resto_mt,FALSE,2012,1075350,504255,72,11918,150699,1210,1054,,1077614,2346134.5,99.79,0.11,0.1,0,0.9958,0.0056,Lavoura,2.0081,89549.81,2116.5,7.91,4.66,12.18,,2428.72
5104526,Ipiranga do Norte,resto_mt,FALSE,2013,1078761,525397,72,7174,114702,902,799,240,1080702,2188612.21,99.82,0.08,0.07,0.02,0.9964,0.0048,Lavoura,1.7987,86742.12,1184.41,6.25,4.17,-6.71,,1991.46
5104526,Ipiranga do Norte,resto_mt,FALSE,2014,1244286,549305,72,8180,114954,864,706,256,1246112,2339984.44,99.85,0.07,0.06,0.02,0.997,0.004,Lavoura,1.7682,86545.61,1288.8,7.12,4.25,6.92,,2203.38
5104526,Ipiranga do Norte,resto_mt,FALSE,2015,1310014,570955,72,8869,175055,874,2196,1071,1314155,2294176.37,99.68,0.07,0.17,0.08,0.9936,0.0085,Lavoura,1.7171,86129.88,1337.91,5.07,4.02,-1.96,,2097.05
5104526,Ipiranga do Norte,resto_mt,FALSE,2016,1462693,584355,72,9831,195843,723,1502,4208,1469126,2372461.26,99.56,0.05,0.1,0.29,0.9912,0.0117,Lavoura,1.6293,84652.33,1424.16,5.02,4.05,3.41,,2073.84
5104526,Ipiranga do Norte,resto_mt,FALSE,2017,1692258,723167,72,12437,206546,851,15612,3709,1712430,2667436.35,98.82,0.05,0.91,0.22,0.9766,0.0312,Lavoura,1.9144,100846.05,1734.35,6.02,3.69,12.43,,2219.17
5104526,Ipiranga do Norte,resto_mt,FALSE,2018,2188646,689453,72,11038,223137,705,4096,3171.99,2196618.99,3274510.91,99.64,0.03,0.19,0.14,0.9928,0.0096,Lavoura,2.1324,93232.32,1492.63,4.95,4.76,22.76,,2398.91
5104526,Ipiranga do Norte,resto_mt,FALSE,2019,2250232,763030,72,14243,188426,610,1069,1898,2253809,3223591.66,99.84,0.03,0.05,0.08,0.9968,0.0043,Lavoura,1.8859,99521.33,1857.7,7.56,4.23,-1.56,,2167.85
5104526,Ipiranga do Norte,resto_mt,FALSE,2020,3693980,818398,72,13858,170695,747,483,4382,3699592,4969804.06,99.85,0.02,0.01,0.12,0.997,0.004,Lavoura,2.2879,103333.08,1749.75,8.12,6.08,54.17,,3864.56
5104526,Ipiranga do Norte,resto_mt,FALSE,2021,6120940,842418,72,14055,112350,591,790,9962,6132283,7286978.96,99.82,0.01,0.01,0.16,0.9964,0.0048,Lavoura,1.9944,102959.91,1717.8,12.51,8.65,46.63,,5095.78
5104526,Ipiranga do Norte,resto_mt,FALSE,2022,7735056,889090,72,15935,131559,599,1965,12650,7750270,8482645.28,99.8,0.01,0.03,0.16,0.996,0.0053,Lavoura,2.188,113767.11,2039.03,12.11,9.55,16.41,,5427.16
5104526,Ipiranga do Norte,resto_mt,FALSE,2023,6387362,905042,72,21090,110145,1350,4588,7339,6400639,6661764.55,99.79,0.02,0.07,0.11,0.9958,0.0056,Lavoura,2.0349,115808.32,2698.66,19.15,7.36,-21.47,,3866.36
5104526,Ipiranga do Norte,resto_mt,FALSE,2024,4926172,896604,72,23110,134107,1830,3493,11377,4942872,4942871.99,99.66,0.04,0.07,0.23,0.9932,0.0091,Lavoura,1.982,106624.33,2748.25,17.23,5.52,-25.8,,2909.27
5104542,Itanhangá,resto_mt,FALSE,2000,0,0,72,,,,,,0,,,,,,,,Diversificado,0,,,,,,,
5104542,Itanhangá,resto_mt,FALSE,2001,0,0,72,,,,,,0,,,,,,,,Diversificado,0,,,,,,,
5104542,Itanhangá,resto_mt,FALSE,2002,0,0,72,,,,,,0,0,,,,,,,Diversificado,0,,,,,,,
5104542,Itanhangá,resto_mt,FALSE,2003,0,0,72,,,,,,0,0,,,,,,,Diversificado,0,,,,,,,
5104542,Itanhangá,resto_mt,FALSE,2004,0,0,72,,,,,,0,0,,,,,,,Diversificado,0,0,,,,,,
5104542,Itanhangá,resto_mt,FALSE,2005,159248,148742,72,11000,19890,511,749,,160508,587722.32,99.21,0.32,0.47,0,0.9843,0.0209,Lavoura,0.5937,35440.08,2620.92,55.3,3.95,Inf,,
5104542,Itanhangá,resto_mt,FALSE,2006,82006,101824,72,15977,25756,541,208,,82755,283793.97,99.09,0.65,0.25,0,0.9819,0.0241,Lavoura,0.4982,23477.98,3683.88,62.03,2.77,-51.71,,12338.86
5104542,Itanhangá,resto_mt,FALSE,2007,132992,119094,72,32137,44690,740,14203,,147935,476627.22,89.9,0.5,9.6,0,0.8174,0.2435,Lavoura,0.6504,25322.99,6833.3,71.91,4,67.95,,6033.27
5104542,Itanhangá,resto_mt,FALSE,2008,192664,126266,72,36454,49511,786,14748,,208198,616653.47,92.54,0.38,7.08,0,0.8614,0.1848,Lavoura,0.6186,25710.85,7422.93,73.63,4.89,29.38,,8447.3
5104542,Itanhangá,resto_mt,FALSE,2009,223940,139392,72,39444,52794,807,15854,,240601,664060.76,93.08,0.34,6.59,0,0.8707,0.1724,Lavoura,0.7167,27542.38,7793.72,74.71,4.76,7.69,,10710.65
5104542,Itanhangá,resto_mt,FALSE,2010,168208,155792,72,43201,54996,885,9128,,178221,453676.88,94.38,0.5,5.12,0,0.8934,0.1421,Lavoura,0.6195,29528.43,8188.21,78.55,2.9,-31.68,,4826.35
5104542,Itanhangá,resto_mt,FALSE,2011,242708,144846,72,42512,53826,1016,10495,,254219,597437.86,95.47,0.4,4.13,0,0.9132,0.1157,Lavoura,0.5705,26724.35,7843.54,78.98,4.12,31.69,,4177.89
5104542,Itanhangá,resto_mt,FALSE,2012,335490,181796,72,38863,50332,475,8909,,344874,750844.72,97.28,0.14,2.58,0,0.947,0.0707,Lavoura,0.6427,32708.89,6992.26,77.21,4.12,25.68,,6472.79
5104542,Itanhangá,resto_mt,FALSE,2013,361966,199980,72,33417,41904,584,2206,482,365238,739671.38,99.1,0.16,0.6,0.13,0.9821,0.0239,Lavoura,0.6079,34515.02,5767.52,79.75,3.69,-1.49,,5208.96
5104542,Itanhangá,resto_mt,FALSE,2014,412752,213730,72,34965,42040,625,1680,6199.99,421256.99,791048.33,97.98,0.15,0.4,1.47,0.9602,0.0531,Lavoura,0.5978,35921.01,5876.47,83.17,3.69,6.95,,5992.79
5104542,Itanhangá,resto_mt,FALSE,2015,483648,225530,72,30250,36072,1082,1473,3555.01,489758.01,854991.42,98.75,0.22,0.3,0.73,0.9752,0.0331,Lavoura,0.6399,36953.96,4956.58,83.86,3.79,8.08,,6428.5
5104542,Itanhangá,resto_mt,FALSE,2016,479202,228130,72,36117,44877,899,5894,1420,487415,787116.42,98.31,0.18,1.21,0.29,0.9666,0.0445,Lavoura,0.5406,36489.12,5776.87,80.48,3.46,-7.94,,5582.39
5104542,Itanhangá,resto_mt,FALSE,2017,535402,278530,72,39134,49433,1776,10118,1220,548516,854418.3,97.61,0.32,1.84,0.22,0.9531,0.0625,Lavoura,0.6132,43547.53,6118.51,79.17,3.08,8.55,,5306.94
5104542,Itanhangá,resto_mt,FALSE,2018,692792,279530,72,44870,57307,987,2319,1319,697417,1039643.01,99.34,0.14,0.33,0.19,0.9869,0.0175,Lavoura,0.677,42436.62,6811.9,78.3,3.72,21.68,,5559.59
5104542,Itanhangá,resto_mt,FALSE,2019,731646,322890,72,50206,60782,630,20,991,733287,1048810.2,99.78,0.09,0,0.14,0.9956,0.0059,Lavoura,0.6136,47927.86,7452.28,82.6,3.26,0.88,,5166.55
5104542,Itanhangá,resto_mt,FALSE,2020,1269982,350330,72,57485,68127,1892,505,936,1273315,1710492.94,99.74,0.15,0.04,0.07,0.9948,0.0069,Lavoura,0.7874,50883.08,8349.31,84.38,4.89,63.09,,7372.81
5104542,Itanhangá,resto_mt,FALSE,2021,2288482,343930,72,56703,67593,1904,3565,1324,2295275,2727470.44,99.7,0.08,0.16,0.06,0.994,0.008,Lavoura,0.7465,48923.19,8065.86,83.89,7.94,59.46,,10654.19
5104542,Itanhangá,resto_mt,FALSE,2022,2693658,371590,72,64841,73881,1441,2696,2040,2699835,2954960.62,99.77,0.05,0.1,0.08,0.9954,0.0061,Lavoura,0.7622,49289.03,8600.74,87.76,7.94,8.34,,9205.48
5104542,Itanhangá,resto_mt,FALSE,2023,2593802,434060,72,60539,68196,2436,1259,1259,2598756,2704776.92,99.81,0.09,0.05,0.05,0.9962,0.0051,Lavoura,0.8262,57575.28,8030.11,88.77,6.24,-8.47,,7750.09
5104542,Itanhangá,resto_mt,FALSE,2024,1589084,412442,72,60169,67935,3006,986,4734,1597810,1597810.01,99.45,0.19,0.06,0.3,0.989,0.0147,Lavoura,0.6407,51241.4,7475.34,88.57,3.87,-40.93,,4488.22
5104559,Itaúba,resto_mt,FALSE,2000,11238,15704,72,168813,218718,512,4657,,16407,,68.5,3.12,28.38,0,0.5507,0.5991,Lavoura,0.2103,1833.51,19709.63,77.18,,,13.25,
5104559,Itaúba,resto_mt,FALSE,2001,12386,15368,72,126337,166363,429,4272,,17087,,72.49,2.51,25,0,0.5886,0.5485,Lavoura,0.193,2612.72,21478.58,75.94,,,13.25,
5104559,Itaúba,resto_mt,FALSE,2002,12436,13448,72,127600,168158,469,5952,,18857,91191.85,65.95,2.49,31.56,0,0.5352,0.6197,Lavoura,0.145,2247.7,21327.09,75.88,6.77,,13.25,
5104559,Itaúba,resto_mt,FALSE,2003,27764,21870,72,140107,181421,596,8742,,37102,157264.04,74.83,1.61,23.56,0,0.6157,0.5124,Lavoura,0.1784,3598.82,23055.29,77.23,7.18,72.45,13.25,
5104559,Itaúba,resto_mt,FALSE,2004,71208,40384,72,145273,187202,988,8003,,80199,315482.49,88.79,1.23,9.98,0,0.7985,0.2687,Lavoura,0.2652,6436.72,23154.77,77.6,7.81,100.61,13.25,
5104559,Itaúba,resto_mt,FALSE,2005,72042,82024,72,141865,188433,1004,8750,,81796,299507.41,88.08,1.23,10.7,0,0.7874,0.2835,Lavoura,0.3025,12850.38,22225.44,75.29,3.64,-5.06,13.25,
5104559,Itaúba,resto_mt,FALSE,2006,33630,42230,72,124402,171607,973,6628,,41231,141394.57,81.56,2.36,16.08,0,0.6916,0.4112,Lavoura,0.2482,6505.93,19165.31,72.49,3.36,-52.79,13.25,368.22
5104559,Itaúba,resto_mt,FALSE,2007,49832,43036,72,125289,131750,686,6969,,57487,185215.59,86.68,1.19,12.12,0,0.7662,0.3117,Lavoura,0.2528,9305.08,27089.51,95.1,4.3,30.99,13.25,496.57
5104559,Itaúba,resto_mt,FALSE,2008,67968,43416,72,127517,133130,674,9637,,78279,231851.49,86.83,0.86,12.31,0,0.7692,0.3077,Lavoura,0.2326,9235.48,27125.51,95.78,5.35,25.18,13.25,565.5
5104559,Itaúba,resto_mt,FALSE,2009,74766,43620,72,133952,138918,624,15048,,90438,249609.62,82.67,0.69,16.64,0,0.7112,0.3851,Lavoura,0.2694,9513.63,29215.27,96.43,5.73,7.66,13.25,568.58
5104559,Itaúba,resto_mt,FALSE,2010,32666,26834,72,139551,145095,1246,3732,,37644,95826.04,86.78,3.31,9.91,0,0.764,0.3147,Lavoura,0.1309,5865.36,30502.95,96.18,3.56,-61.61,13.25,230.91
5104559,Itaúba,resto_mt,FALSE,2011,55370,30894,72,136157,142556,1178,2910,,59458,139731.72,93.12,1.98,4.89,0,0.8699,0.1735,Lavoura,0.1334,6891.37,30371.85,95.51,4.53,45.82,13.25,367.71
5104559,Itaúba,resto_mt,FALSE,2012,214864,94997,72,116987,123701,1115,7833,,223812,487273.78,96,0.5,3.5,0,0.9229,0.1028,Lavoura,0.4171,21624.63,26630.32,94.57,5.14,248.72,13.25,1095.01
5104559,Itaúba,resto_mt,FALSE,2013,151723,91597,72,106825,111074,890,2695,468,155776,315473.89,97.4,0.57,1.73,0.3,0.949,0.068,Lavoura,0.2593,21613.26,25206.47,96.17,3.44,-35.26,13.25,721.9
5104559,Itaúba,resto_mt,FALSE,2014,173291,86417,72,105449,110100,1099,2195,754.01,177339.01,333012.21,97.72,0.62,1.24,0.43,0.9551,0.0599,Lavoura,0.2516,20954.66,25569.59,95.78,3.84,5.56,13.25,858.27
5104559,Itaúba,resto_mt,FALSE,2015,209038,85552,72,103129,108862,982,5444,643,216107,377267.2,96.73,0.45,2.52,0.3,0.9363,0.0849,Lavoura,0.2824,21318.71,25698.73,94.73,4.4,13.29,13.25,959.97
5104559,Itaúba,resto_mt,FALSE,2016,297934,126324,72,102770,110466,929,7905,1862,308630,498400.21,96.53,0.3,2.56,0.6,0.9325,0.09,Lavoura,0.3423,32349.3,26317.54,93.03,3.95,32.11,13.25,1294.56
5104559,Itaúba,resto_mt,FALSE,2017,385410,140657,72,105095,111874,1088,5531,1832,393861,613513.64,97.85,0.28,1.4,0.47,0.9577,0.0564,Lavoura,0.4403,37015,27656.58,93.94,4.35,23.1,13.25,1485.5
5104559,Itaúba,resto_mt,FALSE,2018,364085,144757,72,114690,122071,1250,7371,1814,374520,558298.84,97.21,0.33,1.97,0.48,0.9454,0.0728,Lavoura,0.3636,37107.66,29400.15,93.95,3.87,-9,13.25,1385.36
5104559,Itaúba,resto_mt,FALSE,2019,400492,144757,72,115794,124305,1348,6842,2416.01,411098.01,587987.78,97.42,0.33,1.66,0.59,0.9494,0.0675,Lavoura,0.344,38073.91,30456.08,93.15,4.07,5.32,13.25,1345.52
5104559,Itaúba,resto_mt,FALSE,2020,754412,166757,72,114459,124603,1562,6042,2578,764594,1027108.49,98.67,0.2,0.79,0.34,0.9737,0.0351,Lavoura,0.4728,45020.79,30901.46,91.86,6.16,74.68,13.25,2474.97
5104559,Itaúba,resto_mt,FALSE,2021,1186119,175157,72,93228,102354,1402,12311,2469.99,1202301.99,1428692.91,98.65,0.12,1.02,0.21,0.9733,0.0356,Lavoura,0.391,48533.39,25832.09,91.08,8.15,39.1,13.25,3099.12
5104559,Itaúba,resto_mt,FALSE,2022,1750554,203157,72,91146,100534,1355,16949,2597,1771455,1938851.74,98.82,0.08,0.96,0.15,0.9766,0.0312,Lavoura,0.5001,40469.52,18156.57,90.66,9.55,35.71,13.25,3354.42
5104559,Itaúba,resto_mt,FALSE,2023,1784358,259737,72,75200,83462,3206,7274,2645.99,1797483.99,1870815.58,99.27,0.18,0.4,0.15,0.9855,0.0193,Lavoura,0.5715,51740.44,14980.08,90.1,7.2,-3.51,13.25,2882.62
5104559,Itaúba,resto_mt,FALSE,2024,1391028,265091,72,61319,70873,3056,13375,2320.99,1409779.99,1409779.99,98.67,0.22,0.95,0.16,0.9737,0.0351,Lavoura,0.5653,51364.27,11881.22,86.52,5.32,-24.64,13.25,2116.78
5104807,Jaciara,resto_mt,FALSE,2000,87040,104098,72,90890,159000,1131,190,,88361,,98.5,1.28,0.22,0,0.9704,0.0395,Lavoura,1.1326,4374.6,3819.55,57.16,,,3.61,
5104807,Jaciara,resto_mt,FALSE,2001,109640,98460,72,84784,148988,1196,185,,111021,,98.76,1.08,0.17,0,0.9755,0.0327,Lavoura,1.2539,4032.11,3472.05,56.91,,,3.61,
5104807,Jaciara,resto_mt,FALSE,2002,139440,109678,72,91074,157312,1547,188,,141175,682717.82,98.77,1.1,0.13,0,0.9757,0.0324,Lavoura,1.0855,4413.78,3665.1,57.89,6.24,,3.61,
5104807,Jaciara,resto_mt,FALSE,2003,208620,115176,72,84537,147380,1438,257,,210315,891460.98,99.19,0.68,0.12,0,0.9839,0.0215,Lavoura,1.0113,4545.76,3336.5,57.36,7.74,30.58,3.61,
5104807,Jaciara,resto_mt,FALSE,2004,214408,115704,72,72944,127166,1640,288,,216336,851010.86,99.11,0.76,0.13,0,0.9823,0.0236,Lavoura,0.7154,4388.88,2766.91,57.36,7.36,-4.54,3.61,
5104807,Jaciara,resto_mt,FALSE,2005,241148,146644,72,73076,122438,1623,405,,243176,890422.69,99.17,0.67,0.17,0,0.9835,0.022,Lavoura,0.8994,5445.38,2713.55,59.68,6.08,4.63,3.61,
5104807,Jaciara,resto_mt,FALSE,2006,183256,133772,72,67834,130170,1438,424,,185118,634830.15,98.99,0.78,0.23,0,0.98,0.0267,Lavoura,1.1144,4865.5,2467.23,52.11,4.73,-28.7,3.61,1990.06
5104807,Jaciara,resto_mt,FALSE,2007,205622,117232,72,67701,122015,3128,435,,209185,673966.73,98.3,1.5,0.21,0,0.9665,0.0447,Lavoura,0.9198,4699.62,2714.01,55.49,5.75,6.16,3.61,1528.27
5104807,Jaciara,resto_mt,FALSE,2008,264214,128186,72,74735,121915,3053,402,,267669,792798.3,98.71,1.14,0.15,0,0.9745,0.034,Lavoura,0.7953,4979.06,2902.89,61.3,6.19,17.63,3.61,2069.97
5104807,Jaciara,resto_mt,FALSE,2009,296796,137414,72,73887,120969,2901,336,,300033,828093.56,98.92,0.97,0.11,0,0.9786,0.0285,Lavoura,0.8937,5301.06,2850.36,61.08,6.03,4.45,3.61,920.1
5104807,Jaciara,resto_mt,FALSE,2010,215252,130396,72,80582,129679,4744,286,,220282,560746.78,97.72,2.15,0.13,0,0.9554,0.0595,Lavoura,0.7657,5084.26,3141.97,62.14,4.3,-32.28,3.61,568.71
5104807,Jaciara,resto_mt,FALSE,2011,342466,139734,72,74293,122717,4945,277,,347688,817098.54,98.5,1.42,0.08,0,0.9704,0.0395,Lavoura,0.7803,5418.15,2880.69,60.54,5.85,45.72,3.61,1844.46
5104807,Jaciara,resto_mt,FALSE,2012,408600,155486,72,72969,120554,5234,284,,414118,901599.77,98.67,1.26,0.07,0,0.9737,0.0351,Lavoura,0.7717,5997.07,2814.4,60.53,5.8,10.34,3.61,2072.64
5104807,Jaciara,resto_mt,FALSE,2013,435830,159662,72,72969,121522,5262,329,250,441671,894461.7,98.68,1.19,0.07,0.06,0.9739,0.0348,Lavoura,0.7351,6103.99,2789.65,60.05,5.6,-0.79,3.61,2214.02
5104807,Jaciara,resto_mt,FALSE,2014,440306,150958,72,86902,140732,5728,358,433.99,446825.99,839062.51,98.54,1.28,0.08,0.1,0.9712,0.0384,Lavoura,0.634,5744,3306.65,61.75,5.55,-6.19,3.61,1969.62
5104807,Jaciara,resto_mt,FALSE,2015,510020,155948,72,92049,151668,7120,343,487,517970,904242.3,98.47,1.37,0.07,0.09,0.9698,0.0403,Lavoura,0.6768,5906.9,3486.57,60.69,5.8,7.77,3.61,2064.47
5104807,Jaciara,resto_mt,FALSE,2016,511806,154856,72,94810,156168,7488,592,484.01,520370.01,840334.77,98.35,1.44,0.11,0.09,0.9675,0.0433,Lavoura,0.5771,5839.44,3575.17,60.71,5.42,-7.07,3.61,1684.03
5104807,Jaciara,resto_mt,FALSE,2017,599438,170790,72,89474,150551,10159,575,460,610632,951175.82,98.17,1.66,0.09,0.08,0.964,0.048,Lavoura,0.6827,6412.72,3359.52,59.43,5.57,13.19,3.61,1539.11
5104807,Jaciara,resto_mt,FALSE,2018,702084,169410,72,95063,158041,11853,679,353.99,714969.99,1065809.34,98.2,1.66,0.09,0.05,0.9646,0.0472,Lavoura,0.6941,6131.82,3440.82,60.15,6.29,12.05,3.61,1812.61
5104807,Jaciara,resto_mt,FALSE,2019,642956,160790,72,89289,154385,11140,592,353,655041,936896.03,98.16,1.7,0.09,0.05,0.9638,0.0483,Lavoura,0.5481,5788.81,3214.61,57.84,5.83,-12.1,3.61,1525.9
5104807,Jaciara,resto_mt,FALSE,2020,870082,151754,72,94941,162173,12876,560,353,883871,1187337.88,98.44,1.46,0.06,0.04,0.9693,0.0409,Lavoura,0.5466,5457.4,3414.28,58.54,7.81,26.73,3.61,1881.67
5104807,Jaciara,resto_mt,FALSE,2021,1441410,147800,72,84607,110836,5887,671,1908.01,1449876.01,1722884.6,99.42,0.41,0.05,0.13,0.9885,0.0153,Lavoura,0.4715,5336.51,3054.85,76.34,11.66,45.1,3.61,2003.35
5104807,Jaciara,resto_mt,FALSE,2022,1884050,182920,72,96292,121578,6823,441,4348,1895662,2074795.88,99.39,0.36,0.02,0.23,0.9879,0.0161,Lavoura,0.5352,6402.74,3370.51,79.2,11.35,20.43,3.61,1930.04
5104807,Jaciara,resto_mt,FALSE,2023,1648916,218436,72,107153,119953,7670,59381,2836.98,1718803.98,1788925.68,95.93,0.45,3.45,0.17,0.9215,0.1047,Lavoura,0.5465,7645.91,3750.67,89.33,8.2,-13.78,3.61,1610.18
5104807,Jaciara,resto_mt,FALSE,2024,1457368,240192,72,108625,127090,7668,17115,7869,1490020,1490020,97.81,0.51,1.15,0.53,0.9569,0.0575,Lavoura,0.5975,8125.58,3674.73,85.47,6.21,-16.71,3.61,1310.49
5104906,Jangada,resto_mt,FALSE,2000,17516,7072,72,39950,57283,98,39,,17653,,99.22,0.56,0.22,0,0.9845,0.0207,Lavoura,0.2263,991.31,5599.94,69.74,,,0.17,
5104906,Jangada,resto_mt,FALSE,2001,14866,6944,72,36927,53995,192,53,,15111,,98.38,1.27,0.35,0,0.968,0.0427,Lavoura,0.1707,946.82,5035.04,68.39,,,0.17,
5104906,Jangada,resto_mt,FALSE,2002,16880,6446,72,51494,68195,147,78,,17105,82719.25,98.68,0.86,0.46,0,0.9739,0.0348,Lavoura,0.1315,855.47,6833.97,75.51,12.83,,0.17,
5104906,Jangada,resto_mt,FALSE,2003,18282,7876,72,59781,77153,229,98,,18609,78877.86,98.24,1.23,0.53,0,0.9653,0.0463,Lavoura,0.0895,1020.08,7742.65,77.48,10,-4.64,0.17,
5104906,Jangada,resto_mt,FALSE,2004,27004,9396,72,59945,79170,230,135,,27369,107662.68,98.67,0.84,0.49,0,0.9737,0.0351,Lavoura,0.0905,1158.28,7389.67,75.72,11.46,36.49,0.17,
5104906,Jangada,resto_mt,FALSE,2005,13362,7458,72,65132,82590,250,195,,13807,50556.25,96.78,1.81,1.41,0,0.9372,0.0837,Lavoura,0.0511,895.43,7819.91,78.86,6.77,-53.04,0.17,
5104906,Jangada,resto_mt,FALSE,2006,13620,5746,72,61325,77720,340,203,,14163,48569.55,96.17,2.4,1.43,0,0.9256,0.0992,Lavoura,0.0853,672.6,7178.39,78.91,8.45,-3.93,0.17,883.09
5104906,Jangada,resto_mt,FALSE,2007,8266,4236,72,49777,72537,765,258,,9289,29927.95,88.99,8.24,2.78,0,0.7995,0.2673,Lavoura,0.0408,525.69,6177.34,68.62,7.08,-38.38,0.17,475.06
5104906,Jangada,resto_mt,FALSE,2008,11066,4150,72,49184,72185,878,317,,12261,36315.38,90.25,7.16,2.59,0,0.8203,0.2396,Lavoura,0.0364,497.3,5893.83,68.14,8.76,21.34,0.17,567.44
5104906,Jangada,resto_mt,FALSE,2009,11468,3294,72,54448,76922,1222,323,,13013,35915.98,88.13,9.39,2.48,0,0.7861,0.2852,Lavoura,0.0388,389.27,6434.41,70.78,10.9,-1.1,0.17,570.08
5104906,Jangada,resto_mt,FALSE,2010,15342,8364,72,53081,75596,1279,228,,16849,42890.58,91.06,7.59,1.35,0,0.8351,0.2199,Lavoura,0.0586,1086.8,6897.22,70.22,5.12,19.42,0.17,579.6
5104906,Jangada,resto_mt,FALSE,2011,13236,3200,72,54939,86675,2127,251,,15614,36694.32,84.77,13.62,1.61,0,0.73740000000000006,0.3501,Lavoura,0.035,413.44,7098.06,63.39,11.46,-14.45,0.17,342.94
5104906,Jangada,resto_mt,FALSE,2012,10602,1864,72,55027,87077,2173,268,,13043,28396.65,81.28,16.66,2.05,0,0.6888,0.4149,Lavoura,0.0243,239.56,7071.97,63.19,15.22,-22.61,0.17,308.65
5104906,Jangada,resto_mt,FALSE,2013,6616,2560,72,45877,76812,2311,9955,58974,77856,157672.15,8.5,2.97,12.79,75.75,0.5983,0.5356,Pescado-extrativista,0.1296,326.07,5843.46,59.73,61.6,455.25,0.17,1324.98
5104906,Jangada,resto_mt,FALSE,2014,11538,2114,72,48432,76578,2125,154,3559,17376,32629.14,66.4,12.23,0.89,20.48,0.4979,0.6695,Pescado-extrativista,0.0247,267.97,6139.18,63.25,15.43,-79.31,0.17,205.23
5104906,Jangada,resto_mt,FALSE,2015,4660,1544,72,53320,80617,1618,141,3118,9537,16649.15,48.86,16.97,1.48,32.69,0.3746,0.8339,Pescado-extrativista,0.0125,194.83,6728.08,66.14,10.79,-48.97,0.17,102.15
5104906,Jangada,resto_mt,FALSE,2016,10248,2058,72,53038,80583,1607,120,1958,13933,22500.1,73.55,11.53,0.86,14.05,0.5741,0.5679,Lavoura,0.0155,258.51,6662.23,65.82,10.92,35.14,0.17,156.25
5104906,Jangada,resto_mt,FALSE,2017,10398,2056,72,56856,77747,1686,37088,2422,51594,80367.48,20.15,3.27,71.88,4.69,0.5605,0.586,Florestal,0.0577,257.13,7110.56,73.13,39.1,257.19,0.17,496.08
5104906,Jangada,resto_mt,FALSE,2018,12942,2706,72,53657,78291,1894,1558,2720,19114,28493.33,67.71,9.91,8.15,14.23,0.4952,0.6731,Lavoura,0.0186,323.45,6413.7,68.54,10.54,-64.55,0.17,163.76
5104906,Jangada,resto_mt,FALSE,2019,15398,3128,72,90823,104462,3168,1822,2954,23342,33385.74,65.97,13.57,7.81,12.66,0.4757,0.6991,Lavoura,0.0195,371.98,10800.69,86.94,10.67,17.17,0.17,183.43
5104906,Jangada,resto_mt,FALSE,2020,34390,7112,72,75623,89560,4046,133,9677,48246,64810.7,71.28,8.39,0.28,20.06,0.5554,0.5928,Pescado-extrativista,0.0298,841.56,8948.41,84.44,9.11,94.13,0.17,360.05
5104906,Jangada,resto_mt,FALSE,2021,50710,6810,72,50408,63740,4734,174,10094,65712,78085.44,77.17,7.2,0.26,15.36,0.6243,0.5009,Lavoura,0.0214,808.79,5986.7,79.08,11.46,20.48,0.17,436.24
5104906,Jangada,resto_mt,FALSE,2022,65356,7436,72,54613,67828,5169,176,8396,79097,86571.41,82.63,6.54,0.22,10.61,0.6983,0.4023,Lavoura,0.0223,1001.35,7354.3,80.52,11.63,10.87,0.17,441.68
5104906,Jangada,resto_mt,FALSE,2023,73066,10302,72,56571,68248,12818,198,10758,96840,100790.77,75.45,13.24,0.2,11.11,0.5991,0.5345,Lavoura,0.0308,1387.29,7617.96,82.89,9.78,16.43,0.17,516.88
5104906,Jangada,resto_mt,FALSE,2024,65834,11062,72,50265,59893,14182,115,5816,85947,85947,76.6,16.5,0.13,6.77,0.6186,0.5085,Lavoura,0.0345,1485.43,6749.7,83.92,7.76,-14.73,0.17,447.64
5105002,Jauru,resto_mt,FALSE,2000,1900,2560,72,140000,184566,2979,192,,5071,,37.47,58.75,3.79,0,0.487,0.684,Pecuário,0.065,200.56,10968.35,75.85,,,2.23,
5105002,Jauru,resto_mt,FALSE,2001,1410,1752,72,156000,201895,3109,224,,4743,,29.73,65.55,4.72,0,0.5203,0.6396,Pecuário,0.0536,137.75,12265.12,77.27,,,2.23,
5105002,Jauru,resto_mt,FALSE,2002,2712,3914,72,186520,234268,3611,249,,6572,31781.97,41.27,54.95,3.79,0,0.4737,0.7017,Pecuário,0.0505,309.11,14730.69,79.62,8.12,,2.23,
5105002,Jauru,resto_mt,FALSE,2003,2276,1156,72,205257,255221,4635,194,,7105,30115.91,32.03,65.24,2.73,0,0.529,0.628,Pecuário,0.0342,91.64,16270.87,80.42,26.04,-5.24,2.23,
5105002,Jauru,resto_mt,FALSE,2004,1860,1186,72,201039,253281,6815,253,,8928,35120.48,20.83,76.33,2.83,0,0.6268,0.4976,Pecuário,0.0295,92.35,15653.59,79.37,29.61,16.62,2.23,
5105002,Jauru,resto_mt,FALSE,2005,1616,1056,72,192782,245965,7138,445,,9199,33683.42,17.57,77.6,4.84,0,0.6354,0.4861,Pecuário,0.034,82.54,15068.16,78.38,31.9,-4.09,2.23,
5105002,Jauru,resto_mt,FALSE,2006,1432,820,72,174394,224117,7251,436,,9119,31272.04,15.7,79.52,4.78,0,0.6593,0.4543,Pecuário,0.0549,64.33,13681.18,77.81,38.13,-7.16,2.23,217.16
5105002,Jauru,resto_mt,FALSE,2007,1480,800,72,178414,202775,7801,352,,9633,31036.27,15.36,80.98,3.65,0,0.6807,0.4257,Pecuário,0.0424,74.25,16559.68,87.99,38.79,-0.75,2.23,212.58
5105002,Jauru,resto_mt,FALSE,2008,1928,920,72,178008,202593,8868,617,,11413,33803.73,16.89,77.7,5.41,0,0.6352,0.4864,Pecuário,0.0339,83.85,16223.84,87.86,36.73,8.92,2.23,167.35
5105002,Jauru,resto_mt,FALSE,2009,2088,1200,72,179161,204069,10662,648,,13398,36978.58,15.58,79.58,4.84,0,0.6599,0.4535,Pecuário,0.0399,111.65,16669.24,87.79,30.83,9.39,2.23,176.94
5105002,Jauru,resto_mt,FALSE,2010,1948,520,72,194166,220310,10952,508,,13408,34131.22,14.53,81.68,3.79,0,0.6897,0.4137,Pecuário,0.0466,49.74,18571.59,88.13,65.63,-7.7,2.23,205.61
5105002,Jauru,resto_mt,FALSE,2011,1990,660,72,198698,219709,11990,576,,14556,34207.94,13.67,82.37,3.96,0,0.6987,0.4017,Pecuário,0.0327,64.36,19375.72,90.44,51.83,0.22,2.23,181.96
5105002,Jauru,resto_mt,FALSE,2012,3428,1148,72,201480,223059,5982,549,,9959,21682.31,34.42,60.07,5.51,0,0.4824,0.6901,Pecuário,0.0186,114.09,20023.85,90.33,18.89,-36.62,2.23,99.46
5105002,Jauru,resto_mt,FALSE,2013,2270,540,72,197960,217887,6796,284,0,9350,18935.39,24.28,72.68,3.04,0,0.5881,0.5492,Pecuário,0.0156,55.51,20349.51,90.85,35.08,-12.67,2.23,92.81
5105002,Jauru,resto_mt,FALSE,2014,1240,196,72,202202,220097,19751,486,0,21477,40330.13,5.77,91.96,2.26,0,0.8495,0.2007,Pecuário,0.0305,20.67,21324.83,91.87,205.76,112.99,2.23,199.65
5105002,Jauru,resto_mt,FALSE,2015,902,225,72,203804,222160,18716,606,0,20224,35305.9,4.46,92.54,3,0,0.8593,0.1876,Pecuário,0.0264,24.35,22054.32,91.74,156.91,-12.46,2.23,180.13
5105002,Jauru,resto_mt,FALSE,2016,1956,192,72,199897,218007,19690,586,0,22232,35902,8.8,88.57,2.64,0,0.7929,0.2761,Pecuário,0.0247,21.33,22203.38,91.69,187,1.69,2.23,175.14
5105002,Jauru,resto_mt,FALSE,2017,1642,258,72,191271,199928,19155,576,927.01,22300.01,34736.51,7.36,85.9,2.58,4.16,0.7457,0.3391,Pecuário,0.0249,29.4,21794.78,95.67,134.64,-3.25,2.23,163.86
5105002,Jauru,resto_mt,FALSE,2018,2584,602,72,191914,206054,19483,591,833.99,23491.99,35019.63,11,82.93,2.52,3.55,0.7017,0.3977,Pecuário,0.0228,66.84,21309.57,93.14,58.17,0.82,2.23,170.83
5105002,Jauru,resto_mt,FALSE,2019,2784,388,72,195396,211982,20015,531,454,23784,34017.91,11.71,84.15,2.23,1.91,0.7227,0.3697,Pecuário,0.0199,44.13,22221.77,92.18,87.67,-2.86,2.23,170.94
5105002,Jauru,resto_mt,FALSE,2020,2771,392,72,199593,219506,22322,511,454,26058,35004.71,10.63,85.66,1.96,1.74,0.7458,0.3389,Pecuário,0.0161,45.68,23257.17,90.93,89.3,2.9,2.23,175.9
5105002,Jauru,resto_mt,FALSE,2021,4367,455,72,223346,243032,26895,960,523.99,32745.99,38911.98,13.34,82.13,2.93,1.6,0.6934,0.4088,Pecuário,0.0106,54.32,26661.81,91.9,85.53,11.16,2.23,188.88
5105002,Jauru,resto_mt,FALSE,2022,4117,499,72,246799,272024,23753,736,432.01,29038.01,31782,14.18,81.8,2.53,1.49,0.6901,0.4132,Pecuário,0.0082,59.64,29496.71,90.73,63.69,-18.32,2.23,131.89
5105002,Jauru,resto_mt,FALSE,2023,5330,573,72,252914,280805,51412,754,412,57908,60270.47,9.2,88.78,1.3,0.71,0.7969,0.2708,Pecuário,0.0184,68.48,30227.56,90.07,105.18,89.64,2.23,254.3
5105002,Jauru,resto_mt,FALSE,2024,4805,513,72,251622,280337,45576,717,584,51682,51681.99,9.3,88.19,1.39,1.13,0.7867,0.2844,Pecuário,0.0207,63.52,31156.76,89.76,100.75,-14.25,2.23,239.26
5105101,Juara,resto_mt,FALSE,2000,9064,12368,72,720717,779855,1669,3145,,13878,,65.31,12.03,22.66,0,0.4924,0.6768,Lavoura,0.1779,402.24,23439.48,92.42,,,16.83,
5105101,Juara,resto_mt,FALSE,2001,8028,13330,72,740776,802807,2114,2901,,13043,,61.55,16.21,22.24,0,0.4546,0.7272,Lavoura,0.1473,421.26,23410.42,92.27,,,16.83,
5105101,Juara,resto_mt,FALSE,2002,9074,11398,72,789300,853122,2240,2028,,13342,64521.49,68.01,16.79,15.2,0,0.5138,0.6483,Lavoura,0.1026,352.98,24443.34,92.52,5.65,,16.83,
5105101,Juara,resto_mt,FALSE,2003,12178,8404,72,874413,939123,2549,4777,,19504,82671.49,62.44,13.07,24.49,0,0.4669,0.7108,Lavoura,0.0938,254.61,26491.74,93.11,9.83,28.13,16.83,
5105101,Juara,resto_mt,FALSE,2004,10884,12018,72,919964,985678,3104,4477,,18465,72636.62,58.94,16.81,24.25,0,0.4345,0.754,Lavoura,0.0611,348.25,26657.9,93.33,6.03,-12.14,16.83,
5105101,Juara,resto_mt,FALSE,2005,5958,7268,72,915161,981624,2891,3900,,12749,46682.23,46.73,22.68,30.59,0,0.3634,0.8488,Florestal,0.0472,205.65,25894.43,93.23,6.41,-35.73,16.83,
5105101,Juara,resto_mt,FALSE,2006,5026,6060,72,894127,962203,2813,3194,,11033,37835.76,45.55,25.5,28.95,0,0.3563,0.8583,Diversificado,0.0664,167.55,24721.49,92.92,6.24,-18.95,16.83,61.53
5105101,Juara,resto_mt,FALSE,2007,6542,5672,72,813217,874988,4604,3406,,14552,46884.65,44.96,31.64,23.41,0,0.3571,0.8572,Diversificado,0.064,177.12,25394.78,92.94,8.27,23.92,16.83,69.88
5105101,Juara,resto_mt,FALSE,2008,7866,6590,72,905470,956595,4194,4033,,16093,47665.23,48.88,26.06,25.06,0,0.3696,0.8405,Diversificado,0.0478,199.46,27405.27,94.66,7.23,1.66,16.83,61.65
5105101,Juara,resto_mt,FALSE,2009,6698,4728,72,907403,959962,4241,152035,,162974,449809.58,4.11,2.6,93.29,0,0.8727,0.1697,Florestal,0.4855,142.21,27293.6,94.52,95.13,843.68,16.83,506.55
5105101,Juara,resto_mt,FALSE,2010,9610,7478,72,945249,1003563,4979,104542,,119131,303258.21,8.07,4.18,87.75,0,0.7783,0.2956,Florestal,0.4141,228.05,28826.48,94.19,40.55,-32.58,16.83,301.14
5105101,Juara,resto_mt,FALSE,2011,15388,8482,72,927838,987215,5506,172957,,193851,455567.54,7.94,2.84,89.22,0,0.8031,0.2625,Florestal,0.435,257.44,28160.68,93.99,53.71,50.22,16.83,418.34
5105101,Juara,resto_mt,FALSE,2012,12466,5102,72,964213,1020751,4809,68948,,86223,187720.98,14.46,5.58,79.96,0,0.6634,0.4488,Florestal,0.1607,154.14,29130.3,94.46,36.78,-58.79,16.83,157.5
5105101,Juara,resto_mt,FALSE,2013,39744,21042,72,952022,1001877,5282,13164,253,58443,118357.38,68,9.04,22.52,0.43,0.5213,0.6383,Lavoura,0.0973,630.89,28543.82,95.02,5.63,-36.95,16.83,95.99
5105101,Juara,resto_mt,FALSE,2014,79944,34042,72,926563,975943,4580,5185,273.01,89982.01,168970.78,88.84,5.09,5.76,0.3,0.7952,0.2731,Lavoura,0.1277,1016.7,27672.64,94.94,4.96,42.76,16.83,134.2
5105101,Juara,resto_mt,FALSE,2015,185052,86632,72,945566,996100,5705,49962,278,240997,420718.72,76.79,2.37,20.73,0.12,0.6332,0.4891,Lavoura,0.3149,2577.57,28133.47,94.93,4.86,148.99,16.83,317.99
5105101,Juara,resto_mt,FALSE,2016,259334,102442,72,976404,1033246,9081,42209,2339.99,312963.99,505399.09,82.86,2.9,13.49,0.75,0.7057,0.3924,Lavoura,0.3471,3037.03,28946.78,94.5,4.94,20.13,16.83,368.63
5105101,Juara,resto_mt,FALSE,2017,334372,135442,72,952395,1013004,13400,34191,1804.01,383767.01,597790.32,87.13,3.49,8.91,0.47,0.7683,0.3089,Lavoura,0.429,4001.12,28134.91,94.02,4.4,18.28,16.83,419.51
5105101,Juara,resto_mt,FALSE,2018,335716,137442,72,998844,1051760,15244,41229,1796,393985,587315.41,85.21,3.87,10.46,0.46,0.7385,0.3487,Lavoura,0.3825,3947.78,28690.05,94.97,4.28,-1.75,16.83,400.9
5105101,Juara,resto_mt,FALSE,2019,385520,137860,72,992012,1049284,13732,26999,2032,428283,612567.22,90.02,3.21,6.3,0.47,0.8154,0.2461,Lavoura,0.3584,3941.79,28364.27,94.54,4.45,4.3,16.83,394.95
5105101,Juara,resto_mt,FALSE,2020,614946,148760,72,968950,1035387,16133,30291,1802,663172,890864.43,92.73,2.43,4.57,0.27,0.8626,0.1832,Lavoura,0.4101,4235.64,27588.91,93.58,5.98,45.43,16.83,547.89
5105101,Juara,resto_mt,FALSE,2021,1143328,166942,72,954545,1016105,15315,38022,1811,1198476,1424146.49,95.4,1.28,3.17,0.15,0.9113,0.1183,Lavoura,0.3898,4732.59,27060.1,93.94,8.53,59.86,16.83,779.92
5105101,Juara,resto_mt,FALSE,2022,1847032,217122,72,1002350,1061047,11294,38523,1897,1898746,2078171.3,97.28,0.59,2.03,0.1,0.9468,0.0709,Lavoura,0.536,6220.19,28715.69,94.47,9.57,45.92,16.83,1015.71
5105101,Juara,resto_mt,FALSE,2023,2242588,338962,72,963851,1013975,31830,20944,1991,2297353,2391077.64,97.62,1.39,0.91,0.09,0.9532,0.0624,Lavoura,0.7304,9710.71,27612.76,95.06,7.05,15.06,16.83,1138.06
5105101,Juara,resto_mt,FALSE,2024,1919391,370906,72,926926,977327,30586,24765,1816,1976558,1976558,97.11,1.55,1.25,0.09,0.9434,0.0755,Lavoura,0.7926,10331.93,25820.38,94.84,5.32,-17.34,16.83,905.44
5105176,Juruena,resto_mt,FALSE,2000,4484,5612,72,91124,104071,455,3295,,8234,,54.46,5.53,40.02,0,0.4598,0.7203,Lavoura,0.1055,1030.1,16726.14,87.56,,,7.21,
5105176,Juruena,resto_mt,FALSE,2001,5660,6004,72,91758,105099,479,2806,,8945,,63.28,5.35,31.37,0,0.5017,0.6644,Lavoura,0.101,1052.59,16086.61,87.31,,,7.21,
5105176,Juruena,resto_mt,FALSE,2002,3054,2126,72,106560,126433,591,993,,4638,22429.21,65.85,12.74,21.41,0,0.4957,0.6724,Lavoura,0.0357,363.05,18196.72,84.28,10.54,,7.21,
5105176,Juruena,resto_mt,FALSE,2003,4648,2660,72,96083,116456,599,831,,6078,25762.78,76.47,9.86,13.67,0,0.6132,0.5157,Lavoura,0.0292,440.03,15894.62,82.51,9.67,14.86,7.21,
5105176,Juruena,resto_mt,FALSE,2004,8634,4960,72,108428,130251,548,1451,,10633,41827.52,81.2,5.15,13.65,0,0.6806,0.4259,Lavoura,0.0352,825.02,18035.26,83.25,8.43,62.36,7.21,
5105176,Juruena,resto_mt,FALSE,2005,5638,3002,72,129756,152202,575,1729,,7942,29080.72,70.99,7.24,21.77,0,0.5566,0.5912,Lavoura,0.0294,482.87,20871.16,85.25,9.7,-30.47,7.21,
5105176,Juruena,resto_mt,FALSE,2006,8852,8498,72,153971,176941,607,3434,,12893,44214.31,68.66,4.71,26.63,0,0.5446,0.6072,Lavoura,0.0776,1323.68,23983.02,87.02,5.19,52.04,7.21,405.64
5105176,Juruena,resto_mt,FALSE,2007,7898,7248,72,162012,196326,1807,4351,,14056,45286.59,56.19,12.86,30.95,0,0.4281,0.7625,Lavoura,0.0618,830.15,18555.95,82.52,6.24,2.43,7.21,323.47
5105176,Juruena,resto_mt,FALSE,2008,5852,3878,72,167042,202344,2791,5258,,13901,41172.82,42.1,20.08,37.82,0,0.3606,0.8525,Florestal,0.0413,422.35,18192.33,82.55,10.62,-9.08,7.21,258.94
5105176,Juruena,resto_mt,FALSE,2009,5400,2952,72,174021,209982,5425,5959,,16784,46323.99,32.17,32.32,35.5,0,0.334,0.888,Florestal,0.05,307.66,18136.63,82.87,15.68,12.51,7.21,315.12
5105176,Juruena,resto_mt,FALSE,2010,5240,1608,72,191070,228277,4964,1249,,11453,29154.6,45.75,43.34,10.91,0,0.409,0.788,Pecuário,0.0398,143.56,17058.3,83.7,18.12,-37.06,7.21,117.1
5105176,Juruena,resto_mt,FALSE,2011,3436,856,72,197626,235001,4991,1193,,9620,22607.88,35.72,51.88,12.4,0,0.4121,0.7839,Pecuário,0.0216,73.34,16933.08,84.1,26.42,-22.46,7.21,118.98
5105176,Juruena,resto_mt,FALSE,2012,4783,1500,72,201559,239317,3725,4335,,12843,27961.23,37.24,29,33.75,0,0.3367,0.8844,Florestal,0.0239,123.71,16623.42,84.22,18.63,23.68,7.21,151.97
5105176,Juruena,resto_mt,FALSE,2013,7364,1096,72,193428,233991,8560,3008,1116,20048,40600.75,36.73,42.7,15,5.57,0.3428,0.8763,Pecuário,0.0334,84.96,14994.42,82.66,37.04,45.2,7.21,212.58
5105176,Juruena,resto_mt,FALSE,2014,8271,1438,72,184878,225896,10819,6482,1375.99,26947.99,50603.7,30.69,40.15,24.05,5.11,0.3158,0.9123,Pecuário,0.0382,107.12,13772.2,81.84,35.18,24.64,7.21,250.51
5105176,Juruena,resto_mt,FALSE,2015,9958,1262,72,192033,234447,10390,4487,435.01,25270.01,44114.93,39.41,41.12,17.76,1.72,0.3562,0.8584,Pecuário,0.033,90.58,13782.6,81.91,34.95,-12.82,7.21,222.82
5105176,Juruena,resto_mt,FALSE,2016,13114,968,72,212110,252282,8902,5489,336,27841,44959.86,47.1,31.97,19.72,1.21,0.3631,0.8492,Diversificado,0.0309,67.08,14699.24,84.08,46.46,1.92,7.21,240.43
5105176,Juruena,resto_mt,FALSE,2017,13671,2866,72,208725,249593,9812,2523,962,26968,42007.79,50.69,36.38,9.36,3.57,0.3993,0.8009,Lavoura,0.0301,192.18,13996.18,83.63,14.66,-6.57,7.21,195.37
5105176,Juruena,resto_mt,FALSE,2018,21284,5168,72,221777,265427,9569,4209,890.02,35952.02,53593.85,59.2,26.62,11.71,2.48,0.4357,0.7524,Lavoura,0.0349,336.24,14429.21,83.55,10.36,27.58,7.21,258.91
5105176,Juruena,resto_mt,FALSE,2019,22781,5186,72,221099,266608,10070,8429,932,42212,60375.24,53.97,23.86,19.97,2.21,0.3886,0.8152,Lavoura,0.0353,326.88,13936.27,82.93,11.63,12.65,7.21,301.88
5105176,Juruena,resto_mt,FALSE,2020,25410,4812,72,211771,258159,11010,5216,964,42600,57226.22,59.65,25.85,12.24,2.26,0.4381,0.7492,Lavoura,0.0263,294.58,12964.25,82.03,11.89,-5.22,7.21,304.4
5105176,Juruena,resto_mt,FALSE,2021,52154,5924,72,229537,274738,14293,7484,1084,75015,89140.16,69.52,19.05,9.98,1.45,0.5298,0.6269,Lavoura,0.0244,352.39,13653.98,83.55,15.04,55.77,7.21,503.62
5105176,Juruena,resto_mt,FALSE,2022,90206,8684,72,241997,288277,17591,5759,2278,115834,126779.93,77.88,15.19,4.97,1.97,0.6325,0.49,Lavoura,0.0327,850.29,23695,83.95,14.61,42.23,7.21,663.76
5105176,Juruena,resto_mt,FALSE,2023,95388,11140,72,226687,248183,24528,4445,7326,131687,137059.42,72.44,18.63,3.38,5.56,0.5637,0.5817,Lavoura,0.0419,1090.77,22195.93,91.34,12.3,8.11,7.21,649.58
5105176,Juruena,resto_mt,FALSE,2024,72633,10780,72,223132,255455,19608,7137,4317.02,103695.02,103695.03,70.04,18.91,6.88,4.16,0.5328,0.6229,Lavoura,0.0416,1062.17,21985.61,87.35,9.62,-24.34,7.21,500.95
5105150,Juína,resto_mt,FALSE,2000,20022,25988,72,410863,509770,2674,3875,,26571,,75.35,10.06,14.58,0,0.5991,0.5345,Lavoura,0.3406,683.59,10807.35,80.6,,,9.24,
5105150,Juína,resto_mt,FALSE,2001,32538,27268,72,428941,530929,2743,4668,,39949,,81.45,6.87,11.68,0,0.6818,0.4243,Lavoura,0.4512,712.37,11205.94,80.79,,,9.24,
5105150,Juína,resto_mt,FALSE,2002,24616,26760,72,472639,577895,3744,1759,,30119,145654.54,81.73,12.43,5.84,0,0.6868,0.4176,Lavoura,0.2316,696.04,12293.58,81.79,5.45,,9.24,
5105150,Juína,resto_mt,FALSE,2003,24868,30138,72,509494,617433,3103,9873,,37844,160409.13,65.71,8.2,26.09,0,0.5066,0.6579,Lavoura,0.182,779.85,13183.62,82.52,5.32,10.13,9.24,
5105150,Juína,resto_mt,FALSE,2004,21694,19912,72,533199,644732,3573,7173,,32440,127610.71,66.87,11.01,22.11,0,0.5082,0.6557,Lavoura,0.1073,509.73,13649.37,82.7,6.41,-20.45,9.24,
5105150,Juína,resto_mt,FALSE,2005,24036,21940,72,564408,680734,3578,8668,,36282,132851.59,66.25,9.86,23.89,0,0.5057,0.6591,Lavoura,0.1342,558.33,14362.99,82.91,6.06,4.11,9.24,
5105150,Juína,resto_mt,FALSE,2006,21374,17678,72,533595,651963,3812,14569,,39755,136332.91,53.76,9.59,36.65,0,0.4325,0.7567,Lavoura,0.2393,447.25,13499.85,81.84,7.71,2.62,9.24,423.38
5105150,Juína,resto_mt,FALSE,2007,53816,17790,72,532901,600101,6496,15398,,75710,243927.72,71.08,8.58,20.34,0,0.554,0.5947,Lavoura,0.3329,463.02,13869.68,88.8,13.72,78.92,9.24,600.81
5105150,Juína,resto_mt,FALSE,2008,51512,16526,72,543334,611462,7883,17667,,77062,228246.91,66.84,10.23,22.93,0,0.5098,0.6536,Lavoura,0.229,417.51,13726.8,88.86,13.82,-6.43,9.24,480.53
5105150,Juína,resto_mt,FALSE,2009,33562,15520,72,574954,644786,7066,22154,,62782,173278.83,53.46,11.25,35.29,0,0.423,0.7693,Lavoura,0.187,390.85,14479.55,89.17,11.18,-24.08,9.24,352.92
5105150,Juína,resto_mt,FALSE,2010,32108,15544,72,605179,676660,5692,11099,,48899,124476.61,65.66,11.64,22.7,0,0.4962,0.6717,Lavoura,0.17,395.98,15416.61,89.44,8.02,-28.16,9.24,244.55
5105150,Juína,resto_mt,FALSE,2011,20436,8680,72,603775,676837,6214,11637,,38287,89977.94,53.38,16.23,30.39,0,0.4036,0.7952,Lavoura,0.0859,220.58,15343.32,89.21,10.36,-27.71,9.24,163.3
5105150,Juína,resto_mt,FALSE,2012,22626,10686,72,621182,693518,9103,30471,,62200,135419.14,36.38,14.64,48.99,0,0.3938,0.8083,Florestal,0.1159,270.93,15749.25,89.57,12.68,50.5,9.24,236.33
5105150,Juína,resto_mt,FALSE,2013,30845,12986,72,624540,700293,8508,10735,4949,55037,111459.63,56.04,15.46,19.51,8.99,0.3841,0.8212,Lavoura,0.0916,328,15774.4,89.18,8.58,-17.69,9.24,185.14
5105150,Juína,resto_mt,FALSE,2014,55781,19936,72,633492,710713,10371,6970,4851.99,77973.99,146421.78,71.54,13.3,8.94,6.22,0.5413,0.6116,Lavoura,0.1106,502.93,15981.13,89.13,7.36,31.37,9.24,217.57
5105150,Juína,resto_mt,FALSE,2015,107649,40498,72,665741,748028,9082,29606,4527,150864,263369.71,71.35,6.02,19.62,3,0.5521,0.5972,Lavoura,0.1971,1020.41,16774.37,89,6.49,79.87,9.24,406.43
5105150,Juína,resto_mt,FALSE,2016,113123,29750,72,712747,794048,9542,30821,4533,158019,255181.63,71.59,6.04,19.5,2.87,0.555,0.5933,Lavoura,0.1753,748.73,17937.96,89.76,8.58,-3.11,9.24,352.95
5105150,Juína,resto_mt,FALSE,2017,99003,27680,72,751263,834041,10167,31523,5147.01,145840.01,227173.64,67.88,6.97,21.61,3.53,0.5136,0.6485,Lavoura,0.163,695.84,18885.92,90.08,8.2,-10.98,9.24,364.07
5105150,Juína,resto_mt,FALSE,2018,122941,33564,72,762504,848157,14679,43933,5131.99,186684.99,278292.24,65.85,7.86,23.53,2.75,0.4959,0.6721,Lavoura,0.1812,820.54,18640.85,89.9,8.3,22.5,9.24,445.99
5105150,Juína,resto_mt,FALSE,2019,133236,32650,72,807015,844615,13696,47966,5511,200409,286642.2,66.48,6.83,23.93,2.75,0.5046,0.6605,Lavoura,0.1677,796.4,19684.73,95.55,8.78,3,9.24,397.57
5105150,Juína,resto_mt,FALSE,2020,188211,38542,72,829061,890084,16577,58683,5520.01,268991.01,361345.96,69.97,6.16,21.82,2.05,0.5414,0.6115,Lavoura,0.1663,937.74,20171.31,93.14,9.37,26.06,9.24,536.13
5105150,Juína,resto_mt,FALSE,2021,416013,49098,72,832043,892032,20147,83822,6098.99,526080.99,625140.94,79.08,3.83,15.93,1.16,0.6523,0.4636,Lavoura,0.1711,1191.99,20200.12,93.28,12.73,73,9.24,898.18
5105150,Juína,resto_mt,FALSE,2022,605333,63498,72,902560,962987,24972,74254,9291.99,713850.99,781307.57,84.8,3.5,10.4,1.3,0.7313,0.3583,Lavoura,0.2015,1384.33,19676.91,93.73,12.3,24.98,9.24,858.58
5105150,Juína,resto_mt,FALSE,2023,758472,90891,72,827774,856930,44182,45823,50277.98,898754.98,935421.29,84.39,4.92,5.1,5.59,0.7203,0.3729,Lavoura,0.2857,1981.53,18046.48,96.6,10.28,19.73,9.24,956.45
5105150,Juína,resto_mt,FALSE,2024,860877,141586,72,802085,885035,52248,49754,54293.98,1017172.98,1017172.99,84.63,5.14,4.89,5.34,0.7241,0.3679,Lavoura,0.4079,2962.05,16780.02,90.63,7.18,8.74,9.24,1010.11
5105259,Lucas do Rio Verde,resto_mt,FALSE,2000,409056,517106,72,27537,111611,1271,121,,410448,,99.66,0.31,0.03,0,0.9932,0.0091,Lavoura,5.261,26770.86,1425.61,24.67,,,4.1,
5105259,Lucas do Rio Verde,resto_mt,FALSE,2001,338758,547450,72,25044,111858,1444,137,,340339,,99.54,0.42,0.04,0,0.9908,0.0123,Lavoura,3.844,26227.66,1199.83,22.39,,,4.1,
5105259,Lucas do Rio Verde,resto_mt,FALSE,2002,517576,628606,72,24762,135802,2147,137,,519860,2514026.46,99.56,0.41,0.03,0,0.9912,0.0117,Lavoura,3.9971,28609.41,1126.98,18.23,4,,4.1,
5105259,Lucas do Rio Verde,resto_mt,FALSE,2003,975162,715348,72,20501,109930,2437,225,,977824,4144697.01,99.73,0.25,0.02,0,0.9946,0.0072,Lavoura,4.7018,30827.32,883.47,18.65,5.8,64.86,4.1,
5105259,Lucas do Rio Verde,resto_mt,FALSE,2004,962402,665950,72,17044,155540,2868,190,,965460,3797874.36,99.68,0.3,0.02,0,0.9936,0.0085,Lavoura,3.1928,25820.02,660.83,10.96,5.7,-8.37,4.1,
5105259,Lucas do Rio Verde,resto_mt,FALSE,2005,944470,766398,72,15456,161027,2158,232,,946860,3467059.39,99.75,0.23,0.02,0,0.995,0.0067,Lavoura,3.5021,28151.56,567.73,9.6,4.53,-8.71,4.1,
5105259,Lucas do Rio Verde,resto_mt,FALSE,2006,629684,769852,72,15543,175698,2511,315,,632510,2169083.62,99.55,0.4,0.05,0,0.991,0.012,Lavoura,3.8077,26874.68,542.59,8.85,2.83,-37.44,4.1,1936.68
5105259,Lucas do Rio Verde,resto_mt,FALSE,2007,989098,824812,72,27789,159025,1861,2012,,992971,3199222.71,99.61,0.19,0.2,0,0.9922,0.0104,Lavoura,4.3659,26831.01,903.97,17.47,3.87,47.49,4.1,2321.65
5105259,Lucas do Rio Verde,resto_mt,FALSE,2008,1421798,818620,72,16452,224030,1147,,,1422945,4214564.89,99.92,0.08,0,0,0.9984,0.0021,Lavoura,4.228,25379.63,510.06,7.34,5.14,31.74,4.1,2936.97
5105259,Lucas do Rio Verde,resto_mt,FALSE,2009,1261388,757920,72,17186,579200,14223,136,,1275747,3521072.3,98.87,1.11,0.01,0,0.9777,0.0297,Lavoura,3.8001,22586.72,512.16,2.97,4.66,-16.45,4.1,2265.8
5105259,Lucas do Rio Verde,resto_mt,FALSE,2010,977048,842600,72,23601,772173,16541,183,,993772,2529732.09,98.32,1.66,0.02,0,0.967,0.044,Lavoura,3.4545,18495.92,518.07,3.06,3,-28.15,4.1,1686.48
5105259,Lucas do Rio Verde,resto_mt,FALSE,2011,1689048,791194,72,23849,570658,19097,205,,1708350,4014778.47,98.87,1.12,0.01,0,0.9777,0.0297,Lavoura,3.8339,16631.86,501.33,4.18,5.07,58.7,4.1,2292.86
5105259,Lucas do Rio Verde,resto_mt,FALSE,2012,1773388,841604,72,23805,519248,14367,94,,1787849,3892427.37,99.19,0.8,0.01,0,0.9839,0.0215,Lavoura,3.3316,16995.58,480.72,4.58,4.63,-3.05,4.1,2038.99
5105259,Lucas do Rio Verde,resto_mt,FALSE,2013,1839718,887022,72,23226,557604,14594,12369,29394.99,1896075.99,3839888.39,97.03,0.77,0.65,1.55,0.9418,0.0776,Lavoura,3.1557,16785.99,439.53,4.17,4.33,-1.35,4.1,2014.63
5105259,Lucas do Rio Verde,resto_mt,FALSE,2014,1906046,873904,72,17583,549735,19690,18917,26410,1971063,3701317.99,96.7,1,0.96,1.34,0.9355,0.086,Lavoura,2.7969,15862.05,319.15,3.2,4.23,-3.61,4.1,2005.06
5105259,Lucas do Rio Verde,resto_mt,FALSE,2015,2027542,875172,72,20088,711678,24187,5379,19800.99,2076908.99,3625748.5,97.62,1.16,0.26,0.95,0.9532,0.0624,Lavoura,2.7138,15277.51,350.67,2.82,4.15,-2.04,4.1,1920.42
5105259,Lucas do Rio Verde,resto_mt,FALSE,2016,2745350,900002,72,16824,533248,18632,3502,23956,2791440,4507838.83,98.35,0.67,0.13,0.86,0.9674,0.0435,Lavoura,3.0958,15142.37,283.06,3.16,5.01,24.33,4.1,2342.96
5105259,Lucas do Rio Verde,resto_mt,FALSE,2017,2301592,879404,72,24175,500900,26503,2849,18602,2349546,3659866.05,97.96,1.13,0.12,0.79,0.9598,0.0536,Lavoura,2.6267,14295.77,392.99,4.83,4.15,-18.81,4.1,1861.59
5105259,Lucas do Rio Verde,resto_mt,FALSE,2018,2849116,885276,72,32724,553248,20883,2952,13870.01,2886821.01,4303398.51,98.69,0.72,0.1,0.48,0.974,0.0347,Lavoura,2.8024,13960.92,516.06,5.91,4.86,17.58,4.1,1944.6
5105259,Lucas do Rio Verde,resto_mt,FALSE,2019,3220276,901768,72,37298,542328,16552,1331,10966,3249125,4647178.3,99.11,0.51,0.04,0.34,0.9823,0.0236,Lavoura,2.7188,13760.31,569.14,6.88,5.14,7.99,4.1,1962.49
5105259,Lucas do Rio Verde,resto_mt,FALSE,2020,4713860,895176,72,44789,580544,23277,1061,8998,4747196,6377090.75,99.3,0.49,0.02,0.19,0.9861,0.0185,Lavoura,2.9358,13238.33,662.36,7.72,7.13,37.23,4.1,2624.32
5105259,Lucas do Rio Verde,resto_mt,FALSE,2021,7612132,920666,72,52607,574953,29645,5444,10866,7658087,9100088.62,99.4,0.39,0.07,0.14,0.9881,0.0159,Lavoura,2.4906,13214.48,755.08,9.15,9.88,42.7,4.1,3684.25
5105259,Lucas do Rio Verde,resto_mt,FALSE,2022,8685278,910526,72,39647,631859,29963,6133,14996.01,8736370.01,9561928.54,99.42,0.34,0.07,0.17,0.9884,0.0155,Lavoura,2.4663,10865.72,473.13,6.27,10.51,5.08,4.1,2940.33
5105259,Lucas do Rio Verde,resto_mt,FALSE,2023,7231208,918174,72,53127,500941,64440,11946,14330,7321924,7620635.02,98.76,0.88,0.16,0.2,0.9754,0.0328,Lavoura,2.3278,10956.99,633.99,10.61,8.3,-20.3,4.1,2307.88
5105259,Lucas do Rio Verde,resto_mt,FALSE,2024,5992642,922582,72,50315,586724,71798,4587,9902,6078929,6078928.99,98.58,1.18,0.08,0.16,0.9719,0.0375,Lavoura,2.4375,10000.24,545.38,8.58,6.59,-20.23,4.1,1739.32
5105309,Luciara,resto_mt,FALSE,2000,1512,1520,72,26862,35637,286,124,,1922,,78.67,14.88,6.45,0,0.6452,0.4731,Lavoura,0.0246,609.46,10770.65,75.38,,,11.06,
5105309,Luciara,resto_mt,FALSE,2001,2054,4360,72,28000,36819,312,32,,2398,,85.65,13.01,1.33,0,0.7507,0.3324,Lavoura,0.0271,1801.65,11570.25,76.05,,,11.06,
5105309,Luciara,resto_mt,FALSE,2002,1592,1730,72,31007,39857,320,108,,2020,9768.66,78.81,15.84,5.35,0,0.6491,0.4679,Lavoura,0.0155,730.57,13094.17,77.8,5.65,,11.06,
5105309,Luciara,resto_mt,FALSE,2003,1804,1730,72,44446,53820,451,84,,2339,9914.29,77.13,19.28,3.59,0,0.6334,0.4888,Lavoura,0.0112,748.92,19240.69,82.58,5.73,1.49,11.06,
5105309,Luciara,resto_mt,FALSE,2004,3952,3270,72,39086,48276,587,66,,4605,18114.9,85.82,12.75,1.43,0,0.753,0.3293,Lavoura,0.0152,1494.52,17863.8,80.96,5.55,82.71,11.06,
5105309,Luciara,resto_mt,FALSE,2005,2768,2680,72,41963,51613,680,63,,3511,12856.02,78.84,19.37,1.79,0,0.6594,0.4541,Lavoura,0.013,1264.15,19793.87,81.3,4.79,-29.03,11.06,
5105309,Luciara,resto_mt,FALSE,2006,1066,950,72,40452,50461,843,130,,2039,6992.39,52.28,41.34,6.38,0,0.4483,0.7356,Pecuário,0.0123,462.74,19703.85,80.16,7.36,-45.61,11.06,218.51
5105309,Luciara,resto_mt,FALSE,2007,1110,790,72,39709,45607,748,93,,1951,6285.87,56.89,38.34,4.77,0,0.4729,0.7028,Lavoura,0.0086,328.48,16511.02,87.07,7.97,-10.1,11.06,241.75
5105309,Luciara,resto_mt,FALSE,2008,1260,790,72,40293,46340,730,149,,2139,6335.43,58.91,34.13,6.97,0,0.4684,0.7088,Lavoura,0.0064,319.58,16299.76,86.95,8.02,0.79,11.06,137.72
5105309,Luciara,resto_mt,FALSE,2009,1754,870,72,42364,49103,767,248,,2769,7642.46,63.34,27.7,8.96,0,0.486,0.6853,Lavoura,0.0082,352.66,17172.27,86.28,8.78,20.63,11.06,212.3
5105309,Luciara,resto_mt,FALSE,2010,1614,870,72,37347,44126,766,225,,2605,6631.25,61.96,29.4,8.64,0,0.4778,0.6963,Lavoura,0.0091,391.19,16792.72,84.64,7.61,-13.23,11.06,150.7
5105309,Luciara,resto_mt,FALSE,2011,1574,580,72,46763,53743,943,63,,2580,6063.23,61.01,36.55,2.44,0,0.5064,0.6581,Lavoura,0.0058,263.16,21217.33,87.01,10.46,-8.57,11.06,178.32
5105309,Luciara,resto_mt,FALSE,2012,1134,220,72,52402,57511,730,31,,1895,4125.71,59.84,38.52,1.64,0,0.5067,0.6577,Lavoura,0.0035,100.73,23993.59,91.12,18.76,-31.96,11.06,93.75
5105309,Luciara,resto_mt,FALSE,2013,1716,760,72,44508,47043,507,10,0,2233,4522.21,76.85,22.7,0.45,0,0.6421,0.4772,Lavoura,0.0037,353.82,20720.67,94.61,5.96,9.61,11.06,155.94
5105309,Luciara,resto_mt,FALSE,2014,3480,1780,72,43228,49254,345,9,392,4226,7935.71,82.35,8.16,0.21,9.28,0.6934,0.4088,Lavoura,0.006,839.23,20380.95,87.77,4.45,75.48,11.06,226.74
5105309,Luciara,resto_mt,FALSE,2015,6760,3180,72,43821,50091,284,11,464,7519,13126.24,89.91,3.78,0.15,6.17,0.8136,0.2485,Lavoura,0.0098,1518.62,20926.93,87.48,4.12,65.41,11.06,504.87
5105309,Luciara,resto_mt,FALSE,2016,11488,4880,72,44320,50819,365,11,352,12216,19727.38,94.04,2.99,0.09,2.88,0.8861,0.1519,Lavoura,0.0135,2359.77,21431.33,87.21,4.05,50.29,11.06,758.74
5105309,Luciara,resto_mt,FALSE,2017,13270,4788,72,49616,53858,113,11,364,13758,21430.7,96.45,0.82,0.08,2.65,0.931,0.092,Lavoura,0.0154,2343.61,24285.85,92.12,4.48,8.63,11.06,522.71
5105309,Luciara,resto_mt,FALSE,2018,13658,4960,72,43004,49060,276,14,354,14302,21320.07,95.5,1.93,0.1,2.48,0.913,0.116,Lavoura,0.0139,2363.03,20487.85,87.66,4.3,-0.52,11.06,520.01
5105309,Luciara,resto_mt,FALSE,2019,6414,2450,72,43268,50149,296,15,672,7397,10579.84,86.71,4,0.2,9.08,0.7617,0.3177,Lavoura,0.0062,1179.59,20831.97,86.28,4.33,-50.38,11.06,264.49
5105309,Luciara,resto_mt,FALSE,2020,6970,1690,72,52674,59620,355,14,808,8147,10944.19,85.55,4.36,0.17,9.92,0.7436,0.3419,Lavoura,0.005,821.19,25594.75,88.35,6.47,3.44,11.06,353.05
5105309,Luciara,resto_mt,FALSE,2021,12176,1700,72,55436,62401,402,19,878,13475,16012.32,90.36,2.98,0.14,6.52,0.8216,0.2379,Lavoura,0.0044,834.97,27227.9,88.84,9.42,46.31,11.06,470.96
5105309,Luciara,resto_mt,FALSE,2022,18184,1980,72,72256,79385,404,19,850,19457,21295.63,93.46,2.08,0.1,4.37,0.8758,0.1656,Lavoura,0.0055,789.16,28798.72,91.02,10.77,33,11.06,462.94
5105309,Luciara,resto_mt,FALSE,2023,149614,16864,72,71816,78593,812,22,832,151280,157451.75,98.9,0.54,0.01,0.55,0.9782,0.0291,Lavoura,0.0481,6721.4,28623.36,91.38,9.34,639.36,11.06,2624.19
5105309,Luciara,resto_mt,FALSE,2024,96960,16864,72,68875,72937,770,21,452,98203,98203.01,98.73,0.78,0.02,0.46,0.9748,0.0336,Lavoura,0.0394,6508.68,26582.4,94.43,5.83,-37.63,11.06,1785.5
5105580,Marcelândia,resto_mt,FALSE,2000,5700,8474,72,118530,156900,686,1682,,8068,,70.65,8.5,20.85,0,0.5498,0.6003,Lavoura,0.1034,586.52,8203.9,75.54,,,14.02,
5105580,Marcelândia,resto_mt,FALSE,2001,7964,6780,72,128154,167370,1011,1354,,10329,,77.1,9.79,13.11,0,0.6212,0.5051,Lavoura,0.1167,453.82,8577.91,76.57,,,14.02,
5105580,Marcelândia,resto_mt,FALSE,2002,9228,7244,72,159457,199830,1260,15561,,26049,125972.14,35.43,4.84,59.74,0,0.4848,0.6869,Florestal,0.2003,463.17,10195.46,79.8,17.39,,14.02,
5105580,Marcelândia,resto_mt,FALSE,2003,13882,9470,72,177208,217852,1429,20234,,35545,150664.38,39.05,4.02,56.93,0,0.4782,0.6957,Florestal,0.1709,584.82,10943.49,81.34,15.91,19.6,14.02,
5105580,Marcelândia,resto_mt,FALSE,2004,59764,28940,72,189350,230733,1801,17559,,79124,311253.71,75.53,2.28,22.19,0,0.6202,0.5064,Lavoura,0.2617,1667.72,10911.66,82.06,10.77,106.59,14.02,
5105580,Marcelândia,resto_mt,FALSE,2005,31080,31760,72,197548,239419,2289,13961,,47330,173305.38,65.67,4.84,29.5,0,0.5206,0.6392,Lavoura,0.1751,1764.84,10977.33,82.51,5.45,-44.32,14.02,
5105580,Marcelândia,resto_mt,FALSE,2006,20160,23012,72,188273,230796,2197,11053,,33410,114573.82,60.34,6.58,33.08,0,0.4778,0.6963,Lavoura,0.2011,1234.95,10103.74,81.58,4.99,-33.89,14.02,954.77
5105580,Marcelândia,resto_mt,FALSE,2007,27472,21852,72,180850,223684,4856,11111,,43439,139954.77,63.24,11.18,25.58,0,0.4779,0.6961,Lavoura,0.191,1551.55,12840.81,80.85,6.41,22.15,14.02,902.94
5105580,Marcelândia,resto_mt,FALSE,2008,47120,28664,72,191631,230496,5049,19555,,71724,212436.51,65.7,7.04,27.26,0,0.5109,0.6521,Lavoura,0.2131,1979.28,13232.36,83.14,7.41,51.79,14.02,1160.86
5105580,Marcelândia,resto_mt,FALSE,2009,38922,18604,72,207737,246635,2556,87222,,128700,355213.06,30.24,1.99,67.77,0,0.5511,0.5985,Florestal,0.3834,1285.43,14353.42,84.23,19.09,67.21,14.02,1683.47
5105580,Marcelândia,resto_mt,FALSE,2010,19690,12214,72,221895,260186,3238,8181,,31109,79190.63,63.29,10.41,26.3,0,0.4806,0.6925,Lavoura,0.1081,1017.32,18482.01,85.28,6.49,-77.71,14.02,329.96
5105580,Marcelândia,resto_mt,FALSE,2011,14618,7504,72,213912,245781,3794,6695,,25107,59003.73,58.22,15.11,26.67,0,0.4329,0.7561,Lavoura,0.0563,634.91,18098.99,87.03,7.87,-25.49,14.02,204.16
5105580,Marcelândia,resto_mt,FALSE,2012,119445,59167,72,208834,238116,3909,8177,,131531,286363.58,90.81,2.97,6.22,0,0.8294,0.2275,Lavoura,0.2451,5083.95,17944.15,87.7,4.84,385.33,14.02,894.88
5105580,Marcelândia,resto_mt,FALSE,2013,143772,84383,72,199632,232820,4524,14389,202,162887,329874.9,88.26,2.78,8.83,0.12,0.7876,0.2832,Lavoura,0.2711,7451.7,17629.11,85.75,3.92,15.19,14.02,1106.97
5105580,Marcelândia,resto_mt,FALSE,2014,238522,117880,72,201217,231035,5482,8266,968,253238,475537.51,94.19,2.16,3.26,0.38,0.8887,0.1484,Lavoura,0.3593,10629.4,18144,87.09,4.02,44.16,14.02,1476.82
5105580,Marcelândia,resto_mt,FALSE,2015,304912,133370,72,188649,215284,5145,17425,944,328426,573347.25,92.84,1.57,5.31,0.29,0.865,0.18,Lavoura,0.4291,12279.72,17369.4,87.63,4.3,20.57,14.02,1628.82
5105580,Marcelândia,resto_mt,FALSE,2016,325707,150383,72,190080,215333,4797,19526,522,350552,566099.18,92.91,1.37,5.57,0.15,0.8665,0.178,Lavoura,0.3888,14135.07,17866.34,88.27,3.77,-1.26,14.02,1433.16
5105580,Marcelândia,resto_mt,FALSE,2017,466689,170483,72,186068,202997,4958,41851,461,513959,800589.16,90.8,0.96,8.14,0.09,0.8312,0.2251,Lavoura,0.5746,16357.99,17853.39,91.66,4.68,41.42,14.02,1815.38
5105580,Marcelândia,resto_mt,FALSE,2018,421632,172483,72,149549,168690,4910,15454,480,442476,659601.2,95.29,1.11,3.49,0.11,0.9094,0.1208,Lavoura,0.4295,16119.91,13976.54,88.65,3.82,-17.61,14.02,1424.64
5105580,Marcelândia,resto_mt,FALSE,2019,465950,182430,72,193128,214323,5597,13883,576.01,486006.01,695127.65,95.87,1.15,2.86,0.12,0.9201,0.1065,Lavoura,0.4067,17375.94,18394.89,90.11,3.82,5.39,14.02,1379.22
5105580,Marcelândia,resto_mt,FALSE,2020,841649,205483,72,194672,216660,5708,11501,594,859452,1154534.9,97.93,0.66,1.34,0.07,0.9593,0.0543,Lavoura,0.5315,19947.87,18898.36,89.85,5.63,66.09,14.02,2099.17
5105580,Marcelândia,resto_mt,FALSE,2021,1647723,228483,72,204026,225033,5425,14705,626,1668479,1982650.07,98.76,0.33,0.88,0.04,0.9754,0.0328,Lavoura,0.5426,22606.41,20186.6,90.66,8.68,71.73,14.02,3127.2
5105580,Marcelândia,resto_mt,FALSE,2022,2504415,292751,72,224009,243931,5008,18238,522,2528183,2767088.05,99.06,0.2,0.72,0.02,0.9813,0.0249,Lavoura,0.7137,25688.93,19656.81,91.83,9.44,39.57,14.02,3507.08
5105580,Marcelândia,resto_mt,FALSE,2023,2668860,405737,72,219490,236199,7882,9980,577.01,2687299.01,2796932.2,99.31,0.29,0.37,0.02,0.9863,0.0183,Lavoura,0.8544,35603.46,19260.27,92.93,6.9,1.08,14.02,3345.61
5105580,Marcelândia,resto_mt,FALSE,2024,2233708,450149,72,196456,213178,7984,14495,1323.01,2257510.01,2257510,98.95,0.35,0.64,0.06,0.9792,0.0277,Lavoura,0.9052,39438.32,17211.85,92.16,5.01,-19.29,14.02,2618.92
5105606,Matupá,resto_mt,FALSE,2000,30634,48878,72,93303,126503,660,1619,,32913,,93.08,2.01,4.92,0,0.8692,0.1744,Lavoura,0.4219,4329.7,8264.95,73.76,,,10.34,
5105606,Matupá,resto_mt,FALSE,2001,25222,34034,72,127156,161439,874,1296,,27392,,92.08,3.19,4.73,0,0.8511,0.1985,Lavoura,0.3094,2999.38,11206.13,78.76,,,10.34,
5105606,Matupá,resto_mt,FALSE,2002,28494,34126,72,131129,166415,1091,175,,29760,143918.42,95.75,3.67,0.59,0,0.9182,0.1091,Lavoura,0.2288,2963.87,11388.66,78.8,4.23,,10.34,
5105606,Matupá,resto_mt,FALSE,2003,83384,42446,72,166740,202311,1205,274,,84863,359708.31,98.26,1.42,0.32,0,0.9657,0.0457,Lavoura,0.4081,3653.47,14351.87,82.42,8.48,149.94,10.34,
5105606,Matupá,resto_mt,FALSE,2004,63748,32024,72,176826,212955,1591,246,,65585,257994.73,97.2,2.43,0.38,0,0.9454,0.0728,Lavoura,0.2169,2705.42,14938.41,83.03,8.04,-28.28,10.34,
5105606,Matupá,resto_mt,FALSE,2005,58446,36840,72,183994,220579,1404,634,,60484,221470.56,96.63,2.32,1.05,0,0.9344,0.0875,Lavoura,0.2237,3080.78,15386.69,83.41,6.01,-14.16,10.34,
5105606,Matupá,resto_mt,FALSE,2006,46530,20178,72,192345,229795,1473,394,,48397,165969.13,96.14,3.04,0.81,0,0.9253,0.0996,Lavoura,0.2913,1670.64,15925.24,83.7,8.22,-25.06,10.34,1160.63
5105606,Matupá,resto_mt,FALSE,2007,66098,17606,72,189892,229235,2745,625,,69468,223816.81,95.15,3.95,0.9,0,0.907,0.124,Lavoura,0.3054,1236.12,13332.3,82.84,12.7,34.85,10.34,1271.7
5105606,Matupá,resto_mt,FALSE,2008,62970,23456,72,206454,239408,2824,668,,66462,196851.18,94.75,4.25,1.01,0,0.8997,0.1337,Lavoura,0.1975,1582.62,13929.83,86.24,8.4,-12.05,10.34,863.39
5105606,Matupá,resto_mt,FALSE,2009,55636,20310,72,222563,259808,3297,2974,,61907,170863.83,89.87,5.33,4.8,0,0.8128,0.2496,Lavoura,0.1844,1338.83,14671.26,85.66,8.4,-13.2,10.34,825.43
5105606,Matupá,resto_mt,FALSE,2010,57920,16996,72,236720,273888,3714,8440,,70074,178379.39,82.66,5.3,12.04,0,0.7006,0.3992,Lavoura,0.2436,1199.1,16701,86.43,10.49,4.4,10.34,725.11
5105606,Matupá,resto_mt,FALSE,2011,57338,16756,72,245078,281078,4406,15869,,77613,182397.63,73.88,5.68,20.45,0,0.5909,0.5455,Lavoura,0.1742,1163.93,17024.03,87.19,10.9,2.25,10.34,663.25
5105606,Matupá,resto_mt,FALSE,2012,80308,24766,72,255101,291506,5356,4362,,90026,196000.7,89.21,5.95,4.85,0,0.8017,0.2644,Lavoura,0.1678,1695.14,17460.71,87.51,7.92,7.46,10.34,700.01
5105606,Matupá,resto_mt,FALSE,2013,118107,50766,72,248723,284577,6229,4005,3286,131627,266567.89,89.73,4.73,3.04,2.5,0.8089,0.2548,Lavoura,0.2191,3390.5,16611.43,87.4,5.24,36,10.34,519.63
5105606,Matupá,resto_mt,FALSE,2014,194467,82266,72,232639,264478,6265,2604,0,203336,381830.11,95.64,3.08,1.28,0,0.9158,0.1123,Lavoura,0.2885,5410.1,15299.16,87.96,4.63,43.24,10.34,737.13
5105606,Matupá,resto_mt,FALSE,2015,311918,126296,72,244893,272750,6535,6109,270.01,324832.01,567073.09,96.02,2.01,1.88,0.08,0.9227,0.1031,Lavoura,0.4244,8183.5,15868.14,89.79,4.48,48.51,10.34,1000.14
5105606,Matupá,resto_mt,FALSE,2016,368801,136322,72,232431,260652,4679,2323,2340,378143,610655.33,97.53,1.24,0.61,0.62,0.9514,0.0648,Lavoura,0.4194,8708.45,14848.03,89.17,4.48,7.69,10.34,1158.75
5105606,Matupá,resto_mt,FALSE,2017,363572,132622,72,228297,260550,3938,1970,2211,371691,578979.64,97.82,1.06,0.53,0.59,0.9571,0.0572,Lavoura,0.4155,8356.77,14385.44,87.62,4.35,-5.19,10.34,1064.31
5105606,Matupá,resto_mt,FALSE,2018,325451,122222,72,229051,248799,3901,1486,2642,333480,497120.31,97.59,1.17,0.45,0.79,0.9526,0.0632,Lavoura,0.3237,7482.67,14022.96,92.06,4.07,-14.14,10.34,758.97
5105606,Matupá,resto_mt,FALSE,2019,527720,159222,72,229947,250161,4714,444,2943.99,535821.99,766378.73,98.49,0.88,0.08,0.55,0.9701,0.0399,Lavoura,0.4484,9611.37,13880.66,91.92,4.81,54.16,10.34,1222.29
5105606,Matupá,resto_mt,FALSE,2020,808928,167622,72,213155,234758,5242,2227,3147.01,819544.01,1100924.96,98.7,0.64,0.27,0.38,0.9742,0.0344,Lavoura,0.5068,9981.66,12693.09,90.8,6.57,43.65,10.34,1741.97
5105606,Matupá,resto_mt,FALSE,2021,1239143,167222,72,215721,238262,6356,1517,3054,1250070,1485455.53,99.13,0.51,0.12,0.24,0.9827,0.0231,Lavoura,0.4066,9826.76,12676.79,90.54,8.88,34.93,10.34,2257.53
5105606,Matupá,resto_mt,FALSE,2022,1507188,189222,72,226957,250039,5091,1628,1939.99,1515846.99,1659089.6,99.43,0.34,0.11,0.13,0.9886,0.0152,Lavoura,0.4279,9418.25,11296.45,90.77,8.76,11.69,10.34,2110.8
5105606,Matupá,resto_mt,FALSE,2023,1323712,195222,72,234667,254718,14808,1141,2126,1341787,1396527.6,98.65,1.1,0.09,0.16,0.9733,0.0356,Lavoura,0.4266,9716.89,11680.21,92.13,7.15,-15.83,10.34,1907.81
5105606,Matupá,resto_mt,FALSE,2024,1228268,237222,72,243280,286934,20802,2165,2178,1253413,1253413,97.99,1.66,0.17,0.17,0.9605,0.0527,Lavoura,0.5026,11077.38,11360.26,84.79,5.29,-10.25,10.34,1582.59
5105903,Nobres,resto_mt,FALSE,2000,15822,19836,72,71500,110032,756,75,,16653,,95.01,4.54,0.45,0,0.9048,0.1269,Lavoura,0.2135,1323.9,4772.08,64.98,,,11.11,
5105903,Nobres,resto_mt,FALSE,2001,9400,12796,72,74222,114207,1465,74,,10939,,85.93,13.39,0.68,0,0.7564,0.3248,Lavoura,0.1236,850.57,4933.66,64.99,,,11.11,
5105903,Nobres,resto_mt,FALSE,2002,15034,13538,72,78743,119877,1320,124,,16478,79687.08,91.24,8.01,0.75,0,0.8389,0.2148,Lavoura,0.1267,892.6,5191.73,65.69,5.88,,11.11,
5105903,Nobres,resto_mt,FALSE,2003,23318,16446,72,103007,147512,1591,96,,25005,105988.55,93.25,6.36,0.38,0,0.8736,0.1685,Lavoura,0.1202,1078.21,6753.23,69.83,6.44,33.01,11.11,
5105903,Nobres,resto_mt,FALSE,2004,24114,16994,72,98266,146432,2032,224,,26370,103732.88,91.44,7.71,0.85,0,0.8421,0.2105,Lavoura,0.0872,1101.22,6367.68,67.11,6.11,-2.13,11.11,
5105903,Nobres,resto_mt,FALSE,2005,29538,79102,72,104346,156490,2224,249,,32011,117212.73,92.27,6.95,0.78,0,0.8563,0.1916,Lavoura,0.1184,5093.17,6718.56,66.68,1.48,12.99,11.11,
5105903,Nobres,resto_mt,FALSE,2006,43104,37738,72,103196,159685,2145,334,,45583,156319.01,94.56,4.71,0.73,0,0.8964,0.1381,Lavoura,0.2744,2414.46,6602.43,64.62,4.15,33.36,11.11,1532.54
5105903,Nobres,resto_mt,FALSE,2007,39898,26254,72,94624,108781,1865,249,,42012,135357.18,94.97,4.44,0.59,0,0.9039,0.1281,Lavoura,0.1847,1766.52,6366.84,86.99,5.17,-13.41,11.11,1265.03
5105903,Nobres,resto_mt,FALSE,2008,64544,28646,72,89153,103539,2122,221,,66887,198109.98,96.5,3.17,0.33,0,0.9322,0.0904,Lavoura,0.1987,1872.78,5828.52,86.11,6.92,46.36,11.11,2251.24
5105903,Nobres,resto_mt,FALSE,2009,56280,24500,72,102140,117525,3705,276,,60261,166320.85,93.39,6.15,0.46,0,0.876,0.1653,Lavoura,0.1795,1599.74,6669.28,86.91,6.8,-16.05,11.11,1421.56
5105903,Nobres,resto_mt,FALSE,2010,46018,26076,72,109937,126289,3829,417,,50264,127951.33,91.55,7.62,0.83,0,0.844,0.208,Lavoura,0.1747,1738.17,7328.16,87.05,4.91,-23.07,11.11,804.74
5105903,Nobres,resto_mt,FALSE,2011,84328,47204,72,116473,143348,2510,286,,87124,204749.35,96.79,2.88,0.33,0,0.9377,0.0831,Lavoura,0.1955,3146.3,7763.31,81.25,4.33,60.02,11.11,1163.36
5105903,Nobres,resto_mt,FALSE,2012,130984,62402,72,113421,140503,845,218,,132047,287487,99.19,0.64,0.17,0,0.9839,0.0215,Lavoura,0.2461,4159.02,7559.38,80.72,4.61,40.41,11.11,1752.97
5105903,Nobres,resto_mt,FALSE,2013,167842,71568,72,110591,137937,954,166,2486.01,171448.01,347212.46,97.9,0.56,0.1,1.45,0.9587,0.0551,Lavoura,0.2853,4770.56,7371.75,80.18,4.86,20.78,11.11,1653.38
5105903,Nobres,resto_mt,FALSE,2014,269346,116250,72,109911,136731,1116,197,3327.99,273986.99,514500.53,98.31,0.41,0.07,1.21,0.9666,0.0445,Lavoura,0.3888,7760.35,7337.18,80.38,4.43,48.18,11.11,2826.92
5105903,Nobres,resto_mt,FALSE,2015,251436,107112,72,98650,124368,1015,159,3408.01,256018.01,446941.54,98.21,0.4,0.06,1.33,0.9647,0.0471,Lavoura,0.3345,7160.37,6594.69,79.32,4.17,-13.13,11.11,1901.88
5105903,Nobres,resto_mt,FALSE,2016,337940,131550,72,108451,134479,1265,179,3434,342818,553609.72,98.58,0.37,0.05,1,0.9719,0.0375,Lavoura,0.3802,8806.4,7260.07,80.65,4.2,23.87,11.11,2648.86
5105903,Nobres,resto_mt,FALSE,2017,316514,127386,72,108195,132592,1152,173,1684,319523,497718.01,99.06,0.36,0.05,0.53,0.9813,0.0249,Lavoura,0.3572,8539.65,7253.13,81.6,3.89,-10.1,11.11,2488.59
5105903,Nobres,resto_mt,FALSE,2018,300896,113500,72,113126,139866,2118,171,1954,305139,454872.24,98.61,0.69,0.06,0.64,0.9725,0.0367,Lavoura,0.2962,7399.92,7375.54,80.88,4,-8.61,11.11,1879.64
5105903,Nobres,resto_mt,FALSE,2019,362292,129804,72,111730,128167,1941,184,2300,366717,524510.23,98.79,0.53,0.05,0.63,0.976,0.032,Lavoura,0.3069,8464.01,7285.47,87.18,4.05,15.31,11.11,2048.87
5105903,Nobres,resto_mt,FALSE,2020,517960,139988,72,114619,132541,2288,182,4503,524933,705162.65,98.67,0.44,0.03,0.86,0.9737,0.0351,Lavoura,0.3246,9129.26,7474.83,86.48,5.04,34.44,11.11,2890
5105903,Nobres,resto_mt,FALSE,2021,943496,140566,72,109661,127561,2334,317,9431,955578,1135511.33,98.74,0.24,0.03,0.99,0.9751,0.0332,Lavoura,0.3108,9168.15,7152.43,85.97,8.07,61.03,11.11,3409.94
5105903,Nobres,resto_mt,FALSE,2022,1320518,160260,72,106254,132046,3219,241,13012.01,1336990.01,1463331.21,98.77,0.24,0.02,0.97,0.9757,0.0324,Lavoura,0.3774,10344.69,6858.64,80.47,9.14,28.87,11.11,4031.22
5105903,Nobres,resto_mt,FALSE,2023,984042,172960,72,118053,141409,5694,254,13117.99,1003107.99,1044031.57,98.1,0.57,0.03,1.31,0.9626,0.0499,Lavoura,0.3189,11164.47,7620.26,83.48,6.03,-28.65,11.11,2584.23
5105903,Nobres,resto_mt,FALSE,2024,794916,174852,72,113640,130010,3278,261,10492,808947,808947.01,98.27,0.41,0.03,1.3,0.9659,0.0455,Lavoura,0.3244,11099.6,7213.86,87.41,4.63,-22.52,11.11,1973.03
5106000,Nortelândia,resto_mt,FALSE,2000,10340,16050,72,46626,56235,193,31,,10564,,97.88,1.83,0.29,0,0.9584,0.0555,Lavoura,0.1354,2215.02,6434.72,82.91,,,8.55,
5106000,Nortelândia,resto_mt,FALSE,2001,14360,22804,72,49105,59053,201,37,,14598,,98.37,1.38,0.25,0,0.9679,0.0428,Lavoura,0.1649,3315.98,7140.47,83.15,,,8.55,
5106000,Nortelândia,resto_mt,FALSE,2002,21740,25044,72,52881,63103,205,35,,21980,106294.58,98.91,0.93,0.16,0,0.9784,0.0288,Lavoura,0.169,3764.88,7949.64,83.8,4.25,,8.55,
5106000,Nortelândia,resto_mt,FALSE,2003,35936,25862,72,54972,65541,336,47,,36319,153945.13,98.95,0.93,0.13,0,0.9792,0.0277,Lavoura,0.1746,4055.51,8620.35,83.87,5.96,44.83,8.55,
5106000,Nortelândia,resto_mt,FALSE,2004,54178,29034,72,49302,60210,396,67,,54641,214943.81,99.15,0.72,0.12,0,0.9831,0.0225,Lavoura,0.1807,5007.59,8503.28,81.88,7.41,39.62,8.55,
5106000,Nortelândia,resto_mt,FALSE,2005,33130,38282,72,47487,58861,368,107,,33605,123049.38,98.59,1.1,0.32,0,0.9721,0.0372,Lavoura,0.1243,6988.32,8668.67,80.68,3.21,-42.75,8.55,
5106000,Nortelândia,resto_mt,FALSE,2006,27498,35164,72,47988,60290,443,139,,28080,96295.5,97.93,1.58,0.5,0,0.9593,0.0543,Lavoura,0.169,6814.73,9300,79.6,2.75,-21.74,8.55,708.05
5106000,Nortelândia,resto_mt,FALSE,2007,28032,29312,72,42071,58572,405,607,,29044,93575.97,96.52,1.39,2.09,0,0.9322,0.0904,Lavoura,0.1277,4699.7,6745.39,71.83,3.18,-2.82,8.55,658.98
5106000,Nortelândia,resto_mt,FALSE,2008,58170,32004,72,42180,62338,709,314,,59193,175321.43,98.27,1.2,0.53,0,0.9659,0.0455,Lavoura,0.1759,5025.75,6623.74,67.66,5.47,87.36,8.55,1043.59
5106000,Nortelândia,resto_mt,FALSE,2009,67656,33232,72,48621,68980,868,404,,68928,190241.85,98.15,1.26,0.59,0,0.9635,0.0487,Lavoura,0.2053,5298.47,7752.07,70.49,5.73,8.51,8.55,985.7
5106000,Nortelândia,resto_mt,FALSE,2010,56528,39596,72,45930,57956,738,495,,57761,147035.59,97.87,1.28,0.86,0,0.9581,0.0559,Lavoura,0.2008,6152.27,7136.42,79.25,3.72,-22.71,8.55,948.61
5106000,Nortelândia,resto_mt,FALSE,2011,84608,42560,72,41733,53468,893,131,,85632,201243.01,98.8,1.04,0.15,0,0.9763,0.0316,Lavoura,0.1922,6677.13,6547.38,78.05,4.73,36.87,8.55,1149.97
5106000,Nortelândia,resto_mt,FALSE,2012,99924,47760,72,47970,60438,1034,176,,101134,220184.56,98.8,1.02,0.17,0,0.9763,0.0316,Lavoura,0.1885,7564.14,7597.4,79.37,4.61,9.41,8.55,1117.69
5106000,Nortelândia,resto_mt,FALSE,2013,101066,43760,72,44737,53568,1052,406,264,102788,208163.84,98.32,1.02,0.39,0.26,0.9668,0.0443,Lavoura,0.1711,7047.83,7205.19,83.51,4.76,-5.46,8.55,1030.5
5106000,Nortelândia,resto_mt,FALSE,2014,109260,42360,72,49473,58358,1141,429,539,111369,209131.85,98.11,1.02,0.39,0.48,0.9627,0.0497,Lavoura,0.158,6912.53,8073.27,84.78,4.94,0.47,8.55,1005.43
5106000,Nortelândia,resto_mt,FALSE,2015,105774,42360,72,55435,64619,1369,387,291.99,107821.99,188229.44,98.1,1.27,0.36,0.27,0.9625,0.05,Lavoura,0.1409,7003.97,9165.84,85.79,4.45,-9.99,8.55,1012
5106000,Nortelândia,resto_mt,FALSE,2016,142002,42360,72,54822,59704,1813,358,306,144479,233316.14,98.29,1.25,0.25,0.21,0.9663,0.0449,Lavoura,0.1602,7094.29,9181.38,91.82,5.5,23.95,8.55,1100.56
5106000,Nortelândia,resto_mt,FALSE,2017,162306,60760,72,50458,56476,1551,358,314,164529,256285.3,98.65,0.94,0.22,0.19,0.9733,0.0356,Lavoura,0.1839,10307.04,8559.46,89.34,4.23,9.84,8.55,1307.57
5106000,Nortelândia,resto_mt,FALSE,2018,153340,56960,72,53326,59828,1596,399,342,155677,232068.47,98.5,1.03,0.26,0.22,0.9703,0.0396,Lavoura,0.1511,9405.55,8805.48,89.13,4.07,-9.45,8.55,1017.85
5106000,Nortelândia,resto_mt,FALSE,2019,239316,79650,72,55365,62393,1793,1004,360,242473,346805.75,98.7,0.74,0.41,0.15,0.9742,0.0344,Lavoura,0.2029,13299.38,9244.45,88.74,4.35,49.44,8.55,1303.77
5106000,Nortelândia,resto_mt,FALSE,2020,416906,92530,72,46652,53633,1802,1194,696,420598,565005.44,99.12,0.43,0.28,0.17,0.9825,0.0233,Lavoura,0.2601,15622.15,7876.41,86.98,6.11,62.92,8.55,1671.61
5106000,Nortelândia,resto_mt,FALSE,2021,833956,104656,72,63248,70674,2569,928,780,838233,996070.52,99.49,0.31,0.11,0.09,0.9898,0.0136,Lavoura,0.2726,17865.48,10796.86,89.49,9.52,76.29,8.55,3309.21
5106000,Nortelândia,resto_mt,FALSE,2022,913574,105384,72,55550,64900,2652,4956,988.01,922170.01,1009312.07,99.07,0.29,0.54,0.11,0.9815,0.0247,Lavoura,0.2603,17693.75,9326.73,85.59,9.57,1.33,8.55,2819.31
5106000,Nortelândia,resto_mt,FALSE,2023,943822,131030,72,61194,68524,2686,1312,5380,953200,992087.52,99.02,0.28,0.14,0.56,0.9805,0.026,Lavoura,0.303,21999.66,10274.35,89.3,7.56,-1.71,8.55,2379.1
5106000,Nortelândia,resto_mt,FALSE,2024,638110,115218,72,66493,71804,1886,1108,5749.99,646853.99,646854,98.65,0.29,0.17,0.89,0.9733,0.0356,Lavoura,0.2594,19413.31,11203.54,92.6,5.63,-34.8,8.55,1466.79
5106158,Nova Bandeirantes,resto_mt,FALSE,2000,14514,28602,72,88346,112192,540,427,,15481,,93.75,3.49,2.76,0,0.8809,0.1588,Lavoura,0.1984,4114.8,12709.83,78.75,,,7.86,
5106158,Nova Bandeirantes,resto_mt,FALSE,2001,18094,24820,72,119375,144798,848,1288,,20230,,89.44,4.19,6.37,0,0.8058,0.2589,Lavoura,0.2285,3321.73,15976.31,82.44,,,7.86,
5106158,Nova Bandeirantes,resto_mt,FALSE,2002,15454,18744,72,149150,175320,1007,1033,,17494,84600.44,88.34,5.76,5.9,0,0.7872,0.2837,Lavoura,0.1345,2414.84,19215.41,85.07,4.51,,7.86,
5106158,Nova Bandeirantes,resto_mt,FALSE,2003,24488,20282,72,169984,197452,1191,1483,,27162,115131.41,90.16,4.38,5.46,0,0.8178,0.2429,Lavoura,0.1306,2492.26,20887.69,86.09,5.68,36.09,7.86,
5106158,Nova Bandeirantes,resto_mt,FALSE,2004,20230,17334,72,201877,230180,1582,1385,,23197,91251.11,87.21,6.82,5.97,0,0.7688,0.3083,Lavoura,0.0767,1941.53,22611.67,87.7,5.27,-20.74,7.86,
5106158,Nova Bandeirantes,resto_mt,FALSE,2005,21128,15822,72,252525,281580,2101,1781,,25010,91577.58,84.48,8.4,7.12,0,0.7258,0.3656,Lavoura,0.0925,1689.3,26961.88,89.68,5.78,0.36,7.86,
5106158,Nova Bandeirantes,resto_mt,FALSE,2006,9308,6022,72,294286,323656,2406,1437,,13151,45099.08,70.78,18.3,10.93,0,0.5464,0.6048,Lavoura,0.0792,614.49,30029.18,90.93,7.48,-50.75,7.86,263.75
5106158,Nova Bandeirantes,resto_mt,FALSE,2007,10120,6156,72,344010,377737,1828,1347,,13295,42834.75,76.12,13.75,10.13,0,0.6086,0.5219,Lavoura,0.0585,483.13,26998.12,91.07,6.95,-5.02,7.86,185.42
5106158,Nova Bandeirantes,resto_mt,FALSE,2008,13388,4860,72,375538,406624,1913,2124,,17425,51610.43,76.83,10.98,12.19,0,0.6172,0.5104,Lavoura,0.0518,362.01,27973.04,92.36,10.62,20.49,7.86,208.94
5106158,Nova Bandeirantes,resto_mt,FALSE,2009,18274,8660,72,391396,423148,1535,49855,,69664,192273.23,26.23,2.2,71.56,0,0.5814,0.5581,Florestal,0.2075,615.14,27801.96,92.5,22.2,272.55,7.86,742.37
5106158,Nova Bandeirantes,resto_mt,FALSE,2010,20180,7902,72,466141,499917,3323,19668,,43171,109895.49,46.74,7.7,45.56,0,0.432,0.7573,Florestal,0.1501,678.69,40036.16,93.24,13.9,-42.84,7.86,354.5
5106158,Nova Bandeirantes,resto_mt,FALSE,2011,43632,8236,72,475270,510321,2793,8096,,54521,128129.32,80.03,5.12,14.85,0,0.6652,0.4464,Lavoura,0.1224,686.1,39592.64,93.13,15.55,16.59,7.86,441.84
5106158,Nova Bandeirantes,resto_mt,FALSE,2012,20110,5050,72,468001,504263,2878,30327,,53315,116075.11,37.72,5.4,56.88,0,0.4687,0.7084,Florestal,0.0994,408.84,37888.68,92.81,22.99,-9.41,7.86,361.6
5106158,Nova Bandeirantes,resto_mt,FALSE,2013,29784,6146,72,461580,495731,3457,16371,656,50268,101801.57,59.25,6.88,32.57,1.31,0.462,0.7173,Lavoura,0.0837,474.74,35654.26,93.11,16.57,-12.3,7.86,309.42
5106158,Nova Bandeirantes,resto_mt,FALSE,2014,20552,4158,72,420383,453587,2962,16552,597,40663,76358.14,50.54,7.28,40.71,1.47,0.4267,0.7644,Lavoura,0.0577,311.62,31505.88,92.68,18.35,-24.99,7.86,248.73
5106158,Nova Bandeirantes,resto_mt,FALSE,2015,26605,4422,72,432856,472403,3420,17922,597,48544,84745.33,54.81,7.05,36.92,1.23,0.4418,0.7443,Lavoura,0.0634,322.09,31528.59,91.63,19.17,10.98,7.86,254.48
5106158,Nova Bandeirantes,resto_mt,FALSE,2016,25568,3734,72,448515,499954,2156,23381,597,51702,83492.5,49.45,4.17,45.22,1.15,0.4509,0.7321,Florestal,0.0573,264.71,31796.04,89.71,22.35,-1.48,7.86,264.21
5106158,Nova Bandeirantes,resto_mt,FALSE,2017,19890,4080,72,472023,528263,4058,22451,588,46987,73191.22,42.33,8.64,47.78,1.25,0.4151,0.7799,Florestal,0.0525,281.9,32614.04,89.35,17.95,-12.34,7.86,250.66
5106158,Nova Bandeirantes,resto_mt,FALSE,2018,8953,3333,72,492026,536973,6885,25136,484,41458,61801.66,21.6,16.61,60.63,1.17,0.442,0.744,Florestal,0.0402,223.56,33001.95,91.63,18.53,-15.56,7.86,188.42
5106158,Nova Bandeirantes,resto_mt,FALSE,2019,8420,3415,72,505044,552490,3209,27769,0,39398,56350.42,21.37,8.15,70.48,0,0.5491,0.6012,Florestal,0.033,223.38,33035.32,91.41,16.5,-8.82,7.86,159.18
5106158,Nova Bandeirantes,resto_mt,FALSE,2020,14200,3874,72,520437,572428,3282,32901,0,50383,67681.43,28.18,6.51,65.3,0,0.5101,0.6532,Florestal,0.0312,246.99,33180.55,90.92,17.46,20.11,7.86,187.48
5106158,Nova Bandeirantes,resto_mt,FALSE,2021,35644,5254,72,580721,632406,4658,31705,0,72007,85565.77,49.5,6.47,44.03,0,0.4431,0.7425,Florestal,0.0234,327.31,36177.49,91.83,16.29,26.42,7.86,231.27
5106158,Nova Bandeirantes,resto_mt,FALSE,2022,128874,16004,72,652108,703013,5618,23389,272,158153,173097.94,81.49,3.55,14.79,0.17,0.6872,0.4171,Lavoura,0.0446,1173.74,47826.04,92.76,10.82,102.3,7.86,387.23
5106158,Nova Bandeirantes,resto_mt,FALSE,2023,348582,45964,72,674937,700961,9128,48569,528.99,406807.99,423404.44,85.69,2.24,11.94,0.13,0.749,0.3347,Lavoura,0.1293,3371.03,49500.33,96.29,9.22,144.6,7.86,883.93
5106158,Nova Bandeirantes,resto_mt,FALSE,2024,368716,61472,72,651883,686602,9526,67780,891,446913,446913.01,82.5,2.13,15.17,0.2,0.7041,0.3945,Lavoura,0.1792,4341.24,46036.94,94.94,7.28,5.55,7.86,872.88
5106208,Nova Brasilândia,resto_mt,FALSE,2000,7140,11108,72,94178,108718,1137,32,,8309,,85.93,13.68,0.39,0,0.7571,0.3239,Lavoura,0.1065,1919.81,16276.88,86.63,,,11.14,
5106208,Nova Brasilândia,resto_mt,FALSE,2001,4982,9694,72,94142,107568,1154,30,,6166,,80.8,18.72,0.49,0,0.6879,0.4161,Lavoura,0.0696,1734.17,16841.14,87.52,,,11.14,
5106208,Nova Brasilândia,resto_mt,FALSE,2002,3734,4668,72,97152,110994,1304,33,,5071,24523.18,73.63,25.71,0.65,0,0.6083,0.5223,Lavoura,0.039,856.51,17826.06,87.53,5.24,,11.14,
5106208,Nova Brasilândia,resto_mt,FALSE,2003,3420,3130,72,145532,155345,1263,41,,4724,20023.58,72.4,26.74,0.87,0,0.5958,0.5389,Lavoura,0.0227,591.24,27489.99,93.68,6.39,-18.35,11.14,
5106208,Nova Brasilândia,resto_mt,FALSE,2004,23242,16924,72,138589,149112,1431,62,,24735,97301.21,93.96,5.79,0.25,0,0.8862,0.1517,Lavoura,0.0818,3407.29,27901.95,92.94,5.75,385.93,11.14,
5106208,Nova Brasilândia,resto_mt,FALSE,2005,7624,8038,72,142093,153547,1267,95,,8986,32903.48,84.84,14.1,1.06,0,0.7398,0.3469,Lavoura,0.0332,1679.48,29689.3,92.54,4.1,-66.18,11.14,
5106208,Nova Brasilândia,resto_mt,FALSE,2006,3978,5684,72,141871,153582,1267,54,,5299,18172,75.07,23.91,1.02,0,0.6208,0.5056,Lavoura,0.0319,1234.04,30801.35,92.37,3.21,-44.77,11.14,144.23
5106208,Nova Brasilândia,resto_mt,FALSE,2007,1632,790,72,141984,160270,1630,69,,3331,10732.04,48.99,48.93,2.07,0,0.4798,0.6936,Pecuário,0.0146,161.52,29029.65,88.59,13.59,-40.94,11.14,94.98
5106208,Nova Brasilândia,resto_mt,FALSE,2008,5076,3944,72,143782,161755,1630,75,,6781,20084.37,74.86,24.04,1.11,0,0.6183,0.5089,Lavoura,0.0201,790.54,28819.8,88.89,5.09,87.14,11.14,155.69
5106208,Nova Brasilândia,resto_mt,FALSE,2009,9566,6110,72,160099,176662,1800,72,,11438,31568.98,83.63,15.74,0.63,0,0.7242,0.3677,Lavoura,0.0341,1246.43,32659.93,90.62,5.17,57.18,11.14,207.69
5106208,Nova Brasilândia,resto_mt,FALSE,2010,7760,4704,72,153050,169948,1964,42,,9766,24860.19,79.46,20.11,0.43,0,0.6718,0.4376,Lavoura,0.0339,1025.51,33366.03,90.06,5.29,-21.25,11.14,153.45
5106208,Nova Brasilândia,resto_mt,FALSE,2011,13414,7084,72,149608,167183,2468,46,,15928,37432.26,84.22,15.49,0.29,0,0.7333,0.3556,Lavoura,0.0357,1575.97,33283.2,89.49,5.29,50.57,11.14,224.14
5106208,Nova Brasilândia,resto_mt,FALSE,2012,14420,7145,72,153622,171234,2739,45,,17204,37455.8,83.82,15.92,0.26,0,0.7279,0.3628,Lavoura,0.0321,1621.65,34866.55,89.71,5.24,0.06,11.14,201.38
5106208,Nova Brasilândia,resto_mt,FALSE,2013,24814,12288,72,139794,144795,1507,194,0,26515,53697.56,93.58,5.68,0.73,0,0.879,0.1613,Lavoura,0.0441,2889.93,32877.23,96.55,4.38,43.36,11.14,287.14
5106208,Nova Brasilândia,resto_mt,FALSE,2014,42120,16528,72,134501,143072,1909,228,0,44257,83107.04,95.17,4.31,0.52,0,0.9076,0.1232,Lavoura,0.0628,3993.24,32496.01,94.01,5.04,54.77,11.14,390.16
5106208,Nova Brasilândia,resto_mt,FALSE,2015,59516,28808,72,138946,147994,2177,277,0,61970,108183.66,96.04,3.51,0.45,0,0.9236,0.1019,Lavoura,0.081,7150.16,34486.47,93.89,3.77,30.17,11.14,517.62
5106208,Nova Brasilândia,resto_mt,FALSE,2016,75724,31168,72,150882,159971,1361,280,0,77365,124935.15,97.88,1.76,0.36,0,0.9584,0.0555,Lavoura,0.0858,7928.77,38382.6,94.32,4,15.48,11.14,575.74
5106208,Nova Brasilândia,resto_mt,FALSE,2017,88738,31348,72,143921,157078,2164,322,0,91224,142098.79,97.27,2.37,0.35,0,0.9467,0.0711,Lavoura,0.102,8191.27,37606.74,91.62,4.53,13.74,11.14,667.12
5106208,Nova Brasilândia,resto_mt,FALSE,2018,47510,30018,72,141875,159422,1336,316,0,49162,73286.05,96.64,2.72,0.64,0,0.9347,0.0871,Lavoura,0.0477,7642.06,36118.89,88.99,2.44,-48.43,11.14,385.71
5106208,Nova Brasilândia,resto_mt,FALSE,2019,93618,34684,72,138962,157210,975,206,264,95063,135967.28,98.48,1.03,0.22,0.28,0.9699,0.0401,Lavoura,0.0795,9058.24,36291.98,88.39,3.92,85.53,11.14,615.24
5106208,Nova Brasilândia,resto_mt,FALSE,2020,78920,20724,72,140869,161835,1088,206,264,80478,108109.18,98.06,1.35,0.26,0.33,0.9618,0.0509,Lavoura,0.0498,5446.52,37022.08,87.04,5.22,-20.49,11.14,522.28
5106208,Nova Brasilândia,resto_mt,FALSE,2021,131870,18724,72,145953,166500,939,217,264,133290,158388.22,98.93,0.7,0.16,0.2,0.9788,0.0283,Lavoura,0.0433,5121.44,39921.5,87.66,8.45,46.51,11.14,676.87
5106208,Nova Brasilândia,resto_mt,FALSE,2022,270928,28570,72,149188,170077,1048,212,222,272410,298151.86,99.46,0.38,0.08,0.08,0.9892,0.0144,Lavoura,0.0769,7266.02,37942.01,87.72,10.44,88.24,11.14,993.85
5106208,Nova Brasilândia,resto_mt,FALSE,2023,473538,61190,72,154168,177323,3266,3164,521,480489,500091.42,98.55,0.68,0.66,0.11,0.9713,0.0383,Lavoura,0.1528,15562.05,39208.55,86.94,8.17,67.73,11.14,1608.02
5106208,Nova Brasilândia,resto_mt,FALSE,2024,245402,53160,72,154150,167437,2848,1823,317,250390,250390,98.01,1.14,0.73,0.13,0.9608,0.0523,Lavoura,0.1004,13797.04,40007.79,92.06,4.71,-49.93,11.14,805.12
5106216,Nova Canaã do Norte,resto_mt,FALSE,2000,8002,10746,72,262182,316902,680,112,,8794,,90.99,7.73,1.27,0,0.8341,0.2212,Lavoura,0.1127,933.14,22766.76,82.73,,,17.32,
5106216,Nova Canaã do Norte,resto_mt,FALSE,2001,9634,12480,72,312392,369271,1127,103,,10864,,88.68,10.37,0.95,0,0.7973,0.2703,Lavoura,0.1227,1091.58,27323.71,84.6,,,17.32,
5106216,Nova Canaã do Norte,resto_mt,FALSE,2002,6688,7454,72,334398,392909,1059,1589,,9336,45148.59,71.64,11.34,17.02,0,0.5551,0.5932,Lavoura,0.0718,655.41,29402.8,85.11,6.06,,17.32,
5106216,Nova Canaã do Norte,resto_mt,FALSE,2003,11560,10682,72,363283,422274,1197,2088,,14845,62923.42,77.87,8.06,14.07,0,0.6327,0.4897,Lavoura,0.0714,944.72,32129.04,86.03,5.88,39.37,17.32,
5106216,Nova Canaã do Norte,resto_mt,FALSE,2004,24106,15806,72,392884,452802,1827,1061,,26994,106187.54,89.3,6.77,3.93,0,0.8036,0.2619,Lavoura,0.0893,1415.29,35179.44,86.77,6.72,68.76,17.32,
5106216,Nova Canaã do Norte,resto_mt,FALSE,2005,20872,21148,72,397974,457630,1967,895,,23734,86905.34,87.94,8.29,3.77,0,0.7816,0.2912,Lavoura,0.0878,1906.77,35882.61,86.96,4.1,-18.16,17.32,
5106216,Nova Canaã do Norte,resto_mt,FALSE,2006,17690,19446,72,386629,446969,2193,683,,20566,70527.55,86.02,10.66,3.32,0,0.7524,0.3301,Lavoura,0.1238,1765.41,35100.23,86.5,3.61,-18.85,17.32,263.16
5106216,Nova Canaã do Norte,resto_mt,FALSE,2007,23966,18624,72,366890,399531,6226,693,,30885,99507.44,77.6,20.16,2.24,0,0.6433,0.4756,Lavoura,0.1358,1472.02,28998.58,91.83,5.35,41.09,17.32,311.94
5106216,Nova Canaã do Norte,resto_mt,FALSE,2008,44758,29170,72,391694,420496,6591,1236,,52585,155749.44,85.12,12.53,2.35,0,0.7408,0.3456,Lavoura,0.1562,2228.93,29930.01,93.15,5.35,56.52,17.32,393.32
5106216,Nova Canaã do Norte,resto_mt,FALSE,2009,34792,21594,72,413121,441414,6895,14266,,55953,154430.75,62.18,12.32,25.5,0,0.4668,0.7109,Lavoura,0.1667,1631.34,31209.56,93.59,7.15,-0.85,17.32,373.92
5106216,Nova Canaã do Norte,resto_mt,FALSE,2010,54186,40800,72,449719,482003,7686,6885,,68757,175026.86,78.81,11.18,10.01,0,0.6436,0.4752,Lavoura,0.239,3364.39,37084.11,93.3,4.3,13.34,17.32,374
5106216,Nova Canaã do Norte,resto_mt,FALSE,2011,90586,43808,72,426395,458806,9748,6070,,106404,250059.12,85.13,9.16,5.7,0,0.7364,0.3515,Lavoura,0.2388,3598.49,35025.05,92.94,5.7,42.87,17.32,523.14
5106216,Nova Canaã do Norte,resto_mt,FALSE,2012,154709,82140,72,424617,451372,15313,9999,,180021,391933.92,85.94,8.51,5.55,0,0.7489,0.3348,Lavoura,0.3355,6721.77,34747.71,94.07,4.76,56.74,17.32,787.02
5106216,Nova Canaã do Norte,resto_mt,FALSE,2013,244023,120594,72,424497,448359,17210,3114,493.01,264840.01,536347.74,92.14,6.5,1.18,0.19,0.8533,0.1956,Lavoura,0.4408,9808.38,34525.99,94.68,4.45,36.85,17.32,1010.06
5106216,Nova Canaã do Norte,resto_mt,FALSE,2014,260176,118568,72,413856,450456,15425,2809,392,278802,523542.3,93.32,5.53,1.01,0.14,0.874,0.168,Lavoura,0.3956,9616.22,33564.96,91.87,4.4,-2.39,17.32,991.56
5106216,Nova Canaã do Norte,resto_mt,FALSE,2015,225496,88490,72,399295,443845,17187,5188,566,248437,433707.07,90.77,6.92,2.09,0.23,0.8292,0.2277,Lavoura,0.3246,7156.49,32292.36,89.96,4.91,-17.16,17.32,759.55
5106216,Nova Canaã do Norte,resto_mt,FALSE,2016,296800,97506,72,400598,437885,13709,3750,324.01,314583.01,508013.61,94.35,4.36,1.19,0.1,0.8922,0.1437,Lavoura,0.3489,7892.03,32423.96,91.48,5.22,17.13,17.32,891.26
5106216,Nova Canaã do Norte,resto_mt,FALSE,2017,249385,94938,72,417963,452443,13428,3179,359,266351,414892.49,93.63,5.04,1.19,0.13,0.8793,0.1609,Lavoura,0.2978,7663.71,33739.34,92.38,4.38,-18.33,17.32,716.56
5106216,Nova Canaã do Norte,resto_mt,FALSE,2018,301276,93732,72,405983,435238,22959,3065,607,327907,488812.61,91.88,7,0.93,0.19,0.8492,0.2011,Lavoura,0.3183,7357.88,31869.3,93.28,5.22,17.82,17.32,773.43
5106216,Nova Canaã do Norte,resto_mt,FALSE,2019,408886,129550,72,418051,446436,15745,1328,606,426565,610109.99,95.86,3.69,0.31,0.14,0.9203,0.1063,Lavoura,0.3569,10131.38,32693.44,93.64,4.71,24.81,17.32,916.08
5106216,Nova Canaã do Norte,resto_mt,FALSE,2020,588015,143628,72,422019,448595,17028,4633,688,610364,819925.41,96.34,2.79,0.76,0.11,0.929,0.0947,Lavoura,0.3775,11193.83,32890.58,94.08,5.7,34.39,17.32,1251.79
5106216,Nova Canaã do Norte,resto_mt,FALSE,2021,1198112,149754,72,428124,452804,17103,1399,467.01,1217081.01,1446254.8,98.44,1.41,0.11,0.04,0.9692,0.0411,Lavoura,0.3958,11630.48,33249.77,94.55,9.65,76.39,17.32,2092.98
5106216,Nova Canaã do Norte,resto_mt,FALSE,2022,1796338,181933,72,450481,474223,16512,4510,420,1817780,1989554.29,98.82,0.91,0.25,0.02,0.9766,0.0312,Lavoura,0.5132,15540.53,38479.63,94.99,10.95,37.57,17.32,2583.85
5106216,Nova Canaã do Norte,resto_mt,FALSE,2023,1627562,225973,72,424411,448995,42536,2371,434.99,1672903.99,1741153.1,97.29,2.54,0.14,0.03,0.9472,0.0704,Lavoura,0.5319,19302.38,36252.75,94.52,7.71,-12.49,17.32,2162.93
5106216,Nova Canaã do Norte,resto_mt,FALSE,2024,1439832,253509,72,400306,426602,46282,29383,646,1516143,1516143,94.97,3.05,1.94,0.04,0.9032,0.1291,Lavoura,0.6079,21536.74,34007.82,93.84,5.98,-12.92,17.32,1826.69
5108808,Nova Guarita,resto_mt,FALSE,2000,5814,10534,72,84352,123822,797,495,,7106,,81.82,11.22,6.97,0,0.6869,0.4175,Lavoura,0.0911,1864.09,14926.92,68.12,,,11.19,
5108808,Nova Guarita,resto_mt,FALSE,2001,7130,9176,72,89811,129932,876,400,,8406,,84.82,10.42,4.76,0,0.7326,0.3565,Lavoura,0.0949,1637.99,16031.95,69.12,,,11.19,
5108808,Nova Guarita,resto_mt,FALSE,2002,6524,7106,72,111232,151981,1285,281,,8090,39122.98,80.64,15.88,3.47,0,0.6767,0.4311,Lavoura,0.0622,1267.57,19841.6,73.19,5.5,,11.19,
5108808,Nova Guarita,resto_mt,FALSE,2003,10766,9320,72,120549,161818,1426,363,,12555,53216.8,85.75,11.36,2.89,0,0.749,0.3347,Lavoura,0.0604,1669.05,21588.29,74.5,5.7,36.02,11.19,
5108808,Nova Guarita,resto_mt,FALSE,2004,15882,13212,72,135224,177147,2257,309,,18448,72569.74,86.09,12.23,1.67,0,0.7564,0.3248,Lavoura,0.061,2384.84,24408.66,76.33,5.5,36.37,11.19,
5108808,Nova Guarita,resto_mt,FALSE,2005,22202,24504,72,138587,181033,1660,363,,24225,88703.21,91.65,6.85,1.5,0,0.8449,0.2068,Lavoura,0.0896,4442.35,25124.55,76.55,3.61,22.23,11.19,
5108808,Nova Guarita,resto_mt,FALSE,2006,9040,10468,72,134439,177402,1592,247,,10879,37307.65,83.1,14.63,2.27,0,0.7125,0.3833,Lavoura,0.0655,1906.39,24483.52,75.78,3.56,-57.94,11.19,888.28
5108808,Nova Guarita,resto_mt,FALSE,2007,11268,9268,72,122602,138323,4009,255,,15532,50042.07,72.55,25.81,1.64,0,0.5932,0.5424,Lavoura,0.0683,1900.35,25138.81,88.63,5.4,34.13,11.19,1390.07
5108808,Nova Guarita,resto_mt,FALSE,2008,8510,5540,72,122000,138432,5702,359,,14571,43157.28,58.4,39.13,2.46,0,0.4948,0.6736,Lavoura,0.0433,1112.45,24497.99,88.13,7.79,-13.76,11.19,1348.68
5108808,Nova Guarita,resto_mt,FALSE,2009,6532,3960,72,127546,143749,6010,314,,12856,35482.67,50.81,46.75,2.44,0,0.4773,0.6969,Pecuário,0.0383,807.01,25992.66,88.73,8.96,-17.78,11.19,788.5
5108808,Nova Guarita,resto_mt,FALSE,2010,14536,8668,72,137300,155440,7105,312,,21953,55883.25,66.21,32.36,1.42,0,0.5433,0.6089,Lavoura,0.0763,1757.5,27838.61,88.33,6.44,57.49,11.19,1510.35
5108808,Nova Guarita,resto_mt,FALSE,2011,12062,5584,72,136445,155003,8484,114,,20660,48552.88,58.38,41.06,0.55,0,0.5094,0.6541,Pecuário,0.0464,1144.97,27977.24,88.03,8.71,-13.12,11.19,693.62
5108808,Nova Guarita,resto_mt,FALSE,2012,22901,8666,72,135318,153897,6111,50,,29062,63272.53,78.8,21.03,0.17,0,0.6652,0.4464,Lavoura,0.0542,1796.43,28051,87.93,7.31,30.32,11.19,903.89
5108808,Nova Guarita,resto_mt,FALSE,2013,42934,19051,72,131705,147389,6998,565,1564,52061,105432.7,82.47,13.44,1.09,3,0.6992,0.4011,Lavoura,0.0866,4026.84,27838.72,89.36,5.52,66.63,11.19,1133.68
5108808,Nova Guarita,resto_mt,FALSE,2014,55430,24803,72,134797,154474,7228,97,630,63385,119026.15,87.45,11.4,0.15,0.99,0.7778,0.2963,Lavoura,0.0899,5322.53,28926.39,87.26,4.81,12.89,11.19,1214.55
5108808,Nova Guarita,resto_mt,FALSE,2015,55016,21001,72,131547,153812,4950,96,695,60757,106066.09,90.55,8.15,0.16,1.14,0.8267,0.2311,Lavoura,0.0794,4575.38,28659.48,85.52,5.04,-10.89,11.19,1104.86
5108808,Nova Guarita,resto_mt,FALSE,2016,72692,23004,72,142309,161225,5046,94,813,78645,127002.19,92.43,6.42,0.12,1.03,0.8586,0.1885,Lavoura,0.0872,5086,31463.41,88.27,5.52,19.74,11.19,1154.58
5108808,Nova Guarita,resto_mt,FALSE,2017,77562,31756,72,139695,158823,4952,41,759.01,83314.01,129777.46,93.1,5.94,0.05,0.91,0.8704,0.1728,Lavoura,0.0931,7124.97,31342.83,87.96,4.1,2.19,11.19,1109.21
5108808,Nova Guarita,resto_mt,FALSE,2018,71455,23169,72,142664,157296,3856,42,654.01,76007.01,113304.03,94.01,5.07,0.06,0.86,0.8864,0.1515,Lavoura,0.0738,5060.94,31162.95,90.7,4.89,-12.69,11.19,906.43
5108808,Nova Guarita,resto_mt,FALSE,2019,113294,38158,72,153503,173198,6566,41,463,120364,172154.95,94.13,5.46,0.03,0.38,0.889,0.148,Lavoura,0.1007,8443.9,33968.36,88.63,4.51,51.94,11.19,1377.24
5108808,Nova Guarita,resto_mt,FALSE,2020,153718,36728,72,159501,179888,6616,41,685.99,161060.99,216359.41,95.44,4.11,0.03,0.43,0.9126,0.1165,Lavoura,0.0996,8227.6,35730.51,88.67,5.88,25.68,11.19,1614.61
5108808,Nova Guarita,resto_mt,FALSE,2021,304926,38928,72,163043,182916,8866,134,716.99,314642.99,373889.61,96.91,2.82,0.04,0.23,0.94,0.08,Lavoura,0.1023,8833.22,36996.37,89.14,9.6,72.81,11.19,2560.88
5108808,Nova Guarita,resto_mt,FALSE,2022,420312,48388,72,165573,184814,7226,120,2398.01,430056.01,470694.91,97.73,1.68,0.03,0.56,0.9554,0.0595,Lavoura,0.1214,10542.05,36072.55,89.59,9.72,25.89,11.19,2835.5
5108808,Nova Guarita,resto_mt,FALSE,2023,453028,71490,72,153490,166617,11882,120,936,465966,484975.91,97.22,2.55,0.03,0.2,0.9458,0.0723,Lavoura,0.1481,15575.16,33440.09,92.12,6.77,3.03,11.19,2921.54
5108808,Nova Guarita,resto_mt,FALSE,2024,387704,72156,72,131418,146430,13754,123,2237,403818,403817.99,96.01,3.41,0.03,0.55,0.923,0.1027,Lavoura,0.1619,15758.03,28700.15,89.75,5.6,-16.73,11.19,2218.78
5106182,Nova Lacerda,resto_mt,FALSE,2000,3662,5436,72,74300,88044,463,347,,4472,,81.89,10.35,7.76,0,0.6873,0.4169,Lavoura,0.0573,1343.88,18368.36,84.39,,,15.04,
5106182,Nova Lacerda,resto_mt,FALSE,2001,2642,3500,72,152381,167171,787,440,,3869,,68.29,20.34,11.37,0,0.5207,0.6391,Lavoura,0.0437,836.72,36428.64,91.15,,,15.04,
5106182,Nova Lacerda,resto_mt,FALSE,2002,5132,6820,72,139204,154614,547,628,,6307,30500.45,81.37,8.67,9.96,0,0.6795,0.4273,Lavoura,0.0485,1602.07,32700.02,90.03,4.48,,15.04,
5106182,Nova Lacerda,resto_mt,FALSE,2003,26106,20076,72,142244,158297,692,694,,27492,116530.18,94.96,2.52,2.52,0,0.903,0.1293,Lavoura,0.1322,4609.87,32662.23,89.86,5.8,282.06,15.04,
5106182,Nova Lacerda,resto_mt,FALSE,2004,28864,23906,72,157342,174151,1098,1199,,31161,122579.46,92.63,3.52,3.85,0,0.8608,0.1856,Lavoura,0.103,5241.39,34497.26,90.35,5.12,5.19,15.04,
5106182,Nova Lacerda,resto_mt,FALSE,2005,8154,7760,72,161727,178849,1550,963,,10667,39058.71,76.44,14.53,9.03,0,0.6136,0.5152,Lavoura,0.0395,1659.89,34594.01,90.43,5.04,-68.14,15.04,
5106182,Nova Lacerda,resto_mt,FALSE,2006,5898,4734,72,148376,166677,1337,877,,8112,27818.7,72.71,16.48,10.81,0,0.5675,0.5767,Lavoura,0.0488,988.52,30982.67,89.02,5.88,-28.78,15.04,148.76
5106182,Nova Lacerda,resto_mt,FALSE,2007,23968,21454,72,157096,175526,2321,864,,27153,87483.42,88.27,8.55,3.18,0,0.7875,0.2833,Lavoura,0.1194,4335.02,31742.98,89.5,4.07,214.48,15.04,520.73
5106182,Nova Lacerda,resto_mt,FALSE,2008,13622,10766,72,150695,168268,2681,839,,17142,50772.22,79.47,15.64,4.89,0,0.6584,0.4555,Lavoura,0.0509,2092.92,29295.3,89.56,4.71,-41.96,15.04,291.8
5106182,Nova Lacerda,resto_mt,FALSE,2009,18376,12836,72,169422,187160,3327,1469,,23172,63954.92,79.3,14.36,6.34,0,0.6535,0.462,Lavoura,0.069,2444.02,32258.57,90.52,4.99,25.96,15.04,340.19
5106182,Nova Lacerda,resto_mt,FALSE,2010,16524,12470,72,188507,207406,3382,839,,20745,52808.18,79.65,16.3,4.04,0,0.6626,0.4499,Lavoura,0.0721,2293.97,34677.52,90.89,4.23,-17.43,15.04,241.14
5106182,Nova Lacerda,resto_mt,FALSE,2011,27452,14940,72,186218,205382,3682,772,,31906,74982.02,86.04,11.54,2.42,0,0.7542,0.3277,Lavoura,0.0716,2694.81,33589.11,90.67,5.01,41.99,15.04,291.75
5106182,Nova Lacerda,resto_mt,FALSE,2012,33588,14840,72,190432,215975,4653,819,,39060,85039.73,85.99,11.91,2.1,0,0.7541,0.3279,Lavoura,0.0728,2627.48,33716.71,88.17,5.73,13.41,15.04,328.33
5106182,Nova Lacerda,resto_mt,FALSE,2013,48988,19388,72,187298,205228,3932,972,381,54273,109912.4,90.26,7.24,1.79,0.7,0.8203,0.2396,Lavoura,0.0903,3328.98,32159.68,91.26,5.68,29.25,15.04,444.99
5106182,Nova Lacerda,resto_mt,FALSE,2014,105358,39090,72,210253,233171,3312,468,320,109458,205543.34,96.25,3.03,0.43,0.29,0.9274,0.0968,Lavoura,0.1553,6581.92,35402.09,90.17,5.27,87.01,15.04,806.06
5106182,Nova Lacerda,resto_mt,FALSE,2015,92530,35190,72,213422,243388,3758,490,423.99,97201.99,169689.65,95.19,3.87,0.5,0.44,0.9077,0.1231,Lavoura,0.127,5814.61,35264.71,87.69,4.81,-17.44,15.04,601.73
5106182,Nova Lacerda,resto_mt,FALSE,2016,134096,45228,72,226344,256157,5293,494,414,140297,226562.73,95.58,3.77,0.35,0.3,0.915,0.1133,Lavoura,0.1556,7258.55,36325.47,88.36,5.01,33.52,15.04,670.3
5106182,Nova Lacerda,resto_mt,FALSE,2017,148352,50116,72,257395,282544,3867,707,223,153149,238558.78,96.87,2.52,0.46,0.15,0.939,0.0813,Lavoura,0.1712,7907.23,40611.39,91.1,4.76,5.29,15.04,867.48
5106182,Nova Lacerda,resto_mt,FALSE,2018,132444,47722,72,258633,284778,7639,749,313,141145,210405.56,93.84,5.41,0.53,0.22,0.8836,0.1552,Lavoura,0.137,7312.6,39631.17,90.82,4.4,-11.8,15.04,643.45
5106182,Nova Lacerda,resto_mt,FALSE,2019,169332,52710,72,352897,382310,7135,407,7192,184066,263267.05,92,3.88,0.22,3.91,0.8494,0.2008,Lavoura,0.154,7938.25,53147.14,92.31,4.99,25.12,15.04,628.33
5106182,Nova Lacerda,resto_mt,FALSE,2020,271472,68640,72,345378,372371,6408,341,4842,283063,380249.4,95.91,2.26,0.12,1.71,0.9207,0.1057,Lavoura,0.1751,10167.38,51159.53,92.75,5.55,44.43,15.04,943.55
5106182,Nova Lacerda,resto_mt,FALSE,2021,698722,85470,72,261381,284477,6681,587,19114,725104,861639.55,96.36,0.92,0.08,2.64,0.9293,0.0943,Lavoura,0.2358,12457.37,38096.63,91.88,10.08,126.6,15.04,2192.46
5106182,Nova Lacerda,resto_mt,FALSE,2022,874464,98332,72,165573,191047,12725,561,19576,907326,993065.35,96.38,1.4,0.06,2.16,0.9296,0.0939,Lavoura,0.2561,14742.43,24823.54,86.67,10.11,15.25,15.04,2187.37
5106182,Nova Lacerda,resto_mt,FALSE,2023,1006938,124768,72,242911,266565,23306,551,8384,1039179,1081574.18,96.9,2.24,0.05,0.81,0.9395,0.0807,Lavoura,0.3304,18705.85,36418.44,91.13,8.68,8.91,15.04,2361.51
5106182,Nova Lacerda,resto_mt,FALSE,2024,636624,124338,72,215912,239224,21240,1170,6214,665248,665247.99,95.7,3.19,0.18,0.93,0.917,0.1107,Lavoura,0.2668,17851.83,30999.57,90.26,5.35,-38.49,15.04,1565.28
5108857,Nova Marilândia,resto_mt,FALSE,2000,16296,27140,72,73645,84793,541,40,,16877,,96.56,3.21,0.24,0,0.9334,0.0888,Lavoura,0.2163,11529.31,31285.05,86.85,,,-0.48,
5108857,Nova Marilândia,resto_mt,FALSE,2001,17838,28436,72,83276,94768,898,42,,18778,,94.99,4.78,0.22,0,0.9046,0.1272,Lavoura,0.2121,11779.62,34497.1,87.87,,,-0.48,
5108857,Nova Marilândia,resto_mt,FALSE,2002,26884,32966,72,86229,98052,578,40,,27502,132998.8,97.75,2.1,0.15,0,0.9559,0.0588,Lavoura,0.2115,13417.18,35095.24,87.94,4.02,,-0.48,
5108857,Nova Marilândia,resto_mt,FALSE,2003,39678,29688,72,97564,109742,967,53,,40698,172506.37,97.49,2.38,0.13,0,0.951,0.0653,Lavoura,0.1957,10938.84,35948.42,88.9,5.8,29.71,-0.48,
5108857,Nova Marilândia,resto_mt,FALSE,2004,93658,41528,72,100147,112869,1240,48,,94946,373493.44,98.64,1.31,0.05,0,0.9732,0.0357,Lavoura,0.314,14842.03,35792.35,88.73,8.99,116.51,-0.48,
5108857,Nova Marilândia,resto_mt,FALSE,2005,65718,45018,72,100300,114671,1026,58,,66802,244604.8,98.38,1.54,0.09,0,0.9681,0.0425,Lavoura,0.2471,15829.11,35267.23,87.47,5.42,-34.51,-0.48,
5108857,Nova Marilândia,resto_mt,FALSE,2006,22198,28118,72,91692,106432,1240,66,,23504,80602.9,94.44,5.28,0.28,0,0.8947,0.1404,Lavoura,0.1415,9726.05,31716.36,86.15,2.88,-67.05,-0.48,926.47
5108857,Nova Marilândia,resto_mt,FALSE,2007,22588,16458,72,85492,93230,1134,503,,24225,78049.78,93.24,4.68,2.08,0,0.872,0.1707,Lavoura,0.1065,7109.29,36929.59,91.7,4.73,-3.17,-0.48,821.59
5108857,Nova Marilândia,resto_mt,FALSE,2008,35514,20226,72,88152,96542,1305,242,,37061,109769.51,95.83,3.52,0.65,0,0.9196,0.1072,Lavoura,0.1101,8537.78,37210.64,91.31,5.42,40.64,-0.48,962.89
5108857,Nova Marilândia,resto_mt,FALSE,2009,30270,18220,72,89811,98400,1151,84,,31505,86954.06,96.08,3.65,0.27,0,0.9245,0.1007,Lavoura,0.0938,7769.72,38298.93,91.27,4.76,-20.78,-0.48,762.76
5108857,Nova Marilândia,resto_mt,FALSE,2010,20924,12588,72,90472,100914,1440,245,,22609,57553.15,92.55,6.37,1.08,0,0.8607,0.1857,Lavoura,0.0786,4265.67,30658.08,89.65,4.58,-33.81,-0.48,479.61
5108857,Nova Marilândia,resto_mt,FALSE,2011,73984,39512,72,91590,96413,1051,53,,75088,176463.66,98.53,1.4,0.07,0,0.971,0.0387,Lavoura,0.1685,13259.06,30734.9,95,4.45,206.61,-0.48,1200.42
5108857,Nova Marilândia,resto_mt,FALSE,2012,109259,51754,72,83443,88035,932,98,,110289,240116.42,99.07,0.85,0.09,0,0.9816,0.0245,Lavoura,0.2055,17211.17,27749.58,94.78,4.63,36.07,-0.48,1404.2
5108857,Nova Marilândia,resto_mt,FALSE,2013,124948,53574,72,83057,87215,1040,207,249,126444,256071.42,98.82,0.82,0.16,0.2,0.9766,0.0312,Lavoura,0.2104,17553.74,27213.96,95.23,4.79,6.64,-0.48,1515.21
5108857,Nova Marilândia,resto_mt,FALSE,2014,138507,53996,72,89431,93642,1040,1530,862,141939,266537.08,97.58,0.73,1.08,0.61,0.9524,0.0635,Lavoura,0.2014,17531.17,29036.04,95.5,4.94,4.09,-0.48,1567.88
5108857,Nova Marilândia,resto_mt,FALSE,2015,166508,66312,72,91540,96125,1165,2153,882,170708,298012.24,97.54,0.68,1.26,0.52,0.9516,0.0645,Lavoura,0.2231,21342.77,29462.5,95.23,4.51,11.81,-0.48,1475.32
5108857,Nova Marilândia,resto_mt,FALSE,2016,176504,66880,72,91554,96159,1644,2070,814,181032,292344.85,97.5,0.91,1.14,0.45,0.9509,0.0655,Lavoura,0.2008,21346.95,29222.47,95.21,4.38,-1.9,-0.48,1588.83
5108857,Nova Marilândia,resto_mt,FALSE,2017,154776,66888,72,94048,98807,1346,1708,1524,159354,248224.24,97.13,0.84,1.07,0.96,0.9437,0.0751,Lavoura,0.1782,21173.79,29771.45,95.18,3.72,-15.09,-0.48,1379.02
5108857,Nova Marilândia,resto_mt,FALSE,2018,152302,53238,72,94532,99025,1442,1889,1101.99,156734.99,233645.64,97.17,0.92,1.21,0.7,0.9445,0.074,Lavoura,0.1522,16385.96,29095.72,95.46,4.38,-5.87,-0.48,1327.52
5108857,Nova Marilândia,resto_mt,FALSE,2019,159330,52188,72,94377,99757,1452,2276,1176,164234,234901.61,97.01,0.88,1.39,0.72,0.9414,0.0781,Lavoura,0.1374,15920.68,28791.03,94.61,4.51,0.54,-0.48,1118.58
5108857,Nova Marilândia,resto_mt,FALSE,2020,194910,46204,72,94040,100083,1815,2899,2506,202130,271529,96.43,0.9,1.43,1.24,0.9303,0.0929,Lavoura,0.125,13984.26,28462.47,93.96,5.88,15.59,-0.48,1251.28
5108857,Nova Marilândia,resto_mt,FALSE,2021,129394,15888,72,118733,123544,3138,3076,722,136330,162000.66,94.91,2.3,2.26,0.53,0.9019,0.1308,Lavoura,0.0443,4768.31,35634.15,96.11,10.21,-40.34,-0.48,623.08
5108857,Nova Marilândia,resto_mt,FALSE,2022,149712,17046,72,124473,129317,3256,3184,1252,157404,172278.16,95.11,2.07,2.02,0.8,0.9055,0.126,Lavoura,0.0444,4830.26,35271.47,96.25,10.11,6.34,-0.48,546.92
5108857,Nova Marilândia,resto_mt,FALSE,2023,164442,25634,72,144472,181012,18638,4084,2470,189634,197370.46,86.72,9.83,2.15,1.3,0.7623,0.3169,Lavoura,0.0603,7263.81,40938.51,79.81,7.69,14.56,-0.48,609.16
5108857,Nova Marilândia,resto_mt,FALSE,2024,94926,22860,72,130340,135700,13520,5471,5666,119583,119583,79.38,11.31,4.58,4.74,0.6473,0.4703,Lavoura,0.048,6215.33,35437.74,96.05,5.22,-39.41,-0.48,364.58
5108907,Nova Maringá,resto_mt,FALSE,2000,25334,44526,72,52156,56902,29,2107,,27470,,92.22,0.11,7.67,0,0.8563,0.1916,Lavoura,0.3521,11272.41,13204.05,91.66,,,11.3,
5108907,Nova Maringá,resto_mt,FALSE,2001,23644,36314,72,61876,66864,229,3123,,26996,,87.58,0.85,11.57,0,0.7805,0.2927,Lavoura,0.3049,9098.97,15503.88,92.54,,,11.3,
5108907,Nova Maringá,resto_mt,FALSE,2002,53908,55366,72,75325,80431,167,2658,,56733,274358.98,95.02,0.29,4.69,0,0.9051,0.1265,Lavoura,0.4362,13779.49,18746.89,93.65,4.96,,11.3,
5108907,Nova Maringá,resto_mt,FALSE,2003,149580,104088,72,78593,83618,608,2742,,152930,648223.52,97.81,0.4,1.79,0,0.957,0.0573,Lavoura,0.7354,25707.09,19410.47,93.99,6.24,136.27,11.3,
5108907,Nova Maringá,resto_mt,FALSE,2004,220386,122148,72,77908,83235,628,5858,,226872,892456.82,97.14,0.28,2.58,0,0.9443,0.0743,Lavoura,0.7503,29683.6,18932.69,93.6,7.31,37.68,11.3,
5108907,Nova Maringá,resto_mt,FALSE,2005,168260,176392,72,78871,84453,643,16121,,185024,677491.07,90.94,0.35,8.71,0,0.8346,0.2205,Lavoura,0.6843,42483.62,18995.91,93.39,3.84,-24.09,11.3,
5108907,Nova Maringá,resto_mt,FALSE,2006,99466,149928,72,81237,87171,722,22724,,122912,421505.44,80.92,0.59,18.49,0,0.689,0.4147,Lavoura,0.7399,35799.43,19397.56,93.19,2.8,-37.78,11.3,2719.4
5108907,Nova Maringá,resto_mt,FALSE,2007,132518,122896,72,73753,85481,523,20348,,153389,494199.3,86.39,0.34,13.27,0,0.7639,0.3148,Lavoura,0.6744,22127.48,13279.26,86.28,4.02,17.25,11.3,2547.42
5108907,Nova Maringá,resto_mt,FALSE,2008,432818,256014,72,75527,89301,493,11650,,444961,1317912.49,97.27,0.11,2.62,0,0.9468,0.0709,Lavoura,1.3221,44117.53,13015.16,84.58,5.14,166.68,11.3,5357.36
5108907,Nova Maringá,resto_mt,FALSE,2009,420744,234676,72,76286,90251,466,16328,,437538,1207608.51,96.16,0.11,3.73,0,0.9261,0.0985,Lavoura,1.3033,39184.5,12737.69,84.53,5.14,-8.37,11.3,4574.27
5108907,Nova Maringá,resto_mt,FALSE,2010,300252,263444,72,86238,103158,342,29460,,330054,840180.84,90.97,0.1,8.93,0,0.8355,0.2193,Lavoura,1.1473,39976.33,13086.19,83.6,3.18,-30.43,11.3,2809.97
5108907,Nova Maringá,resto_mt,FALSE,2011,580950,355050,72,89334,101424,321,27899,,609170,1431605.11,95.37,0.05,4.58,0,0.9116,0.1179,Lavoura,1.3671,52267.04,13150.89,88.08,4.02,70.39,11.3,4378
5108907,Nova Maringá,resto_mt,FALSE,2012,612706,341830,72,82379,93925,302,67168,,680176,1480849.7,90.08,0.04,9.88,0,0.8212,0.2384,Lavoura,1.2675,48909.72,11786.95,87.71,4.33,3.44,11.3,3427.89
5108907,Nova Maringá,resto_mt,FALSE,2013,777002,424050,72,65460,73174,285,45451,1038,823776,1668291.74,94.32,0.03,5.52,0.13,0.8927,0.1431,Lavoura,1.371,57906.6,8938.96,89.46,3.95,12.66,11.3,3439.77
5108907,Nova Maringá,resto_mt,FALSE,2014,985996,456948,72,59327,67605,301,24266,1052.01,1011615.01,1899639.35,97.47,0.03,2.4,0.1,0.9506,0.0659,Lavoura,1.4355,60555,7862.05,87.76,4.15,13.87,11.3,3632.19
5108907,Nova Maringá,resto_mt,FALSE,2015,1000558,455058,72,60682,70118,318,18283,1112.01,1020271.01,1781130.56,98.07,0.03,1.79,0.11,0.9621,0.0505,Lavoura,1.3331,58611.28,7815.82,86.54,3.92,-6.24,11.3,3298.39
5108907,Nova Maringá,resto_mt,FALSE,2016,1109938,491438,72,63302,69696,473,27682,353.99,1138446.99,1838454.54,97.5,0.04,2.43,0.03,0.9512,0.0651,Lavoura,1.2626,61622.32,7937.55,90.83,3.74,3.22,11.3,3197.31
5108907,Nova Maringá,resto_mt,FALSE,2017,1186924,533730,72,69379,76224,361,47607,294,1235186,1924037.8,96.09,0.03,3.85,0.02,0.9248,0.1003,Lavoura,1.3809,65232.22,8479.47,91.02,3.61,4.66,11.3,3233.68
5108907,Nova Maringá,resto_mt,FALSE,2018,1544764,542606,72,80833,88555,849,27421,368,1573402,2345478.22,98.18,0.05,1.74,0.02,0.9642,0.0477,Lavoura,1.5274,64381.35,9591.01,91.28,4.33,21.9,11.3,3537.68
5108907,Nova Maringá,resto_mt,FALSE,2019,1649186,596510,72,84033,91936,988,24684,628,1675486,2396424.33,98.43,0.06,1.47,0.04,0.9691,0.0412,Lavoura,1.402,69032.52,9724.92,91.4,4.02,2.17,11.3,3323.75
5108907,Nova Maringá,resto_mt,FALSE,2020,2242176,653604,72,84068,93509,1420,36496,808,2280900,3064020.6,98.3,0.06,1.6,0.04,0.9665,0.0447,Lavoura,1.4106,73853.56,9499.21,89.9,4.68,27.86,11.3,4010.49
5108907,Nova Maringá,resto_mt,FALSE,2021,4259596,619570,72,79711,87822,1079,51304,1252,4313231,5125403.31,98.76,0.03,1.19,0.03,0.9755,0.0327,Lavoura,1.4028,68415.42,8802.01,90.76,8.27,67.28,11.3,6250.48
5108907,Nova Maringá,resto_mt,FALSE,2022,4705294,624920,72,88051,96269,1100,46074,1480,4753948,5203180.61,98.98,0.02,0.97,0.03,0.9798,0.0269,Lavoura,1.3421,106897.02,15061.75,91.46,8.32,1.52,11.3,5172.15
5108907,Nova Maringá,resto_mt,FALSE,2023,5235928,797120,72,90192,97115,1824,21633,1786,5261171,5475809.89,99.52,0.03,0.41,0.03,0.9904,0.0128,Lavoura,1.6727,136353.06,15427.98,92.87,6.87,5.24,11.3,5270.28
5108907,Nova Maringá,resto_mt,FALSE,2024,2834502,718524,72,94720,103697,2034,50628,2832,2889996,2889996,98.08,0.07,1.75,0.1,0.9623,0.0503,Lavoura,1.1588,124419.74,16401.73,91.34,4.02,-47.22,11.3,2739.33
5108956,Nova Monte Verde,resto_mt,FALSE,2000,8312,12736,72,167380,202583,819,508,,9639,,86.23,8.5,5.27,0,0.7536,0.3285,Lavoura,0.1236,1865.53,24517.36,82.62,,,10.94,
5108956,Nova Monte Verde,resto_mt,FALSE,2001,9156,13776,72,198941,236189,1355,471,,10982,,83.37,12.34,4.29,0,0.7121,0.3839,Lavoura,0.124,1923.75,27781.18,84.23,,,10.94,
5108956,Nova Monte Verde,resto_mt,FALSE,2002,10480,13812,72,244739,282659,1637,177,,12294,59453.38,85.24,13.32,1.44,0,0.7445,0.3407,Lavoura,0.0945,1863.46,33019.29,86.58,4.3,,10.94,
5108956,Nova Monte Verde,resto_mt,FALSE,2003,10912,9612,72,260536,298747,1780,265,,12957,54920.76,84.22,13.74,2.05,0,0.7286,0.3619,Lavoura,0.0623,1250.91,33906.3,87.21,5.7,-7.62,10.94,
5108956,Nova Monte Verde,resto_mt,FALSE,2004,8518,7120,72,301039,339997,2324,259,,11101,43668.51,76.73,20.94,2.33,0,0.6331,0.4892,Lavoura,0.0367,862.61,36471.89,88.54,6.13,-20.49,10.94,
5108956,Nova Monte Verde,resto_mt,FALSE,2005,7928,7360,72,336538,376009,2892,435,,11255,41211.74,70.44,25.7,3.86,0,0.5637,0.5817,Lavoura,0.0416,858.81,39269.31,89.5,5.6,-5.63,10.94,
5108956,Nova Monte Verde,resto_mt,FALSE,2006,9648,8076,72,341268,381322,3117,228,,12993,44557.25,74.26,23.99,1.75,0,0.6093,0.5209,Lavoura,0.0782,909.15,38418.1,89.5,5.52,8.12,10.94,188.02
5108956,Nova Monte Verde,resto_mt,FALSE,2007,10028,8120,72,339766,366047,3076,212,,13316,42902.42,75.31,23.1,1.59,0,0.6208,0.5056,Lavoura,0.0585,998.4,41776.22,92.82,5.29,-3.71,10.94,130.41
5108956,Nova Monte Verde,resto_mt,FALSE,2008,14698,10018,72,367565,391860,3278,481,,18457,54667.07,79.63,17.76,2.61,0,0.6663,0.4449,Lavoura,0.0548,1186.55,43534.88,93.8,5.45,27.42,10.94,132.37
5108956,Nova Monte Verde,resto_mt,FALSE,2009,8736,6382,72,360593,385887,3624,33052,,45412,125337.5,19.24,7.98,72.78,0,0.5731,0.5692,Florestal,0.1353,741.92,41919.67,93.45,19.65,129.27,10.94,286.15
5108956,Nova Monte Verde,resto_mt,FALSE,2010,4908,1732,72,398833,426077,2299,14957,,22164,56420.37,22.14,10.37,67.48,0,0.5151,0.6465,Florestal,0.077,214.01,49281.23,93.61,32.58,-54.99,10.94,117.05
5108956,Nova Monte Verde,resto_mt,FALSE,2011,9572,1978,72,422545,450282,2832,16309,,28713,67478.16,33.34,9.86,56.8,0,0.4435,0.742,Florestal,0.0644,241.48,51586.5,93.84,34.11,19.6,10.94,131.02
5108956,Nova Monte Verde,resto_mt,FALSE,2012,11540,2046,72,420791,447918,3671,11736,,26947,58667.84,42.82,13.62,43.55,0,0.3916,0.8112,Florestal,0.0502,246.95,50789.5,93.94,28.66,-13.06,10.94,119.24
5108956,Nova Monte Verde,resto_mt,FALSE,2013,11793,2522,72,398333,420649,4016,6292,440,22541,45649.51,52.32,17.82,27.91,1.95,0.3838,0.8216,Lavoura,0.0375,298.67,47173.5,94.69,18.1,-22.19,10.94,98.39
5108956,Nova Monte Verde,resto_mt,FALSE,2014,6830,1856,72,366719,386335,3203,5882,291,16206,30432.1,42.14,19.76,36.3,1.8,0.3487,0.8684,Florestal,0.023,217.25,42926.26,94.92,16.39,-33.34,10.94,65.29
5108956,Nova Monte Verde,resto_mt,FALSE,2015,8150,2540,72,362595,384046,3663,10576,291,22680,39593.43,35.93,16.15,46.63,1.28,0.3728,0.8363,Florestal,0.0296,293.98,41967.01,94.41,15.58,30.1,10.94,81.97
5108956,Nova Monte Verde,resto_mt,FALSE,2016,12386,3184,72,376288,396646,1601,18274,299,32560,52580.48,38.04,4.92,56.12,0.92,0.4622,0.7171,Florestal,0.0361,364.72,43102.86,94.87,16.52,32.8,10.94,111.62
5108956,Nova Monte Verde,resto_mt,FALSE,2017,13979,5944,72,400318,425059,1068,16521,341.99,31909.99,49705.9,43.81,3.35,51.77,1.07,0.4612,0.7184,Florestal,0.0357,673.77,45377.24,94.18,8.37,-5.47,10.94,106.43
5108956,Nova Monte Verde,resto_mt,FALSE,2018,22960,7954,72,383841,401905,1558,10376,308.01,35202.01,52475.8,65.22,4.43,29.48,0.87,0.5143,0.6476,Lavoura,0.0342,876.18,42282.55,95.51,6.59,5.57,10.94,112.36
5108956,Nova Monte Verde,resto_mt,FALSE,2019,21254,6416,72,398639,417231,2109,7523,372,31258,44707.87,68,6.75,24.07,1.19,0.525,0.6333,Lavoura,0.0262,699.06,43434.19,95.54,6.97,-14.8,10.94,83.72
5108956,Nova Monte Verde,resto_mt,FALSE,2020,46475,11158,72,374216,395496,1559,3685,554,52273,70220.32,88.91,2.98,7.05,1.06,0.7965,0.2713,Lavoura,0.0323,1202.76,40338.04,94.62,6.29,57.06,10.94,141
5108956,Nova Monte Verde,resto_mt,FALSE,2021,184336,22692,72,411595,430512,2226,7353,309,194224,230795.96,94.91,1.15,3.79,0.16,0.9024,0.1301,Lavoura,0.0632,2420.48,43903.47,95.61,10.18,228.67,10.94,423.48
5108956,Nova Monte Verde,resto_mt,FALSE,2022,436261,46740,72,406181,425196,2742,5147,520,444670,486689.87,98.11,0.62,1.16,0.12,0.9627,0.0497,Lavoura,0.1255,5622.52,48860.94,95.53,10.41,110.87,10.94,786.26
5108956,Nova Monte Verde,resto_mt,FALSE,2023,546430,84811,72,397209,409856,4122,2484,1732,554768,577400.76,98.5,0.74,0.45,0.31,0.9703,0.0396,Lavoura,0.1764,10202.21,47781.67,96.91,6.8,18.64,10.94,954.39
5108956,Nova Monte Verde,resto_mt,FALSE,2024,546798,96982,72,389725,406155,4630,30652,1940.01,584020.01,584020,93.63,0.79,5.25,0.33,0.8795,0.1607,Lavoura,0.2342,11475.8,46115.84,95.95,6.03,1.15,10.94,875.58
5106224,Nova Mutum,resto_mt,FALSE,2000,334844,479524,72,139072,171478,297,220,,335361,,99.85,0.09,0.07,0,0.997,0.004,Lavoura,4.2986,32360.91,9385.34,81.1,,,5.77,
5106224,Nova Mutum,resto_mt,FALSE,2001,297070,406666,72,98275,130079,223,217,,297510,,99.85,0.07,0.07,0,0.997,0.004,Lavoura,3.3602,27980.32,6761.73,75.55,,,5.77,
5106224,Nova Mutum,resto_mt,FALSE,2002,490064,475116,72,114384,157334,431,234,,490729,2373149.89,99.86,0.09,0.05,0,0.9972,0.0037,Lavoura,3.7731,31267.92,7527.74,72.7,4.99,,5.77,
5106224,Nova Mutum,resto_mt,FALSE,2003,1104378,702062,72,109244,157221,586,258,,1105222,4684698.17,99.92,0.05,0.02,0,0.9984,0.0021,Lavoura,5.3144,44066.16,6856.89,69.48,6.67,97.4,5.77,
5106224,Nova Mutum,resto_mt,FALSE,2004,1485138,869188,72,112335,233346,1629,197,,1486964,5849338.59,99.88,0.11,0.01,0,0.9976,0.0032,Lavoura,4.9174,49744.63,6429.06,48.14,6.72,24.86,5.77,
5106224,Nova Mutum,resto_mt,FALSE,2005,1316548,911674,72,104897,237985,2228,179,,1318955,4829536.93,99.82,0.17,0.01,0,0.9964,0.0048,Lavoura,4.8784,49739.43,5723.01,44.08,5.29,-17.43,5.77,
5106224,Nova Mutum,resto_mt,FALSE,2006,740830,832260,72,114637,322842,4241,125,,745196,2555520.76,99.41,0.57,0.02,0,0.9883,0.0156,Lavoura,4.4861,43396.6,5977.53,35.51,3.08,-47.09,5.77,1201.47
5106224,Nova Mutum,resto_mt,FALSE,2007,1099078,892796,72,133776,425354,3349,3209,,1105636,3562214.62,99.41,0.3,0.29,0,0.9883,0.0156,Lavoura,4.8613,36638.05,5489.82,31.45,4,39.39,5.77,1356.01
5106224,Nova Mutum,resto_mt,FALSE,2008,1716528,907390,72,111915,481026,3585,430,,1720543,5096008.72,99.77,0.21,0.02,0,0.9954,0.0061,Lavoura,5.1122,35364.8,4361.8,23.27,5.63,43.06,5.77,2204.15
5106224,Nova Mutum,resto_mt,FALSE,2009,1588316,881222,72,107255,644435,13474,582,,1602372,4422559.99,99.12,0.84,0.04,0,0.9825,0.0233,Lavoura,4.7731,32790.88,3991.03,16.64,5.01,-13.22,5.77,1968.2
5106224,Nova Mutum,resto_mt,FALSE,2010,1271660,896690,72,122283,803115,15007,1341,,1288008,3278735.13,98.73,1.17,0.1,0,0.9749,0.0335,Lavoura,4.4773,28332.33,3863.72,15.23,3.67,-25.86,5.77,1208.98
5106224,Nova Mutum,resto_mt,FALSE,2011,1936790,936896,72,119876,878715,25883,1078,,1963751,4614994.15,98.63,1.32,0.05,0,0.973,0.036,Lavoura,4.4071,28361.57,3628.87,13.64,4.94,40.76,5.77,1667.87
5106224,Nova Mutum,resto_mt,FALSE,2012,2240946,1062570,72,32089,885786,24480,378,,2265804,4933010.29,98.9,1.08,0.02,0,0.9782,0.0291,Lavoura,4.2223,30912.03,933.53,3.62,4.63,6.89,5.77,1765.57
5106224,Nova Mutum,resto_mt,FALSE,2013,2505174,1247368,72,97052,1025594,31165,4141,9369,2549849,5163894.07,98.25,1.22,0.16,0.37,0.9655,0.046,Lavoura,4.2438,34026.24,2647.43,9.46,4.15,4.68,5.77,1757.01
5106224,Nova Mutum,resto_mt,FALSE,2014,2714956,1225342,72,90751,1207962,23041,5164,12477.01,2755638.01,5174615.19,98.52,0.84,0.19,0.45,0.9707,0.0391,Lavoura,3.9102,32071.98,2375.31,7.51,4.23,0.21,5.77,1707.78
5106224,Nova Mutum,resto_mt,FALSE,2015,2789664,1235778,72,96795,1132478,25365,1956,10455,2827440,4935982.46,98.66,0.9,0.07,0.37,0.9735,0.0353,Lavoura,3.6944,31118.5,2437.42,8.55,4,-4.61,5.77,1648.62
5106224,Nova Mutum,resto_mt,FALSE,2016,3779732,1352332,72,112254,950201,24842,6742,5753,3817069,6164105.93,99.02,0.65,0.18,0.15,0.9805,0.026,Lavoura,4.2333,32841.13,2726.07,11.81,4.56,24.88,5.77,2165.89
5106224,Nova Mutum,resto_mt,FALSE,2017,3324638,1391272,72,106942,866034,18100,7680,4570,3354988,5226033.76,99.1,0.54,0.23,0.14,0.9821,0.0239,Lavoura,3.7508,32653.6,2509.96,12.35,3.77,-15.22,5.77,1598.17
5106224,Nova Mutum,resto_mt,FALSE,2018,4196502,1339402,72,114889,860345,24125,7577,4826.01,4233030.01,6310199.02,99.14,0.57,0.18,0.11,0.9829,0.0228,Lavoura,4.1092,30497.1,2615.93,13.35,4.71,20.75,5.77,2131.11
5106224,Nova Mutum,resto_mt,FALSE,2019,4476756,1405060,72,117951,1069965,21856,5112,5177.99,4508901.99,6449019.8,99.29,0.48,0.11,0.11,0.9859,0.0188,Lavoura,3.773,30963.46,2599.3,11.02,4.58,2.2,5.77,1921.64
5106224,Nova Mutum,resto_mt,FALSE,2020,6447054,1435478,72,114942,894688,24571,4433,5955.99,6482013.99,8707538.41,99.46,0.38,0.07,0.09,0.9892,0.0144,Lavoura,4.0086,30664.09,2455.34,12.85,6.06,35.02,5.77,2633.87
5106224,Nova Mutum,resto_mt,FALSE,2021,10638972,1422746,72,112775,790726,24087,8284,9041.99,10680384.99,12691478.94,99.61,0.23,0.08,0.08,0.9922,0.0104,Lavoura,3.4735,29504.09,2338.66,14.26,8.91,45.75,5.77,3971.06
5106224,Nova Mutum,resto_mt,FALSE,2022,12669792,1482742,72,118355,895895,35093,7499,9899.01,12722283.01,13924497.34,99.59,0.28,0.06,0.08,0.9918,0.0109,Lavoura,3.5916,26553.88,2119.58,13.21,9.39,9.72,5.77,3514.51
5106224,Nova Mutum,resto_mt,FALSE,2023,10760722,1541780,72,125887,1050670,119166,14518,10307.01,10904713.01,11349590.34,98.68,1.09,0.13,0.09,0.9739,0.0348,Lavoura,3.4669,27611.17,2254.46,11.98,7.36,-18.49,5.77,2704.86
5106224,Nova Mutum,resto_mt,FALSE,2024,8007114,1512668,72,130855,1035546,114544,10389,27317,8159364,8159364.01,98.13,1.4,0.13,0.33,0.9632,0.0491,Lavoura,3.2718,24707.51,2137.35,12.64,5.4,-28.11,5.77,1997.88
5106174,Nova Nazaré,resto_mt,FALSE,2000,0,0,72,,,,,,0,,,,,,,,Diversificado,0,,,,,,14.89,
5106174,Nova Nazaré,resto_mt,FALSE,2001,536,1240,72,49311,54758,138,46,,720,,74.44,19.17,6.39,0,0.595,0.54,Lavoura,0.0081,625,24854.33,90.05,,,14.89,
5106174,Nova Nazaré,resto_mt,FALSE,2002,2364,2620,72,63913,69632,140,53,,2557,12365.57,92.45,5.48,2.07,0,0.8581,0.1892,Lavoura,0.0197,1317.24,32133.23,91.79,4.71,,14.89,
5106174,Nova Nazaré,resto_mt,FALSE,2003,13052,11780,72,65756,71541,136,85,,13273,56260.2,98.33,1.02,0.64,0,0.967,0.044,Lavoura,0.0638,5916.62,33026.62,91.91,4.79,354.97,14.89,
5106174,Nova Nazaré,resto_mt,FALSE,2004,24640,16460,72,60633,66246,237,88,,24965,98205.96,98.7,0.95,0.35,0,0.9743,0.0343,Lavoura,0.0826,8246.49,30377.25,91.53,5.96,74.56,14.89,
5106174,Nova Nazaré,resto_mt,FALSE,2005,10596,13200,72,64979,70135,226,127,,10949,40091.27,96.78,2.06,1.16,0,0.9372,0.0837,Lavoura,0.0405,6606.61,32522.02,92.65,3.03,-59.18,14.89,
5106174,Nova Nazaré,resto_mt,FALSE,2006,6120,6110,72,74906,80073,239,172,,6531,22396.93,93.71,3.66,2.63,0,0.8802,0.1597,Lavoura,0.0393,3053.47,37434.28,93.55,3.67,-44.14,14.89,407.22
5106174,Nova Nazaré,resto_mt,FALSE,2007,8092,5620,72,69775,73286,255,162,,8509,27414.89,95.1,3,1.9,0,0.9057,0.1257,Lavoura,0.0374,2047.36,25418.94,95.21,4.89,22.4,14.89,480.96
5106174,Nova Nazaré,resto_mt,FALSE,2008,8586,4970,72,89701,93303,323,77,,8986,26615.27,95.55,3.59,0.86,0,0.9143,0.1143,Lavoura,0.0267,1733.52,31287.41,96.14,5.35,-2.92,14.89,403.27
5106174,Nova Nazaré,resto_mt,FALSE,2009,9278,4600,72,79619,83258,354,68,,9700,26772.08,95.65,3.65,0.7,0,0.9163,0.1116,Lavoura,0.0289,1556.68,26943.82,95.63,5.83,0.59,14.89,361.78
5106174,Nova Nazaré,resto_mt,FALSE,2010,10488,5300,72,83330,92113,396,87,,10971,27927.62,95.6,3.61,0.79,0,0.9153,0.1129,Lavoura,0.0381,1749.75,27510.73,90.46,5.27,4.32,14.89,416.84
5106174,Nova Nazaré,resto_mt,FALSE,2011,13248,5360,72,78127,87649,348,113,,13709,32217.39,96.64,2.54,0.82,0,0.9346,0.0872,Lavoura,0.0308,1723.47,25121.22,89.14,6.01,15.36,14.89,418.42
5106174,Nova Nazaré,resto_mt,FALSE,2012,17542,8130,72,84010,92065,1191,175,,18908,41165.69,92.78,6.3,0.93,0,0.8649,0.1801,Lavoura,0.0352,2550.99,26360.21,91.25,5.07,27.77,14.89,433.34
5106174,Nova Nazaré,resto_mt,FALSE,2013,27134,11130,72,76603,84178,1332,361,0,28827,58379.76,94.13,4.62,1.25,0,0.8883,0.1489,Lavoura,0.048,3354.43,23087.1,91,5.24,41.82,14.89,530.73
5106174,Nova Nazaré,resto_mt,FALSE,2014,53810,20030,72,78080,85752,1543,454,0,55807,104795.97,96.42,2.76,0.81,0,0.9305,0.0927,Lavoura,0.0792,5880.8,22924.25,91.05,5.24,79.51,14.89,988.63
5106174,Nova Nazaré,resto_mt,FALSE,2015,84412,27380,72,79006,87594,1663,392,0,86467,150949.13,97.62,1.92,0.45,0,0.9534,0.0621,Lavoura,0.113,7843.02,22631.34,90.2,5.52,44.04,14.89,1290.15
5106174,Nova Nazaré,resto_mt,FALSE,2016,78478,33430,72,78787,88874,1602,485,254,80819,130512.93,97.1,1.98,0.6,0.31,0.9433,0.0756,Lavoura,0.0896,9353.67,22044.49,88.65,3.89,-13.54,14.89,1035.82
5106174,Nova Nazaré,resto_mt,FALSE,2017,112016,40830,72,77860,88346,1751,534,217,114518,178383.62,97.82,1.53,0.47,0.19,0.9571,0.0572,Lavoura,0.128,11171,21302.33,88.13,4.38,36.68,14.89,1393.63
5106174,Nova Nazaré,resto_mt,FALSE,2018,107192,32830,72,86951,96299,2118,548,219,110077,164092.34,97.38,1.92,0.5,0.2,0.9487,0.0684,Lavoura,0.1069,8719.79,23094.56,90.29,4.99,-8.01,14.89,1312.73
5106174,Nova Nazaré,resto_mt,FALSE,2019,118064,36630,72,94594,104777,2288,604,222,121178,173319.2,97.43,1.89,0.5,0.18,0.9496,0.0672,Lavoura,0.1014,9516.76,24576.25,90.28,4.73,5.62,14.89,1409.11
5106174,Nova Nazaré,resto_mt,FALSE,2020,143130,38040,72,95188,105684,2339,604,222,146295,196523.69,97.84,1.6,0.41,0.15,0.9575,0.0567,Lavoura,0.0905,9674.47,24208.55,90.07,5.17,13.39,14.89,1434.49
5106174,Nova Nazaré,resto_mt,FALSE,2021,315796,39240,72,78318,87492,2406,467,0,318669,378673.71,99.1,0.76,0.15,0,0.9821,0.0239,Lavoura,0.1036,9778.22,19516.07,89.51,9.65,92.69,14.89,2396.67
5106174,Nova Nazaré,resto_mt,FALSE,2022,433126,50540,72,82029,91268,2290,450,0,435866,477053.92,99.37,0.53,0.1,0,0.9875,0.0167,Lavoura,0.123,12033.33,19530.71,89.88,9.44,25.98,14.89,2621.16
5106174,Nova Nazaré,resto_mt,FALSE,2023,394680,58320,72,91761,98372,5668,291,0,400639,416983.79,98.51,1.41,0.07,0,0.9706,0.0392,Lavoura,0.1274,13885.71,21847.86,93.28,7.15,-12.59,14.89,2105.99
5106174,Nova Nazaré,resto_mt,FALSE,2024,254464,61240,72,79400,86575,7312,150,0,261926,261926.01,97.15,2.79,0.06,0,0.9446,0.0739,Lavoura,0.105,13709.42,17774.79,91.71,4.28,-37.19,14.89,1336.36
5106232,Nova Olímpia,resto_mt,FALSE,2000,48210,37686,72,59334,65882,521,253,,48984,,98.42,1.06,0.52,0,0.9688,0.0416,Lavoura,0.6279,2656.56,4182.57,90.06,,,1.66,
5106232,Nova Olímpia,resto_mt,FALSE,2001,50192,39824,72,59696,66466,530,241,,50963,,98.49,1.04,0.47,0,0.9702,0.0397,Lavoura,0.5756,2643.83,3963.09,89.81,,,1.66,
5106232,Nova Olímpia,resto_mt,FALSE,2002,62402,38428,72,68063,75039,545,255,,63202,305642.86,98.73,0.86,0.4,0,0.9749,0.0335,Lavoura,0.4859,2445.15,4330.81,90.7,7.94,,1.66,
5106232,Nova Olímpia,resto_mt,FALSE,2003,93596,42424,72,68619,75768,486,203,,94285,399645.29,99.27,0.52,0.22,0,0.9855,0.0193,Lavoura,0.4534,2582.58,4177.21,90.56,9.42,30.76,1.66,
5106232,Nova Olímpia,resto_mt,FALSE,2004,81886,38678,72,68619,75948,481,233,,82600,324927.4,99.14,0.58,0.28,0,0.9829,0.0228,Lavoura,0.2732,2158.73,3829.83,90.35,8.4,-18.7,1.66,
5106232,Nova Olímpia,resto_mt,FALSE,2005,61382,39304,72,69591,77089,473,225,,62080,227314.54,98.88,0.76,0.36,0,0.9778,0.0296,Lavoura,0.2296,2097,3712.91,90.27,5.78,-30.04,1.66,
5106232,Nova Olímpia,resto_mt,FALSE,2006,95850,40128,72,67890,75787,501,295,,96646,331430.74,99.18,0.52,0.31,0,0.9837,0.0217,Lavoura,0.5818,2051.32,3470.5,89.58,8.25,45.8,1.66,1821.04
5106232,Nova Olímpia,resto_mt,FALSE,2007,143904,57932,72,65407,80018,374,330,,144608,465908.07,99.51,0.26,0.23,0,0.9902,0.0131,Lavoura,0.6358,2974.84,3358.68,81.74,8.04,40.57,1.66,275.03
5106232,Nova Olímpia,resto_mt,FALSE,2008,162958,56586,72,58175,73304,431,366,,163755,485019.51,99.51,0.26,0.22,0,0.9902,0.0131,Lavoura,0.4866,2783.37,2861.53,79.36,8.58,4.1,1.66,282
5106232,Nova Olímpia,resto_mt,FALSE,2009,135930,47534,72,64345,79912,469,418,,136817,377616.05,99.35,0.34,0.31,0,0.9871,0.0172,Lavoura,0.4075,2269.58,3072.24,80.52,7.94,-22.14,1.66,189.67
5106232,Nova Olímpia,resto_mt,FALSE,2010,113256,47390,72,66526,82154,829,385,,114470,291393.23,98.94,0.72,0.34,0,0.979,0.028,Lavoura,0.3979,2705.68,3798.23,80.98,6.16,-22.83,1.66,128.48
5106232,Nova Olímpia,resto_mt,FALSE,2011,142086,44144,72,72970,88889,1088,407,,143581,337428.47,98.96,0.76,0.28,0,0.9794,0.0275,Lavoura,0.3222,2484.05,4106.13,82.09,7.64,15.8,1.66,156.5
5106232,Nova Olímpia,resto_mt,FALSE,2012,187732,47532,72,69434,85545,2884,399,,191015,415869.58,98.28,1.51,0.21,0,0.9661,0.0452,Lavoura,0.356,2638.03,3853.59,81.17,8.76,23.25,1.66,183.13
5106232,Nova Olímpia,resto_mt,FALSE,2013,215922,46606,72,74120,90617,3912,396,1096.02,221326.02,448224.24,97.56,1.77,0.18,0.5,0.9521,0.0639,Lavoura,0.3684,2527.85,4020.18,81.79,9.62,7.78,1.66,216.73
5106232,Nova Olímpia,resto_mt,FALSE,2014,187026,45328,72,89918,107039,3955,401,3727,195109,366381.2,95.86,2.03,0.21,1.91,0.9197,0.1071,Lavoura,0.2769,2423.44,4807.42,84,8.09,-18.26,1.66,210.93
5106232,Nova Olímpia,resto_mt,FALSE,2015,181506,46868,72,84952,102576,4935,420,4687,191548,334393.5,94.76,2.58,0.22,2.45,0.8992,0.1344,Lavoura,0.2503,2471.29,4479.41,82.82,7.13,-8.73,1.66,183.84
5106232,Nova Olímpia,resto_mt,FALSE,2016,212732,47080,72,90019,107897,4980,421,2668,220801,356566.98,96.35,2.26,0.19,1.21,0.929,0.0947,Lavoura,0.2449,2449.79,4684.1,83.43,7.59,6.63,1.66,194.2
5106232,Nova Olímpia,resto_mt,FALSE,2017,241190,46888,72,86964,104932,5179,455,5752.01,252576.01,393435.31,95.49,2.05,0.18,2.28,0.9128,0.1163,Lavoura,0.2824,2408.84,4467.71,82.88,8.4,10.34,1.66,198.61
5106232,Nova Olímpia,resto_mt,FALSE,2018,252412,48618,72,91269,108987,2568,537,3748.99,259265.99,386489.12,97.36,0.99,0.21,1.45,0.9482,0.0691,Lavoura,0.2517,2426.77,4555.71,83.74,7.94,-1.77,1.66,199.42
5106232,Nova Olímpia,resto_mt,FALSE,2019,265252,47074,72,93283,111348,2868,536,4304.01,272960.01,390410.9,97.18,1.05,0.2,1.58,0.9448,0.0736,Lavoura,0.2284,2318.8,4595,83.78,8.3,1.01,1.66,212.86
5106232,Nova Olímpia,resto_mt,FALSE,2020,279174,47558,72,88841,107079,3021,472,3735,286402,384734.8,97.48,1.05,0.16,1.3,0.9505,0.066,Lavoura,0.1771,2312.79,4320.43,82.97,8.09,-1.45,1.66,224.06
5106232,Nova Olímpia,resto_mt,FALSE,2021,274360,46660,72,87033,105890,3351,522,3793,282026,335130.9,97.28,1.19,0.19,1.34,0.9467,0.0711,Lavoura,0.0917,2241.11,4180.26,82.19,7.18,-12.89,1.66,1801.79
5106232,Nova Olímpia,resto_mt,FALSE,2022,420068,44768,72,94165,113781,4273,572,3919.99,428832.99,469356.32,97.96,1,0.13,0.91,0.9598,0.0536,Lavoura,0.1211,2737.77,5758.62,82.76,10.49,40.05,1.66,1629.71
5106232,Nova Olímpia,resto_mt,FALSE,2023,479092,56666,72,93058,110755,9194,642,3539,492467,512558.07,97.28,1.87,0.13,0.72,0.9467,0.0711,Lavoura,0.1566,3465.39,5690.92,84.02,9.04,9.2,1.66,1891.37
5106232,Nova Olímpia,resto_mt,FALSE,2024,423978,48954,72,82528,100122,10294,619,4618.99,439509.99,439509.98,96.47,2.34,0.14,1.05,0.9313,0.0916,Lavoura,0.1762,3000.74,5058.72,82.43,8.99,-14.25,1.66,1575.31
5106190,Nova Santa Helena,resto_mt,FALSE,2000,0,0,72,,,,,,0,,,,,,,,Diversificado,0,,,,,,17.59,
5106190,Nova Santa Helena,resto_mt,FALSE,2001,3492,4390,72,121782,130931,188,225,,3905,,89.42,4.81,5.76,0,0.8052,0.2597,Lavoura,0.0441,1333.54,36993.32,93.01,,,17.59,
5106190,Nova Santa Helena,resto_mt,FALSE,2002,4744,5144,72,123609,132931,201,184,,5129,24803.68,92.49,3.92,3.59,0,0.8583,0.1889,Lavoura,0.0394,1534.15,36865.2,92.99,4.81,,17.59,
5106190,Nova Santa Helena,resto_mt,FALSE,2003,4218,3448,72,125500,134978,255,263,,4736,20074.47,89.06,5.38,5.55,0,0.7991,0.2679,Lavoura,0.0228,1010.55,36781.95,92.98,5.83,-19.07,17.59,
5106190,Nova Santa Helena,resto_mt,FALSE,2004,6798,4268,72,136037,145585,399,254,,7451,29310.34,91.24,5.35,3.41,0,0.8365,0.218,Lavoura,0.0246,1207.36,38482.89,93.44,6.87,46.01,17.59,
5106190,Nova Santa Helena,resto_mt,FALSE,2005,11602,10932,72,126536,136214,308,236,,12146,44474.26,95.52,2.54,1.94,0,0.9134,0.1155,Lavoura,0.0449,3034.14,35119.62,92.9,4.07,51.74,17.59,
5106190,Nova Santa Helena,resto_mt,FALSE,2006,6268,7542,72,132624,142438,363,183,,6814,23367.44,91.99,5.33,2.69,0,0.8498,0.2003,Lavoura,0.041,2054.48,36127.49,93.11,3.11,-47.46,17.59,243.41
5106190,Nova Santa Helena,resto_mt,FALSE,2007,10822,5010,72,123246,135218,1701,196,,12719,40978.95,85.09,13.37,1.54,0,0.7421,0.3439,Lavoura,0.0559,1496.86,36822.83,91.15,8.17,75.37,17.59,405.74
5106190,Nova Santa Helena,resto_mt,FALSE,2008,22728,6654,72,89600,100983,1788,328,,24844,73584.47,91.48,7.2,1.32,0,0.8422,0.2104,Lavoura,0.0738,1927.02,25948.45,88.73,11.05,79.57,17.59,588.67
5106190,Nova Santa Helena,resto_mt,FALSE,2009,21270,5624,72,105587,116416,2046,398,,23714,65450.83,89.69,8.63,1.68,0,0.8122,0.2504,Lavoura,0.0706,1619.35,30402.25,90.7,11.63,-11.05,17.59,439.27
5106190,Nova Santa Helena,resto_mt,FALSE,2010,13182,6766,72,117164,127364,2457,975,,16614,42292.37,79.34,14.79,5.87,0,0.6548,0.4603,Lavoura,0.0578,1950.98,33784.31,91.99,6.26,-35.38,17.59,276.43
5106190,Nova Santa Helena,resto_mt,FALSE,2011,6230,1742,72,142179,151381,3236,1382,,10848,25493.79,57.43,29.83,12.74,0,0.435,0.7533,Lavoura,0.0243,499.57,40774.02,93.92,14.64,-39.72,17.59,190.26
5106190,Nova Santa Helena,resto_mt,FALSE,2012,29964,13028,72,137185,145479,1999,594,,32557,70881.69,92.04,6.14,1.82,0,0.8512,0.1984,Lavoura,0.0607,3716.98,39139.8,94.3,5.45,178.04,17.59,532.94
5106190,Nova Santa Helena,resto_mt,FALSE,2013,31120,15428,72,127004,134248,2216,168,538,34042,68941.06,91.42,6.51,0.49,1.58,0.8403,0.2129,Lavoura,0.0567,4365.59,35937.75,94.6,4.48,-2.74,17.59,456.55
5106190,Nova Santa Helena,resto_mt,FALSE,2014,39630,16888,72,124495,131656,2772,134,2571.99,45107.99,84705.06,87.86,6.15,0.3,5.7,0.779,0.2947,Lavoura,0.064,4757.18,35069.01,94.56,5.01,22.87,17.59,519.66
5106190,Nova Santa Helena,resto_mt,FALSE,2015,80404,33119,72,123446,129354,2684,1006,2254,86348,150741.38,93.12,3.11,1.17,2.61,0.8689,0.1748,Lavoura,0.1128,9287.44,34617.5,95.43,4.56,77.96,17.59,846.87
5106190,Nova Santa Helena,resto_mt,FALSE,2016,118904,45528,72,122100,128663,1904,1081,4030,125919,203343.98,94.43,1.51,0.86,3.2,0.893,0.1427,Lavoura,0.1397,12713.77,34096.62,94.9,4.45,34.9,17.59,1087.4
5106190,Nova Santa Helena,resto_mt,FALSE,2017,152869,53620,72,121398,130040,1891,2420,3410,160590,250149.57,95.19,1.18,1.51,2.12,0.9069,0.1241,Lavoura,0.1795,14911.01,33759.18,93.35,4.66,23.02,17.59,1202.64
5106190,Nova Santa Helena,resto_mt,FALSE,2018,125584,50528,72,137199,147225,2144,678,3680,132086,196901.26,95.08,1.62,0.51,2.79,0.9051,0.1265,Lavoura,0.1282,13659.91,37090.84,93.19,3.89,-21.29,17.59,845.06
5106190,Nova Santa Helena,resto_mt,FALSE,2019,213334,71248,72,139335,150006,2586,2370,3777.01,222067.01,317619.36,96.07,1.16,1.07,1.7,0.9235,0.102,Lavoura,0.1858,19162.99,37475.79,92.89,4.45,61.31,17.59,1250.47
5106190,Nova Santa Helena,resto_mt,FALSE,2020,297764,76528,72,135600,146841,2952,3948,3840,308504,414425.27,96.52,0.96,1.28,1.24,0.932,0.0907,Lavoura,0.1908,20478.46,36285.79,92.34,5.42,30.48,17.59,1569.79
5106190,Nova Santa Helena,resto_mt,FALSE,2021,740954,106528,72,115646,127740,3370,8608,4392.01,757324.01,899926.53,97.84,0.44,1.14,0.58,0.9574,0.0568,Lavoura,0.2463,28369.64,30797.87,90.53,8.45,117.15,17.59,3060.97
5106190,Nova Santa Helena,resto_mt,FALSE,2022,1004786,118528,72,111586,124204,3114,5906,930,1014736,1110625.25,99.02,0.31,0.58,0.09,0.9805,0.026,Lavoura,0.2865,27961.31,26323.66,89.84,9.37,23.41,17.59,3816.57
5106190,Nova Santa Helena,resto_mt,FALSE,2023,940260,147826,72,109575,121944,8312,1527,1066.01,951165.01,989969.49,98.85,0.87,0.16,0.11,0.9772,0.0304,Lavoura,0.3024,34872.85,25849.26,89.86,6.69,-10.86,17.59,3267.23
5106190,Nova Santa Helena,resto_mt,FALSE,2024,854657,161528,72,105965,119677,8612,12175,1636,877080,877080,97.44,0.98,1.39,0.19,0.9497,0.0671,Lavoura,0.3517,36454.07,23914.47,88.54,5.42,-11.4,17.59,2963.11
5106240,Nova Ubiratã,resto_mt,FALSE,2000,176396,246744,72,19086,23591,28,207,,176631,,99.87,0.02,0.12,0,0.9974,0.0035,Lavoura,2.264,43640.61,3375.66,80.9,,,8,
5106240,Nova Ubiratã,resto_mt,FALSE,2001,104616,151072,72,24403,29056,273,1506,,106395,,98.33,0.26,1.42,0,0.9671,0.0439,Lavoura,1.2017,25279.79,4083.5,83.99,,,8,
5106240,Nova Ubiratã,resto_mt,FALSE,2002,348434,300676,72,31324,36103,279,1301,,350014,1692656.61,99.55,0.08,0.37,0,0.991,0.012,Lavoura,2.6912,48108.16,5011.84,86.76,5.63,,8,
5106240,Nova Ubiratã,resto_mt,FALSE,2003,491522,322670,72,30500,35504,854,1226,,493602,2092227.98,99.58,0.17,0.25,0,0.9916,0.0112,Lavoura,2.3734,49436.19,4672.9,85.91,6.49,23.61,8,
5106240,Nova Ubiratã,resto_mt,FALSE,2004,990636,452614,72,39619,44763,846,1043,,992525,3904341.17,99.81,0.09,0.11,0,0.9962,0.0051,Lavoura,3.2823,63676.7,5573.86,88.51,8.63,86.61,8,
5106240,Nova Ubiratã,resto_mt,FALSE,2005,665602,542250,72,31666,37018,963,1637,,668202,2446714.42,99.61,0.14,0.24,0,0.9922,0.0104,Lavoura,2.4715,72981.16,4261.91,85.54,4.51,-37.33,8,
5106240,Nova Ubiratã,resto_mt,FALSE,2006,420090,549046,72,47299,53034,1012,2923,,424025,1454120.39,99.07,0.24,0.69,0,0.9815,0.0247,Lavoura,2.5526,70853.79,6103.88,89.19,2.65,-40.57,8,1795.2
5106240,Nova Ubiratã,resto_mt,FALSE,2007,595392,582540,72,69465,90433,615,10248,,606255,1953274.34,98.21,0.1,1.69,0,0.9648,0.0469,Lavoura,2.6656,74857.36,8926.37,76.81,3.36,34.33,8,1977
5106240,Nova Ubiratã,resto_mt,FALSE,2008,1029602,600240,72,54627,75815,1152,4697,,1035451,3066861.63,99.44,0.11,0.45,0,0.9889,0.0148,Lavoura,3.0766,73875.69,6723.32,72.05,5.12,57.01,8,2614.55
5106240,Nova Ubiratã,resto_mt,FALSE,2009,1127360,676278,72,57495,78894,688,6311,,1134359,3130840.23,99.38,0.06,0.56,0,0.9877,0.0164,Lavoura,3.379,80778.55,6867.53,72.88,4.63,2.09,8,2583.21
5106240,Nova Ubiratã,resto_mt,FALSE,2010,807552,698782,72,58165,75778,917,13785,,822254,2093118.27,98.21,0.11,1.68,0,0.9648,0.0469,Lavoura,2.8583,75806.25,6309.94,76.76,3,-33.15,8,1645.54
5106240,Nova Ubiratã,resto_mt,FALSE,2011,1529532,752306,72,66157,83504,1104,19925,,1550561,3643959.93,98.64,0.07,1.29,0,0.9732,0.0357,Lavoura,3.4798,79256.85,6969.76,79.23,4.84,74.09,8,2887.46
5106240,Nova Ubiratã,resto_mt,FALSE,2012,1737344,830418,72,74705,92279,1111,15288,,1753743,3818173.27,99.06,0.06,0.87,0,0.9814,0.0248,Lavoura,3.2681,85109.97,7656.55,80.96,4.61,4.78,8,3037.52
5106240,Nova Ubiratã,resto_mt,FALSE,2013,1848064,1028242,72,72080,86103,1165,9310,5442.99,1863981.99,3774892.37,99.15,0.06,0.5,0.29,0.9831,0.0225,Lavoura,3.1023,100738.9,7061.82,83.71,3.67,-1.13,8,2879.39
5106240,Nova Ubiratã,resto_mt,FALSE,2014,2226938,1088406,72,73359,102137,1479,5763,9216.01,2243396.01,4212712.65,99.27,0.07,0.26,0.41,0.9855,0.0193,Lavoura,3.1833,103578.8,6981.25,71.82,3.87,11.6,8,2840.67
5106240,Nova Ubiratã,resto_mt,FALSE,2015,2402752,1150742,72,78295,106992,2079,10465,6330,2421626,4227535.67,99.22,0.09,0.43,0.26,0.9845,0.0207,Lavoura,3.1642,106540.32,7248.87,73.18,3.67,0.35,8,2715.17
5106240,Nova Ubiratã,resto_mt,FALSE,2016,4150038,1179702,72,77735,102927,1918,14810,6038.01,4172804.01,6738575.04,99.45,0.05,0.35,0.14,0.989,0.0147,Lavoura,4.6278,106528.99,7019.6,75.52,5.7,59.4,8,4164.76
5106240,Nova Ubiratã,resto_mt,FALSE,2017,3246072,1215268,72,73582,100524,1940,15392,4806.01,3268210.01,5090860.47,99.32,0.06,0.47,0.15,0.9865,0.018,Lavoura,3.6538,107053.21,6481.85,73.2,4.2,-24.45,8,2966.7
5106240,Nova Ubiratã,resto_mt,FALSE,2018,3376752,1194310,72,85112,120936,1436,6059,5024,3389271,5052403.23,99.63,0.04,0.18,0.15,0.9926,0.0099,Lavoura,3.2901,102130.15,7278.26,70.38,4.23,-0.76,8,2710.51
5106240,Nova Ubiratã,resto_mt,FALSE,2019,4675954,1404596,72,91268,166608,2061,3224,5715.99,4686954.99,6703686.54,99.77,0.04,0.07,0.12,0.9954,0.0061,Lavoura,3.922,117225.5,7617.09,54.78,4.76,32.68,8,3491.5
5106240,Nova Ubiratã,resto_mt,FALSE,2020,6944518,1568156,72,105205,221712,3331,8784,6240,6962873,9353494.78,99.74,0.05,0.13,0.09,0.9948,0.0069,Lavoura,4.306,127513.09,8554.64,47.45,5.96,39.53,8,4922.88
5106240,Nova Ubiratã,resto_mt,FALSE,2021,11710420,1479424,72,103029,257317,5541,26120,8536,11750617,13963233.39,99.66,0.05,0.22,0.07,0.9932,0.0091,Lavoura,3.8216,118429.72,8247.6,40.04,9.44,49.28,8,6278.43
5106240,Nova Ubiratã,resto_mt,FALSE,2022,13662016,1564646,72,115361,245849,5215,23587,10142,13700960,14995656.12,99.72,0.04,0.17,0.07,0.9944,0.0075,Lavoura,3.8679,135702.17,10005.29,46.92,9.57,7.39,8,6088.38
5106240,Nova Ubiratã,resto_mt,FALSE,2023,10926814,1606246,72,115310,202289,5766,3906,25573,10962059,11409275.85,99.68,0.05,0.04,0.23,0.9936,0.0085,Lavoura,3.4851,139310.15,10000.87,57,7.1,-23.92,8,4516.74
5106240,Nova Ubiratã,resto_mt,FALSE,2024,9142844,1612266,72,105633,217346,6966,14210,38222.01,9202242.01,9202242.02,99.35,0.08,0.15,0.42,0.9871,0.0172,Lavoura,3.6899,133157.09,8724.23,48.6,5.7,-19.34,8,4719.11
5106257,Nova Xavantina,resto_mt,FALSE,2000,32812,40512,72,222513,276006,3085,124,,36021,,91.09,8.56,0.34,0,0.8371,0.2172,Lavoura,0.4617,2271.87,12478.3,80.62,,,5.22,
5106257,Nova Xavantina,resto_mt,FALSE,2001,37030,50446,72,243970,297749,2058,109,,39197,,94.47,5.25,0.28,0,0.8952,0.1397,Lavoura,0.4427,2843.31,13750.99,81.94,,,5.22,
5106257,Nova Xavantina,resto_mt,FALSE,2002,60996,52550,72,274800,325087,1949,113,,63058,304946.49,96.73,3.09,0.18,0,0.9366,0.0845,Lavoura,0.4848,2970.6,15534.2,84.53,5.8,,5.22,
5106257,Nova Xavantina,resto_mt,FALSE,2003,84080,67880,72,276594,327440,1902,241,,86223,365472.94,97.51,2.21,0.28,0,0.9513,0.0649,Lavoura,0.4146,3851.78,15695.06,84.47,5.4,19.85,5.22,
5106257,Nova Xavantina,resto_mt,FALSE,2004,136108,89466,72,270929,316421,3142,198,,139448,548553.01,97.6,2.25,0.14,0,0.9531,0.0625,Lavoura,0.4612,5116.73,15494.94,85.62,6.13,50.09,5.22,
5106257,Nova Xavantina,resto_mt,FALSE,2005,118092,85776,72,283373,324658,2985,257,,121334,444281.3,97.33,2.46,0.21,0,0.9479,0.0695,Lavoura,0.4488,4927.39,16278.32,87.28,5.17,-19.01,5.22,
5106257,Nova Xavantina,resto_mt,FALSE,2006,58712,61348,72,259140,300128,3352,442,,62506,214353.51,93.93,5.36,0.71,0,0.8852,0.15310000000000001,Lavoura,0.3763,3539.58,14951.53,86.34,3.49,-51.75,5.22,607.22
5106257,Nova Xavantina,resto_mt,FALSE,2007,70672,51042,72,254307,292845,3562,263,,74497,240019.59,94.87,4.78,0.35,0,0.9023,0.1303,Lavoura,0.3276,2733.9,13621.16,86.84,4.71,11.97,5.22,559.49
5106257,Nova Xavantina,resto_mt,FALSE,2008,129978,79224,72,260456,299555,4162,284,,134424,398145.15,96.69,3.1,0.21,0,0.9359,0.0855,Lavoura,0.3994,4111.69,13517.54,86.95,5.01,65.88,5.22,992.88
5106257,Nova Xavantina,resto_mt,FALSE,2009,121874,81222,72,259449,298512,1357,210,,123441,340698.18,98.73,1.1,0.17,0,0.9749,0.0335,Lavoura,0.3677,4187.13,13375.04,86.91,4.2,-14.43,5.22,742.27
5106257,Nova Xavantina,resto_mt,FALSE,2010,132562,88744,72,283413,322791,1473,323,,134358,342019.84,98.66,1.1,0.24,0,0.9735,0.0353,Lavoura,0.467,4517.84,14428.19,87.8,3.84,0.39,5.22,633.37
5106257,Nova Xavantina,resto_mt,FALSE,2011,199798,96938,72,286318,324192,11791,141,,211730,497584.83,94.36,5.57,0.07,0,0.8935,0.142,Lavoura,0.4752,4900.07,14472.93,88.32,5.14,45.48,5.22,763.17
5106257,Nova Xavantina,resto_mt,FALSE,2012,227704,118346,72,286056,319225,6714,984,,235402,512507.03,96.73,2.85,0.42,0,0.9365,0.0847,Lavoura,0.4387,5941.96,14362.4,89.61,4.33,3,5.22,686.09
5106257,Nova Xavantina,resto_mt,FALSE,2013,283720,134472,72,297498,331946,7053,1839,2991,295603,598648.23,95.98,2.39,0.62,1.01,0.9219,0.1041,Lavoura,0.492,6675.87,14769.3,89.62,4.45,16.81,5.22,942.76
5106257,Nova Xavantina,resto_mt,FALSE,2014,393832,143146,72,321740,356393,8214,2123,3815.01,407984.01,766123.94,96.53,2.01,0.52,0.94,0.9323,0.0903,Lavoura,0.5789,7060.92,15870.37,90.28,5.35,27.98,5.22,1145.18
5106257,Nova Xavantina,resto_mt,FALSE,2015,319642,146986,72,334384,376326,7667,805,4781,332895,581148.99,96.02,2.3,0.24,1.44,0.9227,0.1031,Lavoura,0.435,7205.55,16392.18,88.85,3.95,-24.14,5.22,1052.8
5106257,Nova Xavantina,resto_mt,FALSE,2016,273048,139242,72,335173,382111,8502,1068,4254.01,286872.01,463263.69,95.18,2.96,0.37,1.48,0.907,0.124,Lavoura,0.3182,6786,16334.76,87.72,3.33,-20.28,5.22,724.98
5106257,Nova Xavantina,resto_mt,FALSE,2017,433058,165820,72,298981,350139,11348,1122,3172.01,448700.01,698935.85,96.51,2.53,0.25,0.71,0.9321,0.0905,Lavoura,0.5016,8034.3,14486.22,85.39,4.23,50.87,5.22,1142.05
5106257,Nova Xavantina,resto_mt,FALSE,2018,483362,153300,72,301458,344902,11549,1105,2688,498704,743420.55,96.92,2.32,0.22,0.54,0.9399,0.0801,Lavoura,0.4841,7220.57,14198.95,87.4,4.86,6.36,5.22,1170.74
5106257,Nova Xavantina,resto_mt,FALSE,2019,527970,162310,72,373036,419971,12363,1199,2132,543664,777595.06,97.11,2.27,0.22,0.39,0.9436,0.0752,Lavoura,0.4549,7593.81,17452.79,88.82,4.79,4.6,5.22,1262.33
5106257,Nova Xavantina,resto_mt,FALSE,2020,658646,161568,72,360416,409520,9590,1199,2388.01,671823.01,902485.66,98.04,1.43,0.18,0.36,0.9614,0.0515,Lavoura,0.4155,7714.29,17208.56,88.01,5.57,16.06,5.22,1496.65
5106257,Nova Xavantina,resto_mt,FALSE,2021,1122710,154678,72,362327,411608,15749,1031,2188,1141678,1356653.56,98.34,1.38,0.09,0.19,0.9673,0.0436,Lavoura,0.3713,7129.66,16700.94,88.03,8.78,50.32,5.22,2323.03
5106257,Nova Xavantina,resto_mt,FALSE,2022,1235036,148840,72,366331,412517,16679,1027,5032.01,1257774.01,1376629.57,98.19,1.33,0.08,0.4,0.9643,0.0476,Lavoura,0.3551,6113.78,15047.48,88.8,9.24,1.47,5.22,1888.39
5106257,Nova Xavantina,resto_mt,FALSE,2023,1149838,167416,72,387450,419669,26316,1313,64664,1242131,1292805.96,92.57,2.12,0.11,5.21,0.8601,0.1865,Lavoura,0.3949,6876.81,15914.97,92.32,7.71,-6.09,5.22,1783.18
5106257,Nova Xavantina,resto_mt,FALSE,2024,879500,183210,72,391311,423023,28146,360,25251,933257,933257.01,94.24,3.02,0.04,2.71,0.8898,0.1469,Lavoura,0.3742,7188.65,15353.96,92.5,5.09,-27.81,5.22,1212.03
5106273,Novo Horizonte do Norte,resto_mt,FALSE,2000,2716,3844,72,60000,78553,243,106,,3065,,88.61,7.93,3.46,0,0.7927,0.2764,Lavoura,0.0393,1094.84,17089.15,76.38,,,8.77,
5106273,Novo Horizonte do Norte,resto_mt,FALSE,2001,5042,7090,72,66948,86681,401,115,,5558,,90.72,7.21,2.07,0,0.8286,0.2285,Lavoura,0.0628,2077.35,19615.59,77.23,,,8.77,
5106273,Novo Horizonte do Norte,resto_mt,FALSE,2002,6098,8996,72,78794,99126,362,59,,6519,31525.68,93.54,5.55,0.91,0,0.8781,0.1625,Lavoura,0.0501,2683.77,23506.56,79.49,3.51,,8.77,
5106273,Novo Horizonte do Norte,resto_mt,FALSE,2003,8314,8098,72,82672,103104,427,90,,8831,37431.9,94.15,4.84,1.02,0,0.8889,0.1481,Lavoura,0.0425,2470.41,25220.26,80.18,4.63,18.73,8.77,
5106273,Novo Horizonte do Norte,resto_mt,FALSE,2004,9710,8920,72,93279,114126,577,86,,10373,40804.75,93.61,5.56,0.83,0,0.8794,0.1608,Lavoura,0.0343,2856.23,29868.4,81.73,4.58,9.01,8.77,
5106273,Novo Horizonte do Norte,resto_mt,FALSE,2005,6990,4754,72,94294,115389,553,123,,7666,28070.13,91.18,7.21,1.6,0,0.8368,0.2176,Lavoura,0.0284,1565.36,31048.4,81.72,5.91,-31.21,8.77,
5106273,Novo Horizonte do Norte,resto_mt,FALSE,2006,7966,3590,72,86808,108212,533,68,,8567,29379.04,92.98,6.22,0.79,0,0.8685,0.1753,Lavoura,0.0516,1216.12,29406.5,80.22,8.17,4.66,8.77,2259.92
5106273,Novo Horizonte do Norte,resto_mt,FALSE,2007,10932,4132,72,84552,104876,1542,76,,12550,40434.47,87.11,12.29,0.61,0,0.774,0.3013,Lavoura,0.0552,1086.8,22238.82,80.62,9.78,37.63,8.77,2695.62
5106273,Novo Horizonte do Norte,resto_mt,FALSE,2008,7892,4708,72,93167,115334,1617,126,,9635,28537.52,81.91,16.78,1.31,0,0.6993,0.4009,Lavoura,0.0286,1197.96,23706.62,80.78,6.06,-29.42,8.77,1297.15
5106273,Novo Horizonte do Norte,resto_mt,FALSE,2009,4438,1338,72,96456,119367,1769,502,,6709,18516.9,66.15,26.37,7.48,0,0.5127,0.6497,Lavoura,0.02,337.03,24296.22,80.81,13.85,-35.11,8.77,740.66
5106273,Novo Horizonte do Norte,resto_mt,FALSE,2010,7780,2786,72,101339,122827,1801,520,,10101,25712.96,77.02,17.83,5.15,0,0.6277,0.4964,Lavoura,0.0351,743.13,27030.94,82.51,9.24,38.86,8.77,612.21
5106273,Novo Horizonte do Norte,resto_mt,FALSE,2011,8232,1688,72,93024,116515,1815,6831,,16878,39664.84,48.77,10.75,40.47,0,0.4132,0.7824,Florestal,0.0379,447.98,24687.9,79.84,23.5,54.26,8.77,809.5
5106273,Novo Horizonte do Norte,resto_mt,FALSE,2012,10767,1866,72,104612,129848,1643,2111,,14521,31614.5,74.15,11.31,14.54,0,0.5838,0.5549,Lavoura,0.0271,493,27638.57,80.56,16.95,-20.3,8.77,1019.81
5106273,Novo Horizonte do Norte,resto_mt,FALSE,2013,11880,2134,72,100213,123052,2023,628,204,14735,29840.96,80.62,13.73,4.26,1.38,0.6708,0.4389,Lavoura,0.0245,559.37,26268.15,81.44,13.98,-5.61,8.77,609.01
5106273,Novo Horizonte do Norte,resto_mt,FALSE,2014,18487,5034,72,101996,123297,3245,549,245,22526,42299.95,82.07,14.41,2.44,1.09,0.695,0.4067,Lavoura,0.032,1314.36,26630.81,82.72,8.4,41.75,8.77,899.99
5106273,Novo Horizonte do Norte,resto_mt,FALSE,2015,33480,13918,72,97367,119533,4037,226,241,37984,66310.28,88.14,10.63,0.59,0.63,0.7882,0.2824,Lavoura,0.0496,3619.77,25323.02,81.46,4.76,56.76,8.77,1052.55
5106273,Novo Horizonte do Norte,resto_mt,FALSE,2016,49044,17114,72,111290,135134,4694,1463,0,55201,89142.96,88.85,8.5,2.65,0,0.7974,0.2701,Lavoura,0.0612,4431.38,28816.68,82.36,5.22,34.43,8.77,1330.5
5106273,Novo Horizonte do Norte,resto_mt,FALSE,2017,50313,21454,72,103298,130524,2444,3482,202,56441,87917.62,89.14,4.33,6.17,0.36,0.8003,0.2663,Lavoura,0.0631,5535.09,26650.67,79.14,4.1,-1.37,8.77,1418.02
5106273,Novo Horizonte do Norte,resto_mt,FALSE,2018,46484,18814,72,108781,132434,2639,3755,202,53080,79126.61,87.57,4.97,7.07,0.38,0.7743,0.3009,Lavoura,0.0515,4721.2,27297.62,82.14,4.2,-10,8.77,1055.02
5106273,Novo Horizonte do Norte,resto_mt,FALSE,2019,51270,16214,72,106221,130374,3131,166,374.99,54941.99,78582.77,93.32,5.7,0.3,0.68,0.8742,0.1677,Lavoura,0.046,4049.45,26528.72,81.47,4.84,-0.69,8.77,873.14
5106273,Novo Horizonte do Norte,resto_mt,FALSE,2020,87631,21814,72,107512,123179,3432,157,366.01,91586.01,123031,95.68,3.75,0.17,0.4,0.9169,0.1108,Lavoura,0.0566,5384.84,26539.62,87.28,5.65,56.56,8.77,1308.84
5106273,Novo Horizonte do Norte,resto_mt,FALSE,2021,139065,20214,72,107490,124616,4463,158,388,144074,171202.83,96.52,3.1,0.11,0.27,0.9326,0.0899,Lavoura,0.0469,4967.81,26416.81,86.26,8.48,39.15,8.77,1821.32
5106273,Novo Horizonte do Norte,resto_mt,FALSE,2022,129282,17414,72,115511,146450,3293,234,746,133555,146175.52,96.8,2.47,0.18,0.56,0.9377,0.0831,Lavoura,0.0377,5199.76,34491.19,78.87,8.4,-14.62,8.77,1150.99
5106273,Novo Horizonte do Norte,resto_mt,FALSE,2023,220446,30814,72,109996,138800,11724,81,923,233174,242686.75,94.54,5.03,0.03,0.4,0.8963,0.1383,Lavoura,0.0741,9200.96,32844.43,79.25,7.87,66.02,8.77,2092.12
5106273,Novo Horizonte do Norte,resto_mt,FALSE,2024,187524,29814,72,105299,131989,11158,113,1701,200496,200496,93.53,5.57,0.06,0.85,0.878,0.1627,Lavoura,0.0804,9015.42,31841.25,79.78,6.72,-17.38,8.77,1643.4
5106265,Novo Mundo,resto_mt,FALSE,2000,22598,32940,72,92773,126968,690,720,,24008,,94.13,2.87,3,0,0.8878,0.1496,Lavoura,0.3077,6591.96,18565.74,73.07,,,11.17,
5106265,Novo Mundo,resto_mt,FALSE,2001,17786,22050,72,124842,160036,914,786,,19486,,91.28,4.69,4.03,0,0.837,0.2173,Lavoura,0.2201,4248.55,24054.34,78.01,,,11.17,
5106265,Novo Mundo,resto_mt,FALSE,2002,26544,26734,72,195662,232088,1603,1138,,29285,141621.34,90.64,5.47,3.89,0,0.8261,0.2319,Lavoura,0.2252,4926.11,36053.44,84.31,5.29,,11.17,
5106265,Novo Mundo,resto_mt,FALSE,2003,24072,18656,72,249277,286225,2056,1634,,27762,117674.63,86.71,7.41,5.89,0,0.7608,0.3189,Lavoura,0.1335,3315.44,44300.16,87.09,6.31,-16.91,11.17,
5106265,Novo Mundo,resto_mt,FALSE,2004,41956,30150,72,294515,332710,3565,1154,,46675,183607.59,89.89,7.64,2.47,0,0.8145,0.2473,Lavoura,0.1544,4986.77,48712.37,88.52,6.08,56.03,11.17,
5106265,Novo Mundo,resto_mt,FALSE,2005,22176,23290,72,319661,358559,2740,989,,25905,94854.75,85.61,10.58,3.82,0,0.7456,0.3392,Lavoura,0.0958,3709.78,50917.65,89.15,4.07,-48.34,11.17,
5106265,Novo Mundo,resto_mt,FALSE,2006,9482,11690,72,317643,357156,2785,747,,13014,44629.26,72.86,21.4,5.74,0,0.5799,0.5601,Lavoura,0.0783,1796.25,48808.08,88.94,3.82,-52.95,11.17,391.49
5106265,Novo Mundo,resto_mt,FALSE,2007,10168,7826,72,306634,338039,3966,728,,14862,47883.41,68.42,26.69,4.9,0,0.5418,0.6109,Lavoura,0.0653,1163.72,45596.13,90.71,6.11,7.29,11.17,288.47
5106265,Novo Mundo,resto_mt,FALSE,2008,24332,12276,72,349698,376143,2896,1087,,28315,83865.09,85.93,10.23,3.84,0,0.7503,0.3329,Lavoura,0.0841,1749.96,49850.04,92.97,6.82,75.14,11.17,374.4
5106265,Novo Mundo,resto_mt,FALSE,2009,34052,15056,72,374490,404745,2889,1554,,38495,106246.52,88.46,7.5,4.04,0,0.7898,0.2803,Lavoura,0.1147,2086.47,51897.17,92.52,7.05,26.69,11.17,431.88
5106265,Novo Mundo,resto_mt,FALSE,2010,47752,30756,72,406459,441010,4163,1376,,53291,135656.82,89.61,7.81,2.58,0,0.8098,0.2536,Lavoura,0.1852,4194.76,55436.31,92.17,4.4,27.68,11.17,461.41
5106265,Novo Mundo,resto_mt,FALSE,2011,40832,18656,72,403008,433919,4762,1965,,47559,111768,85.86,10.01,4.13,0,0.7489,0.3348,Lavoura,0.1067,2483.49,53648.56,92.88,5.98,-17.61,11.17,382.78
5106265,Novo Mundo,resto_mt,FALSE,2012,48021,17851,72,398509,431835,4945,788,,53754,117030.87,89.33,9.2,1.47,0,0.8067,0.2577,Lavoura,0.1002,2322.84,51855.43,92.28,6.57,4.71,11.17,351.44
5106265,Novo Mundo,resto_mt,FALSE,2013,57853,22801,72,373015,404789,6194,319,408,64774,131178.78,89.32,9.56,0.49,0.63,0.807,0.2573,Lavoura,0.10780000000000001,2857.63,46749.59,92.15,5.75,12.09,11.17,397.52
5106265,Novo Mundo,resto_mt,FALSE,2014,105538,44046,72,351644,385111,7191,370,368,113467,213071.56,93.01,6.34,0.33,0.32,0.8691,0.1745,Lavoura,0.161,5388.55,43019.82,91.31,4.84,62.43,11.17,729.69
5106265,Novo Mundo,resto_mt,FALSE,2015,168528,65748,72,349607,380005,6626,352,334,175840,306971.38,95.84,3.77,0.2,0.19,0.92,0.1067,Lavoura,0.2298,7860.83,41799.02,92,4.66,44.07,11.17,962.28
5106265,Novo Mundo,resto_mt,FALSE,2016,236042,80066,72,371892,401509,7064,298,440,243844,393778.63,96.8,2.9,0.12,0.18,0.9379,0.0828,Lavoura,0.2704,9365.54,43501.23,92.62,4.91,28.28,11.17,1193.27
5106265,Novo Mundo,resto_mt,FALSE,2017,249825,93548,72,374153,401097,8954,403,414,259596,404370.28,96.24,3.45,0.16,0.16,0.9274,0.0968,Lavoura,0.2902,10715.69,42858.3,93.28,4.33,2.69,11.17,1139.07
5106265,Novo Mundo,resto_mt,FALSE,2018,242220,87948,72,366162,386007,8859,414,470.01,251963.01,375602.51,96.13,3.52,0.16,0.19,0.9253,0.0996,Lavoura,0.2446,9782.87,40729.92,94.86,4.28,-7.11,11.17,1023.43
5106265,Novo Mundo,resto_mt,FALSE,2019,416642,139704,72,392069,412761,11062,342,744.01,428790.01,613292.38,97.17,2.58,0.08,0.17,0.9449,0.0735,Lavoura,0.3588,15221.62,42718.35,94.99,4.38,63.28,11.17,1540.95
5106265,Novo Mundo,resto_mt,FALSE,2020,609889,147942,72,396504,417380,12114,369,716.02,623088.02,837018.08,97.88,1.94,0.06,0.11,0.9584,0.0555,Lavoura,0.3853,15800.7,42347.97,95,5.65,36.48,11.17,1969.44
5106265,Novo Mundo,resto_mt,FALSE,2021,1137751,153942,72,374747,393926,14652,405,736.01,1153544.01,1370753.92,98.63,1.27,0.04,0.06,0.9729,0.0361,Lavoura,0.3752,16128.03,39261.08,95.13,8.91,63.77,11.17,2891.89
5106265,Novo Mundo,resto_mt,FALSE,2022,1635286,203942,72,399197,420783,13767,373,604,1650030,1805952.47,99.11,0.83,0.02,0.04,0.9823,0.0236,Lavoura,0.4658,31279.45,61226.53,94.87,8.86,31.75,11.17,3433.36
5106265,Novo Mundo,resto_mt,FALSE,2023,1603060,243078,72,357822,377825,30364,247,627,1634298,1700972.12,98.09,1.86,0.02,0.04,0.9625,0.05,Lavoura,0.5196,37281.9,54880.67,94.71,7,-5.81,11.17,2585.07
5106265,Novo Mundo,resto_mt,FALSE,2024,1422167,287942,72,320130,341210,31034,462,896,1454559,1454558.99,97.77,2.13,0.03,0.06,0.9564,0.0581,Lavoura,0.5833,44683.74,49678.77,93.82,5.04,-14.49,11.17,2272.75
5106315,Novo Santo Antônio,resto_mt,FALSE,2000,0,0,72,,,,,,0,,,,,,,,Diversificado,0,,,,,,4.7,
5106315,Novo Santo Antônio,resto_mt,FALSE,2001,652,740,72,4115,6219,19,13,,684,,95.32,2.78,1.9,0,0.9097,0.1204,Lavoura,0.0077,625,3475.51,66.17,,,4.7,
5106315,Novo Santo Antônio,resto_mt,FALSE,2002,2060,1300,72,10025,12190,79,22,,2161,10450.52,95.33,3.66,1.02,0,0.9102,0.1197,Lavoura,0.0166,1100.76,8488.57,82.24,8.04,,4.7,
5106315,Novo Santo Antônio,resto_mt,FALSE,2003,3234,1420,72,13687,15913,107,22,,3363,14254.72,96.16,3.18,0.65,0,0.9257,0.0991,Lavoura,0.0162,1205.43,11618.85,86.01,10.03,36.4,4.7,
5106315,Novo Santo Antônio,resto_mt,FALSE,2004,2304,1780,72,14292,16608,169,12,,2485,9775.36,92.72,6.8,0.48,0,0.8643,0.1809,Lavoura,0.0082,1520.07,12204.95,86.05,5.5,-31.42,4.7,
5106315,Novo Santo Antônio,resto_mt,FALSE,2005,2310,1520,72,18646,21118,223,13,,2546,9322.52,90.73,8.76,0.51,0,0.8309,0.2255,Lavoura,0.0094,1301.37,15964.04,88.29,6.13,-4.63,4.7,
5106315,Novo Santo Antônio,resto_mt,FALSE,2006,2244,2600,72,19427,21924,228,51,,2523,8652.19,88.94,9.04,2.02,0,0.7996,0.2672,Lavoura,0.0152,2231.76,16675.54,88.61,3.33,-7.19,4.7,4326.1
5106315,Novo Santo Antônio,resto_mt,FALSE,2007,2582,2196,72,21453,25926,345,55,,2982,9607.6,86.59,11.57,1.84,0,0.7635,0.3153,Lavoura,0.0131,1040.76,10167.3,82.75,4.38,11.04,4.7,4803.8
5106315,Novo Santo Antônio,resto_mt,FALSE,2008,4536,2200,72,20708,25298,348,92,,4976,14738.23,91.16,6.99,1.85,0,0.8362,0.2184,Lavoura,0.0148,990.54,9323.73,81.86,6.69,53.4,4.7,7369.12
5106315,Novo Santo Antônio,resto_mt,FALSE,2009,5434,2040,72,46160,51983,425,147,,6006,16576.6,90.48,7.08,2.45,0,0.8243,0.2343,Lavoura,0.0179,877.42,19853.76,88.8,8.12,12.47,4.7,1657.66
5106315,Novo Santo Antônio,resto_mt,FALSE,2010,5210,2040,72,43005,49033,425,137,,5772,14693.12,90.26,7.36,2.37,0,0.8207,0.2391,Lavoura,0.0201,1017.46,21448.88,87.71,7.2,-11.36,4.7,2448.85
5106315,Novo Santo Antônio,resto_mt,FALSE,2011,2942,820,72,40506,46757,454,42,,3438,8079.61,85.57,13.21,1.22,0,0.7498,0.3336,Lavoura,0.0077,396.52,19587.04,86.63,9.85,-45.01,4.7,897.73
5106315,Novo Santo Antônio,resto_mt,FALSE,2012,2468,440,72,43779,45583,542,67,,3077,6699.12,80.21,17.61,2.18,0,0.67490000000000006,0.4335,Lavoura,0.0057,206.67,20563.18,96.04,15.22,-17.09,4.7,478.52
5106315,Novo Santo Antônio,resto_mt,FALSE,2013,2774,500,72,40417,43176,695,7,0,3476,7039.51,79.8,19.99,0.2,0,0.6768,0.4309,Lavoura,0.0058,224.01,18107.97,93.61,14.08,5.08,4.7,586.63
5106315,Novo Santo Antônio,resto_mt,FALSE,2014,2172,560,72,41216,43662,673,2,0,2847,5346.19,76.29,23.64,0.07,0,0.6379,0.4828,Lavoura,0.004,243.37,17912.21,94.4,9.55,-24.05,4.7,534.62
5106315,Novo Santo Antônio,resto_mt,FALSE,2015,6678,2040,72,44827,48781,735,4,0,7417,12948.17,90.04,9.91,0.05,0,0.8205,0.2393,Lavoura,0.0097,861.12,18922.33,91.89,6.34,142.19,4.7,863.21
5106315,Novo Santo Antônio,resto_mt,FALSE,2016,7108,2240,72,50777,54921,1305,4,0,8417,13592.44,84.45,15.5,0.05,0,0.7372,0.3504,Lavoura,0.0093,920.3,20861.54,92.45,6.06,4.98,4.7,1235.68
5106315,Novo Santo Antônio,resto_mt,FALSE,2017,7644,2496,72,47960,58217,336,4,0,7984,12436.61,95.74,4.21,0.05,0,0.9184,0.1088,Lavoura,0.0089,999.2,19199.36,82.38,4.99,-8.5,4.7,621.84
5106315,Novo Santo Antônio,resto_mt,FALSE,2018,10774,4096,72,53794,64635,613,6,0,11393,16983.59,94.57,5.38,0.05,0,0.8972,0.1371,Lavoura,0.0111,1591.3,20898.99,83.23,4.15,36.56,4.7,1213.12
5106315,Novo Santo Antônio,resto_mt,FALSE,2019,13230,5150,72,58535,70684,650,5,0,13885,19859.52,95.28,4.68,0.04,0,0.91,0.12,Lavoura,0.0116,1950.76,22172.35,82.81,3.84,16.93,4.7,1045.24
5106315,Novo Santo Antônio,resto_mt,FALSE,2020,14726,4150,72,67626,79374,638,6,0,15370,20647.12,95.81,4.15,0.04,0,0.9197,0.1071,Lavoura,0.0095,1534.2,25000.37,85.2,4.96,3.97,4.7,1032.36
5106315,Novo Santo Antônio,resto_mt,FALSE,2021,26088,4166,72,81030,92394,681,7,0,26776,31817.86,97.43,2.54,0.03,0,0.9499,0.0668,Lavoura,0.0087,1504.51,29263.27,87.7,7.64,54.1,4.7,1178.43
5106315,Novo Santo Antônio,resto_mt,FALSE,2022,32780,4216,72,94861,106517,615,7,248,33650,36829.82,97.41,1.83,0.02,0.74,0.9493,0.0676,Lavoura,0.0095,2092.31,47077.42,89.06,8.73,15.75,4.7,1083.22
5106315,Novo Santo Antônio,resto_mt,FALSE,2023,38576,5426,72,85938,97424,1430,7,402,40415,42063.8,95.45,3.54,0.02,0.99,0.9124,0.1168,Lavoura,0.0128,2692.8,42649.13,88.21,7.76,14.21,4.7,1237.18
5106315,Novo Santo Antônio,resto_mt,FALSE,2024,27168,5426,72,77747,85181,1108,7,431,28714,28714.01,94.62,3.86,0.02,1.5,0.897,0.1373,Lavoura,0.0115,2659.8,38111.27,91.27,5.29,-31.74,4.7,870.13
5106281,Novo São Joaquim,resto_mt,FALSE,2000,348572,359538,72,219145,246066,1242,82,,349896,,99.62,0.35,0.02,0,0.9924,0.0101,Lavoura,4.4849,37990.07,23155.64,89.06,,,4.36,
5106281,Novo São Joaquim,resto_mt,FALSE,2001,134214,100258,72,173415,194953,878,76,,135168,,99.29,0.65,0.06,0,0.9859,0.0188,Lavoura,1.5267,12866.79,22255.52,88.95,,,4.36,
5106281,Novo São Joaquim,resto_mt,FALSE,2002,203930,166198,72,194713,215488,905,73,,204908,990928.59,99.52,0.44,0.04,0,0.9904,0.0128,Lavoura,1.5755,20847.72,24424.61,90.36,5.96,,4.36,
5106281,Novo São Joaquim,resto_mt,FALSE,2003,310924,183552,72,202218,223220,1037,171,,312132,1323032.13,99.61,0.33,0.05,0,0.9922,0.0104,Lavoura,1.5009,22518.95,24808.98,90.59,7.2,33.51,4.36,
5106281,Novo São Joaquim,resto_mt,FALSE,2004,410126,202274,72,216561,235348,1700,154,,411980,1620624.65,99.55,0.41,0.04,0,0.991,0.012,Lavoura,1.3624,23718.81,25394.11,92.02,8.02,22.49,4.36,
5106281,Novo São Joaquim,resto_mt,FALSE,2005,389298,209628,72,236388,253882,1514,281,,391093,1432041.35,99.54,0.39,0.07,0,0.9908,0.0123,Lavoura,1.4465,23995.88,27059.07,93.11,6.82,-11.64,4.36,
5106281,Novo São Joaquim,resto_mt,FALSE,2006,160752,159252,72,223960,241287,1595,249,,162596,557594.86,98.87,0.98,0.15,0,0.9776,0.0299,Lavoura,0.9788,17805.46,25040.25,92.82,3.51,-61.06,4.36,552.62
5106281,Novo São Joaquim,resto_mt,FALSE,2007,246514,166874,72,236999,262316,2059,144,,248717,801333.65,99.11,0.83,0.06,0,0.9823,0.0236,Lavoura,1.0936,24254.94,34447.53,90.35,4.81,43.71,4.36,590.53
5106281,Novo São Joaquim,resto_mt,FALSE,2008,330548,177152,72,222484,247839,2069,98,,332715,985455.5,99.35,0.62,0.03,0,0.9871,0.0172,Lavoura,0.9886,25138.64,31571.45,89.77,5.57,22.98,4.36,846.61
5106281,Novo São Joaquim,resto_mt,FALSE,2009,368536,191356,72,257155,282763,2120,93,,370749,1023270.31,99.4,0.57,0.03,0,0.9881,0.0159,Lavoura,1.1044,27395.28,36815.32,90.94,5.35,3.84,4.36,1038.85
5106281,Novo São Joaquim,resto_mt,FALSE,2010,354288,227422,72,269651,294994,2477,98,,356863,908425.46,99.28,0.69,0.03,0,0.9857,0.0191,Lavoura,1.2405,37640.19,44629.43,91.41,4,-11.22,4.36,1312.76
5106281,Novo São Joaquim,resto_mt,FALSE,2011,524624,234658,72,267365,297685,2447,155,,527226,1239029.24,99.51,0.46,0.03,0,0.9902,0.0131,Lavoura,1.1832,39611.41,45132.51,89.81,5.27,36.39,4.36,1811.44
5106281,Novo São Joaquim,resto_mt,FALSE,2012,638782,255854,72,250263,275041,3912,126,,642820,1399519.86,99.37,0.61,0.02,0,0.9875,0.0167,Lavoura,1.1979,44036.83,43074.53,90.99,5.47,12.95,4.36,1555.02
5106281,Novo São Joaquim,resto_mt,FALSE,2013,684922,255788,72,243740,264693,2899,838,210,688869,1395081.25,99.43,0.42,0.12,0.03,0.9887,0.0151,Lavoura,1.1465,45586.88,43439.67,92.08,5.45,-0.32,4.36,1340.12
5106281,Novo São Joaquim,resto_mt,FALSE,2014,719130,252846,72,253444,272023,2968,426,331,722855,1357397.61,99.48,0.41,0.06,0.05,0.9896,0.0139,Lavoura,1.0257,46266.42,46375.85,93.17,5.37,-2.7,4.36,1306.45
5106281,Novo São Joaquim,resto_mt,FALSE,2015,732186,254326,72,263090,281232,2460,565,372,735583,1284138.57,99.54,0.33,0.08,0.05,0.9908,0.0123,Lavoura,0.9611,47778.7,49425.14,93.55,5.04,-5.4,4.36,1255.28
5106281,Novo São Joaquim,resto_mt,FALSE,2016,873426,209858,72,280518,296301,3512,464,410,877812,1417560.48,99.5,0.4,0.05,0.05,0.99,0.0133,Lavoura,0.9735,40357.31,53945.77,94.67,6.75,10.39,4.36,1453.91
5106281,Novo São Joaquim,resto_mt,FALSE,2017,743060,241222,72,248401,264211,2325,521,651,746557,1162904.94,99.53,0.31,0.07,0.09,0.9906,0.0125,Lavoura,0.8346,47615.87,49032.96,94.02,4.81,-17.96,4.36,1296.44
5106281,Novo São Joaquim,resto_mt,FALSE,2018,739794,235974,72,243684,252784,1835,445,635.99,742709.99,1107161.49,99.61,0.25,0.06,0.09,0.9922,0.0104,Lavoura,0.721,45388.34,46871.32,96.4,4.68,-4.79,4.36,1235.68
5106281,Novo São Joaquim,resto_mt,FALSE,2019,976976,232394,72,265560,276166,10614,297,846,988733,1414171.05,98.81,1.07,0.03,0.09,0.9765,0.0313,Lavoura,0.8274,45800.95,52337.41,96.16,6.08,27.73,4.36,1554.03
5106281,Novo São Joaquim,resto_mt,FALSE,2020,1448854,246130,72,271788,282980,7972,362,838.01,1458026.01,1958622.36,99.37,0.55,0.02,0.06,0.9875,0.0167,Lavoura,0.9017,49844.07,55040.1,96.04,7.97,38.5,4.36,2251.29
5106281,Novo São Joaquim,resto_mt,FALSE,2021,2449608,260430,72,265204,275946,9611,434,978.01,2460631.01,2923962.64,99.55,0.39,0.02,0.04,0.991,0.012,Lavoura,0.8003,53841.22,54828.2,96.11,11.23,49.29,4.36,3296.46
5106281,Novo São Joaquim,resto_mt,FALSE,2022,3238940,280528,72,269247,280248,8260,387,721,3248308,3555262.52,99.71,0.25,0.01,0.02,0.9942,0.0077,Lavoura,0.917,40544.59,38914.15,96.07,12.68,21.59,4.36,3405.43
5106281,Novo São Joaquim,resto_mt,FALSE,2023,2279520,280528,72,270445,297386,25230,607,398,2305755,2399822.41,98.86,1.09,0.03,0.02,0.9774,0.0301,Lavoura,0.7331,40544.59,39087.3,90.94,8.55,-32.5,4.36,2287.72
5106281,Novo São Joaquim,resto_mt,FALSE,2024,2499392,301728,72,283162,308141,30890,760,1231,2532273,2532272.99,98.7,1.22,0.03,0.05,0.9743,0.0343,Lavoura,1.0154,42140.78,39547.77,91.89,8.4,5.52,4.36,2453.74
5106307,Paranatinga,resto_mt,FALSE,2000,48150,93860,72,316497,357268,1117,197,,49464,,97.34,2.26,0.4,0,0.948,0.0693,Lavoura,0.634,6117.85,20629.45,88.59,,,14.21,
5106307,Paranatinga,resto_mt,FALSE,2001,43774,85506,72,355926,392148,2097,228,,46099,,94.96,4.55,0.49,0,0.9038,0.1283,Lavoura,0.5207,5557.03,23131.6,90.76,,,14.21,
5106307,Paranatinga,resto_mt,FALSE,2002,55890,87906,72,409852,451397,1791,433,,58114,281037.45,96.17,3.08,0.75,0,0.9259,0.0988,Lavoura,0.4468,5678.32,26474.52,90.8,3.21,,14.21,
5106307,Paranatinga,resto_mt,FALSE,2003,121848,105818,72,454784,496003,2524,435,,124807,529018.72,97.63,2.02,0.35,0,0.9536,0.0619,Lavoura,0.6001,6807.2,29255.97,91.69,4.99,88.24,14.21,
5106307,Paranatinga,resto_mt,FALSE,2004,242816,180074,72,473473,500233,2010,608,,245434,965474.99,98.93,0.82,0.25,0,0.9788,0.0283,Lavoura,0.8117,11483.58,30194.06,94.65,5.37,82.5,14.21,
5106307,Paranatinga,resto_mt,FALSE,2005,162230,247056,72,483383,510581,2518,467,,165215,604957.67,98.19,1.52,0.28,0,0.9644,0.0475,Lavoura,0.6111,15681.12,30681.24,94.67,2.44,-37.34,14.21,
5106307,Paranatinga,resto_mt,FALSE,2006,76852,129360,72,473577,503282,2525,426,,79803,273670.58,96.3,3.16,0.53,0,0.9284,0.0955,Lavoura,0.4804,8171.83,29916.42,94.1,2.11,-54.76,14.21,439.27
5106307,Paranatinga,resto_mt,FALSE,2007,118782,138246,72,473760,524966,3156,507,,122445,394501.78,97.01,2.58,0.41,0,0.9418,0.0776,Lavoura,0.5384,6900.91,23648.98,90.25,2.85,44.15,14.21,566.01
5106307,Paranatinga,resto_mt,FALSE,2008,271304,179080,72,454111,505211,3327,610,,275241,815225.49,98.57,1.21,0.22,0,0.9718,0.0376,Lavoura,0.8178,8579.09,21754.86,89.89,4.56,106.65,14.21,957.95
5106307,Paranatinga,resto_mt,FALSE,2009,285558,215478,72,492271,543788,3507,685,,289750,799712.39,98.55,1.21,0.24,0,0.9714,0.0381,Lavoura,0.8631,10057.79,22977.55,90.53,3.72,-1.9,14.21,872.09
5106307,Paranatinga,resto_mt,FALSE,2010,226040,224986,72,487595,532902,3482,485,,230007,585502.6,98.28,1.51,0.21,0,0.9661,0.0452,Lavoura,0.7995,11663.35,25277.09,91.5,2.6,-26.79,14.21,606.74
5106307,Paranatinga,resto_mt,FALSE,2011,406210,219148,72,521085,565417,3943,521,,410674,965121.38,98.91,0.96,0.13,0,0.9784,0.0288,Lavoura,0.9216,11184.44,26594.11,92.16,4.4,64.84,14.21,822.78
5106307,Paranatinga,resto_mt,FALSE,2012,631504,293262,72,493093,533016,3105,1408,,636017,1384708.64,99.29,0.49,0.22,0,0.9859,0.0188,Lavoura,1.1852,14746.42,24794.74,92.51,4.71,43.48,14.21,954.98
5106307,Paranatinga,resto_mt,FALSE,2013,1162540,431852,72,437578,448623,2276,1728,0,1166544,2362457.41,99.66,0.2,0.15,0,0.9932,0.0091,Lavoura,1.9415,21186.87,21467.79,97.54,5.47,70.61,14.21,1686.27
5106307,Paranatinga,resto_mt,FALSE,2014,1412748,462298,72,440326,454912,3441,1680,498,1418367,2663449.76,99.6,0.24,0.12,0.04,0.992,0.0107,Lavoura,2.0126,22330,21268.71,96.79,5.75,12.74,14.21,1734.03
5106307,Paranatinga,resto_mt,FALSE,2015,1063800,519672,72,410194,424712,3866,2301,432,1070399,1868641.14,99.38,0.36,0.21,0.04,0.9877,0.0164,Lavoura,1.3986,24729.8,19520.03,96.58,3.59,-29.84,14.21,1124.33
5106307,Paranatinga,resto_mt,FALSE,2016,1113378,437962,72,449845,465029,2078,1807,696,1117959,1805368.9,99.59,0.19,0.16,0.06,0.9918,0.0109,Lavoura,1.2399,20545.2,21102.64,96.73,4.12,-3.39,14.21,1141.92
5106307,Paranatinga,resto_mt,FALSE,2017,1237100,490542,72,426675,444094,2708,1311,810,1241929,1934541.3,99.61,0.22,0.11,0.07,0.9922,0.0104,Lavoura,1.3884,22697.67,19742.5,96.08,3.95,7.15,14.21,1192.68
5106307,Paranatinga,resto_mt,FALSE,2018,989030,566546,72,422130,443065,2519,2414,807.99,994770.99,1482910.1,99.42,0.25,0.24,0.08,0.9884,0.0155,Lavoura,0.9657,25467.32,18975.55,95.27,2.62,-23.35,14.21,884.26
5106307,Paranatinga,resto_mt,FALSE,2019,2534980,764234,72,434712,455396,2497,1951,2970,2542398,3636356.49,99.71,0.1,0.08,0.12,0.9942,0.0077,Lavoura,2.1274,33871.12,19266.59,95.46,4.76,145.22,14.21,2195.87
5106307,Paranatinga,resto_mt,FALSE,2020,3030430,712794,72,443665,466184,2503,3433,2954,3039320,4082835.32,99.71,0.08,0.11,0.1,0.9942,0.0077,Lavoura,1.8796,31179.48,19407.07,95.17,5.73,12.28,14.21,2220.13
5106307,Paranatinga,resto_mt,FALSE,2021,5779160,694496,72,433048,454455,2492,8920,2388,5792960,6883762.16,99.76,0.04,0.15,0.04,0.9952,0.0064,Lavoura,1.884,29870.8,18625.72,95.29,9.9,68.6,14.21,3481.93
5106307,Paranatinga,resto_mt,FALSE,2022,7293940,744676,72,409325,430850,2434,9630,2694,7308698,7999346.15,99.8,0.03,0.13,0.04,0.996,0.0053,Lavoura,2.0633,28182.87,15491.24,95,10.74,16.21,14.21,3283.81
5106307,Paranatinga,resto_mt,FALSE,2023,7927866,1046646,72,399258,442545,14218,4822,12466,7959372,8284088.86,99.6,0.18,0.06,0.16,0.992,0.0107,Lavoura,2.5305,39611.17,15110.24,90.22,7.92,3.56,14.21,3282.13
5106307,Paranatinga,resto_mt,FALSE,2024,5195730,1057042,72,390793,426927,11528,8415,8278,5223951,5223950.99,99.46,0.22,0.16,0.16,0.9892,0.0144,Lavoura,2.0947,37446.58,13844.16,91.54,4.94,-36.94,14.21,2052.63
5106299,Paranaíta,resto_mt,FALSE,2000,18668,30690,72,133136,169645,633,599,,19900,,93.81,3.18,3.01,0,0.8819,0.1575,Lavoura,0.2551,2992.98,12983.81,78.48,,,8.83,
5106299,Paranaíta,resto_mt,FALSE,2001,15978,20730,72,133136,171244,857,699,,17534,,91.13,4.89,3.99,0,0.8345,0.2207,Lavoura,0.198,2073.21,13314.93,77.75,,,8.83,
5106299,Paranaíta,resto_mt,FALSE,2002,16978,18670,72,181332,220552,1066,715,,18759,90717.94,90.51,5.68,3.81,0,0.8239,0.2348,Lavoura,0.1442,1896.78,18422.43,82.22,4.86,,8.83,
5106299,Paranaíta,resto_mt,FALSE,2003,24586,17540,72,224165,264546,1348,1028,,26962,114283.68,91.19,5,3.81,0,0.8355,0.2193,Lavoura,0.1296,1817.05,23222.31,84.74,6.52,25.98,8.83,
5106299,Paranaíta,resto_mt,FALSE,2004,31472,18788,72,288117,329254,2334,899,,34705,136520.64,90.68,6.73,2.59,0,0.8275,0.23,Lavoura,0.1148,2030.48,31137.69,87.51,7.25,19.46,8.83,
5106299,Paranaíta,resto_mt,FALSE,2005,21834,16012,72,320394,362407,2350,821,,25005,91559.28,87.32,9.4,3.28,0,0.7724,0.3035,Lavoura,0.0925,1772.81,35473.21,88.41,5.73,-32.93,8.83,
5106299,Paranaíta,resto_mt,FALSE,2006,18550,9286,72,331603,375119,2520,650,,21720,74484.99,85.41,11.6,2.99,0,0.7438,0.3416,Lavoura,0.1308,1053.79,37630.84,88.4,8.02,-18.65,8.83,404.8
5106299,Paranaíta,resto_mt,FALSE,2007,17742,7626,72,328432,376767,3000,537,,21279,68558.15,83.38,14.1,2.52,0,0.7157,0.3791,Lavoura,0.0936,660.83,28460.31,87.17,8.99,-7.96,8.83,268.86
5106299,Paranaíta,resto_mt,FALSE,2008,32124,8814,72,372128,419414,3104,969,,36197,107210.46,88.75,8.58,2.68,0,0.7957,0.2724,Lavoura,0.1076,737.57,31140.42,88.73,12.17,56.38,8.83,303.71
5106299,Paranaíta,resto_mt,FALSE,2009,31016,7400,72,392100,442223,4082,7986,,43084,118912.19,71.99,9.47,18.54,0,0.5616,0.5845,Lavoura,0.1283,610.91,32370.18,88.67,16.06,10.91,8.83,326.68
5106299,Paranaíta,resto_mt,FALSE,2010,34052,6806,72,406091,459390,4535,17213,,55800,142043.7,61.03,8.13,30.85,0,0.4742,0.7011,Lavoura,0.194,637.03,38009.27,88.4,20.87,19.45,8.83,349.87
5106299,Paranaíta,resto_mt,FALSE,2011,21904,6392,72,428870,483373,5360,15385,,42649,100229.04,51.36,12.57,36.07,0,0.4097,0.7871,Lavoura,0.0957,596.38,40014,88.72,15.68,-29.44,8.83,249.95
5106299,Paranaíta,resto_mt,FALSE,2012,35893,4234,72,431960,484327,6034,14570,,56497,123002.82,63.53,10.68,25.79,0,0.4815,0.6913,Lavoura,0.1053,393.9,40186.06,89.19,29.05,22.72,8.83,327.13
5106299,Paranaíta,resto_mt,FALSE,2013,27445,5890,72,453715,501576,6337,2524,31775.02,68081.02,137876.07,40.31,9.31,3.71,46.67,0.3903,0.8129,Pescado-extrativista,0.1133,545.32,42006.76,90.46,23.42,12.09,8.83,382.98
5106299,Paranaíta,resto_mt,FALSE,2014,32250,7376,72,426314,452761,6844,1200,8167.99,48461.99,91003.3,66.55,14.12,2.48,16.85,0.4918,0.6776,Lavoura,0.0688,681.51,39389.63,94.16,12.35,-34,8.83,212.12
5106299,Paranaíta,resto_mt,FALSE,2015,38174,9594,72,427546,458861,7066,8101,7382.99,60723.99,106008.46,62.86,11.64,13.34,12.16,0.4413,0.7449,Lavoura,0.0793,884.73,39426.96,93.18,11.05,16.49,8.83,241.47
5106299,Paranaíta,resto_mt,FALSE,2016,37038,9200,72,444079,483608,10991,4998,7655,60682,97994.11,61.04,18.11,8.24,12.61,0.4281,0.7625,Lavoura,0.0673,846.83,40876.2,91.83,10.64,-7.56,8.83,221.7
5106299,Paranaíta,resto_mt,FALSE,2017,30824,10136,72,453908,510209,11676,7791,8020.01,58311.01,90830.53,52.86,20.02,13.36,13.75,0.3563,0.8583,Lavoura,0.0652,931.28,41704.15,88.97,8.96,-7.31,8.83,197.03
5106299,Paranaíta,resto_mt,FALSE,2018,38317,11918,72,461398,526865,16799,3083,5926.01,64125.01,95591.46,59.75,26.2,4.81,9.24,0.4365,0.7513,Lavoura,0.0622,1064.77,41222.01,87.57,8.02,5.24,8.83,201.66
5106299,Paranaíta,resto_mt,FALSE,2019,74011,23596,72,460041,538033,14798,7789,4570,101168,144699.18,73.16,14.63,7.7,4.52,0.5646,0.5805,Lavoura,0.0847,2102.09,40983.61,85.5,6.13,51.37,8.83,300.2
5106299,Paranaíta,resto_mt,FALSE,2020,187083,44168,72,482477,548532,14266,726,10006,212081,284896.56,88.21,6.73,0.34,4.72,0.7849,0.2868,Lavoura,0.1312,3928.14,42909.73,87.96,6.44,96.89,8.83,606.15
5106299,Paranaíta,resto_mt,FALSE,2021,345672,44188,72,497071,579976,15570,4892,15712,381846,453746.78,90.53,4.08,1.28,4.11,0.8231,0.2359,Lavoura,0.1242,3913.56,44023.65,85.71,10.26,59.27,8.83,903.89
5106299,Paranaíta,resto_mt,FALSE,2022,572456,59502,72,537826,585483,10736,3287,15306.01,601785.01,658651.74,95.13,1.78,0.55,2.54,0.906,0.1253,Lavoura,0.1699,5098.28,46082.26,91.86,11.07,45.16,8.83,1153.51
5106299,Paranaíta,resto_mt,FALSE,2023,619580,94916,72,494069,515585,23602,1280,16047.01,660509.01,687455.66,93.8,3.57,0.19,2.43,0.8817,0.1577,Lavoura,0.21,8132.64,42333.05,95.83,7.25,4.37,8.83,1225.42
5106299,Paranaíta,resto_mt,FALSE,2024,526716,99848,72,460121,490080,31416,6049,18987,583168,583167.99,90.32,5.39,1.04,3.26,0.8198,0.2403,Lavoura,0.2338,8328.3,38378.6,93.89,5.83,-15.17,8.83,1046.97
5106372,Pedra Preta,resto_mt,FALSE,2000,151496,121336,72,249009,283620,1588,265,,153349,,98.79,1.04,0.17,0,0.9761,0.0319,Lavoura,1.9656,8914.55,18294.69,87.8,,,0.9,
5106372,Pedra Preta,resto_mt,FALSE,2001,248304,134844,72,249009,284549,1878,514,,250696,,99.05,0.75,0.21,0,0.9812,0.0251,Lavoura,2.8315,9662.08,17842.43,87.51,,,0.9,
5106372,Pedra Preta,resto_mt,FALSE,2002,307994,173808,72,263093,318945,1810,394,,310198,1500107.69,99.29,0.58,0.13,0,0.9859,0.0188,Lavoura,2.385,12315.45,18641.89,82.49,8.63,,0.9,
5106372,Pedra Preta,resto_mt,FALSE,2003,388932,139574,72,278002,335172,8823,415,,398170,1687720.9,97.68,2.22,0.1,0,0.9546,0.0605,Lavoura,1.9146,9729.12,19378.36,82.94,12.09,12.51,0.9,
5106372,Pedra Preta,resto_mt,FALSE,2004,577584,163768,72,261201,317125,3035,359,,580978,2285419.86,99.42,0.52,0.06,0,0.9885,0.0153,Lavoura,1.9213,11039.3,17607.08,82.37,13.95,35.41,0.9,
5106372,Pedra Preta,resto_mt,FALSE,2005,716060,161248,72,256786,313162,2260,926,,719246,2633619.11,99.56,0.31,0.13,0,0.9912,0.0117,Lavoura,2.6603,10674.43,16998.94,82,16.34,15.24,0.9,
5106372,Pedra Preta,resto_mt,FALSE,2006,273086,162152,72,252459,309262,2774,987,,276847,949398.9,98.64,1,0.36,0,0.9731,0.0359,Lavoura,1.6666,10546.47,16420.1,81.63,5.85,-63.95,0.9,458.21
5106372,Pedra Preta,resto_mt,FALSE,2007,331190,153166,72,252519,301713,3313,632,,335135,1079761.14,98.82,0.99,0.19,0,0.9766,0.0312,Lavoura,1.4735,9794.47,16147.78,83.7,7.05,13.73,0.9,526.45
5106372,Pedra Preta,resto_mt,FALSE,2008,417156,147446,72,266405,311877,4745,916,,422817,1252325.06,98.66,1.12,0.22,0,0.9735,0.0353,Lavoura,1.2563,9097.11,16436.64,85.42,8.5,15.98,0.9,599.49
5106372,Pedra Preta,resto_mt,FALSE,2009,404572,148648,72,273077,316366,4894,1409,,410875,1134018.39,98.47,1.19,0.34,0,0.9698,0.0403,Lavoura,1.2239,9030.31,16589.33,86.32,7.64,-9.45,0.9,549.69
5106372,Pedra Preta,resto_mt,FALSE,2010,465484,156596,72,272887,316904,4541,894,,470919,1198764.81,98.85,0.96,0.19,0,0.9772,0.0304,Lavoura,1.637,9939.45,17320.66,86.11,7.66,5.71,0.9,580.24
5106372,Pedra Preta,resto_mt,FALSE,2011,537530,162348,72,287953,329649,5373,1266,,544169,1278846.84,98.78,0.99,0.23,0,0.9759,0.0321,Lavoura,1.2212,10197.74,18087.5,87.35,7.87,6.68,0.9,555.29
5106372,Pedra Preta,resto_mt,FALSE,2012,547806,162614,72,291942,325616,5333,638,,553777,1205659.28,98.92,0.96,0.12,0,0.9786,0.0285,Lavoura,1.032,10113.44,18156.73,89.66,7.41,-5.72,0.9,573.57
5106372,Pedra Preta,resto_mt,FALSE,2013,523786,178348,72,311406,348073,5627,1117,0,530530,1074416.83,98.73,1.06,0.21,0,0.9749,0.0335,Lavoura,0.883,10909.47,19048.57,89.47,6.03,-10.89,0.9,567.28
5106372,Pedra Preta,resto_mt,FALSE,2014,667106,189418,72,322508,359659,5662,1200,0,673968,1265596.22,98.98,0.84,0.18,0,0.9798,0.0269,Lavoura,0.9563,11470.84,19530.55,89.67,6.67,17.79,0.9,635.99
5106372,Pedra Preta,resto_mt,FALSE,2015,633584,196594,72,344422,388128,5829,1239,0,640652,1118413.49,98.9,0.91,0.19,0,0.9782,0.0291,Lavoura,0.8371,11790.45,20656.23,88.74,5.68,-11.63,0.9,548.52
5106372,Pedra Preta,resto_mt,FALSE,2016,705118,176352,72,344999,386980,6211,1636,0,712965,1151352.46,98.9,0.87,0.23,0,0.9782,0.0291,Lavoura,0.7907,10490.27,20522.22,89.15,6.52,2.95,0.9,552.47
5106372,Pedra Preta,resto_mt,FALSE,2017,744166,217078,72,319427,361213,5055,1633,0,750854,1169598.33,99.11,0.67,0.22,0,0.9823,0.0236,Lavoura,0.8394,12795.64,18828.59,88.43,5.4,1.58,0.9,546.54
5106372,Pedra Preta,resto_mt,FALSE,2018,920504,218260,72,324981,371664,5568,77,0,926149,1380614.94,99.39,0.6,0.01,0,0.9879,0.0161,Lavoura,0.8991,12503.44,18617.15,87.44,6.31,18.04,0.9,624.99
5106372,Pedra Preta,resto_mt,FALSE,2019,1131392,231706,72,345702,395405,6423,72,0,1137887,1627503.94,99.43,0.56,0.01,0,0.9887,0.0151,Lavoura,0.9522,13145.69,19613.19,87.43,7.03,17.88,0.9,715.39
5106372,Pedra Preta,resto_mt,FALSE,2020,1275506,226028,72,367841,414559,8018,80,0,1283604,1724314.56,99.37,0.62,0.01,0,0.9875,0.0167,Lavoura,0.7938,12955.86,21084.55,88.73,7.64,5.95,0.9,804.99
5106372,Pedra Preta,resto_mt,FALSE,2021,2239116,218028,72,359174,409843,9091,344,0,2248551,2671948.41,99.58,0.4,0.02,0,0.9916,0.0112,Lavoura,0.7313,12425.37,20469.25,87.64,12.24,54.96,0.9,1084.83
5106372,Pedra Preta,resto_mt,FALSE,2022,2488224,237980,72,370886,419099,8618,338,310,2497490,2733494.67,99.63,0.35,0.01,0.01,0.9926,0.0099,Lavoura,0.7051,13172.81,20529.5,88.5,11.48,2.3,0.9,961.82
5106372,Pedra Preta,resto_mt,FALSE,2023,1894576,243678,72,370140,415914,11666,375,860.01,1907477.01,1985295.95,99.32,0.61,0.02,0.05,0.9865,0.018,Lavoura,0.6064,13488.21,20488.21,88.99,8.15,-27.37,0.9,706.76
5106372,Pedra Preta,resto_mt,FALSE,2024,1809696,262424,72,371867,429392,14972,338,535.99,1825541.99,1825542,99.13,0.82,0.02,0.03,0.9827,0.0231,Lavoura,0.732,14016.88,19862.57,86.6,6.95,-8.05,0.9,634.74
5106422,Peixoto de Azevedo,resto_mt,FALSE,2000,20940,25578,72,107540,158625,553,348,,21841,,95.87,2.53,1.59,0,0.92,0.1067,Lavoura,0.28,977.9,4111.48,67.8,,,13.8,
5106422,Peixoto de Azevedo,resto_mt,FALSE,2001,20474,19566,72,157545,210841,787,358,,21619,,94.7,3.64,1.66,0,0.8984,0.1355,Lavoura,0.2442,790.13,6362.11,74.72,,,13.8,
5106422,Peixoto de Azevedo,resto_mt,FALSE,2002,16566,13858,72,157436,212521,953,1066,,18585,89876.47,89.14,5.13,5.74,0,0.8005,0.266,Lavoura,0.1429,581.58,6607.18,74.08,6.49,,13.8,
5106422,Peixoto de Azevedo,resto_mt,FALSE,2003,18572,11132,72,202584,258019,1232,1640,,21444,90894.55,86.61,5.75,7.65,0,0.7593,0.3209,Lavoura,0.1031,489.38,8905.97,78.52,8.17,1.13,13.8,
5106422,Peixoto de Azevedo,resto_mt,FALSE,2004,26068,13860,72,254839,311943,2197,1527,,29792,117194.15,87.5,7.37,5.13,0,0.7737,0.3017,Lavoura,0.0985,676.79,12443.92,81.69,8.45,28.93,13.8,
5106422,Peixoto de Azevedo,resto_mt,FALSE,2005,20858,14020,72,276046,333847,1684,1206,,23748,86956.61,87.83,7.09,5.08,0,0.779,0.2947,Lavoura,0.0878,729.3,14359.45,82.69,6.21,-25.8,13.8,
5106422,Peixoto de Azevedo,resto_mt,FALSE,2006,15800,7650,72,269599,328265,1780,909,,18489,63404.82,85.46,9.63,4.92,0,0.742,0.344,Lavoura,0.1113,425.52,14996.05,82.13,8.3,-27.08,13.8,409.08
5106422,Peixoto de Azevedo,resto_mt,FALSE,2007,19656,6290,72,262222,310303,2437,1023,,23116,74476.72,85.03,10.54,4.43,0,0.7361,0.3519,Lavoura,0.1016,216.99,9046.19,84.51,11.84,17.46,13.8,383.9
5106422,Peixoto de Azevedo,resto_mt,FALSE,2008,27972,9648,72,266128,307207,2442,1454,,31868,94388.57,87.77,7.66,4.56,0,0.7783,0.2956,Lavoura,0.0947,321.65,8872.41,86.63,9.78,26.74,13.8,476.71
5106422,Peixoto de Azevedo,resto_mt,FALSE,2009,25250,7470,72,288665,328393,2792,3654,,31696,87481.23,79.66,8.81,11.53,0,0.6556,0.4592,Lavoura,0.0944,246.02,9507.13,87.9,11.71,-7.32,13.8,462.86
5106422,Peixoto de Azevedo,resto_mt,FALSE,2010,27706,9286,72,296379,331502,3308,12333,,43347,110343.52,63.92,7.63,28.45,0,0.4953,0.6729,Lavoura,0.1507,301.38,9618.95,89.4,11.89,26.13,13.8,508.51
5106422,Peixoto de Azevedo,resto_mt,FALSE,2011,39654,12440,72,316810,351392,4999,26950,,71603,168273.6,55.38,6.98,37.64,0,0.4532,0.7291,Lavoura,0.1607,399.1,10163.94,90.16,13.52,52.5,13.8,775.46
5106422,Peixoto de Azevedo,resto_mt,FALSE,2012,62328,15264,72,304490,334920,4840,15197,,82365,179321.51,75.67,5.88,18.45,0,0.6101,0.5199,Lavoura,0.1535,484.33,9661.44,90.91,11.76,6.57,13.8,674.15
5106422,Peixoto de Azevedo,resto_mt,FALSE,2013,62029,19264,72,310291,341770,6358,5408,0,73795,149447.89,84.06,8.62,7.33,0,0.7194,0.3741,Lavoura,0.1228,600.12,9666.39,90.79,7.76,-16.66,13.8,526.22
5106422,Peixoto de Azevedo,resto_mt,FALSE,2014,107693,39604,72,301149,327780,6843,2473,0,117009,219722.82,92.04,5.85,2.11,0,0.851,0.1987,Lavoura,0.166,1219.94,9276.4,91.88,5.55,47.02,13.8,747.36
5106422,Peixoto de Azevedo,resto_mt,FALSE,2015,105998,39632,72,315580,343161,6551,6300,278.01,119127.01,207965.08,88.98,5.5,5.29,0.23,0.7976,0.2699,Lavoura,0.1557,1207.63,9616.06,91.96,5.24,-5.35,13.8,750.77
5106422,Peixoto de Azevedo,resto_mt,FALSE,2016,124902,38202,72,339430,370037,5513,7037,540,137992,222840.42,90.51,4,5.1,0.39,0.8234,0.2355,Lavoura,0.153,1147.35,10194.32,91.73,5.83,7.15,13.8,740.33
5106422,Peixoto de Azevedo,resto_mt,FALSE,2017,161099,56290,72,340566,372795,6509,5579,515.01,173702.01,270574,92.74,3.75,3.21,0.3,0.8625,0.1833,Lavoura,0.1942,1673.8,10126.85,91.35,4.81,21.42,13.8,766.5
5106422,Peixoto de Azevedo,resto_mt,FALSE,2018,178603,61244,72,319480,351545,6421,4404,646.01,190074.01,283344.29,93.96,3.38,2.32,0.34,0.8845,0.154,Lavoura,0.1845,1769.7,9231.66,90.88,4.63,4.72,13.8,743.69
5106422,Peixoto de Azevedo,resto_mt,FALSE,2019,300542,95944,72,327436,360458,7711,3883,694,312830,447436.4,96.07,2.46,1.24,0.22,0.9237,0.1017,Lavoura,0.2618,2743.14,9361.73,90.84,4.66,57.91,13.8,1042.98
5106422,Peixoto de Azevedo,resto_mt,FALSE,2020,469920,110644,72,341106,373535,7843,3847,695,482305,647898.83,97.43,1.63,0.8,0.14,0.9496,0.0672,Lavoura,0.2983,3131.02,9652.67,91.32,5.85,44.8,13.8,1393.33
5106422,Peixoto de Azevedo,resto_mt,FALSE,2021,880865,118244,72,353711,389918,8817,8041,800,898523,1067712.98,98.03,0.98,0.89,0.09,0.9612,0.0517,Lavoura,0.2922,3312.62,9909.26,90.71,9.04,64.8,13.8,1930.78
5106422,Peixoto de Azevedo,resto_mt,FALSE,2022,1174386,148244,72,391888,427899,8417,6891,827,1190521,1303021.35,98.64,0.71,0.58,0.07,0.9731,0.0359,Lavoura,0.3361,4531.52,11979.21,91.58,8.78,22.04,13.8,1947.7
5106422,Peixoto de Azevedo,resto_mt,FALSE,2023,1288580,194618,72,386284,415546,17524,4921,1052.98,1312077.98,1365606.54,98.21,1.34,0.38,0.08,0.9647,0.0471,Lavoura,0.4171,5949.07,11807.91,92.96,7.03,4.8,13.8,1928.82
5106422,Peixoto de Azevedo,resto_mt,FALSE,2024,1516764,290540,72,354583,387774,17026,7634,2186,1543610,1543610,98.26,1.1,0.49,0.14,0.9656,0.0459,Lavoura,0.619,8647.28,10553.38,91.44,5.32,13.03,13.8,2044.51
5106455,Planalto da Serra,resto_mt,FALSE,2000,24354,40128,72,66804,82549,634,33,,25021,,97.33,2.53,0.13,0,0.948,0.0693,Lavoura,0.3207,13928.5,23187.78,80.93,,,7.76,
5106455,Planalto da Serra,resto_mt,FALSE,2001,10358,24044,72,80447,96688,779,37,,11174,,92.7,6.97,0.33,0,0.8642,0.1811,Lavoura,0.1262,8279.61,27702.13,83.2,,,7.76,
5106455,Planalto da Serra,resto_mt,FALSE,2002,21824,37028,72,88205,104337,845,63,,22732,109931.23,96.01,3.72,0.28,0,0.9232,0.1024,Lavoura,0.1748,12746.3,30363.17,84.54,2.98,,7.76,
5106455,Planalto da Serra,resto_mt,FALSE,2003,36960,29916,72,104072,121299,1083,90,,38133,161634.12,96.92,2.84,0.24,0,0.9402,0.0797,Lavoura,0.1834,10259.26,35689.99,85.8,5.4,47.03,7.76,
5106455,Planalto da Serra,resto_mt,FALSE,2004,57032,43240,72,119674,136169,1023,97,,58152,228755.19,98.07,1.76,0.17,0,0.9621,0.0505,Lavoura,0.1923,14712.49,40719.29,87.89,5.29,41.53,7.76,
5106455,Planalto da Serra,resto_mt,FALSE,2005,19128,26912,72,106167,122010,770,104,,20002,73240.1,95.63,3.85,0.52,0,0.916,0.112,Lavoura,0.074,9116.53,35964.43,87.01,2.72,-67.98,7.76,
5106455,Planalto da Serra,resto_mt,FALSE,2006,7644,14330,72,86738,101516,742,141,,8527,29241.86,89.64,8.7,1.65,0,0.8114,0.2515,Lavoura,0.0513,4833.05,29253.96,85.44,2.04,-60.07,7.76,443.06
5106455,Planalto da Serra,resto_mt,FALSE,2007,4210,3980,72,79435,90719,870,174,,5254,16927.69,80.13,16.56,3.31,0,0.6706,0.4392,Lavoura,0.0231,1455.74,29054.5,87.56,4.25,-42.11,7.76,190.21
5106455,Planalto da Serra,resto_mt,FALSE,2008,21878,14920,72,81121,92392,949,165,,22992,68099.11,95.15,4.13,0.72,0,0.9071,0.1239,Lavoura,0.0683,5315.28,28899.54,87.8,4.56,302.29,7.76,661.17
5106455,Planalto da Serra,resto_mt,FALSE,2009,28072,20120,72,114545,126348,898,178,,29148,80448.71,96.31,3.08,0.61,0,0.9285,0.0953,Lavoura,0.0868,7193.42,40952.81,90.66,4,18.13,7.76,705.69
5106455,Planalto da Serra,resto_mt,FALSE,2010,27482,23810,72,97012,108954,971,174,,28627,72872.49,96,3.39,0.61,0,0.9228,0.1029,Lavoura,0.0995,8734.41,35587.67,89.04,3.05,-9.42,7.76,535.82
5106455,Planalto da Serra,resto_mt,FALSE,2011,44948,27480,72,100932,116152,1005,174,,46127,108402.66,97.44,2.18,0.38,0,0.9499,0.0668,Lavoura,0.1035,10121.55,37175.69,86.9,3.95,48.76,7.76,699.37
5106455,Planalto da Serra,resto_mt,FALSE,2012,64610,34796,72,102151,116158,671,78,,65359,142296.78,98.85,1.03,0.12,0,0.9772,0.0304,Lavoura,0.1218,12873.1,37791.71,87.94,4.1,31.27,7.76,1046.31
5106455,Planalto da Serra,resto_mt,FALSE,2013,93734,44870,72,92136,96716,353,194,0,94281,190935.65,99.42,0.37,0.21,0,0.9885,0.0153,Lavoura,0.1569,16723.82,34340.66,95.26,4.25,34.18,7.76,989.32
5106455,Planalto da Serra,resto_mt,FALSE,2014,155708,64524,72,90099,95063,424,185,0,156317,293536.49,99.61,0.27,0.12,0,0.9922,0.0104,Lavoura,0.2218,24211.63,33808.26,94.78,4.56,53.74,7.76,1270.73
5106455,Planalto da Serra,resto_mt,FALSE,2015,99272,52224,72,90645,95951,494,210,344,100320,175132.91,98.96,0.49,0.21,0.34,0.9793,0.0276,Lavoura,0.1311,19729.51,34244.43,94.47,3.36,-40.34,7.76,663.38
5106455,Planalto da Serra,resto_mt,FALSE,2016,139306,51530,72,103033,109036,236,200,0,139742,225666.48,99.69,0.17,0.14,0,0.9938,0.0083,Lavoura,0.155,19667.94,39325.57,94.49,4.38,28.85,7.76,762.38
5106455,Planalto da Serra,resto_mt,FALSE,2017,139866,52010,72,103209,110360,313,84,0,140263,218486.37,99.72,0.22,0.06,0,0.9944,0.0075,Lavoura,0.1568,19973.12,39634.79,93.52,4.2,-3.18,7.76,733.18
5106455,Planalto da Serra,resto_mt,FALSE,2018,106504,61056,72,102340,108889,128,72,316,107020,159535.26,99.52,0.12,0.07,0.3,0.9904,0.0128,Lavoura,0.1039,22816.14,38243.65,93.99,2.62,-26.98,7.76,542.64
5106455,Planalto da Serra,resto_mt,FALSE,2019,181404,58786,72,92567,98817,130,86,740,182360,260826.98,99.48,0.07,0.05,0.41,0.9896,0.0139,Lavoura,0.1526,22083.4,34773.48,93.68,4.43,63.49,7.76,1039.16
5106455,Planalto da Serra,resto_mt,FALSE,2020,383878,79104,72,93968,100345,138,88,738,384842,516973.03,99.75,0.04,0.02,0.19,0.995,0.0067,Lavoura,0.238,29861.83,35473.01,93.64,6.54,98.21,7.76,1943.5
5106455,Planalto da Serra,resto_mt,FALSE,2021,696250,87678,72,86317,92063,160,105,1196,697711,829088.5,99.79,0.02,0.02,0.17,0.9958,0.0056,Lavoura,0.2269,33249.15,32733.03,93.76,9.44,60.37,7.76,3003.94
5106455,Planalto da Serra,resto_mt,FALSE,2022,999674,102760,72,97254,103124,154,100,904,1000832,1095407.38,99.88,0.02,0.01,0.09,0.9976,0.0032,Lavoura,0.2825,32457.36,30718.26,94.31,10.67,32.12,7.76,3380.89
5106455,Planalto da Serra,resto_mt,FALSE,2023,906870,119274,72,92728,102808,1252,108,2252,910482,947626.74,99.6,0.14,0.01,0.25,0.992,0.0107,Lavoura,0.2895,37673.4,29288.69,90.2,7.94,-13.49,7.76,2461.38
5106455,Planalto da Serra,resto_mt,FALSE,2024,566268,120660,72,93747,101156,938,154,1184,568544,568544.01,99.6,0.16,0.03,0.21,0.992,0.0107,Lavoura,0.228,36708.24,28520.54,92.68,4.71,-40,7.76,1386.68
5106653,Pontal do Araguaia,resto_mt,FALSE,2000,736,1090,72,94859,108941,371,39,,1146,,64.22,32.37,3.4,0,0.5184,0.6421,Lavoura,0.0147,291.76,25390.52,87.07,,,11.13,
5106653,Pontal do Araguaia,resto_mt,FALSE,2001,960,1626,72,97319,111470,440,39,,1439,,66.71,30.58,2.71,0,0.5393,0.6143,Lavoura,0.0163,419.94,25134.04,87.31,,,11.13,
5106653,Pontal do Araguaia,resto_mt,FALSE,2002,2546,3174,72,106501,119508,439,42,,3027,14638.47,84.11,14.5,1.39,0,0.7287,0.3617,Lavoura,0.0233,800.71,26867.05,89.12,4.61,,11.13,
5106653,Pontal do Araguaia,resto_mt,FALSE,2003,2508,1064,72,104083,117285,375,136,,3019,12796.61,83.07,12.42,4.5,0,0.7075,0.39,Lavoura,0.0145,261.43,25573.22,88.74,12.02,-12.58,11.13,
5106653,Pontal do Araguaia,resto_mt,FALSE,2004,3650,3026,72,125706,138245,559,911,,5120,20140.78,71.29,10.92,17.79,0,0.5518,0.5976,Lavoura,0.0169,705.03,29288.44,90.93,6.64,57.39,11.13,
5106653,Pontal do Araguaia,resto_mt,FALSE,2005,3452,2984,72,132965,146384,612,377,,4441,16261.33,77.73,13.78,8.49,0,0.6304,0.4928,Lavoura,0.0164,675.88,30116.65,90.83,5.45,-19.26,11.13,
5106653,Pontal do Araguaia,resto_mt,FALSE,2006,2364,504,72,112940,125884,656,303,,3323,11395.65,71.14,19.74,9.12,0,0.5534,0.5955,Lavoura,0.02,111.09,24893.1,89.72,22.6,-29.92,11.13,90.44
5106653,Pontal do Araguaia,resto_mt,FALSE,2007,3202,464,72,108065,120767,1326,260,,4788,15426.3,66.88,27.69,5.43,0,0.5269,0.6308,Lavoura,0.0211,93.44,21760.97,89.48,33.25,35.37,11.13,127.48
5106653,Pontal do Araguaia,resto_mt,FALSE,2008,3936,664,72,115713,128588,1456,65,,5457,16162.87,72.13,26.68,1.19,0,0.5916,0.5445,Lavoura,0.0162,128.23,22347.05,89.99,24.34,4.77,11.13,122.44
5106653,Pontal do Araguaia,resto_mt,FALSE,2009,3666,624,72,123042,136127,1811,146,,5623,15519.52,65.2,32.21,2.6,0,0.5295,0.6273,Lavoura,0.0167,117.25,23119.5,90.39,24.87,-3.98,11.13,112.46
5106653,Pontal do Araguaia,resto_mt,FALSE,2010,3392,604,72,127817,141302,2130,318,,5840,14866.22,58.08,36.47,5.45,0,0.4733,0.7023,Lavoura,0.0203,111.96,23691.75,90.46,24.62,-4.21,11.13,94.08
5106653,Pontal do Araguaia,resto_mt,FALSE,2011,7014,746,72,135025,146051,1407,797,,9218,21663.14,76.09,15.26,8.65,0,0.6097,0.5204,Lavoura,0.0207,135.07,24447.76,92.45,29.05,45.72,11.13,111.67
5106653,Pontal do Araguaia,resto_mt,FALSE,2012,6434,926,72,121227,131839,1534,276,,8244,17948.47,78.04,18.61,3.35,0,0.6448,0.4736,Lavoura,0.0154,164.01,21471.31,91.95,19.37,-17.15,11.13,99.71
5106653,Pontal do Araguaia,resto_mt,FALSE,2013,6626,1504,72,124231,136400,1360,368,304,8658,17533.97,76.53,15.71,4.25,3.51,0.6134,0.5155,Lavoura,0.0144,256.87,21217.93,91.08,11.66,-2.31,11.13,86.8
5106653,Pontal do Araguaia,resto_mt,FALSE,2014,11232,1804,72,128177,140554,1448,454,533,13667,25664.29,82.18,10.59,3.32,3.9,0.6892,0.4144,Lavoura,0.0194,301.02,21387.79,91.19,14.23,46.37,11.13,131.61
5106653,Pontal do Araguaia,resto_mt,FALSE,2015,10648,1804,72,140473,153903,1973,834,463,13918,24297.24,76.51,14.18,5.99,3.33,0.6102,0.5197,Lavoura,0.0182,294.39,22923.14,91.27,13.47,-5.33,11.13,117.38
5106653,Pontal do Araguaia,resto_mt,FALSE,2016,12080,1874,72,152465,166831,2703,1399,434,16616,26832.84,72.7,16.27,8.42,2.61,0.5628,0.5829,Lavoura,0.0184,299.41,24359.32,91.39,14.31,10.44,11.13,139.04
5106653,Pontal do Araguaia,resto_mt,FALSE,2017,11636,4274,72,124290,139772,1722,1303,470,15131,23569.43,76.9,11.38,8.61,3.11,0.6127,0.5164,Lavoura,0.0169,669.17,19459.84,88.92,5.52,-12.16,11.13,104.29
5106653,Pontal do Araguaia,resto_mt,FALSE,2018,8704,3284,72,128117,145372,1982,1141,0,11827,17630.58,73.59,16.76,9.65,0,0.579,0.5613,Lavoura,0.0115,499.24,19476.59,88.13,5.37,-25.2,11.13,76.32
5106653,Pontal do Araguaia,resto_mt,FALSE,2019,12038,3864,72,130162,156149,2376,924,0,15338,21937.73,78.48,15.49,6.02,0,0.6435,0.4753,Lavoura,0.0128,575.77,19395.32,83.36,5.68,24.43,11.13,107.02
5106653,Pontal do Araguaia,resto_mt,FALSE,2020,21456,4064,72,137907,164956,1697,2273,0,25426,34155.73,84.39,6.67,8.94,0,0.7246,0.3672,Lavoura,0.0157,593.89,20153,83.6,8.4,55.69,11.13,173.38
5106653,Pontal do Araguaia,resto_mt,FALSE,2021,42196,5434,72,135330,161705,1886,5956,522.01,50560.01,60080.36,83.46,3.73,11.78,1.03,0.7119,0.3841,Lavoura,0.0164,779.4,19410.5,83.69,11.05,75.9,11.13,283.4
5106653,Pontal do Araguaia,resto_mt,FALSE,2022,66944,6624,72,133094,159309,1779,5010,321.01,74054.01,81051.87,90.4,2.4,6.77,0.43,0.8224,0.2368,Lavoura,0.0209,955.57,19199.94,83.54,12.24,34.91,11.13,366.74
5106653,Pontal do Araguaia,resto_mt,FALSE,2023,47394,6624,72,117303,136231,3874,71001,838.01,123107.01,128129.37,38.5,3.15,57.67,0.68,0.4818,0.6909,Florestal,0.0391,955.57,16921.96,86.11,19.35,58.08,11.13,577.16
5106653,Pontal do Araguaia,resto_mt,FALSE,2024,59228,10602,72,118663,136267,4288,82782,3047.01,149345.01,149345,39.66,2.87,55.43,2.04,0.4658,0.7123,Florestal,0.0599,1452.53,16257.43,87.08,14.08,16.56,11.13,649.33
5106703,Ponte Branca,resto_mt,FALSE,2000,400,590,72,22110,29308,311,6,,717,,55.79,43.38,0.84,0,0.4995,0.6673,Pecuário,0.0092,282.7,10594.15,75.44,,,4.76,
5106703,Ponte Branca,resto_mt,FALSE,2001,524,590,72,22617,29856,325,14,,863,,60.72,37.66,1.62,0,0.5108,0.6523,Lavoura,0.0097,288.09,11043.46,75.75,,,4.76,
5106703,Ponte Branca,resto_mt,FALSE,2002,662,576,72,26458,33078,337,13,,1012,4893.99,65.42,33.3,1.28,0,0.539,0.6147,Lavoura,0.0078,281.94,12950.56,79.99,8.5,,4.76,
5106703,Ponte Branca,resto_mt,FALSE,2003,236,150,72,27593,34319,341,19,,596,2526.27,39.6,57.21,3.19,0,0.4851,0.6865,Pecuário,0.0029,74.15,13639.64,80.4,16.85,-48.38,4.76,
5106703,Ponte Branca,resto_mt,FALSE,2004,1564,1270,72,29298,35704,588,15,,2167,8524.43,72.17,27.13,0.69,0,0.5945,0.5407,Lavoura,0.0072,641.41,14796.97,82.06,6.72,237.43,4.76,
5106703,Ponte Branca,resto_mt,FALSE,2005,1706,2014,72,27514,33809,672,17,,2395,8769.62,71.23,28.06,0.71,0,0.5862,0.5517,Lavoura,0.0089,1029.65,14066.46,81.38,4.35,2.88,4.76,
5106703,Ponte Branca,resto_mt,FALSE,2006,1066,1366,72,24522,30411,699,19,,1784,6117.91,59.75,39.18,1.07,0,0.5106,0.6525,Lavoura,0.0107,706.67,12685.98,80.64,4.48,-30.24,4.76,437
5106703,Ponte Branca,resto_mt,FALSE,2007,894,400,72,24689,30587,971,16,,1881,6060.33,47.53,51.62,0.85,0,0.4924,0.6768,Pecuário,0.0083,222.97,13761.98,80.72,15.15,-0.94,4.76,378.76
5106703,Ponte Branca,resto_mt,FALSE,2008,726,330,72,26012,31804,1536,21,,2283,6761.92,31.8,67.28,0.92,0,0.5539,0.5948,Pecuário,0.0068,180.23,14206.44,81.79,20.49,11.58,4.76,397.75
5106703,Ponte Branca,resto_mt,FALSE,2009,658,180,72,26946,32788,2333,40,,3031,8365.58,21.71,76.97,1.32,0,0.6397,0.4804,Pecuário,0.009,99.78,14936.81,82.18,46.48,23.72,4.76,557.71
5106703,Ponte Branca,resto_mt,FALSE,2010,742,400,72,26252,31679,2101,14,,2857,7272.74,25.97,73.54,0.49,0,0.6083,0.5223,Pecuário,0.0099,226.24,14848.42,82.87,18.18,-13.06,4.76,427.81
5106703,Ponte Branca,resto_mt,FALSE,2011,784,120,72,28125,33894,1561,51,,2396,5630.81,32.72,65.15,2.13,0,0.532,0.624,Pecuário,0.0054,68.81,16126.72,82.98,46.92,-22.58,4.76,312.83
5106703,Ponte Branca,resto_mt,FALSE,2012,880,120,72,29157,34625,1553,57,,2490,5421.13,35.34,62.37,2.29,0,0.5144,0.6475,Pecuário,0.0046,69.77,16951.74,84.21,45.18,-3.72,4.76,208.51
5106703,Ponte Branca,resto_mt,FALSE,2013,486,120,72,28123,34115,1722,54,220,2482,5026.49,19.58,69.38,2.18,8.86,0.528,0.6293,Pecuário,0.0041,71.47,16749.85,82.44,41.87,-7.28,4.76,179.51
5106703,Ponte Branca,resto_mt,FALSE,2014,510,120,72,29529,35824,1930,120,233,2793,5244.77,18.26,69.1,4.3,8.34,0.5196,0.6405,Pecuário,0.004,72.82,17918.08,82.43,43.71,4.34,4.76,249.75
5106703,Ponte Branca,resto_mt,FALSE,2015,1160,320,72,29652,36776,2159,156,240,3715,6485.44,31.22,58.12,4.2,6.46,0.4412,0.7451,Pecuário,0.0049,197.78,18326.33,80.63,20.26,23.66,4.76,281.97
5106703,Ponte Branca,resto_mt,FALSE,2016,968,120,72,32481,39962,2502,224,217,3911,6315.8,24.75,63.97,5.73,5.55,0.4768,0.6976,Pecuário,0.0043,75.57,20454.03,81.28,52.64,-2.62,4.76,233.91
5106703,Ponte Branca,resto_mt,FALSE,2017,2002,480,72,28484,35964,2312,216,214,4744,7389.68,42.2,48.74,4.55,4.51,0.4197,0.7737,Pecuário,0.0053,307.69,18258.97,79.2,15.4,17,4.76,273.7
5106703,Ponte Branca,resto_mt,FALSE,2018,1900,480,72,24879,32649,2563,210,0,4673,6966.07,40.66,54.85,4.49,0,0.4682,0.7091,Pecuário,0.0045,299.63,15529.96,76.2,14.51,-5.73,4.76,331.72
5106703,Ponte Branca,resto_mt,FALSE,2019,1372,334,72,26214,34740,2983,207,0,4562,6524.97,30.07,65.39,4.54,0,0.5201,0.6399,Pecuário,0.0038,211.93,16633.25,75.46,19.52,-6.33,4.76,217.49
5106703,Ponte Branca,resto_mt,FALSE,2020,1694,334,72,28954,37807,1668,291,0,3653,4907.23,46.37,45.66,7.97,0,0.4299,0.7601,Pecuário,0.0023,215.48,18680,76.58,14.69,-24.79,4.76,169.21
5106703,Ponte Branca,resto_mt,FALSE,2021,1346,120,72,28157,37475,1834,382,0,3562,4232.72,37.79,51.49,10.72,0,0.4194,0.7741,Pecuário,0.0012,78.69,18463.61,75.14,35.28,-13.75,4.76,169.31
5106703,Ponte Branca,resto_mt,FALSE,2022,6380,520,72,28061,37067,1547,352,0,8279,9061.34,77.06,18.69,4.25,0,0.6306,0.4925,Lavoura,0.0023,258.96,13974.6,75.7,17.44,114.08,4.76,238.45
5106703,Ponte Branca,resto_mt,FALSE,2023,4392,520,72,30310,39545,3258,525,0,8175,8508.52,53.72,39.85,6.42,0,0.4515,0.7313,Lavoura,0.0026,258.96,15094.62,76.65,16.37,-6.1,4.76,177.25
5106703,Ponte Branca,resto_mt,FALSE,2024,8674,1440,72,31219,40733,4336,594,0,13604,13603.99,63.76,31.87,4.37,0,0.51,0.6533,Lavoura,0.0055,693.64,15038.05,76.64,9.44,59.89,4.76,348.82
5106752,Pontes e Lacerda,resto_mt,FALSE,2000,10306,14242,72,536457,628216,6184,1459,,17949,,57.42,34.45,8.13,0,0.455,0.7267,Lavoura,0.2301,331.12,12472.26,85.39,,,11.05,
5106752,Pontes e Lacerda,resto_mt,FALSE,2001,9312,16302,72,545936,610228,4477,621,,14410,,64.62,31.07,4.31,0,0.516,0.6453,Lavoura,0.1628,428.26,14341.83,89.46,,,11.05,
5106752,Pontes e Lacerda,resto_mt,FALSE,2002,8572,10454,72,544916,611732,5042,1773,,15387,74411.04,55.71,32.77,11.52,0,0.431,0.7587,Lavoura,0.1183,270.19,14083.79,89.08,7.13,,11.05,
5106752,Pontes e Lacerda,resto_mt,FALSE,2003,13864,11370,72,610898,680324,6114,2030,,22008,93285.19,63,27.78,9.22,0,0.4826,0.6899,Lavoura,0.1058,288.72,15512.51,89.8,8.2,25.36,11.05,
5106752,Pontes e Lacerda,resto_mt,FALSE,2004,19144,17854,72,639389,711945,8962,2541,,30647,120557.5,62.47,29.24,8.29,0,0.4826,0.6899,Lavoura,0.1013,437.28,15659.78,89.81,6.75,29.24,11.05,
5106752,Pontes e Lacerda,resto_mt,FALSE,2005,26486,20320,72,657876,732348,13456,2441,,42383,155191.24,62.49,31.75,5.76,0,0.4946,0.6739,Lavoura,0.1568,488.09,15802.17,89.83,7.64,28.73,11.05,
5106752,Pontes e Lacerda,resto_mt,FALSE,2006,28650,26396,72,619661,693441,10976,2171,,41797,143335.58,68.55,26.26,5.19,0,0.5416,0.6112,Lavoura,0.2516,622.12,14604.66,89.36,5.42,-7.64,11.05,122.72
5106752,Pontes e Lacerda,resto_mt,FALSE,2007,29156,22920,72,553688,609900,11905,1633,,42694,137554.48,68.29,27.88,3.82,0,0.5455,0.606,Lavoura,0.1877,604.59,14605.33,90.78,6.01,-4.03,11.05,111.47
5106752,Pontes e Lacerda,resto_mt,FALSE,2008,49606,27558,72,565205,619141,13549,2442,,65597,194289.18,75.62,20.65,3.72,0,0.6159,0.5121,Lavoura,0.1949,705.33,14466.1,91.29,7.05,41.25,11.05,159.25
5106752,Pontes e Lacerda,resto_mt,FALSE,2009,53550,33540,72,564689,618966,16279,3842,,73671,203332.58,72.69,22.1,5.22,0,0.5799,0.5601,Lavoura,0.2194,855,14395.05,91.23,6.06,4.65,11.05,174.83
5106752,Pontes e Lacerda,resto_mt,FALSE,2010,48464,30910,72,598385,656412,16652,2983,,68099,173351.86,71.17,24.45,4.38,0,0.5682,0.5757,Lavoura,0.2367,746.47,14450.95,91.16,5.6,-14.74,11.05,135.53
5106752,Pontes e Lacerda,resto_mt,FALSE,2011,64456,33920,72,621863,679905,19314,3353,,87123,204747.01,73.98,22.17,3.85,0,0.5979,0.5361,Lavoura,0.1955,812.63,14898.13,91.46,6.03,18.11,11.05,96.68
5106752,Pontes e Lacerda,resto_mt,FALSE,2012,79914,35040,72,630560,688166,20862,4136,,104912,228409.86,76.17,19.89,3.94,0,0.6213,0.5049,Lavoura,0.1955,833.04,14990.85,91.63,6.52,11.56,11.05,174.5
5106752,Pontes e Lacerda,resto_mt,FALSE,2013,72594,40810,72,643326,684200,20209,3292,1113.01,97208.01,196863.38,74.68,20.79,3.39,1.14,0.6022,0.5304,Lavoura,0.1618,957.87,15099.78,94.03,4.84,-13.81,11.05,152.84
5106752,Pontes e Lacerda,resto_mt,FALSE,2014,96894,38890,72,663535,712929,24241,2637,2309.01,126081.01,236758.49,76.85,19.23,2.09,1.83,0.6283,0.4956,Lavoura,0.1789,906.02,15458.37,93.07,6.08,20.27,11.05,205.53
5106752,Pontes e Lacerda,resto_mt,FALSE,2015,115558,49738,72,661390,735023,24182,2064,2076,143880,251177.45,80.32,16.81,1.43,1.44,0.6738,0.4349,Lavoura,0.188,1150.41,15297.56,89.98,5.04,6.09,11.05,209.15
5106752,Pontes e Lacerda,resto_mt,FALSE,2016,141285,43990,72,668092,746228,24208,2061,1871.99,169425.99,273602.54,83.39,14.29,1.22,1.1,0.7161,0.3785,Lavoura,0.1879,1010.38,15345.03,89.53,6.21,8.93,11.05,227.8
5106752,Pontes e Lacerda,resto_mt,FALSE,2017,133790,57022,72,666662,733764,18540,1973,3671.99,157974.99,246076.17,84.69,11.74,1.25,2.32,0.7317,0.3577,Lavoura,0.1766,1300.92,15209.48,90.86,4.33,-10.06,11.05,201.86
5106752,Pontes e Lacerda,resto_mt,FALSE,2018,161179,57774,72,675712,747215,20325,2147,2607,186258,277655.72,86.54,10.91,1.15,1.4,0.7611,0.3185,Lavoura,0.1808,1281.22,14984.85,90.43,4.81,12.83,11.05,223.73
5106752,Pontes e Lacerda,resto_mt,FALSE,2019,206924,67322,72,679883,754185,19301,1573,2607,230405,329545.07,89.81,8.38,0.68,1.13,0.8138,0.2483,Lavoura,0.1928,1481.69,14963.53,90.15,4.89,18.69,11.05,257.26
5106752,Pontes e Lacerda,resto_mt,FALSE,2020,303716,76933,72,672667,746508,22759,1913,2607,330995,444638.3,91.76,6.88,0.58,0.79,0.8468,0.2043,Lavoura,0.2047,1680.71,14695.39,90.11,5.78,34.92,11.05,348.75
5106752,Pontes e Lacerda,resto_mt,FALSE,2021,757302,94405,72,671082,756202,30561,3125,8692,799680,950258.06,94.7,3.82,0.39,1.09,0.8984,0.1355,Lavoura,0.2601,2047.61,14555.51,88.74,10.06,113.71,11.05,724.83
5106752,Pontes e Lacerda,resto_mt,FALSE,2022,1043601,121711,72,684478,748751,31005,1606,8065.99,1084277.99,1186738.73,96.25,2.86,0.15,0.74,0.9273,0.0969,Lavoura,0.3061,2339.79,13158.48,91.42,9.75,24.89,11.05,740.79
5106752,Pontes e Lacerda,resto_mt,FALSE,2023,1021950,136125,72,709538,762725,50484,2701,6707.99,1081842.99,1125978.72,94.46,4.67,0.25,0.62,0.8945,0.1407,Lavoura,0.3439,2616.88,13640.24,93.03,8.27,-5.12,11.05,674.63
5106752,Pontes e Lacerda,resto_mt,FALSE,2024,688270,138819,72,667480,720376,48990,3753,5105,746118,746118,92.25,6.57,0.5,0.68,0.8554,0.1928,Lavoura,0.2992,2533.42,12181.4,92.66,5.37,-33.74,11.05,443.59
5106778,Porto Alegre do Norte,resto_mt,FALSE,2000,6322,9014,72,76929,109850,1355,238,,7915,,79.87,17.12,3.01,0,0.6681,0.4425,Lavoura,0.1015,1045.34,8921.37,70.03,,,20.15,
5106778,Porto Alegre do Norte,resto_mt,FALSE,2001,14866,17640,72,85651,118806,1576,168,,16610,,89.5,9.49,1.01,0,0.8101,0.2532,Lavoura,0.1876,2040.25,9906.43,72.09,,,20.15,
5106778,Porto Alegre do Norte,resto_mt,FALSE,2002,1688,3192,72,84636,117502,1561,213,,3462,16742.12,48.76,45.09,6.15,0,0.4448,0.7403,Pecuário,0.0266,360.15,9549.36,72.03,5.24,,20.15,
5106778,Porto Alegre do Norte,resto_mt,FALSE,2003,6308,7004,72,92556,125732,1770,209,,8287,35126.06,76.12,21.36,2.52,0,0.6257,0.4991,Lavoura,0.0398,780.48,10313.8,73.61,5.01,109.81,20.15,
5106778,Porto Alegre do Norte,resto_mt,FALSE,2004,19072,18316,72,103320,136990,3918,236,,23226,91365.18,82.11,16.87,1.02,0,0.7028,0.3963,Lavoura,0.0768,1989.36,11221.9,75.42,4.99,160.11,20.15,
5106778,Porto Alegre do Norte,resto_mt,FALSE,2005,26500,27732,72,108558,142376,3885,224,,30609,112079.1,86.58,12.69,0.73,0,0.7658,0.3123,Lavoura,0.1132,2970.12,11626.65,76.25,4.05,22.67,20.15,
5106778,Porto Alegre do Norte,resto_mt,FALSE,2006,31106,38522,72,109405,143348,4158,225,,35489,121703.4,87.65,11.72,0.63,0,0.782,0.2907,Lavoura,0.2136,4069.94,11558.9,76.32,3.16,8.59,20.15,1962.95
5106778,Porto Alegre do Norte,resto_mt,FALSE,2007,21320,20070,72,104723,138884,3912,221,,25453,82006.23,83.76,15.37,0.87,0,0.7253,0.3663,Lavoura,0.1119,2082.17,10864.51,75.4,4.1,-32.62,20.15,836.81
5106778,Porto Alegre do Norte,resto_mt,FALSE,2008,26940,22600,72,108473,143071,4017,358,,31315,92750.67,86.03,12.83,1.14,0,0.7567,0.3244,Lavoura,0.093,2264.76,10870.13,75.82,4.1,13.1,20.15,662.51
5106778,Porto Alegre do Norte,resto_mt,FALSE,2009,34774,22620,72,113699,149336,4639,605,,40018,110450.02,86.9,11.59,1.51,0,0.7688,0.3083,Lavoura,0.1192,2237.61,11247.3,76.14,4.89,19.08,20.15,603.56
5106778,Porto Alegre do Norte,resto_mt,FALSE,2010,35798,23620,72,135908,172144,4677,587,,41062,104526.85,87.18,11.39,1.43,0,0.7732,0.3024,Lavoura,0.1427,2197.62,12644.96,78.95,4.43,-5.36,20.15,486.18
5106778,Porto Alegre do Norte,resto_mt,FALSE,2011,45490,24314,72,151697,189663,5637,486,,51613,121295.26,88.14,10.92,0.94,0,0.7889,0.2815,Lavoura,0.1158,2228.19,13901.85,79.98,4.99,16.04,20.15,422.64
5106778,Porto Alegre do Norte,resto_mt,FALSE,2012,88770,48408,72,165777,203861,6731,22,,95523,207968.55,92.93,7.05,0.02,0,0.8686,0.1752,Lavoura,0.178,4373.29,14976.69,81.32,4.3,71.46,20.15,624.53
5106778,Porto Alegre do Norte,resto_mt,FALSE,2013,96614,59940,72,138619,146127,5914,35,575,103138,208872.64,93.67,5.73,0.03,0.56,0.8807,0.1591,Lavoura,0.1717,5287.58,12228.21,94.86,3.49,0.43,20.15,546.79
5106778,Porto Alegre do Norte,resto_mt,FALSE,2014,159694,61200,72,133955,144897,5944,17,916,166571,312791.76,95.87,3.57,0.01,0.55,0.9204,0.1061,Lavoura,0.2364,5318.04,11640.16,92.45,5.12,49.75,20.15,783.94
5106778,Porto Alegre do Norte,resto_mt,FALSE,2015,163418,58980,72,141935,152596,3678,32,735,167863,293045.59,97.35,2.19,0.02,0.44,0.9482,0.0691,Lavoura,0.2193,5052.25,12158.21,93.01,4.96,-6.31,20.15,699.4
5106778,Porto Alegre do Norte,resto_mt,FALSE,2016,295524,84120,72,152431,167465,3888,26,556,299994,484454.11,98.51,1.3,0.01,0.19,0.9706,0.0392,Lavoura,0.3327,7106.53,12877.5,91.02,5.75,65.32,20.15,1274.88
5106778,Porto Alegre do Norte,resto_mt,FALSE,2017,204368,80120,72,142637,158772,5018,18,461,209865,326904.77,97.38,2.39,0.01,0.22,0.9489,0.0681,Lavoura,0.2346,6679.45,11891.37,89.84,4.07,-32.52,20.15,864.84
5106778,Porto Alegre do Norte,resto_mt,FALSE,2018,294358,91868,72,147315,174905,5586,28,472,300444,447873.38,97.97,1.86,0.01,0.16,0.9602,0.0531,Lavoura,0.2917,7440.51,11931.24,84.23,4.89,37,20.15,1169.39
5106778,Porto Alegre do Norte,resto_mt,FALSE,2019,340156,98488,72,166007,195064,2592,31,482,343261,490961.44,99.1,0.76,0.01,0.14,0.9821,0.0239,Lavoura,0.2872,7868.34,13262.52,85.1,4.99,9.62,20.15,1160.66
5106778,Porto Alegre do Norte,resto_mt,FALSE,2020,382120,94260,72,149890,179454,6036,836,542.01,389534.01,523276,98.1,1.55,0.21,0.14,0.9626,0.0499,Lavoura,0.2409,7430.82,11816.32,83.53,5.55,6.58,20.15,1399.13
5106778,Porto Alegre do Norte,resto_mt,FALSE,2021,1273314,136160,72,147790,175777,7625,986,891,1282816,1524367.54,99.26,0.59,0.08,0.07,0.9853,0.0196,Lavoura,0.4172,10596.93,11502.06,84.08,11.2,191.31,20.15,3321.07
5106778,Porto Alegre do Norte,resto_mt,FALSE,2022,1506504,151954,72,165094,193146,5918,3254,740.01,1516416.01,1659712.37,99.35,0.39,0.21,0.05,0.9871,0.0172,Lavoura,0.4281,12530.22,13613.75,85.48,10.92,8.88,20.15,3056.56
5106778,Porto Alegre do Norte,resto_mt,FALSE,2023,962306,160462,72,137285,162199,10840,1451,820,975417,1015210.88,98.66,1.11,0.15,0.08,0.9735,0.0353,Lavoura,0.3101,13231.8,11320.61,84.64,6.34,-38.83,20.15,1573.96
5106778,Porto Alegre do Norte,resto_mt,FALSE,2024,938010,190144,72,131637,154121,10500,445,968,949923,949922.99,98.75,1.11,0.05,0.1,0.9753,0.0329,Lavoura,0.3809,15182.37,10510.78,85.41,4.99,-6.43,20.15,1426.32
5106851,Porto Estrela,resto_mt,FALSE,2000,6468,3668,72,73000,93485,414,190,,7072,,91.46,5.85,2.69,0,0.8406,0.2125,Lavoura,0.0906,779.26,15508.82,78.09,,,5.83,
5106851,Porto Estrela,resto_mt,FALSE,2001,7736,4284,72,76930,98161,441,180,,8357,,92.57,5.28,2.15,0,0.8602,0.1864,Lavoura,0.0944,936.6,16818.98,78.37,,,5.83,
5106851,Porto Estrela,resto_mt,FALSE,2002,4240,3526,72,93118,114857,476,143,,4859,23497.97,87.26,9.8,2.94,0,0.7719,0.3041,Lavoura,0.0374,777.85,20542.25,81.07,6.67,,5.83,
5106851,Porto Estrela,resto_mt,FALSE,2003,5494,2684,72,98371,120677,465,161,,6120,25940.82,89.77,7.6,2.63,0,0.8123,0.2503,Lavoura,0.0294,602.88,22095.91,81.52,9.67,10.4,5.83,
5106851,Porto Estrela,resto_mt,FALSE,2004,8186,4136,72,116081,138938,542,451,,9179,36107.86,89.18,5.9,4.91,0,0.8012,0.2651,Lavoura,0.0304,965.68,27102.73,83.55,8.73,39.19,5.83,
5106851,Porto Estrela,resto_mt,FALSE,2005,7398,4604,72,105864,129208,542,700,,8640,31636.57,85.62,6.27,8.1,0,0.7436,0.3419,Lavoura,0.032,1099.07,25271.9,81.93,6.87,-12.38,5.83,
5106851,Porto Estrela,resto_mt,FALSE,2006,9244,5722,72,104426,127902,541,442,,10227,35071.73,90.39,5.29,4.32,0,0.8217,0.2377,Lavoura,0.0616,1396.97,25494.63,81.65,6.13,10.86,5.83,438.4
5106851,Porto Estrela,resto_mt,FALSE,2007,10498,4816,72,99854,112570,198,243,,10939,35244.02,95.97,1.81,2.22,0,0.9218,0.1043,Lavoura,0.0481,1200.7,24895.04,88.7,7.31,0.49,5.83,374.94
5106851,Porto Estrela,resto_mt,FALSE,2008,12872,4448,72,98640,112333,241,446,,13559,40159.88,94.93,1.78,3.29,0,0.9026,0.1299,Lavoura,0.0403,1086.73,24099.68,87.81,9.04,13.95,5.83,358.57
5106851,Porto Estrela,resto_mt,FALSE,2009,12494,4756,72,102768,116791,263,736,,13493,37240.8,92.6,1.95,5.45,0,0.8608,0.1856,Lavoura,0.0402,1181.03,25519.74,87.99,7.84,-7.27,5.83,290.94
5106851,Porto Estrela,resto_mt,FALSE,2010,11088,2584,72,103272,117413,381,619,,12088,30771.04,91.73,3.15,5.12,0,0.8451,0.2065,Lavoura,0.042,708.14,28301.45,87.96,11.91,-17.37,5.83,330.88
5106851,Porto Estrela,resto_mt,FALSE,2011,10062,2706,72,100332,114791,1129,204,,11395,26779.28,88.3,9.91,1.79,0,0.7898,0.2803,Lavoura,0.0256,758.41,28119.96,87.4,9.9,-12.97,5.83,201.36
5106851,Porto Estrela,resto_mt,FALSE,2012,11370,2916,72,107944,121899,1166,180,,12716,27684.72,89.41,9.17,1.42,0,0.808,0.256,Lavoura,0.0237,835.53,30929.51,88.55,9.5,3.38,5.83,214.62
5106851,Porto Estrela,resto_mt,FALSE,2013,16392,2808,72,112412,126703,1170,1077,204,18843,38160.4,86.99,6.21,5.72,1.08,0.764,0.3147,Lavoura,0.0314,837.21,33515.8,88.72,13.59,37.84,5.83,315.37
5106851,Porto Estrela,resto_mt,FALSE,2014,14998,2344,72,114091,128683,1421,1404,0,17823,33468.52,84.15,7.97,7.88,0,0.7207,0.3724,Lavoura,0.0253,720.12,35051,88.66,14.28,-12.3,5.83,220.19
5106851,Porto Estrela,resto_mt,FALSE,2015,26396,3086,72,118477,133518,1754,499,220,28869,50397.84,91.43,6.08,1.73,0.76,0.84,0.2133,Lavoura,0.0377,977.2,37516.47,88.73,16.34,50.58,5.83,352.44
5106851,Porto Estrela,resto_mt,FALSE,2016,33058,2808,72,121615,136621,2112,398,617,36185,58434.41,91.36,5.84,1.1,1.71,0.8385,0.2153,Lavoura,0.0401,916.45,39691.58,89.02,20.8,15.95,5.83,379.45
5106851,Porto Estrela,resto_mt,FALSE,2017,25236,2718,72,117550,132656,2139,365,390,28130,43817.83,89.71,7.6,1.3,1.39,0.8109,0.2521,Lavoura,0.0314,914.23,39539.19,88.61,16.11,-25.01,5.83,246.16
5106851,Porto Estrela,resto_mt,FALSE,2018,26006,2602,72,124047,131697,2052,398,394.01,28850.01,43006.86,90.14,7.11,1.38,1.37,0.818,0.2427,Lavoura,0.028,853.11,40671.15,94.19,16.52,-1.85,5.83,254.48
5106851,Porto Estrela,resto_mt,FALSE,2019,26400,2698,72,161777,169635,4564,415,405,31784,45460.22,83.06,14.36,1.31,1.27,0.7109,0.3855,Lavoura,0.0266,910.56,54599.06,95.37,16.85,5.7,5.83,267.41
5106851,Porto Estrela,resto_mt,FALSE,2020,33934,2922,72,167292,175352,4742,575,496,39747,53393.67,85.37,11.93,1.45,1.25,0.7434,0.3421,Lavoura,0.0246,1015.64,58148.07,95.4,18.28,17.45,5.83,287.07
5106851,Porto Estrela,resto_mt,FALSE,2021,45344,3768,72,127387,134870,5158,839,554,51895,61666.72,87.38,9.94,1.62,1.07,0.7738,0.3016,Lavoura,0.0169,1348.6,45593.06,94.45,16.37,15.49,5.83,331.54
5106851,Porto Estrela,resto_mt,FALSE,2022,57206,3848,72,135341,142894,5448,693,648,63995,70042.31,89.39,8.51,1.08,1.01,0.8065,0.258,Lavoura,0.0181,1193.55,41979.22,94.71,18.2,13.58,5.83,361.04
5106851,Porto Estrela,resto_mt,FALSE,2023,61772,4465,72,142757,157008,12416,507,1039.99,75734.99,78824.73,81.56,16.39,0.67,1.37,0.6923,0.4103,Lavoura,0.0241,1384.93,44279.47,90.92,17.67,12.54,5.83,404.24
5106851,Porto Estrela,resto_mt,FALSE,2024,67578,4818,72,129228,143620,12532,490,1201,81801,81801.01,82.61,15.32,0.6,1.47,0.7062,0.3917,Lavoura,0.0328,1514.62,40624.96,89.98,16.98,3.78,5.83,423.84
5106802,Porto dos Gaúchos,resto_mt,FALSE,2000,8296,13262,72,97069,114467,219,2771,,11286,,73.51,1.94,24.55,0,0.601,0.532,Lavoura,0.1447,2341.04,17134.86,84.8,,,15.39,
5106802,Porto dos Gaúchos,resto_mt,FALSE,2001,20340,24154,72,107935,124997,409,2384,,23133,,87.93,1.77,10.31,0,0.7841,0.2879,Lavoura,0.2613,4155.17,18567.87,86.35,,,15.39,
5106802,Porto dos Gaúchos,resto_mt,FALSE,2002,30304,35970,72,127745,145217,322,7302,,37928,183418.61,79.9,0.85,19.25,0,0.6755,0.4327,Lavoura,0.2916,6077.04,21582.19,87.97,5.09,,15.39,
5106802,Porto dos Gaúchos,resto_mt,FALSE,2003,55374,38344,72,145554,163102,376,9870,,65620,278143.12,84.39,0.57,15.04,0,0.7348,0.3536,Lavoura,0.3155,6351.5,24110.32,89.24,7.25,51.64,15.39,
5106802,Porto dos Gaúchos,resto_mt,FALSE,2004,210448,129608,72,150807,168612,518,9793,,220759,868409.81,95.33,0.23,4.44,0,0.9108,0.1189,Lavoura,0.7301,20621.8,23994.75,89.44,6.69,212.22,15.39,
5106802,Porto dos Gaúchos,resto_mt,FALSE,2005,194832,190532,72,161964,180030,515,10242,,205589,752792.68,94.77,0.25,4.98,0,0.9006,0.1325,Lavoura,0.7604,29668.64,25220.18,89.97,3.95,-13.31,15.39,
5106802,Porto dos Gaúchos,resto_mt,FALSE,2006,90050,95322,72,139224,157571,472,7200,,97722,335120.69,92.15,0.48,7.37,0,0.8546,0.1939,Lavoura,0.5883,14533.01,21226.41,88.36,3.51,-55.48,15.39,1167.66
5106802,Porto dos Gaúchos,resto_mt,FALSE,2007,89794,97774,72,151777,167683,872,7313,,97979,315675.52,91.65,0.89,7.46,0,0.8456,0.2059,Lavoura,0.4308,15986.59,24816.38,90.51,3.23,-5.8,15.39,1045.29
5106802,Porto dos Gaúchos,resto_mt,FALSE,2008,213740,142830,72,151879,166452,675,9451,,223866,663059.91,95.48,0.3,4.22,0,0.9134,0.1155,Lavoura,0.6652,22596.11,24027.69,91.24,4.63,110.04,15.39,2411.13
5106802,Porto dos Gaúchos,resto_mt,FALSE,2009,73386,48830,72,163089,178124,689,32184,,106259,293275.72,69.06,0.65,30.29,0,0.5687,0.5751,Lavoura,0.3165,7650.01,25550.52,91.56,6.01,-55.77,15.39,835.54
5106802,Porto dos Gaúchos,resto_mt,FALSE,2010,83920,54558,72,183181,199004,826,22685,,107431,273474.85,78.12,0.77,21.12,0,0.6549,0.4601,Lavoura,0.3734,10012.48,33617.36,92.05,5.01,-6.75,15.39,712.18
5106802,Porto dos Gaúchos,resto_mt,FALSE,2011,388220,187358,72,172111,189881,894,17830,,406944,956355.56,95.4,0.22,4.38,0,0.912,0.1173,Lavoura,0.9133,34485.18,31678.81,90.64,5.12,249.71,15.39,2198.52
5106802,Porto dos Gaúchos,resto_mt,FALSE,2012,435318,205388,72,161937,178781,809,13048,,449175,977924.33,96.92,0.18,2.9,0,0.9402,0.0797,Lavoura,0.837,37915.45,29894.22,90.58,4.76,2.26,15.39,1817.7
5106802,Porto dos Gaúchos,resto_mt,FALSE,2013,471520,237200,72,159534,173729,1010,2999,494,476023,964030.55,99.05,0.21,0.63,0.1,0.9811,0.0252,Lavoura,0.7923,44015.59,29603.64,91.83,4.07,-1.42,15.39,1818.92
5106802,Porto dos Gaúchos,resto_mt,FALSE,2014,684286,319200,72,141441,155432,817,1718,731.99,687552.99,1291106.51,99.52,0.12,0.25,0.11,0.9904,0.0128,Lavoura,0.9756,59541.13,26383.32,91,4.05,33.93,15.39,1826.18
5106802,Porto dos Gaúchos,resto_mt,FALSE,2015,925990,439480,72,141199,153325,1044,4679,686,932399,1627728.66,99.31,0.11,0.5,0.07,0.9863,0.0183,Lavoura,1.2183,82392.2,26471.5,92.09,3.69,26.07,15.39,2418.61
5106802,Porto dos Gaúchos,resto_mt,FALSE,2016,1115824,443142,72,135271,147198,959,8434,420,1125637,1817767.96,99.13,0.09,0.75,0.04,0.9827,0.0231,Lavoura,1.2484,83485.68,25484.36,91.9,4.1,11.68,15.39,2394.96
5106802,Porto dos Gaúchos,resto_mt,FALSE,2017,1469060,559626,72,115034,125129,1371,11038,386.01,1481855.01,2308271.84,99.14,0.09,0.74,0.03,0.9829,0.0228,Lavoura,1.6567,105929.59,21774.37,91.93,4.12,26.98,15.39,2940.48
5106802,Porto dos Gaúchos,resto_mt,FALSE,2018,1304802,545200,72,129775,141279,1624,3652,374,1310452,1953497.36,99.57,0.12,0.28,0.03,0.9914,0.0115,Lavoura,1.2721,100423.65,23904.03,91.86,3.59,-15.37,15.39,2376.51
5106802,Porto dos Gaúchos,resto_mt,FALSE,2019,1853242,607432,72,124843,137750,1746,8777,590,1864355,2666561.03,99.4,0.09,0.47,0.03,0.9881,0.0159,Lavoura,1.5601,112279.48,23076.34,90.63,4.38,36.5,15.39,2809.87
5106802,Porto dos Gaúchos,resto_mt,FALSE,2020,3165820,645986,72,118213,130556,1837,4295,561,3172513,4261758.58,99.79,0.06,0.14,0.02,0.9958,0.0056,Lavoura,1.9619,120452.36,22042.33,90.55,6.59,59.82,15.39,3791.6
5106802,Porto dos Gaúchos,resto_mt,FALSE,2021,4938364,630874,72,105010,116417,1990,12008,1168,4953530,5886269.24,99.69,0.04,0.24,0.02,0.9938,0.0083,Lavoura,1.611,118052.77,19650.07,90.2,9.34,38.12,15.39,5087.53
5106802,Porto dos Gaúchos,resto_mt,FALSE,2022,5951104,696240,72,105301,116299,1309,13792,1304.01,5967509.01,6531419.17,99.73,0.02,0.23,0.02,0.9946,0.0072,Lavoura,1.6847,124484.18,18827.28,90.54,9.39,10.96,15.39,4246.7
5106802,Porto dos Gaúchos,resto_mt,FALSE,2023,4966638,738820,72,98237,108823,3614,10355,1318.01,4981925.01,5185171.58,99.69,0.07,0.21,0.03,0.9938,0.0083,Lavoura,1.5839,132097.26,17564.28,90.27,7.03,-20.61,15.39,3238.7
5106802,Porto dos Gaúchos,resto_mt,FALSE,2024,4258978,818410,72,97532,108802,3554,9561,1290.01,4273383.01,4273383,99.66,0.08,0.22,0.03,0.9932,0.0091,Lavoura,1.7135,143833.04,17140.95,89.64,5.22,-17.58,15.39,2650.97
5107008,Poxoréu,resto_mt,FALSE,2000,90446,104522,72,241572,296036,1805,198,,92449,,97.83,1.95,0.21,0,0.9575,0.0567,Lavoura,1.185,5218.27,12060.51,81.6,,,5.41,
5107008,Poxoréu,resto_mt,FALSE,2001,97872,104040,72,260000,316610,2884,206,,100962,,96.94,2.86,0.2,0,0.9406,0.0792,Lavoura,1.1403,5326.37,13310.81,82.12,,,5.41,
5107008,Poxoréu,resto_mt,FALSE,2002,121042,105372,72,291903,352663,3652,260,,124954,604273.57,96.87,2.92,0.21,0,0.9392,0.0811,Lavoura,0.9607,5482.41,15187.46,82.77,5.73,,5.41,
5107008,Poxoréu,resto_mt,FALSE,2003,241246,131706,72,304610,371303,4432,347,,246025,1042824.76,98.06,1.8,0.14,0,0.9619,0.0508,Lavoura,1.183,6988.91,16163.97,82.04,7.92,72.57,5.41,
5107008,Poxoréu,resto_mt,FALSE,2004,302156,140082,72,300752,370199,5456,246,,307858,1211035.15,98.15,1.77,0.08,0,0.9637,0.0484,Lavoura,1.0181,7758.2,16656.62,81.24,8.65,16.13,5.41,
5107008,Poxoréu,resto_mt,FALSE,2005,289760,144086,72,300907,372314,6528,859,,297147,1088045.01,97.51,2.2,0.29,0,0.9513,0.0649,Lavoura,1.0991,8177.88,17078.55,80.82,7.56,-10.16,5.41,
5107008,Poxoréu,resto_mt,FALSE,2006,146342,125282,72,291289,494186,11069,308,,157719,540870.03,92.79,7.02,0.2,0,0.8659,0.1788,Lavoura,0.9495,7289.77,16949.2,58.94,4.33,-50.29,5.41,759.65
5107008,Poxoréu,resto_mt,FALSE,2007,231350,144374,72,284249,709280,16384,504,,248238,799790.38,93.2,6.6,0.2,0,0.873,0.1693,Lavoura,1.0915,8206.8,16157.86,40.08,5.55,47.87,5.41,949.86
5107008,Poxoréu,resto_mt,FALSE,2008,354536,157426,72,289538,1050256,22011,557,,377104,1116929.52,94.02,5.84,0.15,0,0.8874,0.1501,Lavoura,1.1205,8753.18,16098.86,27.57,7.1,39.65,5.41,1210.1
5107008,Poxoréu,resto_mt,FALSE,2009,342164,154554,72,319445,1310460,35233,569,,377966,1043189.29,90.53,9.32,0.15,0,0.8283,0.2289,Lavoura,1.1259,8703.34,17988.79,24.38,6.75,-6.6,5.41,1184.1
5107008,Poxoréu,resto_mt,FALSE,2010,293772,163492,72,309783,1375184,36115,494,,330381,841013.25,88.92,10.93,0.15,0,0.8026,0.2632,Lavoura,1.1484,9289.85,17602.31,22.53,5.14,-19.38,5.41,781.62
5107008,Poxoréu,resto_mt,FALSE,2011,462738,184736,72,306681,1477022,44631,487,,507856,1193507.97,91.12,8.79,0.1,0,0.838,0.216,Lavoura,1.1397,10609.09,17612.19,20.76,6.47,41.91,5.41,1059.01
5107008,Poxoréu,resto_mt,FALSE,2012,502560,190984,72,297686,1739551,55727,519,,558806,1216608.2,89.93,9.97,0.09,0,0.8187,0.2417,Lavoura,1.0413,11083.1,17275.19,17.11,6.36,1.94,5.41,1070.01
5107008,Poxoréu,resto_mt,FALSE,2013,570596,201562,72,318485,1541849,60469,1139,624.01,632828.01,1281588.36,90.17,9.56,0.18,0.1,0.8222,0.2371,Lavoura,1.0532,11913.35,18824.1,20.66,6.36,5.34,5.41,1071.56
5107008,Poxoréu,resto_mt,FALSE,2014,602762,211226,72,330917,1605133,64005,1367,5656,673790,1265261.96,89.46,9.5,0.2,0.84,0.8094,0.2541,Lavoura,0.9561,12665.71,19842.72,20.62,5.98,-1.27,5.41,1022.84
5107008,Poxoréu,resto_mt,FALSE,2015,660044,209350,72,350695,1790184,148413,1729,7863.01,818049.01,1428103.02,80.69,18.14,0.21,0.96,0.6841,0.4212,Lavoura,1.0689,12733.41,21330.52,19.59,6.82,12.87,5.41,1025.95
5107008,Poxoréu,resto_mt,FALSE,2016,666076,187764,72,357709,1713323,111651,1501,7160,786388,1269921.76,84.7,14.2,0.19,0.91,0.7377,0.3497,Lavoura,0.8721,11583.93,22068.54,20.88,6.77,-11.08,5.41,923.59
5107008,Poxoréu,resto_mt,FALSE,2017,677768,207032,72,356028,1720251,110215,1590,3773.99,793346.99,1235789.27,85.43,13.89,0.2,0.48,0.7491,0.3345,Lavoura,0.8869,12951.64,22272.63,20.7,5.96,-2.69,5.41,886.5
5107008,Poxoréu,resto_mt,FALSE,2018,750174,195594,72,330832,1884151,56300,1684,4005,812163,1210695.44,92.37,6.93,0.21,0.49,0.8581,0.1892,Lavoura,0.7884,11911.21,20146.89,17.56,6.19,-2.03,5.41,862.93
5107008,Poxoréu,resto_mt,FALSE,2019,850226,210344,72,349924,1892875,53258,650,4530,908664,1299649.49,93.57,5.86,0.07,0.5,0.879,0.1613,Lavoura,0.7604,12968.99,21574.94,18.49,6.19,7.35,5.41,944.51
5107008,Poxoréu,resto_mt,FALSE,2020,1135592,209944,72,369076,1756809,152021,650,5961,1294224,1738580.81,87.74,11.75,0.05,0.46,0.7837,0.2884,Lavoura,0.8004,13190.75,23188.99,21.01,8.27,33.77,5.41,1327.17
5107008,Poxoréu,resto_mt,FALSE,2021,1935274,214162,72,383476,1831957,156005,1566,4930.01,2097775.01,2492781.61,92.25,7.44,0.07,0.24,0.8565,0.1913,Lavoura,0.6823,13438.88,24063.5,20.93,11.63,43.38,5.41,1610.31
5107008,Poxoréu,resto_mt,FALSE,2022,2553918,252744,72,400001,1946327,195392,1706,6506,2757522,3018098.84,92.62,7.09,0.06,0.24,0.8629,0.1828,Lavoura,0.7785,10855.3,17179.96,20.55,11.94,21.07,5.41,1820.32
5107008,Poxoréu,resto_mt,FALSE,2023,1955796,276738,72,406047,1908040,402362,11842,4910.01,2374910.01,2471798.73,82.35,16.94,0.5,0.21,0.7069,0.3908,Lavoura,0.755,11885.84,17439.63,21.28,8.94,-18.1,5.41,1444.65
5107008,Poxoréu,resto_mt,FALSE,2024,1546400,251538,72,411603,1945898,364970,11368,4861,1927599,1927599,80.22,18.93,0.59,0.25,0.6794,0.4275,Lavoura,0.7729,10230.53,16740.68,21.15,7.66,-22.02,5.41,1093.99
5107040,Primavera do Leste,resto_mt,FALSE,2000,376848,475080,72,66956,106143,483,350,,377681,,99.78,0.13,0.09,0,0.9956,0.0059,Lavoura,4.841,11919.61,1679.91,63.08,,,4.3,
5107040,Primavera do Leste,resto_mt,FALSE,2001,458024,510034,72,52934,93299,574,29,,458627,,99.87,0.13,0.01,0,0.9974,0.0035,Lavoura,5.18,11818.11,1226.54,56.74,,,4.3,
5107040,Primavera do Leste,resto_mt,FALSE,2002,658252,585842,72,54778,96784,676,388,,659316,3188431.26,99.84,0.1,0.06,0,0.9968,0.0043,Lavoura,5.0693,12845.16,1201.06,56.6,5.45,,4.3,
5107040,Primavera do Leste,resto_mt,FALSE,2003,1189890,630890,72,56291,98590,777,589,,1191256,5049369.99,99.89,0.07,0.05,0,0.9978,0.0029,Lavoura,5.7281,13067.86,1165.98,57.1,7.99,58.37,4.3,
5107040,Primavera do Leste,resto_mt,FALSE,2004,1464860,695412,72,54519,94425,943,498,,1466301,5768055.59,99.9,0.06,0.03,0,0.998,0.0027,Lavoura,4.8491,12906.44,1011.84,57.74,8.3,14.23,4.3,
5107040,Primavera do Leste,resto_mt,FALSE,2005,1385456,716760,72,55591,97833,1107,1170,,1387733,5081377.12,99.84,0.08,0.08,0,0.9968,0.0043,Lavoura,5.1328,12578.71,975.59,56.82,7.08,-11.9,4.3,
5107040,Primavera do Leste,resto_mt,FALSE,2006,594524,601450,72,52681,90518,1172,841,,596537,2045720.43,99.66,0.2,0.14,0,0.9932,0.0091,Lavoura,3.5912,10014.15,877.14,58.2,3.41,-59.74,4.3,1018.79
5107040,Primavera do Leste,resto_mt,FALSE,2007,1041842,666232,72,66074,111684,1749,757,,1044348,3364752.7,99.76,0.17,0.07,0,0.9952,0.0064,Lavoura,4.5918,14894.86,1477.21,59.16,5.04,64.48,4.3,1588.65
5107040,Primavera do Leste,resto_mt,FALSE,2008,1444978,694836,72,71535,323259,1388,569,,1446935,4285619.94,99.86,0.1,0.04,0,0.9972,0.0037,Lavoura,4.2992,15003.69,1544.67,22.13,6.16,27.37,4.3,1711.5
5107040,Primavera do Leste,resto_mt,FALSE,2009,1372388,707288,72,69581,1683360,22571,484,,1395443,3851434.25,98.35,1.62,0.03,0,0.9675,0.0433,Lavoura,4.1567,15070.16,1482.56,4.13,5.45,-10.13,4.3,1284.25
5107040,Primavera do Leste,resto_mt,FALSE,2010,1175516,715180,72,65603,2361979,60797,439,,1236752,3148258.58,95.05,4.92,0.04,0,0.9059,0.1255,Lavoura,4.2991,13736.03,1260,2.78,4.4,-18.26,4.3,937.54
5107040,Primavera do Leste,resto_mt,FALSE,2011,1842736,806328,72,61471,3851401,100960,439,,1944135,4568894.76,94.78,5.19,0.02,0,0.901,0.132,Lavoura,4.3631,15212.59,1159.74,1.6,5.68,45.12,4.3,1273.38
5107040,Primavera do Leste,resto_mt,FALSE,2012,2121597,844668,72,62439,3612523,135915,444,,2257956,4915923.96,93.96,6.02,0.02,0,0.8865,0.1513,Lavoura,4.2077,15668.11,1158.21,1.73,5.83,7.6,4.3,1261.47
5107040,Primavera do Leste,resto_mt,FALSE,2013,2265507,863062,72,50680,3590028,135952,1088,6416,2408963,4878575.04,94.04,5.64,0.05,0.27,0.8875,0.15,Lavoura,4.0093,15564.41,913.96,1.41,5.65,-0.76,4.3,1618.64
5107040,Primavera do Leste,resto_mt,FALSE,2014,2500640,879666,72,50680,3763053,142890,1196,6769,2651495,4979052.5,94.31,5.39,0.05,0.26,0.8923,0.1436,Lavoura,3.7624,15583.1,897.79,1.35,5.65,2.06,4.3,1218.85
5107040,Primavera do Leste,resto_mt,FALSE,2015,2522935,891218,72,41788,3561953,333592,1319,19510,2877356,5023122.96,87.68,11.59,0.05,0.68,0.7823,0.2903,Lavoura,3.7597,15520.23,727.72,1.17,5.63,0.89,4.3,1402.31
5107040,Primavera do Leste,resto_mt,FALSE,2016,2812847,827384,72,42623,3351965,235648,2027,29014,3079536,4973079.11,91.34,7.65,0.07,0.94,0.8402,0.2131,Lavoura,3.4154,14174.82,730.22,1.27,6.01,-1,4.3,1314.92
5107040,Primavera do Leste,resto_mt,FALSE,2017,2651387,878852,72,55578,3600064,248146,2125,14526.99,2916184.99,4542514.37,90.92,8.51,0.07,0.5,0.8339,0.2215,Lavoura,3.2602,14822.19,937.35,1.54,5.17,-8.66,4.3,1254.49
5107040,Primavera do Leste,resto_mt,FALSE,2018,3228320,888498,72,59816,3677176,263250,1290,7022,3499882,5217291.61,92.24,7.52,0.04,0.2,0.8565,0.1913,Lavoura,3.3975,14556.47,979.98,1.63,5.88,14.85,4.3,1362.93
5107040,Primavera do Leste,resto_mt,FALSE,2019,3471673,875094,72,79308,4242622,265183,1430,7216,3745502,5357139.41,92.69,7.08,0.04,0.19,0.8642,0.1811,Lavoura,3.1342,14110.1,1278.77,1.87,6.11,2.68,4.3,1279.77
5107040,Primavera do Leste,resto_mt,FALSE,2020,4744908,845960,72,88981,4151137,360383,1430,8780,5115501,6871849.02,92.76,7.04,0.03,0.17,0.8654,0.1795,Lavoura,3.1635,13408.36,1410.34,2.14,8.12,28.27,4.3,1948.9
5107040,Primavera do Leste,resto_mt,FALSE,2021,8659646,944145,72,95087,4537681,395336,2998,2455,9060435,10766495.78,95.58,4.36,0.03,0.03,0.9155,0.1127,Lavoura,2.9467,14780.9,1488.62,2.1,11.4,56.68,4.3,2739.56
5107040,Primavera do Leste,resto_mt,FALSE,2022,10463577,1049905,72,97382,4456347,501172,3331,2512,10970592,12007277.23,95.38,4.57,0.03,0.02,0.9118,0.1176,Lavoura,3.0971,12330.64,1143.71,2.19,11.43,11.52,4.3,2595.05
5107040,Primavera do Leste,resto_mt,FALSE,2023,8157222,1176905,72,90908,4448392,1257186,5462,875.99,9420745.99,9805082.22,86.59,13.34,0.06,0.01,0.7676,0.3099,Lavoura,2.9951,13822.2,1067.67,2.04,8.32,-18.34,4.3,1972.85
5107040,Primavera do Leste,resto_mt,FALSE,2024,6953562,1120321,72,96715,4796002,1088920,5309,1946,8049737,8049737,86.38,13.53,0.07,0.02,0.7645,0.314,Lavoura,3.2278,12055.93,1040.76,2.02,7.18,-17.9,4.3,1688.64
5107065,Querência,resto_mt,FALSE,2000,42956,57136,72,160348,171145,494,1517,,44967,,95.53,1.1,3.37,0,0.9139,0.1148,Lavoura,0.5764,7854.83,22043.99,93.69,,,12.59,
5107065,Querência,resto_mt,FALSE,2001,49196,69820,72,176841,187676,511,1276,,50983,,96.49,1,2.5,0,0.9318,0.0909,Lavoura,0.5758,8953.58,22677.74,94.23,,,12.59,
5107065,Querência,resto_mt,FALSE,2002,94812,78222,72,193611,203696,418,1342,,96572,467019.14,98.18,0.43,1.39,0,0.9641,0.0479,Lavoura,0.7425,9571.95,23692,95.05,5.98,,12.59,
5107065,Querência,resto_mt,FALSE,2003,157338,125536,72,186611,196816,313,2314,,159965,678042.72,98.36,0.2,1.45,0,0.9677,0.0431,Lavoura,0.7692,14617.61,21729.27,94.81,5.4,45.19,12.59,
5107065,Querência,resto_mt,FALSE,2004,397476,224080,72,167497,180438,710,2722,,400908,1577070.2,99.14,0.18,0.68,0,0.9829,0.0228,Lavoura,1.3258,23679.59,17700.2,92.83,7.03,132.59,12.59,
5107065,Querência,resto_mt,FALSE,2005,299698,296762,72,153584,166940,891,3323,,303912,1112816,98.61,0.29,1.09,0,0.9725,0.0367,Lavoura,1.1241,29834.32,15440.23,92,3.74,-29.44,12.59,
5107065,Querência,resto_mt,FALSE,2006,289490,312210,72,193743,206810,913,3479,,293882,1007817.48,98.51,0.31,1.18,0,0.9706,0.0392,Lavoura,1.7692,29939.59,18579.11,93.68,3.23,-9.44,12.59,1235.07
5107065,Querência,resto_mt,FALSE,2007,397920,325230,72,201808,213933,768,2722,,401410,1293290.54,99.13,0.19,0.68,0,0.9827,0.0231,Lavoura,1.7649,30446.55,18892.34,94.33,3.97,28.33,12.59,1761.98
5107065,Querência,resto_mt,FALSE,2008,638886,391448,72,204764,216950,820,610,,640316,1896526.81,99.78,0.13,0.1,0,0.9956,0.0059,Lavoura,1.9026,35016.37,18316.84,94.38,4.84,46.64,12.59,1735.15
5107065,Querência,resto_mt,FALSE,2009,739738,431182,72,196956,209429,642,1294,,741674,2047026.39,99.74,0.09,0.17,0,0.9948,0.0069,Lavoura,2.2093,37267.24,17022.99,94.04,4.73,7.94,12.59,1891.88
5107065,Querência,resto_mt,FALSE,2010,838150,485156,72,194617,207883,668,623,,839441,2136869.26,99.85,0.08,0.07,0,0.997,0.004,Lavoura,2.918,37225.2,14932.63,93.62,4.4,4.39,12.59,1809.38
5107065,Querência,resto_mt,FALSE,2011,1237674,579540,72,176441,197198,704,360,,1238738,2911147.4,99.91,0.06,0.03,0,0.9982,0.0024,Lavoura,2.78,43005.34,13092.98,89.47,5.01,36.23,12.59,2366.78
5107065,Querência,resto_mt,FALSE,2012,1431350,685518,72,125136,145590,853,1682,,1433885,3121792.27,99.82,0.06,0.12,0,0.9964,0.0048,Lavoura,2.672,49307.2,9000.65,85.95,4.56,7.24,12.59,2155.93
5107065,Querência,resto_mt,FALSE,2013,1801714,762118,72,131392,152888,1175,1249,908.01,1805046.01,3655536.62,99.82,0.07,0.07,0.05,0.9964,0.0048,Lavoura,3.0042,52089.26,8980.38,85.94,4.79,17.1,12.59,2347.82
5107065,Querência,resto_mt,FALSE,2014,2067394,832304,72,97137,106389,1233,937,1709,2071273,3889495.19,99.81,0.06,0.05,0.08,0.9962,0.0051,Lavoura,2.9391,55042.92,6423.98,91.3,4.68,6.4,12.59,2338.83
5107065,Querência,resto_mt,FALSE,2015,2282118,874678,72,91093,101606,1222,1024,1010.01,2285374.01,3989674.77,99.86,0.05,0.04,0.04,0.9972,0.0037,Lavoura,2.9862,56079.89,5840.42,89.65,4.56,2.58,12.59,2333.13
5107065,Querência,resto_mt,FALSE,2016,1761114,834304,72,95337,104838,1473,1117,1570,1765274,2850704.55,99.76,0.08,0.06,0.09,0.9952,0.0064,Lavoura,1.9578,51945.96,5935.93,90.94,3.41,-28.55,12.59,1622.48
5107065,Querência,resto_mt,FALSE,2017,2526242,983292,72,94365,104273,1691,1177,1529.99,2530639.99,3941954.5,99.83,0.07,0.05,0.06,0.9966,0.0045,Lavoura,2.8292,59550.15,5714.93,90.5,4,38.28,12.59,2118.18
5107065,Querência,resto_mt,FALSE,2018,2804488,948042,72,103138,113513,2370,1225,1134,2809217,4187713.85,99.83,0.08,0.04,0.04,0.9966,0.0045,Lavoura,2.727,55721.29,6061.95,90.86,4.43,6.23,12.59,2227.52
5107065,Querência,resto_mt,FALSE,2019,2483238,977432,72,103179,114890,3794,1258,1203.99,2489493.99,3560688.64,99.75,0.15,0.05,0.05,0.995,0.0067,Lavoura,2.0832,55920.36,5903.03,89.81,3.64,-14.97,12.59,1745.43
5107065,Querência,resto_mt,FALSE,2020,4335040,1162126,72,109222,122736,3285,1258,1280.01,4340863.01,5831248.05,99.87,0.08,0.03,0.03,0.9974,0.0035,Lavoura,2.6845,64789.32,6089.2,88.99,5.01,63.77,12.59,2472.96
5107065,Querência,resto_mt,FALSE,2021,10618688,1287468,72,115610,129492,2967,302,3238.01,10625195.01,12625896.8,99.94,0.03,0,0.03,0.9988,0.0016,Lavoura,3.4556,70024.37,6287.94,89.28,9.8,116.52,12.59,5397.99
5107065,Querência,resto_mt,FALSE,2022,8674600,1093446,72,121081,133252,3518,1363,3082,8682563,9503036.94,99.91,0.04,0.02,0.04,0.9982,0.0024,Lavoura,2.4512,40847.47,4523.18,90.87,8.68,-24.73,12.59,3602.36
5107065,Querência,resto_mt,FALSE,2023,8406934,1381446,72,123089,136542,5438,2017,2508,8416897,8760279.42,99.88,0.06,0.02,0.03,0.9976,0.0032,Lavoura,2.676,51606.19,4598.19,90.15,6.34,-7.82,12.59,3263.9
5107065,Querência,resto_mt,FALSE,2024,6331784,1391202,72,105000,123103,6696,438,3938.01,6342856.01,6342856.01,99.83,0.11,0.01,0.06,0.9966,0.0045,Lavoura,2.5434,46653.32,3521.13,85.29,4.56,-27.6,12.59,2404.41
5107156,Reserva do Cabaçal,resto_mt,FALSE,2000,902,1352,72,24200,34049,938,74,,1914,,47.13,49.01,3.87,0,0.4638,0.7149,Pecuário,0.0245,559.14,10008.27,71.07,,,3.03,
5107156,Reserva do Cabaçal,resto_mt,FALSE,2001,638,1072,72,28660,38741,891,69,,1598,,39.92,55.76,4.32,0,0.4721,0.7039,Pecuário,0.018,466.7,12477.14,73.98,,,3.03,
5107156,Reserva do Cabaçal,resto_mt,FALSE,2002,522,652,72,28917,39379,1101,70,,1693,8187.29,30.83,65.03,4.13,0,0.5196,0.6405,Pecuário,0.013,295.69,13114.29,73.43,12.55,,3.03,
5107156,Reserva do Cabaçal,resto_mt,FALSE,2003,758,476,72,28611,39474,1356,77,,2191,9286.99,34.6,61.89,3.51,0,0.504,0.6613,Pecuário,0.0105,226.02,13585.47,72.48,19.5,13.43,3.03,
5107156,Reserva do Cabaçal,resto_mt,FALSE,2004,914,820,72,31574,43786,3706,108,,4728,18598.74,19.33,78.38,2.28,0,0.6522,0.4637,Pecuário,0.0156,429.99,16556.9,72.11,22.68,100.27,3.03,
5107156,Reserva do Cabaçal,resto_mt,FALSE,2005,1218,1140,72,31614,44348,3601,188,,5007,18333.82,24.33,71.92,3.75,0,0.5778,0.5629,Pecuário,0.0185,636.16,17641.74,71.29,16.09,-1.42,3.03,
5107156,Reserva do Cabaçal,resto_mt,FALSE,2006,596,334,72,29978,42232,3637,133,,4366,14972.45,13.65,83.3,3.05,0,0.7135,0.382,Pecuário,0.0263,198.93,17854.68,70.98,44.83,-18.33,3.03,2138.93
5107156,Reserva do Cabaçal,resto_mt,FALSE,2007,702,370,72,29074,42361,4530,109,,5341,17208.01,13.14,84.82,2.04,0,0.7371,0.3505,Pecuário,0.0235,147.7,11606.39,68.63,46.51,14.93,3.03,2868.01
5107156,Reserva do Cabaçal,resto_mt,FALSE,2008,1048,430,72,29559,43377,5515,76,,6639,19663.79,15.79,83.07,1.14,0,0.7151,0.3799,Pecuário,0.0197,166.41,11439.24,68.14,45.72,14.27,3.03,3277.29
5107156,Reserva do Cabaçal,resto_mt,FALSE,2009,998,420,72,29518,44748,6202,179,,7379,20366.11,13.52,84.05,2.43,0,0.7253,0.3663,Pecuário,0.022,161.66,11361.82,65.96,48.49,3.57,3.03,3394.36
5107156,Reserva do Cabaçal,resto_mt,FALSE,2010,952,330,72,31930,47549,6831,141,,7924,20171.22,12.01,86.21,1.78,0,0.758,0.3227,Pecuário,0.0275,128.3,12414.46,67.15,61.12,-0.96,3.03,1344.76
5107156,Reserva do Cabaçal,resto_mt,FALSE,2011,1214,460,72,35416,51139,7421,156,,8791,20659.65,13.81,84.42,1.77,0,0.7321,0.3572,Pecuário,0.0197,178.02,13705.88,69.25,44.9,2.42,3.03,1721.63
5107156,Reserva do Cabaçal,resto_mt,FALSE,2012,2520,510,72,34884,50398,3756,167,,6443,14027.43,39.11,58.3,2.59,0,0.4935,0.6753,Pecuário,0.012,196.53,13442.77,69.22,27.49,-32.1,3.03,1558.61
5107156,Reserva do Cabaçal,resto_mt,FALSE,2013,2298,724,72,36564,43117,3560,433,0,6291,12740.38,36.53,56.59,6.88,0,0.4584,0.7221,Pecuário,0.0105,277.18,13998.47,84.8,17.59,-9.18,3.03,1158.22
5107156,Reserva do Cabaçal,resto_mt,FALSE,2014,6530,944,72,40299,47571,4043,504,776,11853,22257.89,55.09,34.11,4.25,6.55,0.4259,0.7655,Lavoura,0.0168,360.17,15375.43,84.71,23.57,74.7,3.03,2473.09
5107156,Reserva do Cabaçal,resto_mt,FALSE,2015,2128,320,72,41478,51663,4544,130,518,7320,12778.84,29.07,62.08,1.78,7.08,0.4752,0.6997,Pecuário,0.0096,121.67,15771.1,80.29,39.94,-42.59,3.03,798.68
5107156,Reserva do Cabaçal,resto_mt,FALSE,2016,2436,190,72,42203,51027,2891,118,510,5955,9616.61,40.91,48.55,1.98,8.56,0.4108,0.7856,Pecuário,0.0066,72.02,15998.1,82.71,50.61,-24.75,3.03,641.11
5107156,Reserva do Cabaçal,resto_mt,FALSE,2017,1728,174,72,37327,45907,2733,185,524,5170,8053.27,33.42,52.86,3.58,10.14,0.4027,0.7964,Pecuário,0.0058,65.76,14106.95,81.31,46.28,-16.26,3.03,309.75
5107156,Reserva do Cabaçal,resto_mt,FALSE,2018,2072,174,72,36579,46248,2722,199,809,5802,8649.06,35.71,46.91,3.43,13.94,0.3682,0.8424,Pecuário,0.0056,63.95,13443.22,79.09,49.72,7.4,3.03,360.38
5107156,Reserva do Cabaçal,resto_mt,FALSE,2019,3060,180,72,38442,48374,2988,439,380.99,6867.99,9823.19,44.55,43.51,6.39,5.55,0.3949,0.8068,Pecuário,0.0057,65.89,14071.01,79.47,54.58,13.58,3.03,377.82
5107156,Reserva do Cabaçal,resto_mt,FALSE,2020,2122,180,72,40867,50995,3813,1521,450,7906,10620.44,26.84,48.23,19.24,5.69,0.3449,0.8735,Pecuário,0.0049,65.62,14898.65,80.14,59.01,8.12,3.03,342.58
5107156,Reserva do Cabaçal,resto_mt,FALSE,2021,2810,180,72,46814,52067,5445,2264,363,10882,12931.07,25.82,50.04,20.8,3.34,0.3614,0.8515,Pecuário,0.0035,65.36,16998.55,89.91,71.84,21.76,3.03,680.59
5107156,Reserva do Cabaçal,resto_mt,FALSE,2022,2414,180,72,51256,55302,4726,2149,268,9557,10460.09,25.26,49.45,22.49,2.8,0.3597,0.8537,Pecuário,0.0027,84.83,24154.57,92.68,58.12,-19.11,3.03,360.68
5107156,Reserva do Cabaçal,resto_mt,FALSE,2023,930,36,72,61042,69307,11014,2122,512,14578,15172.74,6.38,75.55,14.56,3.51,0.5973,0.5369,Pecuário,0.0046,16.97,28766.26,88.07,421.47,45.05,3.03,410.07
5107156,Reserva do Cabaçal,resto_mt,FALSE,2024,3524,168,72,60639,66800,9660,2075,527,15786,15785.99,22.32,61.19,13.14,3.34,0.4426,0.7432,Pecuário,0.0063,81.47,29407.86,90.78,93.96,4.04,3.03,426.64
5107180,Ribeirão Cascalheira,resto_mt,FALSE,2000,8622,11700,72,204396,238430,1048,154,,9824,,87.76,10.67,1.57,0,0.7818,0.2909,Lavoura,0.1259,1319.65,23053.91,85.73,,,10.96,
5107180,Ribeirão Cascalheira,resto_mt,FALSE,2001,17158,15490,72,205471,232870,708,140,,18006,,95.29,3.93,0.78,0,0.9096,0.1205,Lavoura,0.2034,2101.76,27879.38,88.23,,,10.96,
5107180,Ribeirão Cascalheira,resto_mt,FALSE,2002,28362,27596,72,223964,249026,789,155,,29306,141722.88,96.78,2.69,0.53,0,0.9374,0.0835,Lavoura,0.2253,3718.64,30179.76,89.94,5.14,,10.96,
5107180,Ribeirão Cascalheira,resto_mt,FALSE,2003,22648,17500,72,256637,281888,518,242,,23408,99219.36,96.75,2.21,1.03,0,0.9367,0.0844,Lavoura,0.1126,2342.39,34351.09,91.04,5.68,-29.99,10.96,
5107180,Ribeirão Cascalheira,resto_mt,FALSE,2004,28692,19300,72,267939,290451,992,229,,29913,117670.15,95.92,3.32,0.77,0,0.9212,0.1051,Lavoura,0.0989,2547.85,35371.49,92.25,6.11,18.6,10.96,
5107180,Ribeirão Cascalheira,resto_mt,FALSE,2005,45576,46400,72,263773,285472,1118,291,,46985,172042.11,97,2.38,0.62,0,0.9415,0.078,Lavoura,0.1738,6078.87,34556.92,92.4,3.72,46.21,10.96,
5107180,Ribeirão Cascalheira,resto_mt,FALSE,2006,18412,23740,72,262167,283521,1139,354,,19905,68260.75,92.5,5.72,1.78,0,0.8592,0.1877,Lavoura,0.1198,3086.72,34087.5,92.47,2.88,-60.32,10.96,271.94
5107180,Ribeirão Cascalheira,resto_mt,FALSE,2007,16836,15700,72,270710,286078,1253,310,,18399,59279.16,91.5,6.81,1.68,0,0.8421,0.2105,Lavoura,0.0809,1809.38,31198.57,94.63,3.77,-13.16,10.96,250.13
5107180,Ribeirão Cascalheira,resto_mt,FALSE,2008,41558,29920,72,265640,280778,1274,178,,43010,127389.63,96.62,2.96,0.41,0,0.9344,0.0875,Lavoura,0.1278,3322.23,29495.89,94.61,4.25,114.9,10.96,414.96
5107180,Ribeirão Cascalheira,resto_mt,FALSE,2009,44342,27170,72,307610,322996,1489,174,,46005,126974.19,96.39,3.24,0.38,0,0.9302,0.0931,Lavoura,0.137,2962.28,33537.94,95.24,4.68,-0.33,10.96,408.29
5107180,Ribeirão Cascalheira,resto_mt,FALSE,2010,70088,41350,72,300593,311624,1527,173,,71788,182742.53,97.63,2.13,0.24,0,0.9536,0.0619,Lavoura,0.2495,4656.01,33846.75,96.46,4.43,43.92,10.96,585.71
5107180,Ribeirão Cascalheira,resto_mt,FALSE,2011,115886,65020,72,319562,327378,1345,148,,117379,275851.36,98.73,1.15,0.13,0,0.9749,0.0335,Lavoura,0.2634,7222.84,35499,97.61,4.25,50.95,10.96,806.59
5107180,Ribeirão Cascalheira,resto_mt,FALSE,2012,145706,73282,72,293400,300975,1473,675,,147854,321901.31,98.55,1,0.46,0,0.9713,0.0383,Lavoura,0.2755,8037.07,32178.11,97.48,4.4,16.69,10.96,821.18
5107180,Ribeirão Cascalheira,resto_mt,FALSE,2013,355704,149474,72,282372,289724,1559,610,832,358705,726440.9,99.16,0.43,0.17,0.23,0.9833,0.0223,Lavoura,0.597,16044.87,30310.43,97.46,4.86,125.67,10.96,1872.28
5107180,Ribeirão Cascalheira,resto_mt,FALSE,2014,486444,192194,72,285993,295287,2017,664,807.99,489932.99,920010.06,99.29,0.41,0.14,0.16,0.9859,0.0188,Lavoura,0.6952,20359.53,30295.87,96.85,4.79,26.65,10.96,2206.26
5107180,Ribeirão Cascalheira,resto_mt,FALSE,2015,505882,204864,72,285795,300873,2058,1186,694,509820,890014.51,99.23,0.4,0.23,0.14,0.9847,0.0204,Lavoura,0.6661,21424.81,29888.62,94.99,4.35,-3.26,10.96,1918.12
5107180,Ribeirão Cascalheira,resto_mt,FALSE,2016,390404,189070,72,270862,287389,2135,1091,1334,394964,637819.2,98.85,0.54,0.28,0.34,0.9772,0.0304,Lavoura,0.438,19530.01,27978.72,94.25,3.39,-28.34,10.96,1118.99
5107180,Ribeirão Cascalheira,resto_mt,FALSE,2017,522680,209642,72,262885,284132,2615,1609,1393,528297,822923.35,98.94,0.49,0.3,0.26,0.979,0.028,Lavoura,0.5906,21400.78,26835.95,92.52,3.92,29.02,10.96,1480.08
5107180,Ribeirão Cascalheira,resto_mt,FALSE,2018,670590,206460,72,264564,285819,3076,1941,989,676596,1008605.03,99.11,0.45,0.29,0.15,0.9823,0.0236,Lavoura,0.6568,20480.11,26243.83,92.56,4.89,22.56,10.96,1683.8
5107180,Ribeirão Cascalheira,resto_mt,FALSE,2019,645288,211700,72,280049,302509,3324,2013,1092,651717,932141.77,99.01,0.51,0.31,0.17,0.9803,0.0263,Lavoura,0.5453,20742.7,27439.64,92.58,4.4,-7.58,10.96,2230.01
5107180,Ribeirão Cascalheira,resto_mt,FALSE,2020,860164,230406,72,300648,324933,3351,1158,1092,865765,1163015.39,99.35,0.39,0.13,0.13,0.9871,0.0172,Lavoura,0.5354,22306.71,29107.17,92.53,5.04,24.77,10.96,1994.87
5107180,Ribeirão Cascalheira,resto_mt,FALSE,2021,1925248,246406,72,301134,323979,4467,1070,1092,1931877,2295645.37,99.66,0.23,0.06,0.06,0.9932,0.0091,Lavoura,0.6283,23579.52,28816.65,92.95,9.32,97.39,10.96,3483.53
5107180,Ribeirão Cascalheira,resto_mt,FALSE,2022,2009998,224346,72,303775,326446,4962,953,902.99,2016815.99,2207398.54,99.66,0.25,0.05,0.04,0.9932,0.0091,Lavoura,0.5694,22236.69,30109.53,93.06,9.85,-3.84,10.96,2640.43
5107180,Ribeirão Cascalheira,resto_mt,FALSE,2023,1914072,300406,72,327667,343983,12858,2192,1452,1930574,2009335.22,99.15,0.67,0.11,0.08,0.9831,0.0225,Lavoura,0.6138,29775.6,32477.65,95.26,6.69,-8.97,10.96,2477.59
5107180,Ribeirão Cascalheira,resto_mt,FALSE,2024,1378494,298540,72,326650,347055,15746,1044,2659,1397943,1397942.99,98.61,1.13,0.07,0.19,0.9725,0.0367,Lavoura,0.5605,28620.46,31315.31,94.12,4.68,-30.43,10.96,1565.43
5107198,Ribeirãozinho,resto_mt,FALSE,2000,8960,15520,72,22403,28478,572,6,,9538,,93.94,6,0.06,0,0.8861,0.1519,Lavoura,0.1223,7838.38,11314.65,78.67,,,8.93,
5107198,Ribeirãozinho,resto_mt,FALSE,2001,5814,15950,72,22685,28795,581,16,,6411,,90.69,9.06,0.25,0,0.8307,0.2257,Lavoura,0.0724,7788.09,11076.66,78.78,,,8.93,
5107198,Ribeirãozinho,resto_mt,FALSE,2002,15728,15778,72,24118,29982,638,17,,16383,79227.67,96,3.89,0.1,0,0.9231,0.1025,Lavoura,0.126,7527.67,11506.68,80.44,5.01,,8.93,
5107198,Ribeirãozinho,resto_mt,FALSE,2003,30622,21896,72,26690,32614,505,26,,31153,132048.05,98.3,1.62,0.08,0,0.9666,0.0445,Lavoura,0.1498,10184.19,12413.95,81.84,6.03,66.67,8.93,
5107198,Ribeirãozinho,resto_mt,FALSE,2004,48204,27160,72,28816,34442,876,25,,49105,193166.6,98.17,1.78,0.05,0,0.9641,0.0479,Lavoura,0.1624,12001.77,12733.54,83.67,7.1,46.29,8.93,
5107198,Ribeirãozinho,resto_mt,FALSE,2005,28966,27700,72,26660,32390,804,26,,29796,109102.19,97.21,2.7,0.09,0,0.9457,0.0724,Lavoura,0.1102,11908.86,11461.74,82.31,3.95,-43.52,8.93,
5107198,Ribeirãozinho,resto_mt,FALSE,2006,17700,26110,72,27059,32782,592,52,,18344,62907.56,96.49,3.23,0.28,0,0.9321,0.0905,Lavoura,0.1104,10933.84,11331.24,82.54,2.42,-42.34,8.93,1747.44
5107198,Ribeirãozinho,resto_mt,FALSE,2007,24594,19240,72,27851,33420,868,41,,25503,82167.34,96.44,3.4,0.16,0,0.9312,0.0917,Lavoura,0.1121,9131.47,13218.32,83.34,4.28,30.62,8.93,1910.87
5107198,Ribeirãozinho,resto_mt,FALSE,2008,37406,21020,72,30803,36086,1646,45,,39097,115799.88,95.67,4.21,0.12,0,0.917,0.1107,Lavoura,0.1162,9659.93,14155.79,85.36,5.5,40.93,8.93,2969.22
5107198,Ribeirãozinho,resto_mt,FALSE,2009,43280,23140,72,30833,36263,2111,31,,45422,125365.1,95.28,4.65,0.07,0,0.91,0.12,Lavoura,0.1353,10546.95,14053.33,85.03,5.42,8.26,8.93,2410.87
5107198,Ribeirãozinho,resto_mt,FALSE,2010,52670,32920,72,32080,38442,1748,46,,54464,138642.8,96.71,3.21,0.08,0,0.9363,0.0849,Lavoura,0.1893,14970.44,14588.45,83.45,4.2,10.59,8.93,2132.97
5107198,Ribeirãozinho,resto_mt,FALSE,2011,81182,44484,72,35184,41788,2140,69,,83391,195976.47,97.35,2.57,0.08,0,0.9484,0.0688,Lavoura,0.1871,20074.01,15877.26,84.2,4.4,41.35,8.93,2684.6
5107198,Ribeirãozinho,resto_mt,FALSE,2012,110980,45914,72,36606,42790,1542,41,,112563,245067.28,98.59,1.37,0.04,0,0.9722,0.0371,Lavoura,0.2098,20561.58,16393.19,85.55,5.35,25.05,8.93,3451.66
5107198,Ribeirãozinho,resto_mt,FALSE,2013,102798,41634,72,36337,43053,1778,127,388,105091,212827.82,97.82,1.69,0.12,0.37,0.9572,0.0571,Lavoura,0.1749,18430.28,16085.44,84.4,5.12,-13.16,8.93,2876.05
5107198,Ribeirãozinho,resto_mt,FALSE,2014,149098,58726,72,38154,45240,1894,125,436,151553,284590.53,98.38,1.25,0.08,0.29,0.968,0.0427,Lavoura,0.2151,25813.63,16770.99,84.34,4.84,33.72,8.93,4446.73
5107198,Ribeirãozinho,resto_mt,FALSE,2015,171838,63180,72,38376,45938,2094,172,343.01,174447.01,304539.58,98.5,1.2,0.1,0.2,0.9704,0.0395,Lavoura,0.2279,27589.52,16758.08,83.54,4.81,7.01,8.93,3955.05
5107198,Ribeirãozinho,resto_mt,FALSE,2016,164210,48436,72,43332,51272,2308,279,268.01,167065.01,269789.83,98.29,1.38,0.17,0.16,0.9663,0.0449,Lavoura,0.1853,21004.34,18790.98,84.51,5.57,-11.41,8.93,4087.73
5107198,Ribeirãozinho,resto_mt,FALSE,2017,182318,58502,72,30740,37775,1730,294,254.99,184596.99,287545.02,98.77,0.94,0.16,0.14,0.9756,0.0325,Lavoura,0.2064,25216.38,13250,81.38,4.91,6.58,8.93,3686.47
5107198,Ribeirãozinho,resto_mt,FALSE,2018,190330,68504,72,29135,36571,1826,128,230,192514,286981.58,98.87,0.95,0.07,0.12,0.9776,0.0299,Lavoura,0.1869,28686.77,12200.59,79.67,4.2,-0.2,8.93,3826.42
5107198,Ribeirãozinho,resto_mt,FALSE,2019,237296,59174,72,33156,41497,2117,214,234,239861,343069.85,98.93,0.88,0.09,0.1,0.9788,0.0283,Lavoura,0.2007,24604.57,13786.28,79.9,5.8,19.54,8.93,4235.42
5107198,Ribeirãozinho,resto_mt,FALSE,2020,243144,59174,72,33617,42453,1816,307,234,245501,329790.93,99.04,0.74,0.13,0.1,0.9809,0.0255,Lavoura,0.1518,24431.87,13879.85,79.19,5.57,-3.87,8.93,3834.77
5107198,Ribeirãozinho,resto_mt,FALSE,2021,655256,69920,72,30523,37916,8198,278,282,664014,789046.43,98.68,1.23,0.04,0.04,0.9739,0.0348,Lavoura,0.216,28667.49,12514.56,80.5,11.28,139.26,8.93,11435.46
5107198,Ribeirãozinho,resto_mt,FALSE,2022,622036,58280,72,31483,38075,9391,266,208,631901,691613.6,98.44,1.49,0.04,0.03,0.9693,0.0409,Lavoura,0.1784,22475.9,12141.53,82.69,11.86,-12.35,8.93,6986
5107198,Ribeirãozinho,resto_mt,FALSE,2023,539958,86320,72,28425,35135,22476,406,216,563056,586026.89,95.9,3.99,0.07,0.04,0.9213,0.1049,Lavoura,0.179,33289.63,10962.21,80.9,6.8,-15.27,8.93,5008.77
5107198,Ribeirãozinho,resto_mt,FALSE,2024,490296,94120,72,29278,36189,29048,421,206,519971,519970.99,94.29,5.59,0.08,0.04,0.8922,0.1437,Lavoura,0.2085,34898.03,10855.77,80.9,5.52,-11.27,8.93,4444.19
5107206,Rio Branco,resto_mt,FALSE,2000,878,1560,72,47139,57706,1083,78,,2039,,43.06,53.11,3.83,0,0.469,0.708,Pecuário,0.0261,306.36,9257.46,81.69,,,2.19,
5107206,Rio Branco,resto_mt,FALSE,2001,820,1692,72,50555,61324,1220,68,,2108,,38.9,57.87,3.23,0,0.4873,0.6836,Pecuário,0.0238,339.01,10129.23,82.44,,,2.19,
5107206,Rio Branco,resto_mt,FALSE,2002,752,872,72,54814,66083,1391,71,,2214,10706.84,33.97,62.83,3.21,0,0.5112,0.6517,Pecuário,0.017,175.91,11057.9,82.95,12.27,,2.19,
5107206,Rio Branco,resto_mt,FALSE,2003,1320,986,72,58272,70065,1751,77,,3148,13343.4,41.93,55.62,2.45,0,0.4858,0.6856,Pecuário,0.0151,201.47,11906.82,83.17,13.54,24.63,2.19,
5107206,Rio Branco,resto_mt,FALSE,2004,1116,772,72,58287,70429,2504,108,,3728,14664.99,29.94,67.17,2.9,0,0.5417,0.6111,Pecuário,0.0123,162.12,12240.03,82.76,18.99,9.9,2.19,
5107206,Rio Branco,resto_mt,FALSE,2005,1412,844,72,61404,73761,2601,154,,4167,15258.04,33.89,62.42,3.7,0,0.5058,0.6589,Pecuário,0.0154,180,13095.33,83.25,18.07,4.04,2.19,
5107206,Rio Branco,resto_mt,FALSE,2006,1480,1312,72,53598,64347,2683,111,,4274,14656.95,34.63,62.77,2.6,0,0.5146,0.6472,Pecuário,0.0257,284.17,11608.84,83.3,11.18,-3.94,2.19,218.77
5107206,Rio Branco,resto_mt,FALSE,2007,1066,772,72,47608,56846,3107,100,,4273,13767.04,24.95,72.71,2.34,0,0.5915,0.5447,Pecuário,0.0188,152.78,9421.73,83.75,17.84,-6.07,2.19,117.66
5107206,Rio Branco,resto_mt,FALSE,2008,1428,822,72,49084,58756,3989,80,,5497,16281.34,25.98,72.57,1.46,0,0.5943,0.5409,Pecuário,0.0163,158.05,9437.42,83.54,19.8,18.26,2.19,166.12
5107206,Rio Branco,resto_mt,FALSE,2009,1270,812,72,53931,63944,3999,220,,5489,15149.67,23.14,72.85,4.01,0,0.5859,0.5521,Pecuário,0.0164,155.91,10355.41,84.34,18.66,-6.95,2.19,153.02
5107206,Rio Branco,resto_mt,FALSE,2010,1330,632,72,57258,67588,3999,190,,5519,14049.09,24.1,72.46,3.44,0,0.5843,0.5543,Pecuário,0.0192,124.65,11293.49,84.72,22.22,-7.26,2.19,130.08
5107206,Rio Branco,resto_mt,FALSE,2011,1400,634,72,52885,63087,3924,139,,5463,12838.56,25.63,71.83,2.54,0,0.5823,0.5569,Pecuário,0.0123,125.07,10433.02,83.83,20.24,-8.62,2.19,118.88
5107206,Rio Branco,resto_mt,FALSE,2012,2114,602,72,54818,65072,3869,144,,6127,13339.43,34.5,63.15,2.35,0,0.5184,0.6421,Pecuário,0.0114,118.81,10818.63,84.24,22.15,3.9,2.19,133.39
5107206,Rio Branco,resto_mt,FALSE,2013,2206,712,72,57651,61917,1645,70,744,4665,9447.46,47.29,35.26,1.5,15.95,0.3736,0.8352,Diversificado,0.0078,140.63,11386.73,93.11,13.26,-29.18,2.19,115.21
5107206,Rio Branco,resto_mt,FALSE,2014,1482,170,72,61232,64201,1745,72,794,4093,7685.96,36.21,42.63,1.76,19.4,0.3508,0.8656,Pecuário,0.0058,33.64,12115.55,95.38,45.21,-18.65,2.19,72.5
5107206,Rio Branco,resto_mt,FALSE,2015,1686,392,72,63754,67664,1942,91,958.01,4677.01,8164.87,36.05,41.52,1.95,20.48,0.3447,0.8737,Pescado-extrativista,0.0061,77.72,12639.57,94.22,20.82,6.23,2.19,72.91
5107206,Rio Branco,resto_mt,FALSE,2016,4712,692,72,63423,67489,2507,101,560,7880,12725.26,59.8,31.81,1.28,7.11,0.464,0.7147,Lavoura,0.0087,137.63,12613.96,93.98,18.38,55.85,2.19,120.05
5107206,Rio Branco,resto_mt,FALSE,2017,3608,932,72,60569,65436,2638,207,322,6775,10553.36,53.25,38.94,3.06,4.75,0.4384,0.7488,Lavoura,0.0076,185.69,12067.94,92.56,11.33,-17.07,2.19,109.92
5107206,Rio Branco,resto_mt,FALSE,2018,6174,1416,72,69892,75264,2593,601,460,9828,14650.64,62.82,26.38,6.12,4.68,0.4702,0.7064,Lavoura,0.0095,274.47,13547.59,92.86,10.34,38.82,2.19,159.25
5107206,Rio Branco,resto_mt,FALSE,2019,6318,1206,72,69843,74952,2821,1818,460,11417,16329.58,55.34,24.71,15.92,4.03,0.3943,0.8076,Lavoura,0.0096,233.9,13545.97,93.18,13.54,11.46,2.19,179.44
5107206,Rio Branco,resto_mt,FALSE,2020,15266,1210,72,72771,77975,3866,4193,434.01,23759.01,31916.38,64.25,16.27,17.65,1.83,0.4708,0.7056,Lavoura,0.0147,234.95,14130.29,93.33,26.37,95.45,2.19,343.2
5107206,Rio Branco,resto_mt,FALSE,2021,12384,1344,72,73336,78379,6346,592,388,19710,23421.35,62.83,32.2,3,1.97,0.4997,0.6671,Lavoura,0.0064,261.12,14248.3,93.57,17.44,-26.62,2.19,229.61
5107206,Rio Branco,resto_mt,FALSE,2022,9522,1210,72,73098,78167,5797,821,662.99,16802.99,18390.82,56.67,34.5,4.89,3.95,0.4441,0.7412,Lavoura,0.0047,266.81,16118.63,93.52,15.2,-21.48,2.19,170.27
5107206,Rio Branco,resto_mt,FALSE,2023,4694,700,72,69461,76926,12204,321,321,17540,18255.57,26.76,69.58,1.83,1.83,0.5564,0.5915,Pecuário,0.0056,154.36,15316.65,90.3,26.07,-0.74,2.19,200.62
5107206,Rio Branco,resto_mt,FALSE,2024,4704,996,72,66799,72570,11652,306,599.99,17261.99,17262,27.25,67.5,1.77,3.48,0.5314,0.6248,Pecuário,0.0069,221.88,14880.6,92.05,17.34,-5.44,2.19,183.64
5107578,Rondolândia,resto_mt,FALSE,2000,0,0,72,,,,,,0,,,,,,,,Diversificado,0,,,,,,0.08,
5107578,Rondolândia,resto_mt,FALSE,2001,4696,6062,72,135983,177172,1524,466,,6686,,70.24,22.79,6.97,0,0.5502,0.5997,Lavoura,0.0755,1808.47,40567.72,76.75,,,0.08,
5107578,Rondolândia,resto_mt,FALSE,2002,3938,5700,72,165094,204850,735,874,,5547,26825.11,70.99,13.25,15.76,0,0.5464,0.6048,Lavoura,0.0426,1628.57,47169.71,80.59,4.71,,0.08,
5107578,Rondolândia,resto_mt,FALSE,2003,4670,5302,72,202185,240841,873,2320,,7863,33328.85,59.39,11.1,29.51,0,0.4521,0.7305,Lavoura,0.0378,1449.82,55287.12,83.95,6.29,24.24,0.08,
5107578,Rondolândia,resto_mt,FALSE,2004,4220,4490,72,219936,260523,1084,2525,,7829,30797.29,53.9,13.85,32.25,0,0.4137,0.7817,Lavoura,0.0259,1126.73,55190.97,84.42,6.85,-7.6,0.08,
5107578,Rondolândia,resto_mt,FALSE,2005,3666,3860,72,235381,277147,1102,1029,,5797,21226.52,63.24,19.01,17.75,0,0.4676,0.7099,Lavoura,0.0214,926.55,56500.48,84.93,5.5,-31.08,0.08,
5107578,Rondolândia,resto_mt,FALSE,2006,2394,2336,72,268169,307014,1057,10217,,13668,46872.05,17.52,7.73,74.75,0,0.5954,0.5395,Florestal,0.0823,537.38,61690.59,87.35,20.06,120.82,0.08,352.41
5107578,Rondolândia,resto_mt,FALSE,2007,5980,4442,72,262871,276908,1215,4956,,12151,39148.92,49.21,10,40.79,0,0.4185,0.7753,Florestal,0.0534,1326.76,78515.83,94.93,8.81,-16.48,0.08,250.94
5107578,Rondolândia,resto_mt,FALSE,2008,7590,3192,72,293626,308118,1507,9216,,18313,54240.56,41.45,8.23,50.32,0,0.4318,0.7576,Florestal,0.0544,923.34,84936.65,95.3,17,38.55,0.08,271.21
5107578,Rondolândia,resto_mt,FALSE,2009,5856,3404,72,297245,312011,1763,7743,,15362,42399.25,38.12,11.48,50.4,0,0.4125,0.7833,Florestal,0.0458,977.04,85317.16,95.27,12.45,-21.83,0.08,173.05
5107578,Rondolândia,resto_mt,FALSE,2010,5078,2606,72,301449,316524,1751,6183,,13012,33123.17,39.03,13.46,47.52,0,0.3963,0.8049,Florestal,0.0452,723.09,83642.9,95.24,12.7,-21.88,0.08,140.95
5107578,Rondolândia,resto_mt,FALSE,2011,5498,2700,72,300313,315989,1917,1783,,9198,21616.15,59.77,20.84,19.38,0,0.4382,0.7491,Lavoura,0.0206,742.17,82548.93,95.04,8.02,-34.74,0.08,84.77
5107578,Rondolândia,resto_mt,FALSE,2012,6258,2252,72,300189,316464,735,2817,,9810,21357.9,63.79,7.49,28.72,0,0.495,0.6733,Lavoura,0.0183,613.46,81773.09,94.86,9.5,-1.19,0.08,71.2
5107578,Rondolândia,resto_mt,FALSE,2013,11075,2178,72,273066,283260,863,2514,274,14726,29822.74,75.21,5.86,17.07,1.86,0.5986,0.5352,Lavoura,0.0245,584.54,73286.63,96.4,13.7,39.63,0.08,92.61
5107578,Rondolândia,resto_mt,FALSE,2014,2751,994,72,282998,295266,2279,17750,256,23036,43257.65,11.94,9.89,77.05,1.11,0.6178,0.5096,Florestal,0.0327,264.43,75285.45,95.85,43.53,45.05,0.08,129.14
5107578,Rondolândia,resto_mt,FALSE,2015,4942,1050,72,296356,314018,2515,15377,260,23094,40316.18,21.4,10.89,66.58,1.13,0.5011,0.6652,Florestal,0.0302,276.9,78152.95,94.38,38.39,-6.8,0.08,131.76
5107578,Rondolândia,resto_mt,FALSE,2016,4212,1028,72,280767,298029,2433,13063,290,19998,32294.35,21.06,12.17,65.32,1.45,0.486,0.6853,Florestal,0.0222,268.9,73441.54,94.21,31.41,-19.9,0.08,94.98
5107578,Rondolândia,resto_mt,FALSE,2017,3290,1014,72,294358,307767,2052,9438,227,15007,23376.27,21.92,13.67,62.89,1.51,0.4625,0.7167,Florestal,0.0168,263.1,76377.27,95.64,23.06,-27.61,0.08,62.01
5107578,Rondolândia,resto_mt,FALSE,2018,3360,1014,72,279889,289924,1920,6279,250,11809,17603.75,28.45,16.26,53.17,2.12,0.3905,0.8127,Florestal,0.0115,255.67,70572.11,96.54,17.36,-24.69,0.08,51.17
5107578,Rondolândia,resto_mt,FALSE,2019,4406,1002,72,295528,313408,1971,5346,260,11983,17139.13,36.77,16.45,44.61,2.17,0.3617,0.8511,Florestal,0.01,250.44,73863.53,94.29,17.11,-2.64,0.08,52.41
5107578,Rondolândia,resto_mt,FALSE,2020,3964,926,72,293948,298561,1705,4406,260,10335,13883.4,38.36,16.5,42.63,2.52,0.3567,0.8577,Florestal,0.0064,229.44,72831.52,98.45,14.99,-19,0.08,42.46
5107578,Rondolândia,resto_mt,FALSE,2021,7290,984,72,315078,320593,2650,5765,260,15965,18971.18,45.66,16.6,36.11,1.63,0.3667,0.8444,Florestal,0.0052,241.83,77433.77,98.28,19.27,36.65,0.08,55.65
5107578,Rondolândia,resto_mt,FALSE,2022,11896,1352,72,336044,344090,2663,7545,214,22318,24426.99,53.3,11.93,33.81,0.96,0.4127,0.7831,Lavoura,0.0063,385.73,95875.61,97.66,18.07,28.76,0.08,72.27
5107578,Rondolândia,resto_mt,FALSE,2023,12324,1352,72,346374,353108,4698,4177,214,21413,22286.58,57.55,21.94,19.51,1,0.4175,0.7767,Lavoura,0.0068,385.73,98822.82,98.09,16.5,-8.76,0.08,71.66
5107578,Rondolândia,resto_mt,FALSE,2024,19322,1926,72,337461,346328,2062,5717,220,27321,27321.01,70.72,7.55,20.93,0.81,0.5497,0.6004,Lavoura,0.011,546.07,95679.33,97.44,14.18,22.59,0.08,94.87
5107701,Rosário Oeste,resto_mt,FALSE,2000,8670,8264,72,162979,207170,1561,182,,10413,,83.26,14.99,1.75,0,0.716,0.3787,Lavoura,0.1335,440.63,8689.9,78.67,,,10.36,
5107701,Rosário Oeste,resto_mt,FALSE,2001,10150,6504,72,143171,188270,1583,171,,11904,,85.27,13.3,1.44,0,0.745,0.34,Lavoura,0.1345,356.52,7848,76.05,,,10.36,
5107701,Rosário Oeste,resto_mt,FALSE,2002,13280,5926,72,180414,226800,1691,159,,15130,73168.21,87.77,11.18,1.05,0,0.783,0.2893,Lavoura,0.1163,320.95,9771.12,79.55,12.35,,10.36,
5107701,Rosário Oeste,resto_mt,FALSE,2003,29568,10178,72,232587,282589,1941,125,,31634,134086.86,93.47,6.14,0.4,0,0.8775,0.1633,Lavoura,0.1521,555.26,12688.87,82.31,13.19,83.26,10.36,
5107701,Rosário Oeste,resto_mt,FALSE,2004,35078,14172,72,228658,282570,2368,250,,37696,148286.49,93.05,6.28,0.66,0,0.8698,0.1736,Lavoura,0.1247,787.77,12710.28,80.92,10.46,10.59,10.36,
5107701,Rosário Oeste,resto_mt,FALSE,2005,56134,21356,72,237490,295650,2515,261,,58910,215707.15,95.29,4.27,0.44,0,0.9099,0.1201,Lavoura,0.2179,1197.42,13315.95,80.33,10.11,45.47,10.36,
5107701,Rosário Oeste,resto_mt,FALSE,2006,40914,10632,72,214953,273351,2548,386,,43848,150369.14,93.31,5.81,0.88,0,0.8741,0.1679,Lavoura,0.264,601.39,12158.66,78.64,14.15,-30.29,10.36,744.41
5107701,Rosário Oeste,resto_mt,FALSE,2007,40320,13236,72,203321,246316,2486,306,,43112,138901.22,93.52,5.77,0.71,0,0.878,0.1627,Lavoura,0.1896,734.07,11276.19,82.54,10.49,-7.63,10.36,664.6
5107701,Rosário Oeste,resto_mt,FALSE,2008,66724,12840,72,204633,247853,4024,338,,71086,210546.82,93.86,5.66,0.48,0,0.8842,0.1544,Lavoura,0.2112,692.89,11042.74,82.56,16.39,51.58,10.36,832.2
5107701,Rosário Oeste,resto_mt,FALSE,2009,72820,9454,72,208781,254983,5060,377,,78257,215989.97,93.05,6.47,0.48,0,0.87,0.1733,Lavoura,0.2331,511.11,11287.29,81.88,22.83,2.59,10.36,808.96
5107701,Rosário Oeste,resto_mt,FALSE,2010,46432,13314,72,221091,271484,5523,537,,52492,133622.9,88.46,10.52,1.02,0,0.7937,0.2751,Lavoura,0.1825,753.1,12505.85,81.44,10.03,-38.13,10.36,454.49
5107701,Rosário Oeste,resto_mt,FALSE,2011,38602,16366,72,213496,264952,3250,225,,42077,98884.79,91.74,7.72,0.53,0,0.8476,0.2032,Lavoura,0.0944,929.83,12129.77,80.58,6.03,-26,10.36,258.86
5107701,Rosário Oeste,resto_mt,FALSE,2012,54934,23932,72,209695,261000,1552,189,,56675,123390.36,96.93,2.74,0.33,0,0.9403,0.0796,Lavoura,0.1056,1365.51,11964.8,80.34,5.17,24.78,10.36,321.33
5107701,Rosário Oeste,resto_mt,FALSE,2013,77768,35356,72,211434,271090,2009,203,6279.01,86259.01,174689.72,90.16,2.33,0.24,7.28,0.8187,0.2417,Lavoura,0.1436,2032.77,12156.27,77.99,4.94,41.57,10.36,458.51
5107701,Rosário Oeste,resto_mt,FALSE,2014,144104,58658,72,227168,287912,2378,8560,65883,220925,414859.24,65.23,1.08,3.87,29.82,0.516,0.6453,Pescado-extrativista,0.3135,3395.54,13150.1,78.9,7.08,137.48,10.36,1029.43
5107701,Rosário Oeste,resto_mt,FALSE,2015,137436,57042,72,224635,285616,1529,37608,29937,206510,360513.3,66.55,0.74,18.21,14.5,0.4971,0.6705,Lavoura,0.2698,3323.93,13089.85,78.65,6.31,-13.1,10.36,787.15
5107701,Rosário Oeste,resto_mt,FALSE,2016,203156,55426,72,233952,290474,1865,56926,11144,273091,441009.03,74.39,0.68,20.85,4.08,0.5986,0.5352,Lavoura,0.3029,3257.29,13748.94,80.54,7.97,22.33,10.36,932.37
5107701,Rosário Oeste,resto_mt,FALSE,2017,213518,70678,72,225257,264544,1858,281,2824,218481,340325.83,97.73,0.85,0.13,1.29,0.9554,0.0595,Lavoura,0.2443,4180.15,13322.51,85.15,4.81,-22.83,10.36,672.57
5107701,Rosário Oeste,resto_mt,FALSE,2018,221358,67922,72,224927,268324,2406,31942,5287,260993,389063.57,84.81,0.92,12.24,2.03,0.7348,0.3536,Lavoura,0.2534,3940.48,13049.08,83.83,5.73,14.32,10.36,676.64
5107701,Rosário Oeste,resto_mt,FALSE,2019,223500,70014,72,213886,247416,2554,26546,5578.99,258178.99,369269.81,86.57,0.99,10.28,2.16,0.7606,0.3192,Lavoura,0.216,4082.21,12470.76,86.45,5.27,-5.09,10.36,657.07
5107701,Rosário Oeste,resto_mt,FALSE,2020,300814,82258,72,226315,261612,2306,16462,4253,323835,435020,92.89,0.71,5.08,1.31,0.8657,0.1791,Lavoura,0.2003,4823.38,13270.49,86.51,5.29,17.81,10.36,744.89
5107701,Rosário Oeste,resto_mt,FALSE,2021,647284,90322,72,236908,273043,3023,6205,5129.01,661641.01,786226.61,97.83,0.46,0.94,0.78,0.9572,0.0571,Lavoura,0.2152,5313.37,13936.58,86.77,8.71,80.73,10.36,1291.02
5107701,Rosário Oeste,resto_mt,FALSE,2022,825188,88532,72,246801,281311,3032,7695,5939.01,841854.01,921406.47,98.02,0.36,0.91,0.71,0.9609,0.0521,Lavoura,0.2377,5729.11,15971.07,87.73,10.41,17.19,10.36,1213.96
5107701,Rosário Oeste,resto_mt,FALSE,2023,857378,141150,72,265389,298302,5700,6452,10591.99,880121.99,916028.15,97.42,0.65,0.73,1.2,0.9493,0.0676,Lavoura,0.2798,9134.15,17173.95,88.97,6.49,-0.58,10.36,1118.48
5107701,Rosário Oeste,resto_mt,FALSE,2024,618758,118826,72,259200,276932,5364,2147,13104,639373,639373,96.78,0.84,0.34,2.05,0.9371,0.0839,Lavoura,0.2564,7799.03,17012.34,93.6,5.37,-30.2,10.36,804.25
5107750,Salto do Céu,resto_mt,FALSE,2000,2536,6118,72,127903,149950,1605,104,,4245,,59.74,37.81,2.45,0,0.5004,0.6661,Lavoura,0.0544,1308.66,27358.93,85.3,,,5.65,
5107750,Salto do Céu,resto_mt,FALSE,2001,2606,6288,72,123068,145697,1618,86,,4310,,60.46,37.54,2,0,0.5069,0.6575,Lavoura,0.0487,1190.91,23308.33,84.47,,,5.65,
5107750,Salto do Céu,resto_mt,FALSE,2002,1726,3008,72,134723,158256,1860,86,,3672,17757.68,47,50.65,2.34,0,0.478,0.696,Pecuário,0.0282,733.66,32859.27,85.13,5.91,,5.65,
5107750,Salto do Céu,resto_mt,FALSE,2003,5008,4530,72,156314,180585,2451,92,,7551,32006.39,66.32,32.46,1.22,0,0.5453,0.6063,Lavoura,0.0363,1182.15,40791.75,86.56,7.08,80.24,5.65,
5107750,Salto do Céu,resto_mt,FALSE,2004,4084,4190,72,151897,176804,3487,146,,7717,30356.72,52.92,45.19,1.89,0,0.4846,0.6872,Pecuário,0.0255,1237.08,44847.06,85.91,7.25,-5.15,5.65,
5107750,Salto do Céu,resto_mt,FALSE,2005,3222,3550,72,146466,171723,3570,337,,7129,26103.81,45.2,50.08,4.73,0,0.4573,0.7236,Pecuário,0.0264,1152.97,47569.34,85.29,7.36,-14.01,5.65,
5107750,Salto do Céu,resto_mt,FALSE,2006,2164,1834,72,125757,150674,3811,234,,6209,21292.68,34.85,61.38,3.77,0,0.4996,0.6672,Pecuário,0.0374,660.9,45317.84,83.46,11.61,-18.43,5.65,269.53
5107750,Salto do Céu,resto_mt,FALSE,2007,1342,730,72,119250,134316,4101,206,,5649,18200.33,23.76,72.6,3.65,0,0.5849,0.5535,Pecuário,0.0248,200,32671.23,88.78,24.92,-14.52,5.65,227.5
5107750,Salto do Céu,resto_mt,FALSE,2008,744,242,72,116211,130145,4937,206,,5887,17436.47,12.64,83.86,3.5,0,0.7205,0.3727,Pecuário,0.0175,65.44,31425.37,89.29,72.04,-4.2,5.65,189.52
5107750,Salto do Céu,resto_mt,FALSE,2009,810,382,72,123056,137359,5437,478,,6725,18561.06,12.04,80.85,7.11,0,0.6732,0.4357,Pecuário,0.02,106.58,34334.82,89.59,48.6,6.45,5.65,191.35
5107750,Salto do Céu,resto_mt,FALSE,2010,1154,422,72,144245,158972,5530,321,,7005,17831.83,16.47,78.94,4.58,0,0.6524,0.4635,Pecuário,0.0244,107.98,36910.18,90.74,42.26,-3.93,5.65,159.2
5107750,Salto do Céu,resto_mt,FALSE,2011,1210,502,72,144511,159089,6020,229,,7459,17529.34,16.22,80.71,3.07,0,0.6787,0.4284,Pecuário,0.0167,130.66,37613.48,90.84,34.93,-1.7,5.65,165.36
5107750,Salto do Céu,resto_mt,FALSE,2012,2510,548,72,139459,153862,6155,212,,8877,19326.62,28.28,69.34,2.39,0,0.5614,0.5848,Pecuário,0.0165,145.09,36923.22,90.64,35.26,10.25,5.65,171.04
5107750,Salto do Céu,resto_mt,FALSE,2013,2608,596,72,138194,150247,8975,605,0,12188,24682.84,21.4,73.64,4.96,0,0.5905,0.546,Pecuário,0.0203,162.58,37696.13,91.98,41.42,27.71,5.65,189.88
5107750,Salto do Céu,resto_mt,FALSE,2014,12036,4036,72,156600,162542,9985,2361,3580,27962,52507.83,43.04,35.71,8.44,12.8,0.3363,0.8849,Diversificado,0.0397,1126.43,43706.39,96.34,13.01,112.73,5.65,312.55
5107750,Salto do Céu,resto_mt,FALSE,2015,10490,3626,72,167850,175069,10975,106,2280,23851,41637.72,43.98,46.01,0.44,9.56,0.4143,0.7809,Pecuário,0.0312,1035.41,47929.75,95.88,11.48,-20.7,5.65,233.91
5107750,Salto do Céu,resto_mt,FALSE,2016,14104,4578,72,176755,186433,7788,104,3792,25788,41644.51,54.69,30.2,0.4,14.7,0.4119,0.7841,Lavoura,0.0286,1337.42,51637.45,94.81,9.09,0.02,5.65,198.3
5107750,Salto do Céu,resto_mt,FALSE,2017,10564,4356,72,163052,177395,8342,101,3578,22585,35180.46,46.77,36.94,0.45,15.84,0.3803,0.8263,Diversificado,0.0252,1301.46,48715.86,91.91,8.07,-15.52,5.65,189.14
5107750,Salto do Céu,resto_mt,FALSE,2018,12700,4824,72,166257,182699,7930,115,3578,24323,36258.41,52.21,32.6,0.47,14.71,0.4005,0.7993,Lavoura,0.0236,1403.55,48372.71,91,7.51,3.06,5.65,219.76
5107750,Salto do Céu,resto_mt,FALSE,2019,17874,4570,72,170883,188195,7796,202,3578,29450,42121.91,60.69,26.47,0.69,12.15,0.4532,0.7291,Lavoura,0.0246,1358.1,50782.47,90.8,9.22,16.17,5.65,231.44
5107750,Salto do Céu,resto_mt,FALSE,2020,8162,1306,72,179787,198518,9307,216,244,17929,24084.71,45.52,51.91,1.2,1.36,0.477,0.6973,Pecuário,0.0111,396.36,54563.58,90.56,18.43,-42.82,5.65,133.8
5107750,Salto do Céu,resto_mt,FALSE,2021,52672,6446,72,196668,214612,14337,255,238,67502,80212.48,78.03,21.24,0.38,0.35,0.654,0.4613,Lavoura,0.022,1998.14,60963.42,91.64,12.45,233.04,5.65,517.49
5107750,Salto do Céu,resto_mt,FALSE,2022,43848,5794,72,209679,228476,14021,669,224,58762,64314.82,74.62,23.86,1.14,0.38,0.6139,0.5148,Lavoura,0.0166,1574.88,56993.48,91.77,11.1,-19.82,5.65,363.36
5107750,Salto do Céu,resto_mt,FALSE,2023,43700,6498,72,214511,232071,26224,1357,492,71773,74701.11,60.89,36.54,1.89,0.69,0.5047,0.6604,Lavoura,0.0228,1766.24,58306.88,92.43,11.51,16.15,5.65,450.01
5107750,Salto do Céu,resto_mt,FALSE,2024,30788,5498,72,201907,225473,27298,805,606,59497,59496.99,51.75,45.88,1.35,1.02,0.4786,0.6952,Pecuário,0.0239,1494.43,54880.95,89.55,10.82,-20.35,5.65,334.26
5107248,Santa Carmem,resto_mt,FALSE,2000,19302,30786,72,26685,34470,159,781,,20242,,95.36,0.79,3.86,0,0.9109,0.1188,Lavoura,0.2595,8411.48,7290.98,77.42,,,9.95,
5107248,Santa Carmem,resto_mt,FALSE,2001,31736,44440,72,32114,40146,225,475,,32436,,97.84,0.69,1.46,0,0.9575,0.0567,Lavoura,0.3664,11872.83,8579.75,79.99,,,9.95,
5107248,Santa Carmem,resto_mt,FALSE,2002,56436,64696,72,33299,41491,272,5483,,62191,300753.71,90.75,0.44,8.82,0,0.8314,0.2248,Lavoura,0.4782,16887.5,8691.99,80.26,4.66,,9.95,
5107248,Santa Carmem,resto_mt,FALSE,2003,127248,94854,72,25437,33795,226,6921,,134395,569659.33,94.68,0.17,5.15,0,0.8991,0.1345,Lavoura,0.6462,24080.73,6457.73,75.27,6.01,89.41,9.95,
5107248,Santa Carmem,resto_mt,FALSE,2004,233842,150808,72,27426,36042,313,3194,,237349,933670.67,98.52,0.13,1.35,0,0.9708,0.0389,Lavoura,0.7849,36208.4,6584.87,76.09,6.19,63.9,9.95,
5107248,Santa Carmem,resto_mt,FALSE,2005,174720,189816,72,30611,39610,382,2543,,177645,650471.83,98.35,0.22,1.43,0,0.9675,0.0433,Lavoura,0.6571,44246.15,7135.43,77.28,3.44,-30.33,9.95,
5107248,Santa Carmem,resto_mt,FALSE,2006,74394,99488,72,32313,41423,527,2307,,77228,264840.07,96.33,0.68,2.99,0,0.9289,0.0948,Lavoura,0.4649,22539.19,7320.57,78.01,2.67,-59.28,9.95,1479.55
5107248,Santa Carmem,resto_mt,FALSE,2007,81254,95988,72,38441,61619,1063,2242,,84559,272438.03,96.09,1.26,2.65,0,0.9242,0.1011,Lavoura,0.3718,22224.59,8900.44,62.38,2.83,2.87,9.95,1135.15
5107248,Santa Carmem,resto_mt,FALSE,2008,196978,128116,72,42191,67631,1303,1362,,199643,591314.76,98.67,0.65,0.68,0,0.9737,0.0351,Lavoura,0.5932,28559.07,9405.04,62.38,4.61,117.05,9.95,2214.66
5107248,Santa Carmem,resto_mt,FALSE,2009,287588,167858,72,48918,71846,846,38114,,326548,901275.19,88.07,0.26,11.67,0,0.7893,0.2809,Lavoura,0.9727,36706.32,10697.14,68.09,5.37,52.42,9.95,3663.71
5107248,Santa Carmem,resto_mt,FALSE,2010,185936,188784,72,48400,69357,878,3978,,190792,485677.44,97.45,0.46,2.08,0,0.9501,0.0665,Lavoura,0.6632,46213.95,11848.23,69.78,2.57,-46.11,9.95,1722.27
5107248,Santa Carmem,resto_mt,FALSE,2011,421282,211396,72,45296,64962,909,36762,,458953,1078581.46,91.79,0.2,8.01,0,0.849,0.2013,Lavoura,1.03,51272.37,10986.18,69.73,5.09,122.08,9.95,3391.76
5107248,Santa Carmem,resto_mt,FALSE,2012,473816,248526,72,35001,52647,1082,9087,,483985,1053711.16,97.9,0.22,1.88,0,0.9588,0.0549,Lavoura,0.9019,59756.19,8415.72,66.48,4.25,-2.31,9.95,2840.19
5107248,Santa Carmem,resto_mt,FALSE,2013,534024,327684,72,30665,47922,1422,3992,541,539979,1093552.74,98.9,0.26,0.74,0.1,0.9782,0.0291,Lavoura,0.8987,77668.64,7268.31,63.99,3.33,3.78,9.95,3012.55
5107248,Santa Carmem,resto_mt,FALSE,2014,578186,278132,72,27216,42795,1631,13267,740,593824,1115099.55,97.37,0.27,2.23,0.12,0.9486,0.0685,Lavoura,0.8426,65350.56,6394.74,63.6,4,1.97,9.95,2667.7
5107248,Santa Carmem,resto_mt,FALSE,2015,611724,268120,72,27790,41923,1794,14392,682.01,628592.01,1097359.84,97.32,0.29,2.29,0.11,0.9477,0.0697,Lavoura,0.8213,62469.71,6474.84,66.29,4.1,-1.59,9.95,2557.96
5107248,Santa Carmem,resto_mt,FALSE,2016,717926,295616,72,28048,41402,1781,8630,420,728757,1176854.62,98.51,0.24,1.18,0.06,0.9706,0.0392,Lavoura,0.8082,68334.72,6483.59,67.75,3.97,7.24,9.95,2788.77
5107248,Santa Carmem,resto_mt,FALSE,2017,762290,325002,72,26828,35197,1616,10752,394.01,775052.01,1207291.33,98.35,0.21,1.39,0.05,0.9675,0.0433,Lavoura,0.8665,74541.74,6153.21,76.22,3.72,2.59,9.95,2671.01
5107248,Santa Carmem,resto_mt,FALSE,2018,924942,343768,72,29563,38205,1734,12058,420,939154,1400001.56,98.49,0.18,1.28,0.04,0.9702,0.0397,Lavoura,0.9117,76631.3,6590.06,77.38,4.07,15.96,9.95,3233.25
5107248,Santa Carmem,resto_mt,FALSE,2019,1190200,405656,72,30280,39279,1729,10432,467,1202828,1720388.17,98.95,0.14,0.87,0.04,0.9792,0.0277,Lavoura,1.0065,89647.73,6691.71,77.09,4.25,22.88,9.95,3731.85
5107248,Santa Carmem,resto_mt,FALSE,2020,1613092,403700,72,35404,45236,2057,8095,478,1623722,2181208.15,99.35,0.13,0.5,0.03,0.9871,0.0172,Lavoura,1.0041,88472.5,7758.93,78.27,5.4,26.79,9.95,4353.72
5107248,Santa Carmem,resto_mt,FALSE,2021,3329304,428700,72,30716,39889,2395,13498,513.01,3345710.01,3975700.14,99.51,0.07,0.4,0.02,0.9902,0.0131,Lavoura,1.0881,93195.65,6677.39,77,9.27,82.27,9.95,7529.74
5107248,Santa Carmem,resto_mt,FALSE,2022,3796134,480520,72,31602,39501,2408,15942,400,3814884,4175378.12,99.51,0.06,0.42,0.01,0.9902,0.0131,Lavoura,1.077,89415.71,5880.54,80,8.68,5.02,9.95,6473.45
5107248,Santa Carmem,resto_mt,FALSE,2023,3157446,494520,72,29539,37095,5200,13244,487,3176377,3305963,99.4,0.16,0.42,0.02,0.9881,0.0159,Lavoura,1.0099,92020.84,5496.65,79.63,6.69,-20.82,9.95,5039.57
5107248,Santa Carmem,resto_mt,FALSE,2024,2367782,499320,72,29834,37613,4888,49885,1467,2424022,2424022,97.68,0.2,2.06,0.06,0.9546,0.0605,Lavoura,0.972,87954.91,5255.24,79.32,4.86,-26.68,9.95,3538.72
5107743,Santa Cruz do Xingu,resto_mt,FALSE,2000,0,0,72,,,,,,0,,,,,,,,Diversificado,0,,,,,,21.08,
5107743,Santa Cruz do Xingu,resto_mt,FALSE,2001,3494,4020,72,14039,17063,61,51,,3606,,96.89,1.69,1.41,0,0.9393,0.0809,Lavoura,0.0407,3624.89,12659.15,82.28,,,21.08,
5107743,Santa Cruz do Xingu,resto_mt,FALSE,2002,3340,4480,72,89504,92656,67,69,,3476,16809.83,96.09,1.93,1.99,0,0.9241,0.1012,Lavoura,0.0267,3842.2,76761.58,96.6,3.74,,21.08,
5107743,Santa Cruz do Xingu,resto_mt,FALSE,2003,10272,10200,72,101939,105192,77,77,,10426,44192.62,98.52,0.74,0.74,0,0.9707,0.0391,Lavoura,0.0501,8326.53,83215.51,96.91,4.33,162.9,21.08,
5107743,Santa Cruz do Xingu,resto_mt,FALSE,2004,24322,17840,72,92887,96250,107,68,,24497,96364.97,99.29,0.44,0.28,0,0.9859,0.0188,Lavoura,0.081,13234.42,68907.27,96.51,5.4,118.06,21.08,
5107743,Santa Cruz do Xingu,resto_mt,FALSE,2005,25488,24232,72,96942,100498,125,64,,25677,94019.9,99.26,0.49,0.25,0,0.9853,0.0196,Lavoura,0.095,17112.99,68461.86,96.46,3.87,-2.43,21.08,
5107743,Santa Cruz do Xingu,resto_mt,FALSE,2006,16074,20740,72,109536,113221,161,65,,16300,55898.04,98.61,0.99,0.4,0,0.9725,0.0367,Lavoura,0.0981,13985.17,73861.09,96.75,2.7,-40.55,21.08,810.11
5107743,Santa Cruz do Xingu,resto_mt,FALSE,2007,13182,12230,72,108192,111540,137,68,,13387,43131.16,98.47,1.02,0.51,0,0.9698,0.0403,Lavoura,0.0589,5779.77,51130.43,97,3.54,-22.84,21.08,582.86
5107743,Santa Cruz do Xingu,resto_mt,FALSE,2008,21950,14470,72,105254,108900,136,142,,22228,65836.24,98.75,0.61,0.64,0,0.9752,0.0331,Lavoura,0.066,6471.38,47072.45,96.65,4.56,52.64,21.08,1645.9
5107743,Santa Cruz do Xingu,resto_mt,FALSE,2009,11912,7490,72,115119,119264,189,189,,12290,33920.49,96.92,1.54,1.54,0,0.9398,0.0803,Lavoura,0.0366,3177.77,48841.32,96.52,4.53,-48.48,21.08,418.77
5107743,Santa Cruz do Xingu,resto_mt,FALSE,2010,12438,8200,72,105820,111527,157,160,,12755,32468.95,97.51,1.23,1.25,0,0.9511,0.0652,Lavoura,0.0443,4315.79,55694.74,94.88,3.97,-4.28,21.08,373.21
5107743,Santa Cruz do Xingu,resto_mt,FALSE,2011,21596,12060,72,131624,137751,206,126,,21928,51532.79,98.49,0.94,0.57,0,0.9701,0.0399,Lavoura,0.0492,6131.16,66916.12,95.55,4.28,58.71,21.08,312.32
5107743,Santa Cruz do Xingu,resto_mt,FALSE,2012,28684,14640,72,127188,131831,239,70,,28993,63122.31,98.93,0.82,0.24,0,0.9788,0.0283,Lavoura,0.054,7208.27,62623.34,96.48,4.3,22.49,21.08,265.22
5107743,Santa Cruz do Xingu,resto_mt,FALSE,2013,46438,22054,72,112757,114400,1001,38,468.01,47945.01,97097.1,96.86,2.09,0.08,0.98,0.9387,0.0817,Lavoura,0.0798,10310.43,52714.82,98.56,4.4,53.82,21.08,322.58
5107743,Santa Cruz do Xingu,resto_mt,FALSE,2014,205292,78600,72,115762,120905,2785,26,2651,210754,395759.84,97.41,1.32,0.01,1.26,0.9492,0.0677,Lavoura,0.2991,35517.4,52309.99,95.75,5.04,307.59,21.08,1248.46
5107743,Santa Cruz do Xingu,resto_mt,FALSE,2015,134762,53300,72,116725,122898,1664,32,2128,138586,241935.47,97.24,1.2,0.02,1.54,0.9459,0.0721,Lavoura,0.1811,23336.25,51105.52,94.98,4.53,-38.87,21.08,857.94
5107743,Santa Cruz do Xingu,resto_mt,FALSE,2016,203204,60120,72,118419,125252,1585,69,407,205265,331478.22,99,0.77,0.03,0.2,0.9802,0.0264,Lavoura,0.2276,25550.36,50326.82,94.54,5.52,37.01,21.08,1167.18
5107743,Santa Cruz do Xingu,resto_mt,FALSE,2017,177698,64820,72,106042,113313,2046,55,424.99,180223.99,280733.23,98.6,1.14,0.03,0.24,0.9723,0.0369,Lavoura,0.2015,26774.06,43800.91,93.58,4.33,-15.31,21.08,1132
5107743,Santa Cruz do Xingu,resto_mt,FALSE,2018,250082,75396,72,111626,120297,928,194,417,251621,375092.68,99.39,0.37,0.08,0.17,0.9879,0.0161,Lavoura,0.2443,30218.84,44739.88,92.79,4.96,33.61,21.08,1250.32
5107743,Santa Cruz do Xingu,resto_mt,FALSE,2019,325332,88600,72,123889,132645,1823,451,432,328038,469188.18,99.18,0.56,0.14,0.13,0.9837,0.0217,Lavoura,0.2745,34555.38,48318.64,93.4,5.29,25.09,21.08,1699.97
5107743,Santa Cruz do Xingu,resto_mt,FALSE,2020,348978,83300,72,127680,137091,1587,1948,474,352987,474180.99,98.86,0.45,0.55,0.13,0.9774,0.0301,Lavoura,0.2183,31636.92,48492.21,93.14,5.7,1.06,21.08,1534.56
5107743,Santa Cruz do Xingu,resto_mt,FALSE,2021,1036550,112300,72,115750,125768,1976,2534,602,1041662,1237804.76,99.51,0.19,0.24,0.06,0.9902,0.0131,Lavoura,0.3388,41592.59,42870.37,92.03,11.02,161.04,21.08,3651.34
5107743,Santa Cruz do Xingu,resto_mt,FALSE,2022,1047210,106718,72,124219,134113,1733,3846,502,1053291,1152823.58,99.42,0.16,0.37,0.05,0.9885,0.0153,Lavoura,0.2974,40104.47,46681.32,92.62,10.79,-6.87,21.08,2971.18
5107743,Santa Cruz do Xingu,resto_mt,FALSE,2023,2073238,300300,72,110380,115906,2704,2607,588,2079137,2163959.13,99.72,0.13,0.13,0.03,0.9944,0.0075,Lavoura,0.661,112852.31,41480.65,95.23,7.2,87.71,21.08,5817.1
5107743,Santa Cruz do Xingu,resto_mt,FALSE,2024,1124402,252200,72,99140,104733,2898,1865,648.01,1129813.01,1129813.01,99.52,0.26,0.17,0.06,0.9904,0.0128,Lavoura,0.453,88990.83,34982.36,94.66,4.48,-47.79,21.08,2988.93
5107768,Santa Rita do Trivelato,resto_mt,FALSE,2000,0,0,72,,,,,,0,,,,,,,,Diversificado,0,,,,,,6.02,
5107768,Santa Rita do Trivelato,resto_mt,FALSE,2001,106434,154040,72,20139,25018,1650,20,,108104,,98.46,1.53,0.02,0,0.9697,0.0404,Lavoura,1.221,119318.36,15599.54,80.5,,,6.02,
5107768,Santa Rita do Trivelato,resto_mt,FALSE,2002,193068,210408,72,28028,33046,1278,25,,194371,939971.99,99.33,0.66,0.01,0,0.9867,0.0177,Lavoura,1.4945,155857.78,20761.48,84.82,4.45,,6.02,
5107768,Santa Rita do Trivelato,resto_mt,FALSE,2003,309604,222800,72,28938,34204,2692,75,,312371,1324045.17,99.11,0.86,0.02,0,0.9824,0.0235,Lavoura,1.502,157455.83,20450.88,84.6,5.93,40.86,6.02,
5107768,Santa Rita do Trivelato,resto_mt,FALSE,2004,535492,345768,72,27429,40458,876,101,,536469,2110332.75,99.82,0.16,0.02,0,0.9964,0.0048,Lavoura,1.7741,214363.3,17004.96,67.8,6.11,59.39,6.02,
5107768,Santa Rita do Trivelato,resto_mt,FALSE,2005,433552,314940,72,26175,40123,2743,164,,436459,1598155.24,99.33,0.63,0.04,0,0.9867,0.0177,Lavoura,1.6143,186575.83,15506.52,65.24,5.07,-24.27,6.02,
5107768,Santa Rita do Trivelato,resto_mt,FALSE,2006,257338,379342,72,24416,46531,2880,263,,260481,893274.54,98.79,1.11,0.1,0,0.9761,0.0319,Lavoura,1.5681,215168.46,13849.12,52.47,2.37,-44.11,6.02,2987.55
5107768,Santa Rita do Trivelato,resto_mt,FALSE,2007,434538,389968,72,24940,45332,202,720,,435460,1402995.17,99.79,0.05,0.17,0,0.9958,0.0056,Lavoura,1.9146,157372.07,10064.57,55.02,3.59,57.06,6.02,4615.12
5107768,Santa Rita do Trivelato,resto_mt,FALSE,2008,698342,397984,72,30453,66164,412,819,,699573,2072037.79,99.82,0.06,0.12,0,0.9964,0.0048,Lavoura,2.0786,152192.73,11645.51,46.03,5.22,47.69,6.02,6259.93
5107768,Santa Rita do Trivelato,resto_mt,FALSE,2009,608654,353102,72,30684,66943,372,973,,609999,1683602.29,99.78,0.06,0.16,0,0.9956,0.0059,Lavoura,1.817,128354.05,11153.76,45.84,4.76,-18.75,6.02,2698.09
5107768,Santa Rita do Trivelato,resto_mt,FALSE,2010,541954,371332,72,31300,52086,253,2614,,544821,1386888.71,99.47,0.05,0.48,0,0.9895,0.014,Lavoura,1.8939,149069.45,12565.23,60.09,3.74,-17.62,6.02,2963.44
5107768,Santa Rita do Trivelato,resto_mt,FALSE,2011,834156,435426,72,30303,48021,294,1313,,835763,1964119.35,99.81,0.04,0.16,0,0.9962,0.0051,Lavoura,1.8756,168443.33,11722.63,63.1,4.51,41.62,6.02,4024.83
5107768,Santa Rita do Trivelato,resto_mt,FALSE,2012,985798,474016,72,31125,58166,303,952,,987053,2148969.01,99.87,0.03,0.1,0,0.9974,0.0035,Lavoura,1.8394,177136.02,11631.17,53.51,4.53,9.41,6.02,3823.78
5107768,Santa Rita do Trivelato,resto_mt,FALSE,2013,1041178,506700,72,21656,50390,277,12325,458,1054238,2135017.93,98.76,0.03,1.17,0.04,0.9755,0.0327,Lavoura,1.7546,178982.69,7649.59,42.98,4.23,-0.65,6.02,3939.14
5107768,Santa Rita do Trivelato,resto_mt,FALSE,2014,1152638,521620,72,22253,51881,348,13420,664,1167070,2191557.15,98.76,0.03,1.15,0.06,0.9755,0.0327,Lavoura,1.656,177724.02,7581.94,42.89,4.2,2.65,6.02,3963.04
5107768,Santa Rita do Trivelato,resto_mt,FALSE,2015,1249314,526032,72,23814,46153,397,928,601.99,1251240.99,2184344.69,99.85,0.03,0.07,0.05,0.997,0.004,Lavoura,1.6349,173264.82,7843.87,51.6,4.15,-0.33,6.02,2703.39
5107768,Santa Rita do Trivelato,resto_mt,FALSE,2016,1388900,510292,72,23225,57405,610,,903,1390413,2245349.25,99.89,0.04,0,0.06,0.9978,0.0029,Lavoura,1.542,162772.57,7408.29,40.46,4.4,2.79,6.02,2548.64
5107768,Santa Rita do Trivelato,resto_mt,FALSE,2017,1246240,551580,72,27807,58080,704,,798,1247742,1943596.17,99.88,0.06,0,0.06,0.9976,0.0032,Lavoura,1.3949,170714.95,8606.31,47.88,3.51,-13.44,6.02,2174.03
5107768,Santa Rita do Trivelato,resto_mt,FALSE,2018,1539026,519864,72,30057,58283,206,321,576,1540129,2295878.01,99.93,0.01,0.02,0.04,0.9986,0.0019,Lavoura,1.4951,156115.32,9026.13,51.57,4.4,18.13,6.02,2522.93
5107768,Santa Rita do Trivelato,resto_mt,FALSE,2019,1714280,557514,72,35607,70060,191,135,0,1714606,2452377.13,99.98,0.01,0.01,0,0.9996,5e-4,Lavoura,1.4348,162587.93,10384.08,50.82,4.4,6.82,6.02,2418.51
5107768,Santa Rita do Trivelato,resto_mt,FALSE,2020,2533658,596220,72,41055,73347,256,13,1326,2535253,3405702.75,99.94,0.01,0,0.05,0.9988,0.0016,Lavoura,1.5679,170057.05,11709.93,55.97,5.7,38.87,6.02,3496.62
5107768,Santa Rita do Trivelato,resto_mt,FALSE,2021,4225778,577000,72,34470,102891,369,2742,2894,4231783,5028618.81,99.86,0.01,0.06,0.07,0.9972,0.0037,Lavoura,1.3763,160188.78,9569.68,33.5,8.71,47.65,6.02,4789.16
5107768,Santa Rita do Trivelato,resto_mt,FALSE,2022,5325430,616916,72,36494,182652,331,7868,2410,5336039,5840277.32,99.8,0.01,0.15,0.05,0.996,0.0053,Lavoura,1.5064,188313.8,11139.8,19.98,9.47,16.14,6.02,4755.92
5107768,Santa Rita do Trivelato,resto_mt,FALSE,2023,4514216,642060,72,43830,72830,406,10623,750,4525995,4710641.08,99.74,0.01,0.23,0.02,0.9948,0.0069,Lavoura,1.4389,195989.01,13379.12,60.18,7.33,-19.34,6.02,3654.49
5107768,Santa Rita do Trivelato,resto_mt,FALSE,2024,3393886,617974,72,38512,66698,404,1685,6799,3402774,3402774,99.74,0.01,0.05,0.2,0.9948,0.0069,Lavoura,1.3644,178450.48,11120.99,57.74,5.5,-27.76,6.02,2683.58
5107776,Santa Terezinha,resto_mt,FALSE,2000,12094,7572,72,112819,132290,158,113,,12365,,97.81,1.28,0.91,0,0.9569,0.0575,Lavoura,0.1585,1207.66,17993.46,85.28,,,9.69,
5107776,Santa Terezinha,resto_mt,FALSE,2001,14908,9270,72,96399,115791,164,204,,15276,,97.59,1.07,1.34,0,0.9527,0.0631,Lavoura,0.1725,1471.43,15301.43,83.25,,,9.69,
5107776,Santa Terezinha,resto_mt,FALSE,2002,15364,9570,72,98349,118261,173,247,,15784,76330.92,97.34,1.1,1.56,0,0.9479,0.0695,Lavoura,0.1214,1493.21,15345.45,83.16,7.97,,9.69,
5107776,Santa Terezinha,resto_mt,FALSE,2003,19392,10834,72,131605,151930,226,219,,19837,84082.97,97.76,1.14,1.1,0,0.956,0.0587,Lavoura,0.0954,1673.46,20328.24,86.62,7.76,10.16,9.69,
5107776,Santa Terezinha,resto_mt,FALSE,2004,16382,11520,72,145228,166073,377,182,,16941,66641.58,96.7,2.23,1.07,0,0.9357,0.0857,Lavoura,0.056,1743.08,21974.28,87.45,5.78,-20.74,9.69,
5107776,Santa Terezinha,resto_mt,FALSE,2005,35348,17240,72,171116,192405,422,349,,36119,132254.72,97.87,1.17,0.97,0,0.9581,0.0559,Lavoura,0.1336,2579.29,25600.84,88.94,7.66,98.46,9.69,
5107776,Santa Terezinha,resto_mt,FALSE,2006,17368,13590,72,165941,186802,425,232,,18025,61813.62,96.36,2.36,1.29,0,0.9292,0.0944,Lavoura,0.1085,2010.65,24551.12,88.83,4.56,-53.26,9.69,193.77
5107776,Santa Terezinha,resto_mt,FALSE,2007,27284,14574,72,188158,202811,580,249,,28113,90576.4,97.05,2.06,0.89,0,0.9424,0.0768,Lavoura,0.1236,1998.35,25799.81,92.78,6.21,46.53,9.69,317.82
5107776,Santa Terezinha,resto_mt,FALSE,2008,35758,12900,72,159244,173810,510,412,,36680,108641.05,97.49,1.39,1.12,0,0.9507,0.0657,Lavoura,0.109,1705.45,21052.88,91.62,8.43,19.94,9.69,337.39
5107776,Santa Terezinha,resto_mt,FALSE,2009,32230,14360,72,186234,201487,583,893,,33706,93028.85,95.62,1.73,2.65,0,0.9153,0.1129,Lavoura,0.1004,1867.36,24217.69,92.43,6.47,-14.37,9.69,295.34
5107776,Santa Terezinha,resto_mt,FALSE,2010,33876,9580,72,195265,210412,558,187,,34621,88130.73,97.85,1.61,0.54,0,0.9578,0.0563,Lavoura,0.1203,1295.12,26397.86,92.8,9.19,-5.27,9.69,283.37
5107776,Santa Terezinha,resto_mt,FALSE,2011,45826,9376,72,180038,195415,680,148,,46654,109641.16,98.23,1.46,0.32,0,0.9651,0.0465,Lavoura,0.1047,1252.81,24056.39,92.13,11.68,24.41,9.69,460.67
5107776,Santa Terezinha,resto_mt,FALSE,2012,93906,33284,72,185967,201468,859,53,,94818,206433.63,99.04,0.91,0.06,0,0.981,0.0253,Lavoura,0.1767,4397.99,24572.81,92.31,6.21,88.28,9.69,546.13
5107776,Santa Terezinha,resto_mt,FALSE,2013,117278,39176,72,187673,193868,930,37,0,118245,239466.99,99.18,0.79,0.03,0,0.9837,0.0217,Lavoura,0.1968,5081.85,24344.66,96.8,6.11,16,9.69,633.52
5107776,Santa Terezinha,resto_mt,FALSE,2014,123058,42676,72,202925,209913,1327,25,410,124820,234390.53,98.59,1.06,0.02,0.33,0.9721,0.0372,Lavoura,0.1771,5472.69,26022.7,96.67,5.5,-2.12,9.69,741.73
5107776,Santa Terezinha,resto_mt,FALSE,2015,148048,55976,72,204047,211452,1093,35,460,149636,261225.95,98.94,0.73,0.02,0.31,0.979,0.028,Lavoura,0.1955,7100.85,25884.43,96.5,4.66,11.45,9.69,663
5107776,Santa Terezinha,resto_mt,FALSE,2016,247932,68356,72,204293,212422,883,35,232,249082,402237.39,99.54,0.35,0.01,0.09,0.9908,0.0123,Lavoura,0.2762,8579.89,25642.4,96.17,5.88,53.98,9.69,966.92
5107776,Santa Terezinha,resto_mt,FALSE,2017,152826,67956,72,192372,201988,1112,22,233.99,154193.99,240186.55,99.11,0.72,0.01,0.15,0.9823,0.0236,Lavoura,0.1724,8442.79,23900.11,95.24,3.54,-40.29,9.69,559.88
5107776,Santa Terezinha,resto_mt,FALSE,2018,271158,87054,72,196451,205342,5317,26,234,276735,412530.26,97.98,1.92,0.01,0.08,0.9604,0.0528,Lavoura,0.2686,10512.5,23723.1,95.67,4.73,71.75,9.69,1023.66
5107776,Santa Terezinha,resto_mt,FALSE,2019,255012,82276,72,200684,209825,5384,26,239,260661,372819.81,97.83,2.07,0.01,0.09,0.9575,0.0567,Lavoura,0.2181,9828.69,23973.72,95.64,4.53,-9.63,9.69,1044.3
5107776,Santa Terezinha,resto_mt,FALSE,2020,313638,77324,72,214651,224966,4722,40,248,318648,428052.1,98.43,1.48,0.01,0.08,0.9691,0.0412,Lavoura,0.1971,9139.95,25372.46,95.41,5.52,14.81,9.69,1199.02
5107776,Santa Terezinha,resto_mt,FALSE,2021,768636,91624,72,243586,253077,4611,677,290,774214,919996.85,99.28,0.6,0.09,0.04,0.9857,0.0191,Lavoura,0.2518,10720.02,28499.59,96.25,10.03,114.93,9.69,2190.48
5107776,Santa Terezinha,resto_mt,FALSE,2022,812480,90796,72,271746,280283,6266,865,948,820559,898099.16,99.02,0.76,0.11,0.12,0.9806,0.0259,Lavoura,0.2317,11953.13,35774.88,96.95,9.9,-2.38,9.69,3129.26
5107776,Santa Terezinha,resto_mt,FALSE,2023,642114,108796,72,268801,282158,13180,561,1330,657185,683996.03,97.71,2.01,0.09,0.2,0.9551,0.0599,Lavoura,0.2089,14322.8,35387.18,95.27,6.29,-23.84,9.69,1799.98
5107776,Santa Terezinha,resto_mt,FALSE,2024,568590,128796,72,261767,274884,12990,532,1500,583612,583611.99,97.43,2.23,0.09,0.26,0.9498,0.0669,Lavoura,0.234,16683.42,33907.64,95.23,4.53,-14.68,9.69,1347.84
5107263,Santo Afonso,resto_mt,FALSE,2000,17982,17514,72,60728,74740,819,27,,18828,,95.51,4.35,0.14,0,0.9141,0.1145,Lavoura,0.2413,5653.32,19602.32,81.25,,,9.76,
5107263,Santo Afonso,resto_mt,FALSE,2001,10214,13718,72,65295,79712,1347,27,,11588,,88.14,11.62,0.23,0,0.7904,0.2795,Lavoura,0.1309,4611.09,21947.9,81.91,,,9.76,
5107263,Santo Afonso,resto_mt,FALSE,2002,8732,7340,72,65532,80362,869,55,,9656,46696.1,90.43,9,0.57,0,0.8259,0.2321,Lavoura,0.0742,2546.84,22738.38,81.55,6.36,,9.76,
5107263,Santo Afonso,resto_mt,FALSE,2003,12944,7328,72,85906,102117,1425,50,,14419,61117.74,89.77,9.88,0.35,0,0.8156,0.2459,Lavoura,0.0693,2849.14,33400.47,84.13,8.35,30.88,9.76,
5107263,Santo Afonso,resto_mt,FALSE,2004,12332,7794,72,90258,106048,1870,47,,14249,56051.95,86.55,13.12,0.33,0,0.7663,0.3116,Lavoura,0.0471,3277.54,37955.42,85.11,7.2,-8.29,9.76,
5107263,Santo Afonso,resto_mt,FALSE,2005,10442,7642,72,80942,97338,1543,81,,12066,44181.34,86.54,12.79,0.67,0,0.7653,0.3129,Lavoura,0.0446,3366.52,35657.27,83.16,5.78,-21.18,9.76,
5107263,Santo Afonso,resto_mt,FALSE,2006,13386,6652,72,76641,93859,1868,96,,15350,52640.17,87.21,12.17,0.63,0,0.7754,0.2995,Lavoura,0.0924,3076.78,35449.12,81.66,7.92,19.15,9.76,1012.3
5107263,Santo Afonso,resto_mt,FALSE,2007,13640,6936,72,80600,93272,1938,161,,15739,50708.99,86.66,12.31,1.02,0,0.7663,0.3116,Lavoura,0.0692,2429.42,28231.17,86.41,7.31,-3.67,9.76,1078.92
5107263,Santo Afonso,resto_mt,FALSE,2008,14602,4546,72,83045,90100,2027,128,,16757,49631.9,87.14,12.1,0.76,0,0.774,0.3013,Lavoura,0.0498,1546.78,28256.21,92.17,10.92,-2.12,9.76,855.72
5107263,Santo Afonso,resto_mt,FALSE,2009,20022,7868,72,88630,95941,2334,99,,22455,61975.98,89.16,10.39,0.44,0,0.8058,0.2589,Lavoura,0.0669,2672.55,30105.3,92.38,7.87,24.87,9.76,983.74
5107263,Santo Afonso,resto_mt,FALSE,2010,13494,5072,72,95619,103673,2987,1149,,17630,44878.68,76.54,16.94,6.52,0,0.6188,0.5083,Lavoura,0.0613,1695.75,31968.91,92.23,8.86,-27.59,9.76,575.38
5107263,Santo Afonso,resto_mt,FALSE,2011,25736,10770,72,87535,95954,3002,201,,28939,68009.3,88.93,10.37,0.69,0,0.8017,0.2644,Lavoura,0.0649,3588.8,29168.61,91.23,6.31,51.54,9.76,731.27
5107263,Santo Afonso,resto_mt,FALSE,2012,13884,4030,72,91791,99692,2777,135,,16796,36567.52,82.66,16.53,0.8,0,0.7107,0.3857,Lavoura,0.0313,1338.87,30495.35,92.07,9.06,-46.23,9.76,309.9
5107263,Santo Afonso,resto_mt,FALSE,2013,75590,34388,72,89990,98270,3644,112,0,79346,160689.66,95.27,4.59,0.14,0,0.9097,0.1204,Lavoura,0.1321,11367.93,29748.76,91.57,4.68,339.43,9.76,1030.07
5107263,Santo Afonso,resto_mt,FALSE,2014,79432,38012,72,101477,109916,3683,154,0,83269,156364.89,95.39,4.42,0.18,0,0.9119,0.1175,Lavoura,0.1182,12536.94,33468.67,92.32,4.12,-2.69,9.76,1035.52
5107263,Santo Afonso,resto_mt,FALSE,2015,101572,37852,72,114123,122992,4444,176,776,106968,186738.59,94.96,4.15,0.16,0.73,0.9035,0.1287,Lavoura,0.1398,12459.51,37565.17,92.79,4.94,19.42,9.76,910.91
5107263,Santo Afonso,resto_mt,FALSE,2016,116794,40794,72,122921,161722,6259,180,602,123835,199978.59,94.31,5.05,0.15,0.49,0.892,0.144,Lavoura,0.1373,13401.45,40381.41,76.01,4.91,7.09,9.76,1047
5107263,Santo Afonso,resto_mt,FALSE,2017,104710,44960,72,124836,195861,10178,221,603,115712,180243.5,90.49,8.8,0.19,0.52,0.8266,0.2312,Lavoura,0.1294,14740.98,40929.84,63.74,4,-9.87,9.76,870.74
5107263,Santo Afonso,resto_mt,FALSE,2018,120548,42280,72,122970,218933,13768,247,594,135157,201479.21,89.19,10.19,0.18,0.44,0.8059,0.2588,Lavoura,0.1312,13482.14,39212.37,56.17,4.76,11.78,9.76,1113.13
5107263,Santo Afonso,resto_mt,FALSE,2019,132486,43356,72,132048,260196,14522,303,697,148008,211693.78,89.51,9.81,0.2,0.47,0.8109,0.2521,Lavoura,0.1239,13781.31,41973.3,50.75,4.89,5.07,9.76,1176.09
5107263,Santo Afonso,resto_mt,FALSE,2020,193340,43490,72,125535,345322,18278,308,680,212606,285601.82,90.94,8.6,0.14,0.32,0.8344,0.2208,Lavoura,0.1315,13784.47,39789.22,36.35,6.57,34.91,9.76,1511.11
5107263,Santo Afonso,resto_mt,FALSE,2021,372810,47624,72,131806,430706,29447,389,848,403494,479471.08,92.4,7.3,0.1,0.21,0.8591,0.1879,Lavoura,0.1312,15051.83,41658.03,30.6,10.08,67.88,9.76,2121.54
5107263,Santo Afonso,resto_mt,FALSE,2022,409014,49902,72,139965,353199,32479,493,1082,443068,484936.47,92.31,7.33,0.11,0.24,0.8575,0.19,Lavoura,0.1251,19810.24,55563.72,39.63,9.72,1.14,9.76,1389.51
5107263,Santo Afonso,resto_mt,FALSE,2023,427304,61472,72,152173,326770,68520,510,1178,497512,517808.9,85.89,13.77,0.1,0.24,0.7567,0.3244,Lavoura,0.1582,24403.33,60410.08,46.57,8.43,6.78,9.76,1559.66
5107263,Santo Afonso,resto_mt,FALSE,2024,299099,63122,72,161069,320951,61502,486,1192,362279,362278.99,82.56,16.98,0.13,0.33,0.7105,0.386,Lavoura,0.1453,25659.35,65475.2,50.18,5.73,-30.04,9.76,984.45
5107792,Santo Antônio do Leste,resto_mt,FALSE,2000,0,0,72,,,,,,0,,,,,,,,Diversificado,0,,,,,,3.68,
5107792,Santo Antônio do Leste,resto_mt,FALSE,2001,225692,241032,72,57337,61865,881,41,,226614,,99.59,0.39,0.02,0,0.9918,0.0109,Lavoura,2.5595,124887.05,29708.29,92.68,,,3.68,
5107792,Santo Antônio do Leste,resto_mt,FALSE,2002,299832,244276,72,57337,62096,883,55,,300770,1454514.19,99.69,0.29,0.02,0,0.9938,0.0083,Lavoura,2.3125,123684.05,29031.39,92.34,5.96,,3.68,
5107792,Santo Antônio do Leste,resto_mt,FALSE,2003,477456,280926,72,52040,56935,1067,95,,478618,2028715.38,99.76,0.22,0.02,0,0.9952,0.0064,Lavoura,2.3014,139072.28,25762.38,91.4,7.23,39.48,3.68,
5107792,Santo Antônio do Leste,resto_mt,FALSE,2004,581748,296112,72,53277,58197,1363,129,,583240,2294317.98,99.74,0.23,0.02,0,0.9948,0.0069,Lavoura,1.9288,140138.19,25213.91,91.55,7.74,13.09,3.68,
5107792,Santo Antônio do Leste,resto_mt,FALSE,2005,565090,314590,72,49185,54564,1271,245,,566606,2074706.56,99.73,0.22,0.04,0,0.9946,0.0072,Lavoura,2.0957,145307.16,22718.24,90.14,6.59,-9.57,3.68,
5107792,Santo Antônio do Leste,resto_mt,FALSE,2006,270904,295732,72,48733,53759,1254,261,,272419,934213.82,99.44,0.46,0.1,0,0.9889,0.0148,Lavoura,1.64,133453.07,21991.43,90.65,3.16,-54.97,3.68,3876.42
5107792,Santo Antônio do Leste,resto_mt,FALSE,2007,485526,325952,72,46375,51878,1666,267,,487459,1570529.17,99.6,0.34,0.05,0,0.992,0.0107,Lavoura,2.1433,100323.79,14273.62,89.39,4.81,68.11,3.68,5731.87
5107792,Santo Antônio do Leste,resto_mt,FALSE,2008,621576,321494,72,46072,51505,1193,196,,622965,1845135.56,99.78,0.19,0.03,0,0.9956,0.0059,Lavoura,1.851,94059.1,13479.23,89.45,5.73,17.48,3.68,7179.52
5107792,Santo Antônio do Leste,resto_mt,FALSE,2009,639942,310006,72,41580,47312,1405,262,,641609,1770846.17,99.74,0.22,0.04,0,0.9948,0.0069,Lavoura,1.9112,86763.5,11637.28,87.88,5.7,-4.03,3.68,3712.46
5107792,Santo Antônio do Leste,resto_mt,FALSE,2010,503750,345450,72,49627,55031,2250,156,,506156,1288463.63,99.52,0.44,0.03,0,0.9904,0.0128,Lavoura,1.7595,92021.84,13219.77,90.18,3.74,-27.24,3.68,2051.69
5107792,Santo Antônio do Leste,resto_mt,FALSE,2011,835200,371958,72,48720,53581,2344,105,,837649,1968551.62,99.71,0.28,0.01,0,0.9942,0.0077,Lavoura,1.8799,95422.78,12498.72,90.93,5.29,52.78,3.68,2734.11
5107792,Santo Antônio do Leste,resto_mt,FALSE,2012,924842,388972,72,51740,56650,1339,108,,926289,2016676.26,99.84,0.14,0.01,0,0.9968,0.0043,Lavoura,1.7261,96327.89,12813.27,91.33,5.19,2.44,3.68,2070.5
5107792,Santo Antônio do Leste,resto_mt,FALSE,2013,1016146,408010,72,46275,50259,1310,243,0,1017699,2061020.01,99.85,0.13,0.02,0,0.997,0.004,Lavoura,1.6938,95440.94,10824.56,92.07,5.04,2.2,3.68,3250.82
5107792,Santo Antônio do Leste,resto_mt,FALSE,2014,1150170,415292,72,46811,51339,1377,260,1064,1152871,2164893.87,99.77,0.12,0.02,0.09,0.9954,0.0061,Lavoura,1.6359,93639.68,10554.9,91.18,5.22,5.04,3.68,3543.2
5107792,Santo Antônio do Leste,resto_mt,FALSE,2015,1133070,395786,72,50602,56913,1429,268,1440,1136207,1983524.96,99.72,0.13,0.02,0.13,0.9944,0.0075,Lavoura,1.4846,86209.1,11022,88.91,5.01,-8.38,3.68,2747.27
5107792,Santo Antônio do Leste,resto_mt,FALSE,2016,1123174,327796,72,51818,58245,1499,,1596,1126269,1818788.56,99.73,0.13,0,0.14,0.9946,0.0072,Lavoura,1.2491,69330.8,10959.81,88.97,5.55,-8.31,3.68,2647.43
5107792,Santo Antônio do Leste,resto_mt,FALSE,2017,1255652,404166,72,33737,40399,1567,,956,1258175,1959847.55,99.8,0.12,0,0.08,0.996,0.0053,Lavoura,1.4066,82905.85,6920.41,83.51,4.84,7.76,3.68,1942.36
5107792,Santo Antônio do Leste,resto_mt,FALSE,2018,1357718,379972,72,42994,49820,1383,,787.99,1359888.99,2027193.32,99.84,0.1,0,0.06,0.9968,0.0043,Lavoura,1.3201,75646.43,8559.43,86.3,5.35,3.44,3.68,1975.83
5107792,Santo Antônio do Leste,resto_mt,FALSE,2019,1496424,375360,72,47367,54786,1566,,852,1498842,2143772.86,99.84,0.1,0,0.06,0.9968,0.0043,Lavoura,1.2542,72547.35,9154.81,86.46,5.7,5.75,3.68,2290.37
5107792,Santo Antônio do Leste,resto_mt,FALSE,2020,2230492,389854,72,55662,63245,1864,1105,1007.99,2234468.99,3001648.05,99.82,0.08,0.05,0.05,0.9964,0.0048,Lavoura,1.3818,73088.49,10435.32,88.01,7.69,40.02,3.68,3084.94
5107792,Santo Antônio do Leste,resto_mt,FALSE,2021,3596462,385800,72,52080,58351,2760,107,480,3599809,4277645.43,99.91,0.08,0,0.01,0.9982,0.0024,Lavoura,1.1708,70672.28,9540.21,89.25,11.1,42.51,3.68,3640.54
5107792,Santo Antônio do Leste,resto_mt,FALSE,2022,4317248,407980,72,56085,62180,2063,95,531,4319937,4728156.98,99.94,0.05,0,0.01,0.9988,0.0016,Lavoura,1.2196,99531.59,13682.61,90.2,11.58,10.53,3.68,3560.36
5107792,Santo Antônio do Leste,resto_mt,FALSE,2023,4165966,524240,72,53538,57611,4742,122,1661.01,4172491.01,4342715.27,99.84,0.11,0,0.04,0.9968,0.0043,Lavoura,1.3266,127894.61,13061.23,92.93,8.27,-8.15,3.68,3032.63
5107792,Santo Antônio do Leste,resto_mt,FALSE,2024,3213262,478446,72,59856,64051,5562,63,847.99,3219734.99,3219734.99,99.8,0.17,0,0.03,0.996,0.0053,Lavoura,1.2911,113591.17,14210.83,93.45,6.72,-25.86,3.68,2115.46
5107875,Sapezal,resto_mt,FALSE,2000,469336,578412,72,43576,51240,79,273,,469688,,99.93,0.02,0.06,0,0.9986,0.0019,Lavoura,6.0204,73533.18,5539.79,85.04,,,3.61,
5107875,Sapezal,resto_mt,FALSE,2001,503508,612550,72,36382,44182,75,223,,503806,,99.94,0.01,0.04,0,0.9988,0.0016,Lavoura,5.6903,70505.29,4187.62,82.35,,,3.61,
5107875,Sapezal,resto_mt,FALSE,2002,1111100,766252,72,39329,47315,75,248,,1111423,5374806.39,99.97,0.01,0.02,0,0.9994,8e-4,Lavoura,8.5455,83017.55,4261,83.12,7.03,,3.61,
5107875,Sapezal,resto_mt,FALSE,2003,1351414,850220,72,38156,46322,82,357,,1351853,5730091.58,99.97,0.01,0.03,0,0.9994,8e-4,Lavoura,6.5003,86202.98,3868.6,82.37,6.75,6.61,3.61,
5107875,Sapezal,resto_mt,FALSE,2004,1812758,973954,72,36320,50622,484,110,,1813352,7133266.06,99.97,0.03,0.01,0,0.9994,8e-4,Lavoura,5.9968,87030.11,3245.47,71.75,7.33,24.49,3.61,
5107875,Sapezal,resto_mt,FALSE,2005,1969324,1047716,72,40842,55657,497,170,,1969991,7213395.66,99.97,0.03,0.01,0,0.9994,8e-4,Lavoura,7.2864,87851.42,3424.62,73.38,6.87,1.12,3.61,
5107875,Sapezal,resto_mt,FALSE,2006,1199732,960752,72,38586,53666,505,81,,1200318,4116282.92,99.95,0.04,0.01,0,0.999,0.0013,Lavoura,7.2259,75912.77,3048.83,71.9,4.28,-42.94,3.61,1916.34
5107875,Sapezal,resto_mt,FALSE,2007,1717858,1037314,72,37896,44410,151,33,,1718042,5535306.68,99.99,0.01,0,0,0.9998,3e-4,Lavoura,7.5539,72773.54,2658.62,85.33,5.35,34.47,3.61,2039.55
5107875,Sapezal,resto_mt,FALSE,2008,2046992,1011490,72,36269,43208,218,303,,2047513,6064448.32,99.97,0.01,0.01,0,0.9994,8e-4,Lavoura,6.0837,67369.79,2415.68,83.94,6.01,9.56,3.61,2141.4
5107875,Sapezal,resto_mt,FALSE,2009,2070776,1085126,72,41135,48357,268,502,,2071546,5717484.11,99.96,0.01,0.02,0,0.9992,0.0011,Lavoura,6.1706,68962.57,2614.24,85.07,5.27,-5.72,3.61,1826.66
5107875,Sapezal,resto_mt,FALSE,2010,1699756,1153634,72,45215,54485,447,547,,1700750,4329405.39,99.94,0.03,0.03,0,0.9988,0.0016,Lavoura,5.912,63757.82,2498.89,82.99,3.74,-24.28,3.61,1301.3
5107875,Sapezal,resto_mt,FALSE,2011,2607376,1177048,72,48931,58576,558,907,,2608841,6131014.56,99.94,0.02,0.03,0,0.9988,0.0016,Lavoura,5.8548,62343.64,2591.68,83.53,5.22,41.61,3.61,1493.9
5107875,Sapezal,resto_mt,FALSE,2012,3366498,1258170,72,58995,68943,572,591,,3367661,7331925.58,99.97,0.02,0.02,0,0.9994,8e-4,Lavoura,6.2756,64064.87,3003.97,85.57,5.83,19.59,3.61,1610.01
5107875,Sapezal,resto_mt,FALSE,2013,3298974,1292430,72,60082,70980,726,890,0,3300590,6684277.03,99.95,0.02,0.03,0,0.999,0.0013,Lavoura,5.4933,61738.32,2870.07,84.65,5.17,-8.83,3.61,1627.14
5107875,Sapezal,resto_mt,FALSE,2014,3782786,1326168,72,64235,75845,870,1342,0,3784998,7107576.57,99.94,0.02,0.04,0,0.9988,0.0016,Lavoura,5.3708,60802.71,2945.07,84.69,5.37,6.33,3.61,1657.94
5107875,Sapezal,resto_mt,FALSE,2015,4316850,1344020,72,89599,102124,1015,5336,0,4323201,7547196.16,99.85,0.02,0.12,0,0.997,0.004,Lavoura,5.6489,59299.36,3953.19,87.74,5.63,6.19,3.61,1585.87
5107875,Sapezal,resto_mt,FALSE,2016,5568086,1315310,72,102751,115290,1181,2207,0,5571474,8997258.33,99.94,0.02,0.04,0,0.9988,0.0016,Lavoura,6.179,55980.17,4373.13,89.12,6.85,19.21,3.61,1829.82
5107875,Sapezal,resto_mt,FALSE,2017,5225790,1381674,72,100992,113661,1324,2408,0,5229522,8145978.02,99.93,0.03,0.05,0,0.9986,0.0019,Lavoura,5.8464,56847.32,4155.19,88.85,5.91,-9.46,3.61,1475.45
5107875,Sapezal,resto_mt,FALSE,2018,6688602,1360396,72,126378,139665,1144,2792,0,6692538,9976599.89,99.94,0.02,0.04,0,0.9988,0.0016,Lavoura,6.4968,54298.56,5044.22,90.49,7.33,22.47,3.61,1524.3
5107875,Sapezal,resto_mt,FALSE,2019,6762008,1347966,72,135776,149481,1099,3137,0,6766244,9677664.7,99.94,0.02,0.05,0,0.9988,0.0016,Lavoura,5.6619,52083.23,5246.17,90.83,7.18,-3,3.61,1513.78
5107875,Sapezal,resto_mt,FALSE,2020,8565650,1337008,72,126270,139837,1435,3101,727,8570913,11513636.7,99.94,0.02,0.04,0.01,0.9988,0.0016,Lavoura,5.3004,50097.72,4731.34,90.3,8.6,18.97,3.61,1828.72
5107875,Sapezal,resto_mt,FALSE,2021,18121982,1466124,72,132972,146221,1495,3816,912,18128205,21541707.76,99.97,0.01,0.02,0.01,0.9994,8e-4,Lavoura,5.8958,53342.7,4837.98,90.94,14.69,87.1,3.61,3213.75
5107875,Sapezal,resto_mt,FALSE,2022,16037740,1523778,72,141788,155091,1682,4684,1122,16045228,17561449.8,99.95,0.01,0.03,0.01,0.999,0.0013,Lavoura,4.5297,52645.73,4898.7,91.42,11.53,-18.48,3.61,2534.49
5107875,Sapezal,resto_mt,FALSE,2023,15088666,1480420,72,162359,174793,2998,7610,1124,15100398,15716445.8,99.92,0.02,0.05,0.01,0.9984,0.0021,Lavoura,4.8008,51147.73,5609.42,92.89,10.62,-10.51,3.61,2009
5107875,Sapezal,resto_mt,FALSE,2024,11722294,1445748,72,156769,169471,3470,7675,1152,11734591,11734591,99.9,0.03,0.07,0.01,0.998,0.0027,Lavoura,4.7054,45898.22,4976.95,92.5,8.12,-25.34,3.61,1540.18
5107883,Serra Nova Dourada,resto_mt,FALSE,2000,0,0,72,,,,,,0,,,,,,,,Diversificado,0,,,,,,16.82,
5107883,Serra Nova Dourada,resto_mt,FALSE,2001,1878,2080,72,4616,13358,114,13,,2005,,93.67,5.69,0.65,0,0.8807,0.1591,Lavoura,0.0226,1951.22,4330.21,34.56,,,16.82,
5107883,Serra Nova Dourada,resto_mt,FALSE,2002,2190,2206,72,13219,22038,144,19,,2353,11379.02,93.07,6.12,0.81,0,0.87,0.1733,Lavoura,0.0181,1992.77,11941.28,59.98,5.17,,16.82,
5107883,Serra Nova Dourada,resto_mt,FALSE,2003,3816,2446,72,17738,26663,193,21,,4030,17081.93,94.69,4.79,0.52,0,0.8989,0.1348,Lavoura,0.0194,2125.11,15410.95,66.53,6.97,50.12,16.82,
5107883,Serra Nova Dourada,resto_mt,FALSE,2004,14548,13630,72,17124,26191,283,21,,14852,58424,97.95,1.91,0.14,0,0.9598,0.0536,Lavoura,0.0491,10956.59,13765.27,65.38,4.28,242.02,16.82,
5107883,Serra Nova Dourada,resto_mt,FALSE,2005,22854,21056,72,16632,25873,392,18,,23264,85184.37,98.24,1.69,0.08,0,0.9654,0.0461,Lavoura,0.086,16259.46,12843.24,64.28,4.05,45.8,16.82,
5107883,Serra Nova Dourada,resto_mt,FALSE,2006,1360,1826,72,51874,61505,1106,31,,2497,8563.02,54.47,44.29,1.24,0,0.493,0.676,Pecuário,0.015,1357.62,38568.03,84.34,4.68,-89.95,16.82,2854.34
5107883,Serra Nova Dourada,resto_mt,FALSE,2007,1064,1084,72,51080,56901,346,33,,1443,4649.16,73.74,23.98,2.29,0,0.6018,0.5309,Lavoura,0.0063,803.56,37865.09,89.77,4.28,-45.71,16.82,185.96
5107883,Serra Nova Dourada,resto_mt,FALSE,2008,4026,1980,72,46763,52709,326,75,,4427,13112.16,90.94,7.36,1.69,0,0.8327,0.2231,Lavoura,0.0132,1407.25,33235.96,88.72,6.62,182.03,16.82,690.11
5107883,Serra Nova Dourada,resto_mt,FALSE,2009,3854,2040,72,55098,61403,378,86,,4318,11917.72,89.25,8.75,1.99,0,0.8046,0.2605,Lavoura,0.0129,1409.81,38077.4,89.73,5.83,-9.11,16.82,425.62
5107883,Serra Nova Dourada,resto_mt,FALSE,2010,6008,4060,72,52727,59099,380,74,,6462,16449.58,92.97,5.88,1.15,0,0.8679,0.1761,Lavoura,0.0225,2974.36,38627.84,89.22,4.05,38.03,16.82,498.48
5107883,Serra Nova Dourada,resto_mt,FALSE,2011,6712,3620,72,53206,60218,413,27,,7152,16807.84,93.85,5.77,0.38,0,0.8841,0.1545,Lavoura,0.0161,2598.71,38195.26,88.36,4.63,2.18,16.82,672.31
5107883,Serra Nova Dourada,resto_mt,FALSE,2012,6236,2540,72,64725,69823,300,65,,6601,14371.41,94.47,4.54,0.98,0,0.8946,0.1405,Lavoura,0.0123,1789.99,45613.11,92.7,5.65,-14.5,16.82,756.4
5107883,Serra Nova Dourada,resto_mt,FALSE,2013,8290,2860,72,59969,66905,732,27,2507.99,11556.99,23404.93,71.73,6.33,0.23,21.7,0.5656,0.5792,Pescado-extrativista,0.0192,1954.89,40990.43,89.63,8.17,62.86,16.82,755
5107883,Serra Nova Dourada,resto_mt,FALSE,2014,8830,3280,72,59889,63783,369,6,1036,10241,19230.83,86.22,3.6,0.06,10.12,0.7549,0.3268,Lavoura,0.0145,2198.39,40140.08,93.89,5.85,-17.83,16.82,582.76
5107883,Serra Nova Dourada,resto_mt,FALSE,2015,13768,5060,72,73304,78707,310,7,9582.01,23667.01,41316.52,58.17,1.31,0.03,40.49,0.5025,0.6633,Pescado-extrativista,0.0309,3328.95,48226.32,93.14,8.17,114.85,16.82,983.72
5107883,Serra Nova Dourada,resto_mt,FALSE,2016,41322,13140,72,83053,88671,588,7,8615,50532,81603.09,81.77,1.16,0.01,17.05,0.6978,0.4029,Lavoura,0.056,8488.37,53651.81,93.66,6.21,97.51,16.82,1665.37
5107883,Serra Nova Dourada,resto_mt,FALSE,2017,40652,14600,72,77452,86117,549,4,10297,51502,80224.19,78.93,1.07,0.01,19.99,0.6631,0.4492,Lavoura,0.0576,9269.84,49175.87,89.94,5.5,-1.69,16.82,1604.48
5107883,Serra Nova Dourada,resto_mt,FALSE,2018,43076,15400,72,96853,105630,479,6,9451.01,53012.01,79025.27,81.26,0.9,0.01,17.83,0.6922,0.4104,Lavoura,0.0515,9494.45,59712.08,91.69,5.14,-1.49,16.82,908.34
5107883,Serra Nova Dourada,resto_mt,FALSE,2019,37652,13110,72,100569,110446,409,5,1188,39254,56144.45,95.92,1.04,0.01,3.03,0.9211,0.1052,Lavoura,0.0328,7945.45,60950.91,91.06,4.28,-28.95,16.82,590.98
5107883,Serra Nova Dourada,resto_mt,FALSE,2020,56280,13930,72,117583,127627,340,6,1524,58150,78115.12,96.78,0.58,0.01,2.62,0.9374,0.0835,Lavoura,0.036,8301.55,70073.3,92.13,5.6,39.13,16.82,858.4
5107883,Serra Nova Dourada,resto_mt,FALSE,2021,101924,14440,72,133554,142712,753,6,1672,104355,124004.84,97.67,0.72,0.01,1.6,0.9543,0.0609,Lavoura,0.0339,8469.21,78330.79,93.58,8.58,58.75,16.82,1362.7
5107883,Serra Nova Dourada,resto_mt,FALSE,2022,301650,32626,72,141788,150933,1062,6,1389.01,304107.01,332844.13,99.19,0.35,0,0.46,0.9839,0.0215,Lavoura,0.0859,18125.56,78771.11,93.94,10.21,168.41,16.82,3295.49
5107883,Serra Nova Dourada,resto_mt,FALSE,2023,409262,64976,72,133041,141998,4814,7,1436,415519,432470.85,98.49,1.16,0,0.35,0.9702,0.0397,Lavoura,0.1321,36097.78,73911.67,93.69,6.64,29.93,16.82,3352.49
5107883,Serra Nova Dourada,resto_mt,FALSE,2024,339872,64976,72,132356,140151,6294,7,1524,347697,347697.01,97.75,1.81,0,0.44,0.9559,0.0588,Lavoura,0.1394,34179.91,69624.41,94.44,5.35,-19.6,16.82,2483.55
5107909,Sinop,resto_mt,FALSE,2000,67980,87270,72,61941,120442,2096,771,,70847,,95.95,2.96,1.09,0,0.9216,0.1045,Lavoura,0.9081,1166.23,827.75,51.43,,,8.65,
5107909,Sinop,resto_mt,FALSE,2001,91348,112700,72,59014,119362,2162,360,,93870,,97.31,2.3,0.38,0,0.9475,0.07,Lavoura,1.0602,1417.38,742.19,49.44,,,8.65,
5107909,Sinop,resto_mt,FALSE,2002,119516,127132,72,58572,122197,1187,5307,,126010,609380.37,94.85,0.94,4.21,0,0.9015,0.1313,Lavoura,0.9689,1531.91,705.78,47.93,4.79,,8.65,
5107909,Sinop,resto_mt,FALSE,2003,192936,152590,72,61597,126424,1301,5426,,199663,846310.41,96.63,0.65,2.72,0,0.9345,0.0873,Lavoura,0.9601,1758.46,709.85,48.72,5.55,38.88,8.65,
5107909,Sinop,resto_mt,FALSE,2004,436540,272086,72,61000,127318,3049,2363,,441952,1738526.87,98.78,0.69,0.53,0,0.9758,0.0323,Lavoura,1.4615,2872.41,643.98,47.91,6.39,105.42,8.65,
5107909,Sinop,resto_mt,FALSE,2005,370052,402446,72,61771,128871,3493,2546,,376091,1377109.43,98.39,0.93,0.68,0,0.9682,0.0424,Lavoura,1.391,4045.09,620.88,47.93,3.41,-20.79,8.65,
5107909,Sinop,resto_mt,FALSE,2006,226886,300108,72,58365,126610,3494,2856,,233236,799842.52,97.28,1.5,1.22,0,0.9467,0.0711,Lavoura,1.4041,2889.32,561.92,46.1,2.67,-41.92,8.65,1319.86
5107909,Sinop,resto_mt,FALSE,2007,270382,266172,72,66879,149960,4139,3871,,278392,896942.62,97.12,1.49,1.39,0,0.9436,0.0752,Lavoura,1.224,2516.71,632.35,44.6,3.36,12.14,8.65,1266.86
5107909,Sinop,resto_mt,FALSE,2008,502298,310086,72,76129,169251,2715,7748,,512761,1518726.67,97.96,0.53,1.51,0,0.9599,0.0535,Lavoura,1.5236,2805.88,688.87,44.98,4.89,69.32,8.65,1827.58
5107909,Sinop,resto_mt,FALSE,2009,522272,305396,72,80162,167090,3224,13276,,538772,1487015.19,96.94,0.6,2.46,0,0.9404,0.0795,Lavoura,1.6049,2677.71,702.86,47.98,4.86,-2.09,8.65,1517.37
5107909,Sinop,resto_mt,FALSE,2010,402806,348588,72,88960,191341,4085,7729,,414620,1055450.87,97.15,0.99,1.86,0,0.9443,0.0743,Lavoura,1.4413,3082.15,786.57,46.49,3.03,-29.02,8.65,1137.34
5107909,Sinop,resto_mt,FALSE,2011,631006,328422,72,66016,158445,4453,8355,,643814,1513021.68,98.01,0.69,1.3,0,0.9608,0.0523,Lavoura,1.4449,2830.88,569.03,41.66,4.61,43.35,8.65,1594.33
5107909,Sinop,resto_mt,FALSE,2012,778969,418882,72,61662,111391,3898,1922,,784789,1708608.6,99.26,0.5,0.24,0,0.9853,0.0196,Lavoura,1.4624,3524.96,518.9,55.36,4.07,12.93,8.65,1516.07
5107909,Sinop,resto_mt,FALSE,2013,797386,416888,72,48192,160357,4349,1705,1087.01,804527.01,1629309.12,99.11,0.54,0.21,0.14,0.9823,0.0236,Lavoura,1.339,3371.95,389.8,30.05,3.92,-4.64,8.65,1429.22
5107909,Sinop,resto_mt,FALSE,2014,988388,471324,72,46030,145057,4580,3646,4471.99,1001085.99,1879867.66,98.73,0.46,0.36,0.45,0.9748,0.0336,Lavoura,1.4205,3716.57,362.96,31.73,4,15.38,8.65,1798.91
5107909,Sinop,resto_mt,FALSE,2015,1091812,456160,72,47036,143762,4996,8981,3666,1109455,1936822.85,98.41,0.45,0.81,0.33,0.9685,0.042,Lavoura,1.4497,3511.19,362.05,32.72,4.25,3.03,8.65,1815.21
5107909,Sinop,resto_mt,FALSE,2016,1251772,457490,72,49455,149190,4427,9150,5780,1271129,2052719.97,98.48,0.35,0.72,0.45,0.9699,0.0401,Lavoura,1.4097,3441.48,372.03,33.15,4.48,5.98,8.65,2008.54
5107909,Sinop,resto_mt,FALSE,2017,1318300,526340,72,50242,580353,26136,4520,5542,1354498,2109889,97.33,1.93,0.33,0.41,0.9477,0.0697,Lavoura,1.5143,3873.74,369.77,8.66,4,2.79,8.65,1888.9
5107909,Sinop,resto_mt,FALSE,2018,1566322,516024,72,55445,778217,39658,2582,4459.99,1613021.99,2404539.94,97.1,2.46,0.16,0.28,0.9435,0.0753,Lavoura,1.5658,3687.6,396.22,7.12,4.66,13.97,8.65,2162.35
5107909,Sinop,resto_mt,FALSE,2019,1734942,545308,72,62691,764613,48224,4503,5246.01,1792915.01,2564381.41,96.77,2.69,0.25,0.29,0.9372,0.0837,Lavoura,1.5003,3813.45,438.41,8.2,4.71,6.65,8.65,1974.13
5107909,Sinop,resto_mt,FALSE,2020,2300980,538460,72,56195,773504,47152,4880,5220,2358232,3167903.65,97.57,2,0.21,0.22,0.9524,0.0635,Lavoura,1.4584,3687.96,384.88,7.26,5.88,23.53,8.65,2451.93
5107909,Sinop,resto_mt,FALSE,2021,4631298,592160,72,54128,728812,61535,4474,6027.01,4703334.01,5588961.88,98.47,1.31,0.1,0.13,0.9698,0.0403,Lavoura,1.5296,3975.3,363.37,7.43,9.44,76.42,8.65,4100.48
5107909,Sinop,resto_mt,FALSE,2022,5150124,602922,72,53687,715053,58510,4152,5330,5218116,5711210.97,98.7,1.12,0.08,0.1,0.9743,0.0343,Lavoura,1.4731,3071.24,273.48,7.51,9.47,2.19,8.65,3120.89
5107909,Sinop,resto_mt,FALSE,2023,4450300,664802,72,72474,844227,110708,2916,5779,4569703,4756132.23,97.39,2.42,0.06,0.13,0.9491,0.0679,Lavoura,1.4528,3386.46,369.18,8.58,7.15,-16.72,8.65,2596.14
5107909,Sinop,resto_mt,FALSE,2024,3594426,673728,72,65568,859414,173998,10227,2475.99,3781126.99,3781127,95.06,4.6,0.27,0.07,0.9058,0.1256,Lavoura,1.5162,3118.69,303.51,7.63,5.6,-20.5,8.65,2067.32
5107925,Sorriso,resto_mt,FALSE,2000,731588,1009744,72,63135,185465,1239,315,,733142,,99.79,0.17,0.04,0,0.9958,0.0056,Lavoura,9.3973,28359.61,1773.21,34.04,,,4.62,
5107925,Sorriso,resto_mt,FALSE,2001,734700,1025176,72,68000,193988,2021,399,,737120,,99.67,0.27,0.05,0,0.9934,0.0088,Lavoura,8.3254,27074.5,1795.85,35.05,,,4.62,
5107925,Sorriso,resto_mt,FALSE,2002,1116148,1176360,72,66723,195235,2351,369,,1118868,5410810.16,99.76,0.21,0.03,0,0.9952,0.0064,Lavoura,8.6027,29499.71,1673.22,34.18,4.61,,4.62,
5107925,Sorriso,resto_mt,FALSE,2003,1827178,1246752,72,62908,194274,2851,526,,1830555,7759163.01,99.82,0.16,0.03,0,0.9964,0.0048,Lavoura,8.8021,29783.85,1502.82,32.38,6.21,43.4,4.62,
5107925,Sorriso,resto_mt,FALSE,2004,2632106,1415748,72,65148,212402,3023,446,,2635575,10367682.44,99.87,0.11,0.02,0,0.9974,0.0035,Lavoura,8.7159,30761.75,1415.55,30.67,7.33,33.62,4.62,
5107925,Sorriso,resto_mt,FALSE,2005,1532356,1321024,72,57829,214844,3471,327,,1536154,5624841.22,99.75,0.23,0.02,0,0.995,0.0067,Lavoura,5.6818,27335.68,1196.64,26.92,4.25,-45.75,4.62,
5107925,Sorriso,resto_mt,FALSE,2006,1188004,1423844,72,62666,231955,3964,666,,1192634,4089931.98,99.61,0.33,0.06,0,0.9922,0.0104,Lavoura,7.1797,28131.98,1238.14,27.02,2.88,-27.29,4.62,2167.41
5107925,Sorriso,resto_mt,FALSE,2007,1813682,1620308,72,71226,274385,6367,3501,,1823550,5875239.65,99.46,0.35,0.19,0,0.9892,0.0144,Lavoura,8.0179,29388.54,1291.87,25.96,3.61,43.65,4.62,2691.37
5107925,Sorriso,resto_mt,FALSE,2008,2964342,1695768,72,73001,283980,5913,260,,2970515,8798251.67,99.79,0.2,0.01,0,0.9958,0.0056,Lavoura,8.8262,29339.05,1263.01,25.71,5.19,49.75,4.62,3706.09
5107925,Sorriso,resto_mt,FALSE,2009,2656278,1618328,72,68500,545698,13032,255,,2669565,7368021.5,99.5,0.49,0.01,0,0.99,0.0133,Lavoura,7.952,26959.55,1141.13,12.55,4.56,-16.26,4.62,2743.12
5107925,Sorriso,resto_mt,FALSE,2010,1844458,1751702,72,73535,639588,14048,547,,1859053,4732379.29,99.21,0.76,0.03,0,0.9843,0.0209,Lavoura,6.4623,26333.07,1105.44,11.5,2.7,-35.77,4.62,1663.41
5107925,Sorriso,resto_mt,FALSE,2011,3788742,1751460,72,62292,605463,21344,949,,3811035,8956280.22,99.42,0.56,0.02,0,0.9885,0.0153,Lavoura,8.5528,25422.53,904.17,10.29,5.12,89.26,4.62,3004.45
5107925,Sorriso,resto_mt,FALSE,2012,4133014,2031938,72,60093,476374,14840,983,,4148837,9032668.11,99.62,0.36,0.02,0,0.9924,0.0101,Lavoura,7.7313,28542.46,844.12,12.61,4.45,0.85,4.62,2907.21
5107925,Sorriso,resto_mt,FALSE,2013,4134622,2191794,72,58888,613600,17794,7139,217714,4377269,8864741.94,94.46,0.41,0.16,4.97,0.8948,0.1403,Lavoura,7.2853,29183.45,784.09,9.6,4.05,-1.86,4.62,2798.21
5107925,Sorriso,resto_mt,FALSE,2014,4395034,2120812,72,55973,667175,20176,9241,264776.98,4689227.98,8805565.29,93.73,0.43,0.2,5.65,0.8817,0.1577,Lavoura,6.6539,27282.59,720.05,8.39,4.15,-0.67,4.62,2756.92
5107925,Sorriso,resto_mt,FALSE,2015,4983902,2156174,72,50100,768506,16576,19394,138063.99,5157935.99,9004428.6,96.63,0.32,0.38,2.68,0.9345,0.0873,Lavoura,6.7396,26852.15,623.93,6.52,4.17,2.26,4.62,2880.48
5107925,Sorriso,resto_mt,FALSE,2016,6395004,2193844,72,53994,826082,15160,6300,88806,6505270,10505226.2,98.3,0.23,0.1,1.37,0.9665,0.0447,Lavoura,7.2147,26498.26,652.16,6.54,4.79,16.67,4.62,3225.44
5107925,Sorriso,resto_mt,FALSE,2017,6549770,2411338,72,56420,710442,17956,4848,74042.01,6646616.01,10353372.22,98.54,0.27,0.07,1.11,0.9711,0.0385,Lavoura,7.4307,28294.45,662.03,7.94,4.3,-1.45,4.62,2987.98
5107925,Sorriso,resto_mt,FALSE,2018,6595490,2187030,72,64155,753274,24738,5520,71309.01,6697057.01,9983336.4,98.48,0.37,0.08,1.06,0.97,0.04,Lavoura,6.5012,24904.97,730.57,8.52,4.56,-3.57,4.62,2841.82
5107925,Sorriso,resto_mt,FALSE,2019,7892636,2324772,72,70460,732251,20055,2270,66961.01,7981922.01,11416432.05,98.88,0.25,0.03,0.84,0.9778,0.0296,Lavoura,6.6791,25741.28,780.18,9.62,4.91,14.35,4.62,2988.59
5107925,Sorriso,resto_mt,FALSE,2020,10696280,2278966,72,88161,774906,29220,276,50082,10775858,14475624.04,99.26,0.27,0,0.46,0.9853,0.0196,Lavoura,6.664,24566.03,950.33,11.38,6.36,26.8,4.62,3452.32
5107925,Sorriso,resto_mt,FALSE,2021,19935628,2437192,72,85450,1006369,39862,8484,63639.01,20047613.01,23822536.24,99.44,0.2,0.04,0.32,0.9888,0.0149,Lavoura,6.52,25670.6,900.03,8.49,9.78,64.57,4.62,5584.28
5107925,Sorriso,resto_mt,FALSE,2022,22958374,2434612,72,91689,691888,35111,8939,86492.99,23088916.99,25270744.48,99.43,0.15,0.04,0.37,0.9886,0.0152,Lavoura,6.5182,22005.8,828.75,13.25,10.39,6.08,4.62,5100.06
5107925,Sorriso,resto_mt,FALSE,2023,16627886,2435612,72,101402,874201,116568,10209,70011,16824674,17511066.75,98.83,0.69,0.06,0.42,0.9768,0.0309,Lavoura,5.349,22014.84,916.55,11.6,7.18,-30.71,4.62,3426.16
5107925,Sorriso,resto_mt,FALSE,2024,14354006,2401066,72,99790,942931,104010,12412,136484.99,14606912.99,14606912.99,98.27,0.71,0.08,0.93,0.9658,0.0456,Lavoura,5.8571,19845.98,824.81,10.58,6.08,-16.58,4.62,2880.48
5107859,São Félix do Araguaia,resto_mt,FALSE,2000,4430,8090,72,240179,269410,966,447,,5843,,75.82,16.53,7.65,0,0.608,0.5227,Lavoura,0.0749,756.99,22473.94,89.15,,,24.25,
5107859,São Félix do Araguaia,resto_mt,FALSE,2001,5180,10814,72,206346,232301,920,566,,6666,,77.71,13.8,8.49,0,0.6301,0.4932,Lavoura,0.0753,1149.08,21926.04,88.83,,,24.25,
5107859,São Félix do Araguaia,resto_mt,FALSE,2002,9570,10500,72,233162,259533,968,750,,11288,54588.41,84.78,8.58,6.64,0,0.7305,0.3593,Lavoura,0.0868,1119.4,24857.36,89.84,5.19,,24.25,
5107859,São Félix do Araguaia,resto_mt,FALSE,2003,15028,12426,72,199428,225462,1263,801,,17092,72447.76,87.92,7.39,4.69,0,0.7807,0.2924,Lavoura,0.0822,1328.7,21324.64,88.45,5.83,32.72,24.25,
5107859,São Félix do Araguaia,resto_mt,FALSE,2004,82550,48766,72,209728,236040,1681,1512,,85743,337291.19,96.28,1.96,1.76,0,0.9277,0.0964,Lavoura,0.2836,5248.17,22570.81,88.85,6.92,365.56,24.25,
5107859,São Félix do Araguaia,resto_mt,FALSE,2005,120048,80298,72,196450,222980,1820,1128,,122996,450366.93,97.6,1.48,0.92,0,0.9529,0.0628,Lavoura,0.4549,8672.43,21217.19,88.1,5.6,33.52,24.25,
5107859,São Félix do Araguaia,resto_mt,FALSE,2006,29788,34252,72,221932,249248,1333,212,,31333,107451.09,95.07,4.25,0.68,0,0.9057,0.1257,Lavoura,0.1886,3712.55,24055.06,89.04,3.13,-76.14,24.25,334.74
5107859,São Félix do Araguaia,resto_mt,FALSE,2007,52354,31974,72,229005,249085,2004,264,,54622,175984.94,95.85,3.67,0.48,0,0.9201,0.1065,Lavoura,0.2402,2984.6,21376.37,91.94,5.5,63.78,24.25,491.58
5107859,São Félix do Araguaia,resto_mt,FALSE,2008,70860,40370,72,230811,251335,2437,358,,73655,218155.85,96.21,3.31,0.49,0,0.9268,0.0976,Lavoura,0.2188,3637.92,20799.41,91.83,5.4,23.96,24.25,569.6
5107859,São Félix do Araguaia,resto_mt,FALSE,2009,122410,65930,72,313763,336008,3246,518,,126174,348241.28,97.02,2.57,0.41,0,0.942,0.0773,Lavoura,0.3758,5856.8,27872.7,93.38,5.27,59.63,24.25,734.68
5107859,São Félix do Araguaia,resto_mt,FALSE,2010,124692,81728,72,331577,355433,3278,3574,,131544,334856.56,94.79,2.49,2.72,0,0.8999,0.1335,Lavoura,0.4573,7692.05,31207.25,93.29,4.1,-3.84,24.25,752.48
5107859,São Félix do Araguaia,resto_mt,FALSE,2011,209064,98436,72,322178,346750,3180,851,,213095,500792.7,98.11,1.49,0.4,0,0.9628,0.0496,Lavoura,0.4782,9185.89,30065.14,92.91,5.09,49.55,24.25,867.92
5107859,São Félix do Araguaia,resto_mt,FALSE,2012,359474,166770,72,303652,323815,3893,703,,364070,792637.42,98.74,1.07,0.19,0,0.9751,0.0332,Lavoura,0.6784,15435.95,28105.52,93.77,4.76,58.28,24.25,1276.38
5107859,São Félix do Araguaia,resto_mt,FALSE,2013,507922,222288,72,226078,246828,4684,809,216,513631,1040193.39,98.89,0.91,0.16,0.04,0.978,0.0293,Lavoura,0.8549,20298.42,20644.51,91.59,4.68,31.23,24.25,1281.02
5107859,São Félix do Araguaia,resto_mt,FALSE,2014,902270,395248,72,232251,244857,4297,57,563.01,907187.01,1703541.48,99.46,0.47,0.01,0.06,0.9893,0.0143,Lavoura,1.2873000000000001,35804.69,21039.13,94.85,4.3,63.77,24.25,1593.59
5107859,São Félix do Araguaia,resto_mt,FALSE,2015,1377656,508540,72,223053,239728,2266,70,208,1380200,2409473.95,99.82,0.16,0.01,0.02,0.9964,0.0048,Lavoura,1.8034,45711.46,20049.71,93.04,4.73,41.44,24.25,2218.66
5107859,São Félix do Araguaia,resto_mt,FALSE,2016,1660124,632500,72,243077,260361,4246,60,212,1664642,2688195.99,99.73,0.26,0,0.01,0.9946,0.0072,Lavoura,1.8462,56427.87,21685.88,93.36,4.25,11.57,24.25,2406.62
5107859,São Félix do Araguaia,resto_mt,FALSE,2017,1469434,587994,72,253776,277913,907,61,262.99,1470664.99,2290841.24,99.92,0.06,0,0.02,0.9984,0.0021,Lavoura,1.6442,52080.96,22477.95,91.31,3.89,-14.78,24.25,1949.66
5107859,São Félix do Araguaia,resto_mt,FALSE,2018,1839586,655614,72,265401,288741,3202,87,298,1843173,2747627.2,99.81,0.17,0,0.02,0.9962,0.0051,Lavoura,1.7893,56445.46,22849.85,91.92,4.2,19.94,24.25,2208.7
5107859,São Félix do Araguaia,resto_mt,FALSE,2019,2065906,652568,72,259622,286564,3568,114,15342.99,2084930.99,2982047.8,99.09,0.17,0.01,0.74,0.9819,0.0241,Lavoura,1.7446,55736.93,22174.75,90.6,4.58,8.53,24.25,2366.71
5107859,São Félix do Araguaia,resto_mt,FALSE,2020,2897542,661776,72,265527,293285,2079,423,33719,2933763,3941036.53,98.77,0.07,0.01,1.15,0.9757,0.0324,Lavoura,1.8143,55879.08,22420.59,90.54,5.96,32.16,24.25,3267.85
5107859,São Félix do Araguaia,resto_mt,FALSE,2021,4791868,672600,72,308667,334641,1024,672,41607.99,4835171.99,5745624.67,99.1,0.02,0.01,0.86,0.9822,0.0237,Lavoura,1.5725,56359.98,25864.5,92.24,8.55,45.79,24.25,4130.57
5107859,São Félix do Araguaia,resto_mt,FALSE,2022,6827390,712856,72,345838,371916,1165,718,43265.99,6872538.99,7521971.55,99.34,0.02,0.01,0.63,0.9869,0.0175,Lavoura,1.9402,52335.07,25390.06,92.99,10.56,30.92,24.25,4261.74
5107859,São Félix do Araguaia,resto_mt,FALSE,2023,7254038,1043612,72,313069,338601,3004,501,48146.01,7305689.01,7603737.7,99.29,0.04,0.01,0.66,0.9859,0.0188,Lavoura,2.3227,76617.87,22984.29,92.46,7.28,1.09,24.25,4029.54
5107859,São Félix do Araguaia,resto_mt,FALSE,2024,6426870,1094124,72,363704,384508,3086,809,49391.01,6480156.01,6480156.01,99.18,0.05,0.01,0.76,0.9837,0.0217,Lavoura,2.5984,76341.33,25377.06,94.59,5.93,-14.78,24.25,3588.13
5107297,São José do Povo,resto_mt,FALSE,2000,2982,2654,72,51738,64106,824,29,,3835,,77.76,21.49,0.76,0,0.6509,0.4655,Lavoura,0.0492,868.46,16929.97,80.71,,,0.85,
5107297,São José do Povo,resto_mt,FALSE,2001,2690,2120,72,55677,68502,785,62,,3537,,76.05,22.19,1.75,0,0.6279,0.4961,Lavoura,0.0399,690.78,18141.74,81.28,,,0.85,
5107297,São José do Povo,resto_mt,FALSE,2002,2864,2138,72,62688,75896,926,76,,3866,18695.85,74.08,23.95,1.97,0,0.6065,0.5247,Lavoura,0.0297,694.16,20353.25,82.6,8.76,,0.85,
5107297,São José do Povo,resto_mt,FALSE,2003,3116,1940,72,64107,77693,1096,70,,4282,18150.08,72.77,25.6,1.63,0,0.5953,0.5396,Lavoura,0.0206,627.63,20739.89,82.51,9.37,-2.92,0.85,
5107297,São José do Povo,resto_mt,FALSE,2004,4296,2070,72,66305,83389,1299,67,,5662,22272.86,75.87,22.94,1.18,0,0.6284,0.4955,Lavoura,0.0187,664.95,21299.39,79.51,10.77,22.71,0.85,
5107297,São José do Povo,resto_mt,FALSE,2005,5700,2140,72,64914,82615,2099,175,,7974,29197.9,71.48,26.32,2.19,0,0.5807,0.5591,Lavoura,0.0295,684.58,20765.83,78.57,13.64,31.09,0.85,
5107297,São José do Povo,resto_mt,FALSE,2006,3010,1310,72,61090,79198,1318,174,,4502,15438.83,66.86,29.28,3.86,0,0.5342,0.6211,Lavoura,0.0271,417.33,19461.61,77.14,11.79,-47.12,0.85,350.88
5107297,São José do Povo,resto_mt,FALSE,2007,40460,5420,72,58091,80717,3830,151,,44441,143183.1,91.04,8.62,0.34,0,0.8363,0.2183,Lavoura,0.1954,1639.94,17576.7,71.97,26.42,827.42,0.85,3409.13
5107297,São José do Povo,resto_mt,FALSE,2008,1456,740,72,59488,82512,5505,250,,7211,21357.98,20.19,76.34,3.47,0,0.6247,0.5004,Pecuário,0.0214,216.56,17409.42,72.1,28.87,-85.08,0.85,350.12
5107297,São José do Povo,resto_mt,FALSE,2009,832,480,72,60425,83435,5588,275,,6695,18478.26,12.43,83.47,4.11,0,0.7139,0.3815,Pecuário,0.0199,139.09,17509.42,72.42,38.49,-13.48,0.85,279.96
5107297,São José do Povo,resto_mt,FALSE,2010,736,480,72,67242,88830,5281,333,,6350,16164.47,11.59,83.17,5.24,0,0.7079,0.3895,Pecuário,0.0221,133.63,18719.93,75.7,33.68,-12.52,0.85,248.68
5107297,São José do Povo,resto_mt,FALSE,2011,894,480,72,70756,91673,5810,449,,7153,16810.21,12.5,81.22,6.28,0,0.6792,0.4277,Pecuário,0.0161,132.09,19470.56,77.18,35.03,3.99,0.85,236.76
5107297,São José do Povo,resto_mt,FALSE,2012,1130,480,72,66168,86157,5993,337,,7460,16241.58,15.15,80.34,4.52,0,0.6704,0.4395,Pecuário,0.0139,130.68,18014.7,76.8,33.83,-3.38,0.85,238.85
5107297,São José do Povo,resto_mt,FALSE,2013,972,320,72,76144,81232,5593,768,0,7333,14850.62,13.26,76.27,10.47,0,0.6103,0.5196,Pecuário,0.0122,85.54,20353.92,93.74,46.41,-8.56,0.85,256.04
5107297,São José do Povo,resto_mt,FALSE,2014,1634,380,72,76144,81780,5872,910,222,8638,16220.68,18.92,67.98,10.53,2.57,0.5097,0.6537,Pecuário,0.0123,100.48,20133.26,93.11,42.69,9.23,0.85,245.78
5107297,São José do Povo,resto_mt,FALSE,2015,1760,380,72,79951,92977,7397,480,0,9637,16823.73,18.26,76.76,4.98,0,0.625,0.5,Pecuário,0.0126,99.4,20913.16,85.99,44.27,3.72,0.85,227.35
5107297,São José do Povo,resto_mt,FALSE,2016,2136,380,72,80990,94197,8802,545,0,11483,18543.65,18.6,76.65,4.75,0,0.6244,0.5008,Pecuário,0.0127,98.22,20933.06,85.98,48.8,10.22,0.85,254.02
5107297,São José do Povo,resto_mt,FALSE,2017,1634,380,72,78455,99265,4381,630,204,6849,10668.63,23.86,63.97,9.2,2.98,0.4755,0.6993,Pecuário,0.0077,97.24,20075.49,79.04,28.08,-42.47,0.85,142.25
5107297,São José do Povo,resto_mt,FALSE,2018,1600,380,72,80612,102354,4275,,0,5875,8757.88,27.23,72.77,0,0,0.6037,0.5284,Pecuário,0.0057,94.5,20047.75,78.76,23.04,-17.91,0.85,119.97
5107297,São José do Povo,resto_mt,FALSE,2019,1992,380,72,80926,100446,4438,,0,6430,9196.74,30.98,69.02,0,0,0.5724,0.5701,Pecuário,0.0054,93.53,19917.79,80.57,24.21,5.01,0.85,117.91
5107297,São José do Povo,resto_mt,FALSE,2020,1822,380,72,84761,104312,5797,857,0,8476,11386.13,21.5,68.39,10.11,0,0.5242,0.6344,Pecuário,0.0052,85.39,19047.42,81.26,29.96,23.81,0.85,144.13
5107297,São José do Povo,resto_mt,FALSE,2021,2802,380,72,83939,104019,8700,636,0,12138,14423.57,23.08,71.68,5.24,0,0.5698,0.5736,Pecuário,0.0039,92.64,20462.94,80.7,37.95,26.68,0.85,209.04
5107297,São José do Povo,resto_mt,FALSE,2022,32420,3284,72,90722,110803,8408,617,212,41657,45593.46,77.83,20.18,1.48,0.51,0.6467,0.4711,Lavoura,0.0118,1142.26,31555.48,81.88,13.87,216.1,0.85,501.02
5107297,São José do Povo,resto_mt,FALSE,2023,25734,3284,72,94910,104130,17048,182,715.99,43679.99,45462,58.91,39.03,0.42,1.64,0.4997,0.6671,Lavoura,0.0139,1142.26,33012.17,91.15,13.85,-0.29,0.85,454.62
5107297,São José do Povo,resto_mt,FALSE,2024,4820,642,72,90483,100657,17192,64,436,22512,22511.99,21.41,76.37,0.28,1.94,0.6295,0.494,Pecuário,0.009,230.94,32547.84,89.89,35.05,-50.48,0.85,236.97
5107305,São José do Rio Claro,resto_mt,FALSE,2000,77114,98968,72,63260,73315,280,751,,78145,,98.68,0.36,0.96,0,0.9739,0.0348,Lavoura,1.0016,7768.29,4965.46,86.29,,,5.62,
5107305,São José do Rio Claro,resto_mt,FALSE,2001,99472,115032,72,78134,88550,375,1202,,101049,,98.44,0.37,1.19,0,0.9692,0.0411,Lavoura,1.1413,8839.1,6003.84,88.24,,,5.62,
5107305,São José do Rio Claro,resto_mt,FALSE,2002,172352,164022,72,80107,90803,331,1094,,173777,840380.06,99.18,0.19,0.63,0,0.9837,0.0217,Lavoura,1.3361,12405.23,6058.61,88.22,5.12,,5.62,
5107305,São José do Rio Claro,resto_mt,FALSE,2003,201840,134726,72,86125,97136,426,924,,203190,861260.28,99.34,0.21,0.45,0,0.9869,0.0175,Lavoura,0.977,10019.78,6405.25,88.66,6.39,2.48,5.62,
5107305,São José do Rio Claro,resto_mt,FALSE,2004,378718,172354,72,84421,101066,746,1050,,380514,1496845.4,99.53,0.2,0.28,0,0.9906,0.0125,Lavoura,1.2584,12385.31,6066.47,83.53,8.68,73.8,5.62,
5107305,São José do Rio Claro,resto_mt,FALSE,2005,324088,214634,72,87336,104535,702,2679,,327469,1199073.24,98.97,0.21,0.82,0,0.9796,0.0272,Lavoura,1.2112,15140.66,6160.84,83.55,5.57,-19.89,5.62,
5107305,São José do Rio Claro,resto_mt,FALSE,2006,217678,214298,72,85617,103878,800,2515,,220993,757857.25,98.5,0.36,1.14,0,0.9704,0.0395,Lavoura,1.3304,14846.75,5931.62,82.42,3.54,-36.8,5.62,2048.25
5107305,São José do Rio Claro,resto_mt,FALSE,2007,246700,202092,72,88332,103202,679,7840,,255219,822282.24,96.66,0.27,3.07,0,0.9353,0.0863,Lavoura,1.1222,11651.31,5092.65,85.59,4.07,8.5,5.62,2661.1
5107305,São José do Rio Claro,resto_mt,FALSE,2008,440642,244300,72,93607,122743,914,394,,441950,1308994.34,99.7,0.21,0.09,0,0.994,0.008,Lavoura,1.3132,13495.75,5171.09,76.26,5.35,59.19,5.62,2715.76
5107305,São José do Rio Claro,resto_mt,FALSE,2009,368814,228854,72,103076,132803,744,921,,370479,1022525.11,99.55,0.2,0.25,0,0.991,0.012,Lavoura,1.1036,12279.55,5530.72,77.62,4.48,-21.88,5.62,1469.13
5107305,São José do Rio Claro,resto_mt,FALSE,2010,423392,268690,72,116565,147539,870,2547,,426809,1086479.02,99.2,0.2,0.6,0,0.9841,0.0212,Lavoura,1.4836,15690.84,6807.11,79.01,4.05,6.25,5.62,1400.1
5107305,São José do Rio Claro,resto_mt,FALSE,2011,531150,278196,72,119561,137054,1071,1745,,533966,1254868.84,99.47,0.2,0.33,0,0.9894,0.0141,Lavoura,1.1983,15932.42,6847.32,87.24,4.51,15.5,5.62,1515.54
5107305,São José do Rio Claro,resto_mt,FALSE,2012,678966,303638,72,121405,135114,1223,859,,681048,1482748.2,99.69,0.18,0.13,0,0.9938,0.0083,Lavoura,1.2691,17071.74,6825.87,89.85,4.89,18.16,5.62,1667.89
5107305,São José do Rio Claro,resto_mt,FALSE,2013,673493,324296,72,122453,148331,1736,1227,397,676853,1370746.74,99.5,0.26,0.18,0.06,0.99,0.0133,Lavoura,1.1265,17683.41,6677.19,82.55,4.23,-7.55,5.62,1590.2
5107305,São José do Rio Claro,resto_mt,FALSE,2014,901499,346776,72,117125,142698,1656,3224,390,906769,1702756.55,99.42,0.18,0.36,0.04,0.9884,0.0155,Lavoura,1.2867,18543.18,6263.03,82.08,4.91,24.22,5.62,1904.66
5107305,São José do Rio Claro,resto_mt,FALSE,2015,766410,330628,72,122326,154580,1879,4420,397.99,773106.99,1349645.82,99.13,0.24,0.57,0.05,0.9827,0.0231,Lavoura,1.0102,17353.98,6420.64,79.13,4.07,-20.74,5.62,1465.42
5107305,São José do Rio Claro,resto_mt,FALSE,2016,943369,318954,72,125187,158323,3127,7081,285.99,953862.99,1540373.65,98.9,0.33,0.74,0.03,0.9782,0.0291,Lavoura,1.0579,16445.17,6454.6,79.07,4.84,14.13,5.62,2010.94
5107305,São José do Rio Claro,resto_mt,FALSE,2017,1025352,377824,72,126513,146039,3618,4955,0,1033925,1610535.39,99.17,0.35,0.48,0,0.9835,0.022,Lavoura,1.1559,19151.66,6412.86,86.63,4.25,4.55,5.62,1928.79
5107305,São José do Rio Claro,resto_mt,FALSE,2018,1133850,362526,72,133849,159568,2958,5591,0,1142399,1702979.9,99.25,0.26,0.49,0,0.9851,0.0199,Lavoura,1.109,17847.87,6589.65,83.88,4.71,5.74,5.62,1391.32
5107305,São José do Rio Claro,resto_mt,FALSE,2019,1398750,408082,72,127905,170465,4335,5099,0,1408184,2014105.98,99.33,0.31,0.36,0,0.9867,0.0177,Lavoura,1.1783,19748.45,6189.75,75.03,4.94,18.27,5.62,2002.1
5107305,São José do Rio Claro,resto_mt,FALSE,2020,2060012,452024,72,131350,159060,5070,5504,0,2070586,2781497.72,99.49,0.24,0.27,0,0.9898,0.0136,Lavoura,1.2805,21513.68,6251.49,82.58,6.16,38.1,5.62,2644
5107305,São José do Rio Claro,resto_mt,FALSE,2021,3417352,431212,72,136177,171047,4793,4790,0,3426935,4072219.64,99.72,0.14,0.14,0,0.9944,0.0075,Lavoura,1.1145,20196.34,6378.02,79.61,9.44,46.4,5.62,3161.67
5107305,São José do Rio Claro,resto_mt,FALSE,2022,4665046,501150,72,142306,179575,5725,3972,0,4674743,5116490.98,99.79,0.12,0.08,0,0.9958,0.0056,Lavoura,1.3197,33609.42,9543.69,79.25,10.21,25.64,5.62,3605.7
5107305,São José do Rio Claro,resto_mt,FALSE,2023,4038362,537038,72,156209,180314,10854,1070,304,4050590,4215841.07,99.7,0.27,0.03,0.01,0.994,0.008,Lavoura,1.2878,36016.23,10476.09,86.63,7.84,-17.6,5.62,3210.85
5107305,São José do Rio Claro,resto_mt,FALSE,2024,2778800,497172,72,141415,158084,10550,7011,829,2797190,2797189.99,99.34,0.38,0.25,0.03,0.9869,0.0175,Lavoura,1.1216,33908.88,9645,89.46,5.63,-33.65,5.62,2270.46
5107354,São José do Xingu,resto_mt,FALSE,2000,6022,9526,72,369232,400468,935,150,,7107,,84.73,13.16,2.11,0,0.7357,0.3524,Lavoura,0.0911,1602.62,62118.44,92.2,,,22.86,
5107354,São José do Xingu,resto_mt,FALSE,2001,3022,5020,72,364954,394637,908,144,,4074,,74.18,22.29,3.53,0,0.6012,0.5317,Lavoura,0.046,959.48,69754.2,92.48,,,22.86,
5107354,São José do Xingu,resto_mt,FALSE,2002,4200,4846,72,325943,355639,901,194,,5295,25606.46,79.32,17.02,3.66,0,0.6595,0.454,Lavoura,0.0407,881.09,59262.36,91.65,5.29,,22.86,
5107354,São José do Xingu,resto_mt,FALSE,2003,3540,4776,72,347494,377428,982,207,,4729,20044.78,74.86,20.77,4.38,0,0.6055,0.526,Lavoura,0.0227,826.87,60161.7,92.07,4.2,-21.72,22.86,
5107354,São José do Xingu,resto_mt,FALSE,2004,73186,42216,72,348287,378122,1571,243,,75000,295030.95,97.58,2.09,0.32,0,0.9526,0.0632,Lavoura,0.248,6641.91,54796.57,92.11,7,1371.86,22.86,
5107354,São José do Xingu,resto_mt,FALSE,2005,46718,35196,72,362992,393628,2067,202,,48987,179372.71,95.37,4.22,0.41,0,0.9113,0.1183,Lavoura,0.1812,5270.44,54356.39,92.22,5.09,-39.2,22.86,
5107354,São José do Xingu,resto_mt,FALSE,2006,21982,20392,72,357789,388971,2224,228,,24434,83792.16,89.96,9.1,0.93,0,0.8176,0.2432,Lavoura,0.1471,2914.39,51134.63,91.98,4.1,-53.29,22.86,185.37
5107354,São José do Xingu,resto_mt,FALSE,2007,26308,20190,72,333172,346589,2010,250,,28568,92042.36,92.09,7.04,0.88,0,0.8531,0.1959,Lavoura,0.1256,4809.43,79364.46,96.13,4.56,9.85,22.86,246.77
5107354,São José do Xingu,resto_mt,FALSE,2008,54518,30160,72,339386,353216,2045,364,,56927,168609.84,95.77,3.59,0.64,0,0.9185,0.1087,Lavoura,0.1691,7038.51,79203.27,96.08,5.6,83.19,22.86,277.77
5107354,São José do Xingu,resto_mt,FALSE,2009,82458,45160,72,364919,379601,2256,613,,85327,235503.23,96.64,2.64,0.72,0,0.9347,0.0871,Lavoura,0.2542,10706.5,86514.7,96.13,5.22,39.67,22.86,477.7
5107354,São José do Xingu,resto_mt,FALSE,2010,75784,44250,72,412823,427389,2277,1905,,79966,203560.33,94.77,2.85,2.38,0,0.8995,0.134,Lavoura,0.278,8444.66,78783.02,96.59,4.61,-13.56,22.86,362.85
5107354,São José do Xingu,resto_mt,FALSE,2011,94478,47250,72,414210,428765,2849,812,,98139,230635.62,96.27,2.9,0.83,0,0.9277,0.0964,Lavoura,0.2202,8972.65,78657.42,96.61,4.89,13.3,22.86,429.49
5107354,São José do Xingu,resto_mt,FALSE,2012,225436,127650,72,392286,406962,3437,273,,229146,498886.74,98.38,1.5,0.12,0,0.9681,0.0425,Lavoura,0.427,24125.87,74142.13,96.39,3.92,116.31,22.86,902.16
5107354,São José do Xingu,resto_mt,FALSE,2013,245408,119538,72,336435,339249,3354,1482,1106,251350,509028.1,97.64,1.33,0.59,0.44,0.9536,0.0619,Lavoura,0.4183,22414.78,63085.51,99.17,4.25,2.03,22.86,969.59
5107354,São José do Xingu,resto_mt,FALSE,2014,459770,193150,72,353095,360713,3667,42,1672,465151,873473.75,98.84,0.79,0.01,0.36,0.977,0.0307,Lavoura,0.66,36075.83,65949.76,97.89,4.53,71.6,22.86,1591.02
5107354,São José do Xingu,resto_mt,FALSE,2015,481418,188150,72,353580,375559,2956,46,1685.99,486105.99,848615.95,99.04,0.61,0.01,0.35,0.9809,0.0255,Lavoura,0.6352,35004.65,65782.33,94.15,4.51,-2.85,22.86,1281.91
5107354,São José do Xingu,resto_mt,FALSE,2016,752366,214860,72,354359,376708,3167,39,2322.01,757894.01,1223907.39,99.27,0.42,0.01,0.31,0.9855,0.0193,Lavoura,0.8405,39818.38,65670.68,94.07,5.7,44.22,22.86,1766.1
5107354,São José do Xingu,resto_mt,FALSE,2017,498108,210460,72,296058,318605,4052,30,2493,504683,786140.04,98.7,0.8,0.01,0.49,0.9743,0.0343,Lavoura,0.5642,38858.94,54663.59,92.92,3.74,-35.77,22.86,955.21
5107354,São José do Xingu,resto_mt,FALSE,2018,753508,234228,72,216752,240307,4265,37,2394,760204,1133239.9,99.12,0.56,0,0.31,0.9825,0.0233,Lavoura,0.738,42059.26,38921.17,90.2,4.84,44.15,22.86,1400.79
5107354,São José do Xingu,resto_mt,FALSE,2019,916086,276420,72,285905,310607,4298,38,2480.99,922902.99,1320015.3,99.26,0.47,0,0.27,0.9853,0.0196,Lavoura,0.7723,49404.83,51100.09,92.05,4.79,16.48,22.86,1549.32
5107354,São José do Xingu,resto_mt,FALSE,2020,1499222,354520,72,304529,346104,4602,293,2777.01,1506894.01,2024268.62,99.49,0.31,0.02,0.18,0.9898,0.0136,Lavoura,0.9319,63081.85,54186.65,87.99,5.7,53.35,22.86,2026.29
5107354,São José do Xingu,resto_mt,FALSE,2021,3243086,354520,72,259547,295674,3868,793,4519.99,3252266.99,3864662,99.72,0.12,0.02,0.14,0.9944,0.0075,Lavoura,1.0577,62791.36,45970.07,87.78,10.9,90.92,22.86,3500.59
5107354,São José do Xingu,resto_mt,FALSE,2022,3549294,354520,72,261506,278489,1989,1516,2753,3555552,3891540.08,99.82,0.06,0.04,0.08,0.9964,0.0048,Lavoura,1.0038,59443.33,43847.42,93.9,10.97,0.7,22.86,3059.39
5107354,São José do Xingu,resto_mt,FALSE,2023,2301004,384520,72,208605,218146,3432,997,3665,2309098,2403301.79,99.65,0.15,0.04,0.16,0.993,0.0093,Lavoura,0.7341,64473.51,34977.36,95.63,6.26,-38.24,22.86,1890.89
5107354,São José do Xingu,resto_mt,FALSE,2024,2364664,534320,72,173587,182628,3780,616,4388.01,2373448.01,2373448,99.63,0.16,0.03,0.18,0.9926,0.0099,Lavoura,0.9517,86627.76,28143.16,95.05,4.43,-1.24,22.86,1798.07
5107107,São José dos Quatro Marcos,resto_mt,FALSE,2000,7576,8186,72,154707,206888,2543,150,,10269,,73.78,24.76,1.46,0,0.6059,0.5255,Lavoura,0.1316,415.68,7855.94,74.78,,,3.08,
5107107,São José dos Quatro Marcos,resto_mt,FALSE,2001,8312,9450,72,146000,199934,2618,139,,11069,,75.09,23.65,1.26,0,0.6199,0.5068,Lavoura,0.125,488.9,7553.42,73.02,,,3.08,
5107107,São José dos Quatro Marcos,resto_mt,FALSE,2002,6044,8428,72,154787,211221,3036,146,,9226,44616.64,65.51,32.91,1.58,0,0.5377,0.6164,Lavoura,0.0709,438.84,8059.72,73.28,5.29,,3.08,
5107107,São José dos Quatro Marcos,resto_mt,FALSE,2003,9138,6674,72,178592,237118,3952,144,,13234,56094.89,69.05,29.86,1.09,0,0.5661,0.5785,Lavoura,0.0636,351.65,9409.98,75.32,8.4,25.73,3.08,
5107107,São José dos Quatro Marcos,resto_mt,FALSE,2004,7882,6274,72,187972,249139,5679,182,,13743,54061.48,57.35,41.32,1.32,0,0.4998,0.6669,Pecuário,0.0454,339.06,10158.45,75.45,8.6,-3.62,3.08,
5107107,São José dos Quatro Marcos,resto_mt,FALSE,2005,11398,6854,72,187855,249243,6137,277,,17812,65221.12,63.99,34.45,1.56,0,0.5284,0.6288,Lavoura,0.0659,375.75,10298.5,75.37,9.52,20.64,3.08,
5107107,São José dos Quatro Marcos,resto_mt,FALSE,2006,11674,7156,72,173621,229377,6279,236,,18189,62376.02,64.18,34.52,1.3,0,0.5312,0.6251,Lavoura,0.1095,398,9656.34,75.69,8.71,-4.36,3.08,366.92
5107107,São José dos Quatro Marcos,resto_mt,FALSE,2007,11774,5976,72,173406,264238,7487,285,,19546,62974.67,60.24,38.3,1.46,0,0.5098,0.6536,Lavoura,0.0859,314.51,9126.15,65.62,10.54,0.96,3.08,374.84
5107107,São José dos Quatro Marcos,resto_mt,FALSE,2008,9462,4288,72,164386,255311,9023,313,,18798,55677.06,50.34,48,1.67,0,0.4841,0.6879,Pecuário,0.0559,219.59,8418.4,64.39,12.98,-11.59,3.08,299.34
5107107,São José dos Quatro Marcos,resto_mt,FALSE,2009,6338,2416,72,173784,272774,10403,840,,17581,48523.71,36.05,59.17,4.78,0,0.4824,0.6901,Pecuário,0.0524,123.94,8915.2,63.71,20.08,-12.85,3.08,287.12
5107107,São José dos Quatro Marcos,resto_mt,FALSE,2010,5224,2052,72,185909,287939,11470,692,,17386,44257.56,30.05,65.97,3.98,0,0.5271,0.6305,Pecuário,0.0604,108.01,9785.71,64.57,21.56,-8.79,3.08,213.8
5107107,São José dos Quatro Marcos,resto_mt,FALSE,2011,6666,2220,72,189447,215756,12565,759,,19990,46978.33,33.35,62.86,3.8,0,0.5078,0.6563,Pecuário,0.0449,117.18,9999.84,87.81,21.15,6.15,3.08,289.99
5107107,São José dos Quatro Marcos,resto_mt,FALSE,2012,5902,1880,72,199034,217045,12519,799,,19220,41844.95,30.71,65.14,4.16,0,0.5204,0.6395,Pecuário,0.0358,99.5,10534.24,91.7,22.25,-10.93,3.08,227.42
5107107,São José dos Quatro Marcos,resto_mt,FALSE,2013,5706,2490,72,199532,213806,4183,901,252,11042,22362.01,51.68,37.88,8.16,2.28,0.4178,0.7763,Lavoura,0.0184,132.44,10612.84,93.32,8.99,-46.56,3.08,124.94
5107107,São José dos Quatro Marcos,resto_mt,FALSE,2014,8290,2440,72,213854,240805,4676,1772,1044,15782,29635.89,52.53,29.63,11.23,6.62,0.3807,0.8257,Lavoura,0.0224,130.41,11429.93,88.81,12.14,32.53,3.08,152.76
5107107,São José dos Quatro Marcos,resto_mt,FALSE,2015,10834,2034,72,219346,233262,4643,5504,1959,22940,40047.34,47.23,20.24,23.99,8.54,0.3289,0.8948,Diversificado,0.03,109.23,11778.86,94.03,19.68,35.13,3.08,188.02
5107107,São José dos Quatro Marcos,resto_mt,FALSE,2016,19450,5432,72,223405,250521,8564,2539,1552,32105,51845.7,60.58,26.67,7.91,4.83,0.4467,0.7377,Lavoura,0.0356,293.05,12052.49,89.18,9.55,29.46,3.08,227.4
5107107,São José dos Quatro Marcos,resto_mt,FALSE,2017,20044,6222,72,211086,239393,8958,9204,512,38718,60310.66,51.77,23.14,23.77,1.32,0.3782,0.8291,Lavoura,0.0433,337.2,11439.74,88.18,9.7,16.33,3.08,284.49
5107107,São José dos Quatro Marcos,resto_mt,FALSE,2018,30622,5290,72,214053,243287,8579,6668,632.01,46501.01,69319.29,65.85,18.45,14.34,1.36,0.4884,0.6821,Lavoura,0.0451,278.91,11285.55,87.98,13.11,14.94,3.08,326.98
5107107,São José dos Quatro Marcos,resto_mt,FALSE,2019,36744,5982,72,215913,247218,9246,13102,632.01,59724.01,85422.43,61.52,15.48,21.94,1.06,0.4507,0.7324,Lavoura,0.05,316.41,11420.34,87.34,14.28,23.23,3.08,474.57
5107107,São José dos Quatro Marcos,resto_mt,FALSE,2020,43382,6228,72,231318,262333,11080,1749,704,56915,76456.12,76.22,19.47,3.07,1.24,0.62,0.5067,Lavoura,0.0352,330.47,12274.12,88.18,12.27,-10.5,3.08,352.33
5107107,São José dos Quatro Marcos,resto_mt,FALSE,2021,60200,6566,72,228072,274841,17638,7120,764.01,85722.01,101863.28,70.23,20.58,8.31,0.89,0.5426,0.6099,Lavoura,0.0279,349.48,12139.24,82.98,15.5,33.23,3.08,575.51
5107107,São José dos Quatro Marcos,resto_mt,FALSE,2022,85500,8114,72,256485,283106,20952,3822,777,111051,121544.96,76.99,18.87,3.44,0.7,0.6296,0.4939,Lavoura,0.0314,454.59,14369.71,90.6,14.97,19.32,3.08,474.78
5107107,São José dos Quatro Marcos,resto_mt,FALSE,2023,32916,2054,72,257293,290878,42942,8350,2435,86643,90177.77,37.99,49.56,9.64,2.81,0.4,0.8,Pecuário,0.0275,115.08,14414.98,88.45,43.91,-25.81,3.08,377.31
5107107,São José dos Quatro Marcos,resto_mt,FALSE,2024,43608,1986,72,235718,263873,32936,8343,2018.01,86905.01,86905.01,50.18,37.9,9.6,2.32,0.4052,0.7931,Lavoura,0.0348,111.39,13220.3,89.33,43.76,-3.63,3.08,347.63
5107404,São Pedro da Cipa,resto_mt,FALSE,2000,7056,5102,72,15337,22075,531,36,,7623,,92.56,6.97,0.47,0,0.8616,0.1845,Lavoura,0.0977,1459.8,4388.27,69.48,,,-1.63,
5107404,São Pedro da Cipa,resto_mt,FALSE,2001,6068,4698,72,14297,21065,562,43,,6673,,90.93,8.42,0.64,0,0.834,0.2213,Lavoura,0.0754,1336.18,4066.27,67.87,,,-1.63,
5107404,São Pedro da Cipa,resto_mt,FALSE,2002,12590,5814,72,15951,22776,755,43,,13388,64743.95,94.04,5.64,0.32,0,0.8875,0.15,Lavoura,0.1029,1644.23,4511.03,70.03,11.12,,-1.63,
5107404,São Pedro da Cipa,resto_mt,FALSE,2003,11762,6168,72,19492,26679,915,64,,12741,54005.19,92.32,7.18,0.5,0,0.8575,0.19,Lavoura,0.0613,1734.53,5481.44,73.06,8.76,-16.59,-1.63,
5107404,São Pedro da Cipa,resto_mt,FALSE,2004,12254,6164,72,18310,25067,1138,55,,13447,52897.07,91.13,8.46,0.41,0,0.8376,0.2165,Lavoura,0.0445,1714.13,5091.77,73.04,8.58,-2.05,-1.63,
5107404,São Pedro da Cipa,resto_mt,FALSE,2005,9318,4878,72,17482,23934,1163,73,,10554,38644.95,88.29,11.02,0.69,0,0.7917,0.2777,Lavoura,0.039,1348.26,4831.95,73.04,7.92,-26.94,-1.63,
5107404,São Pedro da Cipa,resto_mt,FALSE,2006,16076,5222,72,14377,20021,795,85,,16956,58147.68,94.81,4.69,0.5,0,0.9011,0.1319,Lavoura,0.1021,1434.22,3948.64,71.81,11.12,50.47,-1.63,2643.08
5107404,São Pedro da Cipa,resto_mt,FALSE,2007,14506,5700,72,13125,22508,1190,84,,15780,50841.11,91.93,7.54,0.53,0,0.8508,0.1989,Lavoura,0.0694,1415.09,3258.44,58.31,8.91,-12.57,-1.63,2824.51
5107404,São Pedro da Cipa,resto_mt,FALSE,2008,9634,4954,72,13921,23488,1168,70,,10872,32201.36,88.61,10.74,0.64,0,0.7967,0.2711,Lavoura,0.0323,1186.59,3334.37,59.27,6.49,-36.66,-1.63,2300.09
5107404,São Pedro da Cipa,resto_mt,FALSE,2009,11654,4676,72,13050,22033,1097,78,,12829,35408.13,90.84,8.55,0.61,0,0.8325,0.2233,Lavoura,0.0382,1102.57,3077.1,59.23,7.56,9.96,-1.63,49.18
5107404,São Pedro da Cipa,resto_mt,FALSE,2010,7168,4370,72,14211,23004,1404,90,,8662,22049.87,82.75,16.21,1.04,0,0.7111,0.3852,Lavoura,0.0301,1050.99,3417.75,61.78,5.04,-37.73,-1.63,46.23
5107404,São Pedro da Cipa,resto_mt,FALSE,2011,3900,3384,72,15716,25381,1717,54,,5671,13327.36,68.77,30.28,0.95,0,0.5647,0.5804,Lavoura,0.0127,803.99,3733.9,61.92,3.95,-39.56,-1.63,1025.18
5107404,São Pedro da Cipa,resto_mt,FALSE,2012,8206,2916,72,13081,22066,2105,58,,10369,22574.94,79.14,20.3,0.56,0,0.6676,0.4432,Lavoura,0.0193,684.67,3071.38,59.28,7.74,69.39,-1.63,1505
5107404,São Pedro da Cipa,resto_mt,FALSE,2013,6140,2362,72,15942,18008,1971,53,0,8164,16533.53,75.21,24.14,0.65,0,0.624,0.5013,Lavoura,0.0136,544.11,3672.43,88.53,7,-26.76,-1.63,972.57
5107404,São Pedro da Cipa,resto_mt,FALSE,2014,3312,1328,72,15962,18410,2070,62,0,5444,10222.9,60.84,38.02,1.14,0,0.5148,0.6469,Lavoura,0.0077,302.3,3633.51,86.7,7.69,-38.17,-1.63,929.34
5107404,São Pedro da Cipa,resto_mt,FALSE,2015,4498,1640,72,15139,18387,2259,65,0,6822,11909.45,65.93,33.11,0.95,0,0.5444,0.6075,Lavoura,0.0089,369.04,3406.62,82.34,7.25,16.5,-1.63,567.11
5107404,São Pedro da Cipa,resto_mt,FALSE,2016,17266,6028,72,15442,18764,2574,107,0,19947,32212,86.56,12.9,0.54,0,0.7659,0.3121,Lavoura,0.0221,1341.64,3436.9,82.3,5.35,170.47,-1.63,894.77
5107404,São Pedro da Cipa,resto_mt,FALSE,2017,22556,9028,72,16638,20175,608,135,207,23506,36615.07,95.96,2.59,0.57,0.88,0.9216,0.1045,Lavoura,0.0263,1988.11,3663.95,82.47,4.05,13.67,-1.63,938.84
5107404,São Pedro da Cipa,resto_mt,FALSE,2018,25932,9028,72,12150,15900,545,149,232,26858,40037.36,96.55,2.03,0.55,0.86,0.9327,0.0897,Lavoura,0.0261,1931.54,2599.49,76.42,4.43,9.35,-1.63,1429.91
5107404,São Pedro da Cipa,resto_mt,FALSE,2019,29074,7228,72,9158,12913,675,,228,29977,42875.69,96.99,2.25,0,0.76,0.9413,0.0783,Lavoura,0.0251,1529.09,1937.38,70.92,5.93,7.09,-1.63,1020.86
5107404,São Pedro da Cipa,resto_mt,FALSE,2020,30138,6548,72,27867,34371,990,,248,31376,42148.59,96.05,3.16,0,0.79,0.9236,0.1019,Lavoura,0.0194,1372.46,5840.91,81.08,6.44,-1.7,-1.63,1053.72
5107404,São Pedro da Cipa,resto_mt,FALSE,2021,58284,7288,72,27998,32328,1396,73,0,59753,71004.36,97.54,2.34,0.12,0,0.952,0.064,Lavoura,0.0194,1511.09,5805.1,86.61,9.75,68.46,-1.63,1651.27
5107404,São Pedro da Cipa,resto_mt,FALSE,2022,81344,8688,72,29889,33658,1162,71,266,82843,90671.41,98.19,1.4,0.09,0.32,0.9643,0.0476,Lavoura,0.0234,2073.01,7131.71,88.8,10.44,27.7,-1.63,1850.44
5107404,São Pedro da Cipa,resto_mt,FALSE,2023,55930,8716,72,38612,40915,2428,81,776.01,59215.01,61630.8,94.45,4.1,0.14,1.31,0.8939,0.1415,Lavoura,0.0188,2079.69,9213.08,94.37,7.08,-32.03,-1.63,1283.97
5107404,São Pedro da Cipa,resto_mt,FALSE,2024,42084,8828,72,45500,47870,2560,68,386,45098,45098.01,93.32,5.68,0.15,0.86,0.8742,0.1677,Lavoura,0.0181,2078.64,10713.44,95.05,5.12,-26.83,-1.63,980.38
5107941,Tabaporã,resto_mt,FALSE,2000,9078,14708,72,103111,120938,334,3555,,12967,,70.01,2.58,27.42,0,0.566,0.5787,Lavoura,0.1662,1356.58,9510.33,85.26,,,16.54,
5107941,Tabaporã,resto_mt,FALSE,2001,18422,24372,72,118729,138105,537,5365,,24324,,75.74,2.21,22.06,0,0.6228,0.5029,Lavoura,0.2747,2053.07,10001.6,85.97,,,16.54,
5107941,Tabaporã,resto_mt,FALSE,2002,32862,38502,72,132873,152806,594,3134,,36590,176948.09,89.81,1.62,8.57,0,0.8142,0.2477,Lavoura,0.2813,3057.41,10551.34,86.96,4.61,,16.54,
5107941,Tabaporã,resto_mt,FALSE,2003,87606,61496,72,149752,169828,685,1505,,89796,380617.8,97.56,0.76,1.68,0,0.9521,0.0639,Lavoura,0.4318,4587.54,11171.35,88.18,6.19,115.1,16.54,
5107941,Tabaporã,resto_mt,FALSE,2004,228634,145696,72,168959,189334,919,1664,,231217,909548.93,98.88,0.4,0.72,0,0.9778,0.0296,Lavoura,0.7646,9641.72,11181.19,89.24,6.24,138.97,16.54,
5107941,Tabaporã,resto_mt,FALSE,2005,199338,234402,72,169103,189927,1124,1653,,202115,740072.13,98.63,0.56,0.82,0,0.9729,0.0361,Lavoura,0.7476,14599.94,10532.73,89.04,3.16,-18.63,16.54,
5107941,Tabaporã,resto_mt,FALSE,2006,180744,221092,72,179476,200597,1191,1266,,183201,628256.12,98.66,0.65,0.69,0,0.9735,0.0353,Lavoura,1.1029,13012.3,10563,89.47,2.85,-15.11,16.54,1675.35
5107941,Tabaporã,resto_mt,FALSE,2007,153862,153206,72,180852,198644,1091,1375,,156328,503668.37,98.42,0.7,0.88,0,0.9688,0.0416,Lavoura,0.6873,14613.32,17250.29,91.04,3.28,-19.83,16.54,1678.89
5107941,Tabaporã,resto_mt,FALSE,2008,436624,282288,72,192323,209669,1127,3513,,441264,1306962.5,98.95,0.26,0.8,0,0.9792,0.0277,Lavoura,1.3111,26195.99,17847.35,91.73,4.63,159.49,16.54,2552.66
5107941,Tabaporã,resto_mt,FALSE,2009,305306,216376,72,206864,225295,1206,18204,,324716,896218.84,94.02,0.37,5.61,0,0.8871,0.1505,Lavoura,0.9672,20109.29,19225.28,91.82,4.15,-31.43,16.54,1650.51
5107941,Tabaporã,resto_mt,FALSE,2010,219286,177346,72,213945,233702,1389,17729,,238404,606877.88,91.98,0.58,7.44,0,0.8516,0.1979,Lavoura,0.8287,17856.02,21540.98,91.55,3.41,-32.28,16.54,1049.95
5107941,Tabaporã,resto_mt,FALSE,2011,553190,277862,72,203328,223826,1424,43556,,598170,1405754.12,92.48,0.24,7.28,0,0.8606,0.1859,Lavoura,1.3424,28172.16,20615.23,90.84,5.07,131.64,16.54,1912.6
5107941,Tabaporã,resto_mt,FALSE,2012,849063,408995,72,176200,197424,1446,22312,,872821,1900268.06,97.28,0.17,2.56,0,0.947,0.0707,Lavoura,1.6265,41755.49,17988.77,89.25,4.66,35.18,16.54,2650.31
5107941,Tabaporã,resto_mt,FALSE,2013,919077,538783,72,174995,193308,1760,14464,0,935301,1894149.52,98.27,0.19,1.55,0,0.9659,0.0455,Lavoura,1.5567,55670.9,18081.73,90.53,3.51,-0.32,16.54,2505.49
5107941,Tabaporã,resto_mt,FALSE,2014,1023805,493215,72,171307,189732,1765,6818,644,1033032,1939856.79,99.11,0.17,0.66,0.06,0.9823,0.0236,Lavoura,1.4658,51473.07,17878,90.29,3.95,2.41,16.54,2440.07
5107941,Tabaporã,resto_mt,FALSE,2015,1048616,484893,72,161297,179589,1605,33202,612,1084035,1892446.09,96.73,0.15,3.06,0.06,0.9366,0.0845,Lavoura,1.4164,51100.54,16998.31,89.81,3.89,-2.44,16.54,2457.71
5107941,Tabaporã,resto_mt,FALSE,2016,1082247,439641,72,160327,194901,2021,13148,3138,1100554,1777261.93,98.34,0.18,1.19,0.29,0.9672,0.0437,Lavoura,1.2206,46780.27,17059.69,82.26,4.05,-6.09,16.54,2088.45
5107941,Tabaporã,resto_mt,FALSE,2017,1280560,545634,72,168791,206120,2437,11348,2714,1297059,2020416.79,98.73,0.19,0.87,0.21,0.9748,0.0336,Lavoura,1.4501,58613.6,18132.02,81.89,3.69,13.68,16.54,2237.44
5107941,Tabaporã,resto_mt,FALSE,2018,1351194,506105,72,163683,204002,2717,16467,2558,1372936,2046642.57,98.42,0.2,1.2,0.19,0.9688,0.0416,Lavoura,1.3328,52912.18,17112.7,80.24,4.05,1.3,16.54,2008.49
5107941,Tabaporã,resto_mt,FALSE,2019,1581380,514441,72,183902,223832,3044,13116,2630,1600170,2288700.89,98.83,0.19,0.82,0.16,0.9768,0.0309,Lavoura,1.339,54214.46,19380.55,82.16,4.45,11.83,16.54,2259.33
5107941,Tabaporã,resto_mt,FALSE,2020,2275158,539515,72,169374,211161,3278,14427,2763.99,2295626.99,3083803.93,99.11,0.14,0.63,0.12,0.9823,0.0236,Lavoura,1.4197,57218.69,17963.09,80.21,5.73,34.74,16.54,3362.92
5107941,Tabaporã,resto_mt,FALSE,2021,4835243,645763,72,133541,175912,3578,13417,2888,4855126,5769335.99,99.59,0.07,0.28,0.06,0.9918,0.0109,Lavoura,1.579,69013.89,14271.78,75.91,8.94,87.09,16.54,5845.33
5107941,Tabaporã,resto_mt,FALSE,2022,6517644,797049,72,130624,173378,3487,19921,2446,6543498,7161837.26,99.6,0.05,0.3,0.04,0.992,0.0107,Lavoura,1.8473,81182.42,13304.54,75.34,8.99,24.14,16.54,4761.85
5107941,Tabaporã,resto_mt,FALSE,2023,5365794,830227,72,120197,156392,8982,9624,2432,5386832,5606597.47,99.61,0.17,0.18,0.05,0.9922,0.0104,Lavoura,1.7126,84561.72,12242.51,76.86,6.75,-21.72,16.54,3580.21
5107941,Tabaporã,resto_mt,FALSE,2024,5049820,946143,72,118140,152897,9422,76171,1437,5136850,5136850,98.31,0.18,1.48,0.03,0.9667,0.0444,Lavoura,2.0598,95492.83,11923.7,77.27,5.42,-8.38,16.54,3301.32
5107958,Tangará da Serra,resto_mt,FALSE,2000,74584,111796,72,249779,386206,4145,472,,79201,,94.17,5.23,0.6,0,0.8896,0.1472,Lavoura,1.0152,1900,4245.05,64.68,,,5.28,
5107958,Tangará da Serra,resto_mt,FALSE,2001,106966,103186,72,205533,344394,4201,550,,111717,,95.75,3.76,0.49,0,0.9182,0.1091,Lavoura,1.2618,1693.68,3373.6,59.68,,,5.28,
5107958,Tangará da Serra,resto_mt,FALSE,2002,154150,119538,72,283980,497685,7551,601,,162302,784887.33,94.98,4.65,0.37,0,0.9043,0.1276,Lavoura,1.2479,1907.27,4530.99,57.06,6.57,,5.28,
5107958,Tangará da Serra,resto_mt,FALSE,2003,231696,137238,72,303683,590330,9817,471,,241984,1025696.2,95.75,4.06,0.19,0,0.9185,0.1087,Lavoura,1.1636,2129.21,4711.55,51.44,7.48,30.68,5.28,
5107958,Tangará da Serra,resto_mt,FALSE,2004,361788,168674,72,298238,528661,10056,756,,372600,1465713.72,97.1,2.7,0.2,0,0.9436,0.0752,Lavoura,1.2322,2473.55,4373.57,56.41,8.68,42.9,5.28,
5107958,Tangará da Serra,resto_mt,FALSE,2005,330084,248482,72,290822,629007,10582,660,,341326,1249812.54,96.71,3.1,0.19,0,0.9362,0.0851,Lavoura,1.2625,3536.66,4139.28,46.24,5.04,-14.73,5.28,
5107958,Tangará da Serra,resto_mt,FALSE,2006,246114,189296,72,275406,547794,10567,885,,257566,883278.05,95.55,4.1,0.34,0,0.9147,0.1137,Lavoura,1.5505,2617.8,3808.63,50.28,4.66,-29.33,5.28,684.18
5107958,Tangará da Serra,resto_mt,FALSE,2007,320846,197832,72,264609,672503,12515,748,,334109,1076455.52,96.03,3.75,0.22,0,0.9236,0.1019,Lavoura,1.469,2580.74,3451.86,39.35,5.45,21.87,5.28,767.27
5107958,Tangará da Serra,resto_mt,FALSE,2008,427184,197548,72,250060,558493,13160,1059,,441403,1307374.2,96.78,2.98,0.24,0,0.9375,0.0833,Lavoura,1.3115,2473.37,3130.84,44.77,6.62,21.45,5.28,1032.69
5107958,Tangará da Serra,resto_mt,FALSE,2009,348048,160396,72,239250,612138,14666,1226,,363940,1004477.42,95.63,4.03,0.34,0,0.9161,0.1119,Lavoura,1.0841,1957,2919.11,39.08,6.26,-23.17,5.28,766.2
5107958,Tangará da Serra,resto_mt,FALSE,2010,334664,183834,72,245874,753604,14980,1200,,350844,893103.57,95.39,4.27,0.34,0,0.9118,0.1176,Lavoura,1.2196,2203.43,2947.03,32.63,4.86,-11.09,5.28,575.07
5107958,Tangará da Serra,resto_mt,FALSE,2011,566964,210998,72,239773,667941,15323,,,582287,1368427.61,97.37,2.63,0,0,0.9488,0.0683,Lavoura,1.3068,2473.05,2810.31,35.9,6.49,53.22,5.28,882.27
5107958,Tangará da Serra,resto_mt,FALSE,2012,654236,219878,72,229668,498461,29052,1015,,684303,1489834.83,95.61,4.25,0.15,0,0.9159,0.1121,Lavoura,1.2752,2523.13,2635.47,46.08,6.77,8.87,5.28,950.75
5107958,Tangará da Serra,resto_mt,FALSE,2013,831942,265197,72,266508,627906,24991,3960,761.01,861654.01,1745001.39,96.55,2.9,0.46,0.09,0.9331,0.0892,Lavoura,1.4341,2938.41,2952.93,42.44,6.57,17.13,5.28,1053.11
5107958,Tangará da Serra,resto_mt,FALSE,2014,833516,280177,72,275769,745790,26004,2705,1058.01,863283.01,1621097.31,96.55,3.01,0.31,0.12,0.9331,0.0892,Lavoura,1.225,3035.57,2987.81,36.98,5.78,-7.1,5.28,872.5
5107958,Tangará da Serra,resto_mt,FALSE,2015,953775,295847,72,288427,621021,31985,2926,2280,990966,1729971.57,96.25,3.23,0.3,0.23,0.9275,0.0967,Lavoura,1.2948,3137.66,3058.97,46.44,5.85,6.72,5.28,850.1
5107958,Tangará da Serra,resto_mt,FALSE,2016,1058059,307561,72,297786,709083,28450,3024,2572,1092105,1763617.82,96.88,2.61,0.28,0.24,0.9393,0.0809,Lavoura,1.2112,3172.96,3072.11,42,5.73,1.94,5.28,907.68
5107958,Tangará da Serra,resto_mt,FALSE,2017,1039892,383993,72,296487,715138,29045,3465,2160,1074562,1673835.28,96.77,2.7,0.32,0.2,0.9372,0.0837,Lavoura,1.2013,3885.47,3000.03,41.46,4.35,-5.09,5.28,836.91
5107958,Tangará da Serra,resto_mt,FALSE,2018,1161880,353381,72,323015,738908,38487,3274,2404.01,1206045.01,1797857.33,96.34,3.19,0.27,0.2,0.9292,0.0944,Lavoura,1.1708,3472.55,3174.16,43.72,5.09,7.41,5.28,809.11
5107958,Tangará da Serra,resto_mt,FALSE,2019,1315205,351886,72,341981,720036,50922,4943,2977,1374047,1965280.32,95.72,3.71,0.36,0.22,0.9176,0.1099,Lavoura,1.1498,3391.67,3296.2,47.49,5.57,9.31,5.28,943.5
5107958,Tangará da Serra,resto_mt,FALSE,2020,1742996,364259,72,365691,757960,41118,17683,3035.99,1804832.99,2424501.49,96.57,2.28,0.98,0.17,0.9332,0.0891,Lavoura,1.1161,3445.8,3459.35,48.25,6.64,23.37,5.28,1021.7
5107958,Tangará da Serra,resto_mt,FALSE,2021,5618502,608733,72,335387,731858,49613,43795,3533,5715443,6791648.85,98.3,0.87,0.77,0.06,0.9664,0.0448,Lavoura,1.8588,5655.74,3116.08,45.83,11.15,180.13,5.28,2706.93
5107958,Tangará da Serra,resto_mt,FALSE,2022,3778909,428038,72,354712,697000,50632,39731,4068,3873340,4239358.01,97.56,1.31,1.03,0.11,0.9521,0.0639,Lavoura,1.0935,4021.63,3332.69,50.89,9.9,-37.58,5.28,1558.03
5107958,Tangará da Serra,resto_mt,FALSE,2023,3141680,416451,72,372048,770974,92008,16165,4414,3254267,3387030.65,96.54,2.83,0.5,0.14,0.9328,0.0896,Lavoura,1.0346,3912.76,3495.57,48.26,8.12,-20.11,5.28,1208.36
5107958,Tangará da Serra,resto_mt,FALSE,2024,2307566,403138,72,359004,754983,96648,24514,4491.01,2433219.01,2433219,94.84,3.97,1.01,0.18,0.9011,0.1319,Lavoura,0.9757,3581.95,3189.81,47.55,6.03,-28.16,5.28,842.82
5108006,Tapurah,resto_mt,FALSE,2000,187918,327798,72,92215,126195,532,1979,,190429,,98.68,0.28,1.04,0,0.9739,0.0348,Lavoura,2.4409,28353.78,7976.39,73.07,,,2.5,
5108006,Tapurah,resto_mt,FALSE,2001,268540,425138,72,106000,145879,716,3278,,272534,,98.53,0.26,1.2,0,0.971,0.0387,Lavoura,3.0781,35386.88,8823.04,72.66,,,2.5,
5108006,Tapurah,resto_mt,FALSE,2002,509680,600070,72,125197,166203,732,2596,,513008,2480890.42,99.35,0.14,0.51,0,0.9871,0.0172,Lavoura,3.9444,48186.78,10053.56,75.33,4.12,,2.5,
5108006,Tapurah,resto_mt,FALSE,2003,877886,714322,72,127397,171788,992,3227,,882105,3738973.42,99.52,0.11,0.37,0,0.9904,0.0128,Lavoura,4.2415,55515.82,9901.06,74.16,5.24,50.71,2.5,
5108006,Tapurah,resto_mt,FALSE,2004,1243102,689898,72,99179,145064,1021,4636,,1248759,4912300.65,99.55,0.08,0.37,0,0.991,0.012,Lavoura,4.1297,95342.45,13706.33,68.37,7.13,31.38,2.5,
5108006,Tapurah,resto_mt,FALSE,2005,435086,359936,72,49199,85365,591,295,,435972,1596372.03,99.8,0.14,0.07,0,0.996,0.0053,Lavoura,1.6125,48061.96,6569.5,57.63,4.43,-67.5,2.5,
5108006,Tapurah,resto_mt,FALSE,2006,237856,268974,72,77478,116981,650,2545,,241051,826642.7,98.67,0.27,1.06,0,0.9737,0.0351,Lavoura,1.4511,34746.67,10008.78,66.23,3.08,-48.22,2.5,898.52
5108006,Tapurah,resto_mt,FALSE,2007,377206,328458,72,60736,92533,338,9654,,387198,1247501.33,97.42,0.09,2.49,0,0.9497,0.0671,Lavoura,1.7024,31347.39,5796.53,65.64,3.79,50.91,2.5,1040.46
5108006,Tapurah,resto_mt,FALSE,2008,629232,372936,72,65707,124427,357,6024,,635613,1882597.16,99,0.06,0.95,0,0.9802,0.0264,Lavoura,1.8886,33841.74,5962.52,52.81,5.04,50.91,2.5,1709.9
5108006,Tapurah,resto_mt,FALSE,2009,525974,317676,72,59000,332238,343,4209,,530526,1464256.15,99.14,0.06,0.79,0,0.9829,0.0228,Lavoura,1.5803,27583.22,5122.86,17.76,4.61,-22.22,2.5,1096.82
5108006,Tapurah,resto_mt,FALSE,2010,488778,358116,72,61005,436053,407,4807,,493992,1257499.12,98.94,0.08,0.97,0,0.979,0.028,Lavoura,1.7172,34460.74,5870.38,13.99,3.51,-14.12,2.5,880.59
5108006,Tapurah,resto_mt,FALSE,2011,870008,424380,72,59254,367351,443,6457,,876908,2060813.87,99.21,0.05,0.74,0,0.9843,0.0209,Lavoura,1.968,39576.61,5525.88,16.13,4.86,63.88,2.5,1323.58
5108006,Tapurah,resto_mt,FALSE,2012,919556,434464,72,60033,373709,658,8008,,928222,2020884.72,99.07,0.07,0.86,0,0.9816,0.0245,Lavoura,1.7297,39346.5,5436.79,16.06,4.66,-1.94,2.5,1275.82
5108006,Tapurah,resto_mt,FALSE,2013,1001726,494040,72,52507,499309,2386,3892,3394,1011398,2048259.37,99.04,0.24,0.38,0.34,0.9809,0.0255,Lavoura,1.6833,42641.12,4531.94,10.52,4.15,1.35,2.5,1202.74
5108006,Tapurah,resto_mt,FALSE,2014,1174432,484040,72,52564,455723,2553,4090,2888,1183963,2223279.3,99.19,0.22,0.35,0.24,0.9839,0.0215,Lavoura,1.68,40505.44,4398.66,11.53,4.58,8.54,2.5,1237.92
5108006,Tapurah,resto_mt,FALSE,2015,1264018,487680,72,46359,541389,2076,4232,1892.01,1272218.01,2220965.19,99.36,0.16,0.33,0.15,0.9873,0.0169,Lavoura,1.6623000000000001,39632.67,3767.49,8.56,4.56,-0.1,2.5,1280.1
5108006,Tapurah,resto_mt,FALSE,2016,1450668,502210,72,29862,504727,1645,782,1844.01,1454939.01,2349550.96,99.71,0.11,0.05,0.13,0.9942,0.0077,Lavoura,1.6136,39756.97,2364,5.92,4.68,5.79,2.5,1439.68
5108006,Tapurah,resto_mt,FALSE,2017,1656344,625498,72,33984,461323,1540,152,1478,1659514,2585009.59,99.81,0.09,0.01,0.09,0.9962,0.0051,Lavoura,1.8553,48237.68,2620.81,7.37,4.12,10.02,2.5,1497.7
5108006,Tapurah,resto_mt,FALSE,2018,2081086,610434,72,32890,501263,1630,1956,1856,2086528,3110397.72,99.74,0.08,0.09,0.09,0.9948,0.0069,Lavoura,2.0255,45694.59,2462.01,6.56,5.09,20.32,2.5,1697.8
5108006,Tapurah,resto_mt,FALSE,2019,2131824,626060,72,42647,463060,1805,1410,1000,2136039,3055146.87,99.8,0.08,0.07,0.05,0.996,0.0053,Lavoura,1.7874,45681.14,3111.78,9.21,4.89,-1.78,2.5,1696.35
5108006,Tapurah,resto_mt,FALSE,2020,3099236,640010,72,50401,432160,2469,480,3826,3106011,4172423.91,99.78,0.08,0.02,0.12,0.9956,0.0059,Lavoura,1.9208,45565.29,3588.28,11.66,6.52,36.57,2.5,2214.66
5108006,Tapurah,resto_mt,FALSE,2021,5171866,644400,72,56447,531487,3994,1210,4550,5181620,6157308.12,99.81,0.08,0.02,0.09,0.9962,0.0051,Lavoura,1.6852,44812.24,3925.38,10.62,9.55,47.57,2.5,3133.49
5108006,Tapurah,resto_mt,FALSE,2022,6834460,758440,72,64144,638374,5180,4820,3680,6848140,7495266.92,99.8,0.08,0.07,0.05,0.996,0.0053,Lavoura,1.9333,52779.4,4463.74,10.05,9.88,21.73,2.5,3186.77
5108006,Tapurah,resto_mt,FALSE,2023,6072426,827530,72,84835,567878,20574,3250,1070,6097320,6346071.11,99.59,0.34,0.05,0.02,0.9918,0.0109,Lavoura,1.9385,57587.33,5903.62,14.94,7.66,-15.33,2.5,2600.85
5108006,Tapurah,resto_mt,FALSE,2024,4236114,805194,72,81769,558438,22858,6771,3409,4269152,4269152.01,99.23,0.54,0.16,0.08,0.9847,0.0204,Lavoura,1.7118,52723.55,5354.18,14.64,5.29,-32.73,2.5,1729.8
5108055,Terra Nova do Norte,resto_mt,FALSE,2000,12016,18690,72,193700,310113,3393,979,,16388,,73.32,20.7,5.97,0,0.584,0.5547,Lavoura,0.2101,1299.36,13466.35,62.46,,,10.78,
5108055,Terra Nova do Norte,resto_mt,FALSE,2001,10886,12080,72,201000,319768,3741,600,,15227,,71.49,24.57,3.94,0,0.573,0.5693,Lavoura,0.172,907.32,15096.89,62.86,,,10.78,
5108055,Terra Nova do Norte,resto_mt,FALSE,2002,10132,11726,72,213596,334725,4765,551,,15448,74706.05,65.59,30.85,3.57,0,0.5267,0.6311,Lavoura,0.1188,896.89,16337.46,63.81,6.36,,10.78,
5108055,Terra Nova do Norte,resto_mt,FALSE,2003,15124,13390,72,245272,368537,5639,726,,21489,91085.29,70.38,26.24,3.38,0,0.5653,0.5796,Lavoura,0.1033,1047.24,19182.86,66.55,6.8,21.92,10.78,
5108055,Terra Nova do Norte,resto_mt,FALSE,2004,22382,17370,72,287288,412608,8915,503,,31800,125093.13,70.38,28.03,1.58,0,0.5742,0.5677,Lavoura,0.1052,1425.99,23584.93,69.63,7.2,37.34,10.78,
5108055,Terra Nova do Norte,resto_mt,FALSE,2005,17698,20396,72,291127,417937,11405,608,,29711,108790.96,59.57,38.39,2.05,0,0.5027,0.6631,Lavoura,0.1099,1721.76,24575.98,69.66,5.35,-13.03,10.78,
5108055,Terra Nova do Norte,resto_mt,FALSE,2006,11112,11178,72,257627,386258,7203,384,,18699,64124.99,59.43,38.52,2.05,0,0.502,0.664,Lavoura,0.1126,970.82,22375.11,66.7,5.73,-41.06,10.78,538.88
5108055,Terra Nova do Norte,resto_mt,FALSE,2007,19418,7490,72,244779,306632,7552,448,,27418,88337.21,70.82,27.54,1.63,0,0.5777,0.5631,Lavoura,0.1206,513.58,16784.08,79.83,11.79,37.76,10.78,690.13
5108055,Terra Nova do Norte,resto_mt,FALSE,2008,33040,7722,72,246404,307414,7918,812,,41770,123716.93,79.1,18.96,1.94,0,0.662,0.4507,Lavoura,0.1241,512.65,16358.23,80.15,16.01,40.05,10.78,1135.03
5108055,Terra Nova do Norte,resto_mt,FALSE,2009,15426,7122,72,262549,321215,8391,1804,,25621,70714.16,60.21,32.75,7.04,0,0.4747,0.7004,Lavoura,0.0763,468.86,17284.33,81.74,9.93,-42.84,10.78,631.38
5108055,Terra Nova do Norte,resto_mt,FALSE,2010,25154,8130,72,285699,346905,12104,934,,38192,97221.02,65.86,31.69,2.45,0,0.5348,0.6203,Lavoura,0.1328,720.04,25303.25,82.36,11.96,37.48,10.78,860.36
5108055,Terra Nova do Norte,resto_mt,FALSE,2011,35776,9386,72,284661,344631,13736,1281,,50793,119368.18,70.43,27.04,2.52,0,0.5698,0.5736,Lavoura,0.114,845.05,25628.97,82.6,12.73,22.78,10.78,954.95
5108055,Terra Nova do Norte,resto_mt,FALSE,2012,65983,14476,72,265438,320820,18583,773,,85339,185796.37,77.32,21.78,0.91,0,0.6454,0.4728,Lavoura,0.159,1324.55,24287.49,82.74,12.83,55.65,10.78,1308.43
5108055,Terra Nova do Norte,resto_mt,FALSE,2013,72720,26978,72,268099,316483,23830,456,14232,111238,225276.57,65.37,21.42,0.41,12.79,0.4896,0.6805,Lavoura,0.1851,2540.06,25242.35,84.71,8.35,21.25,10.78,1511.93
5108055,Terra Nova do Norte,resto_mt,FALSE,2014,95565,38938,72,259635,300802,31243,539,2156,129503,243184.41,73.79,24.13,0.42,1.66,0.603,0.5293,Lavoura,0.1838,3747.28,24986.53,86.31,6.24,7.95,10.78,1397.6
5108055,Terra Nova do Norte,resto_mt,FALSE,2015,112592,44038,72,268272,315471,31762,475,2148,146977,256584.02,76.61,21.61,0.32,1.46,0.6338,0.4883,Lavoura,0.192,4331.46,26386.54,85.04,5.83,5.51,10.78,1379.48
5108055,Terra Nova do Norte,resto_mt,FALSE,2016,143728,48610,72,272305,321774,26603,349,1402,172082,277891.67,83.52,15.46,0.2,0.81,0.7215,0.3713,Lavoura,0.1908,4952.12,27740.93,84.63,5.73,8.3,10.78,1348.98
5108055,Terra Nova do Norte,resto_mt,FALSE,2017,138002,47454,72,269540,322614,29513,369,1156,169040,263312.06,81.64,17.46,0.22,0.68,0.697,0.404,Lavoura,0.189,4940.04,28059.55,83.55,5.55,-5.25,10.78,1236.21
5108055,Terra Nova do Norte,resto_mt,FALSE,2018,118268,44408,72,260642,296866,28222,456,1402,148348,221143.1,79.72,19.02,0.31,0.95,0.6718,0.4376,Lavoura,0.144,4502.94,26428.92,87.8,4.99,-16.01,10.78,1019.1
5108055,Terra Nova do Norte,resto_mt,FALSE,2019,200064,61470,72,270567,308395,24479,426,1498,226467,323912.61,88.34,10.81,0.19,0.66,0.7921,0.2772,Lavoura,0.1895,6358.75,27988.72,87.73,5.27,46.47,10.78,1513.61
5108055,Terra Nova do Norte,resto_mt,FALSE,2020,275772,66408,72,275729,319660,33607,1005,1298.01,311682.01,418694.42,88.48,10.78,0.32,0.42,0.7945,0.274,Lavoura,0.1928,7010.24,29106.83,86.26,6.31,29.26,10.78,1886
5108055,Terra Nova do Norte,resto_mt,FALSE,2021,846880,111628,72,283875,323517,31162,469,1526,880037,1045746.1,96.23,3.54,0.05,0.17,0.9273,0.0969,Lavoura,0.2862,12023.7,30576.8,87.75,9.37,149.76,10.78,3902.03
5108055,Terra Nova do Norte,resto_mt,FALSE,2022,868906,103788,72,304954,340312,33033,415,1276,903630,989020.08,96.16,3.66,0.05,0.14,0.926,0.0987,Lavoura,0.2551,9776.56,28725.89,89.61,9.52,-5.42,10.78,2825.78
5108055,Terra Nova do Norte,resto_mt,FALSE,2023,716236,107660,72,301580,336615,64368,146,1388,782138,814046.71,91.57,8.23,0.02,0.18,0.8453,0.2063,Lavoura,0.2487,10141.3,28408.06,89.59,7.56,-17.69,10.78,2119.91
5108055,Terra Nova do Norte,resto_mt,FALSE,2024,644002,123788,72,277864,303560,63004,320,3049,710375,710375,90.66,8.87,0.05,0.43,0.8298,0.2269,Lavoura,0.2848,11633.12,26112.58,91.54,5.73,-12.74,10.78,1978.76
5108105,Tesouro,resto_mt,FALSE,2000,20020,27960,72,64096,74089,520,30,,20570,,97.33,2.53,0.15,0,0.948,0.0693,Lavoura,0.2637,8932.91,20477.96,86.51,,,6.23,
5108105,Tesouro,resto_mt,FALSE,2001,19092,29086,72,63006,73493,543,53,,19688,,96.97,2.76,0.27,0,0.9411,0.0785,Lavoura,0.2224,9833,21300.2,85.73,,,6.23,
5108105,Tesouro,resto_mt,FALSE,2002,30948,33928,72,78056,88788,606,63,,31617,152898.82,97.88,1.92,0.2,0,0.9584,0.0555,Lavoura,0.2431,11980.23,27562.15,87.91,4.51,,6.23,
5108105,Tesouro,resto_mt,FALSE,2003,59472,34020,72,84400,95499,631,60,,60163,255012.55,98.85,1.05,0.1,0,0.9772,0.0304,Lavoura,0.2893,12632.75,31340.51,88.38,7.48,66.79,6.23,
5108105,Tesouro,resto_mt,FALSE,2004,146424,68956,72,82588,93761,930,63,,147417,579901.01,99.33,0.63,0.04,0,0.9867,0.0177,Lavoura,0.4875,28707.74,34383.01,88.08,8.4,127.4,6.23,
5108105,Tesouro,resto_mt,FALSE,2005,84962,74404,72,83122,94458,1121,150,,86233,315754.11,98.53,1.3,0.17,0,0.971,0.0387,Lavoura,0.3189,33186.44,37074.93,88,4.25,-45.55,6.23,
5108105,Tesouro,resto_mt,FALSE,2006,52058,70744,72,80978,92551,770,181,,53009,181785.18,98.21,1.45,0.34,0,0.9647,0.0471,Lavoura,0.3191,33978.87,38894.33,87.5,2.57,-42.43,6.23,1782.22
5108105,Tesouro,resto_mt,FALSE,2007,76376,64114,72,78378,91262,878,150,,77404,249385.56,98.67,1.13,0.19,0,0.9737,0.0351,Lavoura,0.3403,20622.06,25210.04,85.88,3.89,37.19,6.23,2131.5
5108105,Tesouro,resto_mt,FALSE,2008,131760,79154,72,73019,86066,1419,308,,133487,395369.9,98.71,1.06,0.23,0,0.9745,0.034,Lavoura,0.3966,24735.62,22818.44,84.84,4.99,58.54,6.23,3240.73
5108105,Tesouro,resto_mt,FALSE,2009,127582,77556,72,76094,89054,1388,413,,129383,357098.16,98.61,1.07,0.32,0,0.9725,0.0367,Lavoura,0.3854,24198.44,23742.28,85.45,4.61,-9.68,6.23,2289.09
5108105,Tesouro,resto_mt,FALSE,2010,123692,77086,72,85696,97953,1375,366,,125433,319300.49,98.61,1.1,0.29,0,0.9725,0.0367,Lavoura,0.436,22552.95,25071.97,87.49,4.15,-10.58,6.23,2202.08
5108105,Tesouro,resto_mt,FALSE,2011,150402,71892,72,87633,100087,1431,410,,152243,357784.94,98.79,0.94,0.27,0,0.976,0.032,Lavoura,0.3417,20923.17,25504.37,87.56,4.99,12.05,6.23,1542.17
5108105,Tesouro,resto_mt,FALSE,2012,172254,78892,72,83545,95191,1515,237,,174006,378838.33,98.99,0.87,0.14,0,0.98,0.0267,Lavoura,0.3243,22840.76,24187.9,87.77,4.81,5.88,6.23,2228.46
5108105,Tesouro,resto_mt,FALSE,2013,174892,77492,72,88122,98677,1392,391,1411,178086,360655.57,98.21,0.78,0.22,0.79,0.9646,0.0472,Lavoura,0.2964,22255.03,25307.87,89.3,4.66,-4.8,6.23,1425.53
5108105,Tesouro,resto_mt,FALSE,2014,223470,83292,72,86264,96819,1466,403,1412,226751,425799.46,98.55,0.65,0.18,0.62,0.9713,0.0383,Lavoura,0.3218,23811.32,24660.95,89.1,5.12,18.06,6.23,2241.06
5108105,Tesouro,resto_mt,FALSE,2015,199284,77020,72,99465,109341,1626,1638,1913,204461,356936.29,97.47,0.8,0.8,0.94,0.9503,0.0663,Lavoura,0.2672,21924.28,28313.41,90.97,4.63,-16.17,6.23,1230.82
5108105,Tesouro,resto_mt,FALSE,2016,279152,78680,72,100957,111046,1854,2017,444,283467,457765.02,98.48,0.65,0.71,0.16,0.9699,0.0401,Lavoura,0.3144,21462.08,27538.73,90.91,5.83,28.25,6.23,1600.59
5108105,Tesouro,resto_mt,FALSE,2017,227360,84256,72,95944,106081,1992,2169,563,232084,361515.09,97.96,0.86,0.93,0.24,0.9598,0.0536,Lavoura,0.2595,22883.22,26057.58,90.44,4.3,-21.03,6.23,1205.05
5108105,Tesouro,resto_mt,FALSE,2018,209660,68836,72,95461,106228,1819,,579,212058,316115.91,98.87,0.86,0,0.27,0.9776,0.0299,Lavoura,0.2059,18181.72,25214.21,89.86,4.58,-12.56,6.23,978.68
5108105,Tesouro,resto_mt,FALSE,2019,340628,82828,72,99034,110628,1596,,512,342736,490210.52,99.38,0.47,0,0.15,0.9877,0.0164,Lavoura,0.2868,21768.2,26027.33,89.52,5.91,55.07,6.23,1392.64
5108105,Tesouro,resto_mt,FALSE,2020,355104,82828,72,109460,121968,2048,,694,357846,480708.28,99.23,0.57,0,0.19,0.9847,0.0204,Lavoura,0.2213,21660.04,28624.48,89.74,5.8,-1.94,6.23,1393.35
5108105,Tesouro,resto_mt,FALSE,2021,677434,80828,72,118201,128817,2427,74,354,680289,808385.99,99.58,0.36,0.01,0.05,0.9916,0.0112,Lavoura,0.2212,21491.09,31428.08,91.76,10,68.17,6.23,2296.55
5108105,Tesouro,resto_mt,FALSE,2022,735310,83004,72,125384,135155,2059,73,376,737818,807539.4,99.66,0.28,0.01,0.05,0.9932,0.0091,Lavoura,0.2083,27439.34,41449.26,92.77,9.72,-0.1,6.23,1767.04
5108105,Tesouro,resto_mt,FALSE,2023,699000,108854,72,142009,152233,4934,107,803,704844,733599.37,99.17,0.7,0.02,0.11,0.9835,0.022,Lavoura,0.2241,35984.79,46945.12,93.28,6.75,-9.16,6.23,1581.04
5108105,Tesouro,resto_mt,FALSE,2024,571180,105514,72,144046,154183,5116,53,1348,577697,577696.99,98.87,0.89,0.01,0.23,0.9776,0.0299,Lavoura,0.2316,35443.06,48386.29,93.43,5.47,-21.25,6.23,1247.72
5108204,Torixoréu,resto_mt,FALSE,2000,10442,14240,72,106250,124002,950,56,,11448,,91.21,8.3,0.49,0,0.8388,0.2149,Lavoura,0.1467,2947.02,21988.82,85.68,,,8.1,
5108204,Torixoréu,resto_mt,FALSE,2001,8626,14018,72,117623,135524,1034,59,,9719,,88.75,10.64,0.61,0,0.799,0.268,Lavoura,0.1098,2927.12,24561.08,86.79,,,8.1,
5108204,Torixoréu,resto_mt,FALSE,2002,14548,14760,72,123547,140013,1074,59,,15681,75832.83,92.77,6.85,0.38,0,0.8653,0.1796,Lavoura,0.1206,3174.88,26574.96,88.24,5.14,,8.1,
5108204,Torixoréu,resto_mt,FALSE,2003,22048,15264,72,129229,145872,1241,38,,23327,98876.03,94.52,5.32,0.16,0,0.8962,0.1384,Lavoura,0.1122,3343.7,28308.65,88.59,6.47,30.39,8.1,
5108204,Torixoréu,resto_mt,FALSE,2004,39522,19384,72,137648,152009,1552,45,,41119,161751.7,96.12,3.77,0.11,0,0.9253,0.0996,Lavoura,0.136,4418.51,31376.34,90.55,8.35,63.59,8.1,
5108204,Torixoréu,resto_mt,FALSE,2005,21646,19178,72,130328,144377,1665,45,,23356,85521.23,92.68,7.13,0.19,0,0.864,0.1813,Lavoura,0.0864,4472.48,30393.66,90.27,4.45,-47.13,8.1,
5108204,Torixoréu,resto_mt,FALSE,2006,21246,20082,72,126524,140178,1289,75,,22610,77537.07,93.97,5.7,0.33,0,0.8863,0.1516,Lavoura,0.1361,4792.84,30196.66,90.26,3.87,-9.34,8.1,481.6
5108204,Torixoréu,resto_mt,FALSE,2007,23404,16878,72,127655,135735,1493,65,,24962,80424.3,93.76,5.98,0.26,0,0.8827,0.1564,Lavoura,0.1098,4115.58,31127.77,94.05,4.76,3.72,8.1,425.52
5108204,Torixoréu,resto_mt,FALSE,2008,45310,23152,72,125266,133176,1821,69,,47200,139799.82,96,3.86,0.15,0,0.9231,0.1025,Lavoura,0.1402,5533.46,29939.29,94.06,6.03,73.83,8.1,621.33
5108204,Torixoréu,resto_mt,FALSE,2009,47846,22952,72,125900,133822,2452,65,,50363,139002.31,95,4.87,0.13,0,0.9049,0.1268,Lavoura,0.15,5580.35,30610.26,94.08,6.06,-0.57,8.1,631.84
5108204,Torixoréu,resto_mt,FALSE,2010,37836,17664,72,133665,144100,1851,80,,39767,101230.32,95.14,4.65,0.2,0,0.9073,0.1236,Lavoura,0.1382,4338.98,32833.46,92.76,5.73,-27.17,8.1,484.35
5108204,Torixoréu,resto_mt,FALSE,2011,42750,17314,72,133931,143357,2458,66,,45274,106398.04,94.43,5.43,0.15,0,0.8947,0.1404,Lavoura,0.1016,4314.48,33374.28,93.42,6.13,5.1,8.1,464.62
5108204,Torixoréu,resto_mt,FALSE,2012,46478,17378,72,126613,134790,2418,50,,48946,106563.12,94.96,4.94,0.1,0,0.9042,0.1277,Lavoura,0.0912,4391.71,31997.22,93.93,6.13,0.16,8.1,507.44
5108204,Torixoréu,resto_mt,FALSE,2013,53280,23224,72,130516,138893,2400,59,532,56271,113958.71,94.68,4.27,0.1,0.95,0.8983,0.1356,Lavoura,0.0937,6018.14,33821.2,93.97,4.91,6.94,8.1,441.71
5108204,Torixoréu,resto_mt,FALSE,2014,98100,29940,72,145518,153277,2671,56,586.99,101413.99,190438.06,96.73,2.63,0.06,0.58,0.9364,0.0848,Lavoura,0.1439,7910.17,38445.97,94.94,6.36,67.11,8.1,687.51
5108204,Torixoréu,resto_mt,FALSE,2015,99554,32040,72,148713,157302,3765,55,538,103912,181403.6,95.81,3.62,0.05,0.52,0.9193,0.1076,Lavoura,0.1358,8629.14,40051.98,94.54,5.65,-4.74,8.1,662.06
5108204,Torixoréu,resto_mt,FALSE,2016,124662,29760,72,160289,169091,3447,66,502,128677,207797.84,96.88,2.68,0.05,0.39,0.9393,0.0809,Lavoura,0.1427,8166.85,43987.1,94.79,6.97,14.55,8.1,739.49
5108204,Torixoréu,resto_mt,FALSE,2017,89826,28892,72,137425,146304,1914,76,546,92362,143871.43,97.25,2.07,0.08,0.59,0.9462,0.0717,Lavoura,0.1033,8079.42,38429.81,93.93,4.99,-30.76,8.1,471.7
5108204,Torixoréu,resto_mt,FALSE,2018,81504,26948,72,136084,145435,2087,63,0,83654,124703.45,97.43,2.49,0.08,0,0.9499,0.0668,Lavoura,0.0812,7338.78,37059.91,93.57,4.63,-13.32,8.1,358.34
5108204,Torixoréu,resto_mt,FALSE,2019,153418,40880,72,168681,180433,2418,65,0,155901,222983.02,98.41,1.55,0.04,0,0.9687,0.0417,Lavoura,0.1305,11327.24,46738.99,93.49,5.45,78.81,8.1,705.64
5108204,Torixoréu,resto_mt,FALSE,2020,242864,44380,72,175793,188671,4306,67,0,247237,332122.96,98.23,1.74,0.03,0,0.9652,0.0464,Lavoura,0.1529,12511.98,49561.04,93.17,7.48,48.95,8.1,1096.1
5108204,Torixoréu,resto_mt,FALSE,2021,438518,50530,72,139594,153392,4268,76,218,443080,526511.04,98.97,0.96,0.02,0.05,0.9796,0.0272,Lavoura,0.1441,14490.97,40032.69,91,10.41,58.53,8.1,1600.33
5108204,Torixoréu,resto_mt,FALSE,2022,695224,64886,72,141614,153765,3002,66,254,698546,764556.32,99.52,0.43,0.01,0.04,0.9904,0.0128,Lavoura,0.1972,15582.61,34009.13,92.1,11.79,45.21,8.1,1794.74
5108204,Torixoréu,resto_mt,FALSE,2023,506250,66844,72,120275,133403,7130,88,421,513889,534854.02,98.51,1.39,0.02,0.08,0.9706,0.0392,Lavoura,0.1634,16052.83,28884.49,90.16,7.99,-30.04,8.1,1199.23
5108204,Torixoréu,resto_mt,FALSE,2024,410132,74382,72,121344,132895,10112,94,278,420616,420616.01,97.51,2.4,0.02,0.07,0.9514,0.0648,Lavoura,0.1687,17584.4,28686.52,91.31,5.65,-21.36,8.1,932.63
5108303,União do Sul,resto_mt,FALSE,2000,1936,1644,72,19432,22798,124,12308,,14368,,13.47,0.86,85.66,0,0.752,0.3307,Florestal,0.1842,391.8,4631.08,85.24,,,15.66,
5108303,União do Sul,resto_mt,FALSE,2001,3456,2924,72,20787,24255,160,11078,,14694,,23.52,1.09,75.39,0,0.6238,0.5016,Florestal,0.166,655.02,4656.59,85.7,,,15.66,
5108303,União do Sul,resto_mt,FALSE,2002,2518,1322,72,23531,27110,182,11211,,13911,67273.14,18.1,1.31,80.59,0,0.6824,0.4235,Florestal,0.107,283.57,5047.4,86.8,50.89,,15.66,
5108303,União do Sul,resto_mt,FALSE,2003,5332,3074,72,33149,36938,255,13460,,19047,80734.41,27.99,1.34,70.67,0,0.5779,0.5628,Florestal,0.0916,630.05,6794.22,89.74,26.27,20.01,15.66,
5108303,União do Sul,resto_mt,FALSE,2004,23818,16314,72,39288,43172,378,13353,,37549,147708.24,63.43,1.01,35.56,0,0.5289,0.6281,Lavoura,0.1242,3059.07,7366.96,91,9.06,82.96,15.66,
5108303,União do Sul,resto_mt,FALSE,2005,30400,31424,72,40268,44479,451,13790,,44641,163459.23,68.1,1.01,30.89,0,0.5593,0.5876,Lavoura,0.1651,5627.51,7211.32,90.53,5.19,10.66,15.66,
5108303,União do Sul,resto_mt,FALSE,2006,16156,17776,72,39354,43619,449,9776,,26381,90469.08,61.24,1.7,37.06,0,0.5127,0.6497,Lavoura,0.1588,3046.97,6745.63,90.22,5.09,-44.65,15.66,3119.62
5108303,União do Sul,resto_mt,FALSE,2007,28046,19576,72,35275,47537,476,8131,,36653,118091.19,76.52,1.3,22.18,0,0.6349,0.4868,Lavoura,0.1612,4896.45,8823.16,74.21,6.03,30.53,15.66,2952.27
5108303,União do Sul,resto_mt,FALSE,2008,34658,22852,72,40934,51937,521,14182,,49361,146200.41,70.21,1.06,28.73,0,0.5756,0.5659,Lavoura,0.1467,5565.51,9969.31,78.81,6.39,23.8,15.66,3045.84
5108303,União do Sul,resto_mt,FALSE,2009,40814,21828,72,47313,56846,579,30838,,72231,199358.15,56.5,0.8,42.69,0,0.5015,0.6647,Lavoura,0.2152,5333.01,11559.49,83.23,9.14,36.36,15.66,2694.02
5108303,União do Sul,resto_mt,FALSE,2010,67330,59834,72,47811,56268,567,13300,,81197,206693.95,82.92,0.7,16.38,0,0.7145,0.3807,Lavoura,0.2823,15913.3,12715.69,84.97,3.46,3.68,15.66,2583.67
5108303,União do Sul,resto_mt,FALSE,2011,83328,48422,72,41864,50007,535,23124,,106987,251429.21,77.89,0.5,21.61,0,0.6534,0.4621,Lavoura,0.2401,12992.22,11232.63,83.72,5.19,21.64,15.66,2394.56
5108303,União do Sul,resto_mt,FALSE,2012,120286,58906,72,36391,43579,451,31227,,151964,330849.43,79.15,0.3,20.55,0,0.6687,0.4417,Lavoura,0.2832,15942.08,9848.71,83.51,5.63,31.59,15.66,2525.58
5108303,União do Sul,resto_mt,FALSE,2013,146124,77206,72,31992,39574,508,6833,0,153465,310793.7,95.22,0.33,4.45,0,0.9087,0.1217,Lavoura,0.2554,21216.27,8791.43,80.84,4.02,-6.06,15.66,2750.38
5108303,União do Sul,resto_mt,FALSE,2014,159370,75606,72,29529,37236,484,4310,0,164164,308271.81,97.08,0.29,2.63,0,0.9432,0.0757,Lavoura,0.2329,21036.73,8216.19,79.3,4.07,-0.81,15.66,2233.85
5108303,União do Sul,resto_mt,FALSE,2015,260516,115530,72,24772,31844,372,21320,0,282208,492662.53,92.31,0.13,7.55,0,0.8578,0.1896,Lavoura,0.36870000000000003,32534.5,6976.06,77.79,4.28,59.81,15.66,3910.02
5108303,União do Sul,resto_mt,FALSE,2016,328098,133114,72,25737,33968,619,20438,0,349155,563843.2,93.97,0.18,5.85,0,0.8865,0.1513,Lavoura,0.3872,37935.02,7334.57,75.77,4.23,14.45,15.66,3970.73
5108303,União do Sul,resto_mt,FALSE,2017,423734,155506,72,25722,33654,700,19944,242,444620,692580.46,95.3,0.16,4.49,0.05,0.9102,0.1197,Lavoura,0.4971,44840.25,7416.96,76.43,4.45,22.83,15.66,4383.42
5108303,União do Sul,resto_mt,FALSE,2018,430148,180506,72,32924,40254,793,15414,312,446667,665848.73,96.3,0.18,3.45,0.07,0.9286,0.0952,Lavoura,0.4336,50675.46,9243.12,81.79,3.69,-3.86,15.66,3579.83
5108303,União do Sul,resto_mt,FALSE,2019,613352,207754,72,37057,44278,860,670,558.99,615440.99,880256.69,99.66,0.14,0.11,0.09,0.9932,0.0091,Lavoura,0.515,58937.3,10512.62,83.69,4.23,32.2,15.66,2334.89
5108303,União do Sul,resto_mt,FALSE,2020,1050992,234142,72,36510,44232,1065,15982,538,1068577,1435460.53,98.35,0.1,1.5,0.05,0.9675,0.0433,Lavoura,0.6608,67089.4,10461.32,82.54,6.13,63.07,15.66,3747.94
5108303,União do Sul,resto_mt,FALSE,2021,1735496,216444,72,35770,43626,1150,13372,614.99,1750632.99,2080273.5,99.14,0.07,0.76,0.04,0.9829,0.0228,Lavoura,0.5694,62646.6,10353.11,81.99,9.62,44.92,15.66,4883.27
5108303,União do Sul,resto_mt,FALSE,2022,2155718,245956,72,40879,49662,937,10997,472.01,2168124.01,2373004.66,99.43,0.04,0.51,0.02,0.9887,0.0151,Lavoura,0.6121,64084.42,10651.12,82.31,9.65,14.07,15.66,4671.28
5108303,União do Sul,resto_mt,FALSE,2023,1928052,283836,72,47092,56663,3184,5613,544.01,1937393.01,2016432.44,99.52,0.16,0.29,0.03,0.9904,0.0128,Lavoura,0.616,73954.14,12269.93,83.11,7.1,-15.03,15.66,3646.35
5108303,União do Sul,resto_mt,FALSE,2024,1608222,288708,72,45526,58380,3722,38032,1037,1651013,1651013.01,97.41,0.23,2.3,0.06,0.9494,0.0675,Lavoura,0.662,74084.68,11682.32,77.98,5.73,-18.12,15.66,2932.52
5108352,Vale de São Domingos,resto_mt,FALSE,2000,0,0,72,,,,,,0,,,,,,,,Diversificado,0,,,,,,7.8,
5108352,Vale de São Domingos,resto_mt,FALSE,2001,974,1800,72,27385,42203,1311,43,,2328,,41.84,56.31,1.85,0,0.4925,0.6767,Pecuário,0.0263,545.62,8301,64.89,,,7.8,
5108352,Vale de São Domingos,resto_mt,FALSE,2002,846,1346,72,66542,81979,769,57,,1672,8085.75,50.6,45.99,3.41,0,0.4687,0.7084,Pecuário,0.0129,401.43,19845.51,81.17,6.01,,7.8,
5108352,Vale de São Domingos,resto_mt,FALSE,2003,1650,1580,72,87230,103341,984,64,,2698,11435.99,61.16,36.47,2.37,0,0.5076,0.6565,Lavoura,0.013,462.94,25558.16,84.41,7.23,41.43,7.8,
5108352,Vale de São Domingos,resto_mt,FALSE,2004,1640,1780,72,72597,89407,2817,123,,4580,18016.56,35.81,61.51,2.69,0,0.5073,0.6569,Pecuário,0.0151,554.17,22601.81,81.2,10.13,57.54,7.8,
5108352,Vale de São Domingos,resto_mt,FALSE,2005,2792,3900,72,79155,96311,3009,166,,5967,21848.99,46.79,50.43,2.78,0,0.474,0.7013,Pecuário,0.0221,1190.84,24169.47,82.19,5.6,21.27,7.8,
5108352,Vale de São Domingos,resto_mt,FALSE,2006,1130,990,72,86376,102744,2762,104,,3996,13703.6,28.28,69.12,2.6,0,0.5584,0.5888,Pecuário,0.0241,296.67,25884.33,84.07,13.85,-37.28,7.8,806.09
5108352,Vale de São Domingos,resto_mt,FALSE,2007,4676,3718,72,77204,90027,6548,123,,11347,36558.56,41.21,57.71,1.08,0,0.503,0.6627,Pecuário,0.0499,1294.12,26872.26,85.76,9.83,166.78,7.8,1740.88
5108352,Vale de São Domingos,resto_mt,FALSE,2008,5582,3280,72,85452,98692,5032,193,,10807,32008.83,51.65,46.56,1.79,0,0.4839,0.6881,Pecuário,0.0321,1109.98,28917.77,86.58,9.75,-12.45,7.8,1143.17
5108352,Vale de São Domingos,resto_mt,FALSE,2009,6432,3580,72,93203,106730,5750,356,,12538,34604.98,51.3,45.86,2.84,0,0.4743,0.7009,Pecuário,0.0373,1211.51,31540.78,87.33,9.67,8.11,7.8,2883.74
5108352,Vale de São Domingos,resto_mt,FALSE,2010,5426,3230,72,105527,120198,5907,273,,11606,29544.07,46.75,50.9,2.35,0,0.4782,0.6957,Pecuário,0.0403,1058.32,34576.34,87.79,9.14,-14.62,7.8,844.12
5108352,Vale de São Domingos,resto_mt,FALSE,2011,6532,3280,72,104588,118852,6213,283,,13028,30616.98,50.14,47.69,2.17,0,0.4793,0.6943,Pecuário,0.0292,1074.71,34268.68,88,9.34,3.63,7.8,637.85
5108352,Vale de São Domingos,resto_mt,FALSE,2012,8228,3320,72,113308,131889,11606,276,,20110,43782.63,40.91,57.71,1.37,0,0.5006,0.6659,Pecuário,0.0375,1087.81,37125.82,85.91,13.19,43,7.8,875.66
5108352,Vale de São Domingos,resto_mt,FALSE,2013,9446,3318,72,114142,129157,10426,193,674,20739,42000.13,45.55,50.27,0.93,3.25,0.4613,0.7183,Pecuário,0.0345,1087.87,37423.61,88.37,12.65,-4.07,7.8,567.56
5108352,Vale de São Domingos,resto_mt,FALSE,2014,10396,3328,72,116610,136991,9989,231,660,21276,39952.67,48.86,46.95,1.09,3.1,0.4602,0.7197,Pecuário,0.0302,1092.94,38295.57,85.12,12.02,-4.87,7.8,518.87
5108352,Vale de São Domingos,resto_mt,FALSE,2015,29898,9110,72,121738,144781,11342,239,661.99,42140.99,73567.33,70.95,26.91,0.57,1.57,0.5761,0.5652,Lavoura,0.0551,2996.71,40045.39,84.08,8.07,84.14,7.8,967.98
5108352,Vale de São Domingos,resto_mt,FALSE,2016,30000,9320,72,124716,155748,10476,231,529,41236,66591.16,72.75,25.4,0.56,1.28,0.594,0.5413,Lavoura,0.0457,3058.75,40930.75,80.08,7.15,-9.48,7.8,723.81
5108352,Vale de São Domingos,resto_mt,FALSE,2017,7992,6844,72,124718,153163,8109,236,1618.99,17955.99,27969.88,44.51,45.16,1.31,9.02,0.4104,0.7861,Pecuário,0.0201,2250.58,41012.17,81.43,4.1,-58,7.8,393.93
5108352,Vale de São Domingos,resto_mt,FALSE,2018,33974,14594,72,132544,149647,10168,107,905.99,45154.99,67312.78,75.24,22.52,0.24,2.01,0.6172,0.5104,Lavoura,0.0438,4665.6,42373.4,88.57,4.61,140.66,7.8,922.09
5108352,Vale de São Domingos,resto_mt,FALSE,2019,3856,590,72,136654,165584,10712,107,742,15417,22050.73,25.01,69.48,0.69,4.81,0.5477,0.6031,Pecuário,0.0129,188.68,43701.31,82.53,37.37,-67.24,7.8,259.42
5108352,Vale de São Domingos,resto_mt,FALSE,2020,3780,516,72,146028,178224,14949,261,982,19972,26829.15,18.93,74.85,1.31,4.92,0.5987,0.5351,Pecuário,0.0124,165.07,46714.01,81.94,52.01,21.67,7.8,301.45
5108352,Vale de São Domingos,resto_mt,FALSE,2021,6540,556,72,136899,171086,20105,452,998,28095,33385.23,23.28,71.56,1.61,3.55,0.5678,0.5763,Pecuário,0.0091,177.98,43821.7,80.02,60.05,24.44,7.8,445.15
5108352,Vale de São Domingos,resto_mt,FALSE,2022,126268,12914,72,124976,154085,18380,426,912,145986,159781.19,86.49,12.59,0.29,0.62,0.7639,0.3148,Lavoura,0.0412,4446.97,43035.81,81.11,12.37,378.6,7.8,2048.48
5108352,Vale de São Domingos,resto_mt,FALSE,2023,7870,750,72,134478,155017,35722,371,946.01,44909.01,46741.16,17.52,79.54,0.83,2.11,0.6639,0.4481,Pecuário,0.0143,258.26,46307.85,86.75,62.32,-70.75,7.8,577.06
5108352,Vale de São Domingos,resto_mt,FALSE,2024,6294,596,72,129118,154061,34682,441,818.01,42235.01,42235.01,14.9,82.12,1.04,1.94,0.6971,0.4039,Pecuário,0.0169,205.02,44416.24,83.81,70.87,-9.64,7.8,621.1
5108501,Vera,resto_mt,FALSE,2000,39490,57804,72,24590,30548,262,480,,40232,,98.16,0.65,1.19,0,0.9637,0.0484,Lavoura,0.5157,6383.66,2715.63,80.5,,,9.72,
5108501,Vera,resto_mt,FALSE,2001,59134,74716,72,25330,31411,321,196,,59651,,99.13,0.54,0.33,0,0.9827,0.0231,Lavoura,0.6737,7888.92,2674.48,80.64,,,9.72,
5108501,Vera,resto_mt,FALSE,2002,78094,89230,72,27533,33733,405,2633,,81132,392351.78,96.26,0.5,3.25,0,0.9277,0.0964,Lavoura,0.6238,9150.86,2823.61,81.62,4.4,,9.72,
5108501,Vera,resto_mt,FALSE,2003,144960,114430,72,21209,28294,327,5130,,150417,637571.67,96.37,0.22,3.41,0,0.9299,0.0935,Lavoura,0.7233,11360.07,2105.53,74.96,5.57,62.5,9.72,
5108501,Vera,resto_mt,FALSE,2004,320562,232158,72,17537,50721,310,3530,,324402,1276115.04,98.82,0.1,1.09,0,0.9767,0.0311,Lavoura,1.0728,21594.08,1631.2,34.58,5.5,100.15,9.72,
5108501,Vera,resto_mt,FALSE,2005,258676,249138,72,22525,56653,478,1659,,260813,955003.01,99.18,0.18,0.64,0,0.9837,0.0217,Lavoura,0.9647,22392.41,2024.54,39.76,3.84,-25.16,9.72,
5108501,Vera,resto_mt,FALSE,2006,179902,234360,72,18133,59825,399,1303,,181604,622779.5,99.06,0.22,0.72,0,0.9813,0.0249,Lavoura,1.0933,20380.9,1576.92,30.31,2.65,-34.79,9.72,1638.9
5108501,Vera,resto_mt,FALSE,2007,190882,187708,72,18478,137035,1069,1028,,192979,621753.09,98.91,0.55,0.53,0,0.9784,0.0288,Lavoura,0.8485,20429.69,2011.1,13.48,3.31,-0.16,9.72,1476.85
5108501,Vera,resto_mt,FALSE,2008,440612,278508,72,21988,189163,1170,1997,,443779,1314411.57,99.29,0.26,0.45,0,0.9859,0.0188,Lavoura,1.3186,29415.72,2322.35,11.62,4.71,111.4,9.72,2851.21
5108501,Vera,resto_mt,FALSE,2009,479040,289672,72,26986,202827,950,2806,,482796,1332520.95,99.22,0.2,0.58,0,0.9845,0.0207,Lavoura,1.4381,30485.37,2840.03,13.3,4.61,1.38,9.72,2538.13
5108501,Vera,resto_mt,FALSE,2010,358550,352180,72,28295,283800,996,1870,,361416,920015.51,99.21,0.28,0.52,0,0.9843,0.0209,Lavoura,1.2563,34409.38,2764.53,9.97,2.62,-30.96,9.72,1651.73
5108501,Vera,resto_mt,FALSE,2011,679996,347584,72,28591,152586,356,1264,,681616,1601859.83,99.76,0.05,0.19,0,0.9952,0.0064,Lavoura,1.5297,33661.05,2768.84,18.74,4.61,74.11,9.72,2314.83
5108501,Vera,resto_mt,FALSE,2012,799890,418072,72,29094,180119,351,4423,,804664,1751879.59,99.41,0.04,0.55,0,0.9883,0.0156,Lavoura,1.4995,40145.19,2793.74,16.15,4.2,9.37,9.72,2234.54
5108501,Vera,resto_mt,FALSE,2013,848320,445002,72,23540,184906,552,2065,315,851252,1723935.47,99.66,0.06,0.24,0.04,0.9932,0.0091,Lavoura,1.4168,42136.35,2228.96,12.73,3.87,-1.6,9.72,2165.76
5108501,Vera,resto_mt,FALSE,2014,845894,433068,72,22613,182865,997,9214,2460,858565,1612237.7,98.52,0.12,1.07,0.29,0.9707,0.0391,Lavoura,1.2183,40663.66,2123.29,12.37,3.72,-6.48,9.72,2267.56
5108501,Vera,resto_mt,FALSE,2015,957938,432040,72,22444,389064,972,5448,7868.02,972226.02,1697256.38,98.53,0.1,0.56,0.81,0.9709,0.0388,Lavoura,1.2703,40242.18,2090.54,5.77,3.92,5.27,9.72,1777.23
5108501,Vera,resto_mt,FALSE,2016,1356572,422310,72,21241,257763,905,2272,4894,1364643,2203733.81,99.41,0.07,0.17,0.36,0.9883,0.0156,Lavoura,1.5135,39030.5,1963.12,8.24,5.22,29.84,9.72,2443.15
5108501,Vera,resto_mt,FALSE,2017,1042632,440280,72,23538,267355,960,1392,4039,1049023,1634053.43,99.39,0.09,0.13,0.39,0.9879,0.0161,Lavoura,1.1728,40388.96,2159.25,8.8,3.72,-25.85,9.72,1838.09
5108501,Vera,resto_mt,FALSE,2018,1228576,466920,72,26023,427397,1568,281,4174.01,1234599.01,1840422.91,99.51,0.13,0.02,0.34,0.9902,0.0131,Lavoura,1.1985,41629.81,2320.17,6.09,3.95,12.63,9.72,1985.35
5108501,Vera,resto_mt,FALSE,2019,1295674,456262,72,31688,372227,1330,713,3775,1301492,1861505.91,99.55,0.1,0.05,0.29,0.991,0.012,Lavoura,1.0891,40345.03,2802.02,8.51,4.07,1.15,9.72,1832.19
5108501,Vera,resto_mt,FALSE,2020,2110624,512030,72,32797,375192,1989,3905,7822.01,2124340.01,2853707.55,99.35,0.09,0.18,0.37,0.9871,0.0172,Lavoura,1.3137,44907.03,2876.43,8.74,5.57,53.3,9.72,2778.69
5108501,Vera,resto_mt,FALSE,2021,4444598,579062,72,31286,376163,2552,2791,5480,4455421,5294367.37,99.76,0.06,0.06,0.12,0.9952,0.0064,Lavoura,1.449,49361.69,2666.95,8.32,9.14,85.53,9.72,4731.33
5108501,Vera,resto_mt,FALSE,2022,4939702,601850,72,34579,364581,1637,9466,4316,4955121,5423363.79,99.69,0.03,0.19,0.09,0.9938,0.0083,Lavoura,1.3989,47019.53,2701.48,9.48,9.01,2.44,9.72,4647.27
5108501,Vera,resto_mt,FALSE,2023,3987570,614950,72,40145,282149,2600,4264,2691.99,3997125.99,4160195.91,99.76,0.07,0.11,0.07,0.9952,0.0064,Lavoura,1.2708,48042.97,3136.33,14.23,6.77,-23.29,9.72,3382.27
5108501,Vera,resto_mt,FALSE,2024,3004592,598490,72,41466,212731,2988,6705,7676,3021961,3021961.01,99.43,0.1,0.22,0.25,0.9886,0.0152,Lavoura,1.2117,44700.13,3097.02,19.49,5.04,-27.36,9.72,2413.7
5105507,Vila Bela da Santíssima Trindade,resto_mt,FALSE,2000,4898,9346,72,515000,567956,1309,1103,,7310,,67,17.91,15.09,0,0.5037,0.6617,Lavoura,0.0937,737.94,40663.25,90.68,,,16.55,
5105507,Vila Bela da Santíssima Trindade,resto_mt,FALSE,2001,3624,6964,72,585000,639696,2172,1116,,6912,,52.43,31.42,16.15,0,0.3997,0.8004,Lavoura,0.0781,535.32,44968.87,91.45,,,16.55,
5105507,Vila Bela da Santíssima Trindade,resto_mt,FALSE,2002,3892,6264,72,648701,705441,1600,1453,,6945,33585.8,56.04,23.04,20.92,0,0.4109,0.7855,Lavoura,0.0534,471.3,48807.54,91.96,5.37,,16.55,
5105507,Vila Bela da Santíssima Trindade,resto_mt,FALSE,2003,6978,6694,72,807827,867137,2086,1722,,10786,45718.55,64.69,19.34,15.97,0,0.4814,0.6915,Lavoura,0.0519,492.89,59482.14,93.16,6.82,36.12,16.55,
5105507,Vila Bela da Santíssima Trindade,resto_mt,FALSE,2004,10614,11070,72,863079,925104,3264,2451,,16329,64234.15,65,19.99,15.01,0,0.485,0.6867,Lavoura,0.054,780.13,60823.04,93.3,5.8,40.5,16.55,
5105507,Vila Bela da Santíssima Trindade,resto_mt,FALSE,2005,14994,13980,72,890100,953313,4209,2152,,21355,78194.29,70.21,19.71,10.08,0,0.542,0.6107,Lavoura,0.079,962.28,61267.9,93.37,5.6,21.73,16.55,
5105507,Vila Bela da Santíssima Trindade,resto_mt,FALSE,2006,24116,25700,72,872290,935030,3906,1902,,29924,102619.19,80.59,13.05,6.36,0,0.6706,0.4392,Lavoura,0.1801,1729.24,58692.64,93.29,4,31.24,16.55,121.58
5105507,Vila Bela da Santíssima Trindade,resto_mt,FALSE,2007,23472,21060,72,839469,896904,5599,2221,,31292,100818.72,75.01,17.89,7.1,0,0.5997,0.5337,Lavoura,0.1376,1516.64,60454.34,93.6,4.79,-1.75,16.55,111.04
5105507,Vila Bela da Santíssima Trindade,resto_mt,FALSE,2008,33878,20100,72,803594,843787,6180,2495,,42553,126036.06,79.61,14.52,5.86,0,0.6583,0.4556,Lavoura,0.1264,1399.53,55952.79,95.24,6.26,25.01,16.55,131.84
5105507,Vila Bela da Santíssima Trindade,resto_mt,FALSE,2009,38886,23360,72,801877,842877,7462,4633,,50981,140707.98,76.28,14.64,9.09,0,0.6116,0.5179,Lavoura,0.1519,1608.48,55214.28,95.14,6.03,11.64,16.55,136.09
5105507,Vila Bela da Santíssima Trindade,resto_mt,FALSE,2010,35566,25560,72,844755,889644,7532,2320,,45418,115615.42,78.31,16.58,5.11,0,0.6433,0.4756,Lavoura,0.1579,1763.61,58287.1,94.95,4.53,-17.83,16.55,103.15
5105507,Vila Bela da Santíssima Trindade,resto_mt,FALSE,2011,47660,29620,72,888430,932854,8671,2176,,58507,137496.8,81.46,14.82,3.72,0,0.6869,0.4175,Lavoura,0.1313,2024.05,60709.99,95.24,4.63,18.93,16.55,415.39
5105507,Vila Bela da Santíssima Trindade,resto_mt,FALSE,2012,51624,26840,72,917139,961898,16072,2221,,69917,152220.26,73.84,22.99,3.18,0,0.5991,0.5345,Lavoura,0.1303,1817.2,62094.72,95.35,5.68,10.71,16.55,124.05
5105507,Vila Bela da Santíssima Trindade,resto_mt,FALSE,2013,62386,32040,72,903313,951513,15283,1456,1757.99,80882.99,163802.32,77.13,18.9,1.8,2.17,0.6314,0.4915,Lavoura,0.1346,2136.14,60224.88,94.93,5.12,7.61,16.55,132.32
5105507,Vila Bela da Santíssima Trindade,resto_mt,FALSE,2014,72880,30210,72,943217,993682,13318,960,2507,89665,168375.47,81.28,14.85,1.07,2.8,0.6836,0.4219,Lavoura,0.1272,1995.64,62307.9,94.92,5.57,2.79,16.55,130.82
5105507,Vila Bela da Santíssima Trindade,resto_mt,FALSE,2015,131408,53378,72,985838,1067779,12919,762,3259.01,148348.01,258977.43,88.58,8.71,0.51,2.2,0.7927,0.2764,Lavoura,0.1938,3494.7,64543.54,92.33,4.86,53.81,16.55,185.12
5105507,Vila Bela da Santíssima Trindade,resto_mt,FALSE,2016,137730,50388,72,1003684,1087647,15492,764,2579,156565,252833.58,87.97,9.89,0.49,1.65,0.7839,0.2881,Lavoura,0.1736,3270.67,65148.9,92.28,5.01,-2.37,16.55,168.21
5105507,Vila Bela da Santíssima Trindade,resto_mt,FALSE,2017,129175,54750,72,980351,1047772,8074,1292,651.99,139192.99,216819.63,92.8,5.8,0.93,0.47,0.8647,0.1804,Lavoura,0.1556,3524.53,63110.02,93.57,3.97,-14.24,16.55,137.92
5105507,Vila Bela da Santíssima Trindade,resto_mt,FALSE,2018,154169,64230,72,1020579,1074628,15515,1357,840,171881,256223.87,89.7,9.03,0.79,0.49,0.8128,0.2496,Lavoura,0.1669,4018.64,63854.03,94.97,4,18.17,16.55,154.82
5105507,Vila Bela da Santíssima Trindade,resto_mt,FALSE,2019,257872,84280,72,1033199,1095404,13443,1482,840,273637,391379.19,94.24,4.91,0.54,0.31,0.8906,0.1459,Lavoura,0.229,5225.69,64062.44,94.32,4.63,52.75,16.55,214.69
5105507,Vila Bela da Santíssima Trindade,resto_mt,FALSE,2020,401869,107142,72,1036813,1100484,16725,1109,840,420543,564931.57,95.56,3.98,0.26,0.2,0.9148,0.1136,Lavoura,0.2601,6584.84,63721.53,94.21,5.27,44.34,16.55,311.1
5105507,Vila Bela da Santíssima Trindade,resto_mt,FALSE,2021,915172,119558,72,1066344,1144093,23715,2049,871,941807,1119147.26,97.17,2.52,0.22,0.09,0.9448,0.0736,Lavoura,0.3063,7284.79,64973.43,93.2,9.37,98.1,16.55,606.26
5105507,Vila Bela da Santíssima Trindade,resto_mt,FALSE,2022,1288791,147720,72,1127314,1205681,25798,447,747.99,1315783.99,1440121.29,97.95,1.96,0.03,0.06,0.9598,0.0536,Lavoura,0.3715,8806.49,67206.03,93.5,9.75,28.68,16.55,709.76
5105507,Vila Bela da Santíssima Trindade,resto_mt,FALSE,2023,1409440,187838,72,1134427,1193603,53114,338,512,1463404,1523106.2,96.31,3.63,0.02,0.03,0.9289,0.0948,Lavoura,0.4653,11198.16,67630.08,95.04,8.12,5.76,16.55,720.83
5105507,Vila Bela da Santíssima Trindade,resto_mt,FALSE,2024,923557,190564,72,1071822,1135905,50284,269,931,975041,975041,94.72,5.16,0.03,0.1,0.8999,0.1335,Lavoura,0.391,10962.03,61655.66,94.36,5.12,-35.98,16.55,476.33
5108600,Vila Rica,resto_mt,FALSE,2000,7768,10006,72,355129,444968,2183,704,,10655,,72.9,20.49,6.61,0,0.5778,0.5629,Lavoura,0.1366,642.11,22789.51,79.81,,,14.53,
5108600,Vila Rica,resto_mt,FALSE,2001,8122,11102,72,334573,423848,3212,504,,11838,,68.61,27.13,4.26,0,0.5462,0.6051,Lavoura,0.1337,681.82,20547.38,78.94,,,14.53,
5108600,Vila Rica,resto_mt,FALSE,2002,6124,8198,72,401479,490859,3233,526,,9883,47793.89,61.96,32.71,5.32,0,0.49370000000000003,0.6751,Lavoura,0.076,485.92,23796.99,81.79,5.83,,14.53,
5108600,Vila Rica,resto_mt,FALSE,2003,5790,9052,72,426580,512069,3854,601,,10245,43425.43,56.52,37.62,5.87,0,0.4644,0.7141,Lavoura,0.0493,518.18,24419.26,83.31,4.79,-9.14,14.53,
5108600,Vila Rica,resto_mt,FALSE,2004,13516,9786,72,526000,613711,4753,725,,18994,74717.58,71.16,25.02,3.82,0,0.5704,0.5728,Lavoura,0.0628,522.64,28092.29,85.71,7.64,72.06,14.53,
5108600,Vila Rica,resto_mt,FALSE,2005,33230,26594,72,594661,685116,5129,835,,39194,143514.28,84.78,13.09,2.13,0,0.7364,0.3515,Lavoura,0.145,1369.55,30624.21,86.8,5.4,92.08,14.53,
5108600,Vila Rica,resto_mt,FALSE,2006,18128,21254,72,616151,705552,5647,2184,,25959,89021.89,69.83,21.75,8.41,0,0.542,0.6107,Lavoura,0.1563,1056.99,30642.08,87.33,4.2,-37.97,14.53,243.23
5108600,Vila Rica,resto_mt,FALSE,2007,20776,21452,72,646150,704534,6680,2071,,29527,95132.14,70.36,22.62,7.01,0,0.5511,0.5985,Lavoura,0.1298,1132.99,34126.44,91.71,4.43,6.86,14.53,282.28
5108600,Vila Rica,resto_mt,FALSE,2008,25128,15920,72,642326,701064,10587,2850,,38565,114224.16,65.16,27.45,7.39,0,0.5054,0.6595,Lavoura,0.1146,809.27,32651.79,91.62,7.18,20.07,14.53,238.47
5108600,Vila Rica,resto_mt,FALSE,2009,36228,20920,72,672163,733917,11048,2722,,49998,137994.89,72.46,22.1,5.44,0,0.5768,0.5643,Lavoura,0.1489,1042.09,33482.59,91.59,6.59,20.81,14.53,283.93
5108600,Vila Rica,resto_mt,FALSE,2010,28654,15856,72,693260,756599,11163,1952,,41769,106326.58,68.6,26.73,4.67,0,0.5442,0.6077,Lavoura,0.1452,741.56,32422.6,91.63,6.69,-22.95,14.53,190.54
5108600,Vila Rica,resto_mt,FALSE,2011,34646,17640,72,729953,793895,13718,1708,,50072,117673.76,69.19,27.4,3.41,0,0.555,0.5933,Lavoura,0.1124,808.14,33441.13,91.95,6.67,10.67,14.53,193.24
5108600,Vila Rica,resto_mt,FALSE,2012,110222,57900,72,709879,774732,14515,118,,124855,271828.9,88.28,11.63,0.09,0,0.7929,0.2761,Lavoura,0.2327,2601.31,31893.21,91.63,4.68,131,14.53,409.99
5108600,Vila Rica,resto_mt,FALSE,2013,130632,62600,72,639484,649224,13577,49,1088,145346,294351.3,89.88,9.34,0.03,0.75,0.8166,0.2445,Lavoura,0.2419,2722.92,27815.75,98.5,4.71,8.29,14.53,444.64
5108600,Vila Rica,resto_mt,FALSE,2014,183096,66334,72,655938,666764,20484,21,2500.98,206101.98,387024.15,88.84,9.94,0.01,1.21,0.7993,0.2676,Lavoura,0.2925,2826.45,27949.12,98.38,5.83,31.48,14.53,568.33
5108600,Vila Rica,resto_mt,FALSE,2015,154518,58300,72,657676,670960,12321,29,1807,168675,294463.13,91.61,7.3,0.02,1.07,0.8447,0.2071,Lavoura,0.2204,2435.56,27475.29,98.02,5.04,-23.92,14.53,410.68
5108600,Vila Rica,resto_mt,FALSE,2016,360344,101142,72,658051,677095,9540,24,1193.99,371101.99,599284.94,97.1,2.57,0.01,0.32,0.9435,0.0753,Lavoura,0.4116,4146.52,26978.15,97.19,5.93,103.52,14.53,827.75
5108600,Vila Rica,resto_mt,FALSE,2017,243394,93342,72,613640,638099,18172,19,1276,262861,409456.16,92.59,6.91,0.01,0.49,0.8621,0.1839,Lavoura,0.2939,3758.49,24708.68,96.17,4.38,-31.68,14.53,541.6
5108600,Vila Rica,resto_mt,FALSE,2018,344852,102610,72,588480,617628,18072,162,1232.02,364318.02,543090.69,94.66,4.96,0.04,0.34,0.8985,0.1353,Lavoura,0.3537,4012.91,23014.47,95.28,5.29,32.64,14.53,681.43
5108600,Vila Rica,resto_mt,FALSE,2019,402654,110040,72,604463,632133,20474,163,1198,424489,607140.72,94.86,4.82,0.04,0.28,0.9022,0.1304,Lavoura,0.3552,4226.29,23215.54,95.62,5.52,11.79,14.53,739.52
5108600,Vila Rica,resto_mt,FALSE,2020,537788,124780,72,665638,700404,25524,179,1335,564826,758752.46,95.21,4.52,0.03,0.24,0.9085,0.122,Lavoura,0.3493,4709.39,25122.21,95.04,6.08,24.97,14.53,939.04
5108600,Vila Rica,resto_mt,FALSE,2021,1312820,140580,72,697234,726968,26932,116,2322.99,1342190.99,1594922.73,97.81,2.01,0.01,0.17,0.9571,0.0572,Lavoura,0.4365,5217.1,25875.23,95.91,11.35,110.2,14.53,2008.72
5108600,Vila Rica,resto_mt,FALSE,2022,1430052,140580,72,713922,742052,22733,117,1306,1454208,1591625.92,98.34,1.56,0.01,0.09,0.9673,0.0436,Lavoura,0.4105,7068.58,35897.12,96.21,11.33,-0.21,14.53,1614.23
5108600,Vila Rica,resto_mt,FALSE,2023,1082082,181492,72,608621,632731,33594,556,1927,1118159,1163776.29,96.77,3,0.05,0.17,0.9373,0.0836,Lavoura,0.3555,9125.7,30602.42,96.19,6.41,-26.88,14.53,1139.84
5108600,Vila Rica,resto_mt,FALSE,2024,906018,221580,72,597449,619628,35578,1035,3292.01,945923.01,945923.01,95.78,3.76,0.11,0.35,0.9188,0.1083,Lavoura,0.3793,11175.67,30133.1,96.42,4.28,-18.72,14.53,917.48
5100201,Água Boa,resto_mt,FALSE,2000,33814,62348,72,380866,426510,1036,226,,35076,,96.4,2.95,0.64,0,0.9302,0.0931,Lavoura,0.4496,3725.16,22755.93,89.3,,,9.04,
5100201,Água Boa,resto_mt,FALSE,2001,35804,59554,72,351920,391818,933,182,,36919,,96.98,2.53,0.49,0,0.9412,0.0784,Lavoura,0.417,4038.93,23867.07,89.82,,,9.04,
5100201,Água Boa,resto_mt,FALSE,2002,73858,77348,72,419348,455667,866,192,,74916,362291.39,98.59,1.16,0.26,0,0.9721,0.0372,Lavoura,0.576,5231.52,28363.07,92.03,4.68,,9.04,
5100201,Água Boa,resto_mt,FALSE,2003,119596,113626,72,394386,431102,817,238,,120651,511402.7,99.13,0.68,0.2,0,0.9827,0.0231,Lavoura,0.5801,7677.43,26647.7,91.48,4.51,41.16,9.04,
5100201,Água Boa,resto_mt,FALSE,2004,250216,166534,72,390597,424318,1021,270,,251507,989364.63,99.49,0.41,0.11,0,0.9898,0.0136,Lavoura,0.8317,11228.78,26336.52,92.05,5.93,93.46,9.04,
5100201,Água Boa,resto_mt,FALSE,2005,165894,187870,72,388200,420116,1304,393,,167591,613657.72,98.99,0.78,0.23,0,0.98,0.0267,Lavoura,0.6199,12652.03,26143.17,92.4,3.26,-37.97,9.04,
5100201,Água Boa,resto_mt,FALSE,2006,105314,127500,72,420325,451653,1421,549,,107284,367911.92,98.16,1.32,0.51,0,0.9637,0.0484,Lavoura,0.6458,8576.62,28274.25,93.06,2.88,-40.05,9.04,637.62
5100201,Água Boa,resto_mt,FALSE,2007,87412,78470,72,417360,471005,1748,406,,89566,288569.95,97.6,1.95,0.45,0,0.953,0.0627,Lavoura,0.3938,4131.96,21976.73,88.61,3.67,-21.57,9.04,486.64
5100201,Água Boa,resto_mt,FALSE,2008,190796,108794,72,411530,465637,1761,490,,193047,571778.33,98.83,0.91,0.25,0,0.9768,0.0309,Lavoura,0.5736,5501.04,20808.51,88.38,5.24,98.14,9.04,833.5
5100201,Água Boa,resto_mt,FALSE,2009,191178,114730,72,444173,498543,2149,390,,193717,534660.53,98.69,1.11,0.2,0,0.9741,0.0345,Lavoura,0.577,5658.41,21906.34,89.09,4.66,-6.49,9.04,732.42
5100201,Água Boa,resto_mt,FALSE,2010,187636,112390,72,476639,500439,2291,389,,190316,484465.75,98.59,1.2,0.2,0,0.9721,0.0372,Lavoura,0.6616,5388.86,22853.81,95.24,4.3,-9.39,9.04,623.52
5100201,Água Boa,resto_mt,FALSE,2011,248934,123552,72,492320,505912,2670,197,,251801,591755.35,98.86,1.06,0.08,0,0.9774,0.0301,Lavoura,0.5651,5793.76,23086.52,97.31,4.79,22.15,9.04,751.92
5100201,Água Boa,resto_mt,FALSE,2012,352312,173482,72,401401,414825,2005,819,,355136,773186.72,99.2,0.56,0.23,0,0.9841,0.0212,Lavoura,0.6618,7965.93,18431.49,96.76,4.45,30.66,9.04,824.29
5100201,Água Boa,resto_mt,FALSE,2013,540828,249120,72,416379,430387,2085,3897,1710.99,548520.99,1110851.78,98.6,0.38,0.71,0.31,0.9723,0.0369,Lavoura,0.9129,11047.94,18465.52,96.75,4.45,43.67,9.04,1088.01
5100201,Água Boa,resto_mt,FALSE,2014,724378,272674,72,399900,419447,2381,3852,1451,732062,1374686.77,98.95,0.33,0.53,0.2,0.9792,0.0277,Lavoura,1.0388,11826.08,17343.97,95.34,5.04,23.75,9.04,1217.6
5100201,Água Boa,resto_mt,FALSE,2015,822350,304820,72,404372,431636,2571,4101,3489,832511,1453349.91,98.78,0.31,0.49,0.42,0.9758,0.0323,Lavoura,1.0878,12942.97,17170.06,93.68,4.76,5.72,9.04,1245.38
5100201,Água Boa,resto_mt,FALSE,2016,715956,306160,72,384228,413773,2753,6753,8510.01,733972.01,1185276.24,97.55,0.38,0.92,1.16,0.9518,0.0643,Lavoura,0.814,12739.68,15988.18,92.86,3.87,-18.45,9.04,1017.39
5100201,Água Boa,resto_mt,FALSE,2017,922736,371220,72,320370,355197,3315,7614,7659,941324,1466291.67,98.03,0.35,0.81,0.81,0.9611,0.0519,Lavoura,1.0524,15151.22,13075.79,90.2,3.95,23.71,9.04,1279.49
5100201,Água Boa,resto_mt,FALSE,2018,1227370,383376,72,320249,359486,3400,5461,4428.99,1240659.99,1849458.06,98.93,0.27,0.44,0.36,0.9788,0.0283,Lavoura,1.2044,15195.85,12693.69,89.09,4.84,26.13,9.04,1583.43
5100201,Água Boa,resto_mt,FALSE,2019,1184940,397252,72,341049,382130,4911,5431,4930.01,1200212.01,1716646.54,98.73,0.41,0.45,0.41,0.9748,0.0336,Lavoura,1.0043,15444.66,13259.55,89.25,4.33,-7.18,9.04,1557.75
5100201,Água Boa,resto_mt,FALSE,2020,1657130,423032,72,342128,385457,4053,4992,4931.01,1671106.01,2244860.91,99.16,0.24,0.3,0.3,0.9833,0.0223,Lavoura,1.0334,16143.79,13056.33,88.76,5.29,30.77,9.04,1808.92
5100201,Água Boa,resto_mt,FALSE,2021,3608824,439710,72,359043,405976,6316,5837,4931.01,3625908.01,4308658.84,99.53,0.17,0.16,0.14,0.9906,0.0125,Lavoura,1.1792,16481.5,13457.89,88.44,9.8,91.93,9.04,3113.2
5100201,Água Boa,resto_mt,FALSE,2022,4410396,498492,72,348934,395719,6067,5180,1136.01,4422779.01,4840717.22,99.72,0.14,0.12,0.03,0.9944,0.0075,Lavoura,1.2486,17060.54,11942.02,88.18,9.7,12.35,9.04,2930.22
5100201,Água Boa,resto_mt,FALSE,2023,3586248,564002,72,340330,374534,12840,5377,1076.99,3605541.99,3752636.54,99.46,0.36,0.15,0.03,0.9892,0.0144,Lavoura,1.1463,19302.58,11647.56,90.87,6.64,-22.48,9.04,2116.55
5100201,Água Boa,resto_mt,FALSE,2024,2413324,601140,72,315000,343685,14760,1773,1016,2430873,2430873.01,99.28,0.61,0.07,0.04,0.9857,0.0191,Lavoura,0.9747,19197.16,10059.4,91.65,4.05,-35.22,9.04,1331.98
