id_municipio,municipio,grupo,pantanal_norte,ano,credito_bancario_total,depositos_poupanca,depositos_prazo,depositos_vista,depositos_total,sh_poupanca_dep_pct,sh_prazo_dep_pct,sh_vista_dep_pct,razao_credito_depositos,credito_real_brl,depositos_real_brl,credito_per_capita,depositos_per_capita,var_credito_pct,var_depositos_pct,cagr_credito_bancario_real
5102504,Cáceres,pantanal_norte,TRUE,2000,13100859,7051706,12835004,54411944,74298654,9.49,17.27,73.23,0.1763,,,,,,,5.31
5102504,Cáceres,pantanal_norte,TRUE,2001,14993795,11854915,18627840,68651668,99134423,11.96,18.79,69.25,0.1512,,,,,,,5.31
5102504,Cáceres,pantanal_norte,TRUE,2002,21470111,5268043,20794111,83836507,109898661,4.79,18.92,76.29,0.1954,74495691.96,381319723.86,885.65,4533.31,,,5.31
5102504,Cáceres,pantanal_norte,TRUE,2003,20029521,5168354,23888714,99593936,128651004,4.02,18.57,77.41,0.1557,62959591.14,404393825.06,738.32,4742.28,-15.49,6.05,5.31
5102504,Cáceres,pantanal_norte,TRUE,2004,24643238,6734698,32169642,118184159,157088499,4.29,20.48,75.23,0.1569,72985895.42,465249118.6,832.14,5304.53,15.92,15.05,5.31
5102504,Cáceres,pantanal_norte,TRUE,2005,25927752,8157339,41363594,134112841,183633774,4.44,22.53,73.03,0.1412,73101082.51,517739743.29,820.87,5813.77,0.16,11.28,5.31
5102504,Cáceres,pantanal_norte,TRUE,2006,29068207,8212896,46011135,150040220,204264251,4.02,22.53,73.45,0.1423,79712860.07,560147643.73,881.87,6196.94,9.04,8.19,5.31
5102504,Cáceres,pantanal_norte,TRUE,2007,42120329,13568444,53738423,172675056,239981923,5.65,22.39,71.95,0.1755,109842579.25,625831612.04,1304.92,7434.89,37.8,11.73,5.31
5102504,Cáceres,pantanal_norte,TRUE,2008,54692678,23174768,65048598,205113852,293337218,7.9,22.18,69.92,0.1864,133947988.95,718412991.82,1543.08,8276.18,21.95,14.79,5.31
5102504,Cáceres,pantanal_norte,TRUE,2009,58556592,26372098,92416288,218766117,337554503,7.81,27.38,64.81,0.1735,137744589.62,794040515.4,1578.54,9099.61,2.83,10.53,5.31
5102504,Cáceres,pantanal_norte,TRUE,2010,69994776,25946306,111081313,274135945,411163564,6.31,27.02,66.67,0.1702,154652407.65,908459727.2,1758.57,10330.2,12.27,14.41,5.31
5102504,Cáceres,pantanal_norte,TRUE,2011,77142462,32593446,138625635,345079786,516298867,6.31,26.85,66.84,0.1494,160675708.24,1075369957.96,1817.01,12160.96,3.89,18.37,5.31
5102504,Cáceres,pantanal_norte,TRUE,2012,90059900,41709639,159585408,426473382,627768429,6.64,25.42,67.93,0.1435,176634179.21,1231240110.1,1986.95,13850.18,9.93,14.49,5.31
5102504,Cáceres,pantanal_norte,TRUE,2013,109620943,59970602,173652484,528079417,761702503,7.87,22.8,69.33,0.1439,203669005.67,1415196650.93,2271,15779.99,15.31,14.94,5.31
5102504,Cáceres,pantanal_norte,TRUE,2014,127055167,61880208,191916102,608106553,861902863,7.18,22.27,70.55,0.1474,222220495.76,1507474949.92,2466.21,16730.02,9.11,6.52,5.31
5102504,Cáceres,pantanal_norte,TRUE,2015,131778583,56608852,204445769,658550038,919604659,6.16,22.23,71.61,0.1433,207126136.48,1445410595.37,2288.23,15968.21,-6.79,-4.12,5.31
5102504,Cáceres,pantanal_norte,TRUE,2016,144436091,43633289,189756538,698458484,931848311,4.68,20.36,74.95,0.155,213005257.92,1374231249.56,2343.78,15121.21,2.84,-4.92,5.31
5102504,Cáceres,pantanal_norte,TRUE,2017,152857612,35389097,183018641,697785868,916193606,3.86,19.98,76.16,0.1668,220858935.59,1323778004.62,2419.81,14503.81,3.69,-3.67,5.31
5102504,Cáceres,pantanal_norte,TRUE,2018,165859353,27032001,184620621,732002860,943655482,2.86,19.56,77.57,0.1758,231689211.5,1318193943.15,2467.88,14040.97,4.9,-0.42,5.31
5102504,Cáceres,pantanal_norte,TRUE,2019,180503106,25225671,228775816,796623169,1050624656,2.4,21.78,75.82,0.1718,241329905.08,1404669172.26,2557.1,14883.75,4.16,6.56,5.31
5102504,Cáceres,pantanal_norte,TRUE,2020,231996222,20003554,279027977,915710262,1214741793,1.65,22.97,75.38,0.191,294151974.66,1540191879.13,3100.88,16236.31,21.89,9.65,5.31
5102504,Cáceres,pantanal_norte,TRUE,2021,233131833,17378775,323717606,1164804517,1505900898,1.15,21.5,77.35,0.1548,268328878.4,1733254072.39,2814.46,18179.91,-8.78,12.53,5.31
5102504,Cáceres,pantanal_norte,TRUE,2022,231062609,37519105,380449667,1742630805,2160599577,1.74,17.61,80.65,0.1069,251053636.16,2347529885.65,2799.42,26176.45,-6.44,35.44,5.31
5102504,Cáceres,pantanal_norte,TRUE,2023,229185828,76837091,425154805,2051312943,2553304839,3.01,16.65,80.34,0.0898,240113768.32,2675050424.76,2677.41,29828.51,-4.36,13.95,5.31
5102504,Cáceres,pantanal_norte,TRUE,2024,232748521,105262827,471803466,2219066447,2796132740,3.76,16.87,79.36,0.0832,232748521,2796132740,2540.2,30516.81,-3.07,4.53,5.31
5104609,Itiquira,pantanal_norte,TRUE,2000,1633855,21909,264826,17699172,17985907,0.12,1.47,98.41,0.0908,,,,,,,5.18
5104609,Itiquira,pantanal_norte,TRUE,2001,2041242,99523,884387,20116489,21100399,0.47,4.19,95.34,0.0967,,,,,,,5.18
5104609,Itiquira,pantanal_norte,TRUE,2002,2009110,102329,1144531,26717416,27964276,0.37,4.09,95.54,0.0718,6971088.3,97028752.72,737.59,10266.5,,,5.18
5104609,Itiquira,pantanal_norte,TRUE,2003,2038340,152614,1387340,38559092,40099046,0.38,3.46,96.16,0.0508,6407195.32,126044928.45,669.65,13173.59,-8.09,29.9,5.18
5104609,Itiquira,pantanal_norte,TRUE,2004,2367176,563492,1951161,42898355,45413008,1.24,4.3,94.46,0.0521,7010866.83,134499737.92,714.44,13706.28,9.42,6.71,5.18
5104609,Itiquira,pantanal_norte,TRUE,2005,2544875,545025,2579868,38718831,41843724,1.3,6.17,92.53,0.0608,7175057.73,117974806.32,721.18,11857.95,2.34,-12.29,5.18
5104609,Itiquira,pantanal_norte,TRUE,2006,3146796,10860015,3481921,58876075,73218011,14.83,4.76,80.41,0.043,8629362.98,200783524.96,855.82,19913.07,20.27,70.19,5.18
5104609,Itiquira,pantanal_norte,TRUE,2007,3279814,12204944,4217115,62986299,79408358,15.37,5.31,79.32,0.0413,8553191.25,207083350.6,703.46,17031.28,-0.88,3.14,5.18
5104609,Itiquira,pantanal_norte,TRUE,2008,4271477,2454496,5849724,64747138,73051358,3.36,8.01,88.63,0.0585,10461286.12,178910282.9,825.29,14114.1,22.31,-13.6,5.18
5104609,Itiquira,pantanal_norte,TRUE,2009,6385785,2710552,7922873,46036458,56669883,4.78,13.98,81.24,0.1127,15021491.24,133306422.25,1153.55,10237.01,43.59,-25.49,5.18
5104609,Itiquira,pantanal_norte,TRUE,2010,5526165,3164262,8817191,47418673,59400126,5.33,14.84,79.83,0.093,12209978.68,131243687.4,1063.78,11434.37,-18.72,-1.55,5.18
5104609,Itiquira,pantanal_norte,TRUE,2011,5935930,4481135,8749681,52953687,66184503,6.77,13.22,80.01,0.0897,12363615.72,137851989.93,1060.97,11829.74,1.26,5.04,5.18
5104609,Itiquira,pantanal_norte,TRUE,2012,6983223,6237004,13074450,70607476,89918930,6.94,14.54,78.52,0.0777,13696171.79,176357695.22,1158.54,14917.76,10.78,27.93,5.18
5104609,Itiquira,pantanal_norte,TRUE,2013,10648349,11875522,17495151,99094100,128464773,9.24,13.62,77.14,0.0829,19783980.99,238679688.98,1633.83,19710.93,44.45,35.34,5.18
5104609,Itiquira,pantanal_norte,TRUE,2014,12725700,14160163,23497595,122827587,160485345,8.82,14.64,76.54,0.0793,22257350.33,280690142.48,1810.56,22833.33,12.5,17.6,5.18
5104609,Itiquira,pantanal_norte,TRUE,2015,15983954,13246044,23714314,119389814,156350172,8.47,15.17,76.36,0.1022,25123161.61,245747118.6,2014.37,19703.9,12.88,-12.45,5.18
5104609,Itiquira,pantanal_norte,TRUE,2016,14604897,10482574,21147539,117648448,149278561,7.02,14.17,78.81,0.0978,21538383.03,220146627.94,1706.69,17444.26,-14.27,-10.42,5.18
5104609,Itiquira,pantanal_norte,TRUE,2017,18039444,7623639,18544237,114985499,141153375,5.4,13.14,81.46,0.1278,26064599.26,203947868.53,2038.05,15947.13,21.01,-7.36,5.18
5104609,Itiquira,pantanal_norte,TRUE,2018,17917505,5028513,19547686,126481020,151057219,3.33,12.94,83.73,0.1186,25028993.12,211012085.39,1901.46,16030.7,-3.97,3.46,5.18
5104609,Itiquira,pantanal_norte,TRUE,2019,17725866,3363290,23772559,160604583,187740432,1.79,12.66,85.55,0.0944,23699213.02,251006099.76,1775.9,18808.99,-5.31,18.95,5.18
5104609,Itiquira,pantanal_norte,TRUE,2020,21662237,2633341,27413043,200966207,231012591,1.14,11.87,86.99,0.0938,27465920.49,292904812.11,2026.72,21613.4,15.89,16.69,5.18
5104609,Itiquira,pantanal_norte,TRUE,2021,21926477,2217807,30245003,240245533,272708343,0.81,11.09,88.1,0.0804,25236823.75,313880446.38,1838.49,22865.92,-8.12,7.16,5.18
5104609,Itiquira,pantanal_norte,TRUE,2022,21987801,2293605,33452344,339862265,375608214,0.61,8.91,90.48,0.0585,23890137.03,408105007.99,1952.46,33352.82,-5.34,30.02,5.18
5104609,Itiquira,pantanal_norte,TRUE,2023,21235025,2157606,36365374,342682727,381205707,0.57,9.54,89.89,0.0557,22247544.35,399382193.96,1818.21,32639.93,-6.88,-2.14,5.18
5104609,Itiquira,pantanal_norte,TRUE,2024,21160619,2591680,43579877,410199393,456370950,0.57,9.55,89.88,0.0464,21160619,456370949.99,1690.28,36454.27,-4.89,14.27,5.18
5105200,Juscimeira,pantanal_norte,TRUE,2000,887846,37933,555378,10434225,11027536,0.34,5.04,94.62,0.0805,,,,,,,3.79
5105200,Juscimeira,pantanal_norte,TRUE,2001,1079367,57228,1436552,11953914,13447694,0.43,10.68,88.89,0.0803,,,,,,,3.79
5105200,Juscimeira,pantanal_norte,TRUE,2002,1502372,86899,1451136,16040147,17578182,0.49,8.26,91.25,0.0855,5212839.46,60991712.22,423.87,4959.48,,,3.79
5105200,Juscimeira,pantanal_norte,TRUE,2003,1601774,232268,1643492,21149182,23024942,1.01,7.14,91.85,0.0696,5034920.02,72375217.28,405.84,5833.88,-3.41,18.66,3.79
5105200,Juscimeira,pantanal_norte,TRUE,2004,1885099,625961,1690296,19802156,22118413,2.83,7.64,89.53,0.0852,5583099.04,65508119.43,441.87,5184.64,10.89,-9.49,3.79
5105200,Juscimeira,pantanal_norte,TRUE,2005,2084062,500508,1577261,24792582,26870351,1.86,5.87,92.27,0.0776,5875834.83,75758659.9,460.41,5936.27,5.24,15.65,3.79
5105200,Juscimeira,pantanal_norte,TRUE,2006,2564301,327575,2193775,22267493,24788843,1.32,8.85,89.83,0.1034,7032004.64,67977690.31,545.68,5274.9,19.68,-10.27,3.79
5105200,Juscimeira,pantanal_norte,TRUE,2007,3468867,802084,2952496,21341654,25096234,3.2,11.76,85.04,0.1382,9046208.97,65446665.25,764.68,5532.26,28.64,-3.72,3.79
5105200,Juscimeira,pantanal_norte,TRUE,2008,3523082,2275025,4482877,23518527,30276429,7.51,14.81,77.68,0.1164,8628389.88,74150086,709.11,6093.87,-4.62,13.3,3.79
5105200,Juscimeira,pantanal_norte,TRUE,2009,3128658,3368160,7049098,24176473,34593731,9.74,20.38,69.89,0.0904,7359644.71,81375966.69,604.85,6687.71,-14.7,9.74,3.79
5105200,Juscimeira,pantanal_norte,TRUE,2010,3011740,3793633,7592703,23267664,34654000,10.95,21.91,67.14,0.0869,6654394.35,76567493.19,582.18,6698.83,-9.58,-5.91,3.79
5105200,Juscimeira,pantanal_norte,TRUE,2011,3537866,3500919,8974510,29070424,41545853,8.43,21.6,69.97,0.0852,7368822.71,86533527.47,647.4,7602.66,10.74,13.02,3.79
5105200,Juscimeira,pantanal_norte,TRUE,2012,4602012,3672830,9949147,35357032,48979009,7.5,20.31,72.19,0.094,9025910.68,96062365.74,796.28,8474.86,22.49,11.01,3.79
5105200,Juscimeira,pantanal_norte,TRUE,2013,4988348,4945152,11233884,42761658,58940694,8.39,19.06,72.55,0.0846,9268045.4,109508203.57,823.67,9732.34,2.68,14,3.79
5105200,Juscimeira,pantanal_norte,TRUE,2014,5817382,3780039,12020169,46407989,62208197,6.08,19.32,74.6,0.0935,10174647.29,108802630.41,910.15,9732.76,9.78,-0.64,3.79
5105200,Juscimeira,pantanal_norte,TRUE,2015,7938093,4252049,10894402,46959947,62106398,6.85,17.54,75.61,0.1278,12476887.34,97617215,1123.35,8788.8,22.63,-10.28,3.79
5105200,Juscimeira,pantanal_norte,TRUE,2016,8334978,2770481,10697999,48649053,62117533,4.46,17.22,78.32,0.1342,12291901.05,91607028.72,1113.49,8298.49,-1.48,-6.16,3.79
5105200,Juscimeira,pantanal_norte,TRUE,2017,8561112,1372238,8613955,42988219,52974412,2.59,16.26,81.15,0.1616,12369669.12,76540985.4,1127.48,6976.67,0.63,-16.45,3.79
5105200,Juscimeira,pantanal_norte,TRUE,2018,9082558,1013998,7867082,40683574,49564654,2.05,15.87,82.08,0.1832,12687440.67,69236949.23,1125.27,6140.76,2.57,-9.54,3.79
5105200,Juscimeira,pantanal_norte,TRUE,2019,10394862,573070,10166492,42842599,53582161,1.07,18.97,79.96,0.194,13897772.25,71638533.62,1238.55,6384.33,9.54,3.47,3.79
5105200,Juscimeira,pantanal_norte,TRUE,2020,12970725,466363,14468137,45922212,60856712,0.77,23.77,75.46,0.2131,16445803.89,77161265.17,1471.54,6904.2,18.33,7.71,3.79
5105200,Juscimeira,pantanal_norte,TRUE,2021,13333228,1071697,17348033,55266281,73686011,1.45,23.54,75,0.1809,15346210.2,84810746.06,1379.56,7624.12,-6.69,9.91,3.79
5105200,Juscimeira,pantanal_norte,TRUE,2022,11087529,1307478,20695510,66030093,88033081,1.49,23.51,75.01,0.1259,12046797.56,95649508.95,1049.37,8331.84,-21.5,12.78,3.79
5105200,Juscimeira,pantanal_norte,TRUE,2023,10780243,1796844,24706832,74500412,101004088,1.78,24.46,73.76,0.1067,11294261.93,105820121.59,983.82,9217.77,-6.25,10.63,3.79
5105200,Juscimeira,pantanal_norte,TRUE,2024,11820139,2112987,26858183,88997956,117969126,1.79,22.77,75.44,0.1002,11820139,117969126,1017.22,10152.25,4.66,11.48,3.79
5105622,Mirassol D'Oeste,pantanal_norte,TRUE,2000,5068897,637600,4717819,16460284,21815703,2.92,21.63,75.45,0.2324,,,,,,,8.5
5105622,Mirassol D'Oeste,pantanal_norte,TRUE,2001,5503325,1053174,7663944,20442616,29159734,3.61,26.28,70.11,0.1887,,,,,,,8.5
5105622,Mirassol D'Oeste,pantanal_norte,TRUE,2002,5061382,1738445,7839226,27763896,37341567,4.66,20.99,74.35,0.1355,17561677,129565509.61,773.1,5703.72,,,8.5
5105622,Mirassol D'Oeste,pantanal_norte,TRUE,2003,5300425,2348516,9744161,37703079,49795756,4.72,19.57,75.72,0.1064,16661037.03,156524983.2,733.99,6895.67,-5.13,20.81,8.5
5105622,Mirassol D'Oeste,pantanal_norte,TRUE,2004,6636779,3258242,11727417,42652386,57638045,5.65,20.35,74,0.1151,19656153.05,170706638.65,867.33,7532.4,17.98,9.06,8.5
5105622,Mirassol D'Oeste,pantanal_norte,TRUE,2005,7759699,4321804,12614883,42101298,59037985,7.32,21.37,71.31,0.1314,21877808.64,166452556.8,966.21,7351.18,11.3,-2.49,8.5
5105622,Mirassol D'Oeste,pantanal_norte,TRUE,2006,10099948,4011693,11911310,44735781,60658784,6.61,19.64,73.75,0.1665,27696780.26,166342738.7,1224.28,7352.81,26.6,-0.07,8.5
5105622,Mirassol D'Oeste,pantanal_norte,TRUE,2007,14256723,6087855,13272602,51871010,71231467,8.55,18.63,72.82,0.2001,37179083.44,185759424.14,1515.15,7570.27,34.24,11.67,8.5
5105622,Mirassol D'Oeste,pantanal_norte,TRUE,2008,17363476,7866864,17140772,59426550,84434186,9.32,20.3,70.38,0.2056,42524937.08,206787998.44,1676.84,8154.1,14.38,11.32,8.5
5105622,Mirassol D'Oeste,pantanal_norte,TRUE,2009,18925976,7934873,21834139,61593997,91363009,8.68,23.9,67.42,0.2072,44520193.35,214916199.05,1738.73,8393.52,4.69,3.93,8.5
5105622,Mirassol D'Oeste,pantanal_norte,TRUE,2010,21681548,11034079,27027228,92761980,130823287,8.43,20.66,70.91,0.1657,47905055.08,289052090.28,1893.55,11425.45,7.6,34.5,8.5
5105622,Mirassol D'Oeste,pantanal_norte,TRUE,2011,24559935,12436111,32092175,108189742,152718028,8.14,21.01,70.84,0.1608,51154511.38,318087816.68,2006.46,12476.48,6.78,10.05,8.5
5105622,Mirassol D'Oeste,pantanal_norte,TRUE,2012,30168348,16686254,35933559,122124260,174744073,9.55,20.56,69.89,0.1726,59169079.54,342724963.13,2303.74,13343.92,15.67,7.75,8.5
5105622,Mirassol D'Oeste,pantanal_norte,TRUE,2013,37619715,26021396,42883547,167322052,236226995,11.02,18.15,70.83,0.1593,69895128.96,438895304.75,2688.06,16879.29,18.13,28.06,8.5
5105622,Mirassol D'Oeste,pantanal_norte,TRUE,2014,49888199,32031605,52290971,226871342,311193918,10.29,16.8,72.9,0.1603,87254856.12,544280633.1,3331.86,20783.59,24.84,24.01,8.5
5105622,Mirassol D'Oeste,pantanal_norte,TRUE,2015,56341400,35676504,66539796,282212481,384428781,9.28,17.31,73.41,0.1466,88555941.65,604235121.88,3358.33,22914.59,1.49,11.02,8.5
5105622,Mirassol D'Oeste,pantanal_norte,TRUE,2016,54528492,24096639,53256613,271906335,349259587,6.9,15.25,77.85,0.1561,80415188.62,515066060.65,3023.59,19366.29,-9.19,-14.76,8.5
5105622,Mirassol D'Oeste,pantanal_norte,TRUE,2017,61895963,20710175,41533693,318926538,381170406,5.43,10.9,83.67,0.1624,89431440.98,550740581.64,3340.98,20574.59,11.21,6.93,8.5
5105622,Mirassol D'Oeste,pantanal_norte,TRUE,2018,69475671,17828155,41839884,362460227,422128266,4.22,9.91,85.86,0.1646,97050682.63,589671690.66,3524.5,21414.57,8.52,7.07,8.5
5105622,Mirassol D'Oeste,pantanal_norte,TRUE,2019,81742082,11578971,45075128,396257453,452911552,2.56,9.95,87.49,0.1805,109287919.35,605535850.72,3939.87,21829.76,12.61,2.69,8.5
5105622,Mirassol D'Oeste,pantanal_norte,TRUE,2020,97062952,8077296,50182261,470814190,529073747,1.53,9.48,88.99,0.1835,123067775.63,670821645.62,4404.56,24008.51,12.61,10.78,8.5
5105622,Mirassol D'Oeste,pantanal_norte,TRUE,2021,95334474,5913353,62613325,576903907,645430585,0.92,9.7,89.38,0.1477,109727582.69,742874375.99,3900.03,26403.92,-10.84,10.74,8.5
5105622,Mirassol D'Oeste,pantanal_norte,TRUE,2022,98610703,4942348,74591097,752872797,832406242,0.59,8.96,90.45,0.1185,107142283.47,904424193.6,4000.1,33766.08,-2.36,21.75,8.5
5105622,Mirassol D'Oeste,pantanal_norte,TRUE,2023,92868377,25416199,96394030,977106702,1098916931,2.31,8.77,88.92,0.0845,97296487.11,1151315016.58,3632.5,42983.56,-9.19,27.3,8.5
5105622,Mirassol D'Oeste,pantanal_norte,TRUE,2024,105656574,42764662,119257351,1108913423,1270935436,3.36,9.38,87.25,0.0831,105656573.99,1270935435.99,3840.53,46197.35,8.59,10.39,8.5
5106505,Poconé,pantanal_norte,TRUE,2000,1650127,676388,750668,6068130,7495186,9.02,10.02,80.96,0.2202,,,,,,,10.8
5106505,Poconé,pantanal_norte,TRUE,2001,1726611,598095,2417725,9035848,12051668,4.96,20.06,74.98,0.1433,,,,,,,10.8
5106505,Poconé,pantanal_norte,TRUE,2002,1845188,467844,2103666,15310300,17881810,2.62,11.76,85.62,0.1032,6402321.68,62045222.29,206.76,2003.65,,,10.8
5106505,Poconé,pantanal_norte,TRUE,2003,2127019,798898,2533803,20488454,23821155,3.35,10.64,86.01,0.0893,6685943.55,74877985.32,215.29,2411.14,4.43,20.68,10.8
5106505,Poconé,pantanal_norte,TRUE,2004,2709126,1573009,3211243,20981871,25766123,6.1,12.46,81.43,0.1051,8023620.38,76311544.72,256.81,2442.52,20.01,1.91,10.8
5106505,Poconé,pantanal_norte,TRUE,2005,3397467,898857,4319093,20625059,25843009,3.48,16.71,79.81,0.1315,9578868.06,72862156.86,305.57,2324.29,19.38,-4.52,10.8
5106505,Poconé,pantanal_norte,TRUE,2006,4949216,838947,5200311,22330866,28370124,2.96,18.33,78.71,0.1745,13572084.53,77798528.28,431.53,2473.65,41.69,6.77,10.8
5106505,Poconé,pantanal_norte,TRUE,2007,5885388,2220624,6631302,28778429,37630355,5.9,17.62,76.48,0.1564,15348080.44,98133498.71,493.22,3153.6,13.09,26.14,10.8
5106505,Poconé,pantanal_norte,TRUE,2008,6679267,2578464,7984491,32182086,42745041,6.03,18.68,75.29,0.1563,16358211.29,104686998.13,510.26,3265.44,6.58,6.68,10.8
5106505,Poconé,pantanal_norte,TRUE,2009,7766281,2859199,9138897,28390392,40388488,7.08,22.63,70.29,0.1923,18268877.21,95007163.41,568.04,2954.02,11.68,-9.25,10.8
5106505,Poconé,pantanal_norte,TRUE,2010,8533170,4041543,10044965,28775554,42862062,9.43,23.44,67.14,0.1991,18853911.12,94703083.06,593.29,2980.04,3.2,-0.32,10.8
5106505,Poconé,pantanal_norte,TRUE,2011,10440591,6048092,12992809,34678418,53719319,11.26,24.19,64.55,0.1944,21746121.53,111888957.17,682.62,3512.22,15.34,18.15,10.8
5106505,Poconé,pantanal_norte,TRUE,2012,13827078,11473486,17880730,48923389,78277605,14.66,22.84,62.5,0.1766,27119001.61,153525603.62,849.3,4808.04,24.71,37.21,10.8
5106505,Poconé,pantanal_norte,TRUE,2013,18345365,15339108,23831151,67917790,107088049,14.32,22.25,63.42,0.1713,34084565.82,198963043.59,1063.38,6207.31,25.69,29.6,10.8
5106505,Poconé,pantanal_norte,TRUE,2014,22840144,15802736,30756105,92279826,138838667,11.38,22.15,66.47,0.1645,39947593.18,242829930.81,1244.78,7566.69,17.2,22.05,10.8
5106505,Poconé,pantanal_norte,TRUE,2015,24565698,16868198,33832212,107458765,158159175,10.67,21.39,67.94,0.1553,38611722.79,248590462.29,1201.69,7736.78,-3.34,2.37,10.8
5106505,Poconé,pantanal_norte,TRUE,2016,27083296,12846322,34409182,107310570,154566074,8.31,22.26,69.43,0.1752,39940740.64,227944319.38,1240.21,7077.91,3.44,-8.31,10.8
5106505,Poconé,pantanal_norte,TRUE,2017,30763529,9252915,33249390,106735840,149238145,6.2,22.28,71.52,0.2061,44449211.13,215629286.76,1378.65,6688.04,11.29,-5.4,10.8
5106505,Poconé,pantanal_norte,TRUE,2018,34382603,7047727,35626243,109879775,152553745,4.62,23.35,72.03,0.2254,48029116.45,213102585.11,1465.73,6503.38,8.05,-1.17,10.8
5106505,Poconé,pantanal_norte,TRUE,2019,42818101,5412917,41923887,114494149,161830953,3.34,25.91,70.75,0.2646,57247149.25,216365520.75,1743.06,6587.87,19.19,1.53,10.8
5106505,Poconé,pantanal_norte,TRUE,2020,54141880,5000442,48661987,125377339,179039768,2.79,27.18,70.03,0.3024,68647414.93,227007581.61,2060.57,6813.99,19.91,4.92,10.8
5106505,Poconé,pantanal_norte,TRUE,2021,59178745,4161506,64781645,154417254,223360405,1.86,29,69.13,0.2649,68113247.63,257082210.44,2040.17,7700.3,-0.78,13.25,10.8
5106505,Poconé,pantanal_norte,TRUE,2022,57211464,3690919,76208356,181999577,261898852,1.41,29.1,69.49,0.2184,62161273.65,284557762.87,1991.25,9115.47,-8.74,10.69,10.8
5106505,Poconé,pantanal_norte,TRUE,2023,54443122,4195381,82842998,217352427,304390806,1.38,27.22,71.41,0.1789,57039055.58,318904637.81,1827.18,10215.73,-8.24,12.07,10.8
5106505,Poconé,pantanal_norte,TRUE,2024,61069692,9840098,94303276,253324870,357468244,2.75,26.38,70.87,0.1708,61069692,357468244,1953.05,11432.03,7.07,12.09,10.8
5106828,Porto Esperidião,pantanal_norte,TRUE,2012,280361,425825,1359392,3866023,5651240,7.54,24.05,68.41,0.0496,549871.09,11083758.01,49.14,990.69,,,
5106828,Porto Esperidião,pantanal_norte,TRUE,2013,269462,1428528,3247954,8984900,13661382,10.46,23.77,65.77,0.0197,500643.91,25382011.97,44.23,2242.83,-8.95,129,
5106828,Porto Esperidião,pantanal_norte,TRUE,2014,410482,1224608,4281852,10959680,16466140,7.44,26,66.56,0.0249,717936.27,28799409.58,63.01,2528.05,43.4,13.46,
5107602,Rondonópolis,pantanal_norte,TRUE,2000,49932394,7657705,35137206,270661805,313456716,2.44,11.21,86.35,0.1593,,,,,,,5.01
5107602,Rondonópolis,pantanal_norte,TRUE,2001,58817625,11959757,49212004,386802746,447974507,2.67,10.99,86.34,0.1313,,,,,,,5.01
5107602,Rondonópolis,pantanal_norte,TRUE,2002,65738440,43684956,51088777,420049294,514823027,8.49,9.92,81.59,0.1277,228095261.21,1786301786.64,1464,11465.13,,,5.01
5107602,Rondonópolis,pantanal_norte,TRUE,2003,74814785,25509889,62391025,495505491,583406405,4.37,10.69,84.93,0.1282,235168293.58,1833844589.98,1484.73,11577.97,3.1,2.66,5.01
5107602,Rondonópolis,pantanal_norte,TRUE,2004,86195432,46386626,88943267,572302111,707632004,6.56,12.57,80.88,0.1218,255285071.93,2095794206.79,1558.28,12792.96,8.55,14.28,5.01
5107602,Rondonópolis,pantanal_norte,TRUE,2005,89531303,50830997,106547061,546408856,703786914,7.22,15.14,77.64,0.1272,252425862.74,1984267099.94,1513.08,11893.94,-1.12,-5.32,5.01
5107602,Rondonópolis,pantanal_norte,TRUE,2006,103631325,52228640,120660679,573607736,746497055,7,16.16,76.84,0.1388,284185031.06,2047096172.54,1673.51,12054.93,12.58,3.17,5.01
5107602,Rondonópolis,pantanal_norte,TRUE,2007,143834603,106779059,172830566,848006362,1127615987,9.47,15.33,75.2,0.1276,375095925.3,2940628702.75,2170.91,17019.2,31.99,43.65,5.01
5107602,Rondonópolis,pantanal_norte,TRUE,2008,175007211,91627847,240571372,1559405633,1891604852,4.84,12.72,82.44,0.0925,428610644.44,4632734674.22,2393.23,25867.61,14.27,57.54,5.01
5107602,Rondonópolis,pantanal_norte,TRUE,2009,194519549,161422456,256308037,1628706900,2046437393,7.89,12.52,79.59,0.0951,457574707.41,4813901719.07,2515.5,26464.26,6.76,3.91,5.01
5107602,Rondonópolis,pantanal_norte,TRUE,2010,234240115,175707100,344213577,1702539070,2222459747,7.91,15.49,76.61,0.1054,517550020.49,4910491474.1,2647.65,25120.7,13.11,2.01,5.01
5107602,Rondonópolis,pantanal_norte,TRUE,2011,265594706,272521061,414574277,2163051827,2850147165,9.56,14.55,75.89,0.0932,553192319.57,5936411704.41,2780.55,29838.72,6.89,20.89,5.01
5107602,Rondonópolis,pantanal_norte,TRUE,2012,328225708,338803519,446837017,2334834501,3120475037,10.86,14.32,74.82,0.1052,643747978.05,6120177203.29,3182.01,30251.63,16.37,3.1,5.01
5107602,Rondonópolis,pantanal_norte,TRUE,2013,422501397,493887733,538787290,3081382273,4114057296,12,13.1,74.9,0.1027,784981747.72,7643666765.03,3773.6,36745.04,21.94,24.89,5.01
5107602,Rondonópolis,pantanal_norte,TRUE,2014,466644826,611955399,552990383,3476158709,4641104491,13.19,11.92,74.9,0.1005,816165505.3,8117328599.86,3854.95,38340.29,3.97,6.2,5.01
5107602,Rondonópolis,pantanal_norte,TRUE,2015,460050019,835019832,592254466,4182382995,5609657293,14.89,10.56,74.56,0.082,723094609.57,8817112884.66,3358.24,40948.87,-11.4,8.62,5.01
5107602,Rondonópolis,pantanal_norte,TRUE,2016,460085090,709081117,534037850,3826342419,5069461386,13.99,10.53,75.48,0.0908,678504538.43,7476122640.25,3099.62,34153.29,-6.17,-15.21,5.01
5107602,Rondonópolis,pantanal_norte,TRUE,2017,515934063,606017828,501670522,4030283026,5137971376,11.79,9.76,78.44,0.1004,745456156.83,7423685836.03,3353.14,33392.5,9.87,-0.7,5.01
5107602,Rondonópolis,pantanal_norte,TRUE,2018,561855314,801087031,581688377,4414456856,5797232264,13.82,10.03,76.15,0.0969,784856640.97,8098163581.06,3429.45,35385.26,5.29,9.09,5.01
5107602,Rondonópolis,pantanal_norte,TRUE,2019,588374477,1017188234,709568977,4847326964,6574084175,15.47,10.79,73.73,0.0895,786647719.4,8789450470.05,3383.56,37805.55,0.23,8.54,5.01
5107602,Rondonópolis,pantanal_norte,TRUE,2020,713828950,1221415473,949627604,5603258340,7774301417,15.71,12.21,72.07,0.0918,905075924.97,9857169628.5,3834.38,41760.24,15.05,12.15,5.01
5107602,Rondonópolis,pantanal_norte,TRUE,2021,719730197,1461034449,1094299480,6217685450,8773019379,16.65,12.47,70.87,0.082,828391361.35,10097524734.85,3457.2,42140.98,-8.47,2.44,5.01
5107602,Rondonópolis,pantanal_norte,TRUE,2022,680148683,1816257684,1291635098,7061690176,10169582958,17.86,12.7,69.44,0.0669,738993646.5,11049432839.25,3017.41,45116.11,-10.79,9.43,5.01
5107602,Rondonópolis,pantanal_norte,TRUE,2023,645254959,1920974390,1376106881,7376342281,10673423552,18,12.89,69.11,0.0605,676021729.09,11182349154.07,2760.27,45658.83,-8.52,1.2,5.01
5107602,Rondonópolis,pantanal_norte,TRUE,2024,668389939,2284894465,1533606067,8058786441,11877286973,19.24,12.91,67.85,0.0563,668389938.99,11877286973,2579,45828.7,-1.13,6.21,5.01
5107800,Santo Antônio do Leverger,pantanal_norte,TRUE,2004,636604,538633,1363117,4953538,6855288,7.86,19.88,72.26,0.0929,1885430.51,20303311.32,121.96,1313.36,,,
5107800,Santo Antônio do Leverger,pantanal_norte,TRUE,2005,709700,528780,1741643,5676675,7947098,6.65,21.92,71.43,0.0893,2000938.54,22406164.12,129.39,1448.91,6.13,10.36,
5107800,Santo Antônio do Leverger,pantanal_norte,TRUE,2006,1256389,341949,2031544,5754098,8127591,4.21,25,70.8,0.1546,3445357.34,22288045.65,222.72,1440.83,72.19,-0.53,
5107800,Santo Antônio do Leverger,pantanal_norte,TRUE,2007,1493208,564640,2856613,6622773,10044026,5.62,28.44,65.94,0.1487,3894029.84,26193093.65,202.85,1364.45,13.02,17.52,
5107800,Santo Antônio do Leverger,pantanal_norte,TRUE,2008,1939541,577912,3905411,7463015,11946338,4.84,32.69,62.47,0.1624,4750135.23,29257809.43,237.94,1465.53,21.99,11.7,
5107800,Santo Antônio do Leverger,pantanal_norte,TRUE,2009,2161614,1645705,6091014,8999534,16736253,9.83,36.39,53.77,0.1292,5084835.42,39369236.2,249.12,1928.73,7.05,34.56,
5107800,Santo Antônio do Leverger,pantanal_norte,TRUE,2010,2513359,2198803,8241449,11847532,22287784,9.87,36.98,53.16,0.1128,5553229.01,49244524.43,300.78,2667.2,9.21,25.08,
5107800,Santo Antônio do Leverger,pantanal_norte,TRUE,2011,2921789,2366108,10558586,16311806,29236500,8.09,36.11,55.79,0.0999,6085630.47,60895066.39,325.5,3257.11,9.59,23.66,
5107800,Santo Antônio do Leverger,pantanal_norte,TRUE,2012,4287287,3012714,13863626,25201248,42077588,7.16,32.95,59.89,0.1019,8408641.59,82526631.93,444.42,4361.63,38.17,35.52,
5107800,Santo Antônio do Leverger,pantanal_norte,TRUE,2013,4476762,4383630,14352165,39580929,58316724,7.52,24.61,67.87,0.0768,8317549.92,108348905.48,430.92,5613.35,-1.08,31.29,
5107800,Santo Antônio do Leverger,pantanal_norte,TRUE,2014,6484904,4532392,15824113,59193592,79550097,5.7,19.89,74.41,0.0815,11342148.58,139133751.19,596.01,7311.27,36.36,28.41,
5107800,Santo Antônio do Leverger,pantanal_norte,TRUE,2015,6251555,3781244,15853668,60773458,80408370,4.7,19.72,75.58,0.0777,9826030.95,126383776.79,510.26,6563.01,-13.37,-9.16,
5107800,Santo Antônio do Leverger,pantanal_norte,TRUE,2016,6852500,2915839,16759703,55988147,75663689,3.85,22.15,74,0.0906,10105635.77,111584047.16,555.69,6135.72,2.85,-11.71,
5107800,Santo Antônio do Leverger,pantanal_norte,TRUE,2017,8015687,1855444,16418654,49111279,67385377,2.75,24.37,72.88,0.119,11581602.49,97362914.7,629.7,5293.77,14.61,-12.74,
5107800,Santo Antônio do Leverger,pantanal_norte,TRUE,2018,9158162,1168961,18766690,41229958,61165609,1.91,30.68,67.41,0.1497,12793052.02,85442342.95,778.49,5199.43,10.46,-12.24,
5107800,Santo Antônio do Leverger,pantanal_norte,TRUE,2019,9804782,824899,23120332,40530475,64475706,1.28,35.86,62.86,0.1521,13108844.28,86203037.46,788.37,5184.2,2.47,0.89,
5107800,Santo Antônio do Leverger,pantanal_norte,TRUE,2020,13710335,1435772,27843014,46067459,75346245,1.91,36.95,61.14,0.182,17383568.05,95532791.69,1022.62,5619.91,32.61,10.82,
5107800,Santo Antônio do Leverger,pantanal_norte,TRUE,2021,13849654,1543363,33603092,55070264,90216719,1.71,37.25,61.04,0.1535,15940603.55,103837175.36,927.43,6041.26,-8.3,8.69,
5107800,Santo Antônio do Leverger,pantanal_norte,TRUE,2022,13442007,1591918,39032656,62909712,103534286,1.54,37.7,60.76,0.1298,14604979.79,112491844.01,957.94,7378.44,-8.38,8.33,
5107800,Santo Antônio do Leverger,pantanal_norte,TRUE,2023,12209899,2737511,42063856,69903885,114705252,2.39,36.67,60.94,0.1064,12792086.17,120174578.6,839.05,7882.36,-12.41,6.83,
5107800,Santo Antônio do Leverger,pantanal_norte,TRUE,2024,14622440,2509459,44485782,72602046,119597287,2.1,37.2,60.71,0.1223,14622440,119597287.01,870.65,7121.02,14.31,-0.48,
5103403,Cuiabá,polo_metropolitano,FALSE,2000,281830841,116238637,217882426,1051295652,1385416715,8.39,15.73,75.88,0.2034,,,,,,,3.39
5103403,Cuiabá,polo_metropolitano,FALSE,2001,307986414,135898417,319237264,733829541,1188965222,11.43,26.85,61.72,0.259,,,,,,,3.39
5103403,Cuiabá,polo_metropolitano,FALSE,2002,362735617,173725854,396201892,845307590,1415235336,12.28,28,59.73,0.2563,1258598094.38,4910497931.59,2515.74,9815.35,,,3.39
5103403,Cuiabá,polo_metropolitano,FALSE,2003,353623661,229361151,446217087,972933637,1648511875,13.91,27.07,59.02,0.2145,1111559338.5,5181833037.13,2187.43,10197.33,-11.68,5.53,3.39
5103403,Cuiabá,polo_metropolitano,FALSE,2004,417429658,357398046,640646810,1395927200,2393972056,14.93,26.76,58.31,0.1744,1236301713.36,7090228731.64,2356.35,13513.78,11.22,36.83,3.39
5103403,Cuiabá,polo_metropolitano,FALSE,2005,400383181,422439363,969933038,1965063471,3357435872,12.58,28.89,58.53,0.1193,1128846185.72,9466003712.85,2114.74,17733.24,-8.69,33.51,3.39
5103403,Cuiabá,polo_metropolitano,FALSE,2006,456695176,615223386,985314047,2445371288,4045908721,15.21,24.35,60.44,0.1129,1252381292.79,11094972447.33,2307.01,20437.96,10.94,17.21,3.39
5103403,Cuiabá,polo_metropolitano,FALSE,2007,635228850,838997204,1309720626,2886485767,5035203597,16.66,26.01,57.33,0.1262,1656567670.79,13130945634.19,3144.41,24924.4,32.27,18.35,3.39
5103403,Cuiabá,polo_metropolitano,FALSE,2008,765429313,606097124,1638704819,3330231181,5575033124,10.87,29.39,59.73,0.1373,1874615047.23,13653829041.59,3441.32,25064.99,13.16,3.98,3.39
5103403,Cuiabá,polo_metropolitano,FALSE,2009,931454536,882934965,1953082420,4123026840,6959044225,12.69,28.07,59.25,0.1338,2191091018.68,16369987702.7,3979.72,29733.24,16.88,19.89,3.39
5103403,Cuiabá,polo_metropolitano,FALSE,2010,1070872219,1250633839,2779776658,5605094071,9635504568,12.98,28.85,58.17,0.1111,2366076104.8,21289502810.43,4293.38,38631.06,7.99,30.05,3.39
5103403,Cuiabá,polo_metropolitano,FALSE,2011,1128791115,1298675576,3352809661,6767283265,11418768502,11.37,29.36,59.26,0.0989,2351095715.06,23783512591.08,4226.33,42753.11,-0.63,11.71,3.39
5103403,Cuiabá,polo_metropolitano,FALSE,2012,1379280011,1806142499,3678405228,8294065176,13778612903,13.11,26.7,60.2,0.1001,2705177250.31,27023947181.77,4819.24,48142.8,15.06,13.62,3.39
5103403,Cuiabá,polo_metropolitano,FALSE,2013,1677080441,2329446615,3859813175,10403271054,16592530844,14.04,23.26,62.7,0.1011,3115912858.48,30827907205.73,5468.14,54100.19,15.18,14.08,3.39
5103403,Cuiabá,polo_metropolitano,FALSE,2014,1867040490,3230780402,3793702558,12083169196,19107652156,16.91,19.85,63.24,0.0977,3265468639.2,33419435313.9,5674.33,58072.27,4.8,8.41,3.39
5103403,Cuiabá,polo_metropolitano,FALSE,2015,1841011948,3628840101,3713356009,12747799522,20089995632,18.06,18.48,63.45,0.0916,2893654517.51,31576930655.08,4984.86,54397.12,-11.39,-5.51,3.39
5103403,Cuiabá,polo_metropolitano,FALSE,2016,1877266171,3457645083,3447779870,12674277632,19579702585,17.66,17.61,64.73,0.0959,2768474016.11,28874913257.92,4729.47,49327.88,-4.33,-8.56,3.39
5103403,Cuiabá,polo_metropolitano,FALSE,2017,2077669367,3273525986,3257888674,12561220230,19092634890,17.15,17.06,65.79,0.1088,3001956126.84,27586320131.58,5087.05,46747.13,8.43,-4.46,3.39
5103403,Cuiabá,polo_metropolitano,FALSE,2018,2269823585,3567942158,3149790260,12805990398,19523722816,18.27,16.13,65.59,0.1163,3170720415.26,27272721511.82,5222.27,44919.03,5.62,-1.14,3.39
5103403,Cuiabá,polo_metropolitano,FALSE,2019,2366044357,3536222023,3471753460,13358616026,20366591509,17.36,17.05,65.59,0.1162,3163365288.94,27229822823.51,5164.27,44453.45,-0.23,-0.16,3.39
5103403,Cuiabá,polo_metropolitano,FALSE,2020,2904694208,3589705114,5153817056,15755629475,24499151645,14.65,21.04,64.31,0.1186,3682911427.21,31062893058.31,5958.21,50253.5,16.42,14.08,3.39
5103403,Cuiabá,polo_metropolitano,FALSE,2021,2885634556,3934466175,6007165441,17901581433,27843213049,14.13,21.57,64.29,0.1036,3321292823.63,32046838188.13,5325.88,51388.91,-9.82,3.17,3.39
5103403,Cuiabá,polo_metropolitano,FALSE,2022,2767022168,4700844016,6606829526,22526273517,33833947059,13.89,19.53,66.58,0.0818,3006418821.34,36761185513.61,4619.02,56479.47,-9.48,14.71,3.39
5103403,Cuiabá,polo_metropolitano,FALSE,2023,2599369482,5078300006,6864531028,25298668338,37241499372,13.64,18.43,67.93,0.0698,2723311502.31,39017232565.53,4184.06,59945.63,-9.42,6.14,3.39
5103403,Cuiabá,polo_metropolitano,FALSE,2024,2619045695,5425968680,7254580023,27089050731,39769599434,13.64,18.24,68.11,0.0659,2619045694.99,39769599433.99,3835,58233.61,-3.83,1.93,3.39
5108402,Várzea Grande,polo_metropolitano,FALSE,2000,33768850,5547135,26778647,106221476,138547258,4,19.33,76.67,0.2437,,,,,,,6.2
5108402,Várzea Grande,polo_metropolitano,FALSE,2001,38755969,9845395,51649021,100877267,162371683,6.06,31.81,62.13,0.2387,,,,,,,6.2
5108402,Várzea Grande,polo_metropolitano,FALSE,2002,48622870,15076684,55370162,126722949,197169795,7.65,28.08,64.27,0.2466,168708692.11,684127823.76,744.77,3020.1,,,6.2
5108402,Várzea Grande,polo_metropolitano,FALSE,2003,51627003,20961218,82146277,166905668,270013163,7.76,30.42,61.81,0.1912,162281214.85,848743129.92,700.27,3662.55,-3.81,24.06,6.2
5108402,Várzea Grande,polo_metropolitano,FALSE,2004,61920938,18234283,92444444,184771012,295449739,6.17,31.29,62.54,0.2096,183391285.87,875033700.99,755.71,3605.79,13.01,3.1,6.2
5108402,Várzea Grande,polo_metropolitano,FALSE,2005,61678424,17417297,109966899,203211397,330595593,5.27,33.26,61.47,0.1866,173897049.07,932086041.28,699.15,3747.42,-5.18,6.52,6.2
5108402,Várzea Grande,polo_metropolitano,FALSE,2006,77394901,19148948,118557674,228026844,365733466,5.24,32.42,62.35,0.2116,212237683.38,1002939761.67,833.17,3937.17,22.05,7.6,6.2
5108402,Várzea Grande,polo_metropolitano,FALSE,2007,107335748,33467860,152160537,287562760,473191157,7.07,32.16,60.77,0.2268,279913184.13,1234001215.13,1215.39,5358.07,31.89,23.04,6.2
5108402,Várzea Grande,polo_metropolitano,FALSE,2008,118876367,58286692,209408123,402108670,669803485,8.7,31.26,60.03,0.1775,291140439.18,1640417567.43,1223.66,6894.68,4.01,32.93,6.2
5108402,Várzea Grande,polo_metropolitano,FALSE,2009,144237194,68831598,269648079,486151979,824631656,8.35,32.7,58.95,0.1749,339293876.52,1939808058.63,1413.5,8081.26,16.54,18.25,6.2
5108402,Várzea Grande,polo_metropolitano,FALSE,2010,185822751,105047976,329394458,635536386,1069978820,9.82,30.79,59.4,0.1737,410572580.99,2364102153.11,1625.41,9359.22,21.01,21.87,6.2
5108402,Várzea Grande,polo_metropolitano,FALSE,2011,204171274,125166905,431721092,808813929,1365701926,9.17,31.61,59.22,0.1495,425256897.45,2844543958.22,1664.74,11135.47,3.58,20.32,6.2
5108402,Várzea Grande,polo_metropolitano,FALSE,2012,248053398,151707993,505654544,969679147,1627041684,9.32,31.08,59.6,0.1525,486506295.87,3191111386.94,1884.16,12358.69,14.4,12.18,6.2
5108402,Várzea Grande,polo_metropolitano,FALSE,2013,307435359,210167614,537819099,1103319934,1851306647,11.35,29.05,59.6,0.1661,571196088.65,3439614490.37,2172.83,13084.35,17.41,7.79,6.2
5108402,Várzea Grande,polo_metropolitano,FALSE,2014,359269847,228261691,574942918,1273320663,2076525272,10.99,27.69,61.32,0.173,628365814.6,3631859185.98,2364.28,13665.16,10.01,5.59,6.2
5108402,Várzea Grande,polo_metropolitano,FALSE,2015,373178040,226950693,606279337,1363528878,2196758908,10.33,27.6,62.07,0.1699,586551500.91,3452808301.92,2183.79,12855.12,-6.65,-4.93,6.2
5108402,Várzea Grande,polo_metropolitano,FALSE,2016,399393789,165710992,524291248,1296934373,1986936613,8.34,26.39,65.27,0.201,589000826.9,2930209082.61,2170.71,10799.08,0.42,-15.14,6.2
5108402,Várzea Grande,polo_metropolitano,FALSE,2017,408181357,117402675,464434359,1261740340,1843577374,6.37,25.19,68.44,0.2214,589767816.27,2663724306.23,2152.33,9721.16,0.13,-9.09,6.2
5108402,Várzea Grande,polo_metropolitano,FALSE,2018,431129104,93042283,478628429,1286398810,1858069522,5.01,25.76,69.23,0.232,602244976.52,2595540466.36,2135.56,9203.74,2.12,-2.56,6.2
5108402,Várzea Grande,polo_metropolitano,FALSE,2019,467349717,139500790,590893775,1506155995,2236550560,6.24,26.42,67.34,0.209,624839457.54,2990234053.54,2192.65,10493.11,3.75,15.21,6.2
5108402,Várzea Grande,polo_metropolitano,FALSE,2020,605046026,159225242,736043213,1831869086,2727137541,5.84,26.99,67.17,0.2219,767148196.52,3457784294.69,2668.11,12025.98,22.78,15.64,6.2
5108402,Várzea Grande,polo_metropolitano,FALSE,2021,602990663,170173622,935287348,2198058591,3303519561,5.15,28.31,66.54,0.1825,694027092.79,3802267957.95,2390.04,13093.98,-9.53,9.96,6.2
5108402,Várzea Grande,polo_metropolitano,FALSE,2022,612220497,185531317,1025492755,2536377547,3747401619,4.95,27.37,67.68,0.1634,665188463.7,4071618539.51,2216.71,13568.54,-4.16,7.08,6.2
5108402,Várzea Grande,polo_metropolitano,FALSE,2023,596449489,199322965,1041488866,2880827161,4121638992,4.84,25.27,69.9,0.1447,624889137.61,4318165213.9,2082.42,14390.13,-6.06,6.06,6.2
5108402,Várzea Grande,polo_metropolitano,FALSE,2024,633761322,242257467,1094854634,3239860902,4576973003,5.29,23.92,70.79,0.1385,633761322,4576973003.01,2014.32,14547.29,1.42,5.99,6.2
5100250,Alta Floresta,resto_mt,FALSE,2000,11649008,1318823,8865692,38694537,48879052,2.7,18.14,79.16,0.2383,,,,,,,6.65
5100250,Alta Floresta,resto_mt,FALSE,2001,13020772,1897736,11561294,43200899,56659929,3.35,20.4,76.25,0.2298,,,,,,,6.65
5100250,Alta Floresta,resto_mt,FALSE,2002,16766088,5318532,12644591,59365117,77328240,6.88,16.35,76.77,0.2168,58173957.61,268308847.94,1235.99,5700.58,,,6.65
5100250,Alta Floresta,resto_mt,FALSE,2003,18063424,8446959,21720778,78711130,108878867,7.76,19.95,72.29,0.1659,56779480.13,342243279.3,1205.34,7265.23,-2.4,27.56,6.65
5100250,Alta Floresta,resto_mt,FALSE,2004,18977825,8347488,27401947,83534894,119284329,7,22.97,70.03,0.1591,56206637.72,353284481.57,1191.07,7486.42,-1.01,3.23,6.65
5100250,Alta Floresta,resto_mt,FALSE,2005,19108457,7394161,33673009,85074423,126141593,5.86,26.69,67.44,0.1515,53874662.62,355645448.86,1140.54,7529.13,-4.15,0.67,6.65
5100250,Alta Floresta,resto_mt,FALSE,2006,24692667,9280155,34813458,93289695,137383308,6.75,25.34,67.9,0.1797,67713949.81,376742067.63,1432.17,7968.15,25.69,5.93,6.65
5100250,Alta Floresta,resto_mt,FALSE,2007,34394127,16838873,44402861,125609639,186851373,9.01,23.76,67.22,0.1841,89693972.27,487276268.63,1825.28,9916.08,32.46,29.34,6.65
5100250,Alta Floresta,resto_mt,FALSE,2008,42675575,19519468,61857403,154059926,235436797,8.29,26.27,65.44,0.1813,104516868.75,576608910.63,2043.91,11276,16.53,18.33,6.65
5100250,Alta Floresta,resto_mt,FALSE,2009,47818324,19044589,71054579,150102998,240202166,7.93,29.58,62.49,0.1991,112484610.03,565035423.89,2187.81,10989.91,7.62,-2.01,6.65
5100250,Alta Floresta,resto_mt,FALSE,2010,65076513,22349760,69725172,167810044,259884976,8.6,26.83,64.57,0.2504,143785579.33,574211956.2,2924.61,11679.51,27.83,1.62,6.65
5100250,Alta Floresta,resto_mt,FALSE,2011,80311185,32094107,79163549,216762461,328020117,9.78,24.13,66.08,0.2448,167275663.69,683214707.57,3390.81,13849.32,16.34,18.98,6.65
5100250,Alta Floresta,resto_mt,FALSE,2012,97448710,40201197,103040940,281367035,424609172,9.47,24.27,66.26,0.2295,191125827.43,832784542.09,3861.61,16825.98,14.26,21.89,6.65
5100250,Alta Floresta,resto_mt,FALSE,2013,110669376,49022660,121937166,350714235,521674061,9.4,23.37,67.23,0.2121,205616930.05,969238490.21,4132.09,19477.87,7.58,16.39,6.65
5100250,Alta Floresta,resto_mt,FALSE,2014,137196313,81298580,125273226,446369152,652940958,12.45,19.19,68.36,0.2101,239957440.63,1141998919.15,4810.98,22896.3,16.7,17.82,6.65
5100250,Alta Floresta,resto_mt,FALSE,2015,140276344,81618692,128993652,498908158,709520502,11.5,18.18,70.32,0.1977,220482695.38,1115205801.95,4410.44,22308.13,-8.12,-2.35,6.65
5100250,Alta Floresta,resto_mt,FALSE,2016,151500023,67310341,116437325,509779424,693527090,9.71,16.79,73.51,0.2184,223422700.3,1022770109.96,4461.13,20421.92,1.33,-8.29,6.65
5100250,Alta Floresta,resto_mt,FALSE,2017,162850188,57589546,109446416,550835625,717871587,8.02,15.25,76.73,0.2269,235296879.95,1037229042.84,4688.22,20666.46,5.31,1.41,6.65
5100250,Alta Floresta,resto_mt,FALSE,2018,185629159,51480464,119099800,626616087,797196351,6.46,14.94,78.6,0.2329,259305687,1113604934.68,5023.84,21575.22,10.2,7.36,6.65
5100250,Alta Floresta,resto_mt,FALSE,2019,199035439,39127493,128933029,734063779,902124301,4.34,14.29,81.37,0.2206,266107352.19,1206126458.13,5139,23292.39,2.62,8.31,6.65
5100250,Alta Floresta,resto_mt,FALSE,2020,260003716,53056784,167963335,930484163,1151504282,4.61,14.59,80.81,0.2258,329663154.94,1460011958.21,6344.67,28099.3,23.88,21.05,6.65
5100250,Alta Floresta,resto_mt,FALSE,2021,263893679,52901956,205641418,1240060336,1498603710,3.53,13.72,82.75,0.1761,303734989.74,1724855192.47,5829.28,33103.45,-7.87,18.14,6.65
5100250,Alta Floresta,resto_mt,FALSE,2022,230416143,59541384,254602898,1730760893,2044905175,2.91,12.45,84.64,0.1127,250351239.34,2221825859.24,4271.27,37906.7,-17.58,28.81,6.65
5100250,Alta Floresta,resto_mt,FALSE,2023,217651327,65866327,292668093,2106656843,2465191263,2.67,11.87,85.46,0.0883,228029284.19,2582735455.03,3890.42,44064.2,-8.92,16.24,6.65
5100250,Alta Floresta,resto_mt,FALSE,2024,239863721,73191840,327975135,2382569635,2783736610,2.63,11.78,85.59,0.0862,239863720.99,2783736610,3913.53,45418.35,5.19,7.78,6.65
5100300,Alto Araguaia,resto_mt,FALSE,2000,2074818,72180,832376,15675848,16580404,0.44,5.02,94.54,0.1251,,,,,,,9.26
5100300,Alto Araguaia,resto_mt,FALSE,2001,2205329,360485,3111208,17154054,20625747,1.75,15.08,83.17,0.1069,,,,,,,9.26
5100300,Alto Araguaia,resto_mt,FALSE,2002,2597564,553052,3954335,23984500,28491887,1.94,13.88,84.18,0.0912,9012870.38,98859425.45,780.68,8562.97,,,9.26
5100300,Alto Araguaia,resto_mt,FALSE,2003,2894457,633780,5442389,31318744,37394913,1.69,14.55,83.75,0.0774,9098261.96,117544919.48,783.86,10127.06,0.95,18.9,9.26
5100300,Alto Araguaia,resto_mt,FALSE,2004,3531070,1716992,6632502,36925530,45275024,3.79,14.65,81.56,0.078,10457972.52,134091070.6,890.95,11423.68,14.94,14.08,9.26
5100300,Alto Araguaia,resto_mt,FALSE,2005,2991017,1579833,6722340,27599435,35901608,4.4,18.72,76.88,0.0833,8432917.01,101221517.72,714,8570.11,-19.36,-24.51,9.26
5100300,Alto Araguaia,resto_mt,FALSE,2006,4029571,1748717,8721122,23570690,34040529,5.14,25.62,69.24,0.1184,11050170.02,93348307.48,929.91,7855.63,31.04,-7.78,9.26
5100300,Alto Araguaia,resto_mt,FALSE,2007,5895010,5420113,8849979,31479055,45749147,11.85,19.34,68.81,0.1289,15373172.96,119305912.96,1114.8,8651.64,39.12,27.81,9.26
5100300,Alto Araguaia,resto_mt,FALSE,2008,9101551,3877982,11420048,31546035,46844065,8.28,24.38,67.34,0.1943,22290633.73,114725929.13,1556.18,8009.34,45,-3.84,9.26
5100300,Alto Araguaia,resto_mt,FALSE,2009,9179785,5024104,13263330,32351890,50639324,9.92,26.19,63.89,0.1813,21593908.98,119120540.75,1477.92,8152.8,-3.13,3.83,9.26
5100300,Alto Araguaia,resto_mt,FALSE,2010,11578230,6720305,17046845,35935687,59702837,11.26,28.55,60.19,0.1939,25581925.51,131912522.81,1635.26,8432.15,18.47,10.74,9.26
5100300,Alto Araguaia,resto_mt,FALSE,2011,15552528,6556192,22929387,44030815,73516394,8.92,31.19,59.89,0.2116,32393488.44,153123174.54,2028.53,9588.77,26.63,16.08,9.26
5100300,Alto Araguaia,resto_mt,FALSE,2012,20595536,9350153,28182585,56555003,94087741,9.94,29.95,60.11,0.2189,40393955.55,184533970.22,2480.59,11332.23,24.7,20.51,9.26
5100300,Alto Araguaia,resto_mt,FALSE,2013,26526640,13520349,38503009,81219280,133242638,10.15,28.9,60.96,0.1991,49284874.27,247556669.85,2930.48,14719.74,22.01,34.15,9.26
5100300,Alto Araguaia,resto_mt,FALSE,2014,30389702,17320321,42839273,103467720,163627314,10.59,26.18,63.23,0.1857,53151830.05,286185471.21,3095.97,16669.7,7.85,15.6,9.26
5100300,Alto Araguaia,resto_mt,FALSE,2015,30750367,16712727,46578868,117756715,181048310,9.23,25.73,65.04,0.1698,48332624.06,284567007.12,2760.44,16252.62,-9.07,-0.57,9.26
5100300,Alto Araguaia,resto_mt,FALSE,2016,33202894,14554683,49740511,124402615,188697809,7.71,26.36,65.93,0.176,48965538.68,278279654.31,2744.56,15597.77,1.31,-2.21,9.26
5100300,Alto Araguaia,resto_mt,FALSE,2017,40608508,12339284,49510161,134760621,196610066,6.28,25.18,68.54,0.2065,58673897.45,284075417.19,3230.22,15639.46,19.83,2.08,9.26
5100300,Alto Araguaia,resto_mt,FALSE,2018,44487445,9628405,53003983,149858500,212490888,4.53,24.94,70.52,0.2094,62144587.36,296828881.8,3322.71,15870.66,5.92,4.49,9.26
5100300,Alto Araguaia,resto_mt,FALSE,2019,50038152,7656027,55275398,166406386,229337811,3.34,24.1,72.56,0.2182,66900247.54,306621162.29,3512.93,16100.67,7.65,3.3,9.26
5100300,Alto Araguaia,resto_mt,FALSE,2020,61338431,5227593,61859439,184131498,251218530,2.08,24.62,73.3,0.2442,77772044.93,318524267.47,4011.96,16431.48,16.25,3.88,9.26
5100300,Alto Araguaia,resto_mt,FALSE,2021,65025471,3846457,73661997,223759217,301267671,1.28,24.45,74.27,0.2158,74842682.26,346751514.88,3796.43,17589.09,-3.77,8.86,9.26
5100300,Alto Araguaia,resto_mt,FALSE,2022,61841136,4682182,89792064,282345803,376820049,1.24,23.83,74.93,0.1641,67191494.65,409421688.3,3908.07,23813.28,-10.22,18.07,9.26
5100300,Alto Araguaia,resto_mt,FALSE,2023,56393292,13762356,113657503,335409038,462828897,2.97,24.56,72.47,0.1218,59082212.76,484897305.88,3436.41,28203.19,-12.07,18.43,9.26
5100300,Alto Araguaia,resto_mt,FALSE,2024,63253662,23708190,136911892,397097685,557717767,4.25,24.55,71.2,0.1134,63253662,557717767,3582.35,31586.22,7.06,15.02,9.26
5100409,Alto Garças,resto_mt,FALSE,2000,1841737,110813,984109,34078638,35173560,0.32,2.8,96.89,0.0524,,,,,,,6.68
5100409,Alto Garças,resto_mt,FALSE,2001,2110156,63948,2255522,27791924,30111394,0.21,7.49,92.3,0.0701,,,,,,,6.68
5100409,Alto Garças,resto_mt,FALSE,2002,3027790,26626,2123448,26869323,29019397,0.09,7.32,92.59,0.1043,10505642.53,100689747.71,1259.52,12071.65,,,6.68
5100409,Alto Garças,resto_mt,FALSE,2003,3466145,95763,3458686,32302066,35856515,0.27,9.65,90.09,0.0967,10895271.64,112709211.78,1305.76,13507.82,3.71,11.94,6.68
5100409,Alto Garças,resto_mt,FALSE,2004,3403551,150369,3967623,42885115,47003107,0.32,8.44,91.24,0.0724,10080299.41,139209135.24,1207.22,16671.76,-7.48,23.51,6.68
5100409,Alto Garças,resto_mt,FALSE,2005,3197471,119423,3706894,41767989,45594306,0.26,8.13,91.61,0.0701,9014996.42,128549251.97,1079.25,15389.59,-10.57,-7.66,6.68
5100409,Alto Garças,resto_mt,FALSE,2006,3442057,6927899,3689576,50665363,61282838,11.3,6.02,82.67,0.0562,9439048.25,168054063,1129.62,20111.79,4.7,30.73,6.68
5100409,Alto Garças,resto_mt,FALSE,2007,5803881,7883090,4879587,55889259,68651936,11.48,7.11,81.41,0.0845,15135524.2,179032450.61,1657.42,19604.96,60.35,6.53,6.68
5100409,Alto Garças,resto_mt,FALSE,2008,5358598,1478671,5168929,61877704,68525304,2.16,7.54,90.3,0.0782,13123757.18,167825511.53,1389.5,17768.72,-13.29,-6.26,6.68
5100409,Alto Garças,resto_mt,FALSE,2009,6309244,2169639,7437966,60509931,70117536,3.09,10.61,86.3,0.09,14841441.35,164939776.92,1554.09,17271.19,13.09,-1.72,6.68
5100409,Alto Garças,resto_mt,FALSE,2010,7706090,2431562,8921735,53006533,64359830,3.78,13.86,82.36,0.1197,17026490.26,142202078.99,1645.07,13739.33,14.72,-13.79,6.68
5100409,Alto Garças,resto_mt,FALSE,2011,9572237,3122196,9121849,82967642,95211687,3.28,9.58,87.14,0.1005,19937475.68,198311083.74,1897.9,18877.77,17.1,39.46,6.68
5100409,Alto Garças,resto_mt,FALSE,2012,11776194,5321537,10673456,140688447,156683440,3.4,6.81,89.79,0.0752,23096609.71,307302704.32,2167.68,28841.18,15.85,54.96,6.68
5100409,Alto Garças,resto_mt,FALSE,2013,14747225,7923407,12679153,187222395,207824955,3.81,6.1,90.09,0.071,27399441.84,386126052.02,2511.63,35395.18,18.63,25.65,6.68
5100409,Alto Garças,resto_mt,FALSE,2014,17492193,9284478,17770808,216999113,244054399,3.8,7.28,88.91,0.0717,30593984.43,426853081.36,2763.42,38555.96,11.66,10.55,6.68
5100409,Alto Garças,resto_mt,FALSE,2015,18657277,9535072,17578719,216025807,243139598,3.92,7.23,88.85,0.0767,29325020.92,382160472.61,2611.54,34033.34,-4.15,-10.47,6.68
5100409,Alto Garças,resto_mt,FALSE,2016,17161534,7177288,16371538,210506597,234055423,3.07,6.99,89.94,0.0733,25308750.4,345170209.17,2223.38,30323.3,-13.7,-9.68,6.68
5100409,Alto Garças,resto_mt,FALSE,2017,20771515,5224860,12707153,233499021,251431034,2.08,5.05,92.87,0.0826,30012078.78,363284430.61,2602.51,31502.28,18.58,5.25,6.68
5100409,Alto Garças,resto_mt,FALSE,2018,24037953,3513949,10312252,189681222,203507423,1.73,5.07,93.21,0.1181,33578657.3,284279864.32,2829.33,23953.47,11.88,-21.75,6.68
5100409,Alto Garças,resto_mt,FALSE,2019,25504348,2483325,11197358,151560688,165241371,1.5,6.78,91.72,0.1543,34098925.04,220925197.69,2834.48,18364.53,1.55,-22.29,6.68
5100409,Alto Garças,resto_mt,FALSE,2020,31773022,2593756,12801045,151099678,166494479,1.56,7.69,90.75,0.1908,40285557.59,211101195.29,3315.42,17373.16,18.14,-4.45,6.68
5100409,Alto Garças,resto_mt,FALSE,2021,36968105,2432380,16394768,158977235,177804383,1.37,9.22,89.41,0.2079,42549359.4,204648374.48,3452.85,16607.02,5.62,-3.06,6.68
5100409,Alto Garças,resto_mt,FALSE,2022,39356345,2796015,23454685,189334165,215584865,1.3,10.88,87.82,0.1826,42761369.14,234236791.89,3276.22,17946.43,0.5,14.46,6.68
5100409,Alto Garças,resto_mt,FALSE,2023,39394691,3600921,29035129,185671867,218307917,1.65,13.3,85.05,0.1805,41273091.75,228717181.43,3162.21,17523.54,-3.48,-2.36,6.68
5100409,Alto Garças,resto_mt,FALSE,2024,43570937,6000308,31805074,225158496,262963878,2.28,12.09,85.62,0.1657,43570937,262963878,3178.74,19184.65,5.57,14.97,6.68
5100508,Alto Paraguai,resto_mt,FALSE,2004,764645,191900,959386,3753718,4905004,3.91,19.56,76.53,0.1559,2264649.63,14527153.82,343.64,2204.43,,,
5100508,Alto Paraguai,resto_mt,FALSE,2005,500140,114460,1156489,4200295,5471244,2.09,21.14,76.77,0.0914,1410102.01,15425705.21,229.5,2510.7,-37.73,6.19,
5100508,Alto Paraguai,resto_mt,FALSE,2006,1160656,87708,1521752,5269806,6879266,1.27,22.12,76.6,0.1687,3182831.66,18864801.96,558.2,3308.46,125.72,22.29,
5100508,Alto Paraguai,resto_mt,FALSE,2007,3528923,455820,1865099,5957181,8278100,5.51,22.53,71.96,0.4263,9202824.72,21587862.12,1130.02,2650.76,189.14,14.43,
5100508,Alto Paraguai,resto_mt,FALSE,2008,1259201,327405,2549386,7027850,9904641,3.31,25.74,70.96,0.1271,3083912.66,24257483.67,368.85,2901.27,-66.49,12.37,
5100508,Alto Paraguai,resto_mt,FALSE,2009,1557605,524860,3301913,5485857,9312630,5.64,35.46,58.91,0.1673,3664005.26,21906404.62,439.91,2630.13,18.81,-9.69,
5100508,Alto Paraguai,resto_mt,FALSE,2010,1600838,570727,4107701,6336116,11014544,5.18,37.29,57.52,0.1453,3537027.55,24336469.75,351.37,2417.68,-3.47,11.09,
5100508,Alto Paraguai,resto_mt,FALSE,2011,1674010,696037,4669392,7045379,12410808,5.61,37.62,56.77,0.1349,3486701.56,25849776.03,342.51,2539.27,-1.42,6.22,
5100508,Alto Paraguai,resto_mt,FALSE,2012,1850482,1352587,5556750,8955359,15864696,8.53,35.03,56.45,0.1166,3629344.12,31115374.95,352.7,3023.86,4.09,20.37,
5100508,Alto Paraguai,resto_mt,FALSE,2013,2399307,1874390,5976635,13790230,21641255,8.66,27.62,63.72,0.1109,4457765.62,40208127.83,425.52,3838.12,22.83,29.22,
5100508,Alto Paraguai,resto_mt,FALSE,2014,2557016,2296718,5594720,32464810,40356248,5.69,13.86,80.45,0.0634,4472241.28,70583398.14,422.23,6663.85,0.32,75.55,
5100508,Alto Paraguai,resto_mt,FALSE,2015,2468234,1565581,6157888,32739777,40463246,3.87,15.22,80.91,0.061,3879505.77,63599073.7,362.44,5941.61,-13.25,-9.9,
5100508,Alto Paraguai,resto_mt,FALSE,2016,2558544,1125182,7395017,34630049,43150248,2.61,17.14,80.25,0.0593,3773179.69,63635270.39,348.92,5884.52,-2.74,0.06,
5100508,Alto Paraguai,resto_mt,FALSE,2017,2849875,717467,7175725,43313066,51206258,1.4,14.01,84.59,0.0557,4117690.64,73986237.84,377.05,6774.68,9.13,16.27,
5100508,Alto Paraguai,resto_mt,FALSE,2018,2982535,635052,6477649,41997149,49109850,1.29,13.19,85.52,0.0607,4166308.21,68601632.74,370.73,6104.43,1.18,-7.28,
5100607,Alto Taquari,resto_mt,FALSE,2000,679034,0,501054,15303172,15804226,0,3.17,96.83,0.043,,,,,,,9.17
5100607,Alto Taquari,resto_mt,FALSE,2001,848721,0,466210,9905878,10372088,0,4.49,95.51,0.0818,,,,,,,9.17
5100607,Alto Taquari,resto_mt,FALSE,2002,1052146,0,559059,3491076,4050135,0,13.8,86.2,0.2598,3650672.52,14052913.34,763.09,2937.49,,,9.17
5100607,Alto Taquari,resto_mt,FALSE,2003,1573710,0,802077,3193057,3995134,0,20.08,79.92,0.3939,4946705.32,12558063.84,1004.21,2549.35,35.5,-10.64,9.17
5100607,Alto Taquari,resto_mt,FALSE,2004,1511536,0,1542579,3218151,4760730,0,32.4,67.6,0.3175,4476717.23,14099857.41,856.62,2698.02,-9.5,12.28,9.17
5100607,Alto Taquari,resto_mt,FALSE,2005,1708648,88724,2414848,3996539,6500111,1.36,37.15,61.48,0.2629,4817387.12,18326507.84,893.43,3398.83,7.61,29.98,9.17
5100607,Alto Taquari,resto_mt,FALSE,2006,1344782,339250,3117944,5570497,9027691,3.76,34.54,61.7,0.149,3687754.79,24756362.49,663.62,4454.98,-23.45,35.08,9.17
5100607,Alto Taquari,resto_mt,FALSE,2007,2019100,732443,3064556,6725511,10522510,6.96,29.12,63.92,0.1919,5265465.79,27440897.68,869.17,4529.69,42.78,10.84,9.17
5100607,Alto Taquari,resto_mt,FALSE,2008,3055792,1230691,4340663,10340989,15912343,7.73,27.28,64.99,0.192,7483948.63,38970963.24,1183.97,6165.32,42.13,42.02,9.17
5100607,Alto Taquari,resto_mt,FALSE,2009,3420270,1416548,6195250,11624043,19235841,7.36,32.21,60.43,0.1778,8045613.16,45249098.94,1236.83,6956.06,7.5,16.11,9.17
5100607,Alto Taquari,resto_mt,FALSE,2010,4865663,1411719,7877650,12830879,22120248,6.38,35.61,58.01,0.22,10750609.41,48874356.15,1331.83,6054.81,33.62,8.01,9.17
5100607,Alto Taquari,resto_mt,FALSE,2011,6267970,2078135,8550542,13883151,24511828,8.48,34.88,56.64,0.2557,13055203.22,51054312,1563.67,6115.01,21.44,4.46,9.17
5100607,Alto Taquari,resto_mt,FALSE,2012,7108574,3905169,8711402,17831621,30448192,12.83,28.61,58.56,0.2335,13942022.29,59717936.65,1618.34,6931.86,6.79,16.97,9.17
5100607,Alto Taquari,resto_mt,FALSE,2013,9672341,7193718,13660549,37151213,58005480,12.4,23.55,64.05,0.1667,17970617.83,107770633.17,1981.33,11882.1,28.9,80.47,9.17
5100607,Alto Taquari,resto_mt,FALSE,2014,11749671,8561200,16211176,57423079,82195455,10.42,19.72,69.86,0.1429,20550267.86,143760503.33,2191.79,15332.81,14.35,33.39,9.17
5100607,Alto Taquari,resto_mt,FALSE,2015,13744118,10301187,15617495,70332353,96251035,10.7,16.23,73.07,0.1428,21602645.85,151284864.04,2233.06,15638.29,5.12,5.23,9.17
5100607,Alto Taquari,resto_mt,FALSE,2016,17336296,9226828,16369153,82052472,107648453,8.57,15.21,76.22,0.161,25566478.41,158753164.37,2566.14,15934.28,18.35,4.94,9.17
5100607,Alto Taquari,resto_mt,FALSE,2017,15383306,8038158,17539518,92111337,117689013,6.83,14.9,78.27,0.1307,22226832.84,170044983.69,2169.32,16596.24,-13.06,7.11,9.17
5100607,Alto Taquari,resto_mt,FALSE,2018,18715405,7088850,19670005,113580871,140339726,5.05,14.02,80.93,0.1334,26143580.97,196040801.24,2476.41,18569.75,17.62,15.29,9.17
5100607,Alto Taquari,resto_mt,FALSE,2019,22193162,6547174,21861867,115544182,143953223,4.55,15.19,80.27,0.1542,29671919.77,192463267.87,2735.5,17743.45,13.5,-1.82,9.17
5100607,Alto Taquari,resto_mt,FALSE,2020,28671690,7352937,26477399,133958578,167788914,4.38,15.78,79.84,0.1709,36353325.74,212742431.55,3265.38,19109.17,22.52,10.54,9.17
5100607,Alto Taquari,resto_mt,FALSE,2021,28451039,7326399,33775418,163583563,204685380,3.58,16.5,79.92,0.139,32746430.58,235587726.19,2869.22,20642.05,-9.92,10.74,9.17
5100607,Alto Taquari,resto_mt,FALSE,2022,34215336,5001642,36732114,189012044,230745800,2.17,15.92,81.91,0.1483,37175571.39,250709417.53,3409.35,22992.43,13.53,6.42,9.17
5100607,Alto Taquari,resto_mt,FALSE,2023,29768555,3877749,40354201,205816015,250047965,1.55,16.14,82.31,0.1191,31187966.47,261970644.79,2860.22,24025.19,-16.11,4.49,9.17
5100607,Alto Taquari,resto_mt,FALSE,2024,25141429,5053534,40707113,212118222,257878869,1.96,15.79,82.25,0.0975,25141428.99,257878869,2172.81,22286.66,-19.39,-1.56,9.17
5100805,Apiacás,resto_mt,FALSE,2012,12278,0,18074,22401,40475,0,44.65,55.35,0.3033,24080.8,79383.48,2.72,8.97,,,
5100805,Apiacás,resto_mt,FALSE,2013,169121,209982,1085101,13503596,14798679,1.42,7.33,91.25,0.0114,314216.47,27495040.22,34.56,3023.44,1204.84,34535.72,
5100805,Apiacás,resto_mt,FALSE,2014,394488,312821,1708896,26437416,28459133,1.1,6,92.9,0.0139,689962.64,49775249.56,74.59,5381.69,119.58,81.03,
5101258,Araputanga,resto_mt,FALSE,2000,2234422,410366,5089097,12835583,18335046,2.24,27.76,70.01,0.1219,,,,,,,4.79
5101258,Araputanga,resto_mt,FALSE,2001,2657542,450664,4597104,13519548,18567316,2.43,24.76,72.81,0.1431,,,,,,,4.79
5101258,Araputanga,resto_mt,FALSE,2002,3170406,548603,3360948,13121634,17031185,3.22,19.73,77.04,0.1862,11000482.9,59093775.15,790.84,4248.29,,,4.79
5101258,Araputanga,resto_mt,FALSE,2003,3181676,763936,5690514,16594552,23049002,3.31,24.69,72,0.138,10001088.89,72450846.03,713.44,5168.41,-9.09,22.6,4.79
5101258,Araputanga,resto_mt,FALSE,2004,4531280,1288641,7955744,20835872,30080257,4.28,26.45,69.27,0.1506,13420295.19,89088718.44,941.97,6253.15,34.19,22.96,4.79
5101258,Araputanga,resto_mt,FALSE,2005,4728310,1944975,9153282,22872826,33971083,5.73,26.94,67.33,0.1392,13331066.24,95778567.36,927.45,6663.32,-0.66,7.51,4.79
5101258,Araputanga,resto_mt,FALSE,2006,6336169,2293767,8629444,25832992,36756203,6.24,23.48,70.28,0.1724,17375483.57,100795417.7,1198.4,6951.88,30.34,5.24,4.79
5101258,Araputanga,resto_mt,FALSE,2007,8695323,4880453,8836430,32017602,45734485,10.67,19.32,70.01,0.1901,22675908.01,119267676.99,1478.7,7777.48,30.51,18.33,4.79
5101258,Araputanga,resto_mt,FALSE,2008,8846776,6888728,12562592,37752506,57203826,12.04,21.96,66,0.1547,21666663.56,140098048.44,1364.58,8823.4,-4.45,17.47,4.79
5101258,Araputanga,resto_mt,FALSE,2009,10305433,7011700,14528200,41443033,62982933,11.13,23.07,65.8,0.1636,24241807.64,148156816.56,1506.65,9208.01,11.89,5.75,4.79
5101258,Araputanga,resto_mt,FALSE,2010,12445195,7203317,15978757,55214738,78396812,9.19,20.38,70.43,0.1587,27497471.67,173216580.16,1792.29,11290.36,13.43,16.91,4.79
5101258,Araputanga,resto_mt,FALSE,2011,14317862,7331880,17900248,73005438,98237566,7.46,18.22,74.32,0.1457,29821871.86,204613517.43,1927.73,13226.46,8.45,18.13,4.79
5101258,Araputanga,resto_mt,FALSE,2012,16590200,8979325,21798256,93306091,124083672,7.24,17.57,75.2,0.1337,32538303.5,243364888.88,2086.59,15606.32,9.11,18.94,4.79
5101258,Araputanga,resto_mt,FALSE,2013,18363683,12701432,23077354,115987412,151766198,8.37,15.21,76.43,0.121,34118599.56,281972311.09,2159,17842.96,4.86,15.86,4.79
5101258,Araputanga,resto_mt,FALSE,2014,24998280,15621826,26485103,141901476,184008405,8.49,14.39,77.12,0.1359,43722190.19,321832161.15,2745.33,20207.97,28.15,14.14,4.79
5101258,Araputanga,resto_mt,FALSE,2015,27044870,17045483,24273525,138256929,179575937,9.49,13.52,76.99,0.1506,42508420.63,282252769.68,2649,17589.14,-2.78,-12.3,4.79
5101258,Araputanga,resto_mt,FALSE,2016,29350478,13925891,18866994,128177971,160970856,8.65,11.72,79.63,0.1823,43284237.98,237389688.83,2686.95,14736.47,1.83,-15.89,4.79
5101258,Araputanga,resto_mt,FALSE,2017,29040938,12612883,14641625,131236838,158491346,7.96,9.24,82.8,0.1832,41960296.07,228998932.53,2586.47,14115.69,-3.06,-3.53,4.79
5101258,Araputanga,resto_mt,FALSE,2018,31699029,11950680,13340810,145935660,171227150,6.98,7.79,85.23,0.1851,44280427.38,239187496.22,2653.11,14331.18,5.53,4.45,4.79
5101258,Araputanga,resto_mt,FALSE,2019,31944719,14140311,18849601,156080761,189070673,7.48,9.97,82.55,0.169,42709603.03,252784611.74,2538.92,15027.02,-3.55,5.68,4.79
5101258,Araputanga,resto_mt,FALSE,2020,38680553,16484737,24447747,171726682,212659166,7.75,11.5,80.75,0.1819,49043734.19,269634190.9,2893.25,15906.68,14.83,6.67,4.79
5101258,Araputanga,resto_mt,FALSE,2021,35529887,23356848,29138092,211183336,263678276,8.86,11.05,80.09,0.1347,40894006.65,303487066.3,2394.55,17770.64,-16.62,12.56,4.79
5101258,Araputanga,resto_mt,FALSE,2022,32827376,30218251,36511408,261743135,328472794,9.2,11.12,79.68,0.0999,35667528.15,356891535.45,2412.25,24137.12,-12.78,17.6,4.79
5101258,Araputanga,resto_mt,FALSE,2023,30510568,37125249,45183133,346863535,429171917,8.65,10.53,80.82,0.0711,31965359.81,449635508.2,2161.87,30409.54,-10.38,25.99,4.79
5101258,Araputanga,resto_mt,FALSE,2024,30778067,51969008,44075190,441434807,537479005,9.67,8.2,82.13,0.0573,30778066.99,537479004.99,2072.03,36184.12,-3.71,19.54,4.79
5101308,Arenápolis,resto_mt,FALSE,2000,2576175,80784,829068,11328805,12238657,0.66,6.77,92.57,0.2105,,,,,,,7.56
5101308,Arenápolis,resto_mt,FALSE,2001,3286013,418537,2565288,13801107,16784932,2.49,15.28,82.22,0.1958,,,,,,,7.56
5101308,Arenápolis,resto_mt,FALSE,2002,3239787,678142,3962736,19995704,24636582,2.75,16.08,81.16,0.1315,11241216.9,85482521.44,1004.03,7635.1,,,7.56
5101308,Arenápolis,resto_mt,FALSE,2003,3544274,717240,6587912,29223534,36528686,1.96,18.03,80,0.097,11140857.62,114822073.66,1012.25,10432.68,-0.89,34.32,7.56
5101308,Arenápolis,resto_mt,FALSE,2004,4377478,870201,8885957,35728481,45484639,1.91,19.54,78.55,0.0962,12964779.69,134711887.5,1222.18,12699.08,16.37,17.32,7.56
5101308,Arenápolis,resto_mt,FALSE,2005,5210469,672198,9490154,34940911,45103263,1.49,21.04,77.47,0.1155,14690472.37,127164798.17,1414.18,12241.52,13.31,-5.6,7.56
5101308,Arenápolis,resto_mt,FALSE,2006,5370724,3298031,8018067,43638825,54954923,6,14.59,79.41,0.0977,14727973.09,150701214.13,1448.32,14819.68,0.26,18.51,7.56
5101308,Arenápolis,resto_mt,FALSE,2007,6792410,6063818,10507679,55479633,72051130,8.42,14.58,77,0.0943,17713437.93,187896964.37,1794.85,19039.11,20.27,24.68,7.56
5101308,Arenápolis,resto_mt,FALSE,2008,8235138,19334426,14504004,79796481,113634911,17.01,12.76,70.22,0.0725,20168699.26,278303574.79,2002.85,27636.9,13.86,48.11,7.56
5101308,Arenápolis,resto_mt,FALSE,2009,7934649,28174017,17663311,87612061,133449389,21.11,13.24,65.65,0.0595,18664934.77,313917369.44,1884.78,31699.22,-7.46,12.8,7.56
5101308,Arenápolis,resto_mt,FALSE,2010,9466444,44958267,19515439,108587705,173061411,25.98,11.28,62.75,0.0547,20915966.02,382376591.68,2027.53,37066.36,12.06,21.81,7.56
5101308,Arenápolis,resto_mt,FALSE,2011,11004952,42463422,26781003,128638111,197882536,21.46,13.53,65.01,0.0556,22921597.4,412158437.73,2243.25,40336.51,9.59,7.79,7.56
5101308,Arenápolis,resto_mt,FALSE,2012,13485378,27044078,15054319,104908961,147007358,18.4,10.24,71.36,0.0917,26448826.56,288325037.21,2613,28484.99,15.39,-30.05,7.56
5101308,Arenápolis,resto_mt,FALSE,2013,14807349,18993543,17739512,112239255,148972310,12.75,11.91,75.34,0.0994,27511148.56,276781438.11,2763.56,27803.25,4.02,-4,7.56
5101308,Arenápolis,resto_mt,FALSE,2014,18322368,18697910,17874921,126487311,163060142,11.47,10.96,77.57,0.1124,32045967.1,285193482.88,3261.69,29027.33,16.48,3.04,7.56
5101308,Arenápolis,resto_mt,FALSE,2015,18851321,14992670,16413176,124010258,155416104,9.65,10.56,79.79,0.1213,29630014.21,244278974.9,3054.97,25185.99,-7.54,-14.35,7.56
5101308,Arenápolis,resto_mt,FALSE,2016,20736617,11662345,15777604,132010919,159450868,7.31,9.89,82.79,0.1301,30581057.84,235148106.17,3193.5,24556,3.21,-3.74,7.56
5101308,Arenápolis,resto_mt,FALSE,2017,21142725,8954605,13693011,129124988,151772604,5.9,9.02,85.08,0.1393,30548427.9,219291243.21,3230.93,23193.14,-0.11,-6.74,7.56
5101308,Arenápolis,resto_mt,FALSE,2018,21357615,7246854,16603283,145203835,169053972,4.29,9.82,85.89,0.1263,29834488.61,236151780.18,3071.29,24310.46,-2.34,7.69,7.56
5101308,Arenápolis,resto_mt,FALSE,2019,31530082,8123253,27731360,175607696,211462309,3.84,13.11,83.04,0.1491,42155239.69,282721888.22,4387.97,29428.73,41.3,19.72,7.56
5101308,Arenápolis,resto_mt,FALSE,2020,41052052,10012377,31746061,190553759,232312197,4.31,13.67,82.02,0.1767,52050598.31,294552604.75,5477.87,30999.01,23.47,4.18,7.56
5101308,Arenápolis,resto_mt,FALSE,2021,60750899,9250637,51496103,267215588,327962328,2.82,15.7,81.48,0.1852,69922757.36,377476393.93,7439.38,40161.34,34.34,28.15,7.56
5101308,Arenápolis,resto_mt,FALSE,2022,60244670,11596272,63417602,324059652,399073526,2.91,15.89,81.2,0.151,65456905.93,433600487.03,6189.19,40998.54,-6.39,14.87,7.56
5101308,Arenápolis,resto_mt,FALSE,2023,58519885,18714007,74728600,408519260,501961867,3.73,14.89,81.38,0.1166,61310205.04,525896197.36,5797.11,49725.43,-6.34,21.29,7.56
5101308,Arenápolis,resto_mt,FALSE,2024,55860453,36272750,80665454,516892251,633830455,5.72,12.73,81.55,0.0881,55860453,633830455,5197.77,58977.43,-8.89,20.52,7.56
5101407,Aripuanã,resto_mt,FALSE,2000,1611950,1386210,1018974,9000709,11405893,12.15,8.93,78.91,0.1413,,,,,,,5.65
5101407,Aripuanã,resto_mt,FALSE,2001,1831468,1450136,2034674,11227921,14712731,9.86,13.83,76.31,0.1245,,,,,,,5.65
5101407,Aripuanã,resto_mt,FALSE,2002,1965577,1383271,2032246,16056026,19471543,7.1,10.44,82.46,0.1009,6820040.13,67561181.66,437.19,4330.86,,,5.65
5101407,Aripuanã,resto_mt,FALSE,2003,1995856,1305042,2851799,19433591,23590432,5.53,12.09,82.38,0.0846,6273653.67,74152744.51,384.96,4550.08,-8.01,9.76,5.65
5101407,Aripuanã,resto_mt,FALSE,2004,12478563,1945495,3658204,24384517,29988216,6.49,12.2,81.31,0.4161,36957768.87,88816120.53,2081.07,5001.19,489.09,19.77,5.65
5101407,Aripuanã,resto_mt,FALSE,2005,9405290,2197845,4191778,44992923,51382546,4.28,8.16,87.56,0.183,26517411.94,144868700.34,1428.06,7801.65,-28.25,63.11,5.65
5101407,Aripuanã,resto_mt,FALSE,2006,8179644,1497739,3256720,52205239,56959698,2.63,5.72,91.65,0.1436,22430789,156198847.66,1157.9,8063.12,-15.41,7.82,5.65
5101407,Aripuanã,resto_mt,FALSE,2007,7119704,3133257,5154944,62353821,70642022,4.44,7.3,88.27,0.1008,18566964.44,184222252.88,972.09,9645.15,-17.23,17.94,5.65
5101407,Aripuanã,resto_mt,FALSE,2008,7324382,5956877,6587006,71421213,83965096,7.09,7.84,85.06,0.0872,17938164.21,205639148.81,900.06,10318.07,-3.39,11.63,5.65
5101407,Aripuanã,resto_mt,FALSE,2009,5875878,6167475,10381819,74882261,91431555,6.75,11.35,81.9,0.0643,13822020.3,215077442.05,673.89,10485.95,-22.95,4.59,5.65
5101407,Aripuanã,resto_mt,FALSE,2010,6701680,7249249,10615473,73552702,91417424,7.93,11.61,80.46,0.0733,14807261.43,201985427.07,793.69,10826.83,7.13,-6.09,5.65
5101407,Aripuanã,resto_mt,FALSE,2011,7613210,6359954,11411781,62724768,80496503,7.9,14.18,77.92,0.0946,15857128.19,167661652.15,834.32,8821.5,7.09,-16.99,5.65
5101407,Aripuanã,resto_mt,FALSE,2012,9093735,10352907,15574354,76271635,102198896,10.13,15.24,74.63,0.089,17835511.89,200442351.27,922.02,10362,12.48,19.55,5.65
5101407,Aripuanã,resto_mt,FALSE,2013,10321917,14934357,17588105,81556206,114078668,13.09,15.42,71.49,0.0905,19177490.31,211951186,962.78,10640.66,7.52,5.74,5.65
5101407,Aripuanã,resto_mt,FALSE,2014,14224131,16322243,18184505,85196978,119703726,13.64,15.19,71.17,0.1188,24878118.04,209362767.08,1225.95,10316.99,29.73,-1.22,5.65
5101407,Aripuanã,resto_mt,FALSE,2015,16906899,16009382,23792690,120241353,160043425,10,14.87,75.13,0.1056,26573822.48,251552077.24,1286.43,12177.58,6.82,20.15,5.65
5101407,Aripuanã,resto_mt,FALSE,2016,18462746,12397813,21148277,142546708,176092798,7.04,12.01,80.95,0.1048,27227695.96,259690577.3,1295.89,12359.75,2.46,3.24,5.65
5101407,Aripuanã,resto_mt,FALSE,2017,17733215,10538462,17034361,171866467,199439290,5.28,8.54,86.17,0.0889,25622139.04,288163269.9,1199.71,13492.68,-5.9,10.96,5.65
5101407,Aripuanã,resto_mt,FALSE,2018,19125796,9333767,18047547,205399400,232780714,4.01,7.75,88.24,0.0822,26716856.87,325171774.16,1215.13,14789.28,4.27,12.84,5.65
5101407,Aripuanã,resto_mt,FALSE,2019,24891657,10816590,22904394,235177474,268898458,4.02,8.52,87.46,0.0926,33279766.5,359513145.13,1488.75,16082.73,24.56,10.56,5.65
5101407,Aripuanã,resto_mt,FALSE,2020,36714709,12332186,32876760,298281885,343490831,3.59,9.57,86.84,0.1069,46551206.98,435517894.84,2049.45,19173.98,39.88,21.14,5.65
5101407,Aripuanã,resto_mt,FALSE,2021,37221325,14605618,44242648,379926172,438774438,3.33,10.08,86.59,0.0848,42840809.25,505018346.52,1857.23,21893.54,-7.97,15.96,5.65
5101407,Aripuanã,resto_mt,FALSE,2022,30964168,12630805,64805728,531231903,608668436,2.08,10.65,87.28,0.0509,33643119.49,661329086.23,1366.17,26854.92,-21.47,30.95,5.65
5101407,Aripuanã,resto_mt,FALSE,2023,23423368,18145546,86044417,652646551,756836514,2.4,11.37,86.23,0.0309,24540230.98,792923667.93,996.52,32198.65,-27.06,19.9,5.65
5101407,Aripuanã,resto_mt,FALSE,2024,22833728,24310152,87052671,749342925,860705748,2.82,10.11,87.06,0.0265,22833728.01,860705748,877.87,33091.35,-6.95,8.55,5.65
5101704,Barra do Bugres,resto_mt,FALSE,2000,5015085,2449452,2253920,42411434,47114806,5.2,4.78,90.02,0.1064,,,,,,,5.41
5101704,Barra do Bugres,resto_mt,FALSE,2001,5710680,1048937,3684093,19889051,24622081,4.26,14.96,80.78,0.2319,,,,,,,5.41
5101704,Barra do Bugres,resto_mt,FALSE,2002,7974843,2939620,4084556,27967490,34991666,8.4,11.67,79.93,0.2279,27670627.67,121411965.3,954.12,4186.47,,,5.41
5101704,Barra do Bugres,resto_mt,FALSE,2003,8073040,3245684,5724551,36032080,45002315,7.21,12.72,80.07,0.1794,25376308.19,141457569.2,853.92,4760.16,-8.29,16.51,5.41
5101704,Barra do Bugres,resto_mt,FALSE,2004,8773400,1482913,9356388,47418819,58258120,2.55,16.06,81.39,0.1506,25984184.99,172543115.21,835.65,5548.9,2.4,21.98,5.41
5101704,Barra do Bugres,resto_mt,FALSE,2005,9089781,1663907,11335065,47048150,60047122,2.77,18.88,78.35,0.1514,25627861.26,169297732.39,802.79,5303.32,-1.37,-1.88,5.41
5101704,Barra do Bugres,resto_mt,FALSE,2006,11731981,2076093,14212714,75359559,91648366,2.27,15.51,82.23,0.128,32172254.72,251324527,982.54,7675.44,25.54,48.45,5.41
5101704,Barra do Bugres,resto_mt,FALSE,2007,15607351,3857910,16606245,75071176,95535331,4.04,17.38,78.58,0.1634,40701289.14,249139724.6,1252.73,7668.19,26.51,-0.87,5.41
5101704,Barra do Bugres,resto_mt,FALSE,2008,18320420,5717624,19886660,75099792,100704076,5.68,19.75,74.57,0.1819,44868591.29,246634631.03,1330.46,7313.33,10.24,-1.01,5.41
5101704,Barra do Bugres,resto_mt,FALSE,2009,21496046,10017404,25007486,85361585,120386475,8.32,20.77,70.91,0.1786,50565853.2,283189048.89,1472.11,8244.47,12.7,14.82,5.41
5101704,Barra do Bugres,resto_mt,FALSE,2010,25900835,12222352,27074585,92303089,131600026,9.29,20.57,70.14,0.1968,57227506.42,290768283.45,1800,9145.68,13.17,2.68,5.41
5101704,Barra do Bugres,resto_mt,FALSE,2011,29481351,8318482,30240427,92558736,131117645,6.34,23.06,70.59,0.2248,61405052.8,273097590.19,1910.9,8498.72,7.3,-6.08,5.41
5101704,Barra do Bugres,resto_mt,FALSE,2012,36870691,15088118,45183757,129971061,190242936,7.93,23.75,68.32,0.1938,72314362.34,373122831.05,2227.51,11493.43,17.77,36.63,5.41
5101704,Barra do Bugres,resto_mt,FALSE,2013,45241286,16934581,51491624,175456057,243882262,6.94,21.11,71.94,0.1855,84055541.61,453118322.49,2545.44,13721.72,16.24,21.44,5.41
5101704,Barra do Bugres,resto_mt,FALSE,2014,50256447,18245832,55515103,210805011,284565946,6.41,19.51,74.08,0.1766,87898924.77,497708098.69,2634.46,14917.07,4.57,9.84,5.41
5101704,Barra do Bugres,resto_mt,FALSE,2015,49993875,17145951,55542149,226058076,298746176,5.74,18.59,75.67,0.1673,78579067.57,469561440.22,2331.71,13933.56,-10.6,-5.66,5.41
5101704,Barra do Bugres,resto_mt,FALSE,2016,53758106,11572237,51034957,210220694,272827888,4.24,18.71,77.05,0.197,79279071.84,402349400.68,2378.33,12070.24,0.89,-14.31,5.41
5101704,Barra do Bugres,resto_mt,FALSE,2017,59934925,10143704,45064799,215381692,270590195,3.75,16.65,79.6,0.2215,86598001.68,390966872.14,2573.96,11620.7,9.23,-2.83,5.41
5101704,Barra do Bugres,resto_mt,FALSE,2018,65401105,7863312,44808154,234147097,286818563,2.74,15.62,81.64,0.228,91358914.5,400657337.07,2638.99,11573.33,5.5,2.48,5.41
5101704,Barra do Bugres,resto_mt,FALSE,2019,70622529,11314751,53748808,249672871,314736430,3.59,17.08,79.33,0.2244,94421246.23,420797815.93,2700.37,12034.49,3.35,5.03,5.41
5101704,Barra do Bugres,resto_mt,FALSE,2020,87462816,11221196,66059670,284789203,362070069,3.1,18.24,78.66,0.2416,110895599.14,459074828.21,3140.89,13002.38,17.45,9.1,5.41
5101704,Barra do Bugres,resto_mt,FALSE,2021,83631152,13765983,83319715,359776658,456862356,3.01,18.24,78.75,0.1831,96257353.3,525837085.37,2700.68,14753.31,-13.2,14.54,5.41
5101704,Barra do Bugres,resto_mt,FALSE,2022,86448983,16576149,95587269,413275807,525439225,3.15,18.19,78.65,0.1645,93928358.27,570899067.51,3194.52,19416.36,-2.42,8.57,5.41
5101704,Barra do Bugres,resto_mt,FALSE,2023,81200316,26796414,101290830,467895218,595982462,4.5,17,78.51,0.1362,85072074.62,624399842.03,2893.32,21235.91,-9.43,9.37,5.41
5101704,Barra do Bugres,resto_mt,FALSE,2024,88258281,31695544,110157094,513764079,655616717,4.83,16.8,78.36,0.1346,88258281,655616717.01,2984.11,22167.19,3.75,5,5.41
5101803,Barra do Garças,resto_mt,FALSE,2000,17750651,11080155,11367529,89853390,112301074,9.87,10.12,80.01,0.1581,,,,,,,6.08
5101803,Barra do Garças,resto_mt,FALSE,2001,19277832,7776896,21425442,78246368,107448706,7.24,19.94,72.82,0.1794,,,,,,,6.08
5101803,Barra do Garças,resto_mt,FALSE,2002,22775084,9545777,23392010,100261645,133199432,7.17,17.56,75.27,0.171,79023608.33,462167329.12,1478.54,8647.22,,,6.08
5101803,Barra do Garças,resto_mt,FALSE,2003,26881616,11249136,33748693,142688215,187686044,5.99,17.98,76.02,0.1432,84498054.26,589961017.66,1562.57,10909.84,6.93,27.65,6.08
5101803,Barra do Garças,resto_mt,FALSE,2004,29980956,16905707,50446727,167110759,234463193,7.21,21.52,71.27,0.1279,88794618.6,694409804.56,1602.87,12535.16,5.08,17.7,6.08
5101803,Barra do Garças,resto_mt,FALSE,2005,29255655,20265949,51909629,264286536,336462114,6.02,15.43,78.55,0.087,82483820.81,948626196.23,1469.59,16901.43,-7.11,36.61,6.08
5101803,Barra do Garças,resto_mt,FALSE,2006,34114237,34432508,51733553,239678443,325844504,10.57,15.88,73.56,0.1047,93550434.7,893553474.21,1645.47,15716.91,13.42,-5.81,6.08
5101803,Barra do Garças,resto_mt,FALSE,2007,49278210,45912726,60690257,277533205,384136188,11.95,15.8,72.25,0.1283,128509102.75,1001761160.9,2413.64,18814.89,37.37,12.11,6.08
5101803,Barra do Garças,resto_mt,FALSE,2008,64415913,20483409,77979605,223756885,322219899,6.36,24.2,69.44,0.1999,157761190.67,789149645.74,2874.56,14379.02,22.76,-21.22,6.08
5101803,Barra do Garças,resto_mt,FALSE,2009,71026257,23621929,96483243,255972690,376077862,6.28,25.66,68.06,0.1889,167077391.09,884660274.77,3031.15,16049.72,5.91,12.1,6.08
5101803,Barra do Garças,resto_mt,FALSE,2010,91141080,33360840,113790793,332156545,479308178,6.96,23.74,69.3,0.1902,201374849.14,1059024229.67,3560.39,18723.91,20.53,19.71,6.08
5101803,Barra do Garças,resto_mt,FALSE,2011,103988062,37530511,134602599,414803410,586936520,6.39,22.93,70.67,0.1772,216590903.09,1222497164.3,3806.32,21483.88,7.56,15.44,6.08
5101803,Barra do Garças,resto_mt,FALSE,2012,119346777,48850641,175688137,538395409,762934187,6.4,23.03,70.57,0.1564,234074432.66,1496340257.02,4089.71,26143.8,8.07,22.4,6.08
5101803,Barra do Garças,resto_mt,FALSE,2013,152442945,76550803,211424930,735169559,1023145292,7.48,20.66,71.85,0.149,283229665.61,1900941358.27,4900.92,32893.38,21,27.04,6.08
5101803,Barra do Garças,resto_mt,FALSE,2014,166770950,81908672,237344969,951327911,1270581552,6.45,18.68,74.87,0.1313,291683715.53,2222257221.42,5020.46,38249.5,2.98,16.9,6.08
5101803,Barra do Garças,resto_mt,FALSE,2015,167453576,79547294,243481958,1039948361,1362977613,5.84,17.86,76.3,0.1229,263199159.12,2142292629.55,4507,36684.34,-9.77,-3.6,6.08
5101803,Barra do Garças,resto_mt,FALSE,2016,168346432,59271103,216311875,1028031556,1303614534,4.55,16.59,78.86,0.1291,248266724.18,1922488680.7,4230.15,32756.68,-5.67,-10.26,6.08
5101803,Barra do Garças,resto_mt,FALSE,2017,184337172,50097023,192005064,945784647,1187886734,4.22,16.16,79.62,0.1552,266342716.35,1716338468.37,4516.28,29103.31,7.28,-10.72,6.08
5101803,Barra do Garças,resto_mt,FALSE,2018,207727474,47085071,209972065,972546916,1229604052,3.83,17.08,79.09,0.1689,290174860.72,1717635985.52,4783.56,28315.32,8.95,0.08,6.08
5101803,Barra do Garças,resto_mt,FALSE,2019,232577761,67617553,284839710,1147185447,1499642710,4.51,18.99,76.5,0.1551,310952926.11,2004999475.43,5096.6,32862.38,7.16,16.73,6.08
5101803,Barra do Garças,resto_mt,FALSE,2020,306216295,81024079,346557255,1225813323,1653394657,4.9,20.96,74.14,0.1852,388256873.63,2096367341.92,6350.81,34290.79,24.86,4.56,6.08
5101803,Barra do Garças,resto_mt,FALSE,2021,324986600,88406731,436011619,1397349860,1921768210,4.6,22.69,72.71,0.1691,374051405.83,2211906892.8,6062.23,35848.23,-3.66,5.51,6.08
5101803,Barra do Garças,resto_mt,FALSE,2022,301337302,105500169,507674172,1586899219,2200073560,4.8,23.08,72.13,0.137,327408340.55,2390419070.59,4730.64,34538.65,-12.47,8.07,6.08
5101803,Barra do Garças,resto_mt,FALSE,2023,294901832,146034677,637824012,1852774208,2636632897,5.54,24.19,70.27,0.1118,308963214.62,2762351695.48,4464.13,39912.6,-5.63,15.56,6.08
5101803,Barra do Garças,resto_mt,FALSE,2024,289756281,175274662,774236413,1916293286,2865804361,6.12,27.02,66.87,0.1011,289756281.01,2865804360.99,3985.98,39422.85,-6.22,3.75,6.08
5101902,Brasnorte,resto_mt,FALSE,2004,1783771,579782,2018455,8627452,11225689,5.16,17.98,76.85,0.1589,5282995.83,33247131.06,453.32,2852.84,,,
5101902,Brasnorte,resto_mt,FALSE,2005,1326819,320274,1777324,12821247,14918845,2.15,11.91,85.94,0.0889,3740852.85,42062409.39,310.19,3487.76,-29.19,26.51,
5101902,Brasnorte,resto_mt,FALSE,2006,1586371,212779,1668991,20837679,22719449,0.94,7.35,91.72,0.0698,4350256.96,62302854.07,349.03,4998.63,16.29,48.12,
5101902,Brasnorte,resto_mt,FALSE,2007,2199356,771584,2319387,26025903,29116874,2.65,7.97,89.38,0.0755,5735542.48,75931803.39,410.41,5433.41,31.84,21.88,
5101902,Brasnorte,resto_mt,FALSE,2008,2792292,1351065,2726318,28765145,32842528,4.11,8.3,87.59,0.085,6838610.06,80434726.15,468.1,5505.84,19.23,5.93,
5101902,Brasnorte,resto_mt,FALSE,2009,3215344,3991443,4491020,29109925,37592388,10.62,11.95,77.44,0.0855,7563559.03,88429805.78,501.27,5860.55,10.6,9.94,
5101902,Brasnorte,resto_mt,FALSE,2010,3104326,5043541,5459357,31117073,41619971,12.12,13.12,74.76,0.0746,6858961.73,91958701.62,446.63,5988.06,-9.32,3.99,
5101902,Brasnorte,resto_mt,FALSE,2011,3190920,6435862,5597421,31305838,43339121,14.85,12.92,72.23,0.0736,6646188.33,90268624.83,421.11,5719.36,-3.1,-1.84,
5101902,Brasnorte,resto_mt,FALSE,2012,5908746,4362796,8005341,32378895,44747032,9.75,17.89,72.36,0.132,11588803.66,87762203.48,715.63,5419.42,74.37,-2.78,
5101902,Brasnorte,resto_mt,FALSE,2013,4657234,5561373,8665764,49216471,63443608,8.77,13.66,77.58,0.0734,8652855.86,117874342.29,512.16,6976.87,-25.33,34.31,
5101902,Brasnorte,resto_mt,FALSE,2014,6848253,6858439,10718083,74808674,92385196,7.42,11.6,80.97,0.0741,11977648.87,161582441.25,689.91,9307.21,38.42,37.08,
5101902,Brasnorte,resto_mt,FALSE,2015,6649748,6816934,11085383,88408853,106311170,6.41,10.43,83.16,0.0625,10451900.3,167097121.59,586.68,9379.57,-12.74,3.41,
5101902,Brasnorte,resto_mt,FALSE,2016,6838914,4890666,9649981,95196161,109736808,4.46,8.79,86.75,0.0623,10085600.01,161832938.91,552.39,8863.68,-3.5,-3.15,
5101902,Brasnorte,resto_mt,FALSE,2017,7905395,3501959,10280235,107785900,121568094,2.88,8.46,88.66,0.065,11422245.19,175649740.23,611.21,9399.06,13.25,8.54,
5101902,Brasnorte,resto_mt,FALSE,2018,8812758,3588552,13808518,118765555,136162625,2.64,10.14,87.22,0.0647,12310556.6,190205801.78,639.58,9881.86,7.78,8.29,
5101902,Brasnorte,resto_mt,FALSE,2019,8843541,5706645,16327756,128678287,150712688,3.79,10.83,85.38,0.0587,11823679.7,201500569.68,600.34,10231.04,-3.95,5.94,
5101902,Brasnorte,resto_mt,FALSE,2020,12410160,6952978,19629889,147686463,174269330,3.99,11.26,84.75,0.0712,15735053.95,220959061.76,781.27,10971.15,33.08,9.66,
5101902,Brasnorte,resto_mt,FALSE,2021,12725674,6880939,24782498,178320928,209984365,3.28,11.8,84.92,0.0606,14646930.82,241686724.71,712.03,11748.91,-6.92,9.38,
5101902,Brasnorte,resto_mt,FALSE,2022,11849727,7842166,32225653,224287377,264355196,2.97,12.19,84.84,0.0448,12874939.23,287226624.33,757.17,16891.71,-12.1,18.84,
5101902,Brasnorte,resto_mt,FALSE,2023,11994422,9073120,41839402,267370518,318283040,2.85,13.15,84,0.0377,12566334.89,333459275.34,739.03,19610.64,-2.4,16.1,
5101902,Brasnorte,resto_mt,FALSE,2024,13515329,9447367,40775454,321411866,371634687,2.54,10.97,86.49,0.0364,13515329,371634687,772.48,21241.13,7.55,11.45,
5102603,Campinápolis,resto_mt,FALSE,2000,762195,91116,684524,21356879,22132519,0.41,3.09,96.5,0.0344,,,,,,,7.48
5102603,Campinápolis,resto_mt,FALSE,2001,642344,274189,1994571,27628989,29897749,0.92,6.67,92.41,0.0215,,,,,,,7.48
5102603,Campinápolis,resto_mt,FALSE,2002,515284,264153,2299891,35244548,37808592,0.7,6.08,93.22,0.0136,1787901.25,131185964.69,142.51,10457.23,,,7.48
5102603,Campinápolis,resto_mt,FALSE,2003,1169603,281010,3047230,37636718,40964958,0.69,7.44,91.88,0.0286,3676459.68,128766784.12,291.7,10216.35,105.63,-1.84,7.48
5102603,Campinápolis,resto_mt,FALSE,2004,3360419,819364,4572575,40797496,46189435,1.77,9.9,88.33,0.0728,9952555.32,136799282.32,782,10748.75,170.71,6.24,7.48
5102603,Campinápolis,resto_mt,FALSE,2005,3054799,615485,4921467,41968130,47505082,1.3,10.36,88.34,0.0643,8612744.89,133936521.72,673.08,10467.06,-13.46,-2.09,7.48
5102603,Campinápolis,resto_mt,FALSE,2006,3059852,875292,5266400,45420579,51562271,1.7,10.21,88.09,0.0593,8390939.09,141397647.72,652.33,10992.59,-2.58,5.57,7.48
5102603,Campinápolis,resto_mt,FALSE,2007,2756440,1968039,7059551,53507929,62535519,3.15,11.29,85.56,0.0441,7188321.8,163081886.23,525.99,11933.41,-14.33,15.34,7.48
5102603,Campinápolis,resto_mt,FALSE,2008,2827639,2046026,10203949,66640090,78890065,2.59,12.93,84.47,0.0358,6925178.5,193209876.36,489.86,13666.97,-3.66,18.47,7.48
5102603,Campinápolis,resto_mt,FALSE,2009,2416519,3036217,10973677,61655508,75665402,4.01,14.5,81.48,0.0319,5684456.8,177990203.86,397.49,12446.01,-17.92,-7.88,7.48
5102603,Campinápolis,resto_mt,FALSE,2010,2828241,3677526,11762575,72178909,87619010,4.2,13.42,82.38,0.0323,6248956.07,193592888.31,436.84,13533.23,9.93,8.77,7.48
5102603,Campinápolis,resto_mt,FALSE,2011,3649605,3551094,14877632,83226997,101655723,3.49,14.64,81.87,0.0359,7601557.6,211733004.97,526.06,14652.8,21.65,9.37,7.48
5102603,Campinápolis,resto_mt,FALSE,2012,4345910,5357318,13962564,101181929,120501811,4.45,11.59,83.97,0.0361,8523618.69,236339796.95,584.21,16198.75,12.13,11.62,7.48
5102603,Campinápolis,resto_mt,FALSE,2013,4762077,3984752,9612481,95842752,109439985,3.64,8.78,87.58,0.0435,8847647.73,203332796.78,596.72,13713.68,3.8,-13.97,7.48
5102603,Campinápolis,resto_mt,FALSE,2014,6706860,4600878,11857450,114126055,130584383,3.52,9.08,87.4,0.0514,11730351.38,228393122.56,783.53,15255.7,32.58,12.32,7.48
5102603,Campinápolis,resto_mt,FALSE,2015,11999850,4167883,12014776,132210934,148393593,2.81,8.1,89.09,0.0809,18861050.96,233241175.43,1248.09,15434.18,60.79,2.12,7.48
5102603,Campinápolis,resto_mt,FALSE,2016,11506565,2972745,11037874,145324937,159335556,1.87,6.93,91.21,0.0722,16969157.97,234978051.31,1112.59,15406.39,-10.03,0.74,7.48
5102603,Campinápolis,resto_mt,FALSE,2017,15012181,1868095,11217317,150477983,163563395,1.14,6.86,92,0.0918,21690606.54,236327369.28,1409.76,15359.9,27.82,0.57,7.48
5102603,Campinápolis,resto_mt,FALSE,2018,16369211,1947686,13404603,174153666,189505955,1.03,7.07,91.9,0.0864,22866178.61,264721189.93,1444.47,16722.75,5.42,12.01,7.48
5102603,Campinápolis,resto_mt,FALSE,2019,14676299,2599907,19105398,213135149,234840454,1.11,8.14,90.76,0.0625,19621988.36,313978112.2,1227.9,19648.2,-14.19,18.61,7.48
5102603,Campinápolis,resto_mt,FALSE,2020,18626669,3109762,24615324,258149248,285874334,1.09,8.61,90.3,0.0652,23617071.95,362464953.63,1395.89,21423.54,20.36,15.44,7.48
5102603,Campinápolis,resto_mt,FALSE,2021,15478887,3779423,30381636,328229230,362390289,1.04,8.38,90.57,0.0427,17815809.78,417102111.45,1098.18,25710.54,-24.56,15.07,7.48
5102603,Campinápolis,resto_mt,FALSE,2022,14682037,4689471,35428149,414498070,454615690,1.03,7.79,91.18,0.0323,15952294.45,493948036.52,1039.43,32185.32,-10.46,18.42,7.48
5102603,Campinápolis,resto_mt,FALSE,2023,14809874,8257396,48598871,519746390,576602657,1.43,8.43,90.14,0.0257,15516032.05,604095977.49,1011.02,39362.48,-2.73,22.3,7.48
5102603,Campinápolis,resto_mt,FALSE,2024,8745986,7062246,50984521,652717354,710764121,0.99,7.17,91.83,0.0123,8745986.01,710764120.99,556.61,45234.15,-43.63,17.66,7.48
5102637,Campo Novo do Parecis,resto_mt,FALSE,2000,4129577,123155,2547910,43698261,46369326,0.27,5.49,94.24,0.0891,,,,,,,7.33
5102637,Campo Novo do Parecis,resto_mt,FALSE,2001,5641283,1445363,8874637,60268625,70588625,2.05,12.57,85.38,0.0799,,,,,,,7.33
5102637,Campo Novo do Parecis,resto_mt,FALSE,2002,5741578,4122287,7290886,80761848,92175021,4.47,7.91,87.62,0.0623,19921779.92,319823310.27,987.31,15850.09,,,7.33
5102637,Campo Novo do Parecis,resto_mt,FALSE,2003,8675829,5882099,9078864,105827903,120788866,4.87,7.52,87.61,0.0718,27271078.85,379680453.54,1276.86,17776.96,36.89,18.72,7.33
5102637,Campo Novo do Parecis,resto_mt,FALSE,2004,8255036,7734896,13371207,123378624,144484727,5.35,9.25,85.39,0.0571,24448945.97,427920518.16,1025.84,17954.96,-10.35,12.71,7.33
5102637,Campo Novo do Parecis,resto_mt,FALSE,2005,7372176,7608034,12243750,102877760,122729544,6.2,9.98,83.82,0.0601,20785220.63,346025468.1,824.73,13730.07,-14.99,-19.14,7.33
5102637,Campo Novo do Parecis,resto_mt,FALSE,2006,9625404,15753798,8409030,104112262,128275090,12.28,6.56,81.16,0.075,26395452.67,351764878.39,993.74,13243.17,26.99,1.66,7.33
5102637,Campo Novo do Parecis,resto_mt,FALSE,2007,13156442,25528228,13266655,126774783,165569666,15.42,8.01,76.57,0.0795,34309739.68,431777234.24,1537.03,19343.14,29.98,22.75,7.33
5102637,Campo Novo do Parecis,resto_mt,FALSE,2008,14595063,12281301,14536501,137509603,164327405,7.47,8.85,83.68,0.0888,35744809.15,402454702.04,1538.73,17324.79,4.18,-6.79,7.33
5102637,Campo Novo do Parecis,resto_mt,FALSE,2009,16078115,11881568,21325024,122500908,155707500,7.63,13.7,78.67,0.1033,37821076.61,366275853.1,1590.19,15400.09,5.81,-8.99,7.33
5102637,Campo Novo do Parecis,resto_mt,FALSE,2010,20215425,12141332,23294554,125897709,161333595,7.53,14.44,78.04,0.1253,44665678.31,356464158.15,1619.66,12926.15,18.1,-2.68,7.33
5102637,Campo Novo do Parecis,resto_mt,FALSE,2011,23667750,14005792,30073989,150557278,194637059,7.2,15.45,77.35,0.1216,49296229.27,405398615.67,1739.46,14304.82,10.37,13.73,7.33
5102637,Campo Novo do Parecis,resto_mt,FALSE,2012,35163849,19967119,45212283,204424943,269604345,7.41,16.77,75.82,0.1304,68966738.87,528774095.81,2371.79,18184.68,39.9,30.43,7.33
5102637,Campo Novo do Parecis,resto_mt,FALSE,2013,40193372,30528852,59082707,292393703,382005262,7.99,15.47,76.54,0.1052,74676826.23,709742406.38,2461.74,23396.81,8.28,34.22,7.33
5102637,Campo Novo do Parecis,resto_mt,FALSE,2014,46588777,41596015,60941520,380662261,483199796,8.61,12.61,78.78,0.0964,81484140.83,845120279.26,2614.11,27112.39,9.12,19.07,7.33
5102637,Campo Novo do Parecis,resto_mt,FALSE,2015,56595994,35902915,58245534,391440457,485588906,7.39,11.99,80.61,0.1166,88956105.85,763235965.44,2781.19,23862.31,9.17,-9.69,7.33
5102637,Campo Novo do Parecis,resto_mt,FALSE,2016,54189153,23957417,41902035,400395563,466255015,5.14,8.99,85.87,0.1162,79914752.82,687603555.55,2438.06,20977.6,-10.16,-9.91,7.33
5102637,Campo Novo do Parecis,resto_mt,FALSE,2017,65251910,24603304,38223750,430826223,493653277,4.98,7.74,87.27,0.1322,94280338.4,713263382.02,2810.07,21259.09,17.98,3.73,7.33
5102637,Campo Novo do Parecis,resto_mt,FALSE,2018,77306771,27356787,41839366,504964767,574160920,4.76,7.29,87.95,0.1346,107989959.51,802046362.86,3124.9,23208.7,14.54,12.45,7.33
5102637,Campo Novo do Parecis,resto_mt,FALSE,2019,78450892,36350179,58212509,618087372,712650060,5.1,8.17,86.73,0.1101,104887648.42,952802282.14,2966.28,26945.77,-2.87,18.8,7.33
5102637,Campo Novo do Parecis,resto_mt,FALSE,2020,98647768,42290287,89942147,768870210,901102644,4.69,9.98,85.33,0.1095,125077190.92,1142523442.07,3460.63,31611.19,19.25,19.91,7.33
5102637,Campo Novo do Parecis,resto_mt,FALSE,2021,98884294,40729152,117416314,862298700,1020444166,3.99,11.51,84.5,0.0969,113813336.26,1174505579.16,3082.96,31814.77,-9.01,2.8,7.33
5102637,Campo Novo do Parecis,resto_mt,FALSE,2022,93769439,47397396,155173308,1052915058,1255485762,3.78,12.36,83.87,0.0747,101882163.99,1364107620.25,2219.69,29719.76,-10.48,16.14,7.33
5102637,Campo Novo do Parecis,resto_mt,FALSE,2023,89645075,58300994,202045007,1191338988,1451684989,4.02,13.92,82.07,0.0618,93919493,1520903609.75,2046.23,33135.87,-7.82,11.49,7.33
5102637,Campo Novo do Parecis,resto_mt,FALSE,2024,94490723,76353148,232468061,1344349106,1653170315,4.62,14.06,81.32,0.0572,94490723,1653170315,1888.56,33041.59,0.61,8.7,7.33
5102678,Campo Verde,resto_mt,FALSE,2000,1854108,806691,2219576,35679892,38706159,2.08,5.73,92.18,0.0479,,,,,,,10.56
5102678,Campo Verde,resto_mt,FALSE,2001,2297333,995762,4067385,67187519,72250666,1.38,5.63,92.99,0.0318,,,,,,,10.56
5102678,Campo Verde,resto_mt,FALSE,2002,3004411,1806230,5687330,79747805,87241365,2.07,6.52,91.41,0.0344,10424523.5,302704809.21,532.22,15454.38,,,10.56
5102678,Campo Verde,resto_mt,FALSE,2003,4941697,2386402,9016177,152681610,164084189,1.45,5.49,93.05,0.0301,15533433.01,515772366.78,750.96,24934.61,49.01,70.39,10.56
5102678,Campo Verde,resto_mt,FALSE,2004,4891691,4217246,11868568,123117465,139203279,3.03,8.53,88.44,0.0351,14487724.7,412278449.88,630.15,17932.16,-6.73,-20.07,10.56
5102678,Campo Verde,resto_mt,FALSE,2005,5710392,4915746,10873733,120748187,136537666,3.6,7.96,88.44,0.0418,16099962.57,384956288.84,663.44,15863.37,11.13,-6.63,10.56
5102678,Campo Verde,resto_mt,FALSE,2006,6180678,6982452,11306896,103566432,121855780,5.73,9.28,84.99,0.0507,16949085.33,334161399.79,663.82,13087.44,5.27,-13.19,10.56
5102678,Campo Verde,resto_mt,FALSE,2007,10020169,19267507,14073642,153529681,186870830,10.31,7.53,82.16,0.0536,26130878.69,487327009.14,1007.99,18798.3,54.17,45.84,10.56
5102678,Campo Verde,resto_mt,FALSE,2008,12667191,22703751,22324753,165934741,210963245,10.76,10.58,78.66,0.06,31023252.5,516670666.74,1142.61,19029.52,18.72,6.02,10.56
5102678,Campo Verde,resto_mt,FALSE,2009,15958420,20747147,39931802,174126973,234805922,8.84,17.01,74.16,0.068,37539514.14,552341662.37,1333.69,19623.47,21,6.9,10.56
5102678,Campo Verde,resto_mt,FALSE,2010,23382611,20434588,59390239,215268910,295093737,6.92,20.13,72.95,0.0792,51663528.27,652005185.5,1635.48,20640.26,37.62,18.04,10.56
5102678,Campo Verde,resto_mt,FALSE,2011,30123996,18185532,62576634,208488160,289250326,6.29,21.63,72.08,0.1041,62743582.03,602463283.96,1919.22,18428.45,21.45,-7.6,10.56
5102678,Campo Verde,resto_mt,FALSE,2012,39857572,29449101,65047046,288358514,382854661,7.69,16.99,75.32,0.1041,78172522.02,750891559.99,2315.61,22242.71,24.59,24.64,10.56
5102678,Campo Verde,resto_mt,FALSE,2013,45519973,35367634,82670359,409893925,527931918,6.7,15.66,77.64,0.0862,84573325.01,980865205.68,2377.12,27569.42,8.19,30.63,10.56
5102678,Campo Verde,resto_mt,FALSE,2014,52248877,41305347,88990404,499473232,629768983,6.56,14.13,79.31,0.083,91383700.67,1101470950.91,2483.26,29931.27,8.05,12.3,10.56
5102678,Campo Verde,resto_mt,FALSE,2015,60097709,39862434,89229773,465664300,594756507,6.7,15,78.29,0.101,94460010.06,934822750.69,2486.51,24607.72,3.37,-15.13,10.56
5102678,Campo Verde,resto_mt,FALSE,2016,66097885,25778973,65992254,451422749,543193976,4.75,12.15,83.11,0.1217,97477001.37,801068293.61,2511.39,20638.64,3.19,-14.31,10.56
5102678,Campo Verde,resto_mt,FALSE,2017,72676841,20058101,57936312,440347564,518341977,3.87,11.18,84.95,0.1402,105008376.98,748935272.56,2629.62,18754.79,7.73,-6.51,10.56
5102678,Campo Verde,resto_mt,FALSE,2018,78915922,15110843,58002491,459606377,532719711,2.84,10.89,86.28,0.1481,110237785.28,744157067.74,2571.38,17358.05,4.98,-0.64,10.56
5102678,Campo Verde,resto_mt,FALSE,2019,79643066,28553686,71521858,562986014,663061558,4.31,10.79,84.91,0.1201,106481566.9,886503209.79,2417.77,20129.05,-3.41,19.13,10.56
5102678,Campo Verde,resto_mt,FALSE,2020,105298715,34717178,86608305,572149771,693475254,5.01,12.49,82.5,0.1518,133510040.3,879269125.96,2918.88,19223.2,25.38,-0.82,10.56
5102678,Campo Verde,resto_mt,FALSE,2021,109177878,40363458,110170270,940025936,1090559664,3.7,10.1,86.2,0.1001,125660992.65,1255206754.53,2853.79,28506.05,-5.88,42.76,10.56
5102678,Campo Verde,resto_mt,FALSE,2022,99354991,46800417,145555052,1293598440,1485953909,3.15,9.8,87.06,0.0669,107950965.63,1614515362.88,2421.24,36212.07,-14.09,28.63,10.56
5102678,Campo Verde,resto_mt,FALSE,2023,90275956,40744576,159056182,1436910511,1636711269,2.49,9.72,87.79,0.0552,94580455.4,1714752233.44,2121.35,38460.28,-12.39,6.21,10.56
5102678,Campo Verde,resto_mt,FALSE,2024,94796222,63262696,175606315,1506719431,1745588442,3.62,10.06,86.32,0.0543,94796222,1745588441.99,1981.91,36494.93,0.23,1.8,10.56
5102686,Campos de Júlio,resto_mt,FALSE,2004,547687,642677,1966613,27539312,30148602,2.13,6.52,91.35,0.0182,1622084.97,89291135.88,421.88,23222.66,,,
5102686,Campos de Júlio,resto_mt,FALSE,2005,757807,564985,1748962,29785582,32099529,1.76,5.45,92.79,0.0236,2136572.13,90501880.7,526.9,22318.58,31.72,1.36,
5102686,Campos de Júlio,resto_mt,FALSE,2006,951431,6776491,2380243,24405402,33562136,20.19,7.09,72.72,0.0283,2609080.3,92036424.9,611.89,21584.53,22.12,1.7,
5102686,Campos de Júlio,resto_mt,FALSE,2007,1097696,8930810,2362834,24617727,35911371,24.87,6.58,68.55,0.0306,2862602.51,93650683.85,600.12,19633.26,9.72,1.75,
5102686,Campos de Júlio,resto_mt,FALSE,2008,1356480,2997188,2859279,18932288,24788755,12.09,11.53,76.37,0.0547,3322158.91,60710208.43,663.11,12117.81,16.05,-35.17,
5102686,Campos de Júlio,resto_mt,FALSE,2009,1541039,3754480,3521812,12385151,19661443,19.1,17.91,62.99,0.0784,3625036.53,46250256.45,694.04,8855.11,9.12,-23.82,
5102686,Campos de Júlio,resto_mt,FALSE,2010,2118098,4665216,3827680,13768376,22261272,20.96,17.19,61.85,0.0951,4679905.76,49185946.56,908.01,9543.25,29.1,6.35,
5102686,Campos de Júlio,resto_mt,FALSE,2011,1998285,4310662,4035838,15138850,23485350,18.35,17.18,64.46,0.0851,4162115.78,48916318.54,781.32,9182.71,-11.06,-0.55,
5102686,Campos de Júlio,resto_mt,FALSE,2012,2666093,5735070,6041782,17496428,29273280,19.59,20.64,59.77,0.0911,5228999.24,57413585.69,951.76,10450.22,25.63,17.37,
5102686,Campos de Júlio,resto_mt,FALSE,2013,4626616,9563908,15839418,40957943,66361269,14.41,23.87,61.72,0.0697,8595969.49,123295177.92,1487.71,21338.72,64.39,114.75,
5102686,Campos de Júlio,resto_mt,FALSE,2014,6973866,10788947,21927596,69552717,102269260,10.55,21.44,68.01,0.0682,12197347.01,178869747.65,2043.44,29966.45,41.9,45.07,
5102686,Campos de Júlio,resto_mt,FALSE,2015,7910949,10019039,20624117,62683115,93326271,10.74,22.1,67.17,0.0848,12434223.11,146687796.34,2020.18,23832.3,1.94,-17.99,
5102686,Campos de Júlio,resto_mt,FALSE,2016,7994352,7851281,16503767,57730357,82085405,9.56,20.11,70.33,0.0974,11789567.26,121054389.8,1860.72,19105.81,-5.18,-17.47,
5102686,Campos de Júlio,resto_mt,FALSE,2017,9072822,4560643,12651982,55905835,73118460,6.24,17.3,76.46,0.1241,13109022.08,105646457.73,2013.06,16223.34,11.19,-12.73,
5102686,Campos de Júlio,resto_mt,FALSE,2018,9889999,3281240,12528114,54738190,70547544,4.65,17.76,77.59,0.1402,13815356.38,98547983.85,2058.93,14686.73,5.39,-6.72,
5102686,Campos de Júlio,resto_mt,FALSE,2019,7629945,231263,7586627,33864906,41682796,0.55,18.2,81.24,0.183,10201120.33,55729263.74,1480.35,8087.25,-26.16,-43.45,
5102686,Campos de Júlio,resto_mt,FALSE,2020,9727108,147625,10581036,47776060,58504721,0.25,18.09,81.66,0.1663,12333166.48,74179135.6,1744.43,10492.09,20.9,33.11,
5102686,Campos de Júlio,resto_mt,FALSE,2021,9677668,34833,12619309,74928567,87582709,0.04,14.41,85.55,0.1105,11138752.56,100805496.07,1537.45,13913.81,-9.68,35.89,
5102686,Campos de Júlio,resto_mt,FALSE,2022,11700011,38601,14647307,101997742,116683650,0.03,12.55,87.41,0.1003,12712270.14,126778861.96,1440.98,14370.76,14.13,25.77,
5102686,Campos de Júlio,resto_mt,FALSE,2023,10628707,33855,16313063,137808452,154155370,0.02,10.58,89.4,0.0689,11135500.44,161505740.21,1262.23,18307.15,-12.4,27.39,
5102686,Campos de Júlio,resto_mt,FALSE,2024,9679145,193011,17486757,117854803,135534571,0.14,12.9,86.96,0.0714,9679145.01,135534571.01,1007.41,14106.43,-13.08,-16.08,
5102702,Canarana,resto_mt,FALSE,2000,4467909,291654,1878709,34429492,36599855,0.8,5.13,94.07,0.1221,,,,,,,4.18
5102702,Canarana,resto_mt,FALSE,2001,4099104,721047,4757274,50893133,56371454,1.28,8.44,90.28,0.0727,,,,,,,4.18
5102702,Canarana,resto_mt,FALSE,2002,5699811,1943826,6683156,70776537,79403519,2.45,8.42,89.14,0.0718,19776859.31,275509525.44,1196.86,16673.3,,,4.18
5102702,Canarana,resto_mt,FALSE,2003,7806734,1830917,8320929,90287676,100439522,1.82,8.28,89.89,0.0777,24539217.93,315715550.01,1439.92,18525.74,24.08,14.59,4.18
5102702,Canarana,resto_mt,FALSE,2004,5070399,3383101,10496332,88143626,102023059,3.32,10.29,86.4,0.0497,15017004.31,302161766.01,828.29,16666.39,-38.8,-4.29,4.18
5102702,Canarana,resto_mt,FALSE,2005,3907663,3818537,9484547,76361625,89664709,4.26,10.58,85.16,0.0436,11017322.11,252801989.58,588.16,13495.73,-26.63,-16.34,4.18
5102702,Canarana,resto_mt,FALSE,2006,5198448,5207396,9459693,88711467,103378556,5.04,9.15,85.81,0.0503,14255545.87,283491870.32,737.53,14666.65,29.39,12.14,4.18
5102702,Canarana,resto_mt,FALSE,2007,6914465,7786200,12317580,90096144,110199924,7.07,11.18,81.76,0.0627,18031736.41,287382462.91,1049.39,16724.81,26.49,1.37,4.18
5102702,Canarana,resto_mt,FALSE,2008,8102368,10739685,17957463,98537517,127234665,8.44,14.11,77.45,0.0637,19843531.87,311610769.91,1115.75,17521,10.05,8.43,4.18
5102702,Canarana,resto_mt,FALSE,2009,9941315,11870262,25421264,104030954,141322480,8.4,17.99,73.61,0.0703,23385280.93,332437499.31,1298.18,18454.39,17.85,6.68,4.18
5102702,Canarana,resto_mt,FALSE,2010,12804901,15168621,26806472,121229908,163205001,9.29,16.43,74.28,0.0785,28292236.69,360599001.63,1508.59,19227.84,20.98,8.47,4.18
5102702,Canarana,resto_mt,FALSE,2011,16718944,20025179,29645840,155697101,205368120,9.75,14.44,75.81,0.0814,34822950.92,427749740.88,1831.73,22500.11,23.08,18.62,4.18
5102702,Canarana,resto_mt,FALSE,2012,19353310,20898288,34419125,212044978,267362391,7.82,12.87,79.31,0.0724,37957581.87,524376958.96,1970.79,27226.22,9,22.59,4.18
5102702,Canarana,resto_mt,FALSE,2013,26010071,21853490,42853368,262879844,327586702,6.67,13.08,80.25,0.0794,48325120.67,608636051.13,2455.42,30925.06,27.31,16.07,4.18
5102702,Canarana,resto_mt,FALSE,2014,28446353,28251795,51901871,328141863,408295529,6.92,12.71,80.37,0.0697,49752897.23,714112121.62,2494.13,35798.67,2.95,17.33,4.18
5102702,Canarana,resto_mt,FALSE,2015,31940663,28260812,51419323,339607892,419288027,6.74,12.26,81,0.0762,50203500.25,659025974.7,2484.34,32612.13,0.91,-7.71,4.18
5102702,Canarana,resto_mt,FALSE,2016,30308434,23291510,45015975,362506670,430814155,5.41,10.45,84.14,0.0704,44696971.22,635337605.46,2184.5,31051.15,-10.97,-3.59,4.18
5102702,Canarana,resto_mt,FALSE,2017,33127196,19144277,36919723,349912587,405976587,4.72,9.09,86.19,0.0816,47864395.83,586582216.61,2311.52,28327.72,7.09,-7.67,4.18
5102702,Canarana,resto_mt,FALSE,2018,36184293,15479748,39791031,402768441,458039220,3.38,8.69,87.93,0.079,50545900.25,639835763.2,2371.82,30023.74,5.6,9.08,4.18
5102702,Canarana,resto_mt,FALSE,2019,38181169,12593896,50301089,461103728,523998713,2.4,9.6,88,0.0729,51047641.75,700578302.87,2365.61,32465.75,0.99,9.49,4.18
5102702,Canarana,resto_mt,FALSE,2020,48468479,10830889,73560866,538516777,622908532,1.74,11.81,86.45,0.0778,61454012.84,789796373.16,2813.58,36159.53,20.39,12.73,4.18
5102702,Canarana,resto_mt,FALSE,2021,52735564,9226261,91714517,694194161,795134939,1.16,11.53,87.31,0.0663,60697308.29,915180323.58,2746.37,41409,-1.23,15.88,4.18
5102702,Canarana,resto_mt,FALSE,2022,49341363,6920672,91708929,795413277,894042878,0.77,10.26,88.97,0.0552,53610268.87,971393495.34,2073.25,37566.46,-11.68,6.14,4.18
5102702,Canarana,resto_mt,FALSE,2023,49548147,6138960,121685057,967951442,1095775459,0.56,11.1,88.33,0.0452,51910680.48,1148023754.27,2007.54,44397.24,-3.17,18.18,4.18
5102702,Canarana,resto_mt,FALSE,2024,48684234,8969005,163084079,1183778960,1355832044,0.66,12.03,87.31,0.0359,48684233.99,1355832044.01,1760.3,49023.1,-6.22,18.1,4.18
5102793,Carlinda,resto_mt,FALSE,2012,8449,14013,32245,64791,111049,12.62,29.04,58.34,0.0761,16571,217800.03,1.52,20.17,,,
5102793,Carlinda,resto_mt,FALSE,2013,333752,682943,1959371,7638664,10280978,6.64,19.06,74.3,0.0325,620090.79,19101428.14,58.35,1797.61,3642.02,8670.17,
5102793,Carlinda,resto_mt,FALSE,2014,484574,466348,2536198,13316352,16318898,2.86,15.54,81.6,0.0297,847523.78,28541882.15,80.78,2720.1,36.68,49.42,
5103007,Chapada dos Guimarães,resto_mt,FALSE,2000,2357751,502076,2145707,12834224,15482007,3.24,13.86,82.9,0.1523,,,,,,,8.01
5103007,Chapada dos Guimarães,resto_mt,FALSE,2001,2067694,1301411,5333792,19620898,26256101,4.96,20.31,74.73,0.0788,,,,,,,8.01
5103007,Chapada dos Guimarães,resto_mt,FALSE,2002,2143471,1534079,3690949,25762824,30987852,4.95,11.91,83.14,0.0692,7437285.97,107519773.76,454.14,6565.29,,,8.01
5103007,Chapada dos Guimarães,resto_mt,FALSE,2003,2315474,1370411,3864209,27609409,32844029,4.17,11.77,84.06,0.0705,7278321.65,103239944.54,436.73,6194.64,-2.14,-3.98,8.01
5103007,Chapada dos Guimarães,resto_mt,FALSE,2004,2938200,1402457,5046484,29580700,36029641,3.89,14.01,82.1,0.0815,8702069.02,106709013.23,503.83,6178.14,19.56,3.36,8.01
5103007,Chapada dos Guimarães,resto_mt,FALSE,2005,3202340,1762447,5376127,28384826,35523400,4.96,15.13,79.9,0.0901,9028724.15,100155192.56,512.8,5688.36,3.75,-6.14,8.01
5103007,Chapada dos Guimarães,resto_mt,FALSE,2006,3777140,4210506,6460760,31344332,42015598,10.02,15.38,74.6,0.0899,10357936.16,115218096.69,577.36,6422.42,14.72,15.04,8.01
5103007,Chapada dos Guimarães,resto_mt,FALSE,2007,4888741,4142033,7014426,28398277,39554736,10.47,17.73,71.79,0.1236,12748996.35,103151953.63,733.68,5936.11,23.08,-10.47,8.01
5103007,Chapada dos Guimarães,resto_mt,FALSE,2008,7586552,4731154,8549352,32195333,45475839,10.4,18.8,70.8,0.1668,18580245.48,111375003.06,1033.51,6195.06,45.74,7.97,8.01
5103007,Chapada dos Guimarães,resto_mt,FALSE,2009,9127867,4823215,11178441,30774865,46776521,10.31,23.9,65.79,0.1951,21471780.55,110033942.7,1180.42,6049.15,15.56,-1.2,8.01
5103007,Chapada dos Guimarães,resto_mt,FALSE,2010,10718601,4543541,13131484,31618225,49293250,9.22,26.64,64.14,0.2174,23682588.13,108912696.48,1328.92,6111.48,10.3,-1.02,8.01
5103007,Chapada dos Guimarães,resto_mt,FALSE,2011,13140873,4878681,16500025,38580782,59959488,8.14,27.52,64.34,0.2192,27370387.49,124886255.25,1522.27,6945.85,15.57,14.67,8.01
5103007,Chapada dos Guimarães,resto_mt,FALSE,2012,30652072,8848611,15998717,44189591,69036919,12.82,23.17,64.01,0.444,60117805.8,135401877.23,3315.38,7467.15,119.65,8.42,8.01
5103007,Chapada dos Guimarães,resto_mt,FALSE,2013,20150566,11074003,15621054,53362289,80057346,13.83,19.51,66.66,0.2517,37438518.85,148741651.09,2035.47,8086.87,-37.72,9.85,8.01
5103007,Chapada dos Guimarães,resto_mt,FALSE,2014,22173637,9118599,16957371,56234303,82310273,11.08,20.6,68.32,0.2694,38781867.14,143961320.92,2090.9,7761.55,3.59,-3.21,8.01
5103007,Chapada dos Guimarães,resto_mt,FALSE,2015,23376098,8779438,18255938,57735058,84770434,10.36,21.54,68.11,0.2758,36741940.56,133239955.1,1964.92,7125.52,-5.26,-7.45,8.01
5103007,Chapada dos Guimarães,resto_mt,FALSE,2016,26104068,8153750,19384148,67534773,95072671,8.58,20.39,71.03,0.2746,38496636.82,140207192.45,2036.22,7416.03,4.78,5.23,8.01
5103007,Chapada dos Guimarães,resto_mt,FALSE,2017,29423157,12787574,18428819,73734094,104950487,12.18,17.56,70.26,0.2804,42512551.72,151639506.49,2231.76,7960.49,10.43,8.15,8.01
5103007,Chapada dos Guimarães,resto_mt,FALSE,2018,34800157,12036574,22094616,77306071,111437261,10.8,19.83,69.37,0.3123,48612398.33,155666898.87,2481.74,7947.05,14.35,2.66,8.01
5103007,Chapada dos Guimarães,resto_mt,FALSE,2019,36192887,11172962,28524160,86898573,126595695,8.83,22.53,68.64,0.2859,48389338.98,169256517.15,2449.85,8569.09,-0.46,8.73,8.01
5103007,Chapada dos Guimarães,resto_mt,FALSE,2020,50421384,10514096,31705330,96921008,139140434,7.56,22.79,69.66,0.3624,63930134.47,176418534.16,3286.39,9068.96,32.12,4.23,8.01
5103007,Chapada dos Guimarães,resto_mt,FALSE,2021,54098297,11001092,38933384,119808276,169742752,6.48,22.94,70.58,0.3187,62265779.71,195369639.91,2764.79,8674.99,-2.6,10.74,8.01
5103007,Chapada dos Guimarães,resto_mt,FALSE,2022,43013187,7145063,44372782,139525213,191043058,3.74,23.23,73.03,0.2251,46734593.04,207571681.89,2461.01,10930.59,-24.94,6.25,8.01
5103007,Chapada dos Guimarães,resto_mt,FALSE,2023,40591096,8012311,50245657,169488244,227746212,3.52,22.06,74.42,0.1782,42526543.22,238605509.16,2239.42,12564.79,-9,14.95,8.01
5103007,Chapada dos Guimarães,resto_mt,FALSE,2024,40474545,8556655,57563882,210898957,277019494,3.09,20.78,76.13,0.1461,40474545.01,277019494.01,2089.11,14298.53,-4.83,16.1,8.01
5103056,Cláudia,resto_mt,FALSE,2000,1776399,0,2342138,3749352,6091490,0,38.45,61.55,0.2916,,,,,,,0.61
5103056,Cláudia,resto_mt,FALSE,2001,1407746,0,2246728,3194410,5441138,0,41.29,58.71,0.2587,,,,,,,0.61
5103056,Cláudia,resto_mt,FALSE,2002,1582368,0,1801627,2648661,4450288,0,40.48,59.52,0.3556,5490404.73,15441340.01,525.31,1477.35,,,0.61
5103056,Cláudia,resto_mt,FALSE,2003,1690546,0,3790446,4523272,8313718,0,45.59,54.41,0.2033,5313960.59,26132840.93,494.28,2430.74,-3.21,69.24,0.61
5103056,Cláudia,resto_mt,FALSE,2004,2055808,0,4835509,5553147,10388656,0,46.55,53.45,0.1979,6088688,30768089.82,535.03,2703.7,14.58,17.74,0.61
5103056,Cláudia,resto_mt,FALSE,2005,2589731,0,4097897,4718675,8816572,0,46.48,53.52,0.2937,7301525.4,24857571.82,622.57,2119.51,19.92,-19.21,0.61
5103056,Cláudia,resto_mt,FALSE,2006,2442246,0,4390560,4845341,9235901,0,47.54,52.46,0.2644,6697296.94,25327330.44,554.74,2097.84,-8.28,1.89,0.61
5103056,Cláudia,resto_mt,FALSE,2007,3428210,0,5198140,7360764,12558904,0,41.39,58.61,0.273,8940182.5,32751463.26,837.88,3069.48,33.49,29.31,0.61
5103056,Cláudia,resto_mt,FALSE,2008,4048173,0,6468738,9885003,16353741,0,39.56,60.44,0.2475,9914391.68,40051992.31,898.69,3630.54,10.9,22.29,0.61
5103056,Cláudia,resto_mt,FALSE,2009,4675705,0,5190933,7779048,12969981,0,40.02,59.98,0.3605,10998814.05,30509711.18,986.62,2736.78,10.94,-23.82,0.61
5103056,Cláudia,resto_mt,FALSE,2010,5999785,0,6191634,8797268,14988902,0,41.31,58.69,0.4003,13256434.96,33117754.14,1202.07,3003.07,20.53,8.55,0.61
5103056,Cláudia,resto_mt,FALSE,2011,6563238,1195500,11385933,23374884,35956317,3.32,31.67,65.01,0.1825,13670200.38,74891396.38,1229.11,6733.63,3.12,126.14,0.61
5103056,Cláudia,resto_mt,FALSE,2012,8441228,1308838,13165466,23824831,38299135,3.42,34.38,62.21,0.2204,16555752.1,75115964.77,1476.49,6699,21.11,0.3,0.61
5103056,Cláudia,resto_mt,FALSE,2013,8539953,1624071,14563150,33476659,49663880,3.27,29.32,67.41,0.172,15866710.22,92272450.68,1395.97,8118.29,-4.16,22.84,0.61
5103056,Cláudia,resto_mt,FALSE,2014,11409372,1789909,12917618,38504108,53211635,3.36,24.28,72.36,0.2144,19955082.21,93067572.06,1741.74,8123.22,25.77,0.86,0.61
5103056,Cláudia,resto_mt,FALSE,2015,9685346,1752631,12986268,41512360,56251259,3.12,23.09,73.8,0.1722,15223173.99,88414260.37,1318.49,7657.57,-23.71,-5,0.61
5103056,Cláudia,resto_mt,FALSE,2016,10960788,1053431,10263589,40238560,51555580,2.04,19.91,78.05,0.2126,16164280.39,76030925.08,1389.63,6536.36,6.18,-14.01,0.61
5103056,Cláudia,resto_mt,FALSE,2017,10770322,721484,8502535,46174031,55398050,1.3,15.35,83.35,0.1944,15561683.99,80042820.21,1328.23,6831.93,-3.73,5.28,0.61
5103056,Cláudia,resto_mt,FALSE,2018,12065606,480837,6798581,54706088,61985506,0.78,10.97,88.26,0.1947,16854465.48,86587658.46,1398.47,7184.52,8.31,8.18,0.61
5103056,Cláudia,resto_mt,FALSE,2019,14049671,412621,8188462,67400567,76001650,0.54,10.77,88.68,0.1849,18784196.25,101613049.14,1546.15,8363.89,11.45,17.35,0.61
5103056,Cláudia,resto_mt,FALSE,2020,17041341,331231,8200210,74556733,83088174,0.4,9.87,89.73,0.2051,21607007.49,105348915.78,1764.56,8603.43,15.03,3.68,0.61
5103056,Cláudia,resto_mt,FALSE,2021,19798652,1218317,11313836,101600455,114132608,1.07,9.91,89.02,0.1735,22787750.68,131363762.3,1846.95,10647.09,5.46,24.69,0.61
5103056,Cláudia,resto_mt,FALSE,2022,17138997,1138592,15094638,116799970,133033200,0.86,11.35,87.8,0.1288,18621825.2,144542938.97,1941.19,15067.54,-18.28,10.03,0.61
5103056,Cláudia,resto_mt,FALSE,2023,16840446,2236072,16843746,121098744,140178562,1.6,12.02,86.39,0.1201,17643424.92,146862496.05,1839.2,15309.34,-5.25,1.6,0.61
5103056,Cláudia,resto_mt,FALSE,2024,6277697,3785744,18808892,126533316,149127952,2.54,12.61,84.85,0.0421,6277697,149127951.99,665.3,15804.16,-64.42,1.54,0.61
5103254,Colniza,resto_mt,FALSE,2012,27571,0,88451,96524,184975,0,47.82,52.18,0.1491,54074.91,362790.85,1.88,12.59,,,
5103254,Colniza,resto_mt,FALSE,2013,827776,175466,1388668,4142730,5706864,3.07,24.33,72.59,0.145,1537957.17,10603004.17,49.85,343.71,2744.12,2822.62,
5103254,Colniza,resto_mt,FALSE,2014,1927750,265287,1908820,17338708,19512815,1.36,9.78,88.86,0.0988,3371650.05,34128068.35,104.62,1058.9,119.23,221.87,
5103205,Colíder,resto_mt,FALSE,2000,6269489,544680,5415311,38058214,44018205,1.24,12.3,86.46,0.1424,,,,,,,7.67
5103205,Colíder,resto_mt,FALSE,2001,6806201,1146107,10450720,55306174,66903001,1.71,15.62,82.67,0.1017,,,,,,,7.67
5103205,Colíder,resto_mt,FALSE,2002,6603736,3411300,12985544,73785745,90182589,3.78,14.4,81.82,0.0732,22913243.58,312910090.28,827.87,11305.78,,,7.67
5103205,Colíder,resto_mt,FALSE,2003,7281278,3344351,13366532,74991343,91702226,3.65,14.58,81.78,0.0794,22887531.16,288251259.5,832.16,10480.34,-0.11,-7.88,7.67
5103205,Colíder,resto_mt,FALSE,2004,8258259,4583052,20783964,89035486,114402502,4.01,18.17,77.83,0.0722,24458491.52,338825971.1,901.23,12484.83,6.86,17.55,7.67
5103205,Colíder,resto_mt,FALSE,2005,9451579,4517751,21678308,89932454,116128513,3.89,18.67,77.44,0.0814,26647919.81,327414424.92,989.23,12154.38,8.95,-3.37,7.67
5103205,Colíder,resto_mt,FALSE,2006,11062392,15036810,17357402,101929679,134323891,11.19,12.92,75.88,0.0824,30336061.17,368352321.42,1134.57,13776.36,13.84,12.5,7.67
5103205,Colíder,resto_mt,FALSE,2007,13886658,14657487,22665451,110185753,147508691,9.94,15.37,74.7,0.0941,36214017.51,384677315.38,1179.8,12532.24,19.38,4.43,7.67
5103205,Colíder,resto_mt,FALSE,2008,18186186,9511793,29542545,112488052,151542390,6.28,19.49,74.23,0.12,44539838.44,371142886.44,1403.09,11691.76,22.99,-3.52,7.67
5103205,Colíder,resto_mt,FALSE,2009,17456419,8611996,30295255,94293635,133200886,6.47,22.74,70.79,0.1311,41063306.28,313332807.67,1279.38,9762.37,-7.81,-15.58,7.67
5103205,Colíder,resto_mt,FALSE,2010,23595239,10164578,38934323,120490801,169589702,5.99,22.96,71.05,0.1391,52133326.64,374705902.72,1694.52,12179.21,26.96,19.59,7.67
5103205,Colíder,resto_mt,FALSE,2011,32031060,11354633,49818012,156899548,218072193,5.21,22.84,71.95,0.1469,66715698.7,454210342.14,2153.85,14663.78,27.97,21.22,7.67
5103205,Colíder,resto_mt,FALSE,2012,44236616,17645098,67529608,206989559,292164265,6.04,23.11,70.85,0.1514,86761126.3,573020791.08,2782.96,18380.2,30.05,26.16,7.67
5103205,Colíder,resto_mt,FALSE,2013,52425548,22564260,77921749,265290356,365776365,6.17,21.3,72.53,0.1433,97403460.87,679590108.61,3090.69,21564.02,12.27,18.6,7.67
5103205,Colíder,resto_mt,FALSE,2014,65740050,24747403,78754981,316665196,420167580,5.89,18.74,75.37,0.1565,114979869.35,734876433.07,3626.32,23177.1,18.04,8.14,7.67
5103205,Colíder,resto_mt,FALSE,2015,75306302,22080894,73740707,327866698,423688299,5.21,17.4,77.38,0.1777,118364479.51,665942207.35,3711.07,20879.21,2.94,-9.38,7.67
5103205,Colíder,resto_mt,FALSE,2016,72305577,17246529,69927704,343451971,430626204,4,16.24,79.76,0.1679,106631714.91,635060427.15,3319.8,19771.49,-9.91,-4.64,7.67
5103205,Colíder,resto_mt,FALSE,2017,77002408,13121411,62865277,348032974,424019662,3.09,14.83,82.08,0.1816,111258246.45,612652062.19,3444.74,18968.74,4.34,-3.53,7.67
5103205,Colíder,resto_mt,FALSE,2018,85924199,10370371,61957497,373580528,445908396,2.33,13.89,83.78,0.1927,120027659.29,622890194.59,3612.68,18748.21,7.88,1.67,7.67
5103205,Colíder,resto_mt,FALSE,2019,91287597,6693222,65384673,400758865,472836760,1.42,13.83,84.76,0.1931,122050127.6,632175550.51,3650.05,18905.9,1.69,1.49,7.67
5103205,Colíder,resto_mt,FALSE,2020,109555325,4694881,71520560,476348485,552563926,0.85,12.94,86.21,0.1983,138907068.86,700605245.02,4128.11,20820.99,13.81,10.82,7.67
5103205,Colíder,resto_mt,FALSE,2021,124366712,4538788,90313298,657602361,752454447,0.6,12,87.39,0.1653,143142958.7,866056150.35,4228.11,25581.33,3.05,23.62,7.67
5103205,Colíder,resto_mt,FALSE,2022,113538679,4982241,95583424,780545940,881111605,0.57,10.85,88.59,0.1289,123361795.02,957343437.15,3932.49,30517.8,-13.82,10.54,7.67
5103205,Colíder,resto_mt,FALSE,2023,104944137,3993545,108853637,818652146,931499328,0.43,11.69,87.89,0.1127,109948038.3,975914679.28,3504.88,31109.81,-10.87,1.94,7.67
5103205,Colíder,resto_mt,FALSE,2024,116465873,3688026,125206612,896909160,1025803798,0.36,12.21,87.43,0.1135,116465873,1025803798,3638.43,32046.35,5.93,5.11,7.67
5103304,Comodoro,resto_mt,FALSE,2000,1922644,200399,1995151,30443353,32638903,0.61,6.11,93.27,0.0589,,,,,,,3.5
5103304,Comodoro,resto_mt,FALSE,2001,2367328,710320,3290542,42289471,46290333,1.53,7.11,91.36,0.0511,,,,,,,3.5
5103304,Comodoro,resto_mt,FALSE,2002,3109272,992989,4347419,65420752,70761160,1.4,6.14,92.45,0.0439,10788363.83,245522791.14,660.81,15038.75,,,3.5
5103304,Comodoro,resto_mt,FALSE,2003,3743736,1356916,6807354,92478970,100643240,1.35,6.76,91.89,0.0372,11767834.48,316355904.92,695.46,18696.04,9.08,28.85,3.5
5103304,Comodoro,resto_mt,FALSE,2004,3550539,1843764,6827135,83296349,91967248,2,7.42,90.57,0.0386,10515633.87,272379463.46,578.8,14992.26,-10.64,-13.9,3.5
5103304,Comodoro,resto_mt,FALSE,2005,3067143,2544738,8963636,103056581,114564955,2.22,7.82,89.95,0.0268,8647547.75,323006106.67,458.56,17128.33,-17.76,18.59,3.5
5103304,Comodoro,resto_mt,FALSE,2006,3487578,8677967,8431109,84656427,101765503,8.53,8.28,83.19,0.0343,9563879.09,279068444.12,489.38,14279.7,10.6,-13.6,3.5
5103304,Comodoro,resto_mt,FALSE,2007,4893063,10401057,9041991,91769007,111212055,9.35,8.13,82.52,0.044,12760267.37,290021926.62,711.32,16167.11,33.42,3.93,3.5
5103304,Comodoro,resto_mt,FALSE,2008,4954949,6917212,13391526,104231894,124540632,5.55,10.75,83.69,0.0398,12135179.3,305012806.24,651.62,16378.29,-4.9,5.17,3.5
5103304,Comodoro,resto_mt,FALSE,2009,5874148,7426781,15822736,79134323,102383840,7.25,15.45,77.29,0.0574,13817950.78,240840860.85,728.25,12693.2,13.87,-21.04,3.5
5103304,Comodoro,resto_mt,FALSE,2010,7719032,10242483,18103157,104042123,132387763,7.74,13.67,78.59,0.0583,17055085.42,292508776.53,938.24,16091.37,23.43,21.45,3.5
5103304,Comodoro,resto_mt,FALSE,2011,8384159,11308195,24031881,107898026,143238102,7.89,16.78,75.33,0.0585,17462894.64,298342610.4,948.09,16197.54,2.39,1.99,3.5
5103304,Comodoro,resto_mt,FALSE,2012,11264988,11638522,23667463,120443685,155749670,7.47,15.2,77.33,0.0723,22093983.11,305471304.36,1184.59,16378.27,26.52,2.39,3.5
5103304,Comodoro,resto_mt,FALSE,2013,13469854,15783508,23153627,108815506,147752641,10.68,15.67,73.65,0.0912,25026164.67,274515367.73,1314.05,14414.04,13.27,-10.13,3.5
5103304,Comodoro,resto_mt,FALSE,2014,17440726,15433652,27695405,115923845,159052902,9.7,17.41,72.88,0.1097,30503968.22,278184788.31,1581,14418.19,21.89,1.34,3.5
5103304,Comodoro,resto_mt,FALSE,2015,16939589,15287323,24279548,103821475,143388346,10.66,16.93,72.41,0.1181,26625203.76,225374058.88,1362.88,11536.34,-12.72,-18.98,3.5
5103304,Comodoro,resto_mt,FALSE,2016,16650519,10061792,10520577,93041621,113623990,8.86,9.26,81.89,0.1465,24555137.64,167565510.3,1246.33,8504.99,-7.77,-25.65,3.5
5103304,Comodoro,resto_mt,FALSE,2017,18874297,6724079,9790797,93358168,109873044,6.12,8.91,84.97,0.1718,27270850.9,158751947.19,1368.2,7964.69,11.06,-5.26,3.5
5103304,Comodoro,resto_mt,FALSE,2018,19376120,6698659,10074638,107940556,124713853,5.37,8.08,86.55,0.1554,27066534.89,174212992.76,1319.48,8492.82,-0.75,9.74,3.5
5103304,Comodoro,resto_mt,FALSE,2019,20084503,8404643,11841450,121399125,141645218,5.93,8.36,85.71,0.1418,26852674.77,189377500.32,1293.3,9120.91,-0.79,8.7,3.5
5103304,Comodoro,resto_mt,FALSE,2020,25221022,10735448,15289710,129376103,155401261,6.91,9.84,83.25,0.1623,31978164.81,197035914.6,1522.18,9379.09,19.09,4.04,3.5
5103304,Comodoro,resto_mt,FALSE,2021,24708034,12203025,18736313,155509227,186448565,6.54,10.05,83.41,0.1325,28438325.93,214597610.65,1338.33,10099.18,-11.07,8.91,3.5
5103304,Comodoro,resto_mt,FALSE,2022,24532842,13950945,24298182,190664273,228913400,6.09,10.61,83.29,0.1072,26655369.38,248718482.33,1461.53,13637.38,-6.27,15.9,3.5
5103304,Comodoro,resto_mt,FALSE,2023,22774785,16040286,30144973,246781123,292966382,5.48,10.29,84.24,0.0777,23860722.53,306935479.32,1308.3,16829.45,-10.48,23.41,3.5
5103304,Comodoro,resto_mt,FALSE,2024,23006099,19809453,31522335,287705508,339037296,5.84,9.3,84.86,0.0679,23006098.99,339037295.99,1246.19,18365.06,-3.58,10.46,3.5
5103353,Confresa,resto_mt,FALSE,2003,1250038,209336,2166265,5641074,8016675,2.61,27.02,70.37,0.1559,3929294.23,25199133.83,176.03,1128.85,,,
5103353,Confresa,resto_mt,FALSE,2004,2200672,1470622,3822806,13804302,19097730,7.7,20.02,72.28,0.1152,6517731.83,56561760.44,257.56,2235.2,65.88,124.46,
5103353,Confresa,resto_mt,FALSE,2005,1839203,1243282,3748748,23173701,28165731,4.41,13.31,82.28,0.0653,5185475.79,79410873.18,192.38,2946.06,-20.44,40.4,
5103353,Confresa,resto_mt,FALSE,2006,2899512,1215879,3373563,38781516,43370958,2.8,7.78,89.42,0.0669,7951243.58,118934859.19,278.06,4159.44,53.34,49.77,
5103353,Confresa,resto_mt,FALSE,2007,3550548,2143737,4554855,54230600,60929192,3.52,7.48,89.01,0.0583,9259218.99,158892861.49,433.46,7438.45,16.45,33.6,
5103353,Confresa,resto_mt,FALSE,2008,17580233,3097550,5866136,55070605,64034291,4.84,9.16,86,0.2745,43055797.25,156826559.16,1941.21,7070.64,365,-1.3,
5103353,Confresa,resto_mt,FALSE,2009,16831174,3820994,7084927,46662521,57568442,6.64,12.31,81.06,0.2924,39592521.98,135420132.01,1751.41,5990.44,-8.04,-13.65,
5103353,Confresa,resto_mt,FALSE,2010,16949317,4638528,10169955,61813343,76621826,6.05,13.27,80.67,0.2212,37449261.67,169294775.22,1490.58,6738.38,-5.41,25.01,
5103353,Confresa,resto_mt,FALSE,2011,18984743,4747816,17376134,87624072,109748022,4.33,15.83,79.84,0.173,39542256.59,228588000.78,1539.57,8900.03,5.59,35.02,
5103353,Confresa,resto_mt,FALSE,2012,24500793,8750837,33792089,112479938,155022864,5.64,21.8,72.56,0.158,48053322.97,304045822.19,1832.41,11594.18,21.52,33.01,
5103353,Confresa,resto_mt,FALSE,2013,27258106,17003402,43149437,141671950,201824789,8.42,21.38,70.2,0.1351,50643893.34,374978110.68,1865.76,13814.41,5.39,23.33,
5103353,Confresa,resto_mt,FALSE,2014,36290851,22873515,44638661,173764954,241277130,9.48,18.5,72.02,0.1504,63472986.5,421995615.84,2287.39,15207.6,25.33,12.54,
5103353,Confresa,resto_mt,FALSE,2015,40029261,21243536,48477410,205295859,275016805,7.72,17.63,74.65,0.1456,62916947.42,432264234.38,2220.16,15253.33,-0.88,2.43,
5103353,Confresa,resto_mt,FALSE,2016,38024576,14315411,49472928,243398688,307187027,4.66,16.11,79.23,0.1238,56076251.87,453020096.7,1939.49,15668.39,-10.87,4.8,
5103353,Confresa,resto_mt,FALSE,2017,38453602,10831930,47562739,277581444,335976113,3.22,14.16,82.62,0.1145,55560344.66,485440834.28,1885.27,16471.82,-0.92,7.16,
5103353,Confresa,resto_mt,FALSE,2018,45912816,9690490,46580054,311839946,368110490,2.63,12.65,84.71,0.1247,64135690.53,514214167.77,2113.42,16944.47,15.43,5.93,
5103353,Confresa,resto_mt,FALSE,2019,49314735,15240639,55710791,359895338,430846768,3.54,12.93,83.53,0.1145,65933050.01,576035570.4,2131.49,18622.05,2.8,12.02,
5103353,Confresa,resto_mt,FALSE,2020,70707345,17132656,61893762,429534972,508561390,3.37,12.17,84.46,0.139,89651051.11,644813677.64,2845.15,20463.79,35.97,11.94,
5103353,Confresa,resto_mt,FALSE,2021,68989008,19291678,90756821,559818183,669866682,2.88,13.55,83.57,0.103,79404613.69,770999709.26,2475.51,24036.66,-11.43,19.57,
5103353,Confresa,resto_mt,FALSE,2022,72367341,28525837,131108662,752581872,912216371,3.13,14.37,82.5,0.0793,78628403.69,991139318.88,2241.72,28257.72,-0.98,28.55,
5103353,Confresa,resto_mt,FALSE,2023,64718773,32903897,152105901,952750169,1137759967,2.89,13.37,83.74,0.0569,67804665.76,1192010149.57,1933.14,33984.62,-13.77,20.27,
5103353,Confresa,resto_mt,FALSE,2024,64957055,39751923,195911440,1080274301,1315937664,3.02,14.89,82.09,0.0494,64957055,1315937664,1730.29,35053.35,-4.2,10.4,
5103379,Cotriguaçu,resto_mt,FALSE,2012,4746,61632,139046,214228,414906,14.85,33.51,51.63,0.0114,9308.32,813753.75,0.57,51.15,,,
5103379,Cotriguaçu,resto_mt,FALSE,2013,200986,669218,1454176,6232139,8355533,8.01,17.4,74.59,0.0241,373419.69,15524069.14,22.38,930.19,3911.68,1807.71,
5103379,Cotriguaçu,resto_mt,FALSE,2014,678366,352931,1814823,8726837,10894591,3.24,16.66,80.1,0.0623,1186467.53,19054726.15,68.94,1107.26,217.73,22.74,
5103452,Denise,resto_mt,FALSE,2000,1019958,129510,312046,4379110,4820666,2.69,6.47,90.84,0.2116,,,,,,,
5103452,Denise,resto_mt,FALSE,2001,1221471,130546,886987,5094364,6111897,2.14,14.51,83.35,0.1999,,,,,,,
5103452,Denise,resto_mt,FALSE,2002,1381104,230271,1185245,6139083,7554599,3.05,15.69,81.26,0.1828,4792071.08,26212490.48,596.03,3260.25,,,
5103452,Denise,resto_mt,FALSE,2003,1312959,353051,1708272,8256045,10317368,3.42,16.56,80.02,0.1273,4127076.33,32430993.77,496.82,3904.05,-13.88,23.72,
5103452,Denise,resto_mt,FALSE,2004,1682396,549822,2384484,10311426,13245732,4.15,18,77.85,0.127,4982753.42,39229893.83,561.83,4423.26,20.73,20.96,
5103452,Denise,resto_mt,FALSE,2005,2162709,506388,2519542,12263725,15289655,3.31,16.48,80.21,0.1414,6097573.33,43107876.53,664.22,4695.84,22.37,9.89,
5103452,Denise,resto_mt,FALSE,2006,3639167,1210292,3079677,14588919,18878888,6.41,16.31,77.28,0.1928,9979576.99,51771000.44,1051.69,5455.9,63.66,20.1,
5103452,Denise,resto_mt,FALSE,2007,3338910,2436789,3354803,18357495,24149087,10.09,13.89,76.02,0.1383,8707303.45,62976668.65,841.37,6085.3,-12.75,21.64,
5103452,Denise,resto_mt,FALSE,2008,3588257,2582318,3341953,16749536,22673807,11.39,14.74,73.87,0.1583,8788010.15,55530483.43,813.11,5137.91,0.93,-11.82,
5103452,Denise,resto_mt,FALSE,2009,3443885,2382388,3937802,13506180,19826370,12.02,19.86,68.12,0.1737,8101163.5,46638219.64,727.08,4185.8,-7.82,-16.01,
5103452,Denise,resto_mt,FALSE,2010,5236639,2636671,3970759,14405583,21013013,12.55,18.9,68.56,0.2492,11570275.32,46427937.03,1357.53,5447.37,42.82,-0.45,
5103452,Denise,resto_mt,FALSE,2011,5569345,2180545,4612060,14796720,21589325,10.1,21.36,68.54,0.258,11600076.39,44967194.4,1348.07,5225.7,0.26,-3.15,
5103452,Denise,resto_mt,FALSE,2012,5984491,2889959,5154796,20137447,28182202,10.25,18.29,71.45,0.2124,11737362.08,55273658.08,1351.61,6365,1.18,22.92,
5103452,Denise,resto_mt,FALSE,2013,7341973,3818472,5306666,26145527,35270665,10.83,15.05,74.13,0.2082,13640936.65,65530737.77,1547.3,7433.15,16.22,18.56,
5103452,Denise,resto_mt,FALSE,2014,8834109,2682142,4613154,26320621,33615917,7.98,13.72,78.3,0.2628,15450926.77,58794505.71,1736.66,6608.35,13.27,-10.28,
5103452,Denise,resto_mt,FALSE,2015,9377005,1545869,4291929,24415263,30253061,5.11,14.19,80.7,0.31,14738531.65,47550971.48,1642.18,5298.17,-4.61,-19.12,
5103452,Denise,resto_mt,FALSE,2016,10798045,1702809,4274042,24497240,30474091,5.59,14.03,80.39,0.3543,15924277.27,44941271.72,1761.53,4971.39,8.05,-5.49,
5103452,Denise,resto_mt,FALSE,2017,12220564,1964072,4145555,23484498,29594125,6.64,14.01,79.36,0.4129,17657090.94,42759577.76,1937.14,4691.11,10.88,-4.85,
5103452,Denise,resto_mt,FALSE,2018,11870698,1247092,4612559,25586508,31446159,3.97,14.67,81.37,0.3775,16582198.16,43927192.83,1768.38,4684.57,-6.09,2.73,
5103452,Denise,resto_mt,FALSE,2019,13360600,845786,8544410,29002120,38392316,2.2,22.26,75.54,0.348,17862918.83,51329942.08,1887.85,5424.86,7.72,16.85,
5103452,Denise,resto_mt,FALSE,2020,17629261,702005,9310840,34027938,44040783,1.59,21.14,77.26,0.4003,22352441.31,55840061.42,2342.03,5850.8,25.13,8.79,
5103502,Diamantino,resto_mt,FALSE,2000,3685914,4272866,7075662,100945736,112294264,3.81,6.3,89.89,0.0328,,,,,,,5.37
5103502,Diamantino,resto_mt,FALSE,2001,3641083,5723404,9154243,92028845,106906492,5.35,8.56,86.08,0.0341,,,,,,,5.37
5103502,Diamantino,resto_mt,FALSE,2002,5236752,3791669,9963745,115025682,128781096,2.94,7.74,89.32,0.0407,18170165.22,446836854.23,950.17,23366.45,,,5.37
5103502,Diamantino,resto_mt,FALSE,2003,6006125,3605752,14850266,149918671,168374689,2.14,8.82,89.04,0.0357,18879291.94,529258866.31,974.47,27318.01,3.9,18.45,5.37
5103502,Diamantino,resto_mt,FALSE,2004,5666424,7751463,17709744,227105273,252566480,3.07,7.01,89.92,0.0224,16782251.98,748026322.47,843.21,37583.6,-11.11,41.33,5.37
5103502,Diamantino,resto_mt,FALSE,2005,5378823,12513574,21068137,554070478,587652189,2.13,3.59,94.29,0.0092,15165132.1,1656835160.83,750.89,82037.78,-9.64,121.49,5.37
5103502,Diamantino,resto_mt,FALSE,2006,6187411,223914045,13776326,518927470,756617841,29.59,1.82,68.59,0.0082,16967549.03,2074850096.22,828.25,101281.38,11.89,25.23,5.37
5103502,Diamantino,resto_mt,FALSE,2007,9109754,280574699,21568545,578754417,880897661,31.85,2.45,65.7,0.0103,23756672.83,2297229709.39,1289.17,124659.74,40.01,10.72,5.37
5103502,Diamantino,resto_mt,FALSE,2008,11879829,6920994,14447229,93960396,115328619,6,12.53,81.47,0.103,29094922.06,282451639.73,1534.07,14892.53,22.47,-87.7,5.37
5103502,Diamantino,resto_mt,FALSE,2009,15400986,6725661,21046326,82730595,110502582,6.09,19.05,74.87,0.1394,36228243.9,259938843.61,1907.85,13688.91,24.52,-7.97,5.37
5103502,Diamantino,resto_mt,FALSE,2010,17309541,8656164,23892344,84373309,116921817,7.4,20.43,72.16,0.148,38245171.2,258337000.83,1880.21,12700.32,5.57,-0.62,5.37
5103502,Diamantino,resto_mt,FALSE,2011,19448082,9576764,25729073,107657515,142963352,6.7,18,75.3,0.136,40507319.43,297770349.04,1978.37,14543.12,5.91,15.26,5.37
5103502,Diamantino,resto_mt,FALSE,2012,24991803,11811009,33069829,132440035,177320873,6.66,18.65,74.69,0.1409,49016339.23,347778832.32,2378.86,16878.37,21.01,16.79,5.37
5103502,Diamantino,resto_mt,FALSE,2013,32666510,15402291,42608735,192390055,250401081,6.15,17.02,76.83,0.1305,60692377.09,465229889.38,2914.82,22343.2,23.82,33.77,5.37
5103502,Diamantino,resto_mt,FALSE,2014,37499936,18523292,48718239,249905525,317147056,5.84,15.36,78.8,0.1182,65587685.77,554692718.73,3131.41,26483.31,8.07,19.23,5.37
5103502,Diamantino,resto_mt,FALSE,2015,36016330,17557932,51880763,274248318,343687013,5.11,15.1,79.8,0.1048,56609527.23,540198274.56,2687.51,25645.56,-13.69,-2.61,5.37
5103502,Diamantino,resto_mt,FALSE,2016,37589603,14012417,47310726,276660807,337983950,4.15,14,81.86,0.1112,55434781.06,498437460.76,2617.31,23533.4,-2.08,-7.73,5.37
5103502,Diamantino,resto_mt,FALSE,2017,38821204,11853468,43481631,288564950,343900049,3.45,12.64,83.91,0.1129,56091480.71,496889868.78,2634.15,23334.75,1.18,-0.31,5.37
5103502,Diamantino,resto_mt,FALSE,2018,48803410,10870884,39402651,266418525,316692060,3.43,12.44,84.13,0.1541,68173566.19,442387675.69,3112.37,20196.66,21.54,-10.97,5.37
5103502,Diamantino,resto_mt,FALSE,2019,49811175,13845579,56472585,409560723,479878887,2.89,11.77,85.35,0.1038,66596782.73,641590767.12,3021.49,29108.97,-2.31,45.03,5.37
5103502,Diamantino,resto_mt,FALSE,2020,64659344,15969802,66229111,437054867,519253780,3.08,12.75,84.17,0.1245,81982687.28,658370741.65,3696.58,29685.76,23.1,2.62,5.37
5103502,Diamantino,resto_mt,FALSE,2021,69846070,15405499,82395868,489752460,587553827,2.62,14.02,83.35,0.1189,80391070.51,676259682.67,3603.21,30310.6,-1.94,2.72,5.37
5103502,Diamantino,resto_mt,FALSE,2022,60762023,15358912,95791752,593682093,704832757,2.18,13.59,84.23,0.0862,66019019.17,765813332.12,3008.94,34903.3,-17.88,13.24,5.37
5103502,Diamantino,resto_mt,FALSE,2023,56995962,20349285,97661903,657643734,775654922,2.62,12.59,84.79,0.0735,59713619.01,812639367.17,2721.56,37037.49,-9.55,6.11,5.37
5103502,Diamantino,resto_mt,FALSE,2024,57437327,28517687,103609194,742476330,874603211,3.26,11.85,84.89,0.0657,57437327,874603210.99,2555.16,38907.57,-3.81,7.63,5.37
5103601,Dom Aquino,resto_mt,FALSE,2000,1208310,43214,314823,9566440,9924477,0.44,3.17,96.39,0.1218,,,,,,,
5103601,Dom Aquino,resto_mt,FALSE,2001,1127036,85911,1128514,12906782,14121207,0.61,7.99,91.4,0.0798,,,,,,,
5103601,Dom Aquino,resto_mt,FALSE,2002,1231342,572078,1223759,15962905,17758742,3.22,6.89,89.89,0.0693,4272435.96,61618208.4,511.92,7382.97,,,
5103601,Dom Aquino,resto_mt,FALSE,2003,1596631,643183,1470275,20118585,22232043,2.89,6.61,90.49,0.0718,5018753.82,69882866.28,603.72,8406.45,17.47,13.41,
5103601,Dom Aquino,resto_mt,FALSE,2004,2333701,555639,1770582,18797168,21123389,2.63,8.38,88.99,0.1105,6911723.9,62561156.15,838.5,7589.6,37.72,-10.48,
5103601,Dom Aquino,resto_mt,FALSE,2005,2230733,449670,2104749,16575200,19129619,2.35,11,86.65,0.1166,6289361.18,53934327.09,766.63,6574.15,-9,-13.79,
5103601,Dom Aquino,resto_mt,FALSE,2006,2434483,1642131,2973179,20161049,24776359,6.63,12,81.37,0.0983,6676008.71,67943455.82,817.64,8321.3,6.15,25.97,
5103601,Dom Aquino,resto_mt,FALSE,2007,3094748,2803749,3498276,22055253,28357278,9.89,12.34,77.78,0.1091,8070570.92,73950907.55,976.95,8951.82,20.89,8.84,
5103601,Dom Aquino,resto_mt,FALSE,2008,3474535,2772830,4211679,22680700,29665209,9.35,14.2,76.46,0.1171,8509493.27,72653145.39,1001.47,8550.44,5.44,-1.75,
5103601,Dom Aquino,resto_mt,FALSE,2009,3848242,2703919,6728823,25649783,35082525,7.71,19.18,73.11,0.1097,9052345.73,82525772.83,1065.24,9711.19,6.38,13.59,
5103601,Dom Aquino,resto_mt,FALSE,2010,3882720,2438948,8920600,25021152,36380700,6.7,24.52,68.78,0.1067,8578811.6,80382610.94,1049.9,9837.56,-5.23,-2.6,
5103601,Dom Aquino,resto_mt,FALSE,2011,5143709,2134227,8832484,34599867,45566578,4.68,19.38,75.93,0.1129,10713543.03,94908070.11,1314.07,11640.87,24.88,18.07,
5103601,Dom Aquino,resto_mt,FALSE,2012,5390937,3778066,9026729,47195862,60000657,6.3,15.04,78.66,0.0898,10573226.61,117679086.94,1299.88,14467.55,-1.31,23.99,
5103601,Dom Aquino,resto_mt,FALSE,2013,7188697,3593848,9447686,54902832,67944366,5.29,13.91,80.81,0.1058,13356159.23,126236475.31,1648.7,15582.83,26.32,7.27,
5103601,Dom Aquino,resto_mt,FALSE,2014,8083693,3645650,11252436,65257164,80155250,4.55,14.04,81.41,0.1009,14138443.23,140192168.59,1752.85,17380.63,5.86,11.06,
5103601,Dom Aquino,resto_mt,FALSE,2015,7787136,3260520,11669925,61370350,76300795,4.27,15.29,80.43,0.1021,12239617.06,119927597.64,1523.86,14931.24,-13.43,-14.45,
5103601,Dom Aquino,resto_mt,FALSE,2016,9013709,2011895,10101645,63591076,75704616,2.66,13.34,84,0.1191,13292850.81,111644403.73,1659.74,13939.86,8.61,-6.91,
5103601,Dom Aquino,resto_mt,FALSE,2017,9383148,1583204,9497885,68371941,79453030,1.99,11.95,86.05,0.1181,13557401.9,114799069.58,1699.56,14391.26,1.99,2.83,
5103601,Dom Aquino,resto_mt,FALSE,2018,10353236,826613,10369673,71120554,82316840,1,12.6,86.4,0.1258,14462452.92,114988533.4,1763.92,14024.71,6.68,0.17,
5103601,Dom Aquino,resto_mt,FALSE,2019,10905060,794759,14927357,78994643,94716759,0.84,15.76,83.4,0.1151,14579899.22,126634864.99,1782.81,15484.82,0.81,10.13,
5103601,Dom Aquino,resto_mt,FALSE,2020,13656530,560077,15863090,74988952,91412119,0.61,17.35,82.03,0.1494,17315347.77,115902987.9,2122.23,14205.53,18.76,-8.47,
5103700,Feliz Natal,resto_mt,FALSE,2012,67050,25945,69517,112947,208409,12.45,33.36,54.19,0.3217,131504.95,408751.87,11.38,35.35,,,
5103700,Feliz Natal,resto_mt,FALSE,2013,1770719,621847,4982490,12815010,18419347,3.38,27.05,69.57,0.0961,3289887.57,34222019.87,272.16,2831.08,2401.72,8272.32,
5103700,Feliz Natal,resto_mt,FALSE,2014,2567847,1838989,7439774,35038549,44317312,4.15,16.79,79.06,0.0579,4491184.79,77511330.52,361.03,6230.81,36.51,126.5,
5103700,Feliz Natal,resto_mt,FALSE,2015,3139272,626135,6122176,37154017,43902328,1.43,13.94,84.63,0.0715,4934225.77,69004533.02,386.02,5398.57,9.86,-10.97,
5103700,Feliz Natal,resto_mt,FALSE,2016,3399267,423351,5710949,40282583,46416883,0.91,12.3,86.78,0.0732,5013025.06,68452698.12,381.89,5214.65,1.6,-0.8,
5103700,Feliz Natal,resto_mt,FALSE,2017,3563264,253221,5743320,39608713,45605254,0.56,12.59,86.85,0.0781,5148442.94,65893531.39,382.75,4898.78,2.7,-3.74,
5103700,Feliz Natal,resto_mt,FALSE,2018,4269972,189830,6071582,45209909,51471321,0.37,11.8,87.84,0.083,5964731.12,71900375.6,430.45,5188.73,15.86,9.12,
5103700,Feliz Natal,resto_mt,FALSE,2019,5178779,180205,7905623,53330206,61416034,0.29,12.87,86.83,0.0843,6923948.7,82112302.58,487.88,5785.82,16.08,14.2,
5103700,Feliz Natal,resto_mt,FALSE,2020,7147838,227275,12182651,58855716,71265642,0.32,17.09,82.59,0.1003,9062865.95,90358925.4,624.07,6222.22,30.89,10.04,
5103700,Feliz Natal,resto_mt,FALSE,2021,8567008,155272,14725448,99425789,114306509,0.14,12.88,86.98,0.0749,9860410.82,131563917.98,664.13,8861.32,8.8,45.6,
5103700,Feliz Natal,resto_mt,FALSE,2022,9661891,98499,16605978,125893700,142598177,0.07,11.65,88.29,0.0678,10497816.49,154935456.66,997.8,14726.31,6.46,17.76,
5103700,Feliz Natal,resto_mt,FALSE,2023,10539960,45607,18793408,137676511,156515526,0.03,12.01,87.96,0.0673,11042521.84,163978432.14,1049.57,15585.82,5.19,5.84,
5103700,Feliz Natal,resto_mt,FALSE,2024,9377191,19629,19250818,156433929,175704376,0.01,10.96,89.03,0.0534,9377191,175704376,887.66,16632.36,-15.08,7.15,
5103858,Gaúcha do Norte,resto_mt,FALSE,2011,0,0,0,0,0,,,,,0,0,0,0,,,
5103858,Gaúcha do Norte,resto_mt,FALSE,2012,37808,113927,144111,277290,535328,21.28,26.92,51.8,0.0706,74152.7,1049937,11.33,160.34,,,
5103858,Gaúcha do Norte,resto_mt,FALSE,2013,255040,2933594,7186427,37927482,48047503,6.11,14.96,78.94,0.0053,473848.72,89269321.1,70.08,13203.57,539.02,8402.35,
5103858,Gaúcha do Norte,resto_mt,FALSE,2014,548363,3991620,11624319,56119072,71735011,5.56,16.2,78.23,0.0076,959091.24,125465103.73,139,18183.35,102.4,40.55,
5103858,Gaúcha do Norte,resto_mt,FALSE,2015,726973,3791785,7627056,62020246,73439087,5.16,10.39,84.45,0.0099,1142637.18,115429639.72,162.4,16405.58,19.14,-8,
5103858,Gaúcha do Norte,resto_mt,FALSE,2016,1238512,2930820,5762733,89330788,98024341,2.99,5.88,91.13,0.0126,1826479.57,144560129.63,254.84,20170.23,59.85,25.24,
5103858,Gaúcha do Norte,resto_mt,FALSE,2017,1463290,2064711,5754973,84907126,92726810,2.23,6.21,91.57,0.0158,2114259.6,133977917.68,289.77,18363.21,15.76,-7.32,
5103858,Gaúcha do Norte,resto_mt,FALSE,2018,1914531,1375272,5402774,71500130,78278176,1.76,6.9,91.34,0.0245,2674411.59,109346916.8,355.97,14554.36,26.49,-18.38,
5103858,Gaúcha do Norte,resto_mt,FALSE,2019,1855862,1201998,7870629,53758683,62831310,1.91,12.53,85.56,0.0295,2481259.23,84004505.05,324.44,10983.86,-7.22,-23.18,
5103858,Gaúcha do Norte,resto_mt,FALSE,2020,2690604,1031636,9461878,42572860,53066374,1.94,17.83,80.23,0.0507,3411462.8,67283762.5,438.38,8646.07,37.49,-19.9,
5103858,Gaúcha do Norte,resto_mt,FALSE,2021,3782037,1299715,11998292,41708411,55006418,2.36,21.81,75.82,0.0688,4353029.49,63311004.16,550.12,8000.88,27.6,-5.9,
5103858,Gaúcha do Norte,resto_mt,FALSE,2022,5046646,1098761,15113031,49240739,65452531,1.68,23.09,75.23,0.0771,5483270.68,71115339.59,634.5,8229.03,25.96,12.33,
5103858,Gaúcha do Norte,resto_mt,FALSE,2023,5196594,1497313,15866277,70014578,87378168,1.71,18.16,80.13,0.0595,5444375.77,91544496.32,629.99,10592.98,-0.71,28.73,
5103858,Gaúcha do Norte,resto_mt,FALSE,2024,3157158,2095211,18163253,84524842,104783306,2,17.33,80.67,0.0301,3157158,104783306,343.88,11413.05,-42.01,14.46,
5104104,Guarantã do Norte,resto_mt,FALSE,2000,3521871,90555,1737058,31327649,33155262,0.27,5.24,94.49,0.1062,,,,,,,7.27
5104104,Guarantã do Norte,resto_mt,FALSE,2001,4046803,213821,3600500,48747588,52561909,0.41,6.85,92.74,0.077,,,,,,,7.27
5104104,Guarantã do Norte,resto_mt,FALSE,2002,4436508,2267661,4859517,65585418,72712596,3.12,6.68,90.2,0.061,15393527,252293765.7,516.71,8468.51,,,7.27
5104104,Guarantã do Norte,resto_mt,FALSE,2003,5380272,3310981,6462087,68447699,78220767,4.23,8.26,87.51,0.0688,16912023.28,245874452.46,553.94,8053.53,9.86,-2.54,7.27
5104104,Guarantã do Norte,resto_mt,FALSE,2004,6837989,3854841,8987520,69518560,82360921,4.68,10.91,84.41,0.083,20252076.85,243928397.99,631.27,7603.52,19.75,-0.79,7.27
5104104,Guarantã do Norte,resto_mt,FALSE,2005,5782123,2811968,11415799,74039996,88267763,3.19,12.93,83.88,0.0655,16302201.99,248863419.62,494.9,7555.05,-19.5,2.02,7.27
5104104,Guarantã do Norte,resto_mt,FALSE,2006,8185267,4674873,12769897,82326523,99771293,4.69,12.8,82.52,0.082,22446208.78,273599782.69,664.26,8096.83,37.69,9.94,7.27
5104104,Guarantã do Norte,resto_mt,FALSE,2007,12294199,9489870,14525257,96562220,120577347,7.87,12.05,80.08,0.102,32061158.13,314444998.63,1042.5,10224.52,42.84,14.93,7.27
5104104,Guarantã do Norte,resto_mt,FALSE,2008,15985424,10066720,19086780,103733846,132887346,7.58,14.36,78.06,0.1203,39149946.13,325454766.59,1231.08,10234.11,22.11,3.5,7.27
5104104,Guarantã do Norte,resto_mt,FALSE,2009,21608177,12444289,21515071,87930421,121889781,10.21,17.65,72.14,0.1773,50829622.62,286725324.84,1581.42,8920.57,29.83,-11.9,7.27
5104104,Guarantã do Norte,resto_mt,FALSE,2010,24441271,11569599,23091809,75747535,110408943,10.48,20.91,68.61,0.2214,54002621.66,243946903.42,1676.27,7572.24,6.24,-14.92,7.27
5104104,Guarantã do Norte,resto_mt,FALSE,2011,31946783,12056055,24910758,84233880,121200693,9.95,20.55,69.5,0.2636,66540162.85,252442126.98,2045.81,7761.48,23.22,3.48,7.27
5104104,Guarantã do Norte,resto_mt,FALSE,2012,26820309,13820206,31540249,117606552,162967007,8.48,19.35,72.17,0.1646,52602581.9,319626643.15,1602.61,9737.89,-20.95,26.61,7.27
5104104,Guarantã do Norte,resto_mt,FALSE,2013,35588591,15860042,38219359,156463611,210543012,7.53,18.15,74.31,0.169,66121424.83,391176035.63,1984.07,11737.87,25.7,22.39,7.27
5104104,Guarantã do Norte,resto_mt,FALSE,2014,40904983,18510032,37711275,194696775,250918082,7.38,15.03,77.59,0.163,71543140.01,438857717.43,2127.23,13048.82,8.2,12.19,7.27
5104104,Guarantã do Norte,resto_mt,FALSE,2015,37247461,16777295,41510092,207553689,265841076,6.31,15.61,78.07,0.1401,58544586.79,417842063.07,1725.5,12315.18,-18.17,-4.79,7.27
5104104,Guarantã do Norte,resto_mt,FALSE,2016,38809446,14365221,38579380,212947747,265892348,5.4,14.51,80.09,0.146,57233728.75,392121302.71,1672.62,11459.49,-2.24,-6.16,7.27
5104104,Guarantã do Norte,resto_mt,FALSE,2017,44019808,12914948,33735794,229761922,276412664,4.67,12.2,83.12,0.1593,63602772.62,399379566.07,1843.55,11576.22,11.13,1.85,7.27
5104104,Guarantã do Norte,resto_mt,FALSE,2018,51368094,12255672,34894967,245617840,292768479,4.19,11.92,83.89,0.1755,71756177.63,408968784.81,2021.48,11521.23,12.82,2.4,7.27
5104104,Guarantã do Norte,resto_mt,FALSE,2019,55199164,16969876,41025319,292745092,350740287,4.84,11.7,83.46,0.1574,73800442.02,468934424.68,2060.54,13092.88,2.85,14.66,7.27
5104104,Guarantã do Norte,resto_mt,FALSE,2020,76884157,21467185,50578337,378166462,450211984,4.77,11.23,84,0.1708,97482736.6,570831468.58,2698.11,15799.39,32.09,21.73,7.27
5104104,Guarantã do Norte,resto_mt,FALSE,2021,80614685,23158481,69168401,505075804,597402686,3.88,11.58,84.55,0.1349,92785475.62,687595471.75,2546.32,18869.78,-4.82,20.46,7.27
5104104,Guarantã do Norte,resto_mt,FALSE,2022,77713002,29310676,88417400,722928279,840656355,3.49,10.52,86,0.0924,84436559.48,913388088.16,2721.64,29441.34,-9,32.84,7.27
5104104,Guarantã do Norte,resto_mt,FALSE,2023,76187653,36457806,103204612,942984810,1082647228,3.37,9.53,87.1,0.0704,79820399.97,1134269548.59,2572.86,36561.03,-5.47,24.18,7.27
5104104,Guarantã do Norte,resto_mt,FALSE,2024,72125621,36459671,113009916,995996381,1145465968,3.18,9.87,86.95,0.063,72125620.99,1145465968,2302.28,36563.64,-9.64,0.99,7.27
5104203,Guiratinga,resto_mt,FALSE,2000,3236146,31136,898743,23937361,24867240,0.13,3.61,96.26,0.1301,,,,,,,3.38
5104203,Guiratinga,resto_mt,FALSE,2001,3410425,211317,2825619,30069199,33106135,0.64,8.54,90.83,0.103,,,,,,,3.38
5104203,Guiratinga,resto_mt,FALSE,2002,4792133,321740,2951491,39056832,42330063,0.76,6.97,92.27,0.1132,16627453.1,146874291.17,1362.79,12037.89,,,3.38
5104203,Guiratinga,resto_mt,FALSE,2003,4599021,644945,4120801,45474525,50240271,1.28,8.2,90.51,0.0915,14456285.89,157922244.92,1205.19,13165.68,-13.06,7.52,3.38
5104203,Guiratinga,resto_mt,FALSE,2004,5522366,1281790,5199792,53269261,59750843,2.15,8.7,89.15,0.0924,16355595.28,176964113.99,1414.6,15305.68,13.14,12.06,3.38
5104203,Guiratinga,resto_mt,FALSE,2005,5011102,4799333,6480004,58706020,69985357,6.86,9.26,83.88,0.0716,14128374.15,197317737.24,1247.76,17426.27,-13.62,11.5,3.38
5104203,Guiratinga,resto_mt,FALSE,2006,5796591,10085214,6303496,72924931,89313641,11.29,7.06,81.65,0.0649,15895815.21,244922081.64,1434,22094.92,12.51,24.13,3.38
5104203,Guiratinga,resto_mt,FALSE,2007,8738322,7496704,6869253,73488234,87854191,8.53,7.82,83.65,0.0995,22788042,229108631.56,1641.43,16502.82,43.36,-6.46,3.38
5104203,Guiratinga,resto_mt,FALSE,2008,9603329,2035029,8064502,74164789,84264320,2.42,9.57,88.01,0.114,23519539.6,206371979.15,1637.85,14371.31,3.21,-9.92,3.38
5104203,Guiratinga,resto_mt,FALSE,2009,10042870,2094560,10183846,66491818,78770224,2.66,12.93,84.41,0.1275,23624172.09,185293778.36,1626.67,12758.65,0.44,-10.21,3.38
5104203,Guiratinga,resto_mt,FALSE,2010,11311275,2498213,13023158,66842144,82363515,3.03,15.81,81.16,0.1373,24992092.44,181980950.94,1793.62,13060.2,5.79,-1.79,3.38
5104203,Guiratinga,resto_mt,FALSE,2011,14059068,3877365,12563509,67814642,84255516,4.6,14.91,80.49,0.1669,29282844.35,175491089.53,2085.97,12501.16,17.17,-3.57,3.38
5104203,Guiratinga,resto_mt,FALSE,2012,15914017,3711472,14367675,89593811,107672958,3.45,13.34,83.21,0.1478,31212108.06,211178610.67,2207.83,14938,6.59,20.34,3.38
5104203,Guiratinga,resto_mt,FALSE,2013,22098216,4249788,15037907,108218999,127506694,3.33,11.79,84.87,0.1733,41057133.4,236899636.81,2870.32,16561.77,31.54,12.18,3.38
5104203,Guiratinga,resto_mt,FALSE,2014,23636472,4979776,16819416,138104623,159903815,3.11,10.52,86.37,0.1478,41340377.18,279673041.9,2870.65,19420.4,0.69,18.06,3.38
5104203,Guiratinga,resto_mt,FALSE,2015,24705077,4396517,17106780,132098483,153601780,2.86,11.14,86,0.1608,38830795.06,241427267.8,2678.74,16654.74,-6.07,-13.68,3.38
5104203,Guiratinga,resto_mt,FALSE,2016,29459359,3202097,18163910,155251250,176617257,1.81,10.28,87.9,0.1668,43444808.83,260464016.43,2991.05,17932.11,11.88,7.89,3.38
5104203,Guiratinga,resto_mt,FALSE,2017,28619924,3312435,17553925,173243538,194109898,1.71,9.04,89.25,0.1474,41351986.78,280463006.69,2829.42,19190.08,-4.82,7.68,3.38
5104203,Guiratinga,resto_mt,FALSE,2018,32535692,2597092,19169673,173822126,195588891,1.33,9.8,88.87,0.1663,45449163.32,273218453.53,3022.88,18172.15,9.91,-2.58,3.38
5104203,Guiratinga,resto_mt,FALSE,2019,33716978,2650706,22553235,170074907,195278848,1.36,11.55,87.09,0.1727,45079086.34,261084847.2,2977.28,17243.57,-0.81,-4.44,3.38
5104203,Guiratinga,resto_mt,FALSE,2020,32479338,4479165,22478624,164064781,191022570,2.34,11.77,85.89,0.17,41181107.71,242200781.06,2701.29,15887.24,-8.65,-7.23,3.38
5104203,Guiratinga,resto_mt,FALSE,2021,35727370,4705025,26982807,196863236,228551068,2.06,11.81,86.14,0.1563,41121304.62,263056533.07,2612.54,16712.61,-0.15,8.61,3.38
5104203,Guiratinga,resto_mt,FALSE,2022,28629618,4251020,31165689,234806854,270223563,1.57,11.53,86.89,0.1059,31106589.39,293602709.5,2836.65,26773.92,-24.35,11.61,3.38
5104203,Guiratinga,resto_mt,FALSE,2023,31590052,5310322,34346731,270058366,309715419,1.71,11.09,87.2,0.102,33096315.3,324483136.72,3018.09,29589.93,6.4,10.52,3.38
5104203,Guiratinga,resto_mt,FALSE,2024,34581832,4639139,37192647,297687964,339519750,1.37,10.95,87.68,0.1019,34581832.01,339519750.01,3283.49,32236.96,4.49,4.63,3.38
5104526,Ipiranga do Norte,resto_mt,FALSE,2011,0,0,0,0,0,,,,,0,0,0,0,,,
5104526,Ipiranga do Norte,resto_mt,FALSE,2012,56408,49320,280456,388016,717792,6.87,39.07,54.06,0.0786,110632.82,1407803.04,19.64,250,,,
5104526,Ipiranga do Norte,resto_mt,FALSE,2013,640981,1610486,2796664,13604580,18011730,8.94,15.53,75.53,0.0356,1190903.49,33464692.42,196.62,5524.97,976.45,2277.09,
5104526,Ipiranga do Norte,resto_mt,FALSE,2014,651447,4698527,4706876,26796834,36202237,12.98,13,74.02,0.018,1139385.97,63317999.92,179.52,9976.05,-4.33,89.21,
5104526,Ipiranga do Norte,resto_mt,FALSE,2015,1107714,4601061,4087494,34791388,43479943,10.58,9.4,80.02,0.0255,1741075.95,68340639.29,262.64,10309.35,52.81,7.93,
5104526,Ipiranga do Norte,resto_mt,FALSE,2016,1415679,4094889,3274793,73456345,80826027,5.07,4.05,90.88,0.0175,2087754.31,119197138.38,302.43,17267.43,19.91,74.42,
5104526,Ipiranga do Norte,resto_mt,FALSE,2017,2368099,3337596,3642301,96269731,103249628,3.23,3.53,93.24,0.0229,3421588.34,149181991.26,477.14,20803.52,63.89,25.16,
5104526,Ipiranga do Norte,resto_mt,FALSE,2018,2063356,2870781,7426137,114828941,125125859,2.29,5.93,91.77,0.0165,2882305.49,174788524.63,389.75,23636.03,-15.76,17.16,
5104526,Ipiranga do Norte,resto_mt,FALSE,2019,2177902,5660933,11715099,144424869,161800901,3.5,7.24,89.26,0.0135,2911821.82,216325341.68,379.79,28215.12,1.02,23.76,
5104526,Ipiranga do Norte,resto_mt,FALSE,2020,3418334,5185299,14436479,168096504,187718282,2.76,7.69,89.55,0.0182,4334164.09,238011217.84,547.25,30051.91,48.85,10.02,
5104526,Ipiranga do Norte,resto_mt,FALSE,2021,4607676,4346814,18070785,124129097,146546696,2.97,12.33,84.7,0.0314,5303319.22,168671562.64,648.17,20614.96,22.36,-29.13,
5104526,Ipiranga do Norte,resto_mt,FALSE,2022,3271900,4012130,16061652,146392960,166466742,2.41,9.65,87.94,0.0197,3554977.56,180869077.26,454.89,23143.83,-32.97,7.23,
5104526,Ipiranga do Norte,resto_mt,FALSE,2023,2869137,4276078,19640397,193907538,217824013,1.96,9.02,89.02,0.0132,3005941.97,228210204.12,384.63,29201.57,-15.44,26.17,
5104526,Ipiranga do Norte,resto_mt,FALSE,2024,3483717,5185512,25836822,218991331,250013665,2.07,10.33,87.59,0.0139,3483717.01,250013665,414.28,29731.67,15.89,9.55,
5104559,Itaúba,resto_mt,FALSE,2009,1250621,886353,2177165,5687459,8750977,10.13,24.88,64.99,0.1429,2941876.76,20585209.87,641.63,4489.7,,,
5104559,Itaúba,resto_mt,FALSE,2010,1413518,1400472,2656863,7108232,11165567,12.54,23.8,63.66,0.1266,3123146.82,24670152.8,682.66,5392.38,6.16,19.84,
5104559,Itaúba,resto_mt,FALSE,2011,1427320,1912255,2972958,8938246,13823459,13.83,21.51,64.66,0.1033,2972884.78,28792107.59,663.15,6422.51,-4.81,16.71,
5104559,Itaúba,resto_mt,FALSE,2012,1471467,2667577,4450750,13806083,20924410,12.75,21.27,65.98,0.0703,2885983.28,41038975.01,656.95,9341.9,-2.92,42.54,
5104559,Itaúba,resto_mt,FALSE,2013,1805949,4582065,5346991,18642098,28571154,16.04,18.71,65.25,0.0632,3355342.77,53083456.21,791.72,12525.59,16.26,29.35,
5104559,Itaúba,resto_mt,FALSE,2014,2309544,4925425,6974133,23146229,35045787,14.05,19.9,66.05,0.0659,4039410.79,61295359.69,979.49,14863.1,20.39,15.47,
5104559,Itaúba,resto_mt,FALSE,2015,2324262,5547642,9104255,27995917,42647814,13.01,21.35,65.64,0.0545,3653214.33,67032720.66,910.35,16703.88,-9.56,9.36,
5104559,Itaúba,resto_mt,FALSE,2016,2685241,4127175,9089526,28681043,41897744,9.85,21.69,68.45,0.0641,3960024.46,61788156.31,1014.09,15822.83,8.4,-7.82,
5104559,Itaúba,resto_mt,FALSE,2017,3469725,2959031,7761532,32624640,43345203,6.83,17.91,75.27,0.08,5013291.53,62628058.05,1319.28,16481.08,26.6,1.36,
5104559,Itaúba,resto_mt,FALSE,2018,4290653,2608990,8077227,40266312,50952529,5.12,15.85,79.03,0.0842,5993620.44,71175674.17,1536.43,18245.49,19.55,13.65,
5104559,Itaúba,resto_mt,FALSE,2019,4561907,4274813,10358524,50317918,64951255,6.58,15.95,77.47,0.0702,6099200.22,86838839.24,1604.22,22840.31,1.76,22.01,
5104559,Itaúba,resto_mt,FALSE,2020,6958818,4842273,9746400,57101056,71689729,6.75,13.6,79.65,0.0971,8823204.26,90896632.57,2382.07,24540.13,44.66,4.67,
5104559,Itaúba,resto_mt,FALSE,2021,13152935,6321791,23686766,107947252,137955809,4.58,17.17,78.25,0.0953,15138697.49,158783667.68,4194.71,43996.59,71.58,74.69,
5104559,Itaúba,resto_mt,FALSE,2022,13637995,7198535,31694238,134753001,173645774,4.15,18.25,77.6,0.0785,14817924.23,188669223.26,2951.78,37583.52,-2.12,18.82,
5104559,Itaúba,resto_mt,FALSE,2023,12801946,12524682,44636174,208202998,265363854,4.72,16.82,78.46,0.0482,13412362.89,278016819.43,2671.78,55381.85,-9.49,47.36,
5104559,Itaúba,resto_mt,FALSE,2024,11604863,22021596,48300149,248925185,319246930,6.9,15.13,77.97,0.0364,11604863,319246930.01,2248.57,61857.58,-13.48,14.83,
5104807,Jaciara,resto_mt,FALSE,2000,7775249,829394,3782407,49547533,54159334,1.53,6.98,91.48,0.1436,,,,,,,5.66
5104807,Jaciara,resto_mt,FALSE,2001,9765837,794300,7248819,34552415,42595534,1.86,17.02,81.12,0.2293,,,,,,,5.66
5104807,Jaciara,resto_mt,FALSE,2002,12624448,1211160,8094864,49540811,58846835,2.06,13.76,84.19,0.2145,43803545.74,204183187.21,1762.79,8216.96,,,5.66
5104807,Jaciara,resto_mt,FALSE,2003,13821021,1541350,9574411,62619825,73735586,2.09,12.98,84.92,0.1874,43444165.81,231776004.37,1714.65,9147.73,-0.82,13.51,5.66
5104807,Jaciara,resto_mt,FALSE,2004,15237968,3668568,16739406,92198122,112606096,3.26,14.87,81.88,0.1353,45130300.61,333505554.18,1711.89,12650.52,3.88,43.89,5.66
5104807,Jaciara,resto_mt,FALSE,2005,13378284,4022695,18324114,90827142,113173951,3.55,16.19,80.25,0.1182,37718929.23,319084289.68,1400.64,11848.65,-16.42,-4.32,5.66
5104807,Jaciara,resto_mt,FALSE,2006,16800694,7049093,17247151,93656229,117952473,5.98,14.62,79.4,0.1424,46072032.23,323457479.71,1675.72,11764.67,22.15,1.37,5.66
5104807,Jaciara,resto_mt,FALSE,2007,22679225,9015539,22680707,104491509,136187755,6.62,16.65,76.73,0.1665,59143521.17,355154259.91,2370.95,14237.5,28.37,9.8,5.66
5104807,Jaciara,resto_mt,FALSE,2008,28817297,9996317,27726991,133993189,171716497,5.82,16.15,78.03,0.1678,70576521.79,420551347.68,2741.37,16335.25,19.33,18.41,5.66
5104807,Jaciara,resto_mt,FALSE,2009,31166691,7500380,32464231,94684636,134649247,5.57,24.11,70.32,0.2315,73314428.23,316739834.71,2828.27,12218.96,3.88,-24.68,5.66
5104807,Jaciara,resto_mt,FALSE,2010,38502866,8327954,34498528,116113170,158939652,5.24,21.71,73.05,0.2422,85071504.88,351174777,3317.01,13692.62,16.04,10.87,5.66
5104807,Jaciara,resto_mt,FALSE,2011,44167566,11969067,38714441,116792655,167476163,7.15,23.12,69.74,0.2637,91994146.47,348826708.48,3567.04,13525.65,8.14,-0.67,5.66
5104807,Jaciara,resto_mt,FALSE,2012,54201790,19167342,53417846,139521121,212106309,9.04,25.18,65.78,0.2555,106305788.58,416003391.03,4100.19,16045.17,15.56,19.26,5.66
5104807,Jaciara,resto_mt,FALSE,2013,63566933,36005357,70082633,192287843,298375833,12.07,23.49,64.44,0.213,118103472.6,554364043.6,4515.17,21193.71,11.1,33.26,5.66
5104807,Jaciara,resto_mt,FALSE,2014,73147625,47585564,75492170,236892122,359969856,13.22,20.97,65.81,0.2032,127935776.83,629590135.89,4868,23956.1,8.33,13.57,5.66
5104807,Jaciara,resto_mt,FALSE,2015,75723990,44837678,77789901,249883113,372510692,12.04,20.88,67.08,0.2033,119020990.59,585502580.74,4508.21,22177.29,-6.97,-7,5.66
5104807,Jaciara,resto_mt,FALSE,2016,76599780,30558330,60387118,229436801,320382249,9.54,18.85,71.61,0.2391,112964535.27,472479579.76,4259.75,17816.65,-5.09,-19.3,5.66
5104807,Jaciara,resto_mt,FALSE,2017,84166745,21769582,49866582,232966665,304602829,7.15,16.37,76.48,0.2763,121609761.33,440110608.2,4566.12,16525,7.65,-6.85,5.66
5104807,Jaciara,resto_mt,FALSE,2018,96290673,19326336,53696407,257492902,330515645,5.85,16.25,77.91,0.2913,134508604.4,461697865.01,4868.56,16711.24,10.61,4.9,5.66
5104807,Jaciara,resto_mt,FALSE,2019,103675568,13169281,57780985,277143341,348093607,3.78,16.6,79.62,0.2978,138612656.24,465395853.81,4990.36,16755.32,3.05,0.8,5.66
5104807,Jaciara,resto_mt,FALSE,2020,130753848,10531287,58662287,280060539,349254113,3.02,16.8,80.19,0.3744,165785038.46,442825258.58,5961.99,15924.95,19.6,-4.85,5.66
5104807,Jaciara,resto_mt,FALSE,2021,132995662,8897325,84959453,394016892,487873670,1.82,17.41,80.76,0.2726,153074663.2,561530328.11,5526.96,20274.79,-7.67,26.81,5.66
5104807,Jaciara,resto_mt,FALSE,2022,138583431,6891907,98479039,563519607,668890553,1.03,14.72,84.25,0.2072,150573363.71,726761487.94,5270.51,25438.82,-1.63,29.43,5.66
5104807,Jaciara,resto_mt,FALSE,2023,139242080,5939582,108584679,618547132,733071393,0.81,14.81,84.38,0.1899,145881361.11,768025388.61,5106.27,26883.18,-3.12,5.68,5.66
5104807,Jaciara,resto_mt,FALSE,2024,147195879,17135090,131751782,701772545,850659417,2.01,15.49,82.5,0.173,147195878.99,850659416.99,4979.56,28777.39,0.9,10.76,5.66
5104906,Jangada,resto_mt,FALSE,2000,388203,0,277032,398226,675258,0,41.03,58.97,0.5749,,,,,,,
5104906,Jangada,resto_mt,FALSE,2001,484574,0,444450,591475,1035925,0,42.9,57.1,0.4678,,,,,,,
5104906,Jangada,resto_mt,FALSE,2002,699600,0,290590,548810,839400,0,34.62,65.38,0.8335,2427429.75,2912499.34,322.14,386.53,,,
5104906,Jangada,resto_mt,FALSE,2003,708153,0,313655,634537,948192,0,33.08,66.92,0.7468,2225965.53,2980489.67,288.29,386.02,-8.3,2.33,
5104906,Jangada,resto_mt,FALSE,2004,870563,0,447868,736370,1184238,0,37.82,62.18,0.7351,2578347.05,3507358.52,317.83,432.37,15.83,17.68,
5104906,Jangada,resto_mt,FALSE,2005,875626,0,578420,1047759,1626179,0,35.57,64.43,0.5385,2468752.73,4584872.8,296.4,550.47,-4.25,30.72,
5104906,Jangada,resto_mt,FALSE,2006,873000,0,653471,1143864,1797335,0,36.36,63.64,0.4857,2394001.35,4928777.11,280.23,576.94,-3.03,7.5,
5104906,Jangada,resto_mt,FALSE,2007,1145973,0,665404,1220821,1886225,0,35.28,64.72,0.6075,2988500.65,4918950.63,370.88,610.44,24.83,-0.2,
5104906,Jangada,resto_mt,FALSE,2008,1692981,0,1101529,1409460,2510989,0,43.87,56.13,0.6742,4146284.44,6149670.1,496.87,736.93,38.74,25.02,
5104906,Jangada,resto_mt,FALSE,2009,1783124,0,1008767,1111822,2120589,0,47.57,52.43,0.8409,4194500.99,4988330.97,495.68,589.49,1.16,-18.88,
5104906,Jangada,resto_mt,FALSE,2010,2465436,0,657705,990810,1648515,0,39.9,60.1,1.4955,5447343.86,3642369.16,707.81,473.27,29.87,-26.98,
5104906,Jangada,resto_mt,FALSE,2011,3384051,0,1129434,1359623,2489057,0,45.38,54.62,1.3596,7048450.06,5184317.24,910.66,669.81,29.39,42.33,
5104906,Jangada,resto_mt,FALSE,2012,3814681,0,1099859,1287754,2387613,0,46.07,53.93,1.5977,7481721.03,4682817.35,961.55,601.82,6.15,-9.67,
5104906,Jangada,resto_mt,FALSE,2013,4824095,0,1288456,1928466,3216922,0,40.05,59.95,1.4996,8962873.38,5976844.27,1141.62,761.28,19.8,27.63,
5104906,Jangada,resto_mt,FALSE,2014,6036633,0,570242,1675884,2246126,0,25.39,74.61,2.6876,10558119.04,3928492.21,1338.33,497.97,17.8,-34.27,
5104906,Jangada,resto_mt,FALSE,2015,6914458,0,799473,1608994,2408467,0,33.19,66.81,2.8709,10867964.57,3785565.56,1371.36,477.67,2.93,-3.64,
5104906,Jangada,resto_mt,FALSE,2016,6722202,0,531018,957704,1488722,0,35.67,64.33,4.5154,9913480.49,2195473.53,1245.27,275.79,-8.78,-42,
5104906,Jangada,resto_mt,FALSE,2017,7889119,0,493935,891562,1385497,0,35.65,64.35,5.6941,11398728.54,2001859.03,1425.56,250.36,14.98,-8.82,
5104906,Jangada,resto_mt,FALSE,2018,8073242,0,515707,918759,1434466,0,35.95,64.05,5.628,11277525.45,2003808,1348.03,239.51,-1.06,0.1,
5104906,Jangada,resto_mt,FALSE,2019,8628757,0,654739,655682,1310421,0,49.96,50.04,6.5847,11536516.75,1752012.92,1371.94,208.35,2.3,-12.57,
5104906,Jangada,resto_mt,FALSE,2020,10210160,0,610375,670581,1280956,0,47.65,52.35,7.9707,12945636.36,1624146,1531.84,192.18,12.21,-7.3,
5104906,Jangada,resto_mt,FALSE,2021,10378686,0,711408,1270479,1981887,0,35.9,64.1,5.2368,11945606.64,2281102.1,1418.71,270.9,-7.72,40.45,
5104906,Jangada,resto_mt,FALSE,2022,9501137,0,673963,1349863,2023826,0,33.3,66.7,4.6946,10323154.4,2198922.95,1390.14,296.12,-13.58,-3.6,
5104906,Jangada,resto_mt,FALSE,2023,8032748,0,363466,800290,1163756,0,31.23,68.77,6.9024,8415762.03,1219245.72,1133.29,164.19,-18.48,-44.55,
5105002,Jauru,resto_mt,FALSE,2000,349055,23699,744704,1057475,1825878,1.3,40.79,57.92,0.1912,,,,,,,11.26
5105002,Jauru,resto_mt,FALSE,2001,245687,83519,639732,1175954,1899205,4.4,33.68,61.92,0.1294,,,,,,,11.26
5105002,Jauru,resto_mt,FALSE,2002,342444,108433,902819,1608378,2619630,4.14,34.46,61.4,0.1307,1188191.48,9089433.66,93.84,717.86,,,11.26
5105002,Jauru,resto_mt,FALSE,2003,378071,92292,1215438,1916882,3224612,2.86,37.69,59.45,0.1172,1188405.64,10136051.35,94.21,803.5,0.02,11.51,11.26
5105002,Jauru,resto_mt,FALSE,2004,316216,144932,1101864,1991811,3238607,4.48,34.02,61.5,0.0976,936537.15,9591784.64,72.91,746.85,-21.19,-5.37,11.26
5105002,Jauru,resto_mt,FALSE,2005,376376,315589,1060210,2025906,3401705,9.28,31.17,59.56,0.1106,1061159.99,9590816.73,82.94,749.63,13.31,-0.01,11.26
5105002,Jauru,resto_mt,FALSE,2006,560346,261381,1085188,1844951,3191520,8.19,34,57.81,0.1756,1536619.79,8752008.25,120.55,686.6,44.81,-8.75,11.26
5105002,Jauru,resto_mt,FALSE,2007,912650,216114,1065675,2153010,3434799,6.29,31.03,62.68,0.2657,2380034.35,8957365.49,220.9,831.39,54.89,2.35,11.26
5105002,Jauru,resto_mt,FALSE,2008,1436089,259378,1627253,2812269,4698900,5.52,34.63,59.85,0.3056,3517129.55,11508088.99,320.55,1048.86,47.78,28.48,11.26
5105002,Jauru,resto_mt,FALSE,2009,1314454,59896,2020540,2601468,4681904,1.28,43.16,55.56,0.2808,3092033.2,11013396.15,287.67,1024.69,-12.09,-4.3,11.26
5105002,Jauru,resto_mt,FALSE,2010,2112624,18317,2063459,4013415,6095191,0.3,33.85,65.85,0.3466,4667811.04,13467233.09,446.47,1288.11,50.96,22.28,11.26
5105002,Jauru,resto_mt,FALSE,2011,2845549,626823,5086295,17085807,22798925,2.75,22.31,74.94,0.1248,5926834.45,47486602.4,577.93,4630.57,26.97,252.61,11.26
5105002,Jauru,resto_mt,FALSE,2012,4609543,1163363,6804943,42388680,50356986,2.31,13.51,84.18,0.0915,9040681.19,98764987.4,898.49,9815.64,52.54,107.98,11.26
5105002,Jauru,resto_mt,FALSE,2013,7525067,1953686,7932773,65820975,75707434,2.58,10.48,86.94,0.0994,13981114.11,140659780.73,1437.2,14459.27,54.65,42.42,11.26
5105002,Jauru,resto_mt,FALSE,2014,8764370,2299695,8025497,86222735,96547927,2.38,8.31,89.31,0.0908,15328952.7,168863090.81,1616.64,17808.8,9.64,20.05,11.26
5105002,Jauru,resto_mt,FALSE,2015,8145692,2394835,8976786,106842943,118214564,2.03,7.59,90.38,0.0689,12803186.02,185806565.53,1385.48,20106.76,-16.48,10.03,11.26
5105002,Jauru,resto_mt,FALSE,2016,9243291,1321186,6275354,111799569,119396109,1.11,5.26,93.64,0.0774,13631423.89,176077868.19,1514.09,19557.7,6.47,-5.24,11.26
5105002,Jauru,resto_mt,FALSE,2017,10738935,733802,5569156,125227871,131530829,0.56,4.23,95.21,0.0816,15516333.93,190044568.33,1768.05,21655.03,13.83,7.93,11.26
5105002,Jauru,resto_mt,FALSE,2018,8207493,568805,4841010,133098940,138508755,0.41,3.5,96.09,0.0593,11465060.88,193483114.75,1273.04,21483.79,-26.11,1.81,11.26
5105002,Jauru,resto_mt,FALSE,2019,9703389,1114374,5637314,140636003,147387691,0.76,3.82,95.42,0.0658,12973283.38,197055099.29,1475.41,22410.45,13.15,1.85,11.26
5105002,Jauru,resto_mt,FALSE,2020,16615882,619506,6923380,144936735,152479621,0.41,4.54,95.05,0.109,21067560.75,193331517.33,2454.85,22527.56,62.39,-1.89,11.26
5105002,Jauru,resto_mt,FALSE,2021,18420892,765746,8153618,166183201,175102565,0.44,4.66,94.91,0.1052,21201983.55,201538649.91,2530.97,24058.57,0.64,4.25,11.26
5105002,Jauru,resto_mt,FALSE,2022,13506405,590302,10875392,198179380,209645074,0.28,5.19,94.53,0.0644,14674949.36,227783103.29,1753.91,27223.99,-30.79,13.02,11.26
5105002,Jauru,resto_mt,FALSE,2023,11113790,1032170,12670412,211539444,225242026,0.46,5.63,93.92,0.0493,11643712.97,235981919.64,1391.62,28203.88,-20.66,3.6,11.26
5105002,Jauru,resto_mt,FALSE,2024,12427698,1832443,13085381,244857704,259775528,0.71,5.04,94.26,0.0478,12427697.99,259775528,1538.84,32166.37,6.73,10.08,11.26
5105101,Juara,resto_mt,FALSE,2000,4702855,90798,4051255,10435315,14577368,0.62,27.79,71.59,0.3226,,,,,,,6.29
5105101,Juara,resto_mt,FALSE,2001,5691613,774495,6463248,17753843,24991586,3.1,25.86,71.04,0.2277,,,,,,,6.29
5105101,Juara,resto_mt,FALSE,2002,6640463,719792,4826361,18335717,23881870,3.01,20.21,76.78,0.2781,23040676.71,82863867.41,713.53,2566.16,,,6.29
5105101,Juara,resto_mt,FALSE,2003,7264706,865457,7947279,21354202,30166938,2.87,26.34,70.79,0.2408,22835439.72,94824937.77,691.83,2872.88,-0.89,14.43,6.29
5105101,Juara,resto_mt,FALSE,2004,9003789,1379571,14437611,29651139,45468321,3.03,31.75,65.21,0.198,26666528.25,134663558.46,772.72,3902.17,16.78,42.01,6.29
5105101,Juara,resto_mt,FALSE,2005,9970776,1421570,14355221,30657675,46434466,3.06,30.92,66.02,0.2147,28111751.41,130918011.34,795.41,3704.31,5.42,-2.78,6.29
5105101,Juara,resto_mt,FALSE,2006,11534188,1572790,14910820,33368221,49851831,3.15,29.91,66.93,0.2314,31629853,136707160.12,874.54,3779.79,12.51,4.42,6.29
5105101,Juara,resto_mt,FALSE,2007,15661691,3360647,18933558,44387529,66681734,5.04,28.39,66.57,0.2349,40842998.53,173894502.39,1275.43,5430.3,29.13,27.2,6.29
5105101,Juara,resto_mt,FALSE,2008,17630971,6483617,27162871,59439005,93085493,6.97,29.18,63.85,0.1894,43180059.83,227975938.32,1306.91,6900,5.72,31.1,6.29
5105101,Juara,resto_mt,FALSE,2009,19658000,8911201,28905443,65978638,103795282,8.59,27.85,63.57,0.1894,46242157.39,244161042.09,1390.91,7344.06,7.09,7.1,6.29
5105101,Juara,resto_mt,FALSE,2010,25979078,13685486,28118843,74987117,116791446,11.72,24.08,64.21,0.2224,57400383.15,258048948.07,1750.49,7869.5,24.13,5.69,6.29
5105101,Juara,resto_mt,FALSE,2011,32014503,14628644,31790832,90524004,136943480,10.68,23.21,66.1,0.2338,66681213.05,285231895.22,2023.82,8657.03,16.17,10.53,6.29
5105101,Juara,resto_mt,FALSE,2012,37770761,19362486,41146948,120151767,180661201,10.72,22.78,66.51,0.2091,74079666.62,354330206.38,2238.05,10704.84,11.1,24.23,6.29
5105101,Juara,resto_mt,FALSE,2013,47202231,27698796,47880623,165369714,240949133,11.5,19.87,68.63,0.1959,87698857.45,447668748.27,2629.42,13422.14,18.38,26.34,6.29
5105101,Juara,resto_mt,FALSE,2014,52598126,32434042,50192928,199177386,281804356,11.51,17.81,70.68,0.1866,91994539.94,492878055.84,2747.49,14720.25,4.9,10.1,6.29
5105101,Juara,resto_mt,FALSE,2015,56963490,31853012,57485568,205380568,294719148,10.81,19.51,69.69,0.1933,89533726.46,463231862.75,2663.91,13782.57,-2.67,-6.01,6.29
5105101,Juara,resto_mt,FALSE,2016,60974681,24504119,50472025,192228336,267204480,9.17,18.89,71.94,0.2282,89921622.52,394056352.42,2665.85,11682.32,0.43,-14.93,6.29
5105101,Juara,resto_mt,FALSE,2017,71277980,21578117,47278871,199230570,268087558,8.05,17.64,74.32,0.2659,102987208.73,387350894.26,3042.37,11442.81,14.53,-1.7,6.29
5105101,Juara,resto_mt,FALSE,2018,81845037,23147693,44693584,210464201,278305478,8.32,16.06,75.62,0.2941,114329470.98,388765394.19,3283.91,11166.6,11.01,0.37,6.29
5105101,Juara,resto_mt,FALSE,2019,86894178,28208707,49148164,256110908,333467779,8.46,14.74,76.8,0.2606,116176193.26,445841344.41,3321.78,12747.8,1.62,14.68,6.29
5105101,Juara,resto_mt,FALSE,2020,119048784,32059295,62546985,340832525,435438805,7.36,14.36,78.27,0.2734,150943987.77,552100302.47,4297.82,15719.96,29.93,23.83,6.29
5105101,Juara,resto_mt,FALSE,2021,119627303,37349516,89800422,514869238,642019176,5.82,13.99,80.2,0.1863,137688018.1,738947930,3903.28,20948.22,-8.78,33.84,6.29
5105101,Juara,resto_mt,FALSE,2022,105564847,45296930,114249737,704272311,863818978,5.24,13.23,81.53,0.1222,114698084.67,938554690.21,3285.92,26888.06,-16.7,27.01,6.29
5105101,Juara,resto_mt,FALSE,2023,99866251,44663062,151238907,889661842,1085563811,4.11,13.93,81.95,0.092,104628030.73,1137325198.84,2997.43,32582.5,-8.78,21.18,6.29
5105101,Juara,resto_mt,FALSE,2024,88260345,45913512,162614098,1016095739,1224623349,3.75,13.28,82.97,0.0721,88260344.99,1224623349,2458.58,34113.01,-15.64,7.68,6.29
5105176,Juruena,resto_mt,FALSE,2000,1030373,0,1199783,1387832,2587615,0,46.37,53.63,0.3982,,,,,,,8.13
5105176,Juruena,resto_mt,FALSE,2001,782058,0,2114110,2547534,4661644,0,45.35,54.65,0.1678,,,,,,,8.13
5105176,Juruena,resto_mt,FALSE,2002,1023159,0,1539867,2092336,3632203,0,42.39,57.61,0.2817,3550095.19,12602798.17,606.24,2152.13,,,8.13
5105176,Juruena,resto_mt,FALSE,2003,1010794,0,1973872,2395886,4369758,0,45.17,54.83,0.2313,3177269.04,13735634.36,525.59,2272.23,-10.5,8.99,8.13
5105176,Juruena,resto_mt,FALSE,2004,1698810,0,2394905,3044085,5438990,0,44.03,55.97,0.3123,5031366.77,16108660.54,836.89,2679.42,58.36,17.28,8.13
5105176,Juruena,resto_mt,FALSE,2005,1419015,0,2515378,3263199,5778577,0,43.53,56.47,0.2456,4000791.6,16292204.36,643.53,2620.58,-20.48,1.14,8.13
5105176,Juruena,resto_mt,FALSE,2006,1378545,0,2319894,3140360,5460254,0,42.49,57.51,0.2525,3780342.02,14973488.5,588.83,2332.31,-5.51,-8.09,8.13
5105176,Juruena,resto_mt,FALSE,2007,2827265,0,3166428,4188756,7355184,0,43.05,56.95,0.3844,7373021.22,19181055.82,844.47,2196.89,95.04,28.1,8.13
5105176,Juruena,resto_mt,FALSE,2008,3444658,0,2672146,4678972,7351118,0,36.35,63.65,0.4686,8436321.43,18003643.42,918.79,1960.76,14.42,-6.14,8.13
5105176,Juruena,resto_mt,FALSE,2009,4027968,0,2631519,3845707,6477226,0,40.63,59.37,0.6219,9475121.07,15236590.91,987.51,1587.98,12.31,-15.37,8.13
5105176,Juruena,resto_mt,FALSE,2010,5607798,0,3721026,5266436,8987462,0,41.4,58.6,0.624,12390345.56,19857662.48,1106.18,1772.85,30.77,30.33,8.13
5105176,Juruena,resto_mt,FALSE,2011,6796773,0,8337547,12222927,20560474,0,40.55,59.45,0.3306,14156617.35,42824258.33,1212.96,3669.29,14.26,115.66,8.13
5105176,Juruena,resto_mt,FALSE,2012,8396210,0,7915883,13476316,21392199,0,37,63,0.3925,16467458.45,41956448.01,1358.15,3460.32,16.32,-2.03,8.13
5105176,Juruena,resto_mt,FALSE,2013,9471557,0,5695406,13242067,18937473,0,30.07,69.93,0.5001,17597573.44,35184666.28,1364.16,2727.5,6.86,-16.14,8.13
5105176,Juruena,resto_mt,FALSE,2014,14183163,0,5502607,15118197,20620804,0,26.68,73.32,0.6878,24806464.68,36065949.91,1847.92,2686.67,40.97,2.5,8.13
5105176,Juruena,resto_mt,FALSE,2015,12368063,0,5645989,10849662,16495651,0,34.23,65.77,0.7498,19439798.53,25927433.6,1395.22,1860.87,-21.63,-28.11,8.13
5105176,Juruena,resto_mt,FALSE,2016,13495670,0,3919698,10183192,14102890,0,27.79,72.21,0.9569,19902564.87,20798054.71,1379.25,1441.31,2.38,-19.78,8.13
5105176,Juruena,resto_mt,FALSE,2017,16216003,0,2219025,5901330,8120355,0,27.33,72.67,1.997,23429969.34,11732833.83,1571.12,786.75,17.72,-43.59,8.13
5105176,Juruena,resto_mt,FALSE,2018,17683157,0,2782959,7539961,10322920,0,26.96,73.04,1.713,24701632,14420104.45,1607.14,938.19,5.43,22.9,8.13
5105176,Juruena,resto_mt,FALSE,2019,20677385,0,2948118,9355319,12303437,0,23.96,76.04,1.6806,27645348.99,16449507.98,1742.53,1036.85,11.92,14.07,8.13
5105176,Juruena,resto_mt,FALSE,2020,31845726,0,1043186,7996527,9039713,0,11.54,88.46,3.5229,40377740.25,11461606.6,2471.86,701.67,46.06,-30.32,8.13
5105176,Juruena,resto_mt,FALSE,2021,31166428,0,2261680,13682017,15943697,0,14.19,85.81,1.9548,35871775.04,18350794.39,2133.83,1091.6,-11.16,60.11,8.13
5105176,Juruena,resto_mt,FALSE,2022,23158392,0,2441895,14712604,17154499,0,14.23,85.77,1.35,25162004.98,18638668.41,2463.73,1824.99,-29.86,1.57,8.13
5105176,Juruena,resto_mt,FALSE,2023,22108452,0,1336989,12173062,13510051,0,9.9,90.1,1.6364,23162617.72,14154231.46,2267.95,1385.9,-7.95,-24.06,8.13
5105176,Juruena,resto_mt,FALSE,2024,19825324,0,1815129,18507911,20323040,0,8.93,91.07,0.9755,19825323.99,20323040.01,1953.43,2002.46,-14.41,43.58,8.13
5105150,Juína,resto_mt,FALSE,2000,6649338,1270203,4987955,21186345,27444503,4.63,18.17,77.2,0.2423,,,,,,,6.17
5105150,Juína,resto_mt,FALSE,2001,6002100,1304552,6112708,27305658,34722918,3.76,17.6,78.64,0.1729,,,,,,,6.17
5105150,Juína,resto_mt,FALSE,2002,7910159,2879723,5995861,32549395,41424979,6.95,14.47,78.57,0.191,27446191.05,143733885.46,713.88,3738.58,,,6.17
5105150,Juína,resto_mt,FALSE,2003,7790461,3091154,8334992,36480749,47906895,6.45,17.4,76.15,0.1626,24488066.36,150587651.19,633.66,3896.58,-10.78,4.77,6.17
5105150,Juína,resto_mt,FALSE,2004,11635627,4115192,14102068,47719399,65936659,6.24,21.39,72.37,0.1765,34461244.72,195284649.59,882.18,4999.09,40.73,29.68,6.17
5105150,Juína,resto_mt,FALSE,2005,13171607,4906693,16025264,50747762,71679719,6.85,22.36,70.8,0.1838,37136221.06,202094846.2,945.04,5142.89,7.76,3.49,6.17
5105150,Juína,resto_mt,FALSE,2006,11484666,5913548,17012838,58983785,81910171,7.22,20.77,72.01,0.1402,31494050.32,224619771,796.78,5682.84,-15.19,11.15,6.17
5105150,Juína,resto_mt,FALSE,2007,16671892,9287604,21370755,70345311,101003670,9.2,21.16,69.65,0.1651,43477429.12,263400212.93,1131.57,6855.46,38.05,17.26,6.17
5105150,Juína,resto_mt,FALSE,2008,18766629,12073917,26066549,76305100,114445566,10.55,22.78,66.67,0.164,45961402.99,280288952.19,1161.17,7081.22,5.71,6.41,6.17
5105150,Juína,resto_mt,FALSE,2009,18206596,9561913,26560332,71801555,107923800,8.86,24.61,66.53,0.1687,42827972.21,253872690.24,1078.58,6393.5,-6.82,-9.42,6.17
5105150,Juína,resto_mt,FALSE,2010,23295666,10714562,29561170,76078917,116354649,9.21,25.41,65.39,0.2002,51471424.59,257083851.65,1311.2,6549.07,20.18,1.26,6.17
5105150,Juína,resto_mt,FALSE,2011,28174470,13997774,31932362,96440231,142370367,9.83,22.43,67.74,0.1979,58683023.64,296535253.84,1491.27,7535.65,14.01,15.35,6.17
5105150,Juína,resto_mt,FALSE,2012,33252791,20213874,44438429,132510761,197163064,10.25,22.54,67.21,0.1687,65218587.23,386695254.82,1653.53,9804.15,11.14,30.4,6.17
5105150,Juína,resto_mt,FALSE,2013,43047810,26047779,53829044,179977138,259853961,10.02,20.72,69.26,0.1657,79980197.39,482792762.11,2020.11,12194.19,22.63,24.85,6.17
5105150,Juína,resto_mt,FALSE,2014,51974519,30901159,59388997,244906589,335196745,9.22,17.72,73.06,0.1551,90903846.36,586261768.09,2293.22,14789.65,13.66,21.43,6.17
5105150,Juína,resto_mt,FALSE,2015,59332879,28999421,69323287,307648856,405971564,7.14,17.08,75.78,0.1462,93257870.23,638095505.8,2349.77,16077.8,2.59,8.84,6.17
5105150,Juína,resto_mt,FALSE,2016,64227412,20981659,67658315,357682403,446322377,4.7,15.16,80.14,0.1439,94718545.5,658208155.35,2383.81,16565.37,1.57,3.15,6.17
5105150,Juína,resto_mt,FALSE,2017,77954937,15336724,66631336,393280922,475248982,3.23,14.02,82.75,0.164,112634524.27,686671621.56,2831.5,17262.15,18.91,4.32,6.17
5105150,Juína,resto_mt,FALSE,2018,86840931,11380860,66378614,441753045,519512519,2.19,12.78,85.03,0.1672,121308243.79,725707918.83,2965.61,17741.3,7.7,5.68,6.17
5105150,Juína,resto_mt,FALSE,2019,95637626,12193571,75030467,506912987,594137025,2.05,12.63,85.32,0.161,127866050.15,794352158.36,3118.91,19375.86,5.41,9.46,6.17
5105150,Juína,resto_mt,FALSE,2020,134201558,14243365,84737721,626862288,725843374,1.96,11.67,86.36,0.1849,170156448.87,920309218.48,4139.96,22391.41,33.07,15.86,6.17
5105150,Juína,resto_mt,FALSE,2021,137749748,23410988,113543149,898658764,1035612901,2.26,10.96,86.78,0.133,158546496.66,1191964411.77,3849.14,28938.2,-6.82,29.52,6.17
5105150,Juína,resto_mt,FALSE,2022,113240397,29996009,137607324,1208874997,1376478330,2.18,10,87.82,0.0823,123037706.31,1495568198.32,2682.38,32605.22,-22.4,25.47,6.17
5105150,Juína,resto_mt,FALSE,2023,108303678,39578015,147442051,1501411717,1688431783,2.34,8.73,88.92,0.0641,113467767.5,1768938862.8,2473.74,38565.01,-7.78,18.28,6.17
5105150,Juína,resto_mt,FALSE,2024,102517153,50968175,139094518,1651970454,1842033147,2.77,7.55,89.68,0.0557,102517152.99,1842033147.01,2144.7,38536.27,-9.65,4.13,6.17
5105259,Lucas do Rio Verde,resto_mt,FALSE,2000,4356604,409275,1953757,89244221,91607253,0.45,2.13,97.42,0.0476,,,,,,,7.62
5105259,Lucas do Rio Verde,resto_mt,FALSE,2001,4721817,2526207,7452432,108285288,118263927,2.14,6.3,91.56,0.0399,,,,,,,7.62
5105259,Lucas do Rio Verde,resto_mt,FALSE,2002,6262647,4755159,11288274,160628634,176672067,2.69,6.39,90.92,0.0354,21729753.59,613006047.47,988.97,27899.41,,,7.62
5105259,Lucas do Rio Verde,resto_mt,FALSE,2003,7158177,4600843,14869183,162093088,181563114,2.53,8.19,89.28,0.0394,22500582.88,570714567.91,969.65,24594.46,3.55,-6.9,7.62
5105259,Lucas do Rio Verde,resto_mt,FALSE,2004,9755790,6963830,22879379,151831663,181674872,3.83,12.59,83.57,0.0537,28893730.13,538066596.91,1120.25,20861.76,28.41,-5.72,7.62
5105259,Lucas do Rio Verde,resto_mt,FALSE,2005,7648430,7193328,20166281,121656480,149016089,4.83,13.53,81.64,0.0513,21564095.2,420138136.82,792.1,15432.63,-25.37,-21.92,7.62
5105259,Lucas do Rio Verde,resto_mt,FALSE,2006,9700178,23629301,25182907,155208751,204020959,11.58,12.34,76.07,0.0475,26600503.13,559480471.48,928.6,19530.83,23.36,33.17,7.62
5105259,Lucas do Rio Verde,resto_mt,FALSE,2007,12956354,34456485,29293633,235721105,299471223,11.51,9.78,78.71,0.0433,33787944.56,780969482.66,1099.11,25404.81,27.02,39.59,7.62
5105259,Lucas do Rio Verde,resto_mt,FALSE,2008,14461751,24834190,39889069,333176253,397899512,6.24,10.02,83.73,0.0363,35418314.37,974496795.22,1098.07,30212.28,4.83,24.78,7.62
5105259,Lucas do Rio Verde,resto_mt,FALSE,2009,21013643,23657513,62003383,332960545,418621441,5.65,14.81,79.54,0.0502,49431080.82,984736929.33,1473.09,29346.07,39.56,1.05,7.62
5105259,Lucas do Rio Verde,resto_mt,FALSE,2010,27564723,30477538,94808981,421260511,546547030,5.58,17.35,77.08,0.0504,60903842,1207587464.58,1336.89,26507.77,23.21,22.63,7.62
5105259,Lucas do Rio Verde,resto_mt,FALSE,2011,29969234,36248731,77033855,572648985,685931571,5.28,11.23,83.48,0.0437,62421236.93,1428688404.77,1312.17,30032.76,2.49,18.31,7.62
5105259,Lucas do Rio Verde,resto_mt,FALSE,2012,42789642,136212974,158057088,884723802,1178993864,11.55,13.41,75.04,0.0363,83923181.04,2312356703.3,1694.76,46696.36,34.45,61.85,7.62
5105259,Lucas do Rio Verde,resto_mt,FALSE,2013,57235507,208669438,204086410,1295637186,1708393034,12.21,11.95,75.84,0.0335,106340070.44,3174089740.64,2012.38,60066.42,26.71,37.27,7.62
5105259,Lucas do Rio Verde,resto_mt,FALSE,2014,62977747,154895507,292787560,1741367419,2189050486,7.08,13.38,79.55,0.0288,110148579.47,3828666678.58,1999.27,69493.34,3.58,20.62,7.62
5105259,Lucas do Rio Verde,resto_mt,FALSE,2015,67648549,324298096,352884368,2321777323,2998959787,10.81,11.77,77.42,0.0226,106328223.25,4713686700.88,1856.12,82284.82,-3.47,23.12,7.62
5105259,Lucas do Rio Verde,resto_mt,FALSE,2016,73945215,299174992,334283665,2244697319,2878155976,10.39,11.61,77.99,0.0257,109049749.84,4244523316.37,1834.73,71413.34,2.56,-9.95,7.62
5105259,Lucas do Rio Verde,resto_mt,FALSE,2017,79187228,314383616,396107230,2566534483,3277025329,9.59,12.09,78.32,0.0242,114415021.01,4734866105.48,1859.94,76970.92,4.92,11.55,7.62
5105259,Lucas do Rio Verde,resto_mt,FALSE,2018,97252579,404089652,444000493,3006284953,3854375098,10.48,11.52,78,0.0252,135852292.54,5384183111,2142.41,84909.29,18.74,13.71,7.62
5105259,Lucas do Rio Verde,resto_mt,FALSE,2019,97717329,907136579,436938180,3365505895,4709580654,19.26,9.28,71.46,0.0207,130646581.41,6296637644.29,1993.57,96082,-3.83,16.95,7.62
5105259,Lucas do Rio Verde,resto_mt,FALSE,2020,128820145,1073793722,446289571,3712772984,5232856277,20.52,8.53,70.95,0.0246,163333263.36,6634827902.5,2415.45,98119.32,25.02,5.37,7.62
5105259,Lucas do Rio Verde,resto_mt,FALSE,2021,136980819,1474595128,429448447,3939096610,5843140185,25.24,7.35,67.41,0.0234,157661478.71,6725307445.3,2262.93,96529.51,-3.47,1.36,7.62
5105259,Lucas do Rio Verde,resto_mt,FALSE,2022,129722273,1731749602,420271718,4277373217,6429394537,26.93,6.54,66.53,0.0202,140945557.86,6985651567.72,1681.97,83362.99,-10.6,3.87,7.62
5105259,Lucas do Rio Verde,resto_mt,FALSE,2023,119774982,1731599256,409383687,4559814423,6700797366,25.84,6.11,68.05,0.0179,125486041.3,7020301910.84,1497.48,83776.49,-10.97,0.5,7.62
5105259,Lucas do Rio Verde,resto_mt,FALSE,2024,109333770,2826907743,418358631,5398713789,8643980163,32.7,4.84,62.46,0.0126,109333770.01,8643980163.01,1185.12,93695.6,-12.87,23.13,7.62
5105580,Marcelândia,resto_mt,FALSE,2000,1627250,0,1267994,1773829,3041823,0,41.69,58.31,0.535,,,,,,,
5105580,Marcelândia,resto_mt,FALSE,2001,1963842,0,2544240,2967799,5512039,0,46.16,53.84,0.3563,,,,,,,
5105580,Marcelândia,resto_mt,FALSE,2002,2695105,0,2141139,2559483,4700622,0,45.55,54.45,0.5734,9351312.25,16309933.77,597.91,1042.83,,,
5105580,Marcelândia,resto_mt,FALSE,2003,2809530,0,2704489,2792088,5496577,0,49.2,50.8,0.5111,8831307.55,17277609.41,545.37,1066.98,-5.56,5.93,
5105580,Marcelândia,resto_mt,FALSE,2004,3762193,0,3705410,4199440,7904850,0,46.88,53.12,0.4759,11142489.66,23411799.84,642.1,1349.16,26.17,35.5,
5105580,Marcelândia,resto_mt,FALSE,2005,3599274,0,2507206,2956049,5463255,0,45.89,54.11,0.6588,10147845.67,15403180.91,563.9,855.93,-8.93,-34.21,
5105580,Marcelândia,resto_mt,FALSE,2006,3175914,0,1590254,1765193,3355447,0,47.39,52.61,0.9465,8709212.38,9201540.28,467.37,493.8,-14.18,-40.26,
5105580,Marcelândia,resto_mt,FALSE,2007,3773636,0,2082707,3314601,5397308,0,38.59,61.41,0.6992,9840994.16,14075251.7,698.73,999.37,13,52.97,
5105580,Marcelândia,resto_mt,FALSE,2008,3830389,661694,4749542,10386963,15798199,4.19,30.06,65.75,0.2425,9381016.3,38691412.86,647.78,2671.69,-4.67,174.89,
5105580,Marcelândia,resto_mt,FALSE,2009,3824847,1098770,9321564,18342388,28762722,3.82,32.41,63.77,0.133,8997312.89,67659493.2,621.66,4674.87,-4.09,74.87,
5105580,Marcelândia,resto_mt,FALSE,2010,4398923,2726958,13384490,24061740,40173188,6.79,33.32,59.9,0.1095,9719354.38,88762056.29,809.53,7393.14,8.03,31.19,
5105580,Marcelândia,resto_mt,FALSE,2011,5365620,3793837,16312356,33167624,53273817,7.12,30.62,62.26,0.1007,11175749.02,110961046.03,945.57,9388.37,14.98,25.01,
5105580,Marcelândia,resto_mt,FALSE,2012,6835263,4544743,19455681,39941316,63941740,7.11,30.43,62.47,0.1069,13405978.34,125408719.77,1151.92,10775.79,19.96,13.02,
5105580,Marcelândia,resto_mt,FALSE,2013,8909139,5666288,16720268,46573757,68960313,8.22,24.25,67.54,0.1292,16552635.21,128124042.68,1461.73,11314.37,23.47,2.17,
5105580,Marcelândia,resto_mt,FALSE,2014,10776688,4704671,15761816,47548286,68014773,6.92,23.17,69.91,0.1584,18848512.86,118958377.94,1699.6,10726.63,13.87,-7.15,
5105580,Marcelândia,resto_mt,FALSE,2015,9970382,5241898,15200580,45361897,65804375,7.97,23.1,68.93,0.1515,15671186.13,103429598.71,1442.88,9523.04,-16.86,-13.05,
5105580,Marcelândia,resto_mt,FALSE,2016,9615054,4721098,12009102,41077415,57807615,8.17,20.77,71.06,0.1663,14179676.58,85251032.88,1332.81,8013.07,-9.52,-17.58,
5105580,Marcelândia,resto_mt,FALSE,2017,10435407,2414203,9837278,37173318,49424799,4.88,19.9,75.21,0.2111,15077776.33,71412266.34,1446.73,6852.08,6.33,-16.23,
5105580,Marcelândia,resto_mt,FALSE,2018,12967836,2372893,8630742,34871698,45875333,5.17,18.81,76.01,0.2827,18114792.1,64083330.46,1692.97,5989.1,20.14,-10.26,
5105580,Marcelândia,resto_mt,FALSE,2019,13030870,2950665,9994830,42622251,55567746,5.31,17.99,76.7,0.2345,17422074.82,74293230.53,1659.41,7076.23,-3.82,15.93,
5105580,Marcelândia,resto_mt,FALSE,2020,22321812,2635943,11847657,48090232,62573832,4.21,18.93,76.85,0.3567,28302206.92,79338430.98,2747.52,7702.02,62.45,6.79,
5105580,Marcelândia,resto_mt,FALSE,2021,12510153,0,1908724,7949925,9858649,0,19.36,80.64,1.269,14398871.58,11347057.13,1424.65,1122.68,-49.12,-85.7,
5105580,Marcelândia,resto_mt,FALSE,2022,10752986,0,2431978,21294623,23726601,0,10.25,89.75,0.4532,11683310.63,25779374.17,1025.2,2262.14,-18.86,127.19,
5105580,Marcelândia,resto_mt,FALSE,2023,11083392,0,1306556,22892133,24198689,0,5.4,94.6,0.458,11611865.54,25352520.49,1018.95,2224.69,-0.61,-1.66,
5105606,Matupá,resto_mt,FALSE,2000,895254,68353,1256829,1324966,2650148,2.58,47.42,50,0.3378,,,,,,,12.07
5105606,Matupá,resto_mt,FALSE,2001,800301,271740,1592442,2080329,3944511,6.89,40.37,52.74,0.2029,,,,,,,12.07
5105606,Matupá,resto_mt,FALSE,2002,744558,364386,1698288,2357698,4420372,8.24,38.42,53.34,0.1684,2583422.28,15337539.29,224.37,1332.08,,,12.07
5105606,Matupá,resto_mt,FALSE,2003,868426,1566169,5295080,18018184,24879433,6.3,21.28,72.42,0.0349,2729758.05,78204512.69,234.96,6731.33,5.66,409.89,12.07
5105606,Matupá,resto_mt,FALSE,2004,4969170,3688339,8877138,29453583,42019060,8.78,21.13,70.1,0.1183,14717194.3,124447879.73,1243.32,10513.46,439.14,59.13,12.07
5105606,Matupá,resto_mt,FALSE,2005,2262749,3984840,8356173,35849503,48190516,8.27,17.34,74.39,0.047,6379627.57,135869044.35,533.5,11362.19,-56.65,9.18,12.07
5105606,Matupá,resto_mt,FALSE,2006,2162428,4965492,7331847,43244618,55541957,8.94,13.2,77.86,0.0389,5929960.54,152311019.62,490.97,12610.61,-7.05,12.1,12.07
5105606,Matupá,resto_mt,FALSE,2007,4358697,9073260,13185973,59075857,81335090,11.16,16.21,72.63,0.0536,11366732.7,212107936.52,798.07,14892.08,91.68,39.26,12.07
5105606,Matupá,resto_mt,FALSE,2008,3922215,7574918,18405950,64928232,90909100,8.33,20.25,71.42,0.0431,9605907.6,222645728.21,648.13,15022.31,-15.49,4.97,12.07
5105606,Matupá,resto_mt,FALSE,2009,6814190,9038890,21566047,59625504,90230441,10.02,23.9,66.08,0.0755,16029242.37,212252022.23,1056.64,13991.56,66.87,-4.67,12.07
5105606,Matupá,resto_mt,FALSE,2010,8030948,9030505,23321349,57281679,89633533,10.07,26.02,63.91,0.0896,17744259.14,198043946.66,1251.89,13972.34,10.7,-6.69,12.07
5105606,Matupá,resto_mt,FALSE,2011,7922978,11222166,24193862,61594104,97010132,11.57,24.94,63.49,0.0817,16502326.58,202056963.98,1146.3,14035.64,-7,2.03,12.07
5105606,Matupá,resto_mt,FALSE,2012,11901521,13334710,29416686,77673467,120424863,11.07,24.43,64.5,0.0988,23342413.15,236188879.09,1597.7,16166.25,41.45,16.89,12.07
5105606,Matupá,resto_mt,FALSE,2013,15039236,17022007,35117557,105290396,157429960,10.81,22.31,66.88,0.0955,27941980.42,292495234.38,1866.15,19534.85,19.7,23.84,12.07
5105606,Matupá,resto_mt,FALSE,2014,18465033,19741681,34629176,138917694,193288551,10.21,17.92,71.87,0.0955,32295489.3,338063210.19,2123.87,22232.24,15.58,15.58,12.07
5105606,Matupá,resto_mt,FALSE,2015,19570835,19705048,35592863,162880544,218178455,9.03,16.31,74.65,0.0897,30760927.53,342927199.7,1993.2,22220.39,-4.75,1.44,12.07
5105606,Matupá,resto_mt,FALSE,2016,22640732,14381780,24524543,168395644,207301967,6.94,11.83,81.23,0.1092,33389126.82,305715895.81,2132.95,19529.57,8.54,-10.85,12.07
5105606,Matupá,resto_mt,FALSE,2017,26331941,10570901,21388168,175375880,207334949,5.1,10.32,84.59,0.127,38046155.41,299571447.88,2397.36,18876.58,13.95,-2.01,12.07
5105606,Matupá,resto_mt,FALSE,2018,29206911,8769802,22904709,179783030,211457541,4.15,10.83,85.02,0.1381,40799183.51,295385397.63,2497.8,18084.08,7.24,-1.4,12.07
5105606,Matupá,resto_mt,FALSE,2019,32300302,10829170,27195969,195289481,233314620,4.64,11.66,83.7,0.1384,43185012.08,311938095.39,2606.84,18830.03,5.85,5.6,12.07
5105606,Matupá,resto_mt,FALSE,2020,39647285,11079892,31532691,230187348,272799931,4.06,11.56,84.38,0.1453,50269470.21,345887694.64,2993.48,20597.13,16.4,10.88,12.07
5105606,Matupá,resto_mt,FALSE,2021,40266578,10149858,40854696,290103710,341108264,2.98,11.98,85.05,0.118,46345818.89,392607035.76,2723.5,23071.46,-7.81,13.51,12.07
5105606,Matupá,resto_mt,FALSE,2022,41023629,15394647,65957047,377274123,458625817,3.36,14.38,82.26,0.0894,44572902.87,498305110.87,2218.54,24802.4,-3.83,26.92,12.07
5105606,Matupá,resto_mt,FALSE,2023,35872989,20622395,72175598,435908212,528706205,3.9,13.65,82.45,0.0679,37583469.46,553915747.4,1870.66,27570.35,-15.68,11.16,12.07
5105606,Matupá,resto_mt,FALSE,2024,31663849,35575969,78591186,495236229,609403384,5.84,12.9,81.27,0.052,31663849,609403383.99,1478.59,28456.84,-15.75,10.02,12.07
5105903,Nobres,resto_mt,FALSE,2000,2442181,89075,762364,16809132,17660571,0.5,4.32,95.18,0.1383,,,,,,,
5105903,Nobres,resto_mt,FALSE,2001,2672763,186036,1915556,18889966,20991558,0.89,9.13,89.99,0.1273,,,,,,,
5105903,Nobres,resto_mt,FALSE,2002,3504625,118013,2391184,24306169,26815366,0.44,8.92,90.64,0.1307,12160135.76,93042334.33,801.76,6134.52,,,
5105903,Nobres,resto_mt,FALSE,2003,3903811,416987,3220588,30206281,33843856,1.23,9.52,89.25,0.1153,12271004.61,106382740.57,804.5,6974.55,0.91,14.34,
5105903,Nobres,resto_mt,FALSE,2004,4102290,663145,3600693,32069618,36333456,1.83,9.91,88.26,0.1129,12149755.18,107608822.33,787.31,6973.09,-0.99,1.15,
5105903,Nobres,resto_mt,FALSE,2005,3643761,603433,3834738,20878637,25316808,2.38,15.15,82.47,0.1439,10273272.96,71378578.07,661.48,4595.88,-15.44,-33.67,
5105903,Nobres,resto_mt,FALSE,2006,3584596,7815759,3868995,31074877,42759631,18.28,9.05,72.67,0.0838,9829928.59,117258435.76,628.91,7502.13,-4.32,64.28,
5105903,Nobres,resto_mt,FALSE,2007,4399965,3870337,4743050,26218618,34832005,11.11,13.62,75.27,0.1263,11474352.54,90835882.84,772.06,6111.97,16.73,-22.53,
5105903,Nobres,resto_mt,FALSE,2008,5448963,1512005,5793051,22024911,29329967,5.16,19.75,75.09,0.1858,13345070.35,71832103.29,872.46,4696.13,16.3,-20.92,
5105903,Nobres,resto_mt,FALSE,2009,5517870,1744830,7387684,20745144,29877658,5.84,24.73,69.43,0.1847,12979866.37,70282193.68,847.54,4589.1,-2.74,-2.16,
5105903,Nobres,resto_mt,FALSE,2010,6192419,2553770,9894302,17281408,29729480,8.59,33.28,58.13,0.2083,13682056.89,65686840.12,912.01,4378.54,5.41,-6.54,
5105903,Nobres,resto_mt,FALSE,2011,7924131,2793286,8999814,19016688,30809788,9.07,29.21,61.72,0.2572,16504728.11,64171979.73,1100.1,4277.28,20.63,-2.31,
5105903,Nobres,resto_mt,FALSE,2012,10351157,3623128,9973876,25709491,39306495,9.22,25.37,65.41,0.2633,20301689.44,77091696.56,1353.09,5138.07,23.01,20.13,
5105903,Nobres,resto_mt,FALSE,2013,11276713,5613579,10333518,32287829,48234926,11.64,21.42,66.94,0.2338,20951442.86,89617541.57,1396.57,5973.7,3.2,16.25,
5105903,Nobres,resto_mt,FALSE,2014,13308080,7732213,14864321,44779152,67375686,11.48,22.06,66.46,0.1975,23275937.56,117840609.71,1553.8,7866.54,11.09,31.49,
5105903,Nobres,resto_mt,FALSE,2015,14956356,8153180,16080421,51824987,76058588,10.72,21.14,68.14,0.1966,23508009.89,119546902.99,1571.5,7991.64,1,1.45,
5105903,Nobres,resto_mt,FALSE,2016,16319025,6906450,14722265,53455639,75084354,9.2,19.61,71.19,0.2173,24066271.14,110729680.36,1611.07,7412.62,2.37,-7.38,
5105903,Nobres,resto_mt,FALSE,2017,15319476,6614896,13699020,52388669,72702585,9.1,18.84,72.06,0.2107,22134606.96,105045573.64,1483.85,7042,-8.03,-5.13,
5105903,Nobres,resto_mt,FALSE,2018,16552724,6390274,13774933,57491227,77656434,8.23,17.74,74.03,0.2132,23122528.23,108478404.35,1507.53,7072.52,4.46,3.27,
5105903,Nobres,resto_mt,FALSE,2019,18873610,7303714,17078800,63431546,87814060,8.32,19.45,72.23,0.2149,25233729.28,117406061.5,1645.38,7655.58,9.13,8.23,
5105903,Nobres,resto_mt,FALSE,2020,25604884,8944617,20735861,68041364,97721842,9.15,21.22,69.63,0.262,32464870.01,123903193.53,2117.17,8080.29,28.66,5.53,
5105903,Nobres,resto_mt,FALSE,2021,11287984,0,1052921,3494322,4547243,0,23.16,76.84,2.4824,12992185.79,5233762.36,847.38,341.37,-59.98,-95.78,
5105903,Nobres,resto_mt,FALSE,2022,12277464,0,988827,3968480,4957307,0,19.95,80.05,2.4766,13339683.1,5386202.26,861.06,347.68,2.67,2.91,
5105903,Nobres,resto_mt,FALSE,2023,9602604,0,878564,3960038,4838602,0,18.16,81.84,1.9846,10060471.25,5069314.15,649.39,327.22,-24.58,-5.88,
5106000,Nortelândia,resto_mt,FALSE,2009,1421953,685583,2437555,9846917,12970055,5.29,18.79,75.92,0.1096,3344906.62,30509885.27,533.3,4864.47,,,
5106000,Nortelândia,resto_mt,FALSE,2010,1883891,939034,3199333,9266853,13405220,7,23.87,69.13,0.1405,4162428.91,29618632.51,646.74,4602.03,24.44,-2.92,
5106000,Nortelândia,resto_mt,FALSE,2011,2126994,1859172,4043151,10441937,16344260,11.38,24.74,63.89,0.1301,4430196.53,34042542.63,695.04,5340.83,6.43,14.94,
5106000,Nortelândia,resto_mt,FALSE,2012,3074256,2567468,5660899,14355609,22583976,11.37,25.07,63.57,0.1361,6029527.96,44293876.22,954.94,7015.18,36.1,30.11,
5106000,Nortelândia,resto_mt,FALSE,2013,3352954,3463286,5912781,17512042,26888109,12.88,21.99,65.13,0.1247,6229583.41,49956461.55,1003.31,8045.82,3.32,12.78,
5106000,Nortelândia,resto_mt,FALSE,2014,4084895,3929580,6174751,19387809,29492140,13.32,20.94,65.74,0.1385,7144513.78,51581987,1165.88,8417.43,14.69,3.25,
5106000,Nortelândia,resto_mt,FALSE,2015,4363259,3281088,5819705,21497363,30598156,10.72,19.02,70.26,0.1426,6858056.59,48093382.79,1133.93,7951.96,-4.01,-6.76,
5106000,Nortelândia,resto_mt,FALSE,2016,4707077,2586340,6097672,22263235,30947247,8.36,19.7,71.94,0.1521,6941700.96,45639052.43,1162.56,7643.45,1.22,-5.1,
5106000,Nortelândia,resto_mt,FALSE,2017,4796777,1925498,5979452,23390255,31295205,6.15,19.11,74.74,0.1533,6930705.3,45217412.3,1175.69,7670.47,-0.16,-0.92,
5106000,Nortelândia,resto_mt,FALSE,2018,6073784,1247994,6080952,22656288,29985234,4.16,20.28,75.56,0.2026,8484479.16,41886424.22,1401.01,6916.51,22.42,-7.37,
5106216,Nova Canaã do Norte,resto_mt,FALSE,2008,0,0,0,0,0,,,,,0,0,0,0,,,
5106216,Nova Canaã do Norte,resto_mt,FALSE,2009,648995,1578255,1898180,16061538,19537973,8.08,9.72,82.21,0.0332,1526652.19,45959813.93,115.34,3472.07,,,
5106216,Nova Canaã do Norte,resto_mt,FALSE,2010,1459133,1838463,2689705,24614236,29142404,6.31,9.23,84.46,0.0501,3223932.48,64389704.5,265.85,5309.61,111.18,40.1,
5106216,Nova Canaã do Norte,resto_mt,FALSE,2011,2463739,3796404,3282339,34504126,41582869,9.13,7.89,82.98,0.0592,5131583.8,86610626.04,421.53,7114.39,59.17,34.51,
5106216,Nova Canaã do Norte,resto_mt,FALSE,2012,3081354,4009510,5091892,45692998,54794400,7.32,9.29,83.39,0.0562,6043449.24,107468072.57,494.55,8794.44,17.77,24.08,
5106216,Nova Canaã do Norte,resto_mt,FALSE,2013,4033154,4294134,7124611,58058017,69476762,6.18,10.25,83.56,0.0581,7493353.4,129083573.34,609.46,10498.88,23.99,20.11,
5106216,Nova Canaã do Norte,resto_mt,FALSE,2014,6404506,3878407,8644465,69320685,81843557,4.74,10.56,84.7,0.0783,11201531.83,143145030.93,908.47,11609.5,49.49,10.89,
5106216,Nova Canaã do Norte,resto_mt,FALSE,2015,8994651,4138968,9289067,77712980,91141015,4.54,10.19,85.27,0.0987,14137557.63,143253068.01,1143.34,11585.37,26.21,0.08,
5106216,Nova Canaã do Norte,resto_mt,FALSE,2016,8965199,3126715,10423668,85207180,98757563,3.17,10.55,86.28,0.0908,13221311.33,145641439.28,1070.12,11788.07,-6.48,1.67,
5106216,Nova Canaã do Norte,resto_mt,FALSE,2017,8555549,2318635,7957584,102643898,112920117,2.05,7.05,90.9,0.0758,12361631.34,163154562.74,997.87,13170.36,-6.5,12.02,
5106216,Nova Canaã do Norte,resto_mt,FALSE,2018,10058588,2453865,8972019,113750368,125176252,1.96,7.17,90.87,0.0804,14050858.63,174858918.71,1102.97,13726.27,13.67,7.17,
5106216,Nova Canaã do Norte,resto_mt,FALSE,2019,13864358,2084541,10524209,126090152,138698902,1.5,7.59,90.91,0.1,18536435.61,185438320.68,1449.62,14502.09,31.92,6.05,
5106216,Nova Canaã do Norte,resto_mt,FALSE,2020,18407253,2270179,14116988,145962639,162349806,1.4,8.7,89.91,0.1134,23338870.66,205846093.57,1818.94,16042.87,25.91,11.01,
5106216,Nova Canaã do Norte,resto_mt,FALSE,2021,18603265,2403074,18800211,183206388,204409673,1.18,9.2,89.63,0.091,21411890.3,235270394.39,1662.92,18272,-8.26,14.29,
5106216,Nova Canaã do Norte,resto_mt,FALSE,2022,15218600,2378469,24191004,224469560,251039033,0.95,9.64,89.42,0.0606,16535279.7,272758376.29,1412.44,23298.73,-22.78,15.93,
5106216,Nova Canaã do Norte,resto_mt,FALSE,2023,12364871,5738742,25666667,256499960,287905369,1.99,8.91,89.09,0.0429,12954447.48,301633149.26,1106.55,25765.2,-21.66,10.59,
5106216,Nova Canaã do Norte,resto_mt,FALSE,2024,13414674,6490023,24625350,283905575,315020948,2.06,7.82,90.12,0.0426,13414673.99,315020948,1139.63,26762.45,3.55,4.44,
5108907,Nova Maringá,resto_mt,FALSE,2009,1215588,1184858,7067732,15359044,23611634,5.02,29.93,65.05,0.0515,2859467.47,55542420.15,477.45,9274.07,,,
5108907,Nova Maringá,resto_mt,FALSE,2010,1279351,1195069,4432063,12388189,18015321,6.63,24.6,68.76,0.071,2826706.84,39804581.52,428.95,6040.16,-1.15,-28.33,
5108907,Nova Maringá,resto_mt,FALSE,2011,1533220,1128781,3106097,12807124,17042002,6.62,18.23,75.15,0.09,3193457.96,35495830.31,470.11,5225.34,12.97,-10.82,
5108907,Nova Maringá,resto_mt,FALSE,2012,3155408,1722242,4333193,16749420,22804855,7.55,19,73.45,0.1384,6188691.1,44727085.46,885.5,6399.64,93.79,26.01,
5108907,Nova Maringá,resto_mt,FALSE,2013,3101509,2611908,5321316,20460855,28394079,9.2,18.74,72.06,0.1092,5762413.97,52754461.68,786.89,7203.94,-6.89,17.95,
5108907,Nova Maringá,resto_mt,FALSE,2014,2618031,2435628,6010914,26918352,35364894,6.89,17,76.12,0.074,4578957,61853480.37,606.81,8196.86,-20.54,17.25,
5108907,Nova Maringá,resto_mt,FALSE,2015,2539797,2494476,6668670,25803691,34966837,7.13,19.07,73.79,0.0726,3991986.63,54959961.55,514.17,7078.81,-12.82,-11.14,
5108907,Nova Maringá,resto_mt,FALSE,2016,3152819,1728152,5730034,26872052,34330238,5.03,16.69,78.28,0.0918,4649579.05,50628074.66,583.02,6348.36,16.47,-7.88,
5108956,Nova Monte Verde,resto_mt,FALSE,2004,906775,1566302,1731022,14383211,17680535,8.86,9.79,81.35,0.0513,2685596.16,52364453.02,325.37,6344.14,,,
5108956,Nova Monte Verde,resto_mt,FALSE,2005,1279788,1581054,2436278,17904189,21921521,7.21,11.11,81.67,0.0584,3608252.97,61805856.34,421.04,7211.89,34.36,18.03,
5108956,Nova Monte Verde,resto_mt,FALSE,2006,1541444,1158659,2985017,23052217,27195893,4.26,10.98,84.76,0.0567,4227054.99,74578470.34,475.86,8395.65,17.15,20.67,
5108956,Nova Monte Verde,resto_mt,FALSE,2007,2389891,1669425,3806816,27318821,32795062,5.09,11.61,83.3,0.0729,6232425.01,85523885.56,766.32,10515.67,47.44,14.68,
5108956,Nova Monte Verde,resto_mt,FALSE,2008,2804747,2607506,6653851,41551013,50812370,5.13,13.09,81.77,0.0552,6869113.63,124444715.88,813.58,14739.39,10.22,45.51,
5108956,Nova Monte Verde,resto_mt,FALSE,2009,4086199,2567583,8549487,47450680,58567750,4.38,14.6,81.02,0.0698,9612099.77,137770836.96,1117.42,16016.14,39.93,10.71,
5108956,Nova Monte Verde,resto_mt,FALSE,2010,4479841,3986326,10149188,52280844,66416358,6,15.28,78.72,0.0675,9898141.49,146745946.76,1223.06,18132.45,2.98,6.51,
5108956,Nova Monte Verde,resto_mt,FALSE,2011,4672245,4746988,12188996,63180694,80116678,5.93,15.21,78.86,0.0583,9731557.11,166870535.97,1188.08,20372.42,-1.68,13.71,
5108956,Nova Monte Verde,resto_mt,FALSE,2012,9547872,6975966,15724149,76420521,99120636,7.04,15.86,77.1,0.0963,18726209.27,194404970.27,2260.26,23464.69,92.43,16.5,
5108956,Nova Monte Verde,resto_mt,FALSE,2013,7586684,11112432,19374051,81287461,111773944,9.94,17.33,72.72,0.0679,14095594.73,207669149.81,1669.31,24593.69,-24.73,6.82,
5108956,Nova Monte Verde,resto_mt,FALSE,2014,10987865,14499515,14132955,103938298,132570768,10.94,10.66,78.4,0.0829,19217863.12,231867325.7,2249.54,27141.2,36.34,11.65,
5108956,Nova Monte Verde,resto_mt,FALSE,2015,12073184,12866178,14182480,161756128,188804786,6.81,7.51,85.67,0.0639,18976315.42,296758433.61,2196.34,34347.04,-1.26,27.99,
5108956,Nova Monte Verde,resto_mt,FALSE,2016,11092338,9889711,11804974,180613300,202307985,4.89,5.84,89.28,0.0548,16358282.06,298351085.41,1873.8,34175.39,-13.8,0.54,
5108956,Nova Monte Verde,resto_mt,FALSE,2017,11099907,7713071,11845253,200313912,219872236,3.51,5.39,91.1,0.0505,16037890.51,317686161.47,1817.94,36010.67,-1.96,6.48,
5108956,Nova Monte Verde,resto_mt,FALSE,2018,15073331,6518620,13237486,222454300,242210406,2.69,5.47,91.84,0.0622,21055961.64,338344126.9,2319.45,37270.79,31.29,6.5,
5108956,Nova Monte Verde,resto_mt,FALSE,2019,16205815,7606988,17009754,233161445,257778187,2.95,6.6,90.45,0.0629,21666927.97,344645512.08,2360.75,37551.26,2.9,1.86,
5108956,Nova Monte Verde,resto_mt,FALSE,2020,22701309,8488479,24766713,279348877,312604069,2.72,7.92,89.36,0.0726,28783377.65,396356041.46,3102.67,42724.59,32.84,15,
5108956,Nova Monte Verde,resto_mt,FALSE,2021,25508345,8880160,35274304,347887896,392042360,2.27,9,88.74,0.0651,29359463.77,451230899.67,3131.68,48131.29,2,13.84,
5108956,Nova Monte Verde,resto_mt,FALSE,2022,20017236,16154162,46199124,448273981,510627267,3.16,9.05,87.79,0.0392,21749083.1,554805611.59,2616.27,66739.53,-25.92,22.95,
5108956,Nova Monte Verde,resto_mt,FALSE,2023,18712015,15800229,44886911,492267227,552954367,2.86,8.12,89.02,0.0338,19604233.27,579320099.88,2358.27,69688.46,-9.86,4.42,
5108956,Nova Monte Verde,resto_mt,FALSE,2024,19521008,18534711,42868510,499940457,561343678,3.3,7.64,89.06,0.0348,19521008,561343677.99,2309.91,66423.35,-0.42,-3.1,
5106224,Nova Mutum,resto_mt,FALSE,2000,2035961,21815845,1106342,52868958,75791145,28.78,1.46,69.76,0.0269,,,,,,,10.92
5106224,Nova Mutum,resto_mt,FALSE,2001,2745257,782465,6118676,71641256,78542397,1,7.79,91.21,0.035,,,,,,,10.92
5106224,Nova Mutum,resto_mt,FALSE,2002,2760097,1367232,6536154,95586920,103490306,1.32,6.32,92.36,0.0267,9576817.55,359084401.46,630.26,23631.75,,,10.92
5106224,Nova Mutum,resto_mt,FALSE,2003,2951198,1971750,9989954,137847440,149809144,1.32,6.67,92.02,0.0197,9276618.22,470901049.26,582.27,29556.92,-3.13,31.14,10.92
5106224,Nova Mutum,resto_mt,FALSE,2004,4119350,9020286,18199942,147045112,174265340,5.18,10.44,84.38,0.0236,12200281.82,516121780.75,698.24,29538.25,31.52,9.6,10.92
5106224,Nova Mutum,resto_mt,FALSE,2005,3864337,7430456,15558615,124925621,147914692,5.02,10.52,84.46,0.0261,10895168.15,417032842.04,594.42,22752.61,-10.7,-19.2,10.92
5106224,Nova Mutum,resto_mt,FALSE,2006,4386117,24589445,12070991,157341141,194001577,12.67,6.22,81.1,0.0226,12027915.26,532004624.92,627.16,27740.35,10.4,27.57,10.92
5106224,Nova Mutum,resto_mt,FALSE,2007,7652108,41015945,17701235,265214837,323932017,12.66,5.46,81.87,0.0236,19955382.59,844759029.59,818.92,34666.73,65.91,58.79,10.92
5106224,Nova Mutum,resto_mt,FALSE,2008,9835878,22729994,20882735,299840055,343452784,6.62,6.08,87.3,0.0286,24089076.01,841151163.1,938.85,32783.19,20.71,-0.43,10.92
5106224,Nova Mutum,resto_mt,FALSE,2009,10252028,22248163,31808566,318806863,372863592,5.97,8.53,85.5,0.0275,24116181.31,877099242.16,897.38,32637.47,0.11,4.27,10.92
5106224,Nova Mutum,resto_mt,FALSE,2010,11889881,25205837,39756107,323661458,388623402,6.49,10.23,83.28,0.0306,26270513.72,858657577.37,830.06,27130.64,8.93,-2.1,10.92
5106224,Nova Mutum,resto_mt,FALSE,2011,15277105,30355972,40527238,343405092,414288302,7.33,9.78,82.89,0.0369,31819825.31,862897872.5,963.25,26121.5,21.12,0.49,10.92
5106224,Nova Mutum,resto_mt,FALSE,2012,28757426,39289956,45459816,389439471,474189243,8.29,9.59,82.13,0.0606,56401842.98,930025768.72,1640.83,27056.07,77.25,7.78,10.92
5106224,Nova Mutum,resto_mt,FALSE,2013,31693132,53267341,52069531,485408013,590744885,9.02,8.81,82.17,0.0536,58883900.32,1097567855.58,1606.25,29939.94,4.4,18.01,10.92
5106224,Nova Mutum,resto_mt,FALSE,2014,35712076,60745141,59602547,634220489,754568177,8.05,7.9,84.05,0.0473,62460704.43,1319745731.99,1634.84,34542.89,6.07,20.24,10.92
5106224,Nova Mutum,resto_mt,FALSE,2015,39761440,65906215,64056229,689888365,819850809,8.04,7.81,84.15,0.0485,62495993.35,1288620098.16,1573.73,32449.14,0.06,-2.36,10.92
5106224,Nova Mutum,resto_mt,FALSE,2016,42684341,52169085,50493229,744556463,847218777,6.16,5.96,87.88,0.0504,62948180.06,1249424938.41,1528.68,30342.04,0.72,-3.04,10.92
5106224,Nova Mutum,resto_mt,FALSE,2017,47416404,45172004,43930695,810834330,899937029,5.02,4.88,90.1,0.0527,68510402.45,1300289411.24,1607.95,30518.2,8.84,4.07,10.92
5106224,Nova Mutum,resto_mt,FALSE,2018,54426281,36697739,43651665,830857944,911207348,4.03,4.79,91.18,0.0597,76028164.22,1272867089.74,1731.11,28982.15,10.97,-2.11,10.92
5106224,Nova Mutum,resto_mt,FALSE,2019,62611600,45036804,62031249,868040361,975108414,4.62,6.36,89.02,0.0642,83710756.12,1303705106.25,1844.74,28729.89,10.1,2.42,10.92
5106224,Nova Mutum,resto_mt,FALSE,2020,80097932,48035737,83125886,996270907,1127432530,4.26,7.37,88.37,0.071,101557536.84,1429490972.47,2169.43,30536.19,21.32,9.65,10.92
5106224,Nova Mutum,resto_mt,FALSE,2021,83662276,55408422,116106399,932177462,1103692283,5.02,10.52,84.46,0.0758,96293176.26,1270322068.81,1996.87,26343.2,-5.18,-11.13,10.92
5106224,Nova Mutum,resto_mt,FALSE,2022,87829187,56390593,143735350,1182010766,1382136709,4.08,10.4,85.52,0.0635,95427974.5,1501716127.78,1708.99,26893.67,-0.9,18.22,10.92
5106224,Nova Mutum,resto_mt,FALSE,2023,86909313,68740814,152774094,1365863846,1587378754,4.33,9.62,86.05,0.0548,91053285.56,1663067466.64,1630.64,29783.26,-4.58,10.74,10.92
5106224,Nova Mutum,resto_mt,FALSE,2024,93674955,111323104,163257713,1760702568,2035283385,5.47,8.02,86.51,0.046,93674955,2035283385,1530.07,33243.78,2.88,22.38,10.92
5106232,Nova Olímpia,resto_mt,FALSE,2000,2009732,91507,462213,4041932,4595652,1.99,10.06,87.95,0.4373,,,,,,,3.4
5106232,Nova Olímpia,resto_mt,FALSE,2001,2527210,144438,1894952,5533196,7572586,1.91,25.02,73.07,0.3337,,,,,,,3.4
5106232,Nova Olímpia,resto_mt,FALSE,2002,2816764,159533,2978225,6792463,9930221,1.61,29.99,68.4,0.2837,9773437.27,34455279.93,621.88,2192.36,,,3.4
5106232,Nova Olímpia,resto_mt,FALSE,2003,3456146,464469,3692091,8503568,12660128,3.67,29.16,67.17,0.273,10863841.39,39795084.6,661.34,2422.55,11.16,15.5,3.4
5106232,Nova Olímpia,resto_mt,FALSE,2004,4449138,1017794,4256896,11953977,17228667,5.91,24.71,69.38,0.2582,13177015.15,51026155.23,735.45,2847.92,21.29,28.22,3.4
5106232,Nova Olímpia,resto_mt,FALSE,2005,4761323,1073648,3998356,12928586,18000590,5.96,22.21,71.82,0.2645,13424143.58,50751126.23,716.23,2707.75,1.88,-0.54,3.4
5106232,Nova Olímpia,resto_mt,FALSE,2006,6419340,1453296,4849702,14679060,20982058,6.93,23.11,69.96,0.3059,17603560.86,57538459.57,899.88,2941.33,31.13,13.37,3.4
5106232,Nova Olímpia,resto_mt,FALSE,2007,7018131,2063613,6351374,17249381,25664368,8.04,24.75,67.21,0.2735,18302079.51,66928261.07,939.83,3436.81,3.97,16.32,3.4
5106232,Nova Olímpia,resto_mt,FALSE,2008,8303777,3913460,7104344,19797272,30815076,12.7,23.05,64.25,0.2695,20336803.22,75469287.85,1000.34,3712.22,11.12,12.76,3.4
5106232,Nova Olímpia,resto_mt,FALSE,2009,7652168,3939554,9974791,20099999,34014344,11.58,29.33,59.09,0.225,18000445.46,80013055.68,859.45,3820.33,-11.49,6.02,3.4
5106232,Nova Olímpia,resto_mt,FALSE,2010,9552129,4637650,10605752,22113275,37356677,12.41,28.39,59.19,0.2557,21105285.74,82539017.48,1204.99,4712.48,17.25,3.16,3.4
5106232,Nova Olímpia,resto_mt,FALSE,2011,10984987,6321608,10736813,25585419,42643840,14.82,25.18,60,0.2576,22880013.43,88820463.03,1287.49,4998.05,8.41,7.61,3.4
5106232,Nova Olímpia,resto_mt,FALSE,2012,13326945,7673126,10229046,28251624,46153796,16.63,22.16,61.21,0.2888,26138092.44,90521284.99,1450.66,5023.93,14.24,1.91,3.4
5106232,Nova Olímpia,resto_mt,FALSE,2013,14547197,10587015,16998172,42871025,70456212,15.03,24.13,60.85,0.2065,27027802.04,130903331.5,1465.95,7100.03,3.4,44.61,3.4
5106232,Nova Olímpia,resto_mt,FALSE,2014,18442164,12667192,21269297,55122872,89059361,14.22,23.88,61.89,0.2071,32255491.24,155765529.42,1724.53,8327.92,19.34,18.99,3.4
5106232,Nova Olímpia,resto_mt,FALSE,2015,20637079,10066362,24382550,58369674,92818586,10.85,26.27,62.89,0.2223,32436822.01,145889830.31,1710.36,7692.59,0.56,-6.34,3.4
5106232,Nova Olímpia,resto_mt,FALSE,2016,23281217,8584313,22595589,58987186,90167088,9.52,25.06,65.42,0.2582,34333673.79,132972747.32,1786.55,6919.18,5.85,-8.85,3.4
5106232,Nova Olímpia,resto_mt,FALSE,2017,26016570,8513458,20911102,62235041,91659601,9.29,22.81,67.9,0.2838,37590486.23,132435942.49,1931.18,6803.8,9.49,-0.4,3.4
5106232,Nova Olímpia,resto_mt,FALSE,2018,27306036,11046786,22767281,75565533,109379600,10.1,20.81,69.09,0.2496,38143847.99,152792548.73,1903.96,7626.66,1.47,15.37,3.4
5106232,Nova Olímpia,resto_mt,FALSE,2019,30375884,9389952,23748236,79655459,112793647,8.32,21.05,70.62,0.2693,40612094.53,150803389.07,2000.49,7428.38,6.47,-1.3,3.4
5106232,Nova Olímpia,resto_mt,FALSE,2020,40192138,4581658,27372388,79807698,111761744,4.1,24.49,71.41,0.3596,50960298.64,141704625.22,2478.25,6891.25,25.48,-6.03,3.4
5106232,Nova Olímpia,resto_mt,FALSE,2021,17653773,18566,17388251,45158863,62565680,0.03,27.79,72.18,0.2822,20319048.88,72011524.67,975.93,3458.77,-60.13,-49.18,3.4
5106232,Nova Olímpia,resto_mt,FALSE,2022,18086480,104763,20789521,63458306,84352590,0.12,24.65,75.23,0.2144,19651282.35,91650589.98,1201.76,5604.84,-3.29,27.27,3.4
5106232,Nova Olímpia,resto_mt,FALSE,2023,18506456,99621,23278979,78180272,101558872,0.1,22.92,76.98,0.1822,19388872.89,106401358.55,1185.72,6506.93,-1.34,16.09,3.4
5106232,Nova Olímpia,resto_mt,FALSE,2024,20396357,105775,22373767,80532603,103012145,0.1,21.72,78.18,0.198,20396356.99,103012145,1250.24,6314.33,5.2,-3.19,3.4
5106240,Nova Ubiratã,resto_mt,FALSE,2004,686609,382861,1229303,7904187,9516351,4.02,12.92,83.06,0.0722,2033530.36,28184583.48,286.08,3965.19,,,
5106240,Nova Ubiratã,resto_mt,FALSE,2005,683174,430483,1542916,5255350,7228749,5.96,21.34,72.7,0.0945,1926150.74,20380840.46,259.24,2743.05,-5.28,-27.69,
5106240,Nova Ubiratã,resto_mt,FALSE,2006,869905,227914,1638697,8006237,9872848,2.31,16.6,81.09,0.0881,2385514.03,27074010.84,307.85,3493.88,23.85,32.84,
5106240,Nova Ubiratã,resto_mt,FALSE,2007,1315084,1213748,3184740,16979427,21377915,5.68,14.9,79.43,0.0615,3429513.06,55749928.33,440.7,7163.97,43.76,105.92,
5106240,Nova Ubiratã,resto_mt,FALSE,2008,3688548,1870213,4118709,24405630,30394552,6.15,13.55,80.3,0.1214,9033633.11,74439381.36,1111.83,9161.76,163.41,33.52,
5106240,Nova Ubiratã,resto_mt,FALSE,2009,5266610,2018310,6032682,27390483,35441475,5.69,17.02,77.28,0.1486,12388819.23,83370142.68,1479.8,9958.22,37.14,12,
5106240,Nova Ubiratã,resto_mt,FALSE,2010,1623431,3075075,6200760,28925576,38201411,8.05,16.23,75.72,0.0425,3586946.44,84405444.58,389.13,9156.59,-71.05,1.24,
5106240,Nova Ubiratã,resto_mt,FALSE,2011,1584983,4530128,4676278,32926318,42132724,10.75,11.1,78.15,0.0376,3301272.21,87755888.17,347.8,9245.24,-7.96,3.97,
5106240,Nova Ubiratã,resto_mt,FALSE,2012,2667799,6944124,6296582,47641243,60881949,11.41,10.34,78.25,0.0438,5232345.22,119407561.98,536.26,12238.14,58.49,36.07,
5106240,Nova Ubiratã,resto_mt,FALSE,2013,3508107,9151870,8513671,79274342,96939883,9.44,8.78,81.78,0.0362,6517848.18,180108371.99,638.56,17645.57,24.57,50.83,
5106240,Nova Ubiratã,resto_mt,FALSE,2014,3467368,8573608,10912648,89664561,109150817,7.85,10,82.15,0.0318,6064454.17,190905645.46,577.12,18167.65,-6.96,5.99,
5106240,Nova Ubiratã,resto_mt,FALSE,2015,5440409,7840838,11477897,98790448,118109183,6.64,9.72,83.64,0.0461,8551092.84,185640930.43,791.7,17187.38,41,-2.76,
5106240,Nova Ubiratã,resto_mt,FALSE,2016,6217261,6753507,8653613,93931365,109338485,6.18,7.91,85.91,0.0569,9168825.29,161245517.21,827.96,14560.73,7.22,-13.14,
5106240,Nova Ubiratã,resto_mt,FALSE,2017,3972102,4958858,7126265,100026123,112111246,4.42,6.36,89.22,0.0354,5739159.51,161985851.62,505.57,14269.36,-37.41,0.46,
5106240,Nova Ubiratã,resto_mt,FALSE,2018,5583677,5917927,7423116,122145440,135486483,4.37,5.48,90.15,0.0412,7799847.87,189261297.87,667,16184.48,35.91,16.84,
5106240,Nova Ubiratã,resto_mt,FALSE,2019,3645357,7039067,10540448,133545806,151125321,4.66,6.97,88.37,0.0241,4873786.81,202052253.71,406.77,16862.99,-37.51,6.76,
5106240,Nova Ubiratã,resto_mt,FALSE,2020,6419561,9053235,14823234,153827493,177703962,5.09,8.34,86.56,0.0361,8139471.11,225313890.36,661.85,18321.18,67.01,11.51,
5106240,Nova Ubiratã,resto_mt,FALSE,2021,7949254,12060397,18487254,209943926,240491577,5.01,7.69,87.3,0.0331,9149391.5,276799758.71,732.42,22158.15,12.41,22.85,
5106240,Nova Ubiratã,resto_mt,FALSE,2022,7346753,12283147,23331221,221980031,257594399,4.77,9.06,86.17,0.0285,7982377.87,279880898.1,692.32,24274.15,-12.76,1.11,
5106240,Nova Ubiratã,resto_mt,FALSE,2023,5989347,10630530,32119012,221911848,264661390,4.02,12.14,83.85,0.0226,6274928.47,277280860.84,544.22,24048.65,-21.39,-0.93,
5106240,Nova Ubiratã,resto_mt,FALSE,2024,6455683,8823498,39504389,246652429,294980316,2.99,13.39,83.62,0.0219,6455682.99,294980316,533.17,24362.42,2.88,6.38,
5106257,Nova Xavantina,resto_mt,FALSE,2000,3380445,160949,1206820,14339729,15707498,1.02,7.68,91.29,0.2152,,,,,,,7.26
5106257,Nova Xavantina,resto_mt,FALSE,2001,2907664,433959,3784067,26003370,30221396,1.44,12.52,86.04,0.0962,,,,,,,7.26
5106257,Nova Xavantina,resto_mt,FALSE,2002,3647459,1532347,5253749,35684500,42470596,3.61,12.37,84.02,0.0859,12655732.53,147361904.07,715.41,8330.24,,,7.26
5106257,Nova Xavantina,resto_mt,FALSE,2003,4006815,2297825,6852972,42958684,52109481,4.41,13.15,82.44,0.0769,12594781.19,163797807.17,714.68,9294.55,-0.48,11.15,7.26
5106257,Nova Xavantina,resto_mt,FALSE,2004,4392568,2978859,7336750,40046514,50362123,5.91,14.57,79.52,0.0872,13009471.76,149157535.32,744.04,8530.6,3.29,-8.94,7.26
5106257,Nova Xavantina,resto_mt,FALSE,2005,4353935,2898699,7838780,38719663,49457142,5.86,15.85,78.29,0.088,12275547.9,139440188.18,705.16,8010.11,-5.64,-6.51,7.26
5106257,Nova Xavantina,resto_mt,FALSE,2006,5111272,7818520,8777965,48078632,64675117,12.09,13.57,74.34,0.079,14016485.76,177356606.55,808.72,10232.9,14.18,27.19,7.26
5106257,Nova Xavantina,resto_mt,FALSE,2007,7310266,8562763,10837277,51117711,70517751,12.14,15.37,72.49,0.1037,19063917.39,183898175.47,1021.09,9849.93,36.01,3.69,7.26
5106257,Nova Xavantina,resto_mt,FALSE,2008,9773215,5611544,14397315,59620420,79629279,7.05,18.08,74.87,0.1227,23935607.88,195020287.41,1242.24,10121.45,25.55,6.05,7.26
5106257,Nova Xavantina,resto_mt,FALSE,2009,9892772,5566774,16438775,64414349,86419898,6.44,19.02,74.54,0.1145,23271091.66,203288357.1,1199.66,10479.85,-2.78,4.24,7.26
5106257,Nova Xavantina,resto_mt,FALSE,2010,13387063,8535326,17833375,73807860,100176561,8.52,17.8,73.68,0.1336,29578514.89,221338608.88,1505.81,11268.06,27.1,8.88,7.26
5106257,Nova Xavantina,resto_mt,FALSE,2011,15513727,9296480,21065738,108902093,139264311,6.68,15.13,78.2,0.1114,32312672.02,290065823.96,1633.36,14662.39,9.24,31.05,7.26
5106257,Nova Xavantina,resto_mt,FALSE,2012,17201725,16256460,25153290,140189813,181599563,8.95,13.85,77.2,0.0947,33737685.43,356170612.62,1693.92,17882.75,4.41,22.79,7.26
5106257,Nova Xavantina,resto_mt,FALSE,2013,23505647,25568679,28802427,176574502,230945608,11.07,12.47,76.46,0.1018,43672054.1,429082810.81,2168.1,21301.82,29.45,20.47,7.26
5106257,Nova Xavantina,resto_mt,FALSE,2014,27576722,29164771,34933844,224260409,288359024,10.11,12.11,77.77,0.0956,48231905.7,504342222.22,2379.13,24877.54,10.44,17.54,7.26
5106257,Nova Xavantina,resto_mt,FALSE,2015,32469416,26545234,37197905,231343758,295086897,9,12.61,78.4,0.11,51034580.4,463809881.01,2501.82,22736.88,5.81,-8.04,7.26
5106257,Nova Xavantina,resto_mt,FALSE,2016,33251283,21614038,31102112,248568785,301284935,7.17,10.32,82.5,0.1104,49036899.72,444316062.83,2389.82,21653.88,-3.91,-4.2,7.26
5106257,Nova Xavantina,resto_mt,FALSE,2017,38535926,18814608,27639095,245206639,291660342,6.45,9.48,84.07,0.1321,55679291.91,421410434.46,2697.78,20418.16,13.55,-5.16,7.26
5106257,Nova Xavantina,resto_mt,FALSE,2018,39970867,17564859,26571643,229914283,274050785,6.41,9.7,83.89,0.1459,55835371.9,382822006.34,2629.91,18031.28,0.28,-9.16,7.26
5106257,Nova Xavantina,resto_mt,FALSE,2019,42251236,25174265,30480886,237866084,293521235,8.58,10.38,81.04,0.1439,56489259.37,392433423.16,2642.9,18360.31,1.17,2.51,7.26
5106257,Nova Xavantina,resto_mt,FALSE,2020,60811137,33873436,41540431,275351946,350765813,9.66,11.84,78.5,0.1734,77103479.85,444741968.86,3681.42,21234.81,36.49,13.33,7.26
5106257,Nova Xavantina,resto_mt,FALSE,2021,66155931,38427606,54606907,341165349,434199862,8.85,12.58,78.57,0.1524,76143813.31,499753124.54,3509.74,23035.41,-1.24,12.37,7.26
5106257,Nova Xavantina,resto_mt,FALSE,2022,58883655,44827304,61463757,383390026,489681087,9.15,12.55,78.29,0.1202,63978138.91,532047214.31,2627.98,21854.48,-15.98,6.46,7.26
5106257,Nova Xavantina,resto_mt,FALSE,2023,50431146,51549200,67686552,432936364,552172116,9.34,12.26,78.41,0.0913,52835782.26,578500549.9,2170.29,23762.59,-17.42,8.73,7.26
5106257,Nova Xavantina,resto_mt,FALSE,2024,59196744,60545924,76884887,562811355,700242166,8.65,10.98,80.37,0.0845,59196744,700242166.01,2322.72,27475.56,12.04,21.04,7.26
5106281,Novo São Joaquim,resto_mt,FALSE,2000,405121,0,214376,719820,934196,0,22.95,77.05,0.4337,,,,,,,3.98
5106281,Novo São Joaquim,resto_mt,FALSE,2001,330516,0,669189,1153203,1822392,0,36.72,63.28,0.1814,,,,,,,3.98
5106281,Novo São Joaquim,resto_mt,FALSE,2002,351100,0,759283,1057951,1817234,0,41.78,58.22,0.1932,1218225.54,6305328.58,152.81,790.93,,,3.98
5106281,Novo São Joaquim,resto_mt,FALSE,2003,616995,0,1096129,1836731,2932860,0,37.37,62.63,0.2104,1939424.95,9218975.65,237.94,1131.01,59.2,46.21,3.98
5106281,Novo São Joaquim,resto_mt,FALSE,2004,1126295,0,1922591,2298635,4221226,0,45.55,54.45,0.2668,3335748.7,12502008.03,391.15,1465.99,72,35.61,3.98
5106281,Novo São Joaquim,resto_mt,FALSE,2005,806245,0,1528738,1732226,3260964,0,46.88,53.12,0.2472,2273138.92,9194009.51,260.21,1052.42,-31.86,-26.46,3.98
5106281,Novo São Joaquim,resto_mt,FALSE,2006,1181886,0,1160121,2113210,3273331,0,35.44,64.56,0.3611,3241050.04,8976356.06,362.38,1003.61,42.58,-2.37,3.98
5106281,Novo São Joaquim,resto_mt,FALSE,2007,1460267,0,1857610,3731060,5588670,0,33.24,66.76,0.2613,3808125.37,14574290.88,553.5,2118.37,17.5,62.36,3.98
5106281,Novo São Joaquim,resto_mt,FALSE,2008,2169766,0,2445930,5151505,7597435,0,32.19,67.81,0.2856,5313979.92,18606899.07,754.08,2640.4,39.54,27.67,3.98
5106281,Novo São Joaquim,resto_mt,FALSE,2009,2928775,0,1306403,3424727,4731130,0,27.61,72.39,0.619,6889453.38,11129192.1,986.31,1593.3,29.65,-40.19,3.98
5106281,Novo São Joaquim,resto_mt,FALSE,2010,2880894,0,1434638,6156976,7591614,0,18.9,81.1,0.3795,6365292.08,16773557.26,1053.5,2776.15,-7.61,50.72,3.98
5106281,Novo São Joaquim,resto_mt,FALSE,2011,3677287,0,3040882,11451575,14492457,0,20.98,79.02,0.2537,7659214.88,30185526,1292.9,5095.47,20.33,79.96,3.98
5106281,Novo São Joaquim,resto_mt,FALSE,2012,4178434,0,3199064,11413382,14612446,0,21.89,78.11,0.286,8195148.56,28659341.23,1410.54,4932.76,7,-5.06,3.98
5106281,Novo São Joaquim,resto_mt,FALSE,2013,8298896,1270811,4807752,28279396,34357959,3.7,13.99,82.31,0.2415,15418841.05,63834985.85,2747.96,11376.75,88.15,122.74,3.98
5106281,Novo São Joaquim,resto_mt,FALSE,2014,10416269,2069329,4423008,41167872,47660209,4.34,9.28,86.38,0.2186,18218137.18,83358083.91,3333.6,15253.09,18.16,30.58,3.98
5106281,Novo São Joaquim,resto_mt,FALSE,2015,11090560,2016502,5778633,47776607,55571742,3.63,10.4,85.97,0.1996,17431852.68,87346213.28,3274.81,16409.2,-4.32,4.78,3.98
5106281,Novo São Joaquim,resto_mt,FALSE,2016,10768182,817707,5567673,55526591,61911971,1.32,8.99,89.69,0.1739,15880237.2,91303878.83,3053.88,17558.45,-8.9,4.53,3.98
5106281,Novo São Joaquim,resto_mt,FALSE,2017,11191213,1015119,6018119,60311063,67344301,1.51,8.94,89.56,0.1662,16169815.55,97303565.33,3191.82,19207.19,1.82,6.57,3.98
5106281,Novo São Joaquim,resto_mt,FALSE,2018,11373988,871941,5208167,68960874,75040982,1.16,6.94,91.9,0.1516,15888343.13,104824875.01,3056.05,20162.5,-1.74,7.73,3.98
5106281,Novo São Joaquim,resto_mt,FALSE,2019,10440062,679036,7409938,72258672,80347646,0.85,9.22,89.93,0.1299,13958203.96,107423579.64,2750.92,21171.37,-12.15,2.48,3.98
5106281,Novo São Joaquim,resto_mt,FALSE,2020,16230511,1460156,8806708,71586283,81853147,1.78,10.76,87.46,0.1983,20578942.27,103783003.93,4167.46,21017.22,47.43,-3.39,3.98
5106281,Novo São Joaquim,resto_mt,FALSE,2021,18440722,1264639,12594304,83513643,97372586,1.3,12.93,85.77,0.1894,21224807.39,112073398.35,4388.02,23170.03,3.14,7.99,3.98
5106281,Novo São Joaquim,resto_mt,FALSE,2022,15930194,1072016,16168746,110699418,127940180,0.84,12.64,86.52,0.1245,17308439.24,139009282.11,2501.58,20090.96,-18.45,24.03,3.98
5106281,Novo São Joaquim,resto_mt,FALSE,2023,16440056,3630960,19631408,149623286,172885654,2.1,11.36,86.54,0.0951,17223943.7,181129113.58,2489.36,26178.51,-0.49,30.3,3.98
5106281,Novo São Joaquim,resto_mt,FALSE,2024,2874605,9123409,20538402,178881347,208543158,4.37,9.85,85.78,0.0138,2874605.01,208543158,401.49,29126.14,-83.31,15.14,3.98
5106307,Paranatinga,resto_mt,FALSE,2000,1886719,95574,1357131,15905211,17357916,0.55,7.82,91.63,0.1087,,,,,,,4.39
5106307,Paranatinga,resto_mt,FALSE,2001,2032756,274644,2574027,15883441,18732112,1.47,13.74,84.79,0.1085,,,,,,,4.39
5106307,Paranatinga,resto_mt,FALSE,2002,2333924,385217,2936120,18868498,22189835,1.74,13.23,85.03,0.1052,8098108.27,76992946.76,523.1,4973.37,,,4.39
5106307,Paranatinga,resto_mt,FALSE,2003,3307858,635410,4150092,25189669,29975171,2.12,13.85,84.04,0.1104,10397721.8,94222148.92,668.88,6061.26,28.4,22.38,4.39
5106307,Paranatinga,resto_mt,FALSE,2004,4009039,1434709,6416861,35490387,43341957,3.31,14.81,81.88,0.0925,11873573.65,128365904.7,757.19,8186.08,14.19,36.24,4.39
5106307,Paranatinga,resto_mt,FALSE,2005,3752547,1996260,6870814,35120330,43987404,4.54,15.62,79.84,0.0853,10579985.8,124018729,671.53,7871.71,-10.89,-3.39,4.39
5106307,Paranatinga,resto_mt,FALSE,2006,3620707,2696404,6588148,37119127,46403679,5.81,14.2,79.99,0.078,9928954.7,127251397.76,627.23,8038.61,-6.15,2.61,4.39
5106307,Paranatinga,resto_mt,FALSE,2007,5164578,4230535,7499358,43594139,55324032,7.65,13.56,78.8,0.0934,13468331.84,144275567.51,672.3,7201.9,35.65,13.38,4.39
5106307,Paranatinga,resto_mt,FALSE,2008,7187618,4644759,9363307,50989992,64998058,7.15,14.41,78.45,0.1106,17603215.12,159186923.6,843.32,7626.08,30.7,10.34,4.39
5106307,Paranatinga,resto_mt,FALSE,2009,7261262,4775670,11128839,53265231,69169740,6.9,16.09,77.01,0.105,17080904.47,162710245.33,797.27,7594.77,-2.97,2.21,4.39
5106307,Paranatinga,resto_mt,FALSE,2010,9418633,5913165,12403006,55742245,74058416,7.98,16.75,75.27,0.1272,20810328.33,163630959.28,1078.83,8482.68,21.83,0.57,4.39
5106307,Paranatinga,resto_mt,FALSE,2011,12694600,7472769,14517161,73187198,95177128,7.85,15.25,76.9,0.1334,26440870.47,198239102.74,1349.44,10117.34,27.06,21.15,4.39
5106307,Paranatinga,resto_mt,FALSE,2012,18725410,9536709,15873641,83141792,108552142,8.79,14.62,76.59,0.1725,36726083.71,212902951.3,1846.73,10705.64,38.9,7.4,4.39
5106307,Paranatinga,resto_mt,FALSE,2013,19872092,8885302,17530164,79763403,106178869,8.37,16.51,75.12,0.1872,36921131.19,197273842.77,1811.36,9678.36,0.53,-7.34,4.39
5106307,Paranatinga,resto_mt,FALSE,2014,24498665,9756510,20371130,94491364,124619004,7.83,16.35,75.82,0.1966,42848359.57,217959627.32,2069.67,10527.93,16.05,10.49,4.39
5106307,Paranatinga,resto_mt,FALSE,2015,25678032,9117832,18236267,93979285,121333384,7.51,15.03,77.46,0.2116,40360060.34,190708645.37,1920.62,9075.3,-5.81,-12.5,4.39
5106307,Paranatinga,resto_mt,FALSE,2016,30550833,5327315,15123960,88956061,109407336,4.87,13.82,81.31,0.2792,45054446.01,161347054.34,2113.55,7568.94,11.63,-15.4,4.39
5106307,Paranatinga,resto_mt,FALSE,2017,32235545,4630992,16095621,123064427,143791040,3.22,11.19,85.59,0.2242,46576078.64,207758943.92,2155.11,9613.14,3.38,28.77,4.39
5106307,Paranatinga,resto_mt,FALSE,2018,35450821,2334383,18053667,141346836,161734886,1.44,11.16,87.39,0.2192,49521311.99,225927736.54,2226.08,10155.88,6.32,8.75,4.39
5106307,Paranatinga,resto_mt,FALSE,2019,37983308,1902290,20591529,141836959,164330778,1.16,12.53,86.31,0.2311,50783104.61,219707748.72,2250.71,9737.53,2.55,-2.75,4.39
5106307,Paranatinga,resto_mt,FALSE,2020,49253267,3419696,27156876,167824598,198401170,1.72,13.69,84.59,0.2483,62449058.96,251556234.1,2731.67,11003.72,22.97,14.5,4.39
5106307,Paranatinga,resto_mt,FALSE,2021,42633190,6533744,32743893,197200015,236477652,2.76,13.85,83.39,0.1803,49069729.82,272179831.97,2110.52,11706.67,-21.42,8.2,4.39
5106307,Paranatinga,resto_mt,FALSE,2022,37303832,10375140,41783559,271301411,323460110,3.21,12.92,83.87,0.1153,40531277.25,351445165.09,1533.93,13300.72,-17.4,29.12,4.39
5106307,Paranatinga,resto_mt,FALSE,2023,36466314,15582070,49494076,324739738,389815884,4,12.7,83.31,0.0935,38205085.13,408402917.72,1445.91,15456.34,-5.74,16.21,4.39
5106307,Paranatinga,resto_mt,FALSE,2024,20861048,18761759,58254256,392207307,469223322,4,12.42,83.59,0.0445,20861047.99,469223322.01,739.03,16622.62,-45.4,14.89,4.39
5106299,Paranaíta,resto_mt,FALSE,2000,790739,0,1813029,2770435,4583464,0,39.56,60.44,0.1725,,,,,,,6.2
5106299,Paranaíta,resto_mt,FALSE,2001,848797,0,2056762,2945631,5002393,0,41.12,58.88,0.1697,,,,,,,6.2
5106299,Paranaíta,resto_mt,FALSE,2002,1090833,0,1529426,2060261,3589687,0,42.61,57.39,0.3039,3784906.33,12455278.73,384.52,1265.39,,,6.2
5106299,Paranaíta,resto_mt,FALSE,2003,1363766,0,2189153,2737313,4926466,0,44.44,55.56,0.2768,4286779.98,15485556.8,444.08,1604.22,13.26,24.33,6.2
5106299,Paranaíta,resto_mt,FALSE,2004,1840721,0,2799124,3612659,6411783,0,43.66,56.34,0.2871,5451664.69,18989782.25,589.18,2052.28,27.17,22.63,6.2
5106299,Paranaíta,resto_mt,FALSE,2005,1636605,0,2770047,3232541,6002588,0,46.15,53.85,0.2726,4614268.04,16923784.23,510.88,1873.75,-15.36,-10.88,6.2
5106299,Paranaíta,resto_mt,FALSE,2006,2282251,0,2163485,2777218,4940703,0,43.79,56.21,0.4619,6258547.51,13548739.6,710.24,1537.54,35.63,-19.94,6.2
5106299,Paranaíta,resto_mt,FALSE,2007,2788431,0,3245129,5382684,8627813,0,37.61,62.39,0.3232,7271748.83,22499853.53,630.15,1949.74,16.19,66.07,6.2
5106299,Paranaíta,resto_mt,FALSE,2008,3849633,0,4758635,8063105,12821740,0,37.11,62.89,0.3002,9428146.82,31401758.89,788.96,2627.76,29.65,39.56,6.2
5106299,Paranaíta,resto_mt,FALSE,2009,4397847,0,2008352,3484011,5492363,0,36.57,63.43,0.8007,10345199.56,12919865.41,854.05,1066.61,9.73,-58.86,6.2
5106299,Paranaíta,resto_mt,FALSE,2010,7010757,0,1940640,2895171,4835811,0,40.13,59.87,1.4498,15490162.43,10684651.87,1449.84,1000.06,49.73,-17.3,6.2
5106299,Paranaíta,resto_mt,FALSE,2011,8845960,0,1150840,2997111,4147951,0,27.74,72.26,2.1326,18424754.03,8639534.54,1719.05,806.09,18.94,-19.14,6.2
5106299,Paranaíta,resto_mt,FALSE,2012,11577279,18810,1708714,5806926,7534450,0.25,22.68,77.07,1.5366,22706478.4,14777291.47,2112.42,1374.76,23.24,71.04,6.2
5106299,Paranaíta,resto_mt,FALSE,2013,18278205,476376,5066777,12475879,18019032,2.64,28.12,69.24,1.0144,33959786.66,33478259.08,3144.14,3099.55,49.56,126.55,6.2
5106299,Paranaíta,resto_mt,FALSE,2014,25419493,698986,6663290,21722838,29085114,2.4,22.91,74.69,0.874,44458895.06,50870095.29,4107.81,4700.19,30.92,51.95,6.2
5106299,Paranaíta,resto_mt,FALSE,2015,24221058,655747,9115141,23526994,33297882,1.97,27.37,70.66,0.7274,38070026.65,52336741.64,3510.69,4826.33,-14.37,2.88,6.2
5106299,Paranaíta,resto_mt,FALSE,2016,24826529,693379,9966320,23904230,34563929,2.01,28.83,69.16,0.7183,36612602.68,50972707.44,3370.08,4691.89,-3.83,-2.61,6.2
5106299,Paranaíta,resto_mt,FALSE,2017,22387554,414335,9898629,25445339,35758303,1.16,27.68,71.16,0.6261,32347040.36,51665995.8,2971.98,4746.97,-11.65,1.36,6.2
5106299,Paranaíta,resto_mt,FALSE,2018,23461149,198899,9292575,26323946,35815420,0.56,25.95,73.5,0.6551,32772918.82,50030620.95,2927.99,4469.81,1.32,-3.17,6.2
5106299,Paranaíta,resto_mt,FALSE,2019,26960660,152549,8766678,30625054,39544281,0.39,22.17,77.44,0.6818,36045992.03,52870101.75,3211.22,4710.03,9.99,5.68,6.2
5106299,Paranaíta,resto_mt,FALSE,2020,17939932,327321,9028085,22244666,31600072,1.04,28.57,70.39,0.5677,22746346.37,40066271.33,2022.98,3563.35,-36.9,-24.22,6.2
5106299,Paranaíta,resto_mt,FALSE,2021,15707329,272998,10320718,23585435,34179151,0.8,30.2,69.01,0.4596,18078740.77,39339343.48,1601.17,3484.14,-20.52,-1.81,6.2
5106299,Paranaíta,resto_mt,FALSE,2022,13391320,195776,11528067,36042310,47766153,0.41,24.13,75.46,0.2804,14549907.47,51898775.18,1246.68,4446.81,-19.52,31.93,6.2
5106299,Paranaíta,resto_mt,FALSE,2023,13887025,213302,13831616,79933576,93978494,0.23,14.72,85.06,0.1478,14549180.18,98459536.22,1246.61,8436.26,-0,89.71,6.2
5106299,Paranaíta,resto_mt,FALSE,2024,14215567,91056,16240243,91757423,108088722,0.08,15.02,84.89,0.1315,14215567.01,108088722.01,1185.72,9015.65,-2.29,9.78,6.2
5106372,Pedra Preta,resto_mt,FALSE,2000,1769741,117500,906738,33799687,34823925,0.34,2.6,97.06,0.0508,,,,,,,5.23
5106372,Pedra Preta,resto_mt,FALSE,2001,2336073,240380,2502250,36006965,38749595,0.62,6.46,92.92,0.0603,,,,,,,5.23
5106372,Pedra Preta,resto_mt,FALSE,2002,2544203,264128,2951166,45757102,48972396,0.54,6.03,93.43,0.052,8827721.62,169921456.27,625.51,12040.06,,,5.23
5106372,Pedra Preta,resto_mt,FALSE,2003,3269297,652445,3808777,63672660,68133882,0.96,5.59,93.45,0.048,10276511.47,214167945.07,716.34,14928.76,16.41,26.04,5.23
5106372,Pedra Preta,resto_mt,FALSE,2004,4716840,1282808,5534362,81512285,88329455,1.45,6.27,92.28,0.0534,13969868.37,261605409.36,941.68,17634.34,35.94,22.15,5.23
5106372,Pedra Preta,resto_mt,FALSE,2005,4140596,1184539,4927686,65324967,71437192,1.66,6.9,91.44,0.058,11674056.82,201411062.03,772.81,13333.18,-16.43,-23.01,5.23
5106372,Pedra Preta,resto_mt,FALSE,2006,4196349,15155148,7135862,75701239,97992249,15.47,7.28,77.25,0.0428,11507520.25,268721164.44,748.46,17477.8,-1.43,33.42,5.23
5106372,Pedra Preta,resto_mt,FALSE,2007,4548836,26392971,8788422,91206538,126387931,20.88,6.95,72.16,0.036,11862582.52,329598003.11,758.58,21076.74,3.09,22.65,5.23
5106372,Pedra Preta,resto_mt,FALSE,2008,5604090,7479610,13352343,73974722,94806675,7.89,14.08,78.03,0.0591,13724992.31,232191289.92,846.81,14325.73,15.7,-29.55,5.23
5106372,Pedra Preta,resto_mt,FALSE,2009,5494090,8359512,16870188,54123863,79353563,10.53,21.26,68.21,0.0692,12923927.88,186665985.8,785.12,11339.89,-5.84,-19.61,5.23
5106372,Pedra Preta,resto_mt,FALSE,2010,8004790,10143554,18062211,58409435,86615200,11.71,20.85,67.44,0.0924,17686463.43,191374985.17,1122.6,12146.93,36.85,2.52,5.23
5106372,Pedra Preta,resto_mt,FALSE,2011,11190079,12089537,17617496,75486284,105193317,11.49,16.75,71.76,0.1064,23307188.06,219101261.13,1464.03,13762.64,31.78,14.49,5.23
5106372,Pedra Preta,resto_mt,FALSE,2012,11877303,15267365,18153298,97177160,130597823,11.69,13.9,74.41,0.0909,23294914.46,256141071.36,1448.78,15930.17,-0.05,16.91,5.23
5106372,Pedra Preta,resto_mt,FALSE,2013,12295050,18762683,18394203,120420762,157577648,11.91,11.67,76.42,0.078,22843450.72,292769629.66,1397.32,17908.58,-1.94,14.3,5.23
5106372,Pedra Preta,resto_mt,FALSE,2014,14680447,19051163,22210496,151152010,192413669,9.9,11.54,78.56,0.0763,25676218.36,336533034.63,1554.9,20379.89,12.4,14.95,5.23
5106372,Pedra Preta,resto_mt,FALSE,2015,21585880,16465402,22749895,149770227,188985524,8.71,12.04,79.25,0.1142,33928122.66,297042512.88,2034.78,17814.7,32.14,-11.73,5.23
5106372,Pedra Preta,resto_mt,FALSE,2016,19100588,11385765,16994750,130557696,158938211,7.16,10.69,82.14,0.1202,28168345.23,234392071.89,1675.59,13942.78,-16.98,-21.09,5.23
5106372,Pedra Preta,resto_mt,FALSE,2017,19597815,10014515,14169916,130332551,154516982,6.48,9.17,84.35,0.1268,28316238.26,223256504.7,1669.09,13159.83,0.53,-4.75,5.23
5106372,Pedra Preta,resto_mt,FALSE,2018,23878999,6650581,15576615,130519340,152746536,4.35,10.2,85.45,0.1563,33356614.2,213371895.18,1910.9,12223.42,17.8,-4.43,5.23
5106372,Pedra Preta,resto_mt,FALSE,2019,21731395,4220293,18398483,127204883,149823659,2.82,12.28,84.9,0.145,29054544.32,200311951.44,1648.39,11364.57,-12.9,-6.12,5.23
5106372,Pedra Preta,resto_mt,FALSE,2020,28635308,3106331,18967484,131027898,153101713,2.03,12.39,85.58,0.187,36307196.4,194120278.39,2081.11,11126.92,24.96,-3.09,5.23
5106372,Pedra Preta,resto_mt,FALSE,2021,32208584,2506516,22472728,159292646,184271890,1.36,12.2,86.44,0.1748,37071270.4,212092312.44,2112.69,12087.1,2.1,9.26,5.23
5106372,Pedra Preta,resto_mt,FALSE,2022,28676217,1895963,24792077,160189890,186877930,1.01,13.27,85.72,0.1534,31157220.03,203046196.22,1724.64,11239.14,-15.95,-4.27,5.23
5106372,Pedra Preta,resto_mt,FALSE,2023,26303156,3462538,27034340,255777310,286274188,1.21,9.44,89.35,0.0919,27557331.79,299924191.01,1525.36,16601.58,-11.55,47.71,5.23
5106372,Pedra Preta,resto_mt,FALSE,2024,27118736,3752910,31365646,273370853,308489409,1.22,10.17,88.62,0.0879,27118736.01,308489408.99,1448.49,16477.37,-1.59,2.86,5.23
5106422,Peixoto de Azevedo,resto_mt,FALSE,2000,2303873,0,583070,1011747,1594817,0,36.56,63.44,1.4446,,,,,,,9.61
5106422,Peixoto de Azevedo,resto_mt,FALSE,2001,1761646,0,2050898,2356383,4407281,0,46.53,53.47,0.3997,,,,,,,9.61
5106422,Peixoto de Azevedo,resto_mt,FALSE,2002,2393636,0,1234970,1512361,2747331,0,44.95,55.05,0.8713,8305293.35,9532522.85,348.55,400.05,,,9.61
5106422,Peixoto de Azevedo,resto_mt,FALSE,2003,2473454,0,2171483,2656664,4828147,0,44.98,55.02,0.5123,7774906.48,15176506.77,341.81,667.2,-6.39,59.21,9.61
5106422,Peixoto de Azevedo,resto_mt,FALSE,2004,3755211,0,3255429,3400130,6655559,0,48.91,51.09,0.5642,11121811.07,19711773.81,543.09,962.54,43.05,29.88,9.61
5106422,Peixoto de Azevedo,resto_mt,FALSE,2005,3465352,0,2818110,3109507,5927617,0,47.54,52.46,0.5846,9770264.01,16712409.92,508.23,869.34,-12.15,-15.22,9.61
5106422,Peixoto de Azevedo,resto_mt,FALSE,2006,4332867,0,2400012,2697645,5097657,0,47.08,52.92,0.85,11881889.42,13979149.77,660.92,777.56,21.61,-16.35,9.61
5106422,Peixoto de Azevedo,resto_mt,FALSE,2007,6615670,0,2897639,4155016,7052655,0,41.09,58.91,0.938,17252530.39,18392112.18,595.19,634.5,45.2,31.57,9.61
5106422,Peixoto de Azevedo,resto_mt,FALSE,2008,7174741,0,4573375,5723371,10296746,0,44.42,55.58,0.6968,17571678.01,25217789.1,585.82,840.73,1.85,37.11,9.61
5106422,Peixoto de Azevedo,resto_mt,FALSE,2009,8787395,0,4235802,5250157,9485959,0,44.65,55.35,0.9264,20670877.13,22314132.11,680.79,734.92,17.64,-11.51,9.61
5106422,Peixoto de Azevedo,resto_mt,FALSE,2010,11215682,0,3936489,5033981,8970470,0,43.88,56.12,1.2503,24780881.14,19820118.91,804.25,643.27,19.88,-11.18,9.61
5106422,Peixoto de Azevedo,resto_mt,FALSE,2011,14006640,1221337,8281194,14369723,23872254,5.12,34.69,60.19,0.5867,29173645.02,49722179.18,935.96,1595.2,17.73,150.87,9.61
5106422,Peixoto de Azevedo,resto_mt,FALSE,2012,17670238,1728463,10039348,19026345,30794156,5.61,32.6,61.79,0.5738,34656578.4,60396474.66,1099.66,1916.37,18.79,21.47,9.61
5106422,Peixoto de Azevedo,resto_mt,FALSE,2013,20600906,3763097,18611197,36032705,58406999,6.44,31.86,61.69,0.3527,38275223.02,108516630.91,1192.37,3380.58,10.44,79.67,9.61
5106422,Peixoto de Azevedo,resto_mt,FALSE,2014,23117912,3913826,21332972,49988862,75235660,5.2,28.35,66.44,0.3073,40433411.62,131587766.63,1245.49,4053.34,5.64,21.26,9.61
5106422,Peixoto de Azevedo,resto_mt,FALSE,2015,25362244,3425745,24194259,59516238,87136242,3.93,27.77,68.3,0.2911,39863712.99,136958470.35,1214.69,4173.28,-1.41,4.08,9.61
5106422,Peixoto de Azevedo,resto_mt,FALSE,2016,27711465,2703214,24843407,71666456,99213077,2.72,25.04,72.23,0.2793,40867124.76,146313202.66,1227.39,4394.31,2.52,6.83,9.61
5106422,Peixoto de Azevedo,resto_mt,FALSE,2017,30313686,2786275,28886798,85563523,117236596,2.38,24.64,72.98,0.2586,43799247.79,169391301.26,1302.38,5036.92,7.17,15.77,9.61
5106422,Peixoto de Azevedo,resto_mt,FALSE,2018,35326886,2017144,28287597,96855151,127159892,1.59,22.25,76.17,0.2778,49348186.97,177629868.78,1425.96,5132.77,12.67,4.86,9.61
5106422,Peixoto de Azevedo,resto_mt,FALSE,2019,40282270,1454276,30601671,108007416,140063363,1.04,21.85,77.11,0.2876,53856781.81,187262584.26,1539.81,5354.02,9.14,5.42,9.61
5106422,Peixoto de Azevedo,resto_mt,FALSE,2020,62021877,2014945,34272725,134383205,170670875,1.18,20.08,78.74,0.3634,78638597.79,216396519.16,2225.33,6123.63,46.01,15.56,9.61
5106422,Peixoto de Azevedo,resto_mt,FALSE,2021,59748433,2095519,41960698,159935001,203991218,1.03,20.57,78.4,0.2929,68768944.18,234788763.2,1926.56,6577.64,-12.55,8.5,9.61
5106422,Peixoto de Azevedo,resto_mt,FALSE,2022,54524136,2744359,50159113,192601406,245504878,1.12,20.43,78.45,0.2221,59241443.95,266745418.41,1810.89,8153.86,-13.85,13.61,9.61
5106422,Peixoto de Azevedo,resto_mt,FALSE,2023,55169793,3534746,52793723,225125141,281453610,1.26,18.76,79.99,0.196,57800375.39,294873760.27,1766.84,9013.68,-2.43,10.55,9.61
5106422,Peixoto de Azevedo,resto_mt,FALSE,2024,62568890,2850258,59913287,262146061,324909606,0.88,18.44,80.68,0.1926,62568890.01,324909605.99,1862.22,9670.21,8.25,10.19,9.61
5106752,Pontes e Lacerda,resto_mt,FALSE,2000,3618577,360260,6200918,29107414,35668592,1.01,17.38,81.61,0.1014,,,,,,,11.01
5106752,Pontes e Lacerda,resto_mt,FALSE,2001,3722580,895203,7613001,41399357,49907561,1.79,15.25,82.95,0.0746,,,,,,,11.01
5106752,Pontes e Lacerda,resto_mt,FALSE,2002,3721253,3570565,8535815,54933828,67040208,5.33,12.73,81.94,0.0555,12911778.48,232612057.06,333.72,6012.05,,,11.01
5106752,Pontes e Lacerda,resto_mt,FALSE,2003,4905674,18770837,12815763,81257708,112844308,16.63,11.36,72.01,0.0435,15420200.48,354708007.95,391.56,9007.08,19.43,52.49,11.01
5106752,Pontes e Lacerda,resto_mt,FALSE,2004,7799850,22225685,18023794,90447723,130697202,17.01,13.79,69.2,0.0597,23100821.25,387085995.61,565.78,9480.44,49.81,9.13,11.01
5106752,Pontes e Lacerda,resto_mt,FALSE,2005,7420467,19988145,20539349,92021060,132548554,15.08,15.5,69.42,0.056,20921372.98,373709328.24,502.53,8976.5,-9.43,-3.46,11.01
5106752,Pontes e Lacerda,resto_mt,FALSE,2006,8870486,20990718,21894197,100403432,143288347,14.65,15.28,70.07,0.0619,24325263.99,392935276.5,573.32,9261.01,16.27,5.14,11.01
5106752,Pontes e Lacerda,resto_mt,FALSE,2007,12831640,21237106,23393048,105904158,150534312,14.11,15.54,70.35,0.0852,33462711.88,392567614.97,882.69,10355.26,37.56,-0.09,11.01
5106752,Pontes e Lacerda,resto_mt,FALSE,2008,14320716,21011089,27699663,120073459,168784211,12.45,16.41,71.14,0.0848,35072905.16,413369877.94,897.67,10579.96,4.81,5.3,11.01
5106752,Pontes e Lacerda,resto_mt,FALSE,2009,15911278,11496538,36504640,157969956,205971134,5.58,17.72,76.7,0.0773,37428620.49,484512645.94,954.12,12351.2,6.72,17.21,11.01
5106752,Pontes e Lacerda,resto_mt,FALSE,2010,20388398,11302964,39482498,167953013,218738475,5.17,18.05,76.78,0.0932,45047859.56,483299379.44,1087.91,11671.65,20.36,-0.25,11.01
5106752,Pontes e Lacerda,resto_mt,FALSE,2011,25943744,14053205,44259489,177450430,235763124,5.96,18.77,75.27,0.11,54036769.56,491057790.27,1294.58,11764.4,19.95,1.61,11.01
5106752,Pontes e Lacerda,resto_mt,FALSE,2012,39377374,19517806,58157018,216124918,293799742,6.64,19.79,73.56,0.134,77230711.3,576228446.64,1836.08,13699.18,42.92,17.34,11.01
5106752,Pontes e Lacerda,resto_mt,FALSE,2013,44748738,32049617,69878145,264062584,365990346,8.76,19.09,72.15,0.1223,83140417.56,679987672.2,1951.42,15960.28,7.65,18.01,11.01
5106752,Pontes e Lacerda,resto_mt,FALSE,2014,54899527,36250677,88214660,336310257,460775594,7.87,19.14,72.99,0.1191,96019708.56,805900171.94,2236.97,18775.05,15.49,18.52,11.01
5106752,Pontes e Lacerda,resto_mt,FALSE,2015,61400379,33627672,87271499,357132193,478031364,7.03,18.26,74.71,0.1284,96507512.76,751357218.21,2232.15,17378.44,0.51,-6.77,11.01
5106752,Pontes e Lacerda,resto_mt,FALSE,2016,66280239,24282820,72584650,393393246,490260716,4.95,14.81,80.24,0.1352,97745925.59,723005652.77,2245.08,16606.31,1.28,-3.77,11.01
5106752,Pontes e Lacerda,resto_mt,FALSE,2017,67644275,20921733,63966067,435220777,520108577,4.02,12.3,83.68,0.1301,97736987.89,751487774.78,2229.81,17144.72,-0.01,3.94,11.01
5106752,Pontes e Lacerda,resto_mt,FALSE,2018,80317269,26449232,63444541,539657737,629551510,4.2,10.08,85.72,0.1276,112195329.27,879421571.96,2488.08,19502.39,14.79,17.02,11.01
5106752,Pontes e Lacerda,resto_mt,FALSE,2019,91588350,44476950,82071843,675496837,802045630,5.55,10.23,84.22,0.1142,122452229.77,1072322798.43,2695.04,23600.72,9.14,21.94,11.01
5106752,Pontes e Lacerda,resto_mt,FALSE,2020,131452245,51371705,114940421,809720900,976033026,5.26,11.78,82.96,0.1347,166670547.94,1237528953.96,3641.16,27035.63,36.11,15.41,11.01
5106752,Pontes e Lacerda,resto_mt,FALSE,2021,131733753,63152337,143198005,1024506378,1230856720,5.13,11.63,83.24,0.107,151622237.66,1416685138.64,3288.62,30727.37,-9.03,14.48,11.01
5106752,Pontes e Lacerda,resto_mt,FALSE,2022,129313652,84074420,178092195,1291326126,1553492741,5.41,11.46,83.12,0.0832,140501583.88,1687897505.62,2701.03,32448.34,-7.33,19.14,11.01
5106752,Pontes e Lacerda,resto_mt,FALSE,2023,119458623,84200213,187862391,1463552661,1735615265,4.85,10.82,84.32,0.0688,125154597.8,1818372127.34,2406,34956.59,-10.92,7.73,11.01
5106752,Pontes e Lacerda,resto_mt,FALSE,2024,128600163,103782560,207135456,1611937299,1922855315,5.4,10.77,83.83,0.0669,128600163.01,1922855314.99,2346.94,35091.79,2.75,5.75,11.01
5106778,Porto Alegre do Norte,resto_mt,FALSE,2000,594688,0,393943,493898,887841,0,44.37,55.63,0.6698,,,,,,,13.24
5106778,Porto Alegre do Norte,resto_mt,FALSE,2001,498030,0,428928,429289,858217,0,49.98,50.02,0.5803,,,,,,,13.24
5106778,Porto Alegre do Norte,resto_mt,FALSE,2002,567776,0,679139,802639,1481778,0,45.83,54.17,0.3832,1970034.8,5141383.64,222.27,580.1,,,13.24
5106778,Porto Alegre do Norte,resto_mt,FALSE,2003,881485,0,764110,988693,1752803,0,43.59,56.41,0.5029,2770806.92,5509655.49,308.75,613.95,40.65,7.16,13.24
5106778,Porto Alegre do Norte,resto_mt,FALSE,2004,1382495,0,1565911,1684236,3250147,0,48.18,51.82,0.4254,4094536.43,9625962.68,444.73,1045.51,47.77,74.71,13.24
5106778,Porto Alegre do Norte,resto_mt,FALSE,2005,1461466,0,1511388,1868329,3379717,0,44.72,55.28,0.4324,4120478.59,9528823.44,441.3,1020.54,0.63,-1.01,13.24
5106778,Porto Alegre do Norte,resto_mt,FALSE,2006,2179901,0,1728709,3037367,4766076,0,36.27,63.73,0.4574,5977876.23,13069865.27,631.58,1380.86,45.08,37.16,13.24
5106778,Porto Alegre do Norte,resto_mt,FALSE,2007,3432399,0,1790454,3227594,5018048,0,35.68,64.32,0.684,8951106.71,13086206.78,928.62,1357.64,49.74,0.13,13.24
5106778,Porto Alegre do Norte,resto_mt,FALSE,2008,4045377,0,3690843,5921857,9612700,0,38.4,61.6,0.4208,9907544,23542490.14,992.83,2359.2,10.69,79.9,13.24
5106778,Porto Alegre do Norte,resto_mt,FALSE,2009,5305206,0,2794292,5137950,7932242,0,35.23,64.77,0.6688,12479609.86,18659272.7,1234.51,1845.8,25.96,-20.74,13.24
5106778,Porto Alegre do Norte,resto_mt,FALSE,2010,7198610,0,3806861,6837285,10644146,0,35.76,64.24,0.6763,15905220.82,23518080.92,1479.82,2188.14,27.45,26.04,13.24
5106778,Porto Alegre do Norte,resto_mt,FALSE,2011,9580115,0,7089495,12505300,19594795,0,36.18,63.82,0.4889,19953884.31,40812899.71,1828.61,3740.19,25.45,73.54,13.24
5106778,Porto Alegre do Norte,resto_mt,FALSE,2012,11726738,0,7400741,16815472,24216213,0,30.56,69.44,0.4843,22999611.84,47495177.17,2077.84,4290.82,15.26,16.37,13.24
5106778,Porto Alegre do Norte,resto_mt,FALSE,2013,13501132,0,3640267,18467034,22107301,0,16.47,83.53,0.6107,25084277.28,41074012.78,2212.8,3623.33,9.06,-13.52,13.24
5106778,Porto Alegre do Norte,resto_mt,FALSE,2014,16716267,0,3577469,9545761,13123230,0,27.26,72.74,1.2738,29236883.68,22952633.46,2540.58,1994.5,16.55,-44.12,13.24
5106778,Porto Alegre do Norte,resto_mt,FALSE,2015,16896314,0,3184414,8644304,11828718,0,26.92,73.08,1.4284,26557185.25,18592070.15,2274.91,1592.6,-9.17,-19,13.24
5106778,Porto Alegre do Norte,resto_mt,FALSE,2016,15840262,0,2716102,8632115,11348217,0,23.93,76.07,1.3958,23360221.6,16735636.31,1973.49,1413.85,-12.04,-9.99,13.24
5106778,Porto Alegre do Norte,resto_mt,FALSE,2017,19995784,0,1945304,5097439,7042743,0,27.62,72.38,2.8392,28891250.56,10175827.71,2408.6,848.33,23.68,-39.2,13.24
5106778,Porto Alegre do Norte,resto_mt,FALSE,2018,22819719,0,2006158,6062542,8068700,0,24.86,75.14,2.8282,31876904.18,11271180.72,2581.76,912.87,10.33,10.76,13.24
5106778,Porto Alegre do Norte,resto_mt,FALSE,2019,23319128,0,3133077,10622088,13755165,0,22.78,77.22,1.6953,31177319.16,18390446.23,2490.8,1469.24,-2.19,63.16,13.24
5106778,Porto Alegre do Norte,resto_mt,FALSE,2020,36859011,0,2565452,13190172,15755624,0,16.28,83.72,2.3394,46734169.97,19976824.93,3684.21,1574.83,49.9,8.63,13.24
5106778,Porto Alegre do Norte,resto_mt,FALSE,2021,42546094,0,4271147,19111381,23382528,0,18.27,81.73,1.8196,48969484.51,26912701.84,3811.14,2094.55,4.78,34.72,13.24
5106778,Porto Alegre do Norte,resto_mt,FALSE,2022,38601224,0,2707421,21311319,24018740,0,11.27,88.73,1.6071,41940916.75,26096788.39,3458.48,2151.95,-14.35,-3.03,13.24
5106778,Porto Alegre do Norte,resto_mt,FALSE,2023,33229393,0,2494621,24483086,26977707,0,9.25,90.75,1.2317,34813822.65,28264046.44,2870.76,2330.68,-16.99,8.3,13.24
5106778,Porto Alegre do Norte,resto_mt,FALSE,2024,30365143,0,3552767,50318363,53871130,0,6.59,93.41,0.5637,30365142.99,53871130.01,2424.56,4301.43,-12.78,90.6,13.24
5106802,Porto dos Gaúchos,resto_mt,FALSE,2000,829996,435432,1415359,9411262,11262053,3.87,12.57,83.57,0.0737,,,,,,,4.18
5106802,Porto dos Gaúchos,resto_mt,FALSE,2001,990549,365487,3010830,14662395,18038712,2.03,16.69,81.28,0.0549,,,,,,,4.18
5106802,Porto dos Gaúchos,resto_mt,FALSE,2002,1389034,584898,2749644,16330945,19665487,2.97,13.98,83.04,0.0706,4819586.13,68234116.82,814.26,11527.99,,,4.18
5106802,Porto dos Gaúchos,resto_mt,FALSE,2003,2111586,575901,3065334,17963703,21604938,2.67,14.19,83.15,0.0977,6637432.38,67911662.15,1099.46,11249.24,37.72,-0.47,4.18
5106802,Porto dos Gaúchos,resto_mt,FALSE,2004,1891037,539045,1671867,15342751,17553663,3.07,9.52,87.4,0.1077,5600685.61,51988696.12,891.13,8271.87,-15.62,-23.45,4.18
5106802,Porto dos Gaúchos,resto_mt,FALSE,2005,1758027,369681,2250137,13021514,15641332,2.36,14.39,83.25,0.1124,4956606.99,44099399.78,771.82,6866.92,-11.5,-15.18,4.18
5106802,Porto dos Gaúchos,resto_mt,FALSE,2006,2128577,1211777,2471319,16458598,20141694,6.02,12.27,81.71,0.1057,5837131.97,55233954.94,889.94,8421.1,17.76,25.25,4.18
5106802,Porto dos Gaúchos,resto_mt,FALSE,2007,2670795,2750771,3066687,19156414,24973872,11.01,12.28,76.71,0.1069,6964974.37,65127566.19,1138.81,10648.72,19.32,17.91,4.18
5106802,Porto dos Gaúchos,resto_mt,FALSE,2008,3362457,4510837,3995151,22793305,31299293,14.41,12.76,72.82,0.1074,8235002.74,76655185.04,1302.8,12127.07,18.23,17.7,4.18
5106802,Porto dos Gaúchos,resto_mt,FALSE,2009,2997161,5108651,5869343,25692026,36670020,13.93,16.01,70.06,0.0817,7050320.01,86260089.32,1104.54,13514.03,-14.39,12.53,4.18
5106802,Porto dos Gaúchos,resto_mt,FALSE,2010,4808712,4572241,6060131,26185436,36817808,12.42,16.46,71.12,0.1306,10624777.03,81348394.51,1949.85,14929.05,50.7,-5.69,4.18
5106802,Porto dos Gaúchos,resto_mt,FALSE,2011,5345139,3234150,6084157,24558267,33876574,9.55,17.96,72.49,0.1578,11133090.29,70559616.31,2049.16,12987.22,4.78,-13.26,4.18
5106802,Porto dos Gaúchos,resto_mt,FALSE,2012,7056569,3749248,5725651,27623055,37097954,10.11,15.43,74.46,0.1902,13840025.06,72760092.51,2554.92,13431.81,24.31,3.12,4.18
5106802,Porto dos Gaúchos,resto_mt,FALSE,2013,8160298,4385997,7360918,37534661,49281576,8.9,14.94,76.16,0.1656,15161334.46,91562153.24,2813.38,16990.56,9.55,25.84,4.18
5106802,Porto dos Gaúchos,resto_mt,FALSE,2014,8896667,5704809,8162522,48428196,62295527,9.16,13.1,77.74,0.1428,15560341.22,108955371.29,2902.51,20323.7,2.63,19,4.18
5106802,Porto dos Gaúchos,resto_mt,FALSE,2015,9417427,4455364,9236402,60579905,74271671,6,12.44,81.57,0.1268,14802065.9,116738273.49,2775.05,21885.7,-4.87,7.14,4.18
5106802,Porto dos Gaúchos,resto_mt,FALSE,2016,10937887,3647254,8574282,68231323,80452859,4.53,10.66,84.81,0.136,16130507.44,118646813.71,3038.9,22352.45,8.97,1.63,4.18
5106802,Porto dos Gaúchos,resto_mt,FALSE,2017,10157420,3567443,8400794,80952943,92921180,3.84,9.04,87.12,0.1093,14676122.05,134258756.48,2777.99,25413.36,-9.02,13.16,4.18
5106802,Porto dos Gaúchos,resto_mt,FALSE,2018,10649759,3642907,8987303,101214172,113844382,3.2,7.89,88.91,0.0935,14876666.42,159029410.29,2740.23,29292.58,1.37,18.45,4.18
5106802,Porto dos Gaúchos,resto_mt,FALSE,2019,11133904,5539048,12166729,138668145,156373922,3.54,7.78,88.68,0.0712,14885860.17,209069553.37,2751.54,38645.02,0.06,31.47,4.18
5106802,Porto dos Gaúchos,resto_mt,FALSE,2020,14104430,10804675,14799005,174717229,200320909,5.39,7.39,87.22,0.0704,17883247.83,253990303.97,3334.55,47359.74,20.14,21.49,4.18
5106802,Porto dos Gaúchos,resto_mt,FALSE,2021,15472004,10854050,19481516,216657620,246993186,4.39,7.89,87.72,0.0626,17807887.6,284282947.22,3332.32,53196.67,-0.42,11.93,4.18
5106802,Porto dos Gaúchos,resto_mt,FALSE,2022,14141829,11290595,21792482,238078909,271161986,4.16,8.04,87.8,0.0522,15365348.84,294622322.78,2747.25,52676.97,-13.72,3.64,4.18
5106802,Porto dos Gaúchos,resto_mt,FALSE,2023,12383643,10610316,26445486,269873455,306929257,3.46,8.62,87.93,0.0403,12974114.55,321564126.14,2319.72,57494.03,-15.56,9.14,4.18
5106802,Porto dos Gaúchos,resto_mt,FALSE,2024,11866275,8347773,25147711,320007076,353502560,2.36,7.11,90.52,0.0336,11866275.01,353502559.99,2085.47,62126.98,-8.54,9.93,4.18
5107008,Poxoréu,resto_mt,FALSE,2000,1456835,81798,397126,13592091,14071015,0.58,2.82,96.6,0.1035,,,,,,,6.67
5107008,Poxoréu,resto_mt,FALSE,2001,1487022,274184,1917611,16094265,18286060,1.5,10.49,88.01,0.0813,,,,,,,6.67
5107008,Poxoréu,resto_mt,FALSE,2002,2005009,377800,1580925,23000536,24959261,1.51,6.33,92.15,0.0803,6956858.91,86602133.51,361.96,4505.82,,,6.67
5107008,Poxoréu,resto_mt,FALSE,2003,2309884,335255,2005459,27941085,30281799,1.11,6.62,92.27,0.0763,7260750.37,95185984.92,385.29,5050.99,4.37,9.91,6.67
5107008,Poxoréu,resto_mt,FALSE,2004,2711908,389035,2442879,29905179,32737093,1.19,7.46,91.35,0.0828,8031859.84,96957471.49,444.84,5369.82,10.62,1.86,6.67
5107008,Poxoréu,resto_mt,FALSE,2005,3227469,297911,2906554,15075337,18279802,1.63,15.9,82.47,0.1766,9099573.21,51538340.63,516.47,2925.16,13.29,-46.84,6.67
5107008,Poxoréu,resto_mt,FALSE,2006,4171152,2557142,3233808,24959049,30749999,8.32,10.52,81.17,0.1356,11438423.29,84324787.13,665.56,4906.6,25.7,63.62,6.67
5107008,Poxoréu,resto_mt,FALSE,2007,5885298,2574260,3967351,21542520,28084131,9.17,14.13,76.71,0.2096,15347845.75,73238587.13,872.44,4163.18,34.18,-13.15,6.67
5107008,Poxoréu,resto_mt,FALSE,2008,5966048,1185154,4615057,22809316,28609527,4.14,16.13,79.73,0.2085,14611464.65,70067671.69,812.43,3895.9,-4.8,-4.33,6.67
5107008,Poxoréu,resto_mt,FALSE,2009,6652307,1310116,5913380,24971873,32195369,4.07,18.37,77.56,0.2066,15648439.68,75734221.19,881.21,4264.79,7.1,8.09,6.67
5107008,Poxoréu,resto_mt,FALSE,2010,7084006,1643904,9290486,35319172,46253562,3.55,20.09,76.36,0.1532,15652005,102196551.44,889.36,5806.95,0.02,34.94,6.67
5107008,Poxoréu,resto_mt,FALSE,2011,7694270,2125631,11848175,47733725,61707531,3.44,19.2,77.35,0.1247,16025963.51,128527155.99,920.34,7381.09,2.39,25.76,6.67
5107008,Poxoréu,resto_mt,FALSE,2012,9944905,3952278,12498456,58864841,75315575,5.25,16.59,78.16,0.132,19504908.76,147716184.14,1131.9,8572.21,21.71,14.93,6.67
5107008,Poxoréu,resto_mt,FALSE,2013,11398283,5102689,13285457,70916340,89304486,5.71,14.88,79.41,0.1276,21177312.48,165922271.49,1251.7,9806.87,8.57,12.33,6.67
5107008,Poxoréu,resto_mt,FALSE,2014,13594132,5297784,14853592,74277758,94429134,5.61,15.73,78.66,0.144,23776244.8,165157305.03,1425.69,9903.29,12.27,-0.46,6.67
5107008,Poxoréu,resto_mt,FALSE,2015,15902149,5512314,15184003,78657892,99354209,5.55,15.28,79.17,0.1601,24994582.64,156162351.91,1520.26,9498.36,5.12,-5.45,6.67
5107008,Poxoréu,resto_mt,FALSE,2016,17008754,4175355,14822297,98172258,117169910,3.56,12.65,83.79,0.1452,25083440.07,172794809.98,1547.5,10660.43,0.36,10.65,6.67
5107008,Poxoréu,resto_mt,FALSE,2017,16176976,3174455,15672708,120510735,139357898,2.28,11.25,86.48,0.1161,23373580.52,201353642.86,1462.22,12596.41,-6.82,16.53,6.67
5107008,Poxoréu,resto_mt,FALSE,2018,19014995,3703840,18020949,133363740,155088529,2.39,11.62,85.99,0.1226,26562078.75,216643429.17,1617.56,13193.08,13.64,7.59,6.67
5107008,Poxoréu,resto_mt,FALSE,2019,20538419,3561492,22482003,128012761,154056256,2.31,14.59,83.09,0.1333,27459553.55,205970869.2,1693.04,12699.35,3.38,-4.93,6.67
5107008,Poxoréu,resto_mt,FALSE,2020,26486092,3415997,26572488,130830003,160818488,2.12,16.52,81.35,0.1647,33582168.68,203904509.31,2109.97,12811.3,22.3,-1,6.67
5107008,Poxoréu,resto_mt,FALSE,2021,27667839,2863007,30896912,140705891,174465810,1.64,17.71,80.65,0.1586,31844987.06,200805760.91,1998.3,12600.76,-5.17,-1.52,6.67
5107008,Poxoréu,resto_mt,FALSE,2022,27238415,2221920,38879649,168916223,210017792,1.06,18.51,80.43,0.1297,29595022.57,228188068.02,1271.09,9800.63,-7.07,13.64,6.67
5107008,Poxoréu,resto_mt,FALSE,2023,28284379,4267250,39279403,226384193,269930846,1.58,14.55,83.87,0.1048,29633022.62,282801572.77,1272.73,12146.27,0.13,23.93,6.67
5107008,Poxoréu,resto_mt,FALSE,2024,28791110,10338131,41319598,234273843,285931572,3.62,14.45,81.93,0.1007,28791110.01,285931571.99,1170.98,11629.38,-2.84,1.11,6.67
5107040,Primavera do Leste,resto_mt,FALSE,2000,11126396,3009059,5921928,105620742,114551729,2.63,5.17,92.2,0.0971,,,,,,,6.91
5107040,Primavera do Leste,resto_mt,FALSE,2001,10266004,3700342,11751222,114060530,129512094,2.86,9.07,88.07,0.0793,,,,,,,6.91
5107040,Primavera do Leste,resto_mt,FALSE,2002,14160505,7291861,14634284,145259324,167185469,4.36,8.75,86.89,0.0847,49133263.38,580090023.78,1077.3,12719.03,,,6.91
5107040,Primavera do Leste,resto_mt,FALSE,2003,16192564,7371829,19147015,205977053,232495897,3.17,8.24,88.59,0.0696,50898731.38,730813613.38,1054.28,15137.6,3.59,25.98,6.91
5107040,Primavera do Leste,resto_mt,FALSE,2004,20104924,13322612,24823803,277286663,315433078,4.22,7.87,87.91,0.0637,59544767.62,934218370.24,1105.12,17338.56,16.99,27.83,6.91
5107040,Primavera do Leste,resto_mt,FALSE,2005,18954694,14053579,29041171,248863973,291958723,4.81,9.95,85.24,0.0649,53441140.99,823152685.94,937.86,14445.83,-10.25,-11.89,6.91
5107040,Primavera do Leste,resto_mt,FALSE,2006,21634313,23793775,24969613,267454951,316218339,7.52,7.9,84.58,0.0684,59327118.64,867155934.66,987.79,14438.17,11.01,5.35,6.91
5107040,Primavera do Leste,resto_mt,FALSE,2007,32357884,29592889,29172065,290686117,349451071,8.47,8.35,83.18,0.0926,84383800.47,911308336.74,1886.55,20373.99,42.23,5.09,6.91
5107040,Primavera do Leste,resto_mt,FALSE,2008,39807705,25316843,83099536,347213319,455629698,5.56,18.24,76.21,0.0874,97493160.4,1115883953.41,2105.18,24095.45,15.54,22.45,6.91
5107040,Primavera do Leste,resto_mt,FALSE,2009,44968225,27487575,103436793,326454895,457379263,6.01,22.62,71.38,0.0983,105780228.79,1075908223.7,2253.85,22924.33,8.5,-3.58,6.91
5107040,Primavera do Leste,resto_mt,FALSE,2010,56980347,28439811,104667887,317129101,450236799,6.32,23.25,70.44,0.1266,125897221.99,994791453.84,2418.04,19106.34,19.02,-7.54,6.91
5107040,Primavera do Leste,resto_mt,FALSE,2011,65970766,32624658,91491936,416299174,540415768,6.04,16.93,77.03,0.1221,137406809.1,1125601698.67,2592.39,21236.16,9.14,13.15,6.91
5107040,Primavera do Leste,resto_mt,FALSE,2012,85429922,46828887,115408159,593621399,755858445,6.2,15.27,78.54,0.113,167553418.91,1482462628.01,3108.02,27498.85,21.94,31.7,6.91
5107040,Primavera do Leste,resto_mt,FALSE,2013,102919340,66206606,133190540,820115199,1019512345,6.49,13.06,80.44,0.1009,191217837.3,1894191565,3448.41,34159.74,14.12,27.77,6.91
5107040,Primavera do Leste,resto_mt,FALSE,2014,115076336,74370846,135860780,990214441,1200446067,6.2,11.32,82.49,0.0959,201269425.25,2099589701.35,3565.45,37193.79,5.26,10.84,6.91
5107040,Primavera do Leste,resto_mt,FALSE,2015,117308739,70275143,140082538,1041318250,1251675931,5.61,11.19,83.19,0.0937,184382813.43,1967351551.47,3210.96,34260.69,-8.39,-6.3,6.91
5107040,Primavera do Leste,resto_mt,FALSE,2016,125005531,51264787,113698135,1047780828,1212743750,4.23,9.38,86.4,0.1031,184350290.74,1788478166.77,3158.3,30640.36,-0.02,-9.09,6.91
5107040,Primavera do Leste,resto_mt,FALSE,2017,139307300,44074822,103319248,1211585069,1358979139,3.24,7.6,89.15,0.1025,201280535.49,1963544256.54,3394.67,33115.96,9.18,9.79,6.91
5107040,Primavera do Leste,resto_mt,FALSE,2018,156526395,43565531,115635976,1242626308,1401827815,3.11,8.25,88.64,0.1117,218651986.63,1958215652.13,3582.24,32081.92,8.63,-0.27,6.91
5107040,Primavera do Leste,resto_mt,FALSE,2019,166408009,59384698,153301503,1263866655,1476552856,4.02,10.38,85.6,0.1127,222484974.94,1974128692.11,3587.36,31831.03,1.75,0.81,6.91
5107040,Primavera do Leste,resto_mt,FALSE,2020,217169262,67625107,185537397,1263471994,1516634498,4.46,12.23,83.31,0.1432,275352618.69,1922966799.11,4364.31,30478.76,23.76,-2.59,6.91
5107040,Primavera do Leste,resto_mt,FALSE,2021,227764625,69832628,229466582,1627629133,1926928343,3.62,11.91,84.47,0.1182,262151356.93,2217846076.15,4104.07,34721.11,-4.79,15.33,6.91
5107040,Primavera do Leste,resto_mt,FALSE,2022,218256099,96240415,307130756,2052381658,2455752829,3.92,12.51,83.57,0.0889,237139135.17,2668219145.84,2785.08,31336.99,-9.54,20.31,6.91
5107040,Primavera do Leste,resto_mt,FALSE,2023,214380797,131892992,367163466,2300878153,2799934611,4.71,13.11,82.18,0.0766,224602810.17,2933439891.73,2637.86,34451.88,-5.29,9.94,6.91
5107040,Primavera do Leste,resto_mt,FALSE,2024,213854407,167011380,379224734,2682146762,3228382876,5.17,11.75,83.08,0.0662,213854407,3228382876.01,2301.31,34741.06,-4.79,10.05,6.91
5107065,Querência,resto_mt,FALSE,2004,2719248,296959,1951215,5652313,7900487,3.76,24.7,71.54,0.3442,8053598.72,23398877.93,851.07,2472.68,,,
5107065,Querência,resto_mt,FALSE,2005,1450448,286583,2190943,8810371,11287897,2.54,19.41,78.05,0.1285,4089414.26,31825261.6,411.12,3199.49,-49.22,36.01,
5107065,Querência,resto_mt,FALSE,2006,1854486,523548,2741549,14932854,18197951,2.88,15.07,82.06,0.1019,5085500.57,49903687.63,487.68,4785.55,24.36,56.81,
5107065,Querência,resto_mt,FALSE,2007,2490076,2515014,4054195,29601392,36170601,6.95,11.21,81.84,0.0688,6493690.27,94326711.14,607.92,8830.43,27.69,89.02,
5107065,Querência,resto_mt,FALSE,2008,5076233,8391119,5150070,49389580,62930769,13.33,8.18,78.48,0.0807,12432216.28,154123920.38,1112.1,13786.92,91.45,63.39,
5107065,Querência,resto_mt,FALSE,2009,4794112,11245399,8082873,80399150,99727422,11.28,8.1,80.62,0.0481,11277346.7,234592081.76,974.71,20275.89,-9.29,52.21,
5107065,Querência,resto_mt,FALSE,2010,4292956,13475045,9499981,92834413,115809439,11.64,8.2,80.16,0.0371,9485221.89,255879218.33,727.78,19633.17,-15.89,9.07,
5107065,Querência,resto_mt,FALSE,2011,5365114,15183746,12236385,107693620,135113751,11.24,9.06,79.71,0.0397,11174695.09,281420855.3,829.22,20883.12,17.81,9.98,
5107065,Querência,resto_mt,FALSE,2012,8283833,19777301,17682590,140710683,178170574,11.1,9.92,78.98,0.0465,16247053.82,349445348.02,1168.6,25134.53,45.39,24.17,
5107065,Querência,resto_mt,FALSE,2013,9441498,20105178,29805936,173082318,222993432,9.02,13.37,77.62,0.0423,17541725.66,414308154.3,1198.93,28317.14,7.97,18.56,
5107065,Querência,resto_mt,FALSE,2014,12395015,27161042,69656178,294612490,391429710,6.94,17.8,75.27,0.0317,21678979.63,684613670.31,1433.69,45275.68,23.59,65.24,
5107065,Querência,resto_mt,FALSE,2015,17943473,27122920,92714902,382778519,502616341,5.4,18.45,76.16,0.0357,28203082.42,789999243.23,1808.24,50650.72,30.09,15.39,
5107065,Querência,resto_mt,FALSE,2016,19047511,41180468,81410849,384140433,506731750,8.13,16.07,75.81,0.0376,28090070.6,747296097.2,1748.96,46528.62,-0.4,-5.41,
5107065,Querência,resto_mt,FALSE,2017,20101279,50229922,69033931,417985008,537248861,9.35,12.85,77.8,0.0374,29043676.83,776253207.34,1758.95,47011.46,3.39,3.87,
5107065,Querência,resto_mt,FALSE,2018,21858807,124792327,70751061,513638636,709182024,17.6,9.98,72.43,0.0308,30534604.57,990657572.03,1794.68,58226.03,5.13,27.62,
5107065,Querência,resto_mt,FALSE,2019,24969754,222492330,66306198,602813417,891611945,24.95,7.44,67.61,0.028,33384181,1192071598.19,1909.97,68200.22,9.33,20.33,
5107065,Querência,resto_mt,FALSE,2020,36749846,291081252,79306507,726822236,1097209995,26.53,7.23,66.24,0.0335,46595757.8,1391171303.85,2597.74,77558.76,39.57,16.7,
5107065,Querência,resto_mt,FALSE,2021,41362408,395572188,69011565,925437821,1390021574,28.46,4.96,66.58,0.0298,47607091.67,1599879883.89,2589.32,87016.19,2.17,15,
5107065,Querência,resto_mt,FALSE,2022,44532845,803471698,77313433,1406859446,2287644577,35.12,3.38,61.5,0.0195,48385728.5,2485566538.77,1807.54,92852.41,1.64,55.36,
5107065,Querência,resto_mt,FALSE,2023,34738222,869781790,96449606,1562999196,2529230592,34.39,3.81,61.8,0.0137,36394595.01,2649828279.85,1359.58,98988.68,-24.78,6.61,
5107065,Querência,resto_mt,FALSE,2024,33331723,1178621988,108648747,1921130592,3208401327,36.74,3.39,59.88,0.0104,33331723,3208401327,1117.76,107592.26,-8.42,21.08,
5107180,Ribeirão Cascalheira,resto_mt,FALSE,2000,446490,0,418265,1068137,1486402,0,28.14,71.86,0.3004,,,,,,,5.36
5107180,Ribeirão Cascalheira,resto_mt,FALSE,2001,741355,0,375731,1131689,1507420,0,24.93,75.07,0.4918,,,,,,,5.36
5107180,Ribeirão Cascalheira,resto_mt,FALSE,2002,849600,0,424888,1355536,1780424,0,23.86,76.14,0.4772,2947890.67,6177607.46,397.24,832.45,,,5.36
5107180,Ribeirão Cascalheira,resto_mt,FALSE,2003,1166841,0,786999,1829133,2616132,0,30.08,69.92,0.446,3667777.8,8223391.92,490.93,1100.7,24.42,33.12,5.36
5107180,Ribeirão Cascalheira,resto_mt,FALSE,2004,1130050,0,2621343,3650356,6271699,0,41.8,58.2,0.1802,3346869.88,18574895.36,441.83,2452.13,-8.75,125.88,5.36
5107180,Ribeirão Cascalheira,resto_mt,FALSE,2005,1167517,0,1626401,2582481,4208882,0,38.64,61.36,0.2774,3291714.48,11866583.37,431.25,1554.64,-1.65,-36.11,5.36
5107180,Ribeirão Cascalheira,resto_mt,FALSE,2006,1306542,0,1126600,2120130,3246730,0,34.7,65.3,0.4024,3582890.4,8903408.94,465.85,1157.64,8.85,-24.97,5.36
5107180,Ribeirão Cascalheira,resto_mt,FALSE,2007,1766961,0,1083948,2675026,3758974,0,28.84,71.16,0.4701,4607930.61,9802758.18,531.05,1129.73,28.61,10.1,5.36
5107180,Ribeirão Cascalheira,resto_mt,FALSE,2008,2113635,0,1824257,2263441,4087698,0,44.63,55.37,0.5171,5176509.32,10011192.47,574.78,1111.61,12.34,2.13,5.36
5107180,Ribeirão Cascalheira,resto_mt,FALSE,2009,2689322,0,1387376,1432567,2819943,0,49.2,50.8,0.9537,6326180.24,6633444.3,689.73,723.23,22.21,-33.74,5.36
5107180,Ribeirão Cascalheira,resto_mt,FALSE,2010,3335196,0,2315754,2799725,5115479,0,45.27,54.73,0.652,7369065.53,11302574.12,829.75,1272.66,16.49,70.39,5.36
5107180,Ribeirão Cascalheira,resto_mt,FALSE,2011,4161577,0,2231396,4066050,6297446,0,35.43,64.57,0.6608,8667915.36,13116597.14,962.89,1457.07,17.63,16.05,5.36
5107180,Ribeirão Cascalheira,resto_mt,FALSE,2012,4906958,0,2131047,4811686,6942733,0,30.69,69.31,0.7068,9624000.24,13616758.9,1055.49,1493.39,11.03,3.81,5.36
5107180,Ribeirão Cascalheira,resto_mt,FALSE,2013,6576122,1494754,5074451,28284004,34853209,4.29,14.56,81.15,0.1887,12218032.36,64755130.06,1311.51,6950.95,26.95,375.55,5.36
5107180,Ribeirão Cascalheira,resto_mt,FALSE,2014,6676030,1528108,6959129,35244884,43732121,3.49,15.91,80.59,0.1527,11676429.48,76487826.81,1236.91,8102.54,-4.43,18.12,5.36
5107180,Ribeirão Cascalheira,resto_mt,FALSE,2015,6652042,0,1988094,4863943,6852037,0,29.01,70.99,0.9708,10455505.96,10769852.88,1093.45,1126.31,-10.46,-85.92,5.36
5107180,Ribeirão Cascalheira,resto_mt,FALSE,2016,7085642,0,1225390,3868974,5094364,0,24.05,75.95,1.3909,10449458.93,7512847.44,1079.38,776.04,-0.06,-30.24,5.36
5107180,Ribeirão Cascalheira,resto_mt,FALSE,2017,8954021,0,1642559,2493062,4135621,0,39.72,60.28,2.1651,12937370.41,5975422.75,1320.68,609.99,23.81,-20.46,5.36
5107180,Ribeirão Cascalheira,resto_mt,FALSE,2018,9959834,0,903176,1194266,2097442,0,43.06,56.94,4.7486,13912909.01,2929920.28,1380.11,290.64,7.54,-50.97,5.36
5107180,Ribeirão Cascalheira,resto_mt,FALSE,2019,8997066,0,1082636,1083979,2166615,0,49.97,50.03,4.1526,12028940.28,2896731.28,1178.61,283.83,-13.54,-1.13,5.36
5107180,Ribeirão Cascalheira,resto_mt,FALSE,2020,13586029,0,1003369,1012067,2015436,0,49.78,50.22,6.741,17225958.35,2555405.75,1667.72,247.4,43.2,-11.78,5.36
5107180,Ribeirão Cascalheira,resto_mt,FALSE,2021,14641684,0,1069774,1870265,2940039,0,36.39,63.61,4.9801,16852210.17,3383910.97,1612.66,323.82,-2.17,32.42,5.36
5107180,Ribeirão Cascalheira,resto_mt,FALSE,2022,13694489,0,1336239,1549369,2885608,0,46.31,53.69,4.7458,14879305.98,3135264.43,1474.81,310.76,-11.71,-7.35,5.36
5107180,Ribeirão Cascalheira,resto_mt,FALSE,2023,11657916,0,955791,1008158,1963949,0,48.67,51.33,5.936,12213783.74,2057593.18,1210.6,203.94,-17.91,-34.37,5.36
5107180,Ribeirão Cascalheira,resto_mt,FALSE,2024,9289854,0,1429655,3688917,5118572,0,27.93,72.07,1.8149,9289854.01,5118572.01,890.6,490.7,-23.94,148.77,5.36
5107206,Rio Branco,resto_mt,FALSE,2000,1003148,2102418,1180616,12931082,16214116,12.97,7.28,79.75,0.0619,,,,,,,8.25
5107206,Rio Branco,resto_mt,FALSE,2001,1159369,153326,1044504,10193335,11391165,1.35,9.17,89.48,0.1018,,,,,,,8.25
5107206,Rio Branco,resto_mt,FALSE,2002,1071492,288894,1309969,12598350,14197213,2.03,9.23,88.74,0.0755,3717798.11,49260630.58,750.01,9937.58,,,8.25
5107206,Rio Branco,resto_mt,FALSE,2003,1256671,316807,1648652,16918912,18884371,1.68,8.73,89.59,0.0665,3950144.02,59359995.53,807.15,12129.14,6.25,20.5,8.25
5107206,Rio Branco,resto_mt,FALSE,2004,1952784,611524,2544000,18383107,21538631,2.84,11.81,85.35,0.0907,5783561.75,63790978.68,1214.53,13395.84,46.41,7.46,8.25
5107206,Rio Branco,resto_mt,FALSE,2005,1562081,435148,3343149,18283348,22061645,1.97,15.15,82.87,0.0708,4404153.97,62200923.99,939.25,13265.28,-23.85,-2.49,8.25
5107206,Rio Branco,resto_mt,FALSE,2006,2549966,2623517,3470569,22081926,28176012,9.31,12.32,78.37,0.0905,6992694.21,77266220.86,1514.56,16735.15,58.77,24.22,8.25
5107206,Rio Branco,resto_mt,FALSE,2007,4542956,691800,6389959,29876256,36958015,1.87,17.29,80.84,0.1229,11847248.49,96380151.53,2344.6,19073.84,69.42,24.74,8.25
5107206,Rio Branco,resto_mt,FALSE,2008,4451824,920588,4418263,28500342,33839193,2.72,13.06,84.22,0.1316,10902974.46,82875661.16,2096.32,15934.56,-7.97,-14.01,8.25
5107206,Rio Branco,resto_mt,FALSE,2009,5309261,1481394,5024724,31303722,37809840,3.92,13.29,82.79,0.1404,12489148.59,88941325.24,2398.06,17077.82,14.55,7.32,8.25
5107206,Rio Branco,resto_mt,FALSE,2010,6708068,1722682,6484268,41960576,50167526,3.43,12.93,83.64,0.1337,14821375.62,110844396.18,2923.35,21862.81,18.67,24.63,8.25
5107206,Rio Branco,resto_mt,FALSE,2011,7793272,1786228,8336612,43900912,54023752,3.31,15.43,81.26,0.1443,16232169.23,112523043.6,3202.25,22198.28,9.52,1.51,8.25
5107206,Rio Branco,resto_mt,FALSE,2012,9376940,3311359,10052871,55236149,68600379,4.83,14.65,80.52,0.1367,18390960.91,134545692.8,3629.57,26553.33,13.3,19.57,8.25
5107206,Rio Branco,resto_mt,FALSE,2013,10748536,5484904,8662085,60834684,74981673,7.31,11.55,81.13,0.1433,19970122.3,139311361.18,3944.33,27515.58,8.59,3.54,8.25
5107206,Rio Branco,resto_mt,FALSE,2014,11440034,6745743,10549283,82503237,99798263,6.76,10.57,82.67,0.1146,20008710.3,174547954.27,3958.98,34536.59,0.19,25.29,8.25
5107206,Rio Branco,resto_mt,FALSE,2015,12903298,5970577,10122847,86175207,102268631,5.84,9.9,84.26,0.1262,20281066.93,160743164.33,4020.82,31868.2,1.36,-7.91,8.25
5107206,Rio Branco,resto_mt,FALSE,2016,13195777,4323578,9536345,76038340,89898263,4.81,10.61,84.58,0.1468,19460301.54,132576301.13,3870.38,26367.6,-4.05,-17.52,8.25
5107206,Rio Branco,resto_mt,FALSE,2017,13716719,2892310,9186611,74883607,86962528,3.33,10.56,86.11,0.1577,19818836.1,125649296.21,3948.77,25034.72,1.84,-5.22,8.25
5107206,Rio Branco,resto_mt,FALSE,2018,15098891,2006088,9080778,80928801,92015667,2.18,9.87,87.95,0.1641,21091666.43,128536841.29,4088.32,24915.06,6.42,2.3,8.25
5107206,Rio Branco,resto_mt,FALSE,2019,15646747,2653238,10722483,81507681,94883402,2.8,11.3,85.9,0.1649,20919462.55,126857664.13,4057.3,24603.9,-0.82,-1.31,8.25
5107206,Rio Branco,resto_mt,FALSE,2020,21386642,2064108,11581720,82529506,96175334,2.15,12.04,85.81,0.2224,27116488.89,121942349.61,5265.34,23678.12,29.62,-3.87,8.25
5107206,Rio Branco,resto_mt,FALSE,2021,22251212,1429287,13437237,89957549,104824073,1.36,12.82,85.82,0.2123,25610585.58,120649872.54,4975.83,23440.82,-5.55,-1.06,8.25
5107206,Rio Branco,resto_mt,FALSE,2022,22288208,1926599,16519309,100895519,119341427,1.61,13.84,84.54,0.1868,24216534.57,129666583.98,5339.93,28592.42,-5.44,7.47,8.25
5107206,Rio Branco,resto_mt,FALSE,2023,19784080,2936729,18493999,117497084,138927812,2.11,13.31,84.57,0.1424,20727416.02,145552108.32,4570.54,32095.29,-14.41,12.25,8.25
5107206,Rio Branco,resto_mt,FALSE,2024,21247119,4587253,18947897,137914383,161449533,2.84,11.74,85.42,0.1316,21247118.99,161449532.99,4733.16,35965.6,2.51,10.92,8.25
5107701,Rosário Oeste,resto_mt,FALSE,2000,1261951,55670,747954,20462706,21266330,0.26,3.52,96.22,0.0593,,,,,,,6.93
5107701,Rosário Oeste,resto_mt,FALSE,2001,1248409,100516,2256049,16748103,19104668,0.53,11.81,87.66,0.0653,,,,,,,6.93
5107701,Rosário Oeste,resto_mt,FALSE,2002,2396156,147175,1860091,23709565,25716831,0.57,7.23,92.19,0.0932,8314037.1,89230704.05,450.29,4832.7,,,6.93
5107701,Rosário Oeste,resto_mt,FALSE,2003,2021309,402945,2914487,30688651,34006083,1.18,8.57,90.24,0.0594,6353661.09,106892675.17,346.62,5831.56,-23.58,19.79,6.93
5107701,Rosário Oeste,resto_mt,FALSE,2004,7742261,659122,3229245,33242822,37131189,1.78,8.7,89.53,0.2085,22930259.88,109971468.72,1274.61,6112.92,260.9,2.88,6.93
5107701,Rosário Oeste,resto_mt,FALSE,2005,5380300,513508,3740274,30275874,34529656,1.49,10.83,87.68,0.1558,15169296.36,97353416.22,850.54,5458.55,-33.85,-11.47,6.93
5107701,Rosário Oeste,resto_mt,FALSE,2006,5237311,1147224,3613834,32553815,37314873,3.07,9.68,87.24,0.1404,14362118.68,102327441.46,812.38,5788.08,-5.32,5.11,6.93
5107701,Rosário Oeste,resto_mt,FALSE,2007,3919215,2724706,5455852,39328814,47509372,5.74,11.48,82.78,0.0825,10220639.16,123896277.24,566.84,6871.3,-28.84,21.08,6.93
5107701,Rosário Oeste,resto_mt,FALSE,2008,3462961,2926956,7367166,46259004,56553126,5.18,13.03,81.8,0.0612,8481147.37,138504417.28,457.67,7474.2,-17.02,11.79,6.93
5107701,Rosário Oeste,resto_mt,FALSE,2009,3662969,2997078,11212767,43663045,57872890,5.18,19.37,75.45,0.0633,8616521.98,136136295.02,465.83,7359.91,1.6,-1.71,6.93
5107701,Rosário Oeste,resto_mt,FALSE,2010,4611616,3051049,14206141,45239957,62497147,4.88,22.73,72.39,0.0738,10189296.38,138086508.84,576.34,7810.77,18.25,1.43,6.93
5107701,Rosário Oeste,resto_mt,FALSE,2011,5168616,2389491,16093523,51653183,70136197,3.41,22.95,73.65,0.0737,10765420.43,146082751.76,611.63,8299.69,5.65,5.79,6.93
5107701,Rosário Oeste,resto_mt,FALSE,2012,7297468,3829134,20363915,68032179,92225228,4.15,22.08,73.77,0.0791,14312499.46,180881029.73,816.65,10320.73,32.95,23.82,6.93
5107701,Rosário Oeste,resto_mt,FALSE,2013,8299645,9594093,22673238,74998695,107266026,8.94,21.14,69.92,0.0774,15420232.65,199293713.97,886.58,11458.28,7.74,10.18,6.93
5107701,Rosário Oeste,resto_mt,FALSE,2014,11242527,13008471,28983941,86627592,128620004,10.11,22.53,67.35,0.0874,19663268.98,224957408.1,1138.26,13022.13,27.52,12.88,6.93
5107701,Rosário Oeste,resto_mt,FALSE,2015,13968491,11711905,30107022,93172559,134991486,8.68,22.3,69.02,0.1035,21955309.49,212176093.55,1279.38,12363.86,11.66,-5.68,6.93
5107701,Rosário Oeste,resto_mt,FALSE,2016,13513242,9614477,27748970,90065939,127429386,7.54,21.78,70.68,0.106,19928478.95,187924839.57,1171.16,11044,-9.23,-11.43,6.93
5107701,Rosário Oeste,resto_mt,FALSE,2017,15408527,6328682,21816942,84760798,112906422,5.61,19.32,75.07,0.1365,22263273.83,163134775.27,1316.72,9648.38,11.72,-13.19,6.93
5107701,Rosário Oeste,resto_mt,FALSE,2018,15893068,3335267,17672962,71945300,92953529,3.59,19.01,77.4,0.171,22201053.65,129846942.3,1288,7533.04,-0.28,-20.41,6.93
5107701,Rosário Oeste,resto_mt,FALSE,2019,15998529,2627778,22414771,69281619,94324168,2.79,23.76,73.45,0.1696,21389789.75,126109976.79,1247.14,7352.92,-3.65,-2.88,6.93
5107701,Rosário Oeste,resto_mt,FALSE,2020,20048849,1876708,24961915,79917884,106756507,1.76,23.38,74.86,0.1878,25420278.29,135358399.69,1490.58,7937.04,18.84,7.33,6.93
5107701,Rosário Oeste,resto_mt,FALSE,2021,35717001,8602589,50131211,170386411,229120211,3.75,21.88,74.37,0.1559,41109370.15,263711602.35,2418.35,15513.37,61.72,94.82,6.93
5107701,Rosário Oeste,resto_mt,FALSE,2022,35124504,8158082,56974540,195677325,260809947,3.13,21.85,75.03,0.1347,38163398.6,283374648.22,2469.65,18337.84,-7.17,7.46,6.93
5107701,Rosário Oeste,resto_mt,FALSE,2023,37655400,6780606,65335358,230110338,302226302,2.24,21.62,76.14,0.1246,39450868.62,316636926.84,2552.95,20490.32,3.37,11.74,6.93
5107701,Rosário Oeste,resto_mt,FALSE,2024,36302479,14548805,65880343,274302689,354731837,4.1,18.57,77.33,0.1023,36302478.99,354731837,2382.69,23282.47,-7.98,12.03,6.93
5107248,Santa Carmem,resto_mt,FALSE,2000,422737,0,1010362,1129820,2140182,0,47.21,52.79,0.1975,,,,,,,
5107248,Santa Carmem,resto_mt,FALSE,2001,546204,0,2415066,2623830,5038896,0,47.93,52.07,0.1084,,,,,,,
5107248,Santa Carmem,resto_mt,FALSE,2002,523590,0,1515166,1781686,3296852,0,45.96,54.04,0.1588,1816720.89,11439217.57,474.22,2985.96,,,
5107248,Santa Carmem,resto_mt,FALSE,2003,651560,0,1319237,1729116,3048353,0,43.28,56.72,0.2137,2048074.5,9582009.39,519.96,2432.6,12.73,-16.24,
5107248,Santa Carmem,resto_mt,FALSE,2004,667166,0,1519440,2522188,4041628,0,37.59,62.41,0.1651,1975946.01,11970092.5,474.42,2873.97,-3.52,24.92,
5107248,Santa Carmem,resto_mt,FALSE,2005,715213,0,1827538,2352961,4180499,0,43.72,56.28,0.1711,2016481.98,11786559.91,470.05,2747.45,2.05,-1.53,
5107248,Santa Carmem,resto_mt,FALSE,2006,682855,0,1119386,1686976,2806362,0,39.89,60.11,0.2433,1872572.5,7695801.17,424.24,1743.5,-7.14,-34.71,
5107248,Santa Carmem,resto_mt,FALSE,2007,936839,0,860126,1548966,2409092,0,35.7,64.3,0.3889,2443115.1,6282497.9,565.67,1454.61,30.47,-18.36,
5107248,Santa Carmem,resto_mt,FALSE,2008,1122312,0,906336,1736870,2643206,0,34.29,65.71,0.4246,2748657.43,6473483.11,612.71,1443.04,12.51,3.04,
5107248,Santa Carmem,resto_mt,FALSE,2009,1062557,0,1418310,2096131,3514441,0,40.36,59.64,0.3023,2499487.64,8267134.69,546.58,1807.82,-9.07,27.71,
5107248,Santa Carmem,resto_mt,FALSE,2010,1043228,0,1502595,1938661,3441256,0,43.66,56.34,0.3032,2304996.62,7603403.51,564.26,1861.29,-7.78,-8.03,
5107248,Santa Carmem,resto_mt,FALSE,2011,1288773,0,1608473,2370504,3978977,0,40.42,59.58,0.3239,2684313,8287588.06,651.07,2010.08,16.46,9,
5107248,Santa Carmem,resto_mt,FALSE,2012,1719432,0,1104702,2285428,3390130,0,32.59,67.41,0.5072,3372316.21,6649050.58,810.84,1598.72,25.63,-19.77,
5107248,Santa Carmem,resto_mt,FALSE,2013,2303109,0,1315668,3116643,4432311,0,29.68,70.32,0.5196,4279035.63,8234962.68,1014.22,1951.88,26.89,23.85,
5107248,Santa Carmem,resto_mt,FALSE,2014,2486960,0,1433605,3511102,4944707,0,28.99,71.01,0.503,4349712.79,8648331.81,1022.02,2032.04,1.65,5.02,
5107248,Santa Carmem,resto_mt,FALSE,2015,2693057,0,1381360,3191134,4572494,0,30.21,69.79,0.589,4232876.68,7186926.7,986.23,1674.5,-2.69,-16.9,
5107248,Santa Carmem,resto_mt,FALSE,2016,2253549,0,1041333,1484011,2525344,0,41.24,58.76,0.8924,3323392.24,3724218.41,768.24,860.88,-21.49,-48.18,
5107248,Santa Carmem,resto_mt,FALSE,2017,2410556,0,869700,1589799,2459499,0,35.36,64.64,0.9801,3482933.08,3553649.19,798.84,815.06,4.8,-4.58,
5107248,Santa Carmem,resto_mt,FALSE,2018,2773754,0,975024,1602259,2577283,0,37.83,62.17,1.0762,3874661.67,3600211,863.73,802.55,11.25,1.31,
5107792,Santo Antônio do Leste,resto_mt,FALSE,2009,976147,860757,2161900,12266073,15288730,5.63,14.14,80.23,0.0638,2296222.58,35964180.43,642.65,10065.55,,,
5107792,Santo Antônio do Leste,resto_mt,FALSE,2010,1254437,852092,2557853,11266404,14676349,5.81,17.43,76.77,0.0855,2771659.73,32427172.97,738.32,8638.03,20.71,-9.83,
5107792,Santo Antônio do Leste,resto_mt,FALSE,2011,1561168,606368,3140798,11654598,15401764,3.94,20.39,75.67,0.1014,3251669.29,32079470.56,834.19,8229.74,17.32,-1.07,
5107792,Santo Antônio do Leste,resto_mt,FALSE,2012,1502268,2293415,4027895,15397876,21719186,10.56,18.55,70.9,0.0692,2946393.19,42597766.52,729.66,10549.23,-9.39,32.79,
5107792,Santo Antônio do Leste,resto_mt,FALSE,2013,1660969,3593324,4298253,15344754,23236331,15.46,18.5,66.04,0.0715,3085978.8,43171681.44,721.86,10098.63,4.74,1.35,
5107792,Santo Antônio do Leste,resto_mt,FALSE,2014,2149361,4335052,4281117,20234656,28850825,15.03,14.84,70.14,0.0745,3759249.46,50460321.97,847.62,11377.74,21.82,16.88,
5107792,Santo Antônio do Leste,resto_mt,FALSE,2015,2417214,3128962,3857408,20628450,27614820,11.33,13.97,74.7,0.0875,3799313.86,43404253.16,827.56,9454.21,1.07,-13.98,
5107792,Santo Antônio do Leste,resto_mt,FALSE,2016,2648639,1645627,2638121,20518113,24801861,6.64,10.64,82.73,0.1068,3906046.12,36576223.86,826.15,7736.09,2.81,-15.73,
5107875,Sapezal,resto_mt,FALSE,2000,1206683,432630,1078762,10701922,12213314,3.54,8.83,87.63,0.0988,,,,,,,10.21
5107875,Sapezal,resto_mt,FALSE,2001,1806994,606114,2361581,16809288,19776983,3.06,11.94,84.99,0.0914,,,,,,,10.21
5107875,Sapezal,resto_mt,FALSE,2002,2298566,2535747,2848457,25426113,30810317,8.23,9.25,82.52,0.0746,7975425.22,106903773.57,864.09,11582.21,,,10.21
5107875,Sapezal,resto_mt,FALSE,2003,3456943,2885099,3690205,37744134,44319438,6.51,8.33,85.16,0.078,10866346.61,139311054.72,1101.74,14124.62,36.25,30.31,10.21
5107875,Sapezal,resto_mt,FALSE,2004,3448631,4372711,5724962,50617309,60714982,7.2,9.43,83.37,0.0568,10213812.87,179819605.14,912.67,16068.24,-6.01,29.08,10.21
5107875,Sapezal,resto_mt,FALSE,2005,3627001,8217371,7212782,67538274,82968427,9.9,8.69,81.4,0.0437,10226019.57,233922394.35,857.46,19614.48,0.12,30.09,10.21
5107875,Sapezal,resto_mt,FALSE,2006,4643286,18713070,7900246,52306854,78920170,23.71,10.01,66.28,0.0588,12733141.99,216420382.19,1006.09,17100.22,24.52,-7.48,10.21
5107875,Sapezal,resto_mt,FALSE,2007,5925584,21734042,10654402,58396162,90784606,23.94,11.74,64.32,0.0653,15452904.7,236750650.26,1084.11,16609.43,21.36,9.39,10.21
5107875,Sapezal,resto_mt,FALSE,2008,7924569,12747380,13167012,76478669,102393061,12.45,12.86,74.69,0.0774,19408083.85,250771128.87,1292.66,16702.49,25.6,5.92,10.21
5107875,Sapezal,resto_mt,FALSE,2009,8890823,12410394,17467006,67145613,97023013,12.79,18,69.21,0.0916,20914174.2,228230411.87,1329.16,14504.63,7.76,-8.99,10.21
5107875,Sapezal,resto_mt,FALSE,2010,10656380,15024263,19918823,66944946,101888032,14.75,19.55,65.7,0.1046,23545111.76,225120078.38,1301.28,12441.7,12.58,-1.36,10.21
5107875,Sapezal,resto_mt,FALSE,2011,13452709,19142682,23948827,90631136,133722645,14.32,17.91,67.78,0.1006,28019893.2,278523398.6,1484.11,14752.29,19.01,23.72,10.21
5107875,Sapezal,resto_mt,FALSE,2012,18702854,28744817,26172129,151162393,206079339,13.95,12.7,73.35,0.0908,36681844.69,404182715.02,1867.81,20580.62,30.91,45.12,10.21
5107875,Sapezal,resto_mt,FALSE,2013,22605017,38757823,38216337,207924540,284898700,13.6,13.41,72.98,0.0793,41998738.66,529324354.99,2006.23,25285.39,14.49,30.96,10.21
5107875,Sapezal,resto_mt,FALSE,2014,25718461,41804217,46300372,302495563,390600152,10.7,11.85,77.44,0.0658,44981792.46,683162766.78,2062.33,31321.95,7.1,29.06,10.21
5107875,Sapezal,resto_mt,FALSE,2015,34817678,38633237,48941731,331459514,419034482,9.22,11.68,79.1,0.0831,54725517.31,658627459.28,2414.55,29059.24,21.66,-3.59,10.21
5107875,Sapezal,resto_mt,FALSE,2016,39368784,30504452,41262707,312692262,384459421,7.93,10.73,81.33,0.1024,58058605.24,566976560.77,2471,24130.78,6.09,-13.92,10.21
5107875,Sapezal,resto_mt,FALSE,2017,39300428,25775315,36474729,388722144,450972188,5.72,8.09,86.2,0.0871,56783895.7,651594880.44,2336.31,26809.1,-2.2,14.92,10.21
5107875,Sapezal,resto_mt,FALSE,2018,46544634,24952207,40093298,457506946,522552451,4.78,7.67,87.55,0.0891,65018278.17,729954404.99,2595.13,29135.24,14.5,12.03,10.21
5107875,Sapezal,resto_mt,FALSE,2019,49868714,32898680,66586553,514582575,614067808,5.36,10.84,83.8,0.0812,66673711.5,820999311.85,2576.17,31722.08,2.55,12.47,10.21
5107875,Sapezal,resto_mt,FALSE,2020,62255136,39509576,102885779,594827291,737222646,5.36,13.96,80.68,0.0844,78934350.86,934737191.92,2957.68,35024.62,18.39,13.85,10.21
5107875,Sapezal,resto_mt,FALSE,2021,63855644,43960270,138337533,757306997,939604800,4.68,14.72,80.6,0.068,73496240.79,1081461501.35,2674.05,39347.33,-6.89,15.7,10.21
5107875,Sapezal,resto_mt,FALSE,2022,68304754,42456616,161504526,872139447,1076100589,3.95,15.01,81.05,0.0635,74214330.62,1169202437.84,2564.06,40395.33,0.98,8.11,10.21
5107875,Sapezal,resto_mt,FALSE,2023,61146909,49117812,200842471,1050089096,1300049379,3.78,15.45,80.77,0.047,64062489.67,1362037775.67,2213.33,47057.7,-13.68,16.49,10.21
5107875,Sapezal,resto_mt,FALSE,2024,67656508,59378761,210501877,1089404638,1359285276,4.37,15.49,80.15,0.0498,67656507.99,1359285276,2147.88,43153.27,5.61,-0.2,10.21
5107909,Sinop,resto_mt,FALSE,2000,21377328,3858093,17903944,81601280,103363317,3.73,17.32,78.95,0.2068,,,,,,,6.48
5107909,Sinop,resto_mt,FALSE,2001,24721664,6371270,28921074,110538485,145830829,4.37,19.83,75.8,0.1695,,,,,,,6.48
5107909,Sinop,resto_mt,FALSE,2002,32033973,16670690,32226047,154058539,202955276,8.21,15.88,75.91,0.1578,111149541.11,704201935.65,1339.32,8485.48,,,6.48
5107909,Sinop,resto_mt,FALSE,2003,37992516,24490162,58670737,261225238,344386137,7.11,17.04,75.85,0.1103,119423388.78,1082522661.38,1376.24,12475.06,7.44,53.72,6.48
5107909,Sinop,resto_mt,FALSE,2004,47900806,33632503,124127560,380902427,538662490,6.24,23.04,70.71,0.0889,141867851.01,1595357077.66,1497.7,16842.15,18.79,47.37,6.48
5107909,Sinop,resto_mt,FALSE,2005,47534660,33047912,154873348,352746416,540667676,6.11,28.64,65.24,0.0879,134019914.36,1524366338.95,1347.08,15321.81,-5.53,-4.45,6.48
5107909,Sinop,resto_mt,FALSE,2006,57667996,47349320,114721789,333796831,495867940,9.55,23.14,67.32,0.1163,158141191.71,1359803572.24,1522.51,13091.64,18,-10.8,6.48
5107909,Sinop,resto_mt,FALSE,2007,95974953,76732619,126992688,401025016,604750323,12.69,21,66.31,0.1587,250286183.24,1577084910.4,2366.51,14911.64,58.27,15.98,6.48
5107909,Sinop,resto_mt,FALSE,2008,96252095,60452458,160693976,953347938,1174494372,5.15,13.68,81.17,0.082,235731272.06,2876457414.51,2133.06,26028.22,-5.82,82.39,6.48
5107909,Sinop,resto_mt,FALSE,2009,102489267,57982620,192385592,947284257,1197652469,4.84,16.06,79.1,0.0856,241088860.23,2817277136.87,2113.86,24701.91,2.27,-2.06,6.48
5107909,Sinop,resto_mt,FALSE,2010,123357206,87413829,232130446,1045327038,1364871313,6.4,17.01,76.59,0.0904,272555896.3,3015662693,2409.89,26663.91,13.05,7.04,6.48
5107909,Sinop,resto_mt,FALSE,2011,140374030,94245323,239390932,1108863241,1442499496,6.53,16.6,76.87,0.0973,292377195.45,3004501310.26,2520.18,25897.75,7.27,-0.37,6.48
5107909,Sinop,resto_mt,FALSE,2012,177385689,123874833,293063898,1310539763,1727478494,7.17,16.96,75.86,0.1027,347905955.7,3388097764.86,2927.68,28511.42,18.99,12.77,6.48
5107909,Sinop,resto_mt,FALSE,2013,219565554,135645467,327168237,1442911786,1905725490,7.12,17.17,75.71,0.1152,407939366.68,3540721371.42,3299.58,28638.73,17.26,4.5,6.48
5107909,Sinop,resto_mt,FALSE,2014,244657783,189766685,360103921,1349342468,1899213074,9.99,18.96,71.05,0.1288,427908404.77,3321738744.02,3374.22,26193.16,4.9,-6.18,6.48
5107909,Sinop,resto_mt,FALSE,2015,249630579,222855265,329065696,1362790721,1914711682,11.64,17.19,71.17,0.1304,392362827.09,3009493835.36,3020.12,23164.93,-8.31,-9.4,6.48
5107909,Sinop,resto_mt,FALSE,2016,247637997,183029128,286056788,1391152693,1860238609,9.84,15.38,74.78,0.1331,365200934.58,2743362839.18,2747.23,20637.03,-6.92,-8.84,6.48
5107909,Sinop,resto_mt,FALSE,2017,295911848,173611271,280781951,1561135452,2015528674,8.61,13.93,77.46,0.1468,427553295.63,2912171083.55,3146.68,21432.89,17.07,6.15,6.48
5107909,Sinop,resto_mt,FALSE,2018,333172180,175200958,304889796,1755548937,2235639691,7.84,13.64,78.53,0.149,465408783.27,3122968875.76,3325.89,22317.28,8.85,7.24,6.48
5107909,Sinop,resto_mt,FALSE,2019,353638158,206579901,382710119,2031329067,2620619087,7.88,14.6,77.51,0.1349,472808834.1,3503727827.76,3306.45,24502.28,1.59,12.19,6.48
5107909,Sinop,resto_mt,FALSE,2020,466931427,222536265,532523765,2508285822,3263345852,6.82,16.32,76.86,0.1431,592030336.09,4137651975.95,4054.87,28339.12,25.22,18.09,6.48
5107909,Sinop,resto_mt,FALSE,2021,502299564,244339024,682924466,2969513295,3896776785,6.27,17.53,76.2,0.1289,578134169.41,4485092107.16,3881.14,30109.38,-2.35,8.4,6.48
5107909,Sinop,resto_mt,FALSE,2022,505598379,276360367,787735585,4141770511,5205866463,5.31,15.13,79.56,0.0971,549341635.3,5656266544.13,2798.31,28812.63,-4.98,26.11,6.48
5107909,Sinop,resto_mt,FALSE,2023,450033398,254984318,864638893,4790347630,5909970841,4.31,14.63,81.06,0.0761,471491697.38,6191767534.8,2401.75,31540.44,-14.17,9.47,6.48
5107909,Sinop,resto_mt,FALSE,2024,442141680,648116868,1080585864,5818592611,7547295343,8.59,14.32,77.1,0.0586,442141680,7547295343,2046.67,34936.49,-6.22,21.89,6.48
5107925,Sorriso,resto_mt,FALSE,2000,11528013,4401356,5282042,127870625,137554023,3.2,3.84,92.96,0.0838,,,,,,,6.97
5107925,Sorriso,resto_mt,FALSE,2001,10978315,3928755,11792484,137455925,153177164,2.56,7.7,89.74,0.0717,,,,,,,6.97
5107925,Sorriso,resto_mt,FALSE,2002,12100379,8431442,13697450,178001661,200130553,4.21,6.84,88.94,0.0605,41985162.85,694400882.7,1052.86,17413.57,,,6.97
5107925,Sorriso,resto_mt,FALSE,2003,14921088,10267184,21440596,261540694,293248474,3.5,7.31,89.19,0.0509,46902050.22,921779608.46,1120.45,22020.55,11.71,32.74,6.97
5107925,Sorriso,resto_mt,FALSE,2004,16505586,14001258,30095148,263582590,307678996,4.55,9.78,85.67,0.0536,48884605.73,911253100.1,1062.19,19799.95,4.23,-1.14,6.97
5107925,Sorriso,resto_mt,FALSE,2005,14171358,15608839,42165616,235207532,292981987,5.33,14.39,80.28,0.0484,39954933.64,826037691.39,826.79,17093.02,-18.27,-9.35,6.97
5107925,Sorriso,resto_mt,FALSE,2006,21228566,52679036,34438193,287217652,374334881,14.07,9.2,76.73,0.0567,58214450.98,1026527160.44,1150.19,20281.88,45.7,24.27,6.97
5107925,Sorriso,resto_mt,FALSE,2007,54509491,221123576,46330880,490873374,758327830,29.16,6.11,64.73,0.0719,142151384.56,1977588654.92,2578.29,35868.76,144.19,92.65,6.97
5107925,Sorriso,resto_mt,FALSE,2008,41816436,449976307,63764206,781938314,1295678827,34.73,4.92,60.35,0.0323,102412749.06,3173250598.36,1771.87,54901.48,-27.96,60.46,6.97
5107925,Sorriso,resto_mt,FALSE,2009,44185459,493364993,81525755,829340725,1404231473,35.13,5.81,59.06,0.0315,103938902.68,3303219695.33,1731.51,55027.98,1.49,4.1,6.97
5107925,Sorriso,resto_mt,FALSE,2010,54227520,459517216,90873610,805283685,1355674511,33.9,6.7,59.4,0.04,119814892.03,2995342496.94,1801.15,45028.53,15.27,-9.32,6.97
5107925,Sorriso,resto_mt,FALSE,2011,65967698,48349204,101371276,472160490,621880970,7.77,16.3,75.92,0.1061,137400418.94,1295280999.65,1994.37,18801.06,14.68,-56.76,6.97
5107925,Sorriso,resto_mt,FALSE,2012,89164805,83003993,118381403,680203701,881589097,9.42,13.43,77.16,0.1011,174878632.4,1729057733.25,2456.51,24287.94,27.28,33.49,6.97
5107925,Sorriso,resto_mt,FALSE,2013,102506259,131246514,141297332,1010090962,1282634808,10.23,11.02,78.75,0.0799,190450358.06,2383057003.88,2535.83,31730.1,8.9,37.82,6.97
5107925,Sorriso,resto_mt,FALSE,2014,109329502,151794619,151643954,1313681229,1617119802,9.39,9.38,81.24,0.0676,191218166.95,2828355371.79,2459.86,36384.58,0.4,18.69,6.97
5107925,Sorriso,resto_mt,FALSE,2015,109074124,158029651,158836567,1354268428,1671134646,9.46,9.5,81.04,0.0653,171439860.56,2626645809.12,2135.05,32711.23,-10.34,-7.13,6.97
5107925,Sorriso,resto_mt,FALSE,2016,110803541,96545651,130380123,1445353924,1672279698,5.77,7.8,86.43,0.0663,163406089.6,2466172865.14,1973.69,29787.57,-4.69,-6.11,6.97
5107925,Sorriso,resto_mt,FALSE,2017,130798996,95600806,124605728,1632825669,1853032203,5.16,6.72,88.12,0.0706,188987166.89,2677385277.66,2217.55,31416.23,15.65,8.56,6.97
5107925,Sorriso,resto_mt,FALSE,2018,150320941,83101907,162038310,1754231582,1999371799,4.16,8.1,87.74,0.0752,209983577.41,2792925856.75,2391.19,31804.65,11.11,4.32,6.97
5107925,Sorriso,resto_mt,FALSE,2019,160289999,113056145,234921906,2202079974,2550058025,4.43,9.21,86.35,0.0629,214305288.69,3409388761.97,2372.92,37750.82,2.06,22.07,6.97
5107925,Sorriso,resto_mt,FALSE,2020,206293077,149506081,318383401,2509703045,2977592527,5.02,10.69,84.29,0.0693,261562517.84,3775340451.7,2819.5,40696.15,22.05,10.73,6.97
5107925,Sorriso,resto_mt,FALSE,2021,210894875,170666648,385830584,4654788719,5211285951,3.27,7.4,89.32,0.0405,242734698.82,5998059107.97,2556.68,63176.71,-7.2,58.87,6.97
5107925,Sorriso,resto_mt,FALSE,2022,191795232,173196690,441137783,5632829668,6247164141,2.77,7.06,90.17,0.0307,208388932.32,6787654999.9,1883.56,61351.79,-14.15,13.16,6.97
5107925,Sorriso,resto_mt,FALSE,2023,181223549,241286006,496405453,6618819471,7356510930,3.28,6.75,89.97,0.0246,189864572.5,7707280927.64,1716.13,69664.05,-8.89,13.55,6.97
5107925,Sorriso,resto_mt,FALSE,2024,185012528,297257503,609259437,7133001724,8039518664,3.7,7.58,88.72,0.023,185012527.99,8039518664.01,1529.23,66450.55,-2.56,4.31,6.97
5107859,São Félix do Araguaia,resto_mt,FALSE,2000,2216617,211093,1698601,16517809,18427503,1.15,9.22,89.64,0.1203,,,,,,,7.03
5107859,São Félix do Araguaia,resto_mt,FALSE,2001,1400145,520047,4296256,36875535,41691838,1.25,10.3,88.45,0.0336,,,,,,,7.03
5107859,São Félix do Araguaia,resto_mt,FALSE,2002,2030148,644714,4230072,47877270,52752056,1.22,8.02,90.76,0.0385,7044084.69,183035891.82,750.96,19513.42,,,7.03
5107859,São Félix do Araguaia,resto_mt,FALSE,2003,2658034,843721,3527989,48712910,53084620,1.59,6.65,91.76,0.0501,8355104.14,166863000.41,893.41,17842.5,18.61,-8.84,7.03
5107859,São Félix do Araguaia,resto_mt,FALSE,2004,2897025,892691,3098535,46718521,50709747,1.76,6.11,92.13,0.0571,8580120.98,150187093.57,923.39,16163.05,2.69,-9.99,7.03
5107859,São Félix do Araguaia,resto_mt,FALSE,2005,3156486,553454,3244112,47732014,51529580,1.07,6.3,92.63,0.0613,8899442.72,145283250.14,961.17,15691.03,3.72,-3.27,7.03
5107859,São Félix do Araguaia,resto_mt,FALSE,2006,3213936,651366,4050344,62086092,66787802,0.98,6.06,92.96,0.0481,8813478.95,183150158.37,955.29,19851.52,-0.97,26.06,7.03
5107859,São Félix do Araguaia,resto_mt,FALSE,2007,3769572,1302631,4697264,61703405,67703300,1.92,6.94,91.14,0.0557,9830395.94,176558570.95,917.62,16480.77,11.54,-3.6,7.03
5107859,São Félix do Araguaia,resto_mt,FALSE,2008,4046789,2079874,7784792,66097343,75962009,2.74,10.25,87.01,0.0533,9911002.13,186038766.32,893.12,16764.78,0.82,5.37,7.03
5107859,São Félix do Araguaia,resto_mt,FALSE,2009,5778170,2221890,9320339,51082755,62624984,3.55,14.88,81.57,0.0923,13592178.58,147314801.4,1207.44,13086.51,37.14,-20.81,7.03
5107859,São Félix do Araguaia,resto_mt,FALSE,2010,6687775,1801578,11152895,40951215,53905688,3.34,20.69,75.97,0.1241,14776538.55,119103809.05,1390.74,11209.78,8.71,-19.15,7.03
5107859,São Félix do Araguaia,resto_mt,FALSE,2011,8573334,1670842,13339054,51276079,66285975,2.52,20.12,77.36,0.1293,17856916.63,138063340.27,1666.37,12883.86,20.85,15.92,7.03
5107859,São Félix do Araguaia,resto_mt,FALSE,2012,10450760,2849672,16415351,77665453,96930476,2.94,16.94,80.12,0.10780000000000001,20497040.46,190109416.82,1897.17,17596.21,14.78,37.7,7.03
5107859,São Félix do Araguaia,resto_mt,FALSE,2013,13351377,4163726,18703778,125956379,148823883,2.8,12.57,84.63,0.0897,24806041.65,276505669.83,2265.19,25249.35,21.02,45.45,7.03
5107859,São Félix do Araguaia,resto_mt,FALSE,2014,16596545,3652075,19499357,147697110,170848542,2.14,11.41,86.45,0.0971,29027488.95,298815456.3,2629.53,27069.06,17.02,8.07,7.03
5107859,São Félix do Araguaia,resto_mt,FALSE,2015,19071133,3145007,20160201,154302677,177607885,1.77,11.35,86.88,0.1074,29975508.97,279159436.93,2694.42,25092.99,3.27,-6.58,7.03
5107859,São Félix do Araguaia,resto_mt,FALSE,2016,18101095,2506129,17267571,153989146,173762846,1.44,9.94,88.62,0.1042,26694355.85,256254510.71,2381.52,22861.5,-10.95,-8.2,7.03
5107859,São Félix do Araguaia,resto_mt,FALSE,2017,20918025,1930560,17572447,168532767,188035774,1.03,9.35,89.63,0.1112,30223766.26,271686704.72,2677.03,24064.36,13.22,6.02,7.03
5107859,São Félix do Araguaia,resto_mt,FALSE,2018,25263778,1256813,17478454,168427263,187162530,0.67,9.34,89.99,0.135,35291014.34,261447655.56,3038.4,22509.48,16.77,-3.77,7.03
5107859,São Félix do Araguaia,resto_mt,FALSE,2019,25317504,2427450,21999928,197141862,221569240,1.1,9.93,88.98,0.1143,33849117.47,296234701.11,2891.11,25301.9,-4.09,13.31,7.03
5107859,São Félix do Araguaia,resto_mt,FALSE,2020,36537003,3854698,28723542,226114813,258693053,1.49,11.1,87.41,0.1412,46325890.53,328001342.92,3911.67,27695.81,36.86,10.72,7.03
5107859,São Félix do Araguaia,resto_mt,FALSE,2021,42650405,3790949,35690241,303325783,342806973,1.11,10.41,88.48,0.1244,49089543.84,394562207.1,4113.42,33062.03,5.97,20.29,7.03
5107859,São Félix do Araguaia,resto_mt,FALSE,2022,35728415,2927290,41853605,371697367,416478262,0.7,10.05,89.25,0.0858,38819558.64,452511042.38,2849.97,33221.57,-20.92,14.69,7.03
5107859,São Félix do Araguaia,resto_mt,FALSE,2023,31402027,6367403,48150881,429087392,483605676,1.32,9.96,88.73,0.0649,32899324.98,506664754.35,2415.34,37197.32,-15.25,11.97,7.03
5107859,São Félix do Araguaia,resto_mt,FALSE,2024,31372910,7264279,52764717,491748530,551777526,1.32,9.56,89.12,0.0569,31372910,551777526.01,2189,38499.68,-4.64,8.9,7.03
5107305,São José do Rio Claro,resto_mt,FALSE,2000,1971141,135510,1253671,9256148,10645329,1.27,11.78,86.95,0.1852,,,,,,,3.06
5107305,São José do Rio Claro,resto_mt,FALSE,2001,2676487,241449,2666481,13324705,16232635,1.49,16.43,82.09,0.1649,,,,,,,3.06
5107305,São José do Rio Claro,resto_mt,FALSE,2002,3023859,246950,3620786,18540543,22408279,1.1,16.16,82.74,0.1349,10492002.98,77750890.53,793.54,5880.41,,,3.06
5107305,São José do Rio Claro,resto_mt,FALSE,2003,3946390,415394,5035322,22735106,28185822,1.47,17.86,80.66,0.14,12404844.87,88597616.94,922.57,6589.15,18.23,13.95,3.06
5107305,São José do Rio Claro,resto_mt,FALSE,2004,5875611,837487,6516315,31331654,38685456,2.16,16.84,80.99,0.1519,17401801.25,114574742.4,1250.48,8233.31,40.28,29.32,3.06
5107305,São José do Rio Claro,resto_mt,FALSE,2005,5050854,755567,5804245,23440561,30000373,2.52,19.35,78.13,0.1684,14240451.51,84583489.61,1004.54,5966.67,-18.17,-26.18,3.06
5107305,São José do Rio Claro,resto_mt,FALSE,2006,5124806,4721874,5122675,31359745,41204294,11.46,12.43,76.11,0.1244,14053599.65,112993282.39,973.65,7828.27,-1.31,33.59,3.06
5107305,São José do Rio Claro,resto_mt,FALSE,2007,7942982,6946488,7028437,39057081,53032006,13.1,13.25,73.65,0.1498,20713931.97,138298357.6,1194.23,7973.39,47.39,22.4,3.06
5107305,São José do Rio Claro,resto_mt,FALSE,2008,8364016,3252072,10276421,45132125,58660618,5.54,17.52,76.94,0.1426,20484334.71,143665881.76,1131.61,7936.47,-1.11,3.88,3.06
5107305,São José do Rio Claro,resto_mt,FALSE,2009,7251782,3420601,8473944,33157992,45052537,7.59,18.81,73.6,0.161,17058604.35,105978558.66,915.3,5686.46,-16.72,-26.23,3.06
5107305,São José do Rio Claro,resto_mt,FALSE,2010,7629852,3737388,9625474,36584759,49947621,7.48,19.27,73.25,0.1528,16858043.55,110358519.39,984.46,6444.67,-1.18,4.13,3.06
5107305,São José do Rio Claro,resto_mt,FALSE,2011,10041362,3601049,10583646,43388403,57573098,6.25,18.38,75.36,0.1744,20914589.82,119915777.33,1197.78,6867.63,24.06,8.66,3.06
5107305,São José do Rio Claro,resto_mt,FALSE,2012,14068452,4935602,11489565,53949190,70374357,7.01,16.33,76.66,0.1999,27592407.63,138024989.88,1551.35,7760.31,31.93,15.1,3.06
5107305,São José do Rio Claro,resto_mt,FALSE,2013,15809709,7063700,12133595,65464038,84661333,8.34,14.33,77.32,0.1867,29373472.12,157295577.28,1601.7,8577.11,6.45,13.96,3.06
5107305,São José do Rio Claro,resto_mt,FALSE,2014,15171348,10242756,13762623,82764921,106770300,9.59,12.89,77.52,0.1421,26534808.1,186742102.34,1418.89,9985.68,-9.66,18.72,3.06
5107305,São José do Rio Claro,resto_mt,FALSE,2015,15588806,9676121,13918316,98025389,121619826,7.96,11.44,80.6,0.1282,24502078.3,191158867.45,1286.05,10033.54,-7.66,2.37,3.06
5107305,São José do Rio Claro,resto_mt,FALSE,2016,16768861,9851278,13069437,108005667,130926382,7.52,9.98,82.49,0.1281,24729660.97,193081989.23,1275.05,9955.25,0.93,1.01,3.06
5107305,São José do Rio Claro,resto_mt,FALSE,2017,20797057,10403143,11414613,112816036,134633792,7.73,8.48,83.79,0.1545,30048983.58,194527937.5,1523.17,9860.49,21.51,0.75,3.06
5107305,São José do Rio Claro,resto_mt,FALSE,2018,23083999,5662254,10955245,109210055,125827554,4.5,8.71,86.79,0.1835,32246077.35,175768723.56,1587.54,8653.45,7.31,-9.64,3.06
5107305,São José do Rio Claro,resto_mt,FALSE,2019,22361348,4381115,13586782,105271186,123239083,3.55,11.02,85.42,0.1814,29896781.88,164768778.01,1446.81,7973.72,-7.29,-6.26,3.06
5107305,São José do Rio Claro,resto_mt,FALSE,2020,31156111,3307564,14692676,115640380,133640620,2.47,10.99,86.53,0.2331,39503365.59,169445225.99,1880.12,8064.6,32.13,2.84,3.06
5107305,São José do Rio Claro,resto_mt,FALSE,2021,37290346,3189297,21650383,147732982,172572662,1.85,12.55,85.61,0.2161,42920250.69,198626795.15,2010.21,9302.93,8.65,17.22,3.06
5107305,São José do Rio Claro,resto_mt,FALSE,2022,30392160,2477598,28326466,192619035,223423099,1.11,12.68,86.21,0.136,33021622.62,242753172.61,2214.59,16280.15,-23.06,22.22,3.06
5107305,São José do Rio Claro,resto_mt,FALSE,2023,30236202,1249251,31352131,202584285,235185667,0.53,13.33,86.14,0.1286,31677911.62,246399689.07,2124.46,16524.69,-4.07,1.5,3.06
5107305,São José do Rio Claro,resto_mt,FALSE,2024,20377193,4839687,36088340,214863314,255791341,1.89,14.11,84,0.0797,20377193,255791340.99,1389.79,17445.87,-35.67,3.81,3.06
5107107,São José dos Quatro Marcos,resto_mt,FALSE,2000,3221598,125595,3011540,10303230,13440365,0.93,22.41,76.66,0.2397,,,,,,,3.99
5107107,São José dos Quatro Marcos,resto_mt,FALSE,2001,3572905,268564,4765264,11130975,16164803,1.66,29.48,68.86,0.221,,,,,,,3.99
5107107,São José dos Quatro Marcos,resto_mt,FALSE,2002,3805807,951184,4101397,14766555,19819136,4.8,20.69,74.51,0.192,13205158.85,68767238.81,687.59,3580.69,,,3.99
5107107,São José dos Quatro Marcos,resto_mt,FALSE,2003,4091087,1139602,4562201,17062448,22764251,5.01,20.04,74.95,0.1797,12859676.72,71555776.87,677.58,3770.27,-2.62,4.06,3.99
5107107,São José dos Quatro Marcos,resto_mt,FALSE,2004,4895586,1826887,7180086,20039182,29046155,6.29,24.72,68.99,0.1685,14499260.53,86026017.8,783.57,4649.04,12.75,20.22,3.99
5107107,São José dos Quatro Marcos,resto_mt,FALSE,2005,5764450,2006749,8284792,20841496,31133037,6.45,26.61,66.94,0.1852,16252374.48,87776939.04,890.97,4812.06,12.09,2.04,3.99
5107107,São José dos Quatro Marcos,resto_mt,FALSE,2006,7476429,2237555,7761004,23568126,33566685,6.67,23.12,70.21,0.2227,20502383.88,92048899.5,1140.29,5119.51,26.15,4.87,3.99
5107107,São José dos Quatro Marcos,resto_mt,FALSE,2007,9387722,3579253,8469402,27983072,40031727,8.94,21.16,69.9,0.2345,24481565.61,104395864.19,1288.44,5494.24,19.41,13.41,3.99
5107107,São José dos Quatro Marcos,resto_mt,FALSE,2008,10085605,4317100,6607854,28028291,38953245,11.08,16.96,71.95,0.2589,24700683.09,95400500.06,1264.95,4885.57,0.9,-8.62,3.99
5107107,São José dos Quatro Marcos,resto_mt,FALSE,2009,10247476,4892359,9186984,33804397,47883740,10.22,19.19,70.6,0.214,24105473.48,112638490.23,1236.63,5778.4,-2.41,18.07,3.99
5107107,São José dos Quatro Marcos,resto_mt,FALSE,2010,12794802,5675313,11128656,41747715,58551684,9.69,19.01,71.3,0.2185,28269923.1,129369067.52,1488.04,6809.61,17.28,14.85,3.99
5107107,São José dos Quatro Marcos,resto_mt,FALSE,2011,15336639,6060409,14190030,50093755,70344194,8.62,20.17,71.21,0.218,31943825.35,146515977.04,1686.12,7733.75,13,13.25,3.99
5107107,São José dos Quatro Marcos,resto_mt,FALSE,2012,16941063,7027841,19640823,57794223,84462887,8.32,23.25,68.43,0.2006,33226449.93,165656776.42,1758.57,8767.7,4.02,13.06,3.99
5107107,São José dos Quatro Marcos,resto_mt,FALSE,2013,20350386,8209562,23417236,68833536,100460334,8.17,23.31,68.52,0.2026,37809772.18,186649154.58,2011.05,9927.61,13.79,12.67,3.99
5107107,São José dos Quatro Marcos,resto_mt,FALSE,2014,28010800,9018803,23619737,77412506,110051046,8.2,21.46,70.34,0.2545,48991111.57,192480153.13,2618.44,10287.56,29.57,3.12,3.99
5107107,São José dos Quatro Marcos,resto_mt,FALSE,2015,28480498,9731821,24218330,80713740,114663891,8.49,21.12,70.39,0.2484,44764903.23,180225710.4,2403.88,9678.1,-8.63,-6.37,3.99
5107107,São José dos Quatro Marcos,resto_mt,FALSE,2016,27356473,7200975,17966638,78869057,104036670,6.92,17.27,75.81,0.263,40343604.9,153426734.07,2176.5,8277.24,-9.88,-14.87,3.99
5107107,São José dos Quatro Marcos,resto_mt,FALSE,2017,32904300,7421155,16974011,91475133,115870299,6.4,14.65,78.95,0.284,47542340.74,167417183.66,2576.55,9073.12,17.84,9.12,3.99
5107107,São José dos Quatro Marcos,resto_mt,FALSE,2018,35911642,5816563,14309294,104086755,124212612,4.68,11.52,83.8,0.2891,50165033.62,173512808.36,2644.86,9148.15,5.52,3.64,3.99
5107107,São José dos Quatro Marcos,resto_mt,FALSE,2019,40088967,5961629,16849191,112587165,135397985,4.4,12.44,83.15,0.2961,53598338.64,181025044.9,2834.99,9575,6.84,4.33,3.99
5107107,São José dos Quatro Marcos,resto_mt,FALSE,2020,52575288,7770544,22207642,137021639,166999825,4.65,13.3,82.05,0.3148,66661106.17,211741932.13,3537.14,11235.39,24.37,16.97,3.99
5107107,São José dos Quatro Marcos,resto_mt,FALSE,2021,50697555,12008302,29844647,188668527,230521476,5.21,12.95,81.84,0.2199,58351611.17,265324423.13,3105.78,14122.01,-12.47,25.31,3.99
5107107,São José dos Quatro Marcos,resto_mt,FALSE,2022,42199935,13854261,39060678,242368955,295283894,4.69,13.23,82.08,0.1429,45850980.26,320831205.06,2568.84,17974.73,-21.42,20.92,3.99
5107107,São José dos Quatro Marcos,resto_mt,FALSE,2023,43496818,17867653,45639770,312047444,375554867,4.76,12.15,83.09,0.1158,45570814.61,393461913.02,2553.13,22043.92,-0.61,22.64,3.99
5107107,São José dos Quatro Marcos,resto_mt,FALSE,2024,31205413,23183618,44428456,416701364,484313438,4.79,9.17,86.04,0.0644,31205413.01,484313438,1750.16,27162.83,-31.52,23.09,3.99
5107941,Tabaporã,resto_mt,FALSE,2004,940016,260806,1971557,9049218,11281581,2.31,17.48,80.21,0.0833,2784046.04,33412666.43,184.25,2211.14,,,
5107941,Tabaporã,resto_mt,FALSE,2005,833200,155704,1576551,6208484,7940739,1.96,19.85,78.19,0.1049,2349136.25,22388235.47,146.31,1394.47,-15.62,-32.99,
5107941,Tabaporã,resto_mt,FALSE,2006,1074056,1246199,1553957,10934900,13735056,9.07,11.31,79.61,0.0782,2945351.11,37665226.37,173.36,2216.78,25.38,68.24,
5107941,Tabaporã,resto_mt,FALSE,2007,1623440,2697300,2761304,22167783,27626387,9.76,10,80.24,0.0588,4233652.52,72044869.44,403.83,6871.9,43.74,91.28,
5107941,Tabaporã,resto_mt,FALSE,2008,1597420,1895100,3645534,24128098,29668732,6.39,12.29,81.33,0.0538,3912245.74,72661773.59,363.06,6742.93,-7.59,0.86,
5107941,Tabaporã,resto_mt,FALSE,2009,1857409,2461701,3718756,21943517,28123974,8.75,13.22,78.02,0.066,4369244.04,66156945.35,406.06,6148.42,11.68,-8.95,
5107941,Tabaporã,resto_mt,FALSE,2010,3325444,2203943,3542891,21031644,26778478,8.23,13.23,78.54,0.1242,7347518.64,59166645.46,739.78,5957.17,68.16,-10.57,
5107941,Tabaporã,resto_mt,FALSE,2011,4261064,2044292,3382341,18324894,23751527,8.61,14.24,77.15,0.1794,8875131.27,49470723.68,899.83,5015.8,20.79,-16.39,
5107941,Tabaporã,resto_mt,FALSE,2012,4268411,2477035,4909288,18407084,25793407,9.6,19.03,71.36,0.1655,8371620.15,50588522.47,854.67,5164.74,-5.67,2.26,
5107941,Tabaporã,resto_mt,FALSE,2013,6169782,4303368,7991366,25501241,37795975,11.39,21.14,67.47,0.1632,11463077.49,70222609.26,1184.44,7255.9,36.93,38.81,
5107941,Tabaporã,resto_mt,FALSE,2014,6465789,4096679,7976472,27261377,39334528,10.41,20.28,69.31,0.1644,11308716.29,68796401.74,1180.2,7179.74,-1.35,-2.03,
5107941,Tabaporã,resto_mt,FALSE,2015,7661184,3185583,7668374,28853528,39707485,8.02,19.31,72.67,0.1929,12041648.99,62411188.3,1269.02,6577.22,6.48,-9.28,
5107941,Tabaporã,resto_mt,FALSE,2016,8824927,2454109,7326494,31247575,41028178,5.98,17.86,76.16,0.2151,13014446.99,60505775.08,1384.82,6438.15,8.08,-3.05,
5107941,Tabaporã,resto_mt,FALSE,2017,11153030,2280354,5921205,31652615,39854174,5.72,14.86,79.42,0.2798,16114646.19,57583985.08,1731.09,6185.85,23.82,-4.83,
5107941,Tabaporã,resto_mt,FALSE,2018,13413461,1747282,6568780,39343477,47659539,3.67,13.78,82.55,0.2814,18737286.41,66575690.86,1958.95,6960.34,16.27,15.61,
5107941,Tabaporã,resto_mt,FALSE,2019,13856217,4932956,8995724,53576203,67504883,7.31,13.33,79.37,0.2053,18525551.2,90253000.99,1952.32,9511.32,-1.13,35.56,
5107941,Tabaporã,resto_mt,FALSE,2020,18065130,5064147,14352488,72900977,92317612,5.49,15.55,78.97,0.1957,22905087.06,117051077.95,2429.22,12413.95,23.64,29.69,
5107941,Tabaporã,resto_mt,FALSE,2021,17596297,5711058,19581253,118695260,143987571,3.97,13.6,82.43,0.1222,20252895.44,165726074.11,2164.46,17711.45,-11.58,41.58,
5107941,Tabaporã,resto_mt,FALSE,2022,16164632,5378032,24099419,179882039,209359490,2.57,11.51,85.92,0.0772,17563160.29,227472811.19,1788.87,23168.95,-13.28,37.26,
5107941,Tabaporã,resto_mt,FALSE,2023,12355568,5291444,26556705,209976860,241825009,2.19,10.98,86.83,0.0511,12944700.89,253355605.32,1318.47,25805.22,-26.3,11.38,
5107941,Tabaporã,resto_mt,FALSE,2024,12501161,5431372,30296377,241699668,277427417,1.96,10.92,87.12,0.0451,12501161,277427416.99,1261.73,28000.34,-3.43,9.5,
5107958,Tangará da Serra,resto_mt,FALSE,2000,17591540,11158580,16569314,237308285,265036179,4.21,6.25,89.54,0.0664,,,,,,,6.93
5107958,Tangará da Serra,resto_mt,FALSE,2001,18790150,11079135,23577015,105197677,139853827,7.92,16.86,75.22,0.1344,,,,,,,6.93
5107958,Tangará da Serra,resto_mt,FALSE,2002,23467612,14708400,26943797,140490756,182142953,8.08,14.79,77.13,0.1288,81426500.07,631988596.66,1299.18,10083.58,,,6.93
5107958,Tangará da Serra,resto_mt,FALSE,2003,25847994,13877608,35884104,181158512,230920224,6.01,15.54,78.45,0.1119,81249029.06,725860737.68,1260.56,11261.5,-0.22,14.85,6.93
5107958,Tangará da Serra,resto_mt,FALSE,2004,32568446,30750300,57259398,257113176,345122874,8.91,16.59,74.5,0.0944,96457989.56,1022150660.05,1414.53,14989.52,18.72,40.82,6.93
5107958,Tangará da Serra,resto_mt,FALSE,2005,37871269,32776128,60550300,271436124,364762552,8.99,16.6,74.41,0.1038,106774808.71,1028416864.29,1519.73,14637.51,10.7,0.61,6.93
5107958,Tangará da Serra,resto_mt,FALSE,2006,61892730,39070449,42895299,257708802,339674550,11.5,12.63,75.87,0.1822,169726551.3,931479188.79,2347.18,12881.56,58.96,-9.43,6.93
5107958,Tangará da Serra,resto_mt,FALSE,2007,95555370,46993956,53995131,347140442,448129529,10.49,12.05,77.46,0.2132,249191982.87,1168644796.38,3250.75,15245.12,46.82,25.46,6.93
5107958,Tangará da Serra,resto_mt,FALSE,2008,93722396,44533203,63591757,467297567,575422527,7.74,11.05,81.21,0.1629,229535779.23,1409268902.19,2873.88,17644.53,-7.89,20.59,6.93
5107958,Tangará da Serra,resto_mt,FALSE,2009,70526698,42172548,77593680,420525933,540292161,7.81,14.36,77.83,0.1305,165902262.11,1270946949.81,2024.18,15506.92,-27.72,-9.82,6.93
5107958,Tangará da Serra,resto_mt,FALSE,2010,107286595,49616675,128557326,471468760,649642761,7.64,19.79,72.57,0.1651,237048122.35,1435375935.79,2841.24,17204.35,42.88,12.94,6.93
5107958,Tangará da Serra,resto_mt,FALSE,2011,98720588,116266663,138531009,616549802,871347474,13.34,15.9,70.76,0.1133,205619576.86,1814880791.7,2410.02,21271.71,-13.26,26.44,6.93
5107958,Tangará da Serra,resto_mt,FALSE,2012,126282760,117827670,175775350,763834656,1057437676,11.14,16.62,72.23,0.1194,247677952.79,2073948960.28,2842.13,23798.83,20.45,14.27,6.93
5107958,Tangará da Serra,resto_mt,FALSE,2013,150344313,118025207,197311067,990787661,1306123935,9.04,15.11,75.86,0.1151,279330535.75,2426698364.81,3095,26888.02,12.78,17.01,6.93
5107958,Tangará da Serra,resto_mt,FALSE,2014,167483734,214957421,227010014,1326826138,1768793573,12.15,12.83,75.01,0.0947,292930380.41,3093634001.38,3173.75,33517.89,4.87,27.48,6.93
5107958,Tangará da Serra,resto_mt,FALSE,2015,177408333,474702608,265511968,1699672733,2439887309,19.46,10.88,69.66,0.0727,278845786.3,3834951175.38,2957.35,40672.31,-4.81,23.96,6.93
5107958,Tangará da Serra,resto_mt,FALSE,2016,201087143,550539694,218400717,1689478700,2458419111,22.39,8.88,68.72,0.0818,296550664.47,3625521801.13,3059.36,37402.74,6.35,-5.46,6.93
5107958,Tangará da Serra,resto_mt,FALSE,2017,208810383,674316121,191199772,1917160011,2782675904,24.23,6.87,68.9,0.075,301703253.92,4020596882.12,3052.8,40682.76,1.74,10.9,6.93
5107958,Tangará da Serra,resto_mt,FALSE,2018,229510035,929271702,199253282,2272077406,3400602390,27.33,5.86,66.81,0.0675,320602957.13,4750307245.65,3150.46,46679.63,6.26,18.15,6.93
5107958,Tangará da Serra,resto_mt,FALSE,2019,248944434,1150743913,236431686,2504505325,3891680924,29.57,6.08,64.36,0.064,332834918.78,5203118155.49,3208.04,50150.54,3.82,9.53,6.93
5107958,Tangará da Serra,resto_mt,FALSE,2020,308480522,1450978629,321953331,2990380376,4763312336,30.46,6.76,62.78,0.0648,391127725.75,6039485115.26,3699.98,57132.05,17.51,16.07,6.93
5107958,Tangará da Serra,resto_mt,FALSE,2021,361096463,1771269226,375151541,3491832403,5638253170,31.42,6.65,61.93,0.064,415612950.27,6489487642.27,3861.45,60293.86,6.26,7.45,6.93
5107958,Tangará da Serra,resto_mt,FALSE,2022,358117212,2019516313,424702502,4237932178,6682150993,30.22,6.36,63.42,0.0536,389100723.11,7260275954.66,3655.79,68213.87,-6.38,11.88,6.93
5107958,Tangará da Serra,resto_mt,FALSE,2023,338129491,2065655617,460740212,4849243769,7375639598,28.01,6.25,65.75,0.0458,354252036.3,7727321680.59,3328.37,72602,-8.96,6.43,6.93
5107958,Tangará da Serra,resto_mt,FALSE,2024,355648043,2774676559,490584564,5729130598,8994391721,30.85,5.45,63.7,0.0395,355648042.99,8994391721,3160.01,79916.76,0.39,16.4,6.93
5108006,Tapurah,resto_mt,FALSE,2003,809299,1269343,2905776,55198282,59373401,2.14,4.89,92.97,0.0136,2543901.78,186630776.22,197.7,14504.61,,,
5108006,Tapurah,resto_mt,FALSE,2004,659268,2640987,4427020,49963425,57031432,4.63,7.76,87.61,0.0116,1952554.51,168910032.49,269.84,23343.01,-23.25,-9.5,
5108006,Tapurah,resto_mt,FALSE,2005,617877,2309780,3944325,48971640,55225745,4.18,7.14,88.68,0.0112,1742051.44,155704271.69,232.61,20791.05,-10.78,-7.82,
5108006,Tapurah,resto_mt,FALSE,2006,737854,5576149,4011728,54429458,64017335,8.71,6.27,85.02,0.0115,2023394.59,175552790.97,261.38,22678.31,16.15,12.75,
5108006,Tapurah,resto_mt,FALSE,2007,1098307,9547464,5213079,61745508,76506051,12.48,6.81,80.71,0.0144,2864195.91,199514632.73,273.36,19041.3,41.55,13.65,
5108006,Tapurah,resto_mt,FALSE,2008,2161322,5669943,7594795,60358973,73623711,7.7,10.32,81.98,0.0294,5293299.69,180312034.21,480.34,16362.25,84.81,-9.62,
5108006,Tapurah,resto_mt,FALSE,2009,2010176,4686333,7413934,44734269,56834536,8.25,13.04,78.71,0.0354,4728602.85,133693740.88,410.57,11608.39,-10.67,-25.85,
5108006,Tapurah,resto_mt,FALSE,2010,2594593,4584887,8506741,35066482,48158110,9.52,17.66,72.82,0.053900000000000003,5732714.31,106404621.67,551.64,10239.08,21.23,-20.41,
5108006,Tapurah,resto_mt,FALSE,2011,3347862,7647785,8856701,51913282,68417768,11.18,12.95,75.88,0.0489,6973074.03,142503532.35,650.3,13289.52,21.64,33.93,
5108006,Tapurah,resto_mt,FALSE,2012,4560083,11931678,12611393,84877955,109421026,10.9,11.53,77.57,0.0417,8943675.46,214607090.58,809.98,19435.54,28.26,50.6,
5108006,Tapurah,resto_mt,FALSE,2013,7096830,15574770,23047249,128872924,167494943,9.3,13.76,76.94,0.0424,13185475.96,311195357.03,1138.06,26859.6,47.43,45.01,
5108006,Tapurah,resto_mt,FALSE,2014,8642834,14983553,25712235,186664610,227360398,6.59,11.31,82.1,0.038,15116385.29,397655141.09,1264.97,33276.59,14.64,27.78,
5108006,Tapurah,resto_mt,FALSE,2015,9604037,21181405,26289126,199120042,246590573,8.59,10.66,80.75,0.0389,15095374.63,387584625.03,1226.77,31498.13,-0.14,-2.53,
5108006,Tapurah,resto_mt,FALSE,2016,9351653,17547983,22550685,205862374,245961042,7.13,9.17,83.7,0.038,13791229.36,362727866.88,1091.77,28715,-8.64,-6.41,
5108006,Tapurah,resto_mt,FALSE,2017,11036710,15345605,21379219,221253079,257977903,5.95,8.29,85.76,0.0428,15946579.24,372743786.27,1229.78,28745.58,15.63,2.76,
5108006,Tapurah,resto_mt,FALSE,2018,14854505,14451389,19356762,207465980,241274131,5.99,8.02,85.99,0.0616,20750283.24,337036242.78,1553.29,25229.16,30.12,-9.58,
5108006,Tapurah,resto_mt,FALSE,2019,15831537,19082099,24661643,232221891,275965633,6.91,8.94,84.15,0.0574,21166523.98,368961850.52,1544.43,26921.69,2.01,9.47,
5108006,Tapurah,resto_mt,FALSE,2020,19578881,26145800,36175948,295464866,357786614,7.31,10.11,82.58,0.0547,24824397.81,453643762.42,1767.37,32297.01,17.28,22.95,
5108006,Tapurah,resto_mt,FALSE,2021,21637918,29896133,44180705,337264928,411341766,7.27,10.74,81.99,0.0526,24904699.6,473444030.76,1731.9,32923.78,0.32,4.36,
5108006,Tapurah,resto_mt,FALSE,2022,23548942,27812014,61783658,571723264,661318936,4.21,9.34,86.45,0.0356,25586344.5,718534791.33,1780.54,50002.41,2.74,51.77,
5108006,Tapurah,resto_mt,FALSE,2023,20094643,25832850,70189645,584945867,680968362,3.79,10.31,85.9,0.0295,21052787.14,713438003.26,1465.04,49647.75,-17.72,-0.71,
5108006,Tapurah,resto_mt,FALSE,2024,23145985,28282630,73476923,667870204,769629757,3.67,9.55,86.78,0.0301,23145985,769629757,1515.57,50394.82,9.94,7.88,
5108055,Terra Nova do Norte,resto_mt,FALSE,2003,1206144,1067565,2872479,15171800,19111844,5.59,15.03,79.38,0.0631,3791320.47,60075020.47,296.51,4698.49,,,
5108055,Terra Nova do Norte,resto_mt,FALSE,2004,1255338,1609173,3634657,19062035,24305865,6.62,14.95,78.43,0.0516,3717935.45,71986697.57,305.22,5909.75,-1.94,19.83,
5108055,Terra Nova do Norte,resto_mt,FALSE,2005,1391716,1213180,3351291,24737357,29301828,4.14,11.44,84.42,0.0475,3923824.41,82614001.64,331.25,6974,5.54,14.76,
5108055,Terra Nova do Norte,resto_mt,FALSE,2006,1624668,1541070,3083123,27978979,32603172,4.73,9.46,85.82,0.0498,4455277.65,89406687.1,386.95,7765.04,13.54,8.22,
5108055,Terra Nova do Norte,resto_mt,FALSE,2007,2690890,2120019,3880144,35322254,41322417,5.13,9.39,85.48,0.0651,7017378.67,107761761.89,481.16,7389.05,57.51,20.53,
5108055,Terra Nova do Norte,resto_mt,FALSE,2008,5257847,3752798,4379554,35761722,43894074,8.55,9.98,81.47,0.1198,12877007.64,107501098.03,854.87,7136.77,83.5,-0.24,
5108055,Terra Nova do Norte,resto_mt,FALSE,2009,5035531,3951207,4691824,40452907,49095938,8.05,9.56,82.4,0.1026,11845244.54,115489983.29,779.82,7603.04,-8.01,7.43,
5108055,Terra Nova do Norte,resto_mt,FALSE,2010,4616228,4629396,5220552,49759252,59609200,7.77,8.76,83.48,0.0774,10199486.52,131705633.26,903.33,11664.67,-13.89,14.04,
5108055,Terra Nova do Norte,resto_mt,FALSE,2011,5600849,3529874,5913276,58898782,68341932,5.17,8.65,86.18,0.082,11665694.32,142345577.81,1050.3,12815.85,14.38,8.08,
5108055,Terra Nova do Norte,resto_mt,FALSE,2012,8253862,6515000,8215698,75936731,90667429,7.19,9.06,83.75,0.091,16188271.8,177825723.81,1481.22,16271,38.77,24.93,
5108055,Terra Nova do Norte,resto_mt,FALSE,2013,11080006,9266208,8852729,99792590,117911527,7.86,7.51,84.63,0.094,20585973.29,219072403.55,1938.23,20626.34,27.17,23.2,
5108055,Terra Nova do Norte,resto_mt,FALSE,2014,13862327,12193645,8280223,126787745,147261613,8.28,5.62,86.1,0.0941,24245319.96,257561730.22,2333.3,24787,17.78,17.57,
5108055,Terra Nova do Norte,resto_mt,FALSE,2015,14392695,11383155,8559105,136400191,156342451,7.28,5.47,87.24,0.0921,22622062.26,245734982.94,2225.04,24169.87,-6.7,-4.59,
5108055,Terra Nova do Norte,resto_mt,FALSE,2016,14426681,9535904,9667233,140608392,159811529,5.97,6.05,87.98,0.0903,21275561.3,235679986.33,2167.44,24009.79,-5.95,-4.09,
5108055,Terra Nova do Norte,resto_mt,FALSE,2017,14021795,5807032,8879459,140926526,155613017,3.73,5.71,90.56,0.0901,20259630.37,224840129.63,2109.06,23406.22,-4.78,-4.6,
5108055,Terra Nova do Norte,resto_mt,FALSE,2018,16841636,3759974,11525605,157151000,172436579,2.18,6.68,91.14,0.0977,23526109.88,240876949.65,2385.54,24424.75,16.12,7.13,
5108055,Terra Nova do Norte,resto_mt,FALSE,2019,18021794,4495275,18410550,184974851,207880676,2.16,8.86,88.98,0.0867,24094864.24,277933299.42,2492.48,28750.72,2.42,15.38,
5108055,Terra Nova do Norte,resto_mt,FALSE,2020,24104408,7242487,24297022,219190776,250730285,2.89,9.69,87.42,0.0961,30562390.85,317905213.3,3226.27,33559.09,26.84,14.38,
5108055,Terra Nova do Norte,resto_mt,FALSE,2021,25751384,13522159,32257912,272100035,317880106,4.25,10.15,85.6,0.081,29639195.55,365872009.9,3192.51,39408.88,-3.02,15.09,
5108055,Terra Nova do Norte,resto_mt,FALSE,2022,22001781,15447955,37718466,315872070,369038491,4.19,10.22,85.59,0.0596,23905326.56,400966887.07,2251.82,37770.06,-19.35,9.59,
5108055,Terra Nova do Norte,resto_mt,FALSE,2023,20046573,19770209,38747646,346689704,405207559,4.88,9.56,85.56,0.0495,21002425.09,424528491.95,1978.37,39989.49,-12.14,5.88,
5108055,Terra Nova do Norte,resto_mt,FALSE,2024,19559601,18782651,43532793,358908398,421223842,4.46,10.33,85.21,0.0464,19559601.01,421223842,1838.14,39584.98,-6.87,-0.78,
5108204,Torixoréu,resto_mt,FALSE,2000,632008,13948,379273,6033665,6426886,0.22,5.9,93.88,0.0983,,,,,,,7.53
5108204,Torixoréu,resto_mt,FALSE,2001,856930,125160,1581771,7539395,9246326,1.35,17.11,81.54,0.0927,,,,,,,7.53
5108204,Torixoréu,resto_mt,FALSE,2002,1097063,129911,1632895,9037562,10800368,1.2,15.12,83.68,0.1016,3806522.81,37474463.34,818.79,8060.75,,,7.53
5108204,Torixoréu,resto_mt,FALSE,2003,1265249,392430,1889636,11527585,13809651,2.84,13.68,83.47,0.0916,3977107.58,43408426.04,871.22,9508.96,4.48,15.83,7.53
5108204,Torixoréu,resto_mt,FALSE,2004,1480196,555422,2358633,12851958,15766013,3.52,14.96,81.52,0.0939,4383897.54,46694211.85,999.28,10643.77,10.23,7.57,7.53
5108204,Torixoréu,resto_mt,FALSE,2005,1442047,571187,2692051,13310938,16574176,3.45,16.24,80.31,0.087,4065728.36,46729473.78,948.16,10897.73,-7.26,0.08,7.53
5108204,Torixoréu,resto_mt,FALSE,2006,1793571,2324963,3683952,19567316,25576231,9.09,14.4,76.51,0.0701,4918455.22,70136920.48,1173.86,16739.12,20.97,50.09,7.53
5108204,Torixoréu,resto_mt,FALSE,2007,3246229,2567550,4722482,21693386,28983418,8.86,16.29,74.85,0.112,8465607.33,75583773.07,2064.28,18430.57,72.12,7.77,7.53
5108204,Torixoréu,resto_mt,FALSE,2008,3396129,2588433,5843884,25510563,33942880,7.63,17.22,75.16,0.1001,8317468.92,83129601.27,1987.92,19868.46,-1.75,9.98,7.53
5108204,Torixoréu,resto_mt,FALSE,2009,4520898,2877847,7404123,26907154,37189124,7.74,19.91,72.35,0.1216,10634656.46,87481194.68,2585.63,21269.43,27.86,5.23,7.53
5108204,Torixoréu,resto_mt,FALSE,2010,5561559,3046861,9472581,32064818,44584260,6.83,21.25,71.92,0.1247,12288181.19,98508253.71,3018.47,24197.55,15.55,12.61,7.53
5108204,Torixoréu,resto_mt,FALSE,2011,5834007,3555182,11679817,40343216,55578215,6.4,21.02,72.59,0.105,12151326.04,115760747.4,3027.99,28846.44,-1.11,17.51,7.53
5108204,Torixoréu,resto_mt,FALSE,2012,7622081,6262496,13509521,52389559,72161576,8.68,18.72,72.6,0.1056,14949161.85,141530256.5,3777.91,35767.05,23.02,22.26,7.53
5108204,Torixoréu,resto_mt,FALSE,2013,9938516,9112867,14333726,65495364,88941957,10.25,16.12,73.64,0.1117,18465154.71,165248714.78,4784.95,42821.63,23.52,16.76,7.53
5108204,Torixoréu,resto_mt,FALSE,2014,11263449,8864098,16338293,80864673,106067064,8.36,15.4,76.24,0.1062,19699861.72,185512136.99,5204.73,49012.45,6.69,12.26,7.53
5108204,Torixoréu,resto_mt,FALSE,2015,13067966,8706479,17874767,95553941,122135187,7.13,14.64,78.24,0.107,20539887.79,191968898.41,5531.89,51701.84,4.26,3.48,7.53
5108204,Torixoréu,resto_mt,FALSE,2016,11407159,6982297,17304458,104655750,128942505,5.42,13.42,81.16,0.0885,16822560.26,190156292.26,4616.52,52183.4,-18.1,-0.94,7.53
5108204,Torixoréu,resto_mt,FALSE,2017,13357946,5533732,14514031,115427541,135475304,4.08,10.71,85.2,0.0986,19300456.79,195743810.51,5397.22,54738.2,14.73,2.94,7.53
5108204,Torixoréu,resto_mt,FALSE,2018,14512182,3514525,15292117,128137343,146943985,2.39,10.41,87.2,0.0988,20272091.65,205266301.84,5520.73,55900.41,5.03,4.86,7.53
5108204,Torixoréu,resto_mt,FALSE,2019,28454683,3380359,19010121,139396757,161787237,2.09,11.75,86.16,0.1759,38043478.03,216307073.11,10541.28,59935.46,87.66,5.38,7.53
5108204,Torixoréu,resto_mt,FALSE,2020,26594757,3075250,19953418,144503459,167532127,1.84,11.91,86.25,0.1587,33719946.91,212416846.92,9506.62,59886.35,-11.36,-1.8,7.53
5108204,Torixoréu,resto_mt,FALSE,2021,28395746,2828766,23622624,154735889,181187279,1.56,13.04,85.4,0.1567,32682789.73,208542002.75,9372.75,59805.57,-3.08,-1.82,7.53
5108204,Torixoréu,resto_mt,FALSE,2022,17873212,3055282,27881975,196636558,227573815,1.34,12.25,86.41,0.0785,19419562.87,247262999.4,4663.67,59381.12,-40.58,18.57,7.53
5108204,Torixoréu,resto_mt,FALSE,2023,17768366,3887159,31020148,232170934,267078241,1.46,11.61,86.93,0.0665,18615589.61,279812951.09,4470.61,67198.11,-4.14,13.16,7.53
5108204,Torixoréu,resto_mt,FALSE,2024,18812661,3630601,36000194,244572638,284203433,1.28,12.67,86.06,0.0662,18812661,284203433,4447.43,67187.57,1.06,1.57,7.53
5108501,Vera,resto_mt,FALSE,2000,855231,0,753982,1099880,1853862,0,40.67,59.33,0.4613,,,,,,,3
5108501,Vera,resto_mt,FALSE,2001,947802,0,1705594,2072073,3777667,0,45.15,54.85,0.2509,,,,,,,3
5108501,Vera,resto_mt,FALSE,2002,1180806,0,1609611,1878577,3488188,0,46.14,53.86,0.3385,4097089.2,12103103.65,420.18,1241.22,,,3
5108501,Vera,resto_mt,FALSE,2003,1444870,0,2263938,2635208,4899146,0,46.21,53.79,0.2949,4541717.43,15399680.75,450.89,1528.81,10.85,27.24,3
5108501,Vera,resto_mt,FALSE,2004,1898094,0,4059424,4686955,8746379,0,46.41,53.59,0.217,5621586.34,25904156.87,522.9,2409.47,23.78,68.21,3
5108501,Vera,resto_mt,FALSE,2005,1729450,0,3036472,3641840,6678312,0,45.47,54.53,0.259,4876036.57,18828930.35,438.25,1692.33,-13.26,-27.31,3
5108501,Vera,resto_mt,FALSE,2006,1922470,0,2436724,3113167,5549891,0,43.91,56.09,0.3464,5271931.01,15219297.31,458.47,1323.53,8.12,-19.17,3
5108501,Vera,resto_mt,FALSE,2007,2867643,0,2664320,5875185,8539505,0,31.2,68.8,0.3358,7478320.1,22269561.45,813.93,2423.76,41.85,46.32,3
5108501,Vera,resto_mt,FALSE,2008,3198519,623919,4300524,7527777,12452220,5.01,34.54,60.45,0.2569,7833501.73,30496766.43,827.36,3221.03,4.75,36.94,3
5108501,Vera,resto_mt,FALSE,2009,3889692,1484322,8668095,15732224,25884641,5.73,33.49,60.78,0.1503,9149849.9,60889288.98,962.94,6408.06,16.8,99.66,3
5108501,Vera,resto_mt,FALSE,2010,4428615,2011351,10049446,18103828,30164625,6.67,33.32,60.02,0.1468,9784958.41,66648286.47,956.02,6511.79,6.94,9.46,3
5108501,Vera,resto_mt,FALSE,2011,6033688,3468154,7287330,22491001,33246485,10.43,21.92,67.65,0.1815,12567230.39,69247239.27,1217.05,6706.1,28.43,3.9,3
5108501,Vera,resto_mt,FALSE,2012,6649315,3701155,11614834,28295372,43611361,8.49,26.63,64.88,0.1525,13041279.16,85534815.77,1252.29,8213.45,3.77,23.52,3
5108501,Vera,resto_mt,FALSE,2013,7184309,4529213,19175697,39087939,62792849,7.21,30.54,62.25,0.1144,13348006.6,116665271.89,1263.89,11046.81,2.35,36.4,3
5108501,Vera,resto_mt,FALSE,2014,8669279,4828543,19617429,41664767,66110739,7.3,29.67,63.02,0.1311,15162637.79,115628207.35,1423.73,10857.1,13.59,-0.89,3
5108501,Vera,resto_mt,FALSE,2015,10761742,3589358,16888540,39393451,59871349,6,28.21,65.8,0.1797,16915025.13,94104223.34,1575.54,8765.29,11.56,-18.61,3
5108501,Vera,resto_mt,FALSE,2016,9016025,1969958,10557309,39426217,51953484,3.79,20.32,75.89,0.1735,13296266.32,76617728.86,1228.85,7081.11,-21.39,-18.58,3
5108501,Vera,resto_mt,FALSE,2017,11064390,1012057,8069461,42619159,51700677,1.96,15.61,82.43,0.214,15986573.17,74700607.6,1466.52,6852.63,20.23,-2.5,3
5108501,Vera,resto_mt,FALSE,2018,12523007,1691831,11733153,57609550,71034534,2.38,16.52,81.1,0.1763,17493409.73,99228261.01,1559.68,8847.02,9.43,32.83,3
5108501,Vera,resto_mt,FALSE,2019,13182231,3100214,18741466,84522780,106364460,2.91,17.62,79.47,0.1239,17624442.19,142207663.92,1558.44,12574.73,0.75,43.31,3
5108501,Vera,resto_mt,FALSE,2020,7960619,4366513,16723815,91177071,112267399,3.89,14.9,81.21,0.0709,10093404.88,142345753.82,885.23,12484.28,-42.73,0.1,3
5108501,Vera,resto_mt,FALSE,2021,7526077,5662801,24711149,113473520,143847470,3.94,17.18,78.88,0.0523,8662325.4,165564821.36,738.41,14113.44,-14.18,16.31,3
5108501,Vera,resto_mt,FALSE,2022,8515380,6925128,32425377,155289309,194639814,3.56,16.66,79.78,0.0437,9252111.9,211479621.3,722.81,16521.84,6.81,27.73,3
5108501,Vera,resto_mt,FALSE,2023,7100355,6844847,46081204,190567163,243493214,2.81,18.93,78.26,0.0292,7438911.09,255103352.94,581.16,19929.95,-19.6,20.63,3
5108501,Vera,resto_mt,FALSE,2024,7852346,6000741,38079386,194163076,238243203,2.52,15.98,81.5,0.033,7852345.99,238243203.01,586.49,17793.95,5.56,-6.61,3
5105507,Vila Bela da Santíssima Trindade,resto_mt,FALSE,2000,464475,0,78033,10719474,10797507,0,0.72,99.28,0.043,,,,,,,8.6
5105507,Vila Bela da Santíssima Trindade,resto_mt,FALSE,2001,410133,7297,431683,9515891,9954871,0.07,4.34,95.59,0.0412,,,,,,,8.6
5105507,Vila Bela da Santíssima Trindade,resto_mt,FALSE,2002,347979,225035,492701,10416468,11134204,2.02,4.43,93.55,0.0313,1207396.48,38632787.29,90.85,2906.69,,,8.6
5105507,Vila Bela da Santíssima Trindade,resto_mt,FALSE,2003,442844,757081,746020,11157099,12660200,5.98,5.89,88.13,0.035,1392009.18,39795310.92,102.5,2930.22,15.29,3.01,8.6
5105507,Vila Bela da Santíssima Trindade,resto_mt,FALSE,2004,633960,526831,1444329,11362715,13333875,3.95,10.83,85.22,0.0475,1877599.78,39490947.02,132.33,2783.02,34.88,-0.76,8.6
5105507,Vila Bela da Santíssima Trindade,resto_mt,FALSE,2005,556837,212274,1486694,14450543,16149511,1.31,9.21,89.48,0.0345,1569954.36,45532167.09,108.07,3134.09,-16.39,15.3,8.6
5105507,Vila Bela da Santíssima Trindade,resto_mt,FALSE,2006,654286,358653,2024929,17641977,20025559,1.79,10.11,88.1,0.0327,1794228.6,54915481.45,120.73,3695.03,14.29,20.61,8.6
5105507,Vila Bela da Santíssima Trindade,resto_mt,FALSE,2007,770155,871772,2590747,21671329,25133848,3.47,10.31,86.22,0.0306,2008431.87,65544756.09,144.63,4720.21,11.94,19.36,8.6
5105507,Vila Bela da Santíssima Trindade,resto_mt,FALSE,2008,2046430,2197233,4135290,26372807,32705330,6.72,12.64,80.64,0.0626,5011917.38,80098714.15,348.97,5577.14,149.54,22.2,8.6
5105507,Vila Bela da Santíssima Trindade,resto_mt,FALSE,2009,2305643,2430955,5476741,30425667,38333363,6.34,14.29,79.37,0.0601,5423639.56,90172825.56,373.45,6208.96,8.21,12.58,8.6
5105507,Vila Bela da Santíssima Trindade,resto_mt,FALSE,2010,2490700,1496631,6334537,31733286,39564454,3.78,16.01,80.21,0.063,5503164.29,87417067.65,379.72,6031.67,1.47,-3.06,8.6
5105507,Vila Bela da Santíssima Trindade,resto_mt,FALSE,2011,1827799,1624042,6614118,28431671,36669831,4.43,18.04,77.53,0.0498,3807020.03,76377534.68,260.14,5219.18,-30.82,-12.63,8.6
5105507,Vila Bela da Santíssima Trindade,resto_mt,FALSE,2012,2992059,2108461,8384589,35769379,46262429,4.56,18.12,77.32,0.0647,5868315.27,90734346.53,397.31,6143.14,54.14,18.8,8.6
5105507,Vila Bela da Santíssima Trindade,resto_mt,FALSE,2013,3894201,3035845,11341782,42170981,56548608,5.37,20.06,74.57,0.0689,7235187.23,105063854.12,482.37,7004.73,23.29,15.79,8.6
5105507,Vila Bela da Santíssima Trindade,resto_mt,FALSE,2014,3582244,2900040,11629759,51170174,65699973,4.41,17.7,77.88,0.0545,6265373.2,114909774.37,413.88,7590.82,-13.4,9.37,8.6
5105507,Vila Bela da Santíssima Trindade,resto_mt,FALSE,2015,4959776,4036079,11465624,66364802,81866505,4.93,14.01,81.06,0.0606,7795646.43,128675635.3,510.39,8424.48,24.42,11.98,8.6
5105507,Vila Bela da Santíssima Trindade,resto_mt,FALSE,2016,6089499,2702030,11500542,68699628,82902200,3.26,13.87,82.87,0.0735,8980409.93,122258947.69,582.91,7935.81,15.2,-4.99,8.6
5105507,Vila Bela da Santíssima Trindade,resto_mt,FALSE,2017,5752727,1884608,10904110,82134615,94923333,1.99,11.49,86.53,0.0606,8311926.01,137151601.5,535.07,8829.12,-7.44,12.18,8.6
5105507,Vila Bela da Santíssima Trindade,resto_mt,FALSE,2018,5463538,1060402,10854717,85557192,97472311,1.09,11.14,87.78,0.0561,7632025.49,136159236.54,477.51,8519,-8.18,-0.72,8.6
5105507,Vila Bela da Santíssima Trindade,resto_mt,FALSE,2019,6115917,1182178,12677750,87665949,101525877,1.16,12.49,86.35,0.0602,8176887.94,135738552.1,507.01,8416.33,7.14,-0.31,8.6
5105507,Vila Bela da Santíssima Trindade,resto_mt,FALSE,2020,10041456,1349949,13189088,94477721,109016758,1.24,12.1,86.66,0.0921,12731733.67,138224210.55,782.49,8495.12,55.7,1.83,8.6
5105507,Vila Bela da Santíssima Trindade,resto_mt,FALSE,2021,10179610,1263892,13900102,104421675,119585669,1.06,11.62,87.32,0.0851,11716475.18,137640098.41,713.91,8386.54,-7.97,-0.42,8.6
5105507,Vila Bela da Santíssima Trindade,resto_mt,FALSE,2022,9276826,1360878,16618517,121442409,139421804,0.98,11.92,87.1,0.0665,10079436.52,151484270.88,600.89,9030.89,-13.97,10.06,8.6
5105507,Vila Bela da Santíssima Trindade,resto_mt,FALSE,2023,7889108,1350736,20581038,142762636,164694410,0.82,12.5,86.68,0.0479,8265273.06,172547298.19,492.74,10286.59,-18,13.9,8.6
5105507,Vila Bela da Santíssima Trindade,resto_mt,FALSE,2024,7419154,2048654,24836886,164970983,191856523,1.07,12.95,85.99,0.0387,7419154.01,191856523.01,426.78,11036.38,-10.24,11.19,8.6
5108600,Vila Rica,resto_mt,FALSE,2000,2563770,275338,1900710,34908312,37084360,0.74,5.13,94.13,0.0691,,,,,,,7.45
5108600,Vila Rica,resto_mt,FALSE,2001,2876287,845689,4863628,46908969,52618286,1.61,9.24,89.15,0.0547,,,,,,,7.45
5108600,Vila Rica,resto_mt,FALSE,2002,3322560,943658,5629798,56154299,62727755,1.5,8.97,89.52,0.053,11528417.64,217648968.58,683.33,12900.79,,,7.45
5108600,Vila Rica,resto_mt,FALSE,2003,3177326,774394,6626723,63013383,70414500,1.1,9.41,89.49,0.0451,9987415.38,221336702.47,571.73,12670.25,-13.37,1.69,7.45
5108600,Vila Rica,resto_mt,FALSE,2004,4174358,1447997,6365940,62727716,70541653,2.05,9.02,88.92,0.0592,12363199.04,208923263.59,660.28,11158.05,23.79,-5.61,7.45
5108600,Vila Rica,resto_mt,FALSE,2005,4532449,1309230,5899341,59445794,66654365,1.96,8.85,89.19,0.068,12778852.88,187926289.76,658.1,9677.94,3.36,-10.05,7.45
5108600,Vila Rica,resto_mt,FALSE,2006,5499422,1492878,5870982,64925030,72288890,2.07,8.12,89.81,0.0761,15080897.71,198235624.7,749.99,9858.55,18.01,5.49,7.45
5108600,Vila Rica,resto_mt,FALSE,2007,7203564,2498085,8836114,63441927,74776126,3.34,11.82,84.84,0.0963,18785656.92,195003285.64,992.17,10299.12,24.57,-1.63,7.45
5108600,Vila Rica,resto_mt,FALSE,2008,7826845,4428146,11307900,75931628,91667674,4.83,12.34,82.83,0.0854,19168747.73,224503553.9,974.43,11412.34,2.04,15.13,7.45
5108600,Vila Rica,resto_mt,FALSE,2009,10061923,4808059,15179626,87848045,107835730,4.46,14.08,81.46,0.0933,23668991.09,253665520.28,1179.03,12635.89,23.48,12.99,7.45
5108600,Vila Rica,resto_mt,FALSE,2010,13866856,7506330,19611105,115956187,143073622,5.25,13.71,81.05,0.0969,30638610.33,316119021.7,1432.92,14784.35,29.45,24.62,7.45
5108600,Vila Rica,resto_mt,FALSE,2011,17516461,9799100,25212192,148340785,183352077,5.34,13.75,80.9,0.0955,36484054.36,381893759.49,1671.43,17495.59,19.08,20.81,7.45
5108600,Vila Rica,resto_mt,FALSE,2012,17131720,10969382,30970325,149828790,191768497,5.72,16.15,78.13,0.0893,33600384.87,376114908.7,1509.59,16897.96,-7.9,-1.51,7.45
5108600,Vila Rica,resto_mt,FALSE,2013,24122003,10013372,29827483,158404437,198245292,5.05,15.05,79.9,0.1217,44817205.83,368327624.24,1949.43,16021.22,33.38,-2.07,7.45
5108600,Vila Rica,resto_mt,FALSE,2014,27704535,9949435,30788668,152944906,193683009,5.14,15.9,78.97,0.143,48455451.65,338753120.36,2064.65,14434.06,8.12,-8.03,7.45
5108600,Vila Rica,resto_mt,FALSE,2015,30958509,9544351,29626696,145581204,184752251,5.17,16.04,78.8,0.1676,48659776.23,290388764.89,2032.84,12131.38,0.42,-14.28,7.45
5108600,Vila Rica,resto_mt,FALSE,2016,32425142,7324325,24135216,133567031,165026572,4.44,14.63,80.94,0.1965,47818558.96,243370803.56,1960.41,9977.48,-1.73,-16.19,7.45
5108600,Vila Rica,resto_mt,FALSE,2017,34121236,5698394,25563035,154266631,185528060,3.07,13.78,83.15,0.1839,49300651.54,268063391.26,1985.13,10793.78,3.1,10.15,7.45
5108600,Vila Rica,resto_mt,FALSE,2018,49659327,5774799,26428700,199250307,231453806,2.5,11.42,86.09,0.2146,69369198.11,323318214.12,2712.92,12644.44,40.71,20.61,7.45
5108600,Vila Rica,resto_mt,FALSE,2019,50441560,11040159,37919951,263055290,312015400,3.54,12.15,84.31,0.1617,67439597.9,417159840.23,2590.14,16021.82,-2.78,29.02,7.45
5108600,Vila Rica,resto_mt,FALSE,2020,62753048,17070287,47166735,334146543,398383565,4.28,11.84,83.88,0.1575,79565661.99,505117330.39,3002.93,19063.9,17.98,21.08,7.45
5108600,Vila Rica,resto_mt,FALSE,2021,70195340,22525699,61401973,468901227,552828899,4.07,11.11,84.82,0.127,80793071.5,636292163.58,2998.34,23613.61,1.54,25.97,7.45
5108600,Vila Rica,resto_mt,FALSE,2022,60683766,39417473,63615881,545395249,648428603,6.08,9.81,84.11,0.0936,65933991.56,704529215.15,3315.27,35424.85,-18.39,10.72,7.45
5108600,Vila Rica,resto_mt,FALSE,2023,60833007,52406023,75767400,627680303,755853726,6.93,10.02,83.04,0.0805,63733620.34,791894019.04,3204.64,39817.68,-3.34,12.4,7.45
5108600,Vila Rica,resto_mt,FALSE,2024,55983557,51476322,75611319,771470613,898558254,5.73,8.41,85.86,0.0623,55983557,898558254.01,2823.61,45319.94,-12.16,13.47,7.45
5100201,Água Boa,resto_mt,FALSE,2000,2318637,710202,2858485,29983051,33551738,2.12,8.52,89.36,0.0691,,,,,,,9.1
5100201,Água Boa,resto_mt,FALSE,2001,2291168,1151525,6739069,36151291,44041885,2.61,15.3,82.08,0.052,,,,,,,9.1
5100201,Água Boa,resto_mt,FALSE,2002,2858963,1304768,9060257,45340899,55705924,2.34,16.26,81.39,0.0513,9919856.82,193285044.28,670.93,13073.06,,,9.1
5100201,Água Boa,resto_mt,FALSE,2003,3984056,1474517,11552378,54369220,67396115,2.19,17.14,80.67,0.0591,12523241.91,211848892.68,846.17,14314.1,26.24,9.6,9.1
5100201,Água Boa,resto_mt,FALSE,2004,4711144,9395936,14025138,64728055,88149129,10.66,15.91,73.43,0.0534,13952998.53,261071337.71,940.8,17603.08,11.42,23.23,9.1
5100201,Água Boa,resto_mt,FALSE,2005,4547486,9851894,14953924,60063641,84869459,11.61,17.62,70.77,0.0536,12821248.41,239282191.72,863.44,16114.37,-8.11,-8.35,9.1
5100201,Água Boa,resto_mt,FALSE,2006,4905089,12371088,14562594,64481519,91415201,13.53,15.93,70.54,0.0537,13451076.4,250685125.71,904.83,16862.99,4.91,4.77,9.1
5100201,Água Boa,resto_mt,FALSE,2007,7551429,15262032,19653585,77409028,112324645,13.59,17.5,68.92,0.0672,19692829.04,292923370.13,1036.96,15424.33,46.4,16.85,9.1
5100201,Água Boa,resto_mt,FALSE,2008,9570697,15366770,24050129,96400693,135817592,11.31,17.71,70.98,0.0705,23439620.5,332631240.17,1185.19,16819.09,19.03,13.56,9.1
5100201,Água Boa,resto_mt,FALSE,2009,13001811,17743021,29435466,110181605,157360092,11.28,18.71,70.02,0.0826,30584585.95,370163299.4,1508.42,18256.22,30.48,11.28,9.1
5100201,Água Boa,resto_mt,FALSE,2010,14003329,26243030,34221960,138602380,199067370,13.18,17.19,69.63,0.0703,30940145.38,439836368,1483.51,21089.2,1.16,18.82,9.1
5100201,Água Boa,resto_mt,FALSE,2011,17127493,33516481,38004277,179172622,250693380,13.37,15.16,71.47,0.0683,35673894.72,522155183.26,1672.87,24485.58,15.3,18.72,9.1
5100201,Água Boa,resto_mt,FALSE,2012,26967255,36220736,48729326,234585266,319535328,11.34,15.25,73.41,0.0844,52890786.6,626703564.97,2428.64,28776.91,48.26,20.02,9.1
5100201,Água Boa,resto_mt,FALSE,2013,26472304,44501133,65646517,293590968,403738618,11.02,16.26,72.72,0.0656,49183921.31,750121652.22,2181.2,33266.29,-7.01,19.69,9.1
5100201,Água Boa,resto_mt,FALSE,2014,32875447,55044779,64718499,350012536,469775814,11.72,13.78,74.51,0.07,57499417.8,821641628.16,2493.8,35635.24,16.91,9.53,9.1
5100201,Água Boa,resto_mt,FALSE,2015,35809550,50270633,69087748,410932495,530290876,9.48,13.03,77.49,0.0675,56284515.83,833497354.87,2389.89,35391.18,-2.11,1.44,9.1
5100201,Água Boa,resto_mt,FALSE,2016,38141674,42648321,67602289,435465878,545716488,7.82,12.39,79.8,0.0699,56248940.63,804788335.58,2340.6,33488.19,-0.06,-3.44,9.1
5100201,Água Boa,resto_mt,FALSE,2017,43251011,36540674,54866147,429177895,520584716,7.02,10.54,82.44,0.0831,62491963.12,752175732.36,2550.59,30699.8,11.1,-6.54,9.1
5100201,Água Boa,resto_mt,FALSE,2018,55701821,29949504,54886722,449663860,534500086,5.6,10.27,84.13,0.1042,77809968.22,746644076.58,3084.15,29594.68,24.51,-0.74,9.1
5100201,Água Boa,resto_mt,FALSE,2019,58276907,36238405,65608491,507346025,609192921,5.95,10.77,83.28,0.0957,77915337.55,814481662.12,3029.25,31666.01,0.14,9.09,9.1
5100201,Água Boa,resto_mt,FALSE,2020,78633327,35575130,74409365,564258269,674242764,5.28,11.04,83.69,0.1166,99700539.14,854883923.21,3804.78,32624.17,27.96,4.96,9.1
5100201,Água Boa,resto_mt,FALSE,2021,75387027,58324776,95011211,684636918,837972905,6.96,11.34,81.7,0.09,86768572.71,964485745.42,3252.32,36151.51,-12.97,12.82,9.1
5100201,Água Boa,resto_mt,FALSE,2022,74105246,54037528,116956528,838836457,1009830513,5.35,11.58,83.07,0.0734,80516668.39,1097198821.08,2755.63,37550.86,-7.21,13.76,9.1
5100201,Água Boa,resto_mt,FALSE,2023,67964888,60442412,136601950,942043825,1139088187,5.31,11.99,82.7,0.0597,71205560.62,1193401701.18,2436.95,40843.35,-11.56,8.77,9.1
5100201,Água Boa,resto_mt,FALSE,2024,67439833,69747342,142633687,1107661281,1320042310,5.28,10.81,83.91,0.0511,67439832.99,1320042309.99,2153.67,42155.03,-5.29,10.61,9.1
