id_municipio,municipio,grupo,subgrupo,pantanal_norte,ano,valor_exp_fob_usd,valor_imp_fob_usd,balanca_comercial_usd,valor_usd_por_kg_exp,n_produtos_exp,n_destinos_exp,part_sh4_principal_exp,flag_zpe_caceres,valor_bioeconomia_brl2024,valor_extrativismo_brl2024,valor_silvicultura_brl2024,valor_aquicultura_brl2024,n_produtos_extrativismo,n_ucs,area_uc_ha,n_tis,area_ti_ha,area_protegida_total_ha,flag_cobertura_ig_pantanal,flag_estatico_uc_ti,flag_estatico_ig
5100102,Acorizal,resto_mt,Demais MT,FALSE,2000,0,0,0,,0,0,,FALSE,,,,,4,0,0,0,0,0,FALSE,TRUE,TRUE
5100102,Acorizal,resto_mt,Demais MT,FALSE,2001,0,0,0,,0,0,,FALSE,,,,,4,0,0,0,0,0,FALSE,TRUE,TRUE
5100102,Acorizal,resto_mt,Demais MT,FALSE,2002,0,0,0,,0,0,,FALSE,333095,333095,0,0,4,0,0,0,0,0,FALSE,TRUE,TRUE
5100102,Acorizal,resto_mt,Demais MT,FALSE,2003,0,0,0,,0,0,,FALSE,298617,298617,0,0,3,0,0,0,0,0,FALSE,TRUE,TRUE
5100102,Acorizal,resto_mt,Demais MT,FALSE,2004,0,0,0,,0,0,,FALSE,544953,544953,0,0,3,0,0,0,0,0,FALSE,TRUE,TRUE
5100102,Acorizal,resto_mt,Demais MT,FALSE,2005,0,0,0,,0,0,,FALSE,628729,628729,0,0,3,0,0,0,0,0,FALSE,TRUE,TRUE
5100102,Acorizal,resto_mt,Demais MT,FALSE,2006,0,0,0,,0,0,,FALSE,756866,756866,0,0,3,0,0,0,0,0,FALSE,TRUE,TRUE
5100102,Acorizal,resto_mt,Demais MT,FALSE,2007,0,0,0,,0,0,,FALSE,800603,800603,0,0,3,0,0,0,0,0,FALSE,TRUE,TRUE
5100102,Acorizal,resto_mt,Demais MT,FALSE,2008,0,0,0,,0,0,,FALSE,977192,977192,0,0,3,0,0,0,0,0,FALSE,TRUE,TRUE
5100102,Acorizal,resto_mt,Demais MT,FALSE,2009,0,0,0,,0,0,,FALSE,952695,952695,0,0,3,0,0,0,0,0,FALSE,TRUE,TRUE
5100102,Acorizal,resto_mt,Demais MT,FALSE,2010,0,4384150,-4384150,,0,0,,FALSE,806462,806462,0,0,3,0,0,0,0,0,FALSE,TRUE,TRUE
5100102,Acorizal,resto_mt,Demais MT,FALSE,2011,0,11689810,-11689810,,0,0,,FALSE,749824,749824,0,0,2,0,0,0,0,0,FALSE,TRUE,TRUE
5100102,Acorizal,resto_mt,Demais MT,FALSE,2012,0,109464,-109464,,0,0,,FALSE,772751,772751,0,0,3,0,0,0,0,0,FALSE,TRUE,TRUE
5100102,Acorizal,resto_mt,Demais MT,FALSE,2013,3003000,247517,2755483,6.5,1,1,100,FALSE,849078,778476,0,70602,3,0,0,0,0,0,FALSE,TRUE,TRUE
5100102,Acorizal,resto_mt,Demais MT,FALSE,2014,8551318,1764306,6787012,6.8747,1,2,100,FALSE,1533880,676866,0,857014,3,0,0,0,0,0,FALSE,TRUE,TRUE
5100102,Acorizal,resto_mt,Demais MT,FALSE,2015,9142960,1989769,7153191,7.0768,1,3,100,FALSE,1409881,754451,0,655430,3,0,0,0,0,0,FALSE,TRUE,TRUE
5100102,Acorizal,resto_mt,Demais MT,FALSE,2016,15442867,295211,15147656,6.7985,3,5,99.9,FALSE,339189,228584,0,110605,3,0,0,0,0,0,FALSE,TRUE,TRUE
5100102,Acorizal,resto_mt,Demais MT,FALSE,2017,20212282,1182696,19029586,5.6623,1,7,100,FALSE,499924,92471,0,407453,2,0,0,0,0,0,FALSE,TRUE,TRUE
5100102,Acorizal,resto_mt,Demais MT,FALSE,2018,16997614,303210,16694404,5.2925,1,9,100,FALSE,339447,58670,0,280777,2,0,0,0,0,0,FALSE,TRUE,TRUE
5100102,Acorizal,resto_mt,Demais MT,FALSE,2019,23758162,205937,23552225,5.4483,2,13,99.9,FALSE,247342,44120,0,203222,2,0,0,0,0,0,FALSE,TRUE,TRUE
5100102,Acorizal,resto_mt,Demais MT,FALSE,2020,36651710,238454,36413256,6.333,1,15,100,FALSE,235832,41841,0,193991,2,0,0,0,0,0,FALSE,TRUE,TRUE
5100102,Acorizal,resto_mt,Demais MT,FALSE,2021,33130300,948948,32181352,5.7659,1,20,100,FALSE,226742,44888,0,181854,3,0,0,0,0,0,FALSE,TRUE,TRUE
5100102,Acorizal,resto_mt,Demais MT,FALSE,2022,50709259,237294,50471965,7.4793,2,15,100,FALSE,355292,36942,0,318350,3,0,0,0,0,0,FALSE,TRUE,TRUE
5100102,Acorizal,resto_mt,Demais MT,FALSE,2023,46882075,153690,46728385,8.1293,2,13,99.5,FALSE,1089588,34573,0,1055015,2,0,0,0,0,0,FALSE,TRUE,TRUE
5100102,Acorizal,resto_mt,Demais MT,FALSE,2024,36668891,163350,36505541,5.6304,2,18,99.9,FALSE,1313000,108000,0,1205000,2,0,0,0,0,0,FALSE,TRUE,TRUE
5100201,Água Boa,resto_mt,Demais MT,FALSE,2000,15015038,0,15015038,0.1865,1,1,100,FALSE,,,,,3,0,0,2,1255.8228213609386,1255.8228213609386,FALSE,TRUE,TRUE
5100201,Água Boa,resto_mt,Demais MT,FALSE,2001,18447922,0,18447922,0.18,2,5,63.1,FALSE,,,,,3,0,0,2,1255.8228213609386,1255.8228213609386,FALSE,TRUE,TRUE
5100201,Água Boa,resto_mt,Demais MT,FALSE,2002,65202716,0,65202716,0.1814,2,5,95.7,FALSE,666190,666190,0,0,3,0,0,2,1255.8228213609386,1255.8228213609386,FALSE,TRUE,TRUE
5100201,Água Boa,resto_mt,Demais MT,FALSE,2003,17607469,0,17607469,0.203,9,5,96.5,FALSE,748115,748115,0,0,3,0,0,2,1255.8228213609386,1255.8228213609386,FALSE,TRUE,TRUE
5100201,Água Boa,resto_mt,Demais MT,FALSE,2004,3757953,0,3757953,0.5192,3,3,58.1,FALSE,799659,799659,0,0,3,0,0,2,1255.8228213609386,1255.8228213609386,FALSE,TRUE,TRUE
5100201,Água Boa,resto_mt,Demais MT,FALSE,2005,702000,0,702000,10.3235,1,2,100,FALSE,1108030,1108030,0,0,3,0,0,2,1255.8228213609386,1255.8228213609386,FALSE,TRUE,TRUE
5100201,Água Boa,resto_mt,Demais MT,FALSE,2006,0,0,0,,0,0,,FALSE,1505506,1505506,0,0,3,0,0,2,1255.8228213609386,1255.8228213609386,FALSE,TRUE,TRUE
5100201,Água Boa,resto_mt,Demais MT,FALSE,2007,0,0,0,,0,0,,FALSE,1058778,1058778,0,0,3,0,0,2,1255.8228213609386,1255.8228213609386,FALSE,TRUE,TRUE
5100201,Água Boa,resto_mt,Demais MT,FALSE,2008,7344348,0,7344348,0.4342,1,2,100,FALSE,1200060,1200060,0,0,3,0,0,2,1255.8228213609386,1255.8228213609386,FALSE,TRUE,TRUE
5100201,Água Boa,resto_mt,Demais MT,FALSE,2009,65251638,0,65251638,0.3137,3,12,72.7,FALSE,917410,917410,0,0,3,0,0,2,1255.8228213609386,1255.8228213609386,FALSE,TRUE,TRUE
5100201,Água Boa,resto_mt,Demais MT,FALSE,2010,85387031,0,85387031,0.3066,4,16,75.8,FALSE,859490,859490,0,0,2,0,0,2,1255.8228213609386,1255.8228213609386,FALSE,TRUE,TRUE
5100201,Água Boa,resto_mt,Demais MT,FALSE,2011,84152802,0,84152802,0.4266,5,17,86.3,FALSE,410320,410320,0,0,1,0,0,2,1255.8228213609386,1255.8228213609386,FALSE,TRUE,TRUE
5100201,Água Boa,resto_mt,Demais MT,FALSE,2012,80862494,0,80862494,0.4451,4,21,79.3,FALSE,1606302,1606302,0,0,1,0,0,2,1255.8228213609386,1255.8228213609386,FALSE,TRUE,TRUE
5100201,Água Boa,resto_mt,Demais MT,FALSE,2013,102807707,0,102807707,0.3698,4,23,60.6,FALSE,8643131,1181649,6058738,1402744,1,0,0,2,1255.8228213609386,1255.8228213609386,FALSE,TRUE,TRUE
5100201,Água Boa,resto_mt,Demais MT,FALSE,2014,108809836,0,108809836,0.4838,5,23,93.1,FALSE,7830309,815038,5922141,1093130,1,0,0,2,1255.8228213609386,1255.8228213609386,FALSE,TRUE,TRUE
5100201,Água Boa,resto_mt,Demais MT,FALSE,2015,91954531,0,91954531,0.3497,5,15,88.5,FALSE,9029841,506111,5939734,2583996,1,0,0,2,1255.8228213609386,1255.8228213609386,FALSE,TRUE,TRUE
5100201,Água Boa,resto_mt,Demais MT,FALSE,2016,77286259,0,77286259,0.3544,5,18,89.3,FALSE,16086433,579572,9379328,6127533,1,0,0,2,1255.8228213609386,1255.8228213609386,FALSE,TRUE,TRUE
5100201,Água Boa,resto_mt,Demais MT,FALSE,2017,114537112,0,114537112,0.3136,4,23,83.8,FALSE,16389128,570723,10430496,5387909,1,0,0,2,1255.8228213609386,1255.8228213609386,FALSE,TRUE,TRUE
5100201,Água Boa,resto_mt,Demais MT,FALSE,2018,41379942,0,41379942,0.4154,5,16,89.6,FALSE,10581531,488916,7139565,2953050,1,0,0,2,1255.8228213609386,1255.8228213609386,FALSE,TRUE,TRUE
5100201,Água Boa,resto_mt,Demais MT,FALSE,2019,115600824,4740,115596084,0.3057,5,20,84,FALSE,10423133,509391,6751773,3161969,1,0,0,2,1255.8228213609386,1255.8228213609386,FALSE,TRUE,TRUE
5100201,Água Boa,resto_mt,Demais MT,FALSE,2020,135656608,0,135656608,0.3043,4,18,87.8,FALSE,9328066,456450,5872992,2998624,1,0,0,2,1255.8228213609386,1255.8228213609386,FALSE,TRUE,TRUE
5100201,Água Boa,resto_mt,Demais MT,FALSE,2021,207670134,5674,207664460,0.457,5,18,97.2,FALSE,9440296,410898,6307342,2722056,1,0,0,2,1255.8228213609386,1255.8228213609386,FALSE,TRUE,TRUE
5100201,Água Boa,resto_mt,Demais MT,FALSE,2022,946430085,2271,946427814,0.5559,5,24,94.8,FALSE,6136653,402012,5226151,508490,1,0,0,2,1255.8228213609386,1255.8228213609386,FALSE,TRUE,TRUE
5100201,Água Boa,resto_mt,Demais MT,FALSE,2023,845168954,1750,845167204,0.4985,6,31,92.9,FALSE,6093316,471457,5161927,459932,1,0,0,2,1255.8228213609386,1255.8228213609386,FALSE,TRUE,TRUE
5100201,Água Boa,resto_mt,Demais MT,FALSE,2024,354719347,3379115,351340232,0.42,7,33,90.1,FALSE,2181000,263000,1510000,408000,1,0,0,2,1255.8228213609386,1255.8228213609386,FALSE,TRUE,TRUE
5100250,Alta Floresta,resto_mt,Demais MT,FALSE,2000,6887571,166639,6720932,0.7051,5,19,87.4,FALSE,,,,,4,2,13032.551107833684,0,0,13032.551107833684,FALSE,TRUE,TRUE
5100250,Alta Floresta,resto_mt,Demais MT,FALSE,2001,8865717,41782,8823935,0.7304,7,21,91.2,FALSE,,,,,4,2,13032.551107833684,0,0,13032.551107833684,FALSE,TRUE,TRUE
5100250,Alta Floresta,resto_mt,Demais MT,FALSE,2002,8529526,10348,8519178,0.5097,11,34,72.6,FALSE,1891008,1891008,0,0,4,2,13032.551107833684,0,0,13032.551107833684,FALSE,TRUE,TRUE
5100250,Alta Floresta,resto_mt,Demais MT,FALSE,2003,13950183,43277,13906906,0.5007,5,29,81.3,FALSE,2737849,2737849,0,0,4,2,13032.551107833684,0,0,13032.551107833684,FALSE,TRUE,TRUE
5100250,Alta Floresta,resto_mt,Demais MT,FALSE,2004,15705123,369036,15336087,0.617,4,27,72.1,FALSE,2917275,2917275,0,0,4,2,13032.551107833684,0,0,13032.551107833684,FALSE,TRUE,TRUE
5100250,Alta Floresta,resto_mt,Demais MT,FALSE,2005,13654264,101183,13553081,0.8463,9,25,58.9,FALSE,3394575,3394575,0,0,4,2,13032.551107833684,0,0,13032.551107833684,FALSE,TRUE,TRUE
5100250,Alta Floresta,resto_mt,Demais MT,FALSE,2006,15740753,31949,15708804,1.1788,5,23,66.4,FALSE,2218496,2218496,0,0,4,2,13032.551107833684,0,0,13032.551107833684,FALSE,TRUE,TRUE
5100250,Alta Floresta,resto_mt,Demais MT,FALSE,2007,20906628,230092,20676536,1.3509,3,29,82.6,FALSE,1979342,1979342,0,0,4,2,13032.551107833684,0,0,13032.551107833684,FALSE,TRUE,TRUE
5100250,Alta Floresta,resto_mt,Demais MT,FALSE,2008,14217064,275659,13941405,1.5059,4,22,83.2,FALSE,3947954,3947954,0,0,4,2,13032.551107833684,0,0,13032.551107833684,FALSE,TRUE,TRUE
5100250,Alta Floresta,resto_mt,Demais MT,FALSE,2009,12308644,968814,11339830,1.255,4,20,90.3,FALSE,41709212,41709212,0,0,4,2,13032.551107833684,0,0,13032.551107833684,FALSE,TRUE,TRUE
5100250,Alta Floresta,resto_mt,Demais MT,FALSE,2010,20289706,200000,20089706,1.6445,5,26,73.1,FALSE,40053544,40053544,0,0,4,2,13032.551107833684,0,0,13032.551107833684,FALSE,TRUE,TRUE
5100250,Alta Floresta,resto_mt,Demais MT,FALSE,2011,30016709,444022,29572687,2.0659,5,27,54.8,FALSE,11840968,11840968,0,0,4,2,13032.551107833684,0,0,13032.551107833684,FALSE,TRUE,TRUE
5100250,Alta Floresta,resto_mt,Demais MT,FALSE,2012,27489282,314000,27175282,2.3149,6,29,38.9,FALSE,15294191,15294191,0,0,3,2,13032.551107833684,0,0,13032.551107833684,FALSE,TRUE,TRUE
5100250,Alta Floresta,resto_mt,Demais MT,FALSE,2013,57565753,0,57565753,3.0642,6,25,66.9,FALSE,28550946,7600828,1352579,19597539,3,2,13032.551107833684,0,0,13032.551107833684,FALSE,TRUE,TRUE
5100250,Alta Floresta,resto_mt,Demais MT,FALSE,2014,37689728,1259100,36430628,2.2966,7,27,42.1,FALSE,23109642,7202415,5684276,10222951,4,2,13032.551107833684,0,0,13032.551107833684,FALSE,TRUE,TRUE
5100250,Alta Floresta,resto_mt,Demais MT,FALSE,2015,62731032,184927,62546105,3.1102,7,30,72.4,FALSE,16640370,6650175,2789899,7200296,4,2,13032.551107833684,0,0,13032.551107833684,FALSE,TRUE,TRUE
5100250,Alta Floresta,resto_mt,Demais MT,FALSE,2016,19250417,42238,19208179,1.6742,7,26,62.1,FALSE,19985637,6558156,4978712,8448769,4,2,13032.551107833684,0,0,13032.551107833684,FALSE,TRUE,TRUE
5100250,Alta Floresta,resto_mt,Demais MT,FALSE,2017,44794404,141704,44652700,2.6017,8,31,54.4,FALSE,16865934,7831180,1996806,7037948,4,2,13032.551107833684,0,0,13032.551107833684,FALSE,TRUE,TRUE
5100250,Alta Floresta,resto_mt,Demais MT,FALSE,2018,48197836,35882,48161954,2.2984,9,35,51.7,FALSE,14962214,10207161,2056239,2698814,4,2,13032.551107833684,0,0,13032.551107833684,FALSE,TRUE,TRUE
5100250,Alta Floresta,resto_mt,Demais MT,FALSE,2019,40858069,169464,40688605,2.2325,7,45,44,FALSE,16550535,11999438,1968042,2583055,4,2,13032.551107833684,0,0,13032.551107833684,FALSE,TRUE,TRUE
5100250,Alta Floresta,resto_mt,Demais MT,FALSE,2020,38254219,469875,37784344,2.2015,7,30,51.7,FALSE,22298857,10131925,7722883,4444049,4,2,13032.551107833684,0,0,13032.551107833684,FALSE,TRUE,TRUE
5100250,Alta Floresta,resto_mt,Demais MT,FALSE,2021,43701484,277679,43423805,1.8282,8,43,45.1,FALSE,19891147,12236014,3785556,3869577,4,2,13032.551107833684,0,0,13032.551107833684,FALSE,TRUE,TRUE
5100250,Alta Floresta,resto_mt,Demais MT,FALSE,2022,63553847,400842,63153005,0.5667,9,43,27.8,FALSE,16535715,10308881,2756496,3470338,4,2,13032.551107833684,0,0,13032.551107833684,FALSE,TRUE,TRUE
5100250,Alta Floresta,resto_mt,Demais MT,FALSE,2023,112111209,310645,111800564,0.4398,11,44,45.6,FALSE,15938380,5041444,4125770,6771166,4,2,13032.551107833684,0,0,13032.551107833684,FALSE,TRUE,TRUE
5100250,Alta Floresta,resto_mt,Demais MT,FALSE,2024,197953569,310413,197643156,0.3935,11,48,47.9,FALSE,37419000,20947000,9391000,7081000,4,2,13032.551107833684,0,0,13032.551107833684,FALSE,TRUE,TRUE
5100300,Alto Araguaia,resto_mt,Demais MT,FALSE,2000,0,0,0,,0,0,,FALSE,,,,,2,0,0,0,0,0,FALSE,TRUE,TRUE
5100300,Alto Araguaia,resto_mt,Demais MT,FALSE,2001,0,0,0,,0,0,,FALSE,,,,,2,0,0,0,0,0,FALSE,TRUE,TRUE
5100300,Alto Araguaia,resto_mt,Demais MT,FALSE,2002,0,5073982,-5073982,,0,0,,FALSE,270640,270640,0,0,2,0,0,0,0,0,FALSE,TRUE,TRUE
5100300,Alto Araguaia,resto_mt,Demais MT,FALSE,2003,0,10410167,-10410167,,0,0,,FALSE,421208,421208,0,0,2,0,0,0,0,0,FALSE,TRUE,TRUE
5100300,Alto Araguaia,resto_mt,Demais MT,FALSE,2004,30952723,23299049,7653674,0.6782,3,15,53.3,FALSE,337634,337634,0,0,2,0,0,0,0,0,FALSE,TRUE,TRUE
5100300,Alto Araguaia,resto_mt,Demais MT,FALSE,2005,270667342,15212554,255454788,0.2704,4,25,83,FALSE,552605,552605,0,0,2,0,0,0,0,0,FALSE,TRUE,TRUE
5100300,Alto Araguaia,resto_mt,Demais MT,FALSE,2006,34167028,31229217,2937811,0.3776,3,11,60.7,FALSE,798000,798000,0,0,2,0,0,0,0,0,FALSE,TRUE,TRUE
5100300,Alto Araguaia,resto_mt,Demais MT,FALSE,2007,31608251,91366960,-59758709,0.5457,3,13,80,FALSE,691074,691074,0,0,2,0,0,0,0,0,FALSE,TRUE,TRUE
5100300,Alto Araguaia,resto_mt,Demais MT,FALSE,2008,3266017,208344841,-205078824,0.9457,2,7,91,FALSE,849839,849839,0,0,2,0,0,0,0,0,FALSE,TRUE,TRUE
5100300,Alto Araguaia,resto_mt,Demais MT,FALSE,2009,65325799,160655669,-95329870,0.1884,2,10,89.9,FALSE,828021,828021,0,0,2,0,0,0,0,0,FALSE,TRUE,TRUE
5100300,Alto Araguaia,resto_mt,Demais MT,FALSE,2010,453030711,171048012,281982699,0.1969,3,19,98.2,FALSE,1098114,1098114,0,0,2,0,0,0,0,0,FALSE,TRUE,TRUE
5100300,Alto Araguaia,resto_mt,Demais MT,FALSE,2011,189627622,270914954,-81287332,0.2863,4,22,73.1,FALSE,593611,593611,0,0,2,0,0,0,0,0,FALSE,TRUE,TRUE
5100300,Alto Araguaia,resto_mt,Demais MT,FALSE,2012,147433363,296245520,-148812157,0.4954,5,23,32.8,FALSE,429524,429524,0,0,2,0,0,0,0,0,FALSE,TRUE,TRUE
5100300,Alto Araguaia,resto_mt,Demais MT,FALSE,2013,86703965,273403879,-186699914,0.4078,5,22,53.7,FALSE,2740460,150493,2428326,161641,2,0,0,0,0,0,FALSE,TRUE,TRUE
5100300,Alto Araguaia,resto_mt,Demais MT,FALSE,2014,25928660,216029645,-190100985,0.2684,4,14,50.9,FALSE,3361593,269347,2833393,258853,2,0,0,0,0,0,FALSE,TRUE,TRUE
5100300,Alto Araguaia,resto_mt,Demais MT,FALSE,2015,49640045,223349814,-173709769,0.2305,5,23,58.2,FALSE,3640228,309639,3033524,297065,2,0,0,0,0,0,FALSE,TRUE,TRUE
5100300,Alto Araguaia,resto_mt,Demais MT,FALSE,2016,66458715,142955623,-76496908,0.2289,5,21,54.2,FALSE,4017183,376058,3318158,322967,2,0,0,0,0,0,FALSE,TRUE,TRUE
5100300,Alto Araguaia,resto_mt,Demais MT,FALSE,2017,67038335,140641996,-73603661,0.271,5,24,42.7,FALSE,4156883,382890,3359316,414677,2,0,0,0,0,0,FALSE,TRUE,TRUE
5100300,Alto Araguaia,resto_mt,Demais MT,FALSE,2018,58476179,152499454,-94023275,0.3317,6,17,78.5,FALSE,1378742,311509,949893,117340,2,0,0,0,0,0,FALSE,TRUE,TRUE
5100300,Alto Araguaia,resto_mt,Demais MT,FALSE,2019,136993370,48310111,88683259,0.3644,7,28,51.3,FALSE,546827,352964,93589,100274,2,0,0,0,0,0,FALSE,TRUE,TRUE
5100300,Alto Araguaia,resto_mt,Demais MT,FALSE,2020,168217707,0,168217707,0.5555,7,23,47.6,FALSE,684675,465326,69735,149614,2,0,0,0,0,0,FALSE,TRUE,TRUE
5100300,Alto Araguaia,resto_mt,Demais MT,FALSE,2021,411936980,15720955,396216025,0.5845,6,21,63.5,FALSE,1070407,555921,88625,425861,2,0,0,0,0,0,FALSE,TRUE,TRUE
5100300,Alto Araguaia,resto_mt,Demais MT,FALSE,2022,623152759,0,623152759,0.6761,6,28,53.8,FALSE,275722361,510663,274889002,322696,2,0,0,0,0,0,FALSE,TRUE,TRUE
5100300,Alto Araguaia,resto_mt,Demais MT,FALSE,2023,594971985,15814755,579157230,0.5859,6,28,68.7,FALSE,213134053,738616,212104182,291255,2,0,0,0,0,0,FALSE,TRUE,TRUE
5100300,Alto Araguaia,resto_mt,Demais MT,FALSE,2024,503904154,10499323,493404831,0.4496,6,31,75.2,FALSE,44784000,1305000,43115000,364000,2,0,0,0,0,0,FALSE,TRUE,TRUE
5100359,Alto Boa Vista,resto_mt,Demais MT,FALSE,2000,0,0,0,,0,0,,FALSE,,,,,2,0,0,1,117234.26562039174,117234.26562039174,FALSE,TRUE,TRUE
5100359,Alto Boa Vista,resto_mt,Demais MT,FALSE,2001,0,0,0,,0,0,,FALSE,,,,,2,0,0,1,117234.26562039174,117234.26562039174,FALSE,TRUE,TRUE
5100359,Alto Boa Vista,resto_mt,Demais MT,FALSE,2002,0,0,0,,0,0,,FALSE,739055,739055,0,0,2,0,0,1,117234.26562039174,117234.26562039174,FALSE,TRUE,TRUE
5100359,Alto Boa Vista,resto_mt,Demais MT,FALSE,2003,0,0,0,,0,0,,FALSE,581518,581518,0,0,2,0,0,1,117234.26562039174,117234.26562039174,FALSE,TRUE,TRUE
5100359,Alto Boa Vista,resto_mt,Demais MT,FALSE,2004,0,0,0,,0,0,,FALSE,429447,429447,0,0,2,0,0,1,117234.26562039174,117234.26562039174,FALSE,TRUE,TRUE
5100359,Alto Boa Vista,resto_mt,Demais MT,FALSE,2005,0,0,0,,0,0,,FALSE,304497,304497,0,0,2,0,0,1,117234.26562039174,117234.26562039174,FALSE,TRUE,TRUE
5100359,Alto Boa Vista,resto_mt,Demais MT,FALSE,2006,0,0,0,,0,0,,FALSE,263258,263258,0,0,2,0,0,1,117234.26562039174,117234.26562039174,FALSE,TRUE,TRUE
5100359,Alto Boa Vista,resto_mt,Demais MT,FALSE,2007,0,0,0,,0,0,,FALSE,307724,307724,0,0,2,0,0,1,117234.26562039174,117234.26562039174,FALSE,TRUE,TRUE
5100359,Alto Boa Vista,resto_mt,Demais MT,FALSE,2008,0,0,0,,0,0,,FALSE,553497,553497,0,0,2,0,0,1,117234.26562039174,117234.26562039174,FALSE,TRUE,TRUE
5100359,Alto Boa Vista,resto_mt,Demais MT,FALSE,2009,0,0,0,,0,0,,FALSE,1096187,1096187,0,0,2,0,0,1,117234.26562039174,117234.26562039174,FALSE,TRUE,TRUE
5100359,Alto Boa Vista,resto_mt,Demais MT,FALSE,2010,0,0,0,,0,0,,FALSE,521438,521438,0,0,2,0,0,1,117234.26562039174,117234.26562039174,FALSE,TRUE,TRUE
5100359,Alto Boa Vista,resto_mt,Demais MT,FALSE,2011,0,0,0,,0,0,,FALSE,212450,212450,0,0,2,0,0,1,117234.26562039174,117234.26562039174,FALSE,TRUE,TRUE
5100359,Alto Boa Vista,resto_mt,Demais MT,FALSE,2012,0,0,0,,0,0,,FALSE,33342,33342,0,0,1,0,0,1,117234.26562039174,117234.26562039174,FALSE,TRUE,TRUE
5100359,Alto Boa Vista,resto_mt,Demais MT,FALSE,2013,0,0,0,,0,0,,FALSE,165357,31585,0,133772,1,0,0,1,117234.26562039174,117234.26562039174,FALSE,TRUE,TRUE
5100359,Alto Boa Vista,resto_mt,Demais MT,FALSE,2014,0,0,0,,0,0,,FALSE,166156,10494,0,155662,1,0,0,1,117234.26562039174,117234.26562039174,FALSE,TRUE,TRUE
5100359,Alto Boa Vista,resto_mt,Demais MT,FALSE,2015,0,0,0,,0,0,,FALSE,165036,12574,0,152462,1,0,0,1,117234.26562039174,117234.26562039174,FALSE,TRUE,TRUE
5100359,Alto Boa Vista,resto_mt,Demais MT,FALSE,2016,0,0,0,,0,0,,FALSE,89959,11798,0,78161,1,0,0,1,117234.26562039174,117234.26562039174,FALSE,TRUE,TRUE
5100359,Alto Boa Vista,resto_mt,Demais MT,FALSE,2017,0,0,0,,0,0,,FALSE,200837,13004,0,187833,1,0,0,1,117234.26562039174,117234.26562039174,FALSE,TRUE,TRUE
5100359,Alto Boa Vista,resto_mt,Demais MT,FALSE,2018,0,0,0,,0,0,,FALSE,254237,62861,0,191376,2,0,0,1,117234.26562039174,117234.26562039174,FALSE,TRUE,TRUE
5100359,Alto Boa Vista,resto_mt,Demais MT,FALSE,2019,0,0,0,,0,0,,FALSE,4441463,61501,0,4379962,2,0,0,1,117234.26562039174,117234.26562039174,FALSE,TRUE,TRUE
5100359,Alto Boa Vista,resto_mt,Demais MT,FALSE,2020,0,0,0,,0,0,,FALSE,5808328,240904,0,5567424,2,0,0,1,117234.26562039174,117234.26562039174,FALSE,TRUE,TRUE
5100359,Alto Boa Vista,resto_mt,Demais MT,FALSE,2021,0,0,0,,0,0,,FALSE,6637672,1470946,0,5166726,2,0,0,1,117234.26562039174,117234.26562039174,FALSE,TRUE,TRUE
5100359,Alto Boa Vista,resto_mt,Demais MT,FALSE,2022,0,0,0,,0,0,,FALSE,1338590,530221,0,808369,2,0,0,1,117234.26562039174,117234.26562039174,FALSE,TRUE,TRUE
5100359,Alto Boa Vista,resto_mt,Demais MT,FALSE,2023,0,0,0,,0,0,,FALSE,1412275,554224,0,858051,2,0,0,1,117234.26562039174,117234.26562039174,FALSE,TRUE,TRUE
5100359,Alto Boa Vista,resto_mt,Demais MT,FALSE,2024,2975115,0,2975115,0.2055,1,2,100,FALSE,1479000,544000,0,935000,2,0,0,1,117234.26562039174,117234.26562039174,FALSE,TRUE,TRUE
5100409,Alto Garças,resto_mt,Demais MT,FALSE,2000,0,599405,-599405,,0,0,,FALSE,,,,,2,0,0,0,0,0,FALSE,TRUE,TRUE
5100409,Alto Garças,resto_mt,Demais MT,FALSE,2001,265328,15169,250159,1.2227,1,3,100,FALSE,,,,,2,0,0,0,0,0,FALSE,TRUE,TRUE
5100409,Alto Garças,resto_mt,Demais MT,FALSE,2002,0,0,0,,0,0,,FALSE,235942,235942,0,0,2,0,0,0,0,0,FALSE,TRUE,TRUE
5100409,Alto Garças,resto_mt,Demais MT,FALSE,2003,0,0,0,,0,0,,FALSE,392917,392917,0,0,2,0,0,0,0,0,FALSE,TRUE,TRUE
5100409,Alto Garças,resto_mt,Demais MT,FALSE,2004,0,0,0,,0,0,,FALSE,328749,328749,0,0,2,0,0,0,0,0,FALSE,TRUE,TRUE
5100409,Alto Garças,resto_mt,Demais MT,FALSE,2005,0,0,0,,0,0,,FALSE,572341,572341,0,0,2,0,0,0,0,0,FALSE,TRUE,TRUE
5100409,Alto Garças,resto_mt,Demais MT,FALSE,2006,0,0,0,,0,0,,FALSE,792516,792516,0,0,2,0,0,0,0,0,FALSE,TRUE,TRUE
5100409,Alto Garças,resto_mt,Demais MT,FALSE,2007,930286,0,930286,0.445,2,3,65.3,FALSE,727584,727584,0,0,2,0,0,0,0,0,FALSE,TRUE,TRUE
5100409,Alto Garças,resto_mt,Demais MT,FALSE,2008,570781,0,570781,1.3136,1,1,100,FALSE,854737,854737,0,0,2,0,0,0,0,0,FALSE,TRUE,TRUE
5100409,Alto Garças,resto_mt,Demais MT,FALSE,2009,28864300,0,28864300,0.393,2,5,99.1,FALSE,837430,837430,0,0,2,0,0,0,0,0,FALSE,TRUE,TRUE
5100409,Alto Garças,resto_mt,Demais MT,FALSE,2010,30386009,0,30386009,0.2717,2,12,50.8,FALSE,1182074,1182074,0,0,2,0,0,0,0,0,FALSE,TRUE,TRUE
5100409,Alto Garças,resto_mt,Demais MT,FALSE,2011,25659779,876415,24783364,0.3175,2,13,57.8,FALSE,356166,356166,0,0,2,0,0,0,0,0,FALSE,TRUE,TRUE
5100409,Alto Garças,resto_mt,Demais MT,FALSE,2012,31159284,32414,31126870,0.3529,2,15,62.8,FALSE,366762,366762,0,0,2,0,0,0,0,0,FALSE,TRUE,TRUE
5100409,Alto Garças,resto_mt,Demais MT,FALSE,2013,86385988,0,86385988,0.3838,2,22,74.7,FALSE,5391738,349292,0,5042446,2,0,0,0,0,0,FALSE,TRUE,TRUE
5100409,Alto Garças,resto_mt,Demais MT,FALSE,2014,110453629,1049218,109404411,0.3152,2,17,67,FALSE,4556166,440750,0,4115416,2,0,0,0,0,0,FALSE,TRUE,TRUE
5100409,Alto Garças,resto_mt,Demais MT,FALSE,2015,87267905,0,87267905,0.26,2,15,65.2,FALSE,2131326,446384,0,1684942,2,0,0,0,0,0,FALSE,TRUE,TRUE
5100409,Alto Garças,resto_mt,Demais MT,FALSE,2016,72502837,334397,72168440,0.2807,4,18,67.9,FALSE,3580661,603167,0,2977494,2,0,0,0,0,0,FALSE,TRUE,TRUE
5100409,Alto Garças,resto_mt,Demais MT,FALSE,2017,93834869,10336,93824533,0.2758,2,19,77,FALSE,3311636,599620,0,2712016,2,0,0,0,0,0,FALSE,TRUE,TRUE
5100409,Alto Garças,resto_mt,Demais MT,FALSE,2018,89863691,0,89863691,0.2716,5,15,69.1,FALSE,1750318,115943,270999,1363376,2,0,0,0,0,0,FALSE,TRUE,TRUE
5100409,Alto Garças,resto_mt,Demais MT,FALSE,2019,104046189,0,104046189,0.2339,5,19,58.5,FALSE,1164513,136372,232635,795506,2,0,0,0,0,0,FALSE,TRUE,TRUE
5100409,Alto Garças,resto_mt,Demais MT,FALSE,2020,117811651,0,117811651,0.2373,3,16,56.6,FALSE,3212902,183848,319515,2709539,2,0,0,0,0,0,FALSE,TRUE,TRUE
5100409,Alto Garças,resto_mt,Demais MT,FALSE,2021,127092920,2699784,124393136,0.3813,3,11,82.5,FALSE,4163075,220987,527146,3414942,2,0,0,0,0,0,FALSE,TRUE,TRUE
5100409,Alto Garças,resto_mt,Demais MT,FALSE,2022,166806090,807135,165998955,0.3949,3,20,64.5,FALSE,2958588,185795,432434,2340359,2,0,0,0,0,0,FALSE,TRUE,TRUE
5100409,Alto Garças,resto_mt,Demais MT,FALSE,2023,229903250,787060,229116190,0.3251,5,19,51.2,FALSE,2899982,222108,1393416,1284458,2,0,0,0,0,0,FALSE,TRUE,TRUE
5100409,Alto Garças,resto_mt,Demais MT,FALSE,2024,82638819,2037158,80601661,0.2706,5,20,51.5,FALSE,3811000,414000,2530000,867000,2,0,0,0,0,0,FALSE,TRUE,TRUE
5100508,Alto Paraguai,resto_mt,Demais MT,FALSE,2000,0,0,0,,0,0,,FALSE,,,,,2,1,42305.42439293897,1,79.24754791738135,42384.67194085635,FALSE,TRUE,TRUE
5100508,Alto Paraguai,resto_mt,Demais MT,FALSE,2001,0,0,0,,0,0,,FALSE,,,,,2,1,42305.42439293897,1,79.24754791738135,42384.67194085635,FALSE,TRUE,TRUE
5100508,Alto Paraguai,resto_mt,Demais MT,FALSE,2002,0,0,0,,0,0,,FALSE,135320,135320,0,0,2,1,42305.42439293897,1,79.24754791738135,42384.67194085635,FALSE,TRUE,TRUE
5100508,Alto Paraguai,resto_mt,Demais MT,FALSE,2003,0,0,0,,0,0,,FALSE,154024,154024,0,0,2,1,42305.42439293897,1,79.24754791738135,42384.67194085635,FALSE,TRUE,TRUE
5100508,Alto Paraguai,resto_mt,Demais MT,FALSE,2004,0,0,0,,0,0,,FALSE,112545,112545,0,0,2,1,42305.42439293897,1,79.24754791738135,42384.67194085635,FALSE,TRUE,TRUE
5100508,Alto Paraguai,resto_mt,Demais MT,FALSE,2005,0,0,0,,0,0,,FALSE,112777,112777,0,0,2,1,42305.42439293897,1,79.24754791738135,42384.67194085635,FALSE,TRUE,TRUE
5100508,Alto Paraguai,resto_mt,Demais MT,FALSE,2006,0,0,0,,0,0,,FALSE,235835,235835,0,0,2,1,42305.42439293897,1,79.24754791738135,42384.67194085635,FALSE,TRUE,TRUE
5100508,Alto Paraguai,resto_mt,Demais MT,FALSE,2007,0,0,0,,0,0,,FALSE,132999,132999,0,0,3,1,42305.42439293897,1,79.24754791738135,42384.67194085635,FALSE,TRUE,TRUE
5100508,Alto Paraguai,resto_mt,Demais MT,FALSE,2008,0,0,0,,0,0,,FALSE,80820,80820,0,0,1,1,42305.42439293897,1,79.24754791738135,42384.67194085635,FALSE,TRUE,TRUE
5100508,Alto Paraguai,resto_mt,Demais MT,FALSE,2009,0,0,0,,0,0,,FALSE,89389,89389,0,0,1,1,42305.42439293897,1,79.24754791738135,42384.67194085635,FALSE,TRUE,TRUE
5100508,Alto Paraguai,resto_mt,Demais MT,FALSE,2010,0,0,0,,0,0,,FALSE,779948,779948,0,0,1,1,42305.42439293897,1,79.24754791738135,42384.67194085635,FALSE,TRUE,TRUE
5100508,Alto Paraguai,resto_mt,Demais MT,FALSE,2011,0,0,0,,0,0,,FALSE,356166,356166,0,0,1,1,42305.42439293897,1,79.24754791738135,42384.67194085635,FALSE,TRUE,TRUE
5100508,Alto Paraguai,resto_mt,Demais MT,FALSE,2012,0,0,0,,0,0,,FALSE,592312,592312,0,0,1,1,42305.42439293897,1,79.24754791738135,42384.67194085635,FALSE,TRUE,TRUE
5100508,Alto Paraguai,resto_mt,Demais MT,FALSE,2013,0,0,0,,0,0,,FALSE,1010718,774760,0,235958,1,1,42305.42439293897,1,79.24754791738135,42384.67194085635,FALSE,TRUE,TRUE
5100508,Alto Paraguai,resto_mt,Demais MT,FALSE,2014,0,0,0,,0,0,,FALSE,4703083,830779,0,3872304,1,1,42305.42439293897,1,79.24754791738135,42384.67194085635,FALSE,TRUE,TRUE
5100508,Alto Paraguai,resto_mt,Demais MT,FALSE,2015,0,0,0,,0,0,,FALSE,7629390,837755,0,6791635,1,1,42305.42439293897,1,79.24754791738135,42384.67194085635,FALSE,TRUE,TRUE
5100508,Alto Paraguai,resto_mt,Demais MT,FALSE,2016,0,0,0,,0,0,,FALSE,10138817,873044,432098,8833675,1,1,42305.42439293897,1,79.24754791738135,42384.67194085635,FALSE,TRUE,TRUE
5100508,Alto Paraguai,resto_mt,Demais MT,FALSE,2017,0,0,0,,0,0,,FALSE,28570802,1021521,423346,27125935,1,1,42305.42439293897,1,79.24754791738135,42384.67194085635,FALSE,TRUE,TRUE
5100508,Alto Paraguai,resto_mt,Demais MT,FALSE,2018,0,0,0,,0,0,,FALSE,25170772,1149650,544792,23476330,1,1,42305.42439293897,1,79.24754791738135,42384.67194085635,FALSE,TRUE,TRUE
5100508,Alto Paraguai,resto_mt,Demais MT,FALSE,2019,0,0,0,,0,0,,FALSE,23897266,778125,643090,22476051,1,1,42305.42439293897,1,79.24754791738135,42384.67194085635,FALSE,TRUE,TRUE
5100508,Alto Paraguai,resto_mt,Demais MT,FALSE,2020,0,0,0,,0,0,,FALSE,30011597,685943,0,29325654,1,1,42305.42439293897,1,79.24754791738135,42384.67194085635,FALSE,TRUE,TRUE
5100508,Alto Paraguai,resto_mt,Demais MT,FALSE,2021,0,0,0,,0,0,,FALSE,33332232,904666,0,32427566,1,1,42305.42439293897,1,79.24754791738135,42384.67194085635,FALSE,TRUE,TRUE
5100508,Alto Paraguai,resto_mt,Demais MT,FALSE,2022,0,0,0,,0,0,,FALSE,30866884,774687,0,30092197,1,1,42305.42439293897,1,79.24754791738135,42384.67194085635,FALSE,TRUE,TRUE
5100508,Alto Paraguai,resto_mt,Demais MT,FALSE,2023,0,0,0,,0,0,,FALSE,36038151,887386,612894,34537871,1,1,42305.42439293897,1,79.24754791738135,42384.67194085635,FALSE,TRUE,TRUE
5100508,Alto Paraguai,resto_mt,Demais MT,FALSE,2024,0,0,0,,0,0,,FALSE,39482000,830000,840000,37812000,1,1,42305.42439293897,1,79.24754791738135,42384.67194085635,FALSE,TRUE,TRUE
5100607,Alto Taquari,resto_mt,Demais MT,FALSE,2000,63121,0,63121,1.0582,1,2,100,FALSE,,,,,2,1,163.2024110604711,0,0,163.2024110604711,FALSE,TRUE,TRUE
5100607,Alto Taquari,resto_mt,Demais MT,FALSE,2001,341138,21655,319483,1.0474,1,5,100,FALSE,,,,,2,1,163.2024110604711,0,0,163.2024110604711,FALSE,TRUE,TRUE
5100607,Alto Taquari,resto_mt,Demais MT,FALSE,2002,78653,474235,-395582,0.945,1,1,100,FALSE,208184,208184,0,0,2,1,163.2024110604711,0,0,163.2024110604711,FALSE,TRUE,TRUE
5100607,Alto Taquari,resto_mt,Demais MT,FALSE,2003,185995,3737508,-3551513,0.5976,2,4,83.5,FALSE,383487,383487,0,0,2,1,163.2024110604711,0,0,163.2024110604711,FALSE,TRUE,TRUE
5100607,Alto Taquari,resto_mt,Demais MT,FALSE,2004,86355,7200103,-7113748,0.4969,2,3,77.5,FALSE,272476,272476,0,0,2,1,163.2024110604711,0,0,163.2024110604711,FALSE,TRUE,TRUE
5100607,Alto Taquari,resto_mt,Demais MT,FALSE,2005,446308,4531736,-4085428,0.7111,2,5,83.1,FALSE,465203,465203,0,0,2,1,163.2024110604711,0,0,163.2024110604711,FALSE,TRUE,TRUE
5100607,Alto Taquari,resto_mt,Demais MT,FALSE,2006,4050943,1251151,2799792,0.2255,2,5,96.3,FALSE,696536,696536,0,0,2,1,163.2024110604711,0,0,163.2024110604711,FALSE,TRUE,TRUE
5100607,Alto Taquari,resto_mt,Demais MT,FALSE,2007,9110208,170041,8940167,0.207,3,10,54.1,FALSE,589369,589369,0,0,2,1,163.2024110604711,0,0,163.2024110604711,FALSE,TRUE,TRUE
5100607,Alto Taquari,resto_mt,Demais MT,FALSE,2008,17940835,0,17940835,0.3771,3,11,74.5,FALSE,729833,729833,0,0,2,1,163.2024110604711,0,0,163.2024110604711,FALSE,TRUE,TRUE
5100607,Alto Taquari,resto_mt,Demais MT,FALSE,2009,36125281,0,36125281,0.2737,4,17,73.5,FALSE,733928,733928,0,0,2,1,163.2024110604711,0,0,163.2024110604711,FALSE,TRUE,TRUE
5100607,Alto Taquari,resto_mt,Demais MT,FALSE,2010,55310289,39741,55270548,0.3074,3,14,70.8,FALSE,642960,642960,0,0,2,1,163.2024110604711,0,0,163.2024110604711,FALSE,TRUE,TRUE
5100607,Alto Taquari,resto_mt,Demais MT,FALSE,2011,76753530,0,76753530,0.3967,2,20,64.7,FALSE,327006,327006,0,0,2,1,163.2024110604711,0,0,163.2024110604711,FALSE,TRUE,TRUE
5100607,Alto Taquari,resto_mt,Demais MT,FALSE,2012,83605204,0,83605204,0.3565,2,21,58.2,FALSE,217704,217704,0,0,2,1,163.2024110604711,0,0,163.2024110604711,FALSE,TRUE,TRUE
5100607,Alto Taquari,resto_mt,Demais MT,FALSE,2013,69981305,0,69981305,0.3934,3,25,66.2,FALSE,284264,234100,0,50164,2,1,163.2024110604711,0,0,163.2024110604711,FALSE,TRUE,TRUE
5100607,Alto Taquari,resto_mt,Demais MT,FALSE,2014,40226209,53500,40172709,0.3103,2,17,65.5,FALSE,367291,297331,0,69960,2,1,163.2024110604711,0,0,163.2024110604711,FALSE,TRUE,TRUE
5100607,Alto Taquari,resto_mt,Demais MT,FALSE,2015,53241748,0,53241748,0.2625,2,16,64.9,FALSE,425950,352077,0,73873,2,1,163.2024110604711,0,0,163.2024110604711,FALSE,TRUE,TRUE
5100607,Alto Taquari,resto_mt,Demais MT,FALSE,2016,42107508,0,42107508,0.2457,2,19,59.7,FALSE,519107,430623,0,88484,2,1,163.2024110604711,0,0,163.2024110604711,FALSE,TRUE,TRUE
5100607,Alto Taquari,resto_mt,Demais MT,FALSE,2017,45492917,0,45492917,0.293,2,19,81.5,FALSE,466692,416122,0,50570,2,1,163.2024110604711,0,0,163.2024110604711,FALSE,TRUE,TRUE
5100607,Alto Taquari,resto_mt,Demais MT,FALSE,2018,23925259,0,23925259,0.286,2,15,75.3,FALSE,286365,121530,117340,47495,2,1,163.2024110604711,0,0,163.2024110604711,FALSE,TRUE,TRUE
5100607,Alto Taquari,resto_mt,Demais MT,FALSE,2019,40336235,0,40336235,0.2559,2,17,67.2,FALSE,704591,129688,521424,53479,2,1,163.2024110604711,0,0,163.2024110604711,FALSE,TRUE,TRUE
5100607,Alto Taquari,resto_mt,Demais MT,FALSE,2020,36737218,0,36737218,0.2837,2,13,84.1,FALSE,621280,174973,395590,50717,2,1,163.2024110604711,0,0,163.2024110604711,FALSE,TRUE,TRUE
5100607,Alto Taquari,resto_mt,Demais MT,FALSE,2021,26653984,0,26653984,0.3714,2,8,89.1,FALSE,715906,207175,504127,4604,2,1,163.2024110604711,0,0,163.2024110604711,FALSE,TRUE,TRUE
5100607,Alto Taquari,resto_mt,Demais MT,FALSE,2022,47554242,0,47554242,0.428,2,18,72,FALSE,635613,180362,449818,5433,2,1,163.2024110604711,0,0,163.2024110604711,FALSE,TRUE,TRUE
5100607,Alto Taquari,resto_mt,Demais MT,FALSE,2023,44370452,657,44369795,0.3807,2,15,69.2,FALSE,1175499,269254,880053,26192,2,1,163.2024110604711,0,0,163.2024110604711,FALSE,TRUE,TRUE
5100607,Alto Taquari,resto_mt,Demais MT,FALSE,2024,38558253,535602,38022651,0.363,4,15,36,FALSE,2273000,507000,1735000,31000,2,1,163.2024110604711,0,0,163.2024110604711,FALSE,TRUE,TRUE
5100805,Apiacás,resto_mt,Demais MT,FALSE,2000,0,0,0,,0,0,,FALSE,,,,,4,3,988920.2620073142,2,1457910.128402046,2446830.39040936,FALSE,TRUE,TRUE
5100805,Apiacás,resto_mt,Demais MT,FALSE,2001,87135,0,87135,0.5794,2,2,83.7,FALSE,,,,,4,3,988920.2620073142,2,1457910.128402046,2446830.39040936,FALSE,TRUE,TRUE
5100805,Apiacás,resto_mt,Demais MT,FALSE,2002,226551,0,226551,0.4652,1,4,100,FALSE,8570257,8570257,0,0,4,3,988920.2620073142,2,1457910.128402046,2446830.39040936,FALSE,TRUE,TRUE
5100805,Apiacás,resto_mt,Demais MT,FALSE,2003,1463551,0,1463551,0.4421,3,8,75.9,FALSE,13447208,13447208,0,0,4,3,988920.2620073142,2,1457910.128402046,2446830.39040936,FALSE,TRUE,TRUE
5100805,Apiacás,resto_mt,Demais MT,FALSE,2004,1977476,0,1977476,0.5353,2,5,98.7,FALSE,15202410,15202410,0,0,4,3,988920.2620073142,2,1457910.128402046,2446830.39040936,FALSE,TRUE,TRUE
5100805,Apiacás,resto_mt,Demais MT,FALSE,2005,3899196,0,3899196,0.6269,1,10,100,FALSE,14519985,14519985,0,0,4,3,988920.2620073142,2,1457910.128402046,2446830.39040936,FALSE,TRUE,TRUE
5100805,Apiacás,resto_mt,Demais MT,FALSE,2006,2395449,0,2395449,0.73,2,5,83.8,FALSE,11901450,11901450,0,0,4,3,988920.2620073142,2,1457910.128402046,2446830.39040936,FALSE,TRUE,TRUE
5100805,Apiacás,resto_mt,Demais MT,FALSE,2007,3352749,0,3352749,0.7692,2,12,95.4,FALSE,13498118,13498118,0,0,4,3,988920.2620073142,2,1457910.128402046,2446830.39040936,FALSE,TRUE,TRUE
5100805,Apiacás,resto_mt,Demais MT,FALSE,2008,1182409,0,1182409,0.7771,2,8,96.3,FALSE,17626193,17626193,0,0,4,3,988920.2620073142,2,1457910.128402046,2446830.39040936,FALSE,TRUE,TRUE
5100805,Apiacás,resto_mt,Demais MT,FALSE,2009,0,0,0,,0,0,,FALSE,90080231,90080231,0,0,4,3,988920.2620073142,2,1457910.128402046,2446830.39040936,FALSE,TRUE,TRUE
5100805,Apiacás,resto_mt,Demais MT,FALSE,2010,0,0,0,,0,0,,FALSE,49101385,49101385,0,0,3,3,988920.2620073142,2,1457910.128402046,2446830.39040936,FALSE,TRUE,TRUE
5100805,Apiacás,resto_mt,Demais MT,FALSE,2011,0,0,0,,0,0,,FALSE,42285897,42285897,0,0,3,3,988920.2620073142,2,1457910.128402046,2446830.39040936,FALSE,TRUE,TRUE
5100805,Apiacás,resto_mt,Demais MT,FALSE,2012,0,0,0,,0,0,,FALSE,35964296,35964296,0,0,3,3,988920.2620073142,2,1457910.128402046,2446830.39040936,FALSE,TRUE,TRUE
5100805,Apiacás,resto_mt,Demais MT,FALSE,2013,0,0,0,,0,0,,FALSE,31911958,31689005,0,222953,3,3,988920.2620073142,2,1457910.128402046,2446830.39040936,FALSE,TRUE,TRUE
5100805,Apiacás,resto_mt,Demais MT,FALSE,2014,0,0,0,,0,0,,FALSE,30103925,29442800,0,661125,3,3,988920.2620073142,2,1457910.128402046,2446830.39040936,FALSE,TRUE,TRUE
5100805,Apiacás,resto_mt,Demais MT,FALSE,2015,0,0,0,,0,0,,FALSE,28356373,27790534,0,565839,3,3,988920.2620073142,2,1457910.128402046,2446830.39040936,FALSE,TRUE,TRUE
5100805,Apiacás,resto_mt,Demais MT,FALSE,2016,79000,0,79000,0.8723,3,1,61.1,FALSE,31010771,30445947,0,564824,3,3,988920.2620073142,2,1457910.128402046,2446830.39040936,FALSE,TRUE,TRUE
5100805,Apiacás,resto_mt,Demais MT,FALSE,2017,0,0,0,,0,0,,FALSE,34880537,34382058,0,498479,3,3,988920.2620073142,2,1457910.128402046,2446830.39040936,FALSE,TRUE,TRUE
5100805,Apiacás,resto_mt,Demais MT,FALSE,2018,0,0,0,,0,0,,FALSE,36766452,36417227,0,349225,4,3,988920.2620073142,2,1457910.128402046,2446830.39040936,FALSE,TRUE,TRUE
5100805,Apiacás,resto_mt,Demais MT,FALSE,2019,0,0,0,,0,0,,FALSE,33146527,33146527,0,0,4,3,988920.2620073142,2,1457910.128402046,2446830.39040936,FALSE,TRUE,TRUE
5100805,Apiacás,resto_mt,Demais MT,FALSE,2020,0,0,0,,0,0,,FALSE,35158073,35158073,0,0,4,3,988920.2620073142,2,1457910.128402046,2446830.39040936,FALSE,TRUE,TRUE
5100805,Apiacás,resto_mt,Demais MT,FALSE,2021,0,0,0,,0,0,,FALSE,42787490,42787490,0,0,4,3,988920.2620073142,2,1457910.128402046,2446830.39040936,FALSE,TRUE,TRUE
5100805,Apiacás,resto_mt,Demais MT,FALSE,2022,0,0,0,,0,0,,FALSE,33915653,33865673,0,49980,4,3,988920.2620073142,2,1457910.128402046,2446830.39040936,FALSE,TRUE,TRUE
5100805,Apiacás,resto_mt,Demais MT,FALSE,2023,0,0,0,,0,0,,FALSE,16938915,16930534,0,8381,4,3,988920.2620073142,2,1457910.128402046,2446830.39040936,FALSE,TRUE,TRUE
5100805,Apiacás,resto_mt,Demais MT,FALSE,2024,18,0,18,,1,1,100,FALSE,62490000,62255000,0,235000,4,3,988920.2620073142,2,1457910.128402046,2446830.39040936,FALSE,TRUE,TRUE
5101001,Araguaiana,resto_mt,Demais MT,FALSE,2000,0,0,0,,0,0,,FALSE,,,,,3,1,855.8705090976625,0,0,855.8705090976625,FALSE,TRUE,TRUE
5101001,Araguaiana,resto_mt,Demais MT,FALSE,2001,0,0,0,,0,0,,FALSE,,,,,3,1,855.8705090976625,0,0,855.8705090976625,FALSE,TRUE,TRUE
5101001,Araguaiana,resto_mt,Demais MT,FALSE,2002,0,0,0,,0,0,,FALSE,235942,235942,0,0,3,1,855.8705090976625,0,0,855.8705090976625,FALSE,TRUE,TRUE
5101001,Araguaiana,resto_mt,Demais MT,FALSE,2003,0,0,0,,0,0,,FALSE,204317,204317,0,0,3,1,855.8705090976625,0,0,855.8705090976625,FALSE,TRUE,TRUE
5101001,Araguaiana,resto_mt,Demais MT,FALSE,2004,0,0,0,,0,0,,FALSE,361327,361327,0,0,3,1,855.8705090976625,0,0,855.8705090976625,FALSE,TRUE,TRUE
5101001,Araguaiana,resto_mt,Demais MT,FALSE,2005,0,0,0,,0,0,,FALSE,1009350,1009350,0,0,3,1,855.8705090976625,0,0,855.8705090976625,FALSE,TRUE,TRUE
5101001,Araguaiana,resto_mt,Demais MT,FALSE,2006,0,0,0,,0,0,,FALSE,1340970,1340970,0,0,3,1,855.8705090976625,0,0,855.8705090976625,FALSE,TRUE,TRUE
5101001,Araguaiana,resto_mt,Demais MT,FALSE,2007,0,0,0,,0,0,,FALSE,1457776,1457776,0,0,3,1,855.8705090976625,0,0,855.8705090976625,FALSE,TRUE,TRUE
5101001,Araguaiana,resto_mt,Demais MT,FALSE,2008,0,0,0,,0,0,,FALSE,1070258,1070258,0,0,3,1,855.8705090976625,0,0,855.8705090976625,FALSE,TRUE,TRUE
5101001,Araguaiana,resto_mt,Demais MT,FALSE,2009,0,0,0,,0,0,,FALSE,282280,282280,0,0,3,1,855.8705090976625,0,0,855.8705090976625,FALSE,TRUE,TRUE
5101001,Araguaiana,resto_mt,Demais MT,FALSE,2010,0,0,0,,0,0,,FALSE,271767,271767,0,0,3,1,855.8705090976625,0,0,855.8705090976625,FALSE,TRUE,TRUE
5101001,Araguaiana,resto_mt,Demais MT,FALSE,2011,0,0,0,,0,0,,FALSE,224947,224947,0,0,3,1,855.8705090976625,0,0,855.8705090976625,FALSE,TRUE,TRUE
5101001,Araguaiana,resto_mt,Demais MT,FALSE,2012,0,0,0,,0,0,,FALSE,313807,313807,0,0,3,1,855.8705090976625,0,0,855.8705090976625,FALSE,TRUE,TRUE
5101001,Araguaiana,resto_mt,Demais MT,FALSE,2013,0,0,0,,0,0,,FALSE,1350721,1057167,0,293554,3,1,855.8705090976625,0,0,855.8705090976625,FALSE,TRUE,TRUE
5101001,Araguaiana,resto_mt,Demais MT,FALSE,2014,0,0,0,,0,0,,FALSE,1679048,1474414,0,204634,3,1,855.8705090976625,0,0,855.8705090976625,FALSE,TRUE,TRUE
5101001,Araguaiana,resto_mt,Demais MT,FALSE,2015,0,0,0,,0,0,,FALSE,344219,237338,0,106881,3,1,855.8705090976625,0,0,855.8705090976625,FALSE,TRUE,TRUE
5101001,Araguaiana,resto_mt,Demais MT,FALSE,2016,0,0,0,,0,0,,FALSE,362785,256604,0,106181,3,1,855.8705090976625,0,0,855.8705090976625,FALSE,TRUE,TRUE
5101001,Araguaiana,resto_mt,Demais MT,FALSE,2017,0,0,0,,0,0,,FALSE,436350,309202,0,127148,3,1,855.8705090976625,0,0,855.8705090976625,FALSE,TRUE,TRUE
5101001,Araguaiana,resto_mt,Demais MT,FALSE,2018,0,0,0,,0,0,,FALSE,780868,243061,0,537807,3,1,855.8705090976625,0,0,855.8705090976625,FALSE,TRUE,TRUE
5101001,Araguaiana,resto_mt,Demais MT,FALSE,2019,0,0,0,,0,0,,FALSE,794169,437194,0,356975,3,1,855.8705090976625,0,0,855.8705090976625,FALSE,TRUE,TRUE
5101001,Araguaiana,resto_mt,Demais MT,FALSE,2020,0,0,0,,0,0,,FALSE,737928,434896,0,303032,3,1,855.8705090976625,0,0,855.8705090976625,FALSE,TRUE,TRUE
5101001,Araguaiana,resto_mt,Demais MT,FALSE,2021,0,0,0,,0,0,,FALSE,721662,431616,0,290046,3,1,855.8705090976625,0,0,855.8705090976625,FALSE,TRUE,TRUE
5101001,Araguaiana,resto_mt,Demais MT,FALSE,2022,0,0,0,,0,0,,FALSE,655170,412877,0,242293,3,1,855.8705090976625,0,0,855.8705090976625,FALSE,TRUE,TRUE
5101001,Araguaiana,resto_mt,Demais MT,FALSE,2023,0,0,0,,0,0,,FALSE,667373,324781,0,342592,3,1,855.8705090976625,0,0,855.8705090976625,FALSE,TRUE,TRUE
5101001,Araguaiana,resto_mt,Demais MT,FALSE,2024,0,0,0,,0,0,,FALSE,14089000,317000,13620000,152000,3,1,855.8705090976625,0,0,855.8705090976625,FALSE,TRUE,TRUE
5101209,Araguainha,resto_mt,Demais MT,FALSE,2000,0,0,0,,0,0,,FALSE,,,,,2,0,0,0,0,0,FALSE,TRUE,TRUE
5101209,Araguainha,resto_mt,Demais MT,FALSE,2001,0,0,0,,0,0,,FALSE,,,,,2,0,0,0,0,0,FALSE,TRUE,TRUE
5101209,Araguainha,resto_mt,Demais MT,FALSE,2002,0,0,0,,0,0,,FALSE,62455,62455,0,0,2,0,0,0,0,0,FALSE,TRUE,TRUE
5101209,Araguainha,resto_mt,Demais MT,FALSE,2003,0,0,0,,0,0,,FALSE,88014,88014,0,0,2,0,0,0,0,0,FALSE,TRUE,TRUE
5101209,Araguainha,resto_mt,Demais MT,FALSE,2004,0,0,0,,0,0,,FALSE,77004,77004,0,0,2,0,0,0,0,0,FALSE,TRUE,TRUE
5101209,Araguainha,resto_mt,Demais MT,FALSE,2005,0,0,0,,0,0,,FALSE,149429,149429,0,0,2,0,0,0,0,0,FALSE,TRUE,TRUE
5101209,Araguainha,resto_mt,Demais MT,FALSE,2006,0,0,0,,0,0,,FALSE,271485,271485,0,0,2,0,0,0,0,0,FALSE,TRUE,TRUE
5101209,Araguainha,resto_mt,Demais MT,FALSE,2007,0,0,0,,0,0,,FALSE,161685,161685,0,0,2,0,0,0,0,0,FALSE,TRUE,TRUE
5101209,Araguainha,resto_mt,Demais MT,FALSE,2008,0,0,0,,0,0,,FALSE,181234,181234,0,0,2,0,0,0,0,0,FALSE,TRUE,TRUE
5101209,Araguainha,resto_mt,Demais MT,FALSE,2009,0,0,0,,0,0,,FALSE,164663,164663,0,0,2,0,0,0,0,0,FALSE,TRUE,TRUE
5101209,Araguainha,resto_mt,Demais MT,FALSE,2010,0,0,0,,0,0,,FALSE,201063,201063,0,0,2,0,0,0,0,0,FALSE,TRUE,TRUE
5101209,Araguainha,resto_mt,Demais MT,FALSE,2011,0,0,0,,0,0,,FALSE,102059,102059,0,0,2,0,0,0,0,0,FALSE,TRUE,TRUE
5101209,Araguainha,resto_mt,Demais MT,FALSE,2012,0,0,0,,0,0,,FALSE,423640,423640,0,0,2,0,0,0,0,0,FALSE,TRUE,TRUE
5101209,Araguainha,resto_mt,Demais MT,FALSE,2013,0,0,0,,0,0,,FALSE,118908,118908,0,0,2,0,0,0,0,0,FALSE,TRUE,TRUE
5101209,Araguainha,resto_mt,Demais MT,FALSE,2014,0,0,0,,0,0,,FALSE,171403,171403,0,0,2,0,0,0,0,0,FALSE,TRUE,TRUE
5101209,Araguainha,resto_mt,Demais MT,FALSE,2015,0,0,0,,0,0,,FALSE,204331,204331,0,0,2,0,0,0,0,0,FALSE,TRUE,TRUE
5101209,Araguainha,resto_mt,Demais MT,FALSE,2016,0,0,0,,0,0,,FALSE,263978,263978,0,0,2,0,0,0,0,0,FALSE,TRUE,TRUE
5101209,Araguainha,resto_mt,Demais MT,FALSE,2017,0,0,0,,0,0,,FALSE,252852,252852,0,0,2,0,0,0,0,0,FALSE,TRUE,TRUE
5101209,Araguainha,resto_mt,Demais MT,FALSE,2018,0,0,0,,0,0,,FALSE,217917,217917,0,0,2,0,0,0,0,0,FALSE,TRUE,TRUE
5101209,Araguainha,resto_mt,Demais MT,FALSE,2019,0,0,0,,0,0,,FALSE,237983,237983,0,0,2,0,0,0,0,0,FALSE,TRUE,TRUE
5101209,Araguainha,resto_mt,Demais MT,FALSE,2020,0,0,0,,0,0,,FALSE,325855,325855,0,0,2,0,0,0,0,0,FALSE,TRUE,TRUE
5101209,Araguainha,resto_mt,Demais MT,FALSE,2021,0,0,0,,0,0,,FALSE,378671,378671,0,0,2,0,0,0,0,0,FALSE,TRUE,TRUE
5101209,Araguainha,resto_mt,Demais MT,FALSE,2022,0,0,0,,0,0,,FALSE,344426,344426,0,0,2,0,0,0,0,0,FALSE,TRUE,TRUE
5101209,Araguainha,resto_mt,Demais MT,FALSE,2023,0,0,0,,0,0,,FALSE,511269,511269,0,0,2,0,0,0,0,0,FALSE,TRUE,TRUE
5101209,Araguainha,resto_mt,Demais MT,FALSE,2024,0,0,0,,0,0,,FALSE,547000,547000,0,0,2,0,0,0,0,0,FALSE,TRUE,TRUE
5101258,Araputanga,resto_mt,Demais MT,FALSE,2000,22680131,79006,22601125,2.9565,7,19,46.7,FALSE,,,,,2,0,0,0,0,0,FALSE,TRUE,TRUE
5101258,Araputanga,resto_mt,Demais MT,FALSE,2001,728765,351,728414,3.2991,2,4,51.2,FALSE,,,,,2,0,0,0,0,0,FALSE,TRUE,TRUE
5101258,Araputanga,resto_mt,Demais MT,FALSE,2002,15866688,0,15866688,1.8021,7,22,53.3,FALSE,510052,510052,0,0,2,0,0,0,0,0,FALSE,TRUE,TRUE
5101258,Araputanga,resto_mt,Demais MT,FALSE,2003,30180355,3650,30176705,1.9908,6,31,49.4,FALSE,474644,474644,0,0,2,0,0,0,0,0,FALSE,TRUE,TRUE
5101258,Araputanga,resto_mt,Demais MT,FALSE,2004,42320340,11569,42308771,2.3635,6,36,55.7,FALSE,574570,574570,0,0,2,0,0,0,0,0,FALSE,TRUE,TRUE
5101258,Araputanga,resto_mt,Demais MT,FALSE,2005,46314266,5398,46308868,2.5682,6,42,44.9,FALSE,1012170,1012170,0,0,2,0,0,0,0,0,FALSE,TRUE,TRUE
5101258,Araputanga,resto_mt,Demais MT,FALSE,2006,78683930,55603,78628327,2.8376,7,45,59.1,FALSE,885753,885753,0,0,2,0,0,0,0,0,FALSE,TRUE,TRUE
5101258,Araputanga,resto_mt,Demais MT,FALSE,2007,63159933,10572,63149361,2.9317,5,39,53.5,FALSE,1105719,1105719,0,0,2,0,0,0,0,0,FALSE,TRUE,TRUE
5101258,Araputanga,resto_mt,Demais MT,FALSE,2008,61549616,0,61549616,3.6821,5,37,90.2,FALSE,1880911,1880911,0,0,2,0,0,0,0,0,FALSE,TRUE,TRUE
5101258,Araputanga,resto_mt,Demais MT,FALSE,2009,64008006,0,64008006,3.0902,6,31,87.6,FALSE,2528758,2528758,0,0,2,0,0,0,0,0,FALSE,TRUE,TRUE
5101258,Araputanga,resto_mt,Demais MT,FALSE,2010,85331692,0,85331692,3.8678,7,35,85.1,FALSE,1725608,1725608,0,0,2,0,0,0,0,0,FALSE,TRUE,TRUE
5101258,Araputanga,resto_mt,Demais MT,FALSE,2011,85823568,13450,85810118,4.9329,5,32,77.5,FALSE,1897471,1897471,0,0,2,0,0,0,0,0,FALSE,TRUE,TRUE
5101258,Araputanga,resto_mt,Demais MT,FALSE,2012,99393278,0,99393278,4.7547,5,36,85.2,FALSE,1943645,1943645,0,0,2,0,0,0,0,0,FALSE,TRUE,TRUE
5101258,Araputanga,resto_mt,Demais MT,FALSE,2013,128076044,0,128076044,4.5399,5,42,86.5,FALSE,1625696,1625696,0,0,1,0,0,0,0,0,FALSE,TRUE,TRUE
5101258,Araputanga,resto_mt,Demais MT,FALSE,2014,134390484,6123,134384361,4.895,5,34,83.8,FALSE,1950144,1701785,47223,201136,2,0,0,0,0,0,FALSE,TRUE,TRUE
5101258,Araputanga,resto_mt,Demais MT,FALSE,2015,85780984,158133,85622851,4.2686,6,31,78.1,FALSE,3439042,1524621,28292,1886129,2,0,0,0,0,0,FALSE,TRUE,TRUE
5101258,Araputanga,resto_mt,Demais MT,FALSE,2016,86118230,0,86118230,3.9276,7,32,64.8,FALSE,2248974,1187163,0,1061811,1,0,0,0,0,0,FALSE,TRUE,TRUE
5101258,Araputanga,resto_mt,Demais MT,FALSE,2017,111876652,0,111876652,4.2771,6,35,76.2,FALSE,1862433,1168897,0,693536,1,0,0,0,0,0,FALSE,TRUE,TRUE
5101258,Araputanga,resto_mt,Demais MT,FALSE,2018,97708817,0,97708817,3.9753,6,35,73.2,FALSE,1836926,1278165,0,558761,1,0,0,0,0,0,FALSE,TRUE,TRUE
5101258,Araputanga,resto_mt,Demais MT,FALSE,2019,96068097,0,96068097,3.6061,6,38,74.7,FALSE,1419878,831605,0,588273,1,0,0,0,0,0,FALSE,TRUE,TRUE
5101258,Araputanga,resto_mt,Demais MT,FALSE,2020,98812526,0,98812526,3.8718,5,30,74.5,FALSE,1425139,867255,0,557884,1,0,0,0,0,0,FALSE,TRUE,TRUE
5101258,Araputanga,resto_mt,Demais MT,FALSE,2021,139225305,0,139225305,4.5811,6,44,69,FALSE,1373113,793022,0,580091,1,0,0,0,0,0,FALSE,TRUE,TRUE
5101258,Araputanga,resto_mt,Demais MT,FALSE,2022,142766522,0,142766522,4.6959,9,47,74.3,FALSE,1166920,696458,0,470462,1,0,0,0,0,0,FALSE,TRUE,TRUE
5101258,Araputanga,resto_mt,Demais MT,FALSE,2023,141386315,0,141386315,4.1922,13,43,71.8,FALSE,1011013,662135,0,348878,1,0,0,0,0,0,FALSE,TRUE,TRUE
5101258,Araputanga,resto_mt,Demais MT,FALSE,2024,148333375,0,148333375,4.3216,11,42,71.1,FALSE,1034000,636000,0,398000,1,0,0,0,0,0,FALSE,TRUE,TRUE
5101308,Arenápolis,resto_mt,Demais MT,FALSE,2000,163452,3039,160413,54484,1,1,100,FALSE,,,,,3,0,0,0,0,0,FALSE,TRUE,TRUE
5101308,Arenápolis,resto_mt,Demais MT,FALSE,2001,149000,0,149000,74500,1,1,100,FALSE,,,,,3,0,0,0,0,0,FALSE,TRUE,TRUE
5101308,Arenápolis,resto_mt,Demais MT,FALSE,2002,50000,0,50000,,1,1,100,FALSE,166547,166547,0,0,3,0,0,0,0,0,FALSE,TRUE,TRUE
5101308,Arenápolis,resto_mt,Demais MT,FALSE,2003,150000,0,150000,,1,1,100,FALSE,169740,169740,0,0,3,0,0,0,0,0,FALSE,TRUE,TRUE
5101308,Arenápolis,resto_mt,Demais MT,FALSE,2004,0,0,0,,0,0,,FALSE,183625,183625,0,0,3,0,0,0,0,0,FALSE,TRUE,TRUE
5101308,Arenápolis,resto_mt,Demais MT,FALSE,2005,0,0,0,,0,0,,FALSE,152248,152248,0,0,3,0,0,0,0,0,FALSE,TRUE,TRUE
5101308,Arenápolis,resto_mt,Demais MT,FALSE,2006,0,0,0,,0,0,,FALSE,150825,150825,0,0,3,0,0,0,0,0,FALSE,TRUE,TRUE
5101308,Arenápolis,resto_mt,Demais MT,FALSE,2007,0,0,0,,0,0,,FALSE,977936,977936,0,0,3,0,0,0,0,0,FALSE,TRUE,TRUE
5101308,Arenápolis,resto_mt,Demais MT,FALSE,2008,0,0,0,,0,0,,FALSE,80820,80820,0,0,1,0,0,0,0,0,FALSE,TRUE,TRUE
5101308,Arenápolis,resto_mt,Demais MT,FALSE,2009,0,0,0,,0,0,,FALSE,56456,56456,0,0,1,0,0,0,0,0,FALSE,TRUE,TRUE
5101308,Arenápolis,resto_mt,Demais MT,FALSE,2010,0,0,0,,0,0,,FALSE,86170,86170,0,0,1,0,0,0,0,0,FALSE,TRUE,TRUE
5101308,Arenápolis,resto_mt,Demais MT,FALSE,2011,0,0,0,,0,0,,FALSE,64568,64568,0,0,1,0,0,0,0,0,FALSE,TRUE,TRUE
5101308,Arenápolis,resto_mt,Demais MT,FALSE,2012,0,294000,-294000,,0,0,,FALSE,82374,82374,0,0,1,0,0,0,0,0,FALSE,TRUE,TRUE
5101308,Arenápolis,resto_mt,Demais MT,FALSE,2013,0,0,0,,0,0,,FALSE,354866,113334,0,241532,1,0,0,0,0,0,FALSE,TRUE,TRUE
5101308,Arenápolis,resto_mt,Demais MT,FALSE,2014,0,0,0,,0,0,,FALSE,437252,118933,0,318319,1,0,0,0,0,0,FALSE,TRUE,TRUE
5101308,Arenápolis,resto_mt,Demais MT,FALSE,2015,0,0,0,,0,0,,FALSE,364652,169752,0,194900,2,0,0,0,0,0,FALSE,TRUE,TRUE
5101308,Arenápolis,resto_mt,Demais MT,FALSE,2016,0,0,0,,0,0,,FALSE,287574,119454,0,168120,1,0,0,0,0,0,FALSE,TRUE,TRUE
5101308,Arenápolis,resto_mt,Demais MT,FALSE,2017,0,0,0,,0,0,,FALSE,397338,137262,0,260076,1,0,0,0,0,0,FALSE,TRUE,TRUE
5101308,Arenápolis,resto_mt,Demais MT,FALSE,2018,0,0,0,,0,0,,FALSE,437230,153659,0,283571,1,0,0,0,0,0,FALSE,TRUE,TRUE
5101308,Arenápolis,resto_mt,Demais MT,FALSE,2019,0,22226,-22226,,0,0,,FALSE,565544,223276,0,342268,2,0,0,0,0,0,FALSE,TRUE,TRUE
5101308,Arenápolis,resto_mt,Demais MT,FALSE,2020,0,0,0,,0,0,,FALSE,659317,140739,0,518578,2,0,0,0,0,0,FALSE,TRUE,TRUE
5101308,Arenápolis,resto_mt,Demais MT,FALSE,2021,0,0,0,,0,0,,FALSE,421257,183005,0,238252,2,0,0,0,0,0,FALSE,TRUE,TRUE
5101308,Arenápolis,resto_mt,Demais MT,FALSE,2022,0,0,0,,0,0,,FALSE,405271,174929,0,230342,2,0,0,0,0,0,FALSE,TRUE,TRUE
5101308,Arenápolis,resto_mt,Demais MT,FALSE,2023,0,0,0,,0,0,,FALSE,2306996,70195,1021490,1215311,1,0,0,0,0,0,FALSE,TRUE,TRUE
5101308,Arenápolis,resto_mt,Demais MT,FALSE,2024,0,0,0,,0,0,,FALSE,4561000,101000,2588000,1872000,1,0,0,0,0,0,FALSE,TRUE,TRUE
5101407,Aripuanã,resto_mt,Demais MT,FALSE,2000,4356160,78800,4277360,0.6087,4,16,60.1,FALSE,,,,,5,2,44950.23120217756,6,653456.5755632805,698406.8067654581,FALSE,TRUE,TRUE
5101407,Aripuanã,resto_mt,Demais MT,FALSE,2001,5879459,0,5879459,0.6477,4,19,94.4,FALSE,,,,,5,2,44950.23120217756,6,653456.5755632805,698406.8067654581,FALSE,TRUE,TRUE
5101407,Aripuanã,resto_mt,Demais MT,FALSE,2002,8160314,62865,8097449,0.5843,4,19,92.6,FALSE,18205723,18205723,0,0,4,2,44950.23120217756,6,653456.5755632805,698406.8067654581,FALSE,TRUE,TRUE
5101407,Aripuanã,resto_mt,Demais MT,FALSE,2003,8563663,0,8563663,0.5032,4,17,94,FALSE,14302196,14302196,0,0,5,2,44950.23120217756,6,653456.5755632805,698406.8067654581,FALSE,TRUE,TRUE
5101407,Aripuanã,resto_mt,Demais MT,FALSE,2004,9944348,0,9944348,0.5668,4,18,99.6,FALSE,16040571,16040571,0,0,6,2,44950.23120217756,6,653456.5755632805,698406.8067654581,FALSE,TRUE,TRUE
5101407,Aripuanã,resto_mt,Demais MT,FALSE,2005,13956882,0,13956882,0.6834,3,19,99.5,FALSE,20784724,20784724,0,0,4,2,44950.23120217756,6,653456.5755632805,698406.8067654581,FALSE,TRUE,TRUE
5101407,Aripuanã,resto_mt,Demais MT,FALSE,2006,14634565,0,14634565,0.8052,5,17,98.3,FALSE,65915934,65915934,0,0,5,2,44950.23120217756,6,653456.5755632805,698406.8067654581,FALSE,TRUE,TRUE
5101407,Aripuanã,resto_mt,Demais MT,FALSE,2007,23929987,118206,23811781,0.9679,5,26,76.2,FALSE,60814552,60814552,0,0,6,2,44950.23120217756,6,653456.5755632805,698406.8067654581,FALSE,TRUE,TRUE
5101407,Aripuanã,resto_mt,Demais MT,FALSE,2008,32001648,241707,31759941,1.1885,4,29,60.8,FALSE,65190217,65190217,0,0,5,2,44950.23120217756,6,653456.5755632805,698406.8067654581,FALSE,TRUE,TRUE
5101407,Aripuanã,resto_mt,Demais MT,FALSE,2009,22823523,4017540,18805983,0.9994,3,25,71.9,FALSE,176479061,176479061,0,0,5,2,44950.23120217756,6,653456.5755632805,698406.8067654581,FALSE,TRUE,TRUE
5101407,Aripuanã,resto_mt,Demais MT,FALSE,2010,25823325,12738641,13084684,1.2445,3,28,57.4,FALSE,36036700,36036700,0,0,4,2,44950.23120217756,6,653456.5755632805,698406.8067654581,FALSE,TRUE,TRUE
5101407,Aripuanã,resto_mt,Demais MT,FALSE,2011,28316041,19925238,8390803,1.5573,3,33,54.5,FALSE,88920773,88920773,0,0,5,2,44950.23120217756,6,653456.5755632805,698406.8067654581,FALSE,TRUE,TRUE
5101407,Aripuanã,resto_mt,Demais MT,FALSE,2012,23198477,16868391,6330086,1.4531,3,31,52.7,FALSE,190033954,190033954,0,0,5,2,44950.23120217756,6,653456.5755632805,698406.8067654581,FALSE,TRUE,TRUE
5101407,Aripuanã,resto_mt,Demais MT,FALSE,2013,26277742,0,26277742,1.4217,3,32,58.3,FALSE,83064729,82243520,0,821209,6,2,44950.23120217756,6,653456.5755632805,698406.8067654581,FALSE,TRUE,TRUE
5101407,Aripuanã,resto_mt,Demais MT,FALSE,2014,21568222,25494,21542728,1.3548,3,33,64.5,FALSE,77089274,75338517,0,1750757,6,2,44950.23120217756,6,653456.5755632805,698406.8067654581,FALSE,TRUE,TRUE
5101407,Aripuanã,resto_mt,Demais MT,FALSE,2015,19857711,0,19857711,1.1592,2,32,62.7,FALSE,162009023,159566486,0,2442537,5,2,44950.23120217756,6,653456.5755632805,698406.8067654581,FALSE,TRUE,TRUE
5101407,Aripuanã,resto_mt,Demais MT,FALSE,2016,25823257,0,25823257,1.1103,3,34,59.6,FALSE,138104702,136497239,0,1607463,5,2,44950.23120217756,6,653456.5755632805,698406.8067654581,FALSE,TRUE,TRUE
5101407,Aripuanã,resto_mt,Demais MT,FALSE,2017,27260079,1483,27258596,1.1531,2,32,72.1,FALSE,139509143,138676900,0,832243,5,2,44950.23120217756,6,653456.5755632805,698406.8067654581,FALSE,TRUE,TRUE
5101407,Aripuanã,resto_mt,Demais MT,FALSE,2018,26717192,85880,26631312,1.1488,2,26,67.1,FALSE,132950119,132072865,0,877254,6,2,44950.23120217756,6,653456.5755632805,698406.8067654581,FALSE,TRUE,TRUE
5101407,Aripuanã,resto_mt,Demais MT,FALSE,2019,28051248,3867983,24183265,1.2603,2,37,72.5,FALSE,199320365,198310941,0,1009424,6,2,44950.23120217756,6,653456.5755632805,698406.8067654581,FALSE,TRUE,TRUE
5101407,Aripuanã,resto_mt,Demais MT,FALSE,2020,24318441,8467969,15850472,1.0726,3,36,68.5,FALSE,147106277,146143928,0,962349,6,2,44950.23120217756,6,653456.5755632805,698406.8067654581,FALSE,TRUE,TRUE
5101407,Aripuanã,resto_mt,Demais MT,FALSE,2021,21386111,15815522,5570589,1.2639,4,33,76.9,FALSE,164726370,163693946,0,1032424,6,2,44950.23120217756,6,653456.5755632805,698406.8067654581,FALSE,TRUE,TRUE
5101407,Aripuanã,resto_mt,Demais MT,FALSE,2022,33974218,7787918,26186300,2.005,2,31,81.2,FALSE,185389271,184154987,0,1234284,6,2,44950.23120217756,6,653456.5755632805,698406.8067654581,FALSE,TRUE,TRUE
5101407,Aripuanã,resto_mt,Demais MT,FALSE,2023,75192522,6820416,68372106,1.1528,5,27,43.9,FALSE,117572921,115196779,0,2376142,7,2,44950.23120217756,6,653456.5755632805,698406.8067654581,FALSE,TRUE,TRUE
5101407,Aripuanã,resto_mt,Demais MT,FALSE,2024,125630493,2954440,122676053,1.5169,5,30,41.6,FALSE,102295000,101064000,0,1231000,7,2,44950.23120217756,6,653456.5755632805,698406.8067654581,FALSE,TRUE,TRUE
5101605,Barão de Melgaço,pantanal_norte,Pantanal-13,TRUE,2000,0,0,0,,0,0,,FALSE,,,,,1,2,47368.0042583568,2,30045.3569158589,77413.36117421571,TRUE,TRUE,TRUE
5101605,Barão de Melgaço,pantanal_norte,Pantanal-13,TRUE,2001,0,0,0,,0,0,,FALSE,,,,,1,2,47368.0042583568,2,30045.3569158589,77413.36117421571,TRUE,TRUE,TRUE
5101605,Barão de Melgaço,pantanal_norte,Pantanal-13,TRUE,2002,0,0,0,,0,0,,FALSE,194305,194305,0,0,1,2,47368.0042583568,2,30045.3569158589,77413.36117421571,TRUE,TRUE,TRUE
5101605,Barão de Melgaço,pantanal_norte,Pantanal-13,TRUE,2003,0,0,0,,0,0,,FALSE,216890,216890,0,0,1,2,47368.0042583568,2,30045.3569158589,77413.36117421571,TRUE,TRUE,TRUE
5101605,Barão de Melgaço,pantanal_norte,Pantanal-13,TRUE,2004,0,0,0,,0,0,,FALSE,313940,313940,0,0,1,2,47368.0042583568,2,30045.3569158589,77413.36117421571,TRUE,TRUE,TRUE
5101605,Barão de Melgaço,pantanal_norte,Pantanal-13,TRUE,2005,0,0,0,,0,0,,FALSE,374982,374982,0,0,1,2,47368.0042583568,2,30045.3569158589,77413.36117421571,TRUE,TRUE,TRUE
5101605,Barão de Melgaço,pantanal_norte,Pantanal-13,TRUE,2006,0,0,0,,0,0,,FALSE,359237,359237,0,0,1,2,47368.0042583568,2,30045.3569158589,77413.36117421571,TRUE,TRUE,TRUE
5101605,Barão de Melgaço,pantanal_norte,Pantanal-13,TRUE,2007,0,0,0,,0,0,,FALSE,498095,498095,0,0,1,2,47368.0042583568,2,30045.3569158589,77413.36117421571,TRUE,TRUE,TRUE
5101605,Barão de Melgaço,pantanal_norte,Pantanal-13,TRUE,2008,0,0,0,,0,0,,FALSE,457982,457982,0,0,1,2,47368.0042583568,2,30045.3569158589,77413.36117421571,TRUE,TRUE,TRUE
5101605,Barão de Melgaço,pantanal_norte,Pantanal-13,TRUE,2009,0,0,0,,0,0,,FALSE,484581,484581,0,0,1,2,47368.0042583568,2,30045.3569158589,77413.36117421571,TRUE,TRUE,TRUE
5101605,Barão de Melgaço,pantanal_norte,Pantanal-13,TRUE,2010,0,0,0,,0,0,,FALSE,561209,561209,0,0,1,2,47368.0042583568,2,30045.3569158589,77413.36117421571,TRUE,TRUE,TRUE
5101605,Barão de Melgaço,pantanal_norte,Pantanal-13,TRUE,2011,0,0,0,,0,0,,FALSE,593611,593611,0,0,1,2,47368.0042583568,2,30045.3569158589,77413.36117421571,TRUE,TRUE,TRUE
5101605,Barão de Melgaço,pantanal_norte,Pantanal-13,TRUE,2012,0,0,0,,0,0,,FALSE,470711,470711,0,0,1,2,47368.0042583568,2,30045.3569158589,77413.36117421571,TRUE,TRUE,TRUE
5101605,Barão de Melgaço,pantanal_norte,Pantanal-13,TRUE,2013,0,0,0,,0,0,,FALSE,193226,193226,0,0,1,2,47368.0042583568,2,30045.3569158589,77413.36117421571,TRUE,TRUE,TRUE
5101605,Barão de Melgaço,pantanal_norte,Pantanal-13,TRUE,2014,0,0,0,,0,0,,FALSE,211630,190642,0,20988,1,2,47368.0042583568,2,30045.3569158589,77413.36117421571,TRUE,TRUE,TRUE
5101605,Barão de Melgaço,pantanal_norte,Pantanal-13,TRUE,2015,0,0,0,,0,0,,FALSE,281347,256199,0,25148,1,2,47368.0042583568,2,30045.3569158589,77413.36117421571,TRUE,TRUE,TRUE
5101605,Barão de Melgaço,pantanal_norte,Pantanal-13,TRUE,2016,0,0,0,,0,0,,FALSE,178443,172544,0,5899,1,2,47368.0042583568,2,30045.3569158589,77413.36117421571,TRUE,TRUE,TRUE
5101605,Barão de Melgaço,pantanal_norte,Pantanal-13,TRUE,2017,0,0,0,,0,0,,FALSE,179163,148821,0,30342,1,2,47368.0042583568,2,30045.3569158589,77413.36117421571,TRUE,TRUE,TRUE
5101605,Barão de Melgaço,pantanal_norte,Pantanal-13,TRUE,2018,0,0,0,,0,0,,FALSE,156453,155056,0,1397,1,2,47368.0042583568,2,30045.3569158589,77413.36117421571,TRUE,TRUE,TRUE
5101605,Barão de Melgaço,pantanal_norte,Pantanal-13,TRUE,2019,0,0,0,,0,0,,FALSE,155090,104285,0,50805,1,2,47368.0042583568,2,30045.3569158589,77413.36117421571,TRUE,TRUE,TRUE
5101605,Barão de Melgaço,pantanal_norte,Pantanal-13,TRUE,2020,0,0,0,,0,0,,FALSE,148346,100165,0,48181,1,2,47368.0042583568,2,30045.3569158589,77413.36117421571,TRUE,TRUE,TRUE
5101605,Barão de Melgaço,pantanal_norte,Pantanal-13,TRUE,2021,0,0,0,,0,0,,FALSE,126607,88625,0,37982,1,2,47368.0042583568,2,30045.3569158589,77413.36117421571,TRUE,TRUE,TRUE
5101605,Barão de Melgaço,pantanal_norte,Pantanal-13,TRUE,2022,0,0,0,,0,0,,FALSE,119517,80402,0,39115,1,2,47368.0042583568,2,30045.3569158589,77413.36117421571,TRUE,TRUE,TRUE
5101605,Barão de Melgaço,pantanal_norte,Pantanal-13,TRUE,2023,0,0,0,,0,0,,FALSE,123627,76481,0,47146,1,2,47368.0042583568,2,30045.3569158589,77413.36117421571,TRUE,TRUE,TRUE
5101605,Barão de Melgaço,pantanal_norte,Pantanal-13,TRUE,2024,0,0,0,,0,0,,FALSE,489000,164000,0,325000,1,2,47368.0042583568,2,30045.3569158589,77413.36117421571,TRUE,TRUE,TRUE
5101704,Barra do Bugres,resto_mt,Demais MT,FALSE,2000,3457934,0,3457934,1.1667,2,13,91.2,FALSE,,,,,6,0,0,2,31624.571001261927,31624.571001261927,FALSE,TRUE,TRUE
5101704,Barra do Bugres,resto_mt,Demais MT,FALSE,2001,267242,20387,246855,3.1292,1,1,100,FALSE,,,,,6,0,0,2,31624.571001261927,31624.571001261927,FALSE,TRUE,TRUE
5101704,Barra do Bugres,resto_mt,Demais MT,FALSE,2002,0,0,0,,0,0,,FALSE,5652206,5652206,0,0,6,0,0,2,31624.571001261927,31624.571001261927,FALSE,TRUE,TRUE
5101704,Barra do Bugres,resto_mt,Demais MT,FALSE,2003,0,0,0,,0,0,,FALSE,4953904,4953904,0,0,5,0,0,2,31624.571001261927,31624.571001261927,FALSE,TRUE,TRUE
5101704,Barra do Bugres,resto_mt,Demais MT,FALSE,2004,0,0,0,,0,0,,FALSE,5639078,5639078,0,0,5,0,0,2,31624.571001261927,31624.571001261927,FALSE,TRUE,TRUE
5101704,Barra do Bugres,resto_mt,Demais MT,FALSE,2005,0,0,0,,0,0,,FALSE,5356888,5356888,0,0,4,0,0,2,31624.571001261927,31624.571001261927,FALSE,TRUE,TRUE
5101704,Barra do Bugres,resto_mt,Demais MT,FALSE,2006,0,0,0,,0,0,,FALSE,3995487,3995487,0,0,4,0,0,2,31624.571001261927,31624.571001261927,FALSE,TRUE,TRUE
5101704,Barra do Bugres,resto_mt,Demais MT,FALSE,2007,0,0,0,,0,0,,FALSE,3783959,3783959,0,0,5,0,0,2,31624.571001261927,31624.571001261927,FALSE,TRUE,TRUE
5101704,Barra do Bugres,resto_mt,Demais MT,FALSE,2008,0,0,0,,0,0,,FALSE,4349607,4349607,0,0,5,0,0,2,31624.571001261927,31624.571001261927,FALSE,TRUE,TRUE
5101704,Barra do Bugres,resto_mt,Demais MT,FALSE,2009,0,0,0,,0,0,,FALSE,5099857,5099857,0,0,4,0,0,2,31624.571001261927,31624.571001261927,FALSE,TRUE,TRUE
5101704,Barra do Bugres,resto_mt,Demais MT,FALSE,2010,0,0,0,,0,0,,FALSE,7253739,7253739,0,0,4,0,0,2,31624.571001261927,31624.571001261927,FALSE,TRUE,TRUE
5101704,Barra do Bugres,resto_mt,Demais MT,FALSE,2011,0,0,0,,0,0,,FALSE,6073573,6073573,0,0,4,0,0,2,31624.571001261927,31624.571001261927,FALSE,TRUE,TRUE
5101704,Barra do Bugres,resto_mt,Demais MT,FALSE,2012,0,0,0,,0,0,,FALSE,8449266,8449266,0,0,4,0,0,2,31624.571001261927,31624.571001261927,FALSE,TRUE,TRUE
5101704,Barra do Bugres,resto_mt,Demais MT,FALSE,2013,0,0,0,,0,0,,FALSE,11069600,7938973,338145,2792482,4,0,0,2,31624.571001261927,31624.571001261927,FALSE,TRUE,TRUE
5101704,Barra do Bugres,resto_mt,Demais MT,FALSE,2014,0,0,0,,0,0,,FALSE,9051116,3623944,582420,4844752,4,0,0,2,31624.571001261927,31624.571001261927,FALSE,TRUE,TRUE
5101704,Barra do Bugres,resto_mt,Demais MT,FALSE,2015,0,29803,-29803,,0,0,,FALSE,5133414,2822906,675863,1634645,4,0,0,2,31624.571001261927,31624.571001261927,FALSE,TRUE,TRUE
5101704,Barra do Bugres,resto_mt,Demais MT,FALSE,2016,6514488,0,6514488,2.2945,4,5,57.4,FALSE,4231020,2723839,0,1507181,4,0,0,2,31624.571001261927,31624.571001261927,FALSE,TRUE,TRUE
5101704,Barra do Bugres,resto_mt,Demais MT,FALSE,2017,7642999,0,7642999,2.059,4,8,61.8,FALSE,4532548,2811711,0,1720837,4,0,0,2,31624.571001261927,31624.571001261927,FALSE,TRUE,TRUE
5101704,Barra do Bugres,resto_mt,Demais MT,FALSE,2018,7940860,0,7940860,2.6367,4,12,52.1,FALSE,6235769,2655510,2525598,1054661,4,0,0,2,31624.571001261927,31624.571001261927,FALSE,TRUE,TRUE
5101704,Barra do Bugres,resto_mt,Demais MT,FALSE,2019,21457894,22286,21435608,3.9247,5,17,75.2,FALSE,6342656,2661937,2775580,905139,4,0,0,2,31624.571001261927,31624.571001261927,FALSE,TRUE,TRUE
5101704,Barra do Bugres,resto_mt,Demais MT,FALSE,2020,64244647,133130,64111517,4.3615,4,15,92.6,FALSE,12732423,2668965,9206346,857112,4,0,0,2,31624.571001261927,31624.571001261927,FALSE,TRUE,TRUE
5101704,Barra do Bugres,resto_mt,Demais MT,FALSE,2021,75947980,44092,75903888,5.0012,5,14,87,FALSE,22902097,2725508,19145316,1031273,4,0,0,2,31624.571001261927,31624.571001261927,FALSE,TRUE,TRUE
5101704,Barra do Bugres,resto_mt,Demais MT,FALSE,2022,171659232,33979,171625253,6.1865,4,12,97.8,FALSE,14086704,2551144,10644615,890945,4,0,0,2,31624.571001261927,31624.571001261927,FALSE,TRUE,TRUE
5101704,Barra do Bugres,resto_mt,Demais MT,FALSE,2023,125502371,33219,125469152,4.6563,6,16,94.6,FALSE,12646565,2640158,9205978,800429,4,0,0,2,31624.571001261927,31624.571001261927,FALSE,TRUE,TRUE
5101704,Barra do Bugres,resto_mt,Demais MT,FALSE,2024,138697206,42798,138654408,4.3505,5,19,92.9,FALSE,19752000,2361000,16604000,787000,4,0,0,2,31624.571001261927,31624.571001261927,FALSE,TRUE,TRUE
5101803,Barra do Garças,resto_mt,Demais MT,FALSE,2000,11366780,188987,11177793,2.8712,4,17,71.5,FALSE,,,,,3,1,10159.826100495791,2,199608.22223962136,209768.04834011715,FALSE,TRUE,TRUE
5101803,Barra do Garças,resto_mt,Demais MT,FALSE,2001,6840376,301153,6539223,1.9513,5,7,46.1,FALSE,,,,,3,1,10159.826100495791,2,199608.22223962136,209768.04834011715,FALSE,TRUE,TRUE
5101803,Barra do Garças,resto_mt,Demais MT,FALSE,2002,23438655,165016,23273639,1.7125,6,22,48.8,FALSE,801510,801510,0,0,3,1,10159.826100495791,2,199608.22223962136,209768.04834011715,FALSE,TRUE,TRUE
5101803,Barra do Garças,resto_mt,Demais MT,FALSE,2003,28825047,85043,28740004,1.6906,5,24,48,FALSE,785835,785835,0,0,2,1,10159.826100495791,2,199608.22223962136,209768.04834011715,FALSE,TRUE,TRUE
5101803,Barra do Garças,resto_mt,Demais MT,FALSE,2004,29886117,0,29886117,2.0893,16,31,45.2,FALSE,651574,651574,0,0,2,1,10159.826100495791,2,199608.22223962136,209768.04834011715,FALSE,TRUE,TRUE
5101803,Barra do Garças,resto_mt,Demais MT,FALSE,2005,36943670,10029,36933641,2.3108,5,40,52.7,FALSE,809172,809172,0,0,3,1,10159.826100495791,2,199608.22223962136,209768.04834011715,FALSE,TRUE,TRUE
5101803,Barra do Garças,resto_mt,Demais MT,FALSE,2006,83003158,1024077,81979081,2.7487,6,50,72,FALSE,962537,962537,0,0,3,1,10159.826100495791,2,199608.22223962136,209768.04834011715,FALSE,TRUE,TRUE
5101803,Barra do Garças,resto_mt,Demais MT,FALSE,2007,76704939,1461018,75243921,2.8187,8,49,67.9,FALSE,558075,558075,0,0,3,1,10159.826100495791,2,199608.22223962136,209768.04834011715,FALSE,TRUE,TRUE
5101803,Barra do Garças,resto_mt,Demais MT,FALSE,2008,123113722,1804925,121308797,3.8002,4,45,88.7,FALSE,450635,450635,0,0,2,1,10159.826100495791,2,199608.22223962136,209768.04834011715,FALSE,TRUE,TRUE
5101803,Barra do Garças,resto_mt,Demais MT,FALSE,2009,125546695,584321,124962374,3.11,19,49,82.5,FALSE,416363,416363,0,0,2,1,10159.826100495791,2,199608.22223962136,209768.04834011715,FALSE,TRUE,TRUE
5101803,Barra do Garças,resto_mt,Demais MT,FALSE,2010,160368373,1136375,159231998,1.8117,9,42,70.7,FALSE,497134,497134,0,0,3,1,10159.826100495791,2,199608.22223962136,209768.04834011715,FALSE,TRUE,TRUE
5101803,Barra do Garças,resto_mt,Demais MT,FALSE,2011,212122499,1035258,211087241,1.527,12,42,48.6,FALSE,843552,843552,0,0,3,1,10159.826100495791,2,199608.22223962136,209768.04834011715,FALSE,TRUE,TRUE
5101803,Barra do Garças,resto_mt,Demais MT,FALSE,2012,250153371,328574,249824797,1.4699,12,47,41.2,FALSE,1102249,1102249,0,0,3,1,10159.826100495791,2,199608.22223962136,209768.04834011715,FALSE,TRUE,TRUE
5101803,Barra do Garças,resto_mt,Demais MT,FALSE,2013,300737237,893467,299843770,1.6302,11,48,43.9,FALSE,2653136,1090610,1086894,475632,3,1,10159.826100495791,2,199608.22223962136,209768.04834011715,FALSE,TRUE,TRUE
5101803,Barra do Garças,resto_mt,Demais MT,FALSE,2014,422080459,58590,422021869,1.33,13,50,41.1,FALSE,10322645,1037162,8666334,619149,3,1,10159.826100495791,2,199608.22223962136,209768.04834011715,FALSE,TRUE,TRUE
5101803,Barra do Garças,resto_mt,Demais MT,FALSE,2015,310361163,114833,310246330,1.1626,10,44,55.7,FALSE,9834589,1137964,8231380,465245,3,1,10159.826100495791,2,199608.22223962136,209768.04834011715,FALSE,TRUE,TRUE
5101803,Barra do Garças,resto_mt,Demais MT,FALSE,2016,247598143,47878,247550265,1.4166,12,46,61.8,FALSE,5946140,1132598,4290010,523532,3,1,10159.826100495791,2,199608.22223962136,209768.04834011715,FALSE,TRUE,TRUE
5101803,Barra do Garças,resto_mt,Demais MT,FALSE,2017,259905458,11265,259894193,1.1339,9,43,63.7,FALSE,5194297,1197795,3571711,424791,3,1,10159.826100495791,2,199608.22223962136,209768.04834011715,FALSE,TRUE,TRUE
5101803,Barra do Garças,resto_mt,Demais MT,FALSE,2018,228241470,18672,228222798,2.4707,11,38,81.9,FALSE,17181891,1187366,15407826,586699,3,1,10159.826100495791,2,199608.22223962136,209768.04834011715,FALSE,TRUE,TRUE
5101803,Barra do Garças,resto_mt,Demais MT,FALSE,2019,294150622,642826,293507796,1.3329,11,31,79,FALSE,8610182,973325,7019170,617687,3,1,10159.826100495791,2,199608.22223962136,209768.04834011715,FALSE,TRUE,TRUE
5101803,Barra do Garças,resto_mt,Demais MT,FALSE,2020,250964659,862846,250101813,1.5349,9,29,79.1,FALSE,7968860,923044,6656565,389251,3,1,10159.826100495791,2,199608.22223962136,209768.04834011715,FALSE,TRUE,TRUE
5101803,Barra do Garças,resto_mt,Demais MT,FALSE,2021,267138762,309115,266829647,1.2293,10,33,65.6,FALSE,8917753,867835,7366239,683679,3,1,10159.826100495791,2,199608.22223962136,209768.04834011715,FALSE,TRUE,TRUE
5101803,Barra do Garças,resto_mt,Demais MT,FALSE,2022,484096262,568716,483527546,1.7814,9,35,72.4,FALSE,7701239,824667,6600596,275976,3,1,10159.826100495791,2,199608.22223962136,209768.04834011715,FALSE,TRUE,TRUE
5101803,Barra do Garças,resto_mt,Demais MT,FALSE,2023,344290598,838365,343452233,1.6964,10,35,75.2,FALSE,11951951,885291,10715687,350973,3,1,10159.826100495791,2,199608.22223962136,209768.04834011715,FALSE,TRUE,TRUE
5101803,Barra do Garças,resto_mt,Demais MT,FALSE,2024,263217091,915754,262301337,3.1026,9,31,91,FALSE,19681000,1011000,18324000,346000,3,1,10159.826100495791,2,199608.22223962136,209768.04834011715,FALSE,TRUE,TRUE
5101852,Bom Jesus do Araguaia,resto_mt,Demais MT,FALSE,2000,0,0,0,,0,0,,FALSE,,,,,,0,0,1,8490.424461322462,8490.424461322462,FALSE,TRUE,TRUE
5101852,Bom Jesus do Araguaia,resto_mt,Demais MT,FALSE,2001,0,0,0,,0,0,,FALSE,,,,,2,0,0,1,8490.424461322462,8490.424461322462,FALSE,TRUE,TRUE
5101852,Bom Jesus do Araguaia,resto_mt,Demais MT,FALSE,2002,0,0,0,,0,0,,FALSE,287988,287988,0,0,2,0,0,1,8490.424461322462,8490.424461322462,FALSE,TRUE,TRUE
5101852,Bom Jesus do Araguaia,resto_mt,Demais MT,FALSE,2003,0,0,0,,0,0,,FALSE,468358,468358,0,0,2,0,0,1,8490.424461322462,8490.424461322462,FALSE,TRUE,TRUE
5101852,Bom Jesus do Araguaia,resto_mt,Demais MT,FALSE,2004,24116,0,24116,0.5208,2,1,61,FALSE,254706,254706,0,0,2,0,0,1,8490.424461322462,8490.424461322462,FALSE,TRUE,TRUE
5101852,Bom Jesus do Araguaia,resto_mt,Demais MT,FALSE,2005,1499724,0,1499724,0.2534,1,2,100,FALSE,234011,234011,0,0,2,0,0,1,8490.424461322462,8490.424461322462,FALSE,TRUE,TRUE
5101852,Bom Jesus do Araguaia,resto_mt,Demais MT,FALSE,2006,1337014,0,1337014,0.2225,1,2,100,FALSE,260516,260516,0,0,2,0,0,1,8490.424461322462,8490.424461322462,FALSE,TRUE,TRUE
5101852,Bom Jesus do Araguaia,resto_mt,Demais MT,FALSE,2007,8804449,0,8804449,0.3046,1,4,100,FALSE,273822,273822,0,0,2,0,0,1,8490.424461322462,8490.424461322462,FALSE,TRUE,TRUE
5101852,Bom Jesus do Araguaia,resto_mt,Demais MT,FALSE,2008,13710688,0,13710688,0.3957,2,5,87.3,FALSE,394306,394306,0,0,2,0,0,1,8490.424461322462,8490.424461322462,FALSE,TRUE,TRUE
5101852,Bom Jesus do Araguaia,resto_mt,Demais MT,FALSE,2009,9172992,0,9172992,0.4152,1,3,100,FALSE,557503,557503,0,0,2,0,0,1,8490.424461322462,8490.424461322462,FALSE,TRUE,TRUE
5101852,Bom Jesus do Araguaia,resto_mt,Demais MT,FALSE,2010,0,0,0,,0,0,,FALSE,521438,521438,0,0,2,0,0,1,8490.424461322462,8490.424461322462,FALSE,TRUE,TRUE
5101852,Bom Jesus do Araguaia,resto_mt,Demais MT,FALSE,2011,21215234,0,21215234,0.4254,1,5,100,FALSE,679007,679007,0,0,2,0,0,1,8490.424461322462,8490.424461322462,FALSE,TRUE,TRUE
5101852,Bom Jesus do Araguaia,resto_mt,Demais MT,FALSE,2012,33497556,0,33497556,0.4911,2,9,93.5,FALSE,409911,409911,0,0,2,0,0,1,8490.424461322462,8490.424461322462,FALSE,TRUE,TRUE
5101852,Bom Jesus do Araguaia,resto_mt,Demais MT,FALSE,2013,25501947,0,25501947,0.5035,2,11,92.6,FALSE,386452,250822,0,135630,2,0,0,1,8490.424461322462,8490.424461322462,FALSE,TRUE,TRUE
5101852,Bom Jesus do Araguaia,resto_mt,Demais MT,FALSE,2014,641750,0,641750,0.5239,2,3,99.9,FALSE,283339,15741,0,267598,1,0,0,1,8490.424461322462,8490.424461322462,FALSE,TRUE,TRUE
5101852,Bom Jesus do Araguaia,resto_mt,Demais MT,FALSE,2015,0,0,0,,0,0,,FALSE,1402022,15718,4715,1381589,1,0,0,1,8490.424461322462,8490.424461322462,FALSE,TRUE,TRUE
5101852,Bom Jesus do Araguaia,resto_mt,Demais MT,FALSE,2016,0,0,0,,0,0,,FALSE,1294819,23596,0,1271223,2,0,0,1,8490.424461322462,8490.424461322462,FALSE,TRUE,TRUE
5101852,Bom Jesus do Araguaia,resto_mt,Demais MT,FALSE,2017,18617202,5867,18611335,0.265,2,10,73.8,FALSE,1297491,21673,0,1275818,2,0,0,1,8490.424461322462,8490.424461322462,FALSE,TRUE,TRUE
5101852,Bom Jesus do Araguaia,resto_mt,Demais MT,FALSE,2018,21607113,20702,21586411,0.3316,2,7,91.1,FALSE,973640,26541,0,947099,2,0,0,1,8490.424461322462,8490.424461322462,FALSE,TRUE,TRUE
5101852,Bom Jesus do Araguaia,resto_mt,Demais MT,FALSE,2019,39029189,0,39029189,0.2511,2,18,64.1,FALSE,336920,29414,0,307506,2,0,0,1,8490.424461322462,8490.424461322462,FALSE,TRUE,TRUE
5101852,Bom Jesus do Araguaia,resto_mt,Demais MT,FALSE,2020,27144324,85781,27058543,0.2431,2,14,60.4,FALSE,713837,31698,0,682139,2,0,0,1,8490.424461322462,8490.424461322462,FALSE,TRUE,TRUE
5101852,Bom Jesus do Araguaia,resto_mt,Demais MT,FALSE,2021,36309663,0,36309663,0.3593,2,17,69.1,FALSE,725114,29925,0,695189,2,0,0,1,8490.424461322462,8490.424461322462,FALSE,TRUE,TRUE
5101852,Bom Jesus do Araguaia,resto_mt,Demais MT,FALSE,2022,64196492,0,64196492,0.4817,2,10,74.5,FALSE,852916,29336,0,823580,2,0,0,1,8490.424461322462,8490.424461322462,FALSE,TRUE,TRUE
5101852,Bom Jesus do Araguaia,resto_mt,Demais MT,FALSE,2023,46688235,49471,46638764,0.4231,2,11,75.1,FALSE,1096922,22001,0,1074921,2,0,0,1,8490.424461322462,8490.424461322462,FALSE,TRUE,TRUE
5101852,Bom Jesus do Araguaia,resto_mt,Demais MT,FALSE,2024,19590743,18119781,1470962,0.321,2,11,70.2,FALSE,573000,41000,0,532000,2,0,0,1,8490.424461322462,8490.424461322462,FALSE,TRUE,TRUE
5101902,Brasnorte,resto_mt,Demais MT,FALSE,2000,1169236,0,1169236,0.3969,3,10,54,FALSE,,,,,3,0,0,9,569548.1595241664,569548.1595241664,FALSE,TRUE,TRUE
5101902,Brasnorte,resto_mt,Demais MT,FALSE,2001,1080167,0,1080167,0.3247,2,4,81,FALSE,,,,,3,0,0,9,569548.1595241664,569548.1595241664,FALSE,TRUE,TRUE
5101902,Brasnorte,resto_mt,Demais MT,FALSE,2002,477736,0,477736,0.4692,2,5,54.1,FALSE,9212158,9212158,0,0,3,0,0,9,569548.1595241664,569548.1595241664,FALSE,TRUE,TRUE
5101902,Brasnorte,resto_mt,Demais MT,FALSE,2003,865144,0,865144,0.3061,2,6,75.3,FALSE,7239112,7239112,0,0,3,0,0,9,569548.1595241664,569548.1595241664,FALSE,TRUE,TRUE
5101902,Brasnorte,resto_mt,Demais MT,FALSE,2004,523344,0,523344,0.3007,1,5,100,FALSE,5103010,5103010,0,0,3,0,0,9,569548.1595241664,569548.1595241664,FALSE,TRUE,TRUE
5101902,Brasnorte,resto_mt,Demais MT,FALSE,2005,12763967,832875,11931092,0.2716,3,13,82.8,FALSE,6357780,6357780,0,0,4,0,0,9,569548.1595241664,569548.1595241664,FALSE,TRUE,TRUE
5101902,Brasnorte,resto_mt,Demais MT,FALSE,2006,5278802,0,5278802,0.2331,2,5,94.1,FALSE,9515675,9515675,0,0,4,0,0,9,569548.1595241664,569548.1595241664,FALSE,TRUE,TRUE
5101902,Brasnorte,resto_mt,Demais MT,FALSE,2007,24283727,9923,24273804,0.2746,3,10,87,FALSE,17626310,17626310,0,0,4,0,0,9,569548.1595241664,569548.1595241664,FALSE,TRUE,TRUE
5101902,Brasnorte,resto_mt,Demais MT,FALSE,2008,55350442,0,55350442,0.4192,3,10,97.8,FALSE,11625891,11625891,0,0,4,0,0,9,569548.1595241664,569548.1595241664,FALSE,TRUE,TRUE
5101902,Brasnorte,resto_mt,Demais MT,FALSE,2009,69914421,0,69914421,0.4163,2,12,96.1,FALSE,36240038,36240038,0,0,4,0,0,9,569548.1595241664,569548.1595241664,FALSE,TRUE,TRUE
5101902,Brasnorte,resto_mt,Demais MT,FALSE,2010,56524453,0,56524453,0.3818,2,13,99.2,FALSE,28497938,28497938,0,0,5,0,0,9,569548.1595241664,569548.1595241664,FALSE,TRUE,TRUE
5101902,Brasnorte,resto_mt,Demais MT,FALSE,2011,60588747,0,60588747,0.4952,3,22,83.3,FALSE,23559048,23559048,0,0,5,0,0,9,569548.1595241664,569548.1595241664,FALSE,TRUE,TRUE
5101902,Brasnorte,resto_mt,Demais MT,FALSE,2012,48880494,0,48880494,0.437,5,25,73.6,FALSE,15427559,15427559,0,0,5,0,0,9,569548.1595241664,569548.1595241664,FALSE,TRUE,TRUE
5101902,Brasnorte,resto_mt,Demais MT,FALSE,2013,115195873,0,115195873,0.5102,5,25,64.7,FALSE,27841213,7745747,6499070,13596396,5,0,0,9,569548.1595241664,569548.1595241664,FALSE,TRUE,TRUE
5101902,Brasnorte,resto_mt,Demais MT,FALSE,2014,95514769,970000,94544769,0.3901,6,27,63.4,FALSE,20099599,3886296,3625693,12587610,5,0,0,9,569548.1595241664,569548.1595241664,FALSE,TRUE,TRUE
5101902,Brasnorte,resto_mt,Demais MT,FALSE,2015,59496528,13442,59483086,0.3426,6,28,70.8,FALSE,16110683,5529501,6805781,3775401,4,0,0,9,569548.1595241664,569548.1595241664,FALSE,TRUE,TRUE
5101902,Brasnorte,resto_mt,Demais MT,FALSE,2016,109756253,0,109756253,0.3296,7,27,77.4,FALSE,22212490,11712362,5862080,4638048,4,0,0,9,569548.1595241664,569548.1595241664,FALSE,TRUE,TRUE
5101902,Brasnorte,resto_mt,Demais MT,FALSE,2017,108984648,0,108984648,0.2911,7,25,61.1,FALSE,24210194,12931561,9371408,1907225,4,0,0,9,569548.1595241664,569548.1595241664,FALSE,TRUE,TRUE
5101902,Brasnorte,resto_mt,Demais MT,FALSE,2018,90083009,21600,90061409,0.2941,7,25,57.3,FALSE,27584617,16892732,8481987,2209898,4,0,0,9,569548.1595241664,569548.1595241664,FALSE,TRUE,TRUE
5101902,Brasnorte,resto_mt,Demais MT,FALSE,2019,245709418,90826,245618592,0.2742,6,29,58.3,FALSE,24504257,8541996,12823021,3139240,4,0,0,9,569548.1595241664,569548.1595241664,FALSE,TRUE,TRUE
5101902,Brasnorte,resto_mt,Demais MT,FALSE,2020,144845969,0,144845969,0.2911,5,23,69.5,FALSE,21875374,11445488,7536499,2893387,5,0,0,9,569548.1595241664,569548.1595241664,FALSE,TRUE,TRUE
5101902,Brasnorte,resto_mt,Demais MT,FALSE,2021,241536027,0,241536027,0.3702,6,27,69.8,FALSE,28513100,9412672,16388731,2711697,5,0,0,9,569548.1595241664,569548.1595241664,FALSE,TRUE,TRUE
5101902,Brasnorte,resto_mt,Demais MT,FALSE,2022,412076955,66339,412010616,0.458,6,38,58.4,FALSE,33381086,14548473,15223201,3609412,5,0,0,9,569548.1595241664,569548.1595241664,FALSE,TRUE,TRUE
5101902,Brasnorte,resto_mt,Demais MT,FALSE,2023,400480220,1287000,399193220,0.4078,6,38,56.2,FALSE,22026456,6828788,12047290,3150378,5,0,0,9,569548.1595241664,569548.1595241664,FALSE,TRUE,TRUE
5101902,Brasnorte,resto_mt,Demais MT,FALSE,2024,272150858,830757,271320101,0.3335,6,34,65.6,FALSE,29259000,12523000,13762000,2974000,5,0,0,9,569548.1595241664,569548.1595241664,FALSE,TRUE,TRUE
5102504,Cáceres,pantanal_norte,Pantanal-13,TRUE,2000,1741104,579579,1161525,0.4557,170,7,24.3,TRUE,,,,,3,4,117221.90784840264,1,105.71118274488748,117327.61903114752,TRUE,TRUE,TRUE
5102504,Cáceres,pantanal_norte,Pantanal-13,TRUE,2001,1117096,1710797,-593701,0.3077,90,8,50.9,TRUE,,,,,3,4,117221.90784840264,1,105.71118274488748,117327.61903114752,TRUE,TRUE,TRUE
5102504,Cáceres,pantanal_norte,Pantanal-13,TRUE,2002,24941945,110602,24831343,0.178,45,5,93.4,TRUE,5416263,5416263,0,0,4,4,117221.90784840264,1,105.71118274488748,117327.61903114752,TRUE,TRUE,TRUE
5102504,Cáceres,pantanal_norte,Pantanal-13,TRUE,2003,8510931,127309,8383622,0.2058,19,6,85.9,TRUE,2524102,2524102,0,0,4,4,117221.90784840264,1,105.71118274488748,117327.61903114752,TRUE,TRUE,TRUE
5102504,Cáceres,pantanal_norte,Pantanal-13,TRUE,2004,2889842,43428,2846414,0.9837,6,12,42.7,TRUE,4013104,4013104,0,0,4,4,117221.90784840264,1,105.71118274488748,117327.61903114752,TRUE,TRUE,TRUE
5102504,Cáceres,pantanal_norte,Pantanal-13,TRUE,2005,5814006,81050,5732956,1.1826,26,17,32.4,TRUE,4860671,4860671,0,0,3,4,117221.90784840264,1,105.71118274488748,117327.61903114752,TRUE,TRUE,TRUE
5102504,Cáceres,pantanal_norte,Pantanal-13,TRUE,2006,13593892,267587,13326305,1.9089,19,20,61.3,TRUE,3394930,3394930,0,0,3,4,117221.90784840264,1,105.71118274488748,117327.61903114752,TRUE,TRUE,TRUE
5102504,Cáceres,pantanal_norte,Pantanal-13,TRUE,2007,15812841,730318,15082523,1.6243,19,27,60,TRUE,4409837,4409837,0,0,3,4,117221.90784840264,1,105.71118274488748,117327.61903114752,TRUE,TRUE,TRUE
5102504,Cáceres,pantanal_norte,Pantanal-13,TRUE,2008,12573214,466129,12107085,1.5164,13,26,55,TRUE,7729368,7729368,0,0,3,4,117221.90784840264,1,105.71118274488748,117327.61903114752,TRUE,TRUE,TRUE
5102504,Cáceres,pantanal_norte,Pantanal-13,TRUE,2009,11558951,316002,11242949,1.4812,19,20,43.2,TRUE,14546826,14546826,0,0,3,4,117221.90784840264,1,105.71118274488748,117327.61903114752,TRUE,TRUE,TRUE
5102504,Cáceres,pantanal_norte,Pantanal-13,TRUE,2010,9284037,247442,9036595,1.7929,14,22,46.4,TRUE,5353582,5353582,0,0,2,4,117221.90784840264,1,105.71118274488748,117327.61903114752,TRUE,TRUE,TRUE
5102504,Cáceres,pantanal_norte,Pantanal-13,TRUE,2011,6980984,641642,6339342,0.5389,51,10,47.5,TRUE,5417477,5417477,0,0,2,4,117221.90784840264,1,105.71118274488748,117327.61903114752,TRUE,TRUE,TRUE
5102504,Cáceres,pantanal_norte,Pantanal-13,TRUE,2012,14746307,511907,14234400,0.4702,56,9,62.9,TRUE,5521050,5521050,0,0,3,4,117221.90784840264,1,105.71118274488748,117327.61903114752,TRUE,TRUE,TRUE
5102504,Cáceres,pantanal_norte,Pantanal-13,TRUE,2013,10959915,360026,10599889,0.4723,52,7,62.4,TRUE,15032583,3812490,4752608,6467485,1,4,117221.90784840264,1,105.71118274488748,117327.61903114752,TRUE,TRUE,TRUE
5102504,Cáceres,pantanal_norte,Pantanal-13,TRUE,2014,13813954,1346064,12467890,0.4939,12,11,51.4,TRUE,12466928,3821582,5149079,3496267,1,4,117221.90784840264,1,105.71118274488748,117327.61903114752,TRUE,TRUE,TRUE
5102504,Cáceres,pantanal_norte,Pantanal-13,TRUE,2015,9573636,340467,9233169,0.55,21,9,73.3,TRUE,9003121,3442185,3261431,2299505,1,4,117221.90784840264,1,105.71118274488748,117327.61903114752,TRUE,TRUE,TRUE
5102504,Cáceres,pantanal_norte,Pantanal-13,TRUE,2016,11689615,247418,11442197,0.5769,11,12,77,TRUE,17972620,3178058,12017632,2776930,1,4,117221.90784840264,1,105.71118274488748,117327.61903114752,TRUE,TRUE,TRUE
5102504,Cáceres,pantanal_norte,Pantanal-13,TRUE,2017,19882108,244141,19637967,0.3426,6,14,63.3,TRUE,19420459,3239392,12516884,3664183,1,4,117221.90784840264,1,105.71118274488748,117327.61903114752,TRUE,TRUE,TRUE
5102504,Cáceres,pantanal_norte,Pantanal-13,TRUE,2018,21691869,575586,21116283,0.3537,5,16,72.2,TRUE,13126686,3569084,6315393,3242209,2,4,117221.90784840264,1,105.71118274488748,117327.61903114752,TRUE,TRUE,TRUE
5102504,Cáceres,pantanal_norte,Pantanal-13,TRUE,2019,14994776,258361,14736415,0.4418,9,16,56.6,TRUE,16801887,4366592,9887002,2548293,2,4,117221.90784840264,1,105.71118274488748,117327.61903114752,TRUE,TRUE,TRUE
5102504,Cáceres,pantanal_norte,Pantanal-13,TRUE,2020,13502750,170096,13332654,0.5054,10,15,56.4,TRUE,12543504,4342616,4600003,3600885,2,4,117221.90784840264,1,105.71118274488748,117327.61903114752,TRUE,TRUE,TRUE
5102504,Cáceres,pantanal_norte,Pantanal-13,TRUE,2021,15678661,200004,15478657,0.5319,6,14,63.1,TRUE,34033175,4028412,27187177,2817586,2,4,117221.90784840264,1,105.71118274488748,117327.61903114752,TRUE,TRUE,TRUE
5102504,Cáceres,pantanal_norte,Pantanal-13,TRUE,2022,13731275,378259,13353016,0.7054,10,15,73.9,TRUE,27317230,1617825,23453573,2245832,2,4,117221.90784840264,1,105.71118274488748,117327.61903114752,TRUE,TRUE,TRUE
5102504,Cáceres,pantanal_norte,Pantanal-13,TRUE,2023,9197472,478471,8719001,0.5987,5,14,82.2,TRUE,31055377,804619,28532560,1718198,1,4,117221.90784840264,1,105.71118274488748,117327.61903114752,TRUE,TRUE,TRUE
5102504,Cáceres,pantanal_norte,Pantanal-13,TRUE,2024,11207846,425584,10782262,0.5696,4,12,86.3,TRUE,45090000,494000,42475000,2121000,1,4,117221.90784840264,1,105.71118274488748,117327.61903114752,TRUE,TRUE,TRUE
5102603,Campinápolis,resto_mt,Demais MT,FALSE,2000,0,0,0,,0,0,,FALSE,,,,,2,1,1.7163556882865727,3,233162.92234010078,233164.63869578906,FALSE,TRUE,TRUE
5102603,Campinápolis,resto_mt,Demais MT,FALSE,2001,0,0,0,,0,0,,FALSE,,,,,2,1,1.7163556882865727,3,233162.92234010078,233164.63869578906,FALSE,TRUE,TRUE
5102603,Campinápolis,resto_mt,Demais MT,FALSE,2002,0,0,0,,0,0,,FALSE,558628,558628,0,0,2,1,1.7163556882865727,3,233162.92234010078,233164.63869578906,FALSE,TRUE,TRUE
5102603,Campinápolis,resto_mt,Demais MT,FALSE,2003,0,0,0,,0,0,,FALSE,556371,556371,0,0,2,1,1.7163556882865727,3,233162.92234010078,233164.63869578906,FALSE,TRUE,TRUE
5102603,Campinápolis,resto_mt,Demais MT,FALSE,2004,0,0,0,,0,0,,FALSE,586417,586417,0,0,2,1,1.7163556882865727,3,233162.92234010078,233164.63869578906,FALSE,TRUE,TRUE
5102603,Campinápolis,resto_mt,Demais MT,FALSE,2005,0,0,0,,0,0,,FALSE,1229265,1229265,0,0,2,1,1.7163556882865727,3,233162.92234010078,233164.63869578906,FALSE,TRUE,TRUE
5102603,Campinápolis,resto_mt,Demais MT,FALSE,2006,0,0,0,,0,0,,FALSE,1313547,1313547,0,0,2,1,1.7163556882865727,3,233162.92234010078,233164.63869578906,FALSE,TRUE,TRUE
5102603,Campinápolis,resto_mt,Demais MT,FALSE,2007,0,0,0,,0,0,,FALSE,693682,693682,0,0,2,1,1.7163556882865727,3,233162.92234010078,233164.63869578906,FALSE,TRUE,TRUE
5102603,Campinápolis,resto_mt,Demais MT,FALSE,2008,0,0,0,,0,0,,FALSE,649012,649012,0,0,2,1,1.7163556882865727,3,233162.92234010078,233164.63869578906,FALSE,TRUE,TRUE
5102603,Campinápolis,resto_mt,Demais MT,FALSE,2009,0,0,0,,0,0,,FALSE,715109,715109,0,0,2,1,1.7163556882865727,3,233162.92234010078,233164.63869578906,FALSE,TRUE,TRUE
5102603,Campinápolis,resto_mt,Demais MT,FALSE,2010,0,0,0,,0,0,,FALSE,715873,715873,0,0,3,1,1.7163556882865727,3,233162.92234010078,233164.63869578906,FALSE,TRUE,TRUE
5102603,Campinápolis,resto_mt,Demais MT,FALSE,2011,0,0,0,,0,0,,FALSE,485303,485303,0,0,3,1,1.7163556882865727,3,233162.92234010078,233164.63869578906,FALSE,TRUE,TRUE
5102603,Campinápolis,resto_mt,Demais MT,FALSE,2012,0,0,0,,0,0,,FALSE,2569299,2569299,0,0,3,1,1.7163556882865727,3,233162.92234010078,233164.63869578906,FALSE,TRUE,TRUE
5102603,Campinápolis,resto_mt,Demais MT,FALSE,2013,0,0,0,,0,0,,FALSE,5285836,2407889,2341003,536944,2,1,1.7163556882865727,3,233162.92234010078,233164.63869578906,FALSE,TRUE,TRUE
5102603,Campinápolis,resto_mt,Demais MT,FALSE,2014,0,0,0,,0,0,,FALSE,3109736,2263216,0,846520,2,1,1.7163556882865727,3,233162.92234010078,233164.63869578906,FALSE,TRUE,TRUE
5102603,Campinápolis,resto_mt,Demais MT,FALSE,2015,0,0,0,,0,0,,FALSE,2854341,2062167,440097,352077,2,1,1.7163556882865727,3,233162.92234010078,233164.63869578906,FALSE,TRUE,TRUE
5102603,Campinápolis,resto_mt,Demais MT,FALSE,2016,0,0,0,,0,0,,FALSE,2931777,2325660,137151,468966,2,1,1.7163556882865727,3,233162.92234010078,233164.63869578906,FALSE,TRUE,TRUE
5102603,Campinápolis,resto_mt,Demais MT,FALSE,2017,0,0,0,,0,0,,FALSE,3424336,2470723,134373,819240,2,1,1.7163556882865727,3,233162.92234010078,233164.63869578906,FALSE,TRUE,TRUE
5102603,Campinápolis,resto_mt,Demais MT,FALSE,2018,0,0,0,,0,0,,FALSE,2971210,2130275,138293,702642,2,1,1.7163556882865727,3,233162.92234010078,233164.63869578906,FALSE,TRUE,TRUE
5102603,Campinápolis,resto_mt,Demais MT,FALSE,2019,0,0,0,,0,0,,FALSE,2661936,2161904,6685,493347,3,1,1.7163556882865727,3,233162.92234010078,233164.63869578906,FALSE,TRUE,TRUE
5102603,Campinápolis,resto_mt,Demais MT,FALSE,2020,0,0,0,,0,0,,FALSE,2524423,2050222,6340,467861,3,1,1.7163556882865727,3,233162.92234010078,233164.63869578906,FALSE,TRUE,TRUE
5102603,Campinápolis,resto_mt,Demais MT,FALSE,2021,0,0,0,,0,0,,FALSE,1992338,1560722,6906,424710,3,1,1.7163556882865727,3,233162.92234010078,233164.63869578906,FALSE,TRUE,TRUE
5102603,Campinápolis,resto_mt,Demais MT,FALSE,2022,0,0,0,,0,0,,FALSE,1793842,1436377,7606,349859,3,1,1.7163556882865727,3,233162.92234010078,233164.63869578906,FALSE,TRUE,TRUE
5102603,Campinápolis,resto_mt,Demais MT,FALSE,2023,0,0,0,,0,0,,FALSE,1470945,973296,7334,490315,3,1,1.7163556882865727,3,233162.92234010078,233164.63869578906,FALSE,TRUE,TRUE
5102603,Campinápolis,resto_mt,Demais MT,FALSE,2024,0,0,0,,0,0,,FALSE,694000,375000,0,319000,1,1,1.7163556882865727,3,233162.92234010078,233164.63869578906,FALSE,TRUE,TRUE
5102637,Campo Novo do Parecis,resto_mt,Demais MT,FALSE,2000,347871,7934855,-7586984,0.218,1,2,100,FALSE,,,,,2,0,0,4,279082.5554181304,279082.5554181304,FALSE,TRUE,TRUE
5102637,Campo Novo do Parecis,resto_mt,Demais MT,FALSE,2001,5290456,28860249,-23569793,0.7622,2,14,86.4,FALSE,,,,,1,0,0,4,279082.5554181304,279082.5554181304,FALSE,TRUE,TRUE
5102637,Campo Novo do Parecis,resto_mt,Demais MT,FALSE,2002,3562857,31246216,-27683359,0.3705,2,10,60.2,FALSE,898663,898663,0,0,1,0,0,4,279082.5554181304,279082.5554181304,FALSE,TRUE,TRUE
5102637,Campo Novo do Parecis,resto_mt,Demais MT,FALSE,2003,67832420,32444905,35387515,0.2177,4,11,94.3,FALSE,1049876,1049876,0,0,1,0,0,4,279082.5554181304,279082.5554181304,FALSE,TRUE,TRUE
5102637,Campo Novo do Parecis,resto_mt,Demais MT,FALSE,2004,102339336,27662284,74677052,0.2925,4,26,89.1,FALSE,266553,266553,0,0,1,0,0,4,279082.5554181304,279082.5554181304,FALSE,TRUE,TRUE
5102637,Campo Novo do Parecis,resto_mt,Demais MT,FALSE,2005,244679649,40383224,204296425,0.2429,5,21,95.7,FALSE,501856,501856,0,0,1,0,0,4,279082.5554181304,279082.5554181304,FALSE,TRUE,TRUE
5102637,Campo Novo do Parecis,resto_mt,Demais MT,FALSE,2006,368828575,38386077,330442498,0.2282,6,24,97.3,FALSE,95979,95979,0,0,1,0,0,4,279082.5554181304,279082.5554181304,FALSE,TRUE,TRUE
5102637,Campo Novo do Parecis,resto_mt,Demais MT,FALSE,2007,70497735,78517705,-8019970,0.2743,6,29,72.8,FALSE,59980,59980,0,0,1,0,0,4,279082.5554181304,279082.5554181304,FALSE,TRUE,TRUE
5102637,Campo Novo do Parecis,resto_mt,Demais MT,FALSE,2008,362017540,200617487,161400053,0.4313,7,35,67.4,FALSE,1560078,1560078,0,0,1,0,0,4,279082.5554181304,279082.5554181304,FALSE,TRUE,TRUE
5102637,Campo Novo do Parecis,resto_mt,Demais MT,FALSE,2009,390148196,46788640,343359556,0.383,7,35,78.8,FALSE,1434923,1434923,0,0,1,0,0,4,279082.5554181304,279082.5554181304,FALSE,TRUE,TRUE
5102637,Campo Novo do Parecis,resto_mt,Demais MT,FALSE,2010,374617712,92185549,282432163,0.3716,7,33,74.2,FALSE,1758750,1758750,0,0,1,0,0,4,279082.5554181304,279082.5554181304,FALSE,TRUE,TRUE
5102637,Campo Novo do Parecis,resto_mt,Demais MT,FALSE,2011,542735368,2229921,540505447,0.446,7,40,70.3,FALSE,1907885,1907885,0,0,1,0,0,4,279082.5554181304,279082.5554181304,FALSE,TRUE,TRUE
5102637,Campo Novo do Parecis,resto_mt,Demais MT,FALSE,2012,530008327,3931994,526076333,0.4969,5,48,67.2,FALSE,1439592,1439592,0,0,1,0,0,4,279082.5554181304,279082.5554181304,FALSE,TRUE,TRUE
5102637,Campo Novo do Parecis,resto_mt,Demais MT,FALSE,2013,663164308,1685818,661478490,0.4279,6,56,50,FALSE,1636844,1636844,0,0,1,0,0,4,279082.5554181304,279082.5554181304,FALSE,TRUE,TRUE
5102637,Campo Novo do Parecis,resto_mt,Demais MT,FALSE,2014,470801618,2649616,468152002,0.4235,7,59,56.1,FALSE,2471348,1589848,881500,0,1,0,0,4,279082.5554181304,279082.5554181304,FALSE,TRUE,TRUE
5102637,Campo Novo do Parecis,resto_mt,Demais MT,FALSE,2015,388302315,10069888,378232427,0.3118,7,60,50,FALSE,3366739,1937997,1428742,0,1,0,0,4,279082.5554181304,279082.5554181304,FALSE,TRUE,TRUE
5102637,Campo Novo do Parecis,resto_mt,Demais MT,FALSE,2016,387922282,19553000,368369282,0.3119,9,50,55,FALSE,2349256,1999743,349513,0,1,0,0,4,279082.5554181304,279082.5554181304,FALSE,TRUE,TRUE
5102637,Campo Novo do Parecis,resto_mt,Demais MT,FALSE,2017,535012038,24295504,510716534,0.2749,10,53,47,FALSE,2749582,2317567,432015,0,1,0,0,4,279082.5554181304,279082.5554181304,FALSE,TRUE,TRUE
5102637,Campo Novo do Parecis,resto_mt,Demais MT,FALSE,2018,503310328,41186896,462123432,0.3006,8,58,47.1,FALSE,2858061,2337017,521044,0,1,0,0,4,279082.5554181304,279082.5554181304,FALSE,TRUE,TRUE
5102637,Campo Novo do Parecis,resto_mt,Demais MT,FALSE,2019,897512288,52928142,844584146,0.3077,11,65,50.5,FALSE,2982813,2584392,398421,0,2,0,0,4,279082.5554181304,279082.5554181304,FALSE,TRUE,TRUE
5102637,Campo Novo do Parecis,resto_mt,Demais MT,FALSE,2020,918010051,19314230,898695821,0.3144,10,60,58.9,FALSE,2974534,2417918,445039,111577,2,0,0,4,279082.5554181304,279082.5554181304,FALSE,TRUE,TRUE
5102637,Campo Novo do Parecis,resto_mt,Demais MT,FALSE,2021,999300577,58275479,941025098,0.4318,9,48,60.8,FALSE,3173238,2632280,421257,119701,1,0,0,4,279082.5554181304,279082.5554181304,FALSE,TRUE,TRUE
5102637,Campo Novo do Parecis,resto_mt,Demais MT,FALSE,2022,1323944662,106242918,1217701744,0.4994,11,55,60.8,FALSE,3963616,3221525,573681,168410,1,0,0,4,279082.5554181304,279082.5554181304,FALSE,TRUE,TRUE
5102637,Campo Novo do Parecis,resto_mt,Demais MT,FALSE,2023,1440336782,73565751,1366771031,0.4606,9,70,60.2,FALSE,15699509,3600882,11962428,136199,1,0,0,4,279082.5554181304,279082.5554181304,FALSE,TRUE,TRUE
5102637,Campo Novo do Parecis,resto_mt,Demais MT,FALSE,2024,1109090887,39171987,1069918900,0.4242,11,65,42.5,FALSE,15451000,3610000,11685000,156000,1,0,0,4,279082.5554181304,279082.5554181304,FALSE,TRUE,TRUE
5102678,Campo Verde,resto_mt,Demais MT,FALSE,2000,283305,66104,217201,1.7597,1,2,100,FALSE,,,,,2,1,3976.9972706698895,0,0,3976.9972706698895,FALSE,TRUE,TRUE
5102678,Campo Verde,resto_mt,Demais MT,FALSE,2001,1811043,600872,1210171,0.945,2,8,95.6,FALSE,,,,,2,1,3976.9972706698895,0,0,3976.9972706698895,FALSE,TRUE,TRUE
5102678,Campo Verde,resto_mt,Demais MT,FALSE,2002,546094,508856,37238,0.82,1,4,100,FALSE,898663,898663,0,0,2,1,3976.9972706698895,0,0,3976.9972706698895,FALSE,TRUE,TRUE
5102678,Campo Verde,resto_mt,Demais MT,FALSE,2003,3748878,289228,3459650,1.1558,1,12,100,FALSE,1222759,1222759,0,0,2,1,3976.9972706698895,0,0,3976.9972706698895,FALSE,TRUE,TRUE
5102678,Campo Verde,resto_mt,Demais MT,FALSE,2004,9570245,1518830,8051415,0.5799,4,19,77.7,FALSE,1092868,1092868,0,0,2,1,3976.9972706698895,0,0,3976.9972706698895,FALSE,TRUE,TRUE
5102678,Campo Verde,resto_mt,Demais MT,FALSE,2005,12050359,967578,11082781,0.7357,6,20,87.5,FALSE,2204782,2204782,0,0,2,1,3976.9972706698895,0,0,3976.9972706698895,FALSE,TRUE,TRUE
5102678,Campo Verde,resto_mt,Demais MT,FALSE,2006,10300160,106138,10194022,0.4658,5,21,50.1,FALSE,1881197,1881197,0,0,2,1,3976.9972706698895,0,0,3976.9972706698895,FALSE,TRUE,TRUE
5102678,Campo Verde,resto_mt,Demais MT,FALSE,2007,21357307,191760,21165547,0.297,4,18,35.1,FALSE,1669010,1669010,0,0,2,1,3976.9972706698895,0,0,3976.9972706698895,FALSE,TRUE,TRUE
5102678,Campo Verde,resto_mt,Demais MT,FALSE,2008,70660889,267527,70393362,0.4008,3,24,61,FALSE,1258839,1258839,0,0,2,1,3976.9972706698895,0,0,3976.9972706698895,FALSE,TRUE,TRUE
5102678,Campo Verde,resto_mt,Demais MT,FALSE,2009,108161748,171309,107990439,0.2714,3,21,51,FALSE,1183223,1183223,0,0,2,1,3976.9972706698895,0,0,3976.9972706698895,FALSE,TRUE,TRUE
5102678,Campo Verde,resto_mt,Demais MT,FALSE,2010,77912856,57780,77855076,0.2881,4,18,51.7,FALSE,1760960,1760960,0,0,2,1,3976.9972706698895,0,0,3976.9972706698895,FALSE,TRUE,TRUE
5102678,Campo Verde,resto_mt,Demais MT,FALSE,2011,129440952,8380663,121060289,0.4128,4,26,61.3,FALSE,1464239,1464239,0,0,2,1,3976.9972706698895,0,0,3976.9972706698895,FALSE,TRUE,TRUE
5102678,Campo Verde,resto_mt,Demais MT,FALSE,2012,180264774,4484340,175780434,0.4154,4,31,57.3,FALSE,762944,762944,0,0,2,1,3976.9972706698895,0,0,3976.9972706698895,FALSE,TRUE,TRUE
5102678,Campo Verde,resto_mt,Demais MT,FALSE,2013,185720541,1572069,184148472,0.3814,3,36,53.8,FALSE,36816916,256396,16721449,19839071,2,1,3976.9972706698895,0,0,3976.9972706698895,FALSE,TRUE,TRUE
5102678,Campo Verde,resto_mt,Demais MT,FALSE,2014,142106937,5557726,136549211,0.3844,3,30,60.7,FALSE,43649991,264100,16213304,27172587,2,1,3976.9972706698895,0,0,3976.9972706698895,FALSE,TRUE,TRUE
5102678,Campo Verde,resto_mt,Demais MT,FALSE,2015,104475494,9000179,95475315,0.2604,6,33,45.8,FALSE,57402755,1254276,16975158,39173321,3,1,3976.9972706698895,0,0,3976.9972706698895,FALSE,TRUE,TRUE
5102678,Campo Verde,resto_mt,Demais MT,FALSE,2016,160648961,2176063,158472898,0.4481,5,24,57.2,FALSE,49812194,1436394,6676135,41699665,3,1,3976.9972706698895,0,0,3976.9972706698895,FALSE,TRUE,TRUE
5102678,Campo Verde,resto_mt,Demais MT,FALSE,2017,223535304,6836437,216698867,0.6449,4,25,64.2,FALSE,18858405,1355285,9894450,7608670,2,1,3976.9972706698895,0,0,3976.9972706698895,FALSE,TRUE,TRUE
5102678,Campo Verde,resto_mt,Demais MT,FALSE,2018,263687180,9769639,253917541,0.6338,3,21,73.7,FALSE,19355470,36319,5431154,13887997,1,1,3976.9972706698895,0,0,3976.9972706698895,FALSE,TRUE,TRUE
5102678,Campo Verde,resto_mt,Demais MT,FALSE,2019,365820771,7399418,358421353,0.5637,5,28,67.7,FALSE,19794060,40110,6604705,13149245,1,1,3976.9972706698895,0,0,3976.9972706698895,FALSE,TRUE,TRUE
5102678,Campo Verde,resto_mt,Demais MT,FALSE,2020,534770991,6277524,528493467,0.4372,5,30,47.6,FALSE,36835527,19019,16482922,20333586,1,1,3976.9972706698895,0,0,3976.9972706698895,FALSE,TRUE,TRUE
5102678,Campo Verde,resto_mt,Demais MT,FALSE,2021,608585441,5093473,603491968,0.5011,7,34,50.3,FALSE,44071979,291197,6905849,36874933,2,1,3976.9972706698895,0,0,3976.9972706698895,FALSE,TRUE,TRUE
5102678,Campo Verde,resto_mt,Demais MT,FALSE,2022,1343048298,30973972,1312074326,0.635,4,35,51.3,FALSE,26074254,256418,6836370,18981466,2,1,3976.9972706698895,0,0,3976.9972706698895,FALSE,TRUE,TRUE
5102678,Campo Verde,resto_mt,Demais MT,FALSE,2023,959460707,95858307,863602400,0.5587,3,37,42,FALSE,41050259,311161,14038933,26700165,2,1,3976.9972706698895,0,0,3976.9972706698895,FALSE,TRUE,TRUE
5102678,Campo Verde,resto_mt,Demais MT,FALSE,2024,1071638627,26044600,1045594027,0.5567,3,38,50.4,FALSE,37400000,438000,12600000,24362000,2,1,3976.9972706698895,0,0,3976.9972706698895,FALSE,TRUE,TRUE
5102686,Campos de Júlio,resto_mt,Demais MT,FALSE,2000,0,0,0,,0,0,,FALSE,,,,,2,0,0,4,20697.988397063993,20697.988397063993,FALSE,TRUE,TRUE
5102686,Campos de Júlio,resto_mt,Demais MT,FALSE,2001,0,0,0,,0,0,,FALSE,,,,,2,0,0,4,20697.988397063993,20697.988397063993,FALSE,TRUE,TRUE
5102686,Campos de Júlio,resto_mt,Demais MT,FALSE,2002,0,0,0,,0,0,,FALSE,1308092,1308092,0,0,2,0,0,4,20697.988397063993,20697.988397063993,FALSE,TRUE,TRUE
5102686,Campos de Júlio,resto_mt,Demais MT,FALSE,2003,0,0,0,,0,0,,FALSE,1301343,1301343,0,0,2,0,0,4,20697.988397063993,20697.988397063993,FALSE,TRUE,TRUE
5102686,Campos de Júlio,resto_mt,Demais MT,FALSE,2004,855326,0,855326,0.2949,1,1,100,FALSE,1086944,1086944,0,0,2,0,0,4,20697.988397063993,20697.988397063993,FALSE,TRUE,TRUE
5102686,Campos de Júlio,resto_mt,Demais MT,FALSE,2005,8515977,0,8515977,0.2484,2,4,96.9,FALSE,882477,882477,0,0,1,0,0,4,20697.988397063993,20697.988397063993,FALSE,TRUE,TRUE
5102686,Campos de Júlio,resto_mt,Demais MT,FALSE,2006,10474971,0,10474971,0.2672,2,6,80.2,FALSE,1025609,1025609,0,0,1,0,0,4,20697.988397063993,20697.988397063993,FALSE,TRUE,TRUE
5102686,Campos de Júlio,resto_mt,Demais MT,FALSE,2007,11473325,0,11473325,0.2434,2,7,58.6,FALSE,18255,18255,0,0,1,0,0,4,20697.988397063993,20697.988397063993,FALSE,TRUE,TRUE
5102686,Campos de Júlio,resto_mt,Demais MT,FALSE,2008,145292822,0,145292822,0.3931,5,19,75,FALSE,573090,573090,0,0,1,0,0,4,20697.988397063993,20697.988397063993,FALSE,TRUE,TRUE
5102686,Campos de Júlio,resto_mt,Demais MT,FALSE,2009,210881733,0,210881733,0.325,6,30,71.8,FALSE,853897,853897,0,0,1,0,0,4,20697.988397063993,20697.988397063993,FALSE,TRUE,TRUE
5102686,Campos de Júlio,resto_mt,Demais MT,FALSE,2010,131604383,0,131604383,0.344,3,21,87.2,FALSE,981011,981011,0,0,1,0,0,4,20697.988397063993,20697.988397063993,FALSE,TRUE,TRUE
5102686,Campos de Júlio,resto_mt,Demais MT,FALSE,2011,200165216,0,200165216,0.433,6,32,54,FALSE,1391340,1391340,0,0,1,0,0,4,20697.988397063993,20697.988397063993,FALSE,TRUE,TRUE
5102686,Campos de Júlio,resto_mt,Demais MT,FALSE,2012,304845412,0,304845412,0.473,6,42,67.3,FALSE,2345711,2345711,0,0,2,0,0,4,20697.988397063993,20697.988397063993,FALSE,TRUE,TRUE
5102686,Campos de Júlio,resto_mt,Demais MT,FALSE,2013,296755361,0,296755361,0.4067,6,44,56.2,FALSE,2361440,2361440,0,0,1,0,0,4,20697.988397063993,20697.988397063993,FALSE,TRUE,TRUE
5102686,Campos de Júlio,resto_mt,Demais MT,FALSE,2014,208702763,335000,208367763,0.3523,7,36,52.8,FALSE,8977658,162658,8815000,0,1,0,0,4,20697.988397063993,20697.988397063993,FALSE,TRUE,TRUE
5102686,Campos de Júlio,resto_mt,Demais MT,FALSE,2015,281785852,0,281785852,0.2992,6,43,53.5,FALSE,4402539,158749,4243790,0,1,0,0,4,20697.988397063993,20697.988397063993,FALSE,TRUE,TRUE
5102686,Campos de Júlio,resto_mt,Demais MT,FALSE,2016,232544036,0,232544036,0.3088,7,38,70.5,FALSE,5183700,150423,4866632,166645,1,0,0,4,20697.988397063993,20697.988397063993,FALSE,TRUE,TRUE
5102686,Campos de Júlio,resto_mt,Demais MT,FALSE,2017,239027668,12294,239015374,0.2754,7,39,58,FALSE,2243878,151711,1976578,115589,1,0,0,4,20697.988397063993,20697.988397063993,FALSE,TRUE,TRUE
5102686,Campos de Júlio,resto_mt,Demais MT,FALSE,2018,189058953,9524,189049429,0.3248,6,35,69.7,FALSE,2638747,222107,2346795,69845,1,0,0,4,20697.988397063993,20697.988397063993,FALSE,TRUE,TRUE
5102686,Campos de Júlio,resto_mt,Demais MT,FALSE,2019,335419132,0,335419132,0.2997,5,28,59.4,FALSE,6666206,193863,6417527,54816,1,0,0,4,20697.988397063993,20697.988397063993,FALSE,TRUE,TRUE
5102686,Campos de Júlio,resto_mt,Demais MT,FALSE,2020,323769288,2784748,320984540,0.3003,6,35,72.9,FALSE,6430876,292889,6086002,51985,1,0,0,4,20697.988397063993,20697.988397063993,FALSE,TRUE,TRUE
5102686,Campos de Júlio,resto_mt,Demais MT,FALSE,2021,251279251,932651,250346600,0.3653,6,28,64.2,FALSE,12901277,424710,12430528,46039,1,0,0,4,20697.988397063993,20697.988397063993,FALSE,TRUE,TRUE
5102686,Campos de Júlio,resto_mt,Demais MT,FALSE,2022,474139167,95200,474043967,0.5085,6,44,46.7,FALSE,11853909,373762,11370409,109738,1,0,0,4,20697.988397063993,20697.988397063993,FALSE,TRUE,TRUE
5102686,Campos de Júlio,resto_mt,Demais MT,FALSE,2023,370337503,123280,370214223,0.4432,5,44,56.5,FALSE,47789995,516507,47145671,127817,1,0,0,4,20697.988397063993,20697.988397063993,FALSE,TRUE,TRUE
5102686,Campos de Júlio,resto_mt,Demais MT,FALSE,2024,302195001,3717929,298477072,0.3756,7,44,50.2,FALSE,42935000,584000,42300000,51000,1,0,0,4,20697.988397063993,20697.988397063993,FALSE,TRUE,TRUE
5102694,Canabrava do Norte,resto_mt,Demais MT,FALSE,2000,0,0,0,,0,0,,FALSE,,,,,2,0,0,1,5351.0436530752895,5351.0436530752895,FALSE,TRUE,TRUE
5102694,Canabrava do Norte,resto_mt,Demais MT,FALSE,2001,0,0,0,,0,0,,FALSE,,,,,2,0,0,1,5351.0436530752895,5351.0436530752895,FALSE,TRUE,TRUE
5102694,Canabrava do Norte,resto_mt,Demais MT,FALSE,2002,0,0,0,,0,0,,FALSE,1217879,1217879,0,0,2,0,0,1,5351.0436530752895,5351.0436530752895,FALSE,TRUE,TRUE
5102694,Canabrava do Norte,resto_mt,Demais MT,FALSE,2003,0,0,0,,0,0,,FALSE,1247906,1247906,0,0,2,0,0,1,5351.0436530752895,5351.0436530752895,FALSE,TRUE,TRUE
5102694,Canabrava do Norte,resto_mt,Demais MT,FALSE,2004,0,0,0,,0,0,,FALSE,1113599,1113599,0,0,2,0,0,1,5351.0436530752895,5351.0436530752895,FALSE,TRUE,TRUE
5102694,Canabrava do Norte,resto_mt,Demais MT,FALSE,2005,0,0,0,,0,0,,FALSE,944504,944504,0,0,2,0,0,1,5351.0436530752895,5351.0436530752895,FALSE,TRUE,TRUE
5102694,Canabrava do Norte,resto_mt,Demais MT,FALSE,2006,0,0,0,,0,0,,FALSE,688310,688310,0,0,2,0,0,1,5351.0436530752895,5351.0436530752895,FALSE,TRUE,TRUE
5102694,Canabrava do Norte,resto_mt,Demais MT,FALSE,2007,0,0,0,,0,0,,FALSE,412037,412037,0,0,2,0,0,1,5351.0436530752895,5351.0436530752895,FALSE,TRUE,TRUE
5102694,Canabrava do Norte,resto_mt,Demais MT,FALSE,2008,0,0,0,,0,0,,FALSE,685749,685749,0,0,2,0,0,1,5351.0436530752895,5351.0436530752895,FALSE,TRUE,TRUE
5102694,Canabrava do Norte,resto_mt,Demais MT,FALSE,2009,0,0,0,,0,0,,FALSE,1025617,1025617,0,0,2,0,0,1,5351.0436530752895,5351.0436530752895,FALSE,TRUE,TRUE
5102694,Canabrava do Norte,resto_mt,Demais MT,FALSE,2010,0,0,0,,0,0,,FALSE,916936,916936,0,0,2,0,0,1,5351.0436530752895,5351.0436530752895,FALSE,TRUE,TRUE
5102694,Canabrava do Norte,resto_mt,Demais MT,FALSE,2011,0,0,0,,0,0,,FALSE,670676,670676,0,0,2,0,0,1,5351.0436530752895,5351.0436530752895,FALSE,TRUE,TRUE
5102694,Canabrava do Norte,resto_mt,Demais MT,FALSE,2012,0,0,0,,0,0,,FALSE,92181,92181,0,0,2,0,0,1,5351.0436530752895,5351.0436530752895,FALSE,TRUE,TRUE
5102694,Canabrava do Norte,resto_mt,Demais MT,FALSE,2013,0,0,0,,0,0,,FALSE,126340,87323,0,39017,2,0,0,1,5351.0436530752895,5351.0436530752895,FALSE,TRUE,TRUE
5102694,Canabrava do Norte,resto_mt,Demais MT,FALSE,2014,0,0,0,,0,0,,FALSE,433754,38478,0,395276,2,0,0,1,5351.0436530752895,5351.0436530752895,FALSE,TRUE,TRUE
5102694,Canabrava do Norte,resto_mt,Demais MT,FALSE,2015,0,0,0,,0,0,,FALSE,306496,61299,0,245197,2,0,0,1,5351.0436530752895,5351.0436530752895,FALSE,TRUE,TRUE
5102694,Canabrava do Norte,resto_mt,Demais MT,FALSE,2016,0,0,0,,0,0,,FALSE,234483,48666,0,185817,2,0,0,1,5351.0436530752895,5351.0436530752895,FALSE,TRUE,TRUE
5102694,Canabrava do Norte,resto_mt,Demais MT,FALSE,2017,0,0,0,,0,0,,FALSE,232623,27452,0,205171,2,0,0,1,5351.0436530752895,5351.0436530752895,FALSE,TRUE,TRUE
5102694,Canabrava do Norte,resto_mt,Demais MT,FALSE,2018,0,0,0,,0,0,,FALSE,216520,30732,0,185788,2,0,0,1,5351.0436530752895,5351.0436530752895,FALSE,TRUE,TRUE
5102694,Canabrava do Norte,resto_mt,Demais MT,FALSE,2019,0,0,0,,0,0,,FALSE,228625,33425,0,195200,2,0,0,1,5351.0436530752895,5351.0436530752895,FALSE,TRUE,TRUE
5102694,Canabrava do Norte,resto_mt,Demais MT,FALSE,2020,0,0,0,,0,0,,FALSE,299228,40573,0,258655,2,0,0,1,5351.0436530752895,5351.0436530752895,FALSE,TRUE,TRUE
5102694,Canabrava do Norte,resto_mt,Demais MT,FALSE,2021,0,0,0,,0,0,,FALSE,599658,48341,0,551317,2,0,0,1,5351.0436530752895,5351.0436530752895,FALSE,TRUE,TRUE
5102694,Canabrava do Norte,resto_mt,Demais MT,FALSE,2022,0,0,0,,0,0,,FALSE,406357,42374,0,363983,2,0,0,1,5351.0436530752895,5351.0436530752895,FALSE,TRUE,TRUE
5102694,Canabrava do Norte,resto_mt,Demais MT,FALSE,2023,0,0,0,,0,0,,FALSE,520698,46098,0,474600,2,0,0,1,5351.0436530752895,5351.0436530752895,FALSE,TRUE,TRUE
5102694,Canabrava do Norte,resto_mt,Demais MT,FALSE,2024,0,0,0,,0,0,,FALSE,2349000,54000,0,2295000,2,0,0,1,5351.0436530752895,5351.0436530752895,FALSE,TRUE,TRUE
5102702,Canarana,resto_mt,Demais MT,FALSE,2000,0,0,0,,0,0,,FALSE,,,,,3,0,0,4,231115.1901891882,231115.1901891882,FALSE,TRUE,TRUE
5102702,Canarana,resto_mt,Demais MT,FALSE,2001,0,0,0,,0,0,,FALSE,,,,,3,0,0,4,231115.1901891882,231115.1901891882,FALSE,TRUE,TRUE
5102702,Canarana,resto_mt,Demais MT,FALSE,2002,0,0,0,,0,0,,FALSE,648841,648841,0,0,3,0,0,4,231115.1901891882,231115.1901891882,FALSE,TRUE,TRUE
5102702,Canarana,resto_mt,Demais MT,FALSE,2003,0,0,0,,0,0,,FALSE,927285,927285,0,0,2,0,0,4,231115.1901891882,231115.1901891882,FALSE,TRUE,TRUE
5102702,Canarana,resto_mt,Demais MT,FALSE,2004,528176,0,528176,0.3289,1,1,100,FALSE,808544,808544,0,0,3,0,0,4,231115.1901891882,231115.1901891882,FALSE,TRUE,TRUE
5102702,Canarana,resto_mt,Demais MT,FALSE,2005,656679,0,656679,0.2487,1,4,100,FALSE,972698,972698,0,0,3,0,0,4,231115.1901891882,231115.1901891882,FALSE,TRUE,TRUE
5102702,Canarana,resto_mt,Demais MT,FALSE,2006,5614310,0,5614310,0.2205,1,3,100,FALSE,1340970,1340970,0,0,3,0,0,4,231115.1901891882,231115.1901891882,FALSE,TRUE,TRUE
5102702,Canarana,resto_mt,Demais MT,FALSE,2007,26719355,0,26719355,0.3345,1,4,100,FALSE,719761,719761,0,0,3,0,0,4,231115.1901891882,231115.1901891882,FALSE,TRUE,TRUE
5102702,Canarana,resto_mt,Demais MT,FALSE,2008,63290826,0,63290826,0.4695,1,5,100,FALSE,815551,815551,0,0,3,0,0,4,231115.1901891882,231115.1901891882,FALSE,TRUE,TRUE
5102702,Canarana,resto_mt,Demais MT,FALSE,2009,48392787,86245,48306542,0.3422,2,8,90.8,FALSE,773917,773917,0,0,3,0,0,4,231115.1901891882,231115.1901891882,FALSE,TRUE,TRUE
5102702,Canarana,resto_mt,Demais MT,FALSE,2010,35586691,425413,35161278,0.3759,1,7,100,FALSE,647379,647379,0,0,3,0,0,4,231115.1901891882,231115.1901891882,FALSE,TRUE,TRUE
5102702,Canarana,resto_mt,Demais MT,FALSE,2011,86171119,282700,85888419,0.4915,2,10,99.4,FALSE,274935,274935,0,0,1,0,0,4,231115.1901891882,231115.1901891882,FALSE,TRUE,TRUE
5102702,Canarana,resto_mt,Demais MT,FALSE,2012,129617012,248477,129368535,0.4642,2,18,86.9,FALSE,2785041,2785041,0,0,2,0,0,4,231115.1901891882,231115.1901891882,FALSE,TRUE,TRUE
5102702,Canarana,resto_mt,Demais MT,FALSE,2013,144052807,118191,143934616,0.4881,2,19,93.5,FALSE,16899811,1460340,109618,15329853,2,0,0,4,231115.1901891882,231115.1901891882,FALSE,TRUE,TRUE
5102702,Canarana,resto_mt,Demais MT,FALSE,2014,202649302,0,202649302,0.4255,2,23,89,FALSE,27378971,1224306,0,26154665,2,0,0,4,231115.1901891882,231115.1901891882,FALSE,TRUE,TRUE
5102702,Canarana,resto_mt,Demais MT,FALSE,2015,257237853,0,257237853,0.3287,2,26,83.7,FALSE,28323365,894339,182326,27246700,2,0,0,4,231115.1901891882,231115.1901891882,FALSE,TRUE,TRUE
5102702,Canarana,resto_mt,Demais MT,FALSE,2016,172187847,135499,172052348,0.3088,3,23,83.5,FALSE,37027699,1026417,221211,35780071,2,0,0,4,231115.1901891882,231115.1901891882,FALSE,TRUE,TRUE
5102702,Canarana,resto_mt,Demais MT,FALSE,2017,303035906,74700,302961206,0.3083,3,28,84.1,FALSE,22165706,1080761,397338,20687607,2,0,0,4,231115.1901891882,231115.1901891882,FALSE,TRUE,TRUE
5102702,Canarana,resto_mt,Demais MT,FALSE,2018,130963566,138000,130825566,0.3052,4,23,78,FALSE,14456536,1279562,419071,12757903,2,0,0,4,231115.1901891882,231115.1901891882,FALSE,TRUE,TRUE
5102702,Canarana,resto_mt,Demais MT,FALSE,2019,249042356,113550,248928806,0.2805,3,29,79.2,FALSE,16535829,1347681,304833,14883315,2,0,0,4,231115.1901891882,231115.1901891882,FALSE,TRUE,TRUE
5102702,Canarana,resto_mt,Demais MT,FALSE,2020,325116561,1188355,323928206,0.2964,6,37,64.7,FALSE,11401110,1267917,289085,9844108,2,0,0,4,231115.1901891882,231115.1901891882,FALSE,TRUE,TRUE
5102702,Canarana,resto_mt,Demais MT,FALSE,2021,523513508,86039,523427469,0.41,8,35,69.4,FALSE,8895884,958762,262422,7674700,2,0,0,4,231115.1901891882,231115.1901891882,FALSE,TRUE,TRUE
5102702,Canarana,resto_mt,Demais MT,FALSE,2022,514036756,3226425,510810331,0.4527,6,35,62.9,FALSE,15197125,796418,121690,14279017,2,0,0,4,231115.1901891882,231115.1901891882,FALSE,TRUE,TRUE
5102702,Canarana,resto_mt,Demais MT,FALSE,2023,658361812,487232,657874580,0.4462,6,37,54.9,FALSE,13797966,469361,0,13328605,2,0,0,4,231115.1901891882,231115.1901891882,FALSE,TRUE,TRUE
5102702,Canarana,resto_mt,Demais MT,FALSE,2024,360606737,19489863,341116874,0.4865,5,40,42.7,FALSE,14025000,653000,0,13372000,1,0,0,4,231115.1901891882,231115.1901891882,FALSE,TRUE,TRUE
5102793,Carlinda,resto_mt,Demais MT,FALSE,2000,0,0,0,,0,0,,FALSE,,,,,4,0,0,0,0,0,FALSE,TRUE,TRUE
5102793,Carlinda,resto_mt,Demais MT,FALSE,2001,0,0,0,,0,0,,FALSE,,,,,4,0,0,0,0,0,FALSE,TRUE,TRUE
5102793,Carlinda,resto_mt,Demais MT,FALSE,2002,481536,0,481536,0.4563,1,3,100,FALSE,1051331,1051331,0,0,4,0,0,0,0,0,FALSE,TRUE,TRUE
5102793,Carlinda,resto_mt,Demais MT,FALSE,2003,0,0,0,,0,0,,FALSE,1442793,1442793,0,0,3,0,0,0,0,0,FALSE,TRUE,TRUE
5102793,Carlinda,resto_mt,Demais MT,FALSE,2004,0,0,0,,0,0,,FALSE,1294263,1294263,0,0,4,0,0,0,0,0,FALSE,TRUE,TRUE
5102793,Carlinda,resto_mt,Demais MT,FALSE,2005,0,0,0,,0,0,,FALSE,1418166,1418166,0,0,4,0,0,0,0,0,FALSE,TRUE,TRUE
5102793,Carlinda,resto_mt,Demais MT,FALSE,2006,0,0,0,,0,0,,FALSE,948825,948825,0,0,4,0,0,0,0,0,FALSE,TRUE,TRUE
5102793,Carlinda,resto_mt,Demais MT,FALSE,2007,224572,0,224572,0.7605,1,7,100,FALSE,811035,811035,0,0,4,0,0,0,0,0,FALSE,TRUE,TRUE
5102793,Carlinda,resto_mt,Demais MT,FALSE,2008,150953,0,150953,0.9559,1,5,100,FALSE,1449869,1449869,0,0,3,0,0,0,0,0,FALSE,TRUE,TRUE
5102793,Carlinda,resto_mt,Demais MT,FALSE,2009,0,0,0,,0,0,,FALSE,1827763,1827763,0,0,3,0,0,0,0,0,FALSE,TRUE,TRUE
5102793,Carlinda,resto_mt,Demais MT,FALSE,2010,0,0,0,,0,0,,FALSE,1553268,1553268,0,0,4,0,0,0,0,0,FALSE,TRUE,TRUE
5102793,Carlinda,resto_mt,Demais MT,FALSE,2011,0,0,0,,0,0,,FALSE,910203,910203,0,0,4,0,0,0,0,0,FALSE,TRUE,TRUE
5102793,Carlinda,resto_mt,Demais MT,FALSE,2012,0,0,0,,0,0,,FALSE,835512,835512,0,0,4,0,0,0,0,0,FALSE,TRUE,TRUE
5102793,Carlinda,resto_mt,Demais MT,FALSE,2013,0,0,0,,0,0,,FALSE,6153494,646563,2595541,2911390,3,0,0,0,0,0,FALSE,TRUE,TRUE
5102793,Carlinda,resto_mt,Demais MT,FALSE,2014,0,0,0,,0,0,,FALSE,5217291,559683,830779,3826829,3,0,0,0,0,0,FALSE,TRUE,TRUE
5102793,Carlinda,resto_mt,Demais MT,FALSE,2015,0,0,0,,0,0,,FALSE,5208859,509255,385085,4314519,3,0,0,0,0,0,FALSE,TRUE,TRUE
5102793,Carlinda,resto_mt,Demais MT,FALSE,2016,0,0,0,,0,0,,FALSE,6003654,306745,505835,5191074,1,0,0,0,0,0,FALSE,TRUE,TRUE
5102793,Carlinda,resto_mt,Demais MT,FALSE,2017,0,0,0,,0,0,,FALSE,6854449,128593,520152,6205704,1,0,0,0,0,0,FALSE,TRUE,TRUE
5102793,Carlinda,resto_mt,Demais MT,FALSE,2018,0,0,0,,0,0,,FALSE,2863649,173216,782265,1908168,2,0,0,0,0,0,FALSE,TRUE,TRUE
5102793,Carlinda,resto_mt,Demais MT,FALSE,2019,0,0,0,,0,0,,FALSE,10110278,6233023,748711,3128544,2,0,0,0,0,0,FALSE,TRUE,TRUE
5102793,Carlinda,resto_mt,Demais MT,FALSE,2020,0,0,0,,0,0,,FALSE,9934130,1641953,1460640,6831537,2,0,0,0,0,0,FALSE,TRUE,TRUE
5102793,Carlinda,resto_mt,Demais MT,FALSE,2021,54694938,0,54694938,0.3389,2,13,70.4,FALSE,8356078,1172843,248611,6934624,2,0,0,0,0,0,FALSE,TRUE,TRUE
5102793,Carlinda,resto_mt,Demais MT,FALSE,2022,94363224,0,94363224,0.3934,2,19,69.7,FALSE,8265141,1478751,212957,6573433,2,0,0,0,0,0,FALSE,TRUE,TRUE
5102793,Carlinda,resto_mt,Demais MT,FALSE,2023,97437169,0,97437169,0.3871,3,12,77.9,FALSE,10710449,708233,1160831,8841385,2,0,0,0,0,0,FALSE,TRUE,TRUE
5102793,Carlinda,resto_mt,Demais MT,FALSE,2024,83514765,0,83514765,0.2666,2,13,53.5,FALSE,14823000,3165000,1129000,10529000,2,0,0,0,0,0,FALSE,TRUE,TRUE
5102850,Castanheira,resto_mt,Demais MT,FALSE,2000,0,0,0,,0,0,,FALSE,,,,,3,0,0,2,17.41748654919453,17.41748654919453,FALSE,TRUE,TRUE
5102850,Castanheira,resto_mt,Demais MT,FALSE,2001,0,0,0,,0,0,,FALSE,,,,,3,0,0,2,17.41748654919453,17.41748654919453,FALSE,TRUE,TRUE
5102850,Castanheira,resto_mt,Demais MT,FALSE,2002,0,0,0,,0,0,,FALSE,1925705,1925705,0,0,3,0,0,2,17.41748654919453,17.41748654919453,FALSE,TRUE,TRUE
5102850,Castanheira,resto_mt,Demais MT,FALSE,2003,0,0,0,,0,0,,FALSE,1678543,1678543,0,0,3,0,0,2,17.41748654919453,17.41748654919453,FALSE,TRUE,TRUE
5102850,Castanheira,resto_mt,Demais MT,FALSE,2004,0,0,0,,0,0,,FALSE,965514,965514,0,0,3,0,0,2,17.41748654919453,17.41748654919453,FALSE,TRUE,TRUE
5102850,Castanheira,resto_mt,Demais MT,FALSE,2005,0,0,0,,0,0,,FALSE,1189793,1189793,0,0,3,0,0,2,17.41748654919453,17.41748654919453,FALSE,TRUE,TRUE
5102850,Castanheira,resto_mt,Demais MT,FALSE,2006,0,0,0,,0,0,,FALSE,2117032,2117032,0,0,3,0,0,2,17.41748654919453,17.41748654919453,FALSE,TRUE,TRUE
5102850,Castanheira,resto_mt,Demais MT,FALSE,2007,0,0,0,,0,0,,FALSE,2357477,2357477,0,0,4,0,0,2,17.41748654919453,17.41748654919453,FALSE,TRUE,TRUE
5102850,Castanheira,resto_mt,Demais MT,FALSE,2008,0,0,0,,0,0,,FALSE,2723402,2723402,0,0,4,0,0,2,17.41748654919453,17.41748654919453,FALSE,TRUE,TRUE
5102850,Castanheira,resto_mt,Demais MT,FALSE,2009,0,0,0,,0,0,,FALSE,2869846,2869846,0,0,4,0,0,2,17.41748654919453,17.41748654919453,FALSE,TRUE,TRUE
5102850,Castanheira,resto_mt,Demais MT,FALSE,2010,0,0,0,,0,0,,FALSE,981011,981011,0,0,3,0,0,2,17.41748654919453,17.41748654919453,FALSE,TRUE,TRUE
5102850,Castanheira,resto_mt,Demais MT,FALSE,2011,0,0,0,,0,0,,FALSE,1072665,1072665,0,0,4,0,0,2,17.41748654919453,17.41748654919453,FALSE,TRUE,TRUE
5102850,Castanheira,resto_mt,Demais MT,FALSE,2012,0,0,0,,0,0,,FALSE,2345711,2345711,0,0,4,0,0,2,17.41748654919453,17.41748654919453,FALSE,TRUE,TRUE
5102850,Castanheira,resto_mt,Demais MT,FALSE,2013,0,0,0,,0,0,,FALSE,1577390,936401,0,640989,4,0,0,2,17.41748654919453,17.41748654919453,FALSE,TRUE,TRUE
5102850,Castanheira,resto_mt,Demais MT,FALSE,2014,0,0,0,,0,0,,FALSE,1444681,1019672,0,425009,4,0,0,2,17.41748654919453,17.41748654919453,FALSE,TRUE,TRUE
5102850,Castanheira,resto_mt,Demais MT,FALSE,2015,0,0,0,,0,0,,FALSE,9935183,9202736,0,732447,4,0,0,2,17.41748654919453,17.41748654919453,FALSE,TRUE,TRUE
5102850,Castanheira,resto_mt,Demais MT,FALSE,2016,0,0,0,,0,0,,FALSE,1862593,1566171,0,296422,4,0,0,2,17.41748654919453,17.41748654919453,FALSE,TRUE,TRUE
5102850,Castanheira,resto_mt,Demais MT,FALSE,2017,0,0,0,,0,0,,FALSE,8744336,8310876,0,433460,4,0,0,2,17.41748654919453,17.41748654919453,FALSE,TRUE,TRUE
5102850,Castanheira,resto_mt,Demais MT,FALSE,2018,0,0,0,,0,0,,FALSE,4335983,3865227,0,470756,4,0,0,2,17.41748654919453,17.41748654919453,FALSE,TRUE,TRUE
5102850,Castanheira,resto_mt,Demais MT,FALSE,2019,0,910,-910,,0,0,,FALSE,7266512,6694283,0,572229,4,0,0,2,17.41748654919453,17.41748654919453,FALSE,TRUE,TRUE
5102850,Castanheira,resto_mt,Demais MT,FALSE,2020,0,0,0,,0,0,,FALSE,9131538,8587602,0,543936,4,0,0,2,17.41748654919453,17.41748654919453,FALSE,TRUE,TRUE
5102850,Castanheira,resto_mt,Demais MT,FALSE,2021,0,0,0,,0,0,,FALSE,9950178,9074286,0,875892,4,0,0,2,17.41748654919453,17.41748654919453,FALSE,TRUE,TRUE
5102850,Castanheira,resto_mt,Demais MT,FALSE,2022,0,0,0,,0,0,,FALSE,7770776,6688604,0,1082172,4,0,0,2,17.41748654919453,17.41748654919453,FALSE,TRUE,TRUE
5102850,Castanheira,resto_mt,Demais MT,FALSE,2023,0,0,0,,0,0,,FALSE,6895841,5519187,0,1376654,4,0,0,2,17.41748654919453,17.41748654919453,FALSE,TRUE,TRUE
5102850,Castanheira,resto_mt,Demais MT,FALSE,2024,0,0,0,,0,0,,FALSE,10246000,9752000,0,494000,4,0,0,2,17.41748654919453,17.41748654919453,FALSE,TRUE,TRUE
5103007,Chapada dos Guimarães,resto_mt,Demais MT,FALSE,2000,0,10000,-10000,,0,0,,FALSE,,,,,3,3,152973.54309250566,0,0,152973.54309250566,FALSE,TRUE,TRUE
5103007,Chapada dos Guimarães,resto_mt,Demais MT,FALSE,2001,284971,0,284971,0.2064,2,2,99.6,FALSE,,,,,3,3,152973.54309250566,0,0,152973.54309250566,FALSE,TRUE,TRUE
5103007,Chapada dos Guimarães,resto_mt,Demais MT,FALSE,2002,0,0,0,,0,0,,FALSE,322686,322686,0,0,3,3,152973.54309250566,0,0,152973.54309250566,FALSE,TRUE,TRUE
5103007,Chapada dos Guimarães,resto_mt,Demais MT,FALSE,2003,0,0,0,,0,0,,FALSE,389774,389774,0,0,2,3,152973.54309250566,0,0,152973.54309250566,FALSE,TRUE,TRUE
5103007,Chapada dos Guimarães,resto_mt,Demais MT,FALSE,2004,0,0,0,,0,0,,FALSE,592340,592340,0,0,2,3,152973.54309250566,0,0,152973.54309250566,FALSE,TRUE,TRUE
5103007,Chapada dos Guimarães,resto_mt,Demais MT,FALSE,2005,0,0,0,,0,0,,FALSE,769700,769700,0,0,2,3,152973.54309250566,0,0,152973.54309250566,FALSE,TRUE,TRUE
5103007,Chapada dos Guimarães,resto_mt,Demais MT,FALSE,2006,3248386,445133,2803253,1624193,1,1,100,FALSE,822681,822681,0,0,2,3,152973.54309250566,0,0,152973.54309250566,FALSE,TRUE,TRUE
5103007,Chapada dos Guimarães,resto_mt,Demais MT,FALSE,2007,6795791,162008,6633783,3397895.5,1,1,100,FALSE,975328,975328,0,0,2,3,152973.54309250566,0,0,152973.54309250566,FALSE,TRUE,TRUE
5103007,Chapada dos Guimarães,resto_mt,Demais MT,FALSE,2008,2730800,90418,2640382,,1,1,100,FALSE,1138833,1138833,0,0,2,3,152973.54309250566,0,0,152973.54309250566,FALSE,TRUE,TRUE
5103007,Chapada dos Guimarães,resto_mt,Demais MT,FALSE,2009,0,0,0,,0,0,,FALSE,1209099,1209099,0,0,2,3,152973.54309250566,0,0,152973.54309250566,FALSE,TRUE,TRUE
5103007,Chapada dos Guimarães,resto_mt,Demais MT,FALSE,2010,0,0,0,,0,0,,FALSE,704826,704826,0,0,2,3,152973.54309250566,0,0,152973.54309250566,FALSE,TRUE,TRUE
5103007,Chapada dos Guimarães,resto_mt,Demais MT,FALSE,2011,0,2807432,-2807432,,0,0,,FALSE,737327,737327,0,0,2,3,152973.54309250566,0,0,152973.54309250566,FALSE,TRUE,TRUE
5103007,Chapada dos Guimarães,resto_mt,Demais MT,FALSE,2012,0,4240,-4240,,0,0,,FALSE,762944,762944,0,0,2,3,152973.54309250566,0,0,152973.54309250566,FALSE,TRUE,TRUE
5103007,Chapada dos Guimarães,resto_mt,Demais MT,FALSE,2013,0,0,0,,0,0,,FALSE,1012577,648421,89181,274975,2,3,152973.54309250566,0,0,152973.54309250566,FALSE,TRUE,TRUE
5103007,Chapada dos Guimarães,resto_mt,Demais MT,FALSE,2014,0,0,0,,0,0,,FALSE,8944426,641886,97944,8204596,2,3,152973.54309250566,0,0,152973.54309250566,FALSE,TRUE,TRUE
5103007,Chapada dos Guimarães,resto_mt,Demais MT,FALSE,2015,0,0,0,,0,0,,FALSE,6966102,723016,113168,6129918,2,3,152973.54309250566,0,0,152973.54309250566,FALSE,TRUE,TRUE
5103007,Chapada dos Guimarães,resto_mt,Demais MT,FALSE,2016,0,4180,-4180,,0,0,,FALSE,31984098,467492,21336496,10180110,2,3,152973.54309250566,0,0,152973.54309250566,FALSE,TRUE,TRUE
5103007,Chapada dos Guimarães,resto_mt,Demais MT,FALSE,2017,0,0,0,,0,0,,FALSE,8969735,270190,7955438,744107,2,3,152973.54309250566,0,0,152973.54309250566,FALSE,TRUE,TRUE
5103007,Chapada dos Guimarães,resto_mt,Demais MT,FALSE,2018,12007,0,12007,31.1062,1,1,100,FALSE,26648694,138293,25469709,1040692,2,3,152973.54309250566,0,0,152973.54309250566,FALSE,TRUE,TRUE
5103007,Chapada dos Guimarães,resto_mt,Demais MT,FALSE,2019,0,0,0,,0,0,,FALSE,16923553,73534,15783105,1066914,2,3,152973.54309250566,0,0,152973.54309250566,FALSE,TRUE,TRUE
5103007,Chapada dos Guimarães,resto_mt,Demais MT,FALSE,2020,0,0,0,,0,0,,FALSE,16077189,67200,14966493,1043496,2,3,152973.54309250566,0,0,152973.54309250566,FALSE,TRUE,TRUE
5103007,Chapada dos Guimarães,resto_mt,Demais MT,FALSE,2021,2691,0,2691,117,1,1,100,FALSE,15429969,79417,13786377,1564175,2,3,152973.54309250566,0,0,152973.54309250566,FALSE,TRUE,TRUE
5103007,Chapada dos Guimarães,resto_mt,Demais MT,FALSE,2022,2645,3649,-1004,47.2321,2,2,54.8,FALSE,14413746,70624,12877409,1465713,2,3,152973.54309250566,0,0,152973.54309250566,FALSE,TRUE,TRUE
5103007,Chapada dos Guimarães,resto_mt,Demais MT,FALSE,2023,0,0,0,,0,0,,FALSE,4395025,70195,3719270,605560,2,3,152973.54309250566,0,0,152973.54309250566,FALSE,TRUE,TRUE
5103007,Chapada dos Guimarães,resto_mt,Demais MT,FALSE,2024,11000,0,11000,1833.3333,1,1,100,FALSE,4974000,98000,3680000,1196000,2,3,152973.54309250566,0,0,152973.54309250566,FALSE,TRUE,TRUE
5103056,Cláudia,resto_mt,Demais MT,FALSE,2000,1316452,0,1316452,0.6499,3,9,81.3,FALSE,,,,,4,1,20.96194853681326,0,0,20.96194853681326,FALSE,TRUE,TRUE
5103056,Cláudia,resto_mt,Demais MT,FALSE,2001,1697130,0,1697130,0.6555,3,11,75.4,FALSE,,,,,4,1,20.96194853681326,0,0,20.96194853681326,FALSE,TRUE,TRUE
5103056,Cláudia,resto_mt,Demais MT,FALSE,2002,2580929,0,2580929,0.635,4,6,59.8,FALSE,11189910,11189910,0,0,4,1,20.96194853681326,0,0,20.96194853681326,FALSE,TRUE,TRUE
5103056,Cláudia,resto_mt,Demais MT,FALSE,2003,5231921,0,5231921,0.4498,4,16,76.6,FALSE,9508603,9508603,0,0,4,1,20.96194853681326,0,0,20.96194853681326,FALSE,TRUE,TRUE
5103056,Cláudia,resto_mt,Demais MT,FALSE,2004,10194200,0,10194200,0.5682,5,16,82.8,FALSE,7854430,7854430,0,0,4,1,20.96194853681326,0,0,20.96194853681326,FALSE,TRUE,TRUE
5103056,Cláudia,resto_mt,Demais MT,FALSE,2005,8592027,0,8592027,0.57,6,15,68.8,FALSE,9780549,9780549,0,0,4,1,20.96194853681326,0,0,20.96194853681326,FALSE,TRUE,TRUE
5103056,Cláudia,resto_mt,Demais MT,FALSE,2006,8018233,0,8018233,0.5346,8,11,76,FALSE,7590602,7590602,0,0,4,1,20.96194853681326,0,0,20.96194853681326,FALSE,TRUE,TRUE
5103056,Cláudia,resto_mt,Demais MT,FALSE,2007,2709783,0,2709783,0.6507,3,9,90.9,FALSE,9680258,9680258,0,0,4,1,20.96194853681326,0,0,20.96194853681326,FALSE,TRUE,TRUE
5103056,Cláudia,resto_mt,Demais MT,FALSE,2008,1711052,0,1711052,0.7649,2,8,87.8,FALSE,10886262,10886262,0,0,4,1,20.96194853681326,0,0,20.96194853681326,FALSE,TRUE,TRUE
5103056,Cláudia,resto_mt,Demais MT,FALSE,2009,574292,0,574292,0.79,2,5,73,FALSE,69692563,69692563,0,0,4,1,20.96194853681326,0,0,20.96194853681326,FALSE,TRUE,TRUE
5103056,Cláudia,resto_mt,Demais MT,FALSE,2010,692222,0,692222,0.703,1,4,100,FALSE,43042977,43042977,0,0,6,1,20.96194853681326,0,0,20.96194853681326,FALSE,TRUE,TRUE
5103056,Cláudia,resto_mt,Demais MT,FALSE,2011,179983,0,179983,1.1607,2,1,85.8,FALSE,32182021,32182021,0,0,4,1,20.96194853681326,0,0,20.96194853681326,FALSE,TRUE,TRUE
5103056,Cláudia,resto_mt,Demais MT,FALSE,2012,4005760,0,4005760,0.5194,2,4,98.2,FALSE,36380091,36380091,0,0,3,1,20.96194853681326,0,0,20.96194853681326,FALSE,TRUE,TRUE
5103056,Cláudia,resto_mt,Demais MT,FALSE,2013,4998555,0,4998555,0.4817,2,2,94.6,FALSE,13646561,13466341,0,180220,3,1,20.96194853681326,0,0,20.96194853681326,FALSE,TRUE,TRUE
5103056,Cláudia,resto_mt,Demais MT,FALSE,2014,4886840,0,4886840,0.3901,2,3,83.4,FALSE,9570571,9243507,0,327064,3,1,20.96194853681326,0,0,20.96194853681326,FALSE,TRUE,TRUE
5103056,Cláudia,resto_mt,Demais MT,FALSE,2015,848673,0,848673,0.2222,2,3,65.4,FALSE,32901942,32592303,0,309639,3,1,20.96194853681326,0,0,20.96194853681326,FALSE,TRUE,TRUE
5103056,Cláudia,resto_mt,Demais MT,FALSE,2016,13265518,0,13265518,0.3523,2,4,78.2,FALSE,27449281,24900935,0,2548346,3,1,20.96194853681326,0,0,20.96194853681326,FALSE,TRUE,TRUE
5103056,Cláudia,resto_mt,Demais MT,FALSE,2017,32762428,0,32762428,0.2789,2,11,75.9,FALSE,15773615,13649660,0,2123955,5,1,20.96194853681326,0,0,20.96194853681326,FALSE,TRUE,TRUE
5103056,Cláudia,resto_mt,Demais MT,FALSE,2018,35971094,0,35971094,0.2806,2,13,71.5,FALSE,18298015,16381466,15366,1901183,5,1,20.96194853681326,0,0,20.96194853681326,FALSE,TRUE,TRUE
5103056,Cláudia,resto_mt,Demais MT,FALSE,2019,51725334,0,51725334,0.2201,2,20,50.9,FALSE,26767772,24330449,9359,2427964,4,1,20.96194853681326,0,0,20.96194853681326,FALSE,TRUE,TRUE
5103056,Cláudia,resto_mt,Demais MT,FALSE,2020,65661995,26078,65635917,0.2275,2,21,51.3,FALSE,34232494,31782878,7608,2442008,4,1,20.96194853681326,0,0,20.96194853681326,FALSE,TRUE,TRUE
5103056,Cláudia,resto_mt,Demais MT,FALSE,2021,45199184,735205,44463979,0.4143,2,20,91.5,FALSE,27909990,25507905,11510,2390575,4,1,20.96194853681326,0,0,20.96194853681326,FALSE,TRUE,TRUE
5103056,Cláudia,resto_mt,Demais MT,FALSE,2022,102633779,0,102633779,0.3142,3,28,52.3,FALSE,25000775,22910314,9779,2080682,4,1,20.96194853681326,0,0,20.96194853681326,FALSE,TRUE,TRUE
5103056,Cláudia,resto_mt,Demais MT,FALSE,2023,148603363,18410,148584953,0.3513,2,28,64.3,FALSE,14967179,12584751,78576,2303852,4,1,20.96194853681326,0,0,20.96194853681326,FALSE,TRUE,TRUE
5103056,Cláudia,resto_mt,Demais MT,FALSE,2024,146936551,0,146936551,0.2677,2,31,50.9,FALSE,29262000,24712000,50000,4500000,4,1,20.96194853681326,0,0,20.96194853681326,FALSE,TRUE,TRUE
5103106,Cocalinho,resto_mt,Demais MT,FALSE,2000,0,0,0,,0,0,,FALSE,,,,,2,3,285276.38004557055,5,146929.93780458235,432206.3178501529,FALSE,TRUE,TRUE
5103106,Cocalinho,resto_mt,Demais MT,FALSE,2001,0,0,0,,0,0,,FALSE,,,,,2,3,285276.38004557055,5,146929.93780458235,432206.3178501529,FALSE,TRUE,TRUE
5103106,Cocalinho,resto_mt,Demais MT,FALSE,2002,0,0,0,,0,0,,FALSE,211654,211654,0,0,2,3,285276.38004557055,5,146929.93780458235,432206.3178501529,FALSE,TRUE,TRUE
5103106,Cocalinho,resto_mt,Demais MT,FALSE,2003,0,0,0,,0,0,,FALSE,242037,242037,0,0,2,3,285276.38004557055,5,146929.93780458235,432206.3178501529,FALSE,TRUE,TRUE
5103106,Cocalinho,resto_mt,Demais MT,FALSE,2004,0,0,0,,0,0,,FALSE,210281,210281,0,0,2,3,285276.38004557055,5,146929.93780458235,432206.3178501529,FALSE,TRUE,TRUE
5103106,Cocalinho,resto_mt,Demais MT,FALSE,2005,0,0,0,,0,0,,FALSE,293219,293219,0,0,3,3,285276.38004557055,5,146929.93780458235,432206.3178501529,FALSE,TRUE,TRUE
5103106,Cocalinho,resto_mt,Demais MT,FALSE,2006,0,0,0,,0,0,,FALSE,419567,419567,0,0,3,3,285276.38004557055,5,146929.93780458235,432206.3178501529,FALSE,TRUE,TRUE
5103106,Cocalinho,resto_mt,Demais MT,FALSE,2007,0,0,0,,0,0,,FALSE,352057,352057,0,0,3,3,285276.38004557055,5,146929.93780458235,432206.3178501529,FALSE,TRUE,TRUE
5103106,Cocalinho,resto_mt,Demais MT,FALSE,2008,0,0,0,,0,0,,FALSE,306138,306138,0,0,3,3,285276.38004557055,5,146929.93780458235,432206.3178501529,FALSE,TRUE,TRUE
5103106,Cocalinho,resto_mt,Demais MT,FALSE,2009,0,0,0,,0,0,,FALSE,157606,157606,0,0,2,3,285276.38004557055,5,146929.93780458235,432206.3178501529,FALSE,TRUE,TRUE
5103106,Cocalinho,resto_mt,Demais MT,FALSE,2010,0,0,0,,0,0,,FALSE,148035,148035,0,0,3,3,285276.38004557055,5,146929.93780458235,432206.3178501529,FALSE,TRUE,TRUE
5103106,Cocalinho,resto_mt,Demais MT,FALSE,2011,0,0,0,,0,0,,FALSE,131219,131219,0,0,3,3,285276.38004557055,5,146929.93780458235,432206.3178501529,FALSE,TRUE,TRUE
5103106,Cocalinho,resto_mt,Demais MT,FALSE,2012,0,0,0,,0,0,,FALSE,109833,109833,0,0,3,3,285276.38004557055,5,146929.93780458235,432206.3178501529,FALSE,TRUE,TRUE
5103106,Cocalinho,resto_mt,Demais MT,FALSE,2013,0,0,0,,0,0,,FALSE,328855,120766,0,208089,3,3,285276.38004557055,5,146929.93780458235,432206.3178501529,FALSE,TRUE,TRUE
5103106,Cocalinho,resto_mt,Demais MT,FALSE,2014,0,0,0,,0,0,,FALSE,844771,125929,0,718842,3,3,285276.38004557055,5,146929.93780458235,432206.3178501529,FALSE,TRUE,TRUE
5103106,Cocalinho,resto_mt,Demais MT,FALSE,2015,0,0,0,,0,0,,FALSE,699439,117883,0,581556,3,3,285276.38004557055,5,146929.93780458235,432206.3178501529,FALSE,TRUE,TRUE
5103106,Cocalinho,resto_mt,Demais MT,FALSE,2016,0,0,0,,0,0,,FALSE,1011670,150423,227110,634137,3,3,285276.38004557055,5,146929.93780458235,432206.3178501529,FALSE,TRUE,TRUE
5103106,Cocalinho,resto_mt,Demais MT,FALSE,2017,0,0,0,,0,0,,FALSE,1168898,167605,241293,760000,3,3,285276.38004557055,5,146929.93780458235,432206.3178501529,FALSE,TRUE,TRUE
5103106,Cocalinho,resto_mt,Demais MT,FALSE,2018,0,0,0,,0,0,,FALSE,983420,92196,275190,616034,3,3,285276.38004557055,5,146929.93780458235,432206.3178501529,FALSE,TRUE,TRUE
5103106,Cocalinho,resto_mt,Demais MT,FALSE,2019,0,0,0,,0,0,,FALSE,847648,86904,156427,604317,3,3,285276.38004557055,5,146929.93780458235,432206.3178501529,FALSE,TRUE,TRUE
5103106,Cocalinho,resto_mt,Demais MT,FALSE,2020,0,0,0,,0,0,,FALSE,802592,82415,173705,546472,3,3,285276.38004557055,5,146929.93780458235,432206.3178501529,FALSE,TRUE,TRUE
5103106,Cocalinho,resto_mt,Demais MT,FALSE,2021,0,0,0,,0,0,,FALSE,757341,80568,184156,492617,3,3,285276.38004557055,5,146929.93780458235,432206.3178501529,FALSE,TRUE,TRUE
5103106,Cocalinho,resto_mt,Demais MT,FALSE,2022,0,0,0,,0,0,,FALSE,658430,63018,160805,434607,2,3,285276.38004557055,5,146929.93780458235,432206.3178501529,FALSE,TRUE,TRUE
5103106,Cocalinho,resto_mt,Demais MT,FALSE,2023,0,0,0,,0,0,,FALSE,392881,70195,275540,47146,2,3,285276.38004557055,5,146929.93780458235,432206.3178501529,FALSE,TRUE,TRUE
5103106,Cocalinho,resto_mt,Demais MT,FALSE,2024,0,0,0,,0,0,,FALSE,1012000,138000,330000,544000,2,3,285276.38004557055,5,146929.93780458235,432206.3178501529,FALSE,TRUE,TRUE
5103205,Colíder,resto_mt,Demais MT,FALSE,2000,0,0,0,,0,0,,FALSE,,,,,2,1,13.537448285293578,0,0,13.537448285293578,FALSE,TRUE,TRUE
5103205,Colíder,resto_mt,Demais MT,FALSE,2001,0,0,0,,0,0,,FALSE,,,,,2,1,13.537448285293578,0,0,13.537448285293578,FALSE,TRUE,TRUE
5103205,Colíder,resto_mt,Demais MT,FALSE,2002,0,0,0,,0,0,,FALSE,2536380,2536380,0,0,2,1,13.537448285293578,0,0,13.537448285293578,FALSE,TRUE,TRUE
5103205,Colíder,resto_mt,Demais MT,FALSE,2003,0,0,0,,0,0,,FALSE,1958301,1958301,0,0,2,1,13.537448285293578,0,0,13.537448285293578,FALSE,TRUE,TRUE
5103205,Colíder,resto_mt,Demais MT,FALSE,2004,33714,203727,-170013,,1,1,100,FALSE,1584510,1584510,0,0,2,1,13.537448285293578,0,0,13.537448285293578,FALSE,TRUE,TRUE
5103205,Colíder,resto_mt,Demais MT,FALSE,2005,0,141094,-141094,,0,0,,FALSE,1826981,1826981,0,0,2,1,13.537448285293578,0,0,13.537448285293578,FALSE,TRUE,TRUE
5103205,Colíder,resto_mt,Demais MT,FALSE,2006,0,0,0,,0,0,,FALSE,915918,915918,0,0,2,1,13.537448285293578,0,0,13.537448285293578,FALSE,TRUE,TRUE
5103205,Colíder,resto_mt,Demais MT,FALSE,2007,2770861,0,2770861,2.0286,4,3,49.7,FALSE,938818,938818,0,0,2,1,13.537448285293578,0,0,13.537448285293578,FALSE,TRUE,TRUE
5103205,Colíder,resto_mt,Demais MT,FALSE,2008,3941562,5708,3935854,3.2013,3,4,44.6,FALSE,1410683,1410683,0,0,2,1,13.537448285293578,0,0,13.537448285293578,FALSE,TRUE,TRUE
5103205,Colíder,resto_mt,Demais MT,FALSE,2009,2226086,0,2226086,2.7261,3,2,41.2,FALSE,1999483,1999483,0,0,2,1,13.537448285293578,0,0,13.537448285293578,FALSE,TRUE,TRUE
5103205,Colíder,resto_mt,Demais MT,FALSE,2010,5615010,0,5615010,2.7528,4,7,40.3,FALSE,1433956,1433956,0,0,2,1,13.537448285293578,0,0,13.537448285293578,FALSE,TRUE,TRUE
5103205,Colíder,resto_mt,Demais MT,FALSE,2011,9801047,0,9801047,3.4469,4,7,43.7,FALSE,706084,706084,0,0,2,1,13.537448285293578,0,0,13.537448285293578,FALSE,TRUE,TRUE
5103205,Colíder,resto_mt,Demais MT,FALSE,2012,21307116,0,21307116,4.0009,3,10,75.9,FALSE,949268,949268,0,0,2,1,13.537448285293578,0,0,13.537448285293578,FALSE,TRUE,TRUE
5103205,Colíder,resto_mt,Demais MT,FALSE,2013,41057254,322014,40735240,4.5647,3,11,87.9,FALSE,507218,310276,0,196942,1,1,13.537448285293578,0,0,13.537448285293578,FALSE,TRUE,TRUE
5103205,Colíder,resto_mt,Demais MT,FALSE,2014,16380260,16676,16363584,3.9474,3,7,71.9,FALSE,2250974,374288,0,1876686,1,1,13.537448285293578,0,0,13.537448285293578,FALSE,TRUE,TRUE
5103205,Colíder,resto_mt,Demais MT,FALSE,2015,5683556,303487,5380069,3.5129,3,4,75.7,FALSE,3013090,1326577,0,1686513,2,1,13.537448285293578,0,0,13.537448285293578,FALSE,TRUE,TRUE
5103205,Colíder,resto_mt,Demais MT,FALSE,2016,17358875,9190,17349685,3.2343,4,5,97.7,FALSE,1864068,437997,0,1426071,2,1,13.537448285293578,0,0,13.537448285293578,FALSE,TRUE,TRUE
5103205,Colíder,resto_mt,Demais MT,FALSE,2017,34202888,126373,34076515,3.6607,4,13,90.9,FALSE,3921369,2217871,0,1703498,2,1,13.537448285293578,0,0,13.537448285293578,FALSE,TRUE,TRUE
5103205,Colíder,resto_mt,Demais MT,FALSE,2018,24683610,49577,24634033,3.5227,5,9,82.1,FALSE,1772669,1667901,0,104768,2,1,13.537448285293578,0,0,13.537448285293578,FALSE,TRUE,TRUE
5103205,Colíder,resto_mt,Demais MT,FALSE,2019,30157203,18127,30139076,2.4537,6,25,50.8,FALSE,672503,572229,0,100274,2,1,13.537448285293578,0,0,13.537448285293578,FALSE,TRUE,TRUE
5103205,Colíder,resto_mt,Demais MT,FALSE,2020,46916503,17813,46898690,3.2731,6,16,76.8,FALSE,480540,120452,0,360088,1,1,13.537448285293578,0,0,13.537448285293578,FALSE,TRUE,TRUE
5103205,Colíder,resto_mt,Demais MT,FALSE,2021,45157915,0,45157915,4.0462,6,24,72.6,FALSE,1109540,366010,0,743530,1,1,13.537448285293578,0,0,13.537448285293578,FALSE,TRUE,TRUE
5103205,Colíder,resto_mt,Demais MT,FALSE,2022,31761392,28742,31732650,4.0156,6,26,60.5,FALSE,1001770,343340,0,658430,1,1,13.537448285293578,0,0,13.537448285293578,FALSE,TRUE,TRUE
5103205,Colíder,resto_mt,Demais MT,FALSE,2023,46477370,1815806,44661564,3.9042,6,33,76.5,FALSE,666325,331067,0,335258,1,1,13.537448285293578,0,0,13.537448285293578,FALSE,TRUE,TRUE
5103205,Colíder,resto_mt,Demais MT,FALSE,2024,86069232,0,86069232,4.0727,6,31,60,FALSE,5163000,4529000,0,634000,2,1,13.537448285293578,0,0,13.537448285293578,FALSE,TRUE,TRUE
5103254,Colniza,resto_mt,Demais MT,FALSE,2000,0,0,0,,0,0,,FALSE,,,,,,11,383138.7784907495,3,709872.2878730339,1093011.0663637833,FALSE,TRUE,TRUE
5103254,Colniza,resto_mt,Demais MT,FALSE,2001,0,0,0,,0,0,,FALSE,,,,,3,11,383138.7784907495,3,709872.2878730339,1093011.0663637833,FALSE,TRUE,TRUE
5103254,Colniza,resto_mt,Demais MT,FALSE,2002,786584,0,786584,0.4571,1,8,100,FALSE,2970097,2970097,0,0,4,11,383138.7784907495,3,709872.2878730339,1093011.0663637833,FALSE,TRUE,TRUE
5103254,Colniza,resto_mt,Demais MT,FALSE,2003,1900259,0,1900259,0.5406,2,7,99.4,FALSE,3089903,3089903,0,0,4,11,383138.7784907495,3,709872.2878730339,1093011.0663637833,FALSE,TRUE,TRUE
5103254,Colniza,resto_mt,Demais MT,FALSE,2004,10229883,0,10229883,0.6065,2,10,99.4,FALSE,5701274,5701274,0,0,4,11,383138.7784907495,3,709872.2878730339,1093011.0663637833,FALSE,TRUE,TRUE
5103254,Colniza,resto_mt,Demais MT,FALSE,2005,10360337,167285,10193052,0.7209,2,14,93.4,FALSE,6577694,6577694,0,0,4,11,383138.7784907495,3,709872.2878730339,1093011.0663637833,FALSE,TRUE,TRUE
5103254,Colniza,resto_mt,Demais MT,FALSE,2006,12062973,0,12062973,0.7847,2,20,91.9,FALSE,24825767,24825767,0,0,5,11,383138.7784907495,3,709872.2878730339,1093011.0663637833,FALSE,TRUE,TRUE
5103254,Colniza,resto_mt,Demais MT,FALSE,2007,21766411,0,21766411,0.9019,2,26,92.3,FALSE,24260625,24260625,0,0,5,11,383138.7784907495,3,709872.2878730339,1093011.0663637833,FALSE,TRUE,TRUE
5103254,Colniza,resto_mt,Demais MT,FALSE,2008,19367480,0,19367480,1.1124,2,23,95.7,FALSE,16122444,16122444,0,0,5,11,383138.7784907495,3,709872.2878730339,1093011.0663637833,FALSE,TRUE,TRUE
5103254,Colniza,resto_mt,Demais MT,FALSE,2009,17899941,2818,17897123,1.0362,2,26,75.1,FALSE,139041685,139041685,0,0,5,11,383138.7784907495,3,709872.2878730339,1093011.0663637833,FALSE,TRUE,TRUE
5103254,Colniza,resto_mt,Demais MT,FALSE,2010,16463516,990,16462526,1.1896,2,27,69,FALSE,73854246,73854246,0,0,5,11,383138.7784907495,3,709872.2878730339,1093011.0663637833,FALSE,TRUE,TRUE
5103254,Colniza,resto_mt,Demais MT,FALSE,2011,14223771,12141,14211630,1.4183,2,22,67.6,FALSE,42935745,42935745,0,0,4,11,383138.7784907495,3,709872.2878730339,1093011.0663637833,FALSE,TRUE,TRUE
5103254,Colniza,resto_mt,Demais MT,FALSE,2012,11330531,0,11330531,1.3628,2,17,77.1,FALSE,90543259,90543259,0,0,4,11,383138.7784907495,3,709872.2878730339,1093011.0663637833,FALSE,TRUE,TRUE
5103254,Colniza,resto_mt,Demais MT,FALSE,2013,13381811,0,13381811,1.3469,2,23,77.1,FALSE,36465766,36149916,0,315850,4,11,383138.7784907495,3,709872.2878730339,1093011.0663637833,FALSE,TRUE,TRUE
5103254,Colniza,resto_mt,Demais MT,FALSE,2014,11594918,0,11594918,1.3639,2,20,64.2,FALSE,33077238,29974498,0,3102740,4,11,383138.7784907495,3,709872.2878730339,1093011.0663637833,FALSE,TRUE,TRUE
5103254,Colniza,resto_mt,Demais MT,FALSE,2015,11017266,0,11017266,1.3143,2,17,69.7,FALSE,106974931,103234109,0,3740822,6,11,383138.7784907495,3,709872.2878730339,1093011.0663637833,FALSE,TRUE,TRUE
5103254,Colniza,resto_mt,Demais MT,FALSE,2016,13702798,0,13702798,1.247,2,21,70.2,FALSE,121718899,119903498,0,1815401,6,11,383138.7784907495,3,709872.2878730339,1093011.0663637833,FALSE,TRUE,TRUE
5103254,Colniza,resto_mt,Demais MT,FALSE,2017,19942682,0,19942682,1.2152,2,22,71.8,FALSE,143297585,139448459,0,3849126,6,11,383138.7784907495,3,709872.2878730339,1093011.0663637833,FALSE,TRUE,TRUE
5103254,Colniza,resto_mt,Demais MT,FALSE,2018,17129023,0,17129023,1.1453,2,23,65.7,FALSE,151999667,149102493,0,2897174,6,11,383138.7784907495,3,709872.2878730339,1093011.0663637833,FALSE,TRUE,TRUE
5103254,Colniza,resto_mt,Demais MT,FALSE,2019,16357413,0,16357413,1.1789,2,31,75.7,FALSE,174239868,171224967,0,3014901,6,11,383138.7784907495,3,709872.2878730339,1093011.0663637833,FALSE,TRUE,TRUE
5103254,Colniza,resto_mt,Demais MT,FALSE,2020,15831377,0,15831377,1.0462,2,30,75.3,FALSE,186382544,183688220,0,2694324,6,11,383138.7784907495,3,709872.2878730339,1093011.0663637833,FALSE,TRUE,TRUE
5103254,Colniza,resto_mt,Demais MT,FALSE,2021,19909683,0,19909683,1.3055,2,27,85,FALSE,217003649,213717616,0,3286033,6,11,383138.7784907495,3,709872.2878730339,1093011.0663637833,FALSE,TRUE,TRUE
5103254,Colniza,resto_mt,Demais MT,FALSE,2022,21094816,0,21094816,1.9221,2,22,89.3,FALSE,214277607,210357451,0,3920156,6,11,383138.7784907495,3,709872.2878730339,1093011.0663637833,FALSE,TRUE,TRUE
5103254,Colniza,resto_mt,Demais MT,FALSE,2023,12887683,0,12887683,1.3808,2,30,75.2,FALSE,166127724,164196847,0,1930877,6,11,383138.7784907495,3,709872.2878730339,1093011.0663637833,FALSE,TRUE,TRUE
5103254,Colniza,resto_mt,Demais MT,FALSE,2024,12498648,4565,12494083,1.3311,3,26,90.1,FALSE,147431000,144801000,0,2630000,6,11,383138.7784907495,3,709872.2878730339,1093011.0663637833,FALSE,TRUE,TRUE
5103304,Comodoro,resto_mt,Demais MT,FALSE,2000,0,0,0,,0,0,,FALSE,,,,,2,0,0,5,1363391.9097840309,1363391.9097840309,FALSE,TRUE,TRUE
5103304,Comodoro,resto_mt,Demais MT,FALSE,2001,0,0,0,,0,0,,FALSE,,,,,2,0,0,5,1363391.9097840309,1363391.9097840309,FALSE,TRUE,TRUE
5103304,Comodoro,resto_mt,Demais MT,FALSE,2002,29813,0,29813,0.7866,1,1,100,FALSE,8868654,8868654,0,0,2,0,0,5,1363391.9097840309,1363391.9097840309,FALSE,TRUE,TRUE
5103304,Comodoro,resto_mt,Demais MT,FALSE,2003,438337,0,438337,0.5539,1,3,100,FALSE,358341,358341,0,0,1,0,0,5,1363391.9097840309,1363391.9097840309,FALSE,TRUE,TRUE
5103304,Comodoro,resto_mt,Demais MT,FALSE,2004,372706,0,372706,0.5041,1,2,100,FALSE,1682246,1682246,0,0,3,0,0,5,1363391.9097840309,1363391.9097840309,FALSE,TRUE,TRUE
5103304,Comodoro,resto_mt,Demais MT,FALSE,2005,109170,0,109170,0.7635,1,1,100,FALSE,5052391,5052391,0,0,4,0,0,5,1363391.9097840309,1363391.9097840309,FALSE,TRUE,TRUE
5103304,Comodoro,resto_mt,Demais MT,FALSE,2006,110914,0,110914,0.7911,2,2,60.4,FALSE,5772477,5772477,0,0,4,0,0,5,1363391.9097840309,1363391.9097840309,FALSE,TRUE,TRUE
5103304,Comodoro,resto_mt,Demais MT,FALSE,2007,1620005,0,1620005,1.3066,3,6,90,FALSE,5314754,5314754,0,0,3,0,0,5,1363391.9097840309,1363391.9097840309,FALSE,TRUE,TRUE
5103304,Comodoro,resto_mt,Demais MT,FALSE,2008,25928340,115000,25813340,0.46,3,14,78.2,FALSE,8052650,8052650,0,0,3,0,0,5,1363391.9097840309,1363391.9097840309,FALSE,TRUE,TRUE
5103304,Comodoro,resto_mt,Demais MT,FALSE,2009,65379174,0,65379174,0.4738,2,10,93.5,FALSE,12126275,12126275,0,0,3,0,0,5,1363391.9097840309,1363391.9097840309,FALSE,TRUE,TRUE
5103304,Comodoro,resto_mt,Demais MT,FALSE,2010,29375528,0,29375528,0.4704,2,6,90.2,FALSE,5629768,5629768,0,0,3,0,0,5,1363391.9097840309,1363391.9097840309,FALSE,TRUE,TRUE
5103304,Comodoro,resto_mt,Demais MT,FALSE,2011,34324922,96955,34227967,0.5037,1,2,100,FALSE,8727116,8727116,0,0,2,0,0,5,1363391.9097840309,1363391.9097840309,FALSE,TRUE,TRUE
5103304,Comodoro,resto_mt,Demais MT,FALSE,2012,48918731,0,48918731,0.5869,2,9,98.2,FALSE,8531640,8531640,0,0,2,0,0,5,1363391.9097840309,1363391.9097840309,FALSE,TRUE,TRUE
5103304,Comodoro,resto_mt,Demais MT,FALSE,2013,36218998,0,36218998,0.3812,2,16,74.2,FALSE,5009003,4334571,0,674432,2,0,0,5,1363391.9097840309,1363391.9097840309,FALSE,TRUE,TRUE
5103304,Comodoro,resto_mt,Demais MT,FALSE,2014,43433326,0,43433326,0.4961,3,15,81.2,FALSE,2780923,1906419,269347,605157,3,0,0,5,1363391.9097840309,1363391.9097840309,FALSE,TRUE,TRUE
5103304,Comodoro,resto_mt,Demais MT,FALSE,2015,54909602,0,54909602,0.3282,3,26,63.7,FALSE,5035964,3756540,565839,713585,3,0,0,5,1363391.9097840309,1363391.9097840309,FALSE,TRUE,TRUE
5103304,Comodoro,resto_mt,Demais MT,FALSE,2016,60592131,428000,60164131,0.2784,2,19,72.6,FALSE,2971596,1750513,663632,557451,3,0,0,5,1363391.9097840309,1363391.9097840309,FALSE,TRUE,TRUE
5103304,Comodoro,resto_mt,Demais MT,FALSE,2017,28603664,34204602,-5600938,0.2602,2,19,68,FALSE,8221293,6152244,650190,1418859,3,0,0,5,1363391.9097840309,1363391.9097840309,FALSE,TRUE,TRUE
5103304,Comodoro,resto_mt,Demais MT,FALSE,2018,36387452,85305126,-48917674,0.307,2,19,79,FALSE,7261095,5055387,628606,1577102,3,0,0,5,1363391.9097840309,1363391.9097840309,FALSE,TRUE,TRUE
5103304,Comodoro,resto_mt,Demais MT,FALSE,2019,34679675,104534355,-69854680,0.2911,2,15,81.9,FALSE,6516464,4830526,601643,1084295,3,0,0,5,1363391.9097840309,1363391.9097840309,FALSE,TRUE,TRUE
5103304,Comodoro,resto_mt,Demais MT,FALSE,2020,51774880,93304719,-41529839,0.2841,2,23,83.3,FALSE,8235122,6572882,633959,1028281,3,0,0,5,1363391.9097840309,1363391.9097840309,FALSE,TRUE,TRUE
5103304,Comodoro,resto_mt,Demais MT,FALSE,2021,78405813,198642432,-120236619,0.3519,3,18,92.8,FALSE,7286821,3935183,1035877,2315761,3,0,0,5,1363391.9097840309,1363391.9097840309,FALSE,TRUE,TRUE
5103304,Comodoro,resto_mt,Demais MT,FALSE,2022,90509189,334113708,-243604519,0.511,3,27,63,FALSE,10416446,7668643,1087604,1660199,3,0,0,5,1363391.9097840309,1363391.9097840309,FALSE,TRUE,TRUE
5103304,Comodoro,resto_mt,Demais MT,FALSE,2023,158551008,155456395,3094613,0.4845,7,32,85.5,FALSE,6510293,3520210,942913,2047170,3,0,0,5,1363391.9097840309,1363391.9097840309,FALSE,TRUE,TRUE
5103304,Comodoro,resto_mt,Demais MT,FALSE,2024,135565174,167472557,-31907383,0.3893,3,32,75.3,FALSE,10401000,6941000,1980000,1480000,3,0,0,5,1363391.9097840309,1363391.9097840309,FALSE,TRUE,TRUE
5103353,Confresa,resto_mt,Demais MT,FALSE,2000,0,0,0,,0,0,,FALSE,,,,,2,0,0,1,22238.607180067444,22238.607180067444,FALSE,TRUE,TRUE
5103353,Confresa,resto_mt,Demais MT,FALSE,2001,0,0,0,,0,0,,FALSE,,,,,2,0,0,1,22238.607180067444,22238.607180067444,FALSE,TRUE,TRUE
5103353,Confresa,resto_mt,Demais MT,FALSE,2002,0,0,0,,0,0,,FALSE,1720991,1720991,0,0,2,0,0,1,22238.607180067444,22238.607180067444,FALSE,TRUE,TRUE
5103353,Confresa,resto_mt,Demais MT,FALSE,2003,0,0,0,,0,0,,FALSE,1455366,1455366,0,0,2,0,0,1,22238.607180067444,22238.607180067444,FALSE,TRUE,TRUE
5103353,Confresa,resto_mt,Demais MT,FALSE,2004,0,0,0,,0,0,,FALSE,1240953,1240953,0,0,3,0,0,1,22238.607180067444,22238.607180067444,FALSE,TRUE,TRUE
5103353,Confresa,resto_mt,Demais MT,FALSE,2005,260100,0,260100,0.2365,1,1,100,FALSE,1170057,1170057,0,0,3,0,0,1,22238.607180067444,22238.607180067444,FALSE,TRUE,TRUE
5103353,Confresa,resto_mt,Demais MT,FALSE,2006,287404,0,287404,0.216,1,1,100,FALSE,1982661,1982661,0,0,3,0,0,1,22238.607180067444,22238.607180067444,FALSE,TRUE,TRUE
5103353,Confresa,resto_mt,Demais MT,FALSE,2007,70904,0,70904,0.2632,1,1,100,FALSE,1022269,1022269,0,0,3,0,0,1,22238.607180067444,22238.607180067444,FALSE,TRUE,TRUE
5103353,Confresa,resto_mt,Demais MT,FALSE,2008,0,0,0,,0,0,,FALSE,1880911,1880911,0,0,2,0,0,1,22238.607180067444,22238.607180067444,FALSE,TRUE,TRUE
5103353,Confresa,resto_mt,Demais MT,FALSE,2009,0,0,0,,0,0,,FALSE,2733411,2733411,0,0,2,0,0,1,22238.607180067444,22238.607180067444,FALSE,TRUE,TRUE
5103353,Confresa,resto_mt,Demais MT,FALSE,2010,0,0,0,,0,0,,FALSE,2224951,2224951,0,0,2,0,0,1,22238.607180067444,22238.607180067444,FALSE,TRUE,TRUE
5103353,Confresa,resto_mt,Demais MT,FALSE,2011,2979073,0,2979073,3.063,3,7,56.1,FALSE,1622535,1622535,0,0,2,0,0,1,22238.607180067444,22238.607180067444,FALSE,TRUE,TRUE
5103353,Confresa,resto_mt,Demais MT,FALSE,2012,7546631,0,7546631,2.954,3,8,56.1,FALSE,323614,323614,0,0,3,0,0,1,22238.607180067444,22238.607180067444,FALSE,TRUE,TRUE
5103353,Confresa,resto_mt,Demais MT,FALSE,2013,9756652,0,9756652,0.6048,4,10,38.1,FALSE,3260683,100329,0,3160354,2,0,0,1,22238.607180067444,22238.607180067444,FALSE,TRUE,TRUE
5103353,Confresa,resto_mt,Demais MT,FALSE,2014,12607727,0,12607727,0.2966,5,12,51.9,FALSE,3403569,89199,0,3314370,2,0,0,1,22238.607180067444,22238.607180067444,FALSE,TRUE,TRUE
5103353,Confresa,resto_mt,Demais MT,FALSE,2015,54088545,0,54088545,0.2974,5,18,73.1,FALSE,2898351,95878,0,2802473,2,0,0,1,22238.607180067444,22238.607180067444,FALSE,TRUE,TRUE
5103353,Confresa,resto_mt,Demais MT,FALSE,2016,30033395,0,30033395,0.3887,6,14,85.5,FALSE,1791805,88484,0,1703321,2,0,0,1,22238.607180067444,22238.607180067444,FALSE,TRUE,TRUE
5103353,Confresa,resto_mt,Demais MT,FALSE,2017,50362876,1884,50360992,0.3792,6,14,65.4,FALSE,1691940,78023,0,1613917,2,0,0,1,22238.607180067444,22238.607180067444,FALSE,TRUE,TRUE
5103353,Confresa,resto_mt,Demais MT,FALSE,2018,77658886,0,77658886,0.5438,9,27,41.2,FALSE,1637169,85211,0,1551958,2,0,0,1,22238.607180067444,22238.607180067444,FALSE,TRUE,TRUE
5103353,Confresa,resto_mt,Demais MT,FALSE,2019,208228134,0,208228134,0.3206,8,39,65.5,FALSE,2017511,481315,0,1536196,2,0,0,1,22238.607180067444,22238.607180067444,FALSE,TRUE,TRUE
5103353,Confresa,resto_mt,Demais MT,FALSE,2020,176388812,9516812,166872000,0.3037,8,35,62.1,FALSE,3010035,1267917,0,1742118,2,0,0,1,22238.607180067444,22238.607180067444,FALSE,TRUE,TRUE
5103353,Confresa,resto_mt,Demais MT,FALSE,2021,237903080,37812557,200090523,0.4469,9,33,70.8,FALSE,2708244,313065,0,2395179,2,0,0,1,22238.607180067444,22238.607180067444,FALSE,TRUE,TRUE
5103353,Confresa,resto_mt,Demais MT,FALSE,2022,384467240,50047868,334419372,0.466,8,43,61.7,FALSE,3325831,996337,0,2329494,2,0,0,1,22238.607180067444,22238.607180067444,FALSE,TRUE,TRUE
5103353,Confresa,resto_mt,Demais MT,FALSE,2023,711498058,30335807,681162251,0.3882,7,48,62.2,FALSE,3410203,433740,0,2976463,2,0,0,1,22238.607180067444,22238.607180067444,FALSE,TRUE,TRUE
5103353,Confresa,resto_mt,Demais MT,FALSE,2024,407654606,19283971,388370635,0.3685,7,41,58.1,FALSE,3586000,417000,0,3169000,2,0,0,1,22238.607180067444,22238.607180067444,FALSE,TRUE,TRUE
5103361,Conquista D'Oeste,resto_mt,Demais MT,FALSE,2000,0,0,0,,0,0,,FALSE,,,,,,0,0,5,125981.54759650948,125981.54759650948,FALSE,TRUE,TRUE
5103361,Conquista D'Oeste,resto_mt,Demais MT,FALSE,2001,0,0,0,,0,0,,FALSE,,,,,3,0,0,5,125981.54759650948,125981.54759650948,FALSE,TRUE,TRUE
5103361,Conquista D'Oeste,resto_mt,Demais MT,FALSE,2002,0,0,0,,0,0,,FALSE,194305,194305,0,0,3,0,0,5,125981.54759650948,125981.54759650948,FALSE,TRUE,TRUE
5103361,Conquista D'Oeste,resto_mt,Demais MT,FALSE,2003,0,0,0,,0,0,,FALSE,304904,304904,0,0,2,0,0,5,125981.54759650948,125981.54759650948,FALSE,TRUE,TRUE
5103361,Conquista D'Oeste,resto_mt,Demais MT,FALSE,2004,0,0,0,,0,0,,FALSE,470910,470910,0,0,2,0,0,5,125981.54759650948,125981.54759650948,FALSE,TRUE,TRUE
5103361,Conquista D'Oeste,resto_mt,Demais MT,FALSE,2005,0,0,0,,0,0,,FALSE,840186,840186,0,0,2,0,0,5,125981.54759650948,125981.54759650948,FALSE,TRUE,TRUE
5103361,Conquista D'Oeste,resto_mt,Demais MT,FALSE,2006,0,0,0,,0,0,,FALSE,737671,737671,0,0,2,0,0,5,125981.54759650948,125981.54759650948,FALSE,TRUE,TRUE
5103361,Conquista D'Oeste,resto_mt,Demais MT,FALSE,2007,0,0,0,,0,0,,FALSE,711937,711937,0,0,2,0,0,5,125981.54759650948,125981.54759650948,FALSE,TRUE,TRUE
5103361,Conquista D'Oeste,resto_mt,Demais MT,FALSE,2008,0,0,0,,0,0,,FALSE,695545,695545,0,0,2,0,0,5,125981.54759650948,125981.54759650948,FALSE,TRUE,TRUE
5103361,Conquista D'Oeste,resto_mt,Demais MT,FALSE,2009,0,0,0,,0,0,,FALSE,1096187,1096187,0,0,2,0,0,5,125981.54759650948,125981.54759650948,FALSE,TRUE,TRUE
5103361,Conquista D'Oeste,resto_mt,Demais MT,FALSE,2010,0,0,0,,0,0,,FALSE,625284,625284,0,0,2,0,0,5,125981.54759650948,125981.54759650948,FALSE,TRUE,TRUE
5103361,Conquista D'Oeste,resto_mt,Demais MT,FALSE,2011,0,0,0,,0,0,,FALSE,543622,543622,0,0,3,0,0,5,125981.54759650948,125981.54759650948,FALSE,TRUE,TRUE
5103361,Conquista D'Oeste,resto_mt,Demais MT,FALSE,2012,0,0,0,,0,0,,FALSE,517782,517782,0,0,3,0,0,5,125981.54759650948,125981.54759650948,FALSE,TRUE,TRUE
5103361,Conquista D'Oeste,resto_mt,Demais MT,FALSE,2013,0,0,0,,0,0,,FALSE,191368,187652,0,3716,2,0,0,5,125981.54759650948,125981.54759650948,FALSE,TRUE,TRUE
5103361,Conquista D'Oeste,resto_mt,Demais MT,FALSE,2014,0,0,0,,0,0,,FALSE,379534,302578,0,76956,1,0,0,5,125981.54759650948,125981.54759650948,FALSE,TRUE,TRUE
5103361,Conquista D'Oeste,resto_mt,Demais MT,FALSE,2015,0,0,0,,0,0,,FALSE,350506,308068,0,42438,1,0,0,5,125981.54759650948,125981.54759650948,FALSE,TRUE,TRUE
5103361,Conquista D'Oeste,resto_mt,Demais MT,FALSE,2016,0,0,0,,0,0,,FALSE,362786,311170,0,51616,1,0,0,5,125981.54759650948,125981.54759650948,FALSE,TRUE,TRUE
5103361,Conquista D'Oeste,resto_mt,Demais MT,FALSE,2017,0,0,0,,0,0,,FALSE,378556,309202,0,69354,1,0,0,5,125981.54759650948,125981.54759650948,FALSE,TRUE,TRUE
5103361,Conquista D'Oeste,resto_mt,Demais MT,FALSE,2018,0,0,0,,0,0,,FALSE,2782628,307318,0,2475310,1,0,0,5,125981.54759650948,125981.54759650948,FALSE,TRUE,TRUE
5103361,Conquista D'Oeste,resto_mt,Demais MT,FALSE,2019,0,0,0,,0,0,,FALSE,2351756,110970,0,2240786,1,0,0,5,125981.54759650948,125981.54759650948,FALSE,TRUE,TRUE
5103361,Conquista D'Oeste,resto_mt,Demais MT,FALSE,2020,0,0,0,,0,0,,FALSE,4638041,242172,0,4395869,1,0,0,5,125981.54759650948,125981.54759650948,FALSE,TRUE,TRUE
5103361,Conquista D'Oeste,resto_mt,Demais MT,FALSE,2021,0,0,0,,0,0,,FALSE,17894206,360255,0,17533951,1,0,0,5,125981.54759650948,125981.54759650948,FALSE,TRUE,TRUE
5103361,Conquista D'Oeste,resto_mt,Demais MT,FALSE,2022,0,0,0,,0,0,,FALSE,15901188,537826,0,15363362,2,0,0,5,125981.54759650948,125981.54759650948,FALSE,TRUE,TRUE
5103361,Conquista D'Oeste,resto_mt,Demais MT,FALSE,2023,0,0,0,,0,0,,FALSE,6140462,339449,0,5801013,2,0,0,5,125981.54759650948,125981.54759650948,FALSE,TRUE,TRUE
5103361,Conquista D'Oeste,resto_mt,Demais MT,FALSE,2024,0,0,0,,0,0,,FALSE,4288000,692000,0,3596000,2,0,0,5,125981.54759650948,125981.54759650948,FALSE,TRUE,TRUE
5103379,Cotriguaçu,resto_mt,Demais MT,FALSE,2000,13027664,214086,12813578,0.5063,2,21,100,FALSE,,,,,3,5,255715.9437052371,2,169438.93615491,425154.87986014714,FALSE,TRUE,TRUE
5103379,Cotriguaçu,resto_mt,Demais MT,FALSE,2001,10427539,5000,10422539,0.5408,3,23,97,FALSE,,,,,4,5,255715.9437052371,2,169438.93615491,425154.87986014714,FALSE,TRUE,TRUE
5103379,Cotriguaçu,resto_mt,Demais MT,FALSE,2002,9534465,6400,9528065,0.5413,2,17,99.9,FALSE,10454325,10454325,0,0,4,5,255715.9437052371,2,169438.93615491,425154.87986014714,FALSE,TRUE,TRUE
5103379,Cotriguaçu,resto_mt,Demais MT,FALSE,2003,8267499,0,8267499,0.5132,3,17,99.5,FALSE,7720043,7720043,0,0,4,5,255715.9437052371,2,169438.93615491,425154.87986014714,FALSE,TRUE,TRUE
5103379,Cotriguaçu,resto_mt,Demais MT,FALSE,2004,10716336,0,10716336,0.5682,4,23,98.3,FALSE,9462634,9462634,0,0,4,5,255715.9437052371,2,169438.93615491,425154.87986014714,FALSE,TRUE,TRUE
5103379,Cotriguaçu,resto_mt,Demais MT,FALSE,2005,12157484,0,12157484,0.6636,2,25,98.7,FALSE,11018272,11018272,0,0,4,5,255715.9437052371,2,169438.93615491,425154.87986014714,FALSE,TRUE,TRUE
5103379,Cotriguaçu,resto_mt,Demais MT,FALSE,2006,11384283,0,11384283,0.73,3,27,99.4,FALSE,25555210,25555210,0,0,4,5,255715.9437052371,2,169438.93615491,425154.87986014714,FALSE,TRUE,TRUE
5103379,Cotriguaçu,resto_mt,Demais MT,FALSE,2007,8962378,0,8962378,0.9105,4,25,78.2,FALSE,29700555,29700555,0,0,4,5,255715.9437052371,2,169438.93615491,425154.87986014714,FALSE,TRUE,TRUE
5103379,Cotriguaçu,resto_mt,Demais MT,FALSE,2008,9249986,0,9249986,1.0917,4,24,65.1,FALSE,28688790,28688790,0,0,4,5,255715.9437052371,2,169438.93615491,425154.87986014714,FALSE,TRUE,TRUE
5103379,Cotriguaçu,resto_mt,Demais MT,FALSE,2009,5804333,0,5804333,0.9441,3,21,76,FALSE,47465370,47465370,0,0,4,5,255715.9437052371,2,169438.93615491,425154.87986014714,FALSE,TRUE,TRUE
5103379,Cotriguaçu,resto_mt,Demais MT,FALSE,2010,5595202,0,5595202,1.0736,3,21,73.2,FALSE,37152490,37152490,0,0,5,5,255715.9437052371,2,169438.93615491,425154.87986014714,FALSE,TRUE,TRUE
5103379,Cotriguaçu,resto_mt,Demais MT,FALSE,2011,5995968,0,5995968,1.2834,2,18,60.4,FALSE,27999671,27999671,0,0,4,5,255715.9437052371,2,169438.93615491,425154.87986014714,FALSE,TRUE,TRUE
5103379,Cotriguaçu,resto_mt,Demais MT,FALSE,2012,4292754,3500,4289254,1.2102,2,18,51.5,FALSE,53237436,53237436,0,0,4,5,255715.9437052371,2,169438.93615491,425154.87986014714,FALSE,TRUE,TRUE
5103379,Cotriguaçu,resto_mt,Demais MT,FALSE,2013,4318522,2322,4316200,1.1104,2,14,56.8,FALSE,36304124,35466194,0,837930,5,5,255715.9437052371,2,169438.93615491,425154.87986014714,FALSE,TRUE,TRUE
5103379,Cotriguaçu,resto_mt,Demais MT,FALSE,2014,4917424,0,4917424,1.1904,2,20,69.4,FALSE,3692156,2027100,0,1665056,5,5,255715.9437052371,2,169438.93615491,425154.87986014714,FALSE,TRUE,TRUE
5103379,Cotriguaçu,resto_mt,Demais MT,FALSE,2015,4072201,0,4072201,1.2041,2,15,65.9,FALSE,26258055,24260330,0,1997725,5,5,255715.9437052371,2,169438.93615491,425154.87986014714,FALSE,TRUE,TRUE
5103379,Cotriguaçu,resto_mt,Demais MT,FALSE,2016,4433056,0,4433056,1.0415,2,13,73.5,FALSE,41102397,39929981,0,1172416,5,5,255715.9437052371,2,169438.93615491,425154.87986014714,FALSE,TRUE,TRUE
5103379,Cotriguaçu,resto_mt,Demais MT,FALSE,2017,4133803,0,4133803,0.9451,2,18,80.8,FALSE,29303350,28323730,0,979620,5,5,255715.9437052371,2,169438.93615491,425154.87986014714,FALSE,TRUE,TRUE
5103379,Cotriguaçu,resto_mt,Demais MT,FALSE,2018,4460073,0,4460073,1.024,2,14,66.8,FALSE,35882214,35443587,0,438627,5,5,255715.9437052371,2,169438.93615491,425154.87986014714,FALSE,TRUE,TRUE
5103379,Cotriguaçu,resto_mt,Demais MT,FALSE,2019,6736232,0,6736232,1.0528,2,16,74.4,FALSE,35230886,34610525,0,620361,5,5,255715.9437052371,2,169438.93615491,425154.87986014714,FALSE,TRUE,TRUE
5103379,Cotriguaçu,resto_mt,Demais MT,FALSE,2020,5149931,70193,5079738,0.8687,2,17,80.9,FALSE,45028808,44456977,0,571831,5,5,255715.9437052371,2,169438.93615491,425154.87986014714,FALSE,TRUE,TRUE
5103379,Cotriguaçu,resto_mt,Demais MT,FALSE,2021,6182245,0,6182245,1.0584,2,21,75.5,FALSE,53011600,51952703,0,1058897,5,5,255715.9437052371,2,169438.93615491,425154.87986014714,FALSE,TRUE,TRUE
5103379,Cotriguaçu,resto_mt,Demais MT,FALSE,2022,3883524,0,3883524,1.3636,2,15,73.4,FALSE,40919347,39742648,0,1176699,5,5,255715.9437052371,2,169438.93615491,425154.87986014714,FALSE,TRUE,TRUE
5103379,Cotriguaçu,resto_mt,Demais MT,FALSE,2023,4053257,0,4053257,1.1297,2,15,50.8,FALSE,33348752,28779813,0,4568939,4,5,255715.9437052371,2,169438.93615491,425154.87986014714,FALSE,TRUE,TRUE
5103379,Cotriguaçu,resto_mt,Demais MT,FALSE,2024,2701242,0,2701242,1.0042,2,14,55.6,FALSE,40001000,37508000,0,2493000,4,5,255715.9437052371,2,169438.93615491,425154.87986014714,FALSE,TRUE,TRUE
5103403,Cuiabá,polo_metropolitano,Polo Metropolitano,FALSE,2000,313188182,33209580,279978602,0.198,28,48,71.3,FALSE,,,,,2,8,209678.091375278,1,2.4160551905632017,209680.50743046854,FALSE,TRUE,TRUE
5103403,Cuiabá,polo_metropolitano,Polo Metropolitano,FALSE,2001,464819686,47505248,417314438,0.1912,40,46,78.9,FALSE,,,,,2,8,209678.091375278,1,2.4160551905632017,209680.50743046854,FALSE,TRUE,TRUE
5103403,Cuiabá,polo_metropolitano,Polo Metropolitano,FALSE,2002,383195709,70110951,313084758,0.2011,54,43,64.9,FALSE,312277,312277,0,0,3,8,209678.091375278,1,2.4160551905632017,209680.50743046854,FALSE,TRUE,TRUE
5103403,Cuiabá,polo_metropolitano,Polo Metropolitano,FALSE,2003,507790438,92754462,415035976,0.2153,18,46,61.3,FALSE,286044,286044,0,0,2,8,209678.091375278,1,2.4160551905632017,209680.50743046854,FALSE,TRUE,TRUE
5103403,Cuiabá,polo_metropolitano,Polo Metropolitano,FALSE,2004,764513799,69361343,695152456,0.2559,21,54,66.8,FALSE,408715,408715,0,0,2,8,209678.091375278,1,2.4160551905632017,209680.50743046854,FALSE,TRUE,TRUE
5103403,Cuiabá,polo_metropolitano,Polo Metropolitano,FALSE,2005,792434840,58313450,734121390,0.2294,94,58,64.2,FALSE,510314,510314,0,0,2,8,209678.091375278,1,2.4160551905632017,209680.50743046854,FALSE,TRUE,TRUE
5103403,Cuiabá,polo_metropolitano,Polo Metropolitano,FALSE,2006,856010399,70113413,785896986,0.2372,60,50,73.9,FALSE,559423,559423,0,0,2,8,209678.091375278,1,2.4160551905632017,209680.50743046854,FALSE,TRUE,TRUE
5103403,Cuiabá,polo_metropolitano,Polo Metropolitano,FALSE,2007,938451866,93673161,844778705,0.2697,34,49,62.9,FALSE,803211,803211,0,0,2,8,209678.091375278,1,2.4160551905632017,209680.50743046854,FALSE,TRUE,TRUE
5103403,Cuiabá,polo_metropolitano,Polo Metropolitano,FALSE,2008,578140406,69257132,508883274,0.3509,25,56,54.1,FALSE,923312,923312,0,0,2,8,209678.091375278,1,2.4160551905632017,209680.50743046854,FALSE,TRUE,TRUE
5103403,Cuiabá,polo_metropolitano,Polo Metropolitano,FALSE,2009,173074958,61682886,111392072,0.4936,35,47,58.4,FALSE,1011503,1011503,0,0,2,8,209678.091375278,1,2.4160551905632017,209680.50743046854,FALSE,TRUE,TRUE
5103403,Cuiabá,polo_metropolitano,Polo Metropolitano,FALSE,2010,223599147,88542836,135056311,0.5438,36,47,33.8,FALSE,1113580,1113580,0,0,2,8,209678.091375278,1,2.4160551905632017,209680.50743046854,FALSE,TRUE,TRUE
5103403,Cuiabá,polo_metropolitano,Polo Metropolitano,FALSE,2011,330636910,125448420,205188490,0.7054,38,53,41,FALSE,1195552,1195552,0,0,2,8,209678.091375278,1,2.4160551905632017,209680.50743046854,FALSE,TRUE,TRUE
5103403,Cuiabá,polo_metropolitano,Polo Metropolitano,FALSE,2012,669553343,261070261,408483082,0.5933,34,57,34.1,FALSE,1202275,1202275,0,0,2,8,209678.091375278,1,2.4160551905632017,209680.50743046854,FALSE,TRUE,TRUE
5103403,Cuiabá,polo_metropolitano,Polo Metropolitano,FALSE,2013,992725447,304156011,688569436,0.4492,26,61,40.3,FALSE,46480056,1281978,579677,44618401,2,8,209678.091375278,1,2.4160551905632017,209680.50743046854,FALSE,TRUE,TRUE
5103403,Cuiabá,polo_metropolitano,Polo Metropolitano,FALSE,2014,1102301901,483524568,618777333,0.5424,24,57,43,FALSE,27459425,1058150,676866,25724409,2,8,209678.091375278,1,2.4160551905632017,209680.50743046854,FALSE,TRUE,TRUE
5103403,Cuiabá,polo_metropolitano,Polo Metropolitano,FALSE,2015,781883611,258834490,523049121,0.4375,34,55,40.8,FALSE,30630730,1128534,809464,28692732,2,8,209678.091375278,1,2.4160551905632017,209680.50743046854,FALSE,TRUE,TRUE
5103403,Cuiabá,polo_metropolitano,Polo Metropolitano,FALSE,2016,514764858,53825873,460938985,0.3753,36,42,35.8,FALSE,18910554,569249,951205,17390100,2,8,209678.091375278,1,2.4160551905632017,209680.50743046854,FALSE,TRUE,TRUE
5103403,Cuiabá,polo_metropolitano,Polo Metropolitano,FALSE,2017,267059610,116261186,150798424,0.4175,28,35,41.1,FALSE,6250495,471027,1141445,4638023,2,8,209678.091375278,1,2.4160551905632017,209680.50743046854,FALSE,TRUE,TRUE
5103403,Cuiabá,polo_metropolitano,Polo Metropolitano,FALSE,2018,977126897,94146341,882980556,0.4076,22,35,72.6,FALSE,2883205,254236,1131490,1497479,2,8,209678.091375278,1,2.4160551905632017,209680.50743046854,FALSE,TRUE,TRUE
5103403,Cuiabá,polo_metropolitano,Polo Metropolitano,FALSE,2019,189460033,148673578,40786455,0.8534,22,27,50.2,FALSE,3806396,147068,1084295,2575033,2,8,209678.091375278,1,2.4160551905632017,209680.50743046854,FALSE,TRUE,TRUE
5103403,Cuiabá,polo_metropolitano,Polo Metropolitano,FALSE,2020,198536020,196762302,1773718,0.5948,21,30,43.7,FALSE,4478284,125524,1028281,3324479,2,8,209678.091375278,1,2.4160551905632017,209680.50743046854,FALSE,TRUE,TRUE
5103403,Cuiabá,polo_metropolitano,Polo Metropolitano,FALSE,2021,151966373,228696988,-76730615,0.8327,29,31,45.6,FALSE,4212567,124305,847117,3241145,2,8,209678.091375278,1,2.4160551905632017,209680.50743046854,FALSE,TRUE,TRUE
5103403,Cuiabá,polo_metropolitano,Polo Metropolitano,FALSE,2022,832516186,574551500,257964686,2.386,30,43,67.5,FALSE,4829572,107565,782293,3939714,2,8,209678.091375278,1,2.4160551905632017,209680.50743046854,FALSE,TRUE,TRUE
5103403,Cuiabá,polo_metropolitano,Polo Metropolitano,FALSE,2023,684162682,503144587,181018095,1.449,49,48,49.5,FALSE,8963964,102673,0,8861291,2,8,209678.091375278,1,2.4160551905632017,209680.50743046854,FALSE,TRUE,TRUE
5103403,Cuiabá,polo_metropolitano,Polo Metropolitano,FALSE,2024,1553178585,418294013,1134884572,0.6304,48,47,51.7,FALSE,14201000,108000,2920000,11173000,2,8,209678.091375278,1,2.4160551905632017,209680.50743046854,FALSE,TRUE,TRUE
5103437,Curvelândia,pantanal_norte,Pantanal-13,TRUE,2000,0,0,0,,0,0,,FALSE,,,,,,0,0,0,0,0,TRUE,TRUE,TRUE
5103437,Curvelândia,pantanal_norte,Pantanal-13,TRUE,2001,0,0,0,,0,0,,FALSE,,,,,2,0,0,0,0,0,TRUE,TRUE,TRUE
5103437,Curvelândia,pantanal_norte,Pantanal-13,TRUE,2002,0,0,0,,0,0,,FALSE,218594,218594,0,0,3,0,0,0,0,0,TRUE,TRUE,TRUE
5103437,Curvelândia,pantanal_norte,Pantanal-13,TRUE,2003,0,0,0,,0,0,,FALSE,207460,207460,0,0,2,0,0,0,0,0,TRUE,TRUE,TRUE
5103437,Curvelândia,pantanal_norte,Pantanal-13,TRUE,2004,0,0,0,,0,0,,FALSE,272476,272476,0,0,2,0,0,0,0,0,TRUE,TRUE,TRUE
5103437,Curvelândia,pantanal_norte,Pantanal-13,TRUE,2005,0,0,0,,0,0,,FALSE,434190,434190,0,0,2,0,0,0,0,0,TRUE,TRUE,TRUE
5103437,Curvelândia,pantanal_norte,Pantanal-13,TRUE,2006,0,0,0,,0,0,,FALSE,351011,351011,0,0,2,0,0,0,0,0,TRUE,TRUE,TRUE
5103437,Curvelândia,pantanal_norte,Pantanal-13,TRUE,2007,0,0,0,,0,0,,FALSE,646741,646741,0,0,2,0,0,0,0,0,TRUE,TRUE,TRUE
5103437,Curvelândia,pantanal_norte,Pantanal-13,TRUE,2008,0,0,0,,0,0,,FALSE,710240,710240,0,0,2,0,0,0,0,0,TRUE,TRUE,TRUE
5103437,Curvelândia,pantanal_norte,Pantanal-13,TRUE,2009,0,0,0,,0,0,,FALSE,1571358,1571358,0,0,2,0,0,0,0,0,TRUE,TRUE,TRUE
5103437,Curvelândia,pantanal_norte,Pantanal-13,TRUE,2010,0,0,0,,0,0,,FALSE,1237312,1237312,0,0,2,0,0,0,0,0,TRUE,TRUE,TRUE
5103437,Curvelândia,pantanal_norte,Pantanal-13,TRUE,2011,0,0,0,,0,0,,FALSE,1322606,1322606,0,0,2,0,0,0,0,0,TRUE,TRUE,TRUE
5103437,Curvelândia,pantanal_norte,Pantanal-13,TRUE,2012,0,0,0,,0,0,,FALSE,1317991,1317991,0,0,1,0,0,0,0,0,TRUE,TRUE,TRUE
5103437,Curvelândia,pantanal_norte,Pantanal-13,TRUE,2013,0,0,0,,0,0,,FALSE,15064168,785908,0,14278260,1,0,0,0,0,0,TRUE,TRUE,TRUE
5103437,Curvelândia,pantanal_norte,Pantanal-13,TRUE,2014,0,0,0,,0,0,,FALSE,2095311,949711,0,1145600,2,0,0,0,0,0,TRUE,TRUE,TRUE
5103437,Curvelândia,pantanal_norte,Pantanal-13,TRUE,2015,0,0,0,,0,0,,FALSE,3459474,831468,1510475,1117531,2,0,0,0,0,0,TRUE,TRUE,TRUE
5103437,Curvelândia,pantanal_norte,Pantanal-13,TRUE,2016,0,0,0,,0,0,,FALSE,1417222,752116,0,665106,2,0,0,0,0,0,TRUE,TRUE,TRUE
5103437,Curvelândia,pantanal_norte,Pantanal-13,TRUE,2017,0,0,0,,0,0,,FALSE,2407149,687757,0,1719392,2,0,0,0,0,0,TRUE,TRUE,TRUE
5103437,Curvelândia,pantanal_norte,Pantanal-13,TRUE,2018,0,0,0,,0,0,,FALSE,1148253,757121,0,391132,2,0,0,0,0,0,TRUE,TRUE,TRUE
5103437,Curvelândia,pantanal_norte,Pantanal-13,TRUE,2019,0,0,0,,0,0,,FALSE,775451,401095,0,374356,2,0,0,0,0,0,TRUE,TRUE,TRUE
5103437,Curvelândia,pantanal_norte,Pantanal-13,TRUE,2020,0,0,0,,0,0,,FALSE,697355,417145,0,280210,2,0,0,0,0,0,TRUE,TRUE,TRUE
5103437,Curvelândia,pantanal_norte,Pantanal-13,TRUE,2021,0,0,0,,0,0,,FALSE,627282,379822,0,247460,2,0,0,0,0,0,TRUE,TRUE,TRUE
5103437,Curvelândia,pantanal_norte,Pantanal-13,TRUE,2022,0,11680,-11680,,0,0,,FALSE,591065,330301,0,260764,2,0,0,0,0,0,TRUE,TRUE,TRUE
5103437,Curvelândia,pantanal_norte,Pantanal-13,TRUE,2023,0,40468,-40468,,0,0,,FALSE,526984,310114,0,216870,2,0,0,0,0,0,TRUE,TRUE,TRUE
5103437,Curvelândia,pantanal_norte,Pantanal-13,TRUE,2024,0,43690,-43690,,0,0,,FALSE,400000,284000,0,116000,1,0,0,0,0,0,TRUE,TRUE,TRUE
5103452,Denise,resto_mt,Demais MT,FALSE,2000,0,31639,-31639,,0,0,,FALSE,,,,,3,0,0,1,3.587403088842053,3.587403088842053,FALSE,TRUE,TRUE
5103452,Denise,resto_mt,Demais MT,FALSE,2001,0,0,0,,0,0,,FALSE,,,,,2,0,0,1,3.587403088842053,3.587403088842053,FALSE,TRUE,TRUE
5103452,Denise,resto_mt,Demais MT,FALSE,2002,0,0,0,,0,0,,FALSE,246352,246352,0,0,2,0,0,1,3.587403088842053,3.587403088842053,FALSE,TRUE,TRUE
5103452,Denise,resto_mt,Demais MT,FALSE,2003,0,0,0,,0,0,,FALSE,194887,194887,0,0,2,0,0,1,3.587403088842053,3.587403088842053,FALSE,TRUE,TRUE
5103452,Denise,resto_mt,Demais MT,FALSE,2004,0,0,0,,0,0,,FALSE,177702,177702,0,0,2,0,0,1,3.587403088842053,3.587403088842053,FALSE,TRUE,TRUE
5103452,Denise,resto_mt,Demais MT,FALSE,2005,0,0,0,,0,0,,FALSE,473662,473662,0,0,2,0,0,1,3.587403088842053,3.587403088842053,FALSE,TRUE,TRUE
5103452,Denise,resto_mt,Demais MT,FALSE,2006,0,0,0,,0,0,,FALSE,479897,479897,0,0,2,0,0,1,3.587403088842053,3.587403088842053,FALSE,TRUE,TRUE
5103452,Denise,resto_mt,Demais MT,FALSE,2007,0,0,0,,0,0,,FALSE,472017,472017,0,0,2,0,0,1,3.587403088842053,3.587403088842053,FALSE,TRUE,TRUE
5103452,Denise,resto_mt,Demais MT,FALSE,2008,0,0,0,,0,0,,FALSE,487371,487371,0,0,2,0,0,1,3.587403088842053,3.587403088842053,FALSE,TRUE,TRUE
5103452,Denise,resto_mt,Demais MT,FALSE,2009,0,0,0,,0,0,,FALSE,317565,317565,0,0,1,0,0,1,3.587403088842053,3.587403088842053,FALSE,TRUE,TRUE
5103452,Denise,resto_mt,Demais MT,FALSE,2010,0,0,0,,0,0,,FALSE,291652,291652,0,0,1,0,0,1,3.587403088842053,3.587403088842053,FALSE,TRUE,TRUE
5103452,Denise,resto_mt,Demais MT,FALSE,2011,0,0,0,,0,0,,FALSE,283267,283267,0,0,1,0,0,1,3.587403088842053,3.587403088842053,FALSE,TRUE,TRUE
5103452,Denise,resto_mt,Demais MT,FALSE,2012,0,0,0,,0,0,,FALSE,270659,270659,0,0,1,0,0,1,3.587403088842053,3.587403088842053,FALSE,TRUE,TRUE
5103452,Denise,resto_mt,Demais MT,FALSE,2013,0,0,0,,0,0,,FALSE,1620122,260111,0,1360011,1,0,0,1,3.587403088842053,3.587403088842053,FALSE,TRUE,TRUE
5103452,Denise,resto_mt,Demais MT,FALSE,2014,0,0,0,,0,0,,FALSE,673369,335810,0,337559,1,0,0,1,3.587403088842053,3.587403088842053,FALSE,TRUE,TRUE
5103452,Denise,resto_mt,Demais MT,FALSE,2015,0,0,0,,0,0,,FALSE,2103034,342647,0,1760387,1,0,0,1,3.587403088842053,3.587403088842053,FALSE,TRUE,TRUE
5103452,Denise,resto_mt,Demais MT,FALSE,2016,0,0,0,,0,0,,FALSE,1533727,309695,0,1224032,1,0,0,1,3.587403088842053,3.587403088842053,FALSE,TRUE,TRUE
5103452,Denise,resto_mt,Demais MT,FALSE,2017,0,0,0,,0,0,,FALSE,1087985,322205,0,765780,1,0,0,1,3.587403088842053,3.587403088842053,FALSE,TRUE,TRUE
5103452,Denise,resto_mt,Demais MT,FALSE,2018,0,0,0,,0,0,,FALSE,1104949,283571,0,821378,1,0,0,1,3.587403088842053,3.587403088842053,FALSE,TRUE,TRUE
5103452,Denise,resto_mt,Demais MT,FALSE,2019,0,0,0,,0,0,,FALSE,1090980,291463,0,799517,1,0,0,1,3.587403088842053,3.587403088842053,FALSE,TRUE,TRUE
5103452,Denise,resto_mt,Demais MT,FALSE,2020,0,0,0,,0,0,,FALSE,1132250,433628,0,698622,2,0,0,1,3.587403088842053,3.587403088842053,FALSE,TRUE,TRUE
5103452,Denise,resto_mt,Demais MT,FALSE,2021,0,0,0,,0,0,,FALSE,912723,293499,0,619224,1,0,0,1,3.587403088842053,3.587403088842053,FALSE,TRUE,TRUE
5103452,Denise,resto_mt,Demais MT,FALSE,2022,0,0,0,,0,0,,FALSE,830100,295533,0,534567,1,0,0,1,3.587403088842053,3.587403088842053,FALSE,TRUE,TRUE
5103452,Denise,resto_mt,Demais MT,FALSE,2023,0,0,0,,0,0,,FALSE,953391,323734,0,629657,1,0,0,1,3.587403088842053,3.587403088842053,FALSE,TRUE,TRUE
5103452,Denise,resto_mt,Demais MT,FALSE,2024,0,0,0,,0,0,,FALSE,1035000,275000,0,760000,1,0,0,1,3.587403088842053,3.587403088842053,FALSE,TRUE,TRUE
5103502,Diamantino,resto_mt,Demais MT,FALSE,2000,105023,0,105023,1.0803,1,1,100,FALSE,,,,,2,1,28594.879450475197,2,2722.4856221069535,31317.36507258215,FALSE,TRUE,TRUE
5103502,Diamantino,resto_mt,Demais MT,FALSE,2001,10063102,0,10063102,0.8132,2,20,95.8,FALSE,,,,,2,1,28594.879450475197,2,2722.4856221069535,31317.36507258215,FALSE,TRUE,TRUE
5103502,Diamantino,resto_mt,Demais MT,FALSE,2002,8443526,1067964,7375562,0.8003,2,16,98.5,FALSE,687008,687008,0,0,3,1,28594.879450475197,2,2722.4856221069535,31317.36507258215,FALSE,TRUE,TRUE
5103502,Diamantino,resto_mt,Demais MT,FALSE,2003,11644365,957742,10686623,0.6471,3,17,95,FALSE,990152,990152,0,0,3,1,28594.879450475197,2,2722.4856221069535,31317.36507258215,FALSE,TRUE,TRUE
5103502,Diamantino,resto_mt,Demais MT,FALSE,2004,23634304,0,23634304,0.7251,4,24,77.5,FALSE,1211336,1211336,0,0,1,1,28594.879450475197,2,2722.4856221069535,31317.36507258215,FALSE,TRUE,TRUE
5103502,Diamantino,resto_mt,Demais MT,FALSE,2005,55281773,20911,55260862,0.3286,4,23,46.5,FALSE,1905924,1905924,0,0,2,1,28594.879450475197,2,2722.4856221069535,31317.36507258215,FALSE,TRUE,TRUE
5103502,Diamantino,resto_mt,Demais MT,FALSE,2006,32428966,0,32428966,0.2946,4,26,47.1,FALSE,2336414,2336414,0,0,2,1,28594.879450475197,2,2722.4856221069535,31317.36507258215,FALSE,TRUE,TRUE
5103502,Diamantino,resto_mt,Demais MT,FALSE,2007,61367280,1289366,60077914,0.3386,7,31,36.8,FALSE,9875845,9875845,0,0,3,1,28594.879450475197,2,2722.4856221069535,31317.36507258215,FALSE,TRUE,TRUE
5103502,Diamantino,resto_mt,Demais MT,FALSE,2008,157625055,0,157625055,0.4282,7,36,60.5,FALSE,2936474,2936474,0,0,1,1,28594.879450475197,2,2722.4856221069535,31317.36507258215,FALSE,TRUE,TRUE
5103502,Diamantino,resto_mt,Demais MT,FALSE,2009,187794686,0,187794686,0.3665,11,44,55.5,FALSE,3018043,3018043,0,0,1,1,28594.879450475197,2,2722.4856221069535,31317.36507258215,FALSE,TRUE,TRUE
5103502,Diamantino,resto_mt,Demais MT,FALSE,2010,155008111,506878,154501233,0.5357,11,34,40.3,FALSE,4902847,4902847,0,0,2,1,28594.879450475197,2,2722.4856221069535,31317.36507258215,FALSE,TRUE,TRUE
5103502,Diamantino,resto_mt,Demais MT,FALSE,2011,323307026,1823563,321483463,0.6452,10,48,51.8,FALSE,3707462,3707462,0,0,2,1,28594.879450475197,2,2722.4856221069535,31317.36507258215,FALSE,TRUE,TRUE
5103502,Diamantino,resto_mt,Demais MT,FALSE,2012,456993658,262220,456731438,0.6034,10,58,42,FALSE,5744638,5744638,0,0,2,1,28594.879450475197,2,2722.4856221069535,31317.36507258215,FALSE,TRUE,TRUE
5103502,Diamantino,resto_mt,Demais MT,FALSE,2013,501322285,893865,500428420,0.5922,9,69,33.8,FALSE,9469914,2916964,3344290,3208660,3,1,28594.879450475197,2,2722.4856221069535,31317.36507258215,FALSE,TRUE,TRUE
5103502,Diamantino,resto_mt,Demais MT,FALSE,2014,494740642,2498746,492241896,0.5954,9,57,39.1,FALSE,19604630,2864875,13642262,3097493,3,1,28594.879450475197,2,2722.4856221069535,31317.36507258215,FALSE,TRUE,TRUE
5103502,Diamantino,resto_mt,Demais MT,FALSE,2015,436081511,248315,435833196,0.3977,10,47,49.4,FALSE,17375961,1258991,10805946,5311024,2,1,28594.879450475197,2,2722.4856221069535,31317.36507258215,FALSE,TRUE,TRUE
5103502,Diamantino,resto_mt,Demais MT,FALSE,2016,394288269,133458,394154811,0.4026,9,43,41.2,FALSE,19460631,1318415,12324378,5817838,2,1,28594.879450475197,2,2722.4856221069535,31317.36507258215,FALSE,TRUE,TRUE
5103502,Diamantino,resto_mt,Demais MT,FALSE,2017,383046689,104121,382942568,0.3984,10,52,43.1,FALSE,13743576,1233917,7325476,5184183,1,1,28594.879450475197,2,2722.4856221069535,31317.36507258215,FALSE,TRUE,TRUE
5103502,Diamantino,resto_mt,Demais MT,FALSE,2018,387253809,1925278,385328531,0.4225,12,53,29.5,FALSE,13278948,1482113,7040385,4756450,2,1,28594.879450475197,2,2722.4856221069535,31317.36507258215,FALSE,TRUE,TRUE
5103502,Diamantino,resto_mt,Demais MT,FALSE,2019,592045027,5684038,586360989,0.3767,11,54,36.8,FALSE,15682832,1115045,9429754,5138033,2,1,28594.879450475197,2,2722.4856221069535,31317.36507258215,FALSE,TRUE,TRUE
5103502,Diamantino,resto_mt,Demais MT,FALSE,2020,591430891,4074896,587355995,0.3967,10,53,44.7,FALSE,14042182,1082801,8216103,4743278,2,1,28594.879450475197,2,2722.4856221069535,31317.36507258215,FALSE,TRUE,TRUE
5103502,Diamantino,resto_mt,Demais MT,FALSE,2021,841937613,2140547,839797066,0.4794,13,64,49.1,FALSE,11819360,1355848,5476338,4987174,2,1,28594.879450475197,2,2722.4856221069535,31317.36507258215,FALSE,TRUE,TRUE
5103502,Diamantino,resto_mt,Demais MT,FALSE,2022,855218480,9796198,845422282,0.5745,12,60,54.6,FALSE,12667711,1228852,5306553,6132306,2,1,28594.879450475197,2,2722.4856221069535,31317.36507258215,FALSE,TRUE,TRUE
5103502,Diamantino,resto_mt,Demais MT,FALSE,2023,689911528,1637627,688273901,0.4795,12,57,58.7,FALSE,11391442,1809346,6150939,3431157,2,1,28594.879450475197,2,2722.4856221069535,31317.36507258215,FALSE,TRUE,TRUE
5103502,Diamantino,resto_mt,Demais MT,FALSE,2024,630692540,13210435,617482105,0.538,12,61,30.8,FALSE,21319000,1238000,16584000,3497000,3,1,28594.879450475197,2,2722.4856221069535,31317.36507258215,FALSE,TRUE,TRUE
5103601,Dom Aquino,resto_mt,Demais MT,FALSE,2000,0,0,0,,0,0,,FALSE,,,,,3,0,0,0,0,0,FALSE,TRUE,TRUE
5103601,Dom Aquino,resto_mt,Demais MT,FALSE,2001,0,0,0,,0,0,,FALSE,,,,,3,0,0,0,0,0,FALSE,TRUE,TRUE
5103601,Dom Aquino,resto_mt,Demais MT,FALSE,2002,0,0,0,,0,0,,FALSE,638432,638432,0,0,3,0,0,0,0,0,FALSE,TRUE,TRUE
5103601,Dom Aquino,resto_mt,Demais MT,FALSE,2003,0,2595680,-2595680,,0,0,,FALSE,939859,939859,0,0,3,0,0,0,0,0,FALSE,TRUE,TRUE
5103601,Dom Aquino,resto_mt,Demais MT,FALSE,2004,0,12839264,-12839264,,0,0,,FALSE,645651,645651,0,0,2,0,0,0,0,0,FALSE,TRUE,TRUE
5103601,Dom Aquino,resto_mt,Demais MT,FALSE,2005,0,25778005,-25778005,,0,0,,FALSE,623091,623091,0,0,2,0,0,0,0,0,FALSE,TRUE,TRUE
5103601,Dom Aquino,resto_mt,Demais MT,FALSE,2006,0,14501687,-14501687,,0,0,,FALSE,655402,655402,0,0,2,0,0,0,0,0,FALSE,TRUE,TRUE
5103601,Dom Aquino,resto_mt,Demais MT,FALSE,2007,0,26217722,-26217722,,0,0,,FALSE,672820,672820,0,0,2,0,0,0,0,0,FALSE,TRUE,TRUE
5103601,Dom Aquino,resto_mt,Demais MT,FALSE,2008,0,9246627,-9246627,,0,0,,FALSE,592683,592683,0,0,2,0,0,0,0,0,FALSE,TRUE,TRUE
5103601,Dom Aquino,resto_mt,Demais MT,FALSE,2009,0,622670,-622670,,0,0,,FALSE,456353,456353,0,0,2,0,0,0,0,0,FALSE,TRUE,TRUE
5103601,Dom Aquino,resto_mt,Demais MT,FALSE,2010,0,0,0,,0,0,,FALSE,426431,426431,0,0,2,0,0,0,0,0,FALSE,TRUE,TRUE
5103601,Dom Aquino,resto_mt,Demais MT,FALSE,2011,0,1548835,-1548835,,0,0,,FALSE,439480,439480,0,0,2,0,0,0,0,0,FALSE,TRUE,TRUE
5103601,Dom Aquino,resto_mt,Demais MT,FALSE,2012,922729,435517,487212,1.9859,1,3,100,FALSE,441292,441292,0,0,2,0,0,0,0,0,FALSE,TRUE,TRUE
5103601,Dom Aquino,resto_mt,Demais MT,FALSE,2013,0,32051,-32051,,0,0,,FALSE,6142345,167214,5607259,367872,1,0,0,0,0,0,FALSE,TRUE,TRUE
5103601,Dom Aquino,resto_mt,Demais MT,FALSE,2014,3889410,0,3889410,1.2215,3,9,95.3,FALSE,6490568,171403,5778722,540443,1,0,0,0,0,0,FALSE,TRUE,TRUE
5103601,Dom Aquino,resto_mt,Demais MT,FALSE,2015,7889643,0,7889643,0.669,3,11,66.2,FALSE,4294086,187041,3635513,471532,1,0,0,0,0,0,FALSE,TRUE,TRUE
5103601,Dom Aquino,resto_mt,Demais MT,FALSE,2016,1014700,67255,947445,0.2537,1,1,100,FALSE,3580661,0,3082200,498461,0,0,0,0,0,0,FALSE,TRUE,TRUE
5103601,Dom Aquino,resto_mt,Demais MT,FALSE,2017,1857845,0,1857845,0.2979,2,2,81.3,FALSE,3944487,0,3360761,583726,0,0,0,0,0,0,FALSE,TRUE,TRUE
5103601,Dom Aquino,resto_mt,Demais MT,FALSE,2018,1530763,0,1530763,0.4728,2,2,56.4,FALSE,5301242,0,3979773,1321469,0,0,0,0,0,0,FALSE,TRUE,TRUE
5103601,Dom Aquino,resto_mt,Demais MT,FALSE,2019,923000,10455,912545,0.2308,1,1,100,FALSE,4493605,0,3215448,1278157,0,0,0,0,0,0,FALSE,TRUE,TRUE
5103601,Dom Aquino,resto_mt,Demais MT,FALSE,2020,215000,4279,210721,0.215,1,1,100,FALSE,3072163,0,1267917,1804246,0,0,0,0,0,0,FALSE,TRUE,TRUE
5103601,Dom Aquino,resto_mt,Demais MT,FALSE,2021,0,0,0,,0,0,,FALSE,4491104,0,2762340,1728764,0,0,0,0,0,0,FALSE,TRUE,TRUE
5103601,Dom Aquino,resto_mt,Demais MT,FALSE,2022,0,23405,-23405,,0,0,,FALSE,4795889,0,2852109,1943780,0,0,0,0,0,0,FALSE,TRUE,TRUE
5103601,Dom Aquino,resto_mt,Demais MT,FALSE,2023,953658,0,953658,0.5609,2,2,61,FALSE,5612430,0,2514436,3097994,0,0,0,0,0,0,FALSE,TRUE,TRUE
5103601,Dom Aquino,resto_mt,Demais MT,FALSE,2024,2487060,0,2487060,0.2926,1,1,100,FALSE,4760000,276000,520000,3964000,1,0,0,0,0,0,FALSE,TRUE,TRUE
5103700,Feliz Natal,resto_mt,Demais MT,FALSE,2000,0,0,0,,0,0,,FALSE,,,,,2,0,0,1,521818.83440551226,521818.83440551226,FALSE,TRUE,TRUE
5103700,Feliz Natal,resto_mt,Demais MT,FALSE,2001,0,0,0,,0,0,,FALSE,,,,,2,0,0,1,521818.83440551226,521818.83440551226,FALSE,TRUE,TRUE
5103700,Feliz Natal,resto_mt,Demais MT,FALSE,2002,0,0,0,,0,0,,FALSE,19590149,19590149,0,0,3,0,0,1,521818.83440551226,521818.83440551226,FALSE,TRUE,TRUE
5103700,Feliz Natal,resto_mt,Demais MT,FALSE,2003,76546,0,76546,0.3752,1,2,100,FALSE,27416210,27416210,0,0,3,0,0,1,521818.83440551226,521818.83440551226,FALSE,TRUE,TRUE
5103700,Feliz Natal,resto_mt,Demais MT,FALSE,2004,291035,0,291035,0.4151,1,4,100,FALSE,25055988,25055988,0,0,3,0,0,1,521818.83440551226,521818.83440551226,FALSE,TRUE,TRUE
5103700,Feliz Natal,resto_mt,Demais MT,FALSE,2005,598886,0,598886,0.2862,2,3,67.5,FALSE,23750749,23750749,0,0,3,0,0,1,521818.83440551226,521818.83440551226,FALSE,TRUE,TRUE
5103700,Feliz Natal,resto_mt,Demais MT,FALSE,2006,657373,0,657373,0.3364,3,5,44.9,FALSE,19097165,19097165,0,0,3,0,0,1,521818.83440551226,521818.83440551226,FALSE,TRUE,TRUE
5103700,Feliz Natal,resto_mt,Demais MT,FALSE,2007,2421603,0,2421603,0.7384,5,8,42.3,FALSE,20056806,20056806,0,0,3,0,0,1,521818.83440551226,521818.83440551226,FALSE,TRUE,TRUE
5103700,Feliz Natal,resto_mt,Demais MT,FALSE,2008,2205666,0,2205666,0.7411,4,11,60.4,FALSE,30782773,30782773,0,0,3,0,0,1,521818.83440551226,521818.83440551226,FALSE,TRUE,TRUE
5103700,Feliz Natal,resto_mt,Demais MT,FALSE,2009,758011,0,758011,0.8933,3,7,67.8,FALSE,41833886,41833886,0,0,3,0,0,1,521818.83440551226,521818.83440551226,FALSE,TRUE,TRUE
5103700,Feliz Natal,resto_mt,Demais MT,FALSE,2010,1243745,0,1243745,0.4008,4,7,61.4,FALSE,82661253,82661253,0,0,3,0,0,1,521818.83440551226,521818.83440551226,FALSE,TRUE,TRUE
5103700,Feliz Natal,resto_mt,Demais MT,FALSE,2011,676428,0,676428,1.5051,3,4,99.5,FALSE,67186296,67186296,0,0,3,0,0,1,521818.83440551226,521818.83440551226,FALSE,TRUE,TRUE
5103700,Feliz Natal,resto_mt,Demais MT,FALSE,2012,3543328,502000,3041328,0.3817,6,8,55.5,FALSE,105996316,105996316,0,0,3,0,0,1,521818.83440551226,521818.83440551226,FALSE,TRUE,TRUE
5103700,Feliz Natal,resto_mt,Demais MT,FALSE,2013,2677918,0,2677918,0.3402,5,5,64.3,FALSE,18042445,13011146,4747034,284265,3,0,0,1,521818.83440551226,521818.83440551226,FALSE,TRUE,TRUE
5103700,Feliz Natal,resto_mt,Demais MT,FALSE,2014,2379888,0,2379888,0.2507,3,7,53.1,FALSE,13082579,9206778,3608203,267598,3,0,0,1,521818.83440551226,521818.83440551226,FALSE,TRUE,TRUE
5103700,Feliz Natal,resto_mt,Demais MT,FALSE,2015,1697272,1405629,291643,0.2123,2,6,57.4,FALSE,77890828,77260546,413377,216905,3,0,0,1,521818.83440551226,521818.83440551226,FALSE,TRUE,TRUE
5103700,Feliz Natal,resto_mt,Demais MT,FALSE,2016,1303896,0,1303896,0.1805,2,6,83.3,FALSE,40164464,39736790,0,427674,3,0,0,1,521818.83440551226,521818.83440551226,FALSE,TRUE,TRUE
5103700,Feliz Natal,resto_mt,Demais MT,FALSE,2017,2107672,0,2107672,0.3878,1,1,100,FALSE,43965862,43581527,0,384335,3,0,0,1,521818.83440551226,521818.83440551226,FALSE,TRUE,TRUE
5103700,Feliz Natal,resto_mt,Demais MT,FALSE,2018,166814,0,166814,0.3879,1,1,100,FALSE,41161106,40816071,29335,315700,3,0,0,1,521818.83440551226,521818.83440551226,FALSE,TRUE,TRUE
5103700,Feliz Natal,resto_mt,Demais MT,FALSE,2019,841296,0,841296,0.3762,1,1,100,FALSE,38977118,38563989,24066,389063,3,0,0,1,521818.83440551226,521818.83440551226,FALSE,TRUE,TRUE
5103700,Feliz Natal,resto_mt,Demais MT,FALSE,2020,1154221,0,1154221,1.6092,3,4,74.9,FALSE,16472779,16384025,0,88754,3,0,0,1,521818.83440551226,521818.83440551226,FALSE,TRUE,TRUE
5103700,Feliz Natal,resto_mt,Demais MT,FALSE,2021,4577788,0,4577788,0.5289,2,5,65,FALSE,17762995,17516686,0,246309,3,0,0,1,521818.83440551226,521818.83440551226,FALSE,TRUE,TRUE
5103700,Feliz Natal,resto_mt,Demais MT,FALSE,2022,1143590,0,1143590,2.0388,1,5,100,FALSE,18396919,17859093,0,537826,3,0,0,1,521818.83440551226,521818.83440551226,FALSE,TRUE,TRUE
5103700,Feliz Natal,resto_mt,Demais MT,FALSE,2023,1673752,0,1673752,1.9389,2,3,99.8,FALSE,15493115,14169893,0,1323222,3,0,0,1,521818.83440551226,521818.83440551226,FALSE,TRUE,TRUE
5103700,Feliz Natal,resto_mt,Demais MT,FALSE,2024,1005007,1569145,-564138,1.787,1,5,100,FALSE,27182000,25531000,0,1651000,3,0,0,1,521818.83440551226,521818.83440551226,FALSE,TRUE,TRUE
5103809,Figueirópolis D'Oeste,resto_mt,Demais MT,FALSE,2000,0,0,0,,0,0,,FALSE,,,,,2,0,0,0,0,0,FALSE,TRUE,TRUE
5103809,Figueirópolis D'Oeste,resto_mt,Demais MT,FALSE,2001,0,0,0,,0,0,,FALSE,,,,,2,0,0,0,0,0,FALSE,TRUE,TRUE
5103809,Figueirópolis D'Oeste,resto_mt,Demais MT,FALSE,2002,0,0,0,,0,0,,FALSE,315746,315746,0,0,2,0,0,0,0,0,FALSE,TRUE,TRUE
5103809,Figueirópolis D'Oeste,resto_mt,Demais MT,FALSE,2003,0,0,0,,0,0,,FALSE,276614,276614,0,0,2,0,0,0,0,0,FALSE,TRUE,TRUE
5103809,Figueirópolis D'Oeste,resto_mt,Demais MT,FALSE,2004,0,0,0,,0,0,,FALSE,266553,266553,0,0,2,0,0,0,0,0,FALSE,TRUE,TRUE
5103809,Figueirópolis D'Oeste,resto_mt,Demais MT,FALSE,2005,0,0,0,,0,0,,FALSE,298858,298858,0,0,3,0,0,0,0,0,FALSE,TRUE,TRUE
5103809,Figueirópolis D'Oeste,resto_mt,Demais MT,FALSE,2006,0,0,0,,0,0,,FALSE,378433,378433,0,0,3,0,0,0,0,0,FALSE,TRUE,TRUE
5103809,Figueirópolis D'Oeste,resto_mt,Demais MT,FALSE,2007,0,0,0,,0,0,,FALSE,302508,302508,0,0,3,0,0,0,0,0,FALSE,TRUE,TRUE
5103809,Figueirópolis D'Oeste,resto_mt,Demais MT,FALSE,2008,0,0,0,,0,0,,FALSE,318383,318383,0,0,3,0,0,0,0,0,FALSE,TRUE,TRUE
5103809,Figueirópolis D'Oeste,resto_mt,Demais MT,FALSE,2009,0,0,0,,0,0,,FALSE,350498,350498,0,0,3,0,0,0,0,0,FALSE,TRUE,TRUE
5103809,Figueirópolis D'Oeste,resto_mt,Demais MT,FALSE,2010,0,0,0,,0,0,,FALSE,355727,355727,0,0,3,0,0,0,0,0,FALSE,TRUE,TRUE
5103809,Figueirópolis D'Oeste,resto_mt,Demais MT,FALSE,2011,0,0,0,,0,0,,FALSE,533208,533208,0,0,2,0,0,0,0,0,FALSE,TRUE,TRUE
5103809,Figueirópolis D'Oeste,resto_mt,Demais MT,FALSE,2012,0,0,0,,0,0,,FALSE,456982,456982,0,0,2,0,0,0,0,0,FALSE,TRUE,TRUE
5103809,Figueirópolis D'Oeste,resto_mt,Demais MT,FALSE,2013,0,0,0,,0,0,,FALSE,3593253,323281,0,3269972,2,0,0,0,0,0,FALSE,TRUE,TRUE
5103809,Figueirópolis D'Oeste,resto_mt,Demais MT,FALSE,2014,0,0,0,,0,0,,FALSE,1888929,341057,0,1547872,2,0,0,0,0,0,FALSE,TRUE,TRUE
5103809,Figueirópolis D'Oeste,resto_mt,Demais MT,FALSE,2015,0,0,0,,0,0,,FALSE,1864124,297065,0,1567059,2,0,0,0,0,0,FALSE,TRUE,TRUE
5103809,Figueirópolis D'Oeste,resto_mt,Demais MT,FALSE,2016,0,0,0,,0,0,,FALSE,1735766,297897,0,1437869,2,0,0,0,0,0,FALSE,TRUE,TRUE
5103809,Figueirópolis D'Oeste,resto_mt,Demais MT,FALSE,2017,0,0,0,,0,0,,FALSE,1978023,288973,0,1689050,2,0,0,0,0,0,FALSE,TRUE,TRUE
5103809,Figueirópolis D'Oeste,resto_mt,Demais MT,FALSE,2018,0,0,0,,0,0,,FALSE,1822957,312906,0,1510051,2,0,0,0,0,0,FALSE,TRUE,TRUE
5103809,Figueirópolis D'Oeste,resto_mt,Demais MT,FALSE,2019,0,14378,-14378,,0,0,,FALSE,1496086,326224,0,1169862,1,0,0,0,0,0,FALSE,TRUE,TRUE
5103809,Figueirópolis D'Oeste,resto_mt,Demais MT,FALSE,2020,0,19525,-19525,,0,0,,FALSE,1336384,226957,0,1109427,1,0,0,0,0,0,FALSE,TRUE,TRUE
5103809,Figueirópolis D'Oeste,resto_mt,Demais MT,FALSE,2021,0,54129,-54129,,0,0,,FALSE,2707093,360255,0,2346838,1,0,0,0,0,0,FALSE,TRUE,TRUE
5103809,Figueirópolis D'Oeste,resto_mt,Demais MT,FALSE,2022,0,2896,-2896,,0,0,,FALSE,1658026,325955,0,1332071,1,0,0,0,0,0,FALSE,TRUE,TRUE
5103809,Figueirópolis D'Oeste,resto_mt,Demais MT,FALSE,2023,0,3126,-3126,,0,0,,FALSE,1458372,284969,0,1173403,1,0,0,0,0,0,FALSE,TRUE,TRUE
5103809,Figueirópolis D'Oeste,resto_mt,Demais MT,FALSE,2024,0,2708,-2708,,0,0,,FALSE,1070000,324000,0,746000,1,0,0,0,0,0,FALSE,TRUE,TRUE
5103858,Gaúcha do Norte,resto_mt,Demais MT,FALSE,2000,0,0,0,,0,0,,FALSE,,,,,3,0,0,4,827752.9592386618,827752.9592386618,FALSE,TRUE,TRUE
5103858,Gaúcha do Norte,resto_mt,Demais MT,FALSE,2001,0,0,0,,0,0,,FALSE,,,,,4,0,0,4,827752.9592386618,827752.9592386618,FALSE,TRUE,TRUE
5103858,Gaúcha do Norte,resto_mt,Demais MT,FALSE,2002,0,0,0,,0,0,,FALSE,1099907,1099907,0,0,4,0,0,4,827752.9592386618,827752.9592386618,FALSE,TRUE,TRUE
5103858,Gaúcha do Norte,resto_mt,Demais MT,FALSE,2003,0,0,0,,0,0,,FALSE,2366935,2366935,0,0,4,0,0,4,827752.9592386618,827752.9592386618,FALSE,TRUE,TRUE
5103858,Gaúcha do Norte,resto_mt,Demais MT,FALSE,2004,0,0,0,,0,0,,FALSE,2437480,2437480,0,0,4,0,0,4,827752.9592386618,827752.9592386618,FALSE,TRUE,TRUE
5103858,Gaúcha do Norte,resto_mt,Demais MT,FALSE,2005,0,0,0,,0,0,,FALSE,1150321,1150321,0,0,3,0,0,4,827752.9592386618,827752.9592386618,FALSE,TRUE,TRUE
5103858,Gaúcha do Norte,resto_mt,Demais MT,FALSE,2006,0,0,0,,0,0,,FALSE,1168207,1168207,0,0,3,0,0,4,827752.9592386618,827752.9592386618,FALSE,TRUE,TRUE
5103858,Gaúcha do Norte,resto_mt,Demais MT,FALSE,2007,0,0,0,,0,0,,FALSE,777133,777133,0,0,3,0,0,4,827752.9592386618,827752.9592386618,FALSE,TRUE,TRUE
5103858,Gaúcha do Norte,resto_mt,Demais MT,FALSE,2008,0,0,0,,0,0,,FALSE,869431,869431,0,0,3,0,0,4,827752.9592386618,827752.9592386618,FALSE,TRUE,TRUE
5103858,Gaúcha do Norte,resto_mt,Demais MT,FALSE,2009,6475579,0,6475579,0.337,1,1,100,FALSE,3185059,3185059,0,0,2,0,0,4,827752.9592386618,827752.9592386618,FALSE,TRUE,TRUE
5103858,Gaúcha do Norte,resto_mt,Demais MT,FALSE,2010,3580554,0,3580554,0.3622,1,3,100,FALSE,1069391,1069391,0,0,2,0,0,4,827752.9592386618,827752.9592386618,FALSE,TRUE,TRUE
5103858,Gaúcha do Norte,resto_mt,Demais MT,FALSE,2011,1509759,0,1509759,0.3922,2,6,61.5,FALSE,981019,981019,0,0,2,0,0,4,827752.9592386618,827752.9592386618,FALSE,TRUE,TRUE
5103858,Gaúcha do Norte,resto_mt,Demais MT,FALSE,2012,4630595,0,4630595,0.5309,2,4,80.7,FALSE,437369,437369,0,0,2,0,0,4,827752.9592386618,827752.9592386618,FALSE,TRUE,TRUE
5103858,Gaúcha do Norte,resto_mt,Demais MT,FALSE,2013,5721229,0,5721229,0.2452,2,18,86.8,FALSE,1142632,425468,717164,0,2,0,0,4,827752.9592386618,827752.9592386618,FALSE,TRUE,TRUE
5103858,Gaúcha do Norte,resto_mt,Demais MT,FALSE,2014,243220,0,243220,0.2641,2,6,52.9,FALSE,1196321,390029,738081,68211,2,0,0,4,827752.9592386618,827752.9592386618,FALSE,TRUE,TRUE
5103858,Gaúcha do Norte,resto_mt,Demais MT,FALSE,2015,3796830,0,3796830,0.3703,2,3,98.8,FALSE,1653506,436953,990218,226335,2,0,0,4,827752.9592386618,827752.9592386618,FALSE,TRUE,TRUE
5103858,Gaúcha do Norte,resto_mt,Demais MT,FALSE,2016,747984,0,747984,0.3349,2,7,92,FALSE,1446717,356886,892216,197615,2,0,0,4,827752.9592386618,827752.9592386618,FALSE,TRUE,TRUE
5103858,Gaúcha do Norte,resto_mt,Demais MT,FALSE,2017,2598180,0,2598180,0.37,2,9,99.3,FALSE,1564791,327985,887148,349658,2,0,0,4,827752.9592386618,827752.9592386618,FALSE,TRUE,TRUE
5103858,Gaúcha do Norte,resto_mt,Demais MT,FALSE,2018,784113,0,784113,0.2053,2,9,60.1,FALSE,1558942,269602,975037,314303,2,0,0,4,827752.9592386618,827752.9592386618,FALSE,TRUE,TRUE
5103858,Gaúcha do Norte,resto_mt,Demais MT,FALSE,2019,1342220,0,1342220,0.1622,2,10,99.4,FALSE,1879800,191189,1020119,668492,2,0,0,4,827752.9592386618,827752.9592386618,FALSE,TRUE,TRUE
5103858,Gaúcha do Norte,resto_mt,Demais MT,FALSE,2020,3373885,0,3373885,0.1934,2,9,73.7,FALSE,1714224,114113,962349,637762,1,0,0,4,827752.9592386618,827752.9592386618,FALSE,TRUE,TRUE
5103858,Gaúcha do Norte,resto_mt,Demais MT,FALSE,2021,1779982,0,1779982,0.2151,2,5,99,FALSE,1749482,101286,849419,798777,2,0,0,4,827752.9592386618,827752.9592386618,FALSE,TRUE,TRUE
5103858,Gaúcha do Norte,resto_mt,Demais MT,FALSE,2022,10796972,0,10796972,0.2558,1,10,100,FALSE,1576538,102133,777947,696458,2,0,0,4,827752.9592386618,827752.9592386618,FALSE,TRUE,TRUE
5103858,Gaúcha do Norte,resto_mt,Demais MT,FALSE,2023,16530092,0,16530092,0.3093,2,13,60,FALSE,3354676,1743342,640133,971201,3,0,0,4,827752.9592386618,827752.9592386618,FALSE,TRUE,TRUE
5103858,Gaúcha do Norte,resto_mt,Demais MT,FALSE,2024,8438499,0,8438499,0.3053,2,10,65.6,FALSE,3076000,1504000,645000,927000,3,0,0,4,827752.9592386618,827752.9592386618,FALSE,TRUE,TRUE
5103908,General Carneiro,resto_mt,Demais MT,FALSE,2000,0,0,0,,0,0,,FALSE,,,,,2,0,0,3,95797.85751174258,95797.85751174258,FALSE,TRUE,TRUE
5103908,General Carneiro,resto_mt,Demais MT,FALSE,2001,0,0,0,,0,0,,FALSE,,,,,2,0,0,3,95797.85751174258,95797.85751174258,FALSE,TRUE,TRUE
5103908,General Carneiro,resto_mt,Demais MT,FALSE,2002,0,0,0,,0,0,,FALSE,183896,183896,0,0,2,0,0,3,95797.85751174258,95797.85751174258,FALSE,TRUE,TRUE
5103908,General Carneiro,resto_mt,Demais MT,FALSE,2003,0,0,0,,0,0,,FALSE,370914,370914,0,0,3,0,0,3,95797.85751174258,95797.85751174258,FALSE,TRUE,TRUE
5103908,General Carneiro,resto_mt,Demais MT,FALSE,2004,0,0,0,,0,0,,FALSE,186587,186587,0,0,2,0,0,3,95797.85751174258,95797.85751174258,FALSE,TRUE,TRUE
5103908,General Carneiro,resto_mt,Demais MT,FALSE,2005,0,0,0,,0,0,,FALSE,795075,795075,0,0,3,0,0,3,95797.85751174258,95797.85751174258,FALSE,TRUE,TRUE
5103908,General Carneiro,resto_mt,Demais MT,FALSE,2006,0,0,0,,0,0,,FALSE,400371,400371,0,0,2,0,0,3,95797.85751174258,95797.85751174258,FALSE,TRUE,TRUE
5103908,General Carneiro,resto_mt,Demais MT,FALSE,2007,0,0,0,,0,0,,FALSE,346841,346841,0,0,3,0,0,3,95797.85751174258,95797.85751174258,FALSE,TRUE,TRUE
5103908,General Carneiro,resto_mt,Demais MT,FALSE,2008,0,0,0,,0,0,,FALSE,154293,154293,0,0,2,0,0,3,95797.85751174258,95797.85751174258,FALSE,TRUE,TRUE
5103908,General Carneiro,resto_mt,Demais MT,FALSE,2009,1613100,0,1613100,0.3226,1,1,100,FALSE,209358,209358,0,0,2,0,0,3,95797.85751174258,95797.85751174258,FALSE,TRUE,TRUE
5103908,General Carneiro,resto_mt,Demais MT,FALSE,2010,4665594,0,4665594,0.3566,2,2,100,FALSE,766691,766691,0,0,3,0,0,3,95797.85751174258,95797.85751174258,FALSE,TRUE,TRUE
5103908,General Carneiro,resto_mt,Demais MT,FALSE,2011,1749062,0,1749062,0.2899,2,4,96.8,FALSE,258273,258273,0,0,2,0,0,3,95797.85751174258,95797.85751174258,FALSE,TRUE,TRUE
5103908,General Carneiro,resto_mt,Demais MT,FALSE,2012,1228506,0,1228506,0.5169,2,3,99.8,FALSE,376569,376569,0,0,2,0,0,3,95797.85751174258,95797.85751174258,FALSE,TRUE,TRUE
5103908,General Carneiro,resto_mt,Demais MT,FALSE,2013,1664153,0,1664153,0.374,2,2,64.1,FALSE,1978705,306560,0,1672145,2,0,0,3,95797.85751174258,95797.85751174258,FALSE,TRUE,TRUE
5103908,General Carneiro,resto_mt,Demais MT,FALSE,2014,3149457,0,3149457,0.4918,1,2,100,FALSE,1913415,241363,0,1672052,2,0,0,3,95797.85751174258,95797.85751174258,FALSE,TRUE,TRUE
5103908,General Carneiro,resto_mt,Demais MT,FALSE,2015,2929485,0,2929485,0.2456,2,3,54.7,FALSE,1592207,205902,0,1386305,2,0,0,3,95797.85751174258,95797.85751174258,FALSE,TRUE,TRUE
5103908,General Carneiro,resto_mt,Demais MT,FALSE,2016,57780,0,57780,0.1552,1,1,100,FALSE,1775584,231534,0,1544050,2,0,0,3,95797.85751174258,95797.85751174258,FALSE,TRUE,TRUE
5103908,General Carneiro,resto_mt,Demais MT,FALSE,2017,1341816,0,1341816,0.2903,2,4,80.2,FALSE,1355286,197947,0,1157339,2,0,0,3,95797.85751174258,95797.85751174258,FALSE,TRUE,TRUE
5103908,General Carneiro,resto_mt,Demais MT,FALSE,2018,0,0,0,,0,0,,FALSE,1433221,202551,0,1230670,2,0,0,3,95797.85751174258,95797.85751174258,FALSE,TRUE,TRUE
5103908,General Carneiro,resto_mt,Demais MT,FALSE,2019,0,0,0,,0,0,,FALSE,1514804,204559,0,1310245,2,0,0,3,95797.85751174258,95797.85751174258,FALSE,TRUE,TRUE
5103908,General Carneiro,resto_mt,Demais MT,FALSE,2020,0,0,0,,0,0,,FALSE,1446693,192723,0,1253970,2,0,0,3,95797.85751174258,95797.85751174258,FALSE,TRUE,TRUE
5103908,General Carneiro,resto_mt,Demais MT,FALSE,2021,0,0,0,,0,0,,FALSE,1291394,197968,0,1093426,2,0,0,3,95797.85751174258,95797.85751174258,FALSE,TRUE,TRUE
5103908,General Carneiro,resto_mt,Demais MT,FALSE,2022,0,76748,-76748,,0,0,,FALSE,796418,154286,0,642132,1,0,0,3,95797.85751174258,95797.85751174258,FALSE,TRUE,TRUE
5103908,General Carneiro,resto_mt,Demais MT,FALSE,2023,25531,0,25531,0.5311,1,1,100,FALSE,228395,176011,0,52384,1,0,0,3,95797.85751174258,95797.85751174258,FALSE,TRUE,TRUE
5103908,General Carneiro,resto_mt,Demais MT,FALSE,2024,0,3500,-3500,,0,0,,FALSE,479000,230000,0,249000,2,0,0,3,95797.85751174258,95797.85751174258,FALSE,TRUE,TRUE
5103957,Glória D'Oeste,pantanal_norte,Pantanal-13,TRUE,2000,0,0,0,,0,0,,FALSE,,,,,3,0,0,0,0,0,TRUE,TRUE,TRUE
5103957,Glória D'Oeste,pantanal_norte,Pantanal-13,TRUE,2001,0,0,0,,0,0,,FALSE,,,,,3,0,0,0,0,0,TRUE,TRUE,TRUE
5103957,Glória D'Oeste,pantanal_norte,Pantanal-13,TRUE,2002,0,0,0,,0,0,,FALSE,301867,301867,0,0,3,0,0,0,0,0,TRUE,TRUE,TRUE
5103957,Glória D'Oeste,pantanal_norte,Pantanal-13,TRUE,2003,0,0,0,,0,0,,FALSE,260897,260897,0,0,3,0,0,0,0,0,TRUE,TRUE,TRUE
5103957,Glória D'Oeste,pantanal_norte,Pantanal-13,TRUE,2004,0,0,0,,0,0,,FALSE,296170,296170,0,0,3,0,0,0,0,0,TRUE,TRUE,TRUE
5103957,Glória D'Oeste,pantanal_norte,Pantanal-13,TRUE,2005,0,0,0,,0,0,,FALSE,180443,180443,0,0,2,0,0,0,0,0,TRUE,TRUE,TRUE
5103957,Glória D'Oeste,pantanal_norte,Pantanal-13,TRUE,2006,0,0,0,,0,0,,FALSE,142598,142598,0,0,2,0,0,0,0,0,TRUE,TRUE,TRUE
5103957,Glória D'Oeste,pantanal_norte,Pantanal-13,TRUE,2007,0,0,0,,0,0,,FALSE,182548,182548,0,0,2,0,0,0,0,0,TRUE,TRUE,TRUE
5103957,Glória D'Oeste,pantanal_norte,Pantanal-13,TRUE,2008,0,0,0,,0,0,,FALSE,240012,240012,0,0,2,0,0,0,0,0,TRUE,TRUE,TRUE
5103957,Glória D'Oeste,pantanal_norte,Pantanal-13,TRUE,2009,0,0,0,,0,0,,FALSE,324622,324622,0,0,2,0,0,0,0,0,TRUE,TRUE,TRUE
5103957,Glória D'Oeste,pantanal_norte,Pantanal-13,TRUE,2010,0,0,0,,0,0,,FALSE,249672,249672,0,0,2,0,0,0,0,0,TRUE,TRUE,TRUE
5103957,Glória D'Oeste,pantanal_norte,Pantanal-13,TRUE,2011,0,0,0,,0,0,,FALSE,237444,237444,0,0,1,0,0,0,0,0,TRUE,TRUE,TRUE
5103957,Glória D'Oeste,pantanal_norte,Pantanal-13,TRUE,2012,0,0,0,,0,0,,FALSE,227510,227510,0,0,1,0,0,0,0,0,TRUE,TRUE,TRUE
5103957,Glória D'Oeste,pantanal_norte,Pantanal-13,TRUE,2013,0,0,0,,0,0,,FALSE,5837644,130056,5306273,401315,1,0,0,0,0,0,TRUE,TRUE,TRUE
5103957,Glória D'Oeste,pantanal_norte,Pantanal-13,TRUE,2014,0,0,0,,0,0,,FALSE,1965886,127678,561432,1276776,1,0,0,0,0,0,TRUE,TRUE,TRUE
5103957,Glória D'Oeste,pantanal_norte,Pantanal-13,TRUE,2015,306098,0,306098,0.2259,1,2,100,FALSE,1480611,114739,293922,1071950,1,0,0,0,0,0,TRUE,TRUE,TRUE
5103957,Glória D'Oeste,pantanal_norte,Pantanal-13,TRUE,2016,0,0,0,,0,0,,FALSE,1580918,101757,660682,818479,1,0,0,0,0,0,TRUE,TRUE,TRUE
5103957,Glória D'Oeste,pantanal_norte,Pantanal-13,TRUE,2017,0,0,0,,0,0,,FALSE,2693233,99696,773004,1820533,1,0,0,0,0,0,TRUE,TRUE,TRUE
5103957,Glória D'Oeste,pantanal_norte,Pantanal-13,TRUE,2018,0,0,0,,0,0,,FALSE,9028175,107561,7789124,1131490,1,0,0,0,0,0,TRUE,TRUE,TRUE
5103957,Glória D'Oeste,pantanal_norte,Pantanal-13,TRUE,2019,0,0,0,,0,0,,FALSE,2550967,193863,1274146,1082958,1,0,0,0,0,0,TRUE,TRUE,TRUE
5103957,Glória D'Oeste,pantanal_norte,Pantanal-13,TRUE,2020,0,0,0,,0,0,,FALSE,1914555,200331,723981,990243,1,0,0,0,0,0,TRUE,TRUE,TRUE
5103957,Glória D'Oeste,pantanal_norte,Pantanal-13,TRUE,2021,0,0,0,,0,0,,FALSE,4827189,180703,3847709,798777,1,0,0,0,0,0,TRUE,TRUE,TRUE
5103957,Glória D'Oeste,pantanal_norte,Pantanal-13,TRUE,2022,0,0,0,,0,0,,FALSE,6352869,161891,5582528,608450,1,0,0,0,0,0,TRUE,TRUE,TRUE
5103957,Glória D'Oeste,pantanal_norte,Pantanal-13,TRUE,2023,0,0,0,,0,0,,FALSE,4581512,156105,4083863,341544,1,0,0,0,0,0,TRUE,TRUE,TRUE
5103957,Glória D'Oeste,pantanal_norte,Pantanal-13,TRUE,2024,0,0,0,,0,0,,FALSE,5402000,148000,2933000,2321000,1,0,0,0,0,0,TRUE,TRUE,TRUE
5104104,Guarantã do Norte,resto_mt,Demais MT,FALSE,2000,1001039,0,1001039,0.4353,1,3,100,FALSE,,,,,4,0,0,1,58600.361027596045,58600.361027596045,FALSE,TRUE,TRUE
5104104,Guarantã do Norte,resto_mt,Demais MT,FALSE,2001,0,0,0,,0,0,,FALSE,,,,,4,0,0,1,58600.361027596045,58600.361027596045,FALSE,TRUE,TRUE
5104104,Guarantã do Norte,resto_mt,Demais MT,FALSE,2002,104164,0,104164,0.4363,2,3,97.2,FALSE,6387790,6387790,0,0,4,0,0,1,58600.361027596045,58600.361027596045,FALSE,TRUE,TRUE
5104104,Guarantã do Norte,resto_mt,Demais MT,FALSE,2003,46337,46935,-598,0.4993,1,2,100,FALSE,7685466,7685466,0,0,4,0,0,1,58600.361027596045,58600.361027596045,FALSE,TRUE,TRUE
5104104,Guarantã do Norte,resto_mt,Demais MT,FALSE,2004,826834,0,826834,0.6183,1,5,100,FALSE,5961904,5961904,0,0,4,0,0,1,58600.361027596045,58600.361027596045,FALSE,TRUE,TRUE
5104104,Guarantã do Norte,resto_mt,Demais MT,FALSE,2005,654088,0,654088,0.5952,2,1,89.9,FALSE,5238472,5238472,0,0,4,0,0,1,58600.361027596045,58600.361027596045,FALSE,TRUE,TRUE
5104104,Guarantã do Norte,resto_mt,Demais MT,FALSE,2006,358900,0,358900,0.4471,2,3,95,FALSE,3806270,3806270,0,0,4,0,0,1,58600.361027596045,58600.361027596045,FALSE,TRUE,TRUE
5104104,Guarantã do Norte,resto_mt,Demais MT,FALSE,2007,1167112,0,1167112,0.8132,2,8,64.4,FALSE,2879042,2879042,0,0,4,0,0,1,58600.361027596045,58600.361027596045,FALSE,TRUE,TRUE
5104104,Guarantã do Norte,resto_mt,Demais MT,FALSE,2008,1268808,0,1268808,0.9418,3,10,74.6,FALSE,3729984,3729984,0,0,3,0,0,1,58600.361027596045,58600.361027596045,FALSE,TRUE,TRUE
5104104,Guarantã do Norte,resto_mt,Demais MT,FALSE,2009,181272,0,181272,0.9135,1,4,100,FALSE,5219826,5219826,0,0,3,0,0,1,58600.361027596045,58600.361027596045,FALSE,TRUE,TRUE
5104104,Guarantã do Norte,resto_mt,Demais MT,FALSE,2010,18238,0,18238,0.8427,1,1,100,FALSE,5338116,5338116,0,0,4,0,0,1,58600.361027596045,58600.361027596045,FALSE,TRUE,TRUE
5104104,Guarantã do Norte,resto_mt,Demais MT,FALSE,2011,0,0,0,,0,0,,FALSE,7644037,7644037,0,0,4,0,0,1,58600.361027596045,58600.361027596045,FALSE,TRUE,TRUE
5104104,Guarantã do Norte,resto_mt,Demais MT,FALSE,2012,52889,0,52889,40.6214,1,1,100,FALSE,2671286,2671286,0,0,4,0,0,1,58600.361027596045,58600.361027596045,FALSE,TRUE,TRUE
5104104,Guarantã do Norte,resto_mt,Demais MT,FALSE,2013,676162,0,676162,6.0605,1,2,100,FALSE,6970987,1367443,4347577,1255967,4,0,0,1,58600.361027596045,58600.361027596045,FALSE,TRUE,TRUE
5104104,Guarantã do Norte,resto_mt,Demais MT,FALSE,2014,13880389,241983,13638406,5.7928,2,10,83.5,FALSE,9110582,1402704,0,7707878,4,0,0,1,58600.361027596045,58600.361027596045,FALSE,TRUE,TRUE
5104104,Guarantã do Norte,resto_mt,Demais MT,FALSE,2015,5179738,306936,4872802,2.6623,4,9,77.9,FALSE,8512728,1148967,0,7363761,4,0,0,1,58600.361027596045,58600.361027596045,FALSE,TRUE,TRUE
5104104,Guarantã do Norte,resto_mt,Demais MT,FALSE,2016,3416198,0,3416198,2.215,2,9,85.9,FALSE,1263849,1080982,0,182867,4,0,0,1,58600.361027596045,58600.361027596045,FALSE,TRUE,TRUE
5104104,Guarantã do Norte,resto_mt,Demais MT,FALSE,2017,2498466,1668477,829989,2.218,4,10,62.3,FALSE,2291559,2061825,0,229734,6,0,0,1,58600.361027596045,58600.361027596045,FALSE,TRUE,TRUE
5104104,Guarantã do Norte,resto_mt,Demais MT,FALSE,2018,6815876,60242501,-53426625,2.8781,3,11,52.6,FALSE,2119100,1106346,318494,694260,4,0,0,1,58600.361027596045,58600.361027596045,FALSE,TRUE,TRUE
5104104,Guarantã do Norte,resto_mt,Demais MT,FALSE,2019,8973564,71425583,-62452019,2.9978,3,15,58.6,FALSE,1996118,959955,347616,688547,4,0,0,1,58600.361027596045,58600.361027596045,FALSE,TRUE,TRUE
5104104,Guarantã do Norte,resto_mt,Demais MT,FALSE,2020,4988062,71984431,-66996369,4.2874,3,3,99.1,FALSE,1879054,953474,281478,644102,4,0,0,1,58600.361027596045,58600.361027596045,FALSE,TRUE,TRUE
5104104,Guarantã do Norte,resto_mt,Demais MT,FALSE,2021,2527692,104747272,-102219580,2.4685,2,2,95,FALSE,1689631,1161334,0,528297,4,0,0,1,58600.361027596045,58600.361027596045,FALSE,TRUE,TRUE
5104104,Guarantã do Norte,resto_mt,Demais MT,FALSE,2022,54765345,132410346,-77645001,5.3235,5,4,93.7,FALSE,1774283,819234,0,955049,4,0,0,1,58600.361027596045,58600.361027596045,FALSE,TRUE,TRUE
5104104,Guarantã do Norte,resto_mt,Demais MT,FALSE,2023,50508564,41838772,8669792,3.6231,8,7,93.9,FALSE,1503423,636990,0,866433,4,0,0,1,58600.361027596045,58600.361027596045,FALSE,TRUE,TRUE
5104104,Guarantã do Norte,resto_mt,Demais MT,FALSE,2024,104747681,34791760,69955921,4.1904,3,2,98.7,FALSE,2373000,1430000,0,943000,4,0,0,1,58600.361027596045,58600.361027596045,FALSE,TRUE,TRUE
5104203,Guiratinga,resto_mt,Demais MT,FALSE,2000,0,0,0,,0,0,,FALSE,,,,,3,0,0,0,0,0,FALSE,TRUE,TRUE
5104203,Guiratinga,resto_mt,Demais MT,FALSE,2001,0,0,0,,0,0,,FALSE,,,,,3,0,0,0,0,0,FALSE,TRUE,TRUE
5104203,Guiratinga,resto_mt,Demais MT,FALSE,2002,0,0,0,,0,0,,FALSE,2525970,2525970,0,0,3,0,0,0,0,0,FALSE,TRUE,TRUE
5104203,Guiratinga,resto_mt,Demais MT,FALSE,2003,0,0,0,,0,0,,FALSE,2382652,2382652,0,0,3,0,0,0,0,0,FALSE,TRUE,TRUE
5104203,Guiratinga,resto_mt,Demais MT,FALSE,2004,0,0,0,,0,0,,FALSE,1507506,1507506,0,0,3,0,0,0,0,0,FALSE,TRUE,TRUE
5104203,Guiratinga,resto_mt,Demais MT,FALSE,2005,0,0,0,,0,0,,FALSE,3727266,3727266,0,0,3,0,0,0,0,0,FALSE,TRUE,TRUE
5104203,Guiratinga,resto_mt,Demais MT,FALSE,2006,0,0,0,,0,0,,FALSE,3669157,3669157,0,0,3,0,0,0,0,0,FALSE,TRUE,TRUE
5104203,Guiratinga,resto_mt,Demais MT,FALSE,2007,0,0,0,,0,0,,FALSE,3238923,3238923,0,0,2,0,0,0,0,0,FALSE,TRUE,TRUE
5104203,Guiratinga,resto_mt,Demais MT,FALSE,2008,0,0,0,,0,0,,FALSE,3345474,3345474,0,0,2,0,0,0,0,0,FALSE,TRUE,TRUE
5104203,Guiratinga,resto_mt,Demais MT,FALSE,2009,0,0,0,,0,0,,FALSE,4478842,4478842,0,0,2,0,0,0,0,0,FALSE,TRUE,TRUE
5104203,Guiratinga,resto_mt,Demais MT,FALSE,2010,0,0,0,,0,0,,FALSE,2982805,2982805,0,0,2,0,0,0,0,0,FALSE,TRUE,TRUE
5104203,Guiratinga,resto_mt,Demais MT,FALSE,2011,0,0,0,,0,0,,FALSE,4671819,4671819,0,0,2,0,0,0,0,0,FALSE,TRUE,TRUE
5104203,Guiratinga,resto_mt,Demais MT,FALSE,2012,0,0,0,,0,0,,FALSE,1010068,1010068,0,0,2,0,0,0,0,0,FALSE,TRUE,TRUE
5104203,Guiratinga,resto_mt,Demais MT,FALSE,2013,0,32021,-32021,,0,0,,FALSE,2757181,2725596,0,31585,2,0,0,0,0,0,FALSE,TRUE,TRUE
5104203,Guiratinga,resto_mt,Demais MT,FALSE,2014,0,0,0,,0,0,,FALSE,2952325,2873620,0,78705,2,0,0,0,0,0,FALSE,TRUE,TRUE
5104203,Guiratinga,resto_mt,Demais MT,FALSE,2015,0,0,0,,0,0,,FALSE,69158,0,0,69158,0,0,0,0,0,0,FALSE,TRUE,TRUE
5104203,Guiratinga,resto_mt,Demais MT,FALSE,2016,0,0,0,,0,0,,FALSE,69313,0,0,69313,0,0,0,0,0,0,FALSE,TRUE,TRUE
5104203,Guiratinga,resto_mt,Demais MT,FALSE,2017,0,0,0,,0,0,,FALSE,111255,0,0,111255,0,0,0,0,0,0,FALSE,TRUE,TRUE
5104203,Guiratinga,resto_mt,Demais MT,FALSE,2018,0,0,0,,0,0,,FALSE,76830,0,0,76830,0,0,0,0,0,0,FALSE,TRUE,TRUE
5104203,Guiratinga,resto_mt,Demais MT,FALSE,2019,0,0,0,,0,0,,FALSE,69523,0,0,69523,0,0,0,0,0,0,FALSE,TRUE,TRUE
5104203,Guiratinga,resto_mt,Demais MT,FALSE,2020,0,0,0,,0,0,,FALSE,82415,0,0,82415,0,0,0,0,0,0,FALSE,TRUE,TRUE
5104203,Guiratinga,resto_mt,Demais MT,FALSE,2021,0,0,0,,0,0,,FALSE,1093426,403992,0,689434,1,0,0,0,0,0,FALSE,TRUE,TRUE
5104203,Guiratinga,resto_mt,Demais MT,FALSE,2022,0,0,0,,0,0,,FALSE,1743861,371589,0,1372272,1,0,0,0,0,0,FALSE,TRUE,TRUE
5104203,Guiratinga,resto_mt,Demais MT,FALSE,2023,0,0,0,,0,0,,FALSE,4320639,314304,3359915,646420,1,0,0,0,0,0,FALSE,TRUE,TRUE
5104203,Guiratinga,resto_mt,Demais MT,FALSE,2024,0,26131,-26131,,0,0,,FALSE,8540000,276000,6370000,1894000,1,0,0,0,0,0,FALSE,TRUE,TRUE
5104500,Indiavaí,resto_mt,Demais MT,FALSE,2000,0,0,0,,0,0,,FALSE,,,,,2,0,0,0,0,0,FALSE,TRUE,TRUE
5104500,Indiavaí,resto_mt,Demais MT,FALSE,2001,0,0,0,,0,0,,FALSE,,,,,2,0,0,0,0,0,FALSE,TRUE,TRUE
5104500,Indiavaí,resto_mt,Demais MT,FALSE,2002,0,0,0,,0,0,,FALSE,232473,232473,0,0,3,0,0,0,0,0,FALSE,TRUE,TRUE
5104500,Indiavaí,resto_mt,Demais MT,FALSE,2003,0,0,0,,0,0,,FALSE,232607,232607,0,0,3,0,0,0,0,0,FALSE,TRUE,TRUE
5104500,Indiavaí,resto_mt,Demais MT,FALSE,2004,0,0,0,,0,0,,FALSE,299132,299132,0,0,3,0,0,0,0,0,FALSE,TRUE,TRUE
5104500,Indiavaí,resto_mt,Demais MT,FALSE,2005,0,0,0,,0,0,,FALSE,248108,248108,0,0,3,0,0,0,0,0,FALSE,TRUE,TRUE
5104500,Indiavaí,resto_mt,Demais MT,FALSE,2006,0,0,0,,0,0,,FALSE,205670,205670,0,0,3,0,0,0,0,0,FALSE,TRUE,TRUE
5104500,Indiavaí,resto_mt,Demais MT,FALSE,2007,0,0,0,,0,0,,FALSE,271214,271214,0,0,3,0,0,0,0,0,FALSE,TRUE,TRUE
5104500,Indiavaí,resto_mt,Demais MT,FALSE,2008,0,0,0,,0,0,,FALSE,286545,286545,0,0,3,0,0,0,0,0,FALSE,TRUE,TRUE
5104500,Indiavaí,resto_mt,Demais MT,FALSE,2009,0,0,0,,0,0,,FALSE,303451,303451,0,0,3,0,0,0,0,0,FALSE,TRUE,TRUE
5104500,Indiavaí,resto_mt,Demais MT,FALSE,2010,0,0,0,,0,0,,FALSE,340261,340261,0,0,3,0,0,0,0,0,FALSE,TRUE,TRUE
5104500,Indiavaí,resto_mt,Demais MT,FALSE,2011,0,0,0,,0,0,,FALSE,533208,533208,0,0,2,0,0,0,0,0,FALSE,TRUE,TRUE
5104500,Indiavaí,resto_mt,Demais MT,FALSE,2012,0,0,0,,0,0,,FALSE,527589,527589,0,0,2,0,0,0,0,0,FALSE,TRUE,TRUE
5104500,Indiavaí,resto_mt,Demais MT,FALSE,2013,0,0,0,,0,0,,FALSE,1510504,520223,0,990281,2,0,0,0,0,0,FALSE,TRUE,TRUE
5104500,Indiavaí,resto_mt,Demais MT,FALSE,2014,0,0,0,,0,0,,FALSE,1801477,514208,1194572,92697,1,0,0,0,0,0,FALSE,TRUE,TRUE
5104500,Indiavaí,resto_mt,Demais MT,FALSE,2015,0,0,0,,0,0,,FALSE,1199263,463673,556408,179182,1,0,0,0,0,0,FALSE,TRUE,TRUE
5104500,Indiavaí,resto_mt,Demais MT,FALSE,2016,0,0,0,,0,0,,FALSE,811105,389331,143049,278725,2,0,0,0,0,0,FALSE,TRUE,TRUE
5104500,Indiavaí,resto_mt,Demais MT,FALSE,2017,0,0,0,,0,0,,FALSE,619849,384335,121369,114145,2,0,0,0,0,0,FALSE,TRUE,TRUE
5104500,Indiavaí,resto_mt,Demais MT,FALSE,2018,0,0,0,,0,0,,FALSE,917765,419071,424658,74036,1,0,0,0,0,0,FALSE,TRUE,TRUE
5104500,Indiavaí,resto_mt,Demais MT,FALSE,2019,0,0,0,,0,0,,FALSE,1263450,156427,1036163,70860,1,0,0,0,0,0,FALSE,TRUE,TRUE
5104500,Indiavaí,resto_mt,Demais MT,FALSE,2020,0,0,0,,0,0,,FALSE,575634,162293,88754,324587,1,0,0,0,0,0,FALSE,TRUE,TRUE
5104500,Indiavaí,resto_mt,Demais MT,FALSE,2021,0,0,0,,0,0,,FALSE,1512382,149627,1118748,244007,1,0,0,0,0,0,FALSE,TRUE,TRUE
5104500,Indiavaí,resto_mt,Demais MT,FALSE,2022,0,0,0,,0,0,,FALSE,3381243,137988,2835811,407444,1,0,0,0,0,0,FALSE,TRUE,TRUE
5104500,Indiavaí,resto_mt,Demais MT,FALSE,2023,0,0,0,,0,0,,FALSE,1173404,133056,176011,864337,1,0,0,0,0,0,FALSE,TRUE,TRUE
5104500,Indiavaí,resto_mt,Demais MT,FALSE,2024,1284,0,1284,142.6667,4,1,68.5,FALSE,3351000,125000,2645000,581000,1,0,0,0,0,0,FALSE,TRUE,TRUE
5104526,Ipiranga do Norte,resto_mt,Demais MT,FALSE,2000,0,0,0,,0,0,,FALSE,,,,,,0,0,0,0,0,FALSE,TRUE,TRUE
5104526,Ipiranga do Norte,resto_mt,Demais MT,FALSE,2001,0,0,0,,0,0,,FALSE,,,,,,0,0,0,0,0,FALSE,TRUE,TRUE
5104526,Ipiranga do Norte,resto_mt,Demais MT,FALSE,2002,0,0,0,,0,0,,FALSE,,,,,,0,0,0,0,0,FALSE,TRUE,TRUE
5104526,Ipiranga do Norte,resto_mt,Demais MT,FALSE,2003,0,0,0,,0,0,,FALSE,,,,,,0,0,0,0,0,FALSE,TRUE,TRUE
5104526,Ipiranga do Norte,resto_mt,Demais MT,FALSE,2004,4098304,0,4098304,0.2365,2,7,96.1,FALSE,,,,,,0,0,0,0,0,FALSE,TRUE,TRUE
5104526,Ipiranga do Norte,resto_mt,Demais MT,FALSE,2005,7921510,0,7921510,0.2336,1,11,100,FALSE,986795,986795,0,0,3,0,0,0,0,0,FALSE,TRUE,TRUE
5104526,Ipiranga do Norte,resto_mt,Demais MT,FALSE,2006,1276705,0,1276705,0.2225,1,3,100,FALSE,342784,342784,0,0,3,0,0,0,0,0,FALSE,TRUE,TRUE
5104526,Ipiranga do Norte,resto_mt,Demais MT,FALSE,2007,23481630,0,23481630,0.2125,2,15,53.8,FALSE,9320378,9320378,0,0,3,0,0,0,0,0,FALSE,TRUE,TRUE
5104526,Ipiranga do Norte,resto_mt,Demais MT,FALSE,2008,46113487,0,46113487,0.3748,2,14,75,FALSE,288994,288994,0,0,2,0,0,0,0,0,FALSE,TRUE,TRUE
5104526,Ipiranga do Norte,resto_mt,Demais MT,FALSE,2009,22110196,0,22110196,0.2982,2,12,82.7,FALSE,8877704,8877704,0,0,2,0,0,0,0,0,FALSE,TRUE,TRUE
5104526,Ipiranga do Norte,resto_mt,Demais MT,FALSE,2010,21713077,0,21713077,0.3616,2,14,91.7,FALSE,3632393,3632393,0,0,2,0,0,0,0,0,FALSE,TRUE,TRUE
5104526,Ipiranga do Norte,resto_mt,Demais MT,FALSE,2011,78226429,0,78226429,0.4235,2,16,77.2,FALSE,8102263,8102263,0,0,2,0,0,0,0,0,FALSE,TRUE,TRUE
5104526,Ipiranga do Norte,resto_mt,Demais MT,FALSE,2012,73888167,0,73888167,0.373,3,24,50.8,FALSE,2067207,2067207,0,0,2,0,0,0,0,0,FALSE,TRUE,TRUE
5104526,Ipiranga do Norte,resto_mt,Demais MT,FALSE,2013,121769564,0,121769564,0.3258,3,32,53.7,FALSE,1521652,1270830,213663,37159,2,0,0,0,0,0,FALSE,TRUE,TRUE
5104526,Ipiranga do Norte,resto_mt,Demais MT,FALSE,2014,139224723,0,139224723,0.352,3,30,72.3,FALSE,1283771,907735,327064,48972,3,0,0,0,0,0,FALSE,TRUE,TRUE
5104526,Ipiranga do Norte,resto_mt,Demais MT,FALSE,2015,139618306,0,139618306,0.2567,3,29,59.7,FALSE,4135337,3451615,0,683722,3,0,0,0,0,0,FALSE,TRUE,TRUE
5104526,Ipiranga do Norte,resto_mt,Demais MT,FALSE,2016,139515040,0,139515040,0.2543,3,25,60.7,FALSE,5170428,2215055,0,2955373,3,0,0,0,0,0,FALSE,TRUE,TRUE
5104526,Ipiranga do Norte,resto_mt,Demais MT,FALSE,2017,164752705,0,164752705,0.234,2,32,56.6,FALSE,25091562,22557265,0,2534297,3,0,0,0,0,0,FALSE,TRUE,TRUE
5104526,Ipiranga do Norte,resto_mt,Demais MT,FALSE,2018,141664696,0,141664696,0.2684,2,30,64.3,FALSE,7797505,5471664,250045,2075796,3,0,0,0,0,0,FALSE,TRUE,TRUE
5104526,Ipiranga do Norte,resto_mt,Demais MT,FALSE,2019,220865050,0,220865050,0.2345,2,36,55.9,FALSE,2564337,1429237,0,1135100,2,0,0,0,0,0,FALSE,TRUE,TRUE
5104526,Ipiranga do Norte,resto_mt,Demais MT,FALSE,2020,247238603,0,247238603,0.2514,3,38,62.4,FALSE,3263619,612404,0,2651215,2,0,0,0,0,0,FALSE,TRUE,TRUE
5104526,Ipiranga do Norte,resto_mt,Demais MT,FALSE,2021,317752743,0,317752743,0.3354,3,35,73.2,FALSE,6527178,909270,0,5617908,2,0,0,0,0,0,FALSE,TRUE,TRUE
5104526,Ipiranga do Norte,resto_mt,Demais MT,FALSE,2022,589998577,526829,589471748,0.3678,3,42,49.1,FALSE,8898580,2135007,0,6763573,2,0,0,0,0,0,FALSE,TRUE,TRUE
5104526,Ipiranga do Norte,resto_mt,Demais MT,FALSE,2023,699682552,0,699682552,0.3619,5,49,59.7,FALSE,8545939,4723996,82767,3739176,2,0,0,0,0,0,FALSE,TRUE,TRUE
5104526,Ipiranga do Norte,resto_mt,Demais MT,FALSE,2024,477729342,0,477729342,0.3259,3,47,65.9,FALSE,9081000,3493000,0,5588000,2,0,0,0,0,0,FALSE,TRUE,TRUE
5104542,Itanhangá,resto_mt,Demais MT,FALSE,2000,0,0,0,,0,0,,FALSE,,,,,,0,0,0,0,0,FALSE,TRUE,TRUE
5104542,Itanhangá,resto_mt,Demais MT,FALSE,2001,0,0,0,,0,0,,FALSE,,,,,,0,0,0,0,0,FALSE,TRUE,TRUE
5104542,Itanhangá,resto_mt,Demais MT,FALSE,2002,0,0,0,,0,0,,FALSE,,,,,,0,0,0,0,0,FALSE,TRUE,TRUE
5104542,Itanhangá,resto_mt,Demais MT,FALSE,2003,0,0,0,,0,0,,FALSE,,,,,,0,0,0,0,0,FALSE,TRUE,TRUE
5104542,Itanhangá,resto_mt,Demais MT,FALSE,2004,68551,0,68551,0.2942,1,1,100,FALSE,,,,,,0,0,0,0,0,FALSE,TRUE,TRUE
5104542,Itanhangá,resto_mt,Demais MT,FALSE,2005,607461,0,607461,0.2527,1,2,100,FALSE,2111742,2111742,0,0,3,0,0,0,0,0,FALSE,TRUE,TRUE
5104542,Itanhangá,resto_mt,Demais MT,FALSE,2006,556222,0,556222,0.2215,1,2,100,FALSE,570392,570392,0,0,2,0,0,0,0,0,FALSE,TRUE,TRUE
5104542,Itanhangá,resto_mt,Demais MT,FALSE,2007,898042,0,898042,0.2239,2,6,65.8,FALSE,37038983,37038983,0,0,3,0,0,0,0,0,FALSE,TRUE,TRUE
5104542,Itanhangá,resto_mt,Demais MT,FALSE,2008,20965,0,20965,1.6935,1,1,100,FALSE,36119368,36119368,0,0,3,0,0,0,0,0,FALSE,TRUE,TRUE
5104542,Itanhangá,resto_mt,Demais MT,FALSE,2009,0,0,0,,0,0,,FALSE,37293884,37293884,0,0,3,0,0,0,0,0,FALSE,TRUE,TRUE
5104542,Itanhangá,resto_mt,Demais MT,FALSE,2010,0,0,0,,0,0,,FALSE,20168179,20168179,0,0,3,0,0,0,0,0,FALSE,TRUE,TRUE
5104542,Itanhangá,resto_mt,Demais MT,FALSE,2011,0,0,0,,0,0,,FALSE,21859447,21859447,0,0,3,0,0,0,0,0,FALSE,TRUE,TRUE
5104542,Itanhangá,resto_mt,Demais MT,FALSE,2012,763140,0,763140,0.422,2,4,61.4,FALSE,17473192,17473192,0,0,3,0,0,0,0,0,FALSE,TRUE,TRUE
5104542,Itanhangá,resto_mt,Demais MT,FALSE,2013,4462050,0,4462050,0.5434,2,3,100,FALSE,4360582,3929541,169072,261969,3,0,0,0,0,0,FALSE,TRUE,TRUE
5104542,Itanhangá,resto_mt,Demais MT,FALSE,2014,3371307,0,3371307,0.3218,2,5,73.8,FALSE,8185357,2751189,187144,5247024,3,0,0,0,0,0,FALSE,TRUE,TRUE
5104542,Itanhangá,resto_mt,Demais MT,FALSE,2015,2083104,0,2083104,0.2785,2,9,66.8,FALSE,4951088,2315223,0,2635865,3,0,0,0,0,0,FALSE,TRUE,TRUE
5104542,Itanhangá,resto_mt,Demais MT,FALSE,2016,3095031,0,3095031,0.2471,2,5,60,FALSE,9591690,8692100,0,899590,3,0,0,0,0,0,FALSE,TRUE,TRUE
5104542,Itanhangá,resto_mt,Demais MT,FALSE,2017,19599110,0,19599110,0.2616,2,10,70.1,FALSE,15356047,14619165,0,736882,3,0,0,0,0,0,FALSE,TRUE,TRUE
5104542,Itanhangá,resto_mt,Demais MT,FALSE,2018,12042090,0,12042090,0.2608,2,5,71.5,FALSE,4020283,3239415,0,780868,3,0,0,0,0,0,FALSE,TRUE,TRUE
5104542,Itanhangá,resto_mt,Demais MT,FALSE,2019,29311428,0,29311428,0.2122,2,21,61,FALSE,554849,26740,0,528109,1,0,0,0,0,0,FALSE,TRUE,TRUE
5104542,Itanhangá,resto_mt,Demais MT,FALSE,2020,28239119,0,28239119,0.2583,2,19,50.4,FALSE,1106891,640298,0,466593,1,0,0,0,0,0,FALSE,TRUE,TRUE
5104542,Itanhangá,resto_mt,Demais MT,FALSE,2021,30983034,0,30983034,0.3393,2,19,64,FALSE,4750073,4103225,0,646848,3,0,0,0,0,0,FALSE,TRUE,TRUE
5104542,Itanhangá,resto_mt,Demais MT,FALSE,2022,36809011,0,36809011,0.3606,2,20,60.2,FALSE,3928848,2929252,0,999596,3,0,0,0,0,0,FALSE,TRUE,TRUE
5104542,Itanhangá,resto_mt,Demais MT,FALSE,2023,17208770,0,17208770,0.2888,2,13,55.6,FALSE,1873255,1307507,11524,554224,3,0,0,0,0,0,FALSE,TRUE,TRUE
5104542,Itanhangá,resto_mt,Demais MT,FALSE,2024,4144,0,4144,0.2238,1,1,100,FALSE,3253000,986000,0,2267000,3,0,0,0,0,0,FALSE,TRUE,TRUE
5104559,Itaúba,resto_mt,Demais MT,FALSE,2000,742981,0,742981,0.6909,3,7,63.6,FALSE,,,,,4,0,0,0,0,0,FALSE,TRUE,TRUE
5104559,Itaúba,resto_mt,Demais MT,FALSE,2001,1021392,0,1021392,0.564,1,3,100,FALSE,,,,,4,0,0,0,0,0,FALSE,TRUE,TRUE
5104559,Itaúba,resto_mt,Demais MT,FALSE,2002,878523,0,878523,0.4459,1,4,100,FALSE,20651889,20651889,0,0,4,0,0,0,0,0,FALSE,TRUE,TRUE
5104559,Itaúba,resto_mt,Demais MT,FALSE,2003,497074,0,497074,0.5038,1,2,100,FALSE,27479077,27479077,0,0,4,0,0,0,0,0,FALSE,TRUE,TRUE
5104559,Itaúba,resto_mt,Demais MT,FALSE,2004,660018,0,660018,0.5584,1,3,100,FALSE,23702491,23702491,0,0,4,0,0,0,0,0,FALSE,TRUE,TRUE
5104559,Itaúba,resto_mt,Demais MT,FALSE,2005,468371,0,468371,0.6949,1,2,100,FALSE,24669878,24669878,0,0,4,0,0,0,0,0,FALSE,TRUE,TRUE
5104559,Itaúba,resto_mt,Demais MT,FALSE,2006,744593,0,744593,0.8843,2,6,60,FALSE,18175763,18175763,0,0,4,0,0,0,0,0,FALSE,TRUE,TRUE
5104559,Itaúba,resto_mt,Demais MT,FALSE,2007,1648543,0,1648543,0.9347,3,7,67,FALSE,18173954,18173954,0,0,3,0,0,0,0,0,FALSE,TRUE,TRUE
5104559,Itaúba,resto_mt,Demais MT,FALSE,2008,172269,0,172269,1.0331,1,2,100,FALSE,23602003,23602003,0,0,4,0,0,0,0,0,FALSE,TRUE,TRUE
5104559,Itaúba,resto_mt,Demais MT,FALSE,2009,128642,0,128642,1.1593,1,2,100,FALSE,35397903,35397903,0,0,4,0,0,0,0,0,FALSE,TRUE,TRUE
5104559,Itaúba,resto_mt,Demais MT,FALSE,2010,28020,0,28020,0.635,1,1,100,FALSE,8245798,8245798,0,0,4,0,0,0,0,0,FALSE,TRUE,TRUE
5104559,Itaúba,resto_mt,Demais MT,FALSE,2011,0,0,0,,0,0,,FALSE,6061076,6061076,0,0,4,0,0,0,0,0,FALSE,TRUE,TRUE
5104559,Itaúba,resto_mt,Demais MT,FALSE,2012,0,0,0,,0,0,,FALSE,15362837,15362837,0,0,4,0,0,0,0,0,FALSE,TRUE,TRUE
5104559,Itaúba,resto_mt,Demais MT,FALSE,2013,0,0,0,,0,0,,FALSE,5256109,5007145,0,248964,4,0,0,0,0,0,FALSE,TRUE,TRUE
5104559,Itaúba,resto_mt,Demais MT,FALSE,2014,0,0,0,,0,0,,FALSE,4323547,3839072,0,484475,4,0,0,0,0,0,FALSE,TRUE,TRUE
5104559,Itaúba,resto_mt,Demais MT,FALSE,2015,0,0,0,,0,0,,FALSE,8904099,8556737,0,347362,3,0,0,0,0,0,FALSE,TRUE,TRUE
5104559,Itaúba,resto_mt,Demais MT,FALSE,2016,0,0,0,,0,0,,FALSE,12883304,11657797,0,1225507,3,0,0,0,0,0,FALSE,TRUE,TRUE
5104559,Itaúba,resto_mt,Demais MT,FALSE,2017,43313,0,43313,0.6096,1,2,100,FALSE,9170572,7991560,0,1179012,4,0,0,0,0,0,FALSE,TRUE,TRUE
5104559,Itaúba,resto_mt,Demais MT,FALSE,2018,44927,0,44927,0.8724,1,1,100,FALSE,11423863,9894255,402308,1127300,3,0,0,0,0,0,FALSE,TRUE,TRUE
5104559,Itaúba,resto_mt,Demais MT,FALSE,2019,90388,0,90388,1189.3158,1,1,100,FALSE,10629029,8880253,267397,1481379,3,0,0,0,0,0,FALSE,TRUE,TRUE
5104559,Itaúba,resto_mt,Demais MT,FALSE,2020,13751,0,13751,528.8846,1,1,100,FALSE,9168308,7451549,209206,1507553,3,0,0,0,0,0,FALSE,TRUE,TRUE
5104559,Itaúba,resto_mt,Demais MT,FALSE,2021,0,0,0,,0,0,,FALSE,15476008,13971684,197968,1306356,3,0,0,0,0,0,FALSE,TRUE,TRUE
5104559,Itaúba,resto_mt,Demais MT,FALSE,2022,3085253,0,3085253,1.435,1,1,100,FALSE,19717038,18237201,178189,1301648,3,0,0,0,0,0,FALSE,TRUE,TRUE
5104559,Itaúba,resto_mt,Demais MT,FALSE,2023,19300225,0,19300225,1.2547,1,1,100,FALSE,8902151,7422824,198012,1281315,3,0,0,0,0,0,FALSE,TRUE,TRUE
5104559,Itaúba,resto_mt,Demais MT,FALSE,2024,0,0,0,,0,0,,FALSE,14435000,13029000,346000,1060000,3,0,0,0,0,0,FALSE,TRUE,TRUE
5104609,Itiquira,pantanal_norte,Pantanal-13,TRUE,2000,4986367,87692,4898675,0.1717,1,4,100,FALSE,,,,,3,0,0,0,0,0,TRUE,TRUE,TRUE
5104609,Itiquira,pantanal_norte,Pantanal-13,TRUE,2001,4986350,53898,4932452,0.5263,2,14,79.2,FALSE,,,,,3,0,0,0,0,0,TRUE,TRUE,TRUE
5104609,Itiquira,pantanal_norte,Pantanal-13,TRUE,2002,2449060,48654,2400406,0.3562,3,9,49.3,FALSE,2002040,2002040,0,0,3,0,0,0,0,0,TRUE,TRUE,TRUE
5104609,Itiquira,pantanal_norte,Pantanal-13,TRUE,2003,2863176,111500,2751676,0.4302,2,11,65.5,FALSE,1653397,1653397,0,0,3,0,0,0,0,0,TRUE,TRUE,TRUE
5104609,Itiquira,pantanal_norte,Pantanal-13,TRUE,2004,3919525,49000,3870525,0.6076,2,12,78.9,FALSE,1125446,1125446,0,0,3,0,0,0,0,0,TRUE,TRUE,TRUE
5104609,Itiquira,pantanal_norte,Pantanal-13,TRUE,2005,4013314,339863,3673451,0.268,4,6,83.5,FALSE,2495182,2495182,0,0,3,0,0,0,0,0,TRUE,TRUE,TRUE
5104609,Itiquira,pantanal_norte,Pantanal-13,TRUE,2006,1492620,0,1492620,0.5129,2,8,70.7,FALSE,2287053,2287053,0,0,3,0,0,0,0,0,TRUE,TRUE,TRUE
5104609,Itiquira,pantanal_norte,Pantanal-13,TRUE,2007,7710066,0,7710066,0.2838,4,6,53,FALSE,672820,672820,0,0,2,0,0,0,0,0,TRUE,TRUE,TRUE
5104609,Itiquira,pantanal_norte,Pantanal-13,TRUE,2008,31205272,0,31205272,0.4179,2,7,90.2,FALSE,2311953,2311953,0,0,2,0,0,0,0,0,TRUE,TRUE,TRUE
5104609,Itiquira,pantanal_norte,Pantanal-13,TRUE,2009,78940923,1315,78939608,0.3832,2,11,97,FALSE,2909836,2909836,0,0,2,0,0,0,0,0,TRUE,TRUE,TRUE
5104609,Itiquira,pantanal_norte,Pantanal-13,TRUE,2010,72506294,0,72506294,0.3343,2,13,93.2,FALSE,2978386,2978386,0,0,2,0,0,0,0,0,TRUE,TRUE,TRUE
5104609,Itiquira,pantanal_norte,Pantanal-13,TRUE,2011,115885835,10444,115875391,0.4742,2,15,85.3,FALSE,3907415,3907415,0,0,2,0,0,0,0,0,TRUE,TRUE,TRUE
5104609,Itiquira,pantanal_norte,Pantanal-13,TRUE,2012,249176143,119799,249056344,0.4567,3,23,81,FALSE,1188546,1188546,0,0,2,0,0,0,0,0,TRUE,TRUE,TRUE
5104609,Itiquira,pantanal_norte,Pantanal-13,TRUE,2013,316798651,1700,316796951,0.3852,5,39,50.3,FALSE,1265257,1250393,0,14864,2,0,0,0,0,0,TRUE,TRUE,TRUE
5104609,Itiquira,pantanal_norte,Pantanal-13,TRUE,2014,166956214,13243,166942971,0.3655,3,21,77.8,FALSE,1393959,1348485,0,45474,2,0,0,0,0,0,TRUE,TRUE,TRUE
5104609,Itiquira,pantanal_norte,Pantanal-13,TRUE,2015,180287948,90156,180197792,0.2864,3,18,69.9,FALSE,556408,498252,0,58156,2,0,0,0,0,0,TRUE,TRUE,TRUE
5104609,Itiquira,pantanal_norte,Pantanal-13,TRUE,2016,119231397,25379,119206018,0.2698,2,17,69.2,FALSE,9730315,601693,9046037,82585,1,0,0,0,0,0,TRUE,TRUE,TRUE
5104609,Itiquira,pantanal_norte,Pantanal-13,TRUE,2017,146197781,16376,146181405,0.2807,3,16,75.6,FALSE,9835211,577947,8862815,394449,1,0,0,0,0,0,TRUE,TRUE,TRUE
5104609,Itiquira,pantanal_norte,Pantanal-13,TRUE,2018,92538264,12436,92525828,0.2433,4,19,49.8,FALSE,9084052,0,9001635,82417,0,0,0,0,0,0,TRUE,TRUE,TRUE
5104609,Itiquira,pantanal_norte,Pantanal-13,TRUE,2019,212985706,3062,212982644,0.2208,4,20,54.2,FALSE,10066158,0,9993961,72197,0,0,0,0,0,0,TRUE,TRUE,TRUE
5104609,Itiquira,pantanal_norte,Pantanal-13,TRUE,2020,135380049,69117,135310932,0.2483,3,15,62.4,FALSE,9544880,0,9477680,67200,0,0,0,0,0,0,TRUE,TRUE,TRUE
5104609,Itiquira,pantanal_norte,Pantanal-13,TRUE,2021,180583872,0,180583872,0.3653,3,20,74.9,FALSE,16681079,429314,15192868,1058897,1,0,0,0,0,0,TRUE,TRUE,TRUE
5104609,Itiquira,pantanal_norte,Pantanal-13,TRUE,2022,254470887,1798114,252672773,0.4521,2,14,69.9,FALSE,16410765,448732,14724489,1237544,2,0,0,0,0,0,TRUE,TRUE,TRUE
5104609,Itiquira,pantanal_norte,Pantanal-13,TRUE,2023,208650950,1820132,206830818,0.3628,3,10,61.7,FALSE,44952873,471457,43705084,776332,1,0,0,0,0,0,TRUE,TRUE,TRUE
5104609,Itiquira,pantanal_norte,Pantanal-13,TRUE,2024,102888444,116,102888328,0.3176,2,10,71.8,FALSE,45566000,402000,44800000,364000,1,0,0,0,0,0,TRUE,TRUE,TRUE
5104807,Jaciara,resto_mt,Demais MT,FALSE,2000,0,0,0,,0,0,,FALSE,,,,,3,0,0,0,0,0,FALSE,TRUE,TRUE
5104807,Jaciara,resto_mt,Demais MT,FALSE,2001,416923,0,416923,0.8681,1,2,100,FALSE,,,,,3,0,0,0,0,0,FALSE,TRUE,TRUE
5104807,Jaciara,resto_mt,Demais MT,FALSE,2002,173025,0,173025,0.6932,2,2,85.4,FALSE,652311,652311,0,0,3,0,0,0,0,0,FALSE,TRUE,TRUE
5104807,Jaciara,resto_mt,Demais MT,FALSE,2003,0,0,0,,0,0,,FALSE,807838,807838,0,0,3,0,0,0,0,0,FALSE,TRUE,TRUE
5104807,Jaciara,resto_mt,Demais MT,FALSE,2004,1986906,0,1986906,0.1596,4,9,54.3,FALSE,852970,852970,0,0,2,0,0,0,0,0,FALSE,TRUE,TRUE
5104807,Jaciara,resto_mt,Demais MT,FALSE,2005,1348506,0,1348506,0.2474,2,2,97.8,FALSE,1141863,1141863,0,0,2,0,0,0,0,0,FALSE,TRUE,TRUE
5104807,Jaciara,resto_mt,Demais MT,FALSE,2006,0,0,0,,0,0,,FALSE,1162722,1162722,0,0,2,0,0,0,0,0,FALSE,TRUE,TRUE
5104807,Jaciara,resto_mt,Demais MT,FALSE,2007,6825891,538687,6287204,0.2612,2,3,77.6,FALSE,1134405,1134405,0,0,2,0,0,0,0,0,FALSE,TRUE,TRUE
5104807,Jaciara,resto_mt,Demais MT,FALSE,2008,8182546,2448882,5733664,0.3855,3,9,48.9,FALSE,984539,984539,0,0,2,0,0,0,0,0,FALSE,TRUE,TRUE
5104807,Jaciara,resto_mt,Demais MT,FALSE,2009,17817343,2071703,15745640,0.4123,1,3,100,FALSE,790384,790384,0,0,2,0,0,0,0,0,FALSE,TRUE,TRUE
5104807,Jaciara,resto_mt,Demais MT,FALSE,2010,1966455,2150087,-183632,0.3398,2,2,50.3,FALSE,631913,631913,0,0,2,0,0,0,0,0,FALSE,TRUE,TRUE
5104807,Jaciara,resto_mt,Demais MT,FALSE,2011,1071362,957165,114197,1.3577,2,6,82.7,FALSE,576948,576948,0,0,1,0,0,0,0,0,FALSE,TRUE,TRUE
5104807,Jaciara,resto_mt,Demais MT,FALSE,2012,12161530,651819,11509711,0.5534,3,7,91,FALSE,557008,557008,0,0,1,0,0,0,0,0,FALSE,TRUE,TRUE
5104807,Jaciara,resto_mt,Demais MT,FALSE,2013,2309156,2413083,-103927,0.2597,2,8,73.8,FALSE,657710,326997,284265,46448,1,0,0,0,0,0,FALSE,TRUE,TRUE
5104807,Jaciara,resto_mt,Demais MT,FALSE,2014,16151164,1653131,14498033,0.4335,2,7,91.5,FALSE,830779,337559,288586,204634,1,0,0,0,0,0,FALSE,TRUE,TRUE
5104807,Jaciara,resto_mt,Demais MT,FALSE,2015,1665711,14455,1651256,0.2376,2,8,61.6,FALSE,765453,311211,227907,226335,1,0,0,0,0,0,FALSE,TRUE,TRUE
5104807,Jaciara,resto_mt,Demais MT,FALSE,2016,291731,100358,191373,0.4497,3,4,71.7,FALSE,1082457,656258,216786,209413,1,0,0,0,0,0,FALSE,TRUE,TRUE
5104807,Jaciara,resto_mt,Demais MT,FALSE,2017,499946,0,499946,0.4386,2,3,77.5,FALSE,1018631,618403,212395,187833,1,0,0,0,0,0,FALSE,TRUE,TRUE
5104807,Jaciara,resto_mt,Demais MT,FALSE,2018,2520595,41163,2479432,0.1803,8,11,87.1,FALSE,1056058,702642,245855,107561,1,0,0,0,0,0,FALSE,TRUE,TRUE
5104807,Jaciara,resto_mt,Demais MT,FALSE,2019,10904985,29663,10875322,0.251,14,14,63.8,FALSE,894443,608328,183167,102948,1,0,0,0,0,0,FALSE,TRUE,TRUE
5104807,Jaciara,resto_mt,Demais MT,FALSE,2020,10850535,26603,10823932,0.285,8,14,74.7,FALSE,807664,536329,173705,97630,1,0,0,0,0,0,FALSE,TRUE,TRUE
5104807,Jaciara,resto_mt,Demais MT,FALSE,2021,1819855,347026,1472829,0.632,11,7,98.2,FALSE,1755237,482258,290046,982933,1,0,0,0,0,0,FALSE,TRUE,TRUE
5104807,Jaciara,resto_mt,Demais MT,FALSE,2022,2560748,143962,2416786,0.7237,16,9,94.3,FALSE,2732592,180362,298792,2253438,1,0,0,0,0,0,FALSE,TRUE,TRUE
5104807,Jaciara,resto_mt,Demais MT,FALSE,2023,2766970,1156955,1610015,0.8812,12,8,96.5,FALSE,63594271,521745,61690634,1381892,1,0,0,0,0,0,FALSE,TRUE,TRUE
5104807,Jaciara,resto_mt,Demais MT,FALSE,2024,2035100,2491088,-455988,0.8131,12,10,98.7,FALSE,20949000,628000,16487000,3834000,1,0,0,0,0,0,FALSE,TRUE,TRUE
5104906,Jangada,resto_mt,Demais MT,FALSE,2000,11625,0,11625,16.7026,1,1,100,FALSE,,,,,3,0,0,0,0,0,FALSE,TRUE,TRUE
5104906,Jangada,resto_mt,Demais MT,FALSE,2001,0,0,0,,0,0,,FALSE,,,,,3,0,0,0,0,0,FALSE,TRUE,TRUE
5104906,Jangada,resto_mt,Demais MT,FALSE,2002,16148,0,16148,0.1285,1,1,100,FALSE,270640,270640,0,0,3,0,0,0,0,0,FALSE,TRUE,TRUE
5104906,Jangada,resto_mt,Demais MT,FALSE,2003,92009,0,92009,0.1389,1,1,100,FALSE,308047,308047,0,0,2,0,0,0,0,0,FALSE,TRUE,TRUE
5104906,Jangada,resto_mt,Demais MT,FALSE,2004,38735,0,38735,0.3269,2,2,55.5,FALSE,399830,399830,0,0,2,0,0,0,0,0,FALSE,TRUE,TRUE
5104906,Jangada,resto_mt,Demais MT,FALSE,2005,30175,283150,-252975,0.2958,1,1,100,FALSE,549786,549786,0,0,2,0,0,0,0,0,FALSE,TRUE,TRUE
5104906,Jangada,resto_mt,Demais MT,FALSE,2006,84570,121040,-36470,0.2664,2,3,81.8,FALSE,556681,556681,0,0,2,0,0,0,0,0,FALSE,TRUE,TRUE
5104906,Jangada,resto_mt,Demais MT,FALSE,2007,0,0,0,,0,0,,FALSE,672820,672820,0,0,2,0,0,0,0,0,FALSE,TRUE,TRUE
5104906,Jangada,resto_mt,Demais MT,FALSE,2008,0,908293,-908293,,0,0,,FALSE,776366,776366,0,0,2,0,0,0,0,0,FALSE,TRUE,TRUE
5104906,Jangada,resto_mt,Demais MT,FALSE,2009,0,427716,-427716,,0,0,,FALSE,759803,759803,0,0,2,0,0,0,0,0,FALSE,TRUE,TRUE
5104906,Jangada,resto_mt,Demais MT,FALSE,2010,0,790490,-790490,,0,0,,FALSE,503763,503763,0,0,2,0,0,0,0,0,FALSE,TRUE,TRUE
5104906,Jangada,resto_mt,Demais MT,FALSE,2011,0,694056,-694056,,0,0,,FALSE,522794,522794,0,0,2,0,0,0,0,0,FALSE,TRUE,TRUE
5104906,Jangada,resto_mt,Demais MT,FALSE,2012,0,894582,-894582,,0,0,,FALSE,525627,525627,0,0,2,0,0,0,0,0,FALSE,TRUE,TRUE
5104906,Jangada,resto_mt,Demais MT,FALSE,2013,262817,34400,228417,0.3414,1,2,100,FALSE,73095029,347435,18148346,54599248,2,0,0,0,0,0,FALSE,TRUE,TRUE
5104906,Jangada,resto_mt,Demais MT,FALSE,2014,0,104042,-104042,,0,0,,FALSE,3207680,269347,0,2938333,2,0,0,0,0,0,FALSE,TRUE,TRUE
5104906,Jangada,resto_mt,Demais MT,FALSE,2015,0,2689,-2689,,0,0,,FALSE,2514838,221620,0,2293218,2,0,0,0,0,0,FALSE,TRUE,TRUE
5104906,Jangada,resto_mt,Demais MT,FALSE,2016,0,278,-278,,0,0,,FALSE,1473262,176968,0,1296294,1,0,0,0,0,0,FALSE,TRUE,TRUE
5104906,Jangada,resto_mt,Demais MT,FALSE,2017,106978,0,106978,0.2117,1,2,100,FALSE,55192478,141597,53445634,1605247,1,0,0,0,0,0,FALSE,TRUE,TRUE
5104906,Jangada,resto_mt,Demais MT,FALSE,2018,9100,0,9100,0.2084,1,1,100,FALSE,3936469,155056,2021317,1760096,2,0,0,0,0,0,FALSE,TRUE,TRUE
5104906,Jangada,resto_mt,Demais MT,FALSE,2019,0,0,0,,0,0,,FALSE,4277014,156427,2279559,1841028,2,0,0,0,0,0,FALSE,TRUE,TRUE
5104906,Jangada,resto_mt,Demais MT,FALSE,2020,0,0,0,,0,0,,FALSE,6176024,168633,0,6007391,2,0,0,0,0,0,FALSE,TRUE,TRUE
5104906,Jangada,resto_mt,Demais MT,FALSE,2021,0,0,0,,0,0,,FALSE,5894143,200270,0,5693873,2,0,0,0,0,0,FALSE,TRUE,TRUE
5104906,Jangada,resto_mt,Demais MT,FALSE,2022,0,0,0,,0,0,,FALSE,4643777,191227,0,4452550,2,0,0,0,0,0,FALSE,TRUE,TRUE
5104906,Jangada,resto_mt,Demais MT,FALSE,2023,0,0,0,,0,0,,FALSE,5738152,207441,0,5530711,2,0,0,0,0,0,FALSE,TRUE,TRUE
5104906,Jangada,resto_mt,Demais MT,FALSE,2024,0,0,0,,0,0,,FALSE,2923000,115000,0,2808000,2,0,0,0,0,0,FALSE,TRUE,TRUE
5105002,Jauru,resto_mt,Demais MT,FALSE,2000,0,0,0,,0,0,,FALSE,,,,,3,0,0,0,0,0,FALSE,TRUE,TRUE
5105002,Jauru,resto_mt,Demais MT,FALSE,2001,53787,0,53787,0.4409,1,1,100,FALSE,,,,,3,0,0,0,0,0,FALSE,TRUE,TRUE
5105002,Jauru,resto_mt,Demais MT,FALSE,2002,99658,0,99658,0.9732,1,3,100,FALSE,863965,863965,0,0,2,0,0,0,0,0,FALSE,TRUE,TRUE
5105002,Jauru,resto_mt,Demais MT,FALSE,2003,128108,0,128108,0.8971,1,3,100,FALSE,609808,609808,0,0,2,0,0,0,0,0,FALSE,TRUE,TRUE
5105002,Jauru,resto_mt,Demais MT,FALSE,2004,0,0,0,,0,0,,FALSE,749310,749310,0,0,2,0,0,0,0,0,FALSE,TRUE,TRUE
5105002,Jauru,resto_mt,Demais MT,FALSE,2005,0,0,0,,0,0,,FALSE,1254639,1254639,0,0,2,0,0,0,0,0,FALSE,TRUE,TRUE
5105002,Jauru,resto_mt,Demais MT,FALSE,2006,0,0,0,,0,0,,FALSE,1195630,1195630,0,0,2,0,0,0,0,0,FALSE,TRUE,TRUE
5105002,Jauru,resto_mt,Demais MT,FALSE,2007,0,0,0,,0,0,,FALSE,917956,917956,0,0,2,0,0,0,0,0,FALSE,TRUE,TRUE
5105002,Jauru,resto_mt,Demais MT,FALSE,2008,0,0,0,,0,0,,FALSE,1511096,1511096,0,0,2,0,0,0,0,0,FALSE,TRUE,TRUE
5105002,Jauru,resto_mt,Demais MT,FALSE,2009,0,0,0,,0,0,,FALSE,1524312,1524312,0,0,2,0,0,0,0,0,FALSE,TRUE,TRUE
5105002,Jauru,resto_mt,Demais MT,FALSE,2010,0,0,0,,0,0,,FALSE,1122418,1122418,0,0,2,0,0,0,0,0,FALSE,TRUE,TRUE
5105002,Jauru,resto_mt,Demais MT,FALSE,2011,0,0,0,,0,0,,FALSE,1199718,1199718,0,0,2,0,0,0,0,0,FALSE,TRUE,TRUE
5105002,Jauru,resto_mt,Demais MT,FALSE,2012,0,0,0,,0,0,,FALSE,1076752,1076752,0,0,2,0,0,0,0,0,FALSE,TRUE,TRUE
5105002,Jauru,resto_mt,Demais MT,FALSE,2013,0,0,0,,0,0,,FALSE,527655,527655,0,0,1,0,0,0,0,0,FALSE,TRUE,TRUE
5105002,Jauru,resto_mt,Demais MT,FALSE,2014,0,0,0,,0,0,,FALSE,850018,850018,0,0,2,0,0,0,0,0,FALSE,TRUE,TRUE
5105002,Jauru,resto_mt,Demais MT,FALSE,2015,0,0,0,,0,0,,FALSE,952495,952495,0,0,2,0,0,0,0,0,FALSE,TRUE,TRUE
5105002,Jauru,resto_mt,Demais MT,FALSE,2016,0,0,0,,0,0,,FALSE,864196,864196,0,0,2,0,0,0,0,0,FALSE,TRUE,TRUE
5105002,Jauru,resto_mt,Demais MT,FALSE,2017,0,0,0,,0,0,,FALSE,1358175,832243,0,525932,3,0,0,0,0,0,FALSE,TRUE,TRUE
5105002,Jauru,resto_mt,Demais MT,FALSE,2018,0,0,0,,0,0,,FALSE,1268387,825569,0,442818,3,0,0,0,0,0,FALSE,TRUE,TRUE
5105002,Jauru,resto_mt,Demais MT,FALSE,2019,0,0,0,,0,0,,FALSE,879736,709939,0,169797,3,0,0,0,0,0,FALSE,TRUE,TRUE
5105002,Jauru,resto_mt,Demais MT,FALSE,2020,0,0,0,,0,0,,FALSE,808931,647906,0,161025,4,0,0,0,0,0,FALSE,TRUE,TRUE
5105002,Jauru,resto_mt,Demais MT,FALSE,2021,0,0,0,,0,0,,FALSE,1291394,1104936,0,186458,4,0,0,0,0,0,FALSE,TRUE,TRUE
5105002,Jauru,resto_mt,Demais MT,FALSE,2022,0,0,0,,0,0,,FALSE,925713,799677,0,126036,4,0,0,0,0,0,FALSE,TRUE,TRUE
5105002,Jauru,resto_mt,Demais MT,FALSE,2023,0,0,0,,0,0,,FALSE,901006,789952,0,111054,4,0,0,0,0,0,FALSE,TRUE,TRUE
5105002,Jauru,resto_mt,Demais MT,FALSE,2024,0,0,0,,0,0,,FALSE,909000,717000,0,192000,3,0,0,0,0,0,FALSE,TRUE,TRUE
5105101,Juara,resto_mt,Demais MT,FALSE,2000,2013455,0,2013455,0.4552,2,12,96.4,FALSE,,,,,5,0,0,4,268883.4216348353,268883.4216348353,FALSE,TRUE,TRUE
5105101,Juara,resto_mt,Demais MT,FALSE,2001,3316414,0,3316414,0.4106,2,7,98.6,FALSE,,,,,5,0,0,4,268883.4216348353,268883.4216348353,FALSE,TRUE,TRUE
5105101,Juara,resto_mt,Demais MT,FALSE,2002,5632965,0,5632965,0.4763,2,12,95.9,FALSE,7036632,7036632,0,0,5,0,0,4,268883.4216348353,268883.4216348353,FALSE,TRUE,TRUE
5105101,Juara,resto_mt,Demais MT,FALSE,2003,6746899,0,6746899,0.4469,2,15,89.6,FALSE,15015734,15015734,0,0,5,0,0,4,268883.4216348353,268883.4216348353,FALSE,TRUE,TRUE
5105101,Juara,resto_mt,Demais MT,FALSE,2004,9090036,0,9090036,0.5901,2,11,91.5,FALSE,13259534,13259534,0,0,5,0,0,4,268883.4216348353,268883.4216348353,FALSE,TRUE,TRUE
5105101,Juara,resto_mt,Demais MT,FALSE,2005,5298570,0,5298570,0.6072,3,11,86,FALSE,10995717,10995717,0,0,5,0,0,4,268883.4216348353,268883.4216348353,FALSE,TRUE,TRUE
5105101,Juara,resto_mt,Demais MT,FALSE,2006,4092658,48700,4043958,0.7074,3,10,86.4,FALSE,8758809,8758809,0,0,4,0,0,4,268883.4216348353,268883.4216348353,FALSE,TRUE,TRUE
5105101,Juara,resto_mt,Demais MT,FALSE,2007,4704948,0,4704948,0.7816,15,16,69.8,FALSE,8882263,8882263,0,0,5,0,0,4,268883.4216348353,268883.4216348353,FALSE,TRUE,TRUE
5105101,Juara,resto_mt,Demais MT,FALSE,2008,5778721,61822,5716899,1.2055,9,18,46.8,FALSE,9877231,9877231,0,0,3,0,0,4,268883.4216348353,268883.4216348353,FALSE,TRUE,TRUE
5105101,Juara,resto_mt,Demais MT,FALSE,2009,3607392,0,3607392,1.6247,5,11,55.9,FALSE,357636911,357636911,0,0,4,0,0,4,268883.4216348353,268883.4216348353,FALSE,TRUE,TRUE
5105101,Juara,resto_mt,Demais MT,FALSE,2010,5643049,0,5643049,1.9456,9,13,67.3,FALSE,230983981,230983981,0,0,4,0,0,4,268883.4216348353,268883.4216348353,FALSE,TRUE,TRUE
5105101,Juara,resto_mt,Demais MT,FALSE,2011,8981598,0,8981598,3.3514,7,13,69.1,FALSE,360242437,360242437,0,0,4,0,0,4,268883.4216348353,268883.4216348353,FALSE,TRUE,TRUE
5105101,Juara,resto_mt,Demais MT,FALSE,2012,23464794,10175,23454619,3.4911,7,20,79,FALSE,135227481,135227481,0,0,4,0,0,4,268883.4216348353,268883.4216348353,FALSE,TRUE,TRUE
5105101,Juara,resto_mt,Demais MT,FALSE,2013,35069955,195737,34874218,3.3689,7,27,82.3,FALSE,24506213,24457907,0,48306,4,0,0,4,268883.4216348353,268883.4216348353,FALSE,TRUE,TRUE
5105101,Juara,resto_mt,Demais MT,FALSE,2014,29101384,0,29101384,3.5829,7,23,77.6,FALSE,9133319,9068606,0,64713,4,0,0,4,268883.4216348353,268883.4216348353,FALSE,TRUE,TRUE
5105101,Juara,resto_mt,Demais MT,FALSE,2015,8093235,23428,8069807,2.9813,7,19,61.2,FALSE,78590266,78528967,0,61299,4,0,0,4,268883.4216348353,268883.4216348353,FALSE,TRUE,TRUE
5105101,Juara,resto_mt,Demais MT,FALSE,2016,3012411,0,3012411,2.944,7,6,76.4,FALSE,63825146,62247177,0,1577969,4,0,0,4,268883.4216348353,268883.4216348353,FALSE,TRUE,TRUE
5105101,Juara,resto_mt,Demais MT,FALSE,2017,19886321,0,19886321,3.6627,4,4,82.1,FALSE,50560234,49401451,0,1158783,5,0,0,4,268883.4216348353,268883.4216348353,FALSE,TRUE,TRUE
5105101,Juara,resto_mt,Demais MT,FALSE,2018,16581039,26318,16554721,3.4072,5,6,74,FALSE,58707588,54977860,2615000,1114728,4,0,0,4,268883.4216348353,268883.4216348353,FALSE,TRUE,TRUE
5105101,Juara,resto_mt,Demais MT,FALSE,2019,21695261,20518,21674743,3.4926,6,8,57.8,FALSE,37321930,33817693,2279559,1224678,4,0,0,4,268883.4216348353,268883.4216348353,FALSE,TRUE,TRUE
5105101,Juara,resto_mt,Demais MT,FALSE,2020,25794821,1945,25792876,3.7408,4,7,67.4,FALSE,39422078,36069705,2336771,1015602,4,0,0,4,268883.4216348353,268883.4216348353,FALSE,TRUE,TRUE
5105101,Juara,resto_mt,Demais MT,FALSE,2021,19130858,29468,19101390,4.2375,6,14,68.3,FALSE,44688901,41453510,2308856,926535,4,0,0,4,268883.4216348353,268883.4216348353,FALSE,TRUE,TRUE
5105101,Juara,resto_mt,Demais MT,FALSE,2022,4704838,23080,4681758,3.5132,5,9,64.5,FALSE,42777292,39708966,2146959,921367,5,0,0,4,268883.4216348353,268883.4216348353,FALSE,TRUE,TRUE
5105101,Juara,resto_mt,Demais MT,FALSE,2023,4478770,1212655,3266115,3.2526,3,6,93.5,FALSE,22880317,17015396,4927246,937675,5,0,0,4,268883.4216348353,268883.4216348353,FALSE,TRUE,TRUE
5105101,Juara,resto_mt,Demais MT,FALSE,2024,27473302,31724,27441578,4.0543,5,13,67.9,FALSE,25573000,22874000,1891000,808000,5,0,0,4,268883.4216348353,268883.4216348353,FALSE,TRUE,TRUE
5105150,Juína,resto_mt,Demais MT,FALSE,2000,4371079,14000,4357079,7.5466,3,8,91,FALSE,,,,,5,0,0,7,1622268.8211382786,1622268.8211382786,FALSE,TRUE,TRUE
5105150,Juína,resto_mt,Demais MT,FALSE,2001,4936129,0,4936129,2.1832,4,10,70.3,FALSE,,,,,5,0,0,7,1622268.8211382786,1622268.8211382786,FALSE,TRUE,TRUE
5105150,Juína,resto_mt,Demais MT,FALSE,2002,12602432,51934,12550498,1.9318,3,12,66.4,FALSE,6103272,6103272,0,0,4,0,0,7,1622268.8211382786,1622268.8211382786,FALSE,TRUE,TRUE
5105150,Juína,resto_mt,Demais MT,FALSE,2003,11217822,7371,11210451,0.8833,3,11,55.2,FALSE,31034194,31034194,0,0,5,0,0,7,1622268.8211382786,1622268.8211382786,FALSE,TRUE,TRUE
5105150,Juína,resto_mt,Demais MT,FALSE,2004,13551407,76836,13474571,0.594,4,14,91.7,FALSE,21244279,21244279,0,0,5,0,0,7,1622268.8211382786,1622268.8211382786,FALSE,TRUE,TRUE
5105150,Juína,resto_mt,Demais MT,FALSE,2005,20856354,7756,20848598,0.8409,4,18,86.2,FALSE,24438686,24438686,0,0,5,0,0,7,1622268.8211382786,1622268.8211382786,FALSE,TRUE,TRUE
5105150,Juína,resto_mt,Demais MT,FALSE,2006,28219044,8400,28210644,0.8243,3,18,99.3,FALSE,39952126,39952126,0,0,5,0,0,7,1622268.8211382786,1622268.8211382786,FALSE,TRUE,TRUE
5105150,Juína,resto_mt,Demais MT,FALSE,2007,36269349,132713,36136636,0.932,4,30,84.6,FALSE,40155338,40155338,0,0,5,0,0,7,1622268.8211382786,1622268.8211382786,FALSE,TRUE,TRUE
5105150,Juína,resto_mt,Demais MT,FALSE,2008,22487322,271491,22215831,0.9895,4,29,79.4,FALSE,43268299,43268299,0,0,5,0,0,7,1622268.8211382786,1622268.8211382786,FALSE,TRUE,TRUE
5105150,Juína,resto_mt,Demais MT,FALSE,2009,10719781,0,10719781,0.8458,2,22,92.3,FALSE,52113580,52113580,0,0,4,0,0,7,1622268.8211382786,1622268.8211382786,FALSE,TRUE,TRUE
5105150,Juína,resto_mt,Demais MT,FALSE,2010,5197719,500,5197219,1.0285,2,17,96.3,FALSE,24523074,24523074,0,0,4,0,0,7,1622268.8211382786,1622268.8211382786,FALSE,TRUE,TRUE
5105150,Juína,resto_mt,Demais MT,FALSE,2011,6470196,466125,6004071,2.3558,4,10,48.1,FALSE,24238055,24238055,0,0,4,0,0,7,1622268.8211382786,1622268.8211382786,FALSE,TRUE,TRUE
5105150,Juína,resto_mt,Demais MT,FALSE,2012,5731501,45913,5685588,2.2108,6,11,47.4,FALSE,59762670,59762670,0,0,4,0,0,7,1622268.8211382786,1622268.8211382786,FALSE,TRUE,TRUE
5105150,Juína,resto_mt,Demais MT,FALSE,2013,5776853,0,5776853,2.0535,5,10,52.2,FALSE,24355720,19944973,0,4410747,4,0,0,7,1622268.8211382786,1622268.8211382786,FALSE,TRUE,TRUE
5105150,Juína,resto_mt,Demais MT,FALSE,2014,6679705,381500,6298205,2.6182,5,10,56.4,FALSE,16258777,12190585,0,4068192,4,0,0,7,1622268.8211382786,1622268.8211382786,FALSE,TRUE,TRUE
5105150,Juína,resto_mt,Demais MT,FALSE,2015,5342920,9285,5333635,1.7753,6,10,38.2,FALSE,49933685,46533938,0,3399747,4,0,0,7,1622268.8211382786,1622268.8211382786,FALSE,TRUE,TRUE
5105150,Juína,resto_mt,Demais MT,FALSE,2016,7857275,0,7857275,1.3478,6,18,42.1,FALSE,48647151,45452871,0,3194280,4,0,0,7,1622268.8211382786,1622268.8211382786,FALSE,TRUE,TRUE
5105150,Juína,resto_mt,Demais MT,FALSE,2017,5838522,0,5838522,1.6595,5,12,38.1,FALSE,49119702,45546546,0,3573156,4,0,0,7,1622268.8211382786,1622268.8211382786,FALSE,TRUE,TRUE
5105150,Juína,resto_mt,Demais MT,FALSE,2018,6420956,0,6420956,1.3949,5,14,37.1,FALSE,64814842,61370082,0,3444760,4,0,0,7,1622268.8211382786,1622268.8211382786,FALSE,TRUE,TRUE
5105150,Juína,resto_mt,Demais MT,FALSE,2019,5583675,1315,5582360,1.8498000000000001,6,8,46.3,FALSE,67680844,64129812,0,3551032,4,0,0,7,1622268.8211382786,1622268.8211382786,FALSE,TRUE,TRUE
5105150,Juína,resto_mt,Demais MT,FALSE,2020,2635671,1199,2634472,1.8267,4,7,48,FALSE,77777838,74405179,0,3372659,4,0,0,7,1622268.8211382786,1622268.8211382786,FALSE,TRUE,TRUE
5105150,Juína,resto_mt,Demais MT,FALSE,2021,2046600,6210,2040390,2.4997,6,5,55.4,FALSE,99871240,96477015,0,3394225,4,0,0,7,1622268.8211382786,1622268.8211382786,FALSE,TRUE,TRUE
5105150,Juína,resto_mt,Demais MT,FALSE,2022,1202359,0,1202359,1.7387,4,5,59.1,FALSE,85617602,80678292,0,4939310,4,0,0,7,1622268.8211382786,1622268.8211382786,FALSE,TRUE,TRUE
5105150,Juína,resto_mt,Demais MT,FALSE,2023,1049731,144306,905425,4.6452,6,2,66.5,FALSE,74240812,48007913,0,26232899,4,0,0,7,1622268.8211382786,1622268.8211382786,FALSE,TRUE,TRUE
5105150,Juína,resto_mt,Demais MT,FALSE,2024,875444,30211,845233,4.1219,7,3,70.8,FALSE,76801000,49754000,0,27047000,4,0,0,7,1622268.8211382786,1622268.8211382786,FALSE,TRUE,TRUE
5105176,Juruena,resto_mt,Demais MT,FALSE,2000,2606295,0,2606295,0.6431,2,20,71.3,FALSE,,,,,4,0,0,0,0,0,FALSE,TRUE,TRUE
5105176,Juruena,resto_mt,Demais MT,FALSE,2001,2577137,11267,2565870,0.6115,3,19,68.4,FALSE,,,,,4,0,0,0,0,0,FALSE,TRUE,TRUE
5105176,Juruena,resto_mt,Demais MT,FALSE,2002,4125124,53296,4071828,0.534,3,20,80.7,FALSE,3445451,3445451,0,0,4,0,0,0,0,0,FALSE,TRUE,TRUE
5105176,Juruena,resto_mt,Demais MT,FALSE,2003,4245666,0,4245666,0.5021,4,22,79.8,FALSE,2612115,2612115,0,0,4,0,0,0,0,0,FALSE,TRUE,TRUE
5105176,Juruena,resto_mt,Demais MT,FALSE,2004,7689917,0,7689917,0.5543,2,16,79.2,FALSE,4297428,4297428,0,0,4,0,0,0,0,0,FALSE,TRUE,TRUE
5105176,Juruena,resto_mt,Demais MT,FALSE,2005,7572186,0,7572186,0.6539,3,19,84,FALSE,4874768,4874768,0,0,3,0,0,0,0,0,FALSE,TRUE,TRUE
5105176,Juruena,resto_mt,Demais MT,FALSE,2006,9428151,0,9428151,0.7521,4,15,88.1,FALSE,9416954,9416954,0,0,4,0,0,0,0,0,FALSE,TRUE,TRUE
5105176,Juruena,resto_mt,Demais MT,FALSE,2007,10981006,0,10981006,0.8147,4,18,89.3,FALSE,11346660,11346660,0,0,4,0,0,0,0,0,FALSE,TRUE,TRUE
5105176,Juruena,resto_mt,Demais MT,FALSE,2008,8317008,0,8317008,0.8484,4,18,89.2,FALSE,12877382,12877382,0,0,4,0,0,0,0,0,FALSE,TRUE,TRUE
5105176,Juruena,resto_mt,Demais MT,FALSE,2009,3488297,0,3488297,0.838,4,15,79.7,FALSE,14017551,14017551,0,0,4,0,0,0,0,0,FALSE,TRUE,TRUE
5105176,Juruena,resto_mt,Demais MT,FALSE,2010,4498168,0,4498168,0.9274,4,13,67.3,FALSE,2759647,2759647,0,0,4,0,0,0,0,0,FALSE,TRUE,TRUE
5105176,Juruena,resto_mt,Demais MT,FALSE,2011,3185382,0,3185382,1.0325,6,11,71.8,FALSE,2484833,2484833,0,0,4,0,0,0,0,0,FALSE,TRUE,TRUE
5105176,Juruena,resto_mt,Demais MT,FALSE,2012,5334246,55570,5278676,1.4095,6,10,53,FALSE,8502221,8502221,0,0,4,0,0,0,0,0,FALSE,TRUE,TRUE
5105176,Juruena,resto_mt,Demais MT,FALSE,2013,3266132,0,3266132,1.0311,5,7,87.6,FALSE,6439616,5588680,0,850936,4,0,0,0,0,0,FALSE,TRUE,TRUE
5105176,Juruena,resto_mt,Demais MT,FALSE,2014,3393015,73586,3319429,1.0897,3,7,83.1,FALSE,12365486,11337069,0,1028417,3,0,0,0,0,0,FALSE,TRUE,TRUE
5105176,Juruena,resto_mt,Demais MT,FALSE,2015,1346950,0,1346950,0.858,3,8,87.5,FALSE,7236447,7052549,0,183898,3,0,0,0,0,0,FALSE,TRUE,TRUE
5105176,Juruena,resto_mt,Demais MT,FALSE,2016,1539961,0,1539961,0.8655,2,8,80.2,FALSE,8195114,8094832,0,100282,3,0,0,0,0,0,FALSE,TRUE,TRUE
5105176,Juruena,resto_mt,Demais MT,FALSE,2017,648278,0,648278,0.7853,3,6,74.8,FALSE,4195894,3645400,0,550494,3,0,0,0,0,0,FALSE,TRUE,TRUE
5105176,Juruena,resto_mt,Demais MT,FALSE,2018,499539,0,499539,0.704,2,6,55.8,FALSE,6361490,5879559,0,481931,3,0,0,0,0,0,FALSE,TRUE,TRUE
5105176,Juruena,resto_mt,Demais MT,FALSE,2019,14403213,0,14403213,3.1245,6,8,82.3,FALSE,11758781,11269445,0,489336,3,0,0,0,0,0,FALSE,TRUE,TRUE
5105176,Juruena,resto_mt,Demais MT,FALSE,2020,30061275,0,30061275,3.4128,8,12,86.7,FALSE,7097800,6613456,0,484344,3,0,0,0,0,0,FALSE,TRUE,TRUE
5105176,Juruena,resto_mt,Demais MT,FALSE,2021,14218047,0,14218047,3.2145,6,11,87.9,FALSE,9122627,8613896,0,508731,3,0,0,0,0,0,FALSE,TRUE,TRUE
5105176,Juruena,resto_mt,Demais MT,FALSE,2022,6191294,38470,6152824,3.1443,6,13,74.1,FALSE,7386148,6257256,0,1128892,3,0,0,0,0,0,FALSE,TRUE,TRUE
5105176,Juruena,resto_mt,Demais MT,FALSE,2023,10281429,0,10281429,2.5817,10,18,48.2,FALSE,8389834,4656945,0,3732889,3,0,0,0,0,0,FALSE,TRUE,TRUE
5105176,Juruena,resto_mt,Demais MT,FALSE,2024,19293580,0,19293580,2.9337,7,30,73.6,FALSE,9195000,7137000,0,2058000,3,0,0,0,0,0,FALSE,TRUE,TRUE
5105200,Juscimeira,pantanal_norte,Pantanal-13,TRUE,2000,0,0,0,,0,0,,FALSE,,,,,4,0,0,1,21.34295812191814,21.34295812191814,TRUE,TRUE,TRUE
5105200,Juscimeira,pantanal_norte,Pantanal-13,TRUE,2001,0,0,0,,0,0,,FALSE,,,,,4,0,0,1,21.34295812191814,21.34295812191814,TRUE,TRUE,TRUE
5105200,Juscimeira,pantanal_norte,Pantanal-13,TRUE,2002,0,0,0,,0,0,,FALSE,2362893,2362893,0,0,4,0,0,1,21.34295812191814,21.34295812191814,TRUE,TRUE,TRUE
5105200,Juscimeira,pantanal_norte,Pantanal-13,TRUE,2003,0,0,0,,0,0,,FALSE,2495812,2495812,0,0,4,0,0,1,21.34295812191814,21.34295812191814,TRUE,TRUE,TRUE
5105200,Juscimeira,pantanal_norte,Pantanal-13,TRUE,2004,0,0,0,,0,0,,FALSE,2129463,2129463,0,0,3,0,0,1,21.34295812191814,21.34295812191814,TRUE,TRUE,TRUE
5105200,Juscimeira,pantanal_norte,Pantanal-13,TRUE,2005,396771,0,396771,0.2419,1,2,100,FALSE,2173769,2173769,0,0,3,0,0,1,21.34295812191814,21.34295812191814,TRUE,TRUE,TRUE
5105200,Juscimeira,pantanal_norte,Pantanal-13,TRUE,2006,505814,0,505814,0.2211,1,2,100,FALSE,2961651,2961651,0,0,3,0,0,1,21.34295812191814,21.34295812191814,TRUE,TRUE,TRUE
5105200,Juscimeira,pantanal_norte,Pantanal-13,TRUE,2007,6376,0,6376,0.2706,1,1,100,FALSE,2920768,2920768,0,0,3,0,0,1,21.34295812191814,21.34295812191814,TRUE,TRUE,TRUE
5105200,Juscimeira,pantanal_norte,Pantanal-13,TRUE,2008,0,0,0,,0,0,,FALSE,2657277,2657277,0,0,3,0,0,1,21.34295812191814,21.34295812191814,TRUE,TRUE,TRUE
5105200,Juscimeira,pantanal_norte,Pantanal-13,TRUE,2009,0,0,0,,0,0,,FALSE,2448778,2448778,0,0,2,0,0,1,21.34295812191814,21.34295812191814,TRUE,TRUE,TRUE
5105200,Juscimeira,pantanal_norte,Pantanal-13,TRUE,2010,0,0,0,,0,0,,FALSE,1878062,1878062,0,0,2,0,0,1,21.34295812191814,21.34295812191814,TRUE,TRUE,TRUE
5105200,Juscimeira,pantanal_norte,Pantanal-13,TRUE,2011,0,0,0,,0,0,,FALSE,1441328,1441328,0,0,2,0,0,1,21.34295812191814,21.34295812191814,TRUE,TRUE,TRUE
5105200,Juscimeira,pantanal_norte,Pantanal-13,TRUE,2012,0,0,0,,0,0,,FALSE,1017913,1017913,0,0,2,0,0,1,21.34295812191814,21.34295812191814,TRUE,TRUE,TRUE
5105200,Juscimeira,pantanal_norte,Pantanal-13,TRUE,2013,0,0,0,,0,0,,FALSE,7779191,499786,6996998,282407,2,0,0,1,21.34295812191814,21.34295812191814,TRUE,TRUE,TRUE
5105200,Juscimeira,pantanal_norte,Pantanal-13,TRUE,2014,0,0,0,,0,0,,FALSE,10242191,570177,8017452,1654562,2,0,0,1,21.34295812191814,21.34295812191814,TRUE,TRUE,TRUE
5105200,Juscimeira,pantanal_norte,Pantanal-13,TRUE,2015,0,0,0,,0,0,,FALSE,9881743,586272,7420345,1875126,2,0,0,1,21.34295812191814,21.34295812191814,TRUE,TRUE,TRUE
5105200,Juscimeira,pantanal_norte,Pantanal-13,TRUE,2016,0,0,0,,0,0,,FALSE,7089061,673955,0,6415106,2,0,0,1,21.34295812191814,21.34295812191814,TRUE,TRUE,TRUE
5105200,Juscimeira,pantanal_norte,Pantanal-13,TRUE,2017,0,0,0,,0,0,,FALSE,1752624,796122,0,956502,2,0,0,1,21.34295812191814,21.34295812191814,TRUE,TRUE,TRUE
5105200,Juscimeira,pantanal_norte,Pantanal-13,TRUE,2018,0,0,0,,0,0,,FALSE,4403034,727786,0,3675248,2,0,0,1,21.34295812191814,21.34295812191814,TRUE,TRUE,TRUE
5105200,Juscimeira,pantanal_norte,Pantanal-13,TRUE,2019,0,0,0,,0,0,,FALSE,4978931,715287,0,4263644,2,0,0,1,21.34295812191814,21.34295812191814,TRUE,TRUE,TRUE
5105200,Juscimeira,pantanal_norte,Pantanal-13,TRUE,2020,0,0,0,,0,0,,FALSE,3415769,675800,0,2739969,2,0,0,1,21.34295812191814,21.34295812191814,TRUE,TRUE,TRUE
5105200,Juscimeira,pantanal_norte,Pantanal-13,TRUE,2021,0,0,0,,0,0,,FALSE,8593179,476504,0,8116675,2,0,0,1,21.34295812191814,21.34295812191814,TRUE,TRUE,TRUE
5105200,Juscimeira,pantanal_norte,Pantanal-13,TRUE,2022,0,0,0,,0,0,,FALSE,2659796,410704,0,2249092,2,0,0,1,21.34295812191814,21.34295812191814,TRUE,TRUE,TRUE
5105200,Juscimeira,pantanal_norte,Pantanal-13,TRUE,2023,1316,3300,-1984,329,5,1,47.5,FALSE,7603026,405453,3222669,3974904,2,0,0,1,21.34295812191814,21.34295812191814,TRUE,TRUE,TRUE
5105200,Juscimeira,pantanal_norte,Pantanal-13,TRUE,2024,0,1380845,-1380845,,0,0,,FALSE,11785000,277000,4760000,6748000,2,0,0,1,21.34295812191814,21.34295812191814,TRUE,TRUE,TRUE
5105234,Lambari D'Oeste,pantanal_norte,Pantanal-13,TRUE,2000,0,2560,-2560,,0,0,,FALSE,,,,,3,0,0,0,0,0,TRUE,TRUE,TRUE
5105234,Lambari D'Oeste,pantanal_norte,Pantanal-13,TRUE,2001,0,0,0,,0,0,,FALSE,,,,,3,0,0,0,0,0,TRUE,TRUE,TRUE
5105234,Lambari D'Oeste,pantanal_norte,Pantanal-13,TRUE,2002,0,0,0,,0,0,,FALSE,492703,492703,0,0,3,0,0,0,0,0,TRUE,TRUE,TRUE
5105234,Lambari D'Oeste,pantanal_norte,Pantanal-13,TRUE,2003,0,0,0,,0,0,,FALSE,396061,396061,0,0,2,0,0,0,0,0,TRUE,TRUE,TRUE
5105234,Lambari D'Oeste,pantanal_norte,Pantanal-13,TRUE,2004,0,0,0,,0,0,,FALSE,376136,376136,0,0,2,0,0,0,0,0,TRUE,TRUE,TRUE
5105234,Lambari D'Oeste,pantanal_norte,Pantanal-13,TRUE,2005,0,0,0,,0,0,,FALSE,947323,947323,0,0,2,0,0,0,0,0,TRUE,TRUE,TRUE
5105234,Lambari D'Oeste,pantanal_norte,Pantanal-13,TRUE,2006,0,0,0,,0,0,,FALSE,564908,564908,0,0,2,0,0,0,0,0,TRUE,TRUE,TRUE
5105234,Lambari D'Oeste,pantanal_norte,Pantanal-13,TRUE,2007,0,0,0,,0,0,,FALSE,844936,844936,0,0,2,0,0,0,0,0,TRUE,TRUE,TRUE
5105234,Lambari D'Oeste,pantanal_norte,Pantanal-13,TRUE,2008,0,0,0,,0,0,,FALSE,1160875,1160875,0,0,2,0,0,0,0,0,TRUE,TRUE,TRUE
5105234,Lambari D'Oeste,pantanal_norte,Pantanal-13,TRUE,2009,0,0,0,,0,0,,FALSE,1213804,1213804,0,0,2,0,0,0,0,0,TRUE,TRUE,TRUE
5105234,Lambari D'Oeste,pantanal_norte,Pantanal-13,TRUE,2010,0,0,0,,0,0,,FALSE,981011,981011,0,0,2,0,0,0,0,0,TRUE,TRUE,TRUE
5105234,Lambari D'Oeste,pantanal_norte,Pantanal-13,TRUE,2011,0,0,0,,0,0,,FALSE,1360097,1360097,0,0,2,0,0,0,0,0,TRUE,TRUE,TRUE
5105234,Lambari D'Oeste,pantanal_norte,Pantanal-13,TRUE,2012,0,0,0,,0,0,,FALSE,1547463,1547463,0,0,1,0,0,0,0,0,TRUE,TRUE,TRUE
5105234,Lambari D'Oeste,pantanal_norte,Pantanal-13,TRUE,2013,0,0,0,,0,0,,FALSE,1291267,1291267,0,0,1,0,0,0,0,0,TRUE,TRUE,TRUE
5105234,Lambari D'Oeste,pantanal_norte,Pantanal-13,TRUE,2014,0,0,0,,0,0,,FALSE,4271078,1268031,0,3003047,1,0,0,0,0,0,TRUE,TRUE,TRUE
5105234,Lambari D'Oeste,pantanal_norte,Pantanal-13,TRUE,2015,0,0,0,,0,0,,FALSE,4572290,1141108,358364,3072818,1,0,0,0,0,0,TRUE,TRUE,TRUE
5105234,Lambari D'Oeste,pantanal_norte,Pantanal-13,TRUE,2016,0,0,0,,0,0,,FALSE,1917157,1041164,233008,642985,1,0,0,0,0,0,TRUE,TRUE,TRUE
5105234,Lambari D'Oeste,pantanal_norte,Pantanal-13,TRUE,2017,0,0,0,,0,0,,FALSE,1472319,1030190,0,442129,1,0,0,0,0,0,TRUE,TRUE,TRUE
5105234,Lambari D'Oeste,pantanal_norte,Pantanal-13,TRUE,2018,0,0,0,,0,0,,FALSE,4377890,1127300,2582871,667719,1,0,0,0,0,0,TRUE,TRUE,TRUE
5105234,Lambari D'Oeste,pantanal_norte,Pantanal-13,TRUE,2019,0,0,0,,0,0,,FALSE,3056347,513402,1839691,703254,1,0,0,0,0,0,TRUE,TRUE,TRUE
5105234,Lambari D'Oeste,pantanal_norte,Pantanal-13,TRUE,2020,0,0,0,,0,0,,FALSE,2473706,536329,1867642,69735,1,0,0,0,0,0,TRUE,TRUE,TRUE
5105234,Lambari D'Oeste,pantanal_norte,Pantanal-13,TRUE,2021,0,0,0,,0,0,,FALSE,738925,491466,168042,79417,1,0,0,0,0,0,TRUE,TRUE,TRUE
5105234,Lambari D'Oeste,pantanal_norte,Pantanal-13,TRUE,2022,0,0,0,,0,0,,FALSE,3965790,457424,3330177,178189,1,0,0,0,0,0,TRUE,TRUE,TRUE
5105234,Lambari D'Oeste,pantanal_norte,Pantanal-13,TRUE,2023,0,0,0,,0,0,,FALSE,1353605,434788,556319,362498,1,0,0,0,0,0,TRUE,TRUE,TRUE
5105234,Lambari D'Oeste,pantanal_norte,Pantanal-13,TRUE,2024,0,0,0,,0,0,,FALSE,1802000,410000,1110000,282000,1,0,0,0,0,0,TRUE,TRUE,TRUE
5105259,Lucas do Rio Verde,resto_mt,Demais MT,FALSE,2000,98643,626472,-527829,0.5933,2,3,67.1,FALSE,,,,,3,0,0,0,0,0,FALSE,TRUE,TRUE
5105259,Lucas do Rio Verde,resto_mt,Demais MT,FALSE,2001,1131394,1021387,110007,1.316,3,6,64.3,FALSE,,,,,3,0,0,0,0,0,FALSE,TRUE,TRUE
5105259,Lucas do Rio Verde,resto_mt,Demais MT,FALSE,2002,61527,828606,-767079,1.2291,1,1,100,FALSE,475354,475354,0,0,3,0,0,0,0,0,FALSE,TRUE,TRUE
5105259,Lucas do Rio Verde,resto_mt,Demais MT,FALSE,2003,1494350,3542755,-2048405,1.1922,1,3,100,FALSE,707251,707251,0,0,3,0,0,0,0,0,FALSE,TRUE,TRUE
5105259,Lucas do Rio Verde,resto_mt,Demais MT,FALSE,2004,20442053,2290592,18151461,0.2219,4,22,46,FALSE,562723,562723,0,0,1,0,0,0,0,0,FALSE,TRUE,TRUE
5105259,Lucas do Rio Verde,resto_mt,Demais MT,FALSE,2005,15920369,0,15920369,0.424,3,20,59,FALSE,654104,654104,0,0,1,0,0,0,0,0,FALSE,TRUE,TRUE
5105259,Lucas do Rio Verde,resto_mt,Demais MT,FALSE,2006,36593125,1397943,35195182,0.1668,5,24,56.7,FALSE,863815,863815,0,0,1,0,0,0,0,0,FALSE,TRUE,TRUE
5105259,Lucas do Rio Verde,resto_mt,Demais MT,FALSE,2007,103520002,19122586,84397416,0.2436,3,32,53.5,FALSE,5246950,5246950,0,0,1,0,0,0,0,0,FALSE,TRUE,TRUE
5105259,Lucas do Rio Verde,resto_mt,Demais MT,FALSE,2008,274959691,21404713,253554978,0.4028,5,34,48.8,FALSE,,,,,,0,0,0,0,0,FALSE,TRUE,TRUE
5105259,Lucas do Rio Verde,resto_mt,Demais MT,FALSE,2009,365642005,4412007,361229998,0.3369,6,38,40.1,FALSE,319917,319917,0,0,1,0,0,0,0,0,FALSE,TRUE,TRUE
5105259,Lucas do Rio Verde,resto_mt,Demais MT,FALSE,2010,230788607,10194370,220594237,0.3721,6,28,51.7,FALSE,404336,404336,0,0,1,0,0,0,0,0,FALSE,TRUE,TRUE
5105259,Lucas do Rio Verde,resto_mt,Demais MT,FALSE,2011,415304043,12889102,402414941,0.4191,6,30,56.8,FALSE,426983,426983,0,0,1,0,0,0,0,0,FALSE,TRUE,TRUE
5105259,Lucas do Rio Verde,resto_mt,Demais MT,FALSE,2012,563187925,22904946,540282979,0.4496,7,36,45.4,FALSE,184362,184362,0,0,1,0,0,0,0,0,FALSE,TRUE,TRUE
5105259,Lucas do Rio Verde,resto_mt,Demais MT,FALSE,2013,705297083,15194108,690102975,0.3604,7,45,38.7,FALSE,50101178,29727,22951118,27120333,1,0,0,0,0,0,FALSE,TRUE,TRUE
5105259,Lucas do Rio Verde,resto_mt,Demais MT,FALSE,2014,498240893,43233250,455007643,0.3824,9,36,34.9,FALSE,56006732,0,33085983,22920749,0,0,0,0,0,0,FALSE,TRUE,TRUE
5105259,Lucas do Rio Verde,resto_mt,Demais MT,FALSE,2015,395038882,44328389,350710493,0.2863,8,36,33.3,FALSE,23857956,0,8454572,15403384,0,0,0,0,0,0,FALSE,TRUE,TRUE
5105259,Lucas do Rio Verde,resto_mt,Demais MT,FALSE,2016,372282388,17743346,354539042,0.2635,5,32,40.1,FALSE,22681456,0,5164529,17516927,0,0,0,0,0,0,FALSE,TRUE,TRUE
5105259,Lucas do Rio Verde,resto_mt,Demais MT,FALSE,2017,428751243,11545137,417206106,0.3014,7,35,47.9,FALSE,17410648,0,4116426,13294222,0,0,0,0,0,0,FALSE,TRUE,TRUE
5105259,Lucas do Rio Verde,resto_mt,Demais MT,FALSE,2018,367291645,26627007,340664638,0.3298,11,33,37.1,FALSE,13671477,0,4123654,9547823,0,0,0,0,0,0,FALSE,TRUE,TRUE
5105259,Lucas do Rio Verde,resto_mt,Demais MT,FALSE,2019,452021535,19046189,432975346,0.2811,10,43,46.9,FALSE,8976516,0,1779527,7196989,0,0,0,0,0,0,FALSE,TRUE,TRUE
5105259,Lucas do Rio Verde,resto_mt,Demais MT,FALSE,2020,467784616,16540992,451243624,0.3029,11,45,42,FALSE,6922827,0,1345260,5577567,0,0,0,0,0,0,FALSE,TRUE,TRUE
5105259,Lucas do Rio Verde,resto_mt,Demais MT,FALSE,2021,504381602,16901614,487479988,0.4419,11,40,41.9,FALSE,12404056,61002,6204905,6138149,1,0,0,0,0,0,FALSE,TRUE,TRUE
5105259,Lucas do Rio Verde,resto_mt,Demais MT,FALSE,2022,758067714,68169655,689898059,0.5153,15,58,30.2,FALSE,14701673,677987,5985627,8038059,2,0,0,0,0,0,FALSE,TRUE,TRUE
5105259,Lucas do Rio Verde,resto_mt,Demais MT,FALSE,2023,854550854,45671838,808879016,0.406,12,60,35.2,FALSE,19917474,38764,12476840,7401870,2,0,0,0,0,0,FALSE,TRUE,TRUE
5105259,Lucas do Rio Verde,resto_mt,Demais MT,FALSE,2024,570601586,33015208,537586378,0.3508,22,61,36.1,FALSE,9438000,167000,4420000,4851000,1,0,0,0,0,0,FALSE,TRUE,TRUE
5105309,Luciara,resto_mt,Demais MT,FALSE,2000,0,0,0,,0,0,,FALSE,,,,,3,0,0,5,34853.40259953669,34853.40259953669,FALSE,TRUE,TRUE
5105309,Luciara,resto_mt,Demais MT,FALSE,2001,0,0,0,,0,0,,FALSE,,,,,3,0,0,5,34853.40259953669,34853.40259953669,FALSE,TRUE,TRUE
5105309,Luciara,resto_mt,Demais MT,FALSE,2002,0,0,0,,0,0,,FALSE,374732,374732,0,0,3,0,0,5,34853.40259953669,34853.40259953669,FALSE,TRUE,TRUE
5105309,Luciara,resto_mt,Demais MT,FALSE,2003,0,0,0,,0,0,,FALSE,264041,264041,0,0,3,0,0,5,34853.40259953669,34853.40259953669,FALSE,TRUE,TRUE
5105309,Luciara,resto_mt,Demais MT,FALSE,2004,0,0,0,,0,0,,FALSE,195472,195472,0,0,3,0,0,5,34853.40259953669,34853.40259953669,FALSE,TRUE,TRUE
5105309,Luciara,resto_mt,Demais MT,FALSE,2005,0,0,0,,0,0,,FALSE,177623,177623,0,0,3,0,0,5,34853.40259953669,34853.40259953669,FALSE,TRUE,TRUE
5105309,Luciara,resto_mt,Demais MT,FALSE,2006,0,0,0,,0,0,,FALSE,356495,356495,0,0,2,0,0,5,34853.40259953669,34853.40259953669,FALSE,TRUE,TRUE
5105309,Luciara,resto_mt,Demais MT,FALSE,2007,0,0,0,,0,0,,FALSE,242528,242528,0,0,2,0,0,5,34853.40259953669,34853.40259953669,FALSE,TRUE,TRUE
5105309,Luciara,resto_mt,Demais MT,FALSE,2008,0,0,0,,0,0,,FALSE,364916,364916,0,0,2,0,0,5,34853.40259953669,34853.40259953669,FALSE,TRUE,TRUE
5105309,Luciara,resto_mt,Demais MT,FALSE,2009,0,0,0,,0,0,,FALSE,583379,583379,0,0,2,0,0,5,34853.40259953669,34853.40259953669,FALSE,TRUE,TRUE
5105309,Luciara,resto_mt,Demais MT,FALSE,2010,0,0,0,,0,0,,FALSE,497134,497134,0,0,2,0,0,5,34853.40259953669,34853.40259953669,FALSE,TRUE,TRUE
5105309,Luciara,resto_mt,Demais MT,FALSE,2011,0,0,0,,0,0,,FALSE,131219,131219,0,0,2,0,0,5,34853.40259953669,34853.40259953669,FALSE,TRUE,TRUE
5105309,Luciara,resto_mt,Demais MT,FALSE,2012,0,0,0,,0,0,,FALSE,60800,60800,0,0,2,0,0,5,34853.40259953669,34853.40259953669,FALSE,TRUE,TRUE
5105309,Luciara,resto_mt,Demais MT,FALSE,2013,0,0,0,,0,0,,FALSE,18579,18579,0,0,1,0,0,5,34853.40259953669,34853.40259953669,FALSE,TRUE,TRUE
5105309,Luciara,resto_mt,Demais MT,FALSE,2014,0,0,0,,0,0,,FALSE,183646,15741,0,167905,1,0,0,5,34853.40259953669,34853.40259953669,FALSE,TRUE,TRUE
5105309,Luciara,resto_mt,Demais MT,FALSE,2015,0,0,0,,0,0,,FALSE,224764,17290,0,207474,1,0,0,5,34853.40259953669,34853.40259953669,FALSE,TRUE,TRUE
5105309,Luciara,resto_mt,Demais MT,FALSE,2016,0,0,0,,0,0,,FALSE,128302,16222,0,112080,1,0,0,5,34853.40259953669,34853.40259953669,FALSE,TRUE,TRUE
5105309,Luciara,resto_mt,Demais MT,FALSE,2017,0,0,0,,0,0,,FALSE,134373,15894,0,118479,1,0,0,5,34853.40259953669,34853.40259953669,FALSE,TRUE,TRUE
5105309,Luciara,resto_mt,Demais MT,FALSE,2018,0,0,0,,0,0,,FALSE,127118,19557,0,107561,1,0,0,5,34853.40259953669,34853.40259953669,FALSE,TRUE,TRUE
5105309,Luciara,resto_mt,Demais MT,FALSE,2019,0,0,0,,0,0,,FALSE,335583,20055,0,315528,1,0,0,5,34853.40259953669,34853.40259953669,FALSE,TRUE,TRUE
5105309,Luciara,resto_mt,Demais MT,FALSE,2020,0,0,0,,0,0,,FALSE,403198,17751,0,385447,1,0,0,5,34853.40259953669,34853.40259953669,FALSE,TRUE,TRUE
5105309,Luciara,resto_mt,Demais MT,FALSE,2021,0,0,0,,0,0,,FALSE,412049,21869,0,390180,1,0,0,5,34853.40259953669,34853.40259953669,FALSE,TRUE,TRUE
5105309,Luciara,resto_mt,Demais MT,FALSE,2022,0,0,0,,0,0,,FALSE,373762,20644,0,353118,1,0,0,5,34853.40259953669,34853.40259953669,FALSE,TRUE,TRUE
5105309,Luciara,resto_mt,Demais MT,FALSE,2023,0,0,0,,0,0,,FALSE,354116,23049,0,331067,1,0,0,5,34853.40259953669,34853.40259953669,FALSE,TRUE,TRUE
5105309,Luciara,resto_mt,Demais MT,FALSE,2024,0,0,0,,0,0,,FALSE,147000,21000,0,126000,1,0,0,5,34853.40259953669,34853.40259953669,FALSE,TRUE,TRUE
5105507,Vila Bela da Santíssima Trindade,resto_mt,Demais MT,FALSE,2000,0,0,0,,0,0,,FALSE,,,,,2,1,158501.54582240363,3,17726.467994619365,176228.013817023,FALSE,TRUE,TRUE
5105507,Vila Bela da Santíssima Trindade,resto_mt,Demais MT,FALSE,2001,0,0,0,,0,0,,FALSE,,,,,2,1,158501.54582240363,3,17726.467994619365,176228.013817023,FALSE,TRUE,TRUE
5105507,Vila Bela da Santíssima Trindade,resto_mt,Demais MT,FALSE,2002,0,0,0,,0,0,,FALSE,5041531,5041531,0,0,2,1,158501.54582240363,3,17726.467994619365,176228.013817023,FALSE,TRUE,TRUE
5105507,Vila Bela da Santíssima Trindade,resto_mt,Demais MT,FALSE,2003,0,0,0,,0,0,,FALSE,5412831,5412831,0,0,2,1,158501.54582240363,3,17726.467994619365,176228.013817023,FALSE,TRUE,TRUE
5105507,Vila Bela da Santíssima Trindade,resto_mt,Demais MT,FALSE,2004,0,0,0,,0,0,,FALSE,7259128,7259128,0,0,3,1,158501.54582240363,3,17726.467994619365,176228.013817023,FALSE,TRUE,TRUE
5105507,Vila Bela da Santíssima Trindade,resto_mt,Demais MT,FALSE,2005,0,0,0,,0,0,,FALSE,6067380,6067380,0,0,3,1,158501.54582240363,3,17726.467994619365,176228.013817023,FALSE,TRUE,TRUE
5105507,Vila Bela da Santíssima Trindade,resto_mt,Demais MT,FALSE,2006,0,0,0,,0,0,,FALSE,5215797,5215797,0,0,3,1,158501.54582240363,3,17726.467994619365,176228.013817023,FALSE,TRUE,TRUE
5105507,Vila Bela da Santíssima Trindade,resto_mt,Demais MT,FALSE,2007,0,0,0,,0,0,,FALSE,5791986,5791986,0,0,3,1,158501.54582240363,3,17726.467994619365,176228.013817023,FALSE,TRUE,TRUE
5105507,Vila Bela da Santíssima Trindade,resto_mt,Demais MT,FALSE,2008,0,120000,-120000,,0,0,,FALSE,6110511,6110511,0,0,3,1,158501.54582240363,3,17726.467994619365,176228.013817023,FALSE,TRUE,TRUE
5105507,Vila Bela da Santíssima Trindade,resto_mt,Demais MT,FALSE,2009,0,0,0,,0,0,,FALSE,10898358,10898358,0,0,3,1,158501.54582240363,3,17726.467994619365,176228.013817023,FALSE,TRUE,TRUE
5105507,Vila Bela da Santíssima Trindade,resto_mt,Demais MT,FALSE,2010,35316662,611687,34704975,40132.5705,1,2,100,FALSE,5126005,5126005,0,0,3,1,158501.54582240363,3,17726.467994619365,176228.013817023,FALSE,TRUE,TRUE
5105507,Vila Bela da Santíssima Trindade,resto_mt,Demais MT,FALSE,2011,99615235,6082228,93533007,50463.6449,1,2,100,FALSE,4532268,4532268,0,0,3,1,158501.54582240363,3,17726.467994619365,176228.013817023,FALSE,TRUE,TRUE
5105507,Vila Bela da Santíssima Trindade,resto_mt,Demais MT,FALSE,2012,102098507,12509789,89588718,53482.7171,1,2,100,FALSE,4356040,4356040,0,0,3,1,158501.54582240363,3,17726.467994619365,176228.013817023,FALSE,TRUE,TRUE
5105507,Vila Bela da Santíssima Trindade,resto_mt,Demais MT,FALSE,2013,176332647,14867371,161465276,3017.0182,2,6,99.9,FALSE,4152493,2705159,0,1447334,3,1,158501.54582240363,3,17726.467994619365,176228.013817023,FALSE,TRUE,TRUE
5105507,Vila Bela da Santíssima Trindade,resto_mt,Demais MT,FALSE,2014,111418100,8156344,103261756,40574.6905,1,3,100,FALSE,3695654,1679048,0,2016606,3,1,158501.54582240363,3,17726.467994619365,176228.013817023,FALSE,TRUE,TRUE
5105507,Vila Bela da Santíssima Trindade,resto_mt,Demais MT,FALSE,2015,69587919,3176574,66411345,37513.703,1,1,100,FALSE,3602506,1197692,0,2404814,3,1,158501.54582240363,3,17726.467994619365,176228.013817023,FALSE,TRUE,TRUE
5105507,Vila Bela da Santíssima Trindade,resto_mt,Demais MT,FALSE,2016,59781443,107760,59673683,40014.3527,1,1,100,FALSE,2880161,1126699,0,1753462,3,1,158501.54582240363,3,17726.467994619365,176228.013817023,FALSE,TRUE,TRUE
5105507,Vila Bela da Santíssima Trindade,resto_mt,Demais MT,FALSE,2017,12312188,971,12311217,39845.2686,1,3,100,FALSE,2193308,1866768,0,326540,4,1,158501.54582240363,3,17726.467994619365,176228.013817023,FALSE,TRUE,TRUE
5105507,Vila Bela da Santíssima Trindade,resto_mt,Demais MT,FALSE,2018,0,0,0,,0,0,,FALSE,2342605,1895596,0,447009,4,1,158501.54582240363,3,17726.467994619365,176228.013817023,FALSE,TRUE,TRUE
5105507,Vila Bela da Santíssima Trindade,resto_mt,Demais MT,FALSE,2019,0,0,0,,0,0,,FALSE,2409246,1981411,0,427835,4,1,158501.54582240363,3,17726.467994619365,176228.013817023,FALSE,TRUE,TRUE
5105507,Vila Bela da Santíssima Trindade,resto_mt,Demais MT,FALSE,2020,1525313,1220655,304658,3204.4391,2,2,99.3,FALSE,1811853,1406120,0,405733,3,1,158501.54582240363,3,17726.467994619365,176228.013817023,FALSE,TRUE,TRUE
5105507,Vila Bela da Santíssima Trindade,resto_mt,Demais MT,FALSE,2021,0,47998,-47998,,0,0,,FALSE,2743924,2358347,0,385577,4,1,158501.54582240363,3,17726.467994619365,176228.013817023,FALSE,TRUE,TRUE
5105507,Vila Bela da Santíssima Trindade,resto_mt,Demais MT,FALSE,2022,0,0,0,,0,0,,FALSE,783379,485673,0,297706,4,1,158501.54582240363,3,17726.467994619365,176228.013817023,FALSE,TRUE,TRUE
5105507,Vila Bela da Santíssima Trindade,resto_mt,Demais MT,FALSE,2023,85007,0,85007,1.6698,2,2,58.8,FALSE,517554,354116,0,163438,4,1,158501.54582240363,3,17726.467994619365,176228.013817023,FALSE,TRUE,TRUE
5105507,Vila Bela da Santíssima Trindade,resto_mt,Demais MT,FALSE,2024,90000,0,90000,50,1,1,100,FALSE,634000,269000,0,365000,3,1,158501.54582240363,3,17726.467994619365,176228.013817023,FALSE,TRUE,TRUE
5105580,Marcelândia,resto_mt,Demais MT,FALSE,2000,1726221,0,1726221,0.5659,3,13,73.1,FALSE,,,,,3,1,14.358674893081188,2,143550.11801478235,143564.47668967542,FALSE,TRUE,TRUE
5105580,Marcelândia,resto_mt,Demais MT,FALSE,2001,1426462,0,1426462,0.5126,4,11,53.4,FALSE,,,,,3,1,14.358674893081188,2,143550.11801478235,143564.47668967542,FALSE,TRUE,TRUE
5105580,Marcelândia,resto_mt,Demais MT,FALSE,2002,2783654,0,2783654,0.4789,3,10,81.3,FALSE,53992616,53992616,0,0,3,1,14.358674893081188,2,143550.11801478235,143564.47668967542,FALSE,TRUE,TRUE
5105580,Marcelândia,resto_mt,Demais MT,FALSE,2003,4627948,0,4627948,0.4618,3,14,84.5,FALSE,63602338,63602338,0,0,3,1,14.358674893081188,2,143550.11801478235,143564.47668967542,FALSE,TRUE,TRUE
5105580,Marcelândia,resto_mt,Demais MT,FALSE,2004,215382,0,215382,0.4987,3,3,43,FALSE,52004503,52004503,0,0,3,1,14.358674893081188,2,143550.11801478235,143564.47668967542,FALSE,TRUE,TRUE
5105580,Marcelândia,resto_mt,Demais MT,FALSE,2005,34496,0,34496,0.6468,1,1,100,FALSE,39361847,39361847,0,0,3,1,14.358674893081188,2,143550.11801478235,143564.47668967542,FALSE,TRUE,TRUE
5105580,Marcelândia,resto_mt,Demais MT,FALSE,2006,0,0,0,,0,0,,FALSE,30310306,30310306,0,0,3,1,14.358674893081188,2,143550.11801478235,143564.47668967542,FALSE,TRUE,TRUE
5105580,Marcelândia,resto_mt,Demais MT,FALSE,2007,0,0,0,,0,0,,FALSE,28975578,28975578,0,0,3,1,14.358674893081188,2,143550.11801478235,143564.47668967542,FALSE,TRUE,TRUE
5105580,Marcelândia,resto_mt,Demais MT,FALSE,2008,0,0,0,,0,0,,FALSE,47892205,47892205,0,0,3,1,14.358674893081188,2,143550.11801478235,143564.47668967542,FALSE,TRUE,TRUE
5105580,Marcelândia,resto_mt,Demais MT,FALSE,2009,0,0,0,,0,0,,FALSE,205175168,205175168,0,0,4,1,14.358674893081188,2,143550.11801478235,143564.47668967542,FALSE,TRUE,TRUE
5105580,Marcelândia,resto_mt,Demais MT,FALSE,2010,0,0,0,,0,0,,FALSE,18075797,18075797,0,0,4,1,14.358674893081188,2,143550.11801478235,143564.47668967542,FALSE,TRUE,TRUE
5105580,Marcelândia,resto_mt,Demais MT,FALSE,2011,0,0,0,,0,0,,FALSE,13944640,13944640,0,0,4,1,14.358674893081188,2,143550.11801478235,143564.47668967542,FALSE,TRUE,TRUE
5105580,Marcelândia,resto_mt,Demais MT,FALSE,2012,0,0,0,,0,0,,FALSE,16037523,16037523,0,0,3,1,14.358674893081188,2,143550.11801478235,143564.47668967542,FALSE,TRUE,TRUE
5105580,Marcelândia,resto_mt,Demais MT,FALSE,2013,137075,0,137075,1.3707,1,1,100,FALSE,26735740,20193937,6539945,1858,3,1,14.358674893081188,2,143550.11801478235,143564.47668967542,FALSE,TRUE,TRUE
5105580,Marcelândia,resto_mt,Demais MT,FALSE,2014,1048025,0,1048025,1.3745,3,3,81.9,FALSE,15128919,14457300,0,671619,3,1,14.358674893081188,2,143550.11801478235,143564.47668967542,FALSE,TRUE,TRUE
5105580,Marcelândia,resto_mt,Demais MT,FALSE,2015,487813,0,487813,1.4671,2,3,79.2,FALSE,27972860,27388160,0,584700,3,1,14.358674893081188,2,143550.11801478235,143564.47668967542,FALSE,TRUE,TRUE
5105580,Marcelândia,resto_mt,Demais MT,FALSE,2016,863827,0,863827,1.299,2,2,73.1,FALSE,29033149,28795716,0,237433,3,1,14.358674893081188,2,143550.11801478235,143564.47668967542,FALSE,TRUE,TRUE
5105580,Marcelândia,resto_mt,Demais MT,FALSE,2017,340018,0,340018,1.4317,2,1,80,FALSE,60656966,60461909,7224,187833,3,1,14.358674893081188,2,143550.11801478235,143564.47668967542,FALSE,TRUE,TRUE
5105580,Marcelândia,resto_mt,Demais MT,FALSE,2018,11757475,0,11757475,0.3615,4,6,79.7,FALSE,21783285,21274813,312906,195566,3,1,14.358674893081188,2,143550.11801478235,143564.47668967542,FALSE,TRUE,TRUE
5105580,Marcelândia,resto_mt,Demais MT,FALSE,2019,51489346,0,51489346,0.2785,4,17,74.3,FALSE,18812713,18184330,377030,251353,3,1,14.358674893081188,2,143550.11801478235,143564.47668967542,FALSE,TRUE,TRUE
5105580,Marcelândia,resto_mt,Demais MT,FALSE,2020,45625519,0,45625519,0.2528,4,17,56.8,FALSE,14832094,14232369,349945,249780,3,1,14.358674893081188,2,143550.11801478235,143564.47668967542,FALSE,TRUE,TRUE
5105580,Marcelândia,resto_mt,Demais MT,FALSE,2021,87678363,0,87678363,0.379,4,21,79.7,FALSE,17170244,16628134,296952,245158,3,1,14.358674893081188,2,143550.11801478235,143564.47668967542,FALSE,TRUE,TRUE
5105580,Marcelândia,resto_mt,Demais MT,FALSE,2022,114447577,244600,114202977,0.3753,2,20,66.2,FALSE,19990841,19570359,245553,174929,3,1,14.358674893081188,2,143550.11801478235,143564.47668967542,FALSE,TRUE,TRUE
5105580,Marcelândia,resto_mt,Demais MT,FALSE,2023,102253989,0,102253989,0.4053,2,15,80.1,FALSE,10653874,9764392,691470,198012,3,1,14.358674893081188,2,143550.11801478235,143564.47668967542,FALSE,TRUE,TRUE
5105580,Marcelândia,resto_mt,Demais MT,FALSE,2024,74363799,202795,74161004,0.2756,2,13,56.8,FALSE,15056000,14495000,0,561000,3,1,14.358674893081188,2,143550.11801478235,143564.47668967542,FALSE,TRUE,TRUE
5105606,Matupá,resto_mt,Demais MT,FALSE,2000,0,0,0,,0,0,,FALSE,,,,,3,0,0,3,107218.23565422323,107218.23565422323,FALSE,TRUE,TRUE
5105606,Matupá,resto_mt,Demais MT,FALSE,2001,177276,0,177276,0.4544,1,3,100,FALSE,,,,,3,0,0,3,107218.23565422323,107218.23565422323,FALSE,TRUE,TRUE
5105606,Matupá,resto_mt,Demais MT,FALSE,2002,2019718,0,2019718,0.5331,1,7,100,FALSE,607204,607204,0,0,3,0,0,3,107218.23565422323,107218.23565422323,FALSE,TRUE,TRUE
5105606,Matupá,resto_mt,Demais MT,FALSE,2003,3812232,0,3812232,0.4822,1,10,100,FALSE,861275,861275,0,0,3,0,0,3,107218.23565422323,107218.23565422323,FALSE,TRUE,TRUE
5105606,Matupá,resto_mt,Demais MT,FALSE,2004,6093681,0,6093681,0.6675,1,8,100,FALSE,728578,728578,0,0,3,0,0,3,107218.23565422323,107218.23565422323,FALSE,TRUE,TRUE
5105606,Matupá,resto_mt,Demais MT,FALSE,2005,2485277,0,2485277,0.5453,2,5,95.6,FALSE,1787509,1787509,0,0,3,0,0,3,107218.23565422323,107218.23565422323,FALSE,TRUE,TRUE
5105606,Matupá,resto_mt,Demais MT,FALSE,2006,579527,0,579527,0.4671,3,6,72.1,FALSE,1080454,1080454,0,0,3,0,0,3,107218.23565422323,107218.23565422323,FALSE,TRUE,TRUE
5105606,Matupá,resto_mt,Demais MT,FALSE,2007,0,0,0,,0,0,,FALSE,1629893,1629893,0,0,3,0,0,3,107218.23565422323,107218.23565422323,FALSE,TRUE,TRUE
5105606,Matupá,resto_mt,Demais MT,FALSE,2008,12953861,0,12953861,3.2157,4,14,57,FALSE,1636001,1636001,0,0,3,0,0,3,107218.23565422323,107218.23565422323,FALSE,TRUE,TRUE
5105606,Matupá,resto_mt,Demais MT,FALSE,2009,23554966,0,23554966,3.0165,4,20,60.7,FALSE,6995838,6995838,0,0,3,0,0,3,107218.23565422323,107218.23565422323,FALSE,TRUE,TRUE
5105606,Matupá,resto_mt,Demais MT,FALSE,2010,24230301,0,24230301,3.3565,3,21,76.6,FALSE,18648053,18648053,0,0,3,0,0,3,107218.23565422323,107218.23565422323,FALSE,TRUE,TRUE
5105606,Matupá,resto_mt,Demais MT,FALSE,2011,20968736,0,20968736,4.3748,4,21,72.7,FALSE,33052650,33052650,0,0,3,0,0,3,107218.23565422323,107218.23565422323,FALSE,TRUE,TRUE
5105606,Matupá,resto_mt,Demais MT,FALSE,2012,48906671,0,48906671,4.3739,5,24,42.1,FALSE,8555176,8555176,0,0,3,0,0,3,107218.23565422323,107218.23565422323,FALSE,TRUE,TRUE
5105606,Matupá,resto_mt,Demais MT,FALSE,2013,51367389,0,51367389,4.0726,4,21,62.2,FALSE,10307844,4813919,2627125,2866800,3,0,0,3,107218.23565422323,107218.23565422323,FALSE,TRUE,TRUE
5105606,Matupá,resto_mt,Demais MT,FALSE,2014,61116477,0,61116477,1.0152,7,31,44.7,FALSE,4554417,3872304,682113,0,3,0,0,3,107218.23565422323,107218.23565422323,FALSE,TRUE,TRUE
5105606,Matupá,resto_mt,Demais MT,FALSE,2015,218735442,0,218735442,0.3787,8,29,83,FALSE,9656979,9220026,381941,55012,3,0,0,3,107218.23565422323,107218.23565422323,FALSE,TRUE,TRUE
5105606,Matupá,resto_mt,Demais MT,FALSE,2016,213257521,0,213257521,0.3255,5,25,73.9,FALSE,5003783,3425814,0,1577969,3,0,0,3,107218.23565422323,107218.23565422323,FALSE,TRUE,TRUE
5105606,Matupá,resto_mt,Demais MT,FALSE,2017,112419632,0,112419632,0.321,6,29,66.7,FALSE,4298479,2846388,0,1452091,4,0,0,3,107218.23565422323,107218.23565422323,FALSE,TRUE,TRUE
5105606,Matupá,resto_mt,Demais MT,FALSE,2018,142743507,0,142743507,0.404,6,35,84.4,FALSE,3781413,2075796,0,1705617,3,0,0,3,107218.23565422323,107218.23565422323,FALSE,TRUE,TRUE
5105606,Matupá,resto_mt,Demais MT,FALSE,2019,464963981,0,464963981,0.3398,6,41,81.2,FALSE,2427964,593621,0,1834343,3,0,0,3,107218.23565422323,107218.23565422323,FALSE,TRUE,TRUE
5105606,Matupá,resto_mt,Demais MT,FALSE,2020,244326805,106888,244219917,0.3233,5,38,54.5,FALSE,4692561,2823651,0,1868910,3,0,0,3,107218.23565422323,107218.23565422323,FALSE,TRUE,TRUE
5105606,Matupá,resto_mt,Demais MT,FALSE,2021,411360592,19053,411341539,0.404,6,35,67.8,FALSE,3388470,1746029,0,1642441,2,0,0,3,107218.23565422323,107218.23565422323,FALSE,TRUE,TRUE
5105606,Matupá,resto_mt,Demais MT,FALSE,2022,733604114,97089,733507025,0.5242,6,43,52.8,FALSE,2714121,1768851,0,945270,2,0,0,3,107218.23565422323,107218.23565422323,FALSE,TRUE,TRUE
5105606,Matupá,resto_mt,Demais MT,FALSE,2023,774332695,148490,774184205,0.4236,6,41,52.5,FALSE,2204322,1086446,108959,1008917,2,0,0,3,107218.23565422323,107218.23565422323,FALSE,TRUE,TRUE
5105606,Matupá,resto_mt,Demais MT,FALSE,2024,701014720,6925612,694089108,0.3918,6,43,52.2,FALSE,3154000,1517000,648000,989000,2,0,0,3,107218.23565422323,107218.23565422323,FALSE,TRUE,TRUE
5105622,Mirassol D'Oeste,pantanal_norte,Pantanal-13,TRUE,2000,992907,0,992907,1.457,3,6,45.4,FALSE,,,,,2,0,0,0,0,0,TRUE,TRUE,TRUE
5105622,Mirassol D'Oeste,pantanal_norte,Pantanal-13,TRUE,2001,469541,6712,462829,0.8179,2,2,69.6,FALSE,,,,,2,0,0,0,0,0,TRUE,TRUE,TRUE
5105622,Mirassol D'Oeste,pantanal_norte,Pantanal-13,TRUE,2002,1013462,0,1013462,0.9176,3,3,35.9,FALSE,482294,482294,0,0,2,0,0,0,0,0,TRUE,TRUE,TRUE
5105622,Mirassol D'Oeste,pantanal_norte,Pantanal-13,TRUE,2003,1464244,0,1464244,0.9585,3,6,35.1,FALSE,496648,496648,0,0,2,0,0,0,0,0,TRUE,TRUE,TRUE
5105622,Mirassol D'Oeste,pantanal_norte,Pantanal-13,TRUE,2004,8365249,0,8365249,1.7663,3,15,89.2,FALSE,636766,636766,0,0,2,0,0,0,0,0,TRUE,TRUE,TRUE
5105622,Mirassol D'Oeste,pantanal_norte,Pantanal-13,TRUE,2005,6116726,0,6116726,1.6027,4,20,83,FALSE,890935,890935,0,0,2,0,0,0,0,0,TRUE,TRUE,TRUE
5105622,Mirassol D'Oeste,pantanal_norte,Pantanal-13,TRUE,2006,13475697,0,13475697,1.9203,10,19,91.3,FALSE,691052,691052,0,0,2,0,0,0,0,0,TRUE,TRUE,TRUE
5105622,Mirassol D'Oeste,pantanal_norte,Pantanal-13,TRUE,2007,10323187,0,10323187,1.3983,5,15,82.4,FALSE,902309,902309,0,0,2,0,0,0,0,0,TRUE,TRUE,TRUE
5105622,Mirassol D'Oeste,pantanal_norte,Pantanal-13,TRUE,2008,587573,149642,437931,3.2911,3,2,88.2,FALSE,1111893,1111893,0,0,2,0,0,0,0,0,TRUE,TRUE,TRUE
5105622,Mirassol D'Oeste,pantanal_norte,Pantanal-13,TRUE,2009,2961,647539,-644578,4.2361,1,1,100,FALSE,2397027,2397027,0,0,2,0,0,0,0,0,TRUE,TRUE,TRUE
5105622,Mirassol D'Oeste,pantanal_norte,Pantanal-13,TRUE,2010,0,21451,-21451,,0,0,,FALSE,2021679,2021679,0,0,2,0,0,0,0,0,TRUE,TRUE,TRUE
5105622,Mirassol D'Oeste,pantanal_norte,Pantanal-13,TRUE,2011,204281,117630,86651,10.7954,1,2,100,FALSE,2599389,2599389,0,0,2,0,0,0,0,0,TRUE,TRUE,TRUE
5105622,Mirassol D'Oeste,pantanal_norte,Pantanal-13,TRUE,2012,159439,2116641,-1957202,9.0575,1,2,100,FALSE,2433969,2433969,0,0,1,0,0,0,0,0,TRUE,TRUE,TRUE
5105622,Mirassol D'Oeste,pantanal_norte,Pantanal-13,TRUE,2013,904503,13341,891162,8.762,1,1,100,FALSE,7760610,1209518,1358153,5192939,1,0,0,0,0,0,TRUE,TRUE,TRUE
5105622,Mirassol D'Oeste,pantanal_norte,Pantanal-13,TRUE,2014,6475720,18844,6456876,5.4899,4,10,52.8,FALSE,3300377,1208564,55968,2035845,1,0,0,0,0,0,TRUE,TRUE,TRUE
5105622,Mirassol D'Oeste,pantanal_norte,Pantanal-13,TRUE,2015,52572573,8506,52564067,4.0365,5,27,83.3,FALSE,1667652,1071950,0,595702,1,0,0,0,0,0,TRUE,TRUE,TRUE
5105622,Mirassol D'Oeste,pantanal_norte,Pantanal-13,TRUE,2016,0,33773,-33773,,0,0,,FALSE,4863682,923185,1788856,2151641,2,0,0,0,0,0,TRUE,TRUE,TRUE
5105622,Mirassol D'Oeste,pantanal_norte,Pantanal-13,TRUE,2017,45826634,69297,45757337,4.203,4,20,87,FALSE,2840609,930494,1602358,307757,2,0,0,0,0,0,TRUE,TRUE,TRUE
5105622,Mirassol D'Oeste,pantanal_norte,Pantanal-13,TRUE,2018,90184785,1058099,89126686,3.8683,4,25,77.6,FALSE,2054842,998785,11175,1044882,2,0,0,0,0,0,TRUE,TRUE,TRUE
5105622,Mirassol D'Oeste,pantanal_norte,Pantanal-13,TRUE,2019,93013397,68006,92945391,3.3893,6,42,72.4,FALSE,2187308,1176547,10696,1000065,2,0,0,0,0,0,TRUE,TRUE,TRUE
5105622,Mirassol D'Oeste,pantanal_norte,Pantanal-13,TRUE,2020,84025520,86868,83938652,3.6852,8,32,74.1,FALSE,4910643,1228612,2616981,1065050,2,0,0,0,0,0,TRUE,TRUE,TRUE
5105622,Mirassol D'Oeste,pantanal_norte,Pantanal-13,TRUE,2021,24856388,81984,24774404,3.4166,6,25,62.2,FALSE,4892794,1123351,2353744,1415699,2,0,0,0,0,0,TRUE,TRUE,TRUE
5105622,Mirassol D'Oeste,pantanal_norte,Pantanal-13,TRUE,2022,107977034,46737,107930297,4.5816,7,35,76.1,FALSE,4356935,670381,2531586,1154968,2,0,0,0,0,0,TRUE,TRUE,TRUE
5105622,Mirassol D'Oeste,pantanal_norte,Pantanal-13,TRUE,2023,111653862,25409,111628453,3.9135,8,39,64.8,FALSE,3161903,591940,2343664,226299,2,0,0,0,0,0,TRUE,TRUE,TRUE
5105622,Mirassol D'Oeste,pantanal_norte,Pantanal-13,TRUE,2024,184175231,138868,184036363,3.9595,7,41,78.1,FALSE,1424000,536000,0,888000,1,0,0,0,0,0,TRUE,TRUE,TRUE
5105903,Nobres,resto_mt,Demais MT,FALSE,2000,156000,705362,-549362,0.0525,1,1,100,FALSE,,,,,3,3,79701.65848306716,1,35024.744345678046,114726.40282874521,FALSE,TRUE,TRUE
5105903,Nobres,resto_mt,Demais MT,FALSE,2001,117500,1320614,-1203114,0.05,1,1,100,FALSE,,,,,3,3,79701.65848306716,1,35024.744345678046,114726.40282874521,FALSE,TRUE,TRUE
5105903,Nobres,resto_mt,Demais MT,FALSE,2002,241195,724860,-483665,0.05,1,1,100,FALSE,430248,430248,0,0,3,3,79701.65848306716,1,35024.744345678046,114726.40282874521,FALSE,TRUE,TRUE
5105903,Nobres,resto_mt,Demais MT,FALSE,2003,197200,1151604,-954404,0.0436,1,1,100,FALSE,301761,301761,0,0,3,3,79701.65848306716,1,35024.744345678046,114726.40282874521,FALSE,TRUE,TRUE
5105903,Nobres,resto_mt,Demais MT,FALSE,2004,184800,702475,-517675,0.04,1,1,100,FALSE,663421,663421,0,0,3,3,79701.65848306716,1,35024.744345678046,114726.40282874521,FALSE,TRUE,TRUE
5105903,Nobres,resto_mt,Demais MT,FALSE,2005,397400,307681,89719,0.0725,2,2,59.1,FALSE,702034,702034,0,0,2,3,79701.65848306716,1,35024.744345678046,114726.40282874521,FALSE,TRUE,TRUE
5105903,Nobres,resto_mt,Demais MT,FALSE,2006,325120,471264,-146144,0.04,1,1,100,FALSE,915918,915918,0,0,2,3,79701.65848306716,1,35024.744345678046,114726.40282874521,FALSE,TRUE,TRUE
5105903,Nobres,resto_mt,Demais MT,FALSE,2007,498046,0,498046,0.0434,1,1,100,FALSE,649349,649349,0,0,2,3,79701.65848306716,1,35024.744345678046,114726.40282874521,FALSE,TRUE,TRUE
5105903,Nobres,resto_mt,Demais MT,FALSE,2008,302808,407482,-104674,0.0489,1,1,100,FALSE,541252,541252,0,0,2,3,79701.65848306716,1,35024.744345678046,114726.40282874521,FALSE,TRUE,TRUE
5105903,Nobres,resto_mt,Demais MT,FALSE,2009,414736,3828460,-3413724,0.056,1,1,100,FALSE,649244,649244,0,0,2,3,79701.65848306716,1,35024.744345678046,114726.40282874521,FALSE,TRUE,TRUE
5105903,Nobres,resto_mt,Demais MT,FALSE,2010,506464,34245,472219,0.056,1,1,100,FALSE,921355,921355,0,0,2,3,79701.65848306716,1,35024.744345678046,114726.40282874521,FALSE,TRUE,TRUE
5105903,Nobres,resto_mt,Demais MT,FALSE,2011,682416,8019,674397,0.056,1,1,100,FALSE,595693,595693,0,0,2,3,79701.65848306716,1,35024.744345678046,114726.40282874521,FALSE,TRUE,TRUE
5105903,Nobres,resto_mt,Demais MT,FALSE,2012,493696,36133,457563,0.056,1,1,100,FALSE,427563,427563,0,0,1,3,79701.65848306716,1,35024.744345678046,114726.40282874521,FALSE,TRUE,TRUE
5105903,Nobres,resto_mt,Demais MT,FALSE,2013,547680,2066580,-1518900,0.056,1,1,100,FALSE,2432042,182078,126340,2123624,1,3,79701.65848306716,1,35024.744345678046,114726.40282874521,FALSE,TRUE,TRUE
5105903,Nobres,resto_mt,Demais MT,FALSE,2014,558025,90694,467331,0.0696,1,1,100,FALSE,3080003,204634,139921,2735448,1,3,79701.65848306716,1,35024.744345678046,114726.40282874521,FALSE,TRUE,TRUE
5105903,Nobres,resto_mt,Demais MT,FALSE,2015,372713,95537,277176,0.0724,1,1,100,FALSE,2771037,218477,31435,2521125,1,3,79701.65848306716,1,35024.744345678046,114726.40282874521,FALSE,TRUE,TRUE
5105903,Nobres,resto_mt,Demais MT,FALSE,2016,187382,0,187382,0.0724,1,1,100,FALSE,2648628,191716,72262,2384650,1,3,79701.65848306716,1,35024.744345678046,114726.40282874521,FALSE,TRUE,TRUE
5105903,Nobres,resto_mt,Demais MT,FALSE,2017,80210,99727,-19517,0.0724,1,1,100,FALSE,1322053,184943,65019,1072091,1,3,79701.65848306716,1,35024.744345678046,114726.40282874521,FALSE,TRUE,TRUE
5105903,Nobres,resto_mt,Demais MT,FALSE,2018,82808,0,82808,0.0724,1,1,100,FALSE,1463953,194169,44701,1225083,1,3,79701.65848306716,1,35024.744345678046,114726.40282874521,FALSE,TRUE,TRUE
5105903,Nobres,resto_mt,Demais MT,FALSE,2019,36488,245400,-208912,0.0724,1,1,100,FALSE,1649840,203222,42784,1403834,1,3,79701.65848306716,1,35024.744345678046,114726.40282874521,FALSE,TRUE,TRUE
5105903,Nobres,resto_mt,Demais MT,FALSE,2020,0,110913,-110913,,0,0,,FALSE,2958051,230761,0,2727290,1,3,79701.65848306716,1,35024.744345678046,114726.40282874521,FALSE,TRUE,TRUE
5105903,Nobres,resto_mt,Demais MT,FALSE,2021,0,159881,-159881,,0,0,,FALSE,5677759,265875,98984,5312900,1,3,79701.65848306716,1,35024.744345678046,114726.40282874521,FALSE,TRUE,TRUE
5105903,Nobres,resto_mt,Demais MT,FALSE,2022,0,113935,-113935,,0,0,,FALSE,7222084,243380,18471,6960233,1,3,79701.65848306716,1,35024.744345678046,114726.40282874521,FALSE,TRUE,TRUE
5105903,Nobres,resto_mt,Demais MT,FALSE,2023,0,37526,-37526,,0,0,,FALSE,7033086,245157,20954,6766975,1,3,79701.65848306716,1,35024.744345678046,114726.40282874521,FALSE,TRUE,TRUE
5105903,Nobres,resto_mt,Demais MT,FALSE,2024,0,789003,-789003,,0,0,,FALSE,5407000,239000,22000,5146000,1,3,79701.65848306716,1,35024.744345678046,114726.40282874521,FALSE,TRUE,TRUE
5106000,Nortelândia,resto_mt,Demais MT,FALSE,2000,0,0,0,,0,0,,FALSE,,,,,2,0,0,0,0,0,FALSE,TRUE,TRUE
5106000,Nortelândia,resto_mt,Demais MT,FALSE,2001,0,0,0,,0,0,,FALSE,,,,,3,0,0,0,0,0,FALSE,TRUE,TRUE
5106000,Nortelândia,resto_mt,Demais MT,FALSE,2002,0,0,0,,0,0,,FALSE,121441,121441,0,0,3,0,0,0,0,0,FALSE,TRUE,TRUE
5106000,Nortelândia,resto_mt,Demais MT,FALSE,2003,0,0,0,,0,0,,FALSE,147737,147737,0,0,3,0,0,0,0,0,FALSE,TRUE,TRUE
5106000,Nortelândia,resto_mt,Demais MT,FALSE,2004,0,0,0,,0,0,,FALSE,198434,198434,0,0,3,0,0,0,0,0,FALSE,TRUE,TRUE
5106000,Nortelândia,resto_mt,Demais MT,FALSE,2005,0,0,0,,0,0,,FALSE,301677,301677,0,0,3,0,0,0,0,0,FALSE,TRUE,TRUE
5106000,Nortelândia,resto_mt,Demais MT,FALSE,2006,0,0,0,,0,0,,FALSE,381175,381175,0,0,3,0,0,0,0,0,FALSE,TRUE,TRUE
5106000,Nortelândia,resto_mt,Demais MT,FALSE,2007,0,0,0,,0,0,,FALSE,1582952,1582952,0,0,3,0,0,0,0,0,FALSE,TRUE,TRUE
5106000,Nortelândia,resto_mt,Demais MT,FALSE,2008,0,0,0,,0,0,,FALSE,769018,769018,0,0,2,0,0,0,0,0,FALSE,TRUE,TRUE
5106000,Nortelândia,resto_mt,Demais MT,FALSE,2009,1263030,0,1263030,0.3609,1,2,100,FALSE,950342,950342,0,0,2,0,0,0,0,0,FALSE,TRUE,TRUE
5106000,Nortelândia,resto_mt,Demais MT,FALSE,2010,296564,0,296564,0.3811,1,1,100,FALSE,1093695,1093695,0,0,3,0,0,0,0,0,FALSE,TRUE,TRUE
5106000,Nortelândia,resto_mt,Demais MT,FALSE,2011,0,0,0,,0,0,,FALSE,272853,272853,0,0,1,0,0,0,0,0,FALSE,TRUE,TRUE
5106000,Nortelândia,resto_mt,Demais MT,FALSE,2012,1622670,0,1622670,0.5409,1,1,100,FALSE,345188,345188,0,0,2,0,0,0,0,0,FALSE,TRUE,TRUE
5106000,Nortelândia,resto_mt,Demais MT,FALSE,2013,1171012,0,1171012,0.2909,2,2,80.4,FALSE,813777,754323,0,59454,3,0,0,0,0,0,FALSE,TRUE,TRUE
5106000,Nortelândia,resto_mt,Demais MT,FALSE,2014,765446,0,765446,0.5186,2,2,98,FALSE,1045906,750324,0,295582,2,0,0,0,0,0,FALSE,TRUE,TRUE
5106000,Nortelândia,resto_mt,Demais MT,FALSE,2015,1860256,0,1860256,0.2563,2,5,59.9,FALSE,680578,608276,0,72302,2,0,0,0,0,0,FALSE,TRUE,TRUE
5106000,Nortelândia,resto_mt,Demais MT,FALSE,2016,0,0,0,,0,0,,FALSE,606117,527956,0,78161,2,0,0,0,0,0,FALSE,TRUE,TRUE
5106000,Nortelândia,resto_mt,Demais MT,FALSE,2017,175595,0,175595,0.3551,1,1,100,FALSE,599619,517262,0,82357,2,0,0,0,0,0,FALSE,TRUE,TRUE
5106000,Nortelândia,resto_mt,Demais MT,FALSE,2018,0,0,0,,0,0,,FALSE,656544,557364,0,99180,2,0,0,0,0,0,FALSE,TRUE,TRUE
5106000,Nortelândia,resto_mt,Demais MT,FALSE,2019,293659,0,293659,1.6944,1,1,100,FALSE,1449292,569556,772777,106959,2,0,0,0,0,0,FALSE,TRUE,TRUE
5106000,Nortelândia,resto_mt,Demais MT,FALSE,2020,2450015,9766,2440249,1.5285,1,4,100,FALSE,1828336,581974,931919,314443,2,0,0,0,0,0,FALSE,TRUE,TRUE
5106000,Nortelândia,resto_mt,Demais MT,FALSE,2021,5881143,1442,5879701,1.4661,1,5,100,FALSE,1401888,791871,276234,333783,2,0,0,0,0,0,FALSE,TRUE,TRUE
5106000,Nortelândia,resto_mt,Demais MT,FALSE,2022,8538110,0,8538110,2.0187,1,5,100,FALSE,5812871,5106634,278149,428088,2,0,0,0,0,0,FALSE,TRUE,TRUE
5106000,Nortelândia,resto_mt,Demais MT,FALSE,2023,10900865,1417200,9483665,2.0418,1,7,100,FALSE,4088053,965962,408596,2713495,2,0,0,0,0,0,FALSE,TRUE,TRUE
5106000,Nortelândia,resto_mt,Demais MT,FALSE,2024,21984833,30777,21954056,1.845,2,10,99.5,FALSE,3883000,1108000,0,2775000,3,0,0,0,0,0,FALSE,TRUE,TRUE
5106109,Nossa Senhora do Livramento,pantanal_norte,Pantanal-13,TRUE,2000,0,0,0,,0,0,,FALSE,,,,,3,0,0,0,0,0,TRUE,TRUE,TRUE
5106109,Nossa Senhora do Livramento,pantanal_norte,Pantanal-13,TRUE,2001,0,165000,-165000,,0,0,,FALSE,,,,,3,0,0,0,0,0,TRUE,TRUE,TRUE
5106109,Nossa Senhora do Livramento,pantanal_norte,Pantanal-13,TRUE,2002,0,205000,-205000,,0,0,,FALSE,680069,680069,0,0,3,0,0,0,0,0,TRUE,TRUE,TRUE
5106109,Nossa Senhora do Livramento,pantanal_norte,Pantanal-13,TRUE,2003,0,0,0,,0,0,,FALSE,663245,663245,0,0,2,0,0,0,0,0,TRUE,TRUE,TRUE
5106109,Nossa Senhora do Livramento,pantanal_norte,Pantanal-13,TRUE,2004,0,75000,-75000,,0,0,,FALSE,1069174,1069174,0,0,2,0,0,0,0,0,TRUE,TRUE,TRUE
5106109,Nossa Senhora do Livramento,pantanal_norte,Pantanal-13,TRUE,2005,0,0,0,,0,0,,FALSE,1313847,1313847,0,0,2,0,0,0,0,0,TRUE,TRUE,TRUE
5106109,Nossa Senhora do Livramento,pantanal_norte,Pantanal-13,TRUE,2006,0,0,0,,0,0,,FALSE,1354681,1354681,0,0,2,0,0,0,0,0,TRUE,TRUE,TRUE
5106109,Nossa Senhora do Livramento,pantanal_norte,Pantanal-13,TRUE,2007,0,0,0,,0,0,,FALSE,1473423,1473423,0,0,2,0,0,0,0,0,TRUE,TRUE,TRUE
5106109,Nossa Senhora do Livramento,pantanal_norte,Pantanal-13,TRUE,2008,0,0,0,,0,0,,FALSE,1327414,1327414,0,0,2,0,0,0,0,0,TRUE,TRUE,TRUE
5106109,Nossa Senhora do Livramento,pantanal_norte,Pantanal-13,TRUE,2009,0,0,0,,0,0,,FALSE,2098281,2098281,0,0,2,0,0,0,0,0,TRUE,TRUE,TRUE
5106109,Nossa Senhora do Livramento,pantanal_norte,Pantanal-13,TRUE,2010,0,0,0,,0,0,,FALSE,1604086,1604086,0,0,2,0,0,0,0,0,TRUE,TRUE,TRUE
5106109,Nossa Senhora do Livramento,pantanal_norte,Pantanal-13,TRUE,2011,0,0,0,,0,0,,FALSE,1378843,1378843,0,0,2,0,0,0,0,0,TRUE,TRUE,TRUE
5106109,Nossa Senhora do Livramento,pantanal_norte,Pantanal-13,TRUE,2012,0,30274,-30274,,0,0,,FALSE,1361140,1361140,0,0,2,0,0,0,0,0,TRUE,TRUE,TRUE
5106109,Nossa Senhora do Livramento,pantanal_norte,Pantanal-13,TRUE,2013,0,1939,-1939,,0,0,,FALSE,120256948,1135201,4518507,114603240,2,0,0,0,0,0,TRUE,TRUE,TRUE
5106109,Nossa Senhora do Livramento,pantanal_norte,Pantanal-13,TRUE,2014,0,345835,-345835,,0,0,,FALSE,28012111,657627,911233,26443251,2,0,0,0,0,0,TRUE,TRUE,TRUE
5106109,Nossa Senhora do Livramento,pantanal_norte,Pantanal-13,TRUE,2015,0,0,0,,0,0,,FALSE,72108270,61299,7978324,64068647,2,0,0,0,0,0,TRUE,TRUE,TRUE
5106109,Nossa Senhora do Livramento,pantanal_norte,Pantanal-13,TRUE,2016,0,0,0,,0,0,,FALSE,103233070,47192,10243524,92942354,2,0,0,0,0,0,TRUE,TRUE,TRUE
5106109,Nossa Senhora do Livramento,pantanal_norte,Pantanal-13,TRUE,2017,0,0,0,,0,0,,FALSE,70840390,340989,8851256,61648145,2,0,0,0,0,0,TRUE,TRUE,TRUE
5106109,Nossa Senhora do Livramento,pantanal_norte,Pantanal-13,TRUE,2018,8394081,2585,8391496,37811.1757,1,1,100,FALSE,83086316,379957,7196838,75509521,2,0,0,0,0,0,TRUE,TRUE,TRUE
5106109,Nossa Senhora do Livramento,pantanal_norte,Pantanal-13,TRUE,2019,26569063,4307337,22261726,43413.5016,1,1,100,FALSE,86010905,363660,8092769,77554476,2,0,0,0,0,0,TRUE,TRUE,TRUE
5106109,Nossa Senhora do Livramento,pantanal_norte,Pantanal-13,TRUE,2020,48084425,1138017,46946408,53665.6529,1,1,100,FALSE,76791398,453914,4864998,71472486,2,0,0,0,0,0,TRUE,TRUE,TRUE
5106109,Nossa Senhora do Livramento,pantanal_norte,Pantanal-13,TRUE,2021,31093598,1101903,29991695,56125.6282,1,1,100,FALSE,82141624,479957,3040876,78620791,2,0,0,0,0,0,TRUE,TRUE,TRUE
5106109,Nossa Senhora do Livramento,pantanal_norte,Pantanal-13,TRUE,2022,16553126,823038,15730088,56883.5945,1,1,100,FALSE,74107033,387887,2795610,70923536,2,0,0,0,0,0,TRUE,TRUE,TRUE
5106109,Nossa Senhora do Livramento,pantanal_norte,Pantanal-13,TRUE,2023,27567529,1310398,26257131,60990.1084,1,1,100,FALSE,65485337,414882,10597299,54473156,2,0,0,0,0,0,TRUE,TRUE,TRUE
5106109,Nossa Senhora do Livramento,pantanal_norte,Pantanal-13,TRUE,2024,3378336,1560976,1817360,9.8768,2,3,97.2,FALSE,44850000,383000,16144000,28323000,2,0,0,0,0,0,TRUE,TRUE,TRUE
5106158,Nova Bandeirantes,resto_mt,Demais MT,FALSE,2000,0,0,0,,0,0,,FALSE,,,,,4,1,61824.749328161706,1,314.2000892765467,62138.949417438256,FALSE,TRUE,TRUE
5106158,Nova Bandeirantes,resto_mt,Demais MT,FALSE,2001,0,0,0,,0,0,,FALSE,,,,,4,1,61824.749328161706,1,314.2000892765467,62138.949417438256,FALSE,TRUE,TRUE
5106158,Nova Bandeirantes,resto_mt,Demais MT,FALSE,2002,0,0,0,,0,0,,FALSE,3584241,3584241,0,0,4,1,61824.749328161706,1,314.2000892765467,62138.949417438256,FALSE,TRUE,TRUE
5106158,Nova Bandeirantes,resto_mt,Demais MT,FALSE,2003,0,0,0,,0,0,,FALSE,4661573,4661573,0,0,4,1,61824.749328161706,1,314.2000892765467,62138.949417438256,FALSE,TRUE,TRUE
5106158,Nova Bandeirantes,resto_mt,Demais MT,FALSE,2004,0,0,0,,0,0,,FALSE,4101955,4101955,0,0,4,1,61824.749328161706,1,314.2000892765467,62138.949417438256,FALSE,TRUE,TRUE
5106158,Nova Bandeirantes,resto_mt,Demais MT,FALSE,2005,0,0,0,,0,0,,FALSE,5021377,5021377,0,0,4,1,61824.749328161706,1,314.2000892765467,62138.949417438256,FALSE,TRUE,TRUE
5106158,Nova Bandeirantes,resto_mt,Demais MT,FALSE,2006,0,0,0,,0,0,,FALSE,3940641,3940641,0,0,4,1,61824.749328161706,1,314.2000892765467,62138.949417438256,FALSE,TRUE,TRUE
5106158,Nova Bandeirantes,resto_mt,Demais MT,FALSE,2007,0,0,0,,0,0,,FALSE,3512745,3512745,0,0,4,1,61824.749328161706,1,314.2000892765467,62138.949417438256,FALSE,TRUE,TRUE
5106158,Nova Bandeirantes,resto_mt,Demais MT,FALSE,2008,0,0,0,,0,0,,FALSE,5201894,5201894,0,0,4,1,61824.749328161706,1,314.2000892765467,62138.949417438256,FALSE,TRUE,TRUE
5106158,Nova Bandeirantes,resto_mt,Demais MT,FALSE,2009,0,0,0,,0,0,,FALSE,117275550,117275550,0,0,4,1,61824.749328161706,1,314.2000892765467,62138.949417438256,FALSE,TRUE,TRUE
5106158,Nova Bandeirantes,resto_mt,Demais MT,FALSE,2010,0,0,0,,0,0,,FALSE,43456151,43456151,0,0,4,1,61824.749328161706,1,314.2000892765467,62138.949417438256,FALSE,TRUE,TRUE
5106158,Nova Bandeirantes,resto_mt,Demais MT,FALSE,2011,0,0,0,,0,0,,FALSE,16862704,16862704,0,0,4,1,61824.749328161706,1,314.2000892765467,62138.949417438256,FALSE,TRUE,TRUE
5106158,Nova Bandeirantes,resto_mt,Demais MT,FALSE,2012,0,0,0,,0,0,,FALSE,59480243,59480243,0,0,4,1,61824.749328161706,1,314.2000892765467,62138.949417438256,FALSE,TRUE,TRUE
5106158,Nova Bandeirantes,resto_mt,Demais MT,FALSE,2013,0,0,0,,0,0,,FALSE,30839926,30416316,0,423610,4,1,61824.749328161706,1,314.2000892765467,62138.949417438256,FALSE,TRUE,TRUE
5106158,Nova Bandeirantes,resto_mt,Demais MT,FALSE,2014,0,0,0,,0,0,,FALSE,29295883,28442367,507212,346304,4,1,61824.749328161706,1,314.2000892765467,62138.949417438256,FALSE,TRUE,TRUE
5106158,Nova Bandeirantes,resto_mt,Demais MT,FALSE,2015,0,0,0,,0,0,,FALSE,28480543,27952427,216905,311211,4,1,61824.749328161706,1,314.2000892765467,62138.949417438256,FALSE,TRUE,TRUE
5106158,Nova Bandeirantes,resto_mt,Demais MT,FALSE,2016,0,0,0,,0,0,,FALSE,34772825,34314182,166645,291998,4,1,61824.749328161706,1,314.2000892765467,62138.949417438256,FALSE,TRUE,TRUE
5106158,Nova Bandeirantes,resto_mt,Demais MT,FALSE,2017,0,0,0,,0,0,,FALSE,32719015,32344795,93916,280304,4,1,61824.749328161706,1,314.2000892765467,62138.949417438256,FALSE,TRUE,TRUE
5106158,Nova Bandeirantes,resto_mt,Demais MT,FALSE,2018,0,0,0,,0,0,,FALSE,35310881,34954671,157850,198360,4,1,61824.749328161706,1,314.2000892765467,62138.949417438256,FALSE,TRUE,TRUE
5106158,Nova Bandeirantes,resto_mt,Demais MT,FALSE,2019,0,0,0,,0,0,,FALSE,37126730,36975651,151079,0,4,1,61824.749328161706,1,314.2000892765467,62138.949417438256,FALSE,TRUE,TRUE
5106158,Nova Bandeirantes,resto_mt,Demais MT,FALSE,2020,0,0,0,,0,0,,FALSE,41715740,41629522,86218,0,4,1,61824.749328161706,1,314.2000892765467,62138.949417438256,FALSE,TRUE,TRUE
5106158,Nova Bandeirantes,resto_mt,Demais MT,FALSE,2021,1266530,0,1266530,1.7933,2,13,69.3,FALSE,36491657,36464034,27623,0,4,1,61824.749328161706,1,314.2000892765467,62138.949417438256,FALSE,TRUE,TRUE
5106158,Nova Bandeirantes,resto_mt,Demais MT,FALSE,2022,668932,5466847,-4797915,1.4817,2,6,71.2,FALSE,25451680,25389748,22817,39115,4,1,61824.749328161706,1,314.2000892765467,62138.949417438256,FALSE,TRUE,TRUE
5106158,Nova Bandeirantes,resto_mt,Demais MT,FALSE,2023,30155,0,30155,1.2211,1,1,100,FALSE,51056667,50719313,165534,171820,4,1,61824.749328161706,1,314.2000892765467,62138.949417438256,FALSE,TRUE,TRUE
5106158,Nova Bandeirantes,resto_mt,Demais MT,FALSE,2024,0,3183,-3183,,0,0,,FALSE,68126000,67735000,45000,346000,4,1,61824.749328161706,1,314.2000892765467,62138.949417438256,FALSE,TRUE,TRUE
5106174,Nova Nazaré,resto_mt,Demais MT,FALSE,2000,0,0,0,,0,0,,FALSE,,,,,,0,0,3,180472.53684594107,180472.53684594107,FALSE,TRUE,TRUE
5106174,Nova Nazaré,resto_mt,Demais MT,FALSE,2001,0,0,0,,0,0,,FALSE,,,,,2,0,0,3,180472.53684594107,180472.53684594107,FALSE,TRUE,TRUE
5106174,Nova Nazaré,resto_mt,Demais MT,FALSE,2002,0,0,0,,0,0,,FALSE,183896,183896,0,0,2,0,0,3,180472.53684594107,180472.53684594107,FALSE,TRUE,TRUE
5106174,Nova Nazaré,resto_mt,Demais MT,FALSE,2003,0,0,0,,0,0,,FALSE,267184,267184,0,0,3,0,0,3,180472.53684594107,180472.53684594107,FALSE,TRUE,TRUE
5106174,Nova Nazaré,resto_mt,Demais MT,FALSE,2004,0,0,0,,0,0,,FALSE,260630,260630,0,0,3,0,0,3,180472.53684594107,180472.53684594107,FALSE,TRUE,TRUE
5106174,Nova Nazaré,resto_mt,Demais MT,FALSE,2005,0,0,0,,0,0,,FALSE,358066,358066,0,0,3,0,0,3,180472.53684594107,180472.53684594107,FALSE,TRUE,TRUE
5106174,Nova Nazaré,resto_mt,Demais MT,FALSE,2006,0,0,0,,0,0,,FALSE,471670,471670,0,0,3,0,0,3,180472.53684594107,180472.53684594107,FALSE,TRUE,TRUE
5106174,Nova Nazaré,resto_mt,Demais MT,FALSE,2007,0,0,0,,0,0,,FALSE,422468,422468,0,0,3,0,0,3,180472.53684594107,180472.53684594107,FALSE,TRUE,TRUE
5106174,Nova Nazaré,resto_mt,Demais MT,FALSE,2008,0,0,0,,0,0,,FALSE,188581,188581,0,0,3,0,0,3,180472.53684594107,180472.53684594107,FALSE,TRUE,TRUE
5106174,Nova Nazaré,resto_mt,Demais MT,FALSE,2009,0,0,0,,0,0,,FALSE,159959,159959,0,0,2,0,0,3,180472.53684594107,180472.53684594107,FALSE,TRUE,TRUE
5106174,Nova Nazaré,resto_mt,Demais MT,FALSE,2010,0,0,0,,0,0,,FALSE,192225,192225,0,0,2,0,0,3,180472.53684594107,180472.53684594107,FALSE,TRUE,TRUE
5106174,Nova Nazaré,resto_mt,Demais MT,FALSE,2011,0,0,0,,0,0,,FALSE,235361,235361,0,0,3,0,0,3,180472.53684594107,180472.53684594107,FALSE,TRUE,TRUE
5106174,Nova Nazaré,resto_mt,Demais MT,FALSE,2012,0,0,0,,0,0,,FALSE,343227,343227,0,0,3,0,0,3,180472.53684594107,180472.53684594107,FALSE,TRUE,TRUE
5106174,Nova Nazaré,resto_mt,Demais MT,FALSE,2013,0,0,0,,0,0,,FALSE,670716,670716,0,0,3,0,0,3,180472.53684594107,180472.53684594107,FALSE,TRUE,TRUE
5106174,Nova Nazaré,resto_mt,Demais MT,FALSE,2014,0,0,0,,0,0,,FALSE,794050,794050,0,0,3,0,0,3,180472.53684594107,180472.53684594107,FALSE,TRUE,TRUE
5106174,Nova Nazaré,resto_mt,Demais MT,FALSE,2015,0,0,0,,0,0,,FALSE,616135,616135,0,0,3,0,0,3,180472.53684594107,180472.53684594107,FALSE,TRUE,TRUE
5106174,Nova Nazaré,resto_mt,Demais MT,FALSE,2016,0,0,0,,0,0,,FALSE,755065,715247,0,39818,3,0,0,3,180472.53684594107,180472.53684594107,FALSE,TRUE,TRUE
5106174,Nova Nazaré,resto_mt,Demais MT,FALSE,2017,0,0,0,,0,0,,FALSE,783118,771559,0,11559,3,0,0,3,180472.53684594107,180472.53684594107,FALSE,TRUE,TRUE
5106174,Nova Nazaré,resto_mt,Demais MT,FALSE,2018,0,0,0,,0,0,,FALSE,778074,765502,0,12572,3,0,0,3,180472.53684594107,180472.53684594107,FALSE,TRUE,TRUE
5106174,Nova Nazaré,resto_mt,Demais MT,FALSE,2019,0,0,0,,0,0,,FALSE,822246,807539,0,14707,3,0,0,3,180472.53684594107,180472.53684594107,FALSE,TRUE,TRUE
5106174,Nova Nazaré,resto_mt,Demais MT,FALSE,2020,341247,0,341247,0.8453,2,2,81.5,FALSE,779769,765822,0,13947,3,0,0,3,180472.53684594107,180472.53684594107,FALSE,TRUE,TRUE
5106174,Nova Nazaré,resto_mt,Demais MT,FALSE,2021,904014,0,904014,1.1875,2,5,66.3,FALSE,537505,537505,0,0,3,0,0,3,180472.53684594107,180472.53684594107,FALSE,TRUE,TRUE
5106174,Nova Nazaré,resto_mt,Demais MT,FALSE,2022,610219,0,610219,1.2099,2,4,89.5,FALSE,488933,488933,0,0,3,0,0,3,180472.53684594107,180472.53684594107,FALSE,TRUE,TRUE
5106174,Nova Nazaré,resto_mt,Demais MT,FALSE,2023,6180309,0,6180309,1.537,1,8,100,FALSE,304875,304875,0,0,3,0,0,3,180472.53684594107,180472.53684594107,FALSE,TRUE,TRUE
5106174,Nova Nazaré,resto_mt,Demais MT,FALSE,2024,15579770,0,15579770,1.3521,1,15,100,FALSE,150000,150000,0,0,1,0,0,3,180472.53684594107,180472.53684594107,FALSE,TRUE,TRUE
5106182,Nova Lacerda,resto_mt,Demais MT,FALSE,2000,0,0,0,,0,0,,FALSE,,,,,2,0,0,6,80905.75593479206,80905.75593479206,FALSE,TRUE,TRUE
5106182,Nova Lacerda,resto_mt,Demais MT,FALSE,2001,0,0,0,,0,0,,FALSE,,,,,2,0,0,6,80905.75593479206,80905.75593479206,FALSE,TRUE,TRUE
5106182,Nova Lacerda,resto_mt,Demais MT,FALSE,2002,0,0,0,,0,0,,FALSE,2178996,2178996,0,0,2,0,0,6,80905.75593479206,80905.75593479206,FALSE,TRUE,TRUE
5106182,Nova Lacerda,resto_mt,Demais MT,FALSE,2003,0,0,0,,0,0,,FALSE,2181478,2181478,0,0,2,0,0,6,80905.75593479206,80905.75593479206,FALSE,TRUE,TRUE
5106182,Nova Lacerda,resto_mt,Demais MT,FALSE,2004,0,0,0,,0,0,,FALSE,3551079,3551079,0,0,3,0,0,6,80905.75593479206,80905.75593479206,FALSE,TRUE,TRUE
5106182,Nova Lacerda,resto_mt,Demais MT,FALSE,2005,0,0,0,,0,0,,FALSE,2715096,2715096,0,0,3,0,0,6,80905.75593479206,80905.75593479206,FALSE,TRUE,TRUE
5106182,Nova Lacerda,resto_mt,Demais MT,FALSE,2006,0,0,0,,0,0,,FALSE,2404970,2404970,0,0,3,0,0,6,80905.75593479206,80905.75593479206,FALSE,TRUE,TRUE
5106182,Nova Lacerda,resto_mt,Demais MT,FALSE,2007,0,0,0,,0,0,,FALSE,2253164,2253164,0,0,3,0,0,6,80905.75593479206,80905.75593479206,FALSE,TRUE,TRUE
5106182,Nova Lacerda,resto_mt,Demais MT,FALSE,2008,0,0,0,,0,0,,FALSE,2054797,2054797,0,0,3,0,0,6,80905.75593479206,80905.75593479206,FALSE,TRUE,TRUE
5106182,Nova Lacerda,resto_mt,Demais MT,FALSE,2009,0,0,0,,0,0,,FALSE,3455577,3455577,0,0,3,0,0,6,80905.75593479206,80905.75593479206,FALSE,TRUE,TRUE
5106182,Nova Lacerda,resto_mt,Demais MT,FALSE,2010,30809888,22468,30787420,41861.2609,1,3,100,FALSE,1853758,1853758,0,0,2,0,0,6,80905.75593479206,80905.75593479206,FALSE,TRUE,TRUE
5106182,Nova Lacerda,resto_mt,Demais MT,FALSE,2011,61194267,4345703,56848564,50241.5985,1,2,100,FALSE,1607956,1607956,0,0,2,0,0,6,80905.75593479206,80905.75593479206,FALSE,TRUE,TRUE
5106182,Nova Lacerda,resto_mt,Demais MT,FALSE,2012,55720499,3674342,52046157,53016.6499,1,2,100,FALSE,1606302,1606302,0,0,2,0,0,6,80905.75593479206,80905.75593479206,FALSE,TRUE,TRUE
5106182,Nova Lacerda,resto_mt,Demais MT,FALSE,2013,62332122,2826381,59505741,46725.7286,1,5,100,FALSE,1974989,1805917,0,169072,1,0,0,6,80905.75593479206,80905.75593479206,FALSE,TRUE,TRUE
5106182,Nova Lacerda,resto_mt,Demais MT,FALSE,2014,12566721,1636398,10930323,41337.898,1,3,100,FALSE,923476,818536,0,104940,1,0,0,6,80905.75593479206,80905.75593479206,FALSE,TRUE,TRUE
5106182,Nova Lacerda,resto_mt,Demais MT,FALSE,2015,0,0,0,,0,0,,FALSE,946208,770169,0,176039,1,0,0,6,80905.75593479206,80905.75593479206,FALSE,TRUE,TRUE
5106182,Nova Lacerda,resto_mt,Demais MT,FALSE,2016,0,0,0,,0,0,,FALSE,886317,728520,0,157797,1,0,0,6,80905.75593479206,80905.75593479206,FALSE,TRUE,TRUE
5106182,Nova Lacerda,resto_mt,Demais MT,FALSE,2017,0,0,0,,0,0,,FALSE,1038859,1021521,0,17338,2,0,0,6,80905.75593479206,80905.75593479206,FALSE,TRUE,TRUE
5106182,Nova Lacerda,resto_mt,Demais MT,FALSE,2018,0,0,0,,0,0,,FALSE,1124505,1046279,0,78226,2,0,0,6,80905.75593479206,80905.75593479206,FALSE,TRUE,TRUE
5106182,Nova Lacerda,resto_mt,Demais MT,FALSE,2019,0,0,0,,0,0,,FALSE,5218252,544153,0,4674099,1,0,0,6,80905.75593479206,80905.75593479206,FALSE,TRUE,TRUE
5106182,Nova Lacerda,resto_mt,Demais MT,FALSE,2020,0,0,0,,0,0,,FALSE,3375196,432360,0,2942836,1,0,0,6,80905.75593479206,80905.75593479206,FALSE,TRUE,TRUE
5106182,Nova Lacerda,resto_mt,Demais MT,FALSE,2021,0,0,0,,0,0,,FALSE,11560391,675622,0,10884769,1,0,0,6,80905.75593479206,80905.75593479206,FALSE,TRUE,TRUE
5106182,Nova Lacerda,resto_mt,Demais MT,FALSE,2022,0,0,0,,0,0,,FALSE,11135720,609536,0,10526184,1,0,0,6,80905.75593479206,80905.75593479206,FALSE,TRUE,TRUE
5106182,Nova Lacerda,resto_mt,Demais MT,FALSE,2023,2880041,449386,2430655,11034.6398,2,2,100,FALSE,4864386,577273,0,4287113,2,0,0,6,80905.75593479206,80905.75593479206,FALSE,TRUE,TRUE
5106182,Nova Lacerda,resto_mt,Demais MT,FALSE,2024,320219,5473,314746,64043.8,1,1,100,FALSE,4177000,1170000,0,3007000,2,0,0,6,80905.75593479206,80905.75593479206,FALSE,TRUE,TRUE
5106190,Nova Santa Helena,resto_mt,Demais MT,FALSE,2000,0,0,0,,0,0,,FALSE,,,,,,0,0,0,0,0,FALSE,TRUE,TRUE
5106190,Nova Santa Helena,resto_mt,Demais MT,FALSE,2001,0,0,0,,0,0,,FALSE,,,,,4,0,0,0,0,0,FALSE,TRUE,TRUE
5106190,Nova Santa Helena,resto_mt,Demais MT,FALSE,2002,0,0,0,,0,0,,FALSE,638432,638432,0,0,4,0,0,0,0,0,FALSE,TRUE,TRUE
5106190,Nova Santa Helena,resto_mt,Demais MT,FALSE,2003,0,0,0,,0,0,,FALSE,826698,826698,0,0,4,0,0,0,0,0,FALSE,TRUE,TRUE
5106190,Nova Santa Helena,resto_mt,Demais MT,FALSE,2004,0,0,0,,0,0,,FALSE,752272,752272,0,0,4,0,0,0,0,0,FALSE,TRUE,TRUE
5106190,Nova Santa Helena,resto_mt,Demais MT,FALSE,2005,0,0,0,,0,0,,FALSE,665382,665382,0,0,4,0,0,0,0,0,FALSE,TRUE,TRUE
5106190,Nova Santa Helena,resto_mt,Demais MT,FALSE,2006,0,0,0,,0,0,,FALSE,501835,501835,0,0,4,0,0,0,0,0,FALSE,TRUE,TRUE
5106190,Nova Santa Helena,resto_mt,Demais MT,FALSE,2007,0,0,0,,0,0,,FALSE,511134,511134,0,0,4,0,0,0,0,0,FALSE,TRUE,TRUE
5106190,Nova Santa Helena,resto_mt,Demais MT,FALSE,2008,0,0,0,,0,0,,FALSE,803306,803306,0,0,3,0,0,0,0,0,FALSE,TRUE,TRUE
5106190,Nova Santa Helena,resto_mt,Demais MT,FALSE,2009,0,0,0,,0,0,,FALSE,936228,936228,0,0,3,0,0,0,0,0,FALSE,TRUE,TRUE
5106190,Nova Santa Helena,resto_mt,Demais MT,FALSE,2010,0,0,0,,0,0,,FALSE,2154248,2154248,0,0,4,0,0,0,0,0,FALSE,TRUE,TRUE
5106190,Nova Santa Helena,resto_mt,Demais MT,FALSE,2011,0,0,0,,0,0,,FALSE,2878490,2878490,0,0,4,0,0,0,0,0,FALSE,TRUE,TRUE
5106190,Nova Santa Helena,resto_mt,Demais MT,FALSE,2012,0,0,0,,0,0,,FALSE,1165010,1165010,0,0,3,0,0,0,0,0,FALSE,TRUE,TRUE
5106190,Nova Santa Helena,resto_mt,Demais MT,FALSE,2013,0,0,0,,0,0,,FALSE,626126,312134,0,313992,3,0,0,0,0,0,FALSE,TRUE,TRUE
5106190,Nova Santa Helena,resto_mt,Demais MT,FALSE,2014,0,0,0,,0,0,,FALSE,2308690,234367,0,2074323,3,0,0,0,0,0,FALSE,TRUE,TRUE
5106190,Nova Santa Helena,resto_mt,Demais MT,FALSE,2015,11800195,0,11800195,0.3311,2,7,86.9,FALSE,3195417,1581205,0,1614212,3,0,0,0,0,0,FALSE,TRUE,TRUE
5106190,Nova Santa Helena,resto_mt,Demais MT,FALSE,2016,40481255,0,40481255,0.3933,2,7,94.1,FALSE,4418312,1594191,0,2824121,3,0,0,0,0,0,FALSE,TRUE,TRUE
5106190,Nova Santa Helena,resto_mt,Demais MT,FALSE,2017,54707195,0,54707195,0.3047,2,11,83.9,FALSE,5815590,3496578,0,2319012,3,0,0,0,0,0,FALSE,TRUE,TRUE
5106190,Nova Santa Helena,resto_mt,Demais MT,FALSE,2018,36803215,0,36803215,0.2894,2,12,75.3,FALSE,3377708,947099,0,2430609,3,0,0,0,0,0,FALSE,TRUE,TRUE
5106190,Nova Santa Helena,resto_mt,Demais MT,FALSE,2019,68691861,0,68691861,0.2495,2,17,67.1,FALSE,5559183,3168654,0,2390529,3,0,0,0,0,0,FALSE,TRUE,TRUE
5106190,Nova Santa Helena,resto_mt,Demais MT,FALSE,2020,42945353,0,42945353,0.2443,2,16,54.3,FALSE,7313346,5005737,0,2307609,3,0,0,0,0,0,FALSE,TRUE,TRUE
5106190,Nova Santa Helena,resto_mt,Demais MT,FALSE,2021,93541311,0,93541311,0.4142,2,20,87.1,FALSE,12320035,9907592,0,2412443,3,0,0,0,0,0,FALSE,TRUE,TRUE
5106190,Nova Santa Helena,resto_mt,Demais MT,FALSE,2022,251218328,0,251218328,0.4052,2,26,65.4,FALSE,6813553,6416974,0,396579,3,0,0,0,0,0,FALSE,TRUE,TRUE
5106190,Nova Santa Helena,resto_mt,Demais MT,FALSE,2023,345982328,0,345982328,0.3888,2,26,72.7,FALSE,2053456,1599810,0,453646,3,0,0,0,0,0,FALSE,TRUE,TRUE
5106190,Nova Santa Helena,resto_mt,Demais MT,FALSE,2024,227667848,0,227667848,0.3018,2,24,61.9,FALSE,12893000,12175000,0,718000,3,0,0,0,0,0,FALSE,TRUE,TRUE
5106208,Nova Brasilândia,resto_mt,Demais MT,FALSE,2000,0,0,0,,0,0,,FALSE,,,,,2,1,78615.88715808943,0,0,78615.88715808943,FALSE,TRUE,TRUE
5106208,Nova Brasilândia,resto_mt,Demais MT,FALSE,2001,0,0,0,,0,0,,FALSE,,,,,2,1,78615.88715808943,0,0,78615.88715808943,FALSE,TRUE,TRUE
5106208,Nova Brasilândia,resto_mt,Demais MT,FALSE,2002,0,0,0,,0,0,,FALSE,114501,114501,0,0,2,1,78615.88715808943,0,0,78615.88715808943,FALSE,TRUE,TRUE
5106208,Nova Brasilândia,resto_mt,Demais MT,FALSE,2003,0,0,0,,0,0,,FALSE,128877,128877,0,0,1,1,78615.88715808943,0,0,78615.88715808943,FALSE,TRUE,TRUE
5106208,Nova Brasilândia,resto_mt,Demais MT,FALSE,2004,0,0,0,,0,0,,FALSE,183625,183625,0,0,1,1,78615.88715808943,0,0,78615.88715808943,FALSE,TRUE,TRUE
5106208,Nova Brasilândia,resto_mt,Demais MT,FALSE,2005,0,0,0,,0,0,,FALSE,267844,267844,0,0,1,1,78615.88715808943,0,0,78615.88715808943,FALSE,TRUE,TRUE
5106208,Nova Brasilândia,resto_mt,Demais MT,FALSE,2006,0,0,0,,0,0,,FALSE,148083,148083,0,0,2,1,78615.88715808943,0,0,78615.88715808943,FALSE,TRUE,TRUE
5106208,Nova Brasilândia,resto_mt,Demais MT,FALSE,2007,0,0,0,,0,0,,FALSE,179940,179940,0,0,2,1,78615.88715808943,0,0,78615.88715808943,FALSE,TRUE,TRUE
5106208,Nova Brasilândia,resto_mt,Demais MT,FALSE,2008,0,0,0,,0,0,,FALSE,183683,183683,0,0,2,1,78615.88715808943,0,0,78615.88715808943,FALSE,TRUE,TRUE
5106208,Nova Brasilândia,resto_mt,Demais MT,FALSE,2009,0,0,0,,0,0,,FALSE,169368,169368,0,0,1,1,78615.88715808943,0,0,78615.88715808943,FALSE,TRUE,TRUE
5106208,Nova Brasilândia,resto_mt,Demais MT,FALSE,2010,0,35571,-35571,,0,0,,FALSE,92798,92798,0,0,1,1,78615.88715808943,0,0,78615.88715808943,FALSE,TRUE,TRUE
5106208,Nova Brasilândia,resto_mt,Demais MT,FALSE,2011,0,0,0,,0,0,,FALSE,95811,95811,0,0,1,1,78615.88715808943,0,0,78615.88715808943,FALSE,TRUE,TRUE
5106208,Nova Brasilândia,resto_mt,Demais MT,FALSE,2012,0,0,0,,0,0,,FALSE,88258,88258,0,0,1,1,78615.88715808943,0,0,78615.88715808943,FALSE,TRUE,TRUE
5106208,Nova Brasilândia,resto_mt,Demais MT,FALSE,2013,0,0,0,,0,0,,FALSE,360440,92897,267543,0,1,1,78615.88715808943,0,0,78615.88715808943,FALSE,TRUE,TRUE
5106208,Nova Brasilândia,resto_mt,Demais MT,FALSE,2014,0,0,0,,0,0,,FALSE,398773,78705,320068,0,1,1,78615.88715808943,0,0,78615.88715808943,FALSE,TRUE,TRUE
5106208,Nova Brasilândia,resto_mt,Demais MT,FALSE,2015,0,0,0,,0,0,,FALSE,435381,80160,355221,0,1,1,78615.88715808943,0,0,78615.88715808943,FALSE,TRUE,TRUE
5106208,Nova Brasilândia,resto_mt,Demais MT,FALSE,2016,0,0,0,,0,0,,FALSE,412926,72262,340664,0,1,1,78615.88715808943,0,0,78615.88715808943,FALSE,TRUE,TRUE
5106208,Nova Brasilândia,resto_mt,Demais MT,FALSE,2017,0,0,0,,0,0,,FALSE,465247,30342,434905,0,1,1,78615.88715808943,0,0,78615.88715808943,FALSE,TRUE,TRUE
5106208,Nova Brasilândia,resto_mt,Demais MT,FALSE,2018,0,0,0,,0,0,,FALSE,441421,12572,428849,0,1,1,78615.88715808943,0,0,78615.88715808943,FALSE,TRUE,TRUE
5106208,Nova Brasilândia,resto_mt,Demais MT,FALSE,2019,0,0,0,,0,0,,FALSE,318203,8022,267397,42784,1,1,78615.88715808943,0,0,78615.88715808943,FALSE,TRUE,TRUE
5106208,Nova Brasilândia,resto_mt,Demais MT,FALSE,2020,0,0,0,,0,0,,FALSE,301764,7608,253583,40573,1,1,78615.88715808943,0,0,78615.88715808943,FALSE,TRUE,TRUE
5106208,Nova Brasilândia,resto_mt,Demais MT,FALSE,2021,0,0,0,,0,0,,FALSE,286593,8057,241705,36831,1,1,78615.88715808943,0,0,78615.88715808943,FALSE,TRUE,TRUE
5106208,Nova Brasilândia,resto_mt,Demais MT,FALSE,2022,0,0,0,,0,0,,FALSE,242294,7606,222736,11952,1,1,78615.88715808943,0,0,78615.88715808943,FALSE,TRUE,TRUE
5106208,Nova Brasilândia,resto_mt,Demais MT,FALSE,2023,0,0,0,,0,0,,FALSE,3482494,7334,3307531,167629,1,1,78615.88715808943,0,0,78615.88715808943,FALSE,TRUE,TRUE
5106208,Nova Brasilândia,resto_mt,Demais MT,FALSE,2024,0,0,0,,0,0,,FALSE,1881000,23000,1800000,58000,1,1,78615.88715808943,0,0,78615.88715808943,FALSE,TRUE,TRUE
5106216,Nova Canaã do Norte,resto_mt,Demais MT,FALSE,2000,0,0,0,,0,0,,FALSE,,,,,3,0,0,1,1298.7996632849693,1298.7996632849693,FALSE,TRUE,TRUE
5106216,Nova Canaã do Norte,resto_mt,Demais MT,FALSE,2001,0,0,0,,0,0,,FALSE,,,,,3,0,0,1,1298.7996632849693,1298.7996632849693,FALSE,TRUE,TRUE
5106216,Nova Canaã do Norte,resto_mt,Demais MT,FALSE,2002,0,0,0,,0,0,,FALSE,5513416,5513416,0,0,3,0,0,1,1298.7996632849693,1298.7996632849693,FALSE,TRUE,TRUE
5106216,Nova Canaã do Norte,resto_mt,Demais MT,FALSE,2003,342595,0,342595,0.8772,1,1,100,FALSE,6563294,6563294,0,0,3,0,0,1,1298.7996632849693,1298.7996632849693,FALSE,TRUE,TRUE
5106216,Nova Canaã do Norte,resto_mt,Demais MT,FALSE,2004,67043,0,67043,0.8313,1,1,100,FALSE,3142364,3142364,0,0,3,0,0,1,1298.7996632849693,1298.7996632849693,FALSE,TRUE,TRUE
5106216,Nova Canaã do Norte,resto_mt,Demais MT,FALSE,2005,0,0,0,,0,0,,FALSE,2523376,2523376,0,0,3,0,0,1,1298.7996632849693,1298.7996632849693,FALSE,TRUE,TRUE
5106216,Nova Canaã do Norte,resto_mt,Demais MT,FALSE,2006,0,0,0,,0,0,,FALSE,1872970,1872970,0,0,3,0,0,1,1298.7996632849693,1298.7996632849693,FALSE,TRUE,TRUE
5106216,Nova Canaã do Norte,resto_mt,Demais MT,FALSE,2007,0,0,0,,0,0,,FALSE,1807225,1807225,0,0,3,0,0,1,1298.7996632849693,1298.7996632849693,FALSE,TRUE,TRUE
5106216,Nova Canaã do Norte,resto_mt,Demais MT,FALSE,2008,0,0,0,,0,0,,FALSE,3027091,3027091,0,0,2,0,0,1,1298.7996632849693,1298.7996632849693,FALSE,TRUE,TRUE
5106216,Nova Canaã do Norte,resto_mt,Demais MT,FALSE,2009,0,0,0,,0,0,,FALSE,33558379,33558379,0,0,2,0,0,1,1298.7996632849693,1298.7996632849693,FALSE,TRUE,TRUE
5106216,Nova Canaã do Norte,resto_mt,Demais MT,FALSE,2010,0,0,0,,0,0,,FALSE,15212304,15212304,0,0,2,0,0,1,1298.7996632849693,1298.7996632849693,FALSE,TRUE,TRUE
5106216,Nova Canaã do Norte,resto_mt,Demais MT,FALSE,2011,0,0,0,,0,0,,FALSE,12642863,12642863,0,0,2,0,0,1,1298.7996632849693,1298.7996632849693,FALSE,TRUE,TRUE
5106216,Nova Canaã do Norte,resto_mt,Demais MT,FALSE,2012,0,2450,-2450,,0,0,,FALSE,19611005,19611005,0,0,2,0,0,1,1298.7996632849693,1298.7996632849693,FALSE,TRUE,TRUE
5106216,Nova Canaã do Norte,resto_mt,Demais MT,FALSE,2013,0,1954,-1954,,0,0,,FALSE,6056881,5744747,40875,271259,2,0,0,1,1298.7996632849693,1298.7996632849693,FALSE,TRUE,TRUE
5106216,Nova Canaã do Norte,resto_mt,Demais MT,FALSE,2014,0,0,0,,0,0,,FALSE,5080868,4912963,0,167905,2,0,0,1,1298.7996632849693,1298.7996632849693,FALSE,TRUE,TRUE
5106216,Nova Canaã do Norte,resto_mt,Demais MT,FALSE,2015,0,29067,-29067,,0,0,,FALSE,8440426,8154363,0,286063,2,0,0,1,1298.7996632849693,1298.7996632849693,FALSE,TRUE,TRUE
5106216,Nova Canaã do Norte,resto_mt,Demais MT,FALSE,2016,0,4399036,-4399036,,0,0,,FALSE,5621698,5530264,0,91434,2,0,0,1,1298.7996632849693,1298.7996632849693,FALSE,TRUE,TRUE
5106216,Nova Canaã do Norte,resto_mt,Demais MT,FALSE,2017,363726,1355050,-991324,3.3762,2,1,54.8,FALSE,4707378,4593233,0,114145,2,0,0,1,1298.7996632849693,1298.7996632849693,FALSE,TRUE,TRUE
5106216,Nova Canaã do Norte,resto_mt,Demais MT,FALSE,2018,3200020,1118216,2081804,3.392,3,2,66.2,FALSE,4565075,4281504,0,283571,2,0,0,1,1298.7996632849693,1298.7996632849693,FALSE,TRUE,TRUE
5106216,Nova Canaã do Norte,resto_mt,Demais MT,FALSE,2019,1341118,159179,1181939,3.1003,2,1,72.2,FALSE,2046924,1775516,0,271408,2,0,0,1,1298.7996632849693,1298.7996632849693,FALSE,TRUE,TRUE
5106216,Nova Canaã do Norte,resto_mt,Demais MT,FALSE,2020,570756,2427,568329,2.6668,2,2,72.2,FALSE,6183632,5124921,749339,309372,2,0,0,1,1298.7996632849693,1298.7996632849693,FALSE,TRUE,TRUE
5106216,Nova Canaã do Norte,resto_mt,Demais MT,FALSE,2021,511545,0,511545,3.1172,2,2,72.1,FALSE,1763293,1581439,28774,153080,2,0,0,1,1298.7996632849693,1298.7996632849693,FALSE,TRUE,TRUE
5106216,Nova Canaã do Norte,resto_mt,Demais MT,FALSE,2022,698987,0,698987,1.9531,3,2,57,FALSE,5019712,4877378,22817,119517,2,0,0,1,1298.7996632849693,1298.7996632849693,FALSE,TRUE,TRUE
5106216,Nova Canaã do Norte,resto_mt,Demais MT,FALSE,2023,957385,0,957385,2.0475,2,1,78.8,FALSE,2606632,2417001,67052,122579,2,0,0,1,1298.7996632849693,1298.7996632849693,FALSE,TRUE,TRUE
5106216,Nova Canaã do Norte,resto_mt,Demais MT,FALSE,2024,1353689,0,1353689,2.4531,2,1,80.2,FALSE,29606000,29351000,32000,223000,2,0,0,1,1298.7996632849693,1298.7996632849693,FALSE,TRUE,TRUE
5106224,Nova Mutum,resto_mt,Demais MT,FALSE,2000,513000,0,513000,0.171,1,1,100,FALSE,,,,,3,0,0,1,134.28090784645082,134.28090784645082,FALSE,TRUE,TRUE
5106224,Nova Mutum,resto_mt,Demais MT,FALSE,2001,0,4725500,-4725500,,0,0,,FALSE,,,,,3,0,0,1,134.28090784645082,134.28090784645082,FALSE,TRUE,TRUE
5106224,Nova Mutum,resto_mt,Demais MT,FALSE,2002,82176,0,82176,0.582,1,3,100,FALSE,811919,811919,0,0,3,0,0,1,134.28090784645082,134.28090784645082,FALSE,TRUE,TRUE
5106224,Nova Mutum,resto_mt,Demais MT,FALSE,2003,180834,112507,68327,0.8019,4,4,36.9,FALSE,810982,810982,0,0,3,0,0,1,134.28090784645082,134.28090784645082,FALSE,TRUE,TRUE
5106224,Nova Mutum,resto_mt,Demais MT,FALSE,2004,14136447,90000,14046447,0.2247,8,23,37.1,FALSE,583455,583455,0,0,2,0,0,1,134.28090784645082,134.28090784645082,FALSE,TRUE,TRUE
5106224,Nova Mutum,resto_mt,Demais MT,FALSE,2005,14498085,0,14498085,0.4827,10,18,63.9,FALSE,504675,504675,0,0,3,0,0,1,134.28090784645082,134.28090784645082,FALSE,TRUE,TRUE
5106224,Nova Mutum,resto_mt,Demais MT,FALSE,2006,23415260,0,23415260,0.2872,6,12,50.7,FALSE,342784,342784,0,0,2,0,0,1,134.28090784645082,134.28090784645082,FALSE,TRUE,TRUE
5106224,Nova Mutum,resto_mt,Demais MT,FALSE,2007,89984614,23905,89960709,0.2597,9,25,47.3,FALSE,8368521,8368521,0,0,3,0,0,1,134.28090784645082,134.28090784645082,FALSE,TRUE,TRUE
5106224,Nova Mutum,resto_mt,Demais MT,FALSE,2008,166036904,25761659,140275245,0.4606,11,31,59.4,FALSE,1053114,1053114,0,0,1,0,0,1,134.28090784645082,134.28090784645082,FALSE,TRUE,TRUE
5106224,Nova Mutum,resto_mt,Demais MT,FALSE,2009,403606280,13944373,389661907,0.3369,11,43,48.4,FALSE,1369058,1369058,0,0,1,0,0,1,134.28090784645082,134.28090784645082,FALSE,TRUE,TRUE
5106224,Nova Mutum,resto_mt,Demais MT,FALSE,2010,492662771,3861563,488801208,0.4015,9,29,42.4,FALSE,2962919,2962919,0,0,2,0,0,1,134.28090784645082,134.28090784645082,FALSE,TRUE,TRUE
5106224,Nova Mutum,resto_mt,Demais MT,FALSE,2011,783717173,10107366,773609807,0.4711,8,34,32.7,FALSE,2245306,2245306,0,0,1,0,0,1,134.28090784645082,134.28090784645082,FALSE,TRUE,TRUE
5106224,Nova Mutum,resto_mt,Demais MT,FALSE,2012,727205687,7237227,719968460,0.4402,10,48,29.4,FALSE,741370,741370,0,0,1,0,0,1,134.28090784645082,134.28090784645082,FALSE,TRUE,TRUE
5106224,Nova Mutum,resto_mt,Demais MT,FALSE,2013,717233898,2847145,714386753,0.3927,9,49,42.9,FALSE,16210517,92897,7600828,8516792,1,0,0,1,134.28090784645082,134.28090784645082,FALSE,TRUE,TRUE
5106224,Nova Mutum,resto_mt,Demais MT,FALSE,2014,668781462,2939873,665841589,0.4005,10,40,63.1,FALSE,19767288,69960,8961917,10735411,2,0,0,1,134.28090784645082,134.28090784645082,FALSE,TRUE,TRUE
5106224,Nova Mutum,resto_mt,Demais MT,FALSE,2015,626011365,1329347,624682018,0.3104,11,34,51.4,FALSE,11132875,0,3074390,8058485,0,0,0,1,134.28090784645082,134.28090784645082,FALSE,TRUE,TRUE
5106224,Nova Mutum,resto_mt,Demais MT,FALSE,2016,539449532,31592886,507856646,0.2912,8,31,37.4,FALSE,14038022,0,9942677,4095345,0,0,0,1,134.28090784645082,134.28090784645082,FALSE,TRUE,TRUE
5106224,Nova Mutum,resto_mt,Demais MT,FALSE,2017,671850985,15796634,656054351,0.2823,9,36,40.3,FALSE,14253614,920380,10176199,3157035,1,0,0,1,134.28090784645082,134.28090784645082,FALSE,TRUE,TRUE
5106224,Nova Mutum,resto_mt,Demais MT,FALSE,2018,523929974,16989798,506940176,0.3064,11,39,34.1,FALSE,13815358,799028,9785296,3231034,1,0,0,1,134.28090784645082,134.28090784645082,FALSE,TRUE,TRUE
5106224,Nova Mutum,resto_mt,Demais MT,FALSE,2019,735401017,72568081,662832936,0.293,11,45,37.3,FALSE,10162421,756733,6077933,3327755,2,0,0,1,134.28090784645082,134.28090784645082,FALSE,TRUE,TRUE
5106224,Nova Mutum,resto_mt,Demais MT,FALSE,2020,782568472,117250489,665317983,0.3083,8,39,37.6,FALSE,9269741,1048567,4572109,3649065,2,0,0,1,134.28090784645082,134.28090784645082,FALSE,TRUE,TRUE
5106224,Nova Mutum,resto_mt,Demais MT,FALSE,2021,946930402,123645184,823285218,0.4311,8,41,36.2,FALSE,14623136,2296195,7238481,5088460,2,0,0,1,134.28090784645082,134.28090784645082,FALSE,TRUE,TRUE
5106224,Nova Mutum,resto_mt,Demais MT,FALSE,2022,1231656165,149409600,1082246565,0.4876,9,43,34.7,FALSE,13416322,1150622,6997175,5268525,2,0,0,1,134.28090784645082,134.28090784645082,FALSE,TRUE,TRUE
5106224,Nova Mutum,resto_mt,Demais MT,FALSE,2023,1356115570,147649368,1208466202,0.4646,10,68,35.3,FALSE,20504176,76481,15133760,5293935,2,0,0,1,134.28090784645082,134.28090784645082,FALSE,TRUE,TRUE
5106224,Nova Mutum,resto_mt,Demais MT,FALSE,2024,979459886,166777580,812682306,0.3454,12,74,34.6,FALSE,23948000,720000,9669000,13559000,2,0,0,1,134.28090784645082,134.28090784645082,FALSE,TRUE,TRUE
5106232,Nova Olímpia,resto_mt,Demais MT,FALSE,2000,1781589,3280133,-1498544,0.2219,1,1,100,FALSE,,,,,2,0,0,0,0,0,FALSE,TRUE,TRUE
5106232,Nova Olímpia,resto_mt,Demais MT,FALSE,2001,19152366,791097,18361269,0.2221,2,7,100,FALSE,,,,,2,0,0,0,0,0,FALSE,TRUE,TRUE
5106232,Nova Olímpia,resto_mt,Demais MT,FALSE,2002,13189523,10553,13178970,0.1542,1,5,100,FALSE,884784,884784,0,0,3,0,0,0,0,0,FALSE,TRUE,TRUE
5106232,Nova Olímpia,resto_mt,Demais MT,FALSE,2003,3917836,7715,3910121,0.1799,1,11,100,FALSE,638098,638098,0,0,3,0,0,0,0,0,FALSE,TRUE,TRUE
5106232,Nova Olímpia,resto_mt,Demais MT,FALSE,2004,3967054,0,3967054,0.1942,1,7,100,FALSE,690076,690076,0,0,3,0,0,0,0,0,FALSE,TRUE,TRUE
5106232,Nova Olímpia,resto_mt,Demais MT,FALSE,2005,10248935,0,10248935,0.2452,1,3,100,FALSE,634368,634368,0,0,2,0,0,0,0,0,FALSE,TRUE,TRUE
5106232,Nova Olímpia,resto_mt,Demais MT,FALSE,2006,33466828,0,33466828,0.3017,3,8,68,FALSE,808970,808970,0,0,3,0,0,0,0,0,FALSE,TRUE,TRUE
5106232,Nova Olímpia,resto_mt,Demais MT,FALSE,2007,47401258,0,47401258,0.2946,5,11,43.6,FALSE,860583,860583,0,0,3,0,0,0,0,0,FALSE,TRUE,TRUE
5106232,Nova Olímpia,resto_mt,Demais MT,FALSE,2008,41440895,0,41440895,0.4479,4,6,61.9,FALSE,896372,896372,0,0,2,0,0,0,0,0,FALSE,TRUE,TRUE
5106232,Nova Olímpia,resto_mt,Demais MT,FALSE,2009,11673312,0,11673312,0.4611,2,4,95.7,FALSE,983275,983275,0,0,2,0,0,0,0,0,FALSE,TRUE,TRUE
5106232,Nova Olímpia,resto_mt,Demais MT,FALSE,2010,21811627,0,21811627,0.3665,3,3,41.2,FALSE,850652,850652,0,0,1,0,0,0,0,0,FALSE,TRUE,TRUE
5106232,Nova Olímpia,resto_mt,Demais MT,FALSE,2011,27758056,0,27758056,0.4911,4,6,34.2,FALSE,847717,847717,0,0,1,0,0,0,0,0,FALSE,TRUE,TRUE
5106232,Nova Olímpia,resto_mt,Demais MT,FALSE,2012,16495178,0,16495178,0.6594,4,5,41.5,FALSE,782557,782557,0,0,1,0,0,0,0,0,FALSE,TRUE,TRUE
5106232,Nova Olímpia,resto_mt,Demais MT,FALSE,2013,8864500,0,8864500,0.4941,46,7,38.1,FALSE,1566243,735744,0,830499,1,0,0,0,0,0,FALSE,TRUE,TRUE
5106232,Nova Olímpia,resto_mt,Demais MT,FALSE,2014,0,0,0,,0,0,,FALSE,3786602,701352,0,3085250,1,0,0,0,0,0,FALSE,TRUE,TRUE
5106232,Nova Olímpia,resto_mt,Demais MT,FALSE,2015,3092516,0,3092516,0.4123,1,1,100,FALSE,4187206,660145,0,3527061,1,0,0,0,0,0,FALSE,TRUE,TRUE
5106232,Nova Olímpia,resto_mt,Demais MT,FALSE,2016,6027987,0,6027987,0.3886,2,2,57.7,FALSE,2440690,620864,0,1819826,1,0,0,0,0,0,FALSE,TRUE,TRUE
5106232,Nova Olímpia,resto_mt,Demais MT,FALSE,2017,5074626,0,5074626,0.479,1,1,100,FALSE,4668366,657415,0,4010951,1,0,0,0,0,0,FALSE,TRUE,TRUE
5106232,Nova Olímpia,resto_mt,Demais MT,FALSE,2018,3745199,0,3745199,0.4153,2,4,54.7,FALSE,3229637,750136,0,2479501,1,0,0,0,0,0,FALSE,TRUE,TRUE
5106232,Nova Olímpia,resto_mt,Demais MT,FALSE,2019,4474337,0,4474337,0.3891,2,3,96.8,FALSE,3460117,716624,0,2743493,1,0,0,0,0,0,FALSE,TRUE,TRUE
5106232,Nova Olímpia,resto_mt,Demais MT,FALSE,2020,3966800,0,3966800,0.3527,1,2,100,FALSE,2838866,598457,0,2240409,1,0,0,0,0,0,FALSE,TRUE,TRUE
5106232,Nova Olímpia,resto_mt,Demais MT,FALSE,2021,9725065,0,9725065,0.3843,2,3,99.9,FALSE,2667960,600809,0,2067151,1,0,0,0,0,0,FALSE,TRUE,TRUE
5106232,Nova Olímpia,resto_mt,Demais MT,FALSE,2022,10517546,0,10517546,0.5478,1,3,100,FALSE,2642411,621488,0,2020923,1,0,0,0,0,0,FALSE,TRUE,TRUE
5106232,Nova Olímpia,resto_mt,Demais MT,FALSE,2023,12359695,0,12359695,0.5828,1,3,100,FALSE,2422240,672612,0,1749628,1,0,0,0,0,0,FALSE,TRUE,TRUE
5106232,Nova Olímpia,resto_mt,Demais MT,FALSE,2024,29667434,1983926,27683508,0.5464,2,17,100,FALSE,2828000,619000,0,2209000,1,0,0,0,0,0,FALSE,TRUE,TRUE
5106240,Nova Ubiratã,resto_mt,Demais MT,FALSE,2000,5394703,138535,5256168,0.1557,3,2,93.9,FALSE,,,,,2,1,102738.08076028634,1,29357.508457383727,132095.58921767006,FALSE,TRUE,TRUE
5106240,Nova Ubiratã,resto_mt,Demais MT,FALSE,2001,223322,0,223322,0.4917,1,2,100,FALSE,,,,,2,1,102738.08076028634,1,29357.508457383727,132095.58921767006,FALSE,TRUE,TRUE
5106240,Nova Ubiratã,resto_mt,Demais MT,FALSE,2002,663654,0,663654,0.3719,1,4,100,FALSE,4514131,4514131,0,0,2,1,102738.08076028634,1,29357.508457383727,132095.58921767006,FALSE,TRUE,TRUE
5106240,Nova Ubiratã,resto_mt,Demais MT,FALSE,2003,4186723,0,4186723,0.2753,4,7,59.9,FALSE,3853735,3853735,0,0,2,1,102738.08076028634,1,29357.508457383727,132095.58921767006,FALSE,TRUE,TRUE
5106240,Nova Ubiratã,resto_mt,Demais MT,FALSE,2004,5109952,0,5109952,0.2481,5,6,68.9,FALSE,3089054,3089054,0,0,2,1,102738.08076028634,1,29357.508457383727,132095.58921767006,FALSE,TRUE,TRUE
5106240,Nova Ubiratã,resto_mt,Demais MT,FALSE,2005,10283009,0,10283009,0.3067,4,11,71.9,FALSE,4615382,4615382,0,0,3,1,102738.08076028634,1,29357.508457383727,132095.58921767006,FALSE,TRUE,TRUE
5106240,Nova Ubiratã,resto_mt,Demais MT,FALSE,2006,12325349,0,12325349,0.2819,6,12,78.5,FALSE,8015654,8015654,0,0,3,1,102738.08076028634,1,29357.508457383727,132095.58921767006,FALSE,TRUE,TRUE
5106240,Nova Ubiratã,resto_mt,Demais MT,FALSE,2007,8850363,0,8850363,0.6326,4,15,40.8,FALSE,26725023,26725023,0,0,3,1,102738.08076028634,1,29357.508457383727,132095.58921767006,FALSE,TRUE,TRUE
5106240,Nova Ubiratã,resto_mt,Demais MT,FALSE,2008,28432957,0,28432957,0.5831,5,17,57.3,FALSE,11503436,11503436,0,0,2,1,102738.08076028634,1,29357.508457383727,132095.58921767006,FALSE,TRUE,TRUE
5106240,Nova Ubiratã,resto_mt,Demais MT,FALSE,2009,20184923,0,20184923,0.3274,5,16,31.1,FALSE,14845572,14845572,0,0,2,1,102738.08076028634,1,29357.508457383727,132095.58921767006,FALSE,TRUE,TRUE
5106240,Nova Ubiratã,resto_mt,Demais MT,FALSE,2010,16467261,0,16467261,0.5202,5,14,55,FALSE,30457751,30457751,0,0,3,1,102738.08076028634,1,29357.508457383727,132095.58921767006,FALSE,TRUE,TRUE
5106240,Nova Ubiratã,resto_mt,Demais MT,FALSE,2011,28040004,0,28040004,0.6016,8,19,51.5,FALSE,41500665,41500665,0,0,3,1,102738.08076028634,1,29357.508457383727,132095.58921767006,FALSE,TRUE,TRUE
5106240,Nova Ubiratã,resto_mt,Demais MT,FALSE,2012,54530196,814870,53715326,0.5386,9,19,35.7,FALSE,29984303,29984303,0,0,3,1,102738.08076028634,1,29357.508457383727,132095.58921767006,FALSE,TRUE,TRUE
5106240,Nova Ubiratã,resto_mt,Demais MT,FALSE,2013,131636336,45133,131591203,0.3991,10,31,33.2,FALSE,22167068,8979418,8317992,4869658,3,1,102738.08076028634,1,29357.508457383727,132095.58921767006,FALSE,TRUE,TRUE
5106240,Nova Ubiratã,resto_mt,Demais MT,FALSE,2014,111291863,0,111291863,0.3656,7,25,45.6,FALSE,17964061,4524684,5554849,7884528,3,1,102738.08076028634,1,29357.508457383727,132095.58921767006,FALSE,TRUE,TRUE
5106240,Nova Ubiratã,resto_mt,Demais MT,FALSE,2015,86292208,0,86292208,0.3003,6,35,51.2,FALSE,21266101,12423301,4025313,4817487,3,1,102738.08076028634,1,29357.508457383727,132095.58921767006,FALSE,TRUE,TRUE
5106240,Nova Ubiratã,resto_mt,Demais MT,FALSE,2016,134316615,0,134316615,0.2433,6,29,53.4,FALSE,26145615,15797384,6043473,4304758,3,1,102738.08076028634,1,29357.508457383727,132095.58921767006,FALSE,TRUE,TRUE
5106240,Nova Ubiratã,resto_mt,Demais MT,FALSE,2017,179850458,0,179850458,0.307,5,33,82.6,FALSE,25566924,17160687,5078708,3327529,3,1,102738.08076028634,1,29357.508457383727,132095.58921767006,FALSE,TRUE,TRUE
5106240,Nova Ubiratã,resto_mt,Demais MT,FALSE,2018,110000045,0,110000045,0.2451,6,32,54.1,FALSE,11833155,6610139,1853689,3369327,3,1,102738.08076028634,1,29357.508457383727,132095.58921767006,FALSE,TRUE,TRUE
5106240,Nova Ubiratã,resto_mt,Demais MT,FALSE,2019,225034767,0,225034767,0.2282,4,40,50.4,FALSE,7997843,3949453,360986,3687404,1,1,102738.08076028634,1,29357.508457383727,132095.58921767006,FALSE,TRUE,TRUE
5106240,Nova Ubiratã,resto_mt,Demais MT,FALSE,2020,281719689,0,281719689,0.2395,5,37,55.7,FALSE,14966494,11137384,0,3829110,2,1,102738.08076028634,1,29357.508457383727,132095.58921767006,FALSE,TRUE,TRUE
5106240,Nova Ubiratã,resto_mt,Demais MT,FALSE,2021,301355490,1196812,300158678,0.3357,5,37,80.3,FALSE,34860726,23479887,6583576,4797263,2,1,102738.08076028634,1,29357.508457383727,132095.58921767006,FALSE,TRUE,TRUE
5106240,Nova Ubiratã,resto_mt,Demais MT,FALSE,2022,359162342,0,359162342,0.375,4,44,57.3,FALSE,31028775,19380218,6247477,5401080,2,1,102738.08076028634,1,29357.508457383727,132095.58921767006,FALSE,TRUE,TRUE
5106240,Nova Ubiratã,resto_mt,Demais MT,FALSE,2023,569692055,0,569692055,0.4095,3,43,76,FALSE,17383132,3262480,829764,13290888,2,1,102738.08076028634,1,29357.508457383727,132095.58921767006,FALSE,TRUE,TRUE
5106240,Nova Ubiratã,resto_mt,Demais MT,FALSE,2024,169552470,39715,169512755,0.2793,4,36,54.5,FALSE,33221000,11570000,2640000,19011000,2,1,102738.08076028634,1,29357.508457383727,132095.58921767006,FALSE,TRUE,TRUE
5106257,Nova Xavantina,resto_mt,Demais MT,FALSE,2000,0,0,0,,0,0,,FALSE,,,,,3,0,0,3,3881.2888259997044,3881.2888259997044,FALSE,TRUE,TRUE
5106257,Nova Xavantina,resto_mt,Demais MT,FALSE,2001,0,0,0,,0,0,,FALSE,,,,,3,0,0,3,3881.2888259997044,3881.2888259997044,FALSE,TRUE,TRUE
5106257,Nova Xavantina,resto_mt,Demais MT,FALSE,2002,0,0,0,,0,0,,FALSE,392081,392081,0,0,3,0,0,3,3881.2888259997044,3881.2888259997044,FALSE,TRUE,TRUE
5106257,Nova Xavantina,resto_mt,Demais MT,FALSE,2003,705329,0,705329,1.4254,1,5,100,FALSE,757545,757545,0,0,3,0,0,3,3881.2888259997044,3881.2888259997044,FALSE,TRUE,TRUE
5106257,Nova Xavantina,resto_mt,Demais MT,FALSE,2004,365391,0,365391,1.2171,1,3,100,FALSE,586417,586417,0,0,3,0,0,3,3881.2888259997044,3881.2888259997044,FALSE,TRUE,TRUE
5106257,Nova Xavantina,resto_mt,Demais MT,FALSE,2005,0,0,0,,0,0,,FALSE,724590,724590,0,0,3,0,0,3,3881.2888259997044,3881.2888259997044,FALSE,TRUE,TRUE
5106257,Nova Xavantina,resto_mt,Demais MT,FALSE,2006,0,0,0,,0,0,,FALSE,1212083,1212083,0,0,3,0,0,3,3881.2888259997044,3881.2888259997044,FALSE,TRUE,TRUE
5106257,Nova Xavantina,resto_mt,Demais MT,FALSE,2007,0,0,0,,0,0,,FALSE,685859,685859,0,0,3,0,0,3,3881.2888259997044,3881.2888259997044,FALSE,TRUE,TRUE
5106257,Nova Xavantina,resto_mt,Demais MT,FALSE,2008,2040411,0,2040411,3.915,1,1,100,FALSE,695545,695545,0,0,3,0,0,3,3881.2888259997044,3881.2888259997044,FALSE,TRUE,TRUE
5106257,Nova Xavantina,resto_mt,Demais MT,FALSE,2009,855679,0,855679,0.3423,1,1,100,FALSE,493990,493990,0,0,3,0,0,3,3881.2888259997044,3881.2888259997044,FALSE,TRUE,TRUE
5106257,Nova Xavantina,resto_mt,Demais MT,FALSE,2010,1504747,468906,1035841,3.006,3,3,89.9,FALSE,713664,713664,0,0,3,0,0,3,3881.2888259997044,3881.2888259997044,FALSE,TRUE,TRUE
5106257,Nova Xavantina,resto_mt,Demais MT,FALSE,2011,240505,926731,-686226,0.5306,1,1,100,FALSE,293681,293681,0,0,2,0,0,3,3881.2888259997044,3881.2888259997044,FALSE,TRUE,TRUE
5106257,Nova Xavantina,resto_mt,Demais MT,FALSE,2012,12071962,1599068,10472894,2.1898,2,3,76.7,FALSE,1929916,1929916,0,0,3,0,0,3,3881.2888259997044,3881.2888259997044,FALSE,TRUE,TRUE
5106257,Nova Xavantina,resto_mt,Demais MT,FALSE,2013,38401508,1298521,37102987,4.1536,3,7,89.9,FALSE,6008575,1373017,2043733,2591825,3,0,0,3,3881.2888259997044,3881.2888259997044,FALSE,TRUE,TRUE
5106257,Nova Xavantina,resto_mt,Demais MT,FALSE,2014,34587955,1682460,32905495,4.4625,2,4,88,FALSE,6875350,1355481,2357663,3162206,3,0,0,3,3881.2888259997044,3881.2888259997044,FALSE,TRUE,TRUE
5106257,Nova Xavantina,resto_mt,Demais MT,FALSE,2015,43596687,220498,43376189,7.8425,3,3,94.6,FALSE,4864640,1265278,0,3599362,2,0,0,3,3881.2888259997044,3881.2888259997044,FALSE,TRUE,TRUE
5106257,Nova Xavantina,resto_mt,Demais MT,FALSE,2016,36581909,31400,36550509,1116.255,2,2,100,FALSE,4564311,1558797,16222,2989292,3,0,0,3,3881.2888259997044,3881.2888259997044,FALSE,TRUE,TRUE
5106257,Nova Xavantina,resto_mt,Demais MT,FALSE,2017,5836540,86427,5750113,0.6092,4,4,51.4,FALSE,3768214,1583574,37567,2147073,3,0,0,3,3881.2888259997044,3881.2888259997044,FALSE,TRUE,TRUE
5106257,Nova Xavantina,resto_mt,Demais MT,FALSE,2018,19782641,153790,19628851,2.3735,6,8,78.4,FALSE,3281322,1504463,39113,1737746,3,0,0,3,3881.2888259997044,3881.2888259997044,FALSE,TRUE,TRUE
5106257,Nova Xavantina,resto_mt,Demais MT,FALSE,2019,26742137,148538,26593599,3.173,5,16,83.1,FALSE,2894572,1573631,29414,1291527,2,0,0,3,3881.2888259997044,3881.2888259997044,FALSE,TRUE,TRUE
5106257,Nova Xavantina,resto_mt,Demais MT,FALSE,2020,4270258,369785,3900473,3.2296,3,9,82.1,FALSE,2907333,1492338,27894,1387101,2,0,0,3,3881.2888259997044,3881.2888259997044,FALSE,TRUE,TRUE
5106257,Nova Xavantina,resto_mt,Demais MT,FALSE,2021,686450,121872,564578,3.2017,3,5,87,FALSE,2330724,1157881,28774,1144069,2,0,0,3,3881.2888259997044,3881.2888259997044,FALSE,TRUE,TRUE
5106257,Nova Xavantina,resto_mt,Demais MT,FALSE,2022,0,216257,-216257,,0,0,,FALSE,3740880,1089777,26076,2625027,2,0,0,3,3881.2888259997044,3881.2888259997044,FALSE,TRUE,TRUE
5106257,Nova Xavantina,resto_mt,Demais MT,FALSE,2023,0,1449907,-1449907,,0,0,,FALSE,35144478,1353605,22001,33768872,2,0,0,3,3881.2888259997044,3881.2888259997044,FALSE,TRUE,TRUE
5106257,Nova Xavantina,resto_mt,Demais MT,FALSE,2024,0,759607,-759607,,0,0,,FALSE,12885000,360000,0,12525000,1,0,0,3,3881.2888259997044,3881.2888259997044,FALSE,TRUE,TRUE
5106265,Novo Mundo,resto_mt,Demais MT,FALSE,2000,0,0,0,,0,0,,FALSE,,,,,3,3,49786.805374217285,0,0,49786.805374217285,FALSE,TRUE,TRUE
5106265,Novo Mundo,resto_mt,Demais MT,FALSE,2001,0,0,0,,0,0,,FALSE,,,,,3,3,49786.805374217285,0,0,49786.805374217285,FALSE,TRUE,TRUE
5106265,Novo Mundo,resto_mt,Demais MT,FALSE,2002,0,0,0,,0,0,,FALSE,3948564,3948564,0,0,3,3,49786.805374217285,0,0,49786.805374217285,FALSE,TRUE,TRUE
5106265,Novo Mundo,resto_mt,Demais MT,FALSE,2003,1225824,0,1225824,0.6446,1,2,100,FALSE,5136217,5136217,0,0,2,3,49786.805374217285,0,0,49786.805374217285,FALSE,TRUE,TRUE
5106265,Novo Mundo,resto_mt,Demais MT,FALSE,2004,314558,0,314558,0.562,1,1,100,FALSE,3417803,3417803,0,0,3,3,49786.805374217285,0,0,49786.805374217285,FALSE,TRUE,TRUE
5106265,Novo Mundo,resto_mt,Demais MT,FALSE,2005,0,0,0,,0,0,,FALSE,2788401,2788401,0,0,3,3,49786.805374217285,0,0,49786.805374217285,FALSE,TRUE,TRUE
5106265,Novo Mundo,resto_mt,Demais MT,FALSE,2006,0,0,0,,0,0,,FALSE,2048475,2048475,0,0,3,3,49786.805374217285,0,0,49786.805374217285,FALSE,TRUE,TRUE
5106265,Novo Mundo,resto_mt,Demais MT,FALSE,2007,0,0,0,,0,0,,FALSE,1898499,1898499,0,0,3,3,49786.805374217285,0,0,49786.805374217285,FALSE,TRUE,TRUE
5106265,Novo Mundo,resto_mt,Demais MT,FALSE,2008,0,0,0,,0,0,,FALSE,2662175,2662175,0,0,3,3,49786.805374217285,0,0,49786.805374217285,FALSE,TRUE,TRUE
5106265,Novo Mundo,resto_mt,Demais MT,FALSE,2009,0,0,0,,0,0,,FALSE,3655525,3655525,0,0,2,3,49786.805374217285,0,0,49786.805374217285,FALSE,TRUE,TRUE
5106265,Novo Mundo,resto_mt,Demais MT,FALSE,2010,0,0,0,,0,0,,FALSE,3040251,3040251,0,0,2,3,49786.805374217285,0,0,49786.805374217285,FALSE,TRUE,TRUE
5106265,Novo Mundo,resto_mt,Demais MT,FALSE,2011,0,0,0,,0,0,,FALSE,4092788,4092788,0,0,2,3,49786.805374217285,0,0,49786.805374217285,FALSE,TRUE,TRUE
5106265,Novo Mundo,resto_mt,Demais MT,FALSE,2012,0,0,0,,0,0,,FALSE,1545502,1545502,0,0,2,3,49786.805374217285,0,0,49786.805374217285,FALSE,TRUE,TRUE
5106265,Novo Mundo,resto_mt,Demais MT,FALSE,2013,0,0,0,,0,0,,FALSE,785908,592682,0,193226,2,3,49786.805374217285,0,0,49786.805374217285,FALSE,TRUE,TRUE
5106265,Novo Mundo,resto_mt,Demais MT,FALSE,2014,0,0,0,,0,0,,FALSE,794050,596412,50721,146917,2,3,49786.805374217285,0,0,49786.805374217285,FALSE,TRUE,TRUE
5106265,Novo Mundo,resto_mt,Demais MT,FALSE,2015,0,0,0,,0,0,,FALSE,658573,546977,6287,105309,2,3,49786.805374217285,0,0,49786.805374217285,FALSE,TRUE,TRUE
5106265,Novo Mundo,resto_mt,Demais MT,FALSE,2016,0,0,0,,0,0,,FALSE,616440,439472,0,176968,2,3,49786.805374217285,0,0,49786.805374217285,FALSE,TRUE,TRUE
5106265,Novo Mundo,resto_mt,Demais MT,FALSE,2017,17102013,0,17102013,0.2513,2,7,68.5,FALSE,736882,582281,0,154601,5,3,49786.805374217285,0,0,49786.805374217285,FALSE,TRUE,TRUE
5106265,Novo Mundo,resto_mt,Demais MT,FALSE,2018,15322909,0,15322909,0.2746,2,6,66.8,FALSE,766899,578317,0,188582,4,3,49786.805374217285,0,0,49786.805374217285,FALSE,TRUE,TRUE
5106265,Novo Mundo,resto_mt,Demais MT,FALSE,2019,32844129,0,32844129,0.2471,2,15,69.8,FALSE,820909,457249,0,363660,3,3,49786.805374217285,0,0,49786.805374217285,FALSE,TRUE,TRUE
5106265,Novo Mundo,resto_mt,Demais MT,FALSE,2020,28672058,0,28672058,0.2363,2,16,54.5,FALSE,794984,467861,0,327123,3,3,49786.805374217285,0,0,49786.805374217285,FALSE,TRUE,TRUE
5106265,Novo Mundo,resto_mt,Demais MT,FALSE,2021,52466513,0,52466513,0.3364,2,19,68.6,FALSE,774606,466145,0,308461,3,3,49786.805374217285,0,0,49786.805374217285,FALSE,TRUE,TRUE
5106265,Novo Mundo,resto_mt,Demais MT,FALSE,2022,92025563,2327,92023236,0.3693,2,16,68.2,FALSE,624748,405271,0,219477,3,3,49786.805374217285,0,0,49786.805374217285,FALSE,TRUE,TRUE
5106265,Novo Mundo,resto_mt,Demais MT,FALSE,2023,88322388,0,88322388,0.357,2,13,69.6,FALSE,481933,258777,0,223156,3,3,49786.805374217285,0,0,49786.805374217285,FALSE,TRUE,TRUE
5106265,Novo Mundo,resto_mt,Demais MT,FALSE,2024,87607954,0,87607954,0.2663,3,16,54.5,FALSE,810000,462000,0,348000,3,3,49786.805374217285,0,0,49786.805374217285,FALSE,TRUE,TRUE
5106273,Novo Horizonte do Norte,resto_mt,Demais MT,FALSE,2000,0,0,0,,0,0,,FALSE,,,,,3,0,0,0,0,0,FALSE,TRUE,TRUE
5106273,Novo Horizonte do Norte,resto_mt,Demais MT,FALSE,2001,35690,0,35690,0.4832,1,1,100,FALSE,,,,,3,0,0,0,0,0,FALSE,TRUE,TRUE
5106273,Novo Horizonte do Norte,resto_mt,Demais MT,FALSE,2002,0,0,0,,0,0,,FALSE,204715,204715,0,0,3,0,0,0,0,0,FALSE,TRUE,TRUE
5106273,Novo Horizonte do Norte,resto_mt,Demais MT,FALSE,2003,1529074,0,1529074,0.403,2,3,96.6,FALSE,282901,282901,0,0,3,0,0,0,0,0,FALSE,TRUE,TRUE
5106273,Novo Horizonte do Norte,resto_mt,Demais MT,FALSE,2004,2219203,0,2219203,0.5497,2,3,99.6,FALSE,254706,254706,0,0,3,0,0,0,0,0,FALSE,TRUE,TRUE
5106273,Novo Horizonte do Norte,resto_mt,Demais MT,FALSE,2005,572792,0,572792,0.6303,2,3,98.2,FALSE,346788,346788,0,0,2,0,0,0,0,0,FALSE,TRUE,TRUE
5106273,Novo Horizonte do Norte,resto_mt,Demais MT,FALSE,2006,0,0,0,,0,0,,FALSE,186474,186474,0,0,2,0,0,0,0,0,FALSE,TRUE,TRUE
5106273,Novo Horizonte do Norte,resto_mt,Demais MT,FALSE,2007,0,0,0,,0,0,,FALSE,198195,198195,0,0,2,0,0,0,0,0,FALSE,TRUE,TRUE
5106273,Novo Horizonte do Norte,resto_mt,Demais MT,FALSE,2008,0,0,0,,0,0,,FALSE,308587,308587,0,0,2,0,0,0,0,0,FALSE,TRUE,TRUE
5106273,Novo Horizonte do Norte,resto_mt,Demais MT,FALSE,2009,0,0,0,,0,0,,FALSE,1180871,1180871,0,0,2,0,0,0,0,0,FALSE,TRUE,TRUE
5106273,Novo Horizonte do Norte,resto_mt,Demais MT,FALSE,2010,0,0,0,,0,0,,FALSE,1148932,1148932,0,0,3,0,0,0,0,0,FALSE,TRUE,TRUE
5106273,Novo Horizonte do Norte,resto_mt,Demais MT,FALSE,2011,0,0,0,,0,0,,FALSE,14227907,14227907,0,0,3,0,0,0,0,0,FALSE,TRUE,TRUE
5106273,Novo Horizonte do Norte,resto_mt,Demais MT,FALSE,2012,0,0,0,,0,0,,FALSE,4140297,4140297,0,0,3,0,0,0,0,0,FALSE,TRUE,TRUE
5106273,Novo Horizonte do Norte,resto_mt,Demais MT,FALSE,2013,0,0,0,,0,0,,FALSE,1170502,1166786,0,3716,3,0,0,0,0,0,FALSE,TRUE,TRUE
5106273,Novo Horizonte do Norte,resto_mt,Demais MT,FALSE,2014,0,0,0,,0,0,,FALSE,998683,960205,0,38478,3,0,0,0,0,0,FALSE,TRUE,TRUE
5106273,Novo Horizonte do Norte,resto_mt,Demais MT,FALSE,2015,0,0,0,,0,0,,FALSE,386656,355221,0,31435,3,0,0,0,0,0,FALSE,TRUE,TRUE
5106273,Novo Horizonte do Norte,resto_mt,Demais MT,FALSE,2016,0,0,0,,0,0,,FALSE,2157540,2157540,0,0,3,0,0,0,0,0,FALSE,TRUE,TRUE
5106273,Novo Horizonte do Norte,resto_mt,Demais MT,FALSE,2017,0,0,0,,0,0,,FALSE,5032472,5031027,0,1445,3,0,0,0,0,0,FALSE,TRUE,TRUE
5106273,Novo Horizonte do Norte,resto_mt,Demais MT,FALSE,2018,0,0,0,,0,0,,FALSE,5246763,5245366,0,1397,3,0,0,0,0,0,FALSE,TRUE,TRUE
5106273,Novo Horizonte do Norte,resto_mt,Demais MT,FALSE,2019,0,0,0,,0,0,,FALSE,338257,221939,0,116318,3,0,0,0,0,0,FALSE,TRUE,TRUE
5106273,Novo Horizonte do Norte,resto_mt,Demais MT,FALSE,2020,0,0,0,,0,0,,FALSE,304300,199063,0,105237,3,0,0,0,0,0,FALSE,TRUE,TRUE
5106273,Novo Horizonte do Norte,resto_mt,Demais MT,FALSE,2021,0,0,0,,0,0,,FALSE,290046,181854,0,108192,3,0,0,0,0,0,FALSE,TRUE,TRUE
5106273,Novo Horizonte do Norte,resto_mt,Demais MT,FALSE,2022,0,0,0,,0,0,,FALSE,550864,254245,0,296619,4,0,0,0,0,0,FALSE,TRUE,TRUE
5106273,Novo Horizonte do Norte,resto_mt,Demais MT,FALSE,2023,0,0,0,,0,0,,FALSE,463075,84862,0,378213,4,0,0,0,0,0,FALSE,TRUE,TRUE
5106273,Novo Horizonte do Norte,resto_mt,Demais MT,FALSE,2024,0,0,0,,0,0,,FALSE,863000,113000,0,750000,4,0,0,0,0,0,FALSE,TRUE,TRUE
5106281,Novo São Joaquim,resto_mt,Demais MT,FALSE,2000,0,0,0,,0,0,,FALSE,,,,,2,0,0,2,11843.615205280083,11843.615205280083,FALSE,TRUE,TRUE
5106281,Novo São Joaquim,resto_mt,Demais MT,FALSE,2001,0,0,0,,0,0,,FALSE,,,,,2,0,0,2,11843.615205280083,11843.615205280083,FALSE,TRUE,TRUE
5106281,Novo São Joaquim,resto_mt,Demais MT,FALSE,2002,0,0,0,,0,0,,FALSE,253291,253291,0,0,2,0,0,2,11843.615205280083,11843.615205280083,FALSE,TRUE,TRUE
5106281,Novo São Joaquim,resto_mt,Demais MT,FALSE,2003,0,0,0,,0,0,,FALSE,537511,537511,0,0,3,0,0,2,11843.615205280083,11843.615205280083,FALSE,TRUE,TRUE
5106281,Novo São Joaquim,resto_mt,Demais MT,FALSE,2004,0,0,0,,0,0,,FALSE,456102,456102,0,0,3,0,0,2,11843.615205280083,11843.615205280083,FALSE,TRUE,TRUE
5106281,Novo São Joaquim,resto_mt,Demais MT,FALSE,2005,0,0,0,,0,0,,FALSE,792256,792256,0,0,3,0,0,2,11843.615205280083,11843.615205280083,FALSE,TRUE,TRUE
5106281,Novo São Joaquim,resto_mt,Demais MT,FALSE,2006,0,0,0,,0,0,,FALSE,682825,682825,0,0,2,0,0,2,11843.615205280083,11843.615205280083,FALSE,TRUE,TRUE
5106281,Novo São Joaquim,resto_mt,Demais MT,FALSE,2007,0,0,0,,0,0,,FALSE,375527,375527,0,0,3,0,0,2,11843.615205280083,11843.615205280083,FALSE,TRUE,TRUE
5106281,Novo São Joaquim,resto_mt,Demais MT,FALSE,2008,0,0,0,,0,0,,FALSE,240012,240012,0,0,3,0,0,2,11843.615205280083,11843.615205280083,FALSE,TRUE,TRUE
5106281,Novo São Joaquim,resto_mt,Demais MT,FALSE,2009,0,0,0,,0,0,,FALSE,218767,218767,0,0,2,0,0,2,11843.615205280083,11843.615205280083,FALSE,TRUE,TRUE
5106281,Novo São Joaquim,resto_mt,Demais MT,FALSE,2010,0,0,0,,0,0,,FALSE,216530,216530,0,0,3,0,0,2,11843.615205280083,11843.615205280083,FALSE,TRUE,TRUE
5106281,Novo São Joaquim,resto_mt,Demais MT,FALSE,2011,2594298,0,2594298,0.3783,3,8,57.3,FALSE,322841,322841,0,0,3,0,0,2,11843.615205280083,11843.615205280083,FALSE,TRUE,TRUE
5106281,Novo São Joaquim,resto_mt,Demais MT,FALSE,2012,390662,0,390662,2.0664,1,3,100,FALSE,247123,247123,0,0,3,0,0,2,11843.615205280083,11843.615205280083,FALSE,TRUE,TRUE
5106281,Novo São Joaquim,resto_mt,Demais MT,FALSE,2013,0,0,0,,0,0,,FALSE,1566243,302844,1254109,9290,3,0,0,2,11843.615205280083,11843.615205280083,FALSE,TRUE,TRUE
5106281,Novo São Joaquim,resto_mt,Demais MT,FALSE,2014,0,0,0,,0,0,,FALSE,860512,229120,515957,115435,3,0,0,2,11843.615205280083,11843.615205280083,FALSE,TRUE,TRUE
5106281,Novo São Joaquim,resto_mt,Demais MT,FALSE,2015,0,0,0,,0,0,,FALSE,1023225,212189,675863,135173,3,0,0,2,11843.615205280083,11843.615205280083,FALSE,TRUE,TRUE
5106281,Novo São Joaquim,resto_mt,Demais MT,FALSE,2016,0,0,0,,0,0,,FALSE,839125,212362,471916,154847,3,0,0,2,11843.615205280083,11843.615205280083,FALSE,TRUE,TRUE
5106281,Novo São Joaquim,resto_mt,Demais MT,FALSE,2017,0,0,0,,0,0,,FALSE,1079315,278859,473916,326540,3,0,0,2,11843.615205280083,11843.615205280083,FALSE,TRUE,TRUE
5106281,Novo São Joaquim,resto_mt,Demais MT,FALSE,2018,0,0,0,,0,0,,FALSE,926146,139690,481931,304525,3,0,0,2,11843.615205280083,11843.615205280083,FALSE,TRUE,TRUE
5106281,Novo São Joaquim,resto_mt,Demais MT,FALSE,2019,0,0,0,,0,0,,FALSE,828930,136372,260712,431846,3,0,0,2,11843.615205280083,11843.615205280083,FALSE,TRUE,TRUE
5106281,Novo São Joaquim,resto_mt,Demais MT,FALSE,2020,940960,0,940960,1.5743,1,1,100,FALSE,863452,121720,337266,404466,3,0,0,2,11843.615205280083,11843.615205280083,FALSE,TRUE,TRUE
5106281,Novo São Joaquim,resto_mt,Demais MT,FALSE,2021,573985,0,573985,1.8183,1,1,100,FALSE,947252,117399,382124,447729,3,0,0,2,11843.615205280083,11843.615205280083,FALSE,TRUE,TRUE
5106281,Novo São Joaquim,resto_mt,Demais MT,FALSE,2022,1641773,0,1641773,1.945,1,2,100,FALSE,702977,80402,340080,282495,2,0,0,2,11843.615205280083,11843.615205280083,FALSE,TRUE,TRUE
5106281,Novo São Joaquim,resto_mt,Demais MT,FALSE,2023,1699240,742000,957240,2.0019,1,2,100,FALSE,739663,98482,537461,103720,2,0,0,2,11843.615205280083,11843.615205280083,FALSE,TRUE,TRUE
5106281,Novo São Joaquim,resto_mt,Demais MT,FALSE,2024,4243506,58745,4184761,1.8724,2,4,98.8,FALSE,1275000,115000,645000,515000,2,0,0,2,11843.615205280083,11843.615205280083,FALSE,TRUE,TRUE
5106299,Paranaíta,resto_mt,Demais MT,FALSE,2000,102991,0,102991,0.3391,3,1,60.2,FALSE,,,,,4,0,0,1,0.19129727247655393,0.19129727247655393,FALSE,TRUE,TRUE
5106299,Paranaíta,resto_mt,Demais MT,FALSE,2001,426239,0,426239,0.9688,3,1,54.5,FALSE,,,,,4,0,0,1,0.19129727247655393,0.19129727247655393,FALSE,TRUE,TRUE
5106299,Paranaíta,resto_mt,Demais MT,FALSE,2002,270648,0,270648,1.0024,3,1,73.9,FALSE,2480864,2480864,0,0,4,0,0,1,0.19129727247655393,0.19129727247655393,FALSE,TRUE,TRUE
5106299,Paranaíta,resto_mt,Demais MT,FALSE,2003,0,0,0,,0,0,,FALSE,3231353,3231353,0,0,4,0,0,1,0.19129727247655393,0.19129727247655393,FALSE,TRUE,TRUE
5106299,Paranaíta,resto_mt,Demais MT,FALSE,2004,0,0,0,,0,0,,FALSE,2662569,2662569,0,0,4,0,0,1,0.19129727247655393,0.19129727247655393,FALSE,TRUE,TRUE
5106299,Paranaíta,resto_mt,Demais MT,FALSE,2005,0,0,0,,0,0,,FALSE,2314739,2314739,0,0,4,0,0,1,0.19129727247655393,0.19129727247655393,FALSE,TRUE,TRUE
5106299,Paranaíta,resto_mt,Demais MT,FALSE,2006,571574,0,571574,1.2114,2,2,76.3,FALSE,1782475,1782475,0,0,4,0,0,1,0.19129727247655393,0.19129727247655393,FALSE,TRUE,TRUE
5106299,Paranaíta,resto_mt,Demais MT,FALSE,2007,3146399,0,3146399,1.2821,2,2,63.6,FALSE,1400404,1400404,0,0,4,0,0,1,0.19129727247655393,0.19129727247655393,FALSE,TRUE,TRUE
5106299,Paranaíta,resto_mt,Demais MT,FALSE,2008,2310345,0,2310345,1.1997,1,2,100,FALSE,2373181,2373181,0,0,4,0,0,1,0.19129727247655393,0.19129727247655393,FALSE,TRUE,TRUE
5106299,Paranaíta,resto_mt,Demais MT,FALSE,2009,2393048,0,2393048,1.4898,2,4,96.8,FALSE,18785729,18785729,0,0,4,0,0,1,0.19129727247655393,0.19129727247655393,FALSE,TRUE,TRUE
5106299,Paranaíta,resto_mt,Demais MT,FALSE,2010,4711116,0,4711116,1.1162,2,6,63.5,FALSE,38031865,38031865,0,0,4,0,0,1,0.19129727247655393,0.19129727247655393,FALSE,TRUE,TRUE
5106299,Paranaíta,resto_mt,Demais MT,FALSE,2011,4394489,166985,4227504,1.3838,2,6,73.8,FALSE,32044554,32044554,0,0,4,0,0,1,0.19129727247655393,0.19129727247655393,FALSE,TRUE,TRUE
5106299,Paranaíta,resto_mt,Demais MT,FALSE,2012,2860304,89849,2770455,1.3872,2,7,83.7,FALSE,28576092,28576092,0,0,4,0,0,1,0.19129727247655393,0.19129727247655393,FALSE,TRUE,TRUE
5106299,Paranaíta,resto_mt,Demais MT,FALSE,2013,2580578,64149,2516429,1.6535,2,6,89.7,FALSE,34022576,4689438,0,29333138,4,0,0,1,0.19129727247655393,0.19129727247655393,FALSE,TRUE,TRUE
5106299,Paranaíta,resto_mt,Demais MT,FALSE,2014,656011,191767,464244,1.5422,3,3,96.4,FALSE,9066858,2098810,0,6968048,4,0,0,1,0.19129727247655393,0.19129727247655393,FALSE,TRUE,TRUE
5106299,Paranaíta,resto_mt,Demais MT,FALSE,2015,0,29244,-29244,,0,0,,FALSE,18377180,12732940,0,5644240,4,0,0,1,0.19129727247655393,0.19129727247655393,FALSE,TRUE,TRUE
5106299,Paranaíta,resto_mt,Demais MT,FALSE,2016,0,0,0,,0,0,,FALSE,12867081,7370736,0,5496345,4,0,0,1,0.19129727247655393,0.19129727247655393,FALSE,TRUE,TRUE
5106299,Paranaíta,resto_mt,Demais MT,FALSE,2017,0,0,0,,0,0,,FALSE,16906390,11256960,0,5649430,4,0,0,1,0.19129727247655393,0.19129727247655393,FALSE,TRUE,TRUE
5106299,Paranaíta,resto_mt,Demais MT,FALSE,2018,0,0,0,,0,0,,FALSE,8305978,4306648,0,3999330,4,0,0,1,0.19129727247655393,0.19129727247655393,FALSE,TRUE,TRUE
5106299,Paranaíta,resto_mt,Demais MT,FALSE,2019,0,0,0,,0,0,,FALSE,13335086,10413774,0,2921312,4,0,0,1,0.19129727247655393,0.19129727247655393,FALSE,TRUE,TRUE
5106299,Paranaíta,resto_mt,Demais MT,FALSE,2020,0,0,0,,0,0,,FALSE,7137105,920508,0,6216597,4,0,0,1,0.19129727247655393,0.19129727247655393,FALSE,TRUE,TRUE
5106299,Paranaíta,resto_mt,Demais MT,FALSE,2021,0,0,0,,0,0,,FALSE,14557530,5630569,0,8926961,4,0,0,1,0.19129727247655393,0.19129727247655393,FALSE,TRUE,TRUE
5106299,Paranaíta,resto_mt,Demais MT,FALSE,2022,0,0,0,,0,0,,FALSE,11777853,3571384,0,8206469,4,0,0,1,0.19129727247655393,0.19129727247655393,FALSE,TRUE,TRUE
5106299,Paranaíta,resto_mt,Demais MT,FALSE,2023,0,0,0,,0,0,,FALSE,9642861,1341032,0,8301829,4,0,0,1,0.19129727247655393,0.19129727247655393,FALSE,TRUE,TRUE
5106299,Paranaíta,resto_mt,Demais MT,FALSE,2024,0,0,0,,0,0,,FALSE,15442000,6049000,0,9393000,4,0,0,1,0.19129727247655393,0.19129727247655393,FALSE,TRUE,TRUE
5106307,Paranatinga,resto_mt,Demais MT,FALSE,2000,0,0,0,,0,0,,FALSE,,,,,3,2,3595.005320004054,5,405279.2313098681,408874.2366298722,FALSE,TRUE,TRUE
5106307,Paranatinga,resto_mt,Demais MT,FALSE,2001,0,0,0,,0,0,,FALSE,,,,,3,2,3595.005320004054,5,405279.2313098681,408874.2366298722,FALSE,TRUE,TRUE
5106307,Paranatinga,resto_mt,Demais MT,FALSE,2002,0,0,0,,0,0,,FALSE,1502397,1502397,0,0,4,2,3595.005320004054,5,405279.2313098681,408874.2366298722,FALSE,TRUE,TRUE
5106307,Paranatinga,resto_mt,Demais MT,FALSE,2003,224531,0,224531,0.2502,1,1,100,FALSE,1367353,1367353,0,0,4,2,3595.005320004054,5,405279.2313098681,408874.2366298722,FALSE,TRUE,TRUE
5106307,Paranatinga,resto_mt,Demais MT,FALSE,2004,2383512,0,2383512,0.3124,2,6,89.3,FALSE,1800714,1800714,0,0,4,2,3595.005320004054,5,405279.2313098681,408874.2366298722,FALSE,TRUE,TRUE
5106307,Paranatinga,resto_mt,Demais MT,FALSE,2005,1649599,0,1649599,0.5287,5,11,36.8,FALSE,1316667,1316667,0,0,4,2,3595.005320004054,5,405279.2313098681,408874.2366298722,FALSE,TRUE,TRUE
5106307,Paranatinga,resto_mt,Demais MT,FALSE,2006,1058900,0,1058900,0.2615,4,7,87,FALSE,1168207,1168207,0,0,4,2,3595.005320004054,5,405279.2313098681,408874.2366298722,FALSE,TRUE,TRUE
5106307,Paranatinga,resto_mt,Demais MT,FALSE,2007,18377524,0,18377524,2.2033,4,7,95.2,FALSE,1322169,1322169,0,0,4,2,3595.005320004054,5,405279.2313098681,408874.2366298722,FALSE,TRUE,TRUE
5106307,Paranatinga,resto_mt,Demais MT,FALSE,2008,4599971,0,4599971,1.4607,4,6,80.6,FALSE,1493953,1493953,0,0,3,2,3595.005320004054,5,405279.2313098681,408874.2366298722,FALSE,TRUE,TRUE
5106307,Paranatinga,resto_mt,Demais MT,FALSE,2009,24580125,0,24580125,0.3751,3,5,94.9,FALSE,1611348,1611348,0,0,3,2,3595.005320004054,5,405279.2313098681,408874.2366298722,FALSE,TRUE,TRUE
5106307,Paranatinga,resto_mt,Demais MT,FALSE,2010,7493449,1130000,6363449,4.6324,2,3,98.6,FALSE,1071600,1071600,0,0,2,2,3595.005320004054,5,405279.2313098681,408874.2366298722,FALSE,TRUE,TRUE
5106307,Paranatinga,resto_mt,Demais MT,FALSE,2011,7448653,0,7448653,1.0492,3,6,71.1,FALSE,1085162,1085162,0,0,2,2,3595.005320004054,5,405279.2313098681,408874.2366298722,FALSE,TRUE,TRUE
5106307,Paranatinga,resto_mt,Demais MT,FALSE,2012,3654625,0,3654625,2.9593,3,4,60.2,FALSE,2761506,2761506,0,0,2,2,3595.005320004054,5,405279.2313098681,408874.2366298722,FALSE,TRUE,TRUE
5106307,Paranatinga,resto_mt,Demais MT,FALSE,2013,2856328,0,2856328,0.5067,1,2,100,FALSE,3210518,2493354,717164,0,2,2,3595.005320004054,5,405279.2313098681,408874.2366298722,FALSE,TRUE,TRUE
5106307,Paranatinga,resto_mt,Demais MT,FALSE,2014,40770969,0,40770969,0.8842,3,22,54.3,FALSE,3198935,2186260,752073,260602,2,2,3595.005320004054,5,405279.2313098681,408874.2366298722,FALSE,TRUE,TRUE
5106307,Paranatinga,resto_mt,Demais MT,FALSE,2015,70442700,0,70442700,0.6175,6,28,36.7,FALSE,3798978,2808760,807892,182326,2,2,3595.005320004054,5,405279.2313098681,408874.2366298722,FALSE,TRUE,TRUE
5106307,Paranatinga,resto_mt,Demais MT,FALSE,2016,84043813,0,84043813,2.1564,6,26,58.1,FALSE,3030584,1943703,721146,365735,2,2,3595.005320004054,5,405279.2313098681,408874.2366298722,FALSE,TRUE,TRUE
5106307,Paranatinga,resto_mt,Demais MT,FALSE,2017,111226902,641,111226261,1.7657,6,28,61.4,FALSE,2334905,1099544,794677,440684,2,2,3595.005320004054,5,405279.2313098681,408874.2366298722,FALSE,TRUE,TRUE
5106307,Paranatinga,resto_mt,Demais MT,FALSE,2018,101533901,26221,101507680,2.0922,7,31,63.3,FALSE,3796779,2626175,745946,424658,2,2,3595.005320004054,5,405279.2313098681,408874.2366298722,FALSE,TRUE,TRUE
5106307,Paranatinga,resto_mt,Demais MT,FALSE,2019,107173948,0,107173948,0.9969,10,49,51.4,FALSE,4460181,1997455,611002,1851724,2,2,3595.005320004054,5,405279.2313098681,408874.2366298722,FALSE,TRUE,TRUE
5106307,Paranatinga,resto_mt,Demais MT,FALSE,2020,105664754,0,105664754,0.9833,9,38,52.3,FALSE,6098681,3773321,579438,1745922,2,2,3595.005320004054,5,405279.2313098681,408874.2366298722,FALSE,TRUE,TRUE
5106307,Paranatinga,resto_mt,Demais MT,FALSE,2021,118042836,0,118042836,1.0882,7,31,43.4,FALSE,11525862,9751059,515637,1259166,2,2,3595.005320004054,5,405279.2313098681,408874.2366298722,FALSE,TRUE,TRUE
5106307,Paranatinga,resto_mt,Demais MT,FALSE,2022,99886696,0,99886696,1.6515,9,38,62.5,FALSE,11818054,9981839,481327,1354888,2,2,3595.005320004054,5,405279.2313098681,408874.2366298722,FALSE,TRUE,TRUE
5106307,Paranatinga,resto_mt,Demais MT,FALSE,2023,119245732,0,119245732,1.962,10,42,68.5,FALSE,11477352,4655897,396024,6425431,2,2,3595.005320004054,5,405279.2313098681,408874.2366298722,FALSE,TRUE,TRUE
5106307,Paranatinga,resto_mt,Demais MT,FALSE,2024,227007566,830000,226177566,0.9378,11,47,54.3,FALSE,12454000,8025000,390000,4039000,2,2,3595.005320004054,5,405279.2313098681,408874.2366298722,FALSE,TRUE,TRUE
5106315,Novo Santo Antônio,resto_mt,Demais MT,FALSE,2000,0,0,0,,0,0,,FALSE,,,,,,3,248827.17731314525,1,0.02986133083738386,248827.2071744761,FALSE,TRUE,TRUE
5106315,Novo Santo Antônio,resto_mt,Demais MT,FALSE,2001,0,0,0,,0,0,,FALSE,,,,,2,3,248827.17731314525,1,0.02986133083738386,248827.2071744761,FALSE,TRUE,TRUE
5106315,Novo Santo Antônio,resto_mt,Demais MT,FALSE,2002,0,0,0,,0,0,,FALSE,76334,76334,0,0,2,3,248827.17731314525,1,0.02986133083738386,248827.2071744761,FALSE,TRUE,TRUE
5106315,Novo Santo Antônio,resto_mt,Demais MT,FALSE,2003,0,0,0,,0,0,,FALSE,69153,69153,0,0,2,3,248827.17731314525,1,0.02986133083738386,248827.2071744761,FALSE,TRUE,TRUE
5106315,Novo Santo Antônio,resto_mt,Demais MT,FALSE,2004,0,0,0,,0,0,,FALSE,35540,35540,0,0,2,3,248827.17731314525,1,0.02986133083738386,248827.2071744761,FALSE,TRUE,TRUE
5106315,Novo Santo Antônio,resto_mt,Demais MT,FALSE,2005,0,0,0,,0,0,,FALSE,36652,36652,0,0,2,3,248827.17731314525,1,0.02986133083738386,248827.2071744761,FALSE,TRUE,TRUE
5106315,Novo Santo Antônio,resto_mt,Demais MT,FALSE,2006,0,0,0,,0,0,,FALSE,139856,139856,0,0,2,3,248827.17731314525,1,0.02986133083738386,248827.2071744761,FALSE,TRUE,TRUE
5106315,Novo Santo Antônio,resto_mt,Demais MT,FALSE,2007,0,0,0,,0,0,,FALSE,143431,143431,0,0,2,3,248827.17731314525,1,0.02986133083738386,248827.2071744761,FALSE,TRUE,TRUE
5106315,Novo Santo Antônio,resto_mt,Demais MT,FALSE,2008,0,0,0,,0,0,,FALSE,225317,225317,0,0,2,3,248827.17731314525,1,0.02986133083738386,248827.2071744761,FALSE,TRUE,TRUE
5106315,Novo Santo Antônio,resto_mt,Demais MT,FALSE,2009,0,0,0,,0,0,,FALSE,345793,345793,0,0,2,3,248827.17731314525,1,0.02986133083738386,248827.2071744761,FALSE,TRUE,TRUE
5106315,Novo Santo Antônio,resto_mt,Demais MT,FALSE,2010,0,0,0,,0,0,,FALSE,302699,302699,0,0,2,3,248827.17731314525,1,0.02986133083738386,248827.2071744761,FALSE,TRUE,TRUE
5106315,Novo Santo Antônio,resto_mt,Demais MT,FALSE,2011,0,0,0,,0,0,,FALSE,87479,87479,0,0,2,3,248827.17731314525,1,0.02986133083738386,248827.2071744761,FALSE,TRUE,TRUE
5106315,Novo Santo Antônio,resto_mt,Demais MT,FALSE,2012,0,0,0,,0,0,,FALSE,131407,131407,0,0,2,3,248827.17731314525,1,0.02986133083738386,248827.2071744761,FALSE,TRUE,TRUE
5106315,Novo Santo Antônio,resto_mt,Demais MT,FALSE,2013,0,0,0,,0,0,,FALSE,13006,13006,0,0,1,3,248827.17731314525,1,0.02986133083738386,248827.2071744761,FALSE,TRUE,TRUE
5106315,Novo Santo Antônio,resto_mt,Demais MT,FALSE,2014,0,0,0,,0,0,,FALSE,3498,3498,0,0,1,3,248827.17731314525,1,0.02986133083738386,248827.2071744761,FALSE,TRUE,TRUE
5106315,Novo Santo Antônio,resto_mt,Demais MT,FALSE,2015,0,0,0,,0,0,,FALSE,6287,6287,0,0,1,3,248827.17731314525,1,0.02986133083738386,248827.2071744761,FALSE,TRUE,TRUE
5106315,Novo Santo Antônio,resto_mt,Demais MT,FALSE,2016,0,0,0,,0,0,,FALSE,5899,5899,0,0,1,3,248827.17731314525,1,0.02986133083738386,248827.2071744761,FALSE,TRUE,TRUE
5106315,Novo Santo Antônio,resto_mt,Demais MT,FALSE,2017,0,0,0,,0,0,,FALSE,5779,5779,0,0,1,3,248827.17731314525,1,0.02986133083738386,248827.2071744761,FALSE,TRUE,TRUE
5106315,Novo Santo Antônio,resto_mt,Demais MT,FALSE,2018,0,0,0,,0,0,,FALSE,8381,8381,0,0,1,3,248827.17731314525,1,0.02986133083738386,248827.2071744761,FALSE,TRUE,TRUE
5106315,Novo Santo Antônio,resto_mt,Demais MT,FALSE,2019,0,0,0,,0,0,,FALSE,6685,6685,0,0,1,3,248827.17731314525,1,0.02986133083738386,248827.2071744761,FALSE,TRUE,TRUE
5106315,Novo Santo Antônio,resto_mt,Demais MT,FALSE,2020,0,0,0,,0,0,,FALSE,7608,7608,0,0,1,3,248827.17731314525,1,0.02986133083738386,248827.2071744761,FALSE,TRUE,TRUE
5106315,Novo Santo Antônio,resto_mt,Demais MT,FALSE,2021,0,0,0,,0,0,,FALSE,8057,8057,0,0,1,3,248827.17731314525,1,0.02986133083738386,248827.2071744761,FALSE,TRUE,TRUE
5106315,Novo Santo Antônio,resto_mt,Demais MT,FALSE,2022,0,0,0,,0,0,,FALSE,33682,7606,0,26076,1,3,248827.17731314525,1,0.02986133083738386,248827.2071744761,FALSE,TRUE,TRUE
5106315,Novo Santo Antônio,resto_mt,Demais MT,FALSE,2023,0,0,0,,0,0,,FALSE,113150,7334,0,105816,1,3,248827.17731314525,1,0.02986133083738386,248827.2071744761,FALSE,TRUE,TRUE
5106315,Novo Santo Antônio,resto_mt,Demais MT,FALSE,2024,0,0,0,,0,0,,FALSE,122000,7000,0,115000,1,3,248827.17731314525,1,0.02986133083738386,248827.2071744761,FALSE,TRUE,TRUE
5106372,Pedra Preta,resto_mt,Demais MT,FALSE,2000,0,0,0,,0,0,,FALSE,,,,,3,0,0,1,11.0043467288699,11.0043467288699,FALSE,TRUE,TRUE
5106372,Pedra Preta,resto_mt,Demais MT,FALSE,2001,98722,0,98722,1.1911,1,2,100,FALSE,,,,,3,0,0,1,11.0043467288699,11.0043467288699,FALSE,TRUE,TRUE
5106372,Pedra Preta,resto_mt,Demais MT,FALSE,2002,0,0,0,,0,0,,FALSE,1367077,1367077,0,0,3,0,0,1,11.0043467288699,11.0043467288699,FALSE,TRUE,TRUE
5106372,Pedra Preta,resto_mt,Demais MT,FALSE,2003,0,2437269,-2437269,,0,0,,FALSE,1304486,1304486,0,0,3,0,0,1,11.0043467288699,11.0043467288699,FALSE,TRUE,TRUE
5106372,Pedra Preta,resto_mt,Demais MT,FALSE,2004,0,16448215,-16448215,,0,0,,FALSE,1063251,1063251,0,0,3,0,0,1,11.0043467288699,11.0043467288699,FALSE,TRUE,TRUE
5106372,Pedra Preta,resto_mt,Demais MT,FALSE,2005,1679056,7258272,-5579216,1.2314,3,12,45.8,FALSE,2610778,2610778,0,0,3,0,0,1,11.0043467288699,11.0043467288699,FALSE,TRUE,TRUE
5106372,Pedra Preta,resto_mt,Demais MT,FALSE,2006,31517710,744,31516966,2.5384,4,35,69.2,FALSE,2706620,2706620,0,0,3,0,0,1,11.0043467288699,11.0043467288699,FALSE,TRUE,TRUE
5106372,Pedra Preta,resto_mt,Demais MT,FALSE,2007,46872520,0,46872520,1.4224,6,30,61.9,FALSE,1648147,1648147,0,0,2,0,0,1,11.0043467288699,11.0043467288699,FALSE,TRUE,TRUE
5106372,Pedra Preta,resto_mt,Demais MT,FALSE,2008,20339839,371601,19968238,2.7169,5,27,90.5,FALSE,2243378,2243378,0,0,2,0,0,1,11.0043467288699,11.0043467288699,FALSE,TRUE,TRUE
5106372,Pedra Preta,resto_mt,Demais MT,FALSE,2009,38365258,0,38365258,2.5652,7,20,76.1,FALSE,3314437,3314437,0,0,2,0,0,1,11.0043467288699,11.0043467288699,FALSE,TRUE,TRUE
5106372,Pedra Preta,resto_mt,Demais MT,FALSE,2010,36221140,1393014,34828126,2.5464,9,29,75.2,FALSE,1975280,1975280,0,0,2,0,0,1,11.0043467288699,11.0043467288699,FALSE,TRUE,TRUE
5106372,Pedra Preta,resto_mt,Demais MT,FALSE,2011,48239876,1559,48238317,3.8312,7,32,66.5,FALSE,2636880,2636880,0,0,2,0,0,1,11.0043467288699,11.0043467288699,FALSE,TRUE,TRUE
5106372,Pedra Preta,resto_mt,Demais MT,FALSE,2012,71450375,27289,71423086,1.3463,10,34,44.8,FALSE,1251307,1251307,0,0,2,0,0,1,11.0043467288699,11.0043467288699,FALSE,TRUE,TRUE
5106372,Pedra Preta,resto_mt,Demais MT,FALSE,2013,88980678,78442,88902236,1.3468,12,43,48.7,FALSE,2075318,1969415,105903,0,2,0,0,1,11.0043467288699,11.0043467288699,FALSE,TRUE,TRUE
5106372,Pedra Preta,resto_mt,Demais MT,FALSE,2014,115074562,81092,114993470,0.9609,12,36,49.2,FALSE,2098810,2098810,0,0,2,0,0,1,11.0043467288699,11.0043467288699,FALSE,TRUE,TRUE
5106372,Pedra Preta,resto_mt,Demais MT,FALSE,2015,99420432,122455,99297977,0.8191,9,42,46.2,FALSE,1947428,1947428,0,0,2,0,0,1,11.0043467288699,11.0043467288699,FALSE,TRUE,TRUE
5106372,Pedra Preta,resto_mt,Demais MT,FALSE,2016,137624287,1766809,135857478,1.9332,13,51,48.1,FALSE,2412670,2412670,0,0,2,0,0,1,11.0043467288699,11.0043467288699,FALSE,TRUE,TRUE
5106372,Pedra Preta,resto_mt,Demais MT,FALSE,2017,129308984,964349,128344635,1.5026,13,45,36,FALSE,2359468,2359468,0,0,2,0,0,1,11.0043467288699,11.0043467288699,FALSE,TRUE,TRUE
5106372,Pedra Preta,resto_mt,Demais MT,FALSE,2018,93671600,431136,93240464,1.4982,13,43,26.2,FALSE,107561,107561,0,0,1,0,0,1,11.0043467288699,11.0043467288699,FALSE,TRUE,TRUE
5106372,Pedra Preta,resto_mt,Demais MT,FALSE,2019,140268183,583569,139684614,1.2143,14,42,45.1,FALSE,96263,96263,0,0,1,0,0,1,11.0043467288699,11.0043467288699,FALSE,TRUE,TRUE
5106372,Pedra Preta,resto_mt,Demais MT,FALSE,2020,112132163,207437,111924726,1.4413,14,45,45.4,FALSE,101433,101433,0,0,1,0,0,1,11.0043467288699,11.0043467288699,FALSE,TRUE,TRUE
5106372,Pedra Preta,resto_mt,Demais MT,FALSE,2021,116217351,1362734,114854617,2.4036,13,45,31.5,FALSE,395935,395935,0,0,1,0,0,1,11.0043467288699,11.0043467288699,FALSE,TRUE,TRUE
5106372,Pedra Preta,resto_mt,Demais MT,FALSE,2022,108244373,1257208,106987165,1.5677,13,39,41.2,FALSE,427001,367243,0,59758,1,0,0,1,11.0043467288699,11.0043467288699,FALSE,TRUE,TRUE
5106372,Pedra Preta,resto_mt,Demais MT,FALSE,2023,75994830,10844465,65150365,0.9761,11,33,31.5,FALSE,738616,392881,0,345735,1,0,0,1,11.0043467288699,11.0043467288699,FALSE,TRUE,TRUE
5106372,Pedra Preta,resto_mt,Demais MT,FALSE,2024,102504017,3321216,99182801,1.8756,13,46,40.4,FALSE,506000,338000,0,168000,1,0,0,1,11.0043467288699,11.0043467288699,FALSE,TRUE,TRUE
5106422,Peixoto de Azevedo,resto_mt,Demais MT,FALSE,2000,0,0,0,,0,0,,FALSE,,,,,2,0,0,4,625355.5997723286,625355.5997723286,FALSE,TRUE,TRUE
5106422,Peixoto de Azevedo,resto_mt,Demais MT,FALSE,2001,0,0,0,,0,0,,FALSE,,,,,2,0,0,4,625355.5997723286,625355.5997723286,FALSE,TRUE,TRUE
5106422,Peixoto de Azevedo,resto_mt,Demais MT,FALSE,2002,0,0,0,,0,0,,FALSE,3698742,3698742,0,0,2,0,0,4,625355.5997723286,625355.5997723286,FALSE,TRUE,TRUE
5106422,Peixoto de Azevedo,resto_mt,Demais MT,FALSE,2003,0,0,0,,0,0,,FALSE,5155077,5155077,0,0,2,0,0,4,625355.5997723286,625355.5997723286,FALSE,TRUE,TRUE
5106422,Peixoto de Azevedo,resto_mt,Demais MT,FALSE,2004,0,0,0,,0,0,,FALSE,4522517,4522517,0,0,2,0,0,4,625355.5997723286,625355.5997723286,FALSE,TRUE,TRUE
5106422,Peixoto de Azevedo,resto_mt,Demais MT,FALSE,2005,0,188000,-188000,,0,0,,FALSE,3400214,3400214,0,0,3,0,0,4,625355.5997723286,625355.5997723286,FALSE,TRUE,TRUE
5106422,Peixoto de Azevedo,resto_mt,Demais MT,FALSE,2006,0,694000,-694000,,0,0,,FALSE,2492723,2492723,0,0,3,0,0,4,625355.5997723286,625355.5997723286,FALSE,TRUE,TRUE
5106422,Peixoto de Azevedo,resto_mt,Demais MT,FALSE,2007,362181,426500,-64319,0.6364,1,2,100,FALSE,2667808,2667808,0,0,3,0,0,4,625355.5997723286,625355.5997723286,FALSE,TRUE,TRUE
5106422,Peixoto de Azevedo,resto_mt,Demais MT,FALSE,2008,0,291200,-291200,,0,0,,FALSE,3560995,3560995,0,0,2,0,0,4,625355.5997723286,625355.5997723286,FALSE,TRUE,TRUE
5106422,Peixoto de Azevedo,resto_mt,Demais MT,FALSE,2009,0,594000,-594000,,0,0,,FALSE,8595424,8595424,0,0,2,0,0,4,625355.5997723286,625355.5997723286,FALSE,TRUE,TRUE
5106422,Peixoto de Azevedo,resto_mt,Demais MT,FALSE,2010,3478399,2482447,995952,0.55,1,1,100,FALSE,27249579,27249579,0,0,2,0,0,4,625355.5997723286,625355.5997723286,FALSE,TRUE,TRUE
5106422,Peixoto de Azevedo,resto_mt,Demais MT,FALSE,2011,0,3066307,-3066307,,0,0,,FALSE,56132644,56132644,0,0,2,0,0,4,625355.5997723286,625355.5997723286,FALSE,TRUE,TRUE
5106422,Peixoto de Azevedo,resto_mt,Demais MT,FALSE,2012,999682,867704,131978,0.6252,1,1,100,FALSE,29805825,29805825,0,0,2,0,0,4,625355.5997723286,625355.5997723286,FALSE,TRUE,TRUE
5106422,Peixoto de Azevedo,resto_mt,Demais MT,FALSE,2013,0,1872018,-1872018,,0,0,,FALSE,10047733,5768900,4278833,0,2,0,0,4,625355.5997723286,625355.5997723286,FALSE,TRUE,TRUE
5106422,Peixoto de Azevedo,resto_mt,Demais MT,FALSE,2014,0,292500,-292500,,0,0,,FALSE,4325297,4325297,0,0,2,0,0,4,625355.5997723286,625355.5997723286,FALSE,TRUE,TRUE
5106422,Peixoto de Azevedo,resto_mt,Demais MT,FALSE,2015,0,1986381,-1986381,,0,0,,FALSE,9963475,9902176,0,61299,2,0,0,4,625355.5997723286,625355.5997723286,FALSE,TRUE,TRUE
5106422,Peixoto de Azevedo,resto_mt,Demais MT,FALSE,2016,0,2910812,-2910812,,0,0,,FALSE,10628430,10377725,0,250705,2,0,0,4,625355.5997723286,625355.5997723286,FALSE,TRUE,TRUE
5106422,Peixoto de Azevedo,resto_mt,Demais MT,FALSE,2017,0,0,0,,0,0,,FALSE,8287758,8060914,0,226844,3,0,0,4,625355.5997723286,625355.5997723286,FALSE,TRUE,TRUE
5106422,Peixoto de Azevedo,resto_mt,Demais MT,FALSE,2018,78180,0,78180,26060,1,1,100,FALSE,6463464,6151955,0,311509,2,0,0,4,625355.5997723286,625355.5997723286,FALSE,TRUE,TRUE
5106422,Peixoto de Azevedo,resto_mt,Demais MT,FALSE,2019,250,0,250,5.814,1,1,100,FALSE,5521747,5191512,0,330235,2,0,0,4,625355.5997723286,625355.5997723286,FALSE,TRUE,TRUE
5106422,Peixoto de Azevedo,resto_mt,Demais MT,FALSE,2020,0,0,0,,0,0,,FALSE,5192120,4877677,0,314443,2,0,0,4,625355.5997723286,625355.5997723286,FALSE,TRUE,TRUE
5106422,Peixoto de Azevedo,resto_mt,Demais MT,FALSE,2021,0,94478,-94478,,0,0,,FALSE,9600281,9254989,0,345292,2,0,0,4,625355.5997723286,625355.5997723286,FALSE,TRUE,TRUE
5106422,Peixoto de Azevedo,resto_mt,Demais MT,FALSE,2022,0,26290,-26290,,0,0,,FALSE,7827274,7487194,0,340080,2,0,0,4,625355.5997723286,625355.5997723286,FALSE,TRUE,TRUE
5106422,Peixoto de Azevedo,resto_mt,Demais MT,FALSE,2023,15941100,43385,15897715,1.7653,3,8,47.6,FALSE,5603001,5155641,0,447360,2,0,0,4,625355.5997723286,625355.5997723286,FALSE,TRUE,TRUE
5106422,Peixoto de Azevedo,resto_mt,Demais MT,FALSE,2024,59852102,386181,59465921,4.0731,3,4,51.4,FALSE,8627000,7634000,0,993000,2,0,0,4,625355.5997723286,625355.5997723286,FALSE,TRUE,TRUE
5106455,Planalto da Serra,resto_mt,Demais MT,FALSE,2000,0,0,0,,0,0,,FALSE,,,,,3,1,86.89704730388438,1,1725.421222050861,1812.3182693547453,FALSE,TRUE,TRUE
5106455,Planalto da Serra,resto_mt,Demais MT,FALSE,2001,0,0,0,,0,0,,FALSE,,,,,3,1,86.89704730388438,1,1725.421222050861,1812.3182693547453,FALSE,TRUE,TRUE
5106455,Planalto da Serra,resto_mt,Demais MT,FALSE,2002,0,0,0,,0,0,,FALSE,218594,218594,0,0,3,1,86.89704730388438,1,1725.421222050861,1812.3182693547453,FALSE,TRUE,TRUE
5106455,Planalto da Serra,resto_mt,Demais MT,FALSE,2003,0,0,0,,0,0,,FALSE,282901,282901,0,0,3,1,86.89704730388438,1,1725.421222050861,1812.3182693547453,FALSE,TRUE,TRUE
5106455,Planalto da Serra,resto_mt,Demais MT,FALSE,2004,0,0,0,,0,0,,FALSE,287285,287285,0,0,3,1,86.89704730388438,1,1725.421222050861,1812.3182693547453,FALSE,TRUE,TRUE
5106455,Planalto da Serra,resto_mt,Demais MT,FALSE,2005,0,0,0,,0,0,,FALSE,293219,293219,0,0,3,1,86.89704730388438,1,1725.421222050861,1812.3182693547453,FALSE,TRUE,TRUE
5106455,Planalto da Serra,resto_mt,Demais MT,FALSE,2006,0,0,0,,0,0,,FALSE,386660,386660,0,0,3,1,86.89704730388438,1,1725.421222050861,1812.3182693547453,FALSE,TRUE,TRUE
5106455,Planalto da Serra,resto_mt,Demais MT,FALSE,2007,0,0,0,,0,0,,FALSE,453762,453762,0,0,3,1,86.89704730388438,1,1725.421222050861,1812.3182693547453,FALSE,TRUE,TRUE
5106455,Planalto da Serra,resto_mt,Demais MT,FALSE,2008,0,0,0,,0,0,,FALSE,404102,404102,0,0,3,1,86.89704730388438,1,1725.421222050861,1812.3182693547453,FALSE,TRUE,TRUE
5106455,Planalto da Serra,resto_mt,Demais MT,FALSE,2009,0,0,0,,0,0,,FALSE,418715,418715,0,0,2,1,86.89704730388438,1,1725.421222050861,1812.3182693547453,FALSE,TRUE,TRUE
5106455,Planalto da Serra,resto_mt,Demais MT,FALSE,2010,0,0,0,,0,0,,FALSE,384450,384450,0,0,2,1,86.89704730388438,1,1725.421222050861,1812.3182693547453,FALSE,TRUE,TRUE
5106455,Planalto da Serra,resto_mt,Demais MT,FALSE,2011,0,0,0,,0,0,,FALSE,362415,362415,0,0,2,1,86.89704730388438,1,1725.421222050861,1812.3182693547453,FALSE,TRUE,TRUE
5106455,Planalto da Serra,resto_mt,Demais MT,FALSE,2012,0,0,0,,0,0,,FALSE,152981,152981,0,0,1,1,86.89704730388438,1,1725.421222050861,1812.3182693547453,FALSE,TRUE,TRUE
5106455,Planalto da Serra,resto_mt,Demais MT,FALSE,2013,0,0,0,,0,0,,FALSE,360440,247106,113334,0,1,1,86.89704730388438,1,1725.421222050861,1812.3182693547453,FALSE,TRUE,TRUE
5106455,Planalto da Serra,resto_mt,Demais MT,FALSE,2014,0,0,0,,0,0,,FALSE,323567,206383,117184,0,1,1,86.89704730388438,1,1725.421222050861,1812.3182693547453,FALSE,TRUE,TRUE
5106455,Planalto da Serra,resto_mt,Demais MT,FALSE,2015,0,0,0,,0,0,,FALSE,443241,218477,111596,113168,1,1,86.89704730388438,1,1725.421222050861,1812.3182693547453,FALSE,TRUE,TRUE
5106455,Planalto da Serra,resto_mt,Demais MT,FALSE,2016,0,0,0,,0,0,,FALSE,294947,184342,110605,0,1,1,86.89704730388438,1,1725.421222050861,1812.3182693547453,FALSE,TRUE,TRUE
5106455,Planalto da Serra,resto_mt,Demais MT,FALSE,2017,0,0,0,,0,0,,FALSE,121369,0,121369,0,0,1,86.89704730388438,1,1725.421222050861,1812.3182693547453,FALSE,TRUE,TRUE
5106455,Planalto da Serra,resto_mt,Demais MT,FALSE,2018,0,0,0,,0,0,,FALSE,181597,0,100577,81020,0,1,86.89704730388438,1,1725.421222050861,1812.3182693547453,FALSE,TRUE,TRUE
5106455,Planalto da Serra,resto_mt,Demais MT,FALSE,2019,0,0,0,,0,0,,FALSE,475967,0,114981,360986,0,1,86.89704730388438,1,1725.421222050861,1812.3182693547453,FALSE,TRUE,TRUE
5106455,Planalto da Serra,resto_mt,Demais MT,FALSE,2020,0,0,0,,0,0,,FALSE,452647,0,111577,341070,0,1,86.89704730388438,1,1725.421222050861,1812.3182693547453,FALSE,TRUE,TRUE
5106455,Planalto da Serra,resto_mt,Demais MT,FALSE,2021,0,0,0,,0,0,,FALSE,694037,0,120852,573185,0,1,86.89704730388438,1,1725.421222050861,1812.3182693547453,FALSE,TRUE,TRUE
5106455,Planalto da Serra,resto_mt,Demais MT,FALSE,2022,0,0,0,,0,0,,FALSE,491106,0,108652,382454,0,1,86.89704730388438,1,1725.421222050861,1812.3182693547453,FALSE,TRUE,TRUE
5106455,Planalto da Serra,resto_mt,Demais MT,FALSE,2023,0,0,0,,0,0,,FALSE,1188071,0,113150,1074921,0,1,86.89704730388438,1,1725.421222050861,1812.3182693547453,FALSE,TRUE,TRUE
5106455,Planalto da Serra,resto_mt,Demais MT,FALSE,2024,0,0,0,,0,0,,FALSE,646000,43000,111000,492000,1,1,86.89704730388438,1,1725.421222050861,1812.3182693547453,FALSE,TRUE,TRUE
5106505,Poconé,pantanal_norte,Pantanal-13,TRUE,2000,0,0,0,,0,0,,FALSE,,,,,5,3,196689.42687653343,2,17.56223798253513,196706.98911451595,TRUE,TRUE,TRUE
5106505,Poconé,pantanal_norte,Pantanal-13,TRUE,2001,0,0,0,,0,0,,FALSE,,,,,5,3,196689.42687653343,2,17.56223798253513,196706.98911451595,TRUE,TRUE,TRUE
5106505,Poconé,pantanal_norte,Pantanal-13,TRUE,2002,0,0,0,,0,0,,FALSE,919481,919481,0,0,5,3,196689.42687653343,2,17.56223798253513,196706.98911451595,TRUE,TRUE,TRUE
5106505,Poconé,pantanal_norte,Pantanal-13,TRUE,2003,0,0,0,,0,0,,FALSE,773262,773262,0,0,4,3,196689.42687653343,2,17.56223798253513,196706.98911451595,TRUE,TRUE,TRUE
5106505,Poconé,pantanal_norte,Pantanal-13,TRUE,2004,146420,0,146420,0.4416,1,5,100,FALSE,1406808,1406808,0,0,4,3,196689.42687653343,2,17.56223798253513,196706.98911451595,TRUE,TRUE,TRUE
5106505,Poconé,pantanal_norte,Pantanal-13,TRUE,2005,0,569648,-569648,,0,0,,FALSE,1311028,1311028,0,0,4,3,196689.42687653343,2,17.56223798253513,196706.98911451595,TRUE,TRUE,TRUE
5106505,Poconé,pantanal_norte,Pantanal-13,TRUE,2006,0,0,0,,0,0,,FALSE,1563094,1563094,0,0,4,3,196689.42687653343,2,17.56223798253513,196706.98911451595,TRUE,TRUE,TRUE
5106505,Poconé,pantanal_norte,Pantanal-13,TRUE,2007,0,0,0,,0,0,,FALSE,1408227,1408227,0,0,2,3,196689.42687653343,2,17.56223798253513,196706.98911451595,TRUE,TRUE,TRUE
5106505,Poconé,pantanal_norte,Pantanal-13,TRUE,2008,8965,0,8965,160.0893,2,3,59.3,FALSE,1347007,1347007,0,0,2,3,196689.42687653343,2,17.56223798253513,196706.98911451595,TRUE,TRUE,TRUE
5106505,Poconé,pantanal_norte,Pantanal-13,TRUE,2009,88759,0,88759,30.5644,1,2,100,FALSE,1446685,1446685,0,0,3,3,196689.42687653343,2,17.56223798253513,196706.98911451595,TRUE,TRUE,TRUE
5106505,Poconé,pantanal_norte,Pantanal-13,TRUE,2010,16139,0,16139,18.9871,1,1,100,FALSE,1243940,1243940,0,0,2,3,196689.42687653343,2,17.56223798253513,196706.98911451595,TRUE,TRUE,TRUE
5106505,Poconé,pantanal_norte,Pantanal-13,TRUE,2011,0,0,0,,0,0,,FALSE,1366346,1366346,0,0,2,3,196689.42687653343,2,17.56223798253513,196706.98911451595,TRUE,TRUE,TRUE
5106505,Poconé,pantanal_norte,Pantanal-13,TRUE,2012,5160,6000,-840,54.3158,1,1,100,FALSE,1425863,1425863,0,0,2,3,196689.42687653343,2,17.56223798253513,196706.98911451595,TRUE,TRUE,TRUE
5106505,Poconé,pantanal_norte,Pantanal-13,TRUE,2013,195000,0,195000,20.9677,1,1,100,FALSE,38351573,1036730,0,37314843,2,3,196689.42687653343,2,17.56223798253513,196706.98911451595,TRUE,TRUE,TRUE
5106505,Poconé,pantanal_norte,Pantanal-13,TRUE,2014,0,0,0,,0,0,,FALSE,5647547,801046,0,4846501,2,3,196689.42687653343,2,17.56223798253513,196706.98911451595,TRUE,TRUE,TRUE
5106505,Poconé,pantanal_norte,Pantanal-13,TRUE,2015,0,0,0,,0,0,,FALSE,3057100,666432,0,2390668,2,3,196689.42687653343,2,17.56223798253513,196706.98911451595,TRUE,TRUE,TRUE
5106505,Poconé,pantanal_norte,Pantanal-13,TRUE,2016,0,0,0,,0,0,,FALSE,2788728,467492,0,2321236,1,3,196689.42687653343,2,17.56223798253513,196706.98911451595,TRUE,TRUE,TRUE
5106505,Poconé,pantanal_norte,Pantanal-13,TRUE,2017,203439,0,203439,40687.8,1,1,100,FALSE,2197643,342434,0,1855209,1,3,196689.42687653343,2,17.56223798253513,196706.98911451595,TRUE,TRUE,TRUE
5106505,Poconé,pantanal_norte,Pantanal-13,TRUE,2018,26054904,0,26054904,38036.3562,1,1,100,FALSE,2874824,340844,0,2533980,2,3,196689.42687653343,2,17.56223798253513,196706.98911451595,TRUE,TRUE,TRUE
5106505,Poconé,pantanal_norte,Pantanal-13,TRUE,2019,64789401,0,64789401,42906.8881,1,2,100,FALSE,2744829,398421,0,2346408,2,3,196689.42687653343,2,17.56223798253513,196706.98911451595,TRUE,TRUE,TRUE
5106505,Poconé,pantanal_norte,Pantanal-13,TRUE,2020,178406181,44005,178362176,54742.6146,1,3,100,FALSE,3087378,438699,0,2648679,2,3,196689.42687653343,2,17.56223798253513,196706.98911451595,TRUE,TRUE,TRUE
5106505,Poconé,pantanal_norte,Pantanal-13,TRUE,2021,476973251,15789,476957462,52541.6668,1,4,100,FALSE,5185142,456937,0,4728205,2,3,196689.42687653343,2,17.56223798253513,196706.98911451595,TRUE,TRUE,TRUE
5106505,Poconé,pantanal_norte,Pantanal-13,TRUE,2022,181317148,3812,181313336,51938.4555,1,3,100,FALSE,4833918,417223,0,4416695,2,3,196689.42687653343,2,17.56223798253513,196706.98911451595,TRUE,TRUE,TRUE
5106505,Poconé,pantanal_norte,Pantanal-13,TRUE,2023,37732449,39086,37693363,44286.912,1,4,100,FALSE,4468362,404405,0,4063957,2,3,196689.42687653343,2,17.56223798253513,196706.98911451595,TRUE,TRUE,TRUE
5106505,Poconé,pantanal_norte,Pantanal-13,TRUE,2024,15546420,212519,15333901,27564.5745,4,3,99.9,FALSE,5051000,386000,0,4665000,2,3,196689.42687653343,2,17.56223798253513,196706.98911451595,TRUE,TRUE,TRUE
5106653,Pontal do Araguaia,resto_mt,Demais MT,FALSE,2000,0,0,0,,0,0,,FALSE,,,,,3,0,0,0,0,0,FALSE,TRUE,TRUE
5106653,Pontal do Araguaia,resto_mt,Demais MT,FALSE,2001,9165,0,9165,0.0528,1,1,100,FALSE,,,,,3,0,0,0,0,0,FALSE,TRUE,TRUE
5106653,Pontal do Araguaia,resto_mt,Demais MT,FALSE,2002,0,0,0,,0,0,,FALSE,145729,145729,0,0,3,0,0,0,0,0,FALSE,TRUE,TRUE
5106653,Pontal do Araguaia,resto_mt,Demais MT,FALSE,2003,0,0,0,,0,0,,FALSE,427494,427494,0,0,3,0,0,0,0,0,FALSE,TRUE,TRUE
5106653,Pontal do Araguaia,resto_mt,Demais MT,FALSE,2004,0,0,0,,0,0,,FALSE,2698109,2698109,0,0,3,0,0,0,0,0,FALSE,TRUE,TRUE
5106653,Pontal do Araguaia,resto_mt,Demais MT,FALSE,2005,0,0,0,,0,0,,FALSE,1062919,1062919,0,0,3,0,0,0,0,0,FALSE,TRUE,TRUE
5106653,Pontal do Araguaia,resto_mt,Demais MT,FALSE,2006,0,0,0,,0,0,,FALSE,830908,830908,0,0,3,0,0,0,0,0,FALSE,TRUE,TRUE
5106653,Pontal do Araguaia,resto_mt,Demais MT,FALSE,2007,0,0,0,,0,0,,FALSE,678035,678035,0,0,3,0,0,0,0,0,FALSE,TRUE,TRUE
5106653,Pontal do Araguaia,resto_mt,Demais MT,FALSE,2008,0,0,0,,0,0,,FALSE,159192,159192,0,0,3,0,0,0,0,0,FALSE,TRUE,TRUE
5106653,Pontal do Araguaia,resto_mt,Demais MT,FALSE,2009,0,0,0,,0,0,,FALSE,343441,343441,0,0,3,0,0,0,0,0,FALSE,TRUE,TRUE
5106653,Pontal do Araguaia,resto_mt,Demais MT,FALSE,2010,0,0,0,,0,0,,FALSE,702616,702616,0,0,3,0,0,0,0,0,FALSE,TRUE,TRUE
5106653,Pontal do Araguaia,resto_mt,Demais MT,FALSE,2011,0,0,0,,0,0,,FALSE,1660027,1660027,0,0,3,0,0,0,0,0,FALSE,TRUE,TRUE
5106653,Pontal do Araguaia,resto_mt,Demais MT,FALSE,2012,0,0,0,,0,0,,FALSE,541318,541318,0,0,3,0,0,0,0,0,FALSE,TRUE,TRUE
5106653,Pontal do Araguaia,resto_mt,Demais MT,FALSE,2013,0,0,0,,0,0,,FALSE,780334,566671,117050,96613,3,0,0,0,0,0,FALSE,TRUE,TRUE
5106653,Pontal do Araguaia,resto_mt,Demais MT,FALSE,2014,0,0,0,,0,0,,FALSE,1084385,633141,160909,290335,3,0,0,0,0,0,FALSE,TRUE,TRUE
5106653,Pontal do Araguaia,resto_mt,Demais MT,FALSE,2015,0,0,0,,0,0,,FALSE,1516761,394515,916344,205902,3,0,0,0,0,0,FALSE,TRUE,TRUE
5106653,Pontal do Araguaia,resto_mt,Demais MT,FALSE,2016,0,0,0,,0,0,,FALSE,2235701,398179,1664978,172544,3,0,0,0,0,0,FALSE,TRUE,TRUE
5106653,Pontal do Araguaia,resto_mt,Demais MT,FALSE,2017,0,0,0,,0,0,,FALSE,2077719,432015,1450647,195057,3,0,0,0,0,0,FALSE,TRUE,TRUE
5106653,Pontal do Araguaia,resto_mt,Demais MT,FALSE,2018,0,0,0,,0,0,,FALSE,1593865,143881,1449984,0,3,0,0,0,0,0,FALSE,TRUE,TRUE
5106653,Pontal do Araguaia,resto_mt,Demais MT,FALSE,2019,0,0,0,,0,0,,FALSE,1235374,144394,1090980,0,3,0,0,0,0,0,FALSE,TRUE,TRUE
5106653,Pontal do Araguaia,resto_mt,Demais MT,FALSE,2020,0,0,0,,0,0,,FALSE,2881976,124256,2757720,0,3,0,0,0,0,0,FALSE,TRUE,TRUE
5106653,Pontal do Araguaia,resto_mt,Demais MT,FALSE,2021,0,0,0,,0,0,,FALSE,7040513,122003,6733203,185307,3,0,0,0,0,0,FALSE,TRUE,TRUE
5106653,Pontal do Araguaia,resto_mt,Demais MT,FALSE,2022,0,614,-614,,0,0,,FALSE,5509732,88008,5355446,66278,2,0,0,0,0,0,FALSE,TRUE,TRUE
5106653,Pontal do Araguaia,resto_mt,Demais MT,FALSE,2023,0,0,0,,0,0,,FALSE,74720649,118388,74268051,334210,2,0,0,0,0,0,FALSE,TRUE,TRUE
5106653,Pontal do Araguaia,resto_mt,Demais MT,FALSE,2024,0,0,0,,0,0,,FALSE,84206000,200000,82582000,1424000,2,0,0,0,0,0,FALSE,TRUE,TRUE
5106703,Ponte Branca,resto_mt,Demais MT,FALSE,2000,0,0,0,,0,0,,FALSE,,,,,2,0,0,0,0,0,FALSE,TRUE,TRUE
5106703,Ponte Branca,resto_mt,Demais MT,FALSE,2001,0,0,0,,0,0,,FALSE,,,,,2,0,0,0,0,0,FALSE,TRUE,TRUE
5106703,Ponte Branca,resto_mt,Demais MT,FALSE,2002,0,0,0,,0,0,,FALSE,45107,45107,0,0,2,0,0,0,0,0,FALSE,TRUE,TRUE
5106703,Ponte Branca,resto_mt,Demais MT,FALSE,2003,0,0,0,,0,0,,FALSE,59723,59723,0,0,2,0,0,0,0,0,FALSE,TRUE,TRUE
5106703,Ponte Branca,resto_mt,Demais MT,FALSE,2004,0,0,0,,0,0,,FALSE,44426,44426,0,0,2,0,0,0,0,0,FALSE,TRUE,TRUE
5106703,Ponte Branca,resto_mt,Demais MT,FALSE,2005,0,0,0,,0,0,,FALSE,47930,47930,0,0,2,0,0,0,0,0,FALSE,TRUE,TRUE
5106703,Ponte Branca,resto_mt,Demais MT,FALSE,2006,0,0,0,,0,0,,FALSE,52103,52103,0,0,2,0,0,0,0,0,FALSE,TRUE,TRUE
5106703,Ponte Branca,resto_mt,Demais MT,FALSE,2007,0,0,0,,0,0,,FALSE,41725,41725,0,0,2,0,0,0,0,0,FALSE,TRUE,TRUE
5106703,Ponte Branca,resto_mt,Demais MT,FALSE,2008,0,0,0,,0,0,,FALSE,51431,51431,0,0,2,0,0,0,0,0,FALSE,TRUE,TRUE
5106703,Ponte Branca,resto_mt,Demais MT,FALSE,2009,0,0,0,,0,0,,FALSE,94093,94093,0,0,1,0,0,0,0,0,FALSE,TRUE,TRUE
5106703,Ponte Branca,resto_mt,Demais MT,FALSE,2010,0,0,0,,0,0,,FALSE,30933,30933,0,0,1,0,0,0,0,0,FALSE,TRUE,TRUE
5106703,Ponte Branca,resto_mt,Demais MT,FALSE,2011,0,0,0,,0,0,,FALSE,106225,106225,0,0,1,0,0,0,0,0,FALSE,TRUE,TRUE
5106703,Ponte Branca,resto_mt,Demais MT,FALSE,2012,0,0,0,,0,0,,FALSE,111794,111794,0,0,1,0,0,0,0,0,FALSE,TRUE,TRUE
5106703,Ponte Branca,resto_mt,Demais MT,FALSE,2013,0,0,0,,0,0,,FALSE,118908,100329,0,18579,1,0,0,0,0,0,FALSE,TRUE,TRUE
5106703,Ponte Branca,resto_mt,Demais MT,FALSE,2014,0,0,0,,0,0,,FALSE,239614,209881,0,29733,1,0,0,0,0,0,FALSE,TRUE,TRUE
5106703,Ponte Branca,resto_mt,Demais MT,FALSE,2015,0,0,0,,0,0,,FALSE,276632,245197,0,31435,1,0,0,0,0,0,FALSE,TRUE,TRUE
5106703,Ponte Branca,resto_mt,Demais MT,FALSE,2016,0,0,0,,0,0,,FALSE,342139,330341,0,11798,1,0,0,0,0,0,FALSE,TRUE,TRUE
5106703,Ponte Branca,resto_mt,Demais MT,FALSE,2017,0,0,0,,0,0,,FALSE,322205,312091,0,10114,1,0,0,0,0,0,FALSE,TRUE,TRUE
5106703,Ponte Branca,resto_mt,Demais MT,FALSE,2018,0,0,0,,0,0,,FALSE,293349,293349,0,0,1,0,0,0,0,0,FALSE,TRUE,TRUE
5106703,Ponte Branca,resto_mt,Demais MT,FALSE,2019,0,0,0,,0,0,,FALSE,276756,276756,0,0,1,0,0,0,0,0,FALSE,TRUE,TRUE
5106703,Ponte Branca,resto_mt,Demais MT,FALSE,2020,0,0,0,,0,0,,FALSE,368964,368964,0,0,1,0,0,0,0,0,FALSE,TRUE,TRUE
5106703,Ponte Branca,resto_mt,Demais MT,FALSE,2021,0,0,0,,0,0,,FALSE,439672,439672,0,0,1,0,0,0,0,0,FALSE,TRUE,TRUE
5106703,Ponte Branca,resto_mt,Demais MT,FALSE,2022,0,0,0,,0,0,,FALSE,382454,382454,0,0,1,0,0,0,0,0,FALSE,TRUE,TRUE
5106703,Ponte Branca,resto_mt,Demais MT,FALSE,2023,0,0,0,,0,0,,FALSE,550033,550033,0,0,1,0,0,0,0,0,FALSE,TRUE,TRUE
5106703,Ponte Branca,resto_mt,Demais MT,FALSE,2024,0,0,0,,0,0,,FALSE,594000,594000,0,0,1,0,0,0,0,0,FALSE,TRUE,TRUE
5106752,Pontes e Lacerda,resto_mt,Demais MT,FALSE,2000,631753,21946,609807,1.292,5,4,47.3,FALSE,,,,,3,1,87971.63091894242,2,12572.064650025224,100543.69556896764,FALSE,TRUE,TRUE
5106752,Pontes e Lacerda,resto_mt,Demais MT,FALSE,2001,1073480,0,1073480,2.0856,4,10,71.4,FALSE,,,,,3,1,87971.63091894242,2,12572.064650025224,100543.69556896764,FALSE,TRUE,TRUE
5106752,Pontes e Lacerda,resto_mt,Demais MT,FALSE,2002,187330,0,187330,3.6073,2,4,95.7,FALSE,6151848,6151848,0,0,3,1,87971.63091894242,2,12572.064650025224,100543.69556896764,FALSE,TRUE,TRUE
5106752,Pontes e Lacerda,resto_mt,Demais MT,FALSE,2003,435737,0,435737,0.5697,1,1,100,FALSE,6380980,6380980,0,0,3,1,87971.63091894242,2,12572.064650025224,100543.69556896764,FALSE,TRUE,TRUE
5106752,Pontes e Lacerda,resto_mt,Demais MT,FALSE,2004,555756,6140,549616,0.6176,1,2,100,FALSE,7525681,7525681,0,0,4,1,87971.63091894242,2,12572.064650025224,100543.69556896764,FALSE,TRUE,TRUE
5106752,Pontes e Lacerda,resto_mt,Demais MT,FALSE,2005,563448,0,563448,3.9861,5,6,64,FALSE,6882191,6882191,0,0,4,1,87971.63091894242,2,12572.064650025224,100543.69556896764,FALSE,TRUE,TRUE
5106752,Pontes e Lacerda,resto_mt,Demais MT,FALSE,2006,93,7800,-7707,0.4869,1,1,100,FALSE,5953467,5953467,0,0,4,1,87971.63091894242,2,12572.064650025224,100543.69556896764,FALSE,TRUE,TRUE
5106752,Pontes e Lacerda,resto_mt,Demais MT,FALSE,2007,0,0,0,,0,0,,FALSE,4258583,4258583,0,0,4,1,87971.63091894242,2,12572.064650025224,100543.69556896764,FALSE,TRUE,TRUE
5106752,Pontes e Lacerda,resto_mt,Demais MT,FALSE,2008,0,1293461,-1293461,,0,0,,FALSE,5980709,5980709,0,0,4,1,87971.63091894242,2,12572.064650025224,100543.69556896764,FALSE,TRUE,TRUE
5106752,Pontes e Lacerda,resto_mt,Demais MT,FALSE,2009,38328199,95594,38232605,31913.5712,1,4,100,FALSE,9037662,9037662,0,0,4,1,87971.63091894242,2,12572.064650025224,100543.69556896764,FALSE,TRUE,TRUE
5106752,Pontes e Lacerda,resto_mt,Demais MT,FALSE,2010,25010759,396824,24613935,35832.033,1,3,100,FALSE,6590894,6590894,0,0,3,1,87971.63091894242,2,12572.064650025224,100543.69556896764,FALSE,TRUE,TRUE
5106752,Pontes e Lacerda,resto_mt,Demais MT,FALSE,2011,575634,247171,328463,1.556,1,2,100,FALSE,6983776,6983776,0,0,3,1,87971.63091894242,2,12572.064650025224,100543.69556896764,FALSE,TRUE,TRUE
5106752,Pontes e Lacerda,resto_mt,Demais MT,FALSE,2012,152075,3117790,-2965715,2.3182,6,1,64.9,FALSE,8111923,8111923,0,0,3,1,87971.63091894242,2,12572.064650025224,100543.69556896764,FALSE,TRUE,TRUE
5106752,Pontes e Lacerda,resto_mt,Demais MT,FALSE,2013,51890872,4286064,47604808,11.2094,13,11,66.5,FALSE,6965413,6116335,0,849078,3,1,87971.63091894242,2,12572.064650025224,100543.69556896764,FALSE,TRUE,TRUE
5106752,Pontes e Lacerda,resto_mt,Demais MT,FALSE,2014,76402198,1274310,75127888,6.6279,5,18,53.8,FALSE,6455588,4612134,0,1843454,2,1,87971.63091894242,2,12572.064650025224,100543.69556896764,FALSE,TRUE,TRUE
5106752,Pontes e Lacerda,resto_mt,Demais MT,FALSE,2015,50242651,532378,49710273,4.0159,5,21,78,FALSE,4718465,3244141,0,1474324,2,1,87971.63091894242,2,12572.064650025224,100543.69556896764,FALSE,TRUE,TRUE
5106752,Pontes e Lacerda,resto_mt,Demais MT,FALSE,2016,55709778,147967,55561811,3.9568,5,30,71.1,FALSE,4272313,3039433,0,1232880,2,1,87971.63091894242,2,12572.064650025224,100543.69556896764,FALSE,TRUE,TRUE
5106752,Pontes e Lacerda,resto_mt,Demais MT,FALSE,2017,109036151,1207795,107828356,7.0182,6,31,48.9,FALSE,5359012,2850723,0,2508289,2,1,87971.63091894242,2,12572.064650025224,100543.69556896764,FALSE,TRUE,TRUE
5106752,Pontes e Lacerda,resto_mt,Demais MT,FALSE,2018,120976117,1796708,119179409,6.973,9,28,43.1,FALSE,4679621,2999148,0,1680473,4,1,87971.63091894242,2,12572.064650025224,100543.69556896764,FALSE,TRUE,TRUE
5106752,Pontes e Lacerda,resto_mt,Demais MT,FALSE,2019,179731440,2100725,177630715,5.3881,8,41,51.8,FALSE,3711470,2103077,0,1608393,3,1,87971.63091894242,2,12572.064650025224,100543.69556896764,FALSE,TRUE,TRUE
5106752,Pontes e Lacerda,resto_mt,Demais MT,FALSE,2020,244037462,2186362,241851100,7.956,7,37,48.6,FALSE,3950829,2425525,0,1525304,3,1,87971.63091894242,2,12572.064650025224,100543.69556896764,FALSE,TRUE,TRUE
5106752,Pontes e Lacerda,resto_mt,Demais MT,FALSE,2021,301696818,2944838,298751980,2.0637,11,39,37.5,FALSE,8483835,3596796,0,4887039,3,1,87971.63091894242,2,12572.064650025224,100543.69556896764,FALSE,TRUE,TRUE
5106752,Pontes e Lacerda,resto_mt,Demais MT,FALSE,2022,331638575,3238298,328400277,1.8846,11,39,36,FALSE,6018222,1744948,0,4273274,3,1,87971.63091894242,2,12572.064650025224,100543.69556896764,FALSE,TRUE,TRUE
5106752,Pontes e Lacerda,resto_mt,Demais MT,FALSE,2023,296190162,1687014,294503148,1.3394,13,49,28.3,FALSE,6238944,2829788,0,3409156,3,1,87971.63091894242,2,12572.064650025224,100543.69556896764,FALSE,TRUE,TRUE
5106752,Pontes e Lacerda,resto_mt,Demais MT,FALSE,2024,307739535,2037976,305701559,1.3849,14,50,32.7,FALSE,6205000,3753000,0,2452000,3,1,87971.63091894242,2,12572.064650025224,100543.69556896764,FALSE,TRUE,TRUE
5106778,Porto Alegre do Norte,resto_mt,Demais MT,FALSE,2000,0,0,0,,0,0,,FALSE,,,,,2,0,0,2,67424.38834470054,67424.38834470054,FALSE,TRUE,TRUE
5106778,Porto Alegre do Norte,resto_mt,Demais MT,FALSE,2001,0,0,0,,0,0,,FALSE,,,,,2,0,0,2,67424.38834470054,67424.38834470054,FALSE,TRUE,TRUE
5106778,Porto Alegre do Norte,resto_mt,Demais MT,FALSE,2002,0,0,0,,0,0,,FALSE,739055,739055,0,0,2,0,0,2,67424.38834470054,67424.38834470054,FALSE,TRUE,TRUE
5106778,Porto Alegre do Norte,resto_mt,Demais MT,FALSE,2003,0,0,0,,0,0,,FALSE,656958,656958,0,0,2,0,0,2,67424.38834470054,67424.38834470054,FALSE,TRUE,TRUE
5106778,Porto Alegre do Norte,resto_mt,Demais MT,FALSE,2004,202634,0,202634,1.316,1,1,100,FALSE,698961,698961,0,0,2,0,0,2,67424.38834470054,67424.38834470054,FALSE,TRUE,TRUE
5106778,Porto Alegre do Norte,resto_mt,Demais MT,FALSE,2005,1157110,0,1157110,0.2559,1,2,100,FALSE,631549,631549,0,0,2,0,0,2,67424.38834470054,67424.38834470054,FALSE,TRUE,TRUE
5106778,Porto Alegre do Norte,resto_mt,Demais MT,FALSE,2006,2706832,0,2706832,0.2307,1,1,100,FALSE,617011,617011,0,0,2,0,0,2,67424.38834470054,67424.38834470054,FALSE,TRUE,TRUE
5106778,Porto Alegre do Norte,resto_mt,Demais MT,FALSE,2007,5215923,0,5215923,0.2712,1,1,100,FALSE,576330,576330,0,0,3,0,0,2,67424.38834470054,67424.38834470054,FALSE,TRUE,TRUE
5106778,Porto Alegre do Norte,resto_mt,Demais MT,FALSE,2008,9792311,0,9792311,0.4192,1,4,100,FALSE,876779,876779,0,0,2,0,0,2,67424.38834470054,67424.38834470054,FALSE,TRUE,TRUE
5106778,Porto Alegre do Norte,resto_mt,Demais MT,FALSE,2009,429038,0,429038,0.2712,1,1,100,FALSE,1423161,1423161,0,0,2,0,0,2,67424.38834470054,67424.38834470054,FALSE,TRUE,TRUE
5106778,Porto Alegre do Norte,resto_mt,Demais MT,FALSE,2010,0,0,0,,0,0,,FALSE,1296968,1296968,0,0,2,0,0,2,67424.38834470054,67424.38834470054,FALSE,TRUE,TRUE
5106778,Porto Alegre do Norte,resto_mt,Demais MT,FALSE,2011,0,0,0,,0,0,,FALSE,1012262,1012262,0,0,2,0,0,2,67424.38834470054,67424.38834470054,FALSE,TRUE,TRUE
5106778,Porto Alegre do Norte,resto_mt,Demais MT,FALSE,2012,50862817,0,50862817,0.5022,2,7,89.4,FALSE,43149,43149,0,0,2,0,0,2,67424.38834470054,67424.38834470054,FALSE,TRUE,TRUE
5106778,Porto Alegre do Norte,resto_mt,Demais MT,FALSE,2013,68437794,0,68437794,0.4688,2,8,87.4,FALSE,412463,65028,0,347435,2,0,0,2,67424.38834470054,67424.38834470054,FALSE,TRUE,TRUE
5106778,Porto Alegre do Norte,resto_mt,Demais MT,FALSE,2014,37148712,28450,37120262,0.266,2,9,50.5,FALSE,655878,29733,0,626145,2,0,0,2,67424.38834470054,67424.38834470054,FALSE,TRUE,TRUE
5106778,Porto Alegre do Norte,resto_mt,Demais MT,FALSE,2015,57448601,0,57448601,0.2918,2,11,75.5,FALSE,471532,50297,0,421235,2,0,0,2,67424.38834470054,67424.38834470054,FALSE,TRUE,TRUE
5106778,Porto Alegre do Norte,resto_mt,Demais MT,FALSE,2016,42238781,0,42238781,0.3373,2,9,93.5,FALSE,300846,38343,0,262503,2,0,0,2,67424.38834470054,67424.38834470054,FALSE,TRUE,TRUE
5106778,Porto Alegre do Norte,resto_mt,Demais MT,FALSE,2017,55814861,0,55814861,0.21560000000000001,2,18,52.4,FALSE,215286,26008,0,189278,2,0,0,2,67424.38834470054,67424.38834470054,FALSE,TRUE,TRUE
5106778,Porto Alegre do Norte,resto_mt,Demais MT,FALSE,2018,28811734,27551,28784183,0.3401,2,9,92.8,FALSE,229092,39113,0,189979,2,0,0,2,67424.38834470054,67424.38834470054,FALSE,TRUE,TRUE
5106778,Porto Alegre do Norte,resto_mt,Demais MT,FALSE,2019,68436116,0,68436116,0.2522,2,20,64.6,FALSE,229962,41447,0,188515,2,0,0,2,67424.38834470054,67424.38834470054,FALSE,TRUE,TRUE
5106778,Porto Alegre do Norte,resto_mt,Demais MT,FALSE,2020,53243580,0,53243580,0.2278,2,16,55.7,FALSE,1276793,1059979,0,216814,2,0,0,2,67424.38834470054,67424.38834470054,FALSE,TRUE,TRUE
5106778,Porto Alegre do Norte,resto_mt,Demais MT,FALSE,2021,65898468,0,65898468,0.3706,2,17,66.9,FALSE,1531947,1134861,0,397086,2,0,0,2,67424.38834470054,67424.38834470054,FALSE,TRUE,TRUE
5106778,Porto Alegre do Norte,resto_mt,Demais MT,FALSE,2022,154750465,1018990,153731475,0.4425,2,19,61.8,FALSE,3828889,3535529,0,293360,2,0,0,2,67424.38834470054,67424.38834470054,FALSE,TRUE,TRUE
5106778,Porto Alegre do Norte,resto_mt,Demais MT,FALSE,2023,171493582,0,171493582,0.3894,2,27,67.3,FALSE,1844967,1520186,0,324781,2,0,0,2,67424.38834470054,67424.38834470054,FALSE,TRUE,TRUE
5106778,Porto Alegre do Norte,resto_mt,Demais MT,FALSE,2024,139315106,0,139315106,0.3033,2,20,61.4,FALSE,829000,445000,0,384000,2,0,0,2,67424.38834470054,67424.38834470054,FALSE,TRUE,TRUE
5106802,Porto dos Gaúchos,resto_mt,Demais MT,FALSE,2000,948712,0,948712,0.4882,1,1,100,FALSE,,,,,3,0,0,0,0,0,FALSE,TRUE,TRUE
5106802,Porto dos Gaúchos,resto_mt,Demais MT,FALSE,2001,1585489,0,1585489,0.4131,1,1,100,FALSE,,,,,3,0,0,0,0,0,FALSE,TRUE,TRUE
5106802,Porto dos Gaúchos,resto_mt,Demais MT,FALSE,2002,2242868,0,2242868,0.4492,1,1,100,FALSE,25336038,25336038,0,0,3,0,0,0,0,0,FALSE,TRUE,TRUE
5106802,Porto dos Gaúchos,resto_mt,Demais MT,FALSE,2003,426957,0,426957,0.6683,1,1,100,FALSE,31024764,31024764,0,0,3,0,0,0,0,0,FALSE,TRUE,TRUE
5106802,Porto dos Gaúchos,resto_mt,Demais MT,FALSE,2004,0,0,0,,0,0,,FALSE,29003935,29003935,0,0,3,0,0,0,0,0,FALSE,TRUE,TRUE
5106802,Porto dos Gaúchos,resto_mt,Demais MT,FALSE,2005,0,0,0,,0,0,,FALSE,28876444,28876444,0,0,4,0,0,0,0,0,FALSE,TRUE,TRUE
5106802,Porto dos Gaúchos,resto_mt,Demais MT,FALSE,2006,0,0,0,,0,0,,FALSE,19744341,19744341,0,0,3,0,0,0,0,0,FALSE,TRUE,TRUE
5106802,Porto dos Gaúchos,resto_mt,Demais MT,FALSE,2007,0,0,0,,0,0,,FALSE,19071047,19071047,0,0,3,0,0,0,0,0,FALSE,TRUE,TRUE
5106802,Porto dos Gaúchos,resto_mt,Demais MT,FALSE,2008,0,0,0,,0,0,,FALSE,23146470,23146470,0,0,2,0,0,0,0,0,FALSE,TRUE,TRUE
5106802,Porto dos Gaúchos,resto_mt,Demais MT,FALSE,2009,0,0,0,,0,0,,FALSE,75707478,75707478,0,0,2,0,0,0,0,0,FALSE,TRUE,TRUE
5106802,Porto dos Gaúchos,resto_mt,Demais MT,FALSE,2010,0,0,0,,0,0,,FALSE,50122167,50122167,0,0,5,0,0,0,0,0,FALSE,TRUE,TRUE
5106802,Porto dos Gaúchos,resto_mt,Demais MT,FALSE,2011,426055,0,426055,0.4528,2,6,52.9,FALSE,37137107,37137107,0,0,4,0,0,0,0,0,FALSE,TRUE,TRUE
5106802,Porto dos Gaúchos,resto_mt,Demais MT,FALSE,2012,2248521,0,2248521,0.487,3,8,38.3,FALSE,25590999,25590999,0,0,3,0,0,0,0,0,FALSE,TRUE,TRUE
5106802,Porto dos Gaúchos,resto_mt,Demais MT,FALSE,2013,1830124,0,1830124,2.3731,2,2,99.9,FALSE,5845076,5571959,0,273117,2,0,0,0,0,0,FALSE,TRUE,TRUE
5106802,Porto dos Gaúchos,resto_mt,Demais MT,FALSE,2014,0,684607,-684607,,0,0,,FALSE,3470032,3004796,0,465236,3,0,0,0,0,0,FALSE,TRUE,TRUE
5106802,Porto dos Gaúchos,resto_mt,Demais MT,FALSE,2015,495149,0,495149,1.5854,1,3,100,FALSE,7736271,7354330,0,381941,2,0,0,0,0,0,FALSE,TRUE,TRUE
5106802,Porto dos Gaúchos,resto_mt,Demais MT,FALSE,2016,7730755,0,7730755,1.5825,1,8,100,FALSE,12600153,12437932,0,162221,2,0,0,0,0,0,FALSE,TRUE,TRUE
5106802,Porto dos Gaúchos,resto_mt,Demais MT,FALSE,2017,7065731,0,7065731,1.7321,1,10,100,FALSE,16082816,15948443,0,134373,2,0,0,0,0,0,FALSE,TRUE,TRUE
5106802,Porto dos Gaúchos,resto_mt,Demais MT,FALSE,2018,8268568,0,8268568,1.7019,1,8,100,FALSE,5223015,5101485,0,121530,2,0,0,0,0,0,FALSE,TRUE,TRUE
5106802,Porto dos Gaúchos,resto_mt,Demais MT,FALSE,2019,18799001,4693777,14105224,1.5878,1,13,100,FALSE,11995427,11734715,0,260712,2,0,0,0,0,0,FALSE,TRUE,TRUE
5106802,Porto dos Gaúchos,resto_mt,Demais MT,FALSE,2020,33921963,165860,33756103,1.4765,1,11,100,FALSE,5673929,5445704,0,228225,2,0,0,0,0,0,FALSE,TRUE,TRUE
5106802,Porto dos Gaúchos,resto_mt,Demais MT,FALSE,2021,30450806,5009,30445797,1.7136,1,14,100,FALSE,14377978,13820906,0,557072,2,0,0,0,0,0,FALSE,TRUE,TRUE
5106802,Porto dos Gaúchos,resto_mt,Demais MT,FALSE,2022,18919751,6782,18912969,1.8531,1,10,100,FALSE,15585011,14985253,0,599758,3,0,0,0,0,0,FALSE,TRUE,TRUE
5106802,Porto dos Gaúchos,resto_mt,Demais MT,FALSE,2023,28535174,92265,28442909,1.2536,2,14,93.5,FALSE,11434397,10848743,0,585654,3,0,0,0,0,0,FALSE,TRUE,TRUE
5106802,Porto dos Gaúchos,resto_mt,Demais MT,FALSE,2024,48666348,52090,48614258,0.702,3,19,69.5,FALSE,10106000,9561000,0,545000,3,0,0,0,0,0,FALSE,TRUE,TRUE
5106828,Porto Esperidião,pantanal_norte,Pantanal-13,TRUE,2000,0,0,0,,0,0,,FALSE,,,,,3,1,32909.88452871342,1,22875.543090230727,55785.427618944144,TRUE,TRUE,TRUE
5106828,Porto Esperidião,pantanal_norte,Pantanal-13,TRUE,2001,0,0,0,,0,0,,FALSE,,,,,3,1,32909.88452871342,1,22875.543090230727,55785.427618944144,TRUE,TRUE,TRUE
5106828,Porto Esperidião,pantanal_norte,Pantanal-13,TRUE,2002,0,0,0,,0,0,,FALSE,1183181,1183181,0,0,2,1,32909.88452871342,1,22875.543090230727,55785.427618944144,TRUE,TRUE,TRUE
5106828,Porto Esperidião,pantanal_norte,Pantanal-13,TRUE,2003,0,0,0,,0,0,,FALSE,1546523,1546523,0,0,2,1,32909.88452871342,1,22875.543090230727,55785.427618944144,TRUE,TRUE,TRUE
5106828,Porto Esperidião,pantanal_norte,Pantanal-13,TRUE,2004,0,0,0,,0,0,,FALSE,1936952,1936952,0,0,2,1,32909.88452871342,1,22875.543090230727,55785.427618944144,TRUE,TRUE,TRUE
5106828,Porto Esperidião,pantanal_norte,Pantanal-13,TRUE,2005,751706,489685,262021,15660.5417,1,1,100,FALSE,1900285,1900285,0,0,2,1,32909.88452871342,1,22875.543090230727,55785.427618944144,TRUE,TRUE,TRUE
5106828,Porto Esperidião,pantanal_norte,Pantanal-13,TRUE,2006,39404085,640328,38763757,11765.9256,2,2,99.9,FALSE,1472599,1472599,0,0,2,1,32909.88452871342,1,22875.543090230727,55785.427618944144,TRUE,TRUE,TRUE
5106828,Porto Esperidião,pantanal_norte,Pantanal-13,TRUE,2007,73166321,691177,72475144,21614.8659,1,1,100,FALSE,1462992,1462992,0,0,2,1,32909.88452871342,1,22875.543090230727,55785.427618944144,TRUE,TRUE,TRUE
5106828,Porto Esperidião,pantanal_norte,Pantanal-13,TRUE,2008,68558326,137465,68420861,492.2232,2,4,99.9,FALSE,1469462,1469462,0,0,2,1,32909.88452871342,1,22875.543090230727,55785.427618944144,TRUE,TRUE,TRUE
5106828,Porto Esperidião,pantanal_norte,Pantanal-13,TRUE,2009,79084895,241257,78843638,30231.229,1,4,100,FALSE,3034509,3034509,0,0,2,1,32909.88452871342,1,22875.543090230727,55785.427618944144,TRUE,TRUE,TRUE
5106828,Porto Esperidião,pantanal_norte,Pantanal-13,TRUE,2010,40624190,1219867,39404323,36078.3215,1,4,100,FALSE,2154248,2154248,0,0,2,1,32909.88452871342,1,22875.543090230727,55785.427618944144,TRUE,TRUE,TRUE
5106828,Porto Esperidião,pantanal_norte,Pantanal-13,TRUE,2011,0,0,0,,0,0,,FALSE,1834985,1834985,0,0,2,1,32909.88452871342,1,22875.543090230727,55785.427618944144,TRUE,TRUE,TRUE
5106828,Porto Esperidião,pantanal_norte,Pantanal-13,TRUE,2012,112789,6742461,-6629672,0.3659,2,1,59.7,FALSE,1814199,1814199,0,0,2,1,32909.88452871342,1,22875.543090230727,55785.427618944144,TRUE,TRUE,TRUE
5106828,Porto Esperidião,pantanal_norte,Pantanal-13,TRUE,2013,166697,1413943,-1247246,0.4511,2,1,85,FALSE,2411605,1458482,953123,0,2,1,32909.88452871342,1,22875.543090230727,55785.427618944144,TRUE,TRUE,TRUE
5106828,Porto Esperidião,pantanal_norte,Pantanal-13,TRUE,2014,278449,3700,274749,0.429,1,1,100,FALSE,7653658,1420194,2485340,3748124,1,1,32909.88452871342,1,22875.543090230727,55785.427618944144,TRUE,TRUE,TRUE
5106828,Porto Esperidião,pantanal_norte,Pantanal-13,TRUE,2015,1203457,0,1203457,0.3587,2,2,50.8,FALSE,4550285,1280996,1658221,1611068,1,1,32909.88452871342,1,22875.543090230727,55785.427618944144,TRUE,TRUE,TRUE
5106828,Porto Esperidião,pantanal_norte,Pantanal-13,TRUE,2016,2494153,0,2494153,0.323,2,1,57.9,FALSE,12374519,1098679,9037189,2238651,1,1,32909.88452871342,1,22875.543090230727,55785.427618944144,TRUE,TRUE,TRUE
5106828,Porto Esperidião,pantanal_norte,Pantanal-13,TRUE,2017,9649180,3812,9645368,2.2077,3,3,85.5,FALSE,3763878,1093764,0,2670114,2,1,32909.88452871342,1,22875.543090230727,55785.427618944144,TRUE,TRUE,TRUE
5106828,Porto Esperidião,pantanal_norte,Pantanal-13,TRUE,2018,22496502,0,22496502,24.2862,4,4,98.6,FALSE,3612388,1184573,122927,2304888,1,1,32909.88452871342,1,22875.543090230727,55785.427618944144,TRUE,TRUE,TRUE
5106828,Porto Esperidião,pantanal_norte,Pantanal-13,TRUE,2019,19688795,173,19688622,45.1056,3,4,98.8,FALSE,3679382,1250081,223276,2206025,1,1,32909.88452871342,1,22875.543090230727,55785.427618944144,TRUE,TRUE,TRUE
5106828,Porto Esperidião,pantanal_norte,Pantanal-13,TRUE,2020,9921061,288,9920773,32.286,2,2,98.5,FALSE,4702705,1300883,2895923,505899,1,1,32909.88452871342,1,22875.543090230727,55785.427618944144,TRUE,TRUE,TRUE
5106828,Porto Esperidião,pantanal_norte,Pantanal-13,TRUE,2021,17188742,0,17188742,20.684,3,3,97.4,FALSE,1569929,1173994,0,395935,1,1,32909.88452871342,1,22875.543090230727,55785.427618944144,TRUE,TRUE,TRUE
5106828,Porto Esperidião,pantanal_norte,Pantanal-13,TRUE,2022,6696765,0,6696765,18.1059,2,2,96.7,FALSE,1247323,397666,0,849657,1,1,32909.88452871342,1,22875.543090230727,55785.427618944144,TRUE,TRUE,TRUE
5106828,Porto Esperidião,pantanal_norte,Pantanal-13,TRUE,2023,87029,0,87029,0.4088,1,1,100,FALSE,14484198,324781,13358988,800429,1,1,32909.88452871342,1,22875.543090230727,55785.427618944144,TRUE,TRUE,TRUE
5106828,Porto Esperidião,pantanal_norte,Pantanal-13,TRUE,2024,54476,0,54476,2.4311,2,2,97.6,FALSE,5337000,302000,4149000,886000,1,1,32909.88452871342,1,22875.543090230727,55785.427618944144,TRUE,TRUE,TRUE
5106851,Porto Estrela,resto_mt,Demais MT,FALSE,2000,0,0,0,,0,0,,FALSE,,,,,3,1,26506.19155253166,0,0,26506.19155253166,FALSE,TRUE,TRUE
5106851,Porto Estrela,resto_mt,Demais MT,FALSE,2001,0,0,0,,0,0,,FALSE,,,,,4,1,26506.19155253166,0,0,26506.19155253166,FALSE,TRUE,TRUE
5106851,Porto Estrela,resto_mt,Demais MT,FALSE,2002,0,0,0,,0,0,,FALSE,496173,496173,0,0,4,1,26506.19155253166,0,0,26506.19155253166,FALSE,TRUE,TRUE
5106851,Porto Estrela,resto_mt,Demais MT,FALSE,2003,0,0,0,,0,0,,FALSE,506078,506078,0,0,4,1,26506.19155253166,0,0,26506.19155253166,FALSE,TRUE,TRUE
5106851,Porto Estrela,resto_mt,Demais MT,FALSE,2004,0,0,0,,0,0,,FALSE,1335727,1335727,0,0,4,1,26506.19155253166,0,0,26506.19155253166,FALSE,TRUE,TRUE
5106851,Porto Estrela,resto_mt,Demais MT,FALSE,2005,0,0,0,,0,0,,FALSE,1973590,1973590,0,0,4,1,26506.19155253166,0,0,26506.19155253166,FALSE,TRUE,TRUE
5106851,Porto Estrela,resto_mt,Demais MT,FALSE,2006,0,0,0,,0,0,,FALSE,1212083,1212083,0,0,3,1,26506.19155253166,0,0,26506.19155253166,FALSE,TRUE,TRUE
5106851,Porto Estrela,resto_mt,Demais MT,FALSE,2007,0,0,0,,0,0,,FALSE,633702,633702,0,0,3,1,26506.19155253166,0,0,26506.19155253166,FALSE,TRUE,TRUE
5106851,Porto Estrela,resto_mt,Demais MT,FALSE,2008,0,0,0,,0,0,,FALSE,1092300,1092300,0,0,3,1,26506.19155253166,0,0,26506.19155253166,FALSE,TRUE,TRUE
5106851,Porto Estrela,resto_mt,Demais MT,FALSE,2009,0,0,0,,0,0,,FALSE,1731317,1731317,0,0,3,1,26506.19155253166,0,0,26506.19155253166,FALSE,TRUE,TRUE
5106851,Porto Estrela,resto_mt,Demais MT,FALSE,2010,0,0,0,,0,0,,FALSE,1367671,1367671,0,0,3,1,26506.19155253166,0,0,26506.19155253166,FALSE,TRUE,TRUE
5106851,Porto Estrela,resto_mt,Demais MT,FALSE,2011,0,0,0,,0,0,,FALSE,424900,424900,0,0,2,1,26506.19155253166,0,0,26506.19155253166,FALSE,TRUE,TRUE
5106851,Porto Estrela,resto_mt,Demais MT,FALSE,2012,0,0,0,,0,0,,FALSE,353033,353033,0,0,2,1,26506.19155253166,0,0,26506.19155253166,FALSE,TRUE,TRUE
5106851,Porto Estrela,resto_mt,Demais MT,FALSE,2013,0,0,0,,0,0,,FALSE,2004716,382735,1618265,3716,3,1,26506.19155253166,0,0,26506.19155253166,FALSE,TRUE,TRUE
5106851,Porto Estrela,resto_mt,Demais MT,FALSE,2014,0,0,0,,0,0,,FALSE,2455607,278092,2177515,0,2,1,26506.19155253166,0,0,26506.19155253166,FALSE,TRUE,TRUE
5106851,Porto Estrela,resto_mt,Demais MT,FALSE,2015,0,0,0,,0,0,,FALSE,800033,259343,524972,15718,2,1,26506.19155253166,0,0,26506.19155253166,FALSE,TRUE,TRUE
5106851,Porto Estrela,resto_mt,Demais MT,FALSE,2016,0,0,0,,0,0,,FALSE,895166,283150,303796,308220,2,1,26506.19155253166,0,0,26506.19155253166,FALSE,TRUE,TRUE
5106851,Porto Estrela,resto_mt,Demais MT,FALSE,2017,0,0,0,,0,0,,FALSE,664639,338099,189278,137262,2,1,26506.19155253166,0,0,26506.19155253166,FALSE,TRUE,TRUE
5106851,Porto Estrela,resto_mt,Demais MT,FALSE,2018,14348,0,14348,2.3368,1,1,100,FALSE,691466,343638,212329,135499,2,1,26506.19155253166,0,0,26506.19155253166,FALSE,TRUE,TRUE
5106851,Porto Estrela,resto_mt,Demais MT,FALSE,2019,0,0,0,,0,0,,FALSE,692558,366334,188515,137709,2,1,26506.19155253166,0,0,26506.19155253166,FALSE,TRUE,TRUE
5106851,Porto Estrela,resto_mt,Demais MT,FALSE,2020,24767,0,24767,1.4316,1,1,100,FALSE,916704,287817,441235,187652,2,1,26506.19155253166,0,0,26506.19155253166,FALSE,TRUE,TRUE
5106851,Porto Estrela,resto_mt,Demais MT,FALSE,2021,33587,0,33587,7.901,3,1,97.8,FALSE,1169391,463843,501825,203723,2,1,26506.19155253166,0,0,26506.19155253166,FALSE,TRUE,TRUE
5106851,Porto Estrela,resto_mt,Demais MT,FALSE,2022,0,0,0,,0,0,,FALSE,996337,505231,247726,243380,2,1,26506.19155253166,0,0,26506.19155253166,FALSE,TRUE,TRUE
5106851,Porto Estrela,resto_mt,Demais MT,FALSE,2023,0,0,0,,0,0,,FALSE,971201,531175,0,440026,2,1,26506.19155253166,0,0,26506.19155253166,FALSE,TRUE,TRUE
5106851,Porto Estrela,resto_mt,Demais MT,FALSE,2024,51360,0,51360,12.2871,1,1,100,FALSE,990000,490000,0,500000,2,1,26506.19155253166,0,0,26506.19155253166,FALSE,TRUE,TRUE
5107008,Poxoréu,resto_mt,Demais MT,FALSE,2000,0,0,0,,0,0,,FALSE,,,,,2,0,0,2,55702.87977197534,55702.87977197534,FALSE,TRUE,TRUE
5107008,Poxoréu,resto_mt,Demais MT,FALSE,2001,0,0,0,,0,0,,FALSE,,,,,2,0,0,2,55702.87977197534,55702.87977197534,FALSE,TRUE,TRUE
5107008,Poxoréu,resto_mt,Demais MT,FALSE,2002,16648,0,16648,1.0537,6,1,26,FALSE,902132,902132,0,0,3,0,0,2,55702.87977197534,55702.87977197534,FALSE,TRUE,TRUE
5107008,Poxoréu,resto_mt,Demais MT,FALSE,2003,0,0,0,,0,0,,FALSE,1090739,1090739,0,0,3,0,0,2,55702.87977197534,55702.87977197534,FALSE,TRUE,TRUE
5107008,Poxoréu,resto_mt,Demais MT,FALSE,2004,371377,27255,344122,1.3406,1,2,100,FALSE,728578,728578,0,0,3,0,0,2,55702.87977197534,55702.87977197534,FALSE,TRUE,TRUE
5107008,Poxoréu,resto_mt,Demais MT,FALSE,2005,0,0,0,,0,0,,FALSE,2421877,930407,1491470,0,3,0,0,2,55702.87977197534,55702.87977197534,FALSE,TRUE,TRUE
5107008,Poxoréu,resto_mt,Demais MT,FALSE,2006,703246,2311,700935,0.8199,2,6,96.9,FALSE,844619,844619,0,0,3,0,0,2,55702.87977197534,55702.87977197534,FALSE,TRUE,TRUE
5107008,Poxoréu,resto_mt,Demais MT,FALSE,2007,1490071,784811,705260,1.2413,1,5,100,FALSE,1314345,1314345,0,0,3,0,0,2,55702.87977197534,55702.87977197534,FALSE,TRUE,TRUE
5107008,Poxoréu,resto_mt,Demais MT,FALSE,2008,2111104,0,2111104,1.3605,1,5,100,FALSE,1364150,1364150,0,0,3,0,0,2,55702.87977197534,55702.87977197534,FALSE,TRUE,TRUE
5107008,Poxoréu,resto_mt,Demais MT,FALSE,2009,7457334,0,7457334,1.4017,1,10,100,FALSE,1338477,1338477,0,0,3,0,0,2,55702.87977197534,55702.87977197534,FALSE,TRUE,TRUE
5107008,Poxoréu,resto_mt,Demais MT,FALSE,2010,6816299,79695,6736604,1.421,1,11,100,FALSE,1091486,1091486,0,0,2,0,0,2,55702.87977197534,55702.87977197534,FALSE,TRUE,TRUE
5107008,Poxoréu,resto_mt,Demais MT,FALSE,2011,12783310,13661,12769649,1.6824,1,14,100,FALSE,1014345,1014345,0,0,2,0,0,2,55702.87977197534,55702.87977197534,FALSE,TRUE,TRUE
5107008,Poxoréu,resto_mt,Demais MT,FALSE,2012,9534725,83544,9451181,1.9341,1,14,100,FALSE,1017913,1017913,0,0,2,0,0,2,55702.87977197534,55702.87977197534,FALSE,TRUE,TRUE
5107008,Poxoréu,resto_mt,Demais MT,FALSE,2013,7768682,768860,6999822,1.994,1,9,100,FALSE,2510075,412462,1703730,393883,2,0,0,2,55702.87977197534,55702.87977197534,FALSE,TRUE,TRUE
5107008,Poxoréu,resto_mt,Demais MT,FALSE,2014,4734890,0,4734890,1.927,1,8,100,FALSE,7162188,550938,1839956,4771294,2,0,0,2,55702.87977197534,55702.87977197534,FALSE,TRUE,TRUE
5107008,Poxoréu,resto_mt,Demais MT,FALSE,2015,4430375,212467,4217908,1.5317,2,11,99.5,FALSE,8740635,367795,2349802,6023038,2,0,0,2,55702.87977197534,55702.87977197534,FALSE,TRUE,TRUE
5107008,Poxoréu,resto_mt,Demais MT,FALSE,2016,2172779,7742,2165037,1.3944,1,9,100,FALSE,7345666,343614,1869967,5132085,2,0,0,2,55702.87977197534,55702.87977197534,FALSE,TRUE,TRUE
5107008,Poxoréu,resto_mt,Demais MT,FALSE,2017,0,0,0,,0,0,,FALSE,4879316,465247,1832091,2581978,1,0,0,2,55702.87977197534,55702.87977197534,FALSE,TRUE,TRUE
5107008,Poxoréu,resto_mt,Demais MT,FALSE,2018,0,7248,-7248,,0,0,,FALSE,5010687,445612,1906771,2658304,1,0,0,2,55702.87977197534,55702.87977197534,FALSE,TRUE,TRUE
5107008,Poxoréu,resto_mt,Demais MT,FALSE,2019,0,1206,-1206,,0,0,,FALSE,3763612,0,869040,2894572,0,0,0,2,55702.87977197534,55702.87977197534,FALSE,TRUE,TRUE
5107008,Poxoréu,resto_mt,Demais MT,FALSE,2020,1567359,0,1567359,1.4895,1,3,100,FALSE,4475747,0,824146,3651601,0,0,0,2,55702.87977197534,55702.87977197534,FALSE,TRUE,TRUE
5107008,Poxoréu,resto_mt,Demais MT,FALSE,2021,1566462,0,1566462,1.6773,1,6,100,FALSE,4524483,421257,1381170,2722056,1,0,0,2,55702.87977197534,55702.87977197534,FALSE,TRUE,TRUE
5107008,Poxoréu,resto_mt,Demais MT,FALSE,2022,0,1319240,-1319240,,0,0,,FALSE,5279390,371589,1482010,3425791,1,0,0,2,55702.87977197534,55702.87977197534,FALSE,TRUE,TRUE
5107008,Poxoréu,resto_mt,Demais MT,FALSE,2023,95697,1969716,-1874019,,1,1,100,FALSE,14873935,455741,11950904,2467290,1,0,0,2,55702.87977197534,55702.87977197534,FALSE,TRUE,TRUE
5107008,Poxoréu,resto_mt,Demais MT,FALSE,2024,1605719,74138,1531581,1.7454,2,5,97.4,FALSE,13699000,636000,10732000,2331000,1,0,0,2,55702.87977197534,55702.87977197534,FALSE,TRUE,TRUE
5107040,Primavera do Leste,resto_mt,Demais MT,FALSE,2000,31131581,3549949,27581632,0.2008,6,15,91.9,FALSE,,,,,2,0,0,1,4.493890690786101,4.493890690786101,FALSE,TRUE,TRUE
5107040,Primavera do Leste,resto_mt,Demais MT,FALSE,2001,51904669,1960825,49943844,0.2178,7,26,57.7,FALSE,,,,,2,0,0,1,4.493890690786101,4.493890690786101,FALSE,TRUE,TRUE
5107040,Primavera do Leste,resto_mt,Demais MT,FALSE,2002,15091608,1198077,13893531,0.1993,5,24,52.5,FALSE,1346259,1346259,0,0,2,0,0,1,4.493890690786101,4.493890690786101,FALSE,TRUE,TRUE
5107040,Primavera do Leste,resto_mt,Demais MT,FALSE,2003,25273490,2101281,23172209,0.2754,3,17,60,FALSE,1851427,1851427,0,0,2,0,0,1,4.493890690786101,4.493890690786101,FALSE,TRUE,TRUE
5107040,Primavera do Leste,resto_mt,Demais MT,FALSE,2004,46458622,5614752,40843870,0.7468,5,32,81.7,FALSE,1474927,1474927,0,0,1,0,0,1,4.493890690786101,4.493890690786101,FALSE,TRUE,TRUE
5107040,Primavera do Leste,resto_mt,Demais MT,FALSE,2005,31540498,1431536,30108962,0.6762,3,24,84,FALSE,3298715,3298715,0,0,1,0,0,1,4.493890690786101,4.493890690786101,FALSE,TRUE,TRUE
5107040,Primavera do Leste,resto_mt,Demais MT,FALSE,2006,45287262,261082,45026180,0.3531,3,22,50,FALSE,2306249,2306249,0,0,1,0,0,1,4.493890690786101,4.493890690786101,FALSE,TRUE,TRUE
5107040,Primavera do Leste,resto_mt,Demais MT,FALSE,2007,136065747,1058496,135007251,0.3005,8,31,36.8,FALSE,1974126,1974126,0,0,1,0,0,1,4.493890690786101,4.493890690786101,FALSE,TRUE,TRUE
5107040,Primavera do Leste,resto_mt,Demais MT,FALSE,2008,243845736,11233823,232611913,0.4629,6,39,55.7,FALSE,1393539,1393539,0,0,1,0,0,1,4.493890690786101,4.493890690786101,FALSE,TRUE,TRUE
5107040,Primavera do Leste,resto_mt,Demais MT,FALSE,2009,279663957,8531028,271132929,0.3344,6,39,53.3,FALSE,1138529,1138529,0,0,1,0,0,1,4.493890690786101,4.493890690786101,FALSE,TRUE,TRUE
5107040,Primavera do Leste,resto_mt,Demais MT,FALSE,2010,287697849,67477992,220219857,0.3562,8,28,42.2,FALSE,969964,969964,0,0,1,0,0,1,4.493890690786101,4.493890690786101,FALSE,TRUE,TRUE
5107040,Primavera do Leste,resto_mt,Demais MT,FALSE,2011,461547747,84632153,376915594,0.4381,8,36,40.5,FALSE,914368,914368,0,0,1,0,0,1,4.493890690786101,4.493890690786101,FALSE,TRUE,TRUE
5107040,Primavera do Leste,resto_mt,Demais MT,FALSE,2012,695019587,15817662,679201925,0.3957,9,45,42.7,FALSE,870816,870816,0,0,1,0,0,1,4.493890690786101,4.493890690786101,FALSE,TRUE,TRUE
5107040,Primavera do Leste,resto_mt,Demais MT,FALSE,2013,632444644,9895193,622549451,0.4139,9,42,41.9,FALSE,7795912,405031,1616407,5774474,1,0,0,1,4.493890690786101,4.493890690786101,FALSE,TRUE,TRUE
5107040,Primavera do Leste,resto_mt,Demais MT,FALSE,2014,564646656,5308129,559338527,0.387,10,38,46.2,FALSE,7837305,426758,1665056,5745491,1,0,0,1,4.493890690786101,4.493890690786101,FALSE,TRUE,TRUE
5107040,Primavera do Leste,resto_mt,Demais MT,FALSE,2015,697602576,4796265,692806311,0.2746,10,38,45.1,FALSE,17248647,443240,1629930,15175477,1,0,0,1,4.493890690786101,4.493890690786101,FALSE,TRUE,TRUE
5107040,Primavera do Leste,resto_mt,Demais MT,FALSE,2016,598376996,2998647,595378349,0.2853,10,31,44.5,FALSE,24235829,572198,2417094,21246537,1,0,0,1,4.493890690786101,4.493890690786101,FALSE,TRUE,TRUE
5107040,Primavera do Leste,resto_mt,Demais MT,FALSE,2017,612549512,6534652,606014860,0.2913,11,36,52.7,FALSE,13421371,762890,2307453,10351028,1,0,0,1,4.493890690786101,4.493890690786101,FALSE,TRUE,TRUE
5107040,Primavera do Leste,resto_mt,Demais MT,FALSE,2018,523173028,12102988,511070040,0.3188,10,35,50.4,FALSE,6566835,0,1802003,4764832,0,0,0,1,4.493890690786101,4.493890690786101,FALSE,TRUE,TRUE
5107040,Primavera do Leste,resto_mt,Demais MT,FALSE,2019,1029772305,8801794,1020970511,0.2488,14,50,41.4,FALSE,6602031,0,1911888,4690143,0,0,0,1,4.493890690786101,4.493890690786101,FALSE,TRUE,TRUE
5107040,Primavera do Leste,resto_mt,Demais MT,FALSE,2020,965888543,4964752,960923791,0.2499,8,40,39.1,FALSE,7252485,0,1813121,5439364,0,0,0,1,4.493890690786101,4.493890690786101,FALSE,TRUE,TRUE
5107040,Primavera do Leste,resto_mt,Demais MT,FALSE,2021,1143815362,27885991,1115929371,0.365,13,36,50.3,FALSE,4747772,688283,2762340,1297149,1,0,0,1,4.493890690786101,4.493890690786101,FALSE,TRUE,TRUE
5107040,Primavera do Leste,resto_mt,Demais MT,FALSE,2022,1693655128,134207620,1559447508,0.4424,21,39,45.3,FALSE,4875206,631267,2987924,1256015,1,0,0,1,4.493890690786101,4.493890690786101,FALSE,TRUE,TRUE
5107040,Primavera do Leste,resto_mt,Demais MT,FALSE,2023,1225033099,77562117,1147470982,0.4476,76,40,37.7,FALSE,6076553,785761,4936676,354116,1,0,0,1,4.493890690786101,4.493890690786101,FALSE,TRUE,TRUE
5107040,Primavera do Leste,resto_mt,Demais MT,FALSE,2024,773870394,38586908,735283486,0.4186,49,53,37.1,FALSE,6182000,297000,5012000,873000,1,0,0,1,4.493890690786101,4.493890690786101,FALSE,TRUE,TRUE
5107065,Querência,resto_mt,Demais MT,FALSE,2000,0,37000,-37000,,0,0,,FALSE,,,,,3,0,0,2,728950.8762892776,728950.8762892776,FALSE,TRUE,TRUE
5107065,Querência,resto_mt,Demais MT,FALSE,2001,0,0,0,,0,0,,FALSE,,,,,3,0,0,2,728950.8762892776,728950.8762892776,FALSE,TRUE,TRUE
5107065,Querência,resto_mt,Demais MT,FALSE,2002,0,0,0,,0,0,,FALSE,4656390,4656390,0,0,3,0,0,2,728950.8762892776,728950.8762892776,FALSE,TRUE,TRUE
5107065,Querência,resto_mt,Demais MT,FALSE,2003,0,0,0,,0,0,,FALSE,7273688,7273688,0,0,3,0,0,2,728950.8762892776,728950.8762892776,FALSE,TRUE,TRUE
5107065,Querência,resto_mt,Demais MT,FALSE,2004,6640897,3294435,3346462,0.2886,3,5,89.3,FALSE,8061749,8061749,0,0,3,0,0,2,728950.8762892776,728950.8762892776,FALSE,TRUE,TRUE
5107065,Querência,resto_mt,Demais MT,FALSE,2005,2418200,0,2418200,0.5064,2,4,93,FALSE,9368915,9368915,0,0,3,0,0,2,728950.8762892776,728950.8762892776,FALSE,TRUE,TRUE
5107065,Querência,resto_mt,Demais MT,FALSE,2006,7323350,679688,6643662,0.2331,2,3,94.1,FALSE,9540356,9540356,0,0,3,0,0,2,728950.8762892776,728950.8762892776,FALSE,TRUE,TRUE
5107065,Querência,resto_mt,Demais MT,FALSE,2007,34448463,323540,34124923,0.3363,2,5,99.8,FALSE,7098508,7098508,0,0,3,0,0,2,728950.8762892776,728950.8762892776,FALSE,TRUE,TRUE
5107065,Querência,resto_mt,Demais MT,FALSE,2008,119462644,13738,119448906,0.5111,2,7,98.9,FALSE,1493953,1493953,0,0,3,0,0,2,728950.8762892776,728950.8762892776,FALSE,TRUE,TRUE
5107065,Querência,resto_mt,Demais MT,FALSE,2009,114877638,0,114877638,0.3957,2,11,99.9,FALSE,3043919,3043919,0,0,3,0,0,2,728950.8762892776,728950.8762892776,FALSE,TRUE,TRUE
5107065,Querência,resto_mt,Demais MT,FALSE,2010,103578284,1200,103577084,0.3714,1,7,100,FALSE,1376509,1376509,0,0,3,0,0,2,728950.8762892776,728950.8762892776,FALSE,TRUE,TRUE
5107065,Querência,resto_mt,Demais MT,FALSE,2011,276268240,0,276268240,0.4917,2,14,96.1,FALSE,749824,749824,0,0,3,0,0,2,728950.8762892776,728950.8762892776,FALSE,TRUE,TRUE
5107065,Querência,resto_mt,Demais MT,FALSE,2012,292525512,20130817,272394695,0.4664,2,21,85.8,FALSE,3298901,3298901,0,0,3,0,0,2,728950.8762892776,728950.8762892776,FALSE,TRUE,TRUE
5107065,Querência,resto_mt,Demais MT,FALSE,2013,324033348,37557923,286475425,0.4206,2,29,82.1,FALSE,2978276,2320566,0,657710,3,0,0,2,728950.8762892776,728950.8762892776,FALSE,TRUE,TRUE
5107065,Querência,resto_mt,Demais MT,FALSE,2014,394383661,30278323,364105338,0.4263,2,25,89.7,FALSE,2957572,1638820,0,1318752,3,0,0,2,728950.8762892776,728950.8762892776,FALSE,TRUE,TRUE
5107065,Querência,resto_mt,Demais MT,FALSE,2015,541496369,47236249,494260120,0.3658,3,32,62.2,FALSE,2246064,1609496,0,636568,3,0,0,2,728950.8762892776,728950.8762892776,FALSE,TRUE,TRUE
5107065,Querência,resto_mt,Demais MT,FALSE,2016,445459829,37204270,408255559,0.3336,5,37,59.9,FALSE,2657476,1647281,0,1010195,3,0,0,2,728950.8762892776,728950.8762892776,FALSE,TRUE,TRUE
5107065,Querência,resto_mt,Demais MT,FALSE,2017,792419780,72033430,720386350,0.3167,5,35,75.1,FALSE,2661446,1700609,0,960837,3,0,0,2,728950.8762892776,728950.8762892776,FALSE,TRUE,TRUE
5107065,Querência,resto_mt,Demais MT,FALSE,2018,412890761,117673816,295216945,0.3713,5,31,75.7,FALSE,2363558,1711205,0,652353,3,0,0,2,728950.8762892776,728950.8762892776,FALSE,TRUE,TRUE
5107065,Querência,resto_mt,Demais MT,FALSE,2019,791674315,141353522,650320793,0.2727,5,43,71.6,FALSE,2353093,1681927,0,671166,3,0,0,2,728950.8762892776,728950.8762892776,FALSE,TRUE,TRUE
5107065,Querência,resto_mt,Demais MT,FALSE,2020,1072504266,95609082,976895184,0.2669,3,41,74,FALSE,2279715,1595040,0,684675,3,0,0,2,728950.8762892776,728950.8762892776,FALSE,TRUE,TRUE
5107065,Querência,resto_mt,Demais MT,FALSE,2021,1142150299,190655974,951494325,0.3455,4,36,75.6,FALSE,2095925,347594,0,1748331,3,0,0,2,728950.8762892776,728950.8762892776,FALSE,TRUE,TRUE
5107065,Querência,resto_mt,Demais MT,FALSE,2022,1571561375,304469355,1267092020,0.4527,4,38,69.8,FALSE,3046596,1480924,0,1565672,3,0,0,2,728950.8762892776,728950.8762892776,FALSE,TRUE,TRUE
5107065,Querência,resto_mt,Demais MT,FALSE,2023,1196851741,77597767,1119253974,0.4034,5,40,68.7,FALSE,3322199,1013108,1100066,1209025,3,0,0,2,728950.8762892776,728950.8762892776,FALSE,TRUE,TRUE
5107065,Querência,resto_mt,Demais MT,FALSE,2024,559633677,21058625,538575052,0.3261,4,35,63.2,FALSE,2307000,188000,250000,1869000,1,0,0,2,728950.8762892776,728950.8762892776,FALSE,TRUE,TRUE
5107107,São José dos Quatro Marcos,resto_mt,Demais MT,FALSE,2000,0,0,0,,0,0,,FALSE,,,,,2,0,0,0,0,0,FALSE,TRUE,TRUE
5107107,São José dos Quatro Marcos,resto_mt,Demais MT,FALSE,2001,0,0,0,,0,0,,FALSE,,,,,2,0,0,0,0,0,FALSE,TRUE,TRUE
5107107,São José dos Quatro Marcos,resto_mt,Demais MT,FALSE,2002,0,0,0,,0,0,,FALSE,506582,506582,0,0,2,0,0,0,0,0,FALSE,TRUE,TRUE
5107107,São José dos Quatro Marcos,resto_mt,Demais MT,FALSE,2003,0,4498,-4498,,0,0,,FALSE,452641,452641,0,0,2,0,0,0,0,0,FALSE,TRUE,TRUE
5107107,São José dos Quatro Marcos,resto_mt,Demais MT,FALSE,2004,0,46135,-46135,,0,0,,FALSE,539030,539030,0,0,2,0,0,0,0,0,FALSE,TRUE,TRUE
5107107,São José dos Quatro Marcos,resto_mt,Demais MT,FALSE,2005,334,35496,-35162,0.997,4,5,42.2,FALSE,780978,780978,0,0,2,0,0,0,0,0,FALSE,TRUE,TRUE
5107107,São José dos Quatro Marcos,resto_mt,Demais MT,FALSE,2006,0,3019,-3019,,0,0,,FALSE,647176,647176,0,0,2,0,0,0,0,0,FALSE,TRUE,TRUE
5107107,São José dos Quatro Marcos,resto_mt,Demais MT,FALSE,2007,0,0,0,,0,0,,FALSE,743231,743231,0,0,2,0,0,0,0,0,FALSE,TRUE,TRUE
5107107,São José dos Quatro Marcos,resto_mt,Demais MT,FALSE,2008,0,0,0,,0,0,,FALSE,766569,766569,0,0,2,0,0,0,0,0,FALSE,TRUE,TRUE
5107107,São José dos Quatro Marcos,resto_mt,Demais MT,FALSE,2009,2549054,0,2549054,2.8841,5,6,43.7,FALSE,1975960,1975960,0,0,2,0,0,0,0,0,FALSE,TRUE,TRUE
5107107,São José dos Quatro Marcos,resto_mt,Demais MT,FALSE,2010,35083548,0,35083548,3.662,4,14,94.7,FALSE,1528964,1528964,0,0,2,0,0,0,0,0,FALSE,TRUE,TRUE
5107107,São José dos Quatro Marcos,resto_mt,Demais MT,FALSE,2011,50342600,0,50342600,4.3454,3,15,92.6,FALSE,1580879,1580879,0,0,1,0,0,0,0,0,FALSE,TRUE,TRUE
5107107,São José dos Quatro Marcos,resto_mt,Demais MT,FALSE,2012,56846645,0,56846645,4.2907,4,19,91.3,FALSE,1567076,1567076,0,0,2,0,0,0,0,0,FALSE,TRUE,TRUE
5107107,São José dos Quatro Marcos,resto_mt,Demais MT,FALSE,2013,66161826,0,66161826,3.8503,7,36,83.8,FALSE,1722309,1644276,29727,48306,1,0,0,0,0,0,FALSE,TRUE,TRUE
5107107,São José dos Quatro Marcos,resto_mt,Demais MT,FALSE,2014,68847353,0,68847353,4.2746,7,31,79.5,FALSE,3837323,1712279,1386963,738081,2,0,0,0,0,0,FALSE,TRUE,TRUE
5107107,São José dos Quatro Marcos,resto_mt,Demais MT,FALSE,2015,12747198,0,12747198,3.3178,6,16,67.1,FALSE,10032633,1523049,7127995,1381589,2,0,0,0,0,0,FALSE,TRUE,TRUE
5107107,São José dos Quatro Marcos,resto_mt,Demais MT,FALSE,2016,1121048,0,1121048,0.392,2,1,89.3,FALSE,4741280,1252052,2492306,996922,2,0,0,0,0,0,FALSE,TRUE,TRUE
5107107,São José dos Quatro Marcos,resto_mt,Demais MT,FALSE,2017,785739,0,785739,0.4262,1,1,100,FALSE,13523956,1212244,12086313,225399,2,0,0,0,0,0,FALSE,TRUE,TRUE
5107107,São José dos Quatro Marcos,resto_mt,Demais MT,FALSE,2018,0,0,0,,0,0,,FALSE,9616272,1325660,7988881,301731,2,0,0,0,0,0,FALSE,TRUE,TRUE
5107107,São José dos Quatro Marcos,resto_mt,Demais MT,FALSE,2019,94785,308,94477,0.3807,1,1,100,FALSE,17805964,1006750,16510425,288789,2,0,0,0,0,0,FALSE,TRUE,TRUE
5107107,São José dos Quatro Marcos,resto_mt,Demais MT,FALSE,2020,884764,0,884764,0.4641,2,2,97.6,FALSE,2537102,1040960,1176627,319515,2,0,0,0,0,0,FALSE,TRUE,TRUE
5107107,São José dos Quatro Marcos,resto_mt,Demais MT,FALSE,2021,998980,0,998980,0.4448,2,1,93.2,FALSE,8519516,965668,7229273,324575,2,0,0,0,0,0,FALSE,TRUE,TRUE
5107107,São José dos Quatro Marcos,resto_mt,Demais MT,FALSE,2022,2166961,0,2166961,0.5263,3,3,88.7,FALSE,4465588,610623,3542048,312917,2,0,0,0,0,0,FALSE,TRUE,TRUE
5107107,São José dos Quatro Marcos,resto_mt,Demais MT,FALSE,2023,614303,48722,565581,0.492,3,3,70.4,FALSE,9919449,161343,8586798,1171308,2,0,0,0,0,0,FALSE,TRUE,TRUE
5107107,São José dos Quatro Marcos,resto_mt,Demais MT,FALSE,2024,1223931,18070,1205861,0.454,4,4,50.8,FALSE,9252000,141000,8202000,909000,1,0,0,0,0,0,FALSE,TRUE,TRUE
5107156,Reserva do Cabaçal,resto_mt,Demais MT,FALSE,2000,0,0,0,,0,0,,FALSE,,,,,2,0,0,1,28.074762612469936,28.074762612469936,FALSE,TRUE,TRUE
5107156,Reserva do Cabaçal,resto_mt,Demais MT,FALSE,2001,0,0,0,,0,0,,FALSE,,,,,2,0,0,1,28.074762612469936,28.074762612469936,FALSE,TRUE,TRUE
5107156,Reserva do Cabaçal,resto_mt,Demais MT,FALSE,2002,0,0,0,,0,0,,FALSE,242882,242882,0,0,2,0,0,1,28.074762612469936,28.074762612469936,FALSE,TRUE,TRUE
5107156,Reserva do Cabaçal,resto_mt,Demais MT,FALSE,2003,0,0,0,,0,0,,FALSE,242037,242037,0,0,2,0,0,1,28.074762612469936,28.074762612469936,FALSE,TRUE,TRUE
5107156,Reserva do Cabaçal,resto_mt,Demais MT,FALSE,2004,0,0,0,,0,0,,FALSE,319864,319864,0,0,2,0,0,1,28.074762612469936,28.074762612469936,FALSE,TRUE,TRUE
5107156,Reserva do Cabaçal,resto_mt,Demais MT,FALSE,2005,0,0,0,,0,0,,FALSE,530050,530050,0,0,2,0,0,1,28.074762612469936,28.074762612469936,FALSE,TRUE,TRUE
5107156,Reserva do Cabaçal,resto_mt,Demais MT,FALSE,2006,0,0,0,,0,0,,FALSE,364722,364722,0,0,2,0,0,1,28.074762612469936,28.074762612469936,FALSE,TRUE,TRUE
5107156,Reserva do Cabaçal,resto_mt,Demais MT,FALSE,2007,0,0,0,,0,0,,FALSE,284253,284253,0,0,2,0,0,1,28.074762612469936,28.074762612469936,FALSE,TRUE,TRUE
5107156,Reserva do Cabaçal,resto_mt,Demais MT,FALSE,2008,0,0,0,,0,0,,FALSE,186132,186132,0,0,2,0,0,1,28.074762612469936,28.074762612469936,FALSE,TRUE,TRUE
5107156,Reserva do Cabaçal,resto_mt,Demais MT,FALSE,2009,0,0,0,,0,0,,FALSE,421068,421068,0,0,2,0,0,1,28.074762612469936,28.074762612469936,FALSE,TRUE,TRUE
5107156,Reserva do Cabaçal,resto_mt,Demais MT,FALSE,2010,0,0,0,,0,0,,FALSE,311537,311537,0,0,2,0,0,1,28.074762612469936,28.074762612469936,FALSE,TRUE,TRUE
5107156,Reserva do Cabaçal,resto_mt,Demais MT,FALSE,2011,0,0,0,,0,0,,FALSE,324924,324924,0,0,1,0,0,1,28.074762612469936,28.074762612469936,FALSE,TRUE,TRUE
5107156,Reserva do Cabaçal,resto_mt,Demais MT,FALSE,2012,0,0,0,,0,0,,FALSE,327537,327537,0,0,1,0,0,1,28.074762612469936,28.074762612469936,FALSE,TRUE,TRUE
5107156,Reserva do Cabaçal,resto_mt,Demais MT,FALSE,2013,0,0,0,,0,0,,FALSE,804487,239674,564813,0,1,0,0,1,28.074762612469936,28.074762612469936,FALSE,TRUE,TRUE
5107156,Reserva do Cabaçal,resto_mt,Demais MT,FALSE,2014,0,0,0,,0,0,,FALSE,1385214,225622,655878,503714,1,0,0,1,28.074762612469936,28.074762612469936,FALSE,TRUE,TRUE
5107156,Reserva do Cabaçal,resto_mt,Demais MT,FALSE,2015,0,0,0,,0,0,,FALSE,454243,204331,0,249912,1,0,0,1,28.074762612469936,28.074762612469936,FALSE,TRUE,TRUE
5107156,Reserva do Cabaçal,resto_mt,Demais MT,FALSE,2016,0,0,0,,0,0,,FALSE,402603,174019,0,228584,1,0,0,1,28.074762612469936,28.074762612469936,FALSE,TRUE,TRUE
5107156,Reserva do Cabaçal,resto_mt,Demais MT,FALSE,2017,0,0,0,,0,0,,FALSE,501368,171939,95361,234068,1,0,0,1,28.074762612469936,28.074762612469936,FALSE,TRUE,TRUE
5107156,Reserva do Cabaçal,resto_mt,Demais MT,FALSE,2018,0,0,0,,0,0,,FALSE,702642,187185,90799,424658,1,0,0,1,28.074762612469936,28.074762612469936,FALSE,TRUE,TRUE
5107156,Reserva do Cabaçal,resto_mt,Demais MT,FALSE,2019,0,0,0,,0,0,,FALSE,707266,193863,393074,120329,1,0,0,1,28.074762612469936,28.074762612469936,FALSE,TRUE,TRUE
5107156,Reserva do Cabaçal,resto_mt,Demais MT,FALSE,2020,0,0,0,,0,0,,FALSE,2086992,201599,1726903,158490,1,0,0,1,28.074762612469936,28.074762612469936,FALSE,TRUE,TRUE
5107156,Reserva do Cabaçal,resto_mt,Demais MT,FALSE,2021,0,0,0,,0,0,,FALSE,2699036,184156,2421651,93229,1,0,0,1,28.074762612469936,28.074762612469936,FALSE,TRUE,TRUE
5107156,Reserva do Cabaçal,resto_mt,Demais MT,FALSE,2022,0,0,0,,0,0,,FALSE,2371869,166237,2168690,36942,1,0,0,1,28.074762612469936,28.074762612469936,FALSE,TRUE,TRUE
5107156,Reserva do Cabaçal,resto_mt,Demais MT,FALSE,2023,0,0,0,,0,0,,FALSE,2386619,156105,2067076,163438,1,0,0,1,28.074762612469936,28.074762612469936,FALSE,TRUE,TRUE
5107156,Reserva do Cabaçal,resto_mt,Demais MT,FALSE,2024,0,0,0,,0,0,,FALSE,2238000,145000,1930000,163000,1,0,0,1,28.074762612469936,28.074762612469936,FALSE,TRUE,TRUE
5107180,Ribeirão Cascalheira,resto_mt,Demais MT,FALSE,2000,0,0,0,,0,0,,FALSE,,,,,2,1,20.022136654254886,1,166864.13743645736,166884.15957311162,FALSE,TRUE,TRUE
5107180,Ribeirão Cascalheira,resto_mt,Demais MT,FALSE,2001,0,0,0,,0,0,,FALSE,,,,,2,1,20.022136654254886,1,166864.13743645736,166884.15957311162,FALSE,TRUE,TRUE
5107180,Ribeirão Cascalheira,resto_mt,Demais MT,FALSE,2002,0,0,0,,0,0,,FALSE,537810,537810,0,0,3,1,20.022136654254886,1,166864.13743645736,166884.15957311162,FALSE,TRUE,TRUE
5107180,Ribeirão Cascalheira,resto_mt,Demais MT,FALSE,2003,0,0,0,,0,0,,FALSE,760688,760688,0,0,3,1,20.022136654254886,1,166864.13743645736,166884.15957311162,FALSE,TRUE,TRUE
5107180,Ribeirão Cascalheira,resto_mt,Demais MT,FALSE,2004,0,0,0,,0,0,,FALSE,678229,678229,0,0,3,1,20.022136654254886,1,166864.13743645736,166884.15957311162,FALSE,TRUE,TRUE
5107180,Ribeirão Cascalheira,resto_mt,Demais MT,FALSE,2005,0,0,0,,0,0,,FALSE,820450,820450,0,0,3,1,20.022136654254886,1,166864.13743645736,166884.15957311162,FALSE,TRUE,TRUE
5107180,Ribeirão Cascalheira,resto_mt,Demais MT,FALSE,2006,0,0,0,,0,0,,FALSE,970763,970763,0,0,3,1,20.022136654254886,1,166864.13743645736,166884.15957311162,FALSE,TRUE,TRUE
5107180,Ribeirão Cascalheira,resto_mt,Demais MT,FALSE,2007,381459,0,381459,1.3619,1,4,100,FALSE,808427,808427,0,0,3,1,20.022136654254886,1,166864.13743645736,166884.15957311162,FALSE,TRUE,TRUE
5107180,Ribeirão Cascalheira,resto_mt,Demais MT,FALSE,2008,81144,0,81144,1.2755,1,2,100,FALSE,435940,435940,0,0,3,1,20.022136654254886,1,166864.13743645736,166884.15957311162,FALSE,TRUE,TRUE
5107180,Ribeirão Cascalheira,resto_mt,Demais MT,FALSE,2009,0,0,0,,0,0,,FALSE,409306,409306,0,0,3,1,20.022136654254886,1,166864.13743645736,166884.15957311162,FALSE,TRUE,TRUE
5107180,Ribeirão Cascalheira,resto_mt,Demais MT,FALSE,2010,0,5476,-5476,,0,0,,FALSE,382241,382241,0,0,2,1,20.022136654254886,1,166864.13743645736,166884.15957311162,FALSE,TRUE,TRUE
5107180,Ribeirão Cascalheira,resto_mt,Demais MT,FALSE,2011,0,0,0,,0,0,,FALSE,308261,308261,0,0,3,1,20.022136654254886,1,166864.13743645736,166884.15957311162,FALSE,TRUE,TRUE
5107180,Ribeirão Cascalheira,resto_mt,Demais MT,FALSE,2012,0,0,0,,0,0,,FALSE,1323875,1323875,0,0,3,1,20.022136654254886,1,166864.13743645736,166884.15957311162,FALSE,TRUE,TRUE
5107180,Ribeirão Cascalheira,resto_mt,Demais MT,FALSE,2013,0,0,0,,0,0,,FALSE,1720452,1133343,0,587109,4,1,20.022136654254886,1,166864.13743645736,166884.15957311162,FALSE,TRUE,TRUE
5107180,Ribeirão Cascalheira,resto_mt,Demais MT,FALSE,2014,0,0,0,,0,0,,FALSE,1693039,1161341,0,531698,4,1,20.022136654254886,1,166864.13743645736,166884.15957311162,FALSE,TRUE,TRUE
5107180,Ribeirão Cascalheira,resto_mt,Demais MT,FALSE,2015,0,0,0,,0,0,,FALSE,2252352,1864124,0,388228,4,1,20.022136654254886,1,166864.13743645736,166884.15957311162,FALSE,TRUE,TRUE
5107180,Ribeirão Cascalheira,resto_mt,Demais MT,FALSE,2016,0,0,0,,0,0,,FALSE,2445114,1597140,11798,836176,4,1,20.022136654254886,1,166864.13743645736,166884.15957311162,FALSE,TRUE,TRUE
5107180,Ribeirão Cascalheira,resto_mt,Demais MT,FALSE,2017,0,0,0,,0,0,,FALSE,3185933,2308898,15894,861141,4,1,20.022136654254886,1,166864.13743645736,166884.15957311162,FALSE,TRUE,TRUE
5107180,Ribeirão Cascalheira,resto_mt,Demais MT,FALSE,2018,0,0,0,,0,0,,FALSE,3261766,2691830,19557,550379,4,1,20.022136654254886,1,166864.13743645736,166884.15957311162,FALSE,TRUE,TRUE
5107180,Ribeirão Cascalheira,resto_mt,Demais MT,FALSE,2019,7366025,0,7366025,0.3429,1,1,100,FALSE,3287646,2672633,18718,596295,4,1,20.022136654254886,1,166864.13743645736,166884.15957311162,FALSE,TRUE,TRUE
5107180,Ribeirão Cascalheira,resto_mt,Demais MT,FALSE,2020,13117043,3266,13113777,0.3462,2,4,99.7,FALSE,2033739,1450497,17751,565491,4,1,20.022136654254886,1,166864.13743645736,166884.15957311162,FALSE,TRUE,TRUE
5107180,Ribeirão Cascalheira,resto_mt,Demais MT,FALSE,2021,17763731,0,17763731,0.3447,2,7,100,FALSE,1744879,1210826,20718,513335,4,1,20.022136654254886,1,166864.13743645736,166884.15957311162,FALSE,TRUE,TRUE
5107180,Ribeirão Cascalheira,resto_mt,Demais MT,FALSE,2022,45059917,0,45059917,0.4672,2,6,86.5,FALSE,1416820,1016981,18471,381368,3,1,20.022136654254886,1,166864.13743645736,166884.15957311162,FALSE,TRUE,TRUE
5107180,Ribeirão Cascalheira,resto_mt,Demais MT,FALSE,2023,45836581,0,45836581,0.4282,2,10,78.8,FALSE,2952367,2278707,17811,655849,2,1,20.022136654254886,1,166864.13743645736,166884.15957311162,FALSE,TRUE,TRUE
5107180,Ribeirão Cascalheira,resto_mt,Demais MT,FALSE,2024,19932348,0,19932348,0.4124,3,9,90.9,FALSE,2273000,603000,441000,1229000,1,1,20.022136654254886,1,166864.13743645736,166884.15957311162,FALSE,TRUE,TRUE
5107198,Ribeirãozinho,resto_mt,Demais MT,FALSE,2000,0,0,0,,0,0,,FALSE,,,,,2,0,0,0,0,0,FALSE,TRUE,TRUE
5107198,Ribeirãozinho,resto_mt,Demais MT,FALSE,2001,0,0,0,,0,0,,FALSE,,,,,2,0,0,0,0,0,FALSE,TRUE,TRUE
5107198,Ribeirãozinho,resto_mt,Demais MT,FALSE,2002,0,0,0,,0,0,,FALSE,58986,58986,0,0,2,0,0,0,0,0,FALSE,TRUE,TRUE
5107198,Ribeirãozinho,resto_mt,Demais MT,FALSE,2003,0,0,0,,0,0,,FALSE,81727,81727,0,0,2,0,0,0,0,0,FALSE,TRUE,TRUE
5107198,Ribeirãozinho,resto_mt,Demais MT,FALSE,2004,0,0,0,,0,0,,FALSE,74043,74043,0,0,2,0,0,0,0,0,FALSE,TRUE,TRUE
5107198,Ribeirãozinho,resto_mt,Demais MT,FALSE,2005,0,0,0,,0,0,,FALSE,73305,73305,0,0,2,0,0,0,0,0,FALSE,TRUE,TRUE
5107198,Ribeirãozinho,resto_mt,Demais MT,FALSE,2006,0,0,0,,0,0,,FALSE,142598,142598,0,0,2,0,0,0,0,0,FALSE,TRUE,TRUE
5107198,Ribeirãozinho,resto_mt,Demais MT,FALSE,2007,0,0,0,,0,0,,FALSE,106921,106921,0,0,2,0,0,0,0,0,FALSE,TRUE,TRUE
5107198,Ribeirãozinho,resto_mt,Demais MT,FALSE,2008,0,0,0,,0,0,,FALSE,110210,110210,0,0,2,0,0,0,0,0,FALSE,TRUE,TRUE
5107198,Ribeirãozinho,resto_mt,Demais MT,FALSE,2009,0,0,0,,0,0,,FALSE,72922,72922,0,0,2,0,0,0,0,0,FALSE,TRUE,TRUE
5107198,Ribeirãozinho,resto_mt,Demais MT,FALSE,2010,0,0,0,,0,0,,FALSE,101636,101636,0,0,3,0,0,0,0,0,FALSE,TRUE,TRUE
5107198,Ribeirãozinho,resto_mt,Demais MT,FALSE,2011,0,0,0,,0,0,,FALSE,143716,143716,0,0,2,0,0,0,0,0,FALSE,TRUE,TRUE
5107198,Ribeirãozinho,resto_mt,Demais MT,FALSE,2012,0,0,0,,0,0,,FALSE,80413,80413,0,0,2,0,0,0,0,0,FALSE,TRUE,TRUE
5107198,Ribeirãozinho,resto_mt,Demais MT,FALSE,2013,0,0,0,,0,0,,FALSE,410605,72460,163499,174646,2,0,0,0,0,0,FALSE,TRUE,TRUE
5107198,Ribeirãozinho,resto_mt,Demais MT,FALSE,2014,0,0,0,,0,0,,FALSE,425009,78705,139921,206383,2,0,0,0,0,0,FALSE,TRUE,TRUE
5107198,Ribeirãozinho,resto_mt,Demais MT,FALSE,2015,0,0,0,,0,0,,FALSE,381941,106881,163464,111596,2,0,0,0,0,0,FALSE,TRUE,TRUE
5107198,Ribeirãozinho,resto_mt,Demais MT,FALSE,2016,0,0,0,,0,0,,FALSE,461593,145999,265453,50141,2,0,0,0,0,0,FALSE,TRUE,TRUE
5107198,Ribeirãozinho,resto_mt,Demais MT,FALSE,2017,0,0,0,,0,0,,FALSE,465246,147376,277414,40456,2,0,0,0,0,0,FALSE,TRUE,TRUE
5107198,Ribeirãozinho,resto_mt,Demais MT,FALSE,2018,0,0,0,,0,0,,FALSE,199758,103371,75433,20954,2,0,0,0,0,0,FALSE,TRUE,TRUE
5107198,Ribeirãozinho,resto_mt,Demais MT,FALSE,2019,0,0,0,,0,0,,FALSE,308844,117655,168460,22729,2,0,0,0,0,0,FALSE,TRUE,TRUE
5107198,Ribeirãozinho,resto_mt,Demais MT,FALSE,2020,0,0,0,,0,0,,FALSE,410806,159758,229493,21555,2,0,0,0,0,0,FALSE,TRUE,TRUE
5107198,Ribeirãozinho,resto_mt,Demais MT,FALSE,2021,0,0,0,,0,0,,FALSE,367161,262422,57549,47190,2,0,0,0,0,0,FALSE,TRUE,TRUE
5107198,Ribeirãozinho,resto_mt,Demais MT,FALSE,2022,0,0,0,,0,0,,FALSE,293359,240120,48893,4346,2,0,0,0,0,0,FALSE,TRUE,TRUE
5107198,Ribeirãozinho,resto_mt,Demais MT,FALSE,2023,0,0,0,,0,0,,FALSE,433739,354116,71242,8381,2,0,0,0,0,0,FALSE,TRUE,TRUE
5107198,Ribeirãozinho,resto_mt,Demais MT,FALSE,2024,0,0,0,,0,0,,FALSE,424000,367000,54000,3000,2,0,0,0,0,0,FALSE,TRUE,TRUE
5107206,Rio Branco,resto_mt,Demais MT,FALSE,2000,0,342405,-342405,,0,0,,FALSE,,,,,3,0,0,0,0,0,FALSE,TRUE,TRUE
5107206,Rio Branco,resto_mt,Demais MT,FALSE,2001,11581,218959,-207378,0.143,1,1,100,FALSE,,,,,3,0,0,0,0,0,FALSE,TRUE,TRUE
5107206,Rio Branco,resto_mt,Demais MT,FALSE,2002,0,28087,-28087,,0,0,,FALSE,246352,246352,0,0,3,0,0,0,0,0,FALSE,TRUE,TRUE
5107206,Rio Branco,resto_mt,Demais MT,FALSE,2003,0,0,0,,0,0,,FALSE,242037,242037,0,0,3,0,0,0,0,0,FALSE,TRUE,TRUE
5107206,Rio Branco,resto_mt,Demais MT,FALSE,2004,0,0,0,,0,0,,FALSE,319864,319864,0,0,3,0,0,0,0,0,FALSE,TRUE,TRUE
5107206,Rio Branco,resto_mt,Demais MT,FALSE,2005,0,0,0,,0,0,,FALSE,434190,434190,0,0,2,0,0,0,0,0,FALSE,TRUE,TRUE
5107206,Rio Branco,resto_mt,Demais MT,FALSE,2006,0,89250,-89250,,0,0,,FALSE,304392,304392,0,0,3,0,0,0,0,0,FALSE,TRUE,TRUE
5107206,Rio Branco,resto_mt,Demais MT,FALSE,2007,9733753,579519,9154234,1.7566,1,1,100,FALSE,260783,260783,0,0,3,0,0,0,0,0,FALSE,TRUE,TRUE
5107206,Rio Branco,resto_mt,Demais MT,FALSE,2008,16391000,136385,16254615,1.8961,1,2,100,FALSE,195928,195928,0,0,2,0,0,0,0,0,FALSE,TRUE,TRUE
5107206,Rio Branco,resto_mt,Demais MT,FALSE,2009,1344025,0,1344025,1.0321,1,1,100,FALSE,517513,517513,0,0,2,0,0,0,0,0,FALSE,TRUE,TRUE
5107206,Rio Branco,resto_mt,Demais MT,FALSE,2010,0,0,0,,0,0,,FALSE,419802,419802,0,0,2,0,0,0,0,0,FALSE,TRUE,TRUE
5107206,Rio Branco,resto_mt,Demais MT,FALSE,2011,0,0,0,,0,0,,FALSE,289515,289515,0,0,1,0,0,0,0,0,FALSE,TRUE,TRUE
5107206,Rio Branco,resto_mt,Demais MT,FALSE,2012,0,0,0,,0,0,,FALSE,282427,282427,0,0,1,0,0,0,0,0,FALSE,TRUE,TRUE
5107206,Rio Branco,resto_mt,Demais MT,FALSE,2013,0,0,0,,0,0,,FALSE,635415,130056,0,505359,1,0,0,0,0,0,FALSE,TRUE,TRUE
5107206,Rio Branco,resto_mt,Demais MT,FALSE,2014,0,0,0,,0,0,,FALSE,645384,125929,0,519455,1,0,0,0,0,0,FALSE,TRUE,TRUE
5107206,Rio Branco,resto_mt,Demais MT,FALSE,2015,0,0,0,,0,0,,FALSE,738734,113168,29864,595702,1,0,0,0,0,0,FALSE,TRUE,TRUE
5107206,Rio Branco,resto_mt,Demais MT,FALSE,2016,0,0,0,,0,0,,FALSE,414402,101757,47192,265453,1,0,0,0,0,0,FALSE,TRUE,TRUE
5107206,Rio Branco,resto_mt,Demais MT,FALSE,2017,0,0,0,,0,0,,FALSE,387225,99696,199392,88137,1,0,0,0,0,0,FALSE,TRUE,TRUE
5107206,Rio Branco,resto_mt,Demais MT,FALSE,2018,0,0,0,,0,0,,FALSE,1021135,108958,730580,181597,1,0,0,0,0,0,FALSE,TRUE,TRUE
5107206,Rio Branco,resto_mt,Demais MT,FALSE,2019,0,0,0,,0,0,,FALSE,2604446,237983,2192655,173808,1,0,0,0,0,0,FALSE,TRUE,TRUE
5107206,Rio Branco,resto_mt,Demais MT,FALSE,2020,0,0,0,,0,0,,FALSE,5464722,244708,5071668,148346,1,0,0,0,0,0,FALSE,TRUE,TRUE
5107206,Rio Branco,resto_mt,Demais MT,FALSE,2021,1198,0,1198,1198,3,1,95.4,FALSE,789569,222138,459239,108192,1,0,0,0,0,0,FALSE,TRUE,TRUE
5107206,Rio Branco,resto_mt,Demais MT,FALSE,2022,0,0,0,,0,0,,FALSE,1144103,204265,687766,252072,1,0,0,0,0,0,FALSE,TRUE,TRUE
5107206,Rio Branco,resto_mt,Demais MT,FALSE,2023,1740,0,1740,,1,1,100,FALSE,399167,194869,141437,62861,1,0,0,0,0,0,FALSE,TRUE,TRUE
5107206,Rio Branco,resto_mt,Demais MT,FALSE,2024,0,0,0,,0,0,,FALSE,506000,176000,130000,200000,1,0,0,0,0,0,FALSE,TRUE,TRUE
5107248,Santa Carmem,resto_mt,Demais MT,FALSE,2000,0,90048,-90048,,0,0,,FALSE,,,,,4,0,0,0,0,0,FALSE,TRUE,TRUE
5107248,Santa Carmem,resto_mt,Demais MT,FALSE,2001,0,0,0,,0,0,,FALSE,,,,,4,0,0,0,0,0,FALSE,TRUE,TRUE
5107248,Santa Carmem,resto_mt,Demais MT,FALSE,2002,0,0,0,,0,0,,FALSE,19024582,19024582,0,0,4,0,0,0,0,0,FALSE,TRUE,TRUE
5107248,Santa Carmem,resto_mt,Demais MT,FALSE,2003,287408,0,287408,0.4195,2,4,93.2,FALSE,21755055,21755055,0,0,4,0,0,0,0,0,FALSE,TRUE,TRUE
5107248,Santa Carmem,resto_mt,Demais MT,FALSE,2004,1352283,0,1352283,0.3221,3,7,53.9,FALSE,9459672,9459672,0,0,4,0,0,0,0,0,FALSE,TRUE,TRUE
5107248,Santa Carmem,resto_mt,Demais MT,FALSE,2005,1433033,0,1433033,0.3235,3,6,57.6,FALSE,7169771,7169771,0,0,4,0,0,0,0,0,FALSE,TRUE,TRUE
5107248,Santa Carmem,resto_mt,Demais MT,FALSE,2006,3638176,0,3638176,0.2886,4,8,66.7,FALSE,6326416,6326416,0,0,4,0,0,0,0,0,FALSE,TRUE,TRUE
5107248,Santa Carmem,resto_mt,Demais MT,FALSE,2007,2765104,0,2765104,0.3313,3,7,71.6,FALSE,5846751,5846751,0,0,4,0,0,0,0,0,FALSE,TRUE,TRUE
5107248,Santa Carmem,resto_mt,Demais MT,FALSE,2008,65316,0,65316,0.7934,2,2,57.7,FALSE,3335678,3335678,0,0,3,0,0,0,0,0,FALSE,TRUE,TRUE
5107248,Santa Carmem,resto_mt,Demais MT,FALSE,2009,395592,0,395592,0.8872,1,2,100,FALSE,89656811,89656811,0,0,2,0,0,0,0,0,FALSE,TRUE,TRUE
5107248,Santa Carmem,resto_mt,Demais MT,FALSE,2010,1540989,0,1540989,0.1779,2,5,96.2,FALSE,8789331,8789331,0,0,4,0,0,0,0,0,FALSE,TRUE,TRUE
5107248,Santa Carmem,resto_mt,Demais MT,FALSE,2011,0,0,0,,0,0,,FALSE,76569508,76569508,0,0,2,0,0,0,0,0,FALSE,TRUE,TRUE
5107248,Santa Carmem,resto_mt,Demais MT,FALSE,2012,6585101,0,6585101,0.3425,3,8,52.6,FALSE,17822303,17822303,0,0,3,0,0,0,0,0,FALSE,TRUE,TRUE
5107248,Santa Carmem,resto_mt,Demais MT,FALSE,2013,6702157,0,6702157,0.3746,2,10,55.6,FALSE,7732742,7416892,0,315850,3,0,0,0,0,0,FALSE,TRUE,TRUE
5107248,Santa Carmem,resto_mt,Demais MT,FALSE,2014,1864021,958940,905081,0.539,4,8,83.8,FALSE,23676320,23204088,0,472232,3,0,0,0,0,0,FALSE,TRUE,TRUE
5107248,Santa Carmem,resto_mt,Demais MT,FALSE,2015,29525542,0,29525542,0.2873,4,13,69.7,FALSE,22999768,22620970,0,378798,3,0,0,0,0,0,FALSE,TRUE,TRUE
5107248,Santa Carmem,resto_mt,Demais MT,FALSE,2016,162984666,0,162984666,0.332,4,24,88.2,FALSE,12889202,12726981,0,162221,3,0,0,0,0,0,FALSE,TRUE,TRUE
5107248,Santa Carmem,resto_mt,Demais MT,FALSE,2017,102163173,0,102163173,0.2493,3,24,59.4,FALSE,15675363,15535211,0,140152,3,0,0,0,0,0,FALSE,TRUE,TRUE
5107248,Santa Carmem,resto_mt,Demais MT,FALSE,2018,72988562,0,72988562,0.3047,4,21,80.1,FALSE,16997500,16843841,0,153659,3,0,0,0,0,0,FALSE,TRUE,TRUE
5107248,Santa Carmem,resto_mt,Demais MT,FALSE,2019,137502734,0,137502734,0.22,3,28,58.1,FALSE,14126581,13947425,0,179156,3,0,0,0,0,0,FALSE,TRUE,TRUE
5107248,Santa Carmem,resto_mt,Demais MT,FALSE,2020,186059858,0,186059858,0.2474,4,25,60.9,FALSE,10440029,10263789,0,176240,3,0,0,0,0,0,FALSE,TRUE,TRUE
5107248,Santa Carmem,resto_mt,Demais MT,FALSE,2021,197079114,0,197079114,0.3293,3,27,75.3,FALSE,15715411,15535859,0,179552,3,0,0,0,0,0,FALSE,TRUE,TRUE
5107248,Santa Carmem,resto_mt,Demais MT,FALSE,2022,372182052,0,372182052,0.3695,4,30,55.2,FALSE,17429919,17321267,0,108652,3,0,0,0,0,0,FALSE,TRUE,TRUE
5107248,Santa Carmem,resto_mt,Demais MT,FALSE,2023,459302929,0,459302929,0.4646,3,26,85.7,FALSE,14025313,10533391,3342104,149818,2,0,0,0,0,0,FALSE,TRUE,TRUE
5107248,Santa Carmem,resto_mt,Demais MT,FALSE,2024,54693429,0,54693429,0.2714,2,15,51.1,FALSE,50518000,44736000,5149000,633000,2,0,0,0,0,0,FALSE,TRUE,TRUE
5107263,Santo Afonso,resto_mt,Demais MT,FALSE,2000,0,0,0,,0,0,,FALSE,,,,,2,0,0,0,0,0,FALSE,TRUE,TRUE
5107263,Santo Afonso,resto_mt,Demais MT,FALSE,2001,0,0,0,,0,0,,FALSE,,,,,2,0,0,0,0,0,FALSE,TRUE,TRUE
5107263,Santo Afonso,resto_mt,Demais MT,FALSE,2002,0,0,0,,0,0,,FALSE,190836,190836,0,0,2,0,0,0,0,0,FALSE,TRUE,TRUE
5107263,Santo Afonso,resto_mt,Demais MT,FALSE,2003,0,0,0,,0,0,,FALSE,157167,157167,0,0,2,0,0,0,0,0,FALSE,TRUE,TRUE
5107263,Santo Afonso,resto_mt,Demais MT,FALSE,2004,0,0,0,,0,0,,FALSE,139200,139200,0,0,2,0,0,0,0,0,FALSE,TRUE,TRUE
5107263,Santo Afonso,resto_mt,Demais MT,FALSE,2005,0,0,0,,0,0,,FALSE,228373,228373,0,0,2,0,0,0,0,0,FALSE,TRUE,TRUE
5107263,Santo Afonso,resto_mt,Demais MT,FALSE,2006,0,0,0,,0,0,,FALSE,263258,263258,0,0,2,0,0,0,0,0,FALSE,TRUE,TRUE
5107263,Santo Afonso,resto_mt,Demais MT,FALSE,2007,0,0,0,,0,0,,FALSE,419860,419860,0,0,1,0,0,0,0,0,FALSE,TRUE,TRUE
5107263,Santo Afonso,resto_mt,Demais MT,FALSE,2008,0,0,0,,0,0,,FALSE,313485,313485,0,0,1,0,0,0,0,0,FALSE,TRUE,TRUE
5107263,Santo Afonso,resto_mt,Demais MT,FALSE,2009,0,0,0,,0,0,,FALSE,232881,232881,0,0,1,0,0,0,0,0,FALSE,TRUE,TRUE
5107263,Santo Afonso,resto_mt,Demais MT,FALSE,2010,0,0,0,,0,0,,FALSE,2538698,2538698,0,0,2,0,0,0,0,0,FALSE,TRUE,TRUE
5107263,Santo Afonso,resto_mt,Demais MT,FALSE,2011,0,0,0,,0,0,,FALSE,418652,418652,0,0,1,0,0,0,0,0,FALSE,TRUE,TRUE
5107263,Santo Afonso,resto_mt,Demais MT,FALSE,2012,0,0,0,,0,0,,FALSE,264775,264775,0,0,1,0,0,0,0,0,FALSE,TRUE,TRUE
5107263,Santo Afonso,resto_mt,Demais MT,FALSE,2013,0,0,0,,0,0,,FALSE,208089,208089,0,0,1,0,0,0,0,0,FALSE,TRUE,TRUE
5107263,Santo Afonso,resto_mt,Demais MT,FALSE,2014,0,0,0,,0,0,,FALSE,269347,269347,0,0,1,0,0,0,0,0,FALSE,TRUE,TRUE
5107263,Santo Afonso,resto_mt,Demais MT,FALSE,2015,0,0,0,,0,0,,FALSE,729303,276632,0,452671,1,0,0,0,0,0,FALSE,TRUE,TRUE
5107263,Santo Afonso,resto_mt,Demais MT,FALSE,2016,0,0,0,,0,0,,FALSE,561875,265453,0,296422,1,0,0,0,0,0,FALSE,TRUE,TRUE
5107263,Santo Afonso,resto_mt,Demais MT,FALSE,2017,0,0,0,,0,0,,FALSE,609734,319316,0,290418,1,0,0,0,0,0,FALSE,TRUE,TRUE
5107263,Santo Afonso,resto_mt,Demais MT,FALSE,2018,0,0,0,,0,0,,FALSE,620225,345035,0,275190,1,0,0,0,0,0,FALSE,TRUE,TRUE
5107263,Santo Afonso,resto_mt,Demais MT,FALSE,2019,0,0,0,,0,0,,FALSE,738015,405106,0,332909,1,0,0,0,0,0,FALSE,TRUE,TRUE
5107263,Santo Afonso,resto_mt,Demais MT,FALSE,2020,0,0,0,,0,0,,FALSE,694818,390518,0,304300,1,0,0,0,0,0,FALSE,TRUE,TRUE
5107263,Santo Afonso,resto_mt,Demais MT,FALSE,2021,0,0,0,,0,0,,FALSE,820645,447729,0,372916,1,0,0,0,0,0,FALSE,TRUE,TRUE
5107263,Santo Afonso,resto_mt,Demais MT,FALSE,2022,0,0,0,,0,0,,FALSE,1014807,535653,0,479154,1,0,0,0,0,0,FALSE,TRUE,TRUE
5107263,Santo Afonso,resto_mt,Demais MT,FALSE,2023,0,0,0,,0,0,,FALSE,1046634,534318,0,512316,1,0,0,0,0,0,FALSE,TRUE,TRUE
5107263,Santo Afonso,resto_mt,Demais MT,FALSE,2024,0,0,0,,0,0,,FALSE,982000,486000,0,496000,1,0,0,0,0,0,FALSE,TRUE,TRUE
5107297,São José do Povo,resto_mt,Demais MT,FALSE,2000,0,0,0,,0,0,,FALSE,,,,,2,0,0,0,0,0,FALSE,TRUE,TRUE
5107297,São José do Povo,resto_mt,Demais MT,FALSE,2001,0,0,0,,0,0,,FALSE,,,,,2,0,0,0,0,0,FALSE,TRUE,TRUE
5107297,São José do Povo,resto_mt,Demais MT,FALSE,2002,0,0,0,,0,0,,FALSE,263700,263700,0,0,2,0,0,0,0,0,FALSE,TRUE,TRUE
5107297,São José do Povo,resto_mt,Demais MT,FALSE,2003,0,0,0,,0,0,,FALSE,220034,220034,0,0,2,0,0,0,0,0,FALSE,TRUE,TRUE
5107297,São José do Povo,resto_mt,Demais MT,FALSE,2004,0,0,0,,0,0,,FALSE,198434,198434,0,0,2,0,0,0,0,0,FALSE,TRUE,TRUE
5107297,São José do Povo,resto_mt,Demais MT,FALSE,2005,0,0,0,,0,0,,FALSE,493398,493398,0,0,2,0,0,0,0,0,FALSE,TRUE,TRUE
5107297,São José do Povo,resto_mt,Demais MT,FALSE,2006,0,0,0,,0,0,,FALSE,477155,477155,0,0,2,0,0,0,0,0,FALSE,TRUE,TRUE
5107297,São José do Povo,resto_mt,Demais MT,FALSE,2007,0,0,0,,0,0,,FALSE,393782,393782,0,0,2,0,0,0,0,0,FALSE,TRUE,TRUE
5107297,São José do Povo,resto_mt,Demais MT,FALSE,2008,0,0,0,,0,0,,FALSE,612276,612276,0,0,2,0,0,0,0,0,FALSE,TRUE,TRUE
5107297,São José do Povo,resto_mt,Demais MT,FALSE,2009,0,0,0,,0,0,,FALSE,646892,646892,0,0,2,0,0,0,0,0,FALSE,TRUE,TRUE
5107297,São José do Povo,resto_mt,Demais MT,FALSE,2010,0,0,0,,0,0,,FALSE,735759,735759,0,0,2,0,0,0,0,0,FALSE,TRUE,TRUE
5107297,São José do Povo,resto_mt,Demais MT,FALSE,2011,0,0,0,,0,0,,FALSE,935197,935197,0,0,2,0,0,0,0,0,FALSE,TRUE,TRUE
5107297,São José do Povo,resto_mt,Demais MT,FALSE,2012,0,0,0,,0,0,,FALSE,660957,660957,0,0,2,0,0,0,0,0,FALSE,TRUE,TRUE
5107297,São José do Povo,resto_mt,Demais MT,FALSE,2013,0,0,0,,0,0,,FALSE,1426898,713449,713449,0,2,0,0,0,0,0,FALSE,TRUE,TRUE
5107297,São José do Povo,resto_mt,Demais MT,FALSE,2014,0,0,0,,0,0,,FALSE,1610837,795799,795799,19239,2,0,0,0,0,0,FALSE,TRUE,TRUE
5107297,São José do Povo,resto_mt,Demais MT,FALSE,2015,0,0,0,,0,0,,FALSE,754451,754451,0,0,2,0,0,0,0,0,FALSE,TRUE,TRUE
5107297,São José do Povo,resto_mt,Demais MT,FALSE,2016,0,0,0,,0,0,,FALSE,803732,803732,0,0,1,0,0,0,0,0,FALSE,TRUE,TRUE
5107297,São José do Povo,resto_mt,Demais MT,FALSE,2017,0,0,0,,0,0,,FALSE,913156,910266,0,2890,1,0,0,0,0,0,FALSE,TRUE,TRUE
5107297,São José do Povo,resto_mt,Demais MT,FALSE,2018,0,0,0,,0,0,,FALSE,0,0,0,0,0,0,0,0,0,0,FALSE,TRUE,TRUE
5107297,São José do Povo,resto_mt,Demais MT,FALSE,2019,0,0,0,,0,0,,FALSE,0,0,0,0,0,0,0,0,0,0,FALSE,TRUE,TRUE
5107297,São José do Povo,resto_mt,Demais MT,FALSE,2020,0,0,0,,0,0,,FALSE,1086605,1086605,0,0,1,0,0,0,0,0,FALSE,TRUE,TRUE
5107297,São José do Povo,resto_mt,Demais MT,FALSE,2021,0,0,0,,0,0,,FALSE,732020,732020,0,0,1,0,0,0,0,0,FALSE,TRUE,TRUE
5107297,São José do Povo,resto_mt,Demais MT,FALSE,2022,0,0,0,,0,0,,FALSE,676900,670381,0,6519,1,0,0,0,0,0,FALSE,TRUE,TRUE
5107297,São José do Povo,resto_mt,Demais MT,FALSE,2023,0,0,0,,0,0,,FALSE,460980,190678,0,270302,1,0,0,0,0,0,FALSE,TRUE,TRUE
5107297,São José do Povo,resto_mt,Demais MT,FALSE,2024,0,0,0,,0,0,,FALSE,182000,64000,0,118000,1,0,0,0,0,0,FALSE,TRUE,TRUE
5107305,São José do Rio Claro,resto_mt,Demais MT,FALSE,2000,1106334,0,1106334,0.6924,2,8,80.8,FALSE,,,,,3,0,0,0,0,0,FALSE,TRUE,TRUE
5107305,São José do Rio Claro,resto_mt,Demais MT,FALSE,2001,1627067,282997,1344070,0.7492,1,6,100,FALSE,,,,,3,0,0,0,0,0,FALSE,TRUE,TRUE
5107305,São José do Rio Claro,resto_mt,Demais MT,FALSE,2002,1022431,0,1022431,0.5518,1,8,100,FALSE,3795895,3795895,0,0,3,0,0,0,0,0,FALSE,TRUE,TRUE
5107305,São José do Rio Claro,resto_mt,Demais MT,FALSE,2003,1996953,0,1996953,0.6083,3,9,97.3,FALSE,2904446,2904446,0,0,3,0,0,0,0,0,FALSE,TRUE,TRUE
5107305,São José do Rio Claro,resto_mt,Demais MT,FALSE,2004,927694,0,927694,0.5101,2,7,93.1,FALSE,3109786,3109786,0,0,3,0,0,0,0,0,FALSE,TRUE,TRUE
5107305,São José do Rio Claro,resto_mt,Demais MT,FALSE,2005,3714401,0,3714401,0.3579,3,12,45.1,FALSE,7553212,7553212,0,0,3,0,0,0,0,0,FALSE,TRUE,TRUE
5107305,São José do Rio Claro,resto_mt,Demais MT,FALSE,2006,3450090,0,3450090,0.6636,7,11,51.6,FALSE,6896808,6896808,0,0,3,0,0,0,0,0,FALSE,TRUE,TRUE
5107305,São José do Rio Claro,resto_mt,Demais MT,FALSE,2007,5215960,17730,5198230,0.6013,4,11,35.1,FALSE,20445373,20445373,0,0,3,0,0,0,0,0,FALSE,TRUE,TRUE
5107305,São José do Rio Claro,resto_mt,Demais MT,FALSE,2008,37916256,0,37916256,0.3733,4,14,71.1,FALSE,964946,964946,0,0,2,0,0,0,0,0,FALSE,TRUE,TRUE
5107305,São José do Rio Claro,resto_mt,Demais MT,FALSE,2009,26175050,0,26175050,0.2414,5,18,61.2,FALSE,2166498,2166498,0,0,2,0,0,0,0,0,FALSE,TRUE,TRUE
5107305,São José do Rio Claro,resto_mt,Demais MT,FALSE,2010,21430873,0,21430873,0.3664,6,18,84.2,FALSE,5627558,5627558,0,0,2,0,0,0,0,0,FALSE,TRUE,TRUE
5107305,São José do Rio Claro,resto_mt,Demais MT,FALSE,2011,35640499,0,35640499,0.4382,4,23,75.2,FALSE,3634563,3634563,0,0,2,0,0,0,0,0,FALSE,TRUE,TRUE
5107305,São José do Rio Claro,resto_mt,Demais MT,FALSE,2012,52535543,0,52535543,0.4447,5,26,67.3,FALSE,1684754,1684754,0,0,2,0,0,0,0,0,FALSE,TRUE,TRUE
5107305,São José do Rio Claro,resto_mt,Demais MT,FALSE,2013,66427334,890051,65537283,0.3862,6,29,65.1,FALSE,2461768,1778047,501643,182078,2,0,0,0,0,0,FALSE,TRUE,TRUE
5107305,São José do Rio Claro,resto_mt,Demais MT,FALSE,2014,44550239,12324,44537915,0.3678,6,21,70.4,FALSE,5804957,1414947,4223854,166156,2,0,0,0,0,0,FALSE,TRUE,TRUE
5107305,São José do Rio Claro,resto_mt,Demais MT,FALSE,2015,33164078,8148,33155930,0.2554,7,30,46,FALSE,7102847,1809112,5138129,155606,2,0,0,0,0,0,FALSE,TRUE,TRUE
5107305,São José do Rio Claro,resto_mt,Demais MT,FALSE,2016,40241187,8242,40232945,0.2853,6,24,63.4,FALSE,10506027,5806040,4636573,63414,2,0,0,0,0,0,FALSE,TRUE,TRUE
5107305,São José do Rio Claro,resto_mt,Demais MT,FALSE,2017,49937223,24547,49912676,0.3232,4,21,76.4,FALSE,7159316,3271179,3888137,0,2,0,0,0,0,0,FALSE,TRUE,TRUE
5107305,São José do Rio Claro,resto_mt,Demais MT,FALSE,2018,30882085,47370,30834715,0.2624,4,15,44.7,FALSE,7810078,3133251,4676827,0,2,0,0,0,0,0,FALSE,TRUE,TRUE
5107305,São José do Rio Claro,resto_mt,Demais MT,FALSE,2019,64314465,32180,64282285,0.2722,3,27,69.1,FALSE,6817285,1889159,4928126,0,2,0,0,0,0,0,FALSE,TRUE,TRUE
5107305,São José do Rio Claro,resto_mt,Demais MT,FALSE,2020,53521199,30835,53490364,0.2937,4,23,65.2,FALSE,6978615,3311799,3666816,0,2,0,0,0,0,0,FALSE,TRUE,TRUE
5107305,São José do Rio Claro,resto_mt,Demais MT,FALSE,2021,70249488,27371,70222117,0.3652,13,24,78.9,FALSE,5513169,2184550,3328619,0,2,0,0,0,0,0,FALSE,TRUE,TRUE
5107305,São José do Rio Claro,resto_mt,Demais MT,FALSE,2022,82245398,178630,82066768,0.4967,6,30,60.9,FALSE,4315649,1002856,3312793,0,2,0,0,0,0,0,FALSE,TRUE,TRUE
5107305,São José do Rio Claro,resto_mt,Demais MT,FALSE,2023,151558938,61877,151497061,0.4545,4,30,59.5,FALSE,1175498,704042,416977,54479,2,0,0,0,0,0,FALSE,TRUE,TRUE
5107305,São José do Rio Claro,resto_mt,Demais MT,FALSE,2024,133125024,341830,132783194,0.4595,4,30,43.5,FALSE,7326000,4631000,2380000,315000,2,0,0,0,0,0,FALSE,TRUE,TRUE
5107354,São José do Xingu,resto_mt,Demais MT,FALSE,2000,0,0,0,,0,0,,FALSE,,,,,2,0,0,2,133149.19133516026,133149.19133516026,FALSE,TRUE,TRUE
5107354,São José do Xingu,resto_mt,Demais MT,FALSE,2001,0,0,0,,0,0,,FALSE,,,,,2,0,0,2,133149.19133516026,133149.19133516026,FALSE,TRUE,TRUE
5107354,São José do Xingu,resto_mt,Demais MT,FALSE,2002,0,0,0,,0,0,,FALSE,673129,673129,0,0,2,0,0,2,133149.19133516026,133149.19133516026,FALSE,TRUE,TRUE
5107354,São José do Xingu,resto_mt,Demais MT,FALSE,2003,0,0,0,,0,0,,FALSE,650671,650671,0,0,2,0,0,2,133149.19133516026,133149.19133516026,FALSE,TRUE,TRUE
5107354,São José do Xingu,resto_mt,Demais MT,FALSE,2004,0,0,0,,0,0,,FALSE,719693,719693,0,0,2,0,0,2,133149.19133516026,133149.19133516026,FALSE,TRUE,TRUE
5107354,São José do Xingu,resto_mt,Demais MT,FALSE,2005,0,0,0,,0,0,,FALSE,569522,569522,0,0,2,0,0,2,133149.19133516026,133149.19133516026,FALSE,TRUE,TRUE
5107354,São José do Xingu,resto_mt,Demais MT,FALSE,2006,0,0,0,,0,0,,FALSE,625237,625237,0,0,2,0,0,2,133149.19133516026,133149.19133516026,FALSE,TRUE,TRUE
5107354,São José do Xingu,resto_mt,Demais MT,FALSE,2007,0,0,0,,0,0,,FALSE,651957,651957,0,0,2,0,0,2,133149.19133516026,133149.19133516026,FALSE,TRUE,TRUE
5107354,São José do Xingu,resto_mt,Demais MT,FALSE,2008,0,0,0,,0,0,,FALSE,891473,891473,0,0,2,0,0,2,133149.19133516026,133149.19133516026,FALSE,TRUE,TRUE
5107354,São José do Xingu,resto_mt,Demais MT,FALSE,2009,0,0,0,,0,0,,FALSE,1441980,1441980,0,0,2,0,0,2,133149.19133516026,133149.19133516026,FALSE,TRUE,TRUE
5107354,São José do Xingu,resto_mt,Demais MT,FALSE,2010,0,0,0,,0,0,,FALSE,4209069,4209069,0,0,2,0,0,2,133149.19133516026,133149.19133516026,FALSE,TRUE,TRUE
5107354,São José do Xingu,resto_mt,Demais MT,FALSE,2011,13178375,0,13178375,0.4683,1,2,100,FALSE,1691269,1691269,0,0,2,0,0,2,133149.19133516026,133149.19133516026,FALSE,TRUE,TRUE
5107354,São José do Xingu,resto_mt,Demais MT,FALSE,2012,25227924,0,25227924,0.5104,2,5,91.8,FALSE,535434,535434,0,0,2,0,0,2,133149.19133516026,133149.19133516026,FALSE,TRUE,TRUE
5107354,São José do Xingu,resto_mt,Demais MT,FALSE,2013,20857214,0,20857214,0.5004,2,9,90.4,FALSE,3595111,2753465,0,841646,2,0,0,2,133149.19133516026,133149.19133516026,FALSE,TRUE,TRUE
5107354,São José do Xingu,resto_mt,Demais MT,FALSE,2014,11857430,0,11857430,0.498,1,6,100,FALSE,1360728,73458,0,1287270,2,0,0,2,133149.19133516026,133149.19133516026,FALSE,TRUE,TRUE
5107354,São José do Xingu,resto_mt,Demais MT,FALSE,2015,23333786,0,23333786,0.3792,1,5,100,FALSE,1240130,72302,0,1167828,2,0,0,2,133149.19133516026,133149.19133516026,FALSE,TRUE,TRUE
5107354,São José do Xingu,resto_mt,Demais MT,FALSE,2016,28138172,0,28138172,0.4297,2,7,98.8,FALSE,1622211,57515,0,1564696,2,0,0,2,133149.19133516026,133149.19133516026,FALSE,TRUE,TRUE
5107354,São José do Xingu,resto_mt,Demais MT,FALSE,2017,55482692,0,55482692,0.2889,2,22,78.5,FALSE,1700609,43346,0,1657263,2,0,0,2,133149.19133516026,133149.19133516026,FALSE,TRUE,TRUE
5107354,São José do Xingu,resto_mt,Demais MT,FALSE,2018,39778642,0,39778642,0.3237,2,13,85.5,FALSE,1584086,51685,0,1532401,2,0,0,2,133149.19133516026,133149.19133516026,FALSE,TRUE,TRUE
5107354,São José do Xingu,resto_mt,Demais MT,FALSE,2019,72943729,0,72943729,0.2632,3,24,69.4,FALSE,1574968,50805,0,1524163,2,0,0,2,133149.19133516026,133149.19133516026,FALSE,TRUE,TRUE
5107354,São José do Xingu,resto_mt,Demais MT,FALSE,2020,76233918,0,76233918,0.2757,2,17,75.1,FALSE,2005845,371500,0,1634345,2,0,0,2,133149.19133516026,133149.19133516026,FALSE,TRUE,TRUE
5107354,São José do Xingu,resto_mt,Demais MT,FALSE,2021,115513103,0,115513103,0.3514,2,19,70.3,FALSE,3398829,912723,0,2486106,2,0,0,2,133149.19133516026,133149.19133516026,FALSE,TRUE,TRUE
5107354,São José do Xingu,resto_mt,Demais MT,FALSE,2022,187297620,0,187297620,0.4421,2,27,69.4,FALSE,3033558,1647161,0,1386397,2,0,0,2,133149.19133516026,133149.19133516026,FALSE,TRUE,TRUE
5107354,São José do Xingu,resto_mt,Demais MT,FALSE,2023,235003493,0,235003493,0.4197,2,24,78.6,FALSE,2859123,1044539,0,1814584,2,0,0,2,133149.19133516026,133149.19133516026,FALSE,TRUE,TRUE
5107354,São José do Xingu,resto_mt,Demais MT,FALSE,2024,166423147,0,166423147,0.3323,2,22,75.5,FALSE,2710000,616000,0,2094000,2,0,0,2,133149.19133516026,133149.19133516026,FALSE,TRUE,TRUE
5107404,São Pedro da Cipa,resto_mt,Demais MT,FALSE,2000,0,0,0,,0,0,,FALSE,,,,,2,0,0,0,0,0,FALSE,TRUE,TRUE
5107404,São Pedro da Cipa,resto_mt,Demais MT,FALSE,2001,0,0,0,,0,0,,FALSE,,,,,2,0,0,0,0,0,FALSE,TRUE,TRUE
5107404,São Pedro da Cipa,resto_mt,Demais MT,FALSE,2002,0,0,0,,0,0,,FALSE,149199,149199,0,0,2,0,0,0,0,0,FALSE,TRUE,TRUE
5107404,São Pedro da Cipa,resto_mt,Demais MT,FALSE,2003,0,0,0,,0,0,,FALSE,201174,201174,0,0,2,0,0,0,0,0,FALSE,TRUE,TRUE
5107404,São Pedro da Cipa,resto_mt,Demais MT,FALSE,2004,0,0,0,,0,0,,FALSE,162894,162894,0,0,2,0,0,0,0,0,FALSE,TRUE,TRUE
5107404,São Pedro da Cipa,resto_mt,Demais MT,FALSE,2005,0,0,0,,0,0,,FALSE,205817,205817,0,0,2,0,0,0,0,0,FALSE,TRUE,TRUE
5107404,São Pedro da Cipa,resto_mt,Demais MT,FALSE,2006,0,0,0,,0,0,,FALSE,233093,233093,0,0,2,0,0,0,0,0,FALSE,TRUE,TRUE
5107404,São Pedro da Cipa,resto_mt,Demais MT,FALSE,2007,0,0,0,,0,0,,FALSE,219058,219058,0,0,2,0,0,0,0,0,FALSE,TRUE,TRUE
5107404,São Pedro da Cipa,resto_mt,Demais MT,FALSE,2008,0,0,0,,0,0,,FALSE,171437,171437,0,0,2,0,0,0,0,0,FALSE,TRUE,TRUE
5107404,São Pedro da Cipa,resto_mt,Demais MT,FALSE,2009,0,0,0,,0,0,,FALSE,183482,183482,0,0,2,0,0,0,0,0,FALSE,TRUE,TRUE
5107404,São Pedro da Cipa,resto_mt,Demais MT,FALSE,2010,0,0,0,,0,0,,FALSE,198854,198854,0,0,2,0,0,0,0,0,FALSE,TRUE,TRUE
5107404,São Pedro da Cipa,resto_mt,Demais MT,FALSE,2011,0,0,0,,0,0,,FALSE,112474,112474,0,0,1,0,0,0,0,0,FALSE,TRUE,TRUE
5107404,São Pedro da Cipa,resto_mt,Demais MT,FALSE,2012,0,0,0,,0,0,,FALSE,113755,113755,0,0,1,0,0,0,0,0,FALSE,TRUE,TRUE
5107404,São Pedro da Cipa,resto_mt,Demais MT,FALSE,2013,0,0,0,,0,0,,FALSE,98471,98471,0,0,1,0,0,0,0,0,FALSE,TRUE,TRUE
5107404,São Pedro da Cipa,resto_mt,Demais MT,FALSE,2014,0,0,0,,0,0,,FALSE,108438,108438,0,0,1,0,0,0,0,0,FALSE,TRUE,TRUE
5107404,São Pedro da Cipa,resto_mt,Demais MT,FALSE,2015,0,0,0,,0,0,,FALSE,102165,102165,0,0,1,0,0,0,0,0,FALSE,TRUE,TRUE
5107404,São Pedro da Cipa,resto_mt,Demais MT,FALSE,2016,0,0,0,,0,0,,FALSE,157797,157797,0,0,1,0,0,0,0,0,FALSE,TRUE,TRUE
5107404,São Pedro da Cipa,resto_mt,Demais MT,FALSE,2017,0,0,0,,0,0,,FALSE,200836,195057,0,5779,1,0,0,0,0,0,FALSE,TRUE,TRUE
5107404,São Pedro da Cipa,resto_mt,Demais MT,FALSE,2018,0,0,0,,0,0,,FALSE,230488,208138,0,22350,1,0,0,0,0,0,FALSE,TRUE,TRUE
5107404,São Pedro da Cipa,resto_mt,Demais MT,FALSE,2019,0,0,0,,0,0,,FALSE,18718,0,0,18718,0,0,0,0,0,0,FALSE,TRUE,TRUE
5107404,São Pedro da Cipa,resto_mt,Demais MT,FALSE,2020,0,0,0,,0,0,,FALSE,30430,0,0,30430,0,0,0,0,0,0,FALSE,TRUE,TRUE
5107404,São Pedro da Cipa,resto_mt,Demais MT,FALSE,2021,0,0,0,,0,0,,FALSE,84021,84021,0,0,1,0,0,0,0,0,FALSE,TRUE,TRUE
5107404,São Pedro da Cipa,resto_mt,Demais MT,FALSE,2022,0,0,0,,0,0,,FALSE,112998,77143,0,35855,1,0,0,0,0,0,FALSE,TRUE,TRUE
5107404,São Pedro da Cipa,resto_mt,Demais MT,FALSE,2023,0,0,0,,0,0,,FALSE,386594,84862,0,301732,1,0,0,0,0,0,FALSE,TRUE,TRUE
5107404,São Pedro da Cipa,resto_mt,Demais MT,FALSE,2024,0,0,0,,0,0,,FALSE,161000,68000,0,93000,1,0,0,0,0,0,FALSE,TRUE,TRUE
5107578,Rondolândia,resto_mt,Demais MT,FALSE,2000,253376,0,253376,0.448,1,1,100,FALSE,,,,,,2,5485.866022122342,7,618011.1808916804,623497.0469138027,FALSE,TRUE,TRUE
5107578,Rondolândia,resto_mt,Demais MT,FALSE,2001,2456183,0,2456183,0.4662,1,5,100,FALSE,,,,,2,2,5485.866022122342,7,618011.1808916804,623497.0469138027,FALSE,TRUE,TRUE
5107578,Rondolândia,resto_mt,Demais MT,FALSE,2002,2026676,0,2026676,0.4512,2,12,99.4,FALSE,3032552,3032552,0,0,2,2,5485.866022122342,7,618011.1808916804,623497.0469138027,FALSE,TRUE,TRUE
5107578,Rondolândia,resto_mt,Demais MT,FALSE,2003,1539841,0,1539841,0.4194,1,14,100,FALSE,7292548,7292548,0,0,4,2,5485.866022122342,7,618011.1808916804,623497.0469138027,FALSE,TRUE,TRUE
5107578,Rondolândia,resto_mt,Demais MT,FALSE,2004,937659,0,937659,0.709,1,8,100,FALSE,7478294,7478294,0,0,5,2,5485.866022122342,7,618011.1808916804,623497.0469138027,FALSE,TRUE,TRUE
5107578,Rondolândia,resto_mt,Demais MT,FALSE,2005,649217,0,649217,0.6717,3,6,50.4,FALSE,2901178,2901178,0,0,5,2,5485.866022122342,7,618011.1808916804,623497.0469138027,FALSE,TRUE,TRUE
5107578,Rondolândia,resto_mt,Demais MT,FALSE,2006,320441,0,320441,0.6792,3,3,44.3,FALSE,28017768,28017768,0,0,5,2,5485.866022122342,7,618011.1808916804,623497.0469138027,FALSE,TRUE,TRUE
5107578,Rondolândia,resto_mt,Demais MT,FALSE,2007,438808,0,438808,0.8627,3,5,86,FALSE,12924396,12924396,0,0,5,2,5485.866022122342,7,618011.1808916804,623497.0469138027,FALSE,TRUE,TRUE
5107578,Rondolândia,resto_mt,Demais MT,FALSE,2008,223881,0,223881,0.9144,2,4,81.2,FALSE,22570931,22570931,0,0,5,2,5485.866022122342,7,618011.1808916804,623497.0469138027,FALSE,TRUE,TRUE
5107578,Rondolândia,resto_mt,Demais MT,FALSE,2009,159505,0,159505,0.9903,1,2,100,FALSE,18214113,18214113,0,0,5,2,5485.866022122342,7,618011.1808916804,623497.0469138027,FALSE,TRUE,TRUE
5107578,Rondolândia,resto_mt,Demais MT,FALSE,2010,127030,0,127030,0.8584,1,3,100,FALSE,13661246,13661246,0,0,5,2,5485.866022122342,7,618011.1808916804,623497.0469138027,FALSE,TRUE,TRUE
5107578,Rondolândia,resto_mt,Demais MT,FALSE,2011,0,0,0,,0,0,,FALSE,3713711,3713711,0,0,5,2,5485.866022122342,7,618011.1808916804,623497.0469138027,FALSE,TRUE,TRUE
5107578,Rondolândia,resto_mt,Demais MT,FALSE,2012,0,0,0,,0,0,,FALSE,5524973,5524973,0,0,5,2,5485.866022122342,7,618011.1808916804,623497.0469138027,FALSE,TRUE,TRUE
5107578,Rondolândia,resto_mt,Demais MT,FALSE,2013,0,0,0,,0,0,,FALSE,4739602,4670858,0,68744,5,2,5485.866022122342,7,618011.1808916804,623497.0469138027,FALSE,TRUE,TRUE
5107578,Rondolândia,resto_mt,Demais MT,FALSE,2014,0,0,0,,0,0,,FALSE,31093863,31044891,0,48972,4,2,5485.866022122342,7,618011.1808916804,623497.0469138027,FALSE,TRUE,TRUE
5107578,Rondolândia,resto_mt,Demais MT,FALSE,2015,0,0,0,,0,0,,FALSE,24216320,24169167,0,47153,4,2,5485.866022122342,7,618011.1808916804,623497.0469138027,FALSE,TRUE,TRUE
5107578,Rondolândia,resto_mt,Demais MT,FALSE,2016,0,0,0,,0,0,,FALSE,19330853,19264490,0,66363,4,2,5485.866022122342,7,618011.1808916804,623497.0469138027,FALSE,TRUE,TRUE
5107578,Rondolândia,resto_mt,Demais MT,FALSE,2017,0,0,0,,0,0,,FALSE,13655439,13636656,0,18783,4,2,5485.866022122342,7,618011.1808916804,623497.0469138027,FALSE,TRUE,TRUE
5107578,Rondolândia,resto_mt,Demais MT,FALSE,2018,0,0,0,,0,0,,FALSE,8806069,8771146,0,34923,4,2,5485.866022122342,7,618011.1808916804,623497.0469138027,FALSE,TRUE,TRUE
5107578,Rondolândia,resto_mt,Demais MT,FALSE,2019,0,0,0,,0,0,,FALSE,7187631,7147521,0,40110,4,2,5485.866022122342,7,618011.1808916804,623497.0469138027,FALSE,TRUE,TRUE
5107578,Rondolândia,resto_mt,Demais MT,FALSE,2020,0,0,0,,0,0,,FALSE,5624481,5586443,0,38038,4,2,5485.866022122342,7,618011.1808916804,623497.0469138027,FALSE,TRUE,TRUE
5107578,Rondolândia,resto_mt,Demais MT,FALSE,2021,0,0,0,,0,0,,FALSE,6669899,6635370,0,34529,4,2,5485.866022122342,7,618011.1808916804,623497.0469138027,FALSE,TRUE,TRUE
5107578,Rondolândia,resto_mt,Demais MT,FALSE,2022,0,0,0,,0,0,,FALSE,8205383,8197777,0,7606,4,2,5485.866022122342,7,618011.1808916804,623497.0469138027,FALSE,TRUE,TRUE
5107578,Rondolândia,resto_mt,Demais MT,FALSE,2023,0,0,0,,0,0,,FALSE,4383500,4376166,0,7334,4,2,5485.866022122342,7,618011.1808916804,623497.0469138027,FALSE,TRUE,TRUE
5107578,Rondolândia,resto_mt,Demais MT,FALSE,2024,0,0,0,,0,0,,FALSE,5727000,5717000,0,10000,4,2,5485.866022122342,7,618011.1808916804,623497.0469138027,FALSE,TRUE,TRUE
5107602,Rondonópolis,pantanal_norte,Pantanal-13,TRUE,2000,114050323,28059932,85990391,0.2002,9,26,66.5,FALSE,,,,,2,1,6428.423849748266,1,9533.027352989451,15961.451202737717,TRUE,TRUE,TRUE
5107602,Rondonópolis,pantanal_norte,Pantanal-13,TRUE,2001,177240280,50729261,126511019,0.2047,11,36,46.3,FALSE,,,,,2,1,6428.423849748266,1,9533.027352989451,15961.451202737717,TRUE,TRUE,TRUE
5107602,Rondonópolis,pantanal_norte,Pantanal-13,TRUE,2002,190590665,94119367,96471298,0.1984,9,33,54.4,FALSE,1169302,1169302,0,0,3,1,6428.423849748266,1,9533.027352989451,15961.451202737717,TRUE,TRUE,TRUE
5107602,Rondonópolis,pantanal_norte,Pantanal-13,TRUE,2003,234956396,122827361,112129035,0.2442,9,43,59.1,FALSE,1559097,1559097,0,0,3,1,6428.423849748266,1,9533.027352989451,15961.451202737717,TRUE,TRUE,TRUE
5107602,Rondonópolis,pantanal_norte,Pantanal-13,TRUE,2004,351698918,234624699,117074219,0.3336,11,53,42.9,FALSE,426485,426485,0,0,2,1,6428.423849748266,1,9533.027352989451,15961.451202737717,TRUE,TRUE,TRUE
5107602,Rondonópolis,pantanal_norte,Pantanal-13,TRUE,2005,945526866,216557452,728969414,0.2621,12,52,38.2,FALSE,826088,826088,0,0,3,1,6428.423849748266,1,9533.027352989451,15961.451202737717,TRUE,TRUE,TRUE
5107602,Rondonópolis,pantanal_norte,Pantanal-13,TRUE,2006,671136700,218714682,452422018,0.2449,15,56,47.7,FALSE,825423,825423,0,0,3,1,6428.423849748266,1,9533.027352989451,15961.451202737717,TRUE,TRUE,TRUE
5107602,Rondonópolis,pantanal_norte,Pantanal-13,TRUE,2007,642739974,424675821,218064153,0.2957,16,52,43.2,FALSE,1556873,1556873,0,0,2,1,6428.423849748266,1,9533.027352989451,15961.451202737717,TRUE,TRUE,TRUE
5107602,Rondonópolis,pantanal_norte,Pantanal-13,TRUE,2008,846031157,670828038,175203119,0.4259,16,61,53.7,FALSE,4501451,4501451,0,0,2,1,6428.423849748266,1,9533.027352989451,15961.451202737717,TRUE,TRUE,TRUE
5107602,Rondonópolis,pantanal_norte,Pantanal-13,TRUE,2009,1118441116,458743625,659697491,0.3797,23,62,53.1,FALSE,5276282,5276282,0,0,2,1,6428.423849748266,1,9533.027352989451,15961.451202737717,TRUE,TRUE,TRUE
5107602,Rondonópolis,pantanal_norte,Pantanal-13,TRUE,2010,1122783672,469050544,653733128,0.3612,25,55,47.5,FALSE,7010696,7010696,0,0,2,1,6428.423849748266,1,9533.027352989451,15961.451202737717,TRUE,TRUE,TRUE
5107602,Rondonópolis,pantanal_norte,Pantanal-13,TRUE,2011,1084317451,959001292,125316159,0.4738,34,63,51.9,FALSE,7356605,7356605,0,0,1,1,6428.423849748266,1,9533.027352989451,15961.451202737717,TRUE,TRUE,TRUE
5107602,Rondonópolis,pantanal_norte,Pantanal-13,TRUE,2012,1216572642,859721557,356851085,0.5658,13,70,51.6,FALSE,8661086,8661086,0,0,1,1,6428.423849748266,1,9533.027352989451,15961.451202737717,TRUE,TRUE,TRUE
5107602,Rondonópolis,pantanal_norte,Pantanal-13,TRUE,2013,1047066526,930745653,116320873,0.5202,16,65,65.8,FALSE,13224808,4875231,5475346,2874231,1,1,6428.423849748266,1,9533.027352989451,15961.451202737717,TRUE,TRUE,TRUE
5107602,Rondonópolis,pantanal_norte,Pantanal-13,TRUE,2014,1312557367,803507923,509049444,0.5222,17,69,57,FALSE,16995110,4682094,5058131,7254885,1,1,6428.423849748266,1,9533.027352989451,15961.451202737717,TRUE,TRUE,TRUE
5107602,Rondonópolis,pantanal_norte,Pantanal-13,TRUE,2015,1280628191,551510765,729117426,0.3945,22,65,61.5,FALSE,16351164,4908650,4908650,6533864,1,1,6428.423849748266,1,9533.027352989451,15961.451202737717,TRUE,TRUE,TRUE
5107602,Rondonópolis,pantanal_norte,Pantanal-13,TRUE,2016,964739598,652433196,312306402,0.3699,24,63,68.4,FALSE,20077071,6870800,6193896,7012375,1,1,6428.423849748266,1,9533.027352989451,15961.451202737717,TRUE,TRUE,TRUE
5107602,Rondonópolis,pantanal_norte,Pantanal-13,TRUE,2017,1021069527,668947359,352122168,0.3624,21,54,71.2,FALSE,21196201,8784792,8091256,4320153,1,1,6428.423849748266,1,9533.027352989451,15961.451202737717,TRUE,TRUE,TRUE
5107602,Rondonópolis,pantanal_norte,Pantanal-13,TRUE,2018,1335950553,631559851,704390702,0.3642,26,60,64.9,FALSE,9599509,698451,5447917,3453141,1,1,6428.423849748266,1,9533.027352989451,15961.451202737717,TRUE,TRUE,TRUE
5107602,Rondonópolis,pantanal_norte,Pantanal-13,TRUE,2019,1569423264,881941468,687481796,0.3323,20,67,57.4,FALSE,11110344,1123067,6083281,3903996,1,1,6428.423849748266,1,9533.027352989451,15961.451202737717,TRUE,TRUE,TRUE
5107602,Rondonópolis,pantanal_norte,Pantanal-13,TRUE,2020,1777581396,718739623,1058841773,0.369,34,64,51,FALSE,11553261,1030817,5274535,5247909,1,1,6428.423849748266,1,9533.027352989451,15961.451202737717,TRUE,TRUE,TRUE
5107602,Rondonópolis,pantanal_norte,Pantanal-13,TRUE,2021,2169920129,1319349099,850571030,0.4703,36,61,49.6,FALSE,12307375,1666612,8287019,2353744,1,1,6428.423849748266,1,9533.027352989451,15961.451202737717,TRUE,TRUE,TRUE
5107602,Rondonópolis,pantanal_norte,Pantanal-13,TRUE,2022,2971665812,2515296084,456369728,0.5481,32,67,48.9,FALSE,13038213,1512433,8419426,3106354,1,1,6428.423849748266,1,9533.027352989451,15961.451202737717,TRUE,TRUE,TRUE
5107602,Rondonópolis,pantanal_norte,Pantanal-13,TRUE,2023,3002536503,1114975549,1887560954,0.4973,34,68,50.6,FALSE,76763628,1634383,70628405,4500840,1,1,6428.423849748266,1,9533.027352989451,15961.451202737717,TRUE,TRUE,TRUE
5107602,Rondonópolis,pantanal_norte,Pantanal-13,TRUE,2024,2975952437,961656435,2014296002,0.4426,33,67,47.2,FALSE,45339000,1260000,38500000,5579000,1,1,6428.423849748266,1,9533.027352989451,15961.451202737717,TRUE,TRUE,TRUE
5107701,Rosário Oeste,resto_mt,Demais MT,FALSE,2000,0,9366,-9366,,0,0,,FALSE,,,,,2,2,273199.253926834,0,0,273199.253926834,FALSE,TRUE,TRUE
5107701,Rosário Oeste,resto_mt,Demais MT,FALSE,2001,0,0,0,,0,0,,FALSE,,,,,2,2,273199.253926834,0,0,273199.253926834,FALSE,TRUE,TRUE
5107701,Rosário Oeste,resto_mt,Demais MT,FALSE,2002,0,0,0,,0,0,,FALSE,551689,551689,0,0,2,2,273199.253926834,0,0,273199.253926834,FALSE,TRUE,TRUE
5107701,Rosário Oeste,resto_mt,Demais MT,FALSE,2003,0,0,0,,0,0,,FALSE,392917,392917,0,0,2,2,273199.253926834,0,0,273199.253926834,FALSE,TRUE,TRUE
5107701,Rosário Oeste,resto_mt,Demais MT,FALSE,2004,0,0,0,,0,0,,FALSE,740425,740425,0,0,3,2,273199.253926834,0,0,273199.253926834,FALSE,TRUE,TRUE
5107701,Rosário Oeste,resto_mt,Demais MT,FALSE,2005,0,0,0,,0,0,,FALSE,735867,735867,0,0,2,2,273199.253926834,0,0,273199.253926834,FALSE,TRUE,TRUE
5107701,Rosário Oeste,resto_mt,Demais MT,FALSE,2006,369670,0,369670,0.2043,1,2,100,FALSE,1058516,1058516,0,0,2,2,273199.253926834,0,0,273199.253926834,FALSE,TRUE,TRUE
5107701,Rosário Oeste,resto_mt,Demais MT,FALSE,2007,4184809,0,4184809,0.3059,2,6,75.7,FALSE,797995,797995,0,0,2,2,273199.253926834,0,0,273199.253926834,FALSE,TRUE,TRUE
5107701,Rosário Oeste,resto_mt,Demais MT,FALSE,2008,3543144,0,3543144,0.3683,1,4,100,FALSE,827797,827797,0,0,2,2,273199.253926834,0,0,273199.253926834,FALSE,TRUE,TRUE
5107701,Rosário Oeste,resto_mt,Demais MT,FALSE,2009,232520,0,232520,0.2541,1,3,100,FALSE,886829,886829,0,0,2,2,273199.253926834,0,0,273199.253926834,FALSE,TRUE,TRUE
5107701,Rosário Oeste,resto_mt,Demais MT,FALSE,2010,5036386,1115,5035271,0.3135,2,7,63.3,FALSE,1186493,1186493,0,0,2,2,273199.253926834,0,0,273199.253926834,FALSE,TRUE,TRUE
5107701,Rosário Oeste,resto_mt,Demais MT,FALSE,2011,8828499,24647,8803852,0.3439,2,6,60.2,FALSE,468640,468640,0,0,1,2,273199.253926834,0,0,273199.253926834,FALSE,TRUE,TRUE
5107701,Rosário Oeste,resto_mt,Demais MT,FALSE,2012,4632376,0,4632376,0.3303,1,3,100,FALSE,370685,370685,0,0,1,2,273199.253926834,0,0,273199.253926834,FALSE,TRUE,TRUE
5107701,Rosário Oeste,resto_mt,Demais MT,FALSE,2013,3862749,1172,3861577,0.2505,1,4,100,FALSE,6023438,377162,0,5646276,1,2,273199.253926834,0,0,273199.253926834,FALSE,TRUE,TRUE
5107701,Rosário Oeste,resto_mt,Demais MT,FALSE,2014,3529091,0,3529091,0.3652,1,3,100,FALSE,72412427,337559,14633949,57440919,1,2,273199.253926834,0,0,273199.253926834,FALSE,TRUE,TRUE
5107701,Rosário Oeste,resto_mt,Demais MT,FALSE,2015,11067888,11597,11056291,0.3714,2,3,99.2,FALSE,82480406,317498,58793774,23369134,1,2,273199.253926834,0,0,273199.253926834,FALSE,TRUE,TRUE
5107701,Rosário Oeste,resto_mt,Demais MT,FALSE,2016,13096330,0,13096330,0.324,1,4,100,FALSE,92020644,269877,83681006,8069761,1,2,273199.253926834,0,0,273199.253926834,FALSE,TRUE,TRUE
5107701,Rosário Oeste,resto_mt,Demais MT,FALSE,2017,4834413,4000,4830413,0.3205,1,5,100,FALSE,2301674,273080,132928,1895666,1,2,273199.253926834,0,0,273199.253926834,FALSE,TRUE,TRUE
5107701,Rosário Oeste,resto_mt,Demais MT,FALSE,2018,8256979,10478,8246501,0.2273,1,2,100,FALSE,48172155,273793,44346041,3552321,1,2,273199.253926834,0,0,273199.253926834,FALSE,TRUE,TRUE
5107701,Rosário Oeste,resto_mt,Demais MT,FALSE,2019,14667940,0,14667940,0.248,1,7,100,FALSE,39088087,296811,35194787,3596489,1,2,273199.253926834,0,0,273199.253926834,FALSE,TRUE,TRUE
5107701,Rosário Oeste,resto_mt,Demais MT,FALSE,2020,12150350,12600,12137750,0.2565,1,6,100,FALSE,23441251,401930,20470521,2568800,1,2,273199.253926834,0,0,273199.253926834,FALSE,TRUE,TRUE
5107701,Rosário Oeste,resto_mt,Demais MT,FALSE,2021,14231024,0,14231024,0.2766,2,8,99,FALSE,9977801,466145,6675654,2836002,1,2,273199.253926834,0,0,273199.253926834,FALSE,TRUE,TRUE
5107701,Rosário Oeste,resto_mt,Demais MT,FALSE,2022,17102085,0,17102085,0.3276,1,10,100,FALSE,11477974,468289,7892465,3117220,2,2,273199.253926834,0,0,273199.253926834,FALSE,TRUE,TRUE
5107701,Rosário Oeste,resto_mt,Demais MT,FALSE,2023,20826256,0,20826256,0.301,1,7,100,FALSE,12203394,413834,6345807,5443753,2,2,273199.253926834,0,0,273199.253926834,FALSE,TRUE,TRUE
5107701,Rosário Oeste,resto_mt,Demais MT,FALSE,2024,31300095,0,31300095,0.3051,1,7,100,FALSE,8598000,30000,2117000,6451000,1,2,273199.253926834,0,0,273199.253926834,FALSE,TRUE,TRUE
5107743,Santa Cruz do Xingu,resto_mt,Demais MT,FALSE,2000,0,0,0,,0,0,,FALSE,,,,,,1,95125.59366727,1,55578.77577849729,150704.3694457673,FALSE,TRUE,TRUE
5107743,Santa Cruz do Xingu,resto_mt,Demais MT,FALSE,2001,0,0,0,,0,0,,FALSE,,,,,2,1,95125.59366727,1,55578.77577849729,150704.3694457673,FALSE,TRUE,TRUE
5107743,Santa Cruz do Xingu,resto_mt,Demais MT,FALSE,2002,0,0,0,,0,0,,FALSE,239412,239412,0,0,2,1,95125.59366727,1,55578.77577849729,150704.3694457673,FALSE,TRUE,TRUE
5107743,Santa Cruz do Xingu,resto_mt,Demais MT,FALSE,2003,0,0,0,,0,0,,FALSE,242037,242037,0,0,2,1,95125.59366727,1,55578.77577849729,150704.3694457673,FALSE,TRUE,TRUE
5107743,Santa Cruz do Xingu,resto_mt,Demais MT,FALSE,2004,0,0,0,,0,0,,FALSE,201396,201396,0,0,2,1,95125.59366727,1,55578.77577849729,150704.3694457673,FALSE,TRUE,TRUE
5107743,Santa Cruz do Xingu,resto_mt,Demais MT,FALSE,2005,0,0,0,,0,0,,FALSE,180443,180443,0,0,2,1,95125.59366727,1,55578.77577849729,150704.3694457673,FALSE,TRUE,TRUE
5107743,Santa Cruz do Xingu,resto_mt,Demais MT,FALSE,2006,2536246,0,2536246,0.2211,1,1,100,FALSE,178248,178248,0,0,2,1,95125.59366727,1,55578.77577849729,150704.3694457673,FALSE,TRUE,TRUE
5107743,Santa Cruz do Xingu,resto_mt,Demais MT,FALSE,2007,2734905,0,2734905,0.2763,1,1,100,FALSE,177332,177332,0,0,2,1,95125.59366727,1,55578.77577849729,150704.3694457673,FALSE,TRUE,TRUE
5107743,Santa Cruz do Xingu,resto_mt,Demais MT,FALSE,2008,5662231,0,5662231,0.4534,1,2,100,FALSE,347773,347773,0,0,3,1,95125.59366727,1,55578.77577849729,150704.3694457673,FALSE,TRUE,TRUE
5107743,Santa Cruz do Xingu,resto_mt,Demais MT,FALSE,2009,0,0,0,,0,0,,FALSE,444591,444591,0,0,2,1,95125.59366727,1,55578.77577849729,150704.3694457673,FALSE,TRUE,TRUE
5107743,Santa Cruz do Xingu,resto_mt,Demais MT,FALSE,2010,0,0,0,,0,0,,FALSE,353518,353518,0,0,2,1,95125.59366727,1,55578.77577849729,150704.3694457673,FALSE,TRUE,TRUE
5107743,Santa Cruz do Xingu,resto_mt,Demais MT,FALSE,2011,0,0,0,,0,0,,FALSE,262438,262438,0,0,2,1,95125.59366727,1,55578.77577849729,150704.3694457673,FALSE,TRUE,TRUE
5107743,Santa Cruz do Xingu,resto_mt,Demais MT,FALSE,2012,0,0,0,,0,0,,FALSE,137291,137291,0,0,3,1,95125.59366727,1,55578.77577849729,150704.3694457673,FALSE,TRUE,TRUE
5107743,Santa Cruz do Xingu,resto_mt,Demais MT,FALSE,2013,6548635,0,6548635,0.5556,1,3,100,FALSE,319566,70602,0,248964,2,1,95125.59366727,1,55578.77577849729,150704.3694457673,FALSE,TRUE,TRUE
5107743,Santa Cruz do Xingu,resto_mt,Demais MT,FALSE,2014,5126112,0,5126112,0.3848,2,8,78.9,FALSE,2188009,45474,0,2142535,2,1,95125.59366727,1,55578.77577849729,150704.3694457673,FALSE,TRUE,TRUE
5107743,Santa Cruz do Xingu,resto_mt,Demais MT,FALSE,2015,8069820,0,8069820,0.3006,2,7,79.8,FALSE,1565487,50297,0,1515190,2,1,95125.59366727,1,55578.77577849729,150704.3694457673,FALSE,TRUE,TRUE
5107743,Santa Cruz do Xingu,resto_mt,Demais MT,FALSE,2016,8410545,0,8410545,0.4129,2,4,100,FALSE,253655,101757,0,151898,2,1,95125.59366727,1,55578.77577849729,150704.3694457673,FALSE,TRUE,TRUE
5107743,Santa Cruz do Xingu,resto_mt,Demais MT,FALSE,2017,11069890,16383,11053507,0.3103,2,9,85.6,FALSE,241293,79468,0,161825,2,1,95125.59366727,1,55578.77577849729,150704.3694457673,FALSE,TRUE,TRUE
5107743,Santa Cruz do Xingu,resto_mt,Demais MT,FALSE,2018,3526264,27551,3498713,0.3771,2,6,99.3,FALSE,423261,270999,0,152262,2,1,95125.59366727,1,55578.77577849729,150704.3694457673,FALSE,TRUE,TRUE
5107743,Santa Cruz do Xingu,resto_mt,Demais MT,FALSE,2019,17998995,0,17998995,0.2972,2,12,85,FALSE,758070,602980,0,155090,2,1,95125.59366727,1,55578.77577849729,150704.3694457673,FALSE,TRUE,TRUE
5107743,Santa Cruz do Xingu,resto_mt,Demais MT,FALSE,2020,16284841,0,16284841,0.2966,2,13,81.6,FALSE,2643607,2469902,0,173705,2,1,95125.59366727,1,55578.77577849729,150704.3694457673,FALSE,TRUE,TRUE
5107743,Santa Cruz do Xingu,resto_mt,Demais MT,FALSE,2021,44214298,0,44214298,0.3746,2,13,72,FALSE,3147916,2916570,0,231346,2,1,95125.59366727,1,55578.77577849729,150704.3694457673,FALSE,TRUE,TRUE
5107743,Santa Cruz do Xingu,resto_mt,Demais MT,FALSE,2022,65542787,1174230,64368557,0.4815,2,19,73.9,FALSE,4342811,4178747,0,164064,2,1,95125.59366727,1,55578.77577849729,150704.3694457673,FALSE,TRUE,TRUE
5107743,Santa Cruz do Xingu,resto_mt,Demais MT,FALSE,2023,47425370,0,47425370,0.3969,2,20,69.5,FALSE,2934556,2731306,0,203250,2,1,95125.59366727,1,55578.77577849729,150704.3694457673,FALSE,TRUE,TRUE
5107743,Santa Cruz do Xingu,resto_mt,Demais MT,FALSE,2024,28125290,0,28125290,0.4039,2,13,91.4,FALSE,2089000,1865000,0,224000,2,1,95125.59366727,1,55578.77577849729,150704.3694457673,FALSE,TRUE,TRUE
5107750,Salto do Céu,resto_mt,Demais MT,FALSE,2000,0,0,0,,0,0,,FALSE,,,,,3,0,0,0,0,0,FALSE,TRUE,TRUE
5107750,Salto do Céu,resto_mt,Demais MT,FALSE,2001,0,0,0,,0,0,,FALSE,,,,,3,0,0,0,0,0,FALSE,TRUE,TRUE
5107750,Salto do Céu,resto_mt,Demais MT,FALSE,2002,0,0,0,,0,0,,FALSE,298398,298398,0,0,3,0,0,0,0,0,FALSE,TRUE,TRUE
5107750,Salto do Céu,resto_mt,Demais MT,FALSE,2003,0,0,0,,0,0,,FALSE,289187,289187,0,0,3,0,0,0,0,0,FALSE,TRUE,TRUE
5107750,Salto do Céu,resto_mt,Demais MT,FALSE,2004,0,0,0,,0,0,,FALSE,432408,432408,0,0,3,0,0,0,0,0,FALSE,TRUE,TRUE
5107750,Salto do Céu,resto_mt,Demais MT,FALSE,2005,0,0,0,,0,0,,FALSE,950143,950143,0,0,2,0,0,0,0,0,FALSE,TRUE,TRUE
5107750,Salto do Céu,resto_mt,Demais MT,FALSE,2006,0,0,0,,0,0,,FALSE,641691,641691,0,0,2,0,0,0,0,0,FALSE,TRUE,TRUE
5107750,Salto do Céu,resto_mt,Demais MT,FALSE,2007,0,0,0,,0,0,,FALSE,537213,537213,0,0,2,0,0,0,0,0,FALSE,TRUE,TRUE
5107750,Salto do Céu,resto_mt,Demais MT,FALSE,2008,0,0,0,,0,0,,FALSE,504515,504515,0,0,2,0,0,0,0,0,FALSE,TRUE,TRUE
5107750,Salto do Céu,resto_mt,Demais MT,FALSE,2009,0,0,0,,0,0,,FALSE,1124415,1124415,0,0,2,0,0,0,0,0,FALSE,TRUE,TRUE
5107750,Salto do Céu,resto_mt,Demais MT,FALSE,2010,0,0,0,,0,0,,FALSE,709245,709245,0,0,2,0,0,0,0,0,FALSE,TRUE,TRUE
5107750,Salto do Céu,resto_mt,Demais MT,FALSE,2011,0,0,0,,0,0,,FALSE,476971,476971,0,0,2,0,0,0,0,0,FALSE,TRUE,TRUE
5107750,Salto do Céu,resto_mt,Demais MT,FALSE,2012,0,0,0,,0,0,,FALSE,415795,415795,0,0,2,0,0,0,0,0,FALSE,TRUE,TRUE
5107750,Salto do Céu,resto_mt,Demais MT,FALSE,2013,0,0,0,,0,0,,FALSE,1124053,196942,927111,0,1,0,0,0,0,0,FALSE,TRUE,TRUE
5107750,Salto do Céu,resto_mt,Demais MT,FALSE,2014,0,0,0,,0,0,,FALSE,7085231,188893,3940515,2955823,1,0,0,0,0,0,FALSE,TRUE,TRUE
5107750,Salto do Céu,resto_mt,Demais MT,FALSE,2015,13998,0,13998,0.2931,1,1,100,FALSE,1801253,166608,0,1634645,1,0,0,0,0,0,FALSE,TRUE,TRUE
5107750,Salto do Céu,resto_mt,Demais MT,FALSE,2016,0,0,0,,0,0,,FALSE,2802001,153373,0,2648628,1,0,0,0,0,0,FALSE,TRUE,TRUE
5107750,Salto do Céu,resto_mt,Demais MT,FALSE,2017,0,0,0,,0,0,,FALSE,2586313,145932,0,2440381,1,0,0,0,0,0,FALSE,TRUE,TRUE
5107750,Salto do Céu,resto_mt,Demais MT,FALSE,2018,0,0,0,,0,0,,FALSE,2520011,160644,0,2359367,1,0,0,0,0,0,FALSE,TRUE,TRUE
5107750,Salto do Céu,resto_mt,Demais MT,FALSE,2019,0,0,0,,0,0,,FALSE,2528238,270071,0,2258167,1,0,0,0,0,0,FALSE,TRUE,TRUE
5107750,Salto do Céu,resto_mt,Demais MT,FALSE,2020,0,0,0,,0,0,,FALSE,301764,273870,0,27894,1,0,0,0,0,0,FALSE,TRUE,TRUE
5107750,Salto do Céu,resto_mt,Demais MT,FALSE,2021,0,0,0,,0,0,,FALSE,315368,242856,50643,21869,1,0,0,0,0,0,FALSE,TRUE,TRUE
5107750,Salto do Céu,resto_mt,Demais MT,FALSE,2022,0,0,0,,0,0,,FALSE,739918,224909,501971,13038,1,0,0,0,0,0,FALSE,TRUE,TRUE
5107750,Salto do Céu,resto_mt,Demais MT,FALSE,2023,0,5930,-5930,,0,0,,FALSE,1574666,214775,1206929,152962,1,0,0,0,0,0,FALSE,TRUE,TRUE
5107750,Salto do Céu,resto_mt,Demais MT,FALSE,2024,0,0,0,,0,0,,FALSE,1008000,202000,603000,203000,1,0,0,0,0,0,FALSE,TRUE,TRUE
5107768,Santa Rita do Trivelato,resto_mt,Demais MT,FALSE,2000,0,0,0,,0,0,,FALSE,,,,,,2,47603.845810165665,1,698.4307339898705,48302.27654415554,FALSE,TRUE,TRUE
5107768,Santa Rita do Trivelato,resto_mt,Demais MT,FALSE,2001,0,0,0,,0,0,,FALSE,,,,,1,2,47603.845810165665,1,698.4307339898705,48302.27654415554,FALSE,TRUE,TRUE
5107768,Santa Rita do Trivelato,resto_mt,Demais MT,FALSE,2002,0,0,0,,0,0,,FALSE,86743,86743,0,0,1,2,47603.845810165665,1,698.4307339898705,48302.27654415554,FALSE,TRUE,TRUE
5107768,Santa Rita do Trivelato,resto_mt,Demais MT,FALSE,2003,0,0,0,,0,0,,FALSE,235750,235750,0,0,1,2,47603.845810165665,1,698.4307339898705,48302.27654415554,FALSE,TRUE,TRUE
5107768,Santa Rita do Trivelato,resto_mt,Demais MT,FALSE,2004,354411,0,354411,0.3334,1,2,100,FALSE,299132,299132,0,0,1,2,47603.845810165665,1,698.4307339898705,48302.27654415554,FALSE,TRUE,TRUE
5107768,Santa Rita do Trivelato,resto_mt,Demais MT,FALSE,2005,2890878,0,2890878,0.2256,1,3,100,FALSE,462384,462384,0,0,2,2,47603.845810165665,1,698.4307339898705,48302.27654415554,FALSE,TRUE,TRUE
5107768,Santa Rita do Trivelato,resto_mt,Demais MT,FALSE,2006,1239941,0,1239941,0.219,1,3,100,FALSE,721217,721217,0,0,2,2,47603.845810165665,1,698.4307339898705,48302.27654415554,FALSE,TRUE,TRUE
5107768,Santa Rita do Trivelato,resto_mt,Demais MT,FALSE,2007,13878825,0,13878825,0.2193,3,12,58.7,FALSE,1877636,1877636,0,0,1,2,47603.845810165665,1,698.4307339898705,48302.27654415554,FALSE,TRUE,TRUE
5107768,Santa Rita do Trivelato,resto_mt,Demais MT,FALSE,2008,52514354,0,52514354,0.4226,3,21,81.6,FALSE,2005815,2005815,0,0,1,2,47603.845810165665,1,698.4307339898705,48302.27654415554,FALSE,TRUE,TRUE
5107768,Santa Rita do Trivelato,resto_mt,Demais MT,FALSE,2009,48370542,0,48370542,0.3258,5,26,67.9,FALSE,2288820,2288820,0,0,1,2,47603.845810165665,1,698.4307339898705,48302.27654415554,FALSE,TRUE,TRUE
5107768,Santa Rita do Trivelato,resto_mt,Demais MT,FALSE,2010,41324833,0,41324833,0.3756,3,16,94.5,FALSE,5775594,5775594,0,0,1,2,47603.845810165665,1,698.4307339898705,48302.27654415554,FALSE,TRUE,TRUE
5107768,Santa Rita do Trivelato,resto_mt,Demais MT,FALSE,2011,50253384,0,50253384,0.4885,3,19,95.3,FALSE,2734774,2734774,0,0,1,2,47603.845810165665,1,698.4307339898705,48302.27654415554,FALSE,TRUE,TRUE
5107768,Santa Rita do Trivelato,resto_mt,Demais MT,FALSE,2012,73978054,0,73978054,0.3901,3,18,62.2,FALSE,1867154,1867154,0,0,1,2,47603.845810165665,1,698.4307339898705,48302.27654415554,FALSE,TRUE,TRUE
5107768,Santa Rita do Trivelato,resto_mt,Demais MT,FALSE,2013,52450312,0,52450312,0.4727,3,21,54.6,FALSE,23138770,353008,22546088,239674,1,2,47603.845810165665,1,698.4307339898705,48302.27654415554,FALSE,TRUE,TRUE
5107768,Santa Rita do Trivelato,resto_mt,Demais MT,FALSE,2014,70912556,0,70912556,0.3118,3,19,59.3,FALSE,23877457,384782,23086905,405770,1,2,47603.845810165665,1,698.4307339898705,48302.27654415554,FALSE,TRUE,TRUE
5107768,Santa Rita do Trivelato,resto_mt,Demais MT,FALSE,2015,74950778,0,74950778,0.2951,5,23,57.4,FALSE,1774533,0,1458606,315927,0,2,47603.845810165665,1,698.4307339898705,48302.27654415554,FALSE,TRUE,TRUE
5107768,Santa Rita do Trivelato,resto_mt,Demais MT,FALSE,2016,99722429,0,99722429,0.2179,4,27,58.9,FALSE,517633,0,0,517633,0,2,47603.845810165665,1,698.4307339898705,48302.27654415554,FALSE,TRUE,TRUE
5107768,Santa Rita do Trivelato,resto_mt,Demais MT,FALSE,2017,318510215,0,318510215,0.2591,2,22,63.6,FALSE,432015,0,0,432015,0,2,47603.845810165665,1,698.4307339898705,48302.27654415554,FALSE,TRUE,TRUE
5107768,Santa Rita do Trivelato,resto_mt,Demais MT,FALSE,2018,111619076,24839,111594237,0.3284,2,16,84.9,FALSE,711023,0,448405,262618,0,2,47603.845810165665,1,698.4307339898705,48302.27654415554,FALSE,TRUE,TRUE
5107768,Santa Rita do Trivelato,resto_mt,Demais MT,FALSE,2019,209780657,0,209780657,0.2393,6,27,51.1,FALSE,180493,0,180493,0,0,2,47603.845810165665,1,698.4307339898705,48302.27654415554,FALSE,TRUE,TRUE
5107768,Santa Rita do Trivelato,resto_mt,Demais MT,FALSE,2020,181629323,0,181629323,0.2466,5,24,45.9,FALSE,730320,16483,0,713837,1,2,47603.845810165665,1,698.4307339898705,48302.27654415554,FALSE,TRUE,TRUE
5107768,Santa Rita do Trivelato,resto_mt,Demais MT,FALSE,2021,135488241,0,135488241,0.3993,3,21,54.8,FALSE,4706336,1713802,1442171,1550363,1,2,47603.845810165665,1,698.4307339898705,48302.27654415554,FALSE,TRUE,TRUE
5107768,Santa Rita do Trivelato,resto_mt,Demais MT,FALSE,2022,287700869,3081751,284619118,0.4037,4,23,45.9,FALSE,9749324,7270977,1277745,1200602,1,2,47603.845810165665,1,698.4307339898705,48302.27654415554,FALSE,TRUE,TRUE
5107768,Santa Rita do Trivelato,resto_mt,Demais MT,FALSE,2023,173245165,9900,173235265,0.3875,4,24,57.7,FALSE,11417633,9942498,1187023,288112,1,2,47603.845810165665,1,698.4307339898705,48302.27654415554,FALSE,TRUE,TRUE
5107768,Santa Rita do Trivelato,resto_mt,Demais MT,FALSE,2024,94026209,167203,93859006,0.2449,4,22,67.6,FALSE,4984000,848000,837000,3299000,1,2,47603.845810165665,1,698.4307339898705,48302.27654415554,FALSE,TRUE,TRUE
5107776,Santa Terezinha,resto_mt,Demais MT,FALSE,2000,0,0,0,,0,0,,FALSE,,,,,2,0,0,2,119527.87237385519,119527.87237385519,FALSE,TRUE,TRUE
5107776,Santa Terezinha,resto_mt,Demais MT,FALSE,2001,0,0,0,,0,0,,FALSE,,,,,2,0,0,2,119527.87237385519,119527.87237385519,FALSE,TRUE,TRUE
5107776,Santa Terezinha,resto_mt,Demais MT,FALSE,2002,0,0,0,,0,0,,FALSE,857026,857026,0,0,2,0,0,2,119527.87237385519,119527.87237385519,FALSE,TRUE,TRUE
5107776,Santa Terezinha,resto_mt,Demais MT,FALSE,2003,0,0,0,,0,0,,FALSE,688391,688391,0,0,2,0,0,2,119527.87237385519,119527.87237385519,FALSE,TRUE,TRUE
5107776,Santa Terezinha,resto_mt,Demais MT,FALSE,2004,0,0,0,,0,0,,FALSE,539030,539030,0,0,2,0,0,2,119527.87237385519,119527.87237385519,FALSE,TRUE,TRUE
5107776,Santa Terezinha,resto_mt,Demais MT,FALSE,2005,0,0,0,,0,0,,FALSE,983976,983976,0,0,2,0,0,2,119527.87237385519,119527.87237385519,FALSE,TRUE,TRUE
5107776,Santa Terezinha,resto_mt,Demais MT,FALSE,2006,0,0,0,,0,0,,FALSE,636207,636207,0,0,2,0,0,2,119527.87237385519,119527.87237385519,FALSE,TRUE,TRUE
5107776,Santa Terezinha,resto_mt,Demais MT,FALSE,2007,0,0,0,,0,0,,FALSE,649349,649349,0,0,2,0,0,2,119527.87237385519,119527.87237385519,FALSE,TRUE,TRUE
5107776,Santa Terezinha,resto_mt,Demais MT,FALSE,2008,0,0,0,,0,0,,FALSE,1009030,1009030,0,0,2,0,0,2,119527.87237385519,119527.87237385519,FALSE,TRUE,TRUE
5107776,Santa Terezinha,resto_mt,Demais MT,FALSE,2009,0,0,0,,0,0,,FALSE,2100633,2100633,0,0,2,0,0,2,119527.87237385519,119527.87237385519,FALSE,TRUE,TRUE
5107776,Santa Terezinha,resto_mt,Demais MT,FALSE,2010,0,0,0,,0,0,,FALSE,413174,413174,0,0,2,0,0,2,119527.87237385519,119527.87237385519,FALSE,TRUE,TRUE
5107776,Santa Terezinha,resto_mt,Demais MT,FALSE,2011,0,0,0,,0,0,,FALSE,308261,308261,0,0,2,0,0,2,119527.87237385519,119527.87237385519,FALSE,TRUE,TRUE
5107776,Santa Terezinha,resto_mt,Demais MT,FALSE,2012,0,0,0,,0,0,,FALSE,103949,103949,0,0,2,0,0,2,119527.87237385519,119527.87237385519,FALSE,TRUE,TRUE
5107776,Santa Terezinha,resto_mt,Demais MT,FALSE,2013,0,0,0,,0,0,,FALSE,68744,68744,0,0,2,0,0,2,119527.87237385519,119527.87237385519,FALSE,TRUE,TRUE
5107776,Santa Terezinha,resto_mt,Demais MT,FALSE,2014,0,0,0,,0,0,,FALSE,227371,43725,0,183646,2,0,0,2,119527.87237385519,119527.87237385519,FALSE,TRUE,TRUE
5107776,Santa Terezinha,resto_mt,Demais MT,FALSE,2015,0,0,0,,0,0,,FALSE,259343,55012,0,204331,2,0,0,2,119527.87237385519,119527.87237385519,FALSE,TRUE,TRUE
5107776,Santa Terezinha,resto_mt,Demais MT,FALSE,2016,0,0,0,,0,0,,FALSE,75212,51616,0,23596,2,0,0,2,119527.87237385519,119527.87237385519,FALSE,TRUE,TRUE
5107776,Santa Terezinha,resto_mt,Demais MT,FALSE,2017,0,0,0,,0,0,,FALSE,56350,31787,0,24563,2,0,0,2,119527.87237385519,119527.87237385519,FALSE,TRUE,TRUE
5107776,Santa Terezinha,resto_mt,Demais MT,FALSE,2018,0,0,0,,0,0,,FALSE,60066,36319,0,23747,2,0,0,2,119527.87237385519,119527.87237385519,FALSE,TRUE,TRUE
5107776,Santa Terezinha,resto_mt,Demais MT,FALSE,2019,0,0,0,,0,0,,FALSE,61502,34762,0,26740,2,0,0,2,119527.87237385519,119527.87237385519,FALSE,TRUE,TRUE
5107776,Santa Terezinha,resto_mt,Demais MT,FALSE,2020,0,0,0,,0,0,,FALSE,81147,50717,0,30430,2,0,0,2,119527.87237385519,119527.87237385519,FALSE,TRUE,TRUE
5107776,Santa Terezinha,resto_mt,Demais MT,FALSE,2021,0,0,0,,0,0,,FALSE,831004,779210,0,51794,2,0,0,2,119527.87237385519,119527.87237385519,FALSE,TRUE,TRUE
5107776,Santa Terezinha,resto_mt,Demais MT,FALSE,2022,45367,0,45367,0.4285,1,1,100,FALSE,1346196,939838,0,406358,2,0,0,2,119527.87237385519,119527.87237385519,FALSE,TRUE,TRUE
5107776,Santa Terezinha,resto_mt,Demais MT,FALSE,2023,140711,0,140711,0.466,1,1,100,FALSE,1179689,587749,0,591940,2,0,0,2,119527.87237385519,119527.87237385519,FALSE,TRUE,TRUE
5107776,Santa Terezinha,resto_mt,Demais MT,FALSE,2024,0,0,0,,0,0,,FALSE,1182000,532000,0,650000,2,0,0,2,119527.87237385519,119527.87237385519,FALSE,TRUE,TRUE
5107792,Santo Antônio do Leste,resto_mt,Demais MT,FALSE,2000,0,547666,-547666,,0,0,,FALSE,,,,,,0,0,2,51827.84750379597,51827.84750379597,FALSE,TRUE,TRUE
5107792,Santo Antônio do Leste,resto_mt,Demais MT,FALSE,2001,0,90372,-90372,,0,0,,FALSE,,,,,2,0,0,2,51827.84750379597,51827.84750379597,FALSE,TRUE,TRUE
5107792,Santo Antônio do Leste,resto_mt,Demais MT,FALSE,2002,0,0,0,,0,0,,FALSE,190836,190836,0,0,2,0,0,2,51827.84750379597,51827.84750379597,FALSE,TRUE,TRUE
5107792,Santo Antônio do Leste,resto_mt,Demais MT,FALSE,2003,0,0,0,,0,0,,FALSE,298617,298617,0,0,2,0,0,2,51827.84750379597,51827.84750379597,FALSE,TRUE,TRUE
5107792,Santo Antônio do Leste,resto_mt,Demais MT,FALSE,2004,0,0,0,,0,0,,FALSE,382059,382059,0,0,2,0,0,2,51827.84750379597,51827.84750379597,FALSE,TRUE,TRUE
5107792,Santo Antônio do Leste,resto_mt,Demais MT,FALSE,2005,0,0,0,,0,0,,FALSE,690757,690757,0,0,2,0,0,2,51827.84750379597,51827.84750379597,FALSE,TRUE,TRUE
5107792,Santo Antônio do Leste,resto_mt,Demais MT,FALSE,2006,0,0,0,,0,0,,FALSE,715732,715732,0,0,2,0,0,2,51827.84750379597,51827.84750379597,FALSE,TRUE,TRUE
5107792,Santo Antônio do Leste,resto_mt,Demais MT,FALSE,2007,0,0,0,,0,0,,FALSE,696290,696290,0,0,2,0,0,2,51827.84750379597,51827.84750379597,FALSE,TRUE,TRUE
5107792,Santo Antônio do Leste,resto_mt,Demais MT,FALSE,2008,2745758,0,2745758,0.8063,2,4,86.2,FALSE,480024,480024,0,0,2,0,0,2,51827.84750379597,51827.84750379597,FALSE,TRUE,TRUE
5107792,Santo Antônio do Leste,resto_mt,Demais MT,FALSE,2009,11000000,0,11000000,0.4067,2,2,90,FALSE,616311,616311,0,0,2,0,0,2,51827.84750379597,51827.84750379597,FALSE,TRUE,TRUE
5107792,Santo Antônio do Leste,resto_mt,Demais MT,FALSE,2010,20523110,0,20523110,0.4784,3,13,56.5,FALSE,344680,344680,0,0,2,0,0,2,51827.84750379597,51827.84750379597,FALSE,TRUE,TRUE
5107792,Santo Antônio do Leste,resto_mt,Demais MT,FALSE,2011,8626583,0,8626583,0.6382,3,12,48.9,FALSE,218699,218699,0,0,1,0,0,2,51827.84750379597,51827.84750379597,FALSE,TRUE,TRUE
5107792,Santo Antônio do Leste,resto_mt,Demais MT,FALSE,2012,34759978,0,34759978,0.6369,3,13,52.4,FALSE,211820,211820,0,0,1,0,0,2,51827.84750379597,51827.84750379597,FALSE,TRUE,TRUE
5107792,Santo Antônio do Leste,resto_mt,Demais MT,FALSE,2013,26884522,0,26884522,0.602,3,13,52.3,FALSE,451479,63170,388309,0,1,0,0,2,51827.84750379597,51827.84750379597,FALSE,TRUE,TRUE
5107792,Santo Antônio do Leste,resto_mt,Demais MT,FALSE,2014,17906240,0,17906240,0.7386,3,11,51.4,FALSE,1210313,66462,388280,755571,1,0,0,2,51827.84750379597,51827.84750379597,FALSE,TRUE,TRUE
5107792,Santo Antônio do Leste,resto_mt,Demais MT,FALSE,2015,19102425,854095,18248330,0.4446,3,17,52.3,FALSE,1395736,72302,348934,974500,1,0,0,2,51827.84750379597,51827.84750379597,FALSE,TRUE,TRUE
5107792,Santo Antônio do Leste,resto_mt,Demais MT,FALSE,2016,6285621,0,6285621,0.5528,3,11,65.7,FALSE,1029366,0,0,1029366,0,0,0,2,51827.84750379597,51827.84750379597,FALSE,TRUE,TRUE
5107792,Santo Antônio do Leste,resto_mt,Demais MT,FALSE,2017,98621,3896,94725,1.4826,1,2,100,FALSE,546160,0,0,546160,0,0,0,2,51827.84750379597,51827.84750379597,FALSE,TRUE,TRUE
5107792,Santo Antônio do Leste,resto_mt,Demais MT,FALSE,2018,0,8135,-8135,,0,0,,FALSE,410689,0,0,410689,0,0,0,2,51827.84750379597,51827.84750379597,FALSE,TRUE,TRUE
5107792,Santo Antônio do Leste,resto_mt,Demais MT,FALSE,2019,0,5871,-5871,,0,0,,FALSE,435857,0,0,435857,0,0,0,2,51827.84750379597,51827.84750379597,FALSE,TRUE,TRUE
5107792,Santo Antônio do Leste,resto_mt,Demais MT,FALSE,2020,0,9998,-9998,,0,0,,FALSE,1913287,1401048,0,512239,1,0,0,2,51827.84750379597,51827.84750379597,FALSE,TRUE,TRUE
5107792,Santo Antônio do Leste,resto_mt,Demais MT,FALSE,2021,0,4523,-4523,,0,0,,FALSE,284290,123154,0,161136,1,0,0,2,51827.84750379597,51827.84750379597,FALSE,TRUE,TRUE
5107792,Santo Antônio do Leste,resto_mt,Demais MT,FALSE,2022,33117107,852782,32264325,0.51,2,8,82.7,FALSE,282494,103219,0,179275,1,0,0,2,51827.84750379597,51827.84750379597,FALSE,TRUE,TRUE
5107792,Santo Antônio do Leste,resto_mt,Demais MT,FALSE,2023,36313551,22882,36290669,0.4658,3,10,54.2,FALSE,892625,127817,0,764808,1,0,0,2,51827.84750379597,51827.84750379597,FALSE,TRUE,TRUE
5107792,Santo Antônio do Leste,resto_mt,Demais MT,FALSE,2024,29408464,97328,29311136,1.1875,3,17,88.5,FALSE,387000,63000,0,324000,1,0,0,2,51827.84750379597,51827.84750379597,FALSE,TRUE,TRUE
5107800,Santo Antônio do Leverger,pantanal_norte,Pantanal-13,TRUE,2000,0,13456,-13456,,0,0,,FALSE,,,,,3,4,5443.361806212603,1,29004.526384518736,34447.88819073134,TRUE,TRUE,TRUE
5107800,Santo Antônio do Leverger,pantanal_norte,Pantanal-13,TRUE,2001,0,13246,-13246,,0,0,,FALSE,,,,,3,4,5443.361806212603,1,29004.526384518736,34447.88819073134,TRUE,TRUE,TRUE
5107800,Santo Antônio do Leverger,pantanal_norte,Pantanal-13,TRUE,2002,0,75578,-75578,,0,0,,FALSE,537810,537810,0,0,3,4,5443.361806212603,1,29004.526384518736,34447.88819073134,TRUE,TRUE,TRUE
5107800,Santo Antônio do Leverger,pantanal_norte,Pantanal-13,TRUE,2003,0,0,0,,0,0,,FALSE,704108,704108,0,0,2,4,5443.361806212603,1,29004.526384518736,34447.88819073134,TRUE,TRUE,TRUE
5107800,Santo Antônio do Leverger,pantanal_norte,Pantanal-13,TRUE,2004,0,0,0,,0,0,,FALSE,787812,787812,0,0,2,4,5443.361806212603,1,29004.526384518736,34447.88819073134,TRUE,TRUE,TRUE
5107800,Santo Antônio do Leverger,pantanal_norte,Pantanal-13,TRUE,2005,0,0,0,,0,0,,FALSE,1139043,1139043,0,0,2,4,5443.361806212603,1,29004.526384518736,34447.88819073134,TRUE,TRUE,TRUE
5107800,Santo Antônio do Leverger,pantanal_norte,Pantanal-13,TRUE,2006,0,0,0,,0,0,,FALSE,688310,688310,0,0,2,4,5443.361806212603,1,29004.526384518736,34447.88819073134,TRUE,TRUE,TRUE
5107800,Santo Antônio do Leverger,pantanal_norte,Pantanal-13,TRUE,2007,0,0,0,,0,0,,FALSE,769309,769309,0,0,2,4,5443.361806212603,1,29004.526384518736,34447.88819073134,TRUE,TRUE,TRUE
5107800,Santo Antônio do Leverger,pantanal_norte,Pantanal-13,TRUE,2008,0,43649,-43649,,0,0,,FALSE,791060,791060,0,0,2,4,5443.361806212603,1,29004.526384518736,34447.88819073134,TRUE,TRUE,TRUE
5107800,Santo Antônio do Leverger,pantanal_norte,Pantanal-13,TRUE,2009,0,0,0,,0,0,,FALSE,940933,940933,0,0,2,4,5443.361806212603,1,29004.526384518736,34447.88819073134,TRUE,TRUE,TRUE
5107800,Santo Antônio do Leverger,pantanal_norte,Pantanal-13,TRUE,2010,0,0,0,,0,0,,FALSE,1243940,1243940,0,0,2,4,5443.361806212603,1,29004.526384518736,34447.88819073134,TRUE,TRUE,TRUE
5107800,Santo Antônio do Leverger,pantanal_norte,Pantanal-13,TRUE,2011,2608710,224367,2384343,0.4174,2,4,80.5,FALSE,1628784,1628784,0,0,2,4,5443.361806212603,1,29004.526384518736,34447.88819073134,TRUE,TRUE,TRUE
5107800,Santo Antônio do Leverger,pantanal_norte,Pantanal-13,TRUE,2012,1860292,165261,1695031,1.6957,1,8,100,FALSE,1212081,1212081,0,0,2,4,5443.361806212603,1,29004.526384518736,34447.88819073134,TRUE,TRUE,TRUE
5107800,Santo Antônio do Leverger,pantanal_norte,Pantanal-13,TRUE,2013,0,0,0,,0,0,,FALSE,2341003,1124053,91039,1125911,2,4,5443.361806212603,1,29004.526384518736,34447.88819073134,TRUE,TRUE,TRUE
5107800,Santo Antônio do Leverger,pantanal_norte,Pantanal-13,TRUE,2014,44562,0,44562,1.7435,1,1,100,FALSE,18936508,986440,96195,17853873,2,4,5443.361806212603,1,29004.526384518736,34447.88819073134,TRUE,TRUE,TRUE
5107800,Santo Antônio do Leverger,pantanal_norte,Pantanal-13,TRUE,2015,0,1516,-1516,,0,0,,FALSE,17011308,1104957,122598,15783753,2,4,5443.361806212603,1,29004.526384518736,34447.88819073134,TRUE,TRUE,TRUE
5107800,Santo Antônio do Leverger,pantanal_norte,Pantanal-13,TRUE,2016,0,0,0,,0,0,,FALSE,7497563,846499,126827,6524237,2,4,5443.361806212603,1,29004.526384518736,34447.88819073134,TRUE,TRUE,TRUE
5107800,Santo Antônio do Leverger,pantanal_norte,Pantanal-13,TRUE,2017,0,1555000,-1555000,,0,0,,FALSE,5286769,450799,148821,4687149,2,4,5443.361806212603,1,29004.526384518736,34447.88819073134,TRUE,TRUE,TRUE
5107800,Santo Antônio do Leverger,pantanal_norte,Pantanal-13,TRUE,2018,3976948,0,3976948,1.7825,1,7,100,FALSE,3048040,347829,118737,2581474,2,4,5443.361806212603,1,29004.526384518736,34447.88819073134,TRUE,TRUE,TRUE
5107800,Santo Antônio do Leverger,pantanal_norte,Pantanal-13,TRUE,2019,6506911,26325,6480586,1.6083,1,11,100,FALSE,5104607,168460,145731,4790416,2,4,5443.361806212603,1,29004.526384518736,34447.88819073134,TRUE,TRUE,TRUE
5107800,Santo Antônio do Leverger,pantanal_norte,Pantanal-13,TRUE,2020,3969401,0,3969401,1.4138,1,8,100,FALSE,24025761,153418,19324324,4548019,2,4,5443.361806212603,1,29004.526384518736,34447.88819073134,TRUE,TRUE,TRUE
5107800,Santo Antônio do Leverger,pantanal_norte,Pantanal-13,TRUE,2021,1010677,13377,997300,1.4598,1,7,100,FALSE,46818204,139268,42643618,4035318,2,4,5443.361806212603,1,29004.526384518736,34447.88819073134,TRUE,TRUE,TRUE
5107800,Santo Antônio do Leverger,pantanal_norte,Pantanal-13,TRUE,2022,0,7299,-7299,,0,0,,FALSE,46752860,120603,41233350,5398907,2,4,5443.361806212603,1,29004.526384518736,34447.88819073134,TRUE,TRUE,TRUE
5107800,Santo Antônio do Leverger,pantanal_norte,Pantanal-13,TRUE,2023,0,15949,-15949,,0,0,,FALSE,30557729,105816,14950416,15501497,2,4,5443.361806212603,1,29004.526384518736,34447.88819073134,TRUE,TRUE,TRUE
5107800,Santo Antônio do Leverger,pantanal_norte,Pantanal-13,TRUE,2024,0,1394440,-1394440,,0,0,,FALSE,15913000,324000,0,15589000,2,4,5443.361806212603,1,29004.526384518736,34447.88819073134,TRUE,TRUE,TRUE
5107859,São Félix do Araguaia,resto_mt,Demais MT,FALSE,2000,0,6961,-6961,,0,0,,FALSE,,,,,3,0,0,5,276563.163117548,276563.163117548,FALSE,TRUE,TRUE
5107859,São Félix do Araguaia,resto_mt,Demais MT,FALSE,2001,0,0,0,,0,0,,FALSE,,,,,3,0,0,5,276563.163117548,276563.163117548,FALSE,TRUE,TRUE
5107859,São Félix do Araguaia,resto_mt,Demais MT,FALSE,2002,0,0,0,,0,0,,FALSE,2602305,2602305,0,0,3,0,0,5,276563.163117548,276563.163117548,FALSE,TRUE,TRUE
5107859,São Félix do Araguaia,resto_mt,Demais MT,FALSE,2003,2964240,0,2964240,0.5928,1,1,100,FALSE,2517815,2517815,0,0,3,0,0,5,276563.163117548,276563.163117548,FALSE,TRUE,TRUE
5107859,São Félix do Araguaia,resto_mt,Demais MT,FALSE,2004,44288426,0,44288426,0.4871,2,10,96.1,FALSE,4478091,4478091,0,0,3,0,0,5,276563.163117548,276563.163117548,FALSE,TRUE,TRUE
5107859,São Félix do Araguaia,resto_mt,Demais MT,FALSE,2005,48121292,0,48121292,0.4405,3,17,94.7,FALSE,3180300,3180300,0,0,2,0,0,5,276563.163117548,276563.163117548,FALSE,TRUE,TRUE
5107859,São Félix do Araguaia,resto_mt,Demais MT,FALSE,2006,32614410,0,32614410,0.3495,3,12,69.7,FALSE,581361,581361,0,0,2,0,0,5,276563.163117548,276563.163117548,FALSE,TRUE,TRUE
5107859,São Félix do Araguaia,resto_mt,Demais MT,FALSE,2007,54967367,0,54967367,0.5248,3,15,75.2,FALSE,688467,688467,0,0,2,0,0,5,276563.163117548,276563.163117548,FALSE,TRUE,TRUE
5107859,São Félix do Araguaia,resto_mt,Demais MT,FALSE,2008,90419935,0,90419935,0.464,3,18,38.9,FALSE,876779,876779,0,0,3,0,0,5,276563.163117548,276563.163117548,FALSE,TRUE,TRUE
5107859,São Félix do Araguaia,resto_mt,Demais MT,FALSE,2009,133536470,0,133536470,0.4745,3,17,57.7,FALSE,1218508,1218508,0,0,2,0,0,5,276563.163117548,276563.163117548,FALSE,TRUE,TRUE
5107859,São Félix do Araguaia,resto_mt,Demais MT,FALSE,2010,84020116,0,84020116,0.3958,3,6,69,FALSE,7896699,7896699,0,0,2,0,0,5,276563.163117548,276563.163117548,FALSE,TRUE,TRUE
5107859,São Félix do Araguaia,resto_mt,Demais MT,FALSE,2011,106525817,0,106525817,0.4193,4,10,64.3,FALSE,1772500,1772500,0,0,2,0,0,5,276563.163117548,276563.163117548,FALSE,TRUE,TRUE
5107859,São Félix do Araguaia,resto_mt,Demais MT,FALSE,2012,156532229,0,156532229,0.4869,4,13,47.5,FALSE,1378792,1378792,0,0,2,0,0,5,276563.163117548,276563.163117548,FALSE,TRUE,TRUE
5107859,São Félix do Araguaia,resto_mt,Demais MT,FALSE,2013,130092755,0,130092755,0.4843,4,15,46.8,FALSE,1517937,1503073,0,14864,3,0,0,5,276563.163117548,276563.163117548,FALSE,TRUE,TRUE
5107859,São Félix do Araguaia,resto_mt,Demais MT,FALSE,2014,41003752,0,41003752,0.3079,2,7,61.5,FALSE,418012,99693,0,318319,2,0,0,5,276563.163117548,276563.163117548,FALSE,TRUE,TRUE
5107859,São Félix do Araguaia,resto_mt,Demais MT,FALSE,2015,113151549,0,113151549,0.3317,2,16,87.4,FALSE,116311,102165,7859,6287,2,0,0,5,276563.163117548,276563.163117548,FALSE,TRUE,TRUE
5107859,São Félix do Araguaia,resto_mt,Demais MT,FALSE,2016,105962184,0,105962184,0.3547,2,16,93.3,FALSE,97332,87009,1475,8848,2,0,0,5,276563.163117548,276563.163117548,FALSE,TRUE,TRUE
5107859,São Félix do Araguaia,resto_mt,Demais MT,FALSE,2017,167346424,0,167346424,0.2724,2,21,74,FALSE,132928,85247,2890,44791,2,0,0,5,276563.163117548,276563.163117548,FALSE,TRUE,TRUE
5107859,São Félix do Araguaia,resto_mt,Demais MT,FALSE,2018,89776778,41224,89735554,0.3485,2,17,88.1,FALSE,189978,93592,27938,68448,2,0,0,5,276563.163117548,276563.163117548,FALSE,TRUE,TRUE
5107859,São Félix do Araguaia,resto_mt,Demais MT,FALSE,2019,257306174,0,257306174,0.2508,2,31,62.5,FALSE,10276065,97600,54816,10123649,2,0,0,5,276563.163117548,276563.163117548,FALSE,TRUE,TRUE
5107859,São Félix do Araguaia,resto_mt,Demais MT,FALSE,2020,278565476,0,278565476,0.2558,3,28,67.6,FALSE,21786619,427288,109041,21250290,2,0,0,5,276563.163117548,276563.163117548,FALSE,TRUE,TRUE
5107859,São Félix do Araguaia,resto_mt,Demais MT,FALSE,2021,335225934,1115265,334110669,0.36,3,32,77.3,FALSE,24603238,675622,97833,23829783,2,0,0,5,276563.163117548,276563.163117548,FALSE,TRUE,TRUE
5107859,São Félix do Araguaia,resto_mt,Demais MT,FALSE,2022,489319094,0,489319094,0.4335,2,33,66.7,FALSE,24176108,682333,97787,23395988,2,0,0,5,276563.163117548,276563.163117548,FALSE,TRUE,TRUE
5107859,São Félix do Araguaia,resto_mt,Demais MT,FALSE,2023,446607810,0,446607810,0.3762,3,37,63.3,FALSE,25640959,510221,14668,25116070,2,0,0,5,276563.163117548,276563.163117548,FALSE,TRUE,TRUE
5107859,São Félix do Araguaia,resto_mt,Demais MT,FALSE,2024,287608946,4620000,282988946,0.3202,2,27,69.8,FALSE,25404000,794000,15000,24595000,2,0,0,5,276563.163117548,276563.163117548,FALSE,TRUE,TRUE
5107875,Sapezal,resto_mt,Demais MT,FALSE,2000,0,7215479,-7215479,,0,0,,FALSE,,,,,2,0,0,6,482505.1181643708,482505.1181643708,FALSE,TRUE,TRUE
5107875,Sapezal,resto_mt,Demais MT,FALSE,2001,5278408,5997844,-719436,0.7164,2,11,96.1,FALSE,,,,,1,0,0,6,482505.1181643708,482505.1181643708,FALSE,TRUE,TRUE
5107875,Sapezal,resto_mt,Demais MT,FALSE,2002,4335413,7640078,-3304665,0.7918,1,11,100,FALSE,860495,860495,0,0,1,0,0,6,482505.1181643708,482505.1181643708,FALSE,TRUE,TRUE
5107875,Sapezal,resto_mt,Demais MT,FALSE,2003,6408706,10690850,-4282144,0.9565,2,17,99.9,FALSE,1122172,1122172,0,0,1,0,0,6,482505.1181643708,482505.1181643708,FALSE,TRUE,TRUE
5107875,Sapezal,resto_mt,Demais MT,FALSE,2004,10642056,20967258,-10325202,0.4504,2,19,64.4,FALSE,325787,325787,0,0,1,0,0,6,482505.1181643708,482505.1181643708,FALSE,TRUE,TRUE
5107875,Sapezal,resto_mt,Demais MT,FALSE,2005,131979680,13039939,118939741,0.2547,5,21,90.9,FALSE,479300,479300,0,0,1,0,0,6,482505.1181643708,482505.1181643708,FALSE,TRUE,TRUE
5107875,Sapezal,resto_mt,Demais MT,FALSE,2006,45896519,9809641,36086878,0.294,3,19,74.4,FALSE,222124,222124,0,0,1,0,0,6,482505.1181643708,482505.1181643708,FALSE,TRUE,TRUE
5107875,Sapezal,resto_mt,Demais MT,FALSE,2007,86520537,10116683,76403854,0.3048,5,26,49.9,FALSE,86058,86058,0,0,1,0,0,6,482505.1181643708,482505.1181643708,FALSE,TRUE,TRUE
5107875,Sapezal,resto_mt,Demais MT,FALSE,2008,382665627,6318912,376346715,0.4366,7,38,63.2,FALSE,742078,742078,0,0,1,0,0,6,482505.1181643708,482505.1181643708,FALSE,TRUE,TRUE
5107875,Sapezal,resto_mt,Demais MT,FALSE,2009,597439536,15555079,581884457,0.4051,6,43,49.7,FALSE,1180871,1180871,0,0,1,0,0,6,482505.1181643708,482505.1181643708,FALSE,TRUE,TRUE
5107875,Sapezal,resto_mt,Demais MT,FALSE,2010,550030298,13838891,536191407,0.4196,6,38,39.5,FALSE,1208588,1208588,0,0,1,0,0,6,482505.1181643708,482505.1181643708,FALSE,TRUE,TRUE
5107875,Sapezal,resto_mt,Demais MT,FALSE,2011,611544638,20789333,590755305,0.4954,6,37,45.2,FALSE,1889139,1889139,0,0,1,0,0,6,482505.1181643708,482505.1181643708,FALSE,TRUE,TRUE
5107875,Sapezal,resto_mt,Demais MT,FALSE,2012,727340988,5822091,721518897,0.5042,6,44,55.7,FALSE,1159126,1159126,0,0,1,0,0,6,482505.1181643708,482505.1181643708,FALSE,TRUE,TRUE
5107875,Sapezal,resto_mt,Demais MT,FALSE,2013,626293854,5648942,620644912,0.4329,5,51,46.8,FALSE,1653566,1653566,0,0,1,0,0,6,482505.1181643708,482505.1181643708,FALSE,TRUE,TRUE
5107875,Sapezal,resto_mt,Demais MT,FALSE,2014,588241450,22389151,565852299,0.4173,7,37,55.9,FALSE,2347169,1747259,599910,0,1,0,0,6,482505.1181643708,482505.1181643708,FALSE,TRUE,TRUE
5107875,Sapezal,resto_mt,Demais MT,FALSE,2015,471491500,26932938,444558562,0.3605,6,44,50.6,FALSE,8386986,1977292,6409694,0,1,0,0,6,482505.1181643708,482505.1181643708,FALSE,TRUE,TRUE
5107875,Sapezal,resto_mt,Demais MT,FALSE,2016,481066637,27857993,453208644,0.3709,7,36,49.4,FALSE,3254745,1908310,1346435,0,1,0,0,6,482505.1181643708,482505.1181643708,FALSE,TRUE,TRUE
5107875,Sapezal,resto_mt,Demais MT,FALSE,2017,464835651,53371894,411463757,0.3655,5,40,43.1,FALSE,3479240,1927453,1551787,0,1,0,0,6,482505.1181643708,482505.1181643708,FALSE,TRUE,TRUE
5107875,Sapezal,resto_mt,Demais MT,FALSE,2018,439957415,32337258,407620157,0.4728,5,42,41.5,FALSE,3900150,2123291,1776859,0,1,0,0,6,482505.1181643708,482505.1181643708,FALSE,TRUE,TRUE
5107875,Sapezal,resto_mt,Demais MT,FALSE,2019,803606529,25786155,777820374,0.4517,6,42,40.1,FALSE,4194121,2536260,1657861,0,1,0,0,6,482505.1181643708,482505.1181643708,FALSE,TRUE,TRUE
5107875,Sapezal,resto_mt,Demais MT,FALSE,2020,780466245,21231762,759234483,0.474,7,41,44.5,FALSE,4266541,2311413,1620398,334730,1,0,0,6,482505.1181643708,482505.1181643708,FALSE,TRUE,TRUE
5107875,Sapezal,resto_mt,Demais MT,FALSE,2021,868064594,18339757,849724837,0.5625,9,40,40.8,FALSE,4801867,2466539,1925581,409747,1,0,0,6,482505.1181643708,482505.1181643708,FALSE,TRUE,TRUE
5107875,Sapezal,resto_mt,Demais MT,FALSE,2022,1167159876,55808759,1111351117,0.6804,6,46,39.4,FALSE,5590134,3052028,2037221,500885,2,0,0,6,482505.1181643708,482505.1181643708,FALSE,TRUE,TRUE
5107875,Sapezal,resto_mt,Demais MT,FALSE,2023,786831018,35044762,751786256,0.5638,7,49,54.2,FALSE,8456885,3871183,4101673,484029,2,0,0,6,482505.1181643708,482505.1181643708,FALSE,TRUE,TRUE
5107875,Sapezal,resto_mt,Demais MT,FALSE,2024,884023017,13100974,870922043,0.537,8,45,44.3,FALSE,8151000,3883000,3792000,476000,2,0,0,6,482505.1181643708,482505.1181643708,FALSE,TRUE,TRUE
5107883,Serra Nova Dourada,resto_mt,Demais MT,FALSE,2000,0,0,0,,0,0,,FALSE,,,,,,0,0,1,38.789549938964846,38.789549938964846,FALSE,TRUE,TRUE
5107883,Serra Nova Dourada,resto_mt,Demais MT,FALSE,2001,0,0,0,,0,0,,FALSE,,,,,2,0,0,1,38.789549938964846,38.789549938964846,FALSE,TRUE,TRUE
5107883,Serra Nova Dourada,resto_mt,Demais MT,FALSE,2002,0,0,0,,0,0,,FALSE,65925,65925,0,0,2,0,0,1,38.789549938964846,38.789549938964846,FALSE,TRUE,TRUE
5107883,Serra Nova Dourada,resto_mt,Demais MT,FALSE,2003,0,0,0,,0,0,,FALSE,66010,66010,0,0,2,0,0,1,38.789549938964846,38.789549938964846,FALSE,TRUE,TRUE
5107883,Serra Nova Dourada,resto_mt,Demais MT,FALSE,2004,0,0,0,,0,0,,FALSE,62196,62196,0,0,2,0,0,1,38.789549938964846,38.789549938964846,FALSE,TRUE,TRUE
5107883,Serra Nova Dourada,resto_mt,Demais MT,FALSE,2005,0,0,0,,0,0,,FALSE,50749,50749,0,0,2,0,0,1,38.789549938964846,38.789549938964846,FALSE,TRUE,TRUE
5107883,Serra Nova Dourada,resto_mt,Demais MT,FALSE,2006,0,0,0,,0,0,,FALSE,85010,85010,0,0,2,0,0,1,38.789549938964846,38.789549938964846,FALSE,TRUE,TRUE
5107883,Serra Nova Dourada,resto_mt,Demais MT,FALSE,2007,0,0,0,,0,0,,FALSE,86058,86058,0,0,2,0,0,1,38.789549938964846,38.789549938964846,FALSE,TRUE,TRUE
5107883,Serra Nova Dourada,resto_mt,Demais MT,FALSE,2008,0,0,0,,0,0,,FALSE,183683,183683,0,0,2,0,0,1,38.789549938964846,38.789549938964846,FALSE,TRUE,TRUE
5107883,Serra Nova Dourada,resto_mt,Demais MT,FALSE,2009,0,0,0,,0,0,,FALSE,202301,202301,0,0,2,0,0,1,38.789549938964846,38.789549938964846,FALSE,TRUE,TRUE
5107883,Serra Nova Dourada,resto_mt,Demais MT,FALSE,2010,0,0,0,,0,0,,FALSE,163502,163502,0,0,2,0,0,1,38.789549938964846,38.789549938964846,FALSE,TRUE,TRUE
5107883,Serra Nova Dourada,resto_mt,Demais MT,FALSE,2011,0,0,0,,0,0,,FALSE,56237,56237,0,0,2,0,0,1,38.789549938964846,38.789549938964846,FALSE,TRUE,TRUE
5107883,Serra Nova Dourada,resto_mt,Demais MT,FALSE,2012,0,0,0,,0,0,,FALSE,127484,127484,0,0,2,0,0,1,38.789549938964846,38.789549938964846,FALSE,TRUE,TRUE
5107883,Serra Nova Dourada,resto_mt,Demais MT,FALSE,2013,0,0,0,,0,0,,FALSE,2194225,50164,0,2144061,2,0,0,1,38.789549938964846,38.789549938964846,FALSE,TRUE,TRUE
5107883,Serra Nova Dourada,resto_mt,Demais MT,FALSE,2014,0,0,0,,0,0,,FALSE,741579,10494,0,731085,1,0,0,1,38.789549938964846,38.789549938964846,FALSE,TRUE,TRUE
5107883,Serra Nova Dourada,resto_mt,Demais MT,FALSE,2015,0,0,0,,0,0,,FALSE,7384193,11002,0,7373191,1,0,0,1,38.789549938964846,38.789549938964846,FALSE,TRUE,TRUE
5107883,Serra Nova Dourada,resto_mt,Demais MT,FALSE,2016,0,0,0,,0,0,,FALSE,6216017,10323,0,6205694,1,0,0,1,38.789549938964846,38.789549938964846,FALSE,TRUE,TRUE
5107883,Serra Nova Dourada,resto_mt,Demais MT,FALSE,2017,0,0,0,,0,0,,FALSE,7299468,5779,0,7293689,1,0,0,1,38.789549938964846,38.789549938964846,FALSE,TRUE,TRUE
5107883,Serra Nova Dourada,resto_mt,Demais MT,FALSE,2018,0,0,0,,0,0,,FALSE,6469051,8381,0,6460670,1,0,0,1,38.789549938964846,38.789549938964846,FALSE,TRUE,TRUE
5107883,Serra Nova Dourada,resto_mt,Demais MT,FALSE,2019,0,0,0,,0,0,,FALSE,667155,6685,0,660470,1,0,0,1,38.789549938964846,38.789549938964846,FALSE,TRUE,TRUE
5107883,Serra Nova Dourada,resto_mt,Demais MT,FALSE,2020,0,0,0,,0,0,,FALSE,846969,7608,0,839361,1,0,0,1,38.789549938964846,38.789549938964846,FALSE,TRUE,TRUE
5107883,Serra Nova Dourada,resto_mt,Demais MT,FALSE,2021,0,0,0,,0,0,,FALSE,854023,6906,0,847117,1,0,0,1,38.789549938964846,38.789549938964846,FALSE,TRUE,TRUE
5107883,Serra Nova Dourada,resto_mt,Demais MT,FALSE,2022,0,0,0,,0,0,,FALSE,651911,6519,0,645392,1,0,0,1,38.789549938964846,38.789549938964846,FALSE,TRUE,TRUE
5107883,Serra Nova Dourada,resto_mt,Demais MT,FALSE,2023,0,0,0,,0,0,,FALSE,654801,7334,0,647467,1,0,0,1,38.789549938964846,38.789549938964846,FALSE,TRUE,TRUE
5107883,Serra Nova Dourada,resto_mt,Demais MT,FALSE,2024,0,0,0,,0,0,,FALSE,669000,7000,0,662000,1,0,0,1,38.789549938964846,38.789549938964846,FALSE,TRUE,TRUE
5107909,Sinop,resto_mt,Demais MT,FALSE,2000,24288591,119799,24168792,0.4973,9,29,71.6,FALSE,,,,,4,2,179.10618134900477,0,0,179.10618134900477,FALSE,TRUE,TRUE
5107909,Sinop,resto_mt,Demais MT,FALSE,2001,24908470,179456,24729014,0.475,10,35,67.2,FALSE,,,,,4,2,179.10618134900477,0,0,179.10618134900477,FALSE,TRUE,TRUE
5107909,Sinop,resto_mt,Demais MT,FALSE,2002,28467220,72241,28394979,0.4915,8,27,76,FALSE,18413907,18413907,0,0,4,2,179.10618134900477,0,0,179.10618134900477,FALSE,TRUE,TRUE
5107909,Sinop,resto_mt,Demais MT,FALSE,2003,31268646,191508,31077138,0.4626,12,26,66.7,FALSE,17055762,17055762,0,0,4,2,179.10618134900477,0,0,179.10618134900477,FALSE,TRUE,TRUE
5107909,Sinop,resto_mt,Demais MT,FALSE,2004,44930222,490370,44439852,0.5198,12,28,63.5,FALSE,6998499,6998499,0,0,4,2,179.10618134900477,0,0,179.10618134900477,FALSE,TRUE,TRUE
5107909,Sinop,resto_mt,Demais MT,FALSE,2005,41411777,1511035,39900742,0.5408,12,33,49.9,FALSE,7178230,7178230,0,0,4,2,179.10618134900477,0,0,179.10618134900477,FALSE,TRUE,TRUE
5107909,Sinop,resto_mt,Demais MT,FALSE,2006,50413071,1440221,48972850,0.7189,9,27,38.1,FALSE,7831922,7831922,0,0,4,2,179.10618134900477,0,0,179.10618134900477,FALSE,TRUE,TRUE
5107909,Sinop,resto_mt,Demais MT,FALSE,2007,66469890,1657376,64812514,0.5539,10,31,31.8,FALSE,10094903,10094903,0,0,4,2,179.10618134900477,0,0,179.10618134900477,FALSE,TRUE,TRUE
5107909,Sinop,resto_mt,Demais MT,FALSE,2008,82988333,1881280,81107053,0.552,12,49,51,FALSE,18975648,18975648,0,0,4,2,179.10618134900477,0,0,179.10618134900477,FALSE,TRUE,TRUE
5107909,Sinop,resto_mt,Demais MT,FALSE,2009,135544489,1287326,134257163,0.3994,12,46,77.7,FALSE,31229570,31229570,0,0,4,2,179.10618134900477,0,0,179.10618134900477,FALSE,TRUE,TRUE
5107909,Sinop,resto_mt,Demais MT,FALSE,2010,90976859,7268426,83708433,0.4028,14,42,60.1,FALSE,17077110,17077110,0,0,3,2,179.10618134900477,0,0,179.10618134900477,FALSE,TRUE,TRUE
5107909,Sinop,resto_mt,Demais MT,FALSE,2011,162609018,8572078,154036940,0.4838,11,46,60,FALSE,17402161,17402161,0,0,3,2,179.10618134900477,0,0,179.10618134900477,FALSE,TRUE,TRUE
5107909,Sinop,resto_mt,Demais MT,FALSE,2012,227447514,16189142,211258372,0.4503,12,50,43.8,FALSE,3769612,3769612,0,0,3,2,179.10618134900477,0,0,179.10618134900477,FALSE,TRUE,TRUE
5107909,Sinop,resto_mt,Demais MT,FALSE,2013,334785784,9300713,325485071,0.3755,13,54,49.7,FALSE,3990853,2855652,312134,823067,3,2,179.10618134900477,0,0,179.10618134900477,FALSE,TRUE,TRUE
5107909,Sinop,resto_mt,Demais MT,FALSE,2014,410505379,12534817,397970562,0.4285,12,47,79.4,FALSE,10112764,6261448,115435,3735881,3,2,179.10618134900477,0,0,179.10618134900477,FALSE,TRUE,TRUE
5107909,Sinop,resto_mt,Demais MT,FALSE,2015,412631046,7303617,405327429,0.2845,11,42,64.9,FALSE,16839985,13977785,138316,2723884,3,2,179.10618134900477,0,0,179.10618134900477,FALSE,TRUE,TRUE
5107909,Sinop,resto_mt,Demais MT,FALSE,2016,419096856,2088233,417008623,0.3041,9,37,77.8,FALSE,17608360,13493844,0,4114516,3,2,179.10618134900477,0,0,179.10618134900477,FALSE,TRUE,TRUE
5107909,Sinop,resto_mt,Demais MT,FALSE,2017,644850994,3319496,641531498,0.2568,13,45,64.4,FALSE,10388594,6530799,0,3857795,2,2,179.10618134900477,0,0,179.10618134900477,FALSE,TRUE,TRUE
5107909,Sinop,resto_mt,Demais MT,FALSE,2018,408672866,59830100,348842766,0.2657,9,39,58.2,FALSE,6582201,3577465,29335,2975401,2,2,179.10618134900477,0,0,179.10618134900477,FALSE,TRUE,TRUE
5107909,Sinop,resto_mt,Demais MT,FALSE,2019,819265336,103651081,715614255,0.244,9,46,59.3,FALSE,9393656,5992366,28077,3373213,2,2,179.10618134900477,0,0,179.10618134900477,FALSE,TRUE,TRUE
5107909,Sinop,resto_mt,Demais MT,FALSE,2020,840322115,79406340,760915775,0.2594,11,49,66.9,FALSE,9369907,6163345,24090,3182472,2,2,179.10618134900477,0,0,179.10618134900477,FALSE,TRUE,TRUE
5107909,Sinop,resto_mt,Demais MT,FALSE,2021,1058613803,190201544,868412259,0.346,13,52,78.3,FALSE,8503403,5149462,0,3353941,2,2,179.10618134900477,0,0,179.10618134900477,FALSE,TRUE,TRUE
5107909,Sinop,resto_mt,Demais MT,FALSE,2022,1715685234,393905016,1321780218,0.4046,14,59,59.3,FALSE,7298140,4511222,0,2786918,2,2,179.10618134900477,0,0,179.10618134900477,FALSE,TRUE,TRUE
5107909,Sinop,resto_mt,Demais MT,FALSE,2023,1711023025,364601272,1346421753,0.377,13,66,61,FALSE,5977023,2559486,495553,2921984,2,2,179.10618134900477,0,0,179.10618134900477,FALSE,TRUE,TRUE
5107909,Sinop,resto_mt,Demais MT,FALSE,2024,1415034121,378806751,1036227370,0.2973,18,60,53.3,FALSE,11365000,9322000,905000,1138000,2,2,179.10618134900477,0,0,179.10618134900477,FALSE,TRUE,TRUE
5107925,Sorriso,resto_mt,Demais MT,FALSE,2000,2447749,192853,2254896,0.5137,6,8,97.9,FALSE,,,,,2,2,4714.938640971959,0,0,4714.938640971959,FALSE,TRUE,TRUE
5107925,Sorriso,resto_mt,Demais MT,FALSE,2001,13651061,0,13651061,0.2287,5,12,71.5,FALSE,,,,,2,2,4714.938640971959,0,0,4714.938640971959,FALSE,TRUE,TRUE
5107925,Sorriso,resto_mt,Demais MT,FALSE,2002,15917931,466202,15451729,0.2364,3,13,73.2,FALSE,1280334,1280334,0,0,2,2,4714.938640971959,0,0,4714.938640971959,FALSE,TRUE,TRUE
5107925,Sorriso,resto_mt,Demais MT,FALSE,2003,7306124,795859,6510265,0.4226,4,13,70.6,FALSE,1653397,1653397,0,0,2,2,4714.938640971959,0,0,4714.938640971959,FALSE,TRUE,TRUE
5107925,Sorriso,resto_mt,Demais MT,FALSE,2004,22492929,8655632,13837297,0.3129,7,23,62.5,FALSE,1320919,1320919,0,0,1,2,4714.938640971959,0,0,4714.938640971959,FALSE,TRUE,TRUE
5107925,Sorriso,resto_mt,Demais MT,FALSE,2005,40997515,27682483,13315032,0.2768,8,27,76.4,FALSE,921949,921949,0,0,2,2,4714.938640971959,0,0,4714.938640971959,FALSE,TRUE,TRUE
5107925,Sorriso,resto_mt,Demais MT,FALSE,2006,32180663,2692691,29487972,0.3237,6,25,61,FALSE,1826352,1826352,0,0,1,2,4714.938640971959,0,0,4714.938640971959,FALSE,TRUE,TRUE
5107925,Sorriso,resto_mt,Demais MT,FALSE,2007,149184815,3401805,145783010,0.2426,6,31,54.4,FALSE,9130006,9130006,0,0,2,2,4714.938640971959,0,0,4714.938640971959,FALSE,TRUE,TRUE
5107925,Sorriso,resto_mt,Demais MT,FALSE,2008,280510482,12115508,268394974,0.3903,7,39,79,FALSE,636767,636767,0,0,1,2,4714.938640971959,0,0,4714.938640971959,FALSE,TRUE,TRUE
5107925,Sorriso,resto_mt,Demais MT,FALSE,2009,445339588,660918,444678670,0.281,10,38,74,FALSE,599845,599845,0,0,1,2,4714.938640971959,0,0,4714.938640971959,FALSE,TRUE,TRUE
5107925,Sorriso,resto_mt,Demais MT,FALSE,2010,344413385,14362346,330051039,0.2947,9,32,67.3,FALSE,1208588,1208588,0,0,1,2,4714.938640971959,0,0,4714.938640971959,FALSE,TRUE,TRUE
5107925,Sorriso,resto_mt,Demais MT,FALSE,2011,828050894,25758466,802292428,0.3938,9,36,62.2,FALSE,1976619,1976619,0,0,2,2,4714.938640971959,0,0,4714.938640971959,FALSE,TRUE,TRUE
5107925,Sorriso,resto_mt,Demais MT,FALSE,2012,1160579965,39190069,1121389896,0.3891,6,42,60.5,FALSE,1927955,1927955,0,0,3,2,4714.938640971959,0,0,4714.938640971959,FALSE,TRUE,TRUE
5107925,Sorriso,resto_mt,Demais MT,FALSE,2013,1469969035,74175169,1395793866,0.3478,9,51,50.2,FALSE,215327678,1410176,11853650,202063852,3,2,4714.938640971959,0,0,4714.938640971959,FALSE,TRUE,TRUE
5107925,Sorriso,resto_mt,Demais MT,FALSE,2014,1487294994,111867874,1375427120,0.3711,11,43,64.1,FALSE,247535345,550938,15611645,231372762,3,2,4714.938640971959,0,0,4714.938640971959,FALSE,TRUE,TRUE
5107925,Sorriso,resto_mt,Demais MT,FALSE,2015,1362631103,135668306,1226962797,0.2883,13,49,57.8,FALSE,138826929,0,30482983,108343946,0,2,4714.938640971959,0,0,4714.938640971959,FALSE,TRUE,TRUE
5107925,Sorriso,resto_mt,Demais MT,FALSE,2016,1380549187,174962043,1205587144,0.2577,12,41,51.8,FALSE,74626120,0,9290844,65335276,0,2,4714.938640971959,0,0,4714.938640971959,FALSE,TRUE,TRUE
5107925,Sorriso,resto_mt,Demais MT,FALSE,2017,1553313851,229929851,1323384000,0.2597,11,55,57.4,FALSE,60350654,0,7004716,53345938,0,2,4714.938640971959,0,0,4714.938640971959,FALSE,TRUE,TRUE
5107925,Sorriso,resto_mt,Demais MT,FALSE,2018,1083665297,230978037,852687260,0.2627,9,53,46.8,FALSE,57376340,0,7710897,49665443,0,2,4714.938640971959,0,0,4714.938640971959,FALSE,TRUE,TRUE
5107925,Sorriso,resto_mt,Demais MT,FALSE,2019,1872599279,278693419,1593905860,0.251,12,60,51,FALSE,47663507,0,3034955,44628552,0,2,4714.938640971959,0,0,4714.938640971959,FALSE,TRUE,TRUE
5107925,Sorriso,resto_mt,Demais MT,FALSE,2020,1681199710,300668725,1380530985,0.2553,20,66,55,FALSE,31973065,0,349945,31623120,0,2,4714.938640971959,0,0,4714.938640971959,FALSE,TRUE,TRUE
5107925,Sorriso,resto_mt,Demais MT,FALSE,2021,1887757387,505281840,1382475547,0.3462,14,57,65.7,FALSE,46272643,0,9764871,36507772,0,2,4714.938640971959,0,0,4714.938640971959,FALSE,TRUE,TRUE
5107925,Sorriso,resto_mt,Demais MT,FALSE,2022,2582387194,838971911,1743415283,0.4299,13,62,57.6,FALSE,56591280,129296,9583087,46878897,1,2,4714.938640971959,0,0,4714.938640971959,FALSE,TRUE,TRUE
5107925,Sorriso,resto_mt,Demais MT,FALSE,2023,2825074466,351174073,2473900393,0.3603,17,66,50.9,FALSE,47265106,1048,10694733,36569325,1,2,4714.938640971959,0,0,4714.938640971959,FALSE,TRUE,TRUE
5107925,Sorriso,resto_mt,Demais MT,FALSE,2024,2655015779,242819920,2412195859,0.3195,17,64,49.9,FALSE,80555000,0,12412000,68143000,0,2,4714.938640971959,0,0,4714.938640971959,FALSE,TRUE,TRUE
5107941,Tabaporã,resto_mt,Demais MT,FALSE,2000,0,0,0,,0,0,,FALSE,,,,,3,0,0,1,111640.45738188268,111640.45738188268,FALSE,TRUE,TRUE
5107941,Tabaporã,resto_mt,Demais MT,FALSE,2001,0,0,0,,0,0,,FALSE,,,,,3,0,0,1,111640.45738188268,111640.45738188268,FALSE,TRUE,TRUE
5107941,Tabaporã,resto_mt,Demais MT,FALSE,2002,0,0,0,,0,0,,FALSE,10874164,10874164,0,0,3,0,0,1,111640.45738188268,111640.45738188268,FALSE,TRUE,TRUE
5107941,Tabaporã,resto_mt,Demais MT,FALSE,2003,0,0,0,,0,0,,FALSE,4730726,4730726,0,0,3,0,0,1,111640.45738188268,111640.45738188268,FALSE,TRUE,TRUE
5107941,Tabaporã,resto_mt,Demais MT,FALSE,2004,367236,0,367236,0.6502,1,3,100,FALSE,4928270,4928270,0,0,3,0,0,1,111640.45738188268,111640.45738188268,FALSE,TRUE,TRUE
5107941,Tabaporã,resto_mt,Demais MT,FALSE,2005,436138,0,436138,0.4976,2,2,67.8,FALSE,4660492,4660492,0,0,3,0,0,1,111640.45738188268,111640.45738188268,FALSE,TRUE,TRUE
5107941,Tabaporã,resto_mt,Demais MT,FALSE,2006,574368,0,574368,0.7272,2,3,77.6,FALSE,3471713,3471713,0,0,3,0,0,1,111640.45738188268,111640.45738188268,FALSE,TRUE,TRUE
5107941,Tabaporã,resto_mt,Demais MT,FALSE,2007,552937,0,552937,0.8303,2,3,66,FALSE,3585764,3585764,0,0,3,0,0,1,111640.45738188268,111640.45738188268,FALSE,TRUE,TRUE
5107941,Tabaporã,resto_mt,Demais MT,FALSE,2008,1370780,0,1370780,0.5213,2,3,92,FALSE,8603698,8603698,0,0,3,0,0,1,111640.45738188268,111640.45738188268,FALSE,TRUE,TRUE
5107941,Tabaporã,resto_mt,Demais MT,FALSE,2009,1090340,0,1090340,0.8066,4,5,67.8,FALSE,42821866,42821866,0,0,3,0,0,1,111640.45738188268,111640.45738188268,FALSE,TRUE,TRUE
5107941,Tabaporã,resto_mt,Demais MT,FALSE,2010,0,0,0,,0,0,,FALSE,39171960,39171960,0,0,4,0,0,1,111640.45738188268,111640.45738188268,FALSE,TRUE,TRUE
5107941,Tabaporã,resto_mt,Demais MT,FALSE,2011,488822,0,488822,1.6769,1,2,100,FALSE,90720350,90720350,0,0,4,0,0,1,111640.45738188268,111640.45738188268,FALSE,TRUE,TRUE
5107941,Tabaporã,resto_mt,Demais MT,FALSE,2012,3637568,0,3637568,1.9119,1,8,100,FALSE,43760451,43760451,0,0,3,0,0,1,111640.45738188268,111640.45738188268,FALSE,TRUE,TRUE
5107941,Tabaporã,resto_mt,Demais MT,FALSE,2013,3152668,0,3152668,1.8601,1,8,100,FALSE,26873227,26873227,0,0,3,0,0,1,111640.45738188268,111640.45738188268,FALSE,TRUE,TRUE
5107941,Tabaporã,resto_mt,Demais MT,FALSE,2014,667630,0,667630,0.502,2,2,99.5,FALSE,12313016,11924736,0,388280,4,0,0,1,111640.45738188268,111640.45738188268,FALSE,TRUE,TRUE
5107941,Tabaporã,resto_mt,Demais MT,FALSE,2015,7233796,0,7233796,0.3129,2,7,80.5,FALSE,52509822,52186037,0,323785,3,0,0,1,111640.45738188268,111640.45738188268,FALSE,TRUE,TRUE
5107941,Tabaporã,resto_mt,Demais MT,FALSE,2016,450239,0,450239,0.3501,2,2,97.1,FALSE,21556232,19389843,0,2166389,2,0,0,1,111640.45738188268,111640.45738188268,FALSE,TRUE,TRUE
5107941,Tabaporã,resto_mt,Demais MT,FALSE,2017,0,0,0,,0,0,,FALSE,18212550,16396352,0,1816198,3,0,0,1,111640.45738188268,111640.45738188268,FALSE,TRUE,TRUE
5107941,Tabaporã,resto_mt,Demais MT,FALSE,2018,0,0,0,,0,0,,FALSE,24649727,23002780,0,1646947,3,0,0,1,111640.45738188268,111640.45738188268,FALSE,TRUE,TRUE
5107941,Tabaporã,resto_mt,Demais MT,FALSE,2019,576562,0,576562,1.5432,1,1,100,FALSE,19160329,17535892,0,1624437,3,0,0,1,111640.45738188268,111640.45738188268,FALSE,TRUE,TRUE
5107941,Tabaporã,resto_mt,Demais MT,FALSE,2020,13882665,0,13882665,1.5186,1,9,100,FALSE,19917710,18292240,0,1625470,3,0,0,1,111640.45738188268,111640.45738188268,FALSE,TRUE,TRUE
5107941,Tabaporã,resto_mt,Demais MT,FALSE,2021,5069213,0,5069213,1.5718,1,9,100,FALSE,16989540,15442630,0,1546910,3,0,0,1,111640.45738188268,111640.45738188268,FALSE,TRUE,TRUE
5107941,Tabaporã,resto_mt,Demais MT,FALSE,2022,10242710,3516143,6726567,1.6654,1,8,100,FALSE,22864680,21644521,0,1220159,3,0,0,1,111640.45738188268,111640.45738188268,FALSE,TRUE,TRUE
5107941,Tabaporã,resto_mt,Demais MT,FALSE,2023,18069530,0,18069530,1.7318,1,10,100,FALSE,11252100,10082887,0,1169213,3,0,0,1,111640.45738188268,111640.45738188268,FALSE,TRUE,TRUE
5107941,Tabaporã,resto_mt,Demais MT,FALSE,2024,33510169,1028187,32481982,1.811,1,10,100,FALSE,76789000,76171000,0,618000,3,0,0,1,111640.45738188268,111640.45738188268,FALSE,TRUE,TRUE
5107958,Tangará da Serra,resto_mt,Demais MT,FALSE,2000,6101657,696119,5405538,0.2024,1,5,100,FALSE,,,,,3,0,0,6,591840.9521210133,591840.9521210133,FALSE,TRUE,TRUE
5107958,Tangará da Serra,resto_mt,Demais MT,FALSE,2001,5862906,877155,4985751,0.3453,3,13,38.1,FALSE,,,,,4,0,0,6,591840.9521210133,591840.9521210133,FALSE,TRUE,TRUE
5107958,Tangará da Serra,resto_mt,Demais MT,FALSE,2002,3260172,40816,3219356,0.2458,4,8,96.7,FALSE,2085313,2085313,0,0,4,0,0,6,591840.9521210133,591840.9521210133,FALSE,TRUE,TRUE
5107958,Tangará da Serra,resto_mt,Demais MT,FALSE,2003,2970235,448475,2521760,0.5771,4,13,52.1,FALSE,1480513,1480513,0,0,4,0,0,6,591840.9521210133,591840.9521210133,FALSE,TRUE,TRUE
5107958,Tangará da Serra,resto_mt,Demais MT,FALSE,2004,7811972,114500,7697472,0.7093,5,23,60.6,FALSE,2239046,2239046,0,0,4,0,0,6,591840.9521210133,591840.9521210133,FALSE,TRUE,TRUE
5107958,Tangará da Serra,resto_mt,Demais MT,FALSE,2005,15596258,26105,15570153,1.0188,9,34,56,FALSE,1860814,1860814,0,0,3,0,0,6,591840.9521210133,591840.9521210133,FALSE,TRUE,TRUE
5107958,Tangará da Serra,resto_mt,Demais MT,FALSE,2006,54055605,0,54055605,0.2869,13,24,56.7,FALSE,2426909,2426909,0,0,3,0,0,6,591840.9521210133,591840.9521210133,FALSE,TRUE,TRUE
5107958,Tangará da Serra,resto_mt,Demais MT,FALSE,2007,41021267,15831,41005436,1.8582,6,17,69.6,FALSE,1950655,1950655,0,0,2,0,0,6,591840.9521210133,591840.9521210133,FALSE,TRUE,TRUE
5107958,Tangará da Serra,resto_mt,Demais MT,FALSE,2008,74925657,1704792,73220865,0.4839,8,23,68.6,FALSE,2593600,2593600,0,0,2,0,0,6,591840.9521210133,591840.9521210133,FALSE,TRUE,TRUE
5107958,Tangará da Serra,resto_mt,Demais MT,FALSE,2009,71392210,664984,70727226,0.3254,7,24,75.6,FALSE,2883960,2883960,0,0,2,0,0,6,591840.9521210133,591840.9521210133,FALSE,TRUE,TRUE
5107958,Tangará da Serra,resto_mt,Demais MT,FALSE,2010,59452581,725007,58727574,0.4972,9,29,77.2,FALSE,2651382,2651382,0,0,2,0,0,6,591840.9521210133,591840.9521210133,FALSE,TRUE,TRUE
5107958,Tangará da Serra,resto_mt,Demais MT,FALSE,2011,108357580,1683293,106674287,0.544,8,32,67,FALSE,,,,,,0,0,6,591840.9521210133,591840.9521210133,FALSE,TRUE,TRUE
5107958,Tangará da Serra,resto_mt,Demais MT,FALSE,2012,104619972,1562006,103057966,0.4639,9,38,40.8,FALSE,1990716,1990716,0,0,1,0,0,6,591840.9521210133,591840.9521210133,FALSE,TRUE,TRUE
5107958,Tangará da Serra,resto_mt,Demais MT,FALSE,2013,215454223,5285771,210168452,0.3497,9,38,45.3,FALSE,7877661,2017722,5339716,520223,1,0,0,6,591840.9521210133,591840.9521210133,FALSE,TRUE,TRUE
5107958,Tangará da Serra,resto_mt,Demais MT,FALSE,2014,234379321,120706,234258615,0.5278,10,39,35.1,FALSE,5481390,2203750,2527316,750324,1,0,0,6,591840.9521210133,591840.9521210133,FALSE,TRUE,TRUE
5107958,Tangará da Serra,resto_mt,Demais MT,FALSE,2015,209546451,177851,209368600,0.5298,10,44,34.4,FALSE,6233656,2414245,2184766,1634645,1,0,0,6,591840.9521210133,591840.9521210133,FALSE,TRUE,TRUE
5107958,Tangará da Serra,resto_mt,Demais MT,FALSE,2016,238702904,271899,238431005,0.502,12,37,33.2,FALSE,6208643,2179661,2279944,1749038,1,0,0,6,591840.9521210133,591840.9521210133,FALSE,TRUE,TRUE
5107958,Tangará da Serra,resto_mt,Demais MT,FALSE,2017,221767972,1129951,220638021,0.6009,9,50,42.5,FALSE,6422435,2284335,2722130,1415970,1,0,0,6,591840.9521210133,591840.9521210133,FALSE,TRUE,TRUE
5107958,Tangará da Serra,resto_mt,Demais MT,FALSE,2018,222680776,2736072,219944704,0.72,11,53,40.9,FALSE,6112842,2384511,2188945,1539386,1,0,0,6,591840.9521210133,591840.9521210133,FALSE,TRUE,TRUE
5107958,Tangará da Serra,resto_mt,Demais MT,FALSE,2019,340562720,10838248,329724472,0.4848,11,56,33.9,FALSE,8464451,2149872,4458844,1855735,1,0,0,6,591840.9521210133,591840.9521210133,FALSE,TRUE,TRUE
5107958,Tangará da Serra,resto_mt,Demais MT,FALSE,2020,486133298,277318,485855980,0.5038,14,49,39.3,FALSE,24218484,2306341,20114237,1797906,1,0,0,6,591840.9521210133,591840.9521210133,FALSE,TRUE,TRUE
5107958,Tangará da Serra,resto_mt,Demais MT,FALSE,2021,662874314,4571572,658302742,0.5464,11,49,48.7,FALSE,52324468,2605807,47801137,1917524,1,0,0,6,591840.9521210133,591840.9521210133,FALSE,TRUE,TRUE
5107958,Tangará da Serra,resto_mt,Demais MT,FALSE,2022,964854009,18901064,945952945,0.7638,27,57,49.6,FALSE,45269764,3087884,40080555,2101325,1,0,0,6,591840.9521210133,591840.9521210133,FALSE,TRUE,TRUE
5107958,Tangará da Serra,resto_mt,Demais MT,FALSE,2023,671402379,24192640,647209739,0.5474,15,62,48,FALSE,19143238,3257242,13678531,2207465,1,0,0,6,591840.9521210133,591840.9521210133,FALSE,TRUE,TRUE
5107958,Tangará da Serra,resto_mt,Demais MT,FALSE,2024,673186221,33836453,639349768,0.4235,15,62,53.6,FALSE,26660000,3410000,21104000,2146000,1,0,0,6,591840.9521210133,591840.9521210133,FALSE,TRUE,TRUE
5108006,Tapurah,resto_mt,Demais MT,FALSE,2000,0,0,0,,0,0,,FALSE,,,,,3,0,0,0,0,0,FALSE,TRUE,TRUE
5108006,Tapurah,resto_mt,Demais MT,FALSE,2001,0,0,0,,0,0,,FALSE,,,,,3,0,0,0,0,0,FALSE,TRUE,TRUE
5108006,Tapurah,resto_mt,Demais MT,FALSE,2002,0,0,0,,0,0,,FALSE,9007444,9007444,0,0,3,0,0,0,0,0,FALSE,TRUE,TRUE
5108006,Tapurah,resto_mt,Demais MT,FALSE,2003,0,0,0,,0,0,,FALSE,10143558,10143558,0,0,3,0,0,0,0,0,FALSE,TRUE,TRUE
5108006,Tapurah,resto_mt,Demais MT,FALSE,2004,665997,0,665997,0.2639,1,2,100,FALSE,13730444,13730444,0,0,2,0,0,0,0,0,FALSE,TRUE,TRUE
5108006,Tapurah,resto_mt,Demais MT,FALSE,2005,2026009,0,2026009,0.2328,2,2,96,FALSE,831727,831727,0,0,2,0,0,0,0,0,FALSE,TRUE,TRUE
5108006,Tapurah,resto_mt,Demais MT,FALSE,2006,378798,0,378798,0.2189,1,3,100,FALSE,6979076,6979076,0,0,3,0,0,0,0,0,FALSE,TRUE,TRUE
5108006,Tapurah,resto_mt,Demais MT,FALSE,2007,12227958,0,12227958,0.1931,2,13,78.9,FALSE,25175973,25175973,0,0,3,0,0,0,0,0,FALSE,TRUE,TRUE
5108006,Tapurah,resto_mt,Demais MT,FALSE,2008,23603851,51800,23552051,0.3025,2,14,57.8,FALSE,14753395,14753395,0,0,2,0,0,0,0,0,FALSE,TRUE,TRUE
5108006,Tapurah,resto_mt,Demais MT,FALSE,2009,28339023,0,28339023,0.2268,2,16,61.3,FALSE,9900969,9900969,0,0,2,0,0,0,0,0,FALSE,TRUE,TRUE
5108006,Tapurah,resto_mt,Demais MT,FALSE,2010,17003884,0,17003884,0.3295,2,10,88,FALSE,10620994,10620994,0,0,2,0,0,0,0,0,FALSE,TRUE,TRUE
5108006,Tapurah,resto_mt,Demais MT,FALSE,2011,81319261,0,81319261,0.4489,2,16,80.2,FALSE,13448923,13448923,0,0,2,0,0,0,0,0,FALSE,TRUE,TRUE
5108006,Tapurah,resto_mt,Demais MT,FALSE,2012,94898779,0,94898779,0.398,3,22,67.5,FALSE,15706063,15706063,0,0,2,0,0,0,0,0,FALSE,TRUE,TRUE
5108006,Tapurah,resto_mt,Demais MT,FALSE,2013,126521973,34092,126487881,0.3575,2,24,61.4,FALSE,10198226,7231098,0,2967128,2,0,0,0,0,0,FALSE,TRUE,TRUE
5108006,Tapurah,resto_mt,Demais MT,FALSE,2014,119468565,0,119468565,0.4133,3,21,83.2,FALSE,9505859,4311305,2842138,2352416,2,0,0,0,0,0,FALSE,TRUE,TRUE
5108006,Tapurah,resto_mt,Demais MT,FALSE,2015,110594247,29706,110564541,0.2912,4,17,65.4,FALSE,7979896,4894504,1757243,1328149,3,0,0,0,0,0,FALSE,TRUE,TRUE
5108006,Tapurah,resto_mt,Demais MT,FALSE,2016,117113553,0,117113553,0.2837,3,21,49.1,FALSE,2365478,1153244,0,1212234,1,0,0,0,0,0,FALSE,TRUE,TRUE
5108006,Tapurah,resto_mt,Demais MT,FALSE,2017,133087382,37219,133050163,0.2982,3,23,52.4,FALSE,1142890,219620,0,923270,1,0,0,0,0,0,FALSE,TRUE,TRUE
5108006,Tapurah,resto_mt,Demais MT,FALSE,2018,95882412,19372,95863040,0.3395,4,21,42.1,FALSE,3888975,2078590,653750,1156635,1,0,0,0,0,0,FALSE,TRUE,TRUE
5108006,Tapurah,resto_mt,Demais MT,FALSE,2019,148182541,12771,148169770,0.3049,3,27,45.4,FALSE,2419942,1564272,320876,534794,1,0,0,0,0,0,FALSE,TRUE,TRUE
5108006,Tapurah,resto_mt,Demais MT,FALSE,2020,145750565,1686761,144063804,0.3059,3,26,50.3,FALSE,2907334,608600,0,2298734,1,0,0,0,0,0,FALSE,TRUE,TRUE
5108006,Tapurah,resto_mt,Demais MT,FALSE,2021,158454517,294678,158159839,0.4046,5,26,59.3,FALSE,3896050,1392680,0,2503370,2,0,0,0,0,0,FALSE,TRUE,TRUE
5108006,Tapurah,resto_mt,Demais MT,FALSE,2022,252027377,7231421,244795956,0.4441,3,29,56.6,FALSE,7127557,5237016,0,1890541,3,0,0,0,0,0,FALSE,TRUE,TRUE
5108006,Tapurah,resto_mt,Demais MT,FALSE,2023,247785400,2933394,244852006,0.4098,4,30,57,FALSE,3860706,3066564,338401,455741,3,0,0,0,0,0,FALSE,TRUE,TRUE
5108006,Tapurah,resto_mt,Demais MT,FALSE,2024,178893507,4205754,174687753,0.3638,3,31,52.8,FALSE,8376000,6771000,0,1605000,3,0,0,0,0,0,FALSE,TRUE,TRUE
5108055,Terra Nova do Norte,resto_mt,Demais MT,FALSE,2000,0,0,0,,0,0,,FALSE,,,,,4,1,115.1151249802828,0,0,115.1151249802828,FALSE,TRUE,TRUE
5108055,Terra Nova do Norte,resto_mt,Demais MT,FALSE,2001,0,0,0,,0,0,,FALSE,,,,,4,1,115.1151249802828,0,0,115.1151249802828,FALSE,TRUE,TRUE
5108055,Terra Nova do Norte,resto_mt,Demais MT,FALSE,2002,0,0,0,,0,0,,FALSE,1911826,1911826,0,0,4,1,115.1151249802828,0,0,115.1151249802828,FALSE,TRUE,TRUE
5108055,Terra Nova do Norte,resto_mt,Demais MT,FALSE,2003,0,0,0,,0,0,,FALSE,2282065,2282065,0,0,3,1,115.1151249802828,0,0,115.1151249802828,FALSE,TRUE,TRUE
5108055,Terra Nova do Norte,resto_mt,Demais MT,FALSE,2004,147602,0,147602,0.4118,1,1,100,FALSE,1489735,1489735,0,0,3,1,115.1151249802828,0,0,115.1151249802828,FALSE,TRUE,TRUE
5108055,Terra Nova do Norte,resto_mt,Demais MT,FALSE,2005,25000,0,25000,1.0417,1,1,100,FALSE,1714204,1714204,0,0,4,1,115.1151249802828,0,0,115.1151249802828,FALSE,TRUE,TRUE
5108055,Terra Nova do Norte,resto_mt,Demais MT,FALSE,2006,6138,0,6138,1.9635,1,1,100,FALSE,1053032,1053032,0,0,4,1,115.1151249802828,0,0,115.1151249802828,FALSE,TRUE,TRUE
5108055,Terra Nova do Norte,resto_mt,Demais MT,FALSE,2007,20652,0,20652,1.9886,2,1,81.8,FALSE,1168307,1168307,0,0,4,1,115.1151249802828,0,0,115.1151249802828,FALSE,TRUE,TRUE
5108055,Terra Nova do Norte,resto_mt,Demais MT,FALSE,2008,0,0,0,,0,0,,FALSE,1988671,1988671,0,0,3,1,115.1151249802828,0,0,115.1151249802828,FALSE,TRUE,TRUE
5108055,Terra Nova do Norte,resto_mt,Demais MT,FALSE,2009,28883,0,28883,1.8243,2,1,76.9,FALSE,4243608,4243608,0,0,3,1,115.1151249802828,0,0,115.1151249802828,FALSE,TRUE,TRUE
5108055,Terra Nova do Norte,resto_mt,Demais MT,FALSE,2010,0,0,0,,0,0,,FALSE,2063659,2063659,0,0,3,1,115.1151249802828,0,0,115.1151249802828,FALSE,TRUE,TRUE
5108055,Terra Nova do Norte,resto_mt,Demais MT,FALSE,2011,24824,0,24824,13.7911,1,1,100,FALSE,2668123,2668123,0,0,3,1,115.1151249802828,0,0,115.1151249802828,FALSE,TRUE,TRUE
5108055,Terra Nova do Norte,resto_mt,Demais MT,FALSE,2012,0,0,0,,0,0,,FALSE,1516082,1516082,0,0,3,1,115.1151249802828,0,0,115.1151249802828,FALSE,TRUE,TRUE
5108055,Terra Nova do Norte,resto_mt,Demais MT,FALSE,2013,0,0,0,,0,0,,FALSE,13882519,823067,24153,13035299,3,1,115.1151249802828,0,0,115.1151249802828,FALSE,TRUE,TRUE
5108055,Terra Nova do Norte,resto_mt,Demais MT,FALSE,2014,0,0,0,,0,0,,FALSE,2653245,900739,41976,1710530,3,1,115.1151249802828,0,0,115.1151249802828,FALSE,TRUE,TRUE
5108055,Terra Nova do Norte,resto_mt,Demais MT,FALSE,2015,0,0,0,,0,0,,FALSE,2277500,701011,45581,1530908,3,1,115.1151249802828,0,0,115.1151249802828,FALSE,TRUE,TRUE
5108055,Terra Nova do Norte,resto_mt,Demais MT,FALSE,2016,0,0,0,,0,0,,FALSE,1401000,514683,0,886317,3,1,115.1151249802828,0,0,115.1151249802828,FALSE,TRUE,TRUE
5108055,Terra Nova do Norte,resto_mt,Demais MT,FALSE,2017,0,0,0,,0,0,,FALSE,1223802,533156,0,690646,4,1,115.1151249802828,0,0,115.1151249802828,FALSE,TRUE,TRUE
5108055,Terra Nova do Norte,resto_mt,Demais MT,FALSE,2018,0,0,0,,0,0,,FALSE,1476525,636987,0,839538,3,1,115.1151249802828,0,0,115.1151249802828,FALSE,TRUE,TRUE
5108055,Terra Nova do Norte,resto_mt,Demais MT,FALSE,2019,0,0,0,,0,0,,FALSE,1437259,569556,0,867703,3,1,115.1151249802828,0,0,115.1151249802828,FALSE,TRUE,TRUE
5108055,Terra Nova do Norte,resto_mt,Demais MT,FALSE,2020,0,0,0,,0,0,,FALSE,1970343,1274257,0,696086,3,1,115.1151249802828,0,0,115.1151249802828,FALSE,TRUE,TRUE
5108055,Terra Nova do Norte,resto_mt,Demais MT,FALSE,2021,0,0,0,,0,0,,FALSE,1302903,539807,0,763096,3,1,115.1151249802828,0,0,115.1151249802828,FALSE,TRUE,TRUE
5108055,Terra Nova do Norte,resto_mt,Demais MT,FALSE,2022,0,0,0,,0,0,,FALSE,1035452,450905,0,584547,3,1,115.1151249802828,0,0,115.1151249802828,FALSE,TRUE,TRUE
5108055,Terra Nova do Norte,resto_mt,Demais MT,FALSE,2023,0,0,0,,0,0,,FALSE,775285,152962,0,622323,2,1,115.1151249802828,0,0,115.1151249802828,FALSE,TRUE,TRUE
5108055,Terra Nova do Norte,resto_mt,Demais MT,FALSE,2024,0,176841,-176841,,0,0,,FALSE,1744000,320000,0,1424000,2,1,115.1151249802828,0,0,115.1151249802828,FALSE,TRUE,TRUE
5108105,Tesouro,resto_mt,Demais MT,FALSE,2000,0,0,0,,0,0,,FALSE,,,,,3,0,0,1,30.109514919882827,30.109514919882827,FALSE,TRUE,TRUE
5108105,Tesouro,resto_mt,Demais MT,FALSE,2001,0,0,0,,0,0,,FALSE,,,,,3,0,0,1,30.109514919882827,30.109514919882827,FALSE,TRUE,TRUE
5108105,Tesouro,resto_mt,Demais MT,FALSE,2002,0,0,0,,0,0,,FALSE,218594,218594,0,0,3,0,0,1,30.109514919882827,30.109514919882827,FALSE,TRUE,TRUE
5108105,Tesouro,resto_mt,Demais MT,FALSE,2003,0,0,0,,0,0,,FALSE,188600,188600,0,0,3,0,0,1,30.109514919882827,30.109514919882827,FALSE,TRUE,TRUE
5108105,Tesouro,resto_mt,Demais MT,FALSE,2004,0,0,0,,0,0,,FALSE,186587,186587,0,0,3,0,0,1,30.109514919882827,30.109514919882827,FALSE,TRUE,TRUE
5108105,Tesouro,resto_mt,Demais MT,FALSE,2005,0,0,0,,0,0,,FALSE,422912,422912,0,0,3,0,0,1,30.109514919882827,30.109514919882827,FALSE,TRUE,TRUE
5108105,Tesouro,resto_mt,Demais MT,FALSE,2006,0,0,0,,0,0,,FALSE,496351,496351,0,0,3,0,0,1,30.109514919882827,30.109514919882827,FALSE,TRUE,TRUE
5108105,Tesouro,resto_mt,Demais MT,FALSE,2007,0,0,0,,0,0,,FALSE,391174,391174,0,0,2,0,0,1,30.109514919882827,30.109514919882827,FALSE,TRUE,TRUE
5108105,Tesouro,resto_mt,Demais MT,FALSE,2008,0,0,0,,0,0,,FALSE,754324,754324,0,0,2,0,0,1,30.109514919882827,30.109514919882827,FALSE,TRUE,TRUE
5108105,Tesouro,resto_mt,Demais MT,FALSE,2009,0,0,0,,0,0,,FALSE,971513,971513,0,0,2,0,0,1,30.109514919882827,30.109514919882827,FALSE,TRUE,TRUE
5108105,Tesouro,resto_mt,Demais MT,FALSE,2010,0,0,0,,0,0,,FALSE,808672,808672,0,0,2,0,0,1,30.109514919882827,30.109514919882827,FALSE,TRUE,TRUE
5108105,Tesouro,resto_mt,Demais MT,FALSE,2011,0,0,0,,0,0,,FALSE,853966,853966,0,0,2,0,0,1,30.109514919882827,30.109514919882827,FALSE,TRUE,TRUE
5108105,Tesouro,resto_mt,Demais MT,FALSE,2012,0,0,0,,0,0,,FALSE,464827,464827,0,0,2,0,0,1,30.109514919882827,30.109514919882827,FALSE,TRUE,TRUE
5108105,Tesouro,resto_mt,Demais MT,FALSE,2013,0,0,0,,0,0,,FALSE,1850507,648421,78033,1124053,2,0,0,1,30.109514919882827,30.109514919882827,FALSE,TRUE,TRUE
5108105,Tesouro,resto_mt,Demais MT,FALSE,2014,0,0,0,,0,0,,FALSE,1764749,626145,78705,1059899,2,0,0,1,30.109514919882827,30.109514919882827,FALSE,TRUE,TRUE
5108105,Tesouro,resto_mt,Demais MT,FALSE,2015,0,0,0,,0,0,,FALSE,3920004,2574566,0,1345438,2,0,0,1,30.109514919882827,30.109514919882827,FALSE,TRUE,TRUE
5108105,Tesouro,resto_mt,Demais MT,FALSE,2016,0,0,0,,0,0,,FALSE,3154463,2974545,0,179918,1,0,0,1,30.109514919882827,30.109514919882827,FALSE,TRUE,TRUE
5108105,Tesouro,resto_mt,Demais MT,FALSE,2017,0,0,0,,0,0,,FALSE,3395438,3133917,0,261521,1,0,0,1,30.109514919882827,30.109514919882827,FALSE,TRUE,TRUE
5108105,Tesouro,resto_mt,Demais MT,FALSE,2018,0,0,0,,0,0,,FALSE,264014,0,0,264014,0,0,0,1,30.109514919882827,30.109514919882827,FALSE,TRUE,TRUE
5108105,Tesouro,resto_mt,Demais MT,FALSE,2019,0,0,0,,0,0,,FALSE,208570,0,0,208570,0,0,0,1,30.109514919882827,30.109514919882827,FALSE,TRUE,TRUE
5108105,Tesouro,resto_mt,Demais MT,FALSE,2020,0,0,0,,0,0,,FALSE,313176,0,0,313176,0,0,0,1,30.109514919882827,30.109514919882827,FALSE,TRUE,TRUE
5108105,Tesouro,resto_mt,Demais MT,FALSE,2021,0,0,0,,0,0,,FALSE,173797,85172,0,88625,1,0,0,1,30.109514919882827,30.109514919882827,FALSE,TRUE,TRUE
5108105,Tesouro,resto_mt,Demais MT,FALSE,2022,0,0,0,,0,0,,FALSE,174930,79316,0,95614,1,0,0,1,30.109514919882827,30.109514919882827,FALSE,TRUE,TRUE
5108105,Tesouro,resto_mt,Demais MT,FALSE,2023,0,0,0,,0,0,,FALSE,427454,112102,0,315352,1,0,0,1,30.109514919882827,30.109514919882827,FALSE,TRUE,TRUE
5108105,Tesouro,resto_mt,Demais MT,FALSE,2024,0,0,0,,0,0,,FALSE,627000,53000,0,574000,1,0,0,1,30.109514919882827,30.109514919882827,FALSE,TRUE,TRUE
5108204,Torixoréu,resto_mt,Demais MT,FALSE,2000,0,0,0,,0,0,,FALSE,,,,,3,0,0,0,0,0,FALSE,TRUE,TRUE
5108204,Torixoréu,resto_mt,Demais MT,FALSE,2001,0,0,0,,0,0,,FALSE,,,,,3,0,0,0,0,0,FALSE,TRUE,TRUE
5108204,Torixoréu,resto_mt,Demais MT,FALSE,2002,0,0,0,,0,0,,FALSE,204715,204715,0,0,3,0,0,0,0,0,FALSE,TRUE,TRUE
5108204,Torixoréu,resto_mt,Demais MT,FALSE,2003,0,0,0,,0,0,,FALSE,119447,119447,0,0,3,0,0,0,0,0,FALSE,TRUE,TRUE
5108204,Torixoréu,resto_mt,Demais MT,FALSE,2004,0,0,0,,0,0,,FALSE,133277,133277,0,0,3,0,0,0,0,0,FALSE,TRUE,TRUE
5108204,Torixoréu,resto_mt,Demais MT,FALSE,2005,0,0,0,,0,0,,FALSE,126874,126874,0,0,3,0,0,0,0,0,FALSE,TRUE,TRUE
5108204,Torixoréu,resto_mt,Demais MT,FALSE,2006,0,0,0,,0,0,,FALSE,205670,205670,0,0,3,0,0,0,0,0,FALSE,TRUE,TRUE
5108204,Torixoréu,resto_mt,Demais MT,FALSE,2007,0,0,0,,0,0,,FALSE,169509,169509,0,0,3,0,0,0,0,0,FALSE,TRUE,TRUE
5108204,Torixoréu,resto_mt,Demais MT,FALSE,2008,0,0,0,,0,0,,FALSE,168988,168988,0,0,3,0,0,0,0,0,FALSE,TRUE,TRUE
5108204,Torixoréu,resto_mt,Demais MT,FALSE,2009,137558,0,137558,0.275,1,1,100,FALSE,152902,152902,0,0,3,0,0,0,0,0,FALSE,TRUE,TRUE
5108204,Torixoréu,resto_mt,Demais MT,FALSE,2010,5423000,0,5423000,0.374,1,4,100,FALSE,176759,176759,0,0,3,0,0,0,0,0,FALSE,TRUE,TRUE
5108204,Torixoréu,resto_mt,Demais MT,FALSE,2011,5298282,93400,5204882,0.3839,1,3,100,FALSE,137468,137468,0,0,3,0,0,0,0,0,FALSE,TRUE,TRUE
5108204,Torixoréu,resto_mt,Demais MT,FALSE,2012,0,0,0,,0,0,,FALSE,98065,98065,0,0,3,0,0,0,0,0,FALSE,TRUE,TRUE
5108204,Torixoréu,resto_mt,Demais MT,FALSE,2013,0,0,0,,0,0,,FALSE,418036,109618,0,308418,3,0,0,0,0,0,FALSE,TRUE,TRUE
5108204,Torixoréu,resto_mt,Demais MT,FALSE,2014,0,0,0,,0,0,,FALSE,437252,97944,0,339308,3,0,0,0,0,0,FALSE,TRUE,TRUE
5108204,Torixoréu,resto_mt,Demais MT,FALSE,2015,0,0,0,,0,0,,FALSE,352078,86448,0,265630,3,0,0,0,0,0,FALSE,TRUE,TRUE
5108204,Torixoréu,resto_mt,Demais MT,FALSE,2016,0,0,0,,0,0,,FALSE,320018,97333,0,222685,3,0,0,0,0,0,FALSE,TRUE,TRUE
5108204,Torixoréu,resto_mt,Demais MT,FALSE,2017,0,0,0,,0,0,,FALSE,359772,109810,0,249962,3,0,0,0,0,0,FALSE,TRUE,TRUE
5108204,Torixoréu,resto_mt,Demais MT,FALSE,2018,0,0,0,,0,0,,FALSE,88005,88005,0,0,3,0,0,0,0,0,FALSE,TRUE,TRUE
5108204,Torixoréu,resto_mt,Demais MT,FALSE,2019,0,0,0,,0,0,,FALSE,86904,86904,0,0,3,0,0,0,0,0,FALSE,TRUE,TRUE
5108204,Torixoréu,resto_mt,Demais MT,FALSE,2020,0,0,0,,0,0,,FALSE,84950,84950,0,0,3,0,0,0,0,0,FALSE,TRUE,TRUE
5108204,Torixoréu,resto_mt,Demais MT,FALSE,2021,0,0,0,,0,0,,FALSE,97833,87474,0,10359,3,0,0,0,0,0,FALSE,TRUE,TRUE
5108204,Torixoréu,resto_mt,Demais MT,FALSE,2022,0,0,0,,0,0,,FALSE,101046,71710,0,29336,3,0,0,0,0,0,FALSE,TRUE,TRUE
5108204,Torixoréu,resto_mt,Demais MT,FALSE,2023,0,0,0,,0,0,,FALSE,207441,92196,0,115245,3,0,0,0,0,0,FALSE,TRUE,TRUE
5108204,Torixoréu,resto_mt,Demais MT,FALSE,2024,0,0,0,,0,0,,FALSE,133000,94000,0,39000,3,0,0,0,0,0,FALSE,TRUE,TRUE
5108303,União do Sul,resto_mt,Demais MT,FALSE,2000,382653,0,382653,0.3579,2,4,91.6,FALSE,,,,,3,0,0,1,624.9208621102374,624.9208621102374,FALSE,TRUE,TRUE
5108303,União do Sul,resto_mt,Demais MT,FALSE,2001,53848,0,53848,0.111,1,1,100,FALSE,,,,,3,0,0,1,624.9208621102374,624.9208621102374,FALSE,TRUE,TRUE
5108303,União do Sul,resto_mt,Demais MT,FALSE,2002,50241,0,50241,0.1099,1,1,100,FALSE,38899249,38899249,0,0,3,0,0,1,624.9208621102374,624.9208621102374,FALSE,TRUE,TRUE
5108303,União do Sul,resto_mt,Demais MT,FALSE,2003,55656,0,55656,0.1687,1,1,100,FALSE,42309354,42309354,0,0,3,0,0,1,624.9208621102374,624.9208621102374,FALSE,TRUE,TRUE
5108303,União do Sul,resto_mt,Demais MT,FALSE,2004,283209,0,283209,0.5364,1,3,100,FALSE,39547590,39547590,0,0,3,0,0,1,624.9208621102374,624.9208621102374,FALSE,TRUE,TRUE
5108303,União do Sul,resto_mt,Demais MT,FALSE,2005,588187,0,588187,0.5733,1,4,100,FALSE,38879727,38879727,0,0,2,0,0,1,624.9208621102374,624.9208621102374,FALSE,TRUE,TRUE
5108303,União do Sul,resto_mt,Demais MT,FALSE,2006,21739,0,21739,0.6394,1,1,100,FALSE,26808428,26808428,0,0,2,0,0,1,624.9208621102374,624.9208621102374,FALSE,TRUE,TRUE
5108303,União do Sul,resto_mt,Demais MT,FALSE,2007,0,0,0,,0,0,,FALSE,21204251,21204251,0,0,2,0,0,1,624.9208621102374,624.9208621102374,FALSE,TRUE,TRUE
5108303,União do Sul,resto_mt,Demais MT,FALSE,2008,0,0,0,,0,0,,FALSE,34733175,34733175,0,0,2,0,0,1,624.9208621102374,624.9208621102374,FALSE,TRUE,TRUE
5108303,União do Sul,resto_mt,Demais MT,FALSE,2009,0,0,0,,0,0,,FALSE,72541238,72541238,0,0,3,0,0,1,624.9208621102374,624.9208621102374,FALSE,TRUE,TRUE
5108303,União do Sul,resto_mt,Demais MT,FALSE,2010,0,0,0,,0,0,,FALSE,29386150,29386150,0,0,3,0,0,1,624.9208621102374,624.9208621102374,FALSE,TRUE,TRUE
5108303,União do Sul,resto_mt,Demais MT,FALSE,2011,0,0,0,,0,0,,FALSE,48163683,48163683,0,0,3,0,0,1,624.9208621102374,624.9208621102374,FALSE,TRUE,TRUE
5108303,União do Sul,resto_mt,Demais MT,FALSE,2012,0,0,0,,0,0,,FALSE,61245410,61245410,0,0,3,0,0,1,624.9208621102374,624.9208621102374,FALSE,TRUE,TRUE
5108303,União do Sul,resto_mt,Demais MT,FALSE,2013,0,0,0,,0,0,,FALSE,12695296,12695296,0,0,3,0,0,1,624.9208621102374,624.9208621102374,FALSE,TRUE,TRUE
5108303,União do Sul,resto_mt,Demais MT,FALSE,2014,0,0,0,,0,0,,FALSE,7538224,7538224,0,0,3,0,0,1,624.9208621102374,624.9208621102374,FALSE,TRUE,TRUE
5108303,União do Sul,resto_mt,Demais MT,FALSE,2015,0,0,0,,0,0,,FALSE,33510219,33510219,0,0,3,0,0,1,624.9208621102374,624.9208621102374,FALSE,TRUE,TRUE
5108303,União do Sul,resto_mt,Demais MT,FALSE,2016,275161,0,275161,1.3655,2,2,63,FALSE,30140676,30140676,0,0,3,0,0,1,624.9208621102374,624.9208621102374,FALSE,TRUE,TRUE
5108303,União do Sul,resto_mt,Demais MT,FALSE,2017,381693,0,381693,1.3023,2,2,75.7,FALSE,28846772,28816430,0,30342,3,0,0,1,624.9208621102374,624.9208621102374,FALSE,TRUE,TRUE
5108303,União do Sul,resto_mt,Demais MT,FALSE,2018,0,0,0,,0,0,,FALSE,21610069,21531843,0,78226,3,0,0,1,624.9208621102374,624.9208621102374,FALSE,TRUE,TRUE
5108303,União do Sul,resto_mt,Demais MT,FALSE,2019,0,0,0,,0,0,,FALSE,1135100,895780,0,239320,3,0,0,1,624.9208621102374,624.9208621102374,FALSE,TRUE,TRUE
5108303,União do Sul,resto_mt,Demais MT,FALSE,2020,13628787,0,13628787,1.4854,1,10,100,FALSE,20478129,20263851,0,214278,3,0,0,1,624.9208621102374,624.9208621102374,FALSE,TRUE,TRUE
5108303,União do Sul,resto_mt,Demais MT,FALSE,2021,18103982,0,18103982,1.57,1,12,100,FALSE,15629088,15390836,0,238252,3,0,0,1,624.9208621102374,624.9208621102374,FALSE,TRUE,TRUE
5108303,União do Sul,resto_mt,Demais MT,FALSE,2022,22268053,0,22268053,1.8294,1,10,100,FALSE,12096202,11948436,0,147766,3,0,0,1,624.9208621102374,624.9208621102374,FALSE,TRUE,TRUE
5108303,União do Sul,resto_mt,Demais MT,FALSE,2023,16235910,302304,15933606,1.8451,1,8,100,FALSE,6060838,5880637,0,180201,3,0,0,1,624.9208621102374,624.9208621102374,FALSE,TRUE,TRUE
5108303,União do Sul,resto_mt,Demais MT,FALSE,2024,17735229,0,17735229,1.783,1,14,100,FALSE,38450000,38032000,0,418000,3,0,0,1,624.9208621102374,624.9208621102374,FALSE,TRUE,TRUE
5108352,Vale de São Domingos,resto_mt,Demais MT,FALSE,2000,0,0,0,,0,0,,FALSE,,,,,,0,0,1,1.7420873662948608,1.7420873662948608,FALSE,TRUE,TRUE
5108352,Vale de São Domingos,resto_mt,Demais MT,FALSE,2001,0,0,0,,0,0,,FALSE,,,,,2,0,0,1,1.7420873662948608,1.7420873662948608,FALSE,TRUE,TRUE
5108352,Vale de São Domingos,resto_mt,Demais MT,FALSE,2002,0,0,0,,0,0,,FALSE,197775,197775,0,0,2,0,0,1,1.7420873662948608,1.7420873662948608,FALSE,TRUE,TRUE
5108352,Vale de São Domingos,resto_mt,Demais MT,FALSE,2003,0,0,0,,0,0,,FALSE,201174,201174,0,0,2,0,0,1,1.7420873662948608,1.7420873662948608,FALSE,TRUE,TRUE
5108352,Vale de São Domingos,resto_mt,Demais MT,FALSE,2004,0,0,0,,0,0,,FALSE,364289,364289,0,0,2,0,0,1,1.7420873662948608,1.7420873662948608,FALSE,TRUE,TRUE
5108352,Vale de São Domingos,resto_mt,Demais MT,FALSE,2005,0,0,0,,0,0,,FALSE,468023,468023,0,0,2,0,0,1,1.7420873662948608,1.7420873662948608,FALSE,TRUE,TRUE
5108352,Vale de São Domingos,resto_mt,Demais MT,FALSE,2006,0,0,0,,0,0,,FALSE,285196,285196,0,0,2,0,0,1,1.7420873662948608,1.7420873662948608,FALSE,TRUE,TRUE
5108352,Vale de São Domingos,resto_mt,Demais MT,FALSE,2007,0,0,0,,0,0,,FALSE,320763,320763,0,0,2,0,0,1,1.7420873662948608,1.7420873662948608,FALSE,TRUE,TRUE
5108352,Vale de São Domingos,resto_mt,Demais MT,FALSE,2008,0,0,0,,0,0,,FALSE,472677,472677,0,0,2,0,0,1,1.7420873662948608,1.7420873662948608,FALSE,TRUE,TRUE
5108352,Vale de São Domingos,resto_mt,Demais MT,FALSE,2009,0,0,0,,0,0,,FALSE,837430,837430,0,0,2,0,0,1,1.7420873662948608,1.7420873662948608,FALSE,TRUE,TRUE
5108352,Vale de São Domingos,resto_mt,Demais MT,FALSE,2010,0,0,0,,0,0,,FALSE,603189,603189,0,0,2,0,0,1,1.7420873662948608,1.7420873662948608,FALSE,TRUE,TRUE
5108352,Vale de São Domingos,resto_mt,Demais MT,FALSE,2011,0,0,0,,0,0,,FALSE,589445,589445,0,0,3,0,0,1,1.7420873662948608,1.7420873662948608,FALSE,TRUE,TRUE
5108352,Vale de São Domingos,resto_mt,Demais MT,FALSE,2012,0,0,0,,0,0,,FALSE,541318,541318,0,0,3,0,0,1,1.7420873662948608,1.7420873662948608,FALSE,TRUE,TRUE
5108352,Vale de São Domingos,resto_mt,Demais MT,FALSE,2013,0,0,0,,0,0,,FALSE,798914,358582,0,440332,2,0,0,1,1.7420873662948608,1.7420873662948608,FALSE,TRUE,TRUE
5108352,Vale de São Domingos,resto_mt,Demais MT,FALSE,2014,0,0,0,,0,0,,FALSE,806293,404021,0,402272,2,0,0,1,1.7420873662948608,1.7420873662948608,FALSE,TRUE,TRUE
5108352,Vale de São Domingos,resto_mt,Demais MT,FALSE,2015,0,0,0,,0,0,,FALSE,738734,375654,0,363080,2,0,0,1,1.7420873662948608,1.7420873662948608,FALSE,TRUE,TRUE
5108352,Vale de São Domingos,resto_mt,Demais MT,FALSE,2016,0,0,0,,0,0,,FALSE,582521,340664,0,241857,2,0,0,1,1.7420873662948608,1.7420873662948608,FALSE,TRUE,TRUE
5108352,Vale de São Domingos,resto_mt,Demais MT,FALSE,2017,0,0,0,,0,0,,FALSE,1365400,340989,0,1024411,2,0,0,1,1.7420873662948608,1.7420873662948608,FALSE,TRUE,TRUE
5108352,Vale de São Domingos,resto_mt,Demais MT,FALSE,2018,0,0,0,,0,0,,FALSE,642574,149468,0,493106,2,0,0,1,1.7420873662948608,1.7420873662948608,FALSE,TRUE,TRUE
5108352,Vale de São Domingos,resto_mt,Demais MT,FALSE,2019,0,1653,-1653,,0,0,,FALSE,505380,143057,0,362323,2,0,0,1,1.7420873662948608,1.7420873662948608,FALSE,TRUE,TRUE
5108352,Vale de São Domingos,resto_mt,Demais MT,FALSE,2020,0,0,0,,0,0,,FALSE,826682,330926,0,495756,2,0,0,1,1.7420873662948608,1.7420873662948608,FALSE,TRUE,TRUE
5108352,Vale de São Domingos,resto_mt,Demais MT,FALSE,2021,0,0,0,,0,0,,FALSE,979480,520241,0,459239,2,0,0,1,1.7420873662948608,1.7420873662948608,FALSE,TRUE,TRUE
5108352,Vale de São Domingos,resto_mt,Demais MT,FALSE,2022,0,0,0,,0,0,,FALSE,849657,462857,0,386800,2,0,0,1,1.7420873662948608,1.7420873662948608,FALSE,TRUE,TRUE
5108352,Vale de São Domingos,resto_mt,Demais MT,FALSE,2023,0,0,0,,0,0,,FALSE,779475,388690,0,390785,2,0,0,1,1.7420873662948608,1.7420873662948608,FALSE,TRUE,TRUE
5108352,Vale de São Domingos,resto_mt,Demais MT,FALSE,2024,1428,0,1428,,1,1,100,FALSE,750000,441000,0,309000,2,0,0,1,1.7420873662948608,1.7420873662948608,FALSE,TRUE,TRUE
5108402,Várzea Grande,polo_metropolitano,Polo Metropolitano,FALSE,2000,5658861,3985593,1673268,0.9811,12,17,37.2,FALSE,,,,,2,0,0,0,0,0,FALSE,TRUE,TRUE
5108402,Várzea Grande,polo_metropolitano,Polo Metropolitano,FALSE,2001,3531010,743083,2787927,0.7055,17,21,50.3,FALSE,,,,,2,0,0,0,0,0,FALSE,TRUE,TRUE
5108402,Várzea Grande,polo_metropolitano,Polo Metropolitano,FALSE,2002,14164058,601318,13562740,1.3724,27,33,65.4,FALSE,170017,170017,0,0,2,0,0,0,0,0,FALSE,TRUE,TRUE
5108402,Várzea Grande,polo_metropolitano,Polo Metropolitano,FALSE,2003,27809926,1302094,26507832,1.525,46,34,57.9,FALSE,216890,216890,0,0,2,0,0,0,0,0,FALSE,TRUE,TRUE
5108402,Várzea Grande,polo_metropolitano,Polo Metropolitano,FALSE,2004,24406027,3125749,21280278,1.1986,48,43,41.9,FALSE,319864,319864,0,0,2,0,0,0,0,0,FALSE,TRUE,TRUE
5108402,Várzea Grande,polo_metropolitano,Polo Metropolitano,FALSE,2005,26861023,6953536,19907487,1.4936,30,49,41.7,FALSE,445468,445468,0,0,2,0,0,0,0,0,FALSE,TRUE,TRUE
5108402,Várzea Grande,polo_metropolitano,Polo Metropolitano,FALSE,2006,52338014,16883149,35454865,1.9737,27,53,46.7,FALSE,452474,452474,0,0,2,0,0,0,0,0,FALSE,TRUE,TRUE
5108402,Várzea Grande,polo_metropolitano,Polo Metropolitano,FALSE,2007,6266819,13431423,-7164604,1.053,51,19,28.7,FALSE,636310,636310,0,0,2,0,0,0,0,0,FALSE,TRUE,TRUE
5108402,Várzea Grande,polo_metropolitano,Polo Metropolitano,FALSE,2008,7735133,29459944,-21724811,1.7407,23,23,59.2,FALSE,582886,582886,0,0,2,0,0,0,0,0,FALSE,TRUE,TRUE
5108402,Várzea Grande,polo_metropolitano,Polo Metropolitano,FALSE,2009,28706443,12076753,16629690,2.9388,19,22,40.3,FALSE,868011,868011,0,0,2,0,0,0,0,0,FALSE,TRUE,TRUE
5108402,Várzea Grande,polo_metropolitano,Polo Metropolitano,FALSE,2010,35470548,17617479,17853069,3.0112,19,29,46.9,FALSE,881585,881585,0,0,2,0,0,0,0,0,FALSE,TRUE,TRUE
5108402,Várzea Grande,polo_metropolitano,Polo Metropolitano,FALSE,2011,37797192,14399825,23397367,3.8071,33,24,50,FALSE,866463,866463,0,0,2,0,0,0,0,0,FALSE,TRUE,TRUE
5108402,Várzea Grande,polo_metropolitano,Polo Metropolitano,FALSE,2012,43112888,10533373,32579515,3.5575,42,24,36,FALSE,635460,635460,0,0,2,0,0,0,0,0,FALSE,TRUE,TRUE
5108402,Várzea Grande,polo_metropolitano,Polo Metropolitano,FALSE,2013,40975466,29427181,11548285,3.0977,31,23,36.6,FALSE,30221232,386451,3210518,26624263,2,0,0,0,0,0,FALSE,TRUE,TRUE
5108402,Várzea Grande,polo_metropolitano,Polo Metropolitano,FALSE,2014,46016414,26259168,19757246,3.1482,25,30,46.7,FALSE,116253060,164407,0,116088653,2,0,0,0,0,0,FALSE,TRUE,TRUE
5108402,Várzea Grande,polo_metropolitano,Polo Metropolitano,FALSE,2015,171096968,9819110,161277858,3.1869,20,47,63.3,FALSE,75265965,111596,0,75154369,2,0,0,0,0,0,FALSE,TRUE,TRUE
5108402,Várzea Grande,polo_metropolitano,Polo Metropolitano,FALSE,2016,158213819,8301073,149912746,3.5244,20,58,54,FALSE,19065401,104706,0,18960695,1,0,0,0,0,0,FALSE,TRUE,TRUE
5108402,Várzea Grande,polo_metropolitano,Polo Metropolitano,FALSE,2017,233513831,11404173,222109658,3.7251,17,54,71.8,FALSE,7235894,161825,0,7074069,2,0,0,0,0,0,FALSE,TRUE,TRUE
5108402,Várzea Grande,polo_metropolitano,Polo Metropolitano,FALSE,2018,180371453,13818321,166553132,3.295,74,54,64.4,FALSE,8298993,71242,0,8227751,2,0,0,0,0,0,FALSE,TRUE,TRUE
5108402,Várzea Grande,polo_metropolitano,Polo Metropolitano,FALSE,2019,180480959,13519069,166961890,3.3421,21,60,74,FALSE,8695749,88241,0,8607508,2,0,0,0,0,0,FALSE,TRUE,TRUE
5108402,Várzea Grande,polo_metropolitano,Polo Metropolitano,FALSE,2020,284730895,20638116,264092779,3.8045,29,51,81.4,FALSE,9689422,87486,0,9601936,2,0,0,0,0,0,FALSE,TRUE,TRUE
5108402,Várzea Grande,polo_metropolitano,Polo Metropolitano,FALSE,2021,369386366,24336323,345050043,4.5998,28,44,86.3,FALSE,10916997,102437,0,10814560,2,0,0,0,0,0,FALSE,TRUE,TRUE
5108402,Várzea Grande,polo_metropolitano,Polo Metropolitano,FALSE,2022,753725852,23297252,730428600,5.6485,35,49,94.7,FALSE,13696643,63018,0,13633625,2,0,0,0,0,0,FALSE,TRUE,TRUE
5108402,Várzea Grande,polo_metropolitano,Polo Metropolitano,FALSE,2023,449073515,21990148,427083367,4.2992,40,48,90.8,FALSE,10325950,62861,0,10263089,2,0,0,0,0,0,FALSE,TRUE,TRUE
5108402,Várzea Grande,polo_metropolitano,Polo Metropolitano,FALSE,2024,363207318,23814297,339393021,4.147,38,57,84.2,FALSE,10717000,59000,0,10658000,2,0,0,0,0,0,FALSE,TRUE,TRUE
5108501,Vera,resto_mt,Demais MT,FALSE,2000,37942,0,37942,0.4062,1,1,100,FALSE,,,,,3,0,0,0,0,0,FALSE,TRUE,TRUE
5108501,Vera,resto_mt,Demais MT,FALSE,2001,240161,0,240161,0.3981,3,5,51.6,FALSE,,,,,3,0,0,0,0,0,FALSE,TRUE,TRUE
5108501,Vera,resto_mt,Demais MT,FALSE,2002,452040,0,452040,0.5293,1,2,100,FALSE,9135824,9135824,0,0,3,0,0,0,0,0,FALSE,TRUE,TRUE
5108501,Vera,resto_mt,Demais MT,FALSE,2003,131391,0,131391,0.4078,1,3,100,FALSE,16125333,16125333,0,0,3,0,0,0,0,0,FALSE,TRUE,TRUE
5108501,Vera,resto_mt,Demais MT,FALSE,2004,527032,0,527032,0.5943,1,4,100,FALSE,10454803,10454803,0,0,3,0,0,0,0,0,FALSE,TRUE,TRUE
5108501,Vera,resto_mt,Demais MT,FALSE,2005,756560,0,756560,0.4424,2,6,74.2,FALSE,4677409,4677409,0,0,4,0,0,0,0,0,FALSE,TRUE,TRUE
5108501,Vera,resto_mt,Demais MT,FALSE,2006,130168,0,130168,0.2479,2,2,83,FALSE,3573177,3573177,0,0,4,0,0,0,0,0,FALSE,TRUE,TRUE
5108501,Vera,resto_mt,Demais MT,FALSE,2007,255058,0,255058,0.9873,2,2,92.3,FALSE,2680847,2680847,0,0,4,0,0,0,0,0,FALSE,TRUE,TRUE
5108501,Vera,resto_mt,Demais MT,FALSE,2008,48562,0,48562,1.1,1,1,100,FALSE,4890858,4890858,0,0,4,0,0,0,0,0,FALSE,TRUE,TRUE
5108501,Vera,resto_mt,Demais MT,FALSE,2009,0,0,0,,0,0,,FALSE,6600646,6600646,0,0,2,0,0,0,0,0,FALSE,TRUE,TRUE
5108501,Vera,resto_mt,Demais MT,FALSE,2010,0,0,0,,0,0,,FALSE,4131737,4131737,0,0,3,0,0,0,0,0,FALSE,TRUE,TRUE
5108501,Vera,resto_mt,Demais MT,FALSE,2011,1565460,0,1565460,0.4725,1,1,100,FALSE,2632715,2632715,0,0,3,0,0,0,0,0,FALSE,TRUE,TRUE
5108501,Vera,resto_mt,Demais MT,FALSE,2012,439028,0,439028,0.2471,1,2,100,FALSE,8674815,8674815,0,0,3,0,0,0,0,0,FALSE,TRUE,TRUE
5108501,Vera,resto_mt,Demais MT,FALSE,2013,1473305,28428,1444877,0.3128,2,6,70.6,FALSE,3942547,1456624,2380020,105903,3,0,0,0,0,0,FALSE,TRUE,TRUE
5108501,Vera,resto_mt,Demais MT,FALSE,2014,3493978,498525,2995453,0.3347,2,7,63.1,FALSE,18091738,13710473,2404886,1976379,3,0,0,0,0,0,FALSE,TRUE,TRUE
5108501,Vera,resto_mt,Demais MT,FALSE,2015,2241682,0,2241682,0.2557,2,9,54.9,FALSE,14589205,4539283,4023741,6026181,3,0,0,0,0,0,FALSE,TRUE,TRUE
5108501,Vera,resto_mt,Demais MT,FALSE,2016,1665028,0,1665028,0.1942,2,8,86.1,FALSE,6811811,2200308,1150295,3461208,3,0,0,0,0,0,FALSE,TRUE,TRUE
5108501,Vera,resto_mt,Demais MT,FALSE,2017,10962441,0,10962441,0.2402,4,17,52.5,FALSE,4783955,746996,1264259,2772700,3,0,0,0,0,0,FALSE,TRUE,TRUE
5108501,Vera,resto_mt,Demais MT,FALSE,2018,7546977,0,7546977,0.2998,2,11,79,FALSE,3168173,124324,268205,2775644,1,0,0,0,0,0,FALSE,TRUE,TRUE
5108501,Vera,resto_mt,Demais MT,FALSE,2019,26913498,812,26912686,0.3068,4,18,90.3,FALSE,3342462,953270,0,2389192,1,0,0,0,0,0,FALSE,TRUE,TRUE
5108501,Vera,resto_mt,Demais MT,FALSE,2020,12924098,0,12924098,0.2502,2,14,69.5,FALSE,9783248,4951216,0,4832032,2,0,0,0,0,0,FALSE,TRUE,TRUE
5108501,Vera,resto_mt,Demais MT,FALSE,2021,30877756,936740,29941016,0.4538,2,10,89.2,FALSE,6250945,3212371,0,3038574,2,0,0,0,0,0,FALSE,TRUE,TRUE
5108501,Vera,resto_mt,Demais MT,FALSE,2022,30194782,2864748,27330034,0.3862,2,20,51.1,FALSE,12521031,10284977,0,2236054,2,0,0,0,0,0,FALSE,TRUE,TRUE
5108501,Vera,resto_mt,Demais MT,FALSE,2023,185426999,6105218,179321781,0.423,4,28,59.5,FALSE,5772725,4467314,0,1305411,2,0,0,0,0,0,FALSE,TRUE,TRUE
5108501,Vera,resto_mt,Demais MT,FALSE,2024,304636868,23320310,281316558,0.368,4,32,76.5,FALSE,10443000,6705000,0,3738000,1,0,0,0,0,0,FALSE,TRUE,TRUE
5108600,Vila Rica,resto_mt,Demais MT,FALSE,2000,0,0,0,,0,0,,FALSE,,,,,2,0,0,0,0,0,FALSE,TRUE,TRUE
5108600,Vila Rica,resto_mt,Demais MT,FALSE,2001,0,0,0,,0,0,,FALSE,,,,,3,0,0,0,0,0,FALSE,TRUE,TRUE
5108600,Vila Rica,resto_mt,Demais MT,FALSE,2002,0,0,0,,0,0,,FALSE,1825083,1825083,0,0,3,0,0,0,0,0,FALSE,TRUE,TRUE
5108600,Vila Rica,resto_mt,Demais MT,FALSE,2003,0,0,0,,0,0,,FALSE,1889147,1889147,0,0,3,0,0,0,0,0,FALSE,TRUE,TRUE
5108600,Vila Rica,resto_mt,Demais MT,FALSE,2004,0,0,0,,0,0,,FALSE,2147233,2147233,0,0,3,0,0,0,0,0,FALSE,TRUE,TRUE
5108600,Vila Rica,resto_mt,Demais MT,FALSE,2005,0,0,0,,0,0,,FALSE,2354211,2354211,0,0,3,0,0,0,0,0,FALSE,TRUE,TRUE
5108600,Vila Rica,resto_mt,Demais MT,FALSE,2006,0,0,0,,0,0,,FALSE,5989117,5989117,0,0,3,0,0,0,0,0,FALSE,TRUE,TRUE
5108600,Vila Rica,resto_mt,Demais MT,FALSE,2007,0,0,0,,0,0,,FALSE,5400812,5400812,0,0,3,0,0,0,0,0,FALSE,TRUE,TRUE
5108600,Vila Rica,resto_mt,Demais MT,FALSE,2008,0,0,0,,0,0,,FALSE,6979943,6979943,0,0,2,0,0,0,0,0,FALSE,TRUE,TRUE
5108600,Vila Rica,resto_mt,Demais MT,FALSE,2009,1863859,0,1863859,2.7686,2,3,54,FALSE,6403050,6403050,0,0,2,0,0,0,0,0,FALSE,TRUE,TRUE
5108600,Vila Rica,resto_mt,Demais MT,FALSE,2010,0,0,0,,0,0,,FALSE,4312915,4312915,0,0,2,0,0,0,0,0,FALSE,TRUE,TRUE
5108600,Vila Rica,resto_mt,Demais MT,FALSE,2011,0,160000,-160000,,0,0,,FALSE,3557497,3557497,0,0,2,0,0,0,0,0,FALSE,TRUE,TRUE
5108600,Vila Rica,resto_mt,Demais MT,FALSE,2012,10372266,0,10372266,0.4743,2,6,82.9,FALSE,231433,231433,0,0,2,0,0,0,0,0,FALSE,TRUE,TRUE
5108600,Vila Rica,resto_mt,Demais MT,FALSE,2013,19948516,0,19948516,1.0497,5,10,46.5,FALSE,915964,91039,0,824925,2,0,0,0,0,0,FALSE,TRUE,TRUE
5108600,Vila Rica,resto_mt,Demais MT,FALSE,2014,17908687,71764,17836923,0.3214,5,10,42.9,FALSE,2048088,36729,0,2011359,2,0,0,0,0,0,FALSE,TRUE,TRUE
5108600,Vila Rica,resto_mt,Demais MT,FALSE,2015,21875279,0,21875279,0.2289,2,9,51.3,FALSE,1307715,45581,0,1262134,2,0,0,0,0,0,FALSE,TRUE,TRUE
5108600,Vila Rica,resto_mt,Demais MT,FALSE,2016,5226709,0,5226709,0.2964,2,7,83.5,FALSE,768338,35394,0,732944,2,0,0,0,0,0,FALSE,TRUE,TRUE
5108600,Vila Rica,resto_mt,Demais MT,FALSE,2017,18389263,0,18389263,0.2391,2,9,63.6,FALSE,804791,27452,0,777339,2,0,0,0,0,0,FALSE,TRUE,TRUE
5108600,Vila Rica,resto_mt,Demais MT,FALSE,2018,12742277,0,12742277,0.3625,2,6,98.3,FALSE,945702,226298,0,719404,2,0,0,0,0,0,FALSE,TRUE,TRUE
5108600,Vila Rica,resto_mt,Demais MT,FALSE,2019,24843539,0,24843539,0.2888,2,13,81.6,FALSE,885084,217929,0,667155,2,0,0,0,0,0,FALSE,TRUE,TRUE
5108600,Vila Rica,resto_mt,Demais MT,FALSE,2020,42518160,0,42518160,0.265,2,17,74.4,FALSE,945866,226957,0,718909,2,0,0,0,0,0,FALSE,TRUE,TRUE
5108600,Vila Rica,resto_mt,Demais MT,FALSE,2021,57712335,0,57712335,0.367,2,19,67.5,FALSE,1354697,133513,0,1221184,2,0,0,0,0,0,FALSE,TRUE,TRUE
5108600,Vila Rica,resto_mt,Demais MT,FALSE,2022,97121,71882,25239,0.4907,2,2,96.8,FALSE,727967,127123,0,600844,2,0,0,0,0,0,FALSE,TRUE,TRUE
5108600,Vila Rica,resto_mt,Demais MT,FALSE,2023,14172006,1742058,12429948,0.2459,1,8,100,FALSE,1486660,582511,0,904149,2,0,0,0,0,0,FALSE,TRUE,TRUE
5108600,Vila Rica,resto_mt,Demais MT,FALSE,2024,50745611,1983249,48762362,0.3489,2,10,77.7,FALSE,2581000,1035000,0,1546000,2,0,0,0,0,0,FALSE,TRUE,TRUE
5108808,Nova Guarita,resto_mt,Demais MT,FALSE,2000,0,0,0,,0,0,,FALSE,,,,,3,0,0,0,0,0,FALSE,TRUE,TRUE
5108808,Nova Guarita,resto_mt,Demais MT,FALSE,2001,0,0,0,,0,0,,FALSE,,,,,3,0,0,0,0,0,FALSE,TRUE,TRUE
5108808,Nova Guarita,resto_mt,Demais MT,FALSE,2002,0,0,0,,0,0,,FALSE,974997,974997,0,0,3,0,0,0,0,0,FALSE,TRUE,TRUE
5108808,Nova Guarita,resto_mt,Demais MT,FALSE,2003,0,0,0,,0,0,,FALSE,1141032,1141032,0,0,3,0,0,0,0,0,FALSE,TRUE,TRUE
5108808,Nova Guarita,resto_mt,Demais MT,FALSE,2004,0,0,0,,0,0,,FALSE,915166,915166,0,0,3,0,0,0,0,0,FALSE,TRUE,TRUE
5108808,Nova Guarita,resto_mt,Demais MT,FALSE,2005,0,0,0,,0,0,,FALSE,1023447,1023447,0,0,2,0,0,0,0,0,FALSE,TRUE,TRUE
5108808,Nova Guarita,resto_mt,Demais MT,FALSE,2006,0,0,0,,0,0,,FALSE,677341,677341,0,0,2,0,0,0,0,0,FALSE,TRUE,TRUE
5108808,Nova Guarita,resto_mt,Demais MT,FALSE,2007,0,0,0,,0,0,,FALSE,664996,664996,0,0,2,0,0,0,0,0,FALSE,TRUE,TRUE
5108808,Nova Guarita,resto_mt,Demais MT,FALSE,2008,0,0,0,,0,0,,FALSE,879228,879228,0,0,2,0,0,0,0,0,FALSE,TRUE,TRUE
5108808,Nova Guarita,resto_mt,Demais MT,FALSE,2009,0,0,0,,0,0,,FALSE,738632,738632,0,0,2,0,0,0,0,0,FALSE,TRUE,TRUE
5108808,Nova Guarita,resto_mt,Demais MT,FALSE,2010,0,0,0,,0,0,,FALSE,689359,689359,0,0,2,0,0,0,0,0,FALSE,TRUE,TRUE
5108808,Nova Guarita,resto_mt,Demais MT,FALSE,2011,0,0,0,,0,0,,FALSE,237444,237444,0,0,2,0,0,0,0,0,FALSE,TRUE,TRUE
5108808,Nova Guarita,resto_mt,Demais MT,FALSE,2012,0,0,0,,0,0,,FALSE,98065,98065,0,0,1,0,0,0,0,0,FALSE,TRUE,TRUE
5108808,Nova Guarita,resto_mt,Demais MT,FALSE,2013,0,0,0,,0,0,,FALSE,2316850,124482,925254,1267114,1,0,0,0,0,0,FALSE,TRUE,TRUE
5108808,Nova Guarita,resto_mt,Demais MT,FALSE,2014,0,0,0,,0,0,,FALSE,545691,169654,0,376037,1,0,0,0,0,0,FALSE,TRUE,TRUE
5108808,Nova Guarita,resto_mt,Demais MT,FALSE,2015,0,0,0,,0,0,,FALSE,539118,150890,0,388228,1,0,0,0,0,0,FALSE,TRUE,TRUE
5108808,Nova Guarita,resto_mt,Demais MT,FALSE,2016,0,0,0,,0,0,,FALSE,589895,138625,0,451270,1,0,0,0,0,0,FALSE,TRUE,TRUE
5108808,Nova Guarita,resto_mt,Demais MT,FALSE,2017,0,0,0,,0,0,,FALSE,462358,59240,0,403118,1,0,0,0,0,0,FALSE,TRUE,TRUE
5108808,Nova Guarita,resto_mt,Demais MT,FALSE,2018,0,0,0,,0,0,,FALSE,375767,58670,0,317097,1,0,0,0,0,0,FALSE,TRUE,TRUE
5108808,Nova Guarita,resto_mt,Demais MT,FALSE,2019,0,0,0,,0,0,,FALSE,229961,54816,0,175145,1,0,0,0,0,0,FALSE,TRUE,TRUE
5108808,Nova Guarita,resto_mt,Demais MT,FALSE,2020,0,0,0,,0,0,,FALSE,360089,51985,0,308104,1,0,0,0,0,0,FALSE,TRUE,TRUE
5108808,Nova Guarita,resto_mt,Demais MT,FALSE,2021,0,0,0,,0,0,,FALSE,451183,154231,0,296952,1,0,0,0,0,0,FALSE,TRUE,TRUE
5108808,Nova Guarita,resto_mt,Demais MT,FALSE,2022,0,0,0,,0,0,,FALSE,1324465,130382,0,1194083,1,0,0,0,0,0,FALSE,TRUE,TRUE
5108808,Nova Guarita,resto_mt,Demais MT,FALSE,2023,0,0,0,,0,0,,FALSE,511269,125722,0,385547,1,0,0,0,0,0,FALSE,TRUE,TRUE
5108808,Nova Guarita,resto_mt,Demais MT,FALSE,2024,0,0,0,,0,0,,FALSE,1141000,123000,0,1018000,1,0,0,0,0,0,FALSE,TRUE,TRUE
5108857,Nova Marilândia,resto_mt,Demais MT,FALSE,2000,0,0,0,,0,0,,FALSE,,,,,2,0,0,0,0,0,FALSE,TRUE,TRUE
5108857,Nova Marilândia,resto_mt,Demais MT,FALSE,2001,0,0,0,,0,0,,FALSE,,,,,2,0,0,0,0,0,FALSE,TRUE,TRUE
5108857,Nova Marilândia,resto_mt,Demais MT,FALSE,2002,0,0,0,,0,0,,FALSE,138790,138790,0,0,2,0,0,0,0,0,FALSE,TRUE,TRUE
5108857,Nova Marilândia,resto_mt,Demais MT,FALSE,2003,0,0,0,,0,0,,FALSE,166597,166597,0,0,2,0,0,0,0,0,FALSE,TRUE,TRUE
5108857,Nova Marilândia,resto_mt,Demais MT,FALSE,2004,0,0,0,,0,0,,FALSE,142162,142162,0,0,2,0,0,0,0,0,FALSE,TRUE,TRUE
5108857,Nova Marilândia,resto_mt,Demais MT,FALSE,2005,0,0,0,,0,0,,FALSE,163526,163526,0,0,2,0,0,0,0,0,FALSE,TRUE,TRUE
5108857,Nova Marilândia,resto_mt,Demais MT,FALSE,2006,0,0,0,,0,0,,FALSE,180990,180990,0,0,2,0,0,0,0,0,FALSE,TRUE,TRUE
5108857,Nova Marilândia,resto_mt,Demais MT,FALSE,2007,0,0,0,,0,0,,FALSE,1311738,1311738,0,0,2,0,0,0,0,0,FALSE,TRUE,TRUE
5108857,Nova Marilândia,resto_mt,Demais MT,FALSE,2008,0,0,0,,0,0,,FALSE,592683,592683,0,0,1,0,0,0,0,0,FALSE,TRUE,TRUE
5108857,Nova Marilândia,resto_mt,Demais MT,FALSE,2009,0,0,0,,0,0,,FALSE,197596,197596,0,0,1,0,0,0,0,0,FALSE,TRUE,TRUE
5108857,Nova Marilândia,resto_mt,Demais MT,FALSE,2010,0,0,0,,0,0,,FALSE,541324,541324,0,0,2,0,0,0,0,0,FALSE,TRUE,TRUE
5108857,Nova Marilândia,resto_mt,Demais MT,FALSE,2011,0,0,0,,0,0,,FALSE,110391,110391,0,0,1,0,0,0,0,0,FALSE,TRUE,TRUE
5108857,Nova Marilândia,resto_mt,Demais MT,FALSE,2012,0,0,0,,0,0,,FALSE,192207,192207,0,0,1,0,0,0,0,0,FALSE,TRUE,TRUE
5108857,Nova Marilândia,resto_mt,Demais MT,FALSE,2013,0,1077709,-1077709,,0,0,,FALSE,429184,384593,0,44591,2,0,0,0,0,0,FALSE,TRUE,TRUE
5108857,Nova Marilândia,resto_mt,Demais MT,FALSE,2014,19112419,535500,18576919,0.5139,2,4,86.2,FALSE,3254904,402272,2273710,578922,2,0,0,0,0,0,FALSE,TRUE,TRUE
5108857,Nova Marilândia,resto_mt,Demais MT,FALSE,2015,0,1994,-1994,,0,0,,FALSE,3920004,410233,2973796,535975,1,0,0,0,0,0,FALSE,TRUE,TRUE
5108857,Nova Marilândia,resto_mt,Demais MT,FALSE,2016,0,0,0,,0,0,,FALSE,3505450,389331,2663375,452744,1,0,0,0,0,0,FALSE,TRUE,TRUE
5108857,Nova Marilândia,resto_mt,Demais MT,FALSE,2017,0,0,0,,0,0,,FALSE,3424335,382890,2084943,956502,1,0,0,0,0,0,FALSE,TRUE,TRUE
5108857,Nova Marilândia,resto_mt,Demais MT,FALSE,2018,0,0,0,,0,0,,FALSE,3268750,291952,2346795,630003,1,0,0,0,0,0,FALSE,TRUE,TRUE
5108857,Nova Marilândia,resto_mt,Demais MT,FALSE,2019,0,0,0,,0,0,,FALSE,3695427,213918,2829060,652449,1,0,0,0,0,0,FALSE,TRUE,TRUE
5108857,Nova Marilândia,resto_mt,Demais MT,FALSE,2020,0,1440391,-1440391,,0,0,,FALSE,5137599,181312,3494379,1461908,1,0,0,0,0,0,FALSE,TRUE,TRUE
5108857,Nova Marilândia,resto_mt,Demais MT,FALSE,2021,0,9176322,-9176322,,0,0,,FALSE,3840803,248611,3291788,300404,1,0,0,0,0,0,FALSE,TRUE,TRUE
5108857,Nova Marilândia,resto_mt,Demais MT,FALSE,2022,4289,464862,-460573,1429.6667,2,3,60.5,FALSE,4030981,232515,3226958,571508,1,0,0,0,0,0,FALSE,TRUE,TRUE
5108857,Nova Marilândia,resto_mt,Demais MT,FALSE,2023,12286,2513261,-2500975,78.2548,4,3,68.7,FALSE,5467850,301732,3976999,1189119,2,0,0,0,0,0,FALSE,TRUE,TRUE
5108857,Nova Marilândia,resto_mt,Demais MT,FALSE,2024,9831,910,8921,1638.5,3,1,45.9,FALSE,8204000,408000,5063000,2733000,2,0,0,0,0,0,FALSE,TRUE,TRUE
5108907,Nova Maringá,resto_mt,Demais MT,FALSE,2000,234849,0,234849,0.5963,1,3,100,FALSE,,,,,2,1,519.0150457462788,2,13183.818635499765,13702.833681246044,FALSE,TRUE,TRUE
5108907,Nova Maringá,resto_mt,Demais MT,FALSE,2001,194228,0,194228,0.5679,1,1,100,FALSE,,,,,2,1,519.0150457462788,2,13183.818635499765,13702.833681246044,FALSE,TRUE,TRUE
5108907,Nova Maringá,resto_mt,Demais MT,FALSE,2002,353160,0,353160,0.5022,1,2,100,FALSE,9222568,9222568,0,0,2,1,519.0150457462788,2,13183.818635499765,13702.833681246044,FALSE,TRUE,TRUE
5108907,Nova Maringá,resto_mt,Demais MT,FALSE,2003,307436,0,307436,0.4458,1,2,100,FALSE,8619038,8619038,0,0,2,1,519.0150457462788,2,13183.818635499765,13702.833681246044,FALSE,TRUE,TRUE
5108907,Nova Maringá,resto_mt,Demais MT,FALSE,2004,404778,0,404778,0.4439,1,3,100,FALSE,17349643,17349643,0,0,3,1,519.0150457462788,2,13183.818635499765,13702.833681246044,FALSE,TRUE,TRUE
5108907,Nova Maringá,resto_mt,Demais MT,FALSE,2005,166477,0,166477,0.4978,1,2,100,FALSE,45451783,45451783,0,0,3,1,519.0150457462788,2,13183.818635499765,13702.833681246044,FALSE,TRUE,TRUE
5108907,Nova Maringá,resto_mt,Demais MT,FALSE,2006,0,0,0,,0,0,,FALSE,62315334,62315334,0,0,3,1,519.0150457462788,2,13183.818635499765,13702.833681246044,FALSE,TRUE,TRUE
5108907,Nova Maringá,resto_mt,Demais MT,FALSE,2007,1960800,0,1960800,0.2675,1,1,100,FALSE,53064087,53064087,0,0,2,1,519.0150457462788,2,13183.818635499765,13702.833681246044,FALSE,TRUE,TRUE
5108907,Nova Maringá,resto_mt,Demais MT,FALSE,2008,5841401,0,5841401,0.2674,2,4,87.7,FALSE,28532047,28532047,0,0,3,1,519.0150457462788,2,13183.818635499765,13702.833681246044,FALSE,TRUE,TRUE
5108907,Nova Maringá,resto_mt,Demais MT,FALSE,2009,28734354,0,28734354,0.4323,2,5,97.1,FALSE,38408889,38408889,0,0,3,1,519.0150457462788,2,13183.818635499765,13702.833681246044,FALSE,TRUE,TRUE
5108907,Nova Maringá,resto_mt,Demais MT,FALSE,2010,7274091,0,7274091,0.3483,2,9,79.6,FALSE,65091428,65091428,0,0,3,1,519.0150457462788,2,13183.818635499765,13702.833681246044,FALSE,TRUE,TRUE
5108907,Nova Maringá,resto_mt,Demais MT,FALSE,2011,6880396,30150,6850246,0.4387,2,7,87.8,FALSE,58109263,58109263,0,0,3,1,519.0150457462788,2,13183.818635499765,13702.833681246044,FALSE,TRUE,TRUE
5108907,Nova Maringá,resto_mt,Demais MT,FALSE,2012,39554519,0,39554519,0.4434,2,13,82.7,FALSE,131736373,131736373,0,0,3,1,519.0150457462788,2,13183.818635499765,13702.833681246044,FALSE,TRUE,TRUE
5108907,Nova Maringá,resto_mt,Demais MT,FALSE,2013,25143838,141262,25002576,0.476,2,8,89.8,FALSE,85223653,83759598,685579,778476,3,1,519.0150457462788,2,13183.818635499765,13702.833681246044,FALSE,TRUE,TRUE
5108907,Nova Maringá,resto_mt,Demais MT,FALSE,2014,9453193,0,9453193,0.2965,2,11,54.5,FALSE,43186504,34735298,7706129,745077,3,1,519.0150457462788,2,13183.818635499765,13702.833681246044,FALSE,TRUE,TRUE
5108907,Nova Maringá,resto_mt,Demais MT,FALSE,2015,5107775,0,5107775,0.2044,2,7,83.2,FALSE,29453471,24074861,4661881,716729,3,1,519.0150457462788,2,13183.818635499765,13702.833681246044,FALSE,TRUE,TRUE
5108907,Nova Maringá,resto_mt,Demais MT,FALSE,2016,11817022,0,11817022,0.2666,2,11,69.7,FALSE,40937227,30810207,10013465,113555,3,1,519.0150457462788,2,13183.818635499765,13702.833681246044,FALSE,TRUE,TRUE
5108907,Nova Maringá,resto_mt,Demais MT,FALSE,2017,21702188,0,21702188,0.2777,2,8,76.9,FALSE,68853697,44249055,24536733,67909,3,1,519.0150457462788,2,13183.818635499765,13702.833681246044,FALSE,TRUE,TRUE
5108907,Nova Maringá,resto_mt,Demais MT,FALSE,2018,24810875,0,24810875,0.2453,2,13,53.9,FALSE,38421782,37689805,614637,117340,3,1,519.0150457462788,2,13183.818635499765,13702.833681246044,FALSE,TRUE,TRUE
5108907,Nova Maringá,resto_mt,Demais MT,FALSE,2019,39468931,0,39468931,0.2007,2,15,64.2,FALSE,33288247,31961958,1040174,286115,3,1,519.0150457462788,2,13183.818635499765,13702.833681246044,FALSE,TRUE,TRUE
5108907,Nova Maringá,resto_mt,Demais MT,FALSE,2020,45345138,0,45345138,0.2415,3,21,54.9,FALSE,46659349,42889831,3384071,385447,3,1,519.0150457462788,2,13183.818635499765,13702.833681246044,FALSE,TRUE,TRUE
5108907,Nova Maringá,resto_mt,Demais MT,FALSE,2021,49024653,0,49024653,0.3371,2,16,71.2,FALSE,59655027,57164317,1885297,605413,3,1,519.0150457462788,2,13183.818635499765,13702.833681246044,FALSE,TRUE,TRUE
5108907,Nova Maringá,resto_mt,Demais MT,FALSE,2022,46972031,0,46972031,0.3293,2,15,53,FALSE,50755592,48252255,1807966,695371,3,1,519.0150457462788,2,13183.818635499765,13702.833681246044,FALSE,TRUE,TRUE
5108907,Nova Maringá,resto_mt,Demais MT,FALSE,2023,90763859,0,90763859,0.3704,2,15,70.5,FALSE,23495306,20430838,2233657,830811,3,1,519.0150457462788,2,13183.818635499765,13702.833681246044,FALSE,TRUE,TRUE
5108907,Nova Maringá,resto_mt,Demais MT,FALSE,2024,28856461,2121950,26734511,0.2651,2,16,52.2,FALSE,51944000,42791000,7837000,1316000,3,1,519.0150457462788,2,13183.818635499765,13702.833681246044,FALSE,TRUE,TRUE
5108956,Nova Monte Verde,resto_mt,Demais MT,FALSE,2000,0,0,0,,0,0,,FALSE,,,,,4,0,0,0,0,0,FALSE,TRUE,TRUE
5108956,Nova Monte Verde,resto_mt,Demais MT,FALSE,2001,0,0,0,,0,0,,FALSE,,,,,4,0,0,0,0,0,FALSE,TRUE,TRUE
5108956,Nova Monte Verde,resto_mt,Demais MT,FALSE,2002,0,0,0,,0,0,,FALSE,614144,614144,0,0,4,0,0,0,0,0,FALSE,TRUE,TRUE
5108956,Nova Monte Verde,resto_mt,Demais MT,FALSE,2003,0,0,0,,0,0,,FALSE,832985,832985,0,0,4,0,0,0,0,0,FALSE,TRUE,TRUE
5108956,Nova Monte Verde,resto_mt,Demais MT,FALSE,2004,0,0,0,,0,0,,FALSE,767080,767080,0,0,4,0,0,0,0,0,FALSE,TRUE,TRUE
5108956,Nova Monte Verde,resto_mt,Demais MT,FALSE,2005,0,0,0,,0,0,,FALSE,1226445,1226445,0,0,3,0,0,0,0,0,FALSE,TRUE,TRUE
5108956,Nova Monte Verde,resto_mt,Demais MT,FALSE,2006,0,0,0,,0,0,,FALSE,625237,625237,0,0,3,0,0,0,0,0,FALSE,TRUE,TRUE
5108956,Nova Monte Verde,resto_mt,Demais MT,FALSE,2007,0,0,0,,0,0,,FALSE,552860,552860,0,0,3,0,0,0,0,0,FALSE,TRUE,TRUE
5108956,Nova Monte Verde,resto_mt,Demais MT,FALSE,2008,0,0,0,,0,0,,FALSE,1178018,1178018,0,0,3,0,0,0,0,0,FALSE,TRUE,TRUE
5108956,Nova Monte Verde,resto_mt,Demais MT,FALSE,2009,0,0,0,,0,0,,FALSE,77749302,77749302,0,0,3,0,0,0,0,0,FALSE,TRUE,TRUE
5108956,Nova Monte Verde,resto_mt,Demais MT,FALSE,2010,0,0,0,,0,0,,FALSE,33047267,33047267,0,0,3,0,0,0,0,0,FALSE,TRUE,TRUE
5108956,Nova Monte Verde,resto_mt,Demais MT,FALSE,2011,0,0,0,,0,0,,FALSE,33969102,33969102,0,0,4,0,0,0,0,0,FALSE,TRUE,TRUE
5108956,Nova Monte Verde,resto_mt,Demais MT,FALSE,2012,0,0,0,,0,0,,FALSE,23017777,23017777,0,0,4,0,0,0,0,0,FALSE,TRUE,TRUE
5108956,Nova Monte Verde,resto_mt,Demais MT,FALSE,2013,39626,0,39626,2.5207,1,1,100,FALSE,11913104,11690151,0,222953,3,0,0,0,0,0,FALSE,TRUE,TRUE
5108956,Nova Monte Verde,resto_mt,Demais MT,FALSE,2014,0,0,0,,0,0,,FALSE,10366370,10287665,0,78705,3,0,0,0,0,0,FALSE,TRUE,TRUE
5108956,Nova Monte Verde,resto_mt,Demais MT,FALSE,2015,117403,0,117403,0.9826,2,4,82.6,FALSE,16693811,16623081,0,70730,3,0,0,0,0,0,FALSE,TRUE,TRUE
5108956,Nova Monte Verde,resto_mt,Demais MT,FALSE,2016,249500,0,249500,0.9033,2,2,85.3,FALSE,27021607,26949345,0,72262,3,0,0,0,0,0,FALSE,TRUE,TRUE
5108956,Nova Monte Verde,resto_mt,Demais MT,FALSE,2017,494826,0,494826,0.9025,2,3,94.9,FALSE,23973235,23870649,0,102586,3,0,0,0,0,0,FALSE,TRUE,TRUE
5108956,Nova Monte Verde,resto_mt,Demais MT,FALSE,2018,840443,14936,825507,0.8623,3,2,64.7,FALSE,14569685,14494252,0,75433,4,0,0,0,0,0,FALSE,TRUE,TRUE
5108956,Nova Monte Verde,resto_mt,Demais MT,FALSE,2019,419834,0,419834,0.839,3,2,77.5,FALSE,10173117,10058136,0,114981,4,0,0,0,0,0,FALSE,TRUE,TRUE
5108956,Nova Monte Verde,resto_mt,Demais MT,FALSE,2020,98868,0,98868,0.963,1,1,100,FALSE,4896695,4418691,253583,224421,4,0,0,0,0,0,FALSE,TRUE,TRUE
5108956,Nova Monte Verde,resto_mt,Demais MT,FALSE,2021,258836,0,258836,1.582,3,2,54.4,FALSE,8526422,8463118,0,63304,4,0,0,0,0,0,FALSE,TRUE,TRUE
5108956,Nova Monte Verde,resto_mt,Demais MT,FALSE,2022,524408,0,524408,2.2933,3,4,36.6,FALSE,5766150,5592307,0,173843,4,0,0,0,0,0,FALSE,TRUE,TRUE
5108956,Nova Monte Verde,resto_mt,Demais MT,FALSE,2023,0,0,0,,0,0,,FALSE,3404965,2602441,0,802524,4,0,0,0,0,0,FALSE,TRUE,TRUE
5108956,Nova Monte Verde,resto_mt,Demais MT,FALSE,2024,2579884,0,2579884,3.8756,4,4,65.9,FALSE,31522000,30652000,0,870000,4,0,0,0,0,0,FALSE,TRUE,TRUE
