id_municipio,municipio,grupo,subgrupo,pantanal_norte,ano,n_beneficiarios_bf,valor_medio_bf_real,perc_pop_bf,n_beneficiarios_bpc,perc_pop_bpc,total_beneficiarios,perc_pop_total_assist,transf_pc_real,valor_total_bf_real,valor_total_bpc_real
5100102,Acorizal,resto_mt,Demais MT,FALSE,2013,727,235.13,13.39,,,727,13.39,377.87,2.052,
5100102,Acorizal,resto_mt,Demais MT,FALSE,2014,717,232.92,13.29,,,717,13.29,371.26,2.003,
5100102,Acorizal,resto_mt,Demais MT,FALSE,2015,692,216.74,12.91,,,692,12.91,335.62,1.8,
5100102,Acorizal,resto_mt,Demais MT,FALSE,2016,671,215.73,12.66,,,671,12.66,327.73,1.737,
5100102,Acorizal,resto_mt,Demais MT,FALSE,2017,670,225.04,12.72,,,670,12.72,343.39,1.809,
5100102,Acorizal,resto_mt,Demais MT,FALSE,2018,705,227.27,13,,,705,13,354.27,1.922,
5100102,Acorizal,resto_mt,Demais MT,FALSE,2019,733,225.07,13.58,167,3.09,900,16.67,863.28,1.98,2.681
5100102,Acorizal,resto_mt,Demais MT,FALSE,2020,766,212.28,14.36,170,3.19,936,17.55,874,1.952,2.71
5100102,Acorizal,resto_mt,Demais MT,FALSE,2021,783,220.73,14.75,169,3.18,952,17.93,875.65,2.075,2.574
5100102,Acorizal,resto_mt,Demais MT,FALSE,2022,937,323.97,18.69,170,3.39,1107,22.08,1261.63,3.643,2.682
5100102,Acorizal,resto_mt,Demais MT,FALSE,2023,958,638.88,19.11,175,3.49,1133,22.6,2043.19,7.346,2.898
5100102,Acorizal,resto_mt,Demais MT,FALSE,2024,898,668.46,18,155,3.11,1053,21.1,1970.61,7.2,2.633
5100201,Água Boa,resto_mt,Demais MT,FALSE,2013,829,232.34,3.68,,,829,3.68,102.46,2.31,
5100201,Água Boa,resto_mt,Demais MT,FALSE,2014,853,241.26,3.7,,,853,3.7,107.11,2.47,
5100201,Água Boa,resto_mt,Demais MT,FALSE,2015,959,234.47,4.07,,,959,4.07,114.54,2.698,
5100201,Água Boa,resto_mt,Demais MT,FALSE,2016,921,224.95,3.83,,,921,3.83,103.49,2.487,
5100201,Água Boa,resto_mt,Demais MT,FALSE,2017,683,220.42,2.79,,,683,2.79,73.74,1.807,
5100201,Água Boa,resto_mt,Demais MT,FALSE,2018,654,202.38,2.59,,,654,2.59,62.91,1.587,
5100201,Água Boa,resto_mt,Demais MT,FALSE,2019,533,197.09,2.07,488,1.9,1021,3.97,352.57,1.261,7.808
5100201,Água Boa,resto_mt,Demais MT,FALSE,2020,566,198.08,2.16,500,1.91,1066,4.07,354.67,1.345,7.949
5100201,Água Boa,resto_mt,Demais MT,FALSE,2021,715,201.03,2.68,518,1.94,1233,4.62,359.58,1.724,7.869
5100201,Água Boa,resto_mt,Demais MT,FALSE,2022,971,324.24,3.32,543,1.86,1514,5.18,422.84,3.777,8.578
5100201,Água Boa,resto_mt,Demais MT,FALSE,2023,1008,664.16,3.45,577,1.97,1585,5.42,601.16,8.034,9.531
5100201,Água Boa,resto_mt,Demais MT,FALSE,2024,1037,660.4,3.31,609,1.94,1646,5.26,592.23,8.22,10.325
5100250,Alta Floresta,resto_mt,Demais MT,FALSE,2013,2899,271.86,5.83,,,2899,5.83,190.08,9.458,
5100250,Alta Floresta,resto_mt,Demais MT,FALSE,2014,2967,270.98,5.95,,,2967,5.95,193.46,9.649,
5100250,Alta Floresta,resto_mt,Demais MT,FALSE,2015,2830,239.12,5.66,,,2830,5.66,162.44,8.12,
5100250,Alta Floresta,resto_mt,Demais MT,FALSE,2016,2518,223.01,5.03,,,2518,5.03,134.58,6.74,
5100250,Alta Floresta,resto_mt,Demais MT,FALSE,2017,1931,225.84,3.85,,,1931,3.85,104.27,5.233,
5100250,Alta Floresta,resto_mt,Demais MT,FALSE,2018,1749,230.17,3.39,,,1749,3.39,93.61,4.832,
5100250,Alta Floresta,resto_mt,Demais MT,FALSE,2019,1619,238.51,3.13,1692,3.27,3311,6.39,612.72,4.633,27.095
5100250,Alta Floresta,resto_mt,Demais MT,FALSE,2020,1821,235.77,3.5,1680,3.23,3501,6.74,612.97,5.152,26.698
5100250,Alta Floresta,resto_mt,Demais MT,FALSE,2021,2082,231.64,4,1653,3.17,3735,7.17,593.21,5.789,25.12
5100250,Alta Floresta,resto_mt,Demais MT,FALSE,2022,3046,341.31,5.2,1722,2.94,4768,8.13,677.13,12.475,27.213
5100250,Alta Floresta,resto_mt,Demais MT,FALSE,2023,3612,660.67,6.16,1903,3.25,5515,9.41,1024.84,28.633,31.436
5100250,Alta Floresta,resto_mt,Demais MT,FALSE,2024,3821,670.54,6.23,2148,3.5,5969,9.74,1095.47,30.747,36.395
5100300,Alto Araguaia,resto_mt,Demais MT,FALSE,2013,915,258.98,5.44,,,915,5.44,169.01,2.842,
5100300,Alto Araguaia,resto_mt,Demais MT,FALSE,2014,860,241.7,5.01,,,860,5.01,145.29,2.494,
5100300,Alto Araguaia,resto_mt,Demais MT,FALSE,2015,825,216.66,4.71,,,825,4.71,122.49,2.145,
5100300,Alto Araguaia,resto_mt,Demais MT,FALSE,2016,820,210.15,4.6,,,820,4.6,115.98,2.069,
5100300,Alto Araguaia,resto_mt,Demais MT,FALSE,2017,748,207.32,4.12,,,748,4.12,102.5,1.862,
5100300,Alto Araguaia,resto_mt,Demais MT,FALSE,2018,768,203.14,4.11,,,768,4.11,100.14,1.873,
5100300,Alto Araguaia,resto_mt,Demais MT,FALSE,2019,715,202.75,3.75,671,3.52,1386,7.28,655.29,1.739,10.74
5100300,Alto Araguaia,resto_mt,Demais MT,FALSE,2020,729,195.42,3.76,666,3.44,1395,7.2,634.61,1.71,10.592
5100300,Alto Araguaia,resto_mt,Demais MT,FALSE,2021,877,201.19,4.45,671,3.4,1548,7.85,624.59,2.117,10.196
5100300,Alto Araguaia,resto_mt,Demais MT,FALSE,2022,1294,311.07,7.53,663,3.86,1957,11.38,890.4,4.829,10.48
5100300,Alto Araguaia,resto_mt,Demais MT,FALSE,2023,1187,638.72,6.9,684,3.98,1871,10.88,1186.29,9.098,11.298
5100300,Alto Araguaia,resto_mt,Demais MT,FALSE,2024,1076,670.21,6.09,737,4.17,1813,10.27,1197.16,8.656,12.482
5100359,Alto Boa Vista,resto_mt,Demais MT,FALSE,2013,476,263.24,8.19,,,476,8.19,258.89,1.504,
5100359,Alto Boa Vista,resto_mt,Demais MT,FALSE,2014,456,247.23,7.63,,,456,7.63,226.39,1.354,
5100359,Alto Boa Vista,resto_mt,Demais MT,FALSE,2015,452,220.51,7.35,,,452,7.35,194.64,1.196,
5100359,Alto Boa Vista,resto_mt,Demais MT,FALSE,2016,402,216.55,6.37,,,402,6.37,165.64,1.045,
5100359,Alto Boa Vista,resto_mt,Demais MT,FALSE,2017,430,236.57,6.65,,,430,6.65,188.97,1.222,
5100359,Alto Boa Vista,resto_mt,Demais MT,FALSE,2018,464,243.91,6.97,,,464,6.97,204.17,1.36,
5100359,Alto Boa Vista,resto_mt,Demais MT,FALSE,2019,453,248.68,6.64,130,1.91,583,8.55,502.81,1.353,2.078
5100359,Alto Boa Vista,resto_mt,Demais MT,FALSE,2020,484,243.39,6.98,126,1.82,610,8.79,491.58,1.414,1.996
5100359,Alto Boa Vista,resto_mt,Demais MT,FALSE,2021,521,246.46,7.35,128,1.8,649,9.15,491.58,1.542,1.945
5100359,Alto Boa Vista,resto_mt,Demais MT,FALSE,2022,513,351.77,8.98,133,2.33,646,11.3,746.84,2.165,2.103
5100359,Alto Boa Vista,resto_mt,Demais MT,FALSE,2023,506,705.26,8.85,136,2.38,642,11.23,1144.15,4.287,2.252
5100359,Alto Boa Vista,resto_mt,Demais MT,FALSE,2024,502,753.36,8.54,136,2.31,638,10.86,1164.94,4.538,2.306
5100409,Alto Garças,resto_mt,Demais MT,FALSE,2013,634,231.38,5.81,,,634,5.81,161.32,1.76,
5100409,Alto Garças,resto_mt,Demais MT,FALSE,2014,692,254.4,6.25,,,692,6.25,190.84,2.113,
5100409,Alto Garças,resto_mt,Demais MT,FALSE,2015,674,250.26,6,,,674,6,180.15,2.023,
5100409,Alto Garças,resto_mt,Demais MT,FALSE,2016,726,256.92,6.38,,,726,6.38,196.77,2.24,
5100409,Alto Garças,resto_mt,Demais MT,FALSE,2017,785,273.33,6.81,,,785,6.81,223.39,2.576,
5100409,Alto Garças,resto_mt,Demais MT,FALSE,2018,938,261.8,7.9,,,938,7.9,248.34,2.947,
5100409,Alto Garças,resto_mt,Demais MT,FALSE,2019,922,251.19,7.66,384,3.19,1306,10.86,742.06,2.778,6.149
5100409,Alto Garças,resto_mt,Demais MT,FALSE,2020,854,243.09,7.03,400,3.29,1254,10.32,727.79,2.49,6.353
5100409,Alto Garças,resto_mt,Demais MT,FALSE,2021,859,247.05,6.97,402,3.26,1261,10.23,701.76,2.547,6.101
5100409,Alto Garças,resto_mt,Demais MT,FALSE,2022,1205,336.06,9.23,413,3.16,1618,12.4,871.91,4.858,6.522
5100409,Alto Garças,resto_mt,Demais MT,FALSE,2023,1248,654.07,9.56,430,3.29,1678,12.86,1294.45,9.799,7.096
5100409,Alto Garças,resto_mt,Demais MT,FALSE,2024,1167,668.78,8.51,464,3.39,1631,11.9,1257.23,9.362,7.871
5100508,Alto Paraguai,resto_mt,Demais MT,FALSE,2013,789,262.27,7.53,,,789,7.53,236.96,2.482,
5100508,Alto Paraguai,resto_mt,Demais MT,FALSE,2014,790,253.63,7.46,,,790,7.46,227,2.404,
5100508,Alto Paraguai,resto_mt,Demais MT,FALSE,2015,750,230.5,7.01,,,750,7.01,193.91,2.076,
5100508,Alto Paraguai,resto_mt,Demais MT,FALSE,2016,670,219.61,6.2,,,670,6.2,163.22,1.765,
5100508,Alto Paraguai,resto_mt,Demais MT,FALSE,2017,645,211.25,5.91,,,645,5.91,149.7,1.635,
5100508,Alto Paraguai,resto_mt,Demais MT,FALSE,2018,780,203.71,6.94,,,780,6.94,169.78,1.908,
5100508,Alto Paraguai,resto_mt,Demais MT,FALSE,2019,788,203.03,6.94,395,3.48,1183,10.42,725.91,1.921,6.322
5100508,Alto Paraguai,resto_mt,Demais MT,FALSE,2020,867,198.87,7.56,402,3.5,1269,11.06,737.03,2.068,6.387
5100508,Alto Paraguai,resto_mt,Demais MT,FALSE,2021,995,196.22,8.59,365,3.15,1360,11.74,680.9,2.343,5.547
5100508,Alto Paraguai,resto_mt,Demais MT,FALSE,2022,1158,315.34,14.46,381,4.76,1539,19.22,1299.37,4.382,6.025
5100508,Alto Paraguai,resto_mt,Demais MT,FALSE,2023,1263,621.18,15.77,393,4.91,1656,20.68,1985.77,9.414,6.49
5100508,Alto Paraguai,resto_mt,Demais MT,FALSE,2024,1188,645.72,15.39,421,5.46,1609,20.85,2118.42,9.209,7.139
5100607,Alto Taquari,resto_mt,Demais MT,FALSE,2013,322,261.04,3.55,,,322,3.55,111.32,1.01,
5100607,Alto Taquari,resto_mt,Demais MT,FALSE,2014,302,276.45,3.22,,,302,3.22,106.73,1.001,
5100607,Alto Taquari,resto_mt,Demais MT,FALSE,2015,312,268.66,3.23,,,312,3.23,104.01,1.006,
5100607,Alto Taquari,resto_mt,Demais MT,FALSE,2016,293,275.15,2.94,,,293,2.94,97.21,0.969,
5100607,Alto Taquari,resto_mt,Demais MT,FALSE,2017,459,254.14,4.48,,,459,4.48,136.67,1.4,
5100607,Alto Taquari,resto_mt,Demais MT,FALSE,2018,516,246.93,4.89,,,516,4.89,144.95,1.53,
5100607,Alto Taquari,resto_mt,Demais MT,FALSE,2019,412,215.39,3.8,114,1.05,526,4.85,266.36,1.064,1.825
5100607,Alto Taquari,resto_mt,Demais MT,FALSE,2020,313,202.36,2.81,119,1.07,432,3.88,237.6,0.761,1.885
5100607,Alto Taquari,resto_mt,Demais MT,FALSE,2021,292,200.41,2.56,121,1.06,413,3.62,222.17,0.701,1.835
5100607,Alto Taquari,resto_mt,Demais MT,FALSE,2022,424,332.79,3.89,127,1.16,551,5.05,338.8,1.693,2.002
5100607,Alto Taquari,resto_mt,Demais MT,FALSE,2023,513,628.93,4.7,144,1.32,657,6.03,573.92,3.872,2.386
5100607,Alto Taquari,resto_mt,Demais MT,FALSE,2024,492,657.52,4.25,163,1.41,655,5.66,574.25,3.883,2.762
5100805,Apiacás,resto_mt,Demais MT,FALSE,2013,595,240.36,6.54,,,595,6.54,188.76,1.717,
5100805,Apiacás,resto_mt,Demais MT,FALSE,2014,551,224.45,5.96,,,551,5.96,160.53,1.485,
5100805,Apiacás,resto_mt,Demais MT,FALSE,2015,488,205.04,5.19,,,488,5.19,127.75,1.201,
5100805,Apiacás,resto_mt,Demais MT,FALSE,2016,420,195.49,4.4,,,420,4.4,103.04,0.984,
5100805,Apiacás,resto_mt,Demais MT,FALSE,2017,359,182.88,3.7,,,359,3.7,81.22,0.787,
5100805,Apiacás,resto_mt,Demais MT,FALSE,2018,349,187.19,3.5,,,349,3.5,78.62,0.785,
5100805,Apiacás,resto_mt,Demais MT,FALSE,2019,342,186.3,3.38,226,2.23,568,5.61,432.52,0.765,3.617
5100805,Apiacás,resto_mt,Demais MT,FALSE,2020,385,182.6,3.74,231,2.25,616,5.99,438.39,0.843,3.664
5100805,Apiacás,resto_mt,Demais MT,FALSE,2021,448,210.83,4.29,234,2.24,682,6.54,449.87,1.132,3.56
5100805,Apiacás,resto_mt,Demais MT,FALSE,2022,623,332.51,7.25,254,2.96,877,10.21,756.35,2.487,4.01
5100805,Apiacás,resto_mt,Demais MT,FALSE,2023,531,677.45,6.18,264,3.07,795,9.25,1009.22,4.313,4.356
5100805,Apiacás,resto_mt,Demais MT,FALSE,2024,596,699.08,6.86,268,3.08,864,9.94,1098.06,5.003,4.541
5101001,Araguaiana,resto_mt,Demais MT,FALSE,2013,224,224.19,7.15,,,224,7.15,192.78,0.604,
5101001,Araguaiana,resto_mt,Demais MT,FALSE,2014,237,244.12,7.63,,,237,7.63,223.78,0.696,
5101001,Araguaiana,resto_mt,Demais MT,FALSE,2015,224,240.06,7.27,,,224,7.27,209.69,0.646,
5101001,Araguaiana,resto_mt,Demais MT,FALSE,2016,242,241.65,7.91,,,242,7.91,229.8,0.703,
5101001,Araguaiana,resto_mt,Demais MT,FALSE,2017,233,245.74,7.67,,,233,7.67,225.99,0.686,
5101001,Araguaiana,resto_mt,Demais MT,FALSE,2018,240,229.36,7.69,,,240,7.69,211.35,0.659,
5101001,Araguaiana,resto_mt,Demais MT,FALSE,2019,227,227.6,7.32,72,2.32,299,9.65,572.81,0.619,1.157
5101001,Araguaiana,resto_mt,Demais MT,FALSE,2020,226,222.69,7.27,66,2.12,292,9.39,531.83,0.603,1.05
5101001,Araguaiana,resto_mt,Demais MT,FALSE,2021,229,229.78,7.47,66,2.15,295,9.63,533.19,0.631,1.003
5101001,Araguaiana,resto_mt,Demais MT,FALSE,2022,303,328.33,7.98,66,1.74,369,9.72,590.87,1.193,1.05
5101001,Araguaiana,resto_mt,Demais MT,FALSE,2023,313,658.06,8.25,68,1.79,381,10.04,946.43,2.472,1.119
5101001,Araguaiana,resto_mt,Demais MT,FALSE,2024,304,679.42,7.7,76,1.92,380,9.62,952.63,2.477,1.286
5101209,Araguainha,resto_mt,Demais MT,FALSE,2013,113,260.19,11.04,,,113,11.04,344.55,0.353,
5101209,Araguainha,resto_mt,Demais MT,FALSE,2014,104,257.19,10.4,,,104,10.4,320.2,0.32,
5101209,Araguainha,resto_mt,Demais MT,FALSE,2015,98,235.47,10.04,,,98,10.04,282.51,0.276,
5101209,Araguainha,resto_mt,Demais MT,FALSE,2016,107,261.56,11.23,,,107,11.23,351.86,0.335,
5101209,Araguainha,resto_mt,Demais MT,FALSE,2017,93,274.65,9.99,,,93,9.99,327.75,0.305,
5101209,Araguainha,resto_mt,Demais MT,FALSE,2018,94,287.86,9.83,,,94,9.83,340.85,0.326,
5101209,Araguainha,resto_mt,Demais MT,FALSE,2019,91,288.96,9.73,37,3.96,128,13.69,975.89,0.315,0.598
5101209,Araguainha,resto_mt,Demais MT,FALSE,2020,87,275.21,9.2,37,3.91,124,13.11,922.79,0.288,0.585
5101209,Araguainha,resto_mt,Demais MT,FALSE,2021,86,264.61,9.46,32,3.52,118,12.98,833.64,0.274,0.484
5101209,Araguainha,resto_mt,Demais MT,FALSE,2022,121,345.79,11.98,32,3.17,153,15.15,996.77,0.501,0.506
5101209,Araguainha,resto_mt,Demais MT,FALSE,2023,133,635.64,13.17,32,3.17,165,16.34,1538,1.016,0.537
5101209,Araguainha,resto_mt,Demais MT,FALSE,2024,129,682.84,12.82,24,2.39,153,15.21,1445.19,1.056,0.398
5101258,Araputanga,resto_mt,Demais MT,FALSE,2013,1132,270.58,7.16,,,1132,7.16,232.67,3.677,
5101258,Araputanga,resto_mt,Demais MT,FALSE,2014,1206,263.76,7.57,,,1206,7.57,239.71,3.818,
5101258,Araputanga,resto_mt,Demais MT,FALSE,2015,1163,242.71,7.25,,,1163,7.25,211.08,3.387,
5101258,Araputanga,resto_mt,Demais MT,FALSE,2016,1062,236.69,6.59,,,1062,6.59,187.2,3.016,
5101258,Araputanga,resto_mt,Demais MT,FALSE,2017,943,234.35,5.81,,,943,5.81,163.45,2.652,
5101258,Araputanga,resto_mt,Demais MT,FALSE,2018,877,229.65,5.25,,,877,5.25,144.85,2.418,
5101258,Araputanga,resto_mt,Demais MT,FALSE,2019,803,235.64,4.77,387,2.3,1190,7.07,503.31,2.271,6.195
5101258,Araputanga,resto_mt,Demais MT,FALSE,2020,837,235.89,4.94,381,2.25,1218,7.19,496.69,2.368,6.051
5101258,Araputanga,resto_mt,Demais MT,FALSE,2021,901,243.34,5.28,375,2.2,1276,7.47,487.94,2.632,5.701
5101258,Araputanga,resto_mt,Demais MT,FALSE,2022,1053,339.66,7.12,390,2.64,1443,9.76,707.24,4.292,6.166
5101258,Araputanga,resto_mt,Demais MT,FALSE,2023,987,638.67,6.68,414,2.8,1401,9.48,974.5,7.566,6.843
5101258,Araputanga,resto_mt,Demais MT,FALSE,2024,928,629.48,6.25,446,3,1374,9.25,980.8,7.007,7.561
5101308,Arenápolis,resto_mt,Demais MT,FALSE,2013,772,266.48,7.75,,,772,7.75,248.12,2.47,
5101308,Arenápolis,resto_mt,Demais MT,FALSE,2014,801,248.13,8.15,,,801,8.15,242.77,2.385,
5101308,Arenápolis,resto_mt,Demais MT,FALSE,2015,736,221.05,7.59,,,736,7.59,201.4,1.953,
5101308,Arenápolis,resto_mt,Demais MT,FALSE,2016,666,207.53,6.95,,,666,6.95,173.07,1.657,
5101308,Arenápolis,resto_mt,Demais MT,FALSE,2017,551,207.8,5.83,,,551,5.83,145.42,1.375,
5101308,Arenápolis,resto_mt,Demais MT,FALSE,2018,477,209.96,4.91,,,477,4.91,123.7,1.202,
5101308,Arenápolis,resto_mt,Demais MT,FALSE,2019,440,209.44,4.58,568,5.91,1008,10.49,1062.4,1.106,9.1
5101308,Arenápolis,resto_mt,Demais MT,FALSE,2020,462,202.63,4.86,550,5.79,1012,10.65,1038.39,1.122,8.745
5101308,Arenápolis,resto_mt,Demais MT,FALSE,2021,484,206.75,5.15,538,5.72,1022,10.87,997.88,1.2,8.179
5101308,Arenápolis,resto_mt,Demais MT,FALSE,2022,694,334.08,6.56,543,5.13,1237,11.7,1074.23,2.784,8.577
5101308,Arenápolis,resto_mt,Demais MT,FALSE,2023,788,653.36,7.45,563,5.32,1351,12.77,1463.14,6.176,9.299
5101308,Arenápolis,resto_mt,Demais MT,FALSE,2024,805,673.85,7.49,586,5.45,1391,12.94,1529.11,6.507,9.927
5101407,Aripuanã,resto_mt,Demais MT,FALSE,2013,1756,251.23,8.82,,,1756,8.82,265.79,5.294,
5101407,Aripuanã,resto_mt,Demais MT,FALSE,2014,1669,239.22,8.22,,,1669,8.22,236.04,4.79,
5101407,Aripuanã,resto_mt,Demais MT,FALSE,2015,1472,222.34,7.13,,,1472,7.13,190.12,3.927,
5101407,Aripuanã,resto_mt,Demais MT,FALSE,2016,1282,208.45,6.1,,,1282,6.1,152.57,3.206,
5101407,Aripuanã,resto_mt,Demais MT,FALSE,2017,1160,194.36,5.43,,,1160,5.43,126.7,2.706,
5101407,Aripuanã,resto_mt,Demais MT,FALSE,2018,1188,198.8,5.4,,,1188,5.4,128.93,2.835,
5101407,Aripuanã,resto_mt,Demais MT,FALSE,2019,1128,198.39,5.05,406,1.82,1534,6.86,410.83,2.684,6.5
5101407,Aripuanã,resto_mt,Demais MT,FALSE,2020,1139,201.04,5.01,424,1.87,1563,6.88,417.75,2.748,6.741
5101407,Aripuanã,resto_mt,Demais MT,FALSE,2021,1290,198.96,5.59,435,1.89,1725,7.48,420.35,3.081,6.615
5101407,Aripuanã,resto_mt,Demais MT,FALSE,2022,1387,324.12,5.63,452,1.84,1839,7.47,508.87,5.395,7.136
5101407,Aripuanã,resto_mt,Demais MT,FALSE,2023,1511,715.57,6.14,481,1.95,1992,8.09,849.43,12.978,7.941
5101407,Aripuanã,resto_mt,Demais MT,FALSE,2024,1668,743.46,6.41,515,1.98,2183,8.39,907.88,14.882,8.732
5101605,Barão de Melgaço,pantanal_norte,Pantanal-13,TRUE,2013,1013,370.4,13.39,,,1013,13.39,595.09,4.502,
5101605,Barão de Melgaço,pantanal_norte,Pantanal-13,TRUE,2014,1026,364.15,13.6,,,1026,13.6,594.03,4.482,
5101605,Barão de Melgaço,pantanal_norte,Pantanal-13,TRUE,2015,945,319.99,12.56,,,945,12.56,481.94,3.627,
5101605,Barão de Melgaço,pantanal_norte,Pantanal-13,TRUE,2016,755,281.02,9.57,,,755,9.57,322.96,2.547,
5101605,Barão de Melgaço,pantanal_norte,Pantanal-13,TRUE,2017,774,263.09,9.83,,,774,9.83,310.41,2.444,
5101605,Barão de Melgaço,pantanal_norte,Pantanal-13,TRUE,2018,805,262.36,9.4,,,805,9.4,296.12,2.536,
5101605,Barão de Melgaço,pantanal_norte,Pantanal-13,TRUE,2019,861,253.71,10.05,100,1.17,961,11.22,493.43,2.622,1.604
5101605,Barão de Melgaço,pantanal_norte,Pantanal-13,TRUE,2020,861,247.56,10.55,111,1.36,972,11.91,529.87,2.558,1.768
5101605,Barão de Melgaço,pantanal_norte,Pantanal-13,TRUE,2021,909,254.64,11.13,102,1.25,1011,12.38,529.89,2.778,1.548
5101605,Barão de Melgaço,pantanal_norte,Pantanal-13,TRUE,2022,1215,364.7,16.75,107,1.48,1322,18.23,965.28,5.316,1.686
5101605,Barão de Melgaço,pantanal_norte,Pantanal-13,TRUE,2023,1251,660.56,17.25,113,1.56,1364,18.81,1624.7,9.916,1.868
5101605,Barão de Melgaço,pantanal_norte,Pantanal-13,TRUE,2024,1473,679.86,20.45,130,1.8,1603,22.25,1974.18,12.021,2.201
5101704,Barra do Bugres,resto_mt,Demais MT,FALSE,2013,2544,275.51,7.7,,,2544,7.7,254.67,8.41,
5101704,Barra do Bugres,resto_mt,Demais MT,FALSE,2014,2723,280.89,8.16,,,2723,8.16,275.04,9.177,
5101704,Barra do Bugres,resto_mt,Demais MT,FALSE,2015,2449,267.12,7.27,,,2449,7.27,232.96,7.851,
5101704,Barra do Bugres,resto_mt,Demais MT,FALSE,2016,2229,260.13,6.69,,,2229,6.69,208.77,6.959,
5101704,Barra do Bugres,resto_mt,Demais MT,FALSE,2017,1926,261.96,5.72,,,1926,5.72,179.93,6.054,
5101704,Barra do Bugres,resto_mt,Demais MT,FALSE,2018,1774,243.88,5.12,,,1774,5.12,149.97,5.192,
5101704,Barra do Bugres,resto_mt,Demais MT,FALSE,2019,1595,234.34,4.56,835,2.39,2430,6.95,510.83,4.485,13.377
5101704,Barra do Bugres,resto_mt,Demais MT,FALSE,2020,1689,221.62,4.78,801,2.27,2490,7.05,487.54,4.491,12.723
5101704,Barra do Bugres,resto_mt,Demais MT,FALSE,2021,1840,223.11,5.16,765,2.15,2605,7.31,464.38,4.927,11.624
5101704,Barra do Bugres,resto_mt,Demais MT,FALSE,2022,2435,331.65,8.28,761,2.59,3196,10.87,738.86,9.692,12.032
5101704,Barra do Bugres,resto_mt,Demais MT,FALSE,2023,2680,662.26,9.11,842,2.86,3522,11.98,1197.51,21.298,13.913
5101704,Barra do Bugres,resto_mt,Demais MT,FALSE,2024,2795,684.45,9.45,923,3.12,3718,12.57,1304.79,22.955,15.636
5101803,Barra do Garças,resto_mt,Demais MT,FALSE,2013,3638,249.25,6.3,,,3638,6.3,188.3,10.882,
5101803,Barra do Garças,resto_mt,Demais MT,FALSE,2014,4138,241.44,7.12,,,4138,7.12,206.35,11.989,
5101803,Barra do Garças,resto_mt,Demais MT,FALSE,2015,4066,223.59,6.96,,,4066,6.96,186.79,10.908,
5101803,Barra do Garças,resto_mt,Demais MT,FALSE,2016,3992,211.18,6.8,,,3992,6.8,172.39,10.117,
5101803,Barra do Garças,resto_mt,Demais MT,FALSE,2017,3466,214.48,5.88,,,3466,5.88,151.25,8.92,
5101803,Barra do Garças,resto_mt,Demais MT,FALSE,2018,3518,221.69,5.8,,,3518,5.8,154.3,9.36,
5101803,Barra do Garças,resto_mt,Demais MT,FALSE,2019,3329,218.83,5.46,2883,4.73,6212,10.18,899.99,8.741,46.169
5101803,Barra do Garças,resto_mt,Demais MT,FALSE,2020,3414,212.5,5.58,2922,4.78,6336,10.36,901.9,8.705,46.432
5101803,Barra do Garças,resto_mt,Demais MT,FALSE,2021,3944,212.36,6.39,2907,4.71,6851,11.1,878.69,10.05,44.167
5101803,Barra do Garças,resto_mt,Demais MT,FALSE,2022,5891,337.98,8.51,2951,4.26,8842,12.78,1019.09,23.892,46.639
5101803,Barra do Garças,resto_mt,Demais MT,FALSE,2023,6677,666.42,9.65,3213,4.64,9890,14.29,1538.43,53.394,53.081
5101803,Barra do Garças,resto_mt,Demais MT,FALSE,2024,6456,681.45,8.88,4141,5.7,10597,14.58,1691.43,52.795,70.162
5101852,Bom Jesus do Araguaia,resto_mt,Demais MT,FALSE,2013,502,307.99,8.72,,,502,8.72,322.11,1.854,
5101852,Bom Jesus do Araguaia,resto_mt,Demais MT,FALSE,2014,531,381.94,9.02,,,531,9.02,413.01,2.432,
5101852,Bom Jesus do Araguaia,resto_mt,Demais MT,FALSE,2015,524,374.82,8.71,,,524,8.71,391.63,2.357,
5101852,Bom Jesus do Araguaia,resto_mt,Demais MT,FALSE,2016,551,367.59,8.97,,,551,8.97,395.77,2.432,
5101852,Bom Jesus do Araguaia,resto_mt,Demais MT,FALSE,2017,639,318.73,10.2,,,639,10.2,390.25,2.445,
5101852,Bom Jesus do Araguaia,resto_mt,Demais MT,FALSE,2018,654,279.01,10.14,,,654,10.14,339.12,2.188,
5101852,Bom Jesus do Araguaia,resto_mt,Demais MT,FALSE,2019,619,260.7,9.41,14,0.21,633,9.62,328.01,1.935,0.223
5101852,Bom Jesus do Araguaia,resto_mt,Demais MT,FALSE,2020,562,261.58,8.38,19,0.28,581,8.66,308.68,1.765,0.305
5101852,Bom Jesus do Araguaia,resto_mt,Demais MT,FALSE,2021,542,265.47,7.94,20,0.29,562,8.23,298.63,1.728,0.311
5101852,Bom Jesus do Araguaia,resto_mt,Demais MT,FALSE,2022,656,375.41,9.01,27,0.37,683,9.38,465.3,2.957,0.431
5101852,Bom Jesus do Araguaia,resto_mt,Demais MT,FALSE,2023,756,734.43,10.38,40,0.55,796,10.93,1006.54,6.666,0.661
5101852,Bom Jesus do Araguaia,resto_mt,Demais MT,FALSE,2024,722,730.06,9.34,57,0.74,779,10.08,943.02,6.329,0.962
5101902,Brasnorte,resto_mt,Demais MT,FALSE,2013,808,268.71,4.78,,,808,4.78,154.29,2.607,
5101902,Brasnorte,resto_mt,Demais MT,FALSE,2014,836,297.76,4.82,,,836,4.82,172.06,2.987,
5101902,Brasnorte,resto_mt,Demais MT,FALSE,2015,876,297.26,4.92,,,876,4.92,175.42,3.125,
5101902,Brasnorte,resto_mt,Demais MT,FALSE,2016,972,304.51,5.32,,,972,5.32,194.6,3.553,
5101902,Brasnorte,resto_mt,Demais MT,FALSE,2017,933,288.19,4.99,,,933,4.99,172.66,3.227,
5101902,Brasnorte,resto_mt,Demais MT,FALSE,2018,792,239.37,4.11,,,792,4.11,118.21,2.275,
5101902,Brasnorte,resto_mt,Demais MT,FALSE,2019,599,224.97,3.04,220,1.12,819,4.16,260.72,1.616,3.519
5101902,Brasnorte,resto_mt,Demais MT,FALSE,2020,565,215.74,2.81,231,1.15,796,3.95,254.77,1.463,3.668
5101902,Brasnorte,resto_mt,Demais MT,FALSE,2021,580,210.78,2.82,236,1.15,816,3.97,245.8,1.467,3.589
5101902,Brasnorte,resto_mt,Demais MT,FALSE,2022,730,338.79,4.29,240,1.41,970,5.7,397.85,2.967,3.798
5101902,Brasnorte,resto_mt,Demais MT,FALSE,2023,903,700.62,5.31,279,1.64,1182,6.95,717.49,7.594,4.606
5101902,Brasnorte,resto_mt,Demais MT,FALSE,2024,914,733.11,5.22,315,1.8,1229,7.02,764.32,8.042,5.33
5102504,Cáceres,pantanal_norte,Pantanal-13,TRUE,2013,7381,265.55,8.23,,,7381,8.23,262.25,23.519,
5102504,Cáceres,pantanal_norte,Pantanal-13,TRUE,2014,7630,264.86,8.47,,,7630,8.47,269.14,24.252,
5102504,Cáceres,pantanal_norte,Pantanal-13,TRUE,2015,7349,243.9,8.12,,,7349,8.12,237.62,21.509,
5102504,Cáceres,pantanal_norte,Pantanal-13,TRUE,2016,7064,226.41,7.77,,,7064,7.77,211.17,19.192,
5102504,Cáceres,pantanal_norte,Pantanal-13,TRUE,2017,6996,238.68,7.67,,,6996,7.67,219.53,20.037,
5102504,Cáceres,pantanal_norte,Pantanal-13,TRUE,2018,7133,243.95,7.6,,,7133,7.6,222.41,20.881,
5102504,Cáceres,pantanal_norte,Pantanal-13,TRUE,2019,6913,248.13,7.32,2570,2.72,9483,10.05,654.23,20.585,41.159
5102504,Cáceres,pantanal_norte,Pantanal-13,TRUE,2020,7117,236.99,7.5,2576,2.72,9693,10.22,644.93,20.24,40.938
5102504,Cáceres,pantanal_norte,Pantanal-13,TRUE,2021,7198,237.35,7.55,2579,2.71,9777,10.25,626.08,20.501,39.189
5102504,Cáceres,pantanal_norte,Pantanal-13,TRUE,2022,8979,337.75,10.01,2709,3.02,11688,13.03,883.11,36.393,42.805
5102504,Cáceres,pantanal_norte,Pantanal-13,TRUE,2023,9588,661.17,10.69,2944,3.28,12532,13.97,1390.67,76.073,48.644
5102504,Cáceres,pantanal_norte,Pantanal-13,TRUE,2024,9296,671.56,10.15,3522,3.84,12818,13.99,1468.94,74.911,59.682
5102603,Campinápolis,resto_mt,Demais MT,FALSE,2013,1469,304.39,9.91,,,1469,9.91,361.99,5.367,
5102603,Campinápolis,resto_mt,Demais MT,FALSE,2014,1377,299.4,9.2,,,1377,9.2,330.39,4.946,
5102603,Campinápolis,resto_mt,Demais MT,FALSE,2015,1308,290.62,8.66,,,1308,8.66,301.83,4.561,
5102603,Campinápolis,resto_mt,Demais MT,FALSE,2016,1234,350.03,8.09,,,1234,8.09,339.77,5.182,
5102603,Campinápolis,resto_mt,Demais MT,FALSE,2017,1147,439.89,7.45,,,1147,7.45,393.37,6.052,
5102603,Campinápolis,resto_mt,Demais MT,FALSE,2018,1154,484.51,7.29,,,1154,7.29,423.97,6.711,
5102603,Campinápolis,resto_mt,Demais MT,FALSE,2019,1124,492.33,7.03,184,1.15,1308,8.19,600.38,6.641,2.953
5102603,Campinápolis,resto_mt,Demais MT,FALSE,2020,1123,480.7,6.64,174,1.03,1297,7.67,546.17,6.479,2.761
5102603,Campinápolis,resto_mt,Demais MT,FALSE,2021,1138,488.85,7.01,173,1.07,1311,8.08,573.13,6.676,2.622
5102603,Campinápolis,resto_mt,Demais MT,FALSE,2022,1216,535.69,7.92,171,1.11,1387,9.04,685.26,7.818,2.698
5102603,Campinápolis,resto_mt,Demais MT,FALSE,2023,1428,896.27,9.3,177,1.15,1605,10.46,1190.85,15.358,2.918
5102603,Campinápolis,resto_mt,Demais MT,FALSE,2024,1666,925.32,10.6,200,1.27,1866,11.88,1393.33,18.504,3.389
5102637,Campo Novo do Parecis,resto_mt,Demais MT,FALSE,2013,968,273.3,3.19,,,968,3.19,104.65,3.175,
5102637,Campo Novo do Parecis,resto_mt,Demais MT,FALSE,2014,987,265.27,3.17,,,987,3.17,100.84,3.143,
5102637,Campo Novo do Parecis,resto_mt,Demais MT,FALSE,2015,937,239.71,2.93,,,937,2.93,84.3,2.696,
5102637,Campo Novo do Parecis,resto_mt,Demais MT,FALSE,2016,950,212.78,2.9,,,950,2.9,73.96,2.424,
5102637,Campo Novo do Parecis,resto_mt,Demais MT,FALSE,2017,807,203.7,2.41,,,807,2.41,58.78,1.972,
5102637,Campo Novo do Parecis,resto_mt,Demais MT,FALSE,2018,664,201.95,1.92,,,664,1.92,46.57,1.609,
5102637,Campo Novo do Parecis,resto_mt,Demais MT,FALSE,2019,462,202.18,1.31,459,1.3,921,2.6,239.46,1.121,7.347
5102637,Campo Novo do Parecis,resto_mt,Demais MT,FALSE,2020,514,201.13,1.42,464,1.28,978,2.71,238.23,1.242,7.369
5102637,Campo Novo do Parecis,resto_mt,Demais MT,FALSE,2021,674,212.47,1.83,460,1.25,1134,3.07,235.81,1.719,6.986
5102637,Campo Novo do Parecis,resto_mt,Demais MT,FALSE,2022,970,341.86,2.11,486,1.06,1456,3.17,253.88,3.979,7.673
5102637,Campo Novo do Parecis,resto_mt,Demais MT,FALSE,2023,1270,645.07,2.77,512,1.12,1782,3.88,398.49,9.827,8.463
5102637,Campo Novo do Parecis,resto_mt,Demais MT,FALSE,2024,1247,616.82,2.49,580,1.16,1827,3.65,380.82,9.23,9.824
5102678,Campo Verde,resto_mt,Demais MT,FALSE,2013,1264,272.91,3.55,,,1264,3.55,116.33,4.139,
5102678,Campo Verde,resto_mt,Demais MT,FALSE,2014,1186,263.05,3.22,,,1186,3.22,101.78,3.745,
5102678,Campo Verde,resto_mt,Demais MT,FALSE,2015,1094,240.52,2.88,,,1094,2.88,83.15,3.159,
5102678,Campo Verde,resto_mt,Demais MT,FALSE,2016,1183,219.58,3.05,,,1183,3.05,80.34,3.118,
5102678,Campo Verde,resto_mt,Demais MT,FALSE,2017,1098,211.37,2.75,,,1098,2.75,69.74,2.785,
5102678,Campo Verde,resto_mt,Demais MT,FALSE,2018,1048,205.05,2.44,,,1048,2.44,60.16,2.579,
5102678,Campo Verde,resto_mt,Demais MT,FALSE,2019,863,203.5,1.96,679,1.54,1542,3.5,294.69,2.107,10.871
5102678,Campo Verde,resto_mt,Demais MT,FALSE,2020,778,207.42,1.7,673,1.47,1451,3.17,276.29,1.937,10.701
5102678,Campo Verde,resto_mt,Demais MT,FALSE,2021,930,211.07,2.11,639,1.45,1569,3.56,273.98,2.356,9.708
5102678,Campo Verde,resto_mt,Demais MT,FALSE,2022,1230,328.28,2.76,618,1.39,1848,4.14,327.66,4.847,9.762
5102678,Campo Verde,resto_mt,Demais MT,FALSE,2023,1442,653.26,3.23,670,1.5,2112,4.74,501.75,11.301,11.07
5102678,Campo Verde,resto_mt,Demais MT,FALSE,2024,1620,654.41,3.39,764,1.6,2384,4.98,536.74,12.723,12.95
5102686,Campos de Júlio,resto_mt,Demais MT,FALSE,2013,260,293.43,4.5,,,260,4.5,158.34,0.915,
5102686,Campos de Júlio,resto_mt,Demais MT,FALSE,2014,267,328.56,4.47,,,267,4.47,176.36,1.053,
5102686,Campos de Júlio,resto_mt,Demais MT,FALSE,2015,286,322.21,4.65,,,286,4.65,179.71,1.106,
5102686,Campos de Júlio,resto_mt,Demais MT,FALSE,2016,263,322.13,4.15,,,263,4.15,160.61,1.018,
5102686,Campos de Júlio,resto_mt,Demais MT,FALSE,2017,442,272.96,6.79,,,442,6.79,222.49,1.449,
5102686,Campos de Júlio,resto_mt,Demais MT,FALSE,2018,490,268.68,7.3,,,490,7.3,235.36,1.579,
5102686,Campos de Júlio,resto_mt,Demais MT,FALSE,2019,485,266.27,7.04,60,0.87,545,7.91,363.8,1.549,0.958
5102686,Campos de Júlio,resto_mt,Demais MT,FALSE,2020,415,265.46,5.87,62,0.88,477,6.75,325.45,1.321,0.98
5102686,Campos de Júlio,resto_mt,Demais MT,FALSE,2021,390,267.26,5.38,62,0.86,452,6.24,301.6,1.249,0.936
5102686,Campos de Júlio,resto_mt,Demais MT,FALSE,2022,405,338.27,4.59,67,0.76,472,5.35,305.77,1.645,1.052
5102686,Campos de Júlio,resto_mt,Demais MT,FALSE,2023,410,643.81,4.65,82,0.93,492,5.58,513.88,3.17,1.363
5102686,Campos de Júlio,resto_mt,Demais MT,FALSE,2024,348,625.92,3.62,91,0.95,439,4.57,431.6,2.612,1.535
5102694,Canabrava do Norte,resto_mt,Demais MT,FALSE,2013,466,254.28,9.86,,,466,9.86,300.8,1.422,
5102694,Canabrava do Norte,resto_mt,Demais MT,FALSE,2014,478,265.33,10.16,,,478,10.16,323.39,1.521,
5102694,Canabrava do Norte,resto_mt,Demais MT,FALSE,2015,477,229.68,10.2,,,477,10.2,281.23,1.316,
5102694,Canabrava do Norte,resto_mt,Demais MT,FALSE,2016,462,216.85,9.93,,,462,9.93,258.22,1.202,
5102694,Canabrava do Norte,resto_mt,Demais MT,FALSE,2017,372,198.72,8.03,,,372,8.03,191.64,0.887,
5102694,Canabrava do Norte,resto_mt,Demais MT,FALSE,2018,328,205.95,6.89,,,328,6.89,170,0.809,
5102694,Canabrava do Norte,resto_mt,Demais MT,FALSE,2019,299,208.74,6.3,71,1.5,370,7.8,398.1,0.75,1.138
5102694,Canabrava do Norte,resto_mt,Demais MT,FALSE,2020,288,195.47,6.09,74,1.57,362,7.66,392.46,0.676,1.18
5102694,Canabrava do Norte,resto_mt,Demais MT,FALSE,2021,313,197.82,6.64,77,1.63,390,8.28,404.84,0.742,1.165
5102694,Canabrava do Norte,resto_mt,Demais MT,FALSE,2022,414,328.65,9.23,76,1.69,490,10.93,632.7,1.631,1.206
5102694,Canabrava do Norte,resto_mt,Demais MT,FALSE,2023,439,672.4,9.79,83,1.85,522,11.64,1095.66,3.546,1.368
5102694,Canabrava do Norte,resto_mt,Demais MT,FALSE,2024,424,690.49,9.46,88,1.96,512,11.43,1118.15,3.511,1.498
5102702,Canarana,resto_mt,Demais MT,FALSE,2013,1011,328.93,5.14,,,1011,5.14,202.69,3.989,
5102702,Canarana,resto_mt,Demais MT,FALSE,2014,1092,370.29,5.47,,,1092,5.47,243.15,4.85,
5102702,Canarana,resto_mt,Demais MT,FALSE,2015,1013,342.72,5.01,,,1013,5.01,206.15,4.166,
5102702,Canarana,resto_mt,Demais MT,FALSE,2016,1060,312.89,5.18,,,1060,5.18,194.5,3.98,
5102702,Canarana,resto_mt,Demais MT,FALSE,2017,1054,297.31,5.09,,,1054,5.09,181.69,3.762,
5102702,Canarana,resto_mt,Demais MT,FALSE,2018,1104,288.2,5.18,,,1104,5.18,179.17,3.818,
5102702,Canarana,resto_mt,Demais MT,FALSE,2019,1019,284.38,4.72,394,1.83,1413,6.55,453.35,3.478,6.305
5102702,Canarana,resto_mt,Demais MT,FALSE,2020,984,278.04,4.51,386,1.77,1370,6.27,431.27,3.283,6.137
5102702,Canarana,resto_mt,Demais MT,FALSE,2021,993,285.16,4.49,385,1.74,1378,6.24,418.06,3.397,5.843
5102702,Canarana,resto_mt,Demais MT,FALSE,2022,1279,369.56,4.95,380,1.47,1659,6.42,451.47,5.673,6.001
5102702,Canarana,resto_mt,Demais MT,FALSE,2023,1297,693.41,5.02,403,1.56,1700,6.57,674.95,10.791,6.662
5102702,Canarana,resto_mt,Demais MT,FALSE,2024,1137,694.28,4.11,429,1.55,1566,5.66,605.62,9.476,7.273
5102793,Carlinda,resto_mt,Demais MT,FALSE,2013,1156,235.37,10.88,,,1156,10.88,307.29,3.265,
5102793,Carlinda,resto_mt,Demais MT,FALSE,2014,1124,233.36,10.71,,,1124,10.71,300.03,3.148,
5102793,Carlinda,resto_mt,Demais MT,FALSE,2015,973,216.12,9.39,,,973,9.39,243.37,2.522,
5102793,Carlinda,resto_mt,Demais MT,FALSE,2016,828,211.19,8.07,,,828,8.07,204.5,2.098,
5102793,Carlinda,resto_mt,Demais MT,FALSE,2017,668,213.18,6.59,,,668,6.59,168.68,1.71,
5102793,Carlinda,resto_mt,Demais MT,FALSE,2018,679,231.19,6.52,,,679,6.52,180.83,1.883,
5102793,Carlinda,resto_mt,Demais MT,FALSE,2019,590,238.2,5.73,222,2.15,812,7.88,508.34,1.685,3.553
5102793,Carlinda,resto_mt,Demais MT,FALSE,2020,617,230.08,6.05,214,2.1,831,8.15,499.93,1.704,3.394
5102793,Carlinda,resto_mt,Demais MT,FALSE,2021,614,226.08,6.08,210,2.08,824,8.16,481.19,1.665,3.192
5102793,Carlinda,resto_mt,Demais MT,FALSE,2022,544,324.96,5.27,203,1.96,747,7.23,515.58,2.122,3.205
5102793,Carlinda,resto_mt,Demais MT,FALSE,2023,528,647.27,5.11,226,2.19,754,7.3,757.82,4.098,3.732
5102793,Carlinda,resto_mt,Demais MT,FALSE,2024,516,644.6,5,255,2.47,771,7.47,804.45,3.991,4.314
5102850,Castanheira,resto_mt,Demais MT,FALSE,2013,695,230.59,8.32,,,695,8.32,230.09,1.922,
5102850,Castanheira,resto_mt,Demais MT,FALSE,2014,666,237.61,7.95,,,666,7.95,226.69,1.899,
5102850,Castanheira,resto_mt,Demais MT,FALSE,2015,618,218.44,7.35,,,618,7.35,192.71,1.62,
5102850,Castanheira,resto_mt,Demais MT,FALSE,2016,536,206.95,6.36,,,536,6.36,157.84,1.33,
5102850,Castanheira,resto_mt,Demais MT,FALSE,2017,471,199.25,5.57,,,471,5.57,133.09,1.125,
5102850,Castanheira,resto_mt,Demais MT,FALSE,2018,431,191.06,4.96,,,431,4.96,113.76,0.989,
5102850,Castanheira,resto_mt,Demais MT,FALSE,2019,365,184.84,4.18,179,2.05,544,6.23,421.53,0.809,2.87
5102850,Castanheira,resto_mt,Demais MT,FALSE,2020,348,174.67,3.98,183,2.09,531,6.07,415.99,0.729,2.911
5102850,Castanheira,resto_mt,Demais MT,FALSE,2021,368,175.96,4.19,181,2.06,549,6.25,401.3,0.777,2.747
5102850,Castanheira,resto_mt,Demais MT,FALSE,2022,402,315.58,5.36,182,2.42,584,7.78,586.38,1.523,2.879
5102850,Castanheira,resto_mt,Demais MT,FALSE,2023,434,683.77,5.78,192,2.56,626,8.34,895.85,3.56,3.164
5102850,Castanheira,resto_mt,Demais MT,FALSE,2024,490,690.26,6.57,203,2.72,693,9.29,1005.67,4.055,3.447
5103007,Chapada dos Guimarães,resto_mt,Demais MT,FALSE,2013,1780,351.63,9.68,,,1780,9.68,408.46,7.513,
5103007,Chapada dos Guimarães,resto_mt,Demais MT,FALSE,2014,1876,373.89,10.11,,,1876,10.11,453.8,8.417,
5103007,Chapada dos Guimarães,resto_mt,Demais MT,FALSE,2015,1900,353.84,10.16,,,1900,10.16,431.53,8.069,
5103007,Chapada dos Guimarães,resto_mt,Demais MT,FALSE,2016,1922,321.82,10.17,,,1922,10.17,392.57,7.422,
5103007,Chapada dos Guimarães,resto_mt,Demais MT,FALSE,2017,1772,307.41,9.3,,,1772,9.3,343.21,6.538,
5103007,Chapada dos Guimarães,resto_mt,Demais MT,FALSE,2018,1680,269.77,8.58,,,1680,8.58,277.6,5.438,
5103007,Chapada dos Guimarães,resto_mt,Demais MT,FALSE,2019,1576,248.49,7.98,509,2.58,2085,10.56,650.82,4.699,8.156
5103007,Chapada dos Guimarães,resto_mt,Demais MT,FALSE,2020,1591,232.98,8.18,513,2.64,2104,10.82,647.49,4.448,8.148
5103007,Chapada dos Guimarães,resto_mt,Demais MT,FALSE,2021,1591,236.63,7.06,508,2.26,2099,9.32,543.23,4.519,7.716
5103007,Chapada dos Guimarães,resto_mt,Demais MT,FALSE,2022,2164,339.08,11.4,522,2.75,2686,14.14,898.04,8.806,8.248
5103007,Chapada dos Guimarães,resto_mt,Demais MT,FALSE,2023,2509,653.26,13.21,562,2.96,3071,16.17,1524.29,19.667,9.28
5103007,Chapada dos Guimarães,resto_mt,Demais MT,FALSE,2024,2425,674.06,12.52,602,3.11,3027,15.62,1539.12,19.618,10.201
5103056,Cláudia,resto_mt,Demais MT,FALSE,2013,589,271.84,5.18,,,589,5.18,169.07,1.922,
5103056,Cláudia,resto_mt,Demais MT,FALSE,2014,508,255.76,4.43,,,508,4.43,136.2,1.56,
5103056,Cláudia,resto_mt,Demais MT,FALSE,2015,532,231.65,4.61,,,532,4.61,127.99,1.478,
5103056,Cláudia,resto_mt,Demais MT,FALSE,2016,518,228.61,4.45,,,518,4.45,122.09,1.42,
5103056,Cláudia,resto_mt,Demais MT,FALSE,2017,437,248.66,3.73,,,437,3.73,111.24,1.303,
5103056,Cláudia,resto_mt,Demais MT,FALSE,2018,384,240.09,3.19,,,384,3.19,91.92,1.108,
5103056,Cláudia,resto_mt,Demais MT,FALSE,2019,314,230.42,2.58,210,1.73,524,4.31,347.97,0.868,3.36
5103056,Cláudia,resto_mt,Demais MT,FALSE,2020,323,217.99,2.64,205,1.67,528,4.31,334.88,0.845,3.255
5103056,Cláudia,resto_mt,Demais MT,FALSE,2021,345,222.91,2.8,200,1.62,545,4.42,320.59,0.922,3.034
5103056,Cláudia,resto_mt,Demais MT,FALSE,2022,447,341.21,4.66,197,2.05,644,6.71,514.86,1.831,3.108
5103056,Cláudia,resto_mt,Demais MT,FALSE,2023,597,688.38,6.22,212,2.21,809,8.43,879.03,4.928,3.504
5103056,Cláudia,resto_mt,Demais MT,FALSE,2024,725,697.42,7.68,272,2.88,997,10.57,1131.9,6.065,4.616
5103106,Cocalinho,resto_mt,Demais MT,FALSE,2013,364,234.76,6.59,,,364,6.59,185.64,1.026,
5103106,Cocalinho,resto_mt,Demais MT,FALSE,2014,316,239.43,5.72,,,316,5.72,164.23,0.908,
5103106,Cocalinho,resto_mt,Demais MT,FALSE,2015,335,222.32,6.06,,,335,6.06,161.74,0.894,
5103106,Cocalinho,resto_mt,Demais MT,FALSE,2016,318,209.2,5.75,,,318,5.75,144.24,0.798,
5103106,Cocalinho,resto_mt,Demais MT,FALSE,2017,286,206.62,5.17,,,286,5.17,128.26,0.71,
5103106,Cocalinho,resto_mt,Demais MT,FALSE,2018,292,211.36,5.13,,,292,5.13,130.02,0.74,
5103106,Cocalinho,resto_mt,Demais MT,FALSE,2019,278,204.31,4.88,105,1.84,383,6.72,414.12,0.681,1.68
5103106,Cocalinho,resto_mt,Demais MT,FALSE,2020,270,203.45,4.75,104,1.83,374,6.58,406.84,0.66,1.651
5103106,Cocalinho,resto_mt,Demais MT,FALSE,2021,302,196.16,5.28,109,1.91,411,7.19,413.2,0.711,1.651
5103106,Cocalinho,resto_mt,Demais MT,FALSE,2022,387,320.31,6.22,106,1.7,493,7.93,507.61,1.488,1.67
5103106,Cocalinho,resto_mt,Demais MT,FALSE,2023,491,666.94,7.89,113,1.82,604,9.71,931.38,3.93,1.863
5103106,Cocalinho,resto_mt,Demais MT,FALSE,2024,590,677.6,9.18,120,1.87,710,11.05,1063,4.795,2.038
5103205,Colíder,resto_mt,Demais MT,FALSE,2013,1318,200.05,4.18,,,1318,4.18,100.4,3.164,
5103205,Colíder,resto_mt,Demais MT,FALSE,2014,1271,205.93,4.01,,,1271,4.01,99.03,3.14,
5103205,Colíder,resto_mt,Demais MT,FALSE,2015,1311,196.03,4.11,,,1311,4.11,96.66,3.083,
5103205,Colíder,resto_mt,Demais MT,FALSE,2016,1304,197.93,4.06,,,1304,4.06,96.4,3.096,
5103205,Colíder,resto_mt,Demais MT,FALSE,2017,1203,206.86,3.72,,,1203,3.72,92.47,2.986,
5103205,Colíder,resto_mt,Demais MT,FALSE,2018,1128,194.45,3.4,,,1128,3.4,79.23,2.632,
5103205,Colíder,resto_mt,Demais MT,FALSE,2019,1002,190.59,3,848,2.54,1850,5.53,474.66,2.291,13.581
5103205,Colíder,resto_mt,Demais MT,FALSE,2020,988,181.61,2.94,848,2.52,1836,5.46,464.29,2.154,13.469
5103205,Colíder,resto_mt,Demais MT,FALSE,2021,1006,181.02,2.97,832,2.46,1838,5.43,437.84,2.186,12.637
5103205,Colíder,resto_mt,Demais MT,FALSE,2022,1381,317.57,4.4,820,2.61,2201,7.02,581.04,5.264,12.963
5103205,Colíder,resto_mt,Demais MT,FALSE,2023,1537,659.99,4.9,863,2.75,2400,7.65,842.77,12.172,14.266
5103205,Colíder,resto_mt,Demais MT,FALSE,2024,1504,652.74,4.7,967,3.02,2471,7.72,879.91,11.778,16.388
5103254,Colniza,resto_mt,Demais MT,FALSE,2013,3367,342.37,10.91,,,3367,10.91,448.4,13.832,
5103254,Colniza,resto_mt,Demais MT,FALSE,2014,3568,321.11,11.07,,,3568,11.07,426.54,13.747,
5103254,Colniza,resto_mt,Demais MT,FALSE,2015,3427,269.69,10.21,,,3427,10.21,330.34,11.091,
5103254,Colniza,resto_mt,Demais MT,FALSE,2016,3037,253.77,8.71,,,3037,8.71,265.12,9.249,
5103254,Colniza,resto_mt,Demais MT,FALSE,2017,2577,258.7,7.13,,,2577,7.13,221.23,8,
5103254,Colniza,resto_mt,Demais MT,FALSE,2018,2243,235.51,6.02,,,2243,6.02,170.02,6.338,
5103254,Colniza,resto_mt,Demais MT,FALSE,2019,1880,219.43,4.87,405,1.05,2285,5.92,296.33,4.949,6.483
5103254,Colniza,resto_mt,Demais MT,FALSE,2020,1707,199.39,4.28,408,1.02,2115,5.31,265.29,4.084,6.491
5103254,Colniza,resto_mt,Demais MT,FALSE,2021,1647,194.27,4.01,421,1.02,2068,5.03,248.94,3.84,6.396
5103254,Colniza,resto_mt,Demais MT,FALSE,2022,1636,317.83,6.35,438,1.7,2074,8.05,510.6,6.239,6.918
5103254,Colniza,resto_mt,Demais MT,FALSE,2023,1653,661.72,6.42,477,1.85,2130,8.27,815.59,13.127,7.887
5103254,Colniza,resto_mt,Demais MT,FALSE,2024,1572,668.57,6.03,511,1.96,2083,7.98,815.62,12.615,8.664
5103304,Comodoro,resto_mt,Demais MT,FALSE,2013,1210,317.46,6.35,,,1210,6.35,241.95,4.608,
5103304,Comodoro,resto_mt,Demais MT,FALSE,2014,1214,315.02,6.29,,,1214,6.29,237.94,4.591,
5103304,Comodoro,resto_mt,Demais MT,FALSE,2015,1209,290.73,6.19,,,1209,6.19,215.86,4.217,
5103304,Comodoro,resto_mt,Demais MT,FALSE,2016,1150,287.52,5.84,,,1150,5.84,201.33,3.967,
5103304,Comodoro,resto_mt,Demais MT,FALSE,2017,1125,331.24,5.64,,,1125,5.64,224.35,4.472,
5103304,Comodoro,resto_mt,Demais MT,FALSE,2018,1078,341.88,5.26,,,1078,5.26,215.63,4.423,
5103304,Comodoro,resto_mt,Demais MT,FALSE,2019,979,358.06,4.72,425,2.05,1404,6.76,530.18,4.206,6.802
5103304,Comodoro,resto_mt,Demais MT,FALSE,2020,951,356.41,4.53,425,2.02,1376,6.55,515.45,4.069,6.76
5103304,Comodoro,resto_mt,Demais MT,FALSE,2021,947,358.45,4.46,426,2,1373,6.46,495.99,4.075,6.465
5103304,Comodoro,resto_mt,Demais MT,FALSE,2022,1093,413,5.99,438,2.4,1531,8.39,676.42,5.418,6.919
5103304,Comodoro,resto_mt,Demais MT,FALSE,2023,1424,713.79,7.81,493,2.7,1917,10.51,1115.11,12.196,8.142
5103304,Comodoro,resto_mt,Demais MT,FALSE,2024,1761,717.45,9.54,540,2.93,2301,12.46,1316.85,15.16,9.15
5103353,Confresa,resto_mt,Demais MT,FALSE,2013,2790,296.45,10.28,,,2790,10.28,365.68,9.926,
5103353,Confresa,resto_mt,Demais MT,FALSE,2014,2752,295.43,9.92,,,2752,9.92,351.63,9.757,
5103353,Confresa,resto_mt,Demais MT,FALSE,2015,2594,282.89,9.15,,,2594,9.15,310.72,8.806,
5103353,Confresa,resto_mt,Demais MT,FALSE,2016,2574,299.03,8.9,,,2574,8.9,319.45,9.236,
5103353,Confresa,resto_mt,Demais MT,FALSE,2017,2357,333.9,8,,,2357,8,320.4,9.443,
5103353,Confresa,resto_mt,Demais MT,FALSE,2018,2082,323.63,6.86,,,2082,6.86,266.47,8.087,
5103353,Confresa,resto_mt,Demais MT,FALSE,2019,1940,301.42,6.27,617,1.99,2557,8.27,546.05,7.017,9.874
5103353,Confresa,resto_mt,Demais MT,FALSE,2020,2074,278,6.58,635,2.02,2709,8.6,539.88,6.917,10.094
5103353,Confresa,resto_mt,Demais MT,FALSE,2021,2312,271.41,7.21,643,2,2955,9.21,539.09,7.529,9.763
5103353,Confresa,resto_mt,Demais MT,FALSE,2022,2594,354.17,7.4,666,1.9,3260,9.29,614.28,11.025,10.521
5103353,Confresa,resto_mt,Demais MT,FALSE,2023,2824,677.08,8.05,722,2.06,3546,10.11,993.99,22.942,11.922
5103353,Confresa,resto_mt,Demais MT,FALSE,2024,2783,689.29,7.41,808,2.15,3591,9.57,978.09,23.019,13.7
5103361,Conquista D'Oeste,resto_mt,Demais MT,FALSE,2013,193,297.06,5.35,,,193,5.35,191.07,0.689,
5103361,Conquista D'Oeste,resto_mt,Demais MT,FALSE,2014,231,301.01,6.29,,,231,6.29,226.76,0.833,
5103361,Conquista D'Oeste,resto_mt,Demais MT,FALSE,2015,227,293.23,6.07,,,227,6.07,213.51,0.798,
5103361,Conquista D'Oeste,resto_mt,Demais MT,FALSE,2016,226,282.88,5.95,,,226,5.95,201.71,0.766,
5103361,Conquista D'Oeste,resto_mt,Demais MT,FALSE,2017,179,293.69,4.64,,,179,4.64,163.28,0.63,
5103361,Conquista D'Oeste,resto_mt,Demais MT,FALSE,2018,181,281.04,4.56,,,181,4.56,153.64,0.61,
5103361,Conquista D'Oeste,resto_mt,Demais MT,FALSE,2019,160,280.78,3.96,50,1.24,210,5.2,333.55,0.538,0.809
5103361,Conquista D'Oeste,resto_mt,Demais MT,FALSE,2020,166,268.06,4.05,55,1.34,221,5.39,342.44,0.534,0.87
5103361,Conquista D'Oeste,resto_mt,Demais MT,FALSE,2021,184,267.68,4.42,55,1.32,239,5.74,341.92,0.592,0.832
5103361,Conquista D'Oeste,resto_mt,Demais MT,FALSE,2022,226,363.94,6.01,53,1.41,279,7.42,485.79,0.988,0.839
5103361,Conquista D'Oeste,resto_mt,Demais MT,FALSE,2023,258,729.79,6.86,56,1.49,314,8.35,845.57,2.259,0.92
5103361,Conquista D'Oeste,resto_mt,Demais MT,FALSE,2024,272,748.14,7.02,63,1.63,335,8.65,902.91,2.437,1.06
5103379,Cotriguaçu,resto_mt,Demais MT,FALSE,2013,1276,230.24,7.65,,,1276,7.65,211.27,3.526,
5103379,Cotriguaçu,resto_mt,Demais MT,FALSE,2014,1168,229.24,6.79,,,1168,6.79,186.62,3.212,
5103379,Cotriguaçu,resto_mt,Demais MT,FALSE,2015,1078,211.93,6.08,,,1078,6.08,154.76,2.742,
5103379,Cotriguaçu,resto_mt,Demais MT,FALSE,2016,865,204.15,4.75,,,865,4.75,116.39,2.119,
5103379,Cotriguaçu,resto_mt,Demais MT,FALSE,2017,634,191.82,3.39,,,634,3.39,78.03,1.458,
5103379,Cotriguaçu,resto_mt,Demais MT,FALSE,2018,549,181.23,2.85,,,549,2.85,61.96,1.193,
5103379,Cotriguaçu,resto_mt,Demais MT,FALSE,2019,475,182.11,2.41,109,0.55,584,2.96,141.16,1.037,1.751
5103379,Cotriguaçu,resto_mt,Demais MT,FALSE,2020,475,182.02,2.35,107,0.53,582,2.88,135.53,1.037,1.706
5103379,Cotriguaçu,resto_mt,Demais MT,FALSE,2021,489,171.33,2.36,104,0.5,593,2.86,124.89,1.005,1.583
5103379,Cotriguaçu,resto_mt,Demais MT,FALSE,2022,562,319.35,5.1,102,0.93,664,6.03,342.52,2.154,1.617
5103379,Cotriguaçu,resto_mt,Demais MT,FALSE,2023,616,683.25,5.59,108,0.98,724,6.58,621.01,5.048,1.79
5103379,Cotriguaçu,resto_mt,Demais MT,FALSE,2024,697,694.94,6.7,117,1.13,814,7.83,749.46,5.812,1.981
5103403,Cuiabá,polo_metropolitano,Polo Metropolitano,FALSE,2013,23757,224.84,4.17,,,23757,4.17,112.48,64.097,
5103403,Cuiabá,polo_metropolitano,Polo Metropolitano,FALSE,2014,25116,216.48,4.36,,,25116,4.36,113.38,65.246,
5103403,Cuiabá,polo_metropolitano,Polo Metropolitano,FALSE,2015,23532,200.71,4.05,,,23532,4.05,97.64,56.678,
5103403,Cuiabá,polo_metropolitano,Polo Metropolitano,FALSE,2016,20997,184.59,3.59,,,20997,3.59,79.45,46.509,
5103403,Cuiabá,polo_metropolitano,Polo Metropolitano,FALSE,2017,18974,182.09,3.22,,,18974,3.22,70.26,41.461,
5103403,Cuiabá,polo_metropolitano,Polo Metropolitano,FALSE,2018,20570,176.76,3.39,,,20570,3.39,71.86,43.63,
5103403,Cuiabá,polo_metropolitano,Polo Metropolitano,FALSE,2019,20869,176.53,3.41,17136,2.8,38005,6.2,520.11,44.209,274.385
5103403,Cuiabá,polo_metropolitano,Polo Metropolitano,FALSE,2020,22488,175.1,3.64,17265,2.79,39753,6.43,520.33,47.252,274.375
5103403,Cuiabá,polo_metropolitano,Polo Metropolitano,FALSE,2021,23854,182.06,3.83,17270,2.77,41124,6.59,504.31,52.114,262.382
5103403,Cuiabá,polo_metropolitano,Polo Metropolitano,FALSE,2022,36191,317.48,5.56,18223,2.8,54414,8.36,654.27,137.88,287.971
5103403,Cuiabá,polo_metropolitano,Polo Metropolitano,FALSE,2023,41794,656.01,6.42,20380,3.13,62174,9.55,1022.86,329.008,336.747
5103403,Cuiabá,polo_metropolitano,Polo Metropolitano,FALSE,2024,40581,671.03,5.94,23516,3.44,64097,9.39,1061.96,326.774,398.472
5103437,Curvelândia,pantanal_norte,Pantanal-13,TRUE,2013,511,315.82,10.3,,,511,10.3,390.44,1.937,
5103437,Curvelândia,pantanal_norte,Pantanal-13,TRUE,2014,501,348.95,10.05,,,501,10.05,420.99,2.098,
5103437,Curvelândia,pantanal_norte,Pantanal-13,TRUE,2015,470,325.33,9.39,,,470,9.39,366.34,1.834,
5103437,Curvelândia,pantanal_norte,Pantanal-13,TRUE,2016,500,281.18,9.94,,,500,9.94,335.82,1.688,
5103437,Curvelândia,pantanal_norte,Pantanal-13,TRUE,2017,360,255.19,7.13,,,360,7.13,218.14,1.101,
5103437,Curvelândia,pantanal_norte,Pantanal-13,TRUE,2018,336,242.27,6.47,,,336,6.47,188,0.976,
5103437,Curvelândia,pantanal_norte,Pantanal-13,TRUE,2019,325,242.35,6.23,64,1.23,389,7.45,377.76,0.945,1.026
5103437,Curvelândia,pantanal_norte,Pantanal-13,TRUE,2020,337,236.54,6.43,63,1.2,400,7.63,374.65,0.957,1.006
5103437,Curvelândia,pantanal_norte,Pantanal-13,TRUE,2021,378,235.42,7.18,61,1.16,439,8.33,379.91,1.068,0.933
5103437,Curvelândia,pantanal_norte,Pantanal-13,TRUE,2022,521,337.25,10.63,61,1.24,582,11.87,626.78,2.109,0.964
5103437,Curvelândia,pantanal_norte,Pantanal-13,TRUE,2023,562,646.84,11.46,62,1.26,624,12.73,1100.89,4.365,1.033
5103437,Curvelândia,pantanal_norte,Pantanal-13,TRUE,2024,546,669.36,10.99,81,1.63,627,12.62,1158.97,4.388,1.368
5103452,Denise,resto_mt,Demais MT,FALSE,2013,696,258.55,7.89,,,696,7.89,244.8,2.158,
5103452,Denise,resto_mt,Demais MT,FALSE,2014,651,259.85,7.32,,,651,7.32,228.16,2.03,
5103452,Denise,resto_mt,Demais MT,FALSE,2015,605,248.98,6.74,,,605,6.74,201.49,1.808,
5103452,Denise,resto_mt,Demais MT,FALSE,2016,605,243.92,6.69,,,605,6.69,195.86,1.771,
5103452,Denise,resto_mt,Demais MT,FALSE,2017,543,248.71,5.96,,,543,5.96,177.93,1.622,
5103452,Denise,resto_mt,Demais MT,FALSE,2018,514,261.4,5.48,,,514,5.48,172.02,1.613,
5103452,Denise,resto_mt,Demais MT,FALSE,2019,459,264.18,4.85,165,1.74,624,6.59,433.82,1.456,2.649
5103452,Denise,resto_mt,Demais MT,FALSE,2020,448,259.13,4.69,162,1.7,610,6.39,415.14,1.392,2.571
5103452,Denise,resto_mt,Demais MT,FALSE,2021,486,250.48,5.05,154,1.6,640,6.65,395.11,1.461,2.342
5103452,Denise,resto_mt,Demais MT,FALSE,2022,630,344.81,8.98,154,2.2,784,11.18,718.94,2.606,2.436
5103452,Denise,resto_mt,Demais MT,FALSE,2023,760,660.72,10.84,157,2.24,917,13.07,1229.9,6.028,2.598
5103452,Denise,resto_mt,Demais MT,FALSE,2024,729,679.23,10.7,168,2.47,897,13.16,1288.46,5.941,2.84
5103502,Diamantino,resto_mt,Demais MT,FALSE,2013,1114,296.62,5.35,,,1114,5.35,190.51,3.967,
5103502,Diamantino,resto_mt,Demais MT,FALSE,2014,1126,295.97,5.38,,,1126,5.38,191.02,4.001,
5103502,Diamantino,resto_mt,Demais MT,FALSE,2015,1102,268.24,5.23,,,1102,5.23,168.44,3.548,
5103502,Diamantino,resto_mt,Demais MT,FALSE,2016,1117,248.27,5.27,,,1117,5.27,157.11,3.328,
5103502,Diamantino,resto_mt,Demais MT,FALSE,2017,943,247.49,4.43,,,943,4.43,131.51,2.8,
5103502,Diamantino,resto_mt,Demais MT,FALSE,2018,924,237.02,4.22,,,924,4.22,119.93,2.627,
5103502,Diamantino,resto_mt,Demais MT,FALSE,2019,856,230.12,3.88,656,2.98,1512,6.86,583.67,2.363,10.501
5103502,Diamantino,resto_mt,Demais MT,FALSE,2020,841,223.21,3.79,646,2.91,1487,6.7,564.39,2.253,10.264
5103502,Diamantino,resto_mt,Demais MT,FALSE,2021,944,227.33,4.23,654,2.93,1598,7.16,560.84,2.574,9.939
5103502,Diamantino,resto_mt,Demais MT,FALSE,2022,1084,323.03,4.94,651,2.97,1735,7.91,660.75,4.204,10.294
5103502,Diamantino,resto_mt,Demais MT,FALSE,2023,1140,651.35,5.2,696,3.17,1836,8.37,929.96,8.907,11.497
5103502,Diamantino,resto_mt,Demais MT,FALSE,2024,1059,648.03,4.71,758,3.37,1817,8.08,937.68,8.238,12.84
5103601,Dom Aquino,resto_mt,Demais MT,FALSE,2013,722,300.62,8.91,,,722,8.91,321.59,2.605,
5103601,Dom Aquino,resto_mt,Demais MT,FALSE,2014,752,305.29,9.32,,,752,9.32,341.32,2.753,
5103601,Dom Aquino,resto_mt,Demais MT,FALSE,2015,721,287.93,8.98,,,721,8.98,310.3,2.492,
5103601,Dom Aquino,resto_mt,Demais MT,FALSE,2016,722,296.02,9.01,,,722,9.01,320.15,2.564,
5103601,Dom Aquino,resto_mt,Demais MT,FALSE,2017,686,315.65,8.6,,,686,8.6,325.58,2.597,
5103601,Dom Aquino,resto_mt,Demais MT,FALSE,2018,736,316,8.98,,,736,8.98,340.55,2.792,
5103601,Dom Aquino,resto_mt,Demais MT,FALSE,2019,709,321.08,8.67,195,2.38,904,11.05,716.09,2.732,3.124
5103601,Dom Aquino,resto_mt,Demais MT,FALSE,2020,719,307.69,8.81,200,2.45,919,11.26,715.27,2.655,3.181
5103601,Dom Aquino,resto_mt,Demais MT,FALSE,2021,730,312.03,9.03,208,2.57,938,11.6,728.03,2.732,3.155
5103601,Dom Aquino,resto_mt,Demais MT,FALSE,2022,868,367.83,11.03,222,2.82,1090,13.85,931.4,3.829,3.503
5103601,Dom Aquino,resto_mt,Demais MT,FALSE,2023,843,668.92,10.71,228,2.9,1071,13.61,1338.86,6.77,3.769
5103601,Dom Aquino,resto_mt,Demais MT,FALSE,2024,818,696.48,10.33,237,2.99,1055,13.33,1370.33,6.837,4.009
5103700,Feliz Natal,resto_mt,Demais MT,FALSE,2013,451,318.08,3.73,,,451,3.73,142.52,1.723,
5103700,Feliz Natal,resto_mt,Demais MT,FALSE,2014,526,356.59,4.23,,,526,4.23,181.1,2.253,
5103700,Feliz Natal,resto_mt,Demais MT,FALSE,2015,591,336.91,4.62,,,591,4.62,186.85,2.388,
5103700,Feliz Natal,resto_mt,Demais MT,FALSE,2016,713,319.05,5.43,,,713,5.43,208.03,2.731,
5103700,Feliz Natal,resto_mt,Demais MT,FALSE,2017,706,335.01,5.25,,,706,5.25,211.1,2.84,
5103700,Feliz Natal,resto_mt,Demais MT,FALSE,2018,723,326.2,5.22,,,723,5.22,204.31,2.831,
5103700,Feliz Natal,resto_mt,Demais MT,FALSE,2019,662,326.51,4.66,141,0.99,803,5.66,341.47,2.593,2.254
5103700,Feliz Natal,resto_mt,Demais MT,FALSE,2020,711,315,4.9,149,1.03,860,5.92,347.97,2.689,2.364
5103700,Feliz Natal,resto_mt,Demais MT,FALSE,2021,731,315.69,4.92,152,1.02,883,5.95,342.04,2.77,2.308
5103700,Feliz Natal,resto_mt,Demais MT,FALSE,2022,947,385.77,9,162,1.54,1109,10.54,660.15,4.385,2.56
5103700,Feliz Natal,resto_mt,Demais MT,FALSE,2023,1050,723.89,9.98,181,1.72,1231,11.7,1151.24,9.123,2.989
5103700,Feliz Natal,resto_mt,Demais MT,FALSE,2024,1106,750.14,10.47,171,1.62,1277,12.09,1216.57,9.954,2.897
5103809,Figueirópolis D'Oeste,resto_mt,Demais MT,FALSE,2013,214,206.17,5.86,,,214,5.86,145.24,0.53,
5103809,Figueirópolis D'Oeste,resto_mt,Demais MT,FALSE,2014,200,207.27,5.56,,,200,5.56,138.51,0.498,
5103809,Figueirópolis D'Oeste,resto_mt,Demais MT,FALSE,2015,178,184.6,5.02,,,178,5.02,110.95,0.394,
5103809,Figueirópolis D'Oeste,resto_mt,Demais MT,FALSE,2016,143,169.69,4.1,,,143,4.1,83.14,0.29,
5103809,Figueirópolis D'Oeste,resto_mt,Demais MT,FALSE,2017,106,156.1,3.08,,,106,3.08,57.88,0.199,
5103809,Figueirópolis D'Oeste,resto_mt,Demais MT,FALSE,2018,95,163.15,2.69,,,95,2.69,52.35,0.185,
5103809,Figueirópolis D'Oeste,resto_mt,Demais MT,FALSE,2019,124,206.58,3.55,89,2.55,213,6.1,493.93,0.307,1.418
5103809,Figueirópolis D'Oeste,resto_mt,Demais MT,FALSE,2020,140,206.84,4.06,86,2.49,226,6.55,496.7,0.348,1.367
5103809,Figueirópolis D'Oeste,resto_mt,Demais MT,FALSE,2021,156,205.27,4.57,82,2.4,238,6.98,478.07,0.385,1.246
5103809,Figueirópolis D'Oeste,resto_mt,Demais MT,FALSE,2022,185,312.55,5.8,80,2.51,265,8.32,616.38,0.692,1.272
5103809,Figueirópolis D'Oeste,resto_mt,Demais MT,FALSE,2023,181,688.83,5.68,81,2.54,262,8.22,888.67,1.493,1.339
5103809,Figueirópolis D'Oeste,resto_mt,Demais MT,FALSE,2024,216,730.68,6.94,86,2.76,302,9.7,1074.97,1.89,1.456
5103858,Gaúcha do Norte,resto_mt,Demais MT,FALSE,2013,366,482.63,5.41,,,366,5.41,313.09,2.117,
5103858,Gaúcha do Norte,resto_mt,Demais MT,FALSE,2014,398,469.43,5.77,,,398,5.77,325,2.242,
5103858,Gaúcha do Norte,resto_mt,Demais MT,FALSE,2015,404,452.74,5.74,,,404,5.74,312.08,2.196,
5103858,Gaúcha do Norte,resto_mt,Demais MT,FALSE,2016,397,471.53,5.54,,,397,5.54,313.69,2.248,
5103858,Gaúcha do Norte,resto_mt,Demais MT,FALSE,2017,376,488.51,5.15,,,376,5.15,302.51,2.207,
5103858,Gaúcha do Norte,resto_mt,Demais MT,FALSE,2018,428,463.88,5.7,,,428,5.7,317.24,2.383,
5103858,Gaúcha do Norte,resto_mt,Demais MT,FALSE,2019,476,437.19,6.22,58,0.76,534,6.98,447.66,2.499,0.925
5103858,Gaúcha do Norte,resto_mt,Demais MT,FALSE,2020,516,422.63,6.63,61,0.78,577,7.41,461.69,2.618,0.975
5103858,Gaúcha do Norte,resto_mt,Demais MT,FALSE,2021,539,435.54,6.81,61,0.77,600,7.58,473.12,2.817,0.927
5103858,Gaúcha do Norte,resto_mt,Demais MT,FALSE,2022,634,474.91,7.34,60,0.69,694,8.03,528.67,3.614,0.955
5103858,Gaúcha do Norte,resto_mt,Demais MT,FALSE,2023,750,788.37,8.68,58,0.67,808,9.35,931.34,7.091,0.958
5103858,Gaúcha do Norte,resto_mt,Demais MT,FALSE,2024,954,782.81,10.39,62,0.68,1016,11.07,1091.39,8.962,1.058
5103908,General Carneiro,resto_mt,Demais MT,FALSE,2013,561,309.35,10.76,,,561,10.76,399.11,2.081,
5103908,General Carneiro,resto_mt,Demais MT,FALSE,2014,622,319.75,11.81,,,622,11.81,452.94,2.386,
5103908,General Carneiro,resto_mt,Demais MT,FALSE,2015,626,292.55,11.77,,,626,11.77,413.25,2.198,
5103908,General Carneiro,resto_mt,Demais MT,FALSE,2016,577,279.31,10.92,,,577,10.92,365.97,1.934,
5103908,General Carneiro,resto_mt,Demais MT,FALSE,2017,476,290.83,8.93,,,476,8.93,311.23,1.66,
5103908,General Carneiro,resto_mt,Demais MT,FALSE,2018,477,285.91,8.69,,,477,8.69,298.31,1.637,
5103908,General Carneiro,resto_mt,Demais MT,FALSE,2019,428,279.63,7.73,111,2,539,9.73,580.14,1.435,1.779
5103908,General Carneiro,resto_mt,Demais MT,FALSE,2020,432,254.37,7.73,108,1.93,540,9.66,541.47,1.318,1.71
5103908,General Carneiro,resto_mt,Demais MT,FALSE,2021,483,240.43,8.44,106,1.85,589,10.29,525.34,1.393,1.616
5103908,General Carneiro,resto_mt,Demais MT,FALSE,2022,649,359.39,10.75,99,1.64,748,12.39,721.94,2.798,1.56
5103908,General Carneiro,resto_mt,Demais MT,FALSE,2023,811,707.12,13.43,102,1.69,913,15.12,1420.19,6.882,1.692
5103908,General Carneiro,resto_mt,Demais MT,FALSE,2024,844,746.46,13.5,107,1.71,951,15.22,1501.44,7.564,1.82
5103957,Glória D'Oeste,pantanal_norte,Pantanal-13,TRUE,2013,248,303.79,8.07,,,248,8.07,293.81,0.903,
5103957,Glória D'Oeste,pantanal_norte,Pantanal-13,TRUE,2014,249,349.86,8.17,,,249,8.17,343.43,1.046,
5103957,Glória D'Oeste,pantanal_norte,Pantanal-13,TRUE,2015,226,311,7.48,,,226,7.48,279.52,0.845,
5103957,Glória D'Oeste,pantanal_norte,Pantanal-13,TRUE,2016,213,290.43,7.13,,,213,7.13,248.12,0.741,
5103957,Glória D'Oeste,pantanal_norte,Pantanal-13,TRUE,2017,230,298.98,7.76,,,230,7.76,279.01,0.827,
5103957,Glória D'Oeste,pantanal_norte,Pantanal-13,TRUE,2018,245,303.46,8.05,,,245,8.05,292.69,0.891,
5103957,Glória D'Oeste,pantanal_norte,Pantanal-13,TRUE,2019,248,313.31,8.2,47,1.55,295,9.75,555.87,0.931,0.751
5103957,Glória D'Oeste,pantanal_norte,Pantanal-13,TRUE,2020,256,315.25,8.51,46,1.53,302,10.04,563.15,0.967,0.727
5103957,Glória D'Oeste,pantanal_norte,Pantanal-13,TRUE,2021,260,312.17,8.7,45,1.51,305,10.2,554.82,0.973,0.686
5103957,Glória D'Oeste,pantanal_norte,Pantanal-13,TRUE,2022,319,370.63,10.98,54,1.86,373,12.84,779.28,1.418,0.845
5103957,Glória D'Oeste,pantanal_norte,Pantanal-13,TRUE,2023,335,656.73,11.53,60,2.07,395,13.6,1249.54,2.64,0.99
5103957,Glória D'Oeste,pantanal_norte,Pantanal-13,TRUE,2024,339,677.15,11.69,69,2.38,408,14.07,1351.08,2.753,1.164
5104104,Guarantã do Norte,resto_mt,Demais MT,FALSE,2013,1995,302.98,5.99,,,1995,5.99,217.66,7.254,
5104104,Guarantã do Norte,resto_mt,Demais MT,FALSE,2014,2176,313.81,6.47,,,2176,6.47,243.68,8.196,
5104104,Guarantã do Norte,resto_mt,Demais MT,FALSE,2015,2128,295.4,6.27,,,2128,6.27,222.31,7.543,
5104104,Guarantã do Norte,resto_mt,Demais MT,FALSE,2016,2038,278.57,5.96,,,2038,5.96,199.06,6.811,
5104104,Guarantã do Norte,resto_mt,Demais MT,FALSE,2017,1836,274.39,5.32,,,1836,5.32,175.18,6.044,
5104104,Guarantã do Norte,resto_mt,Demais MT,FALSE,2018,1904,269.86,5.36,,,1904,5.36,173.71,6.166,
5104104,Guarantã do Norte,resto_mt,Demais MT,FALSE,2019,1960,271.1,5.47,698,1.95,2658,7.42,490.29,6.377,11.183
5104104,Guarantã do Norte,resto_mt,Demais MT,FALSE,2020,1984,261.92,5.49,710,1.97,2694,7.46,484.99,6.235,11.288
5104104,Guarantã do Norte,resto_mt,Demais MT,FALSE,2021,1993,266.47,5.47,718,1.97,2711,7.44,474.41,6.372,10.915
5104104,Guarantã do Norte,resto_mt,Demais MT,FALSE,2022,2605,362.52,8.4,778,2.51,3383,10.9,761.57,11.334,12.293
5104104,Guarantã do Norte,resto_mt,Demais MT,FALSE,2023,3030,691.72,9.77,878,2.83,3908,12.6,1278.38,25.147,14.514
5104104,Guarantã do Norte,resto_mt,Demais MT,FALSE,2024,3098,708.94,9.89,1020,3.26,4118,13.14,1393.15,26.354,17.291
5104203,Guiratinga,resto_mt,Demais MT,FALSE,2013,1026,214.73,7.17,,,1026,7.17,184.75,2.643,
5104203,Guiratinga,resto_mt,Demais MT,FALSE,2014,1005,214.4,6.98,,,1005,6.98,179.49,2.585,
5104203,Guiratinga,resto_mt,Demais MT,FALSE,2015,978,200.16,6.75,,,978,6.75,162.14,2.35,
5104203,Guiratinga,resto_mt,Demais MT,FALSE,2016,966,194.05,6.65,,,966,6.65,154.9,2.25,
5104203,Guiratinga,resto_mt,Demais MT,FALSE,2017,932,198.14,6.38,,,932,6.38,151.63,2.216,
5104203,Guiratinga,resto_mt,Demais MT,FALSE,2018,871,194.94,5.79,,,871,5.79,135.57,2.038,
5104203,Guiratinga,resto_mt,Demais MT,FALSE,2019,842,191.11,5.56,565,3.73,1407,9.29,724.8,1.932,9.042
5104203,Guiratinga,resto_mt,Demais MT,FALSE,2020,937,178.36,6.15,566,3.71,1503,9.86,721.12,2.006,8.987
5104203,Guiratinga,resto_mt,Demais MT,FALSE,2021,1077,177.02,6.84,558,3.55,1635,10.39,683.61,2.289,8.471
5104203,Guiratinga,resto_mt,Demais MT,FALSE,2022,1359,297.66,12.39,559,5.1,1918,17.49,1248.01,4.853,8.832
5104203,Guiratinga,resto_mt,Demais MT,FALSE,2023,1494,619.1,13.62,588,5.36,2082,18.99,1898.44,11.095,9.723
5104203,Guiratinga,resto_mt,Demais MT,FALSE,2024,1402,648.99,13.31,580,5.51,1982,18.82,1970.15,10.922,9.828
5104500,Indiavaí,resto_mt,Demais MT,FALSE,2013,240,232.66,9.63,,,240,9.63,269.45,0.671,
5104500,Indiavaí,resto_mt,Demais MT,FALSE,2014,247,253.62,9.81,,,247,9.81,298.64,0.752,
5104500,Indiavaí,resto_mt,Demais MT,FALSE,2015,221,243.32,8.69,,,221,8.69,254.23,0.647,
5104500,Indiavaí,resto_mt,Demais MT,FALSE,2016,181,232.1,6.9,,,181,6.9,192.12,0.504,
5104500,Indiavaí,resto_mt,Demais MT,FALSE,2017,159,209.57,6,,,159,6,151.08,0.4,
5104500,Indiavaí,resto_mt,Demais MT,FALSE,2018,112,191.8,4.11,,,112,4.11,94.32,0.257,
5104500,Indiavaí,resto_mt,Demais MT,FALSE,2019,79,178.67,2.87,51,1.85,130,4.72,359.47,0.169,0.821
5104500,Indiavaí,resto_mt,Demais MT,FALSE,2020,68,184.17,2.45,49,1.76,117,4.21,331.58,0.149,0.772
5104500,Indiavaí,resto_mt,Demais MT,FALSE,2021,74,185.75,2.64,49,1.75,123,4.38,325.19,0.165,0.747
5104500,Indiavaí,resto_mt,Demais MT,FALSE,2022,154,324.42,6.96,52,2.35,206,9.31,640.29,0.6,0.816
5104500,Indiavaí,resto_mt,Demais MT,FALSE,2023,195,669.66,8.81,54,2.44,249,11.25,1106.64,1.564,0.885
5104500,Indiavaí,resto_mt,Demais MT,FALSE,2024,198,670.18,9.02,54,2.46,252,11.49,1142.91,1.588,0.919
5104526,Ipiranga do Norte,resto_mt,Demais MT,FALSE,2013,210,266.12,3.47,,,210,3.47,110.85,0.671,
5104526,Ipiranga do Norte,resto_mt,Demais MT,FALSE,2014,194,286.35,3.06,,,194,3.06,104.89,0.666,
5104526,Ipiranga do Norte,resto_mt,Demais MT,FALSE,2015,199,279.07,3,,,199,3,100.62,0.667,
5104526,Ipiranga do Norte,resto_mt,Demais MT,FALSE,2016,242,294.58,3.51,,,242,3.51,123.88,0.855,
5104526,Ipiranga do Norte,resto_mt,Demais MT,FALSE,2017,250,294.74,3.49,,,250,3.49,123.39,0.885,
5104526,Ipiranga do Norte,resto_mt,Demais MT,FALSE,2018,248,275.34,3.35,,,248,3.35,110.88,0.82,
5104526,Ipiranga do Norte,resto_mt,Demais MT,FALSE,2019,232,271.49,3.03,46,0.6,278,3.63,195.17,0.756,0.741
5104526,Ipiranga do Norte,resto_mt,Demais MT,FALSE,2020,240,266.16,3.03,50,0.63,290,3.66,197.59,0.768,0.797
5104526,Ipiranga do Norte,resto_mt,Demais MT,FALSE,2021,237,280.05,2.9,52,0.64,289,3.53,193.32,0.797,0.785
5104526,Ipiranga do Norte,resto_mt,Demais MT,FALSE,2022,401,360.27,5.13,56,0.72,457,5.85,336.26,1.735,0.893
5104526,Ipiranga do Norte,resto_mt,Demais MT,FALSE,2023,485,705.47,6.21,62,0.79,547,7,656.89,4.107,1.027
5104526,Ipiranga do Norte,resto_mt,Demais MT,FALSE,2024,559,733.63,6.65,67,0.8,626,7.44,720.74,4.921,1.14
5104542,Itanhangá,resto_mt,Demais MT,FALSE,2013,358,285.91,6.18,,,358,6.18,212.29,1.23,
5104542,Itanhangá,resto_mt,Demais MT,FALSE,2014,400,304.9,6.72,,,400,6.72,245.72,1.462,
5104542,Itanhangá,resto_mt,Demais MT,FALSE,2015,389,296.82,6.37,,,389,6.37,227.13,1.386,
5104542,Itanhangá,resto_mt,Demais MT,FALSE,2016,401,281.56,6.41,,,401,6.41,216.49,1.353,
5104542,Itanhangá,resto_mt,Demais MT,FALSE,2017,360,289.08,5.63,,,360,5.63,195.48,1.25,
5104542,Itanhangá,resto_mt,Demais MT,FALSE,2018,330,298.49,5.01,,,330,5.01,179.17,1.18,
5104542,Itanhangá,resto_mt,Demais MT,FALSE,2019,369,296.31,5.48,52,0.77,421,6.25,319.42,1.313,0.839
5104542,Itanhangá,resto_mt,Demais MT,FALSE,2020,396,280.18,5.75,52,0.76,448,6.51,312.2,1.33,0.82
5104542,Itanhangá,resto_mt,Demais MT,FALSE,2021,397,281.5,5.65,52,0.74,449,6.39,303.85,1.34,0.796
5104542,Itanhangá,resto_mt,Demais MT,FALSE,2022,522,353.32,6.92,53,0.7,575,7.63,404.1,2.214,0.832
5104542,Itanhangá,resto_mt,Demais MT,FALSE,2023,544,673.02,7.22,57,0.76,601,7.97,706.85,4.391,0.937
5104542,Itanhangá,resto_mt,Demais MT,FALSE,2024,531,706.57,6.6,65,0.81,596,7.4,697.33,4.506,1.107
5104559,Itaúba,resto_mt,Demais MT,FALSE,2013,364,265.89,8.59,,,364,8.59,274.11,1.162,
5104559,Itaúba,resto_mt,Demais MT,FALSE,2014,373,257.85,9.04,,,373,9.04,279.8,1.154,
5104559,Itaúba,resto_mt,Demais MT,FALSE,2015,334,239.24,8.32,,,334,8.32,238.94,0.959,
5104559,Itaúba,resto_mt,Demais MT,FALSE,2016,340,230.08,8.71,,,340,8.71,240.21,0.938,
5104559,Itaúba,resto_mt,Demais MT,FALSE,2017,318,233.68,8.37,,,318,8.37,234.97,0.893,
5104559,Itaúba,resto_mt,Demais MT,FALSE,2018,309,234.28,7.92,,,309,7.92,222.51,0.868,
5104559,Itaúba,resto_mt,Demais MT,FALSE,2019,295,224.71,7.76,126,3.31,421,11.07,740.4,0.796,2.019
5104559,Itaúba,resto_mt,Demais MT,FALSE,2020,302,218.89,8.15,133,3.59,435,11.74,783.38,0.795,2.107
5104559,Itaúba,resto_mt,Demais MT,FALSE,2021,324,226.16,8.98,133,3.69,457,12.66,801.41,0.878,2.014
5104559,Itaúba,resto_mt,Demais MT,FALSE,2022,389,321.04,7.75,123,2.45,512,10.2,685.07,1.498,1.941
5104559,Itaúba,resto_mt,Demais MT,FALSE,2023,399,656.13,7.95,122,2.43,521,10.38,1025.1,3.139,2.007
5104559,Itaúba,resto_mt,Demais MT,FALSE,2024,404,668.2,7.83,135,2.62,539,10.44,1071.72,3.239,2.292
5104609,Itiquira,pantanal_norte,Pantanal-13,TRUE,2013,868,240.13,7.17,,,868,7.17,206.66,2.502,
5104609,Itiquira,pantanal_norte,Pantanal-13,TRUE,2014,1021,244.79,8.31,,,1021,8.31,243.89,2.998,
5104609,Itiquira,pantanal_norte,Pantanal-13,TRUE,2015,974,224.68,7.81,,,974,7.81,210.61,2.627,
5104609,Itiquira,pantanal_norte,Pantanal-13,TRUE,2016,986,212.75,7.81,,,986,7.81,199.48,2.517,
5104609,Itiquira,pantanal_norte,Pantanal-13,TRUE,2017,900,215.31,7.04,,,900,7.04,181.79,2.325,
5104609,Itiquira,pantanal_norte,Pantanal-13,TRUE,2018,809,212.53,6.15,,,809,6.15,156.68,2.062,
5104609,Itiquira,pantanal_norte,Pantanal-13,TRUE,2019,755,213.32,5.66,175,1.31,930,6.97,355.02,1.932,2.806
5104609,Itiquira,pantanal_norte,Pantanal-13,TRUE,2020,724,202.2,5.34,178,1.31,902,6.66,338.23,1.758,2.826
5104609,Itiquira,pantanal_norte,Pantanal-13,TRUE,2021,782,204.98,5.7,179,1.3,961,7,338.64,1.924,2.725
5104609,Itiquira,pantanal_norte,Pantanal-13,TRUE,2022,955,310.59,7.8,189,1.54,1144,9.35,535.17,3.559,2.989
5104609,Itiquira,pantanal_norte,Pantanal-13,TRUE,2023,927,634.04,7.58,209,1.71,1136,9.28,859.02,7.056,3.455
5104609,Itiquira,pantanal_norte,Pantanal-13,TRUE,2024,931,649.79,7.44,244,1.95,1175,9.39,909.9,7.259,4.132
5104807,Jaciara,resto_mt,Demais MT,FALSE,2013,1735,250.35,6.63,,,1735,6.63,199.26,5.212,
5104807,Jaciara,resto_mt,Demais MT,FALSE,2014,1664,236.9,6.33,,,1664,6.33,179.97,4.73,
5104807,Jaciara,resto_mt,Demais MT,FALSE,2015,1448,219.92,5.48,,,1448,5.48,144.71,3.821,
5104807,Jaciara,resto_mt,Demais MT,FALSE,2016,1326,220.6,5,,,1326,5,132.39,3.511,
5104807,Jaciara,resto_mt,Demais MT,FALSE,2017,1354,239.23,5.08,,,1354,5.08,146,3.888,
5104807,Jaciara,resto_mt,Demais MT,FALSE,2018,1492,232.05,5.4,,,1492,5.4,150.32,4.153,
5104807,Jaciara,resto_mt,Demais MT,FALSE,2019,1334,223.16,4.8,740,2.66,2074,7.47,555.21,3.574,11.848
5104807,Jaciara,resto_mt,Demais MT,FALSE,2020,1337,218.2,4.81,718,2.58,2055,7.39,536.43,3.502,11.415
5104807,Jaciara,resto_mt,Demais MT,FALSE,2021,1533,213.8,5.54,698,2.52,2231,8.06,524.69,3.934,10.598
5104807,Jaciara,resto_mt,Demais MT,FALSE,2022,1943,319.44,6.8,735,2.57,2678,9.37,667.48,7.449,11.62
5104807,Jaciara,resto_mt,Demais MT,FALSE,2023,2066,654.83,7.23,815,2.85,2881,10.08,1039.45,16.237,13.46
5104807,Jaciara,resto_mt,Demais MT,FALSE,2024,2111,671.38,7.14,884,2.99,2995,10.13,1082.07,17.005,14.981
5104906,Jangada,resto_mt,Demais MT,FALSE,2013,935,278.27,11.91,,,935,11.91,397.53,3.121,
5104906,Jangada,resto_mt,Demais MT,FALSE,2014,930,280.37,11.79,,,930,11.79,396.41,3.127,
5104906,Jangada,resto_mt,Demais MT,FALSE,2015,901,263.64,11.37,,,901,11.37,359.75,2.851,
5104906,Jangada,resto_mt,Demais MT,FALSE,2016,906,259.45,11.38,,,906,11.38,354.25,2.82,
5104906,Jangada,resto_mt,Demais MT,FALSE,2017,796,257.29,9.95,,,796,9.95,307.26,2.457,
5104906,Jangada,resto_mt,Demais MT,FALSE,2018,740,255.39,8.85,,,740,8.85,270.99,2.267,
5104906,Jangada,resto_mt,Demais MT,FALSE,2019,745,249.18,8.86,350,4.16,1095,13.02,930.89,2.229,5.599
5104906,Jangada,resto_mt,Demais MT,FALSE,2020,804,238.63,9.51,350,4.14,1154,13.66,931.45,2.303,5.569
5104906,Jangada,resto_mt,Demais MT,FALSE,2021,888,230.14,10.55,341,4.05,1229,14.6,907.1,2.452,5.186
5104906,Jangada,resto_mt,Demais MT,FALSE,2022,1055,325.02,14.21,341,4.59,1396,18.8,1279.48,4.114,5.387
5104906,Jangada,resto_mt,Demais MT,FALSE,2023,1082,642.16,14.57,345,4.65,1427,19.22,1890,8.34,5.695
5104906,Jangada,resto_mt,Demais MT,FALSE,2024,1112,669.76,14.93,362,4.86,1474,19.79,2023.95,8.94,6.132
5105002,Jauru,resto_mt,Demais MT,FALSE,2013,709,235.48,7.29,,,709,7.29,205.99,2.004,
5105002,Jauru,resto_mt,Demais MT,FALSE,2014,660,230.26,6.96,,,660,6.96,192.28,1.823,
5105002,Jauru,resto_mt,Demais MT,FALSE,2015,637,210.36,6.89,,,637,6.89,174.12,1.609,
5105002,Jauru,resto_mt,Demais MT,FALSE,2016,598,204.33,6.64,,,598,6.64,162.78,1.465,
5105002,Jauru,resto_mt,Demais MT,FALSE,2017,541,207.12,6.16,,,541,6.16,153.12,1.344,
5105002,Jauru,resto_mt,Demais MT,FALSE,2018,466,200.04,5.17,,,466,5.17,124.34,1.12,
5105002,Jauru,resto_mt,Demais MT,FALSE,2019,424,191.86,4.82,241,2.74,665,7.56,550.59,0.977,3.864
5105002,Jauru,resto_mt,Demais MT,FALSE,2020,413,190.52,4.81,237,2.76,650,7.57,548.5,0.943,3.764
5105002,Jauru,resto_mt,Demais MT,FALSE,2021,427,188.2,5.1,236,2.82,663,7.91,542.71,0.965,3.582
5105002,Jauru,resto_mt,Demais MT,FALSE,2022,432,309.64,5.16,233,2.78,665,7.95,632.15,1.603,3.686
5105002,Jauru,resto_mt,Demais MT,FALSE,2023,434,659,5.19,250,2.99,684,8.17,904.01,3.431,4.133
5105002,Jauru,resto_mt,Demais MT,FALSE,2024,449,680.37,5.56,264,3.27,713,8.83,1008.86,3.667,4.48
5105101,Juara,resto_mt,Demais MT,FALSE,2013,1405,277.03,4.21,,,1405,4.21,140.08,4.672,
5105101,Juara,resto_mt,Demais MT,FALSE,2014,1412,270.37,4.22,,,1412,4.22,136.86,4.583,
5105101,Juara,resto_mt,Demais MT,FALSE,2015,1436,247.93,4.27,,,1436,4.27,127.13,4.273,
5105101,Juara,resto_mt,Demais MT,FALSE,2016,1261,240.23,3.74,,,1261,3.74,107.74,3.634,
5105101,Juara,resto_mt,Demais MT,FALSE,2017,1133,229.17,3.35,,,1133,3.35,92.01,3.115,
5105101,Juara,resto_mt,Demais MT,FALSE,2018,1146,216.36,3.29,,,1146,3.29,85.48,2.976,
5105101,Juara,resto_mt,Demais MT,FALSE,2019,1089,224.74,3.11,803,2.3,1892,5.41,451.61,2.938,12.856
5105101,Juara,resto_mt,Demais MT,FALSE,2020,1148,230.96,3.27,786,2.24,1934,5.51,446.11,3.18,12.487
5105101,Juara,resto_mt,Demais MT,FALSE,2021,1248,231.3,3.54,789,2.24,2037,5.77,437.95,3.464,11.985
5105101,Juara,resto_mt,Demais MT,FALSE,2022,1628,337.6,4.66,835,2.39,2463,7.06,566.98,6.593,13.198
5105101,Juara,resto_mt,Demais MT,FALSE,2023,1810,697.29,5.19,927,2.66,2737,7.84,872.75,15.141,15.323
5105101,Juara,resto_mt,Demais MT,FALSE,2024,1876,715.73,5.23,1014,2.82,2890,8.05,927.65,16.113,17.189
5105150,Juína,resto_mt,Demais MT,FALSE,2013,2395,237.99,6.05,,,2395,6.05,172.76,6.84,
5105150,Juína,resto_mt,Demais MT,FALSE,2014,2292,255.75,5.78,,,2292,5.78,177.47,7.035,
5105150,Juína,resto_mt,Demais MT,FALSE,2015,1966,244.43,4.95,,,1966,4.95,145.29,5.766,
5105150,Juína,resto_mt,Demais MT,FALSE,2016,1575,240.17,3.96,,,1575,3.96,114.26,4.54,
5105150,Juína,resto_mt,Demais MT,FALSE,2017,1450,223.78,3.65,,,1450,3.65,97.91,3.895,
5105150,Juína,resto_mt,Demais MT,FALSE,2018,1404,222.72,3.43,,,1404,3.43,91.72,3.752,
5105150,Juína,resto_mt,Demais MT,FALSE,2019,1178,219.83,2.87,1169,2.85,2347,5.72,532.18,3.106,18.711
5105150,Juína,resto_mt,Demais MT,FALSE,2020,1315,201.07,3.2,1211,2.95,2526,6.15,545.63,3.174,19.252
5105150,Juína,resto_mt,Demais MT,FALSE,2021,1482,205.23,3.6,1237,3,2719,6.6,544.91,3.649,18.796
5105150,Juína,resto_mt,Demais MT,FALSE,2022,1834,328.58,4,1279,2.79,3113,6.79,598.45,7.232,20.218
5105150,Juína,resto_mt,Demais MT,FALSE,2023,2206,684.1,4.81,1386,3.02,3592,7.83,894.23,18.112,22.905
5105150,Juína,resto_mt,Demais MT,FALSE,2024,2345,692.03,4.91,1496,3.13,3841,8.04,937.62,19.476,25.342
5105176,Juruena,resto_mt,Demais MT,FALSE,2013,895,270.97,6.94,,,895,6.94,225.64,2.911,
5105176,Juruena,resto_mt,Demais MT,FALSE,2014,986,254.73,7.35,,,986,7.35,224.5,3.014,
5105176,Juruena,resto_mt,Demais MT,FALSE,2015,870,223.57,6.24,,,870,6.24,167.42,2.333,
5105176,Juruena,resto_mt,Demais MT,FALSE,2016,638,204.25,4.42,,,638,4.42,108.28,1.562,
5105176,Juruena,resto_mt,Demais MT,FALSE,2017,396,189.51,2.66,,,396,2.66,60.34,0.9,
5105176,Juruena,resto_mt,Demais MT,FALSE,2018,343,175.04,2.23,,,343,2.23,46.89,0.721,
5105176,Juruena,resto_mt,Demais MT,FALSE,2019,317,176.84,2,257,1.62,574,3.62,301.63,0.673,4.112
5105176,Juruena,resto_mt,Demais MT,FALSE,2020,332,180.02,2.03,252,1.54,584,3.58,289.04,0.718,4.004
5105176,Juruena,resto_mt,Demais MT,FALSE,2021,353,177.2,2.1,264,1.57,617,3.67,283.29,0.751,4.011
5105176,Juruena,resto_mt,Demais MT,FALSE,2022,545,319.25,5.34,274,2.68,819,8.02,628.33,2.089,4.329
5105176,Juruena,resto_mt,Demais MT,FALSE,2023,748,698.41,7.32,290,2.84,1038,10.16,1082.51,6.266,4.79
5105176,Juruena,resto_mt,Demais MT,FALSE,2024,868,705.58,8.55,315,3.1,1183,11.66,1250.26,7.346,5.343
5105200,Juscimeira,pantanal_norte,Pantanal-13,TRUE,2013,911,245.65,8.1,,,911,8.1,238.64,2.685,
5105200,Juscimeira,pantanal_norte,Pantanal-13,TRUE,2014,870,251.74,7.78,,,870,7.78,235.12,2.628,
5105200,Juscimeira,pantanal_norte,Pantanal-13,TRUE,2015,805,241.22,7.25,,,805,7.25,209.73,2.329,
5105200,Juscimeira,pantanal_norte,Pantanal-13,TRUE,2016,784,245.1,7.1,,,784,7.1,208.91,2.306,
5105200,Juscimeira,pantanal_norte,Pantanal-13,TRUE,2017,736,249.25,6.71,,,736,6.71,200.7,2.202,
5105200,Juscimeira,pantanal_norte,Pantanal-13,TRUE,2018,671,229.69,5.95,,,671,5.95,164.03,1.849,
5105200,Juscimeira,pantanal_norte,Pantanal-13,TRUE,2019,601,220.23,5.36,231,2.06,832,7.41,471.39,1.589,3.7
5105200,Juscimeira,pantanal_norte,Pantanal-13,TRUE,2020,570,202.34,5.1,228,2.04,798,7.14,448.42,1.383,3.629
5105200,Juscimeira,pantanal_norte,Pantanal-13,TRUE,2021,600,204.41,5.39,218,1.96,818,7.35,430.06,1.472,3.312
5105200,Juscimeira,pantanal_norte,Pantanal-13,TRUE,2022,687,317.76,5.98,221,1.93,908,7.91,531.92,2.619,3.487
5105200,Juscimeira,pantanal_norte,Pantanal-13,TRUE,2023,719,656.79,6.26,246,2.14,965,8.41,847.32,5.669,4.058
5105200,Juscimeira,pantanal_norte,Pantanal-13,TRUE,2024,720,675.7,6.2,269,2.31,989,8.51,894.12,5.839,4.551
5105234,Lambari D'Oeste,pantanal_norte,Pantanal-13,TRUE,2013,447,256.1,7.92,,,447,7.92,243.18,1.373,
5105234,Lambari D'Oeste,pantanal_norte,Pantanal-13,TRUE,2014,463,291.97,8.11,,,463,8.11,284.2,1.622,
5105234,Lambari D'Oeste,pantanal_norte,Pantanal-13,TRUE,2015,458,288.8,7.94,,,458,7.94,275.43,1.588,
5105234,Lambari D'Oeste,pantanal_norte,Pantanal-13,TRUE,2016,486,284.99,8.33,,,486,8.33,284.94,1.661,
5105234,Lambari D'Oeste,pantanal_norte,Pantanal-13,TRUE,2017,495,278.61,8.41,,,495,8.41,280.89,1.654,
5105234,Lambari D'Oeste,pantanal_norte,Pantanal-13,TRUE,2018,494,251.65,8.15,,,494,8.15,246.05,1.491,
5105234,Lambari D'Oeste,pantanal_norte,Pantanal-13,TRUE,2019,480,235.56,7.84,95,1.55,575,9.39,470.75,1.356,1.525
5105234,Lambari D'Oeste,pantanal_norte,Pantanal-13,TRUE,2020,462,221.89,7.47,99,1.6,561,9.07,454.41,1.231,1.58
5105234,Lambari D'Oeste,pantanal_norte,Pantanal-13,TRUE,2021,464,238.06,7.43,103,1.65,567,9.08,462.34,1.327,1.561
5105234,Lambari D'Oeste,pantanal_norte,Pantanal-13,TRUE,2022,655,337.38,13.67,114,2.38,769,16.05,930.6,2.652,1.805
5105234,Lambari D'Oeste,pantanal_norte,Pantanal-13,TRUE,2023,626,644.18,13.07,122,2.55,748,15.62,1430.93,4.838,2.016
5105234,Lambari D'Oeste,pantanal_norte,Pantanal-13,TRUE,2024,582,665.52,12.32,144,3.05,726,15.37,1502.62,4.651,2.447
5105259,Lucas do Rio Verde,resto_mt,Demais MT,FALSE,2013,1678,260.51,3.18,,,1678,3.18,99.26,5.245,
5105259,Lucas do Rio Verde,resto_mt,Demais MT,FALSE,2014,1781,278.43,3.23,,,1781,3.23,107.99,5.95,
5105259,Lucas do Rio Verde,resto_mt,Demais MT,FALSE,2015,1703,265.98,2.97,,,1703,2.97,94.86,5.434,
5105259,Lucas do Rio Verde,resto_mt,Demais MT,FALSE,2016,1705,257.47,2.87,,,1705,2.87,88.63,5.268,
5105259,Lucas do Rio Verde,resto_mt,Demais MT,FALSE,2017,1643,250.73,2.67,,,1643,2.67,80.36,4.944,
5105259,Lucas do Rio Verde,resto_mt,Demais MT,FALSE,2018,1912,251.54,3.02,,,1912,3.02,91,5.77,
5105259,Lucas do Rio Verde,resto_mt,Demais MT,FALSE,2019,2100,254.97,3.2,785,1.2,2885,4.4,289.86,6.424,12.572
5105259,Lucas do Rio Verde,resto_mt,Demais MT,FALSE,2020,1929,258.73,2.85,807,1.19,2736,4.05,278.31,5.988,12.832
5105259,Lucas do Rio Verde,resto_mt,Demais MT,FALSE,2021,1903,265.39,2.73,828,1.19,2731,3.92,267.45,6.061,12.572
5105259,Lucas do Rio Verde,resto_mt,Demais MT,FALSE,2022,2897,343.28,3.46,883,1.05,3780,4.51,309,11.935,13.959
5105259,Lucas do Rio Verde,resto_mt,Demais MT,FALSE,2023,2739,661.7,3.27,950,1.13,3689,4.4,446.78,21.752,15.687
5105259,Lucas do Rio Verde,resto_mt,Demais MT,FALSE,2024,3258,676.32,3.53,1028,1.11,4286,4.65,475.46,26.438,17.426
5105309,Luciara,resto_mt,Demais MT,FALSE,2013,256,340.62,11.92,,,256,11.92,487.15,1.046,
5105309,Luciara,resto_mt,Demais MT,FALSE,2014,255,338.11,12.02,,,255,12.02,488.27,1.036,
5105309,Luciara,resto_mt,Demais MT,FALSE,2015,245,316.7,11.7,,,245,11.7,445.41,0.933,
5105309,Luciara,resto_mt,Demais MT,FALSE,2016,265,312.13,12.81,,,265,12.81,479.82,0.992,
5105309,Luciara,resto_mt,Demais MT,FALSE,2017,272,315.26,13.31,,,272,13.31,504.45,1.031,
5105309,Luciara,resto_mt,Demais MT,FALSE,2018,263,302.43,12.53,,,263,12.53,454.15,0.953,
5105309,Luciara,resto_mt,Demais MT,FALSE,2019,244,280.7,11.75,17,0.82,261,12.57,526.53,0.823,0.271
5105309,Luciara,resto_mt,Demais MT,FALSE,2020,247,269.66,12,19,0.92,266,12.93,536.37,0.798,0.306
5105309,Luciara,resto_mt,Demais MT,FALSE,2021,249,280.62,12.23,20,0.98,269,13.21,564.46,0.839,0.31
5105309,Luciara,resto_mt,Demais MT,FALSE,2022,275,374.51,10.96,22,0.88,297,11.84,632.79,1.235,0.353
5105309,Luciara,resto_mt,Demais MT,FALSE,2023,346,700.14,13.79,31,1.24,377,15.03,1362.86,2.91,0.51
5105309,Luciara,resto_mt,Demais MT,FALSE,2024,399,718.76,15.4,37,1.43,436,16.83,1569.38,3.444,0.623
5105507,Vila Bela da Santíssima Trindade,resto_mt,Demais MT,FALSE,2013,1325,287.18,8.83,,,1325,8.83,304.49,4.567,
5105507,Vila Bela da Santíssima Trindade,resto_mt,Demais MT,FALSE,2014,1317,271.38,8.7,,,1317,8.7,283.34,4.289,
5105507,Vila Bela da Santíssima Trindade,resto_mt,Demais MT,FALSE,2015,1290,240.51,8.45,,,1290,8.45,243.8,3.724,
5105507,Vila Bela da Santíssima Trindade,resto_mt,Demais MT,FALSE,2016,1247,228.95,8.09,,,1247,8.09,222.37,3.426,
5105507,Vila Bela da Santíssima Trindade,resto_mt,Demais MT,FALSE,2017,1065,232.07,6.86,,,1065,6.86,190.91,2.966,
5105507,Vila Bela da Santíssima Trindade,resto_mt,Demais MT,FALSE,2018,1008,234.59,6.31,,,1008,6.31,177.52,2.837,
5105507,Vila Bela da Santíssima Trindade,resto_mt,Demais MT,FALSE,2019,924,234.52,5.73,255,1.58,1179,7.31,414.45,2.601,4.083
5105507,Vila Bela da Santíssima Trindade,resto_mt,Demais MT,FALSE,2020,932,233.58,5.73,248,1.52,1180,7.25,403.19,2.614,3.947
5105507,Vila Bela da Santíssima Trindade,resto_mt,Demais MT,FALSE,2021,1013,241.29,6.17,240,1.46,1253,7.63,400.56,2.933,3.641
5105507,Vila Bela da Santíssima Trindade,resto_mt,Demais MT,FALSE,2022,1264,346.69,7.54,242,1.44,1506,8.98,541.42,5.258,3.824
5105507,Vila Bela da Santíssima Trindade,resto_mt,Demais MT,FALSE,2023,1419,692.43,8.46,260,1.55,1679,10.01,959.18,11.792,4.297
5105507,Vila Bela da Santíssima Trindade,resto_mt,Demais MT,FALSE,2024,1554,701.67,8.94,282,1.62,1836,10.56,1027.84,13.081,4.787
5105580,Marcelândia,resto_mt,Demais MT,FALSE,2013,755,252.3,6.67,,,755,6.67,201.88,2.286,
5105580,Marcelândia,resto_mt,Demais MT,FALSE,2014,876,266.49,7.9,,,876,7.9,252.5,2.8,
5105580,Marcelândia,resto_mt,Demais MT,FALSE,2015,920,250.13,8.47,,,920,8.47,254.21,2.761,
5105580,Marcelândia,resto_mt,Demais MT,FALSE,2016,976,253.93,9.17,,,976,9.17,279.66,2.975,
5105580,Marcelândia,resto_mt,Demais MT,FALSE,2017,965,285.35,9.26,,,965,9.26,317.19,3.306,
5105580,Marcelândia,resto_mt,Demais MT,FALSE,2018,934,283.48,8.73,,,934,8.73,296.94,3.177,
5105580,Marcelândia,resto_mt,Demais MT,FALSE,2019,882,269.68,8.4,280,2.67,1162,11.07,699.65,2.856,4.49
5105580,Marcelândia,resto_mt,Demais MT,FALSE,2020,908,255.35,8.81,289,2.81,1197,11.62,715.24,2.781,4.586
5105580,Marcelândia,resto_mt,Demais MT,FALSE,2021,953,262.32,9.43,293,2.9,1246,12.33,737.55,3,4.454
5105580,Marcelândia,resto_mt,Demais MT,FALSE,2022,1132,356.08,9.93,309,2.71,1441,12.64,852.75,4.836,4.882
5105580,Marcelândia,resto_mt,Demais MT,FALSE,2023,1199,700.08,10.52,333,2.92,1532,13.44,1367.19,10.073,5.508
5105580,Marcelândia,resto_mt,Demais MT,FALSE,2024,1137,714.62,9.96,367,3.22,1504,13.18,1399.49,9.752,6.221
5105606,Matupá,resto_mt,Demais MT,FALSE,2013,644,256.35,4.3,,,644,4.3,132.24,1.98,
5105606,Matupá,resto_mt,Demais MT,FALSE,2014,638,262.5,4.2,,,638,4.2,132.08,2.008,
5105606,Matupá,resto_mt,Demais MT,FALSE,2015,608,249.93,3.94,,,608,3.94,118.22,1.824,
5105606,Matupá,resto_mt,Demais MT,FALSE,2016,443,249.81,2.83,,,443,2.83,84.82,1.328,
5105606,Matupá,resto_mt,Demais MT,FALSE,2017,403,242.06,2.54,,,403,2.54,73.69,1.169,
5105606,Matupá,resto_mt,Demais MT,FALSE,2018,394,240.23,2.41,,,394,2.41,69.46,1.135,
5105606,Matupá,resto_mt,Demais MT,FALSE,2019,374,233.59,2.26,409,2.47,783,4.73,458.51,1.049,6.546
5105606,Matupá,resto_mt,Demais MT,FALSE,2020,383,228.2,2.28,412,2.45,795,4.73,452.18,1.048,6.545
5105606,Matupá,resto_mt,Demais MT,FALSE,2021,382,223.97,2.24,405,2.38,787,4.62,421.8,1.027,6.151
5105606,Matupá,resto_mt,Demais MT,FALSE,2022,525,336.06,2.61,387,1.93,912,4.54,409.73,2.116,6.116
5105606,Matupá,resto_mt,Demais MT,FALSE,2023,612,665.74,3.05,411,2.05,1023,5.09,581.63,4.892,6.793
5105606,Matupá,resto_mt,Demais MT,FALSE,2024,612,652.72,2.86,448,2.09,1060,4.95,578.58,4.795,7.595
5105622,Mirassol D'Oeste,pantanal_norte,Pantanal-13,TRUE,2013,1992,232.18,7.66,,,1992,7.66,213.42,5.549,
5105622,Mirassol D'Oeste,pantanal_norte,Pantanal-13,TRUE,2014,1936,236.61,7.39,,,1936,7.39,209.89,5.497,
5105622,Mirassol D'Oeste,pantanal_norte,Pantanal-13,TRUE,2015,1802,221.2,6.83,,,1802,6.83,181.44,4.784,
5105622,Mirassol D'Oeste,pantanal_norte,Pantanal-13,TRUE,2016,1829,202.29,6.88,,,1829,6.88,166.95,4.44,
5105622,Mirassol D'Oeste,pantanal_norte,Pantanal-13,TRUE,2017,1759,198.91,6.57,,,1759,6.57,156.88,4.199,
5105622,Mirassol D'Oeste,pantanal_norte,Pantanal-13,TRUE,2018,1885,204.66,6.85,,,1885,6.85,168.13,4.63,
5105622,Mirassol D'Oeste,pantanal_norte,Pantanal-13,TRUE,2019,1791,200.66,6.46,654,2.36,2445,8.81,532.91,4.313,10.469
5105622,Mirassol D'Oeste,pantanal_norte,Pantanal-13,TRUE,2020,1830,197.04,6.55,643,2.3,2473,8.85,520.37,4.326,10.213
5105622,Mirassol D'Oeste,pantanal_norte,Pantanal-13,TRUE,2021,1816,200.29,6.45,632,2.25,2448,8.7,496.19,4.365,9.596
5105622,Mirassol D'Oeste,pantanal_norte,Pantanal-13,TRUE,2022,2642,321.03,9.86,661,2.47,3303,12.33,769.86,10.178,10.443
5105622,Mirassol D'Oeste,pantanal_norte,Pantanal-13,TRUE,2023,2964,641.32,11.07,714,2.67,3678,13.73,1292.12,22.812,11.797
5105622,Mirassol D'Oeste,pantanal_norte,Pantanal-13,TRUE,2024,2814,655.32,10.23,831,3.02,3645,13.25,1316.04,22.13,14.075
5105903,Nobres,resto_mt,Demais MT,FALSE,2013,1099,257.15,7.33,,,1099,7.33,226.02,3.391,
5105903,Nobres,resto_mt,Demais MT,FALSE,2014,1211,267.39,8.08,,,1211,8.08,259.46,3.887,
5105903,Nobres,resto_mt,Demais MT,FALSE,2015,1179,262.5,7.88,,,1179,7.88,248.32,3.715,
5105903,Nobres,resto_mt,Demais MT,FALSE,2016,1320,277.01,8.84,,,1320,8.84,293.83,4.389,
5105903,Nobres,resto_mt,Demais MT,FALSE,2017,1369,279.68,9.18,,,1369,9.18,308.03,4.595,
5105903,Nobres,resto_mt,Demais MT,FALSE,2018,1367,262.7,8.91,,,1367,8.91,280.99,4.31,
5105903,Nobres,resto_mt,Demais MT,FALSE,2019,1355,273.84,8.84,769,5.01,2124,13.85,1093.49,4.451,12.319
5105903,Nobres,resto_mt,Demais MT,FALSE,2020,1243,278.63,8.11,756,4.93,1999,13.04,1054.16,4.155,12.009
5105903,Nobres,resto_mt,Demais MT,FALSE,2021,1216,296.98,7.93,737,4.81,1953,12.74,1013.23,4.335,11.2
5105903,Nobres,resto_mt,Demais MT,FALSE,2022,1641,363.24,10.59,720,4.65,2361,15.24,1196.11,7.154,11.376
5105903,Nobres,resto_mt,Demais MT,FALSE,2023,1917,666.39,12.37,742,4.79,2659,17.16,1781.33,15.332,12.264
5105903,Nobres,resto_mt,Demais MT,FALSE,2024,1894,683.7,12.02,767,4.87,2661,16.89,1811.03,15.54,12.989
5106000,Nortelândia,resto_mt,Demais MT,FALSE,2013,648,281.54,10.44,,,648,10.44,352.45,2.188,
5106000,Nortelândia,resto_mt,Demais MT,FALSE,2014,611,268.8,9.97,,,611,9.97,321.48,1.97,
5106000,Nortelândia,resto_mt,Demais MT,FALSE,2015,566,246.05,9.36,,,566,9.36,276.4,1.672,
5106000,Nortelândia,resto_mt,Demais MT,FALSE,2016,529,236.1,8.86,,,529,8.86,251.2,1.5,
5106000,Nortelândia,resto_mt,Demais MT,FALSE,2017,450,229.28,7.63,,,450,7.63,209.95,1.238,
5106000,Nortelândia,resto_mt,Demais MT,FALSE,2018,438,234.22,7.23,,,438,7.23,203.48,1.232,
5106000,Nortelândia,resto_mt,Demais MT,FALSE,2019,402,247.5,6.71,247,4.12,649,10.84,860.37,1.192,3.96
5106000,Nortelândia,resto_mt,Demais MT,FALSE,2020,417,243.93,7.04,240,4.05,657,11.09,849.26,1.221,3.809
5106000,Nortelândia,resto_mt,Demais MT,FALSE,2021,451,244.73,7.7,222,3.79,673,11.49,800.88,1.324,3.368
5106000,Nortelândia,resto_mt,Demais MT,FALSE,2022,592,334.05,9.94,224,3.76,816,13.7,993.09,2.374,3.541
5106000,Nortelândia,resto_mt,Demais MT,FALSE,2023,675,641.57,11.33,222,3.73,897,15.06,1487.01,5.195,3.662
5106000,Nortelândia,resto_mt,Demais MT,FALSE,2024,562,647.33,9.47,236,3.98,798,13.45,1408.03,4.366,3.99
5106109,Nossa Senhora do Livramento,pantanal_norte,Pantanal-13,TRUE,2013,1599,282.51,13.91,,,1599,13.91,471.47,5.42,
5106109,Nossa Senhora do Livramento,pantanal_norte,Pantanal-13,TRUE,2014,1721,277.93,15.04,,,1721,15.04,501.48,5.739,
5106109,Nossa Senhora do Livramento,pantanal_norte,Pantanal-13,TRUE,2015,1667,261.53,14.63,,,1667,14.63,459.18,5.231,
5106109,Nossa Senhora do Livramento,pantanal_norte,Pantanal-13,TRUE,2016,1442,256.71,11.52,,,1442,11.52,354.8,4.441,
5106109,Nossa Senhora do Livramento,pantanal_norte,Pantanal-13,TRUE,2017,1183,265.28,9.48,,,1183,9.48,301.75,3.767,
5106109,Nossa Senhora do Livramento,pantanal_norte,Pantanal-13,TRUE,2018,1073,271.16,8.11,,,1073,8.11,263.94,3.492,
5106109,Nossa Senhora do Livramento,pantanal_norte,Pantanal-13,TRUE,2019,998,271.71,7.55,175,1.32,1173,8.88,457.76,3.254,2.795
5106109,Nossa Senhora do Livramento,pantanal_norte,Pantanal-13,TRUE,2020,1076,257.02,8.21,204,1.56,1280,9.77,501.1,3.319,3.247
5106109,Nossa Senhora do Livramento,pantanal_norte,Pantanal-13,TRUE,2021,1138,254.03,8.69,222,1.7,1360,10.39,522.25,3.469,3.369
5106109,Nossa Senhora do Livramento,pantanal_norte,Pantanal-13,TRUE,2022,1299,339.39,10.04,226,1.75,1525,11.79,685.35,5.29,3.578
5106109,Nossa Senhora do Livramento,pantanal_norte,Pantanal-13,TRUE,2023,1452,648.52,11.22,233,1.8,1685,13.02,1170.49,11.298,3.848
5106109,Nossa Senhora do Livramento,pantanal_norte,Pantanal-13,TRUE,2024,1458,669.19,12.51,267,2.29,1725,14.8,1393.15,11.711,4.53
5106158,Nova Bandeirantes,resto_mt,Demais MT,FALSE,2013,1066,246.47,8.23,,,1066,8.23,243.6,3.154,
5106158,Nova Bandeirantes,resto_mt,Demais MT,FALSE,2014,1096,241.97,8.21,,,1096,8.21,238.41,3.181,
5106158,Nova Bandeirantes,resto_mt,Demais MT,FALSE,2015,1088,225.23,7.92,,,1088,7.92,214.14,2.94,
5106158,Nova Bandeirantes,resto_mt,Demais MT,FALSE,2016,989,215.35,7.01,,,989,7.01,181.16,2.555,
5106158,Nova Bandeirantes,resto_mt,Demais MT,FALSE,2017,860,213.76,5.94,,,860,5.94,152.38,2.205,
5106158,Nova Bandeirantes,resto_mt,Demais MT,FALSE,2018,852,240.9,5.71,,,852,5.71,165.28,2.464,
5106158,Nova Bandeirantes,resto_mt,Demais MT,FALSE,2019,849,249.23,5.55,193,1.26,1042,6.82,368.24,2.539,3.09
5106158,Nova Bandeirantes,resto_mt,Demais MT,FALSE,2020,929,234.77,5.92,183,1.17,1112,7.09,352.06,2.618,2.904
5106158,Nova Bandeirantes,resto_mt,Demais MT,FALSE,2021,1135,230.5,7.07,186,1.16,1321,8.23,371.98,3.14,2.831
5106158,Nova Bandeirantes,resto_mt,Demais MT,FALSE,2022,1429,333.79,10.48,209,1.53,1638,12.01,662.45,5.725,3.308
5106158,Nova Bandeirantes,resto_mt,Demais MT,FALSE,2023,1451,669.13,10.64,241,1.77,1692,12.41,1146.14,11.653,3.975
5106158,Nova Bandeirantes,resto_mt,Demais MT,FALSE,2024,1356,669.77,9.58,258,1.82,1614,11.4,1078.61,10.896,4.377
5106174,Nova Nazaré,resto_mt,Demais MT,FALSE,2013,234,380.86,7.05,,,234,7.05,322.55,1.07,
5106174,Nova Nazaré,resto_mt,Demais MT,FALSE,2014,261,392.64,7.66,,,261,7.66,361.63,1.232,
5106174,Nova Nazaré,resto_mt,Demais MT,FALSE,2015,269,400.25,7.71,,,269,7.71,370.44,1.293,
5106174,Nova Nazaré,resto_mt,Demais MT,FALSE,2016,297,377.96,8.31,,,297,8.31,376.37,1.345,
5106174,Nova Nazaré,resto_mt,Demais MT,FALSE,2017,371,396.36,10.15,,,371,10.15,483.22,1.766,
5106174,Nova Nazaré,resto_mt,Demais MT,FALSE,2018,484,368.37,12.86,,,484,12.86,568.36,2.14,
5106174,Nova Nazaré,resto_mt,Demais MT,FALSE,2019,436,362.74,11.33,19,0.49,455,11.82,573.38,1.9,0.307
5106174,Nova Nazaré,resto_mt,Demais MT,FALSE,2020,451,370.65,11.47,18,0.46,469,11.93,584.41,2.005,0.293
5106174,Nova Nazaré,resto_mt,Demais MT,FALSE,2021,466,386.83,11.61,23,0.57,489,12.19,627.06,2.163,0.353
5106174,Nova Nazaré,resto_mt,Demais MT,FALSE,2022,633,432.52,15.07,26,0.62,659,15.69,878.6,3.286,0.404
5106174,Nova Nazaré,resto_mt,Demais MT,FALSE,2023,727,773.12,17.31,27,0.64,754,17.95,1710.71,6.742,0.443
5106174,Nova Nazaré,resto_mt,Demais MT,FALSE,2024,767,797.06,17.17,28,0.63,795,17.8,1750.93,7.339,0.483
5106182,Nova Lacerda,resto_mt,Demais MT,FALSE,2013,549,261.84,9.43,,,549,9.43,295.96,1.724,
5106182,Nova Lacerda,resto_mt,Demais MT,FALSE,2014,582,264.55,9.8,,,582,9.8,311.19,1.848,
5106182,Nova Lacerda,resto_mt,Demais MT,FALSE,2015,583,261.87,9.63,,,583,9.63,302.76,1.832,
5106182,Nova Lacerda,resto_mt,Demais MT,FALSE,2016,625,266.96,10.03,,,625,10.03,321.55,2.004,
5106182,Nova Lacerda,resto_mt,Demais MT,FALSE,2017,572,266.05,9.02,,,572,9.02,288.29,1.827,
5106182,Nova Lacerda,resto_mt,Demais MT,FALSE,2018,531,257.79,8.14,,,531,8.14,251.82,1.643,
5106182,Nova Lacerda,resto_mt,Demais MT,FALSE,2019,458,249.53,6.9,118,1.78,576,8.67,491.37,1.371,1.892
5106182,Nova Lacerda,resto_mt,Demais MT,FALSE,2020,456,233.41,6.75,118,1.75,574,8.5,466.88,1.278,1.874
5106182,Nova Lacerda,resto_mt,Demais MT,FALSE,2021,506,231.7,7.38,120,1.75,626,9.12,471.37,1.407,1.827
5106182,Nova Lacerda,resto_mt,Demais MT,FALSE,2022,606,343.02,9.09,126,1.89,732,10.97,671.36,2.495,1.983
5106182,Nova Lacerda,resto_mt,Demais MT,FALSE,2023,693,687.02,10.39,130,1.95,823,12.34,1180.28,5.717,2.156
5106182,Nova Lacerda,resto_mt,Demais MT,FALSE,2024,721,709.45,10.35,143,2.05,864,12.4,1230.29,6.14,2.429
5106190,Nova Santa Helena,resto_mt,Demais MT,FALSE,2013,233,247.81,6.59,,,233,6.59,195.71,0.692,
5106190,Nova Santa Helena,resto_mt,Demais MT,FALSE,2014,197,253.04,5.55,,,197,5.55,168.86,0.599,
5106190,Nova Santa Helena,resto_mt,Demais MT,FALSE,2015,175,222.28,4.91,,,175,4.91,130.83,0.467,
5106190,Nova Santa Helena,resto_mt,Demais MT,FALSE,2016,143,212.12,3.99,,,143,3.99,101.41,0.363,
5106190,Nova Santa Helena,resto_mt,Demais MT,FALSE,2017,123,213.85,3.42,,,123,3.42,88.01,0.317,
5106190,Nova Santa Helena,resto_mt,Demais MT,FALSE,2018,130,226.52,3.51,,,130,3.51,95.59,0.354,
5106190,Nova Santa Helena,resto_mt,Demais MT,FALSE,2019,119,221.73,3.2,100,2.69,219,5.89,515.65,0.316,1.601
5106190,Nova Santa Helena,resto_mt,Demais MT,FALSE,2020,153,204.92,4.09,96,2.57,249,6.66,506.75,0.376,1.518
5106190,Nova Santa Helena,resto_mt,Demais MT,FALSE,2021,167,209,4.45,91,2.42,258,6.87,481.31,0.42,1.388
5106190,Nova Santa Helena,resto_mt,Demais MT,FALSE,2022,165,329.06,3.89,85,2.01,250,5.9,469.25,0.65,1.339
5106190,Nova Santa Helena,resto_mt,Demais MT,FALSE,2023,184,691.5,4.34,85,2.01,269,6.35,692.63,1.529,1.407
5106190,Nova Santa Helena,resto_mt,Demais MT,FALSE,2024,163,679.64,3.68,86,1.94,249,5.62,628.25,1.329,1.454
5106208,Nova Brasilândia,resto_mt,Demais MT,FALSE,2013,484,228.31,11.38,,,484,11.38,311.75,1.326,
5106208,Nova Brasilândia,resto_mt,Demais MT,FALSE,2014,462,226.45,11.16,,,462,11.16,303.42,1.256,
5106208,Nova Brasilândia,resto_mt,Demais MT,FALSE,2015,384,209.19,9.53,,,384,9.53,239.3,0.964,
5106208,Nova Brasilândia,resto_mt,Demais MT,FALSE,2016,328,193.9,8.34,,,328,8.34,193.95,0.762,
5106208,Nova Brasilândia,resto_mt,Demais MT,FALSE,2017,267,177,6.98,,,267,6.98,148.19,0.567,
5106208,Nova Brasilândia,resto_mt,Demais MT,FALSE,2018,227,166.78,5.78,,,227,5.78,115.7,0.454,
5106208,Nova Brasilândia,resto_mt,Demais MT,FALSE,2019,188,157.51,4.91,173,4.52,361,9.43,817.24,0.355,2.774
5106208,Nova Brasilândia,resto_mt,Demais MT,FALSE,2020,202,161.7,5.31,167,4.39,369,9.7,802.42,0.393,2.661
5106208,Nova Brasilândia,resto_mt,Demais MT,FALSE,2021,204,152.78,5.58,161,4.4,365,9.98,772.52,0.373,2.451
5106208,Nova Brasilândia,resto_mt,Demais MT,FALSE,2022,254,306.71,6.46,162,4.12,416,10.58,887.61,0.937,2.553
5106208,Nova Brasilândia,resto_mt,Demais MT,FALSE,2023,300,686.69,7.63,167,4.25,467,11.88,1328.58,2.468,2.756
5106208,Nova Brasilândia,resto_mt,Demais MT,FALSE,2024,328,692.18,8.51,168,4.36,496,12.87,1448.27,2.727,2.854
5106216,Nova Canaã do Norte,resto_mt,Demais MT,FALSE,2013,530,253.85,4.31,,,530,4.31,131.38,1.615,
5106216,Nova Canaã do Norte,resto_mt,Demais MT,FALSE,2014,430,254.74,3.49,,,430,3.49,106.48,1.313,
5106216,Nova Canaã do Norte,resto_mt,Demais MT,FALSE,2015,393,239.85,3.18,,,393,3.18,91.57,1.132,
5106216,Nova Canaã do Norte,resto_mt,Demais MT,FALSE,2016,334,226.27,2.7,,,334,2.7,73.51,0.908,
5106216,Nova Canaã do Norte,resto_mt,Demais MT,FALSE,2017,318,221.27,2.57,,,318,2.57,68.16,0.844,
5106216,Nova Canaã do Norte,resto_mt,Demais MT,FALSE,2018,376,210.92,2.95,,,376,2.95,74.72,0.952,
5106216,Nova Canaã do Norte,resto_mt,Demais MT,FALSE,2019,366,205.98,2.86,190,1.49,556,4.35,308.57,0.905,3.041
5106216,Nova Canaã do Norte,resto_mt,Demais MT,FALSE,2020,398,206.86,3.1,178,1.39,576,4.49,297.62,0.987,2.831
5106216,Nova Canaã do Norte,resto_mt,Demais MT,FALSE,2021,457,202.73,3.55,175,1.36,632,4.91,293.31,1.112,2.665
5106216,Nova Canaã do Norte,resto_mt,Demais MT,FALSE,2022,476,313.25,4.07,176,1.5,652,5.57,390.83,1.789,2.786
5106216,Nova Canaã do Norte,resto_mt,Demais MT,FALSE,2023,526,645.04,4.49,183,1.56,709,6.06,605.6,4.072,3.018
5106216,Nova Canaã do Norte,resto_mt,Demais MT,FALSE,2024,524,628.74,4.45,186,1.58,710,6.03,603.68,3.953,3.153
5106224,Nova Mutum,resto_mt,Demais MT,FALSE,2013,945,238.46,2.58,,,945,2.58,73.8,2.705,
5106224,Nova Mutum,resto_mt,Demais MT,FALSE,2014,886,226.46,2.32,,,886,2.32,63.05,2.409,
5106224,Nova Mutum,resto_mt,Demais MT,FALSE,2015,886,208.69,2.23,,,886,2.23,55.86,2.218,
5106224,Nova Mutum,resto_mt,Demais MT,FALSE,2016,972,201.51,2.36,,,972,2.36,57.08,2.35,
5106224,Nova Mutum,resto_mt,Demais MT,FALSE,2017,1065,195.06,2.5,,,1065,2.5,58.5,2.492,
5106224,Nova Mutum,resto_mt,Demais MT,FALSE,2018,1175,183.11,2.68,,,1175,2.68,58.79,2.582,
5106224,Nova Mutum,resto_mt,Demais MT,FALSE,2019,1093,177.52,2.41,478,1.05,1571,3.46,219.88,2.328,7.65
5106224,Nova Mutum,resto_mt,Demais MT,FALSE,2020,1113,182.27,2.38,497,1.06,1610,3.44,220.7,2.434,7.897
5106224,Nova Mutum,resto_mt,Demais MT,FALSE,2021,1116,186,2.31,476,0.99,1592,3.3,201.6,2.491,7.231
5106224,Nova Mutum,resto_mt,Demais MT,FALSE,2022,1557,315.11,2.79,492,0.88,2049,3.67,244.75,5.888,7.779
5106224,Nova Mutum,resto_mt,Demais MT,FALSE,2023,1647,627.08,2.95,541,0.97,2188,3.92,382.14,12.394,8.944
5106224,Nova Mutum,resto_mt,Demais MT,FALSE,2024,1553,624.18,2.54,632,1.03,2185,3.57,364.97,11.635,10.709
5106232,Nova Olímpia,resto_mt,Demais MT,FALSE,2013,1408,234.69,7.64,,,1408,7.64,215.08,3.965,
5106232,Nova Olímpia,resto_mt,Demais MT,FALSE,2014,1527,252.51,8.16,,,1527,8.16,247.34,4.626,
5106232,Nova Olímpia,resto_mt,Demais MT,FALSE,2015,1416,240.08,7.47,,,1416,7.47,215.07,4.079,
5106232,Nova Olímpia,resto_mt,Demais MT,FALSE,2016,1222,223.42,6.36,,,1222,6.36,170.55,3.278,
5106232,Nova Olímpia,resto_mt,Demais MT,FALSE,2017,1005,218.47,5.16,,,1005,5.16,135.41,2.636,
5106232,Nova Olímpia,resto_mt,Demais MT,FALSE,2018,856,213.95,4.27,,,856,4.27,109.72,2.198,
5106232,Nova Olímpia,resto_mt,Demais MT,FALSE,2019,740,204.49,3.65,345,1.7,1085,5.34,361.35,1.817,5.519
5106232,Nova Olímpia,resto_mt,Demais MT,FALSE,2020,832,202.57,4.05,326,1.59,1158,5.63,350.18,2.021,5.179
5106232,Nova Olímpia,resto_mt,Demais MT,FALSE,2021,947,201.26,4.55,305,1.46,1252,6.01,332.37,2.287,4.633
5106232,Nova Olímpia,resto_mt,Demais MT,FALSE,2022,1114,321.51,6.81,288,1.76,1402,8.57,541.16,4.299,4.55
5106232,Nova Olímpia,resto_mt,Demais MT,FALSE,2023,1190,648.71,7.28,302,1.85,1492,9.12,871.97,9.268,4.991
5106232,Nova Olímpia,resto_mt,Demais MT,FALSE,2024,1267,674.8,7.77,323,1.98,1590,9.75,964.75,10.262,5.477
5106240,Nova Ubiratã,resto_mt,Demais MT,FALSE,2013,458,302.08,4.49,,,458,4.49,162.83,1.662,
5106240,Nova Ubiratã,resto_mt,Demais MT,FALSE,2014,486,282.51,4.63,,,486,4.63,156.77,1.647,
5106240,Nova Ubiratã,resto_mt,Demais MT,FALSE,2015,484,248.26,4.48,,,484,4.48,133.63,1.443,
5106240,Nova Ubiratã,resto_mt,Demais MT,FALSE,2016,400,228.71,3.61,,,400,3.61,99.09,1.097,
5106240,Nova Ubiratã,resto_mt,Demais MT,FALSE,2017,260,222.29,2.29,,,260,2.29,61.08,0.693,
5106240,Nova Ubiratã,resto_mt,Demais MT,FALSE,2018,197,227.39,1.68,,,197,1.68,45.97,0.538,
5106240,Nova Ubiratã,resto_mt,Demais MT,FALSE,2019,183,234.57,1.53,90,0.75,273,2.28,162.65,0.516,1.433
5106240,Nova Ubiratã,resto_mt,Demais MT,FALSE,2020,220,234.76,1.79,91,0.74,311,2.53,167.97,0.62,1.446
5106240,Nova Ubiratã,resto_mt,Demais MT,FALSE,2021,267,236.38,2.14,91,0.73,358,2.87,171.03,0.756,1.38
5106240,Nova Ubiratã,resto_mt,Demais MT,FALSE,2022,288,345.58,2.5,88,0.76,376,3.26,224.66,1.196,1.395
5106240,Nova Ubiratã,resto_mt,Demais MT,FALSE,2023,279,655.51,2.42,102,0.88,381,3.3,336.67,2.195,1.687
5106240,Nova Ubiratã,resto_mt,Demais MT,FALSE,2024,308,626.25,2.54,131,1.08,439,3.63,374.62,2.313,2.223
5106257,Nova Xavantina,resto_mt,Demais MT,FALSE,2013,804,239.17,3.99,,,804,3.99,114.49,2.306,
5106257,Nova Xavantina,resto_mt,Demais MT,FALSE,2014,721,237.46,3.56,,,721,3.56,101.38,2.055,
5106257,Nova Xavantina,resto_mt,Demais MT,FALSE,2015,695,222.14,3.41,,,695,3.41,90.86,1.854,
5106257,Nova Xavantina,resto_mt,Demais MT,FALSE,2016,610,214.26,2.97,,,610,2.97,76.43,1.568,
5106257,Nova Xavantina,resto_mt,Demais MT,FALSE,2017,505,205.63,2.45,,,505,2.45,60.4,1.247,
5106257,Nova Xavantina,resto_mt,Demais MT,FALSE,2018,506,205.93,2.38,,,506,2.38,58.9,1.25,
5106257,Nova Xavantina,resto_mt,Demais MT,FALSE,2019,484,212.11,2.26,543,2.54,1027,4.8,464.43,1.232,8.695
5106257,Nova Xavantina,resto_mt,Demais MT,FALSE,2020,526,218.52,2.51,528,2.52,1054,5.03,466.58,1.38,8.392
5106257,Nova Xavantina,resto_mt,Demais MT,FALSE,2021,585,215.56,2.7,515,2.37,1100,5.07,430.57,1.513,7.828
5106257,Nova Xavantina,resto_mt,Demais MT,FALSE,2022,1036,337.24,4.26,525,2.16,1561,6.41,513.1,4.192,8.299
5106257,Nova Xavantina,resto_mt,Demais MT,FALSE,2023,1311,672.02,5.39,571,2.35,1882,7.73,822.17,10.574,9.442
5106257,Nova Xavantina,resto_mt,Demais MT,FALSE,2024,1490,673.63,5.85,640,2.51,2130,8.36,898.27,12.047,10.846
5106265,Novo Mundo,resto_mt,Demais MT,FALSE,2013,630,248.23,7.9,,,630,7.9,235.16,1.876,
5106265,Novo Mundo,resto_mt,Demais MT,FALSE,2014,620,250.04,7.59,,,620,7.59,227.77,1.862,
5106265,Novo Mundo,resto_mt,Demais MT,FALSE,2015,596,226.09,7.13,,,596,7.13,193.44,1.618,
5106265,Novo Mundo,resto_mt,Demais MT,FALSE,2016,521,210.5,6.09,,,521,6.09,153.94,1.316,
5106265,Novo Mundo,resto_mt,Demais MT,FALSE,2017,437,204.49,5.01,,,437,5.01,122.86,1.073,
5106265,Novo Mundo,resto_mt,Demais MT,FALSE,2018,404,190.61,4.49,,,404,4.49,102.87,0.925,
5106265,Novo Mundo,resto_mt,Demais MT,FALSE,2019,366,190.44,3.99,112,1.22,478,5.21,286.8,0.836,1.796
5106265,Novo Mundo,resto_mt,Demais MT,FALSE,2020,389,186.92,4.15,110,1.17,499,5.33,279.83,0.873,1.747
5106265,Novo Mundo,resto_mt,Demais MT,FALSE,2021,395,191.08,4.14,112,1.17,507,5.31,273.24,0.906,1.702
5106265,Novo Mundo,resto_mt,Demais MT,FALSE,2022,479,323.52,7.35,114,1.75,593,9.1,562.57,1.861,1.807
5106265,Novo Mundo,resto_mt,Demais MT,FALSE,2023,550,678.32,8.44,122,1.87,672,10.31,996.87,4.477,2.023
5106265,Novo Mundo,resto_mt,Demais MT,FALSE,2024,572,689.31,8.88,150,2.33,722,11.2,1127.55,4.733,2.533
5106273,Novo Horizonte do Norte,resto_mt,Demais MT,FALSE,2013,264,223.95,6.92,,,264,6.92,186.14,0.71,
5106273,Novo Horizonte do Norte,resto_mt,Demais MT,FALSE,2014,244,215.1,6.37,,,244,6.37,164.33,0.629,
5106273,Novo Horizonte do Norte,resto_mt,Demais MT,FALSE,2015,221,199.41,5.75,,,221,5.75,137.39,0.528,
5106273,Novo Horizonte do Norte,resto_mt,Demais MT,FALSE,2016,185,192.09,4.79,,,185,4.79,110.32,0.426,
5106273,Novo Horizonte do Norte,resto_mt,Demais MT,FALSE,2017,165,208.38,4.26,,,165,4.26,106.5,0.413,
5106273,Novo Horizonte do Norte,resto_mt,Demais MT,FALSE,2018,143,203.2,3.59,,,143,3.59,87.65,0.349,
5106273,Novo Horizonte do Norte,resto_mt,Demais MT,FALSE,2019,132,195.25,3.3,65,1.62,197,4.92,338.89,0.309,1.047
5106273,Novo Horizonte do Norte,resto_mt,Demais MT,FALSE,2020,144,194.12,3.55,72,1.78,216,5.33,364.48,0.336,1.14
5106273,Novo Horizonte do Norte,resto_mt,Demais MT,FALSE,2021,149,193.58,3.66,85,2.09,234,5.75,403.01,0.346,1.294
5106273,Novo Horizonte do Norte,resto_mt,Demais MT,FALSE,2022,180,320.85,5.37,91,2.72,271,8.09,635.44,0.693,1.435
5106273,Novo Horizonte do Norte,resto_mt,Demais MT,FALSE,2023,204,684.54,6.09,102,3.05,306,9.14,1003.23,1.672,1.688
5106273,Novo Horizonte do Norte,resto_mt,Demais MT,FALSE,2024,212,697.39,6.41,111,3.36,323,9.77,1108.2,1.778,1.886
5106281,Novo São Joaquim,resto_mt,Demais MT,FALSE,2013,727,232.12,12.96,,,727,12.96,360.89,2.025,
5106281,Novo São Joaquim,resto_mt,Demais MT,FALSE,2014,743,232.3,13.6,,,743,13.6,378.82,2.07,
5106281,Novo São Joaquim,resto_mt,Demais MT,FALSE,2015,731,215.06,13.73,,,731,13.73,354.2,1.885,
5106281,Novo São Joaquim,resto_mt,Demais MT,FALSE,2016,748,209.01,14.38,,,748,14.38,360.9,1.877,
5106281,Novo São Joaquim,resto_mt,Demais MT,FALSE,2017,655,214.39,12.93,,,655,12.93,332.5,1.684,
5106281,Novo São Joaquim,resto_mt,Demais MT,FALSE,2018,671,221.27,12.91,,,671,12.91,342.74,1.782,
5106281,Novo São Joaquim,resto_mt,Demais MT,FALSE,2019,589,226.32,11.61,150,2.96,739,14.56,789,1.599,2.404
5106281,Novo São Joaquim,resto_mt,Demais MT,FALSE,2020,532,217.3,10.77,150,3.04,682,13.81,765.03,1.389,2.389
5106281,Novo São Joaquim,resto_mt,Demais MT,FALSE,2021,548,219.04,11.33,154,3.18,702,14.51,781.32,1.441,2.338
5106281,Novo São Joaquim,resto_mt,Demais MT,FALSE,2022,628,329.87,9.08,163,2.36,791,11.43,731.23,2.486,2.573
5106281,Novo São Joaquim,resto_mt,Demais MT,FALSE,2023,632,676.24,9.13,176,2.54,808,11.68,1161.68,5.129,2.909
5106281,Novo São Joaquim,resto_mt,Demais MT,FALSE,2024,626,688.94,8.74,188,2.63,814,11.37,1167.33,5.174,3.184
5106299,Paranaíta,resto_mt,Demais MT,FALSE,2013,734,218.33,6.8,,,734,6.8,177.95,1.922,
5106299,Paranaíta,resto_mt,Demais MT,FALSE,2014,705,229.28,6.51,,,705,6.51,179.16,1.939,
5106299,Paranaíta,resto_mt,Demais MT,FALSE,2015,759,214.22,7,,,759,7,179.96,1.952,
5106299,Paranaíta,resto_mt,Demais MT,FALSE,2016,728,205.33,6.7,,,728,6.7,165.15,1.794,
5106299,Paranaíta,resto_mt,Demais MT,FALSE,2017,634,207.04,5.83,,,634,5.83,144.69,1.575,
5106299,Paranaíta,resto_mt,Demais MT,FALSE,2018,606,208.56,5.41,,,606,5.41,135.61,1.518,
5106299,Paranaíta,resto_mt,Demais MT,FALSE,2019,542,212.73,4.83,255,2.27,797,7.1,486.97,1.383,4.083
5106299,Paranaíta,resto_mt,Demais MT,FALSE,2020,559,208.38,4.97,262,2.33,821,7.3,494.35,1.398,4.16
5106299,Paranaíta,resto_mt,Demais MT,FALSE,2021,566,209.04,5.01,273,2.42,839,7.43,493.58,1.419,4.154
5106299,Paranaíta,resto_mt,Demais MT,FALSE,2022,614,319.73,5.26,281,2.41,895,7.67,582.52,2.354,4.445
5106299,Paranaíta,resto_mt,Demais MT,FALSE,2023,626,666.49,5.36,310,2.66,936,8.02,868.16,5.005,5.128
5106299,Paranaíta,resto_mt,Demais MT,FALSE,2024,640,677.43,5.34,355,2.96,995,8.3,935.42,5.199,6.015
5106307,Paranatinga,resto_mt,Demais MT,FALSE,2013,1248,266.7,6.12,,,1248,6.12,195.91,3.993,
5106307,Paranatinga,resto_mt,Demais MT,FALSE,2014,1089,268.98,5.26,,,1089,5.26,169.84,3.516,
5106307,Paranatinga,resto_mt,Demais MT,FALSE,2015,973,248.76,4.63,,,973,4.63,138.28,2.906,
5106307,Paranatinga,resto_mt,Demais MT,FALSE,2016,882,236.21,4.14,,,882,4.14,117.32,2.501,
5106307,Paranatinga,resto_mt,Demais MT,FALSE,2017,730,227.13,3.38,,,730,3.38,92.09,1.99,
5106307,Paranatinga,resto_mt,Demais MT,FALSE,2018,708,221.16,3.18,,,708,3.18,84.45,1.879,
5106307,Paranatinga,resto_mt,Demais MT,FALSE,2019,661,221.78,2.93,449,1.99,1110,4.92,396.74,1.758,7.193
5106307,Paranatinga,resto_mt,Demais MT,FALSE,2020,675,225.78,2.95,437,1.91,1112,4.86,383.67,1.829,6.942
5106307,Paranatinga,resto_mt,Demais MT,FALSE,2021,744,230.24,3.2,438,1.88,1182,5.08,374.56,2.055,6.653
5106307,Paranatinga,resto_mt,Demais MT,FALSE,2022,920,351.37,3.48,444,1.68,1364,5.16,412.33,3.877,7.018
5106307,Paranatinga,resto_mt,Demais MT,FALSE,2023,1128,736.34,4.27,486,1.84,1614,6.11,681.09,9.965,8.032
5106307,Paranatinga,resto_mt,Demais MT,FALSE,2024,1417,758.7,5.02,545,1.93,1962,6.95,784.06,12.905,9.228
5106315,Novo Santo Antônio,resto_mt,Demais MT,FALSE,2013,194,315.77,8.69,,,194,8.69,328.5,0.733,
5106315,Novo Santo Antônio,resto_mt,Demais MT,FALSE,2014,174,305.37,7.56,,,174,7.56,276.7,0.637,
5106315,Novo Santo Antônio,resto_mt,Demais MT,FALSE,2015,182,270.01,7.68,,,182,7.68,248.81,0.589,
5106315,Novo Santo Antônio,resto_mt,Demais MT,FALSE,2016,218,294.28,8.96,,,218,8.96,315.56,0.768,
5106315,Novo Santo Antônio,resto_mt,Demais MT,FALSE,2017,245,324.32,9.81,,,245,9.81,382.09,0.954,
5106315,Novo Santo Antônio,resto_mt,Demais MT,FALSE,2018,245,297.24,9.52,,,245,9.52,338.93,0.872,
5106315,Novo Santo Antônio,resto_mt,Demais MT,FALSE,2019,271,302.84,10.27,11,0.42,282,10.68,440.55,0.984,0.179
5106315,Novo Santo Antônio,resto_mt,Demais MT,FALSE,2020,255,310.82,9.43,13,0.48,268,9.91,426.26,0.952,0.201
5106315,Novo Santo Antônio,resto_mt,Demais MT,FALSE,2021,240,316.18,8.67,14,0.51,254,9.17,404.3,0.912,0.208
5106315,Novo Santo Antônio,resto_mt,Demais MT,FALSE,2022,314,362.81,15.58,19,0.94,333,16.53,828.75,1.367,0.303
5106315,Novo Santo Antônio,resto_mt,Demais MT,FALSE,2023,332,669.5,16.48,23,1.14,355,17.62,1508.23,2.666,0.373
5106315,Novo Santo Antônio,resto_mt,Demais MT,FALSE,2024,313,696.62,15.34,24,1.18,337,16.52,1485.07,2.614,0.415
5106372,Pedra Preta,resto_mt,Demais MT,FALSE,2013,1200,244.69,7.34,,,1200,7.34,215.59,3.525,
5106372,Pedra Preta,resto_mt,Demais MT,FALSE,2014,1333,243.98,8.07,,,1333,8.07,236.32,3.902,
5106372,Pedra Preta,resto_mt,Demais MT,FALSE,2015,1285,221.13,7.71,,,1285,7.71,204.54,3.41,
5106372,Pedra Preta,resto_mt,Demais MT,FALSE,2016,1228,203.18,7.3,,,1228,7.3,178.18,2.995,
5106372,Pedra Preta,resto_mt,Demais MT,FALSE,2017,1084,194.38,6.39,,,1084,6.39,149.1,2.529,
5106372,Pedra Preta,resto_mt,Demais MT,FALSE,2018,1089,187.43,6.24,,,1089,6.24,140.31,2.449,
5106372,Pedra Preta,resto_mt,Demais MT,FALSE,2019,984,180.08,5.58,351,1.99,1335,7.57,439.75,2.127,5.624
5106372,Pedra Preta,resto_mt,Demais MT,FALSE,2020,978,180.94,5.61,349,2,1327,7.61,439.95,2.124,5.552
5106372,Pedra Preta,resto_mt,Demais MT,FALSE,2021,1134,180.62,6.46,345,1.97,1479,8.43,438.78,2.459,5.24
5106372,Pedra Preta,resto_mt,Demais MT,FALSE,2022,1413,306.08,7.82,353,1.95,1766,9.78,596.16,5.191,5.58
5106372,Pedra Preta,resto_mt,Demais MT,FALSE,2023,1521,639.38,8.42,374,2.07,1895,10.49,987.68,11.671,6.172
5106372,Pedra Preta,resto_mt,Demais MT,FALSE,2024,1612,645.12,8.61,402,2.15,2014,10.76,1030.56,12.475,6.819
5106422,Peixoto de Azevedo,resto_mt,Demais MT,FALSE,2013,2627,264.54,8.18,,,2627,8.18,259.78,8.339,
5106422,Peixoto de Azevedo,resto_mt,Demais MT,FALSE,2014,2756,265.06,8.49,,,2756,8.49,270.04,8.767,
5106422,Peixoto de Azevedo,resto_mt,Demais MT,FALSE,2015,2742,248.06,8.36,,,2742,8.36,248.68,8.161,
5106422,Peixoto de Azevedo,resto_mt,Demais MT,FALSE,2016,2569,245.01,7.72,,,2569,7.72,226.83,7.553,
5106422,Peixoto de Azevedo,resto_mt,Demais MT,FALSE,2017,2387,252.46,7.1,,,2387,7.1,215.07,7.233,
5106422,Peixoto de Azevedo,resto_mt,Demais MT,FALSE,2018,2377,252.74,6.87,,,2377,6.87,208.3,7.209,
5106422,Peixoto de Azevedo,resto_mt,Demais MT,FALSE,2019,2282,257.27,6.52,969,2.77,3251,9.29,645.15,7.044,15.521
5106422,Peixoto de Azevedo,resto_mt,Demais MT,FALSE,2020,2414,251.97,6.83,988,2.8,3402,9.63,650.72,7.299,15.696
5106422,Peixoto de Azevedo,resto_mt,Demais MT,FALSE,2021,2586,251.2,7.24,1010,2.83,3596,10.07,648.36,7.796,15.348
5106422,Peixoto de Azevedo,resto_mt,Demais MT,FALSE,2022,3276,360.68,10.01,1117,3.41,4393,13.43,973.02,14.179,17.653
5106422,Peixoto de Azevedo,resto_mt,Demais MT,FALSE,2023,3468,690.67,10.6,1287,3.93,4755,14.54,1528.67,28.739,21.27
5106422,Peixoto de Azevedo,resto_mt,Demais MT,FALSE,2024,3251,702.58,9.68,1484,4.42,4735,14.09,1563.97,27.408,25.14
5106455,Planalto da Serra,resto_mt,Demais MT,FALSE,2013,288,216.12,10.73,,,288,10.73,278.31,0.747,
5106455,Planalto da Serra,resto_mt,Demais MT,FALSE,2014,301,219.45,11.29,,,301,11.29,297.35,0.792,
5106455,Planalto da Serra,resto_mt,Demais MT,FALSE,2015,302,202.8,11.41,,,302,11.41,277.8,0.735,
5106455,Planalto da Serra,resto_mt,Demais MT,FALSE,2016,318,186.78,12.14,,,318,12.14,272.04,0.713,
5106455,Planalto da Serra,resto_mt,Demais MT,FALSE,2017,264,191.52,10.14,,,264,10.14,232.63,0.606,
5106455,Planalto da Serra,resto_mt,Demais MT,FALSE,2018,247,192.71,9.23,,,247,9.23,213.23,0.571,
5106455,Planalto da Serra,resto_mt,Demais MT,FALSE,2019,248,194.6,9.32,,,248,9.32,217.34,0.579,
5106455,Planalto da Serra,resto_mt,Demais MT,FALSE,2020,262,183.07,9.89,2,0.08,264,9.97,226.56,0.576,0.024
5106455,Planalto da Serra,resto_mt,Demais MT,FALSE,2021,306,181.72,11.6,4,0.15,310,11.76,277.25,0.668,0.063
5106455,Planalto da Serra,resto_mt,Demais MT,FALSE,2022,383,306.63,12.1,9,0.28,392,12.38,490.76,1.41,0.144
5106455,Planalto da Serra,resto_mt,Demais MT,FALSE,2023,398,670.93,12.57,13,0.41,411,12.98,1076.51,3.2,0.208
5106455,Planalto da Serra,resto_mt,Demais MT,FALSE,2024,392,687,11.93,20,0.61,412,12.53,1085.17,3.234,0.333
5106505,Poconé,pantanal_norte,Pantanal-13,TRUE,2013,3790,303.22,11.82,,,3790,11.82,430.24,13.79,
5106505,Poconé,pantanal_norte,Pantanal-13,TRUE,2014,4091,296.38,12.75,,,4091,12.75,453.4,14.551,
5106505,Poconé,pantanal_norte,Pantanal-13,TRUE,2015,4096,271.66,12.75,,,4096,12.75,415.53,13.351,
5106505,Poconé,pantanal_norte,Pantanal-13,TRUE,2016,4085,250.25,12.68,,,4085,12.68,380.88,12.266,
5106505,Poconé,pantanal_norte,Pantanal-13,TRUE,2017,4031,251.19,12.5,,,4031,12.5,376.91,12.152,
5106505,Poconé,pantanal_norte,Pantanal-13,TRUE,2018,4159,250.4,12.69,,,4159,12.69,381.39,12.497,
5106505,Poconé,pantanal_norte,Pantanal-13,TRUE,2019,3890,239.36,11.84,1437,4.38,5327,16.22,1040.74,11.174,23.007
5106505,Poconé,pantanal_norte,Pantanal-13,TRUE,2020,3825,222.26,11.48,1412,4.24,5237,15.72,979.52,10.201,22.432
5106505,Poconé,pantanal_norte,Pantanal-13,TRUE,2021,3790,226.97,11.35,1350,4.04,5140,15.4,923.77,10.323,20.518
5106505,Poconé,pantanal_norte,Pantanal-13,TRUE,2022,4362,332.73,13.97,1313,4.21,5675,18.18,1222.45,17.416,20.745
5106505,Poconé,pantanal_norte,Pantanal-13,TRUE,2023,4723,663.35,15.13,1307,4.19,6030,19.32,1896.03,37.596,21.593
5106505,Poconé,pantanal_norte,Pantanal-13,TRUE,2024,4661,698.85,14.91,1335,4.27,5996,19.18,1973.46,39.087,22.621
5106653,Pontal do Araguaia,resto_mt,Demais MT,FALSE,2013,422,278.19,7.21,,,422,7.21,240.56,1.408,
5106653,Pontal do Araguaia,resto_mt,Demais MT,FALSE,2014,356,253.37,5.94,,,356,5.94,180.7,1.083,
5106653,Pontal do Araguaia,resto_mt,Demais MT,FALSE,2015,357,238.98,5.83,,,357,5.83,167.03,1.024,
5106653,Pontal do Araguaia,resto_mt,Demais MT,FALSE,2016,451,256.26,7.21,,,451,7.21,221.71,1.388,
5106653,Pontal do Araguaia,resto_mt,Demais MT,FALSE,2017,460,262.07,7.2,,,460,7.2,226.54,1.447,
5106653,Pontal do Araguaia,resto_mt,Demais MT,FALSE,2018,456,242.91,6.93,,,456,6.93,201.88,1.328,
5106653,Pontal do Araguaia,resto_mt,Demais MT,FALSE,2019,427,255.78,6.36,81,1.21,508,7.57,388.96,1.311,1.3
5106653,Pontal do Araguaia,resto_mt,Demais MT,FALSE,2020,430,234.7,6.28,80,1.17,510,7.45,361.9,1.21,1.266
5106653,Pontal do Araguaia,resto_mt,Demais MT,FALSE,2021,426,225.78,6.11,82,1.18,508,7.29,344.43,1.156,1.246
5106653,Pontal do Araguaia,resto_mt,Demais MT,FALSE,2022,563,319.41,8.12,88,1.27,651,9.39,510.91,2.159,1.383
5106653,Pontal do Araguaia,resto_mt,Demais MT,FALSE,2023,573,651.52,8.27,103,1.49,676,9.75,891.69,4.477,1.705
5106653,Pontal do Araguaia,resto_mt,Demais MT,FALSE,2024,560,666.57,7.67,115,1.58,675,9.25,879.53,4.477,1.943
5106703,Ponte Branca,resto_mt,Demais MT,FALSE,2013,107,257.74,6.37,,,107,6.37,197.11,0.331,
5106703,Ponte Branca,resto_mt,Demais MT,FALSE,2014,99,261.61,6.01,,,99,6.01,188.11,0.31,
5106703,Ponte Branca,resto_mt,Demais MT,FALSE,2015,107,268.52,6.61,,,107,6.61,213.09,0.345,
5106703,Ponte Branca,resto_mt,Demais MT,FALSE,2016,115,280.31,7.24,,,115,7.24,243.95,0.387,
5106703,Ponte Branca,resto_mt,Demais MT,FALSE,2017,116,298.45,7.44,,,116,7.44,265.35,0.414,
5106703,Ponte Branca,resto_mt,Demais MT,FALSE,2018,130,274.06,8.11,,,130,8.11,267.9,0.429,
5106703,Ponte Branca,resto_mt,Demais MT,FALSE,2019,138,258.4,8.76,63,4,201,12.75,910.41,0.427,1.007
5106703,Ponte Branca,resto_mt,Demais MT,FALSE,2020,147,246.41,9.48,59,3.81,206,13.29,888.6,0.434,0.943
5106703,Ponte Branca,resto_mt,Demais MT,FALSE,2021,147,242.5,9.64,58,3.8,205,13.44,858.53,0.427,0.882
5106703,Ponte Branca,resto_mt,Demais MT,FALSE,2022,171,337.12,8.52,57,2.84,228,11.35,793.27,0.693,0.899
5106703,Ponte Branca,resto_mt,Demais MT,FALSE,2023,180,663.68,8.96,60,2.99,240,11.95,1204.14,1.434,0.984
5106703,Ponte Branca,resto_mt,Demais MT,FALSE,2024,194,705.5,9.34,56,2.7,250,12.04,1248.21,1.647,0.945
5106752,Pontes e Lacerda,resto_mt,Demais MT,FALSE,2013,2632,245.35,6.18,,,2632,6.18,181.86,7.748,
5106752,Pontes e Lacerda,resto_mt,Demais MT,FALSE,2014,2692,244.68,6.27,,,2692,6.27,184.13,7.903,
5106752,Pontes e Lacerda,resto_mt,Demais MT,FALSE,2015,2548,224.79,5.89,,,2548,5.89,158.97,6.873,
5106752,Pontes e Lacerda,resto_mt,Demais MT,FALSE,2016,2445,211.94,5.62,,,2445,5.62,142.8,6.217,
5106752,Pontes e Lacerda,resto_mt,Demais MT,FALSE,2017,2128,206.77,4.85,,,2128,4.85,120.44,5.279,
5106752,Pontes e Lacerda,resto_mt,Demais MT,FALSE,2018,1867,201.31,4.14,,,1867,4.14,100.01,4.51,
5106752,Pontes e Lacerda,resto_mt,Demais MT,FALSE,2019,1587,194.29,3.49,1148,2.53,2735,6.02,485.85,3.7,18.375
5106752,Pontes e Lacerda,resto_mt,Demais MT,FALSE,2020,1606,194.09,3.51,1144,2.5,2750,6.01,478.94,3.74,18.184
5106752,Pontes e Lacerda,resto_mt,Demais MT,FALSE,2021,1955,193.77,4.24,1133,2.46,3088,6.7,472.08,4.545,17.22
5106752,Pontes e Lacerda,resto_mt,Demais MT,FALSE,2022,2093,321.76,4.02,1108,2.13,3201,6.15,491.91,8.082,17.507
5106752,Pontes e Lacerda,resto_mt,Demais MT,FALSE,2023,2412,656.97,4.64,1180,2.27,3592,6.91,740.33,19.019,19.491
5106752,Pontes e Lacerda,resto_mt,Demais MT,FALSE,2024,2547,662.64,4.65,1318,2.41,3865,7.05,777.26,20.251,22.339
5106778,Porto Alegre do Norte,resto_mt,Demais MT,FALSE,2013,1158,271.12,10.22,,,1158,10.22,332.26,3.766,
5106778,Porto Alegre do Norte,resto_mt,Demais MT,FALSE,2014,1179,274.19,10.25,,,1179,10.25,337.16,3.88,
5106778,Porto Alegre do Norte,resto_mt,Demais MT,FALSE,2015,1115,255.31,9.55,,,1115,9.55,292.7,3.417,
5106778,Porto Alegre do Norte,resto_mt,Demais MT,FALSE,2016,952,266.59,8.04,,,952,8.04,257.31,3.046,
5106778,Porto Alegre do Norte,resto_mt,Demais MT,FALSE,2017,880,276.46,7.34,,,880,7.34,243.34,2.919,
5106778,Porto Alegre do Norte,resto_mt,Demais MT,FALSE,2018,826,263.91,6.69,,,826,6.69,211.8,2.615,
5106778,Porto Alegre do Norte,resto_mt,Demais MT,FALSE,2019,764,256.73,6.1,348,2.78,1112,8.88,632.99,2.355,5.568
5106778,Porto Alegre do Norte,resto_mt,Demais MT,FALSE,2020,780,246.16,6.15,346,2.73,1126,8.88,614.37,2.303,5.491
5106778,Porto Alegre do Norte,resto_mt,Demais MT,FALSE,2021,890,253.93,6.93,343,2.67,1233,9.6,616.03,2.71,5.205
5106778,Porto Alegre do Norte,resto_mt,Demais MT,FALSE,2022,1164,352.38,9.6,350,2.89,1514,12.48,861.74,4.923,5.527
5106778,Porto Alegre do Norte,resto_mt,Demais MT,FALSE,2023,1248,685.44,10.29,368,3.03,1616,13.33,1347.81,10.267,6.078
5106778,Porto Alegre do Norte,resto_mt,Demais MT,FALSE,2024,1250,702.91,9.98,402,3.21,1652,13.19,1385.08,10.541,6.806
5106802,Porto dos Gaúchos,resto_mt,Demais MT,FALSE,2013,337,263.03,6.25,,,337,6.25,197.24,1.063,
5106802,Porto dos Gaúchos,resto_mt,Demais MT,FALSE,2014,324,275.17,6.04,,,324,6.04,199.87,1.072,
5106802,Porto dos Gaúchos,resto_mt,Demais MT,FALSE,2015,290,245.5,5.44,,,290,5.44,160.4,0.856,
5106802,Porto dos Gaúchos,resto_mt,Demais MT,FALSE,2016,225,216.47,4.24,,,225,4.24,110.23,0.585,
5106802,Porto dos Gaúchos,resto_mt,Demais MT,FALSE,2017,168,204.14,3.18,,,168,3.18,77.75,0.411,
5106802,Porto dos Gaúchos,resto_mt,Demais MT,FALSE,2018,142,192.42,2.62,,,142,2.62,60.47,0.328,
5106802,Porto dos Gaúchos,resto_mt,Demais MT,FALSE,2019,115,197.09,2.13,102,1.89,217,4.01,353.55,0.273,1.64
5106802,Porto dos Gaúchos,resto_mt,Demais MT,FALSE,2020,122,206.06,2.27,106,1.98,228,4.25,370.1,0.303,1.682
5106802,Porto dos Gaúchos,resto_mt,Demais MT,FALSE,2021,150,205.33,2.81,99,1.85,249,4.66,349.92,0.368,1.502
5106802,Porto dos Gaúchos,resto_mt,Demais MT,FALSE,2022,183,326.9,3.27,89,1.59,272,4.86,380.46,0.716,1.412
5106802,Porto dos Gaúchos,resto_mt,Demais MT,FALSE,2023,189,645.33,3.38,92,1.64,281,5.02,534.79,1.466,1.526
5106802,Porto dos Gaúchos,resto_mt,Demais MT,FALSE,2024,203,679.4,3.57,93,1.63,296,5.2,568.54,1.658,1.577
5106828,Porto Esperidião,pantanal_norte,Pantanal-13,TRUE,2013,1070,258.57,9.45,,,1070,9.45,293.39,3.32,
5106828,Porto Esperidião,pantanal_norte,Pantanal-13,TRUE,2014,1064,250.47,9.34,,,1064,9.34,280.64,3.197,
5106828,Porto Esperidião,pantanal_norte,Pantanal-13,TRUE,2015,937,227.72,8.17,,,937,8.17,223.31,2.56,
5106828,Porto Esperidião,pantanal_norte,Pantanal-13,TRUE,2016,775,214,6.72,,,775,6.72,172.55,1.99,
5106828,Porto Esperidião,pantanal_norte,Pantanal-13,TRUE,2017,612,205.93,5.27,,,612,5.27,130.24,1.511,
5106828,Porto Esperidião,pantanal_norte,Pantanal-13,TRUE,2018,539,203.76,4.52,,,539,4.52,110.36,1.317,
5106828,Porto Esperidião,pantanal_norte,Pantanal-13,TRUE,2019,485,196.65,4.04,210,1.75,695,5.78,374.54,1.144,3.357
5106828,Porto Esperidião,pantanal_norte,Pantanal-13,TRUE,2020,519,200.77,4.29,203,1.68,722,5.97,370.13,1.251,3.226
5106828,Porto Esperidião,pantanal_norte,Pantanal-13,TRUE,2021,558,194.78,4.58,200,1.64,758,6.23,356.12,1.304,3.032
5106828,Porto Esperidião,pantanal_norte,Pantanal-13,TRUE,2022,789,332.02,7.73,191,1.87,980,9.6,603.66,3.143,3.017
5106828,Porto Esperidião,pantanal_norte,Pantanal-13,TRUE,2023,987,697.83,9.67,205,2.01,1192,11.68,1142.41,8.266,3.391
5106828,Porto Esperidião,pantanal_norte,Pantanal-13,TRUE,2024,1139,714.85,11.2,223,2.19,1362,13.4,1333.15,9.774,3.78
5106851,Porto Estrela,resto_mt,Demais MT,FALSE,2013,446,292.84,13.3,,,446,13.3,467.82,1.569,
5106851,Porto Estrela,resto_mt,Demais MT,FALSE,2014,585,325.59,17.97,,,585,17.97,701.89,2.285,
5106851,Porto Estrela,resto_mt,Demais MT,FALSE,2015,567,292.28,17.95,,,567,17.95,630.19,1.99,
5106851,Porto Estrela,resto_mt,Demais MT,FALSE,2016,530,264.68,17.3,,,530,17.3,548.88,1.682,
5106851,Porto Estrela,resto_mt,Demais MT,FALSE,2017,390,250.14,13.12,,,390,13.12,393.59,1.17,
5106851,Porto Estrela,resto_mt,Demais MT,FALSE,2018,305,247.54,10,,,305,10,296.72,0.905,
5106851,Porto Estrela,resto_mt,Demais MT,FALSE,2019,234,251.42,7.9,52,1.75,286,9.65,516.32,0.705,0.825
5106851,Porto Estrela,resto_mt,Demais MT,FALSE,2020,220,242.26,7.65,54,1.88,274,9.52,522.01,0.638,0.863
5106851,Porto Estrela,resto_mt,Demais MT,FALSE,2021,212,239.43,7.59,54,1.93,266,9.52,510.09,0.61,0.815
5106851,Porto Estrela,resto_mt,Demais MT,FALSE,2022,252,345.37,7.82,55,1.71,307,9.52,592.8,1.043,0.868
5106851,Porto Estrela,resto_mt,Demais MT,FALSE,2023,271,644.94,8.41,59,1.83,330,10.24,954.87,2.097,0.982
5106851,Porto Estrela,resto_mt,Demais MT,FALSE,2024,287,676.96,9.02,70,2.2,357,11.22,1106.66,2.334,1.186
5107008,Poxoréu,resto_mt,Demais MT,FALSE,2013,1746,296.53,10.32,,,1746,10.32,367.12,6.211,
5107008,Poxoréu,resto_mt,Demais MT,FALSE,2014,1921,291.16,11.52,,,1921,11.52,402.5,6.713,
5107008,Poxoréu,resto_mt,Demais MT,FALSE,2015,1780,273.81,10.83,,,1780,10.83,355.72,5.848,
5107008,Poxoréu,resto_mt,Demais MT,FALSE,2016,1586,270.68,9.78,,,1586,9.78,317.89,5.153,
5107008,Poxoréu,resto_mt,Demais MT,FALSE,2017,1402,271.87,8.77,,,1402,8.77,286.09,4.573,
5107008,Poxoréu,resto_mt,Demais MT,FALSE,2018,1555,280.74,9.47,,,1555,9.47,319.1,5.24,
5107008,Poxoréu,resto_mt,Demais MT,FALSE,2019,1686,289.66,10.4,605,3.73,2291,14.13,958.33,5.861,9.682
5107008,Poxoréu,resto_mt,Demais MT,FALSE,2020,1798,288.96,11.3,582,3.66,2380,14.95,972.52,6.233,9.245
5107008,Poxoréu,resto_mt,Demais MT,FALSE,2021,1825,295.81,11.45,564,3.54,2389,14.99,944.74,6.479,8.577
5107008,Poxoréu,resto_mt,Demais MT,FALSE,2022,2255,367.93,9.69,578,2.48,2833,12.17,819.73,9.956,9.13
5107008,Poxoréu,resto_mt,Demais MT,FALSE,2023,2323,679.86,9.98,628,2.7,2951,12.67,1259.52,18.951,10.375
5107008,Poxoréu,resto_mt,Demais MT,FALSE,2024,2098,704.91,8.53,677,2.75,2775,11.29,1188.38,17.745,11.473
5107040,Primavera do Leste,resto_mt,Demais MT,FALSE,2013,2474,304.74,4.46,,,2474,4.46,163.17,9.048,
5107040,Primavera do Leste,resto_mt,Demais MT,FALSE,2014,2469,316.02,4.37,,,2469,4.37,165.84,9.362,
5107040,Primavera do Leste,resto_mt,Demais MT,FALSE,2015,2473,292.62,4.31,,,2473,4.31,151.2,8.682,
5107040,Primavera do Leste,resto_mt,Demais MT,FALSE,2016,2192,274.83,3.76,,,2192,3.76,123.84,7.229,
5107040,Primavera do Leste,resto_mt,Demais MT,FALSE,2017,2732,237.06,4.61,,,2732,4.61,131.1,7.773,
5107040,Primavera do Leste,resto_mt,Demais MT,FALSE,2018,2602,212.56,4.26,,,2602,4.26,108.75,6.638,
5107040,Primavera do Leste,resto_mt,Demais MT,FALSE,2019,2331,198.13,3.76,1119,1.8,3450,5.56,378.26,5.542,17.917
5107040,Primavera do Leste,resto_mt,Demais MT,FALSE,2020,2171,194.92,3.44,1152,1.83,3323,5.27,370.68,5.078,18.308
5107040,Primavera do Leste,resto_mt,Demais MT,FALSE,2021,2169,198.27,3.4,1172,1.83,3341,5.23,359.59,5.16,17.809
5107040,Primavera do Leste,resto_mt,Demais MT,FALSE,2022,3326,321.62,3.91,1219,1.43,4545,5.34,376.94,12.835,19.26
5107040,Primavera do Leste,resto_mt,Demais MT,FALSE,2023,3774,655.22,4.43,1391,1.63,5165,6.07,618.4,29.669,22.985
5107040,Primavera do Leste,resto_mt,Demais MT,FALSE,2024,3529,661.97,3.8,1626,1.75,5155,5.55,598.1,28.03,27.549
5107065,Querência,resto_mt,Demais MT,FALSE,2013,681,302.87,4.65,,,681,4.65,169.17,2.475,
5107065,Querência,resto_mt,Demais MT,FALSE,2014,723,345.64,4.78,,,723,4.78,198.39,3,
5107065,Querência,resto_mt,Demais MT,FALSE,2015,759,349.77,4.87,,,759,4.87,204.29,3.186,
5107065,Querência,resto_mt,Demais MT,FALSE,2016,738,361.63,4.59,,,738,4.59,199.31,3.201,
5107065,Querência,resto_mt,Demais MT,FALSE,2017,738,361.62,4.47,,,738,4.47,193.88,3.201,
5107065,Querência,resto_mt,Demais MT,FALSE,2018,768,350.25,4.51,,,768,4.51,189.68,3.227,
5107065,Querência,resto_mt,Demais MT,FALSE,2019,815,357.15,4.66,129,0.74,944,5.4,317.61,3.493,2.059
5107065,Querência,resto_mt,Demais MT,FALSE,2020,835,342.34,4.66,134,0.75,969,5.4,310.05,3.429,2.132
5107065,Querência,resto_mt,Demais MT,FALSE,2021,866,342.47,4.71,140,0.76,1006,5.47,309.27,3.558,2.128
5107065,Querência,resto_mt,Demais MT,FALSE,2022,1083,403.64,4.05,153,0.57,1236,4.62,286.19,5.245,2.416
5107065,Querência,resto_mt,Demais MT,FALSE,2023,1283,738.47,4.79,171,0.64,1454,5.43,530.22,11.366,2.827
5107065,Querência,resto_mt,Demais MT,FALSE,2024,1605,758.83,5.38,189,0.63,1794,6.02,597.65,14.615,3.207
5107107,São José dos Quatro Marcos,resto_mt,Demais MT,FALSE,2013,1368,235.45,7.28,,,1368,7.28,205.53,3.864,
5107107,São José dos Quatro Marcos,resto_mt,Demais MT,FALSE,2014,1044,233.78,5.58,,,1044,5.58,156.57,2.929,
5107107,São José dos Quatro Marcos,resto_mt,Demais MT,FALSE,2015,901,209.12,4.84,,,901,4.84,121.39,2.261,
5107107,São José dos Quatro Marcos,resto_mt,Demais MT,FALSE,2016,920,205.99,4.96,,,920,4.96,122.69,2.274,
5107107,São José dos Quatro Marcos,resto_mt,Demais MT,FALSE,2017,865,216.93,4.69,,,865,4.69,122,2.251,
5107107,São José dos Quatro Marcos,resto_mt,Demais MT,FALSE,2018,805,217.83,4.24,,,805,4.24,110.94,2.104,
5107107,São José dos Quatro Marcos,resto_mt,Demais MT,FALSE,2019,746,210.48,3.95,397,2.1,1143,6.05,436,1.885,6.358
5107107,São José dos Quatro Marcos,resto_mt,Demais MT,FALSE,2020,776,197.41,4.12,387,2.05,1163,6.17,423.67,1.839,6.145
5107107,São José dos Quatro Marcos,resto_mt,Demais MT,FALSE,2021,814,192.57,4.33,398,2.12,1212,6.45,422.03,1.881,6.048
5107107,São José dos Quatro Marcos,resto_mt,Demais MT,FALSE,2022,950,306.53,5.32,427,2.39,1377,7.71,574.05,3.493,6.753
5107107,São José dos Quatro Marcos,resto_mt,Demais MT,FALSE,2023,1040,653.87,5.83,462,2.59,1502,8.42,884.84,8.164,7.629
5107107,São José dos Quatro Marcos,resto_mt,Demais MT,FALSE,2024,1122,662.66,6.29,474,2.66,1596,8.95,950.5,8.921,8.026
5107156,Reserva do Cabaçal,resto_mt,Demais MT,FALSE,2013,175,238.6,6.7,,,175,6.7,191.92,0.501,
5107156,Reserva do Cabaçal,resto_mt,Demais MT,FALSE,2014,147,238.59,5.61,,,147,5.61,160.85,0.422,
5107156,Reserva do Cabaçal,resto_mt,Demais MT,FALSE,2015,165,223.29,6.27,,,165,6.27,167.94,0.442,
5107156,Reserva do Cabaçal,resto_mt,Demais MT,FALSE,2016,206,220.24,7.81,,,206,7.81,205.88,0.543,
5107156,Reserva do Cabaçal,resto_mt,Demais MT,FALSE,2017,185,236.43,6.99,,,185,6.99,198.28,0.525,
5107156,Reserva do Cabaçal,resto_mt,Demais MT,FALSE,2018,182,246.78,6.69,,,182,6.69,197.53,0.537,
5107156,Reserva do Cabaçal,resto_mt,Demais MT,FALSE,2019,194,242.74,7.1,62,2.27,256,9.37,568.09,0.565,0.987
5107156,Reserva do Cabaçal,resto_mt,Demais MT,FALSE,2020,201,218.76,7.33,58,2.11,259,9.44,531.21,0.529,0.928
5107156,Reserva do Cabaçal,resto_mt,Demais MT,FALSE,2021,200,223.61,7.26,57,2.07,257,9.33,511.86,0.537,0.872
5107156,Reserva do Cabaçal,resto_mt,Demais MT,FALSE,2022,281,338.54,13.24,57,2.69,338,15.93,961.22,1.143,0.897
5107156,Reserva do Cabaçal,resto_mt,Demais MT,FALSE,2023,278,653.44,13.1,58,2.73,336,15.83,1476.51,2.182,0.951
5107156,Reserva do Cabaçal,resto_mt,Demais MT,FALSE,2024,251,691.43,12.17,59,2.86,310,15.03,1498.21,2.084,1.005
5107180,Ribeirão Cascalheira,resto_mt,Demais MT,FALSE,2013,886,317.74,9.51,,,886,9.51,362.42,3.376,
5107180,Ribeirão Cascalheira,resto_mt,Demais MT,FALSE,2014,925,294.58,9.8,,,925,9.8,346.23,3.268,
5107180,Ribeirão Cascalheira,resto_mt,Demais MT,FALSE,2015,883,259.88,9.23,,,883,9.23,287.84,2.752,
5107180,Ribeirão Cascalheira,resto_mt,Demais MT,FALSE,2016,784,250.77,8.1,,,784,8.1,243.54,2.358,
5107180,Ribeirão Cascalheira,resto_mt,Demais MT,FALSE,2017,617,263.49,6.3,,,617,6.3,199.1,1.95,
5107180,Ribeirão Cascalheira,resto_mt,Demais MT,FALSE,2018,581,264.32,5.76,,,581,5.76,182.83,1.843,
5107180,Ribeirão Cascalheira,resto_mt,Demais MT,FALSE,2019,596,262.22,5.84,205,2.01,801,7.85,505.62,1.874,3.287
5107180,Ribeirão Cascalheira,resto_mt,Demais MT,FALSE,2020,653,271.51,6.32,210,2.03,863,8.36,528.7,2.128,3.333
5107180,Ribeirão Cascalheira,resto_mt,Demais MT,FALSE,2021,722,274.12,6.91,222,2.12,944,9.03,550.69,2.376,3.379
5107180,Ribeirão Cascalheira,resto_mt,Demais MT,FALSE,2022,871,372.55,8.63,239,2.37,1110,11,759.67,3.893,3.772
5107180,Ribeirão Cascalheira,resto_mt,Demais MT,FALSE,2023,956,730.36,9.48,265,2.63,1221,12.1,1264.45,8.38,4.377
5107180,Ribeirão Cascalheira,resto_mt,Demais MT,FALSE,2024,1052,755.65,10.09,280,2.68,1332,12.77,1369.22,9.539,4.743
5107198,Ribeirãozinho,resto_mt,Demais MT,FALSE,2013,141,229.28,6.24,,,141,6.24,172.24,0.389,
5107198,Ribeirãozinho,resto_mt,Demais MT,FALSE,2014,130,247.19,5.71,,,130,5.71,169.83,0.386,
5107198,Ribeirãozinho,resto_mt,Demais MT,FALSE,2015,126,226.18,5.5,,,126,5.5,149.14,0.342,
5107198,Ribeirãozinho,resto_mt,Demais MT,FALSE,2016,122,231.07,5.29,,,122,5.29,147,0.339,
5107198,Ribeirãozinho,resto_mt,Demais MT,FALSE,2017,125,240.2,5.39,,,125,5.39,155.3,0.36,
5107198,Ribeirãozinho,resto_mt,Demais MT,FALSE,2018,141,239.9,5.9,,,141,5.9,170.18,0.406,
5107198,Ribeirãozinho,resto_mt,Demais MT,FALSE,2019,132,232.61,5.49,37,1.54,169,7.03,397.78,0.368,0.588
5107198,Ribeirãozinho,resto_mt,Demais MT,FALSE,2020,138,214.75,5.7,39,1.61,177,7.31,405.83,0.356,0.626
5107198,Ribeirãozinho,resto_mt,Demais MT,FALSE,2021,154,218.95,6.31,43,1.76,197,8.08,435.04,0.404,0.657
5107198,Ribeirãozinho,resto_mt,Demais MT,FALSE,2022,178,326.47,6.86,47,1.81,225,8.68,553.96,0.699,0.737
5107198,Ribeirãozinho,resto_mt,Demais MT,FALSE,2023,181,644.67,6.98,55,2.12,236,9.1,888.44,1.398,0.906
5107198,Ribeirãozinho,resto_mt,Demais MT,FALSE,2024,162,674.68,6.01,61,2.26,223,8.27,870.37,1.31,1.038
5107206,Rio Branco,resto_mt,Demais MT,FALSE,2013,490,285.63,9.68,,,490,9.68,331.67,1.679,
5107206,Rio Branco,resto_mt,Demais MT,FALSE,2014,466,297.86,9.22,,,466,9.22,329.74,1.667,
5107206,Rio Branco,resto_mt,Demais MT,FALSE,2015,424,235.87,8.41,,,424,8.41,237.92,1.2,
5107206,Rio Branco,resto_mt,Demais MT,FALSE,2016,406,203.64,8.07,,,406,8.07,197.52,0.993,
5107206,Rio Branco,resto_mt,Demais MT,FALSE,2017,349,207.38,6.95,,,349,6.95,173.25,0.87,
5107206,Rio Branco,resto_mt,Demais MT,FALSE,2018,313,198.32,6.07,,,313,6.07,144.31,0.744,
5107206,Rio Branco,resto_mt,Demais MT,FALSE,2019,305,205.99,5.92,191,3.7,496,9.62,739.68,0.754,3.06
5107206,Rio Branco,resto_mt,Demais MT,FALSE,2020,290,209.79,5.63,188,3.65,478,9.28,723.44,0.731,2.994
5107206,Rio Branco,resto_mt,Demais MT,FALSE,2021,307,210.41,5.96,186,3.61,493,9.58,699.72,0.774,2.827
5107206,Rio Branco,resto_mt,Demais MT,FALSE,2022,406,321.99,8.95,184,4.06,590,13.01,985.92,1.569,2.902
5107206,Rio Branco,resto_mt,Demais MT,FALSE,2023,450,638,9.92,190,4.19,640,14.11,1450.73,3.441,3.138
5107206,Rio Branco,resto_mt,Demais MT,FALSE,2024,410,631.49,9.13,211,4.7,621,13.83,1487.97,3.106,3.574
5107248,Santa Carmem,resto_mt,Demais MT,FALSE,2013,298,321.65,7.06,,,298,7.06,272.25,1.149,
5107248,Santa Carmem,resto_mt,Demais MT,FALSE,2014,272,295.11,6.39,,,272,6.39,226.6,0.964,
5107248,Santa Carmem,resto_mt,Demais MT,FALSE,2015,254,264.69,5.92,,,254,5.92,187.91,0.807,
5107248,Santa Carmem,resto_mt,Demais MT,FALSE,2016,241,249.66,5.57,,,241,5.57,167.07,0.723,
5107248,Santa Carmem,resto_mt,Demais MT,FALSE,2017,242,251.32,5.55,,,242,5.55,167.68,0.731,
5107248,Santa Carmem,resto_mt,Demais MT,FALSE,2018,250,259.11,5.57,,,250,5.57,173.05,0.776,
5107248,Santa Carmem,resto_mt,Demais MT,FALSE,2019,258,255.92,5.7,88,1.94,346,7.65,487.32,0.792,1.413
5107248,Santa Carmem,resto_mt,Demais MT,FALSE,2020,250,257.99,5.48,87,1.91,337,7.39,471.74,0.775,1.377
5107248,Santa Carmem,resto_mt,Demais MT,FALSE,2021,237,276.06,5.15,84,1.83,321,6.98,449.79,0.786,1.283
5107248,Santa Carmem,resto_mt,Demais MT,FALSE,2022,366,349.9,6.81,81,1.51,447,8.32,524.83,1.538,1.283
5107248,Santa Carmem,resto_mt,Demais MT,FALSE,2023,345,653.9,6.42,81,1.51,426,7.93,753.61,2.709,1.341
5107248,Santa Carmem,resto_mt,Demais MT,FALSE,2024,315,673.24,5.55,86,1.51,401,7.06,705.86,2.541,1.466
5107263,Santo Afonso,resto_mt,Demais MT,FALSE,2013,289,232.99,9.55,,,289,9.55,267.49,0.809,
5107263,Santo Afonso,resto_mt,Demais MT,FALSE,2014,269,229.18,8.87,,,269,8.87,243.76,0.739,
5107263,Santo Afonso,resto_mt,Demais MT,FALSE,2015,241,219.69,7.93,,,241,7.93,209.42,0.636,
5107263,Santo Afonso,resto_mt,Demais MT,FALSE,2016,261,236.84,8.57,,,261,8.57,243.76,0.742,
5107263,Santo Afonso,resto_mt,Demais MT,FALSE,2017,272,258.11,8.92,,,272,8.92,276.73,0.844,
5107263,Santo Afonso,resto_mt,Demais MT,FALSE,2018,317,248.41,10.11,,,317,10.11,301.49,0.945,
5107263,Santo Afonso,resto_mt,Demais MT,FALSE,2019,272,243.97,8.65,51,1.62,323,10.27,511.19,0.796,0.813
5107263,Santo Afonso,resto_mt,Demais MT,FALSE,2020,250,233.11,7.92,50,1.58,300,9.51,472.68,0.699,0.792
5107263,Santo Afonso,resto_mt,Demais MT,FALSE,2021,250,239.53,7.9,57,1.8,307,9.7,499.44,0.719,0.861
5107263,Santo Afonso,resto_mt,Demais MT,FALSE,2022,305,332.67,12.11,66,2.62,371,14.73,893.72,1.216,1.035
5107263,Santo Afonso,resto_mt,Demais MT,FALSE,2023,310,667.33,12.31,68,2.7,378,15.01,1429.55,2.482,1.119
5107263,Santo Afonso,resto_mt,Demais MT,FALSE,2024,322,682.71,13.09,72,2.93,394,16.02,1567.2,2.634,1.221
5107297,São José do Povo,resto_mt,Demais MT,FALSE,2013,254,266.25,6.79,,,254,6.79,217.21,0.813,
5107297,São José do Povo,resto_mt,Demais MT,FALSE,2014,248,257.71,6.56,,,248,6.56,202.85,0.767,
5107297,São José do Povo,resto_mt,Demais MT,FALSE,2015,236,224.69,6.17,,,236,6.17,166.56,0.637,
5107297,São José do Povo,resto_mt,Demais MT,FALSE,2016,198,202.16,5.12,,,198,5.12,124.46,0.482,
5107297,São José do Povo,resto_mt,Demais MT,FALSE,2017,156,191,3.99,,,156,3.99,91.64,0.358,
5107297,São José do Povo,resto_mt,Demais MT,FALSE,2018,114,186.2,2.84,,,114,2.84,63.21,0.254,
5107297,São José do Povo,resto_mt,Demais MT,FALSE,2019,92,197.32,2.26,71,1.75,163,4.01,333.18,0.217,1.137
5107297,São José do Povo,resto_mt,Demais MT,FALSE,2020,84,199.48,1.89,64,1.44,148,3.33,275.14,0.201,1.024
5107297,São José do Povo,resto_mt,Demais MT,FALSE,2021,92,202.83,2.24,42,1.02,134,3.27,208.77,0.223,0.633
5107297,São José do Povo,resto_mt,Demais MT,FALSE,2022,114,324.62,3.97,15,0.52,129,4.49,236.23,0.442,0.237
5107297,São José do Povo,resto_mt,Demais MT,FALSE,2023,133,661.27,4.63,16,0.56,149,5.18,459.74,1.056,0.266
5107297,São José do Povo,resto_mt,Demais MT,FALSE,2024,138,658.32,4.96,14,0.5,152,5.47,476.57,1.086,0.239
5107305,São José do Rio Claro,resto_mt,Demais MT,FALSE,2013,1146,270.13,6.25,,,1146,6.25,202.47,3.713,
5107305,São José do Rio Claro,resto_mt,Demais MT,FALSE,2014,1153,268.14,6.17,,,1153,6.17,198.44,3.711,
5107305,São José do Rio Claro,resto_mt,Demais MT,FALSE,2015,1099,239.41,5.77,,,1099,5.77,165.69,3.157,
5107305,São José do Rio Claro,resto_mt,Demais MT,FALSE,2016,1038,214.71,5.35,,,1038,5.35,137.93,2.675,
5107305,São José do Rio Claro,resto_mt,Demais MT,FALSE,2017,925,207.54,4.69,,,925,4.69,116.77,2.304,
5107305,São José do Rio Claro,resto_mt,Demais MT,FALSE,2018,1009,207.16,4.97,,,1009,4.97,123.54,2.509,
5107305,São José do Rio Claro,resto_mt,Demais MT,FALSE,2019,961,209.89,4.65,468,2.26,1429,6.92,479.94,2.421,7.496
5107305,São José do Rio Claro,resto_mt,Demais MT,FALSE,2020,991,203.99,4.72,474,2.26,1465,6.97,474.11,2.426,7.536
5107305,São José do Rio Claro,resto_mt,Demais MT,FALSE,2021,1023,205.98,4.79,470,2.2,1493,6.99,453.16,2.528,7.147
5107305,São José do Rio Claro,resto_mt,Demais MT,FALSE,2022,1363,320.77,9.14,457,3.06,1820,12.21,836.19,5.248,7.22
5107305,São José do Rio Claro,resto_mt,Demais MT,FALSE,2023,1509,645.85,10.12,487,3.27,1996,13.39,1324.35,11.698,8.049
5107305,São José do Rio Claro,resto_mt,Demais MT,FALSE,2024,1498,652.13,10.22,531,3.62,2029,13.84,1413.49,11.72,9.004
5107354,São José do Xingu,resto_mt,Demais MT,FALSE,2013,530,295.46,9.94,,,530,9.94,352.47,1.88,
5107354,São José do Xingu,resto_mt,Demais MT,FALSE,2014,526,310.31,9.82,,,526,9.82,365.67,1.958,
5107354,São José do Xingu,resto_mt,Demais MT,FALSE,2015,516,298.72,9.6,,,516,9.6,344.35,1.851,
5107354,São José do Xingu,resto_mt,Demais MT,FALSE,2016,478,296.18,8.86,,,478,8.86,314.63,1.698,
5107354,São José do Xingu,resto_mt,Demais MT,FALSE,2017,434,316.47,8.01,,,434,8.01,304.38,1.649,
5107354,São José do Xingu,resto_mt,Demais MT,FALSE,2018,492,321.89,8.83,,,492,8.83,341.43,1.901,
5107354,São José do Xingu,resto_mt,Demais MT,FALSE,2019,492,333.25,8.79,109,1.95,601,10.74,663.29,1.967,1.744
5107354,São José do Xingu,resto_mt,Demais MT,FALSE,2020,497,314.63,8.84,115,2.05,612,10.89,660.14,1.877,1.833
5107354,São José do Xingu,resto_mt,Demais MT,FALSE,2021,518,320.2,9.17,112,1.98,630,11.16,652.96,1.99,1.697
5107354,São José do Xingu,resto_mt,Demais MT,FALSE,2022,791,381.93,13.26,115,1.93,906,15.19,912.15,3.624,1.816
5107354,São José do Xingu,resto_mt,Demais MT,FALSE,2023,904,726.24,15.16,124,2.08,1028,17.24,1662.85,7.877,2.04
5107354,São José do Xingu,resto_mt,Demais MT,FALSE,2024,887,758.02,14.38,127,2.06,1014,16.44,1656.42,8.069,2.148
5107404,São Pedro da Cipa,resto_mt,Demais MT,FALSE,2013,421,249.48,9.7,,,421,9.7,290.11,1.259,
5107404,São Pedro da Cipa,resto_mt,Demais MT,FALSE,2014,388,244.75,8.83,,,388,8.83,259.52,1.14,
5107404,São Pedro da Cipa,resto_mt,Demais MT,FALSE,2015,368,227.82,8.28,,,368,8.28,226.13,1.005,
5107404,São Pedro da Cipa,resto_mt,Demais MT,FALSE,2016,339,224.02,7.55,,,339,7.55,202.63,0.91,
5107404,São Pedro da Cipa,resto_mt,Demais MT,FALSE,2017,365,243.74,8.04,,,365,8.04,235.26,1.068,
5107404,São Pedro da Cipa,resto_mt,Demais MT,FALSE,2018,295,229.42,6.31,,,295,6.31,174,0.813,
5107404,São Pedro da Cipa,resto_mt,Demais MT,FALSE,2019,269,221.7,5.69,24,0.51,293,6.2,233.78,0.715,0.39
5107404,São Pedro da Cipa,resto_mt,Demais MT,FALSE,2020,266,208.92,5.58,21,0.44,287,6.02,209.67,0.668,0.332
5107404,São Pedro da Cipa,resto_mt,Demais MT,FALSE,2021,271,229.34,5.62,21,0.44,292,6.05,221.94,0.746,0.324
5107404,São Pedro da Cipa,resto_mt,Demais MT,FALSE,2022,433,334.49,10.33,22,0.52,455,10.86,498.28,1.737,0.352
5107404,São Pedro da Cipa,resto_mt,Demais MT,FALSE,2023,466,649.37,11.12,26,0.62,492,11.74,968.65,3.63,0.43
5107404,São Pedro da Cipa,resto_mt,Demais MT,FALSE,2024,438,678.9,10.31,36,0.85,474,11.16,983.31,3.57,0.606
5107578,Rondolândia,resto_mt,Demais MT,FALSE,2013,390,277.15,10.47,,,390,10.47,347.66,1.295,
5107578,Rondolândia,resto_mt,Demais MT,FALSE,2014,418,265.32,11.12,,,418,11.12,353.61,1.329,
5107578,Rondolândia,resto_mt,Demais MT,FALSE,2015,394,235.02,10.39,,,394,10.39,293.35,1.112,
5107578,Rondolândia,resto_mt,Demais MT,FALSE,2016,351,204.64,9.18,,,351,9.18,225.19,0.861,
5107578,Rondolândia,resto_mt,Demais MT,FALSE,2017,317,206.92,8.23,,,317,8.23,204.02,0.786,
5107578,Rondolândia,resto_mt,Demais MT,FALSE,2018,254,204.13,6.4,,,254,6.4,157.09,0.623,
5107578,Rondolândia,resto_mt,Demais MT,FALSE,2019,223,197.52,5.57,16,0.4,239,5.97,198.34,0.529,0.264
5107578,Rondolândia,resto_mt,Demais MT,FALSE,2020,231,201.95,5.72,22,0.55,253,6.27,223.42,0.56,0.342
5107578,Rondolândia,resto_mt,Demais MT,FALSE,2021,234,207.55,5.75,24,0.59,258,6.34,233.41,0.584,0.366
5107578,Rondolândia,resto_mt,Demais MT,FALSE,2022,253,335.58,7.22,27,0.77,280,7.99,411.38,1.019,0.423
5107578,Rondolândia,resto_mt,Demais MT,FALSE,2023,310,691.55,8.84,32,0.91,342,9.76,882.74,2.573,0.521
5107578,Rondolândia,resto_mt,Demais MT,FALSE,2024,249,755.41,7.06,49,1.39,298,8.45,876.23,2.26,0.83
5107602,Rondonópolis,pantanal_norte,Pantanal-13,TRUE,2013,8879,228.9,4.27,,,8879,4.27,117.24,24.389,
5107602,Rondonópolis,pantanal_norte,Pantanal-13,TRUE,2014,9876,224.15,4.66,,,9876,4.66,125.47,26.563,
5107602,Rondonópolis,pantanal_norte,Pantanal-13,TRUE,2015,9116,209.48,4.23,,,9116,4.23,106.43,22.916,
5107602,Rondonópolis,pantanal_norte,Pantanal-13,TRUE,2016,8623,194.26,3.94,,,8623,3.94,91.83,20.102,
5107602,Rondonópolis,pantanal_norte,Pantanal-13,TRUE,2017,8286,183.35,3.73,,,8286,3.73,82,18.23,
5107602,Rondonópolis,pantanal_norte,Pantanal-13,TRUE,2018,9029,176.27,3.95,,,9029,3.95,83.45,19.098,
5107602,Rondonópolis,pantanal_norte,Pantanal-13,TRUE,2019,9415,181.07,4.05,7093,3.05,16508,7.1,576.54,20.457,113.583
5107602,Rondonópolis,pantanal_norte,Pantanal-13,TRUE,2020,9873,181.59,4.18,7160,3.03,17033,7.22,573.2,21.514,113.784
5107602,Rondonópolis,pantanal_norte,Pantanal-13,TRUE,2021,10024,185.49,4.18,7123,2.97,17147,7.16,544.74,22.311,108.216
5107602,Rondonópolis,pantanal_norte,Pantanal-13,TRUE,2022,14315,314.19,5.84,7577,3.09,21892,8.94,709.26,53.973,119.734
5107602,Rondonópolis,pantanal_norte,Pantanal-13,TRUE,2023,14814,639.73,6.05,8302,3.39,23116,9.44,1024.4,113.726,137.162
5107602,Rondonópolis,pantanal_norte,Pantanal-13,TRUE,2024,13132,643.45,5.07,9084,3.51,22216,8.57,985.13,101.396,153.917
5107701,Rosário Oeste,resto_mt,Demais MT,FALSE,2013,1857,342.48,10.68,,,1857,10.68,438.82,7.632,
5107701,Rosário Oeste,resto_mt,Demais MT,FALSE,2014,1957,369.06,11.33,,,1957,11.33,501.71,8.667,
5107701,Rosário Oeste,resto_mt,Demais MT,FALSE,2015,1933,340.49,11.26,,,1933,11.26,460.23,7.898,
5107701,Rosário Oeste,resto_mt,Demais MT,FALSE,2016,1992,305.77,11.71,,,1992,11.71,429.5,7.308,
5107701,Rosário Oeste,resto_mt,Demais MT,FALSE,2017,1966,295.66,11.63,,,1966,11.63,412.5,6.975,
5107701,Rosário Oeste,resto_mt,Demais MT,FALSE,2018,1963,278.63,11.39,,,1963,11.39,380.83,6.564,
5107701,Rosário Oeste,resto_mt,Demais MT,FALSE,2019,1857,265.74,10.83,686,4,2543,14.83,985.88,5.923,10.986
5107701,Rosário Oeste,resto_mt,Demais MT,FALSE,2020,1848,250.87,10.84,684,4.01,2532,14.85,963.27,5.564,10.864
5107701,Rosário Oeste,resto_mt,Demais MT,FALSE,2021,1854,259.07,10.91,674,3.96,2528,14.87,941.28,5.764,10.236
5107701,Rosário Oeste,resto_mt,Demais MT,FALSE,2022,2134,351.07,13.81,704,4.56,2838,18.37,1301.82,8.992,11.125
5107701,Rosário Oeste,resto_mt,Demais MT,FALSE,2023,2348,642.59,15.19,769,4.98,3117,20.17,1993.57,18.108,12.699
5107701,Rosário Oeste,resto_mt,Demais MT,FALSE,2024,2367,667.12,15.54,752,4.94,3119,20.47,2079.83,18.948,12.741
5107743,Santa Cruz do Xingu,resto_mt,Demais MT,FALSE,2013,197,310.8,9.21,,,197,9.21,343.64,0.735,
5107743,Santa Cruz do Xingu,resto_mt,Demais MT,FALSE,2014,208,270.61,9.4,,,208,9.4,305.58,0.676,
5107743,Santa Cruz do Xingu,resto_mt,Demais MT,FALSE,2015,200,256.42,8.76,,,200,8.76,269.33,0.615,
5107743,Santa Cruz do Xingu,resto_mt,Demais MT,FALSE,2016,175,251.43,7.44,,,175,7.44,224.93,0.529,
5107743,Santa Cruz do Xingu,resto_mt,Demais MT,FALSE,2017,141,270.47,5.82,,,141,5.82,188.92,0.457,
5107743,Santa Cruz do Xingu,resto_mt,Demais MT,FALSE,2018,138,255.52,5.53,,,138,5.53,170.11,0.424,
5107743,Santa Cruz do Xingu,resto_mt,Demais MT,FALSE,2019,127,248.63,4.95,16,0.62,143,5.58,249.26,0.379,0.26
5107743,Santa Cruz do Xingu,resto_mt,Demais MT,FALSE,2020,124,241.04,4.71,18,0.68,142,5.39,242.3,0.357,0.281
5107743,Santa Cruz do Xingu,resto_mt,Demais MT,FALSE,2021,131,246.84,4.85,16,0.59,147,5.44,236.65,0.388,0.251
5107743,Santa Cruz do Xingu,resto_mt,Demais MT,FALSE,2022,181,334.7,6.8,18,0.68,199,7.48,380.7,0.726,0.287
5107743,Santa Cruz do Xingu,resto_mt,Demais MT,FALSE,2023,225,711.63,8.46,18,0.68,243,9.13,835.62,1.921,0.303
5107743,Santa Cruz do Xingu,resto_mt,Demais MT,FALSE,2024,275,726.48,9.7,13,0.46,288,10.16,926.67,2.399,0.227
5107750,Salto do Céu,resto_mt,Demais MT,FALSE,2013,382,244.91,10.42,,,382,10.42,306.11,1.122,
5107750,Salto do Céu,resto_mt,Demais MT,FALSE,2014,352,231.95,9.82,,,352,9.82,273.64,0.98,
5107750,Salto do Céu,resto_mt,Demais MT,FALSE,2015,310,214,8.85,,,310,8.85,227.57,0.797,
5107750,Salto do Céu,resto_mt,Demais MT,FALSE,2016,243,209.69,7.1,,,243,7.1,178.94,0.613,
5107750,Salto do Céu,resto_mt,Demais MT,FALSE,2017,191,208.97,5.71,,,191,5.71,143.29,0.48,
5107750,Salto do Céu,resto_mt,Demais MT,FALSE,2018,172,266.56,5,,,172,5,159.69,0.549,
5107750,Salto do Céu,resto_mt,Demais MT,FALSE,2019,136,195.42,4.04,108,3.21,244,7.25,610.03,0.318,1.735
5107750,Salto do Céu,resto_mt,Demais MT,FALSE,2020,136,198.55,4.13,104,3.16,240,7.28,598.29,0.325,1.646
5107750,Salto do Céu,resto_mt,Demais MT,FALSE,2021,144,195.65,4.46,111,3.44,255,7.9,626.62,0.339,1.683
5107750,Salto do Céu,resto_mt,Demais MT,FALSE,2022,177,322.31,4.81,116,3.15,293,7.96,684.87,0.685,1.834
5107750,Salto do Céu,resto_mt,Demais MT,FALSE,2023,202,664.52,5.49,127,3.45,329,8.94,1008.72,1.614,2.097
5107750,Salto do Céu,resto_mt,Demais MT,FALSE,2024,203,661.78,5.52,140,3.81,343,9.32,1083.38,1.611,2.375
5107768,Santa Rita do Trivelato,resto_mt,Demais MT,FALSE,2013,125,277.44,4.42,,,125,4.42,147.29,0.417,
5107768,Santa Rita do Trivelato,resto_mt,Demais MT,FALSE,2014,136,277.74,4.63,,,136,4.63,153.96,0.452,
5107768,Santa Rita do Trivelato,resto_mt,Demais MT,FALSE,2015,141,255.97,4.64,,,141,4.64,143,0.434,
5107768,Santa Rita do Trivelato,resto_mt,Demais MT,FALSE,2016,140,250.49,4.47,,,140,4.47,134.63,0.422,
5107768,Santa Rita do Trivelato,resto_mt,Demais MT,FALSE,2017,133,238.76,4.12,,,133,4.12,118.01,0.381,
5107768,Santa Rita do Trivelato,resto_mt,Demais MT,FALSE,2018,130,232.67,3.9,,,130,3.9,108.86,0.363,
5107768,Santa Rita do Trivelato,resto_mt,Demais MT,FALSE,2019,108,233.52,3.15,28,0.82,136,3.97,221.36,0.304,0.455
5107768,Santa Rita do Trivelato,resto_mt,Demais MT,FALSE,2020,115,235.8,3.28,28,0.8,143,4.08,217.4,0.325,0.437
5107768,Santa Rita do Trivelato,resto_mt,Demais MT,FALSE,2021,125,241.38,3.47,31,0.86,156,4.33,232.25,0.363,0.474
5107768,Santa Rita do Trivelato,resto_mt,Demais MT,FALSE,2022,250,344.29,7.63,38,1.16,288,8.79,498.97,1.032,0.603
5107768,Santa Rita do Trivelato,resto_mt,Demais MT,FALSE,2023,296,697.75,9.04,37,1.13,333,10.16,941.47,2.476,0.609
5107768,Santa Rita do Trivelato,resto_mt,Demais MT,FALSE,2024,269,716.76,7.77,49,1.41,318,9.18,906.24,2.312,0.826
5107776,Santa Terezinha,resto_mt,Demais MT,FALSE,2013,813,312.15,10.55,,,813,10.55,394.96,3.045,
5107776,Santa Terezinha,resto_mt,Demais MT,FALSE,2014,896,299.01,11.49,,,896,11.49,412.4,3.216,
5107776,Santa Terezinha,resto_mt,Demais MT,FALSE,2015,910,271.57,11.54,,,910,11.54,376.3,2.966,
5107776,Santa Terezinha,resto_mt,Demais MT,FALSE,2016,915,260.8,11.48,,,915,11.48,359.3,2.863,
5107776,Santa Terezinha,resto_mt,Demais MT,FALSE,2017,921,270.59,11.44,,,921,11.44,371.38,2.989,
5107776,Santa Terezinha,resto_mt,Demais MT,FALSE,2018,876,258.75,10.58,,,876,10.58,328.52,2.721,
5107776,Santa Terezinha,resto_mt,Demais MT,FALSE,2019,760,235.7,9.08,185,2.21,945,11.29,610.57,2.149,2.962
5107776,Santa Terezinha,resto_mt,Demais MT,FALSE,2020,740,225.39,8.75,193,2.28,933,11.03,598.9,2.002,3.065
5107776,Santa Terezinha,resto_mt,Demais MT,FALSE,2021,783,234.6,9.16,196,2.29,979,11.45,605.88,2.203,2.975
5107776,Santa Terezinha,resto_mt,Demais MT,FALSE,2022,886,333.37,11.66,192,2.53,1078,14.19,865,3.544,3.026
5107776,Santa Terezinha,resto_mt,Demais MT,FALSE,2023,844,666.41,11.11,191,2.51,1035,13.63,1304.87,6.749,3.162
5107776,Santa Terezinha,resto_mt,Demais MT,FALSE,2024,827,694.52,10.71,202,2.62,1029,13.33,1336.98,6.892,3.43
5107792,Santo Antônio do Leste,resto_mt,Demais MT,FALSE,2013,220,335.17,5.15,,,220,5.15,206.83,0.884,
5107792,Santo Antônio do Leste,resto_mt,Demais MT,FALSE,2014,184,371.24,4.15,,,184,4.15,185.08,0.821,
5107792,Santo Antônio do Leste,resto_mt,Demais MT,FALSE,2015,212,358.63,4.62,,,212,4.62,198.26,0.91,
5107792,Santo Antônio do Leste,resto_mt,Demais MT,FALSE,2016,243,352.28,5.14,,,243,5.14,217.42,1.028,
5107792,Santo Antônio do Leste,resto_mt,Demais MT,FALSE,2017,240,369,4.92,,,240,4.92,217.54,1.061,
5107792,Santo Antônio do Leste,resto_mt,Demais MT,FALSE,2018,250,357.28,4.98,,,250,4.98,213.53,1.073,
5107792,Santo Antônio do Leste,resto_mt,Demais MT,FALSE,2019,233,355.25,4.5,49,0.95,282,5.45,343.18,0.994,0.782
5107792,Santo Antônio do Leste,resto_mt,Demais MT,FALSE,2020,261,337.27,4.89,51,0.96,312,5.85,350.05,1.055,0.812
5107792,Santo Antônio do Leste,resto_mt,Demais MT,FALSE,2021,283,339.81,5.18,40,0.73,323,5.92,322.88,1.154,0.609
5107792,Santo Antônio do Leste,resto_mt,Demais MT,FALSE,2022,369,406.42,9,38,0.93,407,9.93,584.69,1.799,0.598
5107792,Santo Antônio do Leste,resto_mt,Demais MT,FALSE,2023,398,754.72,9.71,40,0.98,438,10.69,1038.14,3.602,0.654
5107792,Santo Antônio do Leste,resto_mt,Demais MT,FALSE,2024,388,775.33,9.21,38,0.9,426,10.11,1010.97,3.611,0.647
5107800,Santo Antônio do Leverger,pantanal_norte,Pantanal-13,TRUE,2013,1996,252.3,10.34,,,1996,10.34,313.07,6.043,
5107800,Santo Antônio do Leverger,pantanal_norte,Pantanal-13,TRUE,2014,2052,242.64,10.78,,,2052,10.78,313.94,5.974,
5107800,Santo Antônio do Leverger,pantanal_norte,Pantanal-13,TRUE,2015,1889,222.82,9.81,,,1889,9.81,262.28,5.051,
5107800,Santo Antônio do Leverger,pantanal_norte,Pantanal-13,TRUE,2016,1616,213.03,8.89,,,1616,8.89,227.16,4.131,
5107800,Santo Antônio do Leverger,pantanal_norte,Pantanal-13,TRUE,2017,1512,215.56,8.22,,,1512,8.22,212.68,3.912,
5107800,Santo Antônio do Leverger,pantanal_norte,Pantanal-13,TRUE,2018,1484,209.42,9.03,,,1484,9.03,226.93,3.729,
5107800,Santo Antônio do Leverger,pantanal_norte,Pantanal-13,TRUE,2019,1356,212.81,8.15,288,1.73,1644,9.89,485.4,3.464,4.608
5107800,Santo Antônio do Leverger,pantanal_norte,Pantanal-13,TRUE,2020,1401,206.47,8.24,284,1.67,1685,9.91,469.46,3.472,4.508
5107800,Santo Antônio do Leverger,pantanal_norte,Pantanal-13,TRUE,2021,1584,214.92,9.22,270,1.57,1854,10.79,476.31,4.086,4.101
5107800,Santo Antônio do Leverger,pantanal_norte,Pantanal-13,TRUE,2022,1981,337.53,12.99,267,1.75,2248,14.74,802.95,8.024,4.218
5107800,Santo Antônio do Leverger,pantanal_norte,Pantanal-13,TRUE,2023,2130,666.16,13.97,288,1.89,2418,15.86,1429.26,17.028,4.763
5107800,Santo Antônio do Leverger,pantanal_norte,Pantanal-13,TRUE,2024,2242,681.45,13.35,337,2.01,2579,15.36,1431.61,18.336,5.707
5107859,São Félix do Araguaia,resto_mt,Demais MT,FALSE,2013,726,231.66,6.63,,,726,6.63,184.21,2.017,
5107859,São Félix do Araguaia,resto_mt,Demais MT,FALSE,2014,674,228.69,6.11,,,674,6.11,167.45,1.849,
5107859,São Félix do Araguaia,resto_mt,Demais MT,FALSE,2015,660,208.36,5.93,,,660,5.93,148.24,1.649,
5107859,São Félix do Araguaia,resto_mt,Demais MT,FALSE,2016,569,202.35,5.08,,,569,5.08,123.26,1.382,
5107859,São Félix do Araguaia,resto_mt,Demais MT,FALSE,2017,437,198.97,3.87,,,437,3.87,92.38,1.043,
5107859,São Félix do Araguaia,resto_mt,Demais MT,FALSE,2018,393,194.45,3.38,,,393,3.38,79.03,0.918,
5107859,São Félix do Araguaia,resto_mt,Demais MT,FALSE,2019,364,204.9,3.11,409,3.49,773,6.6,635.66,0.895,6.548
5107859,São Félix do Araguaia,resto_mt,Demais MT,FALSE,2020,406,206.86,3.43,390,3.29,796,6.72,607.86,1.009,6.19
5107859,São Félix do Araguaia,resto_mt,Demais MT,FALSE,2021,425,202.17,3.56,374,3.13,799,6.7,562.3,1.031,5.68
5107859,São Félix do Araguaia,resto_mt,Demais MT,FALSE,2022,536,333.26,3.94,351,2.58,887,6.51,564.95,2.145,5.551
5107859,São Félix do Araguaia,resto_mt,Demais MT,FALSE,2023,653,698.89,4.79,354,2.6,1007,7.39,831.84,5.475,5.855
5107859,São Félix do Araguaia,resto_mt,Demais MT,FALSE,2024,773,721.24,5.39,377,2.63,1150,8.02,912.37,6.688,6.388
5107875,Sapezal,resto_mt,Demais MT,FALSE,2013,738,271.1,3.53,,,738,3.53,114.71,2.401,
5107875,Sapezal,resto_mt,Demais MT,FALSE,2014,882,266.44,4.04,,,882,4.04,129.37,2.822,
5107875,Sapezal,resto_mt,Demais MT,FALSE,2015,750,229.56,3.31,,,750,3.31,91.2,2.067,
5107875,Sapezal,resto_mt,Demais MT,FALSE,2016,878,196.27,3.74,,,878,3.74,88.03,2.068,
5107875,Sapezal,resto_mt,Demais MT,FALSE,2017,798,175.11,3.28,,,798,3.28,69.01,1.677,
5107875,Sapezal,resto_mt,Demais MT,FALSE,2018,672,161.09,2.68,,,672,2.68,51.83,1.299,
5107875,Sapezal,resto_mt,Demais MT,FALSE,2019,555,157.15,2.14,194,0.75,749,2.89,160.54,1.047,3.108
5107875,Sapezal,resto_mt,Demais MT,FALSE,2020,591,173.26,2.21,194,0.73,785,2.94,161.33,1.229,3.077
5107875,Sapezal,resto_mt,Demais MT,FALSE,2021,661,177.77,2.4,185,0.67,846,3.08,153.74,1.41,2.816
5107875,Sapezal,resto_mt,Demais MT,FALSE,2022,951,331.7,3.29,196,0.68,1147,3.96,237.58,3.787,3.089
5107875,Sapezal,resto_mt,Demais MT,FALSE,2023,1280,661.64,4.42,226,0.78,1506,5.2,480.34,10.162,3.741
5107875,Sapezal,resto_mt,Demais MT,FALSE,2024,1358,669.61,4.31,251,0.8,1609,5.11,481.77,10.915,4.26
5107883,Serra Nova Dourada,resto_mt,Demais MT,FALSE,2013,164,258.74,11.21,,,164,11.21,348.59,0.51,
5107883,Serra Nova Dourada,resto_mt,Demais MT,FALSE,2014,164,241.81,10.99,,,164,10.99,318.47,0.475,
5107883,Serra Nova Dourada,resto_mt,Demais MT,FALSE,2015,156,226.34,10.26,,,156,10.26,278.61,0.423,
5107883,Serra Nova Dourada,resto_mt,Demais MT,FALSE,2016,163,217.35,10.53,,,163,10.53,274.5,0.425,
5107883,Serra Nova Dourada,resto_mt,Demais MT,FALSE,2017,183,254.94,11.62,,,183,11.62,356.11,0.561,
5107883,Serra Nova Dourada,resto_mt,Demais MT,FALSE,2018,200,245.79,12.33,,,200,12.33,362.92,0.589,
5107883,Serra Nova Dourada,resto_mt,Demais MT,FALSE,2019,189,235.39,11.45,1,0.06,190,11.52,324.74,0.533,0.003
5107883,Serra Nova Dourada,resto_mt,Demais MT,FALSE,2020,174,230.44,10.37,4,0.24,178,10.61,320.83,0.481,0.057
5107883,Serra Nova Dourada,resto_mt,Demais MT,FALSE,2021,161,227.93,9.44,6,0.35,167,9.79,307.9,0.44,0.085
5107883,Serra Nova Dourada,resto_mt,Demais MT,FALSE,2022,184,329.17,10.22,7,0.39,191,10.61,463.59,0.728,0.107
5107883,Serra Nova Dourada,resto_mt,Demais MT,FALSE,2023,178,669.6,9.89,10,0.56,188,10.44,886.03,1.432,0.163
5107883,Serra Nova Dourada,resto_mt,Demais MT,FALSE,2024,185,684.3,9.73,14,0.74,199,10.47,919.1,1.518,0.229
5107909,Sinop,resto_mt,Demais MT,FALSE,2013,3326,222.73,2.69,,,3326,2.69,71.91,8.891,
5107909,Sinop,resto_mt,Demais MT,FALSE,2014,3530,217.79,2.78,,,3530,2.78,72.74,9.224,
5107909,Sinop,resto_mt,Demais MT,FALSE,2015,3230,207.1,2.49,,,3230,2.49,61.78,8.026,
5107909,Sinop,resto_mt,Demais MT,FALSE,2016,3039,205.65,2.29,,,3039,2.29,56.42,7.5,
5107909,Sinop,resto_mt,Demais MT,FALSE,2017,2706,200.25,1.99,,,2706,1.99,47.86,6.503,
5107909,Sinop,resto_mt,Demais MT,FALSE,2018,2959,194.83,2.11,,,2959,2.11,49.44,6.918,
5107909,Sinop,resto_mt,Demais MT,FALSE,2019,2946,195,2.06,2426,1.7,5372,3.76,319.85,6.893,38.844
5107909,Sinop,resto_mt,Demais MT,FALSE,2020,3131,195.61,2.14,2474,1.69,5605,3.84,319.6,7.35,39.313
5107909,Sinop,resto_mt,Demais MT,FALSE,2021,3295,200.18,2.21,2504,1.68,5799,3.89,308.56,7.915,38.048
5107909,Sinop,resto_mt,Demais MT,FALSE,2022,4666,315.22,2.38,2653,1.35,7319,3.73,303.45,17.648,41.924
5107909,Sinop,resto_mt,Demais MT,FALSE,2023,4940,659.64,2.52,2928,1.49,7868,4.01,445.66,39.103,48.385
5107909,Sinop,resto_mt,Demais MT,FALSE,2024,5217,658.32,2.41,3703,1.71,8920,4.13,481.24,41.213,62.75
5107925,Sorriso,resto_mt,Demais MT,FALSE,2013,1665,253.38,2.22,,,1665,2.22,67.4,5.062,
5107925,Sorriso,resto_mt,Demais MT,FALSE,2014,1610,263.9,2.07,,,1610,2.07,65.59,5.099,
5107925,Sorriso,resto_mt,Demais MT,FALSE,2015,1842,241.37,2.29,,,1842,2.29,66.46,5.337,
5107925,Sorriso,resto_mt,Demais MT,FALSE,2016,1864,221.17,2.25,,,1864,2.25,59.76,4.948,
5107925,Sorriso,resto_mt,Demais MT,FALSE,2017,1943,220.6,2.28,,,1943,2.28,60.35,5.143,
5107925,Sorriso,resto_mt,Demais MT,FALSE,2018,2033,224.51,2.32,,,2033,2.32,62.38,5.478,
5107925,Sorriso,resto_mt,Demais MT,FALSE,2019,1808,217.95,2,1135,1.26,2943,3.26,253.66,4.729,18.179
5107925,Sorriso,resto_mt,Demais MT,FALSE,2020,1889,208.29,2.04,1143,1.23,3032,3.27,246.75,4.721,18.17
5107925,Sorriso,resto_mt,Demais MT,FALSE,2021,2245,209.08,2.36,1130,1.19,3375,3.55,240.17,5.632,17.171
5107925,Sorriso,resto_mt,Demais MT,FALSE,2022,3030,338.05,2.74,1125,1.02,4155,3.76,271.78,12.29,17.778
5107925,Sorriso,resto_mt,Demais MT,FALSE,2023,4027,686.48,3.64,1202,1.09,5229,4.73,479.32,33.176,19.854
5107925,Sorriso,resto_mt,Demais MT,FALSE,2024,4680,690.76,3.87,1368,1.13,6048,5,512.24,38.791,23.183
5107941,Tabaporã,resto_mt,Demais MT,FALSE,2013,538,210.92,5.56,,,538,5.56,140.81,1.363,
5107941,Tabaporã,resto_mt,Demais MT,FALSE,2014,456,216.74,4.76,,,456,4.76,123.84,1.187,
5107941,Tabaporã,resto_mt,Demais MT,FALSE,2015,466,224.68,4.91,,,466,4.91,132.38,1.256,
5107941,Tabaporã,resto_mt,Demais MT,FALSE,2016,434,216.86,4.62,,,434,4.62,120.06,1.128,
5107941,Tabaporã,resto_mt,Demais MT,FALSE,2017,376,218.33,4.04,,,376,4.04,105.75,0.984,
5107941,Tabaporã,resto_mt,Demais MT,FALSE,2018,348,198.01,3.64,,,348,3.64,86.49,0.827,
5107941,Tabaporã,resto_mt,Demais MT,FALSE,2019,325,190.99,3.43,116,1.22,441,4.65,273.42,0.745,1.849
5107941,Tabaporã,resto_mt,Demais MT,FALSE,2020,350,178.75,3.71,114,1.21,464,4.92,271.58,0.752,1.809
5107941,Tabaporã,resto_mt,Demais MT,FALSE,2021,383,177.57,4.09,112,1.2,495,5.29,269.21,0.816,1.703
5107941,Tabaporã,resto_mt,Demais MT,FALSE,2022,464,316.4,4.73,112,1.14,576,5.87,360.15,1.761,1.775
5107941,Tabaporã,resto_mt,Demais MT,FALSE,2023,464,650.4,4.73,124,1.26,588,5.99,577.32,3.623,2.045
5107941,Tabaporã,resto_mt,Demais MT,FALSE,2024,473,663.71,4.77,143,1.44,616,6.22,625.62,3.769,2.43
5107958,Tangará da Serra,resto_mt,Demais MT,FALSE,2013,2317,245.85,2.57,,,2317,2.57,75.74,6.836,
5107958,Tangará da Serra,resto_mt,Demais MT,FALSE,2014,2080,244.05,2.25,,,2080,2.25,65.99,6.091,
5107958,Tangará da Serra,resto_mt,Demais MT,FALSE,2015,2238,221.93,2.37,,,2238,2.37,63.21,5.96,
5107958,Tangará da Serra,resto_mt,Demais MT,FALSE,2016,2212,207.08,2.28,,,2212,2.28,56.7,5.496,
5107958,Tangará da Serra,resto_mt,Demais MT,FALSE,2017,2046,210.76,2.07,,,2046,2.07,52.37,5.176,
5107958,Tangará da Serra,resto_mt,Demais MT,FALSE,2018,1949,214.16,1.92,,,1949,1.92,49.21,5.008,
5107958,Tangará da Serra,resto_mt,Demais MT,FALSE,2019,1639,218.6,1.58,2365,2.28,4004,3.86,406.45,4.299,37.87
5107958,Tangará da Serra,resto_mt,Demais MT,FALSE,2020,1962,206.14,1.86,2333,2.21,4295,4.06,396.68,4.853,37.08
5107958,Tangará da Serra,resto_mt,Demais MT,FALSE,2021,2409,208.03,2.24,2255,2.1,4664,4.33,374.16,6.015,34.256
5107958,Tangará da Serra,resto_mt,Demais MT,FALSE,2022,3746,330.4,3.52,2315,2.18,6061,5.69,483.3,14.85,36.589
5107958,Tangará da Serra,resto_mt,Demais MT,FALSE,2023,4994,668.95,4.69,2498,2.35,7492,7.04,764.37,40.086,41.268
5107958,Tangará da Serra,resto_mt,Demais MT,FALSE,2024,5460,671.1,4.85,3413,3.03,8873,7.88,904.52,43.968,57.834
5108006,Tapurah,resto_mt,Demais MT,FALSE,2013,638,274.53,5.51,,,638,5.51,181.46,2.102,
5108006,Tapurah,resto_mt,Demais MT,FALSE,2014,664,275.07,5.56,,,664,5.56,183.5,2.193,
5108006,Tapurah,resto_mt,Demais MT,FALSE,2015,553,257.55,4.49,,,553,4.49,139,1.71,
5108006,Tapurah,resto_mt,Demais MT,FALSE,2016,605,248.57,4.79,,,605,4.79,142.88,1.805,
5108006,Tapurah,resto_mt,Demais MT,FALSE,2017,572,250.52,4.41,,,572,4.41,132.57,1.719,
5108006,Tapurah,resto_mt,Demais MT,FALSE,2018,576,227.16,4.31,,,576,4.31,117.58,1.571,
5108006,Tapurah,resto_mt,Demais MT,FALSE,2019,469,193.24,3.42,183,1.34,652,4.76,293.16,1.088,2.93
5108006,Tapurah,resto_mt,Demais MT,FALSE,2020,413,185.04,2.94,174,1.24,587,4.18,262.38,0.916,2.769
5108006,Tapurah,resto_mt,Demais MT,FALSE,2021,382,173.71,2.66,181,1.26,563,3.92,246.41,0.796,2.747
5108006,Tapurah,resto_mt,Demais MT,FALSE,2022,405,309.15,2.82,191,1.33,596,4.15,314.48,1.502,3.017
5108006,Tapurah,resto_mt,Demais MT,FALSE,2023,462,647.53,3.22,201,1.4,663,4.61,481.02,3.587,3.325
5108006,Tapurah,resto_mt,Demais MT,FALSE,2024,488,678.04,3.2,207,1.36,695,4.55,489.97,3.974,3.509
5108055,Terra Nova do Norte,resto_mt,Demais MT,FALSE,2013,839,283.86,7.9,,,839,7.9,269.18,2.859,
5108055,Terra Nova do Norte,resto_mt,Demais MT,FALSE,2014,1008,301.45,9.7,,,1008,9.7,351,3.647,
5108055,Terra Nova do Norte,resto_mt,Demais MT,FALSE,2015,986,272.08,9.7,,,986,9.7,316.77,3.221,
5108055,Terra Nova do Norte,resto_mt,Demais MT,FALSE,2016,977,231.23,9.95,,,977,9.95,276.09,2.71,
5108055,Terra Nova do Norte,resto_mt,Demais MT,FALSE,2017,731,226.99,7.61,,,731,7.61,207.28,1.991,
5108055,Terra Nova do Norte,resto_mt,Demais MT,FALSE,2018,614,216.07,6.23,,,614,6.23,161.37,1.591,
5108055,Terra Nova do Norte,resto_mt,Demais MT,FALSE,2019,479,201.97,4.96,172,1.78,651,6.73,405.44,1.161,2.758
5108055,Terra Nova do Norte,resto_mt,Demais MT,FALSE,2020,474,203.11,5,180,1.9,654,6.9,423.89,1.155,2.861
5108055,Terra Nova do Norte,resto_mt,Demais MT,FALSE,2021,527,205.69,5.68,195,2.1,722,7.78,458.61,1.3,2.958
5108055,Terra Nova do Norte,resto_mt,Demais MT,FALSE,2022,626,325.85,5.9,204,1.92,830,7.82,534.51,2.449,3.225
5108055,Terra Nova do Norte,resto_mt,Demais MT,FALSE,2023,628,663.19,5.92,226,2.13,854,8.04,823.05,4.999,3.738
5108055,Terra Nova do Norte,resto_mt,Demais MT,FALSE,2024,641,677.1,6.02,249,2.34,890,8.36,885.49,5.208,4.215
5108105,Tesouro,resto_mt,Demais MT,FALSE,2013,316,222.87,9.08,,,316,9.08,242.65,0.845,
5108105,Tesouro,resto_mt,Demais MT,FALSE,2014,330,222.36,9.43,,,330,9.43,251.66,0.88,
5108105,Tesouro,resto_mt,Demais MT,FALSE,2015,330,209.26,9.39,,,330,9.39,235.59,0.828,
5108105,Tesouro,resto_mt,Demais MT,FALSE,2016,304,200.7,8.29,,,304,8.29,199.5,0.731,
5108105,Tesouro,resto_mt,Demais MT,FALSE,2017,291,202.96,7.9,,,291,7.9,192.49,0.709,
5108105,Tesouro,resto_mt,Demais MT,FALSE,2018,255,201.05,6.74,,,255,6.74,162.39,0.615,
5108105,Tesouro,resto_mt,Demais MT,FALSE,2019,211,191.12,5.55,97,2.55,308,8.09,534.28,0.484,1.549
5108105,Tesouro,resto_mt,Demais MT,FALSE,2020,198,187.64,5.18,97,2.54,295,7.71,520.95,0.445,1.547
5108105,Tesouro,resto_mt,Demais MT,FALSE,2021,189,185.56,5.03,100,2.66,289,7.68,513.79,0.421,1.512
5108105,Tesouro,resto_mt,Demais MT,FALSE,2022,282,312.85,9.32,103,3.4,385,12.73,886.2,1.058,1.622
5108105,Tesouro,resto_mt,Demais MT,FALSE,2023,316,676.89,10.45,109,3.6,425,14.05,1446.07,2.569,1.805
5108105,Tesouro,resto_mt,Demais MT,FALSE,2024,332,715.49,11.15,93,3.12,425,14.28,1486.37,2.851,1.574
5108204,Torixoréu,resto_mt,Demais MT,FALSE,2013,302,206.01,7.83,,,302,7.83,193.46,0.747,
5108204,Torixoréu,resto_mt,Demais MT,FALSE,2014,273,206.25,7.21,,,273,7.21,178.57,0.676,
5108204,Torixoréu,resto_mt,Demais MT,FALSE,2015,260,193.05,7,,,260,7,162.53,0.603,
5108204,Torixoréu,resto_mt,Demais MT,FALSE,2016,224,185.13,6.15,,,224,6.15,136.36,0.497,
5108204,Torixoréu,resto_mt,Demais MT,FALSE,2017,212,195.13,5.93,,,212,5.93,138.49,0.495,
5108204,Torixoréu,resto_mt,Demais MT,FALSE,2018,208,203.13,5.66,,,208,5.66,137.85,0.506,
5108204,Torixoréu,resto_mt,Demais MT,FALSE,2019,195,204.61,5.4,247,6.84,442,12.25,1226.92,0.478,3.95
5108204,Torixoréu,resto_mt,Demais MT,FALSE,2020,212,205.23,5.98,238,6.71,450,12.69,1214.19,0.522,3.785
5108204,Torixoréu,resto_mt,Demais MT,FALSE,2021,214,211.37,6.14,236,6.77,450,12.91,1182.31,0.542,3.581
5108204,Torixoréu,resto_mt,Demais MT,FALSE,2022,302,329.07,7.25,244,5.86,546,13.11,1212.15,1.193,3.855
5108204,Torixoréu,resto_mt,Demais MT,FALSE,2023,328,636.96,7.88,269,6.46,597,14.34,1670.59,2.505,4.451
5108204,Torixoréu,resto_mt,Demais MT,FALSE,2024,343,656.11,8.11,269,6.36,612,14.47,1715.44,2.703,4.554
5108303,União do Sul,resto_mt,Demais MT,FALSE,2013,311,265.71,8.55,,,311,8.55,272.21,0.991,
5108303,União do Sul,resto_mt,Demais MT,FALSE,2014,323,264.51,8.99,,,323,8.99,285.41,1.026,
5108303,União do Sul,resto_mt,Demais MT,FALSE,2015,316,255.45,8.9,,,316,8.9,272.35,0.967,
5108303,União do Sul,resto_mt,Demais MT,FALSE,2016,334,266.08,9.52,,,334,9.52,303.76,1.066,
5108303,União do Sul,resto_mt,Demais MT,FALSE,2017,299,295.53,8.62,,,299,8.62,305.5,1.059,
5108303,União do Sul,resto_mt,Demais MT,FALSE,2018,300,304.88,8.42,,,300,8.42,308.38,1.098,
5108303,União do Sul,resto_mt,Demais MT,FALSE,2019,347,325.27,9.84,68,1.93,415,11.77,691.99,1.353,1.086
5108303,União do Sul,resto_mt,Demais MT,FALSE,2020,364,326.2,10.43,72,2.06,436,12.49,733.67,1.424,1.136
5108303,União do Sul,resto_mt,Demais MT,FALSE,2021,366,338.05,10.59,73,2.11,439,12.71,748.42,1.483,1.103
5108303,União do Sul,resto_mt,Demais MT,FALSE,2022,477,371.13,12.43,77,2.01,554,14.43,870.35,2.124,1.217
5108303,União do Sul,resto_mt,Demais MT,FALSE,2023,465,690.76,12.12,83,2.16,548,14.28,1360.15,3.856,1.364
5108303,União do Sul,resto_mt,Demais MT,FALSE,2024,451,704.6,11.57,82,2.1,533,13.68,1334.15,3.813,1.387
5108352,Vale de São Domingos,resto_mt,Demais MT,FALSE,2013,283,249.86,9.28,,,283,9.28,278.04,0.848,
5108352,Vale de São Domingos,resto_mt,Demais MT,FALSE,2014,265,233.46,8.7,,,265,8.7,243.66,0.742,
5108352,Vale de São Domingos,resto_mt,Demais MT,FALSE,2015,234,226.25,7.7,,,234,7.7,208.98,0.635,
5108352,Vale de São Domingos,resto_mt,Demais MT,FALSE,2016,244,243.02,8.01,,,244,8.01,233.52,0.712,
5108352,Vale de São Domingos,resto_mt,Demais MT,FALSE,2017,213,269.5,7,,,213,7,226.69,0.689,
5108352,Vale de São Domingos,resto_mt,Demais MT,FALSE,2018,196,271.72,6.27,,,196,6.27,204.31,0.639,
5108352,Vale de São Domingos,resto_mt,Demais MT,FALSE,2019,186,262.67,5.95,12,0.38,198,6.33,247.99,0.587,0.188
5108352,Vale de São Domingos,resto_mt,Demais MT,FALSE,2020,195,252.75,6.24,14,0.45,209,6.69,261.97,0.592,0.226
5108352,Vale de São Domingos,resto_mt,Demais MT,FALSE,2021,226,254.38,7.23,14,0.45,240,7.68,291.02,0.689,0.22
5108352,Vale de São Domingos,resto_mt,Demais MT,FALSE,2022,268,342.04,9.23,19,0.65,287,9.88,484.33,1.1,0.307
5108352,Vale de São Domingos,resto_mt,Demais MT,FALSE,2023,282,665.59,9.71,27,0.93,309,10.64,926.95,2.248,0.443
5108352,Vale de São Domingos,resto_mt,Demais MT,FALSE,2024,272,691.28,9.36,33,1.14,305,10.49,968.06,2.254,0.561
5108402,Várzea Grande,polo_metropolitano,Polo Metropolitano,FALSE,2013,16190,267.46,6.16,,,16190,6.16,197.66,51.961,
5108402,Várzea Grande,polo_metropolitano,Polo Metropolitano,FALSE,2014,17517,269.94,6.59,,,17517,6.59,213.5,56.742,
5108402,Várzea Grande,polo_metropolitano,Polo Metropolitano,FALSE,2015,17125,248.85,6.38,,,17125,6.38,190.39,51.138,
5108402,Várzea Grande,polo_metropolitano,Polo Metropolitano,FALSE,2016,17714,226.79,6.53,,,17714,6.53,177.67,48.209,
5108402,Várzea Grande,polo_metropolitano,Polo Metropolitano,FALSE,2017,16817,228.23,6.14,,,16817,6.14,168.09,46.059,
5108402,Várzea Grande,polo_metropolitano,Polo Metropolitano,FALSE,2018,17646,223.05,6.26,,,17646,6.26,167.49,47.233,
5108402,Várzea Grande,polo_metropolitano,Polo Metropolitano,FALSE,2019,18186,218.93,6.38,9086,3.19,27272,9.57,678.22,47.777,145.495
5108402,Várzea Grande,polo_metropolitano,Polo Metropolitano,FALSE,2020,17785,211.31,6.19,9099,3.16,26884,9.35,659.8,45.099,144.611
5108402,Várzea Grande,polo_metropolitano,Polo Metropolitano,FALSE,2021,17765,216.95,6.12,9043,3.11,26808,9.23,632.42,46.249,137.396
5108402,Várzea Grande,polo_metropolitano,Polo Metropolitano,FALSE,2022,27506,322.27,9.17,9327,3.11,36833,12.27,845.66,106.374,147.39
5108402,Várzea Grande,polo_metropolitano,Polo Metropolitano,FALSE,2023,30494,651.19,10.16,10296,3.43,40790,13.59,1361.04,238.292,170.126
5108402,Várzea Grande,polo_metropolitano,Polo Metropolitano,FALSE,2024,27937,688.4,8.88,11737,3.73,39674,12.61,1365.63,230.779,198.884
5108501,Vera,resto_mt,Demais MT,FALSE,2013,417,188.56,3.95,,,417,3.95,89.36,0.944,
5108501,Vera,resto_mt,Demais MT,FALSE,2014,378,203.09,3.55,,,378,3.55,86.48,0.921,
5108501,Vera,resto_mt,Demais MT,FALSE,2015,376,197.87,3.5,,,376,3.5,83.2,0.893,
5108501,Vera,resto_mt,Demais MT,FALSE,2016,364,195.46,3.36,,,364,3.36,78.94,0.854,
5108501,Vera,resto_mt,Demais MT,FALSE,2017,393,198.09,3.61,,,393,3.61,85.66,0.934,
5108501,Vera,resto_mt,Demais MT,FALSE,2018,389,184.57,3.47,,,389,3.47,76.77,0.861,
5108501,Vera,resto_mt,Demais MT,FALSE,2019,330,179.29,2.92,208,1.84,538,4.76,357.67,0.709,3.336
5108501,Vera,resto_mt,Demais MT,FALSE,2020,359,182.49,3.15,217,1.9,576,5.05,371.96,0.787,3.454
5108501,Vera,resto_mt,Demais MT,FALSE,2021,399,179.35,3.4,216,1.84,615,5.24,353.02,0.858,3.283
5108501,Vera,resto_mt,Demais MT,FALSE,2022,499,300.71,3.9,207,1.62,706,5.52,396.67,1.801,3.276
5108501,Vera,resto_mt,Demais MT,FALSE,2023,411,627.48,3.21,220,1.72,631,4.93,525.27,3.092,3.632
5108501,Vera,resto_mt,Demais MT,FALSE,2024,435,655.49,3.25,218,1.63,653,4.88,531.03,3.42,3.69
5108600,Vila Rica,resto_mt,Demais MT,FALSE,2013,1239,230.63,5.39,,,1239,5.39,149.16,3.429,
5108600,Vila Rica,resto_mt,Demais MT,FALSE,2014,1186,232.43,5.05,,,1186,5.05,141,3.309,
5108600,Vila Rica,resto_mt,Demais MT,FALSE,2015,1151,211.19,4.81,,,1151,4.81,121.82,2.916,
5108600,Vila Rica,resto_mt,Demais MT,FALSE,2016,1055,194.6,4.33,,,1055,4.33,101,2.464,
5108600,Vila Rica,resto_mt,Demais MT,FALSE,2017,772,170.56,3.11,,,772,3.11,63.58,1.579,
5108600,Vila Rica,resto_mt,Demais MT,FALSE,2018,639,170.02,2.5,,,639,2.5,50.97,1.303,
5108600,Vila Rica,resto_mt,Demais MT,FALSE,2019,509,173.28,1.95,387,1.49,896,3.44,278.85,1.058,6.202
5108600,Vila Rica,resto_mt,Demais MT,FALSE,2020,499,179.32,1.88,377,1.42,876,3.31,266.73,1.075,5.993
5108600,Vila Rica,resto_mt,Demais MT,FALSE,2021,540,179.52,2,383,1.42,923,3.43,259.14,1.164,5.819
5108600,Vila Rica,resto_mt,Demais MT,FALSE,2022,849,321.06,4.27,410,2.06,1259,6.33,490.26,3.273,6.478
5108600,Vila Rica,resto_mt,Demais MT,FALSE,2023,1111,704.93,5.59,442,2.22,1553,7.81,840.16,9.397,7.312
5108600,Vila Rica,resto_mt,Demais MT,FALSE,2024,1322,733.12,6.67,490,2.47,1812,9.14,1005.67,11.632,8.307
5108808,Nova Guarita,resto_mt,Demais MT,FALSE,2013,344,242.34,7.27,,,344,7.27,211.25,0.999,
5108808,Nova Guarita,resto_mt,Demais MT,FALSE,2014,341,251.13,7.32,,,341,7.32,220.36,1.027,
5108808,Nova Guarita,resto_mt,Demais MT,FALSE,2015,335,234.68,7.3,,,335,7.3,205.74,0.944,
5108808,Nova Guarita,resto_mt,Demais MT,FALSE,2016,304,218.51,6.72,,,304,6.72,176.48,0.798,
5108808,Nova Guarita,resto_mt,Demais MT,FALSE,2017,266,212.74,5.97,,,266,5.97,152.31,0.679,
5108808,Nova Guarita,resto_mt,Demais MT,FALSE,2018,286,201.56,6.25,,,286,6.25,150.89,0.691,
5108808,Nova Guarita,resto_mt,Demais MT,FALSE,2019,256,196.6,5.66,65,1.44,321,7.1,362.87,0.604,1.035
5108808,Nova Guarita,resto_mt,Demais MT,FALSE,2020,261,182.77,5.85,67,1.5,328,7.35,367.87,0.572,1.07
5108808,Nova Guarita,resto_mt,Demais MT,FALSE,2021,285,179.36,6.47,71,1.61,356,8.08,382.73,0.613,1.074
5108808,Nova Guarita,resto_mt,Demais MT,FALSE,2022,279,302.04,6.08,72,1.57,351,7.65,469.09,1.013,1.14
5108808,Nova Guarita,resto_mt,Demais MT,FALSE,2023,269,680.32,5.86,82,1.79,351,7.65,773.46,2.194,1.356
5108808,Nova Guarita,resto_mt,Demais MT,FALSE,2024,266,670.48,5.81,89,1.94,355,7.75,796.25,2.141,1.505
5108857,Nova Marilândia,resto_mt,Demais MT,FALSE,2013,211,277.02,6.91,,,211,6.91,229.91,0.702,
5108857,Nova Marilândia,resto_mt,Demais MT,FALSE,2014,211,283.93,6.85,,,211,6.85,232.95,0.717,
5108857,Nova Marilândia,resto_mt,Demais MT,FALSE,2015,201,257.02,6.47,,,201,6.47,199.52,0.62,
5108857,Nova Marilândia,resto_mt,Demais MT,FALSE,2016,212,247.42,6.77,,,212,6.77,200.43,0.628,
5108857,Nova Marilândia,resto_mt,Demais MT,FALSE,2017,194,250.28,6.14,,,194,6.14,184.13,0.582,
5108857,Nova Marilândia,resto_mt,Demais MT,FALSE,2018,160,238.25,4.92,,,160,4.92,140.8,0.457,
5108857,Nova Marilândia,resto_mt,Demais MT,FALSE,2019,147,228.18,4.48,71,2.17,218,6.65,470.69,0.402,1.141
5108857,Nova Marilândia,resto_mt,Demais MT,FALSE,2020,144,220.01,4.36,71,2.15,215,6.51,458.44,0.38,1.135
5108857,Nova Marilândia,resto_mt,Demais MT,FALSE,2021,173,214.56,5.19,66,1.98,239,7.17,435.82,0.444,1.008
5108857,Nova Marilândia,resto_mt,Demais MT,FALSE,2022,166,313.88,4.7,70,1.98,236,6.69,491.75,0.625,1.11
5108857,Nova Marilândia,resto_mt,Demais MT,FALSE,2023,182,673.37,5.16,73,2.07,255,7.23,760.43,1.472,1.212
5108857,Nova Marilândia,resto_mt,Demais MT,FALSE,2024,200,694.98,5.44,77,2.09,277,7.53,807.85,1.668,1.303
5108907,Nova Maringá,resto_mt,Demais MT,FALSE,2013,289,254.95,3.95,,,289,3.95,120.77,0.884,
5108907,Nova Maringá,resto_mt,Demais MT,FALSE,2014,284,251.71,3.76,,,284,3.76,113.85,0.859,
5108907,Nova Maringá,resto_mt,Demais MT,FALSE,2015,307,249.28,3.95,,,307,3.95,118.25,0.918,
5108907,Nova Maringá,resto_mt,Demais MT,FALSE,2016,366,276.81,4.59,,,366,4.59,152.62,1.217,
5108907,Nova Maringá,resto_mt,Demais MT,FALSE,2017,346,296.58,4.23,,,346,4.23,150.32,1.23,
5108907,Nova Maringá,resto_mt,Demais MT,FALSE,2018,301,263.68,3.57,,,301,3.57,112.88,0.951,
5108907,Nova Maringá,resto_mt,Demais MT,FALSE,2019,244,245.86,2.82,69,0.8,313,3.62,210.93,0.719,1.103
5108907,Nova Maringá,resto_mt,Demais MT,FALSE,2020,233,227.32,2.63,66,0.75,299,3.38,189.89,0.636,1.045
5108907,Nova Maringá,resto_mt,Demais MT,FALSE,2021,262,224.31,2.89,61,0.67,323,3.57,180.82,0.706,0.932
5108907,Nova Maringá,resto_mt,Demais MT,FALSE,2022,336,320.59,5.75,71,1.21,407,6.96,413.2,1.292,1.123
5108907,Nova Maringá,resto_mt,Demais MT,FALSE,2023,289,701.93,4.94,81,1.39,370,6.33,643.79,2.432,1.331
5108907,Nova Maringá,resto_mt,Demais MT,FALSE,2024,287,731.36,4.97,90,1.56,377,6.53,698.25,2.516,1.517
5108956,Nova Monte Verde,resto_mt,Demais MT,FALSE,2013,543,250,6.43,,,543,6.43,192.77,1.628,
5108956,Nova Monte Verde,resto_mt,Demais MT,FALSE,2014,557,261.2,6.52,,,557,6.52,204.42,1.746,
5108956,Nova Monte Verde,resto_mt,Demais MT,FALSE,2015,517,242.17,5.98,,,517,5.98,173.95,1.503,
5108956,Nova Monte Verde,resto_mt,Demais MT,FALSE,2016,468,233.72,5.36,,,468,5.36,150.27,1.312,
5108956,Nova Monte Verde,resto_mt,Demais MT,FALSE,2017,429,235.14,4.86,,,429,4.86,137.32,1.211,
5108956,Nova Monte Verde,resto_mt,Demais MT,FALSE,2018,433,216.14,4.77,,,433,4.77,123.81,1.124,
5108956,Nova Monte Verde,resto_mt,Demais MT,FALSE,2019,417,217.39,4.54,186,2.03,603,6.57,443.8,1.088,2.985
5108956,Nova Monte Verde,resto_mt,Demais MT,FALSE,2020,416,219.77,4.48,176,1.9,592,6.38,419.54,1.096,2.796
5108956,Nova Monte Verde,resto_mt,Demais MT,FALSE,2021,466,218.59,4.97,168,1.79,634,6.76,403.32,1.224,2.557
5108956,Nova Monte Verde,resto_mt,Demais MT,FALSE,2022,606,340.95,7.29,171,2.06,777,9.35,623.7,2.477,2.707
5108956,Nova Monte Verde,resto_mt,Demais MT,FALSE,2023,751,658.44,9.03,193,2.32,944,11.36,1097.03,5.931,3.189
5108956,Nova Monte Verde,resto_mt,Demais MT,FALSE,2024,799,668.22,9.45,217,2.57,1016,12.02,1193.6,6.41,3.677
