id_municipio,municipio,grupo,subgrupo,pantanal_norte,ano,ideb_finais,ideb_iniciais,ideb_todos_1_4_,taxa_aprovacao_finais,taxa_aprovacao_iniciais,taxa_aprovacao_todos_1_4_,nota_saeb_matematica_finais,nota_saeb_matematica_iniciais,nota_saeb_matematica_todos_1_4_,nota_saeb_lingua_portuguesa_finais,nota_saeb_lingua_portuguesa_iniciais,nota_saeb_lingua_portuguesa_todos_1_4_,media_lp_5ano,media_lp_9ano,media_mt_5ano,media_mt_9ano,media_lp_12ano,media_mt_12ano,media_lp_4ano,media_mt_4ano,media_lp_14ano,media_mt_14ano,perc_nivel_adequado_lp_5ano,perc_nivel_adequado_lp_9ano,perc_nivel_adequado_mt_5ano,perc_nivel_adequado_mt_9ano,perc_nivel_adequado_lp_12ano,perc_nivel_adequado_mt_12ano,perc_nivel_adequado_lp_4ano,perc_nivel_adequado_mt_4ano,perc_nivel_adequado_lp_14ano,perc_nivel_adequado_mt_14ano
5100102,Acorizal,resto_mt,Demais MT,FALSE,2005,3.3,4.1,,87.1,80.5,,223.1,191.39,,203.1,187,,,,,,,,,,,,,,,,,,,,,
5100201,Água Boa,resto_mt,Demais MT,FALSE,2005,3.8,4.2,,78.9,90.5,,257.5,183.6,,235.69,176,,,,,,,,,,,,,,,,,,,,,
5100250,Alta Floresta,resto_mt,Demais MT,FALSE,2005,2.7,4,,62.3,86.2,,239.39,182,,224.39,174,,,,,,,,,,,,,,,,,,,,,
5100300,Alto Araguaia,resto_mt,Demais MT,FALSE,2005,2,2.9,,44.8,61.7,,239.1,181.6,,229.3,174.6,,,,,,,,,,,,,,,,,,,,,
5100359,Alto Boa Vista,resto_mt,Demais MT,FALSE,2005,2.2,2.9,,76.8,85.9,,192.6,146.19,,176.39,141.39,,,,,,,,,,,,,,,,,,,,,
5100409,Alto Garças,resto_mt,Demais MT,FALSE,2005,3.1,3.7,,71.2,77.1,,237.19,189,,227.3,179.6,,,,,,,,,,,,,,,,,,,,,
5100508,Alto Paraguai,resto_mt,Demais MT,FALSE,2005,3.8,4.1,,88.9,91.3,,232.8,180.19,,222.69,173.8,,,,,,,,,,,,,,,,,,,,,
5100607,Alto Taquari,resto_mt,Demais MT,FALSE,2005,2.8,3.7,,58.9,75.6,,253.6,193.8,,233.39,176,,,,,,,,,,,,,,,,,,,,,
5100805,Apiacás,resto_mt,Demais MT,FALSE,2005,3,4.1,,68,89.5,,239.39,190,,219.89,165.39,,,,,,,,,,,,,,,,,,,,,
5101001,Araguaiana,resto_mt,Demais MT,FALSE,2005,3.2,4.5,,75.4,88.2,,238.1,198.8,,222.1,185.8,,,,,,,,,,,,,,,,,,,,,
5101209,Araguainha,resto_mt,Demais MT,FALSE,2005,,,,,,,,,,,,,,,,,,,,,,,,,,,,,,,,
5101258,Araputanga,resto_mt,Demais MT,FALSE,2005,3.4,4,,81.1,91.7,,235.1,175.39,,220.8,169.39,,,,,,,,,,,,,,,,,,,,,
5101308,Arenápolis,resto_mt,Demais MT,FALSE,2005,4,3.9,,88.7,89.1,,244.6,182.19,,223.8,166.8,,,,,,,,,,,,,,,,,,,,,
5101407,Aripuanã,resto_mt,Demais MT,FALSE,2005,3.2,3.9,,74.6,87.4,,234,180,,223.1,170.19,,,,,,,,,,,,,,,,,,,,,
5101605,Barão de Melgaço,pantanal_norte,Pantanal-13,TRUE,2005,3.3,3.3,,87.5,84.5,,221.6,165.39,,203.69,152.8,,,,,,,,,,,,,,,,,,,,,
5101704,Barra do Bugres,resto_mt,Demais MT,FALSE,2005,3.1,3.4,,78.6,84.5,,226.3,167.19,,210.8,156.39,,,,,,,,,,,,,,,,,,,,,
5101803,Barra do Garças,resto_mt,Demais MT,FALSE,2005,3.6,3.7,,79.5,81.3,,243.69,178.19,,227.69,173.39,,,,,,,,,,,,,,,,,,,,,
5101852,Bom Jesus do Araguaia,resto_mt,Demais MT,FALSE,2005,2.6,2.5,,61.2,67.7,,226.39,159.6,,236.39,145.8,,,,,,,,,,,,,,,,,,,,,
5101902,Brasnorte,resto_mt,Demais MT,FALSE,2005,3.4,3.5,,74,83.2,,245.69,167.8,,232.39,157.19,,,,,,,,,,,,,,,,,,,,,
5102504,Cáceres,pantanal_norte,Pantanal-13,TRUE,2005,3.1,3.7,,73.3,82.9,,235.1,176,,222.3,170.6,,,,,,,,,,,,,,,,,,,,,
5102603,Campinápolis,resto_mt,Demais MT,FALSE,2005,2.5,2.2,,61.7,57.4,,229.1,162.8,,215.1,151.6,,,,,,,,,,,,,,,,,,,,,
5102637,Campo Novo do Parecis,resto_mt,Demais MT,FALSE,2005,3,3.5,,67.7,79.1,,240.8,176.8,,221.89,169,,,,,,,,,,,,,,,,,,,,,
5102678,Campo Verde,resto_mt,Demais MT,FALSE,2005,3.3,4.3,,72.2,89.3,,245.6,190.39,,227.19,176.8,,,,,,,,,,,,,,,,,,,,,
5102686,Campos de Júlio,resto_mt,Demais MT,FALSE,2005,4,3.8,,76.9,80.8,,271.7,187.8,,237.6,176.39,,,,,,,,,,,,,,,,,,,,,
5102694,Canabrava do Norte,resto_mt,Demais MT,FALSE,2005,2.8,3.1,,63.2,77.2,,243.89,170.39,,224.19,154.39,,,,,,,,,,,,,,,,,,,,,
5102702,Canarana,resto_mt,Demais MT,FALSE,2005,3.2,3.3,,71.8,78,,245,170.19,,225.89,165.6,,,,,,,,,,,,,,,,,,,,,
5102793,Carlinda,resto_mt,Demais MT,FALSE,2005,3,3.6,,73.6,83,,234,178.8,,208.8,161.39,,,,,,,,,,,,,,,,,,,,,
5102850,Castanheira,resto_mt,Demais MT,FALSE,2005,3.7,4,,88.4,95.2,,233.19,176.39,,220.19,159.19,,,,,,,,,,,,,,,,,,,,,
5103007,Chapada dos Guimarães,resto_mt,Demais MT,FALSE,2005,3,3.2,,73.2,72.6,,233.8,177.8,,215.19,168.8,,,,,,,,,,,,,,,,,,,,,
5103056,Cláudia,resto_mt,Demais MT,FALSE,2005,3.2,3.8,,67.5,78.3,,256.2,183.8,,233.8,176.8,,,,,,,,,,,,,,,,,,,,,
5103106,Cocalinho,resto_mt,Demais MT,FALSE,2005,3.2,3.6,,77.9,73.9,,236.89,190.8,,212,172.8,,,,,,,,,,,,,,,,,,,,,
5103205,Colíder,resto_mt,Demais MT,FALSE,2005,3.8,3.6,,81.4,82.8,,247.69,178.6,,231.19,168.19,,,,,,,,,,,,,,,,,,,,,
5103254,Colniza,resto_mt,Demais MT,FALSE,2005,2.8,3.1,,69.1,73.4,,230.19,169.8,,214.6,162.6,,,,,,,,,,,,,,,,,,,,,
5103304,Comodoro,resto_mt,Demais MT,FALSE,2005,3.1,3.9,,73.1,85.2,,234.89,183.8,,218.19,170,,,,,,,,,,,,,,,,,,,,,
5103353,Confresa,resto_mt,Demais MT,FALSE,2005,3.7,3.5,,72.8,72.7,,257.7,180.39,,243.19,175,,,,,,,,,,,,,,,,,,,,,
5103361,Conquista D'Oeste,resto_mt,Demais MT,FALSE,2005,4,,,90.7,,,241.39,,,220,,,,,,,,,,,,,,,,,,,,,,
5103379,Cotriguaçu,resto_mt,Demais MT,FALSE,2005,3.2,3.7,,72.3,78.9,,244.69,183.6,,223.3,173.8,,,,,,,,,,,,,,,,,,,,,
5103403,Cuiabá,polo_metropolitano,Polo Metropolitano,FALSE,2005,2.9,3.6,,68.4,84,,233.8,171.19,,219.1,165.19,,,,,,,,,,,,,,,,,,,,,
5103437,Curvelândia,pantanal_norte,Pantanal-13,TRUE,2005,2.9,4.4,,77.2,93.1,,221.69,187.8,,207.5,175.6,,,,,,,,,,,,,,,,,,,,,
5103452,Denise,resto_mt,Demais MT,FALSE,2005,2.8,3.1,,63.9,76.6,,235.6,165.8,,228.69,154.6,,,,,,,,,,,,,,,,,,,,,
5103502,Diamantino,resto_mt,Demais MT,FALSE,2005,3.6,4.1,,80.4,90.6,,240.89,180,,229.1,174,,,,,,,,,,,,,,,,,,,,,
5103601,Dom Aquino,resto_mt,Demais MT,FALSE,2005,3.7,3.8,,80.1,78.5,,246.6,180,,234.1,178.8,,,,,,,,,,,,,,,,,,,,,
5103700,Feliz Natal,resto_mt,Demais MT,FALSE,2005,3,3.7,,67.5,80.1,,239.39,180.19,,222.8,164.6,,,,,,,,,,,,,,,,,,,,,
5103809,Figueirópolis D'Oeste,resto_mt,Demais MT,FALSE,2005,2.2,3.3,,62.2,87.2,,216,161.8,,200,152.39,,,,,,,,,,,,,,,,,,,,,
5103858,Gaúcha do Norte,resto_mt,Demais MT,FALSE,2005,4,3.5,,89.3,91.5,,245.3,161.6,,221.89,160,,,,,,,,,,,,,,,,,,,,,
5103908,General Carneiro,resto_mt,Demais MT,FALSE,2005,3.8,4,,84.7,85,,244.6,182.6,,225.1,179,,,,,,,,,,,,,,,,,,,,,
5103957,Glória D'Oeste,pantanal_norte,Pantanal-13,TRUE,2005,3.1,3.5,,71.4,82.9,,239.1,168.8,,227.1,165.19,,,,,,,,,,,,,,,,,,,,,
5104104,Guarantã do Norte,resto_mt,Demais MT,FALSE,2005,3.1,3.2,,60.2,68,,263.2,183.19,,241.89,173.39,,,,,,,,,,,,,,,,,,,,,
5104203,Guiratinga,resto_mt,Demais MT,FALSE,2005,3.1,4,,71.8,83.5,,240.89,188.19,,228.1,180.39,,,,,,,,,,,,,,,,,,,,,
5104500,Indiavaí,resto_mt,Demais MT,FALSE,2005,2.1,1.9,,61.7,69.2,,203.89,132.8,,199.39,120.59,,,,,,,,,,,,,,,,,,,,,
5104526,Ipiranga do Norte,resto_mt,Demais MT,FALSE,2005,3.5,2.4,,71.2,50.3,,250.6,188,,241,176.19,,,,,,,,,,,,,,,,,,,,,
5104542,Itanhangá,resto_mt,Demais MT,FALSE,2005,4.2,3.3,,85.9,83.3,,256.1,166.39,,235.1,158,,,,,,,,,,,,,,,,,,,,,
5104559,Itaúba,resto_mt,Demais MT,FALSE,2005,3.3,1.1,,69.5,25,,249.69,177.6,,229.39,173.8,,,,,,,,,,,,,,,,,,,,,
5104609,Itiquira,pantanal_norte,Pantanal-13,TRUE,2005,3.6,3.5,,76.2,80.6,,256.29,175.39,,229.39,167.39,,,,,,,,,,,,,,,,,,,,,
5104807,Jaciara,resto_mt,Demais MT,FALSE,2005,3.2,3.8,,76.2,85.7,,236.19,178.6,,218.89,169.39,,,,,,,,,,,,,,,,,,,,,
5104906,Jangada,resto_mt,Demais MT,FALSE,2005,2.7,3.1,,72.9,81.2,,218.89,161.8,,205.6,150,,,,,,,,,,,,,,,,,,,,,
5105002,Jauru,resto_mt,Demais MT,FALSE,2005,3.1,3.5,,69.1,81,,245.89,174.39,,218,167.19,,,,,,,,,,,,,,,,,,,,,
5105101,Juara,resto_mt,Demais MT,FALSE,2005,3.3,3.8,,69.3,80.8,,252.19,182.19,,231.5,175.6,,,,,,,,,,,,,,,,,,,,,
5105150,Juína,resto_mt,Demais MT,FALSE,2005,3.4,3.9,,77.4,87.9,,238.19,177.6,,222,167.6,,,,,,,,,,,,,,,,,,,,,
5105176,Juruena,resto_mt,Demais MT,FALSE,2005,3.4,3.8,,72.4,80.9,,254.69,187.6,,229.5,175.19,,,,,,,,,,,,,,,,,,,,,
5105200,Juscimeira,pantanal_norte,Pantanal-13,TRUE,2005,3.6,3.5,,81.2,83.1,,239.1,174.39,,225.6,164.19,,,,,,,,,,,,,,,,,,,,,
5105234,Lambari D'Oeste,pantanal_norte,Pantanal-13,TRUE,2005,2.9,2.7,,70.8,79.1,,236.8,151,,212.39,140.19,,,,,,,,,,,,,,,,,,,,,
5105259,Lucas do Rio Verde,resto_mt,Demais MT,FALSE,2005,4,4.4,,82.3,90.2,,253.1,189.39,,235.8,183.19,,,,,,,,,,,,,,,,,,,,,
5105309,Luciara,resto_mt,Demais MT,FALSE,2005,2.4,2.8,,63.6,72.8,,218.89,158.39,,209.1,154.6,,,,,,,,,,,,,,,,,,,,,
5105507,Vila Bela da Santíssima Trindade,resto_mt,Demais MT,FALSE,2005,2.6,2.7,,70,77.6,,214.39,151,,204.89,145.39,,,,,,,,,,,,,,,,,,,,,
5105580,Marcelândia,resto_mt,Demais MT,FALSE,2005,2.8,3.8,,69.2,90,,231.6,173.39,,211.6,164.6,,,,,,,,,,,,,,,,,,,,,
5105606,Matupá,resto_mt,Demais MT,FALSE,2005,3.2,4.2,,72.8,85.4,,241.5,191.19,,223.6,182.6,,,,,,,,,,,,,,,,,,,,,
5105622,Mirassol D'Oeste,pantanal_norte,Pantanal-13,TRUE,2005,3.2,3.5,,76.3,78.6,,233.19,179.6,,220.1,170,,,,,,,,,,,,,,,,,,,,,
5105903,Nobres,resto_mt,Demais MT,FALSE,2005,3.2,3.4,,79.5,78.7,,230.19,171,,214.1,164,,,,,,,,,,,,,,,,,,,,,
5106000,Nortelândia,resto_mt,Demais MT,FALSE,2005,2.8,3.4,,72.8,81.5,,222.39,174.39,,212,160.39,,,,,,,,,,,,,,,,,,,,,
5106109,Nossa Senhora do Livramento,pantanal_norte,Pantanal-13,TRUE,2005,3.4,4.3,,86.9,91.7,,229.19,189.19,,207,168.19,,,,,,,,,,,,,,,,,,,,,
5106158,Nova Bandeirantes,resto_mt,Demais MT,FALSE,2005,3.6,3.7,,83.1,89.4,,238.1,175,,218.8,156.6,,,,,,,,,,,,,,,,,,,,,
5106174,Nova Nazaré,resto_mt,Demais MT,FALSE,2005,2.8,2.7,,62.4,66.1,,236.8,173.6,,234.89,162.19,,,,,,,,,,,,,,,,,,,,,
5106182,Nova Lacerda,resto_mt,Demais MT,FALSE,2005,2.9,3.2,,65.6,75.1,,247.8,177.8,,220.89,157.8,,,,,,,,,,,,,,,,,,,,,
5106190,Nova Santa Helena,resto_mt,Demais MT,FALSE,2005,2.8,3.7,,65.4,89.3,,233.1,170.8,,234.19,160,,,,,,,,,,,,,,,,,,,,,
5106208,Nova Brasilândia,resto_mt,Demais MT,FALSE,2005,,3.3,,,75.1,,,175.39,,,171,,,,,,,,,,,,,,,,,,,,,
5106216,Nova Canaã do Norte,resto_mt,Demais MT,FALSE,2005,3.5,4,,80.2,86.2,,239.69,188.8,,222.19,167.8,,,,,,,,,,,,,,,,,,,,,
5106224,Nova Mutum,resto_mt,Demais MT,FALSE,2005,3.2,4.2,,73.6,89.6,,241.8,185.39,,222.5,172.6,,,,,,,,,,,,,,,,,,,,,
5106232,Nova Olímpia,resto_mt,Demais MT,FALSE,2005,2.7,3.6,,67.1,85.7,,233.6,174.6,,222.1,166.19,,,,,,,,,,,,,,,,,,,,,
5106240,Nova Ubiratã,resto_mt,Demais MT,FALSE,2005,3.4,3.4,,76.5,78.5,,240.89,173.19,,223.39,166.39,,,,,,,,,,,,,,,,,,,,,
5106257,Nova Xavantina,resto_mt,Demais MT,FALSE,2005,3.9,3.4,,83,82.2,,246.3,168,,234.69,162.39,,,,,,,,,,,,,,,,,,,,,
5106265,Novo Mundo,resto_mt,Demais MT,FALSE,2005,3.2,3.5,,71.7,75.4,,249.5,184.39,,222.69,170.8,,,,,,,,,,,,,,,,,,,,,
5106273,Novo Horizonte do Norte,resto_mt,Demais MT,FALSE,2005,2.7,3.6,,64.3,82.3,,230.39,178,,221,166.19,,,,,,,,,,,,,,,,,,,,,
5106281,Novo São Joaquim,resto_mt,Demais MT,FALSE,2005,3,3.2,,67.3,74.1,,244.19,172.19,,227.1,164.6,,,,,,,,,,,,,,,,,,,,,
5106299,Paranaíta,resto_mt,Demais MT,FALSE,2005,2.9,3.3,,68.1,77.5,,236.19,170.19,,216.1,161.6,,,,,,,,,,,,,,,,,,,,,
5106307,Paranatinga,resto_mt,Demais MT,FALSE,2005,2.9,3.1,,65.9,72.1,,238.3,175.6,,220.5,168.8,,,,,,,,,,,,,,,,,,,,,
5106315,Novo Santo Antônio,resto_mt,Demais MT,FALSE,2005,1.8,1.4,,45.4,47.3,,233.3,146.39,,215.8,130,,,,,,,,,,,,,,,,,,,,,
5106372,Pedra Preta,resto_mt,Demais MT,FALSE,2005,3.3,3.5,,69.5,82.2,,248.6,172,,230,166.6,,,,,,,,,,,,,,,,,,,,,
5106422,Peixoto de Azevedo,resto_mt,Demais MT,FALSE,2005,2.7,3.5,,68.1,81.7,,225,173.6,,208.69,166.19,,,,,,,,,,,,,,,,,,,,,
5106455,Planalto da Serra,resto_mt,Demais MT,FALSE,2005,2.5,2.6,,56.2,55.8,,237,181.19,,230.6,175.6,,,,,,,,,,,,,,,,,,,,,
5106505,Poconé,pantanal_norte,Pantanal-13,TRUE,2005,3.1,2.9,,81.2,78.7,,222.19,159,,210.19,147.19,,,,,,,,,,,,,,,,,,,,,
5106653,Pontal do Araguaia,resto_mt,Demais MT,FALSE,2005,,2.4,,,48.8,,,189.19,,,180.19,,,,,,,,,,,,,,,,,,,,,
5106703,Ponte Branca,resto_mt,Demais MT,FALSE,2005,3.8,,,87.3,,,241.5,,,220.1,,,,,,,,,,,,,,,,,,,,,,
5106752,Pontes e Lacerda,resto_mt,Demais MT,FALSE,2005,2.9,3.6,,73.1,84.2,,228,170.6,,215.1,166.6,,,,,,,,,,,,,,,,,,,,,
5106778,Porto Alegre do Norte,resto_mt,Demais MT,FALSE,2005,3.3,3.9,,76.4,81.7,,238.89,187.39,,217.19,177.39,,,,,,,,,,,,,,,,,,,,,
5106802,Porto dos Gaúchos,resto_mt,Demais MT,FALSE,2005,,3.7,,,79.7,,,178,,,179.6,,,,,,,,,,,,,,,,,,,,,
5106828,Porto Esperidião,pantanal_norte,Pantanal-13,TRUE,2005,3.3,3.6,,74.2,81.6,,239.89,174.19,,222.39,171.8,,,,,,,,,,,,,,,,,,,,,
5106851,Porto Estrela,resto_mt,Demais MT,FALSE,2005,,2.9,,,81.5,,,147.19,,,153.8,,,,,,,,,,,,,,,,,,,,,
5107008,Poxoréu,resto_mt,Demais MT,FALSE,2005,3.1,3.4,,69.1,78.9,,238.8,174.6,,225,166.8,,,,,,,,,,,,,,,,,,,,,
5107040,Primavera do Leste,resto_mt,Demais MT,FALSE,2005,2.8,3.6,,59.6,79.2,,251.1,179.39,,231.89,175,,,,,,,,,,,,,,,,,,,,,
5107065,Querência,resto_mt,Demais MT,FALSE,2005,4,4.2,,82.4,93,,256.29,179.39,,235.3,171.39,,,,,,,,,,,,,,,,,,,,,
5107107,São José dos Quatro Marcos,resto_mt,Demais MT,FALSE,2005,3.4,4.1,,84.3,90.4,,228.1,178.8,,217.8,175,,,,,,,,,,,,,,,,,,,,,
5107156,Reserva do Cabaçal,resto_mt,Demais MT,FALSE,2005,3.3,3.3,,77,76.2,,239.69,178.39,,218.39,166.6,,,,,,,,,,,,,,,,,,,,,
5107180,Ribeirão Cascalheira,resto_mt,Demais MT,FALSE,2005,3.1,3.4,,74.4,88.3,,233.6,161.39,,217,155.8,,,,,,,,,,,,,,,,,,,,,
5107198,Ribeirãozinho,resto_mt,Demais MT,FALSE,2005,3.8,,,87.5,,,236.69,,,223.1,,,,,,,,,,,,,,,,,,,,,,
5107206,Rio Branco,resto_mt,Demais MT,FALSE,2005,3.8,4.5,,79.3,85.7,,250.89,208,,237.6,177.6,,,,,,,,,,,,,,,,,,,,,
5107248,Santa Carmem,resto_mt,Demais MT,FALSE,2005,2.2,3.5,,60.6,79.3,,223.1,180.19,,198.6,167.39,,,,,,,,,,,,,,,,,,,,,
5107263,Santo Afonso,resto_mt,Demais MT,FALSE,2005,2.9,3.1,,83.4,86.2,,210.19,162,,201.1,143.19,,,,,,,,,,,,,,,,,,,,,
5107297,São José do Povo,resto_mt,Demais MT,FALSE,2005,2,2.4,,47,49.7,,236.5,179.39,,222.19,172,,,,,,,,,,,,,,,,,,,,,
5107305,São José do Rio Claro,resto_mt,Demais MT,FALSE,2005,3.2,3.8,,75.9,81.7,,232.89,188,,217.1,176.19,,,,,,,,,,,,,,,,,,,,,
5107354,São José do Xingu,resto_mt,Demais MT,FALSE,2005,3.1,3.1,,67,67.9,,247.69,183,,223.69,166,,,,,,,,,,,,,,,,,,,,,
5107404,São Pedro da Cipa,resto_mt,Demais MT,FALSE,2005,2.7,3.1,,69.9,82.1,,222.69,161.39,,209.39,155,,,,,,,,,,,,,,,,,,,,,
5107578,Rondolândia,resto_mt,Demais MT,FALSE,2005,,,,,,,,,,,,,,,,,,,,,,,,,,,,,,,,
5107602,Rondonópolis,pantanal_norte,Pantanal-13,TRUE,2005,3.1,4.2,,70.6,89.7,,239.19,185.19,,222.19,175.19,,,,,,,,,,,,,,,,,,,,,
5107701,Rosário Oeste,resto_mt,Demais MT,FALSE,2005,2.5,2.2,,63.9,62.7,,226.89,157,,209.8,146.39,,,,,,,,,,,,,,,,,,,,,
5107743,Santa Cruz do Xingu,resto_mt,Demais MT,FALSE,2005,2.7,2.1,,64.1,47,,240.8,173.8,,221.6,169.19,,,,,,,,,,,,,,,,,,,,,
5107750,Salto do Céu,resto_mt,Demais MT,FALSE,2005,2.5,3.4,,74.3,82.5,,202.8,168.19,,196.5,161.8,,,,,,,,,,,,,,,,,,,,,
5107768,Santa Rita do Trivelato,resto_mt,Demais MT,FALSE,2005,2.1,2.2,,49.2,69.1,,240.8,150.6,,214.89,130,,,,,,,,,,,,,,,,,,,,,
5107776,Santa Terezinha,resto_mt,Demais MT,FALSE,2005,2.7,2.8,,67.1,65.7,,223.89,173.39,,219.69,159.19,,,,,,,,,,,,,,,,,,,,,
5107792,Santo Antônio do Leste,resto_mt,Demais MT,FALSE,2005,3.3,4.6,,81,90.3,,246.69,191.6,,203.69,188.8,,,,,,,,,,,,,,,,,,,,,
5107800,Santo Antônio do Leverger,pantanal_norte,Pantanal-13,TRUE,2005,2.7,3.2,,66.4,75.1,,227.6,171.6,,213.39,165.6,,,,,,,,,,,,,,,,,,,,,
5107859,São Félix do Araguaia,resto_mt,Demais MT,FALSE,2005,2.6,2.9,,64.6,71.1,,230.19,168,,211.8,159,,,,,,,,,,,,,,,,,,,,,
5107875,Sapezal,resto_mt,Demais MT,FALSE,2005,2.1,2,,42,42.6,,257.2,182.19,,237.6,178,,,,,,,,,,,,,,,,,,,,,
5107883,Serra Nova Dourada,resto_mt,Demais MT,FALSE,2005,2.9,,,72.5,,,233.6,,,209,,,,,,,,,,,,,,,,,,,,,,
5107909,Sinop,resto_mt,Demais MT,FALSE,2005,3.4,4,,71.6,85.7,,250.6,182.6,,233.8,175,,,,,,,,,,,,,,,,,,,,,
5107925,Sorriso,resto_mt,Demais MT,FALSE,2005,3.4,3.6,,69.4,78.4,,254.69,177.8,,238.39,172.39,,,,,,,,,,,,,,,,,,,,,
5107941,Tabaporã,resto_mt,Demais MT,FALSE,2005,2.7,3.9,,73.3,87.8,,229.5,173.8,,210.3,172.8,,,,,,,,,,,,,,,,,,,,,
5107958,Tangará da Serra,resto_mt,Demais MT,FALSE,2005,3.4,3.6,,75.9,83.2,,241.5,172.39,,224.19,166.6,,,,,,,,,,,,,,,,,,,,,
5108006,Tapurah,resto_mt,Demais MT,FALSE,2005,3.1,4,,76.1,90,,231.3,177.19,,212.5,172.6,,,,,,,,,,,,,,,,,,,,,
5108055,Terra Nova do Norte,resto_mt,Demais MT,FALSE,2005,3.5,3.2,,82.5,77.8,,235.19,169.6,,223.5,163,,,,,,,,,,,,,,,,,,,,,
5108105,Tesouro,resto_mt,Demais MT,FALSE,2005,3.3,,,80.9,,,232.89,,,211.89,,,,,,,,,,,,,,,,,,,,,,
5108204,Torixoréu,resto_mt,Demais MT,FALSE,2005,4,3.5,,85.5,91.4,,248.8,158.6,,228.5,157.39,,,,,,,,,,,,,,,,,,,,,
5108303,União do Sul,resto_mt,Demais MT,FALSE,2005,3.3,3.6,,80.8,89,,227.8,171.19,,218.3,152.8,,,,,,,,,,,,,,,,,,,,,
5108352,Vale de São Domingos,resto_mt,Demais MT,FALSE,2005,3.2,,,74.3,,,234.39,,,223.3,,,,,,,,,,,,,,,,,,,,,,
5108402,Várzea Grande,polo_metropolitano,Polo Metropolitano,FALSE,2005,2.7,3.6,,66.1,85.7,,230,173.19,,216.69,164.8,,,,,,,,,,,,,,,,,,,,,
5108501,Vera,resto_mt,Demais MT,FALSE,2005,3.2,3.8,,67.5,88.3,,249.1,175.19,,234.69,167.6,,,,,,,,,,,,,,,,,,,,,
5108600,Vila Rica,resto_mt,Demais MT,FALSE,2005,3.4,3.2,,72.9,66.6,,247.69,186.19,,229,177,,,,,,,,,,,,,,,,,,,,,
5108808,Nova Guarita,resto_mt,Demais MT,FALSE,2005,2.7,3.8,,61.5,86.5,,242.19,177.39,,221.1,166.19,,,,,,,,,,,,,,,,,,,,,
5108857,Nova Marilândia,resto_mt,Demais MT,FALSE,2005,3.1,4.2,,75.1,86.9,,234.6,201,,214.1,176,,,,,,,,,,,,,,,,,,,,,
5108907,Nova Maringá,resto_mt,Demais MT,FALSE,2005,2.9,2.8,,74,69.8,,236.8,171,,203.89,156.19,,,,,,,,,,,,,,,,,,,,,
5108956,Nova Monte Verde,resto_mt,Demais MT,FALSE,2005,3.2,3.4,,74.1,78.3,,241.6,175,,217.8,164,,,,,,,,,,,,,,,,,,,,,
5100102,Acorizal,resto_mt,Demais MT,FALSE,2007,3,3.1,,81.6,78.7,,214.24,166.91,,203,148.94,,,,,,,,,,,,,,,,,,,,,
5100201,Água Boa,resto_mt,Demais MT,FALSE,2007,3.6,4.3,,83.7,92.8,,236.49,185.25,,220.17,171.13,,,,,,,,,,,,,,,,,,,,,
5100250,Alta Floresta,resto_mt,Demais MT,FALSE,2007,3.5,4.7,,77.1,92.3,,244.25,199.36,,232.44,183.63,,,,,,,,,,,,,,,,,,,,,
5100300,Alto Araguaia,resto_mt,Demais MT,FALSE,2007,4,4.3,,86.4,85.4,,243.1,193,,233.91,185.16,,,,,,,,,,,,,,,,,,,,,
5100359,Alto Boa Vista,resto_mt,Demais MT,FALSE,2007,3.5,3.8,,83.6,92.7,,232.52,171.92,,215.97,154.32,,,,,,,,,,,,,,,,,,,,,
5100409,Alto Garças,resto_mt,Demais MT,FALSE,2007,3.7,4.4,,77.4,89.4,,247.35,194.46,,237.99,175.82,,,,,,,,,,,,,,,,,,,,,
5100508,Alto Paraguai,resto_mt,Demais MT,FALSE,2007,3.4,4.2,,84.4,89.7,,225.55,193.8,,209.16,165.85,,,,,,,,,,,,,,,,,,,,,
5100607,Alto Taquari,resto_mt,Demais MT,FALSE,2007,3.8,4.1,,72.9,84.6,,262.41,191.94,,248.53,175.77,,,,,,,,,,,,,,,,,,,,,
5100805,Apiacás,resto_mt,Demais MT,FALSE,2007,3.5,3.9,,78.9,86.4,,241.86,186.44,,224.74,167.05,,,,,,,,,,,,,,,,,,,,,
5101001,Araguaiana,resto_mt,Demais MT,FALSE,2007,3.6,4,,84.6,93,,237.69,177.63,,216.55,160.14,,,,,,,,,,,,,,,,,,,,,
5101209,Araguainha,resto_mt,Demais MT,FALSE,2007,4.3,3.1,,85.9,71.4,,249.32,192.17,,251.94,158.8,,,,,,,,,,,,,,,,,,,,,
5101258,Araputanga,resto_mt,Demais MT,FALSE,2007,3.5,4.9,,84,92.8,,227.03,201.66,,221.94,190.67,,,,,,,,,,,,,,,,,,,,,
5101308,Arenápolis,resto_mt,Demais MT,FALSE,2007,4.1,4.6,,88.8,96.2,,247.25,189.83,,232.22,175.72,,,,,,,,,,,,,,,,,,,,,
5101407,Aripuanã,resto_mt,Demais MT,FALSE,2007,3.3,4.1,,82.4,90.9,,227.88,188.14,,211.11,164.85,,,,,,,,,,,,,,,,,,,,,
5101605,Barão de Melgaço,pantanal_norte,Pantanal-13,TRUE,2007,3.1,3.9,,91.9,91.4,,207.11,178.99,,194.42,159.13,,,,,,,,,,,,,,,,,,,,,
5101704,Barra do Bugres,resto_mt,Demais MT,FALSE,2007,3.4,3.7,,82.4,86.9,,229.77,175.63,,215.66,161.11,,,,,,,,,,,,,,,,,,,,,
5101803,Barra do Garças,resto_mt,Demais MT,FALSE,2007,4,4.3,,85.3,91.1,,245.17,190.75,,235.03,175.32,,,,,,,,,,,,,,,,,,,,,
5101852,Bom Jesus do Araguaia,resto_mt,Demais MT,FALSE,2007,3.3,3.1,,79.7,74.6,,230.35,173.27,,219.36,162.88,,,,,,,,,,,,,,,,,,,,,
5101902,Brasnorte,resto_mt,Demais MT,FALSE,2007,3.5,4.1,,80.1,93.7,,239.3,179.61,,226.02,164.85,,,,,,,,,,,,,,,,,,,,,
5102504,Cáceres,pantanal_norte,Pantanal-13,TRUE,2007,3.5,4.2,,82.8,88.3,,229.78,187.66,,221.55,174.35,,,,,,,,,,,,,,,,,,,,,
5102603,Campinápolis,resto_mt,Demais MT,FALSE,2007,3.5,3.3,,77.6,76.7,,243.66,179.97,,226.63,161.55,,,,,,,,,,,,,,,,,,,,,
5102637,Campo Novo do Parecis,resto_mt,Demais MT,FALSE,2007,3.9,4.5,,77.6,85.7,,254.69,202.61,,243.8,180.8,,,,,,,,,,,,,,,,,,,,,
5102678,Campo Verde,resto_mt,Demais MT,FALSE,2007,4.1,4.5,,84.2,86.6,,255.77,200.85,,237.74,183.52,,,,,,,,,,,,,,,,,,,,,
5102686,Campos de Júlio,resto_mt,Demais MT,FALSE,2007,3.4,4.7,,69.9,90.8,,256.89,200.02,,240.19,185.05,,,,,,,,,,,,,,,,,,,,,
5102694,Canabrava do Norte,resto_mt,Demais MT,FALSE,2007,3,3.9,,84.1,91.4,,217.47,180.03,,197.3,156.55,,,,,,,,,,,,,,,,,,,,,
5102702,Canarana,resto_mt,Demais MT,FALSE,2007,3.6,4.2,,81.8,89.5,,242.05,188,,224.85,172.69,,,,,,,,,,,,,,,,,,,,,
5102793,Carlinda,resto_mt,Demais MT,FALSE,2007,3.3,4.2,,81.2,90.8,,226.58,190.22,,219,169.36,,,,,,,,,,,,,,,,,,,,,
5102850,Castanheira,resto_mt,Demais MT,FALSE,2007,3.7,3.8,,91.4,97.7,,228.24,164.11,,213.49,152.35,,,,,,,,,,,,,,,,,,,,,
5103007,Chapada dos Guimarães,resto_mt,Demais MT,FALSE,2007,3.7,3.5,,84.1,79.8,,242.36,179.46,,222.71,165.47,,,,,,,,,,,,,,,,,,,,,
5103056,Cláudia,resto_mt,Demais MT,FALSE,2007,3.6,4.6,,74.4,93.1,,252.16,196.69,,237.8,178.36,,,,,,,,,,,,,,,,,,,,,
5103106,Cocalinho,resto_mt,Demais MT,FALSE,2007,3.6,4.8,,69.6,86.6,,267.26,215.24,,238.57,186.92,,,,,,,,,,,,,,,,,,,,,
5103205,Colíder,resto_mt,Demais MT,FALSE,2007,4.3,4.4,,87.1,91.2,,254.13,192.64,,238.91,175.49,,,,,,,,,,,,,,,,,,,,,
5103254,Colniza,resto_mt,Demais MT,FALSE,2007,3.6,3.9,,81.3,91.5,,240.97,178.91,,225.33,158.66,,,,,,,,,,,,,,,,,,,,,
5103304,Comodoro,resto_mt,Demais MT,FALSE,2007,3.9,4,,86.7,88.4,,246.33,183.52,,226,170.25,,,,,,,,,,,,,,,,,,,,,
5103353,Confresa,resto_mt,Demais MT,FALSE,2007,3.4,3.4,,85.4,77.2,,225.83,182.47,,213.08,164.69,,,,,,,,,,,,,,,,,,,,,
5103361,Conquista D'Oeste,resto_mt,Demais MT,FALSE,2007,3.7,2.9,,86.4,80.9,,235.58,162,,224.5,140.22,,,,,,,,,,,,,,,,,,,,,
5103379,Cotriguaçu,resto_mt,Demais MT,FALSE,2007,3.7,4.2,,82.3,86,,244.22,191.58,,225.55,173.22,,,,,,,,,,,,,,,,,,,,,
5103403,Cuiabá,polo_metropolitano,Polo Metropolitano,FALSE,2007,3.3,4.1,,78.2,89.7,,231.3,185.55,,219.83,169.99,,,,,,,,,,,,,,,,,,,,,
5103437,Curvelândia,pantanal_norte,Pantanal-13,TRUE,2007,2.9,4.6,,79.8,92,,214.49,199.74,,206.83,176.14,,,,,,,,,,,,,,,,,,,,,
5103452,Denise,resto_mt,Demais MT,FALSE,2007,3.1,3.9,,77.3,91.6,,222.02,176.66,,213.61,157.88,,,,,,,,,,,,,,,,,,,,,
5103502,Diamantino,resto_mt,Demais MT,FALSE,2007,3.9,4.5,,90.7,94.5,,234.83,188.27,,224.3,174.72,,,,,,,,,,,,,,,,,,,,,
5103601,Dom Aquino,resto_mt,Demais MT,FALSE,2007,4.4,4.5,,92.3,94.6,,252.16,186.61,,236.08,177.97,,,,,,,,,,,,,,,,,,,,,
5103700,Feliz Natal,resto_mt,Demais MT,FALSE,2007,3,4.1,,72.6,88,,240.6,190.02,,226.41,171.16,,,,,,,,,,,,,,,,,,,,,
5103809,Figueirópolis D'Oeste,resto_mt,Demais MT,FALSE,2007,2.9,4.3,,76.2,92,,222.5,190.3,,205.05,172.13,,,,,,,,,,,,,,,,,,,,,
5103858,Gaúcha do Norte,resto_mt,Demais MT,FALSE,2007,4.1,4.5,,93.2,95.1,,235.22,190.94,,226.22,169.89,,,,,,,,,,,,,,,,,,,,,
5103908,General Carneiro,resto_mt,Demais MT,FALSE,2007,3.6,4.5,,79.5,85.1,,241.94,201.53,,235.3,188.08,,,,,,,,,,,,,,,,,,,,,
5103957,Glória D'Oeste,pantanal_norte,Pantanal-13,TRUE,2007,3.7,4.7,,79.4,93.2,,244.63,193.19,,233.44,185.35,,,,,,,,,,,,,,,,,,,,,
5104104,Guarantã do Norte,resto_mt,Demais MT,FALSE,2007,3.6,4.4,,68.7,80.5,,262.8,206.08,,248.97,187.47,,,,,,,,,,,,,,,,,,,,,
5104203,Guiratinga,resto_mt,Demais MT,FALSE,2007,3.3,4.7,,82.5,93.6,,225.66,198.88,,217.02,180.13,,,,,,,,,,,,,,,,,,,,,
5104500,Indiavaí,resto_mt,Demais MT,FALSE,2007,3.5,3.5,,92.5,79.7,,219.16,188.49,,209.47,157.05,,,,,,,,,,,,,,,,,,,,,
5104526,Ipiranga do Norte,resto_mt,Demais MT,FALSE,2007,3.7,4.9,,76.6,93.3,,250.03,204.69,,238.53,186.77,,,,,,,,,,,,,,,,,,,,,
5104542,Itanhangá,resto_mt,Demais MT,FALSE,2007,3.8,4.2,,87.1,85.8,,244.58,193.86,,221.3,177.77,,,,,,,,,,,,,,,,,,,,,
5104559,Itaúba,resto_mt,Demais MT,FALSE,2007,4.5,4.5,,91.9,88.2,,253.89,202.36,,236.53,179.99,,,,,,,,,,,,,,,,,,,,,
5104609,Itiquira,pantanal_norte,Pantanal-13,TRUE,2007,4.2,4.3,,88.5,89.7,,247.46,190.71,,233.63,172.89,,,,,,,,,,,,,,,,,,,,,
5104807,Jaciara,resto_mt,Demais MT,FALSE,2007,4,4.5,,92.2,95.3,,235.05,188.41,,224.24,172.36,,,,,,,,,,,,,,,,,,,,,
5104906,Jangada,resto_mt,Demais MT,FALSE,2007,3.2,3.6,,83.5,91.7,,220.83,170.44,,205.83,150.24,,,,,,,,,,,,,,,,,,,,,
5105002,Jauru,resto_mt,Demais MT,FALSE,2007,3.7,5,,78.2,93.3,,247.58,209.5,,232.67,184.03,,,,,,,,,,,,,,,,,,,,,
5105101,Juara,resto_mt,Demais MT,FALSE,2007,4.1,4.6,,86.2,90.8,,249.66,200.47,,234.47,183.55,,,,,,,,,,,,,,,,,,,,,
5105150,Juína,resto_mt,Demais MT,FALSE,2007,3.6,4.3,,86.3,96.1,,233.03,182.88,,216.83,168.13,,,,,,,,,,,,,,,,,,,,,
5105176,Juruena,resto_mt,Demais MT,FALSE,2007,4.4,4.6,,87.1,87.9,,264.35,205.89,,240.41,187.02,,,,,,,,,,,,,,,,,,,,,
5105200,Juscimeira,pantanal_norte,Pantanal-13,TRUE,2007,3.7,4,,83,88.6,,240.16,184.25,,227.22,164.38,,,,,,,,,,,,,,,,,,,,,
5105234,Lambari D'Oeste,pantanal_norte,Pantanal-13,TRUE,2007,3.2,3.3,,84.1,85.8,,226.77,167.35,,204.71,148.13,,,,,,,,,,,,,,,,,,,,,
5105259,Lucas do Rio Verde,resto_mt,Demais MT,FALSE,2007,4.4,4.9,,91.9,94.8,,251.16,198.46,,238.69,185.16,,,,,,,,,,,,,,,,,,,,,
5105309,Luciara,resto_mt,Demais MT,FALSE,2007,3.3,3.2,,85.7,89.9,,217.74,159.16,,211.96,143,,,,,,,,,,,,,,,,,,,,,
5105507,Vila Bela da Santíssima Trindade,resto_mt,Demais MT,FALSE,2007,3.5,3.5,,81.6,80.7,,230.92,177.83,,222.86,162.63,,,,,,,,,,,,,,,,,,,,,
5105580,Marcelândia,resto_mt,Demais MT,FALSE,2007,3.8,4.2,,79.2,93.7,,251.05,181.16,,235.72,170.71,,,,,,,,,,,,,,,,,,,,,
5105606,Matupá,resto_mt,Demais MT,FALSE,2007,4.1,4.9,,89,92.5,,246.08,205.11,,228.8,189.75,,,,,,,,,,,,,,,,,,,,,
5105622,Mirassol D'Oeste,pantanal_norte,Pantanal-13,TRUE,2007,3.7,4.4,,88.1,92.5,,230.78,193.11,,220.16,173.86,,,,,,,,,,,,,,,,,,,,,
5105903,Nobres,resto_mt,Demais MT,FALSE,2007,3.3,3.9,,82.8,84.2,,223.1,184.5,,214.14,171,,,,,,,,,,,,,,,,,,,,,
5106000,Nortelândia,resto_mt,Demais MT,FALSE,2007,4.1,5,,89,96.2,,237.28,200.94,,240.19,186.74,,,,,,,,,,,,,,,,,,,,,
5106109,Nossa Senhora do Livramento,pantanal_norte,Pantanal-13,TRUE,2007,3.3,3.8,,88.9,93.2,,222.02,168.72,,203.64,156.97,,,,,,,,,,,,,,,,,,,,,
5106158,Nova Bandeirantes,resto_mt,Demais MT,FALSE,2007,4,4,,82,91.9,,255.97,183.47,,236,160.61,,,,,,,,,,,,,,,,,,,,,
5106174,Nova Nazaré,resto_mt,Demais MT,FALSE,2007,2.8,2.8,,67.2,67.4,,225.27,167.24,,226.42,164.33,,,,,,,,,,,,,,,,,,,,,
5106182,Nova Lacerda,resto_mt,Demais MT,FALSE,2007,3.5,3.5,,75.4,79.6,,248.94,180.08,,233.6,164.61,,,,,,,,,,,,,,,,,,,,,
5106190,Nova Santa Helena,resto_mt,Demais MT,FALSE,2007,4.1,4.4,,93.7,95.8,,241,188.82,,219.28,169.11,,,,,,,,,,,,,,,,,,,,,
5106208,Nova Brasilândia,resto_mt,Demais MT,FALSE,2007,3.3,3.1,,79.5,83.6,,231.16,164.77,,219.89,153.08,,,,,,,,,,,,,,,,,,,,,
5106216,Nova Canaã do Norte,resto_mt,Demais MT,FALSE,2007,4.1,4.5,,91.5,87.9,,238.85,204.75,,227.69,181.27,,,,,,,,,,,,,,,,,,,,,
5106224,Nova Mutum,resto_mt,Demais MT,FALSE,2007,4.3,4.7,,86.3,91.2,,256.29,201.07,,240.03,183.53,,,,,,,,,,,,,,,,,,,,,
5106232,Nova Olímpia,resto_mt,Demais MT,FALSE,2007,3.5,4,,81.4,91.2,,237.49,179.36,,224,163.75,,,,,,,,,,,,,,,,,,,,,
5106240,Nova Ubiratã,resto_mt,Demais MT,FALSE,2007,3.6,3.7,,81.7,77.4,,238.22,197.47,,225.88,171.13,,,,,,,,,,,,,,,,,,,,,
5106257,Nova Xavantina,resto_mt,Demais MT,FALSE,2007,3.8,4.2,,89.3,90.8,,229.1,188.86,,222.66,170.5,,,,,,,,,,,,,,,,,,,,,
5106265,Novo Mundo,resto_mt,Demais MT,FALSE,2007,4.1,4.6,,91.1,90.2,,243.14,195.44,,228.19,184.97,,,,,,,,,,,,,,,,,,,,,
5106273,Novo Horizonte do Norte,resto_mt,Demais MT,FALSE,2007,3.6,3.9,,84.2,90.6,,233.16,169.22,,225.22,170.35,,,,,,,,,,,,,,,,,,,,,
5106281,Novo São Joaquim,resto_mt,Demais MT,FALSE,2007,3.8,4,,83.1,84.1,,243.08,192.72,,231.19,170.03,,,,,,,,,,,,,,,,,,,,,
5106299,Paranaíta,resto_mt,Demais MT,FALSE,2007,4.1,4.5,,82.8,84,,255.83,212.05,,242.52,179.94,,,,,,,,,,,,,,,,,,,,,
5106307,Paranatinga,resto_mt,Demais MT,FALSE,2007,3.7,4.3,,82.7,86.7,,239.88,195.5,,229.96,181.22,,,,,,,,,,,,,,,,,,,,,
5106315,Novo Santo Antônio,resto_mt,Demais MT,FALSE,2007,2.6,2.9,,67.1,75.7,,218.61,164.19,,216.72,152.27,,,,,,,,,,,,,,,,,,,,,
5106372,Pedra Preta,resto_mt,Demais MT,FALSE,2007,3.9,4.3,,87.8,90.3,,242.39,189.91,,225.77,175.19,,,,,,,,,,,,,,,,,,,,,
5106422,Peixoto de Azevedo,resto_mt,Demais MT,FALSE,2007,3,3.9,,74.2,84.7,,227.55,186.69,,218.25,169.19,,,,,,,,,,,,,,,,,,,,,
5106455,Planalto da Serra,resto_mt,Demais MT,FALSE,2007,3.4,4.1,,75.1,88.4,,248.55,182.72,,225.82,172.77,,,,,,,,,,,,,,,,,,,,,
5106505,Poconé,pantanal_norte,Pantanal-13,TRUE,2007,3.1,3.7,,80.7,86,,221.52,181.35,,209.22,158.66,,,,,,,,,,,,,,,,,,,,,
5106653,Pontal do Araguaia,resto_mt,Demais MT,FALSE,2007,3.5,3.9,,80.5,92.6,,233.66,172.36,,226.75,163.1,,,,,,,,,,,,,,,,,,,,,
5106703,Ponte Branca,resto_mt,Demais MT,FALSE,2007,4.3,4.6,,97.2,97.5,,240.52,197.66,,226.14,166.86,,,,,,,,,,,,,,,,,,,,,
5106752,Pontes e Lacerda,resto_mt,Demais MT,FALSE,2007,3.6,4.4,,81.6,91,,238.16,191.53,,226.86,178.41,,,,,,,,,,,,,,,,,,,,,
5106778,Porto Alegre do Norte,resto_mt,Demais MT,FALSE,2007,3.5,3.8,,88.3,90,,220.28,175.1,,214.97,159.36,,,,,,,,,,,,,,,,,,,,,
5106802,Porto dos Gaúchos,resto_mt,Demais MT,FALSE,2007,3.8,4.6,,85.1,95.3,,241.38,192.83,,229.27,177.55,,,,,,,,,,,,,,,,,,,,,
5106828,Porto Esperidião,pantanal_norte,Pantanal-13,TRUE,2007,3.3,4.3,,82.2,87,,230.72,198.99,,210.99,177.47,,,,,,,,,,,,,,,,,,,,,
5106851,Porto Estrela,resto_mt,Demais MT,FALSE,2007,3.6,3.4,,91.7,84.3,,223.32,165.13,,215.36,161.52,,,,,,,,,,,,,,,,,,,,,
5107008,Poxoréu,resto_mt,Demais MT,FALSE,2007,4.1,4.1,,84.6,86.4,,250.19,192.17,,237.94,174.71,,,,,,,,,,,,,,,,,,,,,
5107040,Primavera do Leste,resto_mt,Demais MT,FALSE,2007,4,4.4,,81.6,89.4,,257.88,196.44,,238.91,179.83,,,,,,,,,,,,,,,,,,,,,
5107065,Querência,resto_mt,Demais MT,FALSE,2007,4.5,4.2,,89,95,,258.61,186.96,,245.77,161.77,,,,,,,,,,,,,,,,,,,,,
5107107,São José dos Quatro Marcos,resto_mt,Demais MT,FALSE,2007,3.4,4.7,,87.6,94.9,,223.57,191.27,,210.47,181.22,,,,,,,,,,,,,,,,,,,,,
5107156,Reserva do Cabaçal,resto_mt,Demais MT,FALSE,2007,4.1,5,,92.9,98.4,,236.91,207.8,,228.13,175.97,,,,,,,,,,,,,,,,,,,,,
5107180,Ribeirão Cascalheira,resto_mt,Demais MT,FALSE,2007,3.6,4.3,,87,92,,235.05,189.52,,215.41,167.83,,,,,,,,,,,,,,,,,,,,,
5107198,Ribeirãozinho,resto_mt,Demais MT,FALSE,2007,3.1,4.2,,67.4,91.1,,246.86,183.91,,236.16,170.89,,,,,,,,,,,,,,,,,,,,,
5107206,Rio Branco,resto_mt,Demais MT,FALSE,2007,4.2,4,,86,88.3,,247.99,189.58,,241.3,172.5,,,,,,,,,,,,,,,,,,,,,
5107248,Santa Carmem,resto_mt,Demais MT,FALSE,2007,4.1,4.9,,78.3,92.7,,262.57,204.55,,245.88,183.88,,,,,,,,,,,,,,,,,,,,,
5107263,Santo Afonso,resto_mt,Demais MT,FALSE,2007,4.5,4.6,,85,93.6,,289.1,201,,244.86,167.61,,,,,,,,,,,,,,,,,,,,,
5107297,São José do Povo,resto_mt,Demais MT,FALSE,2007,4.2,3.8,,94.7,86.9,,236.91,187.61,,231.25,157.55,,,,,,,,,,,,,,,,,,,,,
5107305,São José do Rio Claro,resto_mt,Demais MT,FALSE,2007,3.4,4.5,,82.6,94.8,,231.91,191.8,,218.07,169.63,,,,,,,,,,,,,,,,,,,,,
5107354,São José do Xingu,resto_mt,Demais MT,FALSE,2007,3.8,3.3,,85.2,74.2,,238.91,181.78,,226.42,165.27,,,,,,,,,,,,,,,,,,,,,
5107404,São Pedro da Cipa,resto_mt,Demais MT,FALSE,2007,3,3.3,,76.4,93.6,,221.16,158.13,,214.52,141.99,,,,,,,,,,,,,,,,,,,,,
5107578,Rondolândia,resto_mt,Demais MT,FALSE,2007,3,2.5,,71.4,64.7,,229.22,165.33,,227,149.02,,,,,,,,,,,,,,,,,,,,,
5107602,Rondonópolis,pantanal_norte,Pantanal-13,TRUE,2007,3.8,4.5,,84,96.2,,240.1,187.88,,228.46,173.63,,,,,,,,,,,,,,,,,,,,,
5107701,Rosário Oeste,resto_mt,Demais MT,FALSE,2007,3.6,4.1,,94.5,96,,219.02,177.27,,212,161.02,,,,,,,,,,,,,,,,,,,,,
5107743,Santa Cruz do Xingu,resto_mt,Demais MT,FALSE,2007,4.5,3.5,,90.9,90,,249.83,164.32,,242.94,155.75,,,,,,,,,,,,,,,,,,,,,
5107750,Salto do Céu,resto_mt,Demais MT,FALSE,2007,3.6,4.5,,87,93.2,,232.82,188.38,,212.6,178.11,,,,,,,,,,,,,,,,,,,,,
5107768,Santa Rita do Trivelato,resto_mt,Demais MT,FALSE,2007,4.4,4.8,,93.3,93.7,,254.67,202.47,,228,180.63,,,,,,,,,,,,,,,,,,,,,
5107776,Santa Terezinha,resto_mt,Demais MT,FALSE,2007,3.2,3.3,,77.2,80.1,,230.58,169.74,,214.63,157.66,,,,,,,,,,,,,,,,,,,,,
5107792,Santo Antônio do Leste,resto_mt,Demais MT,FALSE,2007,3.7,3.4,,85.5,74.6,,239.13,184.11,,222.3,169.97,,,,,,,,,,,,,,,,,,,,,
5107800,Santo Antônio do Leverger,pantanal_norte,Pantanal-13,TRUE,2007,3,3.4,,78.1,79,,218.35,178.33,,210.8,166.64,,,,,,,,,,,,,,,,,,,,,
5107859,São Félix do Araguaia,resto_mt,Demais MT,FALSE,2007,2.8,3.6,,72.7,90,,217.72,168.97,,213.13,156.36,,,,,,,,,,,,,,,,,,,,,
5107875,Sapezal,resto_mt,Demais MT,FALSE,2007,3.8,4.4,,72,93,,262.41,186.8,,253.75,171.78,,,,,,,,,,,,,,,,,,,,,
5107883,Serra Nova Dourada,resto_mt,Demais MT,FALSE,2007,2.9,2.9,,72.3,76.4,,222.88,167.83,,221.36,142.19,,,,,,,,,,,,,,,,,,,,,
5107909,Sinop,resto_mt,Demais MT,FALSE,2007,4.1,4.6,,86.8,93,,250.49,194.38,,235.69,178.91,,,,,,,,,,,,,,,,,,,,,
5107925,Sorriso,resto_mt,Demais MT,FALSE,2007,4.3,4.8,,86.1,90.5,,259.85,202.72,,240.39,185.11,,,,,,,,,,,,,,,,,,,,,
5107941,Tabaporã,resto_mt,Demais MT,FALSE,2007,3.8,5.3,,87.2,96.1,,237.28,223.33,,222.78,180.6,,,,,,,,,,,,,,,,,,,,,
5107958,Tangará da Serra,resto_mt,Demais MT,FALSE,2007,3.8,4.1,,82.2,87.1,,247.11,189.33,,231.25,172.05,,,,,,,,,,,,,,,,,,,,,
5108006,Tapurah,resto_mt,Demais MT,FALSE,2007,4.3,4.9,,86.4,92,,257.54,214.35,,243.72,181.77,,,,,,,,,,,,,,,,,,,,,
5108055,Terra Nova do Norte,resto_mt,Demais MT,FALSE,2007,4.1,4.1,,87.4,88.5,,247.05,188.6,,235.36,166.82,,,,,,,,,,,,,,,,,,,,,
5108105,Tesouro,resto_mt,Demais MT,FALSE,2007,3.4,3.7,,86.9,82.3,,231.33,187.52,,204.58,164.38,,,,,,,,,,,,,,,,,,,,,
5108204,Torixoréu,resto_mt,Demais MT,FALSE,2007,4.1,4.1,,90.9,95,,243.13,178.63,,228.38,158.94,,,,,,,,,,,,,,,,,,,,,
5108303,União do Sul,resto_mt,Demais MT,FALSE,2007,3.5,2.7,,73.6,65.3,,237.08,178.86,,239.66,166.16,,,,,,,,,,,,,,,,,,,,,
5108352,Vale de São Domingos,resto_mt,Demais MT,FALSE,2007,3.5,3.7,,85.5,92,,230.1,173.41,,213.91,149.44,,,,,,,,,,,,,,,,,,,,,
5108402,Várzea Grande,polo_metropolitano,Polo Metropolitano,FALSE,2007,3.4,4.2,,80.9,91.7,,231.8,185.53,,219.86,169.55,,,,,,,,,,,,,,,,,,,,,
5108501,Vera,resto_mt,Demais MT,FALSE,2007,3.9,4.6,,80.6,93.7,,255.05,199.05,,239.72,171.63,,,,,,,,,,,,,,,,,,,,,
5108600,Vila Rica,resto_mt,Demais MT,FALSE,2007,3.4,4,,80.6,84.7,,232.25,185.41,,216.63,171.88,,,,,,,,,,,,,,,,,,,,,
5108808,Nova Guarita,resto_mt,Demais MT,FALSE,2007,4.1,4.1,,89.4,90.9,,248.85,185.14,,227.02,164.63,,,,,,,,,,,,,,,,,,,,,
5108857,Nova Marilândia,resto_mt,Demais MT,FALSE,2007,3.9,4.8,,90.6,96.8,,232.72,193.05,,221.8,184.52,,,,,,,,,,,,,,,,,,,,,
5108907,Nova Maringá,resto_mt,Demais MT,FALSE,2007,4.5,4.5,,90.7,92.2,,259.98,191.61,,240.32,175.13,,,,,,,,,,,,,,,,,,,,,
5108956,Nova Monte Verde,resto_mt,Demais MT,FALSE,2007,4.1,4.5,,86.7,89.3,,252.42,200.92,,232.42,176.46,,,,,,,,,,,,,,,,,,,,,
5100102,Acorizal,resto_mt,Demais MT,FALSE,2009,4,3.5,,92.6,83.6,,235,174.57,,226.49,162.35,,,,,,,,,,,,,,,,,,,,,
5100201,Água Boa,resto_mt,Demais MT,FALSE,2009,4.5,4.7,,91.4,97.6,,248.33,190.05,,247.08,179.47,,,,,,,,,,,,,,,,,,,,,
5100250,Alta Floresta,resto_mt,Demais MT,FALSE,2009,4.5,5.3,,91.7,98.5,,246.19,207.72,,246.94,188.8,,,,,,,,,,,,,,,,,,,,,
5100300,Alto Araguaia,resto_mt,Demais MT,FALSE,2009,4.1,4.8,,89.8,91.6,,240.02,203.05,,232.86,189.21,,,,,,,,,,,,,,,,,,,,,
5100359,Alto Boa Vista,resto_mt,Demais MT,FALSE,2009,4,4.3,,90.5,94.4,,234.25,184.27,,232.13,170.47,,,,,,,,,,,,,,,,,,,,,
5100409,Alto Garças,resto_mt,Demais MT,FALSE,2009,4.6,5,,92.4,96.6,,247.38,199.1,,252.72,186.19,,,,,,,,,,,,,,,,,,,,,
5100508,Alto Paraguai,resto_mt,Demais MT,FALSE,2009,3.6,5.2,,93.6,96,,219,214.08,,211.38,186.1,,,,,,,,,,,,,,,,,,,,,
5100607,Alto Taquari,resto_mt,Demais MT,FALSE,2009,4.6,4.8,,81.6,86.4,,272.82,213.53,,264.2,194.05,,,,,,,,,,,,,,,,,,,,,
5100805,Apiacás,resto_mt,Demais MT,FALSE,2009,4.1,4.3,,82.8,92.1,,248.6,192.69,,243.38,170.14,,,,,,,,,,,,,,,,,,,,,
5101001,Araguaiana,resto_mt,Demais MT,FALSE,2009,4,4.1,,92.8,90.7,,229.16,184.16,,230.66,165.88,,,,,,,,,,,,,,,,,,,,,
5101209,Araguainha,resto_mt,Demais MT,FALSE,2009,,3.6,,82.9,72.8,,,192.32,,,182.5,,,,,,,,,,,,,,,,,,,,,
5101258,Araputanga,resto_mt,Demais MT,FALSE,2009,4.6,5.3,,96.7,98.5,,241.47,209.69,,243.71,186.1,,,,,,,,,,,,,,,,,,,,,
5101308,Arenápolis,resto_mt,Demais MT,FALSE,2009,4.8,4.9,,96.1,98.9,,250.5,198.27,,249.39,178.08,,,,,,,,,,,,,,,,,,,,,
5101407,Aripuanã,resto_mt,Demais MT,FALSE,2009,4.2,4.8,,87.6,95.7,,248.27,197.69,,243.05,182.19,,,,,,,,,,,,,,,,,,,,,
5101605,Barão de Melgaço,pantanal_norte,Pantanal-13,TRUE,2009,3.9,4,,93.1,93.9,,229.07,175.8,,225.42,160.69,,,,,,,,,,,,,,,,,,,,,
5101704,Barra do Bugres,resto_mt,Demais MT,FALSE,2009,4.1,4.5,,90.7,93,,240.71,192.52,,233.86,175.77,,,,,,,,,,,,,,,,,,,,,
5101803,Barra do Garças,resto_mt,Demais MT,FALSE,2009,4.2,4.8,,86.4,93.9,,245.42,199.78,,248.35,186.58,,,,,,,,,,,,,,,,,,,,,
5101852,Bom Jesus do Araguaia,resto_mt,Demais MT,FALSE,2009,3.4,3.6,,79.3,85,,228.8,178.33,,225.13,158.8,,,,,,,,,,,,,,,,,,,,,
5101902,Brasnorte,resto_mt,Demais MT,FALSE,2009,4,4.1,,87.1,93.6,,240.13,179.58,,236.49,163.27,,,,,,,,,,,,,,,,,,,,,
5102504,Cáceres,pantanal_norte,Pantanal-13,TRUE,2009,4.4,4.6,,90.3,93.1,,243.96,196.13,,245.46,180.49,,,,,,,,,,,,,,,,,,,,,
5102603,Campinápolis,resto_mt,Demais MT,FALSE,2009,3.7,3.9,,86.2,94.4,,233.22,173.05,,227.92,159.52,,,,,,,,,,,,,,,,,,,,,
5102637,Campo Novo do Parecis,resto_mt,Demais MT,FALSE,2009,4.4,4.7,,84.6,88.6,,258.05,207,,255.33,184.27,,,,,,,,,,,,,,,,,,,,,
5102678,Campo Verde,resto_mt,Demais MT,FALSE,2009,4.4,5.2,,85.6,91.5,,257.72,214.36,,255.11,197.49,,,,,,,,,,,,,,,,,,,,,
5102686,Campos de Júlio,resto_mt,Demais MT,FALSE,2009,5.1,5.4,,91.5,94.3,,275.85,222.3,,256.94,198.66,,,,,,,,,,,,,,,,,,,,,
5102694,Canabrava do Norte,resto_mt,Demais MT,FALSE,2009,4,4.4,,90.8,94.4,,234.14,185.52,,228.83,172.69,,,,,,,,,,,,,,,,,,,,,
5102702,Canarana,resto_mt,Demais MT,FALSE,2009,4.1,4.6,,83.6,92.1,,250.91,196.22,,244.77,182.08,,,,,,,,,,,,,,,,,,,,,
5102793,Carlinda,resto_mt,Demais MT,FALSE,2009,4.3,5,,88.7,94.1,,246.11,205.66,,246.32,187.77,,,,,,,,,,,,,,,,,,,,,
5102850,Castanheira,resto_mt,Demais MT,FALSE,2009,3.8,4.6,,93.7,98.5,,223.49,191.03,,218.42,170.1,,,,,,,,,,,,,,,,,,,,,
5103007,Chapada dos Guimarães,resto_mt,Demais MT,FALSE,2009,4,4.3,,89.6,86.5,,236.8,196.52,,229.19,180.08,,,,,,,,,,,,,,,,,,,,,
5103056,Cláudia,resto_mt,Demais MT,FALSE,2009,4.4,5,,88.9,97.3,,249.91,200.22,,247.38,183.67,,,,,,,,,,,,,,,,,,,,,
5103106,Cocalinho,resto_mt,Demais MT,FALSE,2009,3.8,4.2,,81.5,92.6,,247.19,184.5,,233.16,166.41,,,,,,,,,,,,,,,,,,,,,
5103205,Colíder,resto_mt,Demais MT,FALSE,2009,4.3,4.8,,92.2,92.8,,243.77,203.46,,237.58,182.63,,,,,,,,,,,,,,,,,,,,,
5103254,Colniza,resto_mt,Demais MT,FALSE,2009,3.8,4.4,,87.4,94.9,,234.85,188.02,,227.58,166.3,,,,,,,,,,,,,,,,,,,,,
5103304,Comodoro,resto_mt,Demais MT,FALSE,2009,4.2,4.7,,88.2,91.2,,243.39,200.02,,242.05,187.11,,,,,,,,,,,,,,,,,,,,,
5103353,Confresa,resto_mt,Demais MT,FALSE,2009,4,4.4,,88.7,93.3,,236.71,189.25,,233.63,173.16,,,,,,,,,,,,,,,,,,,,,
5103361,Conquista D'Oeste,resto_mt,Demais MT,FALSE,2009,,3.9,,90,86,,,185.61,,,172.75,,,,,,,,,,,,,,,,,,,,,
5103379,Cotriguaçu,resto_mt,Demais MT,FALSE,2009,3.7,4.2,,79.8,90.8,,244.21,189.3,,235.08,168.97,,,,,,,,,,,,,,,,,,,,,
5103403,Cuiabá,polo_metropolitano,Polo Metropolitano,FALSE,2009,4.1,4.5,,88.4,94.9,,238.14,190.08,,237.07,174.83,,,,,,,,,,,,,,,,,,,,,
5103437,Curvelândia,pantanal_norte,Pantanal-13,TRUE,2009,4.4,4.7,,94.5,99.8,,246.55,189.91,,236.6,171.32,,,,,,,,,,,,,,,,,,,,,
5103452,Denise,resto_mt,Demais MT,FALSE,2009,4,4.7,,87.3,98.8,,240.03,192.64,,238.61,173.96,,,,,,,,,,,,,,,,,,,,,
5103502,Diamantino,resto_mt,Demais MT,FALSE,2009,4.3,4.9,,87,97.3,,248.28,195.86,,251.55,182.33,,,,,,,,,,,,,,,,,,,,,
5103601,Dom Aquino,resto_mt,Demais MT,FALSE,2009,4.4,4.6,,90.8,92.1,,243.78,195.53,,244.91,179.97,,,,,,,,,,,,,,,,,,,,,
5103700,Feliz Natal,resto_mt,Demais MT,FALSE,2009,4,4.7,,82.7,91,,247.75,201.32,,246.05,182.5,,,,,,,,,,,,,,,,,,,,,
5103809,Figueirópolis D'Oeste,resto_mt,Demais MT,FALSE,2009,4.3,5,,94.1,99.4,,232.97,199.44,,239.02,177.86,,,,,,,,,,,,,,,,,,,,,
5103858,Gaúcha do Norte,resto_mt,Demais MT,FALSE,2009,4.4,4.9,,97.1,99.5,,235.94,195.24,,235.25,175.47,,,,,,,,,,,,,,,,,,,,,
5103908,General Carneiro,resto_mt,Demais MT,FALSE,2009,4.1,5,,86,92.6,,245.22,210.8,,244.05,187.88,,,,,,,,,,,,,,,,,,,,,
5103957,Glória D'Oeste,pantanal_norte,Pantanal-13,TRUE,2009,4.9,5,,89.3,95.1,,262.72,197.75,,263.86,194.85,,,,,,,,,,,,,,,,,,,,,
5104104,Guarantã do Norte,resto_mt,Demais MT,FALSE,2009,4.4,4.3,,82,79.6,,261.11,212.35,,257.35,188.53,,,,,,,,,,,,,,,,,,,,,
5104203,Guiratinga,resto_mt,Demais MT,FALSE,2009,4.5,5.5,,94.2,98.3,,245,211.75,,241.55,195.47,,,,,,,,,,,,,,,,,,,,,
5104500,Indiavaí,resto_mt,Demais MT,FALSE,2009,3.8,3.5,,87.1,75,,230.11,183.75,,229.02,174.22,,,,,,,,,,,,,,,,,,,,,
5104526,Ipiranga do Norte,resto_mt,Demais MT,FALSE,2009,4.7,5.5,,97.5,94.3,,248.03,220.78,,240.75,199.32,,,,,,,,,,,,,,,,,,,,,
5104542,Itanhangá,resto_mt,Demais MT,FALSE,2009,4.1,4.3,,83.1,87.7,,255.33,191.74,,246.36,179.08,,,,,,,,,,,,,,,,,,,,,
5104559,Itaúba,resto_mt,Demais MT,FALSE,2009,4.4,5.2,,90.9,88,,251.66,224.83,,243.5,195.61,,,,,,,,,,,,,,,,,,,,,
5104609,Itiquira,pantanal_norte,Pantanal-13,TRUE,2009,4.3,4.9,,93.5,98.2,,231.88,194.75,,242.64,183.02,,,,,,,,,,,,,,,,,,,,,
5104807,Jaciara,resto_mt,Demais MT,FALSE,2009,4.4,5.1,,93.2,98.1,,242.72,201.33,,237.61,186.32,,,,,,,,,,,,,,,,,,,,,
5104906,Jangada,resto_mt,Demais MT,FALSE,2009,3.5,4.3,,92.2,98.6,,215.58,180.72,,211.63,161.66,,,,,,,,,,,,,,,,,,,,,
5105002,Jauru,resto_mt,Demais MT,FALSE,2009,4.6,5.7,,91.5,96.5,,252.22,224.91,,249.07,198.47,,,,,,,,,,,,,,,,,,,,,
5105101,Juara,resto_mt,Demais MT,FALSE,2009,4.6,5.3,,89.1,93.4,,255.85,217.3,,253.22,198.47,,,,,,,,,,,,,,,,,,,,,
5105150,Juína,resto_mt,Demais MT,FALSE,2009,4.3,4.8,,94,97.9,,239.33,197.47,,232.89,176.57,,,,,,,,,,,,,,,,,,,,,
5105176,Juruena,resto_mt,Demais MT,FALSE,2009,4.5,4.7,,82.3,88.4,,267.73,209.24,,261.73,184.24,,,,,,,,,,,,,,,,,,,,,
5105200,Juscimeira,pantanal_norte,Pantanal-13,TRUE,2009,4.1,4.9,,95.5,97.2,,231.94,201.97,,225.33,179.57,,,,,,,,,,,,,,,,,,,,,
5105234,Lambari D'Oeste,pantanal_norte,Pantanal-13,TRUE,2009,4.1,4,,97.6,92.6,,224.02,176.94,,225.83,161.97,,,,,,,,,,,,,,,,,,,,,
5105259,Lucas do Rio Verde,resto_mt,Demais MT,FALSE,2009,4.5,5.8,,89.5,95.7,,251.5,227.11,,249.52,205.13,,,,,,,,,,,,,,,,,,,,,
5105309,Luciara,resto_mt,Demais MT,FALSE,2009,3.2,3.6,,86.3,87.3,,215.92,173.47,,206.5,158.88,,,,,,,,,,,,,,,,,,,,,
5105507,Vila Bela da Santíssima Trindade,resto_mt,Demais MT,FALSE,2009,3.5,3.9,,83.3,88,,223.36,180.85,,226.58,167.25,,,,,,,,,,,,,,,,,,,,,
5105580,Marcelândia,resto_mt,Demais MT,FALSE,2009,4.3,4.8,,92.2,96.4,,240.8,200.25,,238.74,179.13,,,,,,,,,,,,,,,,,,,,,
5105606,Matupá,resto_mt,Demais MT,FALSE,2009,4.4,5.3,,95.4,99.4,,238.97,208.44,,239.41,185.36,,,,,,,,,,,,,,,,,,,,,
5105622,Mirassol D'Oeste,pantanal_norte,Pantanal-13,TRUE,2009,4.3,5.4,,93.7,96.1,,239.55,217.22,,237.39,190.89,,,,,,,,,,,,,,,,,,,,,
5105903,Nobres,resto_mt,Demais MT,FALSE,2009,4.1,4.5,,90.6,90,,231.21,196.47,,240.47,177.82,,,,,,,,,,,,,,,,,,,,,
5106000,Nortelândia,resto_mt,Demais MT,FALSE,2009,4.5,5.5,,96.1,99.3,,241.5,213.86,,239.38,191.72,,,,,,,,,,,,,,,,,,,,,
5106109,Nossa Senhora do Livramento,pantanal_norte,Pantanal-13,TRUE,2009,3.4,4.3,,87.9,95.5,,220.44,192.89,,212.08,158.14,,,,,,,,,,,,,,,,,,,,,
5106158,Nova Bandeirantes,resto_mt,Demais MT,FALSE,2009,3.7,4.7,,84.9,93.8,,235,198.53,,228.42,180.46,,,,,,,,,,,,,,,,,,,,,
5106174,Nova Nazaré,resto_mt,Demais MT,FALSE,2009,3.1,5.2,,89.9,89,,214.32,234.05,,195.78,186.75,,,,,,,,,,,,,,,,,,,,,
5106182,Nova Lacerda,resto_mt,Demais MT,FALSE,2009,3.4,4.3,,69.8,86.7,,247.94,199.63,,243.86,177.85,,,,,,,,,,,,,,,,,,,,,
5106190,Nova Santa Helena,resto_mt,Demais MT,FALSE,2009,4.5,5.2,,87.5,96.7,,257.92,211.77,,253.86,185.25,,,,,,,,,,,,,,,,,,,,,
5106208,Nova Brasilândia,resto_mt,Demais MT,FALSE,2009,3.9,,,81.9,94.3,,245.91,,,240.77,,,,,,,,,,,,,,,,,,,,,,
5106216,Nova Canaã do Norte,resto_mt,Demais MT,FALSE,2009,4.8,4.9,,94.4,91.8,,250.91,206.63,,251.77,188.1,,,,,,,,,,,,,,,,,,,,,
5106224,Nova Mutum,resto_mt,Demais MT,FALSE,2009,4.7,5.3,,93.7,97.4,,252.02,208.46,,252.28,190.47,,,,,,,,,,,,,,,,,,,,,
5106232,Nova Olímpia,resto_mt,Demais MT,FALSE,2009,4.1,5,,91.5,99.5,,233.64,201.61,,234.08,178.69,,,,,,,,,,,,,,,,,,,,,
5106240,Nova Ubiratã,resto_mt,Demais MT,FALSE,2009,3.5,4.6,,80.6,89.1,,235.92,208.1,,223.94,179.69,,,,,,,,,,,,,,,,,,,,,
5106257,Nova Xavantina,resto_mt,Demais MT,FALSE,2009,4.1,4.5,,88.7,88.1,,238.02,200.61,,237.92,183,,,,,,,,,,,,,,,,,,,,,
5106265,Novo Mundo,resto_mt,Demais MT,FALSE,2009,4.4,5.6,,94.1,98.3,,241.96,219.27,,237.08,195.57,,,,,,,,,,,,,,,,,,,,,
5106273,Novo Horizonte do Norte,resto_mt,Demais MT,FALSE,2009,4.5,4.3,,94.3,94,,244.22,185.52,,239.42,169.86,,,,,,,,,,,,,,,,,,,,,
5106281,Novo São Joaquim,resto_mt,Demais MT,FALSE,2009,4,4.8,,86.7,94.9,,239.13,200.83,,235.03,177.03,,,,,,,,,,,,,,,,,,,,,
5106299,Paranaíta,resto_mt,Demais MT,FALSE,2009,4.7,5,,94.3,93.8,,247.67,210.13,,248.52,184.11,,,,,,,,,,,,,,,,,,,,,
5106307,Paranatinga,resto_mt,Demais MT,FALSE,2009,4,4.7,,90.9,92.7,,234.8,201.24,,231.03,179.8,,,,,,,,,,,,,,,,,,,,,
5106315,Novo Santo Antônio,resto_mt,Demais MT,FALSE,2009,4.2,3.7,,95.6,89.1,,235.58,175.36,,232.28,159.83,,,,,,,,,,,,,,,,,,,,,
5106372,Pedra Preta,resto_mt,Demais MT,FALSE,2009,3.9,5.1,,87.9,96.7,,235.05,205.36,,232.61,186.94,,,,,,,,,,,,,,,,,,,,,
5106422,Peixoto de Azevedo,resto_mt,Demais MT,FALSE,2009,4.1,4.4,,92.6,97.6,,230.02,182.72,,234.96,166.77,,,,,,,,,,,,,,,,,,,,,
5106455,Planalto da Serra,resto_mt,Demais MT,FALSE,2009,4.6,4.6,,93.8,99.3,,256.89,188.94,,239.05,170.69,,,,,,,,,,,,,,,,,,,,,
5106505,Poconé,pantanal_norte,Pantanal-13,TRUE,2009,3.7,3.9,,90.2,94.9,,223.22,172.55,,220.61,158.16,,,,,,,,,,,,,,,,,,,,,
5106653,Pontal do Araguaia,resto_mt,Demais MT,FALSE,2009,4.6,4.9,,94,91,,242.08,205.3,,248.57,193.94,,,,,,,,,,,,,,,,,,,,,
5106703,Ponte Branca,resto_mt,Demais MT,FALSE,2009,4.7,5,,99.4,98.2,,241.02,204.1,,242.22,176.55,,,,,,,,,,,,,,,,,,,,,
5106752,Pontes e Lacerda,resto_mt,Demais MT,FALSE,2009,4.3,4.8,,90.6,94.9,,241.97,198.13,,240.69,182.33,,,,,,,,,,,,,,,,,,,,,
5106778,Porto Alegre do Norte,resto_mt,Demais MT,FALSE,2009,4.5,4.8,,93.4,96.2,,241.94,198.36,,246.05,178.63,,,,,,,,,,,,,,,,,,,,,
5106802,Porto dos Gaúchos,resto_mt,Demais MT,FALSE,2009,4.7,5.4,,92.3,98.8,,260.17,212.58,,249.3,191.97,,,,,,,,,,,,,,,,,,,,,
5106828,Porto Esperidião,pantanal_norte,Pantanal-13,TRUE,2009,4.4,4.8,,91.7,93.8,,246.3,199.57,,245.21,182.22,,,,,,,,,,,,,,,,,,,,,
5106851,Porto Estrela,resto_mt,Demais MT,FALSE,2009,3.5,4,,92.2,90.5,,212.16,183.58,,218.52,161.57,,,,,,,,,,,,,,,,,,,,,
5107008,Poxoréu,resto_mt,Demais MT,FALSE,2009,4.3,4.9,,91.3,97.5,,241.85,201.41,,239.88,179.94,,,,,,,,,,,,,,,,,,,,,
5107040,Primavera do Leste,resto_mt,Demais MT,FALSE,2009,4.1,4.9,,82.1,90.7,,249.36,206.67,,247.52,191.02,,,,,,,,,,,,,,,,,,,,,
5107065,Querência,resto_mt,Demais MT,FALSE,2009,5,4.9,,94.4,88,,260.66,218.05,,255.77,192.86,,,,,,,,,,,,,,,,,,,,,
5107107,São José dos Quatro Marcos,resto_mt,Demais MT,FALSE,2009,4.4,5.2,,96.5,97.1,,236.5,207.33,,235.55,187.3,,,,,,,,,,,,,,,,,,,,,
5107156,Reserva do Cabaçal,resto_mt,Demais MT,FALSE,2009,3.9,5,,88.3,98.1,,233.41,213.57,,234.22,168.41,,,,,,,,,,,,,,,,,,,,,
5107180,Ribeirão Cascalheira,resto_mt,Demais MT,FALSE,2009,4,4.4,,90.2,91.1,,233.08,192.94,,234.33,179,,,,,,,,,,,,,,,,,,,,,
5107198,Ribeirãozinho,resto_mt,Demais MT,FALSE,2009,5.3,5.5,,96.7,97.4,,264.69,218.27,,264.1,197.19,,,,,,,,,,,,,,,,,,,,,
5107206,Rio Branco,resto_mt,Demais MT,FALSE,2009,4.6,4.9,,88.3,94.9,,260.55,204.11,,252.22,180.97,,,,,,,,,,,,,,,,,,,,,
5107248,Santa Carmem,resto_mt,Demais MT,FALSE,2009,4.4,4.8,,87,93.6,,251,202.52,,245.64,178.25,,,,,,,,,,,,,,,,,,,,,
5107263,Santo Afonso,resto_mt,Demais MT,FALSE,2009,4.8,4.7,,95.4,99.5,,256.5,193.36,,246.11,169.05,,,,,,,,,,,,,,,,,,,,,
5107297,São José do Povo,resto_mt,Demais MT,FALSE,2009,4.4,3.2,,92.1,95.5,,246.71,149.63,,241.07,137.72,,,,,,,,,,,,,,,,,,,,,
5107305,São José do Rio Claro,resto_mt,Demais MT,FALSE,2009,4.2,5.1,,89.5,98.8,,239.82,204.08,,240.05,183.25,,,,,,,,,,,,,,,,,,,,,
5107354,São José do Xingu,resto_mt,Demais MT,FALSE,2009,4.1,4.4,,81.6,91.4,,254.66,193.94,,241.13,176.08,,,,,,,,,,,,,,,,,,,,,
5107404,São Pedro da Cipa,resto_mt,Demais MT,FALSE,2009,3.7,4.5,,86.9,97.4,,229.22,181.3,,230.25,175.55,,,,,,,,,,,,,,,,,,,,,
5107578,Rondolândia,resto_mt,Demais MT,FALSE,2009,2.8,3.7,,76,73.8,,219.49,192.61,,206.13,174.53,,,,,,,,,,,,,,,,,,,,,
5107602,Rondonópolis,pantanal_norte,Pantanal-13,TRUE,2009,4.5,5.2,,93.2,98.5,,244.44,203.85,,244.46,188.86,,,,,,,,,,,,,,,,,,,,,
5107701,Rosário Oeste,resto_mt,Demais MT,FALSE,2009,3.7,4,,93.3,93.1,,222.44,180.72,,213.74,163.13,,,,,,,,,,,,,,,,,,,,,
5107743,Santa Cruz do Xingu,resto_mt,Demais MT,FALSE,2009,4.7,4.4,,92.9,93.4,,259,183.69,,248.22,175.5,,,,,,,,,,,,,,,,,,,,,
5107750,Salto do Céu,resto_mt,Demais MT,FALSE,2009,3.9,4.3,,89,92.8,,230.1,188.5,,230.83,170.96,,,,,,,,,,,,,,,,,,,,,
5107768,Santa Rita do Trivelato,resto_mt,Demais MT,FALSE,2009,4.2,4.4,,86.8,92.4,,249.83,187.91,,237.96,178.46,,,,,,,,,,,,,,,,,,,,,
5107776,Santa Terezinha,resto_mt,Demais MT,FALSE,2009,4.6,5,,96.8,97.6,,240.64,199.28,,246.75,183.28,,,,,,,,,,,,,,,,,,,,,
5107792,Santo Antônio do Leste,resto_mt,Demais MT,FALSE,2009,4.1,,,90.3,85.9,,223.72,,,249.33,,,,,,,,,,,,,,,,,,,,,,
5107800,Santo Antônio do Leverger,pantanal_norte,Pantanal-13,TRUE,2009,3.8,3.7,,90.1,88.1,,228.58,173.1,,227.21,161.55,,,,,,,,,,,,,,,,,,,,,
5107859,São Félix do Araguaia,resto_mt,Demais MT,FALSE,2009,3.7,3.7,,90.3,90.8,,219.66,169,,226.39,158.88,,,,,,,,,,,,,,,,,,,,,
5107875,Sapezal,resto_mt,Demais MT,FALSE,2009,4.6,4.6,,87.5,93.9,,258.23,193.88,,257.26,176.14,,,,,,,,,,,,,,,,,,,,,
5107883,Serra Nova Dourada,resto_mt,Demais MT,FALSE,2009,,4.6,,93.1,92.3,,,194.32,,,179.6,,,,,,,,,,,,,,,,,,,,,
5107909,Sinop,resto_mt,Demais MT,FALSE,2009,4.5,4.7,,92,89.9,,246.88,205.92,,248.13,188.77,,,,,,,,,,,,,,,,,,,,,
5107925,Sorriso,resto_mt,Demais MT,FALSE,2009,4.5,5.2,,87.6,93.7,,255.47,213.33,,250.41,190.77,,,,,,,,,,,,,,,,,,,,,
5107941,Tabaporã,resto_mt,Demais MT,FALSE,2009,4.2,5.3,,87.3,96.4,,246.72,210.94,,239.11,191.6,,,,,,,,,,,,,,,,,,,,,
5107958,Tangará da Serra,resto_mt,Demais MT,FALSE,2009,4.2,4.8,,87.2,92.8,,248.61,204,,243.99,184.22,,,,,,,,,,,,,,,,,,,,,
5108006,Tapurah,resto_mt,Demais MT,FALSE,2009,4.2,4.7,,89.1,95.1,,242.86,198.78,,238.77,174.33,,,,,,,,,,,,,,,,,,,,,
5108055,Terra Nova do Norte,resto_mt,Demais MT,FALSE,2009,4.6,4.8,,93.2,95.8,,250.72,196.28,,247.74,181.22,,,,,,,,,,,,,,,,,,,,,
5108105,Tesouro,resto_mt,Demais MT,FALSE,2009,3.5,,,86.7,96.2,,237.78,,,212.24,,,,,,,,,,,,,,,,,,,,,,
5108204,Torixoréu,resto_mt,Demais MT,FALSE,2009,3.8,4.6,,93.1,98.1,,225.58,188.28,,218.44,171.86,,,,,,,,,,,,,,,,,,,,,
5108303,União do Sul,resto_mt,Demais MT,FALSE,2009,,4.4,,91.8,82.7,,,205.38,,,191,,,,,,,,,,,,,,,,,,,,,
5108352,Vale de São Domingos,resto_mt,Demais MT,FALSE,2009,3.6,4.6,,80.7,94,,241.88,197.66,,232.47,173.75,,,,,,,,,,,,,,,,,,,,,
5108402,Várzea Grande,polo_metropolitano,Polo Metropolitano,FALSE,2009,3.9,4.6,,87.1,93.8,,233.38,192.19,,232.97,177.03,,,,,,,,,,,,,,,,,,,,,
5108501,Vera,resto_mt,Demais MT,FALSE,2009,3.6,5,,87.5,99.5,,227.16,197.78,,221.44,178.25,,,,,,,,,,,,,,,,,,,,,
5108600,Vila Rica,resto_mt,Demais MT,FALSE,2009,3.9,4.3,,82.9,93.8,,242.03,186.78,,243.44,168.77,,,,,,,,,,,,,,,,,,,,,
5108808,Nova Guarita,resto_mt,Demais MT,FALSE,2009,4.4,4.7,,90.8,94.5,,250.32,195.1,,240.97,181.91,,,,,,,,,,,,,,,,,,,,,
5108857,Nova Marilândia,resto_mt,Demais MT,FALSE,2009,,6.4,,91.8,97.5,,,251.66,,,212.58,,,,,,,,,,,,,,,,,,,,,
5108907,Nova Maringá,resto_mt,Demais MT,FALSE,2009,4.2,5,,83.2,94.6,,254.66,208.08,,248.49,184.83,,,,,,,,,,,,,,,,,,,,,
5108956,Nova Monte Verde,resto_mt,Demais MT,FALSE,2009,4.7,4.9,,94.8,94.7,,252.16,206.22,,242.38,180.13,,,,,,,,,,,,,,,,,,,,,
5100102,Acorizal,resto_mt,Demais MT,FALSE,2011,4.2,4.6,,98.5,94.2,,232.36,188.22,,225.49,178.13,,178.14,214.81,188.23,223.59,,,,,,,5.2,0,6.1,1.2,,,,,,
5100201,Água Boa,resto_mt,Demais MT,FALSE,2011,4.7,5.1,,94.7,99.9,,250.63,198.63,,251,185.25,,185.26,248.07,198.63,249.4,,,,,,,8.6,2.2,10.7,2.9,,,,,,
5100250,Alta Floresta,resto_mt,Demais MT,FALSE,2011,4.7,5.3,,96.5,98.8,,249.25,205.27,,241.42,189.46,,196.68,244.76,215.82,253.93,271.07,283.61,,,,,14.5,3.5,24.7,4.6,0,0,,,,
5100300,Alto Araguaia,resto_mt,Demais MT,FALSE,2011,4.3,5.3,,93.9,97.5,,243.1,210.07,,232.8,189.85,,189.85,232.8,210.07,243.1,,,,,,,12.7,2.3,20.3,2,,,,,,
5100359,Alto Boa Vista,resto_mt,Demais MT,FALSE,2011,4.1,4.6,,95.9,96.7,,234.25,191.71,,223.03,170.83,,170.84,223.04,191.71,234.26,,,,,,,1.7,0,8,2.2,,,,,,
5100409,Alto Garças,resto_mt,Demais MT,FALSE,2011,4.2,5.1,,90.2,93.3,,240.66,208.82,,238.16,193.24,,193.24,238.17,208.82,240.66,,,,,,,8.6,1.4,18.2,1.7,,,,,,
5100508,Alto Paraguai,resto_mt,Demais MT,FALSE,2011,4,4.5,,89.1,99.4,,237.52,184.22,,230.05,169.38,,167.18,230.06,180.74,237.52,,,,,,,2,0,3.9,2.5,,,,,,
5100607,Alto Taquari,resto_mt,Demais MT,FALSE,2011,4.3,5,,86.7,92.2,,258.61,213.27,,241.88,187.66,,187.67,241.89,213.28,258.62,,,,,,,6.5,4.2,16.5,4.1,,,,,,
5100805,Apiacás,resto_mt,Demais MT,FALSE,2011,4.4,4.8,,97.2,99.5,,240.16,193.25,,231.58,174.11,,174.12,231.58,193.26,240.17,282.88,288.15,,,,,7.4,0,14,4.8,0,0,,,,
5101001,Araguaiana,resto_mt,Demais MT,FALSE,2011,4,4.7,,95.9,93.7,,228.55,188.66,,224.69,191.14,,191.15,224.7,188.66,228.56,,,,,,,10.2,0,12.4,0,,,,,,
5101209,Araguainha,resto_mt,Demais MT,FALSE,2011,4,3.5,,91.5,80.2,,244.02,182.24,,228.41,169.77,,169.77,228.41,182.24,244.03,,,,,,,0,0,11.1,0,,,,,,
5101258,Araputanga,resto_mt,Demais MT,FALSE,2011,4.7,5.4,,97.1,99.5,,246.97,208.77,,247.33,188.67,,188.68,247.33,208.78,246.98,,,,,,,7,3,19.4,3.9,,,,,,
5101308,Arenápolis,resto_mt,Demais MT,FALSE,2011,4.8,4.7,,97,100,,247.8,187.11,,251.35,174.28,,174.29,251.35,187.12,247.81,,,,,,,4,5.6,10,2,,,,,,
5101407,Aripuanã,resto_mt,Demais MT,FALSE,2011,4.1,4.9,,90.8,97.7,,241.67,198.5,,234.38,180.83,,178.6,227.12,198.54,237.41,245.47,257.86,,,,,3.6,1.9,10.2,1.6,0,0,,,,
5101605,Barão de Melgaço,pantanal_norte,Pantanal-13,TRUE,2011,3.4,4,,94.8,100,,211.07,168.96,,206.75,152.64,,152.65,210.56,168.96,211.06,,,,,,,1.6,0,0,0,,,,,,
5101704,Barra do Bugres,resto_mt,Demais MT,FALSE,2011,4,4.6,,93,93.7,,231.69,192.69,,224.96,177.02,,176.45,228.36,193.78,237.39,257.35,263.13,,,,,4.6,2.1,10.7,4.5,0,0,,,,
5101803,Barra do Garças,resto_mt,Demais MT,FALSE,2011,4.5,4.8,,92.9,93.9,,245.83,198.36,,243.11,185.58,,194.62,242.49,209.15,245.29,322.07,346.5,,,,,12.5,3.5,21,3.9,0,0,,,,
5101852,Bom Jesus do Araguaia,resto_mt,Demais MT,FALSE,2011,3.9,4.1,,95.3,98.1,,226.72,171.57,,221.97,159.44,,170.94,221.98,204.33,226.73,,,,,,,0.4,1.8,12.2,0,,,,,,
5101902,Brasnorte,resto_mt,Demais MT,FALSE,2011,3.9,4.4,,89.5,94.1,,235.38,185.05,,228.52,173.6,,173.6,226.44,185.05,234.06,,,,,,,5.2,2.1,7.3,0,,,,,,
5102504,Cáceres,pantanal_norte,Pantanal-13,TRUE,2011,4.2,4.7,,94,96.9,,234.8,190.25,,234.39,176.55,,179.46,233.67,192.95,235.22,261.15,256.42,,,,,7.1,2,9.3,2.9,0,0,,,,
5102603,Campinápolis,resto_mt,Demais MT,FALSE,2011,4.2,4.4,,95.3,98,,237.85,188.63,,227.41,162.72,,162.72,227.42,188.64,237.85,243.74,255.85,,,,,1.4,3.6,15.5,5.2,0,0,,,,
5102637,Campo Novo do Parecis,resto_mt,Demais MT,FALSE,2011,4,4.5,,83.1,85.2,,249.25,207.75,,243.89,187.58,,185.91,243.02,204.17,247.98,,,,,,,6.5,2.2,14.4,2.6,,,,,,
5102678,Campo Verde,resto_mt,Demais MT,FALSE,2011,4.9,5.5,,95.4,95.6,,257.7,216.69,,249.07,199.71,,197.02,252.47,212.37,262.37,244.48,241.64,,,,,11,3.4,19.3,9,0,0,,,,
5102686,Campos de Júlio,resto_mt,Demais MT,FALSE,2011,5,5.6,,96.9,99.6,,259.6,214.08,,249.36,198.32,,198.32,249.36,214.09,259.6,,,,,,,13,1.1,22.4,7.9,,,,,,
5102694,Canabrava do Norte,resto_mt,Demais MT,FALSE,2011,3.7,4,,91.7,92.8,,233.13,176.19,,212.36,157.63,,157.64,207.25,176.19,234.27,,,,,,,0,0,3.4,1.6,,,,,,
5102702,Canarana,resto_mt,Demais MT,FALSE,2011,4.3,5.5,,94,98.2,,238.32,216.19,,235.83,190.72,,180.04,235.16,205.68,237.21,,,,,,,6.2,3.5,12.2,0.9,,,,,,
5102793,Carlinda,resto_mt,Demais MT,FALSE,2011,4.2,5.3,,86.9,97.7,,248.5,206.5,,241.11,194.66,,189.96,236.12,202.21,244.15,229.04,244.79,,,,,7.5,3.1,15.3,1.8,0,0,,,,
5102850,Castanheira,resto_mt,Demais MT,FALSE,2011,3.7,4.9,,96.3,98.9,,216.42,199.78,,209.97,175.33,,175.33,205.3,199.79,214.84,240.12,249.47,,,,,3.7,0.6,11.9,0.6,0,0,,,,
5103007,Chapada dos Guimarães,resto_mt,Demais MT,FALSE,2011,3.9,4.4,,89.5,91.4,,230.63,191.89,,230.25,177.3,,175.09,223.36,189.74,226.17,,,,,,,4.8,2.7,5.7,1.7,,,,,,
5103056,Cláudia,resto_mt,Demais MT,FALSE,2011,4.1,4.4,,86.7,92.7,,242.67,192.08,,237.69,174.14,,174.15,237.69,192.08,242.68,,,,,,,6.9,4.6,7.4,1.5,,,,,,
5103106,Cocalinho,resto_mt,Demais MT,FALSE,2011,4.3,4.3,,91.7,93.5,,243.3,188.07,,237.8,170.8,,170.8,237.81,188.07,243.31,,,,,,,2,0,6,2.1,,,,,,
5103205,Colíder,resto_mt,Demais MT,FALSE,2011,4.3,5.1,,90.1,96.6,,244.89,202.07,,238.38,187.8,,194.21,236.63,210.79,244.12,,,,,,,9.6,2.9,22.2,3.1,,,,,,
5103254,Colniza,resto_mt,Demais MT,FALSE,2011,3.9,4.6,,93.6,97.9,,228.88,187.88,,219.02,174.27,,171.61,217.2,186.24,227.38,,,,,,,2.9,1.7,7.8,2.3,,,,,,
5103304,Comodoro,resto_mt,Demais MT,FALSE,2011,4.6,5,,96.1,93.9,,246.08,205.69,,243.11,189.55,,189.56,229.93,205.7,244.51,240.78,233.96,,,,,9.4,0.6,18.9,0.7,0,0,,,,
5103353,Confresa,resto_mt,Demais MT,FALSE,2011,3.9,4.5,,89.8,95,,233.94,189.52,,224.99,172.67,,167.86,225.28,184.45,232.46,,,,,,,3.9,0.6,6.3,2.1,,,,,,
5103361,Conquista D'Oeste,resto_mt,Demais MT,FALSE,2011,4,5.4,,93.2,99.7,,241.22,211.25,,221.53,185.82,,185.82,221.54,211.26,241.22,,,,,,,6.9,0,27.1,0,,,,,,
5103379,Cotriguaçu,resto_mt,Demais MT,FALSE,2011,3.8,4.8,,85.1,92.6,,240.19,199.28,,227.27,190,,177.9,220.46,191.76,237.13,250.92,261.81,,,,,6.1,0,10.1,0.6,0,0,,,,
5103403,Cuiabá,polo_metropolitano,Polo Metropolitano,FALSE,2011,4.1,4.8,,93,97.3,,233.94,195.17,,231.02,179.58,,186.03,241.19,202.76,246.45,258.05,266.08,,,,,8,4.4,15,7.3,0,0,,,,
5103437,Curvelândia,pantanal_norte,Pantanal-13,TRUE,2011,4.3,3.9,,97,99.5,,234.91,166.6,,230.05,153.47,,153.48,230.05,166.6,234.92,,,,,,,1.2,1.5,2.5,3,,,,,,
5103452,Denise,resto_mt,Demais MT,FALSE,2011,4.3,4.9,,97.3,100,,237.97,193.83,,225.92,180.41,,180.41,225.93,193.84,237.97,,,,,,,9,2.4,10.9,4.3,,,,,,
5103502,Diamantino,resto_mt,Demais MT,FALSE,2011,4.4,5,,96.1,99.2,,237.5,193.94,,234.55,186.02,,184.65,232.22,191.88,234.54,295.6,321.79,,,,,3.9,2.9,9.7,2.3,0,0,,,,
5103601,Dom Aquino,resto_mt,Demais MT,FALSE,2011,4.5,5.1,,96.3,99.4,,249.72,203.13,,233.21,179.53,,179.54,229.79,203.14,243.36,,,,,,,6.3,3.4,15.4,8.8,,,,,,
5103700,Feliz Natal,resto_mt,Demais MT,FALSE,2011,3.8,4.2,,74,90.4,,264.88,191.47,,243.96,167.24,,167.24,243.96,191.47,264.88,,,,,,,1.1,2.5,4.3,6.4,,,,,,
5103809,Figueirópolis D'Oeste,resto_mt,Demais MT,FALSE,2011,4.1,5,,93,99.6,,249.88,202.91,,224.8,176.3,,176.3,224.8,202.91,249.89,,,,,,,9.6,2.4,20.6,0,,,,,,
5103858,Gaúcha do Norte,resto_mt,Demais MT,FALSE,2011,4.5,4.9,,97.5,97.9,,250.47,195.97,,229.86,182.52,,182.53,229.87,195.98,250.47,,,,,,,10.5,0,11.9,3.2,,,,,,
5103908,General Carneiro,resto_mt,Demais MT,FALSE,2011,4.2,4.5,,94.6,94.3,,231.8,190.55,,232.16,174,,174.01,249.58,190.55,251.67,,,,,,,5.9,1.9,17.6,3.4,,,,,,
5103957,Glória D'Oeste,pantanal_norte,Pantanal-13,TRUE,2011,4.6,5.6,,92.7,100,,254.13,227.32,,246.63,183.66,,183.66,246.63,227.32,254.14,,,,,,,0,0,35.4,8.7,,,,,,
5104104,Guarantã do Norte,resto_mt,Demais MT,FALSE,2011,4.7,5,,89.7,94.1,,265.22,207.77,,251.44,189.14,,189.15,251.38,207.78,267.69,,,,,,,6.9,2.4,18.4,8.1,,,,,,
5104203,Guiratinga,resto_mt,Demais MT,FALSE,2011,4.8,4.9,,98.1,99.9,,250.97,193.88,,241.14,179.77,,179.77,241.15,193.89,250.98,,,,,,,3.9,2.7,11.4,4.4,,,,,,
5104500,Indiavaí,resto_mt,Demais MT,FALSE,2011,3.8,3.7,,87.4,82.7,,227.58,180.57,,232.61,169.08,,169.09,232.61,180.57,227.59,,,,,,,1.9,0,1.9,0,,,,,,
5104526,Ipiranga do Norte,resto_mt,Demais MT,FALSE,2011,4.3,5.4,,87.5,92.8,,252.02,221.14,,246.02,198.85,,198.85,246.03,221.15,252.03,,,,,,,11.9,2.4,28,3,,,,,,
5104542,Itanhangá,resto_mt,Demais MT,FALSE,2011,4.9,5.1,,94.3,95.1,,258.89,211.58,,252.16,186.75,,186.76,249.06,211.59,254.71,,,,,,,7.4,2.9,15,2.8,,,,,,
5104559,Itaúba,resto_mt,Demais MT,FALSE,2011,3.7,4.1,,87.3,86.2,,241.24,191.94,,221.58,175.03,,175.04,221.59,191.94,241.24,,,,,,,4.1,1.1,11.6,5.5,,,,,,
5104609,Itiquira,pantanal_norte,Pantanal-13,TRUE,2011,4.3,5,,96.5,98.3,,236.3,194.52,,230.85,186.67,,188.5,232.56,191.45,238.17,,,,,,,10.4,1.5,10.1,2.9,,,,,,
5104807,Jaciara,resto_mt,Demais MT,FALSE,2011,4.4,5.1,,97.7,99.4,,238.3,196.33,,234.63,186.69,,183.16,234.63,192.59,238.3,,,,,,,3.4,1.2,4.5,4,,,,,,
5104906,Jangada,resto_mt,Demais MT,FALSE,2011,4,4.6,,97.4,99.7,,227.38,183.11,,219.63,171.25,,166.91,196.61,180.3,199.09,198.69,222.04,,,,,1.6,0.3,3.2,0,0,0,,,,
5105002,Jauru,resto_mt,Demais MT,FALSE,2011,4.1,5.6,,93.1,99.6,,238.17,218.94,,227.57,192.52,,187.46,221.47,216.22,231.03,267.29,274.28,,,,,7.7,1.2,23.7,3.4,0,0,,,,
5105101,Juara,resto_mt,Demais MT,FALSE,2011,4.8,5.6,,94.8,97.1,,256.17,218.41,,250.72,200.6,,200.13,249.99,217.92,255.83,,,,,,,15.5,3.3,25,5.8,,,,,,
5105150,Juína,resto_mt,Demais MT,FALSE,2011,4.5,5.2,,97.7,99.7,,244.02,202.47,,235.11,186.08,,185.26,239.65,201.57,249.16,297.84,325.27,,,,,7.4,4.6,15,5.9,0,0,,,,
5105176,Juruena,resto_mt,Demais MT,FALSE,2011,4.9,5.1,,94.6,91.7,,258.77,217.13,,250.52,192.5,,192.51,250.53,217.14,258.78,,,,,,,10.2,3.3,21.3,5.6,,,,,,
5105200,Juscimeira,pantanal_norte,Pantanal-13,TRUE,2011,4.6,4.7,,96.8,98.1,,247.22,192.78,,238.44,170.94,,173.75,208.54,196.17,226.44,273.14,251.51,,,,,4.5,0.3,9.8,0.9,0,0,,,,
5105234,Lambari D'Oeste,pantanal_norte,Pantanal-13,TRUE,2011,3.3,4,,97.6,94.1,,201.91,174.94,,199.75,163.86,,164.75,212.41,175.3,215.37,,,,,,,0,0,3.3,0,,,,,,
5105259,Lucas do Rio Verde,resto_mt,Demais MT,FALSE,2011,5,6.1,,94.2,96.8,,264.17,230.83,,258.45,214.41,,214.41,258.94,230.84,264.79,250.31,257.68,,,,,19.6,5.2,34.1,7.3,0,0,,,,
5105309,Luciara,resto_mt,Demais MT,FALSE,2011,3.6,3.8,,86,93.3,,232.44,175.07,,222.55,153.85,,153.85,222.55,175.07,232.44,245.01,265.72,,,,,5.3,0,5.3,0,0,0,,,,
5105507,Vila Bela da Santíssima Trindade,resto_mt,Demais MT,FALSE,2011,3.6,3.9,,85,93.5,,230.75,175.46,,222.39,156.71,,158.99,219.75,177.42,232.79,,,,,,,1.5,0.7,2.1,1.5,,,,,,
5105580,Marcelândia,resto_mt,Demais MT,FALSE,2011,4.2,4.9,,97.3,99.8,,228.21,197.11,,229.05,174.25,,174.25,227.95,197.12,230.15,248.67,268.9,,,,,5.2,4,11.4,1,0,0,,,,
5105606,Matupá,resto_mt,Demais MT,FALSE,2011,4.5,5.8,,98.2,99.5,,239.16,220.63,,237.49,201.86,,199.45,232.45,216.04,238.15,,,,,,,11.5,2.6,26.1,2,,,,,,
5105622,Mirassol D'Oeste,pantanal_norte,Pantanal-13,TRUE,2011,4.2,5,,95.7,97.8,,234.57,200.91,,232.64,183.08,,190.76,237.53,213.33,239.3,,,,,,,8,1.2,24.2,2.5,,,,,,
5105903,Nobres,resto_mt,Demais MT,FALSE,2011,4.3,4.4,,94.2,94.9,,236.52,187.02,,236.38,170.78,,170.85,229.18,187.54,230.67,,,,,,,2.4,0,9.2,1,,,,,,
5106000,Nortelândia,resto_mt,Demais MT,FALSE,2011,4.7,5.7,,97.3,99.3,,244.13,211.97,,246.63,203.75,,203.76,246.64,211.97,244.14,,,,,,,17.8,4,27.9,2.3,,,,,,
5106109,Nossa Senhora do Livramento,pantanal_norte,Pantanal-13,TRUE,2011,3.6,4,,92.4,98.5,,219.69,170.05,,213.8,156.36,,156.37,204.93,170.06,209.5,,,,,,,0,0,8.2,0,,,,,,
5106158,Nova Bandeirantes,resto_mt,Demais MT,FALSE,2011,4,4.8,,91.8,95.8,,235.36,200.46,,225.61,175.77,,178.05,225.77,199.35,238.05,,,,,,,5.2,0.7,14.7,3,,,,,,
5106174,Nova Nazaré,resto_mt,Demais MT,FALSE,2011,,4,,87.9,78.8,,,205.02,,,172.32,,172.32,,205.03,,,,,,,,0,,14.1,,,,,,,
5106182,Nova Lacerda,resto_mt,Demais MT,FALSE,2011,4,4.8,,87.8,87.1,,238.77,211,,238.3,194.64,,194.65,238.3,211.01,238.77,,,,,,,10.3,1.4,21.4,0,,,,,,
5106190,Nova Santa Helena,resto_mt,Demais MT,FALSE,2011,3.7,4.7,,85.2,92,,237.41,198.07,,229.13,182.1,,182.1,229.13,198.07,237.41,,,,,,,9.3,0,11.3,1.9,,,,,,
5106208,Nova Brasilândia,resto_mt,Demais MT,FALSE,2011,3.9,4.5,,94,99.8,,230.49,187.05,,218.46,162.08,,162.09,218.46,187.06,230.49,,,,,,,3.2,2.1,7.6,1.9,,,,,,
5106216,Nova Canaã do Norte,resto_mt,Demais MT,FALSE,2011,4.6,4.9,,94.6,97.4,,252.6,196.3,,239.42,182.64,,179.71,238.28,195.41,250.78,,,,,,,5.7,3.2,7,3.3,,,,,,
5106224,Nova Mutum,resto_mt,Demais MT,FALSE,2011,4.9,5.4,,98.3,99.7,,254.33,210.1,,245.41,191.03,,203.92,251.33,223,261.88,323.96,349.02,,,,,17.7,5.3,34.2,8.2,0,0,,,,
5106232,Nova Olímpia,resto_mt,Demais MT,FALSE,2011,4.1,5.1,,96.5,99.2,,231.69,204.77,,225.97,179.42,,188.55,224.5,212.31,230.48,,,,,,,13.9,1.2,25.8,0.6,,,,,,
5106240,Nova Ubiratã,resto_mt,Demais MT,FALSE,2011,4.5,4.8,,87.1,95.2,,251.22,201.89,,258.44,177.33,,173.71,234.99,196.46,261,,,,,,,4.4,0.6,15.5,0.5,,,,,,
5106257,Nova Xavantina,resto_mt,Demais MT,FALSE,2011,4.1,4.9,,93.1,98.2,,235.67,197.11,,229.14,181.07,,181.07,230.87,197.11,242.47,,,,,,,7,1.4,9.8,5.8,,,,,,
5106265,Novo Mundo,resto_mt,Demais MT,FALSE,2011,4.7,5.2,,96.2,98.4,,249.25,209.33,,246.61,182.5,,179.75,238.4,196.61,241.63,,,,,,,3.1,6.5,15.2,5.1,,,,,,
5106273,Novo Horizonte do Norte,resto_mt,Demais MT,FALSE,2011,4.4,5.4,,97.4,95.7,,232.72,213.83,,236.6,194.19,,194.19,236.6,213.84,232.73,,,,,,,9.1,0,18.1,1.7,,,,,,
5106281,Novo São Joaquim,resto_mt,Demais MT,FALSE,2011,4.5,4.7,,92.2,95.9,,252.3,194.28,,241.19,178.38,,174.91,241.2,191.62,252.31,,,,,,,3.2,2,7.7,3.9,,,,,,
5106299,Paranaíta,resto_mt,Demais MT,FALSE,2011,4.7,5.1,,93.2,96.3,,256.42,207.38,,243.47,184.44,,183.4,239.61,204.32,250.21,,,,,,,6.8,1.4,13.9,1.7,,,,,,
5106307,Paranatinga,resto_mt,Demais MT,FALSE,2011,4.3,5.2,,93.6,96.2,,240.24,208.11,,234.19,191.22,,191.23,234.19,208.12,240.24,,,,,,,10.2,2.2,20,3.1,,,,,,
5106315,Novo Santo Antônio,resto_mt,Demais MT,FALSE,2011,3.9,3.2,,81.8,86,,247.47,165,,233.47,143.75,,143.76,233.48,165.01,247.47,,,,,,,0,0,0,7.7,,,,,,
5106372,Pedra Preta,resto_mt,Demais MT,FALSE,2011,4.4,5.3,,94.4,98.4,,244.08,207.92,,236.03,188.16,,191.29,237.74,209.16,245.11,278.9,266.95,,,,,10.6,3.6,21.5,5.1,0,0,,,,
5106422,Peixoto de Azevedo,resto_mt,Demais MT,FALSE,2011,3.9,4.8,,93.3,99.2,,226.36,193.22,,223.52,177.92,,174.97,220.35,190.57,223.43,,,,,,,6,1.3,12.7,0.9,,,,,,
5106455,Planalto da Serra,resto_mt,Demais MT,FALSE,2011,4.5,4.7,,96.7,100,,247.33,187.19,,231.91,171.83,,180.8,231.91,200.16,247.34,,,,,,,6.3,0,13,0,,,,,,
5106505,Poconé,pantanal_norte,Pantanal-13,TRUE,2011,3.7,4,,93.5,97.9,,221.38,168.91,,220.32,158.46,,167.32,217.91,175.54,219,,,,,,,4.5,1.4,3.5,0.5,,,,,,
5106653,Pontal do Araguaia,resto_mt,Demais MT,FALSE,2011,4.2,4.6,,88,93.1,,246.47,194.02,,238.11,181.75,,181.75,238.12,194.02,246.48,255.96,270.93,,,,,8.9,1.6,7.7,1.5,0,0,,,,
5106703,Ponte Branca,resto_mt,Demais MT,FALSE,2011,4.8,5.4,,95,94,,255.3,224.02,,247.61,195.21,,195.21,247.62,224.03,255.31,,,,,,,5.6,3.1,22.2,3.9,,,,,,
5106752,Pontes e Lacerda,resto_mt,Demais MT,FALSE,2011,4.7,5.2,,96.2,98.4,,248.88,204.66,,241.36,189.82,,187.35,240.73,202.46,248.73,254.74,249.82,,,,,8.7,2.7,17,4.2,0,0,,,,
5106778,Porto Alegre do Norte,resto_mt,Demais MT,FALSE,2011,4.5,4.5,,99,98.7,,237.22,185.28,,234.02,170.64,,166.44,234.03,180.32,237.22,,,,,,,3.4,3.2,7.6,1.9,,,,,,
5106802,Porto dos Gaúchos,resto_mt,Demais MT,FALSE,2011,4.6,5,,92.2,98.9,,255.25,200.22,,245.13,180.19,,171.73,244.58,190.55,247.56,,,,,,,0.2,1,12.9,1,,,,,,
5106828,Porto Esperidião,pantanal_norte,Pantanal-13,TRUE,2011,4.5,5.3,,94.5,98.2,,248.69,211.13,,237.05,188.72,,198.04,233.05,226.11,241.9,,,,,,,9.4,1.8,36.9,6,,,,,,
5106851,Porto Estrela,resto_mt,Demais MT,FALSE,2011,3.8,4.3,,94.8,92.2,,227.99,187.66,,214.19,170.05,,170.05,214.19,187.66,227.99,,,,,,,2.9,1.6,8.8,2.6,,,,,,
5107008,Poxoréu,resto_mt,Demais MT,FALSE,2011,4.5,5.3,,95.8,99.3,,244.08,205.92,,237.38,189.08,,188.34,232.64,205.35,241.35,265.59,269.99,,,,,8.1,2,15.8,4.2,0,0,,,,
5107040,Primavera do Leste,resto_mt,Demais MT,FALSE,2011,4.5,5,,91.3,91.8,,252.94,209.27,,244.72,193.96,,193.54,244.99,208.94,253.32,293.48,300.14,,,,,9.5,2.3,18,5.7,0,0,,,,
5107065,Querência,resto_mt,Demais MT,FALSE,2011,4.9,5.5,,96.9,97.9,,253.77,215.86,,250.69,192.47,,178.42,249.61,206.28,253.27,,,,,,,8.6,4,18.4,4.6,,,,,,
5107107,São José dos Quatro Marcos,resto_mt,Demais MT,FALSE,2011,4.1,5.3,,95.6,97,,229.36,213.14,,230.86,190.22,,190.23,230.87,213.15,229.37,,,,,,,9.9,2.4,17.5,1.1,,,,,,
5107156,Reserva do Cabaçal,resto_mt,Demais MT,FALSE,2011,4,5.8,,97.8,98.2,,224.86,233.94,,221.32,190.49,,190.49,221.32,233.95,224.87,,,,,,,5.7,0,42.5,0,,,,,,
5107180,Ribeirão Cascalheira,resto_mt,Demais MT,FALSE,2011,4,4.5,,91.1,95.8,,234.86,187.94,,230.58,172.02,,172.03,230.59,187.94,234.86,,,,,,,2.5,1.2,11.7,2.7,,,,,,
5107198,Ribeirãozinho,resto_mt,Demais MT,FALSE,2011,4.8,,,98.8,99.4,,257.95,,,233.28,,,,233.29,,257.95,,,,,,,,0,,6.7,,,,,,
5107206,Rio Branco,resto_mt,Demais MT,FALSE,2011,4.3,4.7,,88.3,93,,250.05,199.58,,241.44,179.66,,179.66,241.44,199.58,250.06,,,,,,,5.8,4.2,5.5,5.2,,,,,,
5107248,Santa Carmem,resto_mt,Demais MT,FALSE,2011,4.5,4.5,,84.2,91.1,,266.38,195.08,,252.42,181.52,,181.52,252.43,195.09,266.38,,,,,,,4,7.7,8.5,0,,,,,,
5107263,Santo Afonso,resto_mt,Demais MT,FALSE,2011,3.8,4.6,,93.9,99,,229.82,193.69,,212.47,163.77,,163.78,212.47,193.7,229.82,,,,,,,3.5,0,10.4,6.7,,,,,,
5107297,São José do Povo,resto_mt,Demais MT,FALSE,2011,3.5,4.4,,75,90.2,,233.17,191.86,,229.86,174.99,,174.99,229.86,191.87,233.18,,,,,,,5.6,2.8,8.3,2.8,,,,,,
5107305,São José do Rio Claro,resto_mt,Demais MT,FALSE,2011,4.4,5.5,,94.5,99,,244.94,214.99,,236.41,193.6,,193.6,236.42,214.99,244.95,,,,,,,12,1.3,23.6,1.6,,,,,,
5107354,São José do Xingu,resto_mt,Demais MT,FALSE,2011,3.6,4,,87,92.7,,230.24,184.33,,221.49,154.71,,149.03,220.64,173.02,231.17,259.46,260.12,,,,,0,0,3.8,0,0,0,,,,
5107404,São Pedro da Cipa,resto_mt,Demais MT,FALSE,2011,4.1,4.9,,97.4,99.7,,226.36,194.3,,223.08,178.05,,178.06,223.08,194.31,226.36,,,,,,,6.9,1.7,11.4,0,,,,,,
5107578,Rondolândia,resto_mt,Demais MT,FALSE,2011,4.1,3.7,,94.7,85.5,,235.5,173.71,,225.1,168.17,,168.18,225.1,173.71,235.51,,,,,,,4.6,0,0,6,,,,,,
5107602,Rondonópolis,pantanal_norte,Pantanal-13,TRUE,2011,4.6,5.4,,96.7,99,,244.99,207.42,,242.91,193.33,,198.39,250.95,212.87,253.44,253.72,261.37,,,,,14.5,5.6,22.7,8.3,0,0,,,,
5107701,Rosário Oeste,resto_mt,Demais MT,FALSE,2011,3.5,3.9,,89.3,93.5,,224.3,178.69,,211.52,153.33,,160.32,210.02,186.39,230.43,,,,,,,2.5,0,8.1,5.9,,,,,,
5107743,Santa Cruz do Xingu,resto_mt,Demais MT,FALSE,2011,4.2,3.4,,86.9,91.4,,257.42,157.69,,230.97,148.77,,148.78,230.97,157.7,257.43,,,,,,,0,0,0,3.9,,,,,,
5107750,Salto do Céu,resto_mt,Demais MT,FALSE,2011,4.9,5.6,,97,99,,259.17,216.03,,246.13,198.44,,198.44,246.13,216.04,259.18,,,,,,,9.4,0,21.5,6.3,,,,,,
5107768,Santa Rita do Trivelato,resto_mt,Demais MT,FALSE,2011,3.9,5.2,,82.3,90.8,,251.86,215.88,,235.91,199.66,,199.67,235.92,215.88,251.86,,,,,,,10.7,2.1,25,2.1,,,,,,
5107776,Santa Terezinha,resto_mt,Demais MT,FALSE,2011,3.4,3.9,,89.3,96,,217.13,170.82,,217.25,156.33,,167.1,214.81,174.96,219.52,,,,,,,5.7,0.9,2.7,0,,,,,,
5107792,Santo Antônio do Leste,resto_mt,Demais MT,FALSE,2011,3.9,3.9,,95.7,84.4,,226.96,186.61,,220.8,171.25,,171.26,220.81,186.61,226.96,,,,,,,0,0,7.7,0,,,,,,
5107800,Santo Antônio do Leverger,pantanal_norte,Pantanal-13,TRUE,2011,3.3,3.9,,88.9,92.8,,209.71,175.92,,210.92,156.44,,159.77,211.1,176.49,209.05,,,,,,,3.7,0.8,3.5,0,,,,,,
5107859,São Félix do Araguaia,resto_mt,Demais MT,FALSE,2011,3.8,4.2,,97.9,96.5,,219.41,177.52,,211.55,166.97,,176.37,218.15,199.6,225.54,,,,,,,1.7,1.5,19.2,3.7,,,,,,
5107875,Sapezal,resto_mt,Demais MT,FALSE,2011,4.7,4.9,,90.8,92.1,,257.3,207.97,,252.13,187.33,,187.33,257,207.97,263.6,,,,,,,7.9,6.5,16.8,13.1,,,,,,
5107883,Serra Nova Dourada,resto_mt,Demais MT,FALSE,2011,3.9,3.5,,94.8,91.4,,227.14,163.52,,218.41,151.47,,151.48,218.42,163.52,227.15,,,,,,,0,0,0,0,,,,,,
5107909,Sinop,resto_mt,Demais MT,FALSE,2011,4.5,5,,95.1,94.5,,244.83,205.63,,241.67,188.99,,188.99,249.05,205.64,257.46,291.23,300.06,,,,,8.8,3.7,15.8,7.5,0,0,,,,
5107925,Sorriso,resto_mt,Demais MT,FALSE,2011,4.5,5.2,,90,94,,254.89,209.72,,243.72,194.16,,203.01,248.68,221.27,261.84,284.75,291.87,,,,,15.5,5.6,28,8.3,0,0,,,,
5107941,Tabaporã,resto_mt,Demais MT,FALSE,2011,4.4,5.2,,96.3,99,,242.52,204.94,,235.42,183.94,,183.76,230.97,204.41,240.01,,,,,,,7.8,2.7,15,3.2,,,,,,
5107958,Tangará da Serra,resto_mt,Demais MT,FALSE,2011,4.5,5.1,,93.5,96,,248.19,207.36,,241.36,189.32,,188.14,243.68,206.09,254.86,323.95,350.82,,,,,8.6,2.7,16.4,8.2,0,0,,,,
5108006,Tapurah,resto_mt,Demais MT,FALSE,2011,4.7,4.6,,92.9,96.4,,251.38,187.41,,253.08,178.91,,178.92,253.09,187.42,251.38,,,,,,,4.2,2.8,9.6,5.7,,,,,,
5108055,Terra Nova do Norte,resto_mt,Demais MT,FALSE,2011,4.5,4.9,,95,96.5,,245.61,198.97,,239.66,189.61,,189.62,230.4,198.97,250.19,271.46,270.97,,,,,6.4,0.5,17.2,0.7,0,0,,,,
5108105,Tesouro,resto_mt,Demais MT,FALSE,2011,,,,,,,,,,,,,,,,,,,,,,,,,,,,,,,,
5108204,Torixoréu,resto_mt,Demais MT,FALSE,2011,3.8,5.1,,96.8,99.6,,220.47,199.22,,221.63,187.42,,187.43,221.64,199.22,220.48,,,,,,,11.8,2.1,23.5,0,,,,,,
5108303,União do Sul,resto_mt,Demais MT,FALSE,2011,4.3,4.8,,99.4,90,,231.88,212.86,,228.94,183.88,,183.89,228.95,212.87,231.89,,,,,,,2.9,1.5,18.6,0,,,,,,
5108352,Vale de São Domingos,resto_mt,Demais MT,FALSE,2011,,,,,,,,,,,,,164.17,235.62,173.27,251.01,253.42,277.19,,,,,2.3,0,2.3,5.3,0,0,,,,
5108402,Várzea Grande,polo_metropolitano,Polo Metropolitano,FALSE,2011,4,4.7,,95,96.3,,227.3,193.07,,225.67,178.74,,182.02,226.53,196.41,228.41,240.06,234.38,,,,,6.3,1.6,10.5,1.8,0,0,,,,
5108501,Vera,resto_mt,Demais MT,FALSE,2011,4.4,4.6,,97,99.8,,238.28,185.02,,233.72,170.13,,170.13,233.73,185.03,238.29,259.42,257.1,,,,,2.1,1.9,10.5,3.2,0,0,,,,
5108600,Vila Rica,resto_mt,Demais MT,FALSE,2011,4.2,4.8,,89,95.5,,245.99,198.61,,237.99,177.99,,192.84,241.39,212.8,255.52,257.65,267.08,,,,,12.2,4.8,24.7,5.2,0,0,,,,
5108808,Nova Guarita,resto_mt,Demais MT,FALSE,2011,4.4,5,,95.8,99.2,,241.36,197.35,,234.69,182.55,,182.56,239.76,197.35,247.73,,,,,,,4.8,0.9,13.5,3.1,,,,,,
5108857,Nova Marilândia,resto_mt,Demais MT,FALSE,2011,4.2,6,,94.9,99.6,,235.71,229.13,,229.49,201.28,,201.29,229.49,229.14,235.71,,,,,,,9.1,0,29.9,0,,,,,,
5108907,Nova Maringá,resto_mt,Demais MT,FALSE,2011,4.2,5.5,,88,96.1,,251.86,222.55,,241.44,194.21,,195.34,240.95,218.56,247.07,,,,,,,14,4.6,28.9,4.3,,,,,,
5108956,Nova Monte Verde,resto_mt,Demais MT,FALSE,2011,4.5,5.4,,94.2,98.3,,251.02,213.27,,236.94,192,,192,240.8,213.27,253.34,,,,,,,14.9,1.9,26.2,5,,,,,,
5100102,Acorizal,resto_mt,Demais MT,FALSE,2013,4.1,4.9,,97.6,99.8,,226.58,196.16,,224.17,177.91,,177.92,222.45,196.17,223.57,,,,,,,2.2,0,12.9,0,,,,,,
5100201,Água Boa,resto_mt,Demais MT,FALSE,2013,4.4,5.7,,93.2,99.2,,243.92,215.91,,241.8,202.27,,200.77,241.67,214.17,243.53,,,,,,,14.5,2.9,25.1,3,,,,,,
5100250,Alta Floresta,resto_mt,Demais MT,FALSE,2013,4.5,5.3,,97.9,99.4,,238.96,203.92,,234.75,191.55,,190.79,234.47,202.84,239.28,,,,,,,12.8,3,16.6,1.9,,,,,,
5100300,Alto Araguaia,resto_mt,Demais MT,FALSE,2013,4.1,5.2,,93.7,98.4,,232.36,202.63,,232.69,190.36,,190.37,232.7,202.64,232.36,,,,,,,9.5,2,17.9,3,,,,,,
5100359,Alto Boa Vista,resto_mt,Demais MT,FALSE,2013,4.3,4.5,,96.6,99.7,,237.33,177.39,,229.27,173.08,,173.08,229.27,177.4,237.33,,,,,,,7.4,0,4.8,3,,,,,,
5100409,Alto Garças,resto_mt,Demais MT,FALSE,2013,4.2,5.3,,94.3,95,,235.3,208.91,,232.27,201.8,,201.81,232.28,208.91,235.3,,,,,,,21,4,20.6,2.2,,,,,,
5100508,Alto Paraguai,resto_mt,Demais MT,FALSE,2013,4.3,4.5,,100,99.4,,229.02,179.33,,226.07,172.53,,172.54,218.03,179.34,221.86,,,,,,,2.2,1.2,6.6,0,,,,,,
5100607,Alto Taquari,resto_mt,Demais MT,FALSE,2013,4.4,5.7,,90.7,97.4,,245.86,218.42,,242.53,203.94,,203.95,242.54,218.43,245.86,,,,,,,16.6,4.1,23.3,4,,,,,,
5100805,Apiacás,resto_mt,Demais MT,FALSE,2013,3.6,4.6,,97.6,99.7,,215.27,185.66,,205.86,169.13,,169.14,205.86,185.66,215.28,,,,,,,5.6,0.7,13.2,0.8,,,,,,
5101001,Araguaiana,resto_mt,Demais MT,FALSE,2013,4.3,4.4,,94.1,97.3,,246.82,182.22,,224.5,170.38,,170.39,224.51,182.23,246.82,,,,,,,9.7,10,9.7,5,,,,,,
5101209,Araguainha,resto_mt,Demais MT,FALSE,2013,,,,,,,,,,,,,,,,,,,,,,,,,,,,,,,,
5101258,Araputanga,resto_mt,Demais MT,FALSE,2013,4.5,5.4,,99,100,,237.22,208.57,,233.55,190.61,,190.62,233.55,208.57,237.22,,,,,,,9.7,2.1,20.6,2.5,,,,,,
5101308,Arenápolis,resto_mt,Demais MT,FALSE,2013,4.8,5.4,,98,99.7,,242.97,205.69,,251.94,194.91,,194.92,251.94,205.69,242.97,,,,,,,12,6.6,20.8,2.8,,,,,,
5101407,Aripuanã,resto_mt,Demais MT,FALSE,2013,4.2,5.4,,91.8,98.2,,238.66,210.94,,235.02,194.55,,189.67,231.67,208.89,238.1,,,,,,,11.3,1.8,20,2,,,,,,
5101605,Barão de Melgaço,pantanal_norte,Pantanal-13,TRUE,2013,4,4.1,,97.8,99.3,,223.94,170.71,,222.83,158.22,,158.22,217.73,170.71,219.09,,,,,,,1.5,0.9,2.7,0,,,,,,
5101704,Barra do Bugres,resto_mt,Demais MT,FALSE,2013,3.9,4.9,,96.2,96.3,,222.61,197.08,,223.44,184.17,,183.4,222.49,197.12,222.08,,,,,,,8.5,1.2,12.2,1,,,,,,
5101803,Barra do Garças,resto_mt,Demais MT,FALSE,2013,4.2,5.5,,94.2,99,,234.22,211.58,,232.41,197.74,,197.74,233.49,211.58,234.24,,,,,,,13.2,3.3,22.7,1.6,,,,,,
5101852,Bom Jesus do Araguaia,resto_mt,Demais MT,FALSE,2013,3.7,4.1,,95.5,98.7,,217.19,174.22,,213.61,160.25,,160.26,213.62,174.23,217.19,,,,,,,3.9,1.6,5.8,0,,,,,,
5101902,Brasnorte,resto_mt,Demais MT,FALSE,2013,3.6,4.9,,91.2,96.6,,221.89,199.58,,217.46,181.94,,181.94,217.46,199.58,221.9,,,,,,,6.3,2.2,10.4,1.5,,,,,,
5102504,Cáceres,pantanal_norte,Pantanal-13,TRUE,2013,4.1,4.8,,94.7,97.1,,229.8,194.3,,227.46,178.3,,177.17,226.68,192.52,230.09,,,,,,,6.9,1.3,12.2,1.6,,,,,,
5102603,Campinápolis,resto_mt,Demais MT,FALSE,2013,4,4.7,,91.9,95.7,,232.75,190.33,,227.72,181.53,,181.54,227.73,190.33,232.76,,,,,,,8.2,0.9,12.8,0.9,,,,,,
5102637,Campo Novo do Parecis,resto_mt,Demais MT,FALSE,2013,4.3,5.4,,85.6,90.3,,254.1,221.58,,250.82,208.88,,206.91,252.17,219.01,254.89,,,,,,,17.7,4.9,25.4,7.8,,,,,,
5102678,Campo Verde,resto_mt,Demais MT,FALSE,2013,4.6,5.5,,94,95.2,,247.05,217.66,,245.64,203.53,,202.19,242.76,216.79,244.52,,,,,,,17.4,2.1,25.2,2.5,,,,,,
5102686,Campos de Júlio,resto_mt,Demais MT,FALSE,2013,4.9,5.8,,93.3,99.8,,260.32,217.91,,252.8,200.49,,200.49,252.81,217.91,260.32,,,,,,,17.9,7.2,29.3,7,,,,,,
5102694,Canabrava do Norte,resto_mt,Demais MT,FALSE,2013,,4.2,,97,99.7,,,173.72,,,158.97,,160.21,202.22,178.68,208.87,,,,,,,1.2,0,6.8,0,,,,,,
5102702,Canarana,resto_mt,Demais MT,FALSE,2013,4.1,5.2,,94.9,97.2,,233.35,207.74,,227.8,187.78,,187.79,227.81,207.74,233.35,,,,,,,11.7,1.7,19.4,3.1,,,,,,
5102793,Carlinda,resto_mt,Demais MT,FALSE,2013,4.5,5.6,,97.2,98.6,,241.19,213.38,,239.5,198.16,,196.51,238.55,212.13,238.51,,,,,,,8.7,0.7,17.7,4.8,,,,,,
5102850,Castanheira,resto_mt,Demais MT,FALSE,2013,3.6,5.1,,97.3,100,,217.61,200.38,,206.28,181.39,,176.48,204.78,197.77,215.21,,,,,,,5.1,1.2,9.8,0,,,,,,
5103007,Chapada dos Guimarães,resto_mt,Demais MT,FALSE,2013,4.2,4.5,,92.8,95.6,,233.47,186.41,,235.11,176.36,,172.15,231.49,181.38,231.47,,,,,,,6.1,2.2,3.9,0.7,,,,,,
5103056,Cláudia,resto_mt,Demais MT,FALSE,2013,4.4,5.2,,94.6,97.4,,242.69,207.27,,234.97,187.13,,187.14,234.97,207.27,242.7,,,,,,,14,2.6,19.3,0.6,,,,,,
5103106,Cocalinho,resto_mt,Demais MT,FALSE,2013,3.6,4.8,,94.9,98.7,,212.77,193.94,,216.07,177.44,,177.44,216.07,193.94,212.78,,,,,,,8.2,1.4,9,0,,,,,,
5103205,Colíder,resto_mt,Demais MT,FALSE,2013,4.6,5.5,,95.1,97.6,,248.49,216.49,,240.67,196.75,,196.75,239.84,216.49,246.57,,,,,,,16,1.7,26.1,4.8,,,,,,
5103254,Colniza,resto_mt,Demais MT,FALSE,2013,4.3,4.8,,95.8,98.6,,233.36,194.88,,237.55,175.63,,175.63,229.77,194.89,227.96,,,,,,,6.3,2.6,16.4,1.2,,,,,,
5103304,Comodoro,resto_mt,Demais MT,FALSE,2013,4.3,4.8,,92.6,93.7,,241.64,197.75,,237.94,186.14,,186,235.48,198.41,241.33,,,,,,,15.5,0.6,17.3,2.5,,,,,,
5103353,Confresa,resto_mt,Demais MT,FALSE,2013,4.1,4.7,,94.9,97.6,,231.32,192.36,,228.24,176.3,,179.4,227.88,195.49,230.48,,,,,,,9.6,1.3,13.9,2.6,,,,,,
5103361,Conquista D'Oeste,resto_mt,Demais MT,FALSE,2013,4.7,,,94.8,92,,253.05,,,243.69,,,,243.7,,253.05,,,,,,,,2.1,,8,,,,,,
5103379,Cotriguaçu,resto_mt,Demais MT,FALSE,2013,4.3,4.8,,96.2,97.9,,235.3,193.53,,236.1,178.36,,173.98,221.49,186.86,227.4,,,,,,,6.2,3.1,11.4,2.1,,,,,,
5103403,Cuiabá,polo_metropolitano,Polo Metropolitano,FALSE,2013,4.1,5,,95.6,98.2,,228.71,197.22,,226.11,184.11,,183.94,226.46,197.01,228.98,,,,,,,8.9,1.8,12.7,2,,,,,,
5103437,Curvelândia,pantanal_norte,Pantanal-13,TRUE,2013,3.8,4.8,,98.1,100,,217.94,190.36,,213.41,173.74,,173.74,213.42,190.37,217.94,,,,,,,5.3,2.7,8.1,1.2,,,,,,
5103452,Denise,resto_mt,Demais MT,FALSE,2013,4,4.8,,98.7,100,,225.72,190.44,,215.86,175.53,,175.54,215.86,190.44,225.73,,,,,,,9.3,0,12.6,0,,,,,,
5103502,Diamantino,resto_mt,Demais MT,FALSE,2013,4.2,5.1,,98.5,99.9,,227.99,196.5,,229.52,186.36,,186.89,229.52,197.7,227.99,,,,,,,7.7,2.8,13.9,1.2,,,,,,
5103601,Dom Aquino,resto_mt,Demais MT,FALSE,2013,4.3,5.3,,98.3,99.8,,235.28,203.47,,230.52,192.47,,192.48,236.32,203.47,240.64,,,,,,,13.8,5.6,18.9,2.1,,,,,,
5103700,Feliz Natal,resto_mt,Demais MT,FALSE,2013,4.4,5.1,,79.6,91.5,,265.63,210.67,,264.29,194.88,,194.88,264.29,210.68,265.63,,,,,,,14.2,6.9,18.2,7.6,,,,,,
5103809,Figueirópolis D'Oeste,resto_mt,Demais MT,FALSE,2013,4.3,5,,95.6,99.6,,238.16,197.35,,232.14,181.88,,181.88,232.15,197.35,238.16,,,,,,,10.9,0,10.6,2,,,,,,
5103858,Gaúcha do Norte,resto_mt,Demais MT,FALSE,2013,3.7,4.8,,97.6,99.1,,220.05,196.19,,209.08,173.66,,173.67,209.08,196.2,220.06,,,,,,,7.1,0,17.1,1.5,,,,,,
5103908,General Carneiro,resto_mt,Demais MT,FALSE,2013,4.2,4.8,,96.8,97.6,,229.44,194.3,,233.53,179.05,,179.05,233.54,194.3,229.45,,,,,,,0,0,14.3,0,,,,,,
5103957,Glória D'Oeste,pantanal_norte,Pantanal-13,TRUE,2013,4.7,5.2,,97.9,100,,243.02,195.83,,247.36,191.22,,191.22,247.36,195.83,243.02,,,,,,,10.5,0,5.3,0,,,,,,
5104104,Guarantã do Norte,resto_mt,Demais MT,FALSE,2013,5,5.9,,97.8,99.6,,257.54,223.44,,251.94,201.38,,201.39,252.46,223.45,257.72,,,,,,,16.4,2.7,27.4,4.2,,,,,,
5104203,Guiratinga,resto_mt,Demais MT,FALSE,2013,4.6,,,99,99.7,,236.6,,,240.83,,,189.51,240.84,204.19,236.6,,,,,,,15.3,4.8,19.1,2.4,,,,,,
5104500,Indiavaí,resto_mt,Demais MT,FALSE,2013,4.4,3.6,,91.4,86.8,,248.1,178.21,,240.02,152,,152,240.03,178.21,248.1,,,,,,,0,0,3.9,0,,,,,,
5104526,Ipiranga do Norte,resto_mt,Demais MT,FALSE,2013,5.1,6,,99.5,96.8,,259.1,230.39,,251.52,213.33,,213.33,251.53,230.4,259.1,,,,,,,30.3,6.9,38.4,10.9,,,,,,
5104542,Itanhangá,resto_mt,Demais MT,FALSE,2013,4.3,6,,97.7,98,,234.19,227.83,,228.6,207.33,,200.58,228.57,216.48,230.67,,,,,,,14.2,2.3,24.1,0,,,,,,
5104559,Itaúba,resto_mt,Demais MT,FALSE,2013,4.5,4.9,,95.6,94.6,,243.17,205.46,,237.66,182.94,,182.95,237.67,205.46,243.18,,,,,,,10.2,4.4,15.4,2.7,,,,,,
5104609,Itiquira,pantanal_norte,Pantanal-13,TRUE,2013,4.1,4.9,,96.8,98.9,,224.33,191.03,,231.02,182.41,,181.18,230.36,190.91,234.17,,,,,,,6.6,1.2,14,2.9,,,,,,
5104807,Jaciara,resto_mt,Demais MT,FALSE,2013,4.4,5.3,,98.8,100,,237.07,201.71,,231.83,191,,191.01,231.84,201.71,237.07,,,,,,,15.6,2.1,19,2.7,,,,,,
5104906,Jangada,resto_mt,Demais MT,FALSE,2013,4,4.3,,97,99.5,,223.13,175.33,,226.35,167.77,,158.64,212.98,167.7,217.77,,,,,,,3.6,1.3,3,0,,,,,,
5105002,Jauru,resto_mt,Demais MT,FALSE,2013,4.5,5.5,,95,99.5,,246.6,214.6,,237.27,189.94,,189.94,234.59,214.6,242.71,,,,,,,10.9,4.4,23.1,5.5,,,,,,
5105101,Juara,resto_mt,Demais MT,FALSE,2013,4.7,5.5,,99,99.8,,240.72,208.1,,244.94,194.69,,194.7,244.94,208.1,240.73,,,,,,,15.8,4.8,22.3,4.1,,,,,,
5105150,Juína,resto_mt,Demais MT,FALSE,2013,4.3,5.1,,97.9,99.7,,237.47,200,,229.24,183.44,,182.89,228.68,200.27,237.14,,,,,,,10.7,1.8,19.1,2.2,,,,,,
5105176,Juruena,resto_mt,Demais MT,FALSE,2013,4.5,6,,92.7,93.9,,249.72,236.91,,243.44,214.52,,214.53,243.44,236.92,249.72,,,,,,,21.3,3.6,39,6.5,,,,,,
5105200,Juscimeira,pantanal_norte,Pantanal-13,TRUE,2013,4.2,5,,94.7,97.8,,235.1,199.24,,228.03,184.64,,180.43,227.8,194.7,234.87,,,,,,,7.2,5.3,14.7,1.2,,,,,,
5105234,Lambari D'Oeste,pantanal_norte,Pantanal-13,TRUE,2013,3.9,4.1,,93.3,97.7,,230.82,177.61,,219.99,158.8,,158.82,211.23,178.64,225.65,,,,,,,3.2,0,4.7,0,,,,,,
5105259,Lucas do Rio Verde,resto_mt,Demais MT,FALSE,2013,5.1,6.3,,95.7,98,,263.63,236.61,,257.8,218.27,,218.28,257.81,236.61,263.63,,,,,,,26.5,7,38.8,9.9,,,,,,
5105309,Luciara,resto_mt,Demais MT,FALSE,2013,3.9,3.8,,99.3,100,,221.07,163.14,,215.08,150.27,,150.28,215.08,163.15,221.07,,,,,,,0,0,3.6,0,,,,,,
5105507,Vila Bela da Santíssima Trindade,resto_mt,Demais MT,FALSE,2013,3.5,4.3,,89.3,94.9,,219.07,181.67,,217.33,169.08,,170.22,222.94,184.22,225.95,,,,,,,4.5,1.6,6.6,0,,,,,,
5105580,Marcelândia,resto_mt,Demais MT,FALSE,2013,4.4,5.1,,99,99.5,,239.05,203.13,,229.02,179.88,,179.89,229.02,203.14,239.05,,,,,,,8.6,2.4,15.2,1.6,,,,,,
5105606,Matupá,resto_mt,Demais MT,FALSE,2013,4.1,6.3,,97.8,100,,225.63,237.11,,224.69,210.03,,203.3,221.83,228.07,223.93,,,,,,,19.3,0.3,35.4,0,,,,,,
5105622,Mirassol D'Oeste,pantanal_norte,Pantanal-13,TRUE,2013,4,5.1,,95.7,99.4,,226.75,199.86,,225.42,183.13,,183.13,225.13,199.86,226.64,,,,,,,8.5,0.8,13.6,1.4,,,,,,
5105903,Nobres,resto_mt,Demais MT,FALSE,2013,4,4.7,,97.5,97.9,,221.69,191.14,,224.28,177.38,,175.8,223.76,190.36,219.93,,,,,,,5.7,1.6,12.3,1.1,,,,,,
5106000,Nortelândia,resto_mt,Demais MT,FALSE,2013,4.8,5.2,,99.7,99.5,,240.96,202.03,,246.77,184.92,,184.93,246.77,202.04,240.96,,,,,,,9.2,2.3,19.5,2.3,,,,,,
5106109,Nossa Senhora do Livramento,pantanal_norte,Pantanal-13,TRUE,2013,3.1,4.4,,94.3,98.8,,203.52,176.19,,193.69,171.13,,171.14,194.88,176.19,203.21,,,,,,,7,0,3.5,0,,,,,,
5106158,Nova Bandeirantes,resto_mt,Demais MT,FALSE,2013,4.7,5.7,,95,97.8,,249.44,225.46,,244.71,198.28,,197.04,244.35,221.84,250.29,,,,,,,8.2,4.2,28.9,4.2,,,,,,
5106174,Nova Nazaré,resto_mt,Demais MT,FALSE,2013,3.1,3.5,,74.2,74.8,,227.75,187.46,,219.16,175.88,,175.89,219.17,187.46,227.76,,,,,,,3.6,0,7.1,0,,,,,,
5106182,Nova Lacerda,resto_mt,Demais MT,FALSE,2013,3.8,5.2,,77.6,91.8,,248.3,219.13,,247.17,195.52,,195.52,247.18,219.14,248.3,,,,,,,14.8,0,24.1,0,,,,,,
5106190,Nova Santa Helena,resto_mt,Demais MT,FALSE,2013,4.5,5.2,,92.6,96.1,,250.08,205.88,,242.39,191.11,,191.12,242.4,205.88,250.09,,,,,,,16.8,2.2,16.8,4.5,,,,,,
5106208,Nova Brasilândia,resto_mt,Demais MT,FALSE,2013,4.2,4.4,,98.1,100,,231.25,179.35,,226.58,166.61,,166.61,226.59,179.35,231.26,,,,,,,7.1,0,12.3,0,,,,,,
5106216,Nova Canaã do Norte,resto_mt,Demais MT,FALSE,2013,4.6,5.6,,92.1,95.5,,248.91,220.25,,248.07,202.72,,202.01,243.99,223.08,248.41,,,,,,,12.4,4.9,30.5,6.1,,,,,,
5106224,Nova Mutum,resto_mt,Demais MT,FALSE,2013,4.6,5.7,,98.3,100,,240.77,211.75,,239.89,201.16,,201.38,238.9,211.33,240.19,,,,,,,14.9,2.5,20.9,1.7,,,,,,
5106232,Nova Olímpia,resto_mt,Demais MT,FALSE,2013,4.3,5.3,,98.3,99.6,,233.8,208.36,,229.42,187.5,,187.5,227.84,208.37,232.63,,,,,,,9.6,2,22.2,2.1,,,,,,
5106240,Nova Ubiratã,resto_mt,Demais MT,FALSE,2013,3.8,5.1,,90.2,95.3,,228.11,208.13,,226.74,189.36,,182.23,226.74,201.22,228.11,,,,,,,4,1.4,13.3,0,,,,,,
5106257,Nova Xavantina,resto_mt,Demais MT,FALSE,2013,4.2,4.9,,95,98.5,,235.3,194.72,,228.75,181.6,,181.6,228.76,194.72,235.3,,,,,,,10.3,2.5,15.3,1,,,,,,
5106265,Novo Mundo,resto_mt,Demais MT,FALSE,2013,4.6,5.6,,97,99.4,,243.96,229.71,,236.88,177.99,,178.07,233.36,212.01,235.5,,,,,,,7.4,1.2,25.9,1.2,,,,,,
5106273,Novo Horizonte do Norte,resto_mt,Demais MT,FALSE,2013,3.8,5.5,,97.7,98.1,,217.72,213.5,,214.67,195.69,,195.69,214.68,213.51,217.72,,,,,,,13.7,0,17.7,0,,,,,,
5106281,Novo São Joaquim,resto_mt,Demais MT,FALSE,2013,3.8,4.9,,93.3,100,,224.19,193.1,,218.28,176.28,,178.38,217,189.81,223.06,,,,,,,2,0,15.4,0,,,,,,
5106299,Paranaíta,resto_mt,Demais MT,FALSE,2013,4.3,5.5,,91.6,96.6,,241.25,218.21,,241.78,197.05,,191.54,234.32,213.85,239.64,,,,,,,11.4,1.3,22.3,2,,,,,,
5106307,Paranatinga,resto_mt,Demais MT,FALSE,2013,4.3,5.4,,94.2,97.4,,235.88,213.61,,236.22,194.91,,194.92,236.23,213.61,235.88,,,,,,,16.7,2.9,26.3,1.6,,,,,,
5106315,Novo Santo Antônio,resto_mt,Demais MT,FALSE,2013,4,4.8,,89.2,96.9,,234.05,190.6,,236.83,185.8,,185.8,236.83,190.6,234.06,,,,,,,9.1,5.9,18.2,0,,,,,,
5106372,Pedra Preta,resto_mt,Demais MT,FALSE,2013,4.1,5.5,,94.6,99.1,,231.49,212.1,,230.05,196.28,,200.09,233.64,214.51,234.52,,,,,,,21.1,1.3,25,1,,,,,,
5106422,Peixoto de Azevedo,resto_mt,Demais MT,FALSE,2013,3.9,4.7,,98.5,99.8,,220.24,188.83,,217.55,175.25,,175.88,219.41,186.9,222.94,,,,,,,5,0.5,9.6,1.1,,,,,,
5106455,Planalto da Serra,resto_mt,Demais MT,FALSE,2013,4.6,5,,95.5,99.6,,250.96,196.25,,240.41,184.13,,184.13,240.42,196.25,250.96,,,,,,,0,5.3,13.5,5.3,,,,,,
5106505,Poconé,pantanal_norte,Pantanal-13,TRUE,2013,3.7,4.1,,96.4,98.6,,215.33,173.22,,212.19,158.66,,159.3,210.26,171.86,213.12,,,,,,,2.2,1,1.7,0.6,,,,,,
5106653,Pontal do Araguaia,resto_mt,Demais MT,FALSE,2013,4.4,4.9,,92.2,95.5,,240.16,199.58,,249.77,182.63,,182.63,249.77,199.59,240.16,,,,,,,8.6,5.4,14.8,5.3,,,,,,
5106703,Ponte Branca,resto_mt,Demais MT,FALSE,2013,3.5,5.4,,96.4,100,,209.19,204.91,,205.5,193.91,,193.92,205.51,204.92,209.2,,,,,,,11.6,0,16.8,0,,,,,,
5106752,Pontes e Lacerda,resto_mt,Demais MT,FALSE,2013,4.4,5.1,,96.8,98.6,,236.05,200.17,,234.97,185.16,,184.37,236.53,198.28,237.17,,,,,,,8.6,2.9,15.1,2.9,,,,,,
5106778,Porto Alegre do Norte,resto_mt,Demais MT,FALSE,2013,4.1,4.9,,97.3,99,,226.17,193.08,,224.36,182.52,,182.53,224.37,193.08,226.18,,,,,,,11.2,0.8,12.6,3,,,,,,
5106802,Porto dos Gaúchos,resto_mt,Demais MT,FALSE,2013,4.3,5.7,,99,99.1,,233.75,214.83,,225.96,204.72,,204.72,225.96,214.83,233.75,,,,,,,20.9,1.6,16.8,1.1,,,,,,
5106828,Porto Esperidião,pantanal_norte,Pantanal-13,TRUE,2013,4,5,,93.3,99.8,,236.22,194,,222.77,185.25,,181.28,226.3,191.13,238.65,,,,,,,5.7,2.7,13,2,,,,,,
5106851,Porto Estrela,resto_mt,Demais MT,FALSE,2013,3.5,4.8,,99.1,98.7,,211.63,195.78,,200.61,175.33,,175.34,200.61,195.79,211.64,,,,,,,0,1.7,6.7,0,,,,,,
5107008,Poxoréu,resto_mt,Demais MT,FALSE,2013,4.3,5.6,,97.7,99.3,,229.17,213.89,,232.11,196.72,,196.73,230.71,213.9,229.28,,,,,,,12.5,3.5,26.1,1.4,,,,,,
5107040,Primavera do Leste,resto_mt,Demais MT,FALSE,2013,4.4,5.3,,88.4,96.7,,251.85,207.64,,248.38,193.86,,193.47,248.58,207.03,251.06,,,,,,,11.5,3.4,16.5,4.4,,,,,,
5107065,Querência,resto_mt,Demais MT,FALSE,2013,4.8,5.7,,99.7,99.9,,245.44,214.36,,240.58,200.33,,200.34,241.05,214.36,245.83,,,,,,,18.5,5.1,25.1,4,,,,,,
5107107,São José dos Quatro Marcos,resto_mt,Demais MT,FALSE,2013,4.5,5.4,,97,98.5,,237.72,211.94,,237.66,192.08,,192.08,237.67,211.94,237.73,,,,,,,12.6,5.4,17.6,2.6,,,,,,
5107156,Reserva do Cabaçal,resto_mt,Demais MT,FALSE,2013,5,5.4,,98.2,100,,259.14,208.47,,244.67,189.36,,189.37,244.68,208.48,259.14,,,,,,,9.4,4.5,19.4,3.4,,,,,,
5107180,Ribeirão Cascalheira,resto_mt,Demais MT,FALSE,2013,,4.7,,91.8,97.3,,,189.47,,,179.66,,179.67,248.29,189.47,252.16,,,,,,,6.3,4,7.6,5.5,,,,,,
5107198,Ribeirãozinho,resto_mt,Demais MT,FALSE,2013,4.6,6.3,,97.5,99.4,,243.3,236.22,,238.3,212.5,,212.5,238.3,236.22,243.3,,,,,,,27.3,0,45.5,2.5,,,,,,
5107206,Rio Branco,resto_mt,Demais MT,FALSE,2013,4.3,5.7,,82,91.7,,267.76,227.28,,248.41,215.21,,215.21,248.41,227.29,267.77,,,,,,,19.4,2.9,36.9,5.7,,,,,,
5107248,Santa Carmem,resto_mt,Demais MT,FALSE,2013,3.5,5.3,,76.1,98.4,,245.13,206.57,,234.38,191.21,,191.21,234.39,206.57,245.14,,,,,,,7.8,0,10.8,3.9,,,,,,
5107263,Santo Afonso,resto_mt,Demais MT,FALSE,2013,4.1,4.9,,96.4,99,,233.05,196.32,,224.38,176.77,,176.77,224.38,196.32,233.05,,,,,,,9.2,0,19.6,0,,,,,,
5107297,São José do Povo,resto_mt,Demais MT,FALSE,2013,4.1,4.6,,94.4,93.8,,237.27,197.52,,223.67,174.38,,174.38,223.68,197.53,237.27,,,,,,,0,3.7,0,0,,,,,,
5107305,São José do Rio Claro,resto_mt,Demais MT,FALSE,2013,4.6,5.5,,98,100,,241.75,213.03,,240.22,192.66,,192.66,240.22,213.04,241.76,,,,,,,15.2,2.6,22.9,2.6,,,,,,
5107354,São José do Xingu,resto_mt,Demais MT,FALSE,2013,4,4.7,,98.8,99.6,,222.97,187.22,,220.85,173.02,,166.14,222.19,179.86,223.74,,,,,,,5.8,0,8.2,0,,,,,,
5107404,São Pedro da Cipa,resto_mt,Demais MT,FALSE,2013,3.6,4.6,,94.5,99.7,,214.13,185.44,,211.5,170.86,,170.86,211.51,185.45,214.14,,,,,,,1.5,0,10.4,0,,,,,,
5107578,Rondolândia,resto_mt,Demais MT,FALSE,2013,4.9,4.8,,96.8,99.2,,247.36,192.94,,259.11,175.69,,175.7,259.12,192.94,247.37,,,,,,,3.6,0,14.3,0,,,,,,
5107602,Rondonópolis,pantanal_norte,Pantanal-13,TRUE,2013,4.5,5.4,,97.3,99.8,,239.47,206.55,,237.71,194.08,,193.84,237.44,206.24,239.19,,,,,,,14.4,3.2,19.3,3.2,,,,,,
5107701,Rosário Oeste,resto_mt,Demais MT,FALSE,2013,3.6,3.9,,92.5,94.5,,218.36,174.36,,218.1,158.58,,159.5,218.1,175.17,218.36,,,,,,,0.8,0,1.7,1,,,,,,
5107743,Santa Cruz do Xingu,resto_mt,Demais MT,FALSE,2013,3.7,5,,78,97.3,,244.5,202.58,,241.63,184.75,,184.76,241.64,202.58,244.5,,,,,,,10.9,4,27,0,,,,,,
5107750,Salto do Céu,resto_mt,Demais MT,FALSE,2013,4.6,5.3,,98.6,99.6,,249.14,212.44,,233.55,181.08,,181.09,233.55,212.44,249.15,,,,,,,4.3,1.6,18.1,3.3,,,,,,
5107768,Santa Rita do Trivelato,resto_mt,Demais MT,FALSE,2013,4.6,6,,91.8,99.2,,254.88,230.32,,245.78,203.89,,203.9,245.79,230.32,254.88,,,,,,,23.4,2.2,36,9.1,,,,,,
5107776,Santa Terezinha,resto_mt,Demais MT,FALSE,2013,4,4,,95.4,96.8,,226.71,174.08,,224.36,159.13,,159.13,224.37,174.09,226.71,,,,,,,0,0,0,2,,,,,,
5107792,Santo Antônio do Leste,resto_mt,Demais MT,FALSE,2013,4,5,,96.6,93.7,,228.3,210.13,,224.32,190.36,,190.37,224.32,210.13,228.3,,,,,,,14.3,0,19.7,1.7,,,,,,
5107800,Santo Antônio do Leverger,pantanal_norte,Pantanal-13,TRUE,2013,3.8,4.1,,95.8,98.4,,217.74,173.39,,218.61,160.66,,159.68,214.9,171.66,214.05,,,,,,,2.4,0,4.5,0,,,,,,
5107859,São Félix do Araguaia,resto_mt,Demais MT,FALSE,2013,3.7,4,,95.2,98,,221.3,171.52,,213.8,158.41,,158.42,213.8,171.52,221.3,,,,,,,6.1,0,3,0,,,,,,
5107875,Sapezal,resto_mt,Demais MT,FALSE,2013,4.2,5.6,,82.8,95.9,,251.07,216.72,,252.69,202.86,,203.12,252.7,217.21,251.07,,,,,,,16,2.1,22.7,4,,,,,,
5107883,Serra Nova Dourada,resto_mt,Demais MT,FALSE,2013,4.2,4.3,,98.2,96.9,,231.25,178.53,,225.11,166.86,,166.87,225.12,178.54,231.26,,,,,,,0,0,2.9,0,,,,,,
5107909,Sinop,resto_mt,Demais MT,FALSE,2013,4.5,5.4,,96.2,94.1,,240.91,214.6,,238.28,200.16,,200.16,238.29,214.6,240.91,,,,,,,15.7,2.9,23.4,3.3,,,,,,
5107925,Sorriso,resto_mt,Demais MT,FALSE,2013,4.1,5.3,,89.5,95.6,,241.83,210.67,,235.38,195.66,,196.23,236.47,211.61,243.15,,,,,,,14.6,2.7,20.3,4.7,,,,,,
5107941,Tabaporã,resto_mt,Demais MT,FALSE,2013,4,5.3,,93.8,99.7,,230.21,202.69,,226.89,188.89,,188.97,227.1,204.19,233.46,,,,,,,7.4,1.7,17.6,1.8,,,,,,
5107958,Tangará da Serra,resto_mt,Demais MT,FALSE,2013,4.5,5.4,,94.5,98.1,,242.55,207.27,,240.11,195.36,,193.75,239.45,205.71,242.14,,,,,,,14,3.8,18.8,3.9,,,,,,
5108006,Tapurah,resto_mt,Demais MT,FALSE,2013,4.7,5.3,,97.7,99.9,,247.91,204.72,,243.16,190.97,,190.97,243.16,204.72,247.91,,,,,,,14.1,5.1,21.4,5,,,,,,
5108055,Terra Nova do Norte,resto_mt,Demais MT,FALSE,2013,4.5,5.8,,96.2,98.7,,240.33,223.32,,239.25,200.19,,192.33,233.29,213.39,238.34,,,,,,,16.3,0.6,25.2,1,,,,,,
5108105,Tesouro,resto_mt,Demais MT,FALSE,2013,3.5,,,93.8,100,,219.52,,,204.55,,,,204.56,,219.52,,,,,,,,0,,0,,,,,,
5108204,Torixoréu,resto_mt,Demais MT,FALSE,2013,4.3,4.9,,96.7,100,,226.44,190.36,,240.11,180.3,,180.3,240.11,190.37,226.45,,,,,,,9.7,4.3,9.7,0,,,,,,
5108303,União do Sul,resto_mt,Demais MT,FALSE,2013,4.5,5.9,,98.6,97,,236.77,227.97,,234.25,208.75,,208.76,234.25,227.97,236.77,,,,,,,18.9,0,31,1.2,,,,,,
5108352,Vale de São Domingos,resto_mt,Demais MT,FALSE,2013,,,,,,,,,,,,,173.14,237.51,185.91,247.49,,,,,,,4.7,3,9.3,3,,,,,,
5108402,Várzea Grande,polo_metropolitano,Polo Metropolitano,FALSE,2013,4.1,4.7,,96.9,96.9,,226.66,191.13,,224.38,179.77,,179.42,224.2,190.75,226.56,,,,,,,6.7,1.9,10.7,1.5,,,,,,
5108501,Vera,resto_mt,Demais MT,FALSE,2013,4,5.5,,94.2,100,,229.05,208.77,,222,195.63,,195.63,222.01,208.77,229.05,,,,,,,13.7,0.6,17.9,1.3,,,,,,
5108600,Vila Rica,resto_mt,Demais MT,FALSE,2013,4.3,4.9,,92.4,94.8,,238.1,200.19,,238.38,186.19,,186.72,238.38,200.02,238.1,,,,,,,9.3,3.7,16.2,0.8,,,,,,
5108808,Nova Guarita,resto_mt,Demais MT,FALSE,2013,4.7,5.8,,97.2,99.7,,246.38,219.75,,241.44,203.25,,203.25,236.08,219.76,242.73,,,,,,,16.6,0,31.9,2.2,,,,,,
5108857,Nova Marilândia,resto_mt,Demais MT,FALSE,2013,4.4,7.1,,98.5,100,,237.44,276,,232.52,211.55,,211.56,232.52,276,237.44,,,,,,,20.9,1.7,89,5.1,,,,,,
5108907,Nova Maringá,resto_mt,Demais MT,FALSE,2013,3.8,5.6,,83.2,97.9,,235.13,220.47,,240.99,198.22,,193.04,239.91,215.81,239.74,,,,,,,12,1.5,19.3,3,,,,,,
5108956,Nova Monte Verde,resto_mt,Demais MT,FALSE,2013,4.5,6.1,,97.5,99.8,,238.63,221.58,,238.63,213.69,,213.7,238.63,221.59,238.64,,,,,,,28.4,3.2,31,2.4,,,,,,
5100102,Acorizal,resto_mt,Demais MT,FALSE,2017,4.3,5.1,2.7,95.3,100,78,235.91,194.91,244.05,235.85,188.47,224.44,188.47,232.8,194.91,231.46,224.44,244.06,,,,,11.6,0,13,2.9,0,0,,,,
5100201,Água Boa,resto_mt,Demais MT,FALSE,2017,4.6,6.2,3.7,92.3,99.9,76.1,247.36,223.86,270.58,251.27,220.24,265.72,219.36,247.42,223.07,244.09,262.18,266,277.35,285.67,,,23.8,2.1,27.7,1.7,0,0,0,0,,
5100250,Alta Floresta,resto_mt,Demais MT,FALSE,2017,5,5.9,3.7,97.4,99.3,81.1,252,216.75,269.14,254.39,210.32,268.57,209.47,253.86,216.22,251.47,262.19,260.37,313.1,330.21,,,18.6,6.2,23.1,4.8,0,0,0,0,,
5100300,Alto Araguaia,resto_mt,Demais MT,FALSE,2017,4.8,6,3.1,94.5,98.6,66.4,254.22,223.41,267.79,253.52,214.6,277.51,214.6,253.52,223.42,254.23,277.52,267.79,,,,,24.8,8.3,32.4,7.2,0,0,,,,
5100359,Alto Boa Vista,resto_mt,Demais MT,FALSE,2017,,,2.9,98.2,99.7,73.6,,,241.07,,,243.8,221.42,237.09,238.68,220.25,243.8,241.07,,,,,33.3,4.3,44.5,0,0,0,,,,
5100409,Alto Garças,resto_mt,Demais MT,FALSE,2017,4.7,5.9,2.6,95.4,94.5,54.5,244.3,219.03,267.19,250.77,223.08,270.23,223.08,250.77,219.04,244.31,270.23,267.19,,,,,32.2,4.9,24.4,4.1,0,0,,,,
5100508,Alto Paraguai,resto_mt,Demais MT,FALSE,2017,3.9,4.8,2.7,96.4,99,75.1,222.21,186.88,239.83,223.72,183,235.5,182.43,225.18,187.51,225.09,235.51,239.83,,,,,4.4,1.7,2.2,0.8,0,0,,,,
5100607,Alto Taquari,resto_mt,Demais MT,FALSE,2017,5,5.8,2.5,93.4,95.5,54.1,262.7,224.22,274.26,260.7,213.83,266.57,213.84,260.7,224.23,262.71,266.58,274.27,,,,,19,12.2,23.5,8.8,0,0,,,,
5100805,Apiacás,resto_mt,Demais MT,FALSE,2017,4.5,6,3.6,94.3,99.4,80.9,243.44,227.1,264.02,240.5,206.25,261.1,206.26,240.5,227.1,243.44,261.11,264.03,,,,,16,3.1,32.1,4,0,0,,,,
5101001,Araguaiana,resto_mt,Demais MT,FALSE,2017,4.1,5.2,3.5,100,98.3,89,218.74,196.08,245.94,227.72,198.61,243.44,198.62,227.73,196.09,218.74,243.44,245.95,,,,,20.9,7.9,11.7,0,0,0,,,,
5101209,Araguainha,resto_mt,Demais MT,FALSE,2017,,5.5,3,94.1,95.8,65.8,,215.08,280.79,,204.63,272.08,204.63,,215.08,,272.09,280.79,,,,,17.6,,23.5,,0,0,,,,
5101258,Araputanga,resto_mt,Demais MT,FALSE,2017,5.3,6.1,3.4,98.1,99.8,78.6,254.5,223.67,261.39,267.95,212.02,265.14,211.21,267.95,222.86,254.5,265.15,261.4,,,,,21.1,6.8,28.9,6.7,0,0,,,,
5101308,Arenápolis,resto_mt,Demais MT,FALSE,2017,4.4,5.4,3,93.9,99.1,67,241.16,203.35,259.29,242.47,199.66,262.13,199.67,242.48,203.35,241.16,262.13,259.29,,,,,16.5,2.2,17.5,1.9,0,0,,,,
5101407,Aripuanã,resto_mt,Demais MT,FALSE,2017,4.9,5.4,,93.2,96.4,65.1,258.64,211.89,,254.6,195.17,,194.59,253.56,208.17,258.06,270.12,267.41,,,,,12.7,6.7,19.1,4.9,0,0,,,,
5101605,Barão de Melgaço,pantanal_norte,Pantanal-13,TRUE,2017,4.1,5.5,2.5,96.3,96.6,78.2,224.47,215.71,231.74,233.3,196.25,221.27,187.3,226.77,204.07,215.58,221.28,231.74,,,,,11.3,3.8,16.9,1.4,0,0,,,,
5101704,Barra do Bugres,resto_mt,Demais MT,FALSE,2017,4.3,5.4,2.7,92.7,97.8,62.6,241.16,205.49,264.66,240.14,198.14,257.64,195.34,236.18,203.16,238.85,255.49,263.16,289.8,287.06,,,12.4,3.5,15.2,4.7,0,0,0,0,,
5101803,Barra do Garças,resto_mt,Demais MT,FALSE,2017,4.8,5.8,3.4,92.5,97.8,72.1,251.75,218.36,273.73,257.17,210.77,276.02,208.05,257,216.54,251.45,270.38,266.57,307.53,313.67,,,21.5,5,23.7,5.7,0,0,0,0,,
5101852,Bom Jesus do Araguaia,resto_mt,Demais MT,FALSE,2017,3.9,5.5,,93.3,97,61,230.8,210.88,,220.02,200.47,,198.39,220.02,205.81,230.8,,,,,,,6.2,1.9,18.9,2.2,,,,,,
5101902,Brasnorte,resto_mt,Demais MT,FALSE,2017,4.5,5.4,,95.8,98.2,74.1,239.36,208.66,,241.49,195.05,,191.3,240.28,204.31,237.14,249.75,251.21,,,,,10.2,4.2,14.8,2.3,0,0,,,,
5102504,Cáceres,pantanal_norte,Pantanal-13,TRUE,2017,4.3,5.2,3,94.9,97.2,71.7,235.28,202.47,256.14,238.92,194.77,255.47,193.09,238.85,201.27,235.65,252.03,251.59,275.51,282.72,,,11.4,2.4,13.3,2.5,0,0,0,0,,
5102603,Campinápolis,resto_mt,Demais MT,FALSE,2017,3.7,5,,92.3,97.8,56,221.55,198.42,,218.42,185.77,,185.78,218.43,198.43,221.56,235.95,234.12,,,,,8,4.6,15.2,3.3,0,0,,,,
5102637,Campo Novo do Parecis,resto_mt,Demais MT,FALSE,2017,4.9,5.8,,90.2,93.1,73.3,260.92,228.3,,265.76,215.49,,215.13,264.78,228.34,260,233.37,238.09,299.74,308.91,,,24.2,6.1,32.2,4.7,0,0,0,0,,
5102678,Campo Verde,resto_mt,Demais MT,FALSE,2017,5.2,6,3.5,94.3,97.1,73.8,262.55,225.86,276.97,265.57,216.77,274.63,214.24,263.86,224.25,261.29,271.2,272.44,284.95,290.58,,,22.7,6.6,26.6,7.8,0,0,0,0,,
5102686,Campos de Júlio,resto_mt,Demais MT,FALSE,2017,5.2,5.9,3.7,97.3,98.5,76.1,263.29,219.53,282.3,258.58,210.02,278.04,210.03,258.59,219.54,263.29,278.04,282.31,,,,,22.5,8.7,28.3,12.3,0,0,,,,
5102694,Canabrava do Norte,resto_mt,Demais MT,FALSE,2017,4.1,4.8,2.8,95.6,99.7,68,232.61,193.77,255,222.91,174.97,255.69,174.98,227.92,193.78,234.73,255.7,255,,,,,0,0,7.5,1.2,0,0,,,,
5102702,Canarana,resto_mt,Demais MT,FALSE,2017,4.6,5.5,3.1,93.7,98.6,67.2,245.47,209.05,270.61,251.44,199.11,267.01,199.12,251.45,209.05,245.47,267.01,270.62,,,,,14.7,4.7,18.8,2.8,0,0,,,,
5102793,Carlinda,resto_mt,Demais MT,FALSE,2017,4.9,5.5,3.1,97.7,98.2,77.3,248,211.19,252.07,250.08,197.42,251.67,197.97,248.09,209.74,248.33,251.68,252.07,,,,,12.3,4,20.1,3.4,0,0,,,,
5102850,Castanheira,resto_mt,Demais MT,FALSE,2017,4.3,5.1,2.9,95.6,98.7,67.7,239.83,200.91,260.17,231.02,185.02,252.3,183.56,230.39,199.86,238.67,252.3,260.17,,,,,5.2,2.4,11.3,2.4,0,0,,,,
5103007,Chapada dos Guimarães,resto_mt,Demais MT,FALSE,2017,4.6,5.4,3.2,95.1,94.2,72.1,245.5,210.61,258.64,249.89,205.58,262.42,198.8,242.38,203.61,238.28,269.27,264.14,,,,,11.1,3.3,13.1,1.9,0,0,,,,
5103056,Cláudia,resto_mt,Demais MT,FALSE,2017,4.6,5.9,3.3,92.1,97.5,70.1,251.27,219.03,267.32,246.25,214.75,272.11,214.75,243.65,219.04,247.07,272.12,267.32,,,,,21.8,1.4,26.6,5.9,0,0,,,,
5103106,Cocalinho,resto_mt,Demais MT,FALSE,2017,3.6,5,1.8,96.5,98.8,48.7,218.78,198.69,245.16,206.27,181.33,240.47,181.33,206.28,198.7,218.79,240.48,245.17,,,,,14.5,1.6,14,0,0,0,,,,
5103205,Colíder,resto_mt,Demais MT,FALSE,2017,5.1,6,3.9,96.8,98.1,83.5,258.75,222.46,271.82,256.02,216.28,273.51,214.81,254.8,221.21,257.66,276.39,273.63,207.62,230.5,,,24.7,8.3,28.1,6,0,0,0,0,,
5103254,Colniza,resto_mt,Demais MT,FALSE,2017,4.5,5.8,2.4,95.3,98.3,66.4,243.49,217.07,243.05,239.17,205.94,230.63,197.41,233.25,208.61,236.46,226.18,241.08,261.45,256.7,,,14.3,3.4,16.9,2.1,0,0,0,0,,
5103304,Comodoro,resto_mt,Demais MT,FALSE,2017,4.5,5.7,3.4,92.9,97.3,75.3,246.19,216.46,273.38,244.13,209.32,260.41,209.32,245.78,216.46,246.19,276.22,285.17,,,,,21.8,4.9,24.7,5.8,0,0,,,,
5103353,Confresa,resto_mt,Demais MT,FALSE,2017,4.7,5.5,3.1,97.2,98.8,71.6,248.63,208.77,260.97,242.07,196.83,258.29,192.52,238.6,205.1,243.72,249.57,249,276.93,286.49,,,12.7,4,18.9,3.5,0,0,0,0,,
5103361,Conquista D'Oeste,resto_mt,Demais MT,FALSE,2017,5.8,5.9,3.4,100,96.1,78,274.6,221.94,273.01,275.7,216.22,254.5,216.22,275.71,221.95,274.61,254.51,273.01,,,,,25.6,9.2,22.4,15.5,0,0,,,,
5103379,Cotriguaçu,resto_mt,Demais MT,FALSE,2017,4.3,5.8,3.3,93.9,98.3,76,237.99,217.38,261.91,239.46,210.07,253.66,201.48,236.13,215.62,239.22,253.66,261.91,,,,,15.7,3.4,21.5,1.2,0,0,,,,
5103403,Cuiabá,polo_metropolitano,Polo Metropolitano,FALSE,2017,4.5,5.6,3,95.2,98.1,68.8,240.11,209.78,252.47,242.25,204.46,251.41,204.06,242.21,209.5,240.11,247.55,247.92,280.04,274.32,,,16.5,3.6,18,3.7,0,0,0,0,,
5103437,Curvelândia,pantanal_norte,Pantanal-13,TRUE,2017,4.8,6,2.9,96.1,99.2,66.4,248.6,224.66,262.57,248.38,211.13,261.3,211.13,248.38,224.66,248.6,261.31,262.57,,,,,27.6,3.7,29.7,5.1,0,0,,,,
5103452,Denise,resto_mt,Demais MT,FALSE,2017,4.2,5.6,3.5,93.7,99.1,77.8,234.16,210.42,261.7,233.47,200.71,261.58,200.71,233.92,210.43,226.69,261.59,261.71,,,,,13.9,2.9,18.7,1.4,0,0,,,,
5103502,Diamantino,resto_mt,Demais MT,FALSE,2017,4.7,5.7,3.2,98.8,99.2,71.8,242.27,211.32,264.83,245.88,206.11,262.42,203.78,242.37,209.77,242.02,262.42,264.84,,,,,16.9,3.3,17.4,4.2,0,0,,,,
5103601,Dom Aquino,resto_mt,Demais MT,FALSE,2017,4.8,5.5,3.1,99.5,99.2,70.6,247.85,207.3,251.94,241.21,198.69,262.83,198.69,241.21,207.3,247.85,262.84,251.95,,,,,17.7,2.7,21.4,5.3,0,0,,,,
5103700,Feliz Natal,resto_mt,Demais MT,FALSE,2017,4.2,5.4,2.9,93.3,96.5,62.2,237.19,207.8,274.7,233.69,200.11,272.04,199.14,233.24,206.49,237.5,272.04,274.71,,,,,14.9,4.5,17.5,1.9,0,0,,,,
5103809,Figueirópolis D'Oeste,resto_mt,Demais MT,FALSE,2017,4.7,5.9,4.3,98.9,98.5,93.4,244.05,221.1,270.23,240.75,210.8,276.2,210.81,240.76,221.1,244.05,276.2,270.23,,,,,30.8,0,25.7,0,0,0,,,,
5103858,Gaúcha do Norte,resto_mt,Demais MT,FALSE,2017,4.6,5.5,2.5,94.6,98.1,69.6,244.5,208.58,242.42,244.99,202.72,236.97,203.45,244.99,208.23,244.5,236.97,242.43,,,,,17.6,6.3,21.7,3.2,0,0,,,,
5103908,General Carneiro,resto_mt,Demais MT,FALSE,2017,4.2,5.1,,95.6,94.8,72.5,228.19,203.27,,233.17,197.16,,197.16,233.18,203.28,228.19,271.6,273.83,,,,,14.1,0,14,0,0,0,,,,
5103957,Glória D'Oeste,pantanal_norte,Pantanal-13,TRUE,2017,4.8,6.1,4.1,98.9,99.4,81.5,251.38,219.61,280.98,239.64,217.42,282.54,217.43,239.65,219.61,251.38,282.54,280.99,,,,,36.1,3.1,23.1,6.4,0,0,,,,
5104104,Guarantã do Norte,resto_mt,Demais MT,FALSE,2017,5.1,6.3,3.2,98.4,99.4,64.5,258.39,231.13,280,255.57,215.66,275.55,215.67,254.66,231.14,257.87,274.81,280.17,288.08,277.14,,,26.9,7.6,37.8,7,0,0,0,0,,
5104203,Guiratinga,resto_mt,Demais MT,FALSE,2017,4.7,5.5,2.8,98.1,99.5,69.2,238.14,206.88,249.63,250.03,197.03,255.89,197.04,250.04,206.89,238.15,256.72,248.6,,,,,7.9,7,12.8,2.3,0,0,,,,
5104500,Indiavaí,resto_mt,Demais MT,FALSE,2017,3.8,4.9,4.4,81.9,94.6,97.5,245.19,202.64,259.22,239.69,189.33,279.72,189.34,239.7,202.65,245.2,279.72,259.22,,,,,11.5,0,8.4,0,0,0,,,,
5104526,Ipiranga do Norte,resto_mt,Demais MT,FALSE,2017,5.5,6.1,3.7,98.1,95.9,78.2,272.75,233.3,278.51,263.17,220,272.98,220.01,263.17,233.3,272.75,272.98,278.51,,,,,28.6,5.3,36.9,20.6,0,0,,,,
5104542,Itanhangá,resto_mt,Demais MT,FALSE,2017,5.3,6.5,3.7,97.6,100,80,271.97,230.88,276.47,257.6,227.94,261.97,216.05,251.44,225.04,260.09,261.97,276.47,,,,,26,5.4,29,9.7,0,0,,,,
5104559,Itaúba,resto_mt,Demais MT,FALSE,2017,4.5,5,2.7,96,93.2,61.1,244.27,209.86,266.25,239.27,188.88,260.07,188.88,239.27,209.86,244.27,260.08,266.25,,,,,5.8,2.6,19.1,3.9,0,0,,,,
5104609,Itiquira,pantanal_norte,Pantanal-13,TRUE,2017,4.5,6,2.4,98.3,99.2,56,230.19,218.08,260.54,242.24,215.97,263.42,218.39,246.18,220.26,238.77,263.43,260.54,,,,,26.6,3.4,24.7,2.3,0,0,,,,
5104807,Jaciara,resto_mt,Demais MT,FALSE,2017,4.9,6.2,3.3,98,99.9,79.2,250.35,225.99,254.86,252.3,213.67,253.1,213.85,252.31,225.14,250.35,248.45,251.91,290.83,278.87,,,19.8,7.6,30.8,7.1,0,0,0,0,,
5104906,Jangada,resto_mt,Demais MT,FALSE,2017,4.3,4.3,3.1,96.2,99.8,77.7,233.61,175.02,252.21,235.11,164.02,238.14,170.55,230.02,182.49,229.72,238.15,252.21,,,,,5.4,1,6.1,2.5,0,0,,,,
5105002,Jauru,resto_mt,Demais MT,FALSE,2017,4.6,6.2,3.1,97.6,99.1,75.1,244.38,228.49,251.91,239.39,213.25,251.94,208.5,245.7,224.13,246.55,251.95,251.92,,,,,19.1,5.1,29.9,3.9,0,0,,,,
5105101,Juara,resto_mt,Demais MT,FALSE,2017,5.2,6.1,3.4,97.9,99.5,73.7,256.67,225.61,270.76,259.97,209.57,268.07,208.25,256.75,223.92,252.65,270.67,272.76,270.72,260.48,,,21.5,6.7,32.4,6.8,0,0,0,0,,
5105150,Juína,resto_mt,Demais MT,FALSE,2017,4.7,5.8,3.7,95.4,99.2,77,247.22,216.86,282.88,247.64,203.83,271.63,202.48,247.33,215.71,247.78,259.66,274.14,288.01,294.83,,,17.2,4.7,22.7,6.2,0,0,0,0,,
5105176,Juruena,resto_mt,Demais MT,FALSE,2017,4.7,6,2.7,95,95.9,63.1,253.19,227.64,255.39,245.44,217.19,255.47,215.07,245.44,225.83,253.2,255.47,255.4,,,,,22,4.1,28.8,4.4,0,0,,,,
5105200,Juscimeira,pantanal_norte,Pantanal-13,TRUE,2017,4.6,5.8,2.9,96.1,99.4,72.8,243.67,215.11,251.19,245.24,208.13,254.38,206.81,240.55,218.77,239.23,254.38,251.19,,,,,19.6,3.1,22.1,4.2,0,0,,,,
5105234,Lambari D'Oeste,pantanal_norte,Pantanal-13,TRUE,2017,4.3,4.7,2.6,92.4,92.4,69.4,241.57,192.91,248.86,240.75,188.58,234.63,188.59,239.02,192.91,238.79,234.64,248.86,,,,,10.1,0,7.1,1.8,0,0,,,,
5105259,Lucas do Rio Verde,resto_mt,Demais MT,FALSE,2017,5.4,6.5,3.3,95.7,98.5,71.8,268.85,237.47,271.7,269.35,225.05,269.52,225.35,270.43,237.96,269.79,268.48,271.54,293.31,275.45,,,31.9,10.1,42.3,13.6,0,0,0,0,,
5105309,Luciara,resto_mt,Demais MT,FALSE,2017,3.6,5.4,2.7,90.3,97.6,69.7,220.1,210.69,242.38,223.85,196.99,246.71,196.99,223.85,210.69,220.1,246.71,242.39,,,,,9.5,0,19,0,0,0,,,,
5105507,Vila Bela da Santíssima Trindade,resto_mt,Demais MT,FALSE,2017,,,,87.1,94.6,66.2,,,,,,,186.91,236.94,194.54,244.1,243.86,243.16,,,,,7.3,0.5,8.9,1.6,0,0,,,,
5105580,Marcelândia,resto_mt,Demais MT,FALSE,2017,5,5.8,3,98.9,99.4,71.4,254.75,219.33,260.1,249.08,204.22,258.35,204.53,249.33,218.76,255.59,258.36,260.1,,,,,16.6,3.8,27,4.7,0,0,,,,
5105606,Matupá,resto_mt,Demais MT,FALSE,2017,4.8,6.9,2.8,98.2,99.7,70.5,248.77,248.75,252.25,247.39,232.3,249.38,227.72,244.56,243.05,246.56,255.48,258.54,,,,,34.3,2.5,48.8,5.3,0,0,,,,
5105622,Mirassol D'Oeste,pantanal_norte,Pantanal-13,TRUE,2017,4.7,5.9,2.7,95.5,98.3,66.6,247.1,219.52,254.28,247.44,212.03,249.72,209.11,245.98,216.15,244.86,245.95,249.93,263.04,269.66,,,19.9,1.6,22.6,2.9,0,0,0,0,,
5105903,Nobres,resto_mt,Demais MT,FALSE,2017,4.4,5.3,,98.5,99.4,72,233.47,205.3,,235.86,191.69,,191.83,233.94,202.79,231.88,249.44,241.66,,,,,11,2.7,11.1,1.8,0,0,,,,
5106000,Nortelândia,resto_mt,Demais MT,FALSE,2017,4.9,5.7,2.9,97,100,69.5,249.63,213.38,259.11,253.67,199.28,255.88,199.29,253.68,213.38,249.64,255.88,259.12,,,,,15.5,4,19.4,5.5,0,0,,,,
5106109,Nossa Senhora do Livramento,pantanal_norte,Pantanal-13,TRUE,2017,4,5.4,3,95.7,98.6,82.4,221.86,204.89,239.46,230.03,197,237.02,187.79,227.11,196.1,224.01,237.02,239.46,,,,,6.4,0,10.5,2.4,0,0,,,,
5106158,Nova Bandeirantes,resto_mt,Demais MT,FALSE,2017,5.3,6,3.5,97.1,98.5,79.8,264.38,227.19,267.11,260.54,210.25,264.79,202.96,251.27,218.33,260.07,264.79,267.12,,,,,20,4,27.6,7.7,0,0,,,,
5106174,Nova Nazaré,resto_mt,Demais MT,FALSE,2017,4.2,4.9,,90.1,82.1,,235.83,218.25,,241.8,210.88,,210.89,241.8,218.25,235.84,,,,,,,18.3,4.2,33.2,0,,,,,,
5106182,Nova Lacerda,resto_mt,Demais MT,FALSE,2017,4.4,5.6,4.2,98,99,87.3,238.92,213.77,281.91,233,198.69,275.76,196.6,229.22,210.04,236.23,275.77,281.91,,,,,17.4,2.8,23,2.8,0,0,,,,
5106190,Nova Santa Helena,resto_mt,Demais MT,FALSE,2017,5.1,5.8,3.9,97.9,100,76.9,258.89,216.3,283.89,251.61,202.22,282.1,202.23,251.61,216.3,258.9,282.11,283.9,,,,,17.3,7.2,10.1,5,0,0,,,,
5106208,Nova Brasilândia,resto_mt,Demais MT,FALSE,2017,4,5.5,2,95.7,100,55.7,233.08,206.47,236.33,219.46,196.61,235.33,196.62,219.46,206.48,233.08,235.34,236.34,,,,,19.9,1.9,23.4,4.6,0,0,,,,
5106216,Nova Canaã do Norte,resto_mt,Demais MT,FALSE,2017,4.8,5.6,3.7,92.4,97.5,76.7,257.29,216.82,280.14,258.32,199.33,271.22,199.49,251.53,217.79,256.28,271.22,280.15,,,,,15.6,5,22.6,8.6,0,0,,,,
5106224,Nova Mutum,resto_mt,Demais MT,FALSE,2017,4.9,6,3.4,95.5,100,77.9,253.97,216.32,262.89,252.47,217.41,261.83,216.2,253.66,215.86,254.71,262.83,263.47,254.2,258.51,,,23.7,5,21.7,4.4,0,0,0,0,,
5106232,Nova Olímpia,resto_mt,Demais MT,FALSE,2017,4.4,5.9,3.1,95.7,100,70.5,239.91,218.52,258.55,237.88,206.77,262.13,205.44,237.62,217.53,239.38,262.13,258.56,,,,,16.6,2.2,21,0.9,0,0,,,,
5106240,Nova Ubiratã,resto_mt,Demais MT,FALSE,2017,4.7,5.5,2.6,93.4,92.9,60.5,251.14,215.02,261.67,251.55,212.33,252.5,202.64,248.08,210.08,249.51,252.51,261.67,,,,,17,5.4,13.5,3.9,0,0,,,,
5106257,Nova Xavantina,resto_mt,Demais MT,FALSE,2017,4.5,5.2,3.2,93.3,98.1,73.2,243.16,204.97,264.89,243.36,188.92,260.32,190.37,243.37,205.55,243.16,256.72,261.41,303.14,306.4,,,13.2,1.9,18.1,2.3,0,0,0,0,,
5106265,Novo Mundo,resto_mt,Demais MT,FALSE,2017,5.1,5.8,3.5,98.7,99.6,79.7,262.38,215.63,272.2,247.5,206.03,260.51,200.09,245.84,209.52,255.34,260.51,272.21,,,,,18.6,4.3,19,8.8,0,0,,,,
5106273,Novo Horizonte do Norte,resto_mt,Demais MT,FALSE,2017,4.6,5.9,2.9,99.5,99.1,73.9,243.17,222.63,254.47,236.44,205.85,241.47,205.85,236.45,222.63,243.18,241.47,254.47,,,,,15,0,32,0,0,0,,,,
5106281,Novo São Joaquim,resto_mt,Demais MT,FALSE,2017,4.7,5.9,,96.3,99.6,66.1,245.6,218.27,,249.49,206.66,,201.79,243.32,213.72,244.12,246.49,257.29,,,,,15,3,20.4,1.4,0,0,,,,
5106299,Paranaíta,resto_mt,Demais MT,FALSE,2017,5.2,5.3,3.5,98.1,95.4,82.8,260.23,208.49,263.6,258.41,197.05,251.36,197.17,249.71,209.99,256.18,251.37,263.61,,,,,16.4,3.8,18.9,5.1,0,0,,,,
5106307,Paranatinga,resto_mt,Demais MT,FALSE,2017,5.2,6.1,3.3,97.4,99.3,73,255.58,221.63,267.92,262.67,215.74,267.32,213.86,262.68,220.42,255.59,267.32,267.92,,,,,22.6,11.1,27.2,10.6,0,0,,,,
5106315,Novo Santo Antônio,resto_mt,Demais MT,FALSE,2017,4.6,5.7,3.7,95.5,97,95.2,244.08,211.94,250.58,246.16,210.5,241.02,195.44,246.16,198.08,244.08,241.03,250.59,,,,,14.2,0,9.5,0,0,0,,,,
5106372,Pedra Preta,resto_mt,Demais MT,FALSE,2017,4.4,5.8,3,95.5,99.2,74.2,241.05,213.72,252.61,238.36,210.67,256.55,209.87,242.26,212.61,244.45,256.56,252.62,,,,,24,4,18.8,5,0,0,,,,
5106422,Peixoto de Azevedo,resto_mt,Demais MT,FALSE,2017,4.4,5.6,3.1,97.3,99.9,77.5,232.63,211.27,250.27,236.11,199.89,247.8,197.19,234.68,208.32,233.54,244.9,248.91,283.76,267.26,,,10.4,2.9,16.3,3.7,0,0,0,0,,
5106455,Planalto da Serra,resto_mt,Demais MT,FALSE,2017,4.8,6.4,2.8,99.1,99.6,68,246.44,233.1,260.88,241.11,219.5,257.29,219.51,241.11,233.1,246.45,257.3,260.88,,,,,29.5,2,33,9.4,0,0,,,,
5106505,Poconé,pantanal_norte,Pantanal-13,TRUE,2017,3.8,4.6,2.9,95.2,98,75.3,218.55,183.61,241.32,218.91,177.67,235.53,178.19,217.77,183.58,217.54,236.03,241.38,221.11,239.41,,,5.3,0.4,4.4,0.4,0,0,0,0,,
5106653,Pontal do Araguaia,resto_mt,Demais MT,FALSE,2017,4.8,5.2,2.6,96.1,94.6,63,245.69,203.22,252.57,253.49,198.89,256.44,198.9,253.49,203.23,245.7,256.44,252.57,,,,,16.1,9.2,14.6,4.7,0,0,,,,
5106703,Ponte Branca,resto_mt,Demais MT,FALSE,2017,5.1,5.9,3.7,98.4,100,84.2,255.72,216.72,272.92,258.27,211.25,257.76,211.26,258.28,216.73,255.72,257.77,272.93,,,,,17.4,0,21.7,0,0,0,,,,
5106752,Pontes e Lacerda,resto_mt,Demais MT,FALSE,2017,4.8,5.5,3.6,95.8,97.8,83.4,247.32,211.02,264.75,253.41,201.46,259.02,198.24,253.65,209,248.06,248.65,252.54,283.83,293.92,,,13.2,5.5,19.1,4.8,0,0,0,0,,
5106778,Porto Alegre do Norte,resto_mt,Demais MT,FALSE,2017,4.3,5.1,2.4,97.7,99.1,64.2,230.63,199.53,240.69,231.25,187.14,240.25,187.02,231.53,198.3,234.4,240.25,240.7,,,,,10.4,3.4,15.6,5.2,0,0,,,,
5106802,Porto dos Gaúchos,resto_mt,Demais MT,FALSE,2017,4.9,6.5,3.7,98.8,99.7,80.3,249.17,238.33,273.42,245.58,223.32,267.58,223.32,245.59,238.33,249.18,268.56,273.23,,,,,25.7,3.4,47.9,6.7,0,0,,,,
5106828,Porto Esperidião,pantanal_norte,Pantanal-13,TRUE,2017,4.6,5.3,3.2,96.5,96.6,76.5,244.27,208.49,258.47,242.38,192.55,254.52,193.78,239.16,205.95,238.63,254.52,258.47,,,,,11.9,3.2,17.6,2.2,0,0,,,,
5106851,Porto Estrela,resto_mt,Demais MT,FALSE,2017,4.1,5.5,3.1,97,99.6,81.6,229.97,206.3,247.55,222.91,199.33,242.8,199.33,222.92,206.3,229.98,242.81,247.56,,,,,18.9,0,21.6,0,0,0,,,,
5107008,Poxoréu,resto_mt,Demais MT,FALSE,2017,4.6,6.2,2.8,93.6,99.4,66.8,248.32,224.6,255.63,247.46,217.41,248.11,216.14,249.98,223.98,251.82,248.12,255.64,,,,,23.5,8.8,28.2,4.6,0,0,,,,
5107040,Primavera do Leste,resto_mt,Demais MT,FALSE,2017,4.9,5.8,2.9,91.6,96.7,59.2,258.7,220.27,279.47,260.88,213.25,272.5,212.57,259.08,218.96,257.4,266.86,269.11,297.53,325.48,,,18.7,6.9,23.8,9,0,0,0,0,,
5107065,Querência,resto_mt,Demais MT,FALSE,2017,5.3,6,3.5,99,100,75.2,262.29,218.49,273.11,256.91,211.41,265.39,209.62,256.67,217.2,262.17,265.39,273.12,,,,,16.5,5.7,27.7,11,0,0,,,,
5107107,São José dos Quatro Marcos,resto_mt,Demais MT,FALSE,2017,4.6,6,3.5,93.1,97.1,79.6,246.32,226.28,265.83,251.6,212.94,264,213.11,252.04,225.65,247.88,260.56,261.72,281.12,286.33,,,23.2,4.4,30.4,2.2,0,0,0,0,,
5107156,Reserva do Cabaçal,resto_mt,Demais MT,FALSE,2017,5,5.5,,98.2,100,,255.83,210.6,,251.5,192.58,,192.58,251.5,210.6,255.84,,,,,,,7.7,5.9,23.1,11.8,,,,,,
5107180,Ribeirão Cascalheira,resto_mt,Demais MT,FALSE,2017,,5.2,,97.4,98.6,,,196.36,,,196.11,,196.11,232.25,196.36,240.49,,,,,,,10.7,0,12.8,0,,,,,,
5107198,Ribeirãozinho,resto_mt,Demais MT,FALSE,2017,4.9,7.3,3,92.4,100,70.2,257.6,260.82,262.42,258.95,242.41,261.57,242.41,258.96,260.83,257.61,261.57,262.42,,,,,41.4,0,53.6,7.8,0,0,,,,
5107206,Rio Branco,resto_mt,Demais MT,FALSE,2017,5.4,5.3,3.5,91.6,96.5,83,285.61,206.69,278.44,267.42,199.71,237.14,199.71,267.43,206.69,285.62,237.15,278.44,,,,,14.5,11.2,20.8,22.7,0,0,,,,
5107248,Santa Carmem,resto_mt,Demais MT,FALSE,2017,4.8,6.5,4,95.8,98.8,78.6,254.33,237.05,289.8,247.22,223.86,285.23,223.86,247.22,237.06,254.33,285.23,289.81,,,,,28.9,1.6,40.2,3.2,0,0,,,,
5107263,Santo Afonso,resto_mt,Demais MT,FALSE,2017,4.6,,3.4,94.4,99.1,72.8,252.74,,285.32,238.3,,276.88,,238.3,,252.74,276.88,285.32,,,,,,3.5,,10.4,0,0,,,,
5107297,São José do Povo,resto_mt,Demais MT,FALSE,2017,4.7,4.5,3.6,100,88.7,79.3,243.58,194.91,271.55,239.41,192.14,267.69,192.15,239.41,194.92,243.59,267.69,271.56,,,,,7.4,2.9,7.4,2.8,0,0,,,,
5107305,São José do Rio Claro,resto_mt,Demais MT,FALSE,2017,5,6.2,3.4,94.4,100,71.3,254.97,224.71,271.38,261.61,214.78,279.92,214.79,261.62,224.71,254.98,279.93,271.38,,,,,21.6,7.7,27.5,5.6,0,0,,,,
5107354,São José do Xingu,resto_mt,Demais MT,FALSE,2017,4.3,5.6,3,97.4,98.4,72.3,232.05,209.82,254.97,233.66,202.89,261.02,197.33,238.51,207.77,236.25,261.03,254.98,,,,,13.1,3.5,11.9,3.2,0,0,,,,
5107404,São Pedro da Cipa,resto_mt,Demais MT,FALSE,2017,3.9,5.6,3,97.4,99.4,73.2,220.63,212.99,249.22,221.38,199.47,261.95,199.47,221.38,212.99,220.64,261.95,249.23,,,,,10.2,2.7,14.9,2.7,0,0,,,,
5107578,Rondolândia,resto_mt,Demais MT,FALSE,2017,4.2,5.8,2.5,88.7,97.1,62.8,244.86,215.77,278,238.66,212.91,277.25,207.37,238.67,207.81,244.86,277.25,278,,,,,24.7,0,17.3,0,0,0,,,,
5107602,Rondonópolis,pantanal_norte,Pantanal-13,TRUE,2017,4.8,6,3.2,96,99.6,71.5,248.96,219.55,264.14,250.21,213.14,262.57,212.97,249.77,219.18,248.22,258.46,260.06,310.27,311.59,,,22.2,6,26,6.5,0,0,0,0,,
5107701,Rosário Oeste,resto_mt,Demais MT,FALSE,2017,3.7,4.4,2.7,93.9,95.3,77.4,217.89,180.55,232.91,221.22,178.14,233.07,178.39,222.11,181.28,218.12,229.38,231.42,,,,,4,0.6,6.8,0,0,0,,,,
5107743,Santa Cruz do Xingu,resto_mt,Demais MT,FALSE,2017,4.3,4.8,,78.8,89.7,,260.33,201.13,,265.04,195.36,,195.36,265.05,201.14,260.34,,,,,,,11.8,10,2.9,20,,,,,,
5107750,Salto do Céu,resto_mt,Demais MT,FALSE,2017,4.9,5.7,3.2,99.5,98.9,71.9,245.44,222.03,270.82,248.82,195.86,260.23,194.21,248.82,225.2,245.45,260.23,270.83,,,,,0,2,30.8,2,0,0,,,,
5107768,Santa Rita do Trivelato,resto_mt,Demais MT,FALSE,2017,4.9,6.6,3.7,91.3,99.6,73.6,262.33,241.25,280.73,263.64,225.13,256.94,225.14,263.65,241.25,262.34,256.94,280.73,,,,,26.8,11,46.3,8.4,0,0,,,,
5107776,Santa Terezinha,resto_mt,Demais MT,FALSE,2017,4.3,5,,97.3,98.8,67.6,230.71,192.14,,231.72,187.08,,172.32,235.95,179.55,230,231.31,223.6,,,,,5.1,2.1,3,0,0,0,,,,
5107792,Santo Antônio do Leste,resto_mt,Demais MT,FALSE,2017,4.8,5.5,,92.5,92.9,,253.99,214.88,,256.66,212.99,,212.99,256.66,214.88,253.99,,,,,,,16.4,3.9,18.4,6.6,,,,,,
5107800,Santo Antônio do Leverger,pantanal_norte,Pantanal-13,TRUE,2017,3.7,5.3,2.5,95.8,98.5,62.9,219.55,201.14,243.97,213.19,195.32,241.33,191.84,216.24,197.55,220,241.33,243.97,,,,,10.6,0.4,9.6,1,0,0,,,,
5107859,São Félix do Araguaia,resto_mt,Demais MT,FALSE,2017,,4.5,3,93.7,97.4,70.7,,183.64,253.91,,175.42,248.02,181.28,253.92,186.16,265.42,248.02,253.91,,,,,7,0,7.6,0,0,0,,,,
5107875,Sapezal,resto_mt,Demais MT,FALSE,2017,4.8,5.7,3.4,87.2,94.1,71.9,260.27,218.75,277.92,266.07,212.92,274.82,212.71,266.08,219.1,260.28,274.83,277.93,,,,,20.6,4,22.4,5.2,0,0,,,,
5107883,Serra Nova Dourada,resto_mt,Demais MT,FALSE,2017,3.9,4.2,3.3,89.3,85.8,87.5,233.42,192.33,252.61,233.91,179.13,233.86,179.13,233.91,192.34,233.43,233.86,252.62,,,,,11.8,4.8,11.8,4.8,0,0,,,,
5107909,Sinop,resto_mt,Demais MT,FALSE,2017,5,5.8,3.1,95.9,95.2,69.5,253.6,222.03,267.07,257.05,214.02,267.22,213.71,257.03,221.7,253.55,266.39,266.42,303.08,295.85,,,22.2,7.2,24.8,5.9,0,0,0,0,,
5107925,Sorriso,resto_mt,Demais MT,FALSE,2017,4.8,6.1,3.2,95.2,98.6,71,253,226.11,268.64,248.94,216.72,262.76,216.69,251.59,226.77,254.92,256.44,261.98,307.96,316.18,,,22.6,5.5,31,7.9,0,0,0,0,,
5107941,Tabaporã,resto_mt,Demais MT,FALSE,2017,4.8,5.9,3.2,96.5,99.6,74.8,245.49,222,258.25,250.91,206.05,255.8,207.41,251.28,221.51,248.98,255.81,258.25,,,,,11.6,2.6,21.9,5.5,0,0,,,,
5107958,Tangará da Serra,resto_mt,Demais MT,FALSE,2017,5.1,6.1,3.5,98.2,99.1,74.2,256.32,224.41,275.77,255.41,216.38,271.51,214.89,254.66,222.73,255.44,267.28,269.4,296.22,313.15,,,23.7,5.8,28.1,8.1,0,0,0,0,,
5108006,Tapurah,resto_mt,Demais MT,FALSE,2017,5.1,5.9,3.3,97.1,100,67.6,259.35,214.16,276.54,257.17,209.63,275.23,208.08,256.16,216.79,258.81,275.24,276.54,,,,,20.1,8.7,25.2,7.9,0,0,,,,
5108055,Terra Nova do Norte,resto_mt,Demais MT,FALSE,2017,4.8,6.3,3.6,92.9,97.6,82.1,259.54,233.42,266.76,252.64,222.22,254.82,213.12,247.55,224.79,252.49,256.07,268.09,251.9,263.65,,,23.1,8.5,32,6.2,0,0,0,0,,
5108105,Tesouro,resto_mt,Demais MT,FALSE,2017,4.1,6.1,4.2,98,100,85.5,226.53,228.83,284.29,224.77,208.07,270.82,208.07,224.77,228.83,226.54,270.82,284.29,,,,,11.1,0,33.3,0,0,0,,,,
5108204,Torixoréu,resto_mt,Demais MT,FALSE,2017,5.2,6.1,2.7,99,99.5,72.7,256.85,220.82,247.03,256.47,219.75,238.85,219.76,256.47,220.82,256.85,238.85,247.04,,,,,36.9,9.8,34.3,7.5,0,0,,,,
5108303,União do Sul,resto_mt,Demais MT,FALSE,2017,5.1,5.7,2.6,96.7,96.4,69.1,251.71,222.33,247.22,265.45,206.72,249.27,206.72,265.45,222.33,251.71,249.27,247.23,,,,,14.1,11.6,17.7,3.7,0,0,,,,
5108352,Vale de São Domingos,resto_mt,Demais MT,FALSE,2017,,,3,,,67.8,,,259.2,,,262.39,220.62,231.13,231.6,232.02,262.4,259.21,,,,,35.6,0,38.7,2.5,0,0,,,,
5108402,Várzea Grande,polo_metropolitano,Polo Metropolitano,FALSE,2017,4.4,5.4,2.7,95.8,97.2,70.3,235.52,206.72,245.58,239.75,200.77,247.19,200.39,239.64,206.29,235.34,246.63,244.67,276.73,281.38,,,14.3,3.3,15.8,3,0,0,0,0,,
5108501,Vera,resto_mt,Demais MT,FALSE,2017,4.6,5.9,2.9,92.6,98.5,62,246.57,220.69,282.95,252.16,210.28,278.67,210.29,252.16,220.7,246.57,278.67,282.95,,,,,18.6,8.2,28.2,3.5,0,0,,,,
5108600,Vila Rica,resto_mt,Demais MT,FALSE,2017,4.8,5.1,3.3,92.1,94.6,72.1,256.6,203.6,267.02,255.13,196.47,270.23,195.82,252.99,201.98,256.54,270.23,267.03,,,,,10.8,6.8,14.8,7,0,0,,,,
5108808,Nova Guarita,resto_mt,Demais MT,FALSE,2017,5,6,3.8,99.3,100,84.3,247.52,213.91,266.58,255.52,216.25,267.41,216.26,255.53,213.92,247.52,267.41,266.59,,,,,23.8,1.8,18.8,5.3,0,0,,,,
5108857,Nova Marilândia,resto_mt,Demais MT,FALSE,2017,5.2,6.2,3.1,98.5,100,71.6,248.27,230.61,270.85,266.85,212.13,261.32,212.13,266.86,230.62,248.28,261.32,270.85,,,,,28.6,6,39.2,6,0,0,,,,
5108907,Nova Maringá,resto_mt,Demais MT,FALSE,2017,5,6.3,2.7,95.8,100,65.6,261.27,231.24,266.98,252.3,213.88,251.19,208.81,250.3,223.35,261.48,256.11,266.7,,,,,18.9,1.6,25.4,7.1,0,0,,,,
5108956,Nova Monte Verde,resto_mt,Demais MT,FALSE,2017,5.2,6.7,4,98.7,100,84.6,257.66,239.69,278.83,259.26,230.97,274.42,227.79,260.58,237.27,259.05,274.43,278.84,,,,,32.1,6.4,40.2,4.9,0,0,,,,
5100102,Acorizal,resto_mt,Demais MT,FALSE,2019,4.2,5.6,2.7,91.2,98.9,73.9,240.55,208.94,240.77,237.91,201.97,242.03,198.86,235.68,207,239.61,217.17,221.22,,,,,16.2,3.8,17.5,3.5,0,0,,,,
5100201,Água Boa,resto_mt,Demais MT,FALSE,2019,4.5,6.2,3.5,88.8,100,69,253.17,224,272.01,253.5,216.57,275.04,213.46,245.98,225.94,247.01,254.7,259.06,311.78,304.38,,,23.1,3.6,27.8,3.9,0,0,0,0,,
5100250,Alta Floresta,resto_mt,Demais MT,FALSE,2019,4.9,5.7,3.8,95.5,99,80.5,254.07,214.47,277.92,251.97,205.55,274.04,205.61,252.46,214.24,254.92,269.33,266.96,,,,,17.5,6.3,20.7,7.6,0,0,,,,
5100300,Alto Araguaia,resto_mt,Demais MT,FALSE,2019,4.9,6.5,,93.5,97.8,61.8,257.39,238.5,,255.97,225.77,,224.83,264.51,237.12,265.81,,,,,,,34.7,13.2,42.4,12.8,,,,,,
5100359,Alto Boa Vista,resto_mt,Demais MT,FALSE,2019,4.5,5.3,,96.2,99.2,64,240.22,202.17,,243.22,194.25,,194.25,243.23,202.18,240.22,,,,,,,10,3.8,15.5,1.3,,,,,,
5100409,Alto Garças,resto_mt,Demais MT,FALSE,2019,4.6,5.4,3.2,94.3,92.3,64.1,245.75,214.63,277.85,245.99,207.21,278.29,207.21,245.99,214.64,245.76,278.3,277.86,,,,,19.2,5.3,22.6,2.5,0,0,,,,
5100508,Alto Paraguai,resto_mt,Demais MT,FALSE,2019,,4.5,2.6,91.2,99.6,67.1,,178.24,241.6,,173.16,248.16,172.94,231.41,177.52,221.89,,,,,,,6.8,0,1.7,0,,,,,,
5100607,Alto Taquari,resto_mt,Demais MT,FALSE,2019,,6.1,,88.8,96.8,63.7,,231.52,,,217.44,,217.44,,231.53,,,,,,,,23.8,,29.1,,,,,,,
5100805,Apiacás,resto_mt,Demais MT,FALSE,2019,4.4,6,3.9,89.2,98.6,80,250.77,229.03,276.02,246.03,205.5,278.36,205.5,246.04,229.04,250.78,278.37,276.03,,,,,13.5,2.1,34.5,3.6,0,0,,,,
5101001,Araguaiana,resto_mt,Demais MT,FALSE,2019,4.2,4.9,4,97.9,97.6,95.6,229.02,191.71,264.66,226.83,187.78,248.88,187.79,,191.71,,248.89,264.66,,,,,4.8,,0,,0,0,,,,
5101209,Araguainha,resto_mt,Demais MT,FALSE,2019,5,,,91.8,,,263.98,,,275.66,,,,275.66,,263.98,,,,,,,,16.7,,5.6,,,,,,
5101258,Araputanga,resto_mt,Demais MT,FALSE,2019,4.8,5.9,3.8,97.9,99.8,82.5,245.88,215.33,270.76,249.74,210.72,272.47,210.73,247.77,215.33,245.31,256.86,248.1,,,,,15.2,4.6,14.2,2,0,0,,,,
5101308,Arenápolis,resto_mt,Demais MT,FALSE,2019,4.5,5.9,3.4,90.9,97.6,71.9,249.25,223.77,273.5,248.02,208.91,275.8,208.91,249.86,223.78,256.48,275.81,273.5,,,,,16.2,7.9,28.8,8.7,0,0,,,,
5101407,Aripuanã,resto_mt,Demais MT,FALSE,2019,4.3,5.6,2.6,87.8,96.3,57.6,245.19,215.75,274.38,249.52,203.67,270.5,201.39,,214.01,,,,,,,,13.3,,21.4,,,,,,,
5101605,Barão de Melgaço,pantanal_norte,Pantanal-13,TRUE,2019,3.7,4.7,2.6,93.9,94.9,73.4,218.75,192.02,234.11,218.42,181.53,231.94,180.69,215.52,189.09,215.21,238.8,241.91,,,,,8.1,1.2,5.9,0,0,0,,,,
5101704,Barra do Bugres,resto_mt,Demais MT,FALSE,2019,4.2,5.2,3.1,89.2,94.9,64,240.6,208.35,272.7,239.86,197.02,276.58,195.35,239.13,206.55,236.85,,,302.2,292.28,,,14.3,2.9,19,1.9,,,0,0,,
5101803,Barra do Garças,resto_mt,Demais MT,FALSE,2019,4.5,5.6,3.6,90.5,96.6,75.8,250.64,214.75,273.76,249.97,208.16,276.82,208.12,254.18,214.95,256.86,268.62,261.87,,,,,20.5,7.1,22.9,5.9,0,0,,,,
5101852,Bom Jesus do Araguaia,resto_mt,Demais MT,FALSE,2019,,5.2,3.1,88.5,96.9,73.4,,204.63,262.42,,192.49,257.67,192.49,,204.63,,257.67,262.43,,,,,10.8,,15.2,,0,0,,,,
5101902,Brasnorte,resto_mt,Demais MT,FALSE,2019,4.5,5.7,2.9,92.6,97.9,69.2,249.75,219.94,256.63,243.86,204.83,260.95,197.17,243.04,210.54,249.29,,,,,,,16.5,6.2,12.7,3.3,,,,,,
5102504,Cáceres,pantanal_norte,Pantanal-13,TRUE,2019,4.1,5.1,3.1,90.3,96.8,71.3,235.52,202.17,259.97,235.33,191.36,264.64,191.23,236.58,201.41,237.39,263.76,258.28,,,,,10.3,2,14.1,1.6,0,0,,,,
5102603,Campinápolis,resto_mt,Demais MT,FALSE,2019,3.4,4.8,,87,93.7,65.6,219.07,193.38,,215.47,187.8,,186.62,,205.26,,,,,,,,14.3,,21.4,,,,,,,
5102637,Campo Novo do Parecis,resto_mt,Demais MT,FALSE,2019,5.1,5.8,3.5,90.4,93.7,74.3,269.92,227.11,273.86,267.47,213.6,274,211.52,266.07,224,269.04,293.12,295.66,281.04,296.52,,,21.3,10.2,28.2,10.3,0,0,0,0,,
5102678,Campo Verde,resto_mt,Demais MT,FALSE,2019,5,6.3,3.7,92.5,97.5,75.2,263.61,233.72,286,260.82,222.97,280.23,220.44,259.69,231.48,262.18,,,291.22,300.42,,,26.9,8.1,34.1,7.4,,,0,0,,
5102686,Campos de Júlio,resto_mt,Demais MT,FALSE,2019,4.8,6,,95.7,100,81.5,249.86,220.28,,249.07,212.97,,212.97,249.07,220.29,249.87,,,,,,,23.4,6.6,22.2,6.3,,,,,,
5102694,Canabrava do Norte,resto_mt,Demais MT,FALSE,2019,3.7,4.9,,86.7,100,63.2,228.71,192.13,,230.05,179,,179.01,230.06,192.13,228.71,,,,,,,8.7,0,11.6,0,,,,,,
5102702,Canarana,resto_mt,Demais MT,FALSE,2019,4,5.3,,84.8,98,69.7,237.83,204.92,,242.52,195.61,,195.61,250.48,204.93,244.77,,,,,,,15.8,4.7,12.4,4.6,,,,,,
5102793,Carlinda,resto_mt,Demais MT,FALSE,2019,4.6,5.4,3.7,97.6,99.8,82.7,241.27,208.38,267.23,238.77,193.21,267.38,194.19,240.51,209.08,246.09,,,,,,,11,0.9,18.5,3.7,,,,,,
5102850,Castanheira,resto_mt,Demais MT,FALSE,2019,,5.2,3.1,91,99.4,65.1,,200.22,275.07,,190.6,271.04,186.26,,196.44,,,,,,,,6.2,,10.5,,,,,,,
5103007,Chapada dos Guimarães,resto_mt,Demais MT,FALSE,2019,4.2,5.2,2.9,90.9,97.1,68.1,238.47,204,256.73,239.57,189.52,262.29,185.98,239.57,199.23,238.47,254.95,266.93,308.82,291.51,,,6.5,1.9,10.2,3.5,0,0,0,0,,
5103056,Cláudia,resto_mt,Demais MT,FALSE,2019,5.3,6.1,,97,99.2,71.3,266.7,228.71,,260.17,208.17,,204.8,260.18,226.52,266.71,,,,,,,17.5,4.4,31.7,8.5,,,,,,
5103106,Cocalinho,resto_mt,Demais MT,FALSE,2019,3.5,,2.6,84.4,96.7,56.3,221.1,,257.32,226.82,,265,,226.82,,221.1,265,257.32,,,,,,3.9,,0,0,0,,,,
5103205,Colíder,resto_mt,Demais MT,FALSE,2019,4.9,5.9,3.9,90.8,96.3,78.7,265.98,225.92,282.51,260.19,210.8,283.38,210.88,260.59,225.91,266.76,284.21,283.96,,,,,19.1,11.7,28.8,9.5,0,0,,,,
5103254,Colniza,resto_mt,Demais MT,FALSE,2019,4.2,5.4,2.6,88.8,97.3,65.5,243.99,210.11,243.52,238.08,194.88,245.64,187.99,245.76,203.18,232.8,,,253.31,247.95,,,12.3,3.3,16,0,,,0,0,,
5103304,Comodoro,resto_mt,Demais MT,FALSE,2019,4.7,5.5,3.4,91.3,97.5,71.2,251.75,211.64,273.2,255.58,202.35,276.79,203.27,250.15,213.34,245.14,,,,,,,17.3,6.6,23,3.6,,,,,,
5103353,Confresa,resto_mt,Demais MT,FALSE,2019,4.4,5,3.1,94.8,97.2,72,242.77,195.63,261.47,239.02,187.66,264.33,186.85,243.31,195.85,247.82,290.81,293.94,297.1,281.95,,,9.4,6.3,9.8,6.5,0,0,0,0,,
5103361,Conquista D'Oeste,resto_mt,Demais MT,FALSE,2019,5.4,5,,97.5,96,93.1,275.52,198.86,,254.74,191,,191.01,254.74,198.87,275.53,,,,,,,18.3,4.3,10.8,8.4,,,,,,
5103379,Cotriguaçu,resto_mt,Demais MT,FALSE,2019,,5.7,3.2,91.8,97.8,76.3,,218.66,260.66,,204,255.78,191.02,237.65,209.72,243.31,266.86,269.41,,,,,13.2,1.2,15.2,3.5,0,0,,,,
5103403,Cuiabá,polo_metropolitano,Polo Metropolitano,FALSE,2019,4.3,5.6,3.4,91.2,98.1,70.9,241.77,211.64,262.88,240.67,203.69,266.25,203.37,247.18,211.12,248.48,271.74,263.35,275.36,272.69,,,17.9,6.2,20.2,5.4,0,0,0,0,,
5103437,Curvelândia,pantanal_norte,Pantanal-13,TRUE,2019,4.1,5.4,3.3,91.1,98,76.8,237.27,206.77,255.08,233.97,195.92,265.05,195.93,233.97,206.77,237.27,265.06,255.08,,,,,13.2,4,16.6,4,0,0,,,,
5103452,Denise,resto_mt,Demais MT,FALSE,2019,3.8,5.5,3.2,89.5,93.6,72.5,228.97,218.92,265.04,226.36,206.8,267.79,206.81,226.37,218.93,228.97,267.79,265.05,,,,,20.6,4.1,27.2,1.9,0,0,,,,
5103502,Diamantino,resto_mt,Demais MT,FALSE,2019,4.6,5.4,3.9,94.8,99.4,80.5,248.33,203,273.51,244.13,199.47,279.2,196.76,244.92,203.54,248.81,,,,,,,13.4,2.7,14.6,5.9,,,,,,
5103601,Dom Aquino,resto_mt,Demais MT,FALSE,2019,4.7,5.8,3.4,97.3,99.6,80.3,248.89,218.35,255.16,238.92,204.55,261.7,206.53,215.88,217.49,230.26,261.7,255.16,,,,,21.3,0,21.5,0,0,0,,,,
5103700,Feliz Natal,resto_mt,Demais MT,FALSE,2019,4.4,5.5,2.5,91.5,90.8,57.1,247.02,224.41,276.92,240.97,209.14,264.54,207.79,240.97,221.32,247.03,,,,,,,18.9,0.9,26.7,3.5,,,,,,
5103809,Figueirópolis D'Oeste,resto_mt,Demais MT,FALSE,2019,4.8,5.2,3.9,96.7,100,94.8,254.67,206.02,258.51,240.72,183.36,253.91,183.36,240.73,206.02,254.68,253.92,258.52,,,,,10.8,5,17.5,7.7,0,0,,,,
5103858,Gaúcha do Norte,resto_mt,Demais MT,FALSE,2019,4.3,5.8,3.5,90.8,97.1,76.2,243.63,221.86,276.29,237.91,206.25,274.82,203.38,237.91,219.96,243.63,274.83,276.3,,,,,18.4,5.8,26.3,4.6,0,0,,,,
5103908,General Carneiro,resto_mt,Demais MT,FALSE,2019,,5.2,,90.7,92.3,67.8,,210.39,,,199.28,,199.29,,210.4,,,,,,,,17.1,,3.8,,,,,,,
5103957,Glória D'Oeste,pantanal_norte,Pantanal-13,TRUE,2019,4.7,5.9,3.4,96.6,99.5,76.5,249.07,218.41,271.64,246.53,210.64,268.23,210.65,250.34,218.41,253.76,274.5,279.7,,,,,16.1,9.5,19.4,7.4,0,0,,,,
5104104,Guarantã do Norte,resto_mt,Demais MT,FALSE,2019,5.5,6.2,3.9,97.5,99,77.1,272.92,230.97,292.01,264.69,214.66,283.63,214.36,265.62,230.66,274.87,,,315.73,327.69,,,26.2,7.2,37,14.4,,,0,0,,
5104203,Guiratinga,resto_mt,Demais MT,FALSE,2019,4.6,5.8,3.3,93.4,99.2,69.7,242.6,219.19,272.69,252.17,205.03,274.44,205.04,252.18,219.2,242.6,,,,,,,16,10.6,25.9,5.6,,,,,,
5104500,Indiavaí,resto_mt,Demais MT,FALSE,2019,4,4.3,3.9,87.2,94.6,90.5,239.36,191.96,257.36,234.5,161.36,266.85,161.36,234.51,191.96,239.36,266.85,257.37,,,,,4,3.6,12,0,0,0,,,,
5104526,Ipiranga do Norte,resto_mt,Demais MT,FALSE,2019,5.2,6.5,4.3,96.3,98.7,78.4,267.14,239.77,299.02,259.02,224.27,298.01,224.27,259.03,239.78,267.15,298.01,299.03,,,,,33.4,6.4,41.6,12.7,0,0,,,,
5104542,Itanhangá,resto_mt,Demais MT,FALSE,2019,5.2,6.8,3.6,91.2,99.4,71.5,277.01,245.07,291.35,263.14,232.36,274.32,225.53,263.14,236.52,277.02,,,,,,,25.4,9,46,13.7,,,,,,
5104559,Itaúba,resto_mt,Demais MT,FALSE,2019,4.4,5.6,3.7,90.4,93.9,75,248.78,226.38,292.27,241.91,203.3,275.92,203.3,241.92,226.39,248.79,275.92,292.28,,,,,14.9,1.5,31.8,4.3,0,0,,,,
5104609,Itiquira,pantanal_norte,Pantanal-13,TRUE,2019,4.7,5.7,2.9,97,99.5,62.7,247.49,216.99,265.67,245.91,201.89,267.73,199.37,245.99,216.13,251.4,,,,,,,15.8,3.7,23.8,6.8,,,,,,
5104807,Jaciara,resto_mt,Demais MT,FALSE,2019,4.8,5.9,3,93.5,97.9,73.6,256.02,224.05,253.02,251.27,210.35,249.28,207.7,252.98,221.05,259.11,251.1,254.29,297.51,305.56,,,21.5,6.1,27.8,6.6,0,0,0,0,,
5104906,Jangada,resto_mt,Demais MT,FALSE,2019,,4.2,3.3,89.2,98.7,81,,175.52,245.72,,160.08,257.05,167.97,215.53,183.88,225.62,249.01,259.68,,,,,6.6,0,3.6,0,0,0,,,,
5105002,Jauru,resto_mt,Demais MT,FALSE,2019,5.1,6.5,3.8,96.8,98.7,81.6,256.94,240.16,275.1,258.51,220.69,269.32,216.79,255.63,235.36,257.55,269.32,275.1,,,,,21.8,6.3,36.9,7.5,0,0,,,,
5105101,Juara,resto_mt,Demais MT,FALSE,2019,5.1,6.2,3.3,95.9,99.1,64.9,262.79,228.96,284.54,257.02,213.33,285.07,213.1,258.46,227.36,262.53,317.77,335.11,,,,,23.7,8.1,33.3,9.6,0,0,,,,
5105150,Juína,resto_mt,Demais MT,FALSE,2019,4.6,5.4,3.7,90.5,95.6,76.7,254.5,211.8,280.11,250.91,201.27,274.39,200.82,251.37,211.55,255.77,,,268.25,274.78,,,17.1,5.9,19.9,6.8,,,0,0,,
5105176,Juruena,resto_mt,Demais MT,FALSE,2019,,5.4,,88.2,93.4,57.1,,220.77,,,200.42,,193.17,,217.38,,,,,,,,9.2,,25.6,,,,,,,
5105200,Juscimeira,pantanal_norte,Pantanal-13,TRUE,2019,4.5,5.8,3.2,93.8,99.2,69.9,240.49,220.69,268.77,245.1,201.02,269.88,201.68,248.04,219.28,239.98,274.07,271.36,,,,,16.5,6.4,29,2.1,0,0,,,,
5105234,Lambari D'Oeste,pantanal_norte,Pantanal-13,TRUE,2019,4.4,5.4,,94.1,97.9,79.7,240.16,204.03,,240,200.47,,194.77,241.56,199.94,243.31,,,,,,,11.3,6.2,14.5,9,,,,,,
5105259,Lucas do Rio Verde,resto_mt,Demais MT,FALSE,2019,5.5,6.5,3.6,96.8,99.1,69,272.13,240.28,290.04,267.47,223.21,291.51,223.74,268.96,241.71,273.59,,,340.44,336.74,,,29.6,9.6,43.7,14.3,,,0,0,,
5105309,Luciara,resto_mt,Demais MT,FALSE,2019,3.1,5.3,,89.7,99.2,71.3,198.24,210.75,,207.38,186.3,,186.31,207.38,210.75,198.24,,,,,,,9.1,0,26.4,0,,,,,,
5105507,Vila Bela da Santíssima Trindade,resto_mt,Demais MT,FALSE,2019,3.7,4.5,2.5,83.4,93.6,58.1,234.13,187.88,249.44,233.55,177.32,252.66,174.01,234.44,186.56,236.98,,,,,,,3.5,1.3,5.7,1.5,,,,,,
5105580,Marcelândia,resto_mt,Demais MT,FALSE,2019,4.8,5.8,3.2,96.5,97.7,69.7,255.88,225.13,270.05,245.77,203.83,270.54,207.92,245.85,227.87,257,270.54,270.06,,,,,21.1,6.4,32.4,6.5,0,0,,,,
5105606,Matupá,resto_mt,Demais MT,FALSE,2019,4.8,6.4,,94.3,99,72.3,255.16,236.61,,253.02,219.21,,216.62,249.21,237.68,251,,,,,,,23.4,3.9,38,3.4,,,,,,
5105622,Mirassol D'Oeste,pantanal_norte,Pantanal-13,TRUE,2019,4.6,5.7,3.1,94.4,97.9,74,249.58,218.17,255.97,243.24,205.27,255.75,205.35,241.87,217.3,247.49,,,265.51,280.7,,,15.8,5.7,21.7,4.9,,,0,0,,
5105903,Nobres,resto_mt,Demais MT,FALSE,2019,4.2,5.5,3,95,98,74.4,236.61,210.8,253.08,227.41,199.02,254.5,196.41,228.86,207.65,235.48,,,,,,,10.6,2.6,19.9,2.3,,,,,,
5106000,Nortelândia,resto_mt,Demais MT,FALSE,2019,4.5,5.8,,91.2,96.3,67.8,247.47,218.33,,245.91,215.33,,215.33,245.91,218.34,247.48,,,,,,,15.7,4.3,19.3,2.5,,,,,,
5106109,Nossa Senhora do Livramento,pantanal_norte,Pantanal-13,TRUE,2019,4.1,4.7,3.3,96.8,99,80.3,229.72,190.22,245.3,227.33,175.86,246.97,188.89,240.14,204.66,235.26,253.51,253.61,,,,,12.2,3,8.8,3,0,0,,,,
5106158,Nova Bandeirantes,resto_mt,Demais MT,FALSE,2019,4.7,5.9,3.6,95.3,98.6,76.5,250.88,223.25,273.89,246.91,204.41,275.7,210.16,247.42,227.17,254.57,279.07,273.14,,,,,17.6,2.7,32.6,3.4,0,0,,,,
5106174,Nova Nazaré,resto_mt,Demais MT,FALSE,2019,,,,81.4,88.5,75,,,,,,,,,,,,,,,,,,,,,,,,,,
5106182,Nova Lacerda,resto_mt,Demais MT,FALSE,2019,4.6,5.4,,92.3,96.8,76.6,255.39,210.21,,245.14,197.72,,199.07,239.72,208.09,255.22,,,,,,,14.4,1.2,17.4,6.5,,,,,,
5106190,Nova Santa Helena,resto_mt,Demais MT,FALSE,2019,,5.7,3.6,95.1,100,75,,216.61,283.89,,200.05,277.89,200.05,,216.61,,277.89,283.89,,,,,16,,18.4,,0,0,,,,
5106208,Nova Brasilândia,resto_mt,Demais MT,FALSE,2019,4,5.3,2.8,93,98.2,62.2,228.83,202.77,263.22,231.71,198.75,270.39,198.76,231.71,202.77,228.83,270.4,263.22,,,,,14.3,3.8,23,3.1,0,0,,,,
5106216,Nova Canaã do Norte,resto_mt,Demais MT,FALSE,2019,4.8,5.7,3.9,92.6,97.9,79.5,261.26,220.27,279.23,252.8,200.16,281.33,196.81,250.51,215.76,256.3,281.34,279.24,,,,,10.9,2.4,20.8,5.4,0,0,,,,
5106224,Nova Mutum,resto_mt,Demais MT,FALSE,2019,4.8,5.9,3.4,94.1,99.7,70.7,254.39,215,279.86,250.24,211.52,280.69,211.6,252.15,215.57,256.23,286.05,297.63,,,,,20.3,7.4,21.9,8.7,0,0,,,,
5106232,Nova Olímpia,resto_mt,Demais MT,FALSE,2019,4.2,5.9,2.8,89.8,100,65.2,240.16,220.21,259.42,243.3,203.97,262.98,203.25,241.7,218.33,239.43,277.1,272.12,,,,,17.2,2.4,27.4,3.6,0,0,,,,
5106240,Nova Ubiratã,resto_mt,Demais MT,FALSE,2019,4.5,5.5,2.9,88.9,94,61,255.16,217.88,263.61,247.07,203.24,267.45,198.84,247.01,213.17,248.48,,,,,,,13.8,0,19.5,0,,,,,,
5106257,Nova Xavantina,resto_mt,Demais MT,FALSE,2019,4.2,5.9,3,87.8,99.1,66.1,241.25,219.91,266.63,242.78,207.47,271.58,207.48,246.34,219.91,245.76,,,290.14,286.52,,,21.9,3.2,22.8,3.6,,,0,0,,
5106265,Novo Mundo,resto_mt,Demais MT,FALSE,2019,,6.2,,96.7,100,85.2,,229.17,,,210.8,,209.29,231.36,222.47,232.86,,,,,,,22.5,0,32.2,0,,,,,,
5106273,Novo Horizonte do Norte,resto_mt,Demais MT,FALSE,2019,5.1,6.4,3.5,95.2,98.5,73.3,263.45,229.66,276.27,260.1,227.17,267.33,227.18,260.1,229.67,263.45,267.34,276.28,,,,,28.3,0,38.3,12.7,0,0,,,,
5106281,Novo São Joaquim,resto_mt,Demais MT,FALSE,2019,4.9,5.9,3,95.9,98.6,63.5,262.07,216.52,279.33,248.11,214.08,271.11,208.16,251.73,214.69,262.56,275.38,284.36,,,,,15.6,6.2,24,6.2,0,0,,,,
5106299,Paranaíta,resto_mt,Demais MT,FALSE,2019,4.9,6.2,4.1,97.3,98.2,90.2,252.28,230.24,267.1,247.94,216.22,268,211.66,247.04,226.42,252.4,268,267.1,,,,,24.6,6,36.3,4.6,0,0,,,,
5106307,Paranatinga,resto_mt,Demais MT,FALSE,2019,4.6,6.1,3.7,92.3,99.6,78.1,249.44,224.91,280.5,252.64,211.17,282.11,209.65,252.65,224.59,249.45,297.62,296.9,,,,,21.3,5.8,31.5,5,0,0,,,,
5106315,Novo Santo Antônio,resto_mt,Demais MT,FALSE,2019,,4.9,3.9,94,98.6,93.1,,191.94,252.92,,181.13,261.22,175.87,213.56,186.2,222.62,261.22,252.93,,,,,5.6,0,11.4,0,0,0,,,,
5106372,Pedra Preta,resto_mt,Demais MT,FALSE,2019,4.7,5.7,,96.2,99.6,66.8,244.33,215.86,,250.02,201.52,,202.87,252.32,214.7,245.37,,,,,,,17.9,7.6,20.5,3.7,,,,,,
5106422,Peixoto de Azevedo,resto_mt,Demais MT,FALSE,2019,4.3,5.2,2.9,94.8,99.2,71.2,238.3,200.13,246.71,235.72,189.61,252.19,191,235.83,201.3,240.42,251.64,246.35,,,,,13.6,1.6,15.2,3.2,0,0,,,,
5106455,Planalto da Serra,resto_mt,Demais MT,FALSE,2019,4.5,5.8,,95.2,97.9,63.9,244.94,221.3,,239.25,208.8,,208.81,239.25,221.3,244.95,,,,,,,19,1.9,23.8,1.9,,,,,,
5106505,Poconé,pantanal_norte,Pantanal-13,TRUE,2019,3.5,4.4,2.6,87.9,96.1,72.8,218.28,184.8,235.22,220.63,169.13,240.83,165.97,234.08,182.7,225.98,,,,,,,2.5,4.9,7.2,0,,,,,,
5106653,Pontal do Araguaia,resto_mt,Demais MT,FALSE,2019,4.1,6,,88.2,99,59.4,241.38,222.75,,238.41,211.72,,211.73,246.81,222.75,255.17,,,,,,,21.7,3.7,25,7.4,,,,,,
5106703,Ponte Branca,resto_mt,Demais MT,FALSE,2019,5.4,,3.6,98.1,90.6,87.1,260.39,,260.58,266.23,,251.44,,266.24,,260.4,251.45,260.59,,,,,,10.4,,0,0,0,,,,
5106752,Pontes e Lacerda,resto_mt,Demais MT,FALSE,2019,4.8,5.6,3.4,92.9,97.1,76.7,255.27,215.97,270.45,256.7,201.69,267.82,200.33,254.59,214.68,253.13,,,295.13,303.97,,,16,6.5,23.4,5.9,,,0,0,,
5106778,Porto Alegre do Norte,resto_mt,Demais MT,FALSE,2019,4.1,5.2,,91.5,99,58.1,232.05,202.97,,234.16,188.22,,188.76,232.74,203.69,230.72,,,,,,,6.6,1.6,16.2,3.3,,,,,,
5106802,Porto dos Gaúchos,resto_mt,Demais MT,FALSE,2019,4.3,6.7,,93.5,99.7,70.4,241.69,243.08,,237.33,226.21,,220.22,237.33,234.95,241.69,,,,,,,29.9,4.4,34.7,2.2,,,,,,
5106828,Porto Esperidião,pantanal_norte,Pantanal-13,TRUE,2019,4.5,5.6,3.1,90.9,95.6,72.7,248.88,220.63,262.83,248.11,202.52,257.6,205.71,248.28,224.43,249.16,,,,,,,14.7,5.1,28.4,4.3,,,,,,
5106851,Porto Estrela,resto_mt,Demais MT,FALSE,2019,4.2,5.5,2.5,92.9,97.9,72.6,237.19,213,231.25,231.72,196.25,234.44,196.25,231.72,213,237.19,234.44,231.25,,,,,15.3,0,24.8,3,0,0,,,,
5107008,Poxoréu,resto_mt,Demais MT,FALSE,2019,4.4,5.6,3.3,93,98.4,73.2,241.91,213.94,270.23,243.03,202.25,266.6,201.04,248.01,211.75,247.66,275.67,288.15,,,,,17,4.4,21.1,4.3,0,0,,,,
5107040,Primavera do Leste,resto_mt,Demais MT,FALSE,2019,4.8,5.9,3.5,92,97.9,67.6,258.51,220.42,289.98,256.19,210.99,285.83,210.4,257.41,219.71,260.23,266.28,264.6,,,,,20.7,7.7,25.2,6.7,0,0,,,,
5107065,Querência,resto_mt,Demais MT,FALSE,2019,4.5,6.1,3.3,95.7,100,73.5,244.05,223.49,261.29,239.11,215.25,265.77,213.68,244.48,222.95,256.84,,,,,,,25,6.7,27.6,5,,,,,,
5107107,São José dos Quatro Marcos,resto_mt,Demais MT,FALSE,2019,4.8,5.8,3.5,94.1,97.6,76.3,256.41,218.69,272.35,250.55,207.02,270.77,205.47,251.24,217.21,259.71,275.99,279.79,,,,,16.5,2,23.5,5.3,0,0,,,,
5107156,Reserva do Cabaçal,resto_mt,Demais MT,FALSE,2019,4.6,5.4,,96.2,100,77.7,244.13,206.58,,243.16,194.41,,194.41,243.16,206.58,244.13,,,,,,,8.7,0,17,0,,,,,,
5107180,Ribeirão Cascalheira,resto_mt,Demais MT,FALSE,2019,4.5,5.2,,95.4,99.2,68.1,242.3,200.05,,239.75,191.5,,188.18,239.76,197.12,242.3,,,,,,,12.2,1.3,13.1,1.3,,,,,,
5107198,Ribeirãozinho,resto_mt,Demais MT,FALSE,2019,5.1,6.6,3.3,95.5,98.8,71.6,263.2,242.25,274.39,260.2,228.1,274.47,245.67,260.2,264.5,263.2,274.47,274.4,,,,,50,2.9,66.7,0,0,0,,,,
5107206,Rio Branco,resto_mt,Demais MT,FALSE,2019,5.3,5.4,,93.1,96.1,88.7,278.26,211.44,,262.66,200.6,,200.6,262.66,211.45,278.27,,,,,,,11.4,4.9,14.4,14.8,,,,,,
5107248,Santa Carmem,resto_mt,Demais MT,FALSE,2019,4.3,6.2,3.5,83.7,96.3,65.1,256.54,234.08,301.85,254.08,222.33,297.85,222.33,254.08,234.08,256.55,297.85,301.86,,,,,21.2,4.6,33.2,3.1,0,0,,,,
5107263,Santo Afonso,resto_mt,Demais MT,FALSE,2019,4.6,5.8,,97.2,99.5,,243.44,212.57,,237.41,210.6,,210.6,237.41,212.57,243.44,,,,,,,18.7,0,18.7,3.6,,,,,,
5107297,São José do Povo,resto_mt,Demais MT,FALSE,2019,,4.8,4.2,98.5,96.5,77.8,,197.41,295.8,,180.42,287.82,204.48,,214,,287.82,295.81,,,,,23.1,,30.8,,0,0,,,,
5107305,São José do Rio Claro,resto_mt,Demais MT,FALSE,2019,4.7,6.3,3.5,89.1,99.8,72.8,263.61,229.16,278.57,254,219.5,276.73,219.63,241.84,229.32,256.4,272.4,272.13,,,,,31.5,1.5,35.2,5.8,0,0,,,,
5107354,São José do Xingu,resto_mt,Demais MT,FALSE,2019,3.4,5,2.9,89.3,99.4,75.1,211.33,196.1,246.55,218.33,185.39,251.58,189.08,215.58,202.63,215.59,255.37,255.56,,,,,7.6,0.8,13.7,1.1,0,0,,,,
5107404,São Pedro da Cipa,resto_mt,Demais MT,FALSE,2019,4.2,5.5,2.8,93.4,100,72.5,241.38,212.86,228.72,232.71,193.41,261.51,193.41,232.71,212.86,241.39,261.51,228.72,,,,,13.3,4.1,19.8,3.7,0,0,,,,
5107578,Rondolândia,resto_mt,Demais MT,FALSE,2019,,,,90.7,97.1,67.9,,,,,,,,,,,,,,,,,,,,,,,,,,
5107602,Rondonópolis,pantanal_norte,Pantanal-13,TRUE,2019,4.7,6,3.3,92.8,98.7,70.7,252.13,222.41,272.79,252.25,213.16,275.76,212.61,258.74,221.88,259.36,281.23,285.83,,,,,23.5,10,28.6,9.1,0,0,,,,
5107701,Rosário Oeste,resto_mt,Demais MT,FALSE,2019,4.1,4.8,3,94.8,97.1,79,232.13,194.49,244.96,224.91,181.5,251.33,181,224.26,191.64,231.75,251.34,244.96,,,,,6.6,0.5,3.7,2.7,0,0,,,,
5107743,Santa Cruz do Xingu,resto_mt,Demais MT,FALSE,2019,5.3,5.1,,87.6,88.5,,283.29,216.64,,281.19,200.41,,200.42,281.19,216.65,283.29,,,,,,,19.3,0,19.3,16.7,,,,,,
5107750,Salto do Céu,resto_mt,Demais MT,FALSE,2019,4.9,5.8,3.4,100,99.2,78.5,251.16,219.38,261.8,243.33,200.97,262.44,200.98,245.16,219.39,251.58,262.44,261.81,,,,,13.2,0,26.7,0,0,0,,,,
5107768,Santa Rita do Trivelato,resto_mt,Demais MT,FALSE,2019,5.1,6.5,,96.7,100,75.7,259.14,234.3,,257.95,226.02,,226.02,257.95,234.3,259.14,,,,,,,31.6,3.4,39.9,5.3,,,,,,
5107776,Santa Terezinha,resto_mt,Demais MT,FALSE,2019,3.6,4.9,3.4,91.7,96.6,76,214.63,195.63,257.67,218.88,185.35,264.51,176.77,,187.56,,265.33,260.35,,,,,5.6,,6.7,,0,0,,,,
5107792,Santo Antônio do Leste,resto_mt,Demais MT,FALSE,2019,4.1,5.7,,90.9,94.6,71.3,239.58,220.02,,232.53,208.97,,198.31,232.54,217.18,239.58,,,,,,,15.4,2.8,30.8,2.7,,,,,,
5107800,Santo Antônio do Leverger,pantanal_norte,Pantanal-13,TRUE,2019,4,5.3,2.4,91.1,96,57,232.78,208.05,252.41,229.16,197.44,252.13,193.62,227.23,205.87,228.74,259.57,254.78,,,,,15.9,1.5,15.3,1.3,0,0,,,,
5107859,São Félix do Araguaia,resto_mt,Demais MT,FALSE,2019,4.1,4.6,,94.3,97.7,70.8,227.32,189.89,,235.27,174,,177.75,233.18,194.31,228.17,,,,,,,5.8,3.9,11.5,1.2,,,,,,
5107875,Sapezal,resto_mt,Demais MT,FALSE,2019,5.1,5.7,,93.3,95.3,71.7,265.23,219.78,,261.6,209.75,,209.54,260.32,220.5,263.32,,,,,,,17.4,7,23.2,4.9,,,,,,
5107883,Serra Nova Dourada,resto_mt,Demais MT,FALSE,2019,3.9,4.3,2.6,85.5,90.5,75.4,235.19,186.13,272.11,239.92,186.19,251.55,186.2,239.93,186.14,235.2,251.56,272.12,,,,,7.4,5.3,3.7,0,0,0,,,,
5107909,Sinop,resto_mt,Demais MT,FALSE,2019,4.7,5.9,3.2,91.9,96.3,68.3,254.25,223.97,274.48,253.8,214.83,273.79,214.92,256.06,224.15,257.4,,,279.28,275.14,,,23.8,7.8,29.2,8.4,,,0,0,,
5107925,Sorriso,resto_mt,Demais MT,FALSE,2019,4.4,6.1,3.3,92.1,98.4,70.7,244.86,227.41,273.55,239.39,213.47,269.7,214.21,243.28,227.67,250.59,294.48,297.1,317.07,328.05,,,23.3,5.9,30,6.1,0,0,0,0,,
5107941,Tabaporã,resto_mt,Demais MT,FALSE,2019,4.7,5.9,3,94.6,99.7,67.8,255.39,221.22,268.04,244.22,206.17,262.6,212.51,249.35,222.9,258.42,,,,,,,24.4,5.1,25.3,6.1,,,,,,
5107958,Tangará da Serra,resto_mt,Demais MT,FALSE,2019,5,6.1,3.6,95.2,98.9,72.9,257.04,225.82,285.27,255.88,212.44,281.67,211.73,255.22,225.02,256.22,278.61,280.43,299.53,304.47,,,22.2,7.1,31.3,8.3,0,0,0,0,,
5108006,Tapurah,resto_mt,Demais MT,FALSE,2019,,5.9,,93.8,99.8,65.8,,220.94,,,206.75,,209.74,,222.4,,,,,,,,21.5,,30.7,,,,,,,
5108055,Terra Nova do Norte,resto_mt,Demais MT,FALSE,2019,5.1,6.3,4.2,96.6,99.6,86.3,260.19,230.72,279.8,256.91,218.11,273.22,214.06,253.12,226.78,254.97,284.46,285.04,266.89,279.36,,,31.8,4.6,32.8,3.1,0,0,0,0,,
5108105,Tesouro,resto_mt,Demais MT,FALSE,2019,4.5,5.1,3.6,97.4,98.8,91.2,244.17,202.85,255.52,236.63,183.36,245.61,183.37,236.64,202.85,244.18,245.62,255.52,,,,,14.4,4.3,14.4,4.3,0,0,,,,
5108204,Torixoréu,resto_mt,Demais MT,FALSE,2019,4.5,6,3.9,98.2,100,93.3,234.03,217.92,256.75,237.57,212.47,261.57,208.8,237.57,214.91,234.04,261.58,256.75,,,,,21.3,4.8,25.2,2.4,0,0,,,,
5108303,União do Sul,resto_mt,Demais MT,FALSE,2019,4.8,6,,97.3,97.9,70.9,245.38,225.32,,253.36,212.25,,212.25,253.36,225.32,245.38,,,,,,,17.9,5.1,24.9,3.8,,,,,,
5108352,Vale de São Domingos,resto_mt,Demais MT,FALSE,2019,,,,,,71.3,,,,,,,199.96,230.82,208.6,235.86,,,,,,,14.6,4.5,14,3.2,,,,,,
5108402,Várzea Grande,polo_metropolitano,Polo Metropolitano,FALSE,2019,4.3,5.6,3,92.2,97.5,69.5,240.55,213.94,256.79,242.44,203.86,261.26,201.31,244.72,211.56,243.82,248.43,240.08,,,,,15,4.6,19.6,3.2,0,0,,,,
5108501,Vera,resto_mt,Demais MT,FALSE,2019,4.7,5.9,,89.7,99.4,64.1,256.58,219.49,,260.01,205.32,,205.32,260.02,219.49,256.59,,,,,,,20.1,10.7,27.2,3.1,,,,,,
5108600,Vila Rica,resto_mt,Demais MT,FALSE,2019,4.5,5.1,2.9,91.3,92.4,70.5,248.3,209.3,259.57,247.42,197.13,253.11,195.39,234.96,203.59,233.22,,,,,,,11.4,0,14.2,5,,,,,,
5108808,Nova Guarita,resto_mt,Demais MT,FALSE,2019,4.8,5.4,,99.6,98.4,92.4,246.08,203.55,,239.96,200.3,,200.31,239.96,203.55,246.08,,,,,,,17.1,1.7,16.4,1.7,,,,,,
5108857,Nova Marilândia,resto_mt,Demais MT,FALSE,2019,5,6,3.7,97.3,99.6,78.1,250,225.67,270.95,258.48,205,278.92,205,258.48,225.68,250,278.92,270.95,,,,,11.7,10.4,23.7,6.2,0,0,,,,
5108907,Nova Maringá,resto_mt,Demais MT,FALSE,2019,5,6,,91.3,99.5,62.3,265.75,219.61,,268.1,214.08,,214.51,268.11,220.46,265.75,,,,,,,22.2,8.7,28.3,12.7,,,,,,
5108956,Nova Monte Verde,resto_mt,Demais MT,FALSE,2019,5.2,6.7,3.5,97.2,100,76.7,263.98,247.75,272.07,259.48,220.17,267.26,220.9,258.88,246.48,264.56,267.26,272.07,,,,,26.3,8,48,6.3,0,0,,,,
5100102,Acorizal,resto_mt,Demais MT,FALSE,2021,,4.7,,95.3,100,67.9,,187.23,,,175.05,,175.05,,187.23,,,,,,,,4,,6,,,,,,,
5100201,Água Boa,resto_mt,Demais MT,FALSE,2021,4.8,5.8,,94.7,100,93.9,253.78,212.19,,251.58,206.2,,205.92,249.86,211.56,251.6,,,,,,,19.6,5.5,21.6,5,,,,,,
5100250,Alta Floresta,resto_mt,Demais MT,FALSE,2021,5,5.6,,99.4,99.9,84.5,251.08,210.48,,251.8,201.12,,200.23,251.33,209.4,250.97,,,,,,,13.9,6.2,17,5.3,,,,,,
5100300,Alto Araguaia,resto_mt,Demais MT,FALSE,2021,5.1,5.8,3.6,97.4,99.8,88,253.92,214.32,245.87,262.5,207.86,260.58,207.86,262.5,214.32,253.92,260.58,245.87,,,,,18.1,7,21.8,2.7,3,0,,,3,0
5100359,Alto Boa Vista,resto_mt,Demais MT,FALSE,2021,4.8,4.7,,95.1,99.3,66.7,251.33,183.68,,254.8,179.78,,179.78,254.8,183.68,251.33,,,,,,,10.2,4,5,3.4,,,,,,
5100409,Alto Garças,resto_mt,Demais MT,FALSE,2021,4.6,5.9,,99.1,100,79.2,242.05,216.91,,239.08,209.11,,209.11,239.08,216.91,242.05,,,,,,,20.4,3.9,23.3,3.3,,,,,,
5100508,Alto Paraguai,resto_mt,Demais MT,FALSE,2021,3.8,4.5,,99.2,99.6,63.4,216.51,179.69,,212.24,173.93,,167.76,213.25,175.98,220.79,,,,,,,4,0,2.3,0,,,,,,
5100607,Alto Taquari,resto_mt,Demais MT,FALSE,2021,,5.6,,98.3,95.4,99.5,,216.37,,,207.21,,207.21,,216.37,,,,,,,,18,,20.8,,,,,,,
5100805,Apiacás,resto_mt,Demais MT,FALSE,2021,4.7,5.6,,95.8,99.6,82.5,251.07,212.65,,243.1,199.4,,199.4,243.1,212.65,251.07,,,,,,,16.4,7.7,19.6,1,,,,,,
5101001,Araguaiana,resto_mt,Demais MT,FALSE,2021,,5,,100,99.3,98.3,,195.43,,,182,,182,,195.43,,,,,,,,9.6,,6.5,,,,,,,
5101209,Araguainha,resto_mt,Demais MT,FALSE,2021,,5.5,,100,94.2,,,220.59,,,203.94,,203.94,,220.59,,,,,,,,14.3,,28.6,,,,,,,
5101258,Araputanga,resto_mt,Demais MT,FALSE,2021,4.9,5.5,,100,100,94.7,248.09,207.16,,248.38,197.23,,195.59,248.38,204.49,248.09,,,,,,,13.6,5.8,18.2,3.1,,,,,,
5101308,Arenápolis,resto_mt,Demais MT,FALSE,2021,4.6,5.9,3.2,95,99.6,70,243.71,219.42,273.64,247.11,210.34,278.57,210.34,247.11,219.42,243.71,278.57,273.64,,,,,25,4.5,29.8,1.4,1.4,2.3,,,1.4,2.3
5101407,Aripuanã,resto_mt,Demais MT,FALSE,2021,4.6,5.4,,92.2,97.3,46.1,246.06,207,,252.72,200.89,,194.29,249.37,202.01,243.09,,,,,,,11.4,5,12.1,1.9,,,,,,
5101605,Barão de Melgaço,pantanal_norte,Pantanal-13,TRUE,2021,4,5.1,3.2,100,99.8,92.7,218.2,195.91,229.39,219.35,184.85,240.08,184.85,217.12,195.91,212.72,240.08,229.39,,,,,15.9,0,7,2.9,1.5,0,,,1.5,0
5101704,Barra do Bugres,resto_mt,Demais MT,FALSE,2021,4.7,5,,98,99.6,81.1,243.8,193.93,,244.55,185.47,,185.23,245.12,192.97,243.79,,,,,,,9.6,4,7.5,1.8,,,,,,
5101803,Barra do Garças,resto_mt,Demais MT,FALSE,2021,4.9,5.7,,97.5,99.2,80.2,249.64,210.14,,254,206.26,,204.96,253.97,209.03,249.07,,,,,,,17.4,6.9,17.8,4.3,,,,,,
5101852,Bom Jesus do Araguaia,resto_mt,Demais MT,FALSE,2021,,,,96.4,99.6,63.3,,,,,,,176.96,242.21,194.28,242.23,,,,,,,2.9,1.1,4.6,2.5,,,,,,
5101902,Brasnorte,resto_mt,Demais MT,FALSE,2021,4.5,5.4,,96.7,99.4,70.4,237.76,201.41,,238.71,199.42,,194.6,236.61,198.29,233.39,,,,,,,16.8,2.7,14.7,1.9,,,,,,
5102504,Cáceres,pantanal_norte,Pantanal-13,TRUE,2021,4.6,5.1,,99.6,100,88.5,235.16,193.46,,242.43,190.7,,189.39,240.48,192.51,234.61,,,,,,,10.9,2.7,9.2,1.5,,,,,,
5102603,Campinápolis,resto_mt,Demais MT,FALSE,2021,4.5,4.8,,94.1,97.5,77.8,242.89,193.06,,244.25,182.16,,182.95,234.55,194.48,238.6,,,,,,,11,4.5,11.3,1.6,,,,,,
5102637,Campo Novo do Parecis,resto_mt,Demais MT,FALSE,2021,5,5.5,,96,99.6,81.9,258.93,207.03,,255.44,197.25,,198.1,254.25,206.69,256.77,,,,,,,13.5,8.2,15.2,8.6,,,,,,
5102678,Campo Verde,resto_mt,Demais MT,FALSE,2021,5.2,6.1,,98.6,100,81.5,257.76,223.83,,261.17,212.27,,211.32,259.25,223.14,256.81,268.38,256.55,,,,,20.9,6.2,27.1,4.4,4,1.7,,,,
5102686,Campos de Júlio,resto_mt,Demais MT,FALSE,2021,,5.7,,98.5,99.8,84.5,,211.95,,,204.47,,202.85,,211.01,,,,,,,,19.2,,21,,,,,,,
5102694,Canabrava do Norte,resto_mt,Demais MT,FALSE,2021,,4.9,2.2,93.7,100,57.1,,195.33,237.22,,177.11,249.46,177.11,224.47,195.33,219.56,249.46,237.22,,,,,5.3,0,15.4,0,0,1.8,,,0,1.8
5102702,Canarana,resto_mt,Demais MT,FALSE,2021,4.8,5.3,,97.3,98.7,70.1,248.14,205,,250.39,193.86,,191.69,246.79,203.59,242.91,,,,,,,15,2,19,1.8,,,,,,
5102793,Carlinda,resto_mt,Demais MT,FALSE,2021,4.5,5.7,3.9,99.4,100,89.5,237.98,213.26,263.82,230.78,203.33,262.7,198.93,234.28,210.39,240.65,262.7,263.82,,,,,15.9,5.4,17,2.1,2.7,3,,,2.7,3
5102850,Castanheira,resto_mt,Demais MT,FALSE,2021,,4.9,,95.3,100,67.8,,191.85,,,180.19,,178.18,231.89,189.47,229.01,,,,,,,8.3,5.1,6,0,,,,,,
5103007,Chapada dos Guimarães,resto_mt,Demais MT,FALSE,2021,4.5,5.2,,95.1,99.3,72.5,244.39,199.98,,239.46,187.56,,182.89,237.76,194.76,238.67,,,,,,,10.1,5,10.9,1.6,,,,,,
5103056,Cláudia,resto_mt,Demais MT,FALSE,2021,5.3,5.9,,98,99.9,71.6,263.73,222.17,,262.28,203.08,,198.12,258.85,211.93,261,,,,,,,16,9.2,25.2,4.9,,,,,,
5103106,Cocalinho,resto_mt,Demais MT,FALSE,2021,,5.6,,88.3,100,57.6,,208.99,,,199,,199,,208.99,,,,,,,,15.2,,21.4,,,,,,,
5103205,Colíder,resto_mt,Demais MT,FALSE,2021,5,5.7,3.8,93.8,97.9,81.2,259.75,213.99,276.69,263.1,205.22,276.64,205.27,260.86,213.47,258.25,276.64,276.69,,,,,17.8,8,23.6,6.5,3.9,5.8,,,3.9,5.8
5103254,Colniza,resto_mt,Demais MT,FALSE,2021,,5.4,,93.6,100,60.8,,206.05,,,194.77,,188.72,,200,,,,,,,,9.1,,10.7,,,,,,,
5103304,Comodoro,resto_mt,Demais MT,FALSE,2021,5,5.7,,94.6,99.4,62.4,256.9,210.45,,257.96,205.54,,204.78,256.43,209.51,256.26,,,,,,,21,8.4,16.6,5.3,,,,,,
5103353,Confresa,resto_mt,Demais MT,FALSE,2021,4.7,4.9,,95.9,98.9,75.2,243.37,194,,249.01,183.35,,182.34,245.71,194.44,241.05,,,,,,,10.5,4.8,12.8,2.3,,,,,,
5103361,Conquista D'Oeste,resto_mt,Demais MT,FALSE,2021,,5.1,,95.1,97.2,76.2,,199.49,,,191.3,,191.3,,199.49,,,,,,,,17.1,,17.3,,,,,,,
5103379,Cotriguaçu,resto_mt,Demais MT,FALSE,2021,4.5,5.7,,94.4,100,76.4,243.59,211.72,,244.15,204.7,,207.88,244.32,214.65,243.44,,,,,,,21.1,5.9,23.9,4,,,,,,
5103403,Cuiabá,polo_metropolitano,Polo Metropolitano,FALSE,2021,4.6,5.5,,97.7,99.5,83.6,240.55,205.98,,243.79,200.33,,200.01,243.64,205.8,240.43,,,,,,,16.8,3.9,16.2,2.8,,,,,,
5103437,Curvelândia,pantanal_norte,Pantanal-13,TRUE,2021,5,5.3,,99.7,100,94.4,249.23,201.29,,251.93,191.19,,191.19,251.93,201.29,249.23,,,,,,,13.7,3,15.5,0,,,,,,
5103452,Denise,resto_mt,Demais MT,FALSE,2021,4.4,5.1,,96.3,99.2,76.2,232.42,196.84,,240.97,189.59,,189.59,240.97,196.84,232.42,,,,,,,6.4,6.4,3.8,3.2,,,,,,
5103502,Diamantino,resto_mt,Demais MT,FALSE,2021,4.9,5.5,4.2,99.7,100,89.6,248.49,204.25,273.29,248.51,198.27,277.71,197.38,244.82,203.18,245.47,265.63,262.11,,,,,16.5,4.5,16.5,1.9,2.5,2.5,,,4,6.4
5103601,Dom Aquino,resto_mt,Demais MT,FALSE,2021,4.8,5.9,,100,99.4,99.7,245.55,218.35,,245.41,209.88,,209.88,245.41,218.35,245.55,,,,,,,21.8,6.8,17.9,5.5,,,,,,
5103700,Feliz Natal,resto_mt,Demais MT,FALSE,2021,,5.4,,98.3,97,98.9,,207.09,,,202.96,,201.68,252.01,206.49,246.51,,,,,,,15.2,5.1,15.3,4,,,,,,
5103809,Figueirópolis D'Oeste,resto_mt,Demais MT,FALSE,2021,,5.8,3.8,97,100,92.8,,214.35,250.38,,204.75,257.57,204.75,,214.35,,257.57,250.38,,,,,23.1,,28,,0,0,,,0,0
5103858,Gaúcha do Norte,resto_mt,Demais MT,FALSE,2021,5.3,,,97.9,97.2,82.3,259.95,,,263.16,,,,263.16,,259.95,,,,,,,,11,,6,,,,,,
5103908,General Carneiro,resto_mt,Demais MT,FALSE,2021,,5.3,,,99,91,,195.98,,,199.35,,199.35,,195.98,,,,,,,,18.6,,8.1,,,,,,,
5103957,Glória D'Oeste,pantanal_norte,Pantanal-13,TRUE,2021,4.7,5.8,,100,100,77.7,242.76,217.22,,237.04,201.58,,201.58,237.04,217.22,242.76,,,,,,,9.4,0,23.9,7.2,,,,,,
5104104,Guarantã do Norte,resto_mt,Demais MT,FALSE,2021,5.1,6,,98.5,100,74.3,253.34,222.52,,255.36,210.12,,209.17,255.56,221.52,253.34,,,,,,,22.5,6,27.3,5.4,,,,,,
5104203,Guiratinga,resto_mt,Demais MT,FALSE,2021,4.6,5.2,,98.5,99.7,65,236.98,196.91,,244.53,193.15,,190.63,244.53,196.31,236.98,,,,,,,12.3,2.2,8.1,2.4,,,,,,
5104500,Indiavaí,resto_mt,Demais MT,FALSE,2021,,,,97.9,100,,,,,,,,,,,,,,,,,,,,,,,,,,,
5104526,Ipiranga do Norte,resto_mt,Demais MT,FALSE,2021,5.1,6,,98.9,100,87.2,254.54,220.36,,252.17,210.4,,210.4,252.17,220.36,254.54,,,,,,,21.2,2.9,22,2.9,,,,,,
5104542,Itanhangá,resto_mt,Demais MT,FALSE,2021,,6.3,3.6,94.3,100,74,,230.78,283.46,,215.06,277.16,208.84,252.74,222.15,254.58,277.16,283.46,,,,,18.6,3,26.7,3,6.3,7.8,,,6.3,7.8
5104559,Itaúba,resto_mt,Demais MT,FALSE,2021,4.4,5.6,,89.6,100,69.7,251.04,210.15,,245.02,198.34,,198.34,245.02,210.15,251.04,,,,,,,16.4,2.5,16.4,3,,,,,,
5104609,Itiquira,pantanal_norte,Pantanal-13,TRUE,2021,4.3,5.1,,99.3,100,79.9,232.66,195,,224.39,189.02,,189.92,234.92,199.24,240.61,,,,,,,9.6,3.3,14.8,6.3,,,,,,
5104807,Jaciara,resto_mt,Demais MT,FALSE,2021,4.9,5.6,3.5,99,99.9,85.8,251.97,207.21,249.79,247.73,201.1,259.89,200.5,247.73,206.73,251.97,259.89,249.79,,,,,18.5,3.5,19.1,4.4,0.3,0.6,,,0.3,0.6
5104906,Jangada,resto_mt,Demais MT,FALSE,2021,,4.5,3,97.7,100,83.8,,182.54,235.23,,169.52,239.36,167.39,216.34,176.98,219.36,239.36,235.23,,,,,0,0.8,3.8,0.9,1.2,0,,,1.2,0
5105002,Jauru,resto_mt,Demais MT,FALSE,2021,4.8,6,3.5,98.2,99.7,86.5,251.17,226.4,249.91,243.09,207.66,260.68,208.08,241.22,221.38,250.92,260.68,249.91,,,,,21,3.7,29.4,3.3,2.5,2.3,,,2.5,2.3
5105101,Juara,resto_mt,Demais MT,FALSE,2021,5.1,5.6,,99.1,99.9,58,253.84,211.06,,256.04,199.49,,200.38,254.03,212.59,253.21,,,,,,,15,8,19.3,7.7,,,,,,
5105150,Juína,resto_mt,Demais MT,FALSE,2021,4.7,5.4,,93,99,66.1,255.3,205.67,,252.93,196.96,,195.03,251.25,204.32,253.28,,,,,,,12.7,5.4,15.4,5.8,,,,,,
5105176,Juruena,resto_mt,Demais MT,FALSE,2021,,5.9,,99.4,99,84.6,,220.03,,,210.03,,210.03,,220.03,,,,,,,,20.1,,23.4,,,,,,,
5105200,Juscimeira,pantanal_norte,Pantanal-13,TRUE,2021,4.8,6,3.5,98.4,100,83.6,246.95,224.53,253.87,243.31,206.37,259.04,203.71,241.94,217.41,244.26,259.04,253.87,,,,,16.8,2.9,21.9,2.9,7.5,1.4,,,7.5,1.4
5105234,Lambari D'Oeste,pantanal_norte,Pantanal-13,TRUE,2021,4.7,5.1,,98.6,98.2,82.3,243.5,197.87,,240.84,187.64,,182.26,236.91,194.12,237.99,,,,,,,10.1,11,15,1.9,,,,,,
5105259,Lucas do Rio Verde,resto_mt,Demais MT,FALSE,2021,5.3,6,,99.5,99.9,97.3,258.76,223.92,,259.43,210.02,,211.6,260.37,225.08,259.98,,,,,,,24,9.5,31.8,8,,,,,,
5105309,Luciara,resto_mt,Demais MT,FALSE,2021,,4.9,,97.8,99.4,91.1,,203.28,,,170.81,,170.81,,203.28,,,,,,,,6.7,,20,,,,,,,
5105507,Vila Bela da Santíssima Trindade,resto_mt,Demais MT,FALSE,2021,3.9,4.6,,90,97.6,39.9,226.34,184.64,,236.15,176.59,,177.11,243.9,183.59,234.48,,,,,,,2.5,4.9,4.3,2.2,,,,,,
5105580,Marcelândia,resto_mt,Demais MT,FALSE,2021,4.9,5.2,,96.8,99.6,70.3,252.56,199.31,,249.9,188.99,,189.64,249.9,200.3,252.56,,,,,,,12.6,5.6,14,4.2,,,,,,
5105606,Matupá,resto_mt,Demais MT,FALSE,2021,5.1,5.5,,99.2,99.9,79.3,254.06,210.12,,256.53,194.88,,195.82,253.18,209.38,251.75,,,,,,,12.1,6.1,14.3,6.4,,,,,,
5105622,Mirassol D'Oeste,pantanal_norte,Pantanal-13,TRUE,2021,4.9,5.4,3.2,97.6,99.3,75,253.28,202.99,256.36,249.33,198.47,263.27,198.49,247.42,203.24,249.35,263.27,256.36,,,,,12.5,3.5,12.3,1.6,2.6,3.5,,,2.6,3.5
5105903,Nobres,resto_mt,Demais MT,FALSE,2021,4,5.4,,95.1,100,74.8,226.67,201.04,,227.63,195.5,,191.47,225.32,197.83,224.77,,,,,,,11.3,2.6,11.6,0.5,,,,,,
5106000,Nortelândia,resto_mt,Demais MT,FALSE,2021,4.4,5.6,,90.2,100,64.5,240.15,206.69,,251.31,200.51,,200.51,251.31,206.69,240.15,,,,,,,19.2,1.2,14,1.2,,,,,,
5106109,Nossa Senhora do Livramento,pantanal_norte,Pantanal-13,TRUE,2021,4.4,4.3,,98.9,100,95.1,232.26,177.5,,236.95,162.03,,164.02,228.42,176.81,225.4,,,,,,,3.7,5.8,7.4,1,,,,,,
5106158,Nova Bandeirantes,resto_mt,Demais MT,FALSE,2021,,5.6,3.6,96.8,99.4,82.3,,210.71,268.07,,198.36,268.32,197.18,251.22,210.06,257.67,268.32,268.07,,,,,16.3,7.6,14.8,3.1,1.6,5.1,,,1.6,5.1
5106174,Nova Nazaré,resto_mt,Demais MT,FALSE,2021,5.4,,,97.7,98.5,93.8,264.96,,,264.28,,,,264.28,,264.96,,,,,,,,8.7,,8.7,,,,,,
5106182,Nova Lacerda,resto_mt,Demais MT,FALSE,2021,4.7,5.1,,99.8,99.2,70.8,241.24,196.91,,243.11,186.58,,188.57,239.72,197.03,235.62,,,,,,,16.3,4.3,13,3,,,,,,
5106190,Nova Santa Helena,resto_mt,Demais MT,FALSE,2021,,5.3,,96.6,99.7,66.5,,201.42,,,191.52,,191.52,,201.42,,,,,,,,7.5,,15.1,,,,,,,
5106208,Nova Brasilândia,resto_mt,Demais MT,FALSE,2021,4,5.1,,92.8,100,56.2,228.27,199.49,,231.74,185.46,,185.46,231.74,199.49,228.27,,,,,,,10.2,3.6,19,1.8,,,,,,
5106216,Nova Canaã do Norte,resto_mt,Demais MT,FALSE,2021,4.7,5.5,,98.3,99.3,83.7,246.32,208.81,,238.71,198.69,,199.37,238.81,209.46,248.25,,,,,,,12,3.5,15.4,5.2,,,,,,
5106224,Nova Mutum,resto_mt,Demais MT,FALSE,2021,5,5.9,,99.6,99.9,96.2,248.75,215.35,,255.32,211.47,,210.61,255.04,214.77,249.01,,,,,,,22.4,7.6,22.4,3.9,,,,,,
5106232,Nova Olímpia,resto_mt,Demais MT,FALSE,2021,4.5,5.9,3.6,98.3,100,82.8,233.86,219.92,259.2,241.21,205.16,270.11,203.01,239.94,217.73,233.17,270.11,259.2,,,,,20.8,4.4,26.9,0.8,3.7,3.2,,,3.7,3.2
5106240,Nova Ubiratã,resto_mt,Demais MT,FALSE,2021,5,5.1,,96,98.9,72.8,252.5,197.79,,262.8,187.9,,187.71,253.19,198.62,254.08,,,,,,,11.9,3.2,7.9,2.9,,,,,,
5106257,Nova Xavantina,resto_mt,Demais MT,FALSE,2021,4.5,5.8,,95,99.8,85.2,244.34,213.12,,241.66,208.86,,208.86,241.66,213.12,244.34,,,,,,,18.8,3.9,18.1,5.6,,,,,,
5106265,Novo Mundo,resto_mt,Demais MT,FALSE,2021,,5.8,,98,100,81.7,,211.43,,,208.47,,203.01,,209.86,,,,,,,,16.5,,11.1,,,,,,,
5106273,Novo Horizonte do Norte,resto_mt,Demais MT,FALSE,2021,,,,97.9,100,63.9,,,,,,,,,,,,,,,,,,,,,,,,,,
5106281,Novo São Joaquim,resto_mt,Demais MT,FALSE,2021,4.9,5.4,,98.2,100,69.1,251.78,206.06,,246.45,192.84,,189.42,242.16,203.23,245.44,,,,,,,15.2,2.5,22.9,6.1,,,,,,
5106299,Paranaíta,resto_mt,Demais MT,FALSE,2021,4.9,5.3,3.7,99.1,99.9,84.6,249.62,199.52,266.83,244.85,192.48,264.69,192.81,247.88,200.23,251.8,264.69,266.83,,,,,11.3,5.7,11.1,5.9,0.9,3.6,,,0.9,3.6
5106307,Paranatinga,resto_mt,Demais MT,FALSE,2021,5,5.5,3.7,98.4,99.8,84.4,251.55,207.57,269.61,253.66,196.63,278.77,196.05,255.66,207.01,252.16,278.77,269.61,,,,,15.3,6.3,17.4,3.6,4.6,4.6,,,4.6,4.6
5106315,Novo Santo Antônio,resto_mt,Demais MT,FALSE,2021,3.8,4.4,,92,100,86,222.23,176.47,,226.53,169.49,,169.49,216.83,176.47,211.89,,,,,,,9.1,0,0,0,,,,,,
5106372,Pedra Preta,resto_mt,Demais MT,FALSE,2021,4.6,5.4,,99.7,99.9,74,238.62,204.9,,239.84,196.3,,195.18,245.02,203,241.94,,,,,,,16.4,6.2,16.8,2,,,,,,
5106422,Peixoto de Azevedo,resto_mt,Demais MT,FALSE,2021,4.6,5.1,,98.8,99.9,68.2,237.68,192.78,,241.26,188.06,,186.59,242.77,192.34,238.64,,,,,,,8.5,3.1,9.4,2.4,,,,,,
5106455,Planalto da Serra,resto_mt,Demais MT,FALSE,2021,,5.4,,95.9,99.6,68.7,,205.54,,,195.69,,195.69,,205.54,,,,,,,,15.5,,5.2,,,,,,,
5106505,Poconé,pantanal_norte,Pantanal-13,TRUE,2021,3.9,4.6,,99.1,99.9,97.7,214.24,183.64,,220.05,175.04,,173.62,221.88,182.92,215.75,,,,,,,5.4,0.3,4.8,0,,,,,,
5106653,Pontal do Araguaia,resto_mt,Demais MT,FALSE,2021,4.4,5.1,,90.8,99.7,62.3,238.89,195.02,,249.8,188.75,,188.75,249.8,195.02,238.89,,,,,,,9.6,5.6,15,7.4,,,,,,
5106703,Ponte Branca,resto_mt,Demais MT,FALSE,2021,5.4,,,100,100,92.4,258.85,,,263.53,,,,263.53,,258.85,,,,,,,,9.1,,9.1,,,,,,
5106752,Pontes e Lacerda,resto_mt,Demais MT,FALSE,2021,4.7,5.6,,97.6,99.8,73.9,242.47,209.68,,244.66,197.73,,197.15,244.38,208.56,241.53,,,,,,,17.7,4.3,20.5,2.7,,,,,,
5106778,Porto Alegre do Norte,resto_mt,Demais MT,FALSE,2021,4.1,4.5,,96.1,99.7,58.2,225.07,184.92,,230.86,168.31,,172.2,230.86,187.39,225.07,,,,,,,4.9,0.8,8,0,,,,,,
5106802,Porto dos Gaúchos,resto_mt,Demais MT,FALSE,2021,4.8,5.9,,97.7,100,86.2,249.54,216.65,,245.75,209.5,,210.26,245.75,212.9,249.54,,,,,,,18.1,4,29,8.3,,,,,,
5106828,Porto Esperidião,pantanal_norte,Pantanal-13,TRUE,2021,4.6,5.4,,94,97.9,73.2,248.27,202.02,,246.82,203.56,,200.22,240.92,200.87,239.83,,,,,,,13.2,1.4,11.3,2.1,,,,,,
5106851,Porto Estrela,resto_mt,Demais MT,FALSE,2021,3.9,,,96.2,100,72.3,225.37,,,219.27,,,,219.27,,225.37,,,,,,,,2.4,,2.1,,,,,,
5107008,Poxoréu,resto_mt,Demais MT,FALSE,2021,4.8,5.3,,96.2,99.8,75.6,251.44,198.62,,249.42,192.94,,190.04,247.02,196.54,248.16,,,,,,,10.5,4.7,9.4,3,,,,,,
5107040,Primavera do Leste,resto_mt,Demais MT,FALSE,2021,4.8,5.4,,95.4,97.8,88.8,250.9,206.69,,253.95,199.13,,198.42,254.21,206.15,250.45,,,,,,,14.4,5.7,14.3,4.2,,,,,,
5107065,Querência,resto_mt,Demais MT,FALSE,2021,4.9,5.6,3.3,97.8,99.9,71.5,248.93,211.63,265.87,254.43,198.29,266.92,196.09,254.43,210.58,248.93,266.92,265.87,,,,,15.7,4.4,20.9,3.3,2.9,0.8,,,2.9,0.8
5107107,São José dos Quatro Marcos,resto_mt,Demais MT,FALSE,2021,4.9,5.5,,97.4,99.1,79.9,250.01,208.97,,251.01,195.58,,195.48,250.98,208.4,249.87,,,,,,,12.2,5.7,20.6,3,,,,,,
5107156,Reserva do Cabaçal,resto_mt,Demais MT,FALSE,2021,,,,98.3,100,,,,,,,,,,,,,,,,,,,,,,,,,,,
5107180,Ribeirão Cascalheira,resto_mt,Demais MT,FALSE,2021,4.3,5.4,,97.5,99.9,56.5,232.99,201.34,,231.55,197.6,,197.6,231.55,201.34,232.99,,,,,,,13.8,0,13.8,0,,,,,,
5107198,Ribeirãozinho,resto_mt,Demais MT,FALSE,2021,,,,100,100,76,,,,,,,,,,,,,,,,,,,,,,,,,,
5107206,Rio Branco,resto_mt,Demais MT,FALSE,2021,4.9,5,,93.7,99.1,74.3,259.37,193.56,,252.22,186.52,,186.52,252.22,193.56,259.37,,,,,,,7.4,7.2,13.7,2.9,,,,,,
5107248,Santa Carmem,resto_mt,Demais MT,FALSE,2021,,6,,95.6,100,61.6,,222.37,,,208.16,,208.16,,222.37,,,,,,,,24.5,,31.4,,,,,,,
5107263,Santo Afonso,resto_mt,Demais MT,FALSE,2021,,5.3,,99.4,100,89,,205.37,,,186.36,,186.36,,205.37,,,,,,,,11.1,,16.7,,,,,,,
5107297,São José do Povo,resto_mt,Demais MT,FALSE,2021,,5.4,,99.3,99.4,89.8,,204.33,,,195.88,,195.88,,204.33,,,,,,,,10.4,,7,,,,,,,
5107305,São José do Rio Claro,resto_mt,Demais MT,FALSE,2021,5,,,98.7,,72.3,247.19,,,256.56,,,194.67,256.56,203.8,247.19,,,,,,,11.7,6.2,15.4,3.5,,,,,,
5107354,São José do Xingu,resto_mt,Demais MT,FALSE,2021,,5,2.3,95,98.2,64.5,,197.75,247.44,,185.07,245.66,188.82,243.33,195.09,237.21,245.66,247.44,,,,,11.2,1.4,7,2.2,2.8,2.8,,,2.8,2.8
5107404,São Pedro da Cipa,resto_mt,Demais MT,FALSE,2021,4.4,5,,97.7,100,58.2,237.01,190.58,,236.68,184.89,,184.89,236.68,190.58,237.01,,,,,,,12.5,0,7,1.8,,,,,,
5107578,Rondolândia,resto_mt,Demais MT,FALSE,2021,,4.4,,97.3,100,70.2,,174.26,,,171.84,,,,,,,,,,,,,,,,,,,,,
5107602,Rondonópolis,pantanal_norte,Pantanal-13,TRUE,2021,5.1,5.9,,98.2,99.8,85.9,252.92,214.89,,256.69,209.61,,207.64,255.88,213.09,252.19,,,,,,,21.7,7.3,22.5,5.3,,,,,,
5107701,Rosário Oeste,resto_mt,Demais MT,FALSE,2021,4,4.9,2.6,97.8,98.3,74.5,218.58,190.23,240.69,228.32,185.5,245.69,181.13,226.93,187.93,218.21,245.69,240.69,,,,,6.3,1.4,5.6,1.4,0.8,0,,,0.8,0
5107743,Santa Cruz do Xingu,resto_mt,Demais MT,FALSE,2021,4.1,4.8,,86.5,92.7,61.3,238.21,201.53,,250.14,185.07,,185.07,250.14,201.53,238.21,,,,,,,6.2,4.8,17.9,0,,,,,,
5107750,Salto do Céu,resto_mt,Demais MT,FALSE,2021,4.5,5.2,,100,100,80.3,239.38,204.31,,230.99,182.38,,182.38,230.99,204.31,239.38,,,,,,,0,0,15.2,0,,,,,,
5107768,Santa Rita do Trivelato,resto_mt,Demais MT,FALSE,2021,5.5,6.1,,100,100,78.9,265.64,225.04,,261.84,210.84,,210.84,261.84,225.04,265.64,,,,,,,26.8,8.1,47.5,5.4,,,,,,
5107776,Santa Terezinha,resto_mt,Demais MT,FALSE,2021,,4.5,,97.8,99.5,77.8,,181.11,,,168.6,,168.01,231.96,178.52,219.03,,,,,,,2.1,3.5,4.8,0,,,,,,
5107792,Santo Antônio do Leste,resto_mt,Demais MT,FALSE,2021,4.3,5.2,,89,97.5,45.9,245.26,204.55,,245,190.98,,190.98,245,204.55,245.26,,,,,,,13.4,0,16.6,0,,,,,,
5107800,Santo Antônio do Leverger,pantanal_norte,Pantanal-13,TRUE,2021,4.3,4.6,,96.2,97.8,69.5,229.92,185.68,,240.49,176.37,,182.5,234.83,186.85,226.1,,,,,,,8.3,3.6,9.1,2.1,,,,,,
5107859,São Félix do Araguaia,resto_mt,Demais MT,FALSE,2021,4.3,4.7,,96.1,98.9,75.7,232.68,187.76,,235.16,174.11,,172.99,235.6,183.3,227.23,,,,,,,4.7,2.5,7.3,2.5,,,,,,
5107875,Sapezal,resto_mt,Demais MT,FALSE,2021,5.1,5.8,,99.9,99.6,99.9,253.81,214.74,,255.38,204.3,,203.41,255.59,214.42,254.13,,,,,,,14.9,6.6,20.8,3.3,,,,,,
5107883,Serra Nova Dourada,resto_mt,Demais MT,FALSE,2021,,3.5,,90.8,86.6,78,,173.05,,,158.05,,158.05,,173.05,,,,,,,,0,,0,,,,,,,
5107909,Sinop,resto_mt,Demais MT,FALSE,2021,5.1,5.6,,96.5,97.8,81.7,255.82,211.17,,258.73,203.85,,203.92,258.47,211.29,255.51,,,,,,,18.8,6.8,20.3,4.5,,,,,,
5107925,Sorriso,resto_mt,Demais MT,FALSE,2021,4.9,5.8,,97.2,100,79.1,251.64,213.11,,254.04,207.13,,207.44,254.42,213.37,251.82,,,,,,,21.3,5.6,23.5,4.6,,,,,,
5107941,Tabaporã,resto_mt,Demais MT,FALSE,2021,,6.2,,96.5,99.8,64,,225.81,,,219.14,,206.82,249.08,215.5,247.14,,,,,,,20.8,7.9,24.1,6.2,,,,,,
5107958,Tangará da Serra,resto_mt,Demais MT,FALSE,2021,5,5.6,,98.8,99.8,77.4,250.06,210.45,,252.55,201.7,,201.14,251.55,210.01,249.3,264.31,261.28,,,,,18.8,5.8,22,5.4,2.8,3.9,,,,
5108006,Tapurah,resto_mt,Demais MT,FALSE,2021,5,5.8,,97.6,100,75.8,250.57,212.34,,255.79,205.45,,206.92,255.79,213.81,250.57,,,,,,,21.7,7.1,20.3,4.2,,,,,,
5108055,Terra Nova do Norte,resto_mt,Demais MT,FALSE,2021,4.9,5.6,3.5,94.8,99.5,79.8,253.76,215.29,265.57,256.64,195.87,260.12,194.7,252.84,212.11,249.84,,,,,,,16.1,6.4,18.4,5.2,,,,,3.9,2.5
5108105,Tesouro,resto_mt,Demais MT,FALSE,2021,4.5,5.1,,100,100,88.8,236.2,203.19,,232.91,180.34,,180.34,232.91,203.19,236.2,,,,,,,9.1,0,21.2,0,,,,,,
5108204,Torixoréu,resto_mt,Demais MT,FALSE,2021,5.1,5.8,3.9,99.4,100,90,254.71,210.5,258.9,252.73,208.49,267.78,208.49,252.73,210.5,254.71,267.78,258.9,,,,,15,6.5,15.4,6.4,0,3,,,0,3
5108303,União do Sul,resto_mt,Demais MT,FALSE,2021,,6,3.6,98.7,100,81,,224.26,261.14,,208.98,270.38,208.98,,224.26,,270.38,261.14,,,,,16.1,,24.1,,3.3,0,,,3.3,0
5108352,Vale de São Domingos,resto_mt,Demais MT,FALSE,2021,,,,,,79.7,,,,,,,214.16,259.11,222.44,260.61,,,,,,,24.8,5.3,27.5,5.3,,,,,,
5108402,Várzea Grande,polo_metropolitano,Polo Metropolitano,FALSE,2021,4.7,5.4,,97.9,99.7,90.7,240.5,203.27,,245.05,199.04,,198.97,245.09,203.31,240.44,,,,,,,15.2,4.4,14.4,2.2,,,,,,
5108501,Vera,resto_mt,Demais MT,FALSE,2021,4.7,5,,98.9,99.4,76.7,242.78,190.46,,240.77,187.24,,187.24,240.77,190.46,242.78,,,,,,,10.8,1.9,5.9,4.2,,,,,,
5108600,Vila Rica,resto_mt,Demais MT,FALSE,2021,4.4,5.2,2.9,94.8,95.5,69.6,241.3,205.19,265.44,239.36,194.56,272.77,192.33,241.04,203.66,241.79,272.77,265.44,,,,,13.8,0.6,14.9,3.1,0,3.3,,,0,3.3
5108808,Nova Guarita,resto_mt,Demais MT,FALSE,2021,4.8,5.5,,100,100,99.4,246.07,199.26,,243.23,206.58,,206.58,243.23,199.26,246.07,,,,,,,22.9,8.1,7.6,2.7,,,,,,
5108857,Nova Marilândia,resto_mt,Demais MT,FALSE,2021,4.8,5.9,,97.4,100,73.3,249.86,221.66,,247.95,205.29,,205.29,247.95,221.66,249.86,,,,,,,17.6,3.4,24.2,6.8,,,,,,
5108907,Nova Maringá,resto_mt,Demais MT,FALSE,2021,,6,,97.8,100,74.4,,225.68,,,207.71,,207.86,237.38,225.34,241.67,,,,,,,16.6,0,29.5,1.6,,,,,,
5108956,Nova Monte Verde,resto_mt,Demais MT,FALSE,2021,5.1,6.4,,94.9,99.2,76.7,261.22,234.05,,261.21,220.2,,222.55,259.77,236.14,259.44,,,,,,,33,6.9,39.5,6.1,,,,,,
5100102,Acorizal,resto_mt,Demais MT,FALSE,2023,4.6,5.4,4,94.3,100,99.5,243.32,202.48,258.47,245.87,196.24,245.06,,,,,,,,,,,,,,,,,,,,
5100201,Água Boa,resto_mt,Demais MT,FALSE,2023,5.1,6.4,4.3,99,100,96.8,251.4,228.87,265.07,260.07,224.56,269.31,,,,,,,,,,,,,,,,,,,,
5100250,Alta Floresta,resto_mt,Demais MT,FALSE,2023,5,5.8,4.5,99.5,99.9,95.9,248.74,216.63,272.37,254.97,205.05,275.78,,,,,,,,,,,,,,,,,,,,
5100300,Alto Araguaia,resto_mt,Demais MT,FALSE,2023,5,6.2,4.1,99.2,99.6,93,248.5,225.85,258.53,252.44,215.79,269.96,,,,,,,,,,,,,,,,,,,,
5100359,Alto Boa Vista,resto_mt,Demais MT,FALSE,2023,4.7,5.3,4.1,98.8,100,95.2,239.95,201.89,262.73,246.54,191.26,263.03,,,,,,,,,,,,,,,,,,,,
5100409,Alto Garças,resto_mt,Demais MT,FALSE,2023,4.5,5.5,,98.7,96.1,95.6,236.51,209.77,,240.2,204.97,,,,,,,,,,,,,,,,,,,,,
5100508,Alto Paraguai,resto_mt,Demais MT,FALSE,2023,3.8,4.7,3.7,99.2,100,99.3,216.12,183.45,244.63,214.04,175.82,242.89,,,,,,,,,,,,,,,,,,,,
5100607,Alto Taquari,resto_mt,Demais MT,FALSE,2023,5,6.7,4.5,98.8,100,99.3,249.49,238.77,271.63,256.85,227.25,272.51,,,,,,,,,,,,,,,,,,,,
5100805,Apiacás,resto_mt,Demais MT,FALSE,2023,4.8,5,4.5,97.7,99.4,94.8,249.87,194.47,269.14,246.44,185.64,278.9,,,,,,,,,,,,,,,,,,,,
5101001,Araguaiana,resto_mt,Demais MT,FALSE,2023,4.6,5.5,,99,99.3,93.3,239.66,207.06,,237.56,199.56,,,,,,,,,,,,,,,,,,,,,
5101209,Araguainha,resto_mt,Demais MT,FALSE,2023,4.8,4.4,4,98.2,92,100,248.23,188.61,235.5,246.45,180.57,268.12,,,,,,,,,,,,,,,,,,,,
5101258,Araputanga,resto_mt,Demais MT,FALSE,2023,5,5.8,3.9,99.6,100,95.9,246.85,216.19,254.47,257.26,204.95,254.08,,,,,,,,,,,,,,,,,,,,
5101308,Arenápolis,resto_mt,Demais MT,FALSE,2023,4.8,6.3,4.4,99.4,100,97.8,245.14,224.11,265.35,246.96,220.66,270.38,,,,,,,,,,,,,,,,,,,,
5101407,Aripuanã,resto_mt,Demais MT,FALSE,2023,4.5,5.7,4,99.8,99.9,96.1,232.84,210.29,255.85,236.31,204.7,256.84,,,,,,,,,,,,,,,,,,,,
5101605,Barão de Melgaço,pantanal_norte,Pantanal-13,TRUE,2023,4,5,3.3,98,99.2,93.9,223.56,195.89,235.87,220.18,186.26,233.47,,,,,,,,,,,,,,,,,,,,
5101704,Barra do Bugres,resto_mt,Demais MT,FALSE,2023,4.5,5.5,4.2,99.9,100,98.9,232.48,209.46,259.48,236.43,193,261.18,,,,,,,,,,,,,,,,,,,,
5101803,Barra do Garças,resto_mt,Demais MT,FALSE,2023,5,6.3,4.2,97.6,99,93.7,251.09,227.67,263.81,257.8,221.32,274.35,,,,,,,,,,,,,,,,,,,,
5101852,Bom Jesus do Araguaia,resto_mt,Demais MT,FALSE,2023,4.2,5.2,3.9,99.6,100,97.9,223.73,197.42,250.51,230.37,191.29,251.39,,,,,,,,,,,,,,,,,,,,
5101902,Brasnorte,resto_mt,Demais MT,FALSE,2023,4.6,5.9,,98.1,99.4,98,240.99,218.15,,238.09,207.83,,,,,,,,,,,,,,,,,,,,,
5102504,Cáceres,pantanal_norte,Pantanal-13,TRUE,2023,4.4,5.3,4.1,98.9,99.7,97,228.79,200.45,256.73,235.61,191.52,262.16,,,,,,,,,,,,,,,,,,,,
5102603,Campinápolis,resto_mt,Demais MT,FALSE,2023,4,5.1,3.7,91.3,96.2,93.9,230.29,203.06,250.09,234.23,190.54,251.12,,,,,,,,,,,,,,,,,,,,
5102637,Campo Novo do Parecis,resto_mt,Demais MT,FALSE,2023,5,6.3,4.6,99,99.6,99.9,250.09,229.63,274.16,254.14,217,274.58,,,,,,,,,,,,,,,,,,,,
5102678,Campo Verde,resto_mt,Demais MT,FALSE,2023,5.2,6,4.4,98.4,99.9,95.5,257.09,221.93,268.46,262.24,208.74,273.86,,,,,,,,,,,,,,,,,,,,
5102686,Campos de Júlio,resto_mt,Demais MT,FALSE,2023,5,6.2,4.4,99.8,99.9,96.5,250.96,223.21,272.25,250.2,216.73,269.55,,,,,,,,,,,,,,,,,,,,
5102694,Canabrava do Norte,resto_mt,Demais MT,FALSE,2023,4.5,5.5,4.2,98.2,99.7,89.3,235.5,205.7,270.05,238.48,200.18,276.73,,,,,,,,,,,,,,,,,,,,
5102702,Canarana,resto_mt,Demais MT,FALSE,2023,4.6,5.4,3.9,97,99.3,91.5,238.41,208.73,258.66,246.09,193.21,263.07,,,,,,,,,,,,,,,,,,,,
5102793,Carlinda,resto_mt,Demais MT,FALSE,2023,4.9,6,3.9,99.2,100,97.4,248.55,219.78,252.04,247.95,210.39,254.43,,,,,,,,,,,,,,,,,,,,
5102850,Castanheira,resto_mt,Demais MT,FALSE,2023,4.2,5.6,4.5,99.3,100,97.4,225.05,213.09,273.51,231.31,197.56,270.6,,,,,,,,,,,,,,,,,,,,
5103007,Chapada dos Guimarães,resto_mt,Demais MT,FALSE,2023,4.6,5.2,4.1,99.7,99.6,98.6,238.53,197.69,258.69,239.36,190.41,258.15,,,,,,,,,,,,,,,,,,,,
5103056,Cláudia,resto_mt,Demais MT,FALSE,2023,5.1,5.8,4.1,98.4,99.7,96.7,258.06,218.05,257.62,255.88,205.12,264.04,,,,,,,,,,,,,,,,,,,,
5103106,Cocalinho,resto_mt,Demais MT,FALSE,2023,4.1,5.3,,97.3,99.6,95.4,226.97,201.35,,228.41,195.32,,,,,,,,,,,,,,,,,,,,,
5103205,Colíder,resto_mt,Demais MT,FALSE,2023,5.3,6.1,4.4,99,99.7,97.6,261.81,224.84,263.78,261.11,215.14,275.38,,,,,,,,,,,,,,,,,,,,
5103254,Colniza,resto_mt,Demais MT,FALSE,2023,4.5,5.4,4.2,98.6,100,98.4,233.64,206.19,261.87,239.08,192.84,257.79,,,,,,,,,,,,,,,,,,,,
5103304,Comodoro,resto_mt,Demais MT,FALSE,2023,4.9,5.9,4.1,98.8,100,88.6,244.69,216.72,269.25,254.43,207.76,274.61,,,,,,,,,,,,,,,,,,,,
5103353,Confresa,resto_mt,Demais MT,FALSE,2023,4.6,5.4,4,98.1,99.2,93.8,240.8,206.09,259.53,242.93,193.49,264.16,,,,,,,,,,,,,,,,,,,,
5103361,Conquista D'Oeste,resto_mt,Demais MT,FALSE,2023,4.4,5.3,4.4,100,99.7,99.2,233.55,200.83,261.7,229.56,194.24,273.18,,,,,,,,,,,,,,,,,,,,
5103379,Cotriguaçu,resto_mt,Demais MT,FALSE,2023,5.4,5.7,4.2,99.5,100,95.1,258.55,212.67,264.61,265.39,201.9,268.23,,,,,,,,,,,,,,,,,,,,
5103403,Cuiabá,polo_metropolitano,Polo Metropolitano,FALSE,2023,4.6,5.7,4.1,99.3,99.8,97.5,237.88,212.12,258.94,243.12,203.93,264.19,,,,,,,,,,,,,,,,,,,,
5103437,Curvelândia,pantanal_norte,Pantanal-13,TRUE,2023,3.6,5.1,4.1,99.3,100,95.9,211.4,198.22,265.09,208.47,185.62,259.92,,,,,,,,,,,,,,,,,,,,
5103452,Denise,resto_mt,Demais MT,FALSE,2023,4.6,5.8,4.5,99.1,99.6,99.6,236.9,212.42,263.16,243.19,210.44,273.64,,,,,,,,,,,,,,,,,,,,
5103502,Diamantino,resto_mt,Demais MT,FALSE,2023,4.9,5.6,4.6,100,100,96.2,242.51,210.69,271.32,249.12,200.99,282.08,,,,,,,,,,,,,,,,,,,,
5103601,Dom Aquino,resto_mt,Demais MT,FALSE,2023,4.7,5.7,3.7,99.2,100,86.3,241.98,211.55,270.75,241.04,201.52,253.58,,,,,,,,,,,,,,,,,,,,
5103700,Feliz Natal,resto_mt,Demais MT,FALSE,2023,4.9,5.8,4.3,98.9,99.7,97.5,245.37,217.89,265.19,252.77,204.32,269.84,,,,,,,,,,,,,,,,,,,,
5103809,Figueirópolis D'Oeste,resto_mt,Demais MT,FALSE,2023,4,5.5,4.1,100,100,99,221.59,211.38,261.18,218.92,194.01,253.09,,,,,,,,,,,,,,,,,,,,
5103858,Gaúcha do Norte,resto_mt,Demais MT,FALSE,2023,4.9,5.7,3.8,100,99.7,96.8,246.04,211.55,255.69,248.72,205.12,250.33,,,,,,,,,,,,,,,,,,,,
5103908,General Carneiro,resto_mt,Demais MT,FALSE,2023,5.2,5,,99.7,99.1,93.4,252.39,198.39,,262.32,179.61,,,,,,,,,,,,,,,,,,,,,
5103957,Glória D'Oeste,pantanal_norte,Pantanal-13,TRUE,2023,4.9,6.1,4.1,100,100,98.1,248.68,222.02,254.7,243.53,214.44,263.53,,,,,,,,,,,,,,,,,,,,
5104104,Guarantã do Norte,resto_mt,Demais MT,FALSE,2023,5,5.9,4.3,99.7,99.6,95.2,248.87,219.39,271.77,250.34,207.1,271.05,,,,,,,,,,,,,,,,,,,,
5104203,Guiratinga,resto_mt,Demais MT,FALSE,2023,4.8,5.6,,99.1,100,95.1,246.74,212.73,,244.91,194.53,,,,,,,,,,,,,,,,,,,,,
5104500,Indiavaí,resto_mt,Demais MT,FALSE,2023,,,4.4,,,100,215.4,194.75,244.75,224.56,190.15,284.11,,,,,,,,,,,,,,,,,,,,
5104526,Ipiranga do Norte,resto_mt,Demais MT,FALSE,2023,5.2,6.2,4.5,99.8,98.7,99.6,254.08,228.52,266.63,257.24,218.38,271.15,,,,,,,,,,,,,,,,,,,,
5104542,Itanhangá,resto_mt,Demais MT,FALSE,2023,5.3,6.7,4.7,97.7,100,96.9,266.09,244.14,278.13,261.68,223.76,282.53,,,,,,,,,,,,,,,,,,,,
5104559,Itaúba,resto_mt,Demais MT,FALSE,2023,5.1,6.3,4.2,100,98.3,97.7,247.13,234.71,265.23,257.05,219.88,264.37,,,,,,,,,,,,,,,,,,,,
5104609,Itiquira,pantanal_norte,Pantanal-13,TRUE,2023,4.8,5.4,4.3,99.5,99.6,95.4,241.61,205.45,264.33,246.6,193.16,272.57,,,,,,,,,,,,,,,,,,,,
5104807,Jaciara,resto_mt,Demais MT,FALSE,2023,4.8,5.5,4.2,99.6,99.8,98.5,244.69,209.87,257.99,245.63,196.59,263.86,,,,,,,,,,,,,,,,,,,,
5104906,Jangada,resto_mt,Demais MT,FALSE,2023,3.8,5.1,3.8,97.1,99.8,98.7,213.27,195.56,249.89,223.02,186.36,243.11,,,,,,,,,,,,,,,,,,,,
5105002,Jauru,resto_mt,Demais MT,FALSE,2023,5.2,6.7,4.1,98.7,100,97.7,259.13,243.5,260.35,254.65,224.46,259.86,,,,,,,,,,,,,,,,,,,,
5105101,Juara,resto_mt,Demais MT,FALSE,2023,5.2,5.7,4.2,99.4,99.9,91.2,255.71,216.66,270.37,256.89,200.48,270.43,,,,,,,,,,,,,,,,,,,,
5105150,Juína,resto_mt,Demais MT,FALSE,2023,4.7,5.9,4.3,99.8,99.4,91.7,242.6,221.02,272.64,241.82,208.64,275.67,,,,,,,,,,,,,,,,,,,,
5105176,Juruena,resto_mt,Demais MT,FALSE,2023,4.5,5.8,4.3,97.7,95.2,95.9,237.06,220.31,263.94,236.88,215.18,275.02,,,,,,,,,,,,,,,,,,,,
5105200,Juscimeira,pantanal_norte,Pantanal-13,TRUE,2023,4.5,5.5,3.7,98.9,99.6,93.7,235.38,207.55,249.31,239.28,199.26,249.94,,,,,,,,,,,,,,,,,,,,
5105234,Lambari D'Oeste,pantanal_norte,Pantanal-13,TRUE,2023,4.5,5.4,,96.7,97.2,98.8,234.61,202.18,,241.95,204.99,,,,,,,,,,,,,,,,,,,,,
5105259,Lucas do Rio Verde,resto_mt,Demais MT,FALSE,2023,5.1,6.7,4.5,98.9,99.8,97,252.78,243.86,272.94,257.19,222.7,277.4,,,,,,,,,,,,,,,,,,,,
5105309,Luciara,resto_mt,Demais MT,FALSE,2023,4.6,5.2,3,96.9,100,89,244.04,204.57,226.9,238.07,182.26,228.94,,,,,,,,,,,,,,,,,,,,
5105507,Vila Bela da Santíssima Trindade,resto_mt,Demais MT,FALSE,2023,3.8,4.9,3.8,89.7,97,92.9,221.27,198.22,251.74,235.25,180.96,254.8,,,,,,,,,,,,,,,,,,,,
5105580,Marcelândia,resto_mt,Demais MT,FALSE,2023,4.5,5.8,4.6,98.7,99.7,95.5,236.27,216.73,274.6,235.29,202.98,283.25,,,,,,,,,,,,,,,,,,,,
5105606,Matupá,resto_mt,Demais MT,FALSE,2023,5,5.9,4.1,99.4,99.8,95.1,247.84,217.52,262.54,252.5,209.1,259.46,,,,,,,,,,,,,,,,,,,,
5105622,Mirassol D'Oeste,pantanal_norte,Pantanal-13,TRUE,2023,5,6,4.3,99.8,100,99.3,250.38,218.56,263.09,251.77,210.05,264.04,,,,,,,,,,,,,,,,,,,,
5105903,Nobres,resto_mt,Demais MT,FALSE,2023,4.9,5.4,4.2,99.8,100,97.4,246.84,201.49,256.2,250.32,197.84,265.01,,,,,,,,,,,,,,,,,,,,
5106000,Nortelândia,resto_mt,Demais MT,FALSE,2023,4.6,6.1,4.6,100,100,95.6,241.75,218.63,277.71,233.92,219.86,278.8,,,,,,,,,,,,,,,,,,,,
5106109,Nossa Senhora do Livramento,pantanal_norte,Pantanal-13,TRUE,2023,4.4,5.7,4.1,100,99.8,99.6,227.25,211.1,261.21,234.14,203.31,251.26,,,,,,,,,,,,,,,,,,,,
5106158,Nova Bandeirantes,resto_mt,Demais MT,FALSE,2023,4.9,6.4,4.5,99.6,99.9,95,245.05,229.25,277.36,251.14,220.9,278.46,,,,,,,,,,,,,,,,,,,,
5106174,Nova Nazaré,resto_mt,Demais MT,FALSE,2023,,5.1,3.5,100,99.8,93.3,,195.26,244.5,,187.5,250.04,,,,,,,,,,,,,,,,,,,,
5106182,Nova Lacerda,resto_mt,Demais MT,FALSE,2023,4.7,6,4.3,96.8,100,95.8,242.15,221.11,270.79,246.52,209.32,266.82,,,,,,,,,,,,,,,,,,,,
5106190,Nova Santa Helena,resto_mt,Demais MT,FALSE,2023,4.9,5.8,4.8,92.4,98.1,99.2,264.93,223.53,285.43,254.08,202.65,277.32,,,,,,,,,,,,,,,,,,,,
5106208,Nova Brasilândia,resto_mt,Demais MT,FALSE,2023,,5.5,3.6,100,99.7,98.6,,206.7,244.96,,200.51,236.13,,,,,,,,,,,,,,,,,,,,
5106216,Nova Canaã do Norte,resto_mt,Demais MT,FALSE,2023,4.5,6,4.1,97.2,98.3,91.2,237.98,224.32,268.41,240.52,211.19,269.08,,,,,,,,,,,,,,,,,,,,
5106224,Nova Mutum,resto_mt,Demais MT,FALSE,2023,5,6.1,4.2,99.8,99.9,91.1,245.6,220.39,266.79,255.27,215.3,277.1,,,,,,,,,,,,,,,,,,,,
5106232,Nova Olímpia,resto_mt,Demais MT,FALSE,2023,4.5,6.1,4.1,100,100,99.7,232.33,224.11,259.26,237.88,209.88,255.41,,,,,,,,,,,,,,,,,,,,
5106240,Nova Ubiratã,resto_mt,Demais MT,FALSE,2023,5.2,5.9,3.9,98.5,100,95.5,254.1,215.96,253.3,260.95,212.27,255.07,,,,,,,,,,,,,,,,,,,,
5106257,Nova Xavantina,resto_mt,Demais MT,FALSE,2023,4.8,6.1,4.3,98.5,99.7,93.8,245.93,222.4,264.21,246.41,212.96,273.84,,,,,,,,,,,,,,,,,,,,
5106265,Novo Mundo,resto_mt,Demais MT,FALSE,2023,5.5,5.7,,99.5,100,98.5,264.54,216.39,,266.56,195.67,,,,,,,,,,,,,,,,,,,,,
5106273,Novo Horizonte do Norte,resto_mt,Demais MT,FALSE,2023,5.5,6.6,3.9,98.8,100,88.9,273.09,238.64,267.3,263.14,223.58,260.68,,,,,,,,,,,,,,,,,,,,
5106281,Novo São Joaquim,resto_mt,Demais MT,FALSE,2023,4.8,5.7,3.7,98.6,99.5,92.6,247.37,209.01,252.61,246.61,207.47,251.36,,,,,,,,,,,,,,,,,,,,
5106299,Paranaíta,resto_mt,Demais MT,FALSE,2023,5.3,6,4.7,99.4,99.1,99.7,262.44,222.85,276.08,260.05,209.28,277.98,,,,,,,,,,,,,,,,,,,,
5106307,Paranatinga,resto_mt,Demais MT,FALSE,2023,5.2,6,4.3,99.1,100,94.1,256.09,221.21,267.56,256.05,211.54,275.52,,,,,,,,,,,,,,,,,,,,
5106315,Novo Santo Antônio,resto_mt,Demais MT,FALSE,2023,4.5,5.4,4.5,93,100,98.6,236.89,199.89,271.57,250.2,196.75,273.29,,,,,,,,,,,,,,,,,,,,
5106372,Pedra Preta,resto_mt,Demais MT,FALSE,2023,4.7,5.7,4.1,99.4,100,92,240.03,212.03,259.57,245.75,205.35,273.73,,,,,,,,,,,,,,,,,,,,
5106422,Peixoto de Azevedo,resto_mt,Demais MT,FALSE,2023,4.6,4.9,4.1,99.4,99.5,97.5,236.48,188.79,252.01,240.71,183.2,262.46,,,,,,,,,,,,,,,,,,,,
5106455,Planalto da Serra,resto_mt,Demais MT,FALSE,2023,4.6,6.3,4.2,100,99.6,97.2,237.78,230.62,270.43,240.61,216.91,255.84,,,,,,,,,,,,,,,,,,,,
5106505,Poconé,pantanal_norte,Pantanal-13,TRUE,2023,3.7,4.3,3.3,98.5,100,98.5,211.68,175.47,233.59,211.66,165.46,228.16,,,,,,,,,,,,,,,,,,,,
5106653,Pontal do Araguaia,resto_mt,Demais MT,FALSE,2023,4.8,5.7,4,96.9,100,97.9,246.24,212.67,243.1,248.26,200.86,261.9,,,,,,,,,,,,,,,,,,,,
5106703,Ponte Branca,resto_mt,Demais MT,FALSE,2023,4.9,5.3,4.6,100,100,96.2,239.25,203.89,277.66,254.8,189.23,275.42,,,,,,,,,,,,,,,,,,,,
5106752,Pontes e Lacerda,resto_mt,Demais MT,FALSE,2023,4.7,6.1,4.2,99.2,100,95.7,241.08,226.25,261.71,241.72,212.65,268.57,,,,,,,,,,,,,,,,,,,,
5106778,Porto Alegre do Norte,resto_mt,Demais MT,FALSE,2023,4.6,4.8,3.5,97.8,99.9,89.7,237.66,187.38,253.8,242.36,181.25,243.76,,,,,,,,,,,,,,,,,,,,
5106802,Porto dos Gaúchos,resto_mt,Demais MT,FALSE,2023,5.3,6,3.8,99.7,100,88.8,257.47,219.98,257.81,263.44,211.45,267.87,,,,,,,,,,,,,,,,,,,,
5106828,Porto Esperidião,pantanal_norte,Pantanal-13,TRUE,2023,4.6,5.2,4.3,97.2,98.9,98.2,247.54,201.95,260.47,236.01,191.54,267.09,,,,,,,,,,,,,,,,,,,,
5106851,Porto Estrela,resto_mt,Demais MT,FALSE,2023,4.3,5.8,3.7,100,100,100,230.48,224.51,248.42,225.83,196.52,233.42,,,,,,,,,,,,,,,,,,,,
5107008,Poxoréu,resto_mt,Demais MT,FALSE,2023,4.6,5.1,4.5,99.5,99.9,99.2,235.85,194.14,263.75,239.4,188.11,277.01,,,,,,,,,,,,,,,,,,,,
5107040,Primavera do Leste,resto_mt,Demais MT,FALSE,2023,5,5.9,4.5,98.4,99.2,95.6,250.02,219.22,272.78,253.51,208.53,280.94,,,,,,,,,,,,,,,,,,,,
5107065,Querência,resto_mt,Demais MT,FALSE,2023,5.1,6.1,4.2,98.9,100,91.7,253.87,223.43,266.36,252.95,212.63,272.67,,,,,,,,,,,,,,,,,,,,
5107107,São José dos Quatro Marcos,resto_mt,Demais MT,FALSE,2023,4.6,5.9,4.2,99.5,98.2,95.2,237.71,221.87,264.55,237.65,210.79,269.07,,,,,,,,,,,,,,,,,,,,
5107156,Reserva do Cabaçal,resto_mt,Demais MT,FALSE,2023,4.2,5.2,3.3,100,100,100,228.93,196.4,222.53,225.41,189.93,230.14,,,,,,,,,,,,,,,,,,,,
5107180,Ribeirão Cascalheira,resto_mt,Demais MT,FALSE,2023,5.1,5.8,4.7,99.8,100,97,252.8,216.7,280.07,251.85,203.95,285.03,,,,,,,,,,,,,,,,,,,,
5107198,Ribeirãozinho,resto_mt,Demais MT,FALSE,2023,5.4,6.1,4.6,100,100,95.6,266.19,226.68,284.72,260.13,212.21,274.84,,,,,,,,,,,,,,,,,,,,
5107206,Rio Branco,resto_mt,Demais MT,FALSE,2023,5.1,5.5,4.6,96.6,97.3,99.2,262.04,208.57,273.79,253.84,205.35,272.91,,,,,,,,,,,,,,,,,,,,
5107248,Santa Carmem,resto_mt,Demais MT,FALSE,2023,,5.7,5,87.9,98.7,99.4,,219.21,293.18,,198.4,279.71,,,,,,,,,,,,,,,,,,,,
5107263,Santo Afonso,resto_mt,Demais MT,FALSE,2023,5,6.2,4.7,100,100,100,247.99,226.03,268.59,253.25,213.1,286.02,,,,,,,,,,,,,,,,,,,,
5107297,São José do Povo,resto_mt,Demais MT,FALSE,2023,4.4,6,3.5,98.9,100,88.2,232.1,218.08,251.87,236.91,212.87,258.76,,,,,,,,,,,,,,,,,,,,
5107305,São José do Rio Claro,resto_mt,Demais MT,FALSE,2023,5,,4.4,99.8,,97.2,245.97,,268.05,252.89,,270.9,,,,,,,,,,,,,,,,,,,,
5107354,São José do Xingu,resto_mt,Demais MT,FALSE,2023,4.5,4.5,3.5,99.5,97.3,89.3,238.84,181.5,241.28,233.84,175.46,252.41,,,,,,,,,,,,,,,,,,,,
5107404,São Pedro da Cipa,resto_mt,Demais MT,FALSE,2023,4.4,6.6,4.1,99.2,100,100,231.9,236.74,253.67,236.9,228.3,257.07,,,,,,,,,,,,,,,,,,,,
5107578,Rondolândia,resto_mt,Demais MT,FALSE,2023,5.1,5.3,3.3,97.7,98.5,84.8,261.11,195.18,264.23,252.21,203.36,243.75,,,,,,,,,,,,,,,,,,,,
5107602,Rondonópolis,pantanal_norte,Pantanal-13,TRUE,2023,4.9,5.6,4.4,98.5,99.6,95.8,249.37,209.12,270.56,251.19,203.61,276.43,,,,,,,,,,,,,,,,,,,,
5107701,Rosário Oeste,resto_mt,Demais MT,FALSE,2023,4.4,4.7,3.8,99.7,97.9,99.4,230.77,186.59,247.76,232.21,180.41,241.16,,,,,,,,,,,,,,,,,,,,
5107743,Santa Cruz do Xingu,resto_mt,Demais MT,FALSE,2023,5.2,5.1,4.5,98.1,96.6,92,261.54,197.63,278.41,256.08,192.45,284.6,,,,,,,,,,,,,,,,,,,,
5107750,Salto do Céu,resto_mt,Demais MT,FALSE,2023,4.7,5.7,4.2,98.9,100,93,238.64,209.48,273.49,246.85,205.41,268.93,,,,,,,,,,,,,,,,,,,,
5107768,Santa Rita do Trivelato,resto_mt,Demais MT,FALSE,2023,4.6,6.2,4.3,96.2,100,100,246.42,223.29,257.54,241.28,217.88,263.76,,,,,,,,,,,,,,,,,,,,
5107776,Santa Terezinha,resto_mt,Demais MT,FALSE,2023,4.1,4.9,3.6,93.3,98.6,94.2,234.36,191.77,248.76,229.89,182.08,244.38,,,,,,,,,,,,,,,,,,,,
5107792,Santo Antônio do Leste,resto_mt,Demais MT,FALSE,2023,3.9,5.3,4.8,89.1,96.8,91.4,233.43,210.07,291.38,228.77,193.38,291.61,,,,,,,,,,,,,,,,,,,,
5107800,Santo Antônio do Leverger,pantanal_norte,Pantanal-13,TRUE,2023,4.5,5.3,3.6,98.6,99.4,90.6,235.68,198.05,248.82,237.36,195.63,251.58,,,,,,,,,,,,,,,,,,,,
5107859,São Félix do Araguaia,resto_mt,Demais MT,FALSE,2023,4.2,4.9,,93.8,98.7,91.1,232.96,193.41,,235.65,183.9,,,,,,,,,,,,,,,,,,,,,
5107875,Sapezal,resto_mt,Demais MT,FALSE,2023,5.2,6.5,4.5,99.9,99.8,99.9,252.74,237.65,264.73,260.06,219.75,272.24,,,,,,,,,,,,,,,,,,,,
5107883,Serra Nova Dourada,resto_mt,Demais MT,FALSE,2023,3.7,4.8,4,90.3,95.7,98,220.61,187.41,243.88,225.89,191.41,265.61,,,,,,,,,,,,,,,,,,,,
5107909,Sinop,resto_mt,Demais MT,FALSE,2023,5.2,6,4.4,99.3,99,96.4,253.86,222.46,269.08,257.62,211.25,277.68,,,,,,,,,,,,,,,,,,,,
5107925,Sorriso,resto_mt,Demais MT,FALSE,2023,4.8,6.3,4.3,99.3,100,95.2,244.61,228.09,268.02,244.17,217.05,273.65,,,,,,,,,,,,,,,,,,,,
5107941,Tabaporã,resto_mt,Demais MT,FALSE,2023,4.7,5.8,4.4,99.4,99.7,99,240.71,216.88,262.99,242.23,201.58,268.75,,,,,,,,,,,,,,,,,,,,
5107958,Tangará da Serra,resto_mt,Demais MT,FALSE,2023,5.1,5.9,4.6,98.9,99.3,99.4,252.22,219.97,271.04,255.41,209.94,275.56,,,,,,,,,,,,,,,,,,,,
5108006,Tapurah,resto_mt,Demais MT,FALSE,2023,5,5.6,4.4,99.5,100,98.2,248.53,212.2,262.86,251.4,199.18,276.36,,,,,,,,,,,,,,,,,,,,
5108055,Terra Nova do Norte,resto_mt,Demais MT,FALSE,2023,5.3,6,4.8,99.8,100,99.5,261.87,217.6,279.69,256.09,211,280.04,,,,,,,,,,,,,,,,,,,,
5108105,Tesouro,resto_mt,Demais MT,FALSE,2023,4.4,5.2,3.8,100,100,100,237.59,196.86,248.22,228.74,189.96,244.64,,,,,,,,,,,,,,,,,,,,
5108204,Torixoréu,resto_mt,Demais MT,FALSE,2023,5.1,5.9,4.4,99.4,100,96.9,249.57,216.29,263.15,256.67,211.73,277.96,,,,,,,,,,,,,,,,,,,,
5108303,União do Sul,resto_mt,Demais MT,FALSE,2023,4.9,6.7,4.3,99.3,100,97.4,250.31,247.52,258.23,248.29,220.51,270.05,,,,,,,,,,,,,,,,,,,,
5108352,Vale de São Domingos,resto_mt,Demais MT,FALSE,2023,,,4,,,99,,,255.7,,,248.29,,,,,,,,,,,,,,,,,,,,
5108402,Várzea Grande,polo_metropolitano,Polo Metropolitano,FALSE,2023,4.5,5.5,4.1,97.7,98.5,96.1,235.84,208.16,255.37,243.54,201.64,263.27,,,,,,,,,,,,,,,,,,,,
5108501,Vera,resto_mt,Demais MT,FALSE,2023,4.8,6,4.4,99.7,100,96.9,244.62,220.46,269.18,244.19,208.79,272.74,,,,,,,,,,,,,,,,,,,,
5108600,Vila Rica,resto_mt,Demais MT,FALSE,2023,4.7,5.4,4.3,98.1,97.2,93.5,245.35,207.96,267.71,243.36,201.13,271.01,,,,,,,,,,,,,,,,,,,,
5108808,Nova Guarita,resto_mt,Demais MT,FALSE,2023,4.8,6.1,4.5,100,100,100,238.13,228.58,267.81,247.62,209.22,269.99,,,,,,,,,,,,,,,,,,,,
5108857,Nova Marilândia,resto_mt,Demais MT,FALSE,2023,5.1,6,4.3,100,100,100,256.62,224.04,259.21,250.12,208.04,265.79,,,,,,,,,,,,,,,,,,,,
5108907,Nova Maringá,resto_mt,Demais MT,FALSE,2023,4.7,6,4.3,100,100,96.2,237.73,217.67,264.63,242.55,211.02,270.83,,,,,,,,,,,,,,,,,,,,
5108956,Nova Monte Verde,resto_mt,Demais MT,FALSE,2023,5.4,6.2,4.4,99.4,100,97.1,265.69,226.11,273.04,260.02,216.67,268.27,,,,,,,,,,,,,,,,,,,,
5100102,Acorizal,resto_mt,Demais MT,FALSE,2015,4.2,5.1,,98,98.4,,233.94,195.9,,222.44,190.53,,190.53,222.44,195.9,233.94,,,,,,,11.7,2.6,9.3,1.3,,,,,,
5100201,Água Boa,resto_mt,Demais MT,FALSE,2015,4.9,6.1,,98.9,100,,250.41,221.74,,245.1,213.99,,213.99,245.1,221.74,250.41,,,,,,,17.8,2.8,27.1,3.4,,,,,,
5100250,Alta Floresta,resto_mt,Demais MT,FALSE,2015,4.7,5.9,,96.8,99.6,,248.32,217.07,,246.27,207.56,,207.56,246.27,217.07,248.32,,,,,,,16.9,3.1,23.5,3.8,,,,,,
5100300,Alto Araguaia,resto_mt,Demais MT,FALSE,2015,4.6,6.2,,96.4,99.8,,246.96,227.23,,242.96,212.54,,212.54,242.96,227.23,246.96,,,,,,,21.8,2.2,30.8,3.7,,,,,,
5100359,Alto Boa Vista,resto_mt,Demais MT,FALSE,2015,4.9,5,,96.4,99.4,,258.83,193.87,,247.44,186.36,,186.36,247.44,193.87,258.83,,,,,,,14.3,5.3,7.4,4,,,,,,
5100409,Alto Garças,resto_mt,Demais MT,FALSE,2015,4.1,5.6,,92.7,94.4,,238.47,214.91,,235.22,215.67,,215.67,235.22,214.91,238.47,,,,,,,25.3,1,20.5,2.9,,,,,,
5100508,Alto Paraguai,resto_mt,Demais MT,FALSE,2015,3.5,4.8,,95.4,99.1,,216.72,191.32,,205.59,179.06,,179.06,205.59,191.32,216.72,,,,,,,7.2,0,5,1.2,,,,,,
5100607,Alto Taquari,resto_mt,Demais MT,FALSE,2015,4.4,5.8,,87.2,95.1,,258.36,222.87,,248.26,211.51,,211.51,248.26,222.87,258.36,,,,,,,16.4,7.3,22.9,8.6,,,,,,
5100805,Apiacás,resto_mt,Demais MT,FALSE,2015,4.6,5.7,,98.8,100,,248.39,218.43,,230.69,198.67,,198.67,230.69,218.43,248.39,,,,,,,15.1,1.8,24,4.5,,,,,,
5101001,Araguaiana,resto_mt,Demais MT,FALSE,2015,4,5.1,,96.1,99,,224.89,197,,228.35,191.47,,191.47,228.35,197,224.89,,,,,,,0,0,5.6,4.6,,,,,,
5101209,Araguainha,resto_mt,Demais MT,FALSE,2015,,,,,,,,,,,,,,,,,,,,,,,,,,,,,,,,
5101258,Araputanga,resto_mt,Demais MT,FALSE,2015,4.9,5.6,,96.6,100,,251.63,212.03,,250.84,199.08,,199.08,250.84,212.03,251.63,,,,,,,15.8,4.7,22.8,3,,,,,,
5101308,Arenápolis,resto_mt,Demais MT,FALSE,2015,4.6,5.7,,98.6,99.7,,242.58,212.51,,240.36,202.38,,202.38,240.36,212.51,242.58,,,,,,,14.4,2.7,22.1,2.6,,,,,,
5101407,Aripuanã,resto_mt,Demais MT,FALSE,2015,4.4,5.5,,94.9,97.1,,243.78,212.85,,237.57,197.99,,193.18,232.24,206.76,239.94,,,,,,,11,1.6,15.3,2.7,,,,,,
5101605,Barão de Melgaço,pantanal_norte,Pantanal-13,TRUE,2015,3.8,4.7,,92.6,97.5,,235.97,188,,211.26,178.9,,178.9,210.82,188,230.85,,,,,,,6.7,0,4.2,2.2,,,,,,
5101704,Barra do Bugres,resto_mt,Demais MT,FALSE,2015,4.4,5.3,,95.3,97.8,,241.31,202.78,,234.25,196.41,,193.99,234.57,200.85,241.42,,,,,,,9.8,2.1,12.7,3.1,,,,,,
5101803,Barra do Garças,resto_mt,Demais MT,FALSE,2015,4.5,5.7,,94.2,97.7,,245.02,213.69,,246.08,207.64,,207.64,246.85,213.69,245.38,,,,,,,17.3,5.6,18.9,4.6,,,,,,
5101852,Bom Jesus do Araguaia,resto_mt,Demais MT,FALSE,2015,3.8,4.5,,91.8,98.3,,233.28,184.84,,217.77,169.74,,171.83,217.77,184.45,233.28,,,,,,,7.2,1.6,3.5,1.8,,,,,,
5101902,Brasnorte,resto_mt,Demais MT,FALSE,2015,4,5.3,,92.6,96.6,,233.97,205.94,,226.72,199.61,,199.61,226.72,205.94,233.97,,,,,,,15,0,8.6,2.5,,,,,,
5102504,Cáceres,pantanal_norte,Pantanal-13,TRUE,2015,4.3,5,,94,97.4,,236.98,198.17,,236.6,188.35,,187.6,235.59,198.25,236.88,,,,,,,9.4,2.7,11.5,1.8,,,,,,
5102603,Campinápolis,resto_mt,Demais MT,FALSE,2015,3.6,4.6,,88,95.2,,228.27,190,,218.63,178.8,,178.8,218.63,190,228.27,,,,,,,5,4,8.1,4.4,,,,,,
5102637,Campo Novo do Parecis,resto_mt,Demais MT,FALSE,2015,4.7,5.6,,90.5,95.1,,258.22,219.04,,255.36,204.31,,204.09,250.54,218.38,254.91,,,,,,,12.4,4.2,25.5,8,,,,,,
5102678,Campo Verde,resto_mt,Demais MT,FALSE,2015,4.5,6,,88.7,95.2,,251.57,227.68,,251.34,218.18,,215.65,249.1,226.38,249.66,,,,,,,18.9,3.7,26.7,3.4,,,,,,
5102686,Campos de Júlio,resto_mt,Demais MT,FALSE,2015,4.8,5.9,,94.8,99.7,,260.7,217.87,,242.89,207.84,,207.84,242.89,217.87,260.7,,,,,,,19.7,4.6,26.2,14.2,,,,,,
5102694,Canabrava do Norte,resto_mt,Demais MT,FALSE,2015,4.4,5.2,,97.7,99.4,,240.19,202.83,,227.62,184.37,,184.37,227.62,202.83,240.19,,,,,,,8.4,0,12,0,,,,,,
5102702,Canarana,resto_mt,Demais MT,FALSE,2015,4.3,5.6,,92.4,98.6,,243.3,214.46,,236.93,199.01,,199.01,236.93,214.46,243.3,,,,,,,15,4.3,18.5,5.1,,,,,,
5102793,Carlinda,resto_mt,Demais MT,FALSE,2015,5.1,5.6,,98.2,98.7,,259.56,213.81,,251.03,201.97,,201.97,247.45,213.81,256.02,,,,,,,12.7,2.7,21.7,6.2,,,,,,
5102850,Castanheira,resto_mt,Demais MT,FALSE,2015,4.4,5.4,,95.4,99.8,,243.89,204.55,,234.06,193.06,,192.53,228.93,203.48,240.42,,,,,,,7.8,0,13,1.7,,,,,,
5103007,Chapada dos Guimarães,resto_mt,Demais MT,FALSE,2015,4.3,5,,92,93.4,,240.24,201.61,,237.78,196.01,,196.01,237.78,201.61,240.24,,,,,,,8.2,3.7,11.9,3.6,,,,,,
5103056,Cláudia,resto_mt,Demais MT,FALSE,2015,4.2,5.4,,88.4,97,,242.56,207.81,,243.72,198.62,,198.62,243.72,207.81,242.56,,,,,,,15.7,2,18.5,4.6,,,,,,
5103106,Cocalinho,resto_mt,Demais MT,FALSE,2015,4,5,,97.9,99.8,,223.23,193.38,,223.68,185.3,,185.3,223.68,193.38,223.23,,,,,,,9.4,3.5,7,0,,,,,,
5103205,Colíder,resto_mt,Demais MT,FALSE,2015,4.6,5.8,,94.3,97.4,,252.2,218.87,,243.07,211.88,,211.88,243.07,218.87,252.2,,,,,,,20.3,4.7,23.9,4.4,,,,,,
5103254,Colniza,resto_mt,Demais MT,FALSE,2015,4.4,5.2,,96.3,99.1,,241.78,203.92,,235.79,189.14,,188.77,232.21,203.27,240.08,,,,,,,9.1,1.9,13.1,1.1,,,,,,
5103304,Comodoro,resto_mt,Demais MT,FALSE,2015,4.5,5.3,,91.6,96.5,,254.83,203.47,,242.77,198.12,,198.12,243.31,203.47,254.61,,,,,,,11.2,3.2,13,5.5,,,,,,
5103353,Confresa,resto_mt,Demais MT,FALSE,2015,4.4,5.2,,95,96.7,,241.87,205.08,,235.25,190.94,,191.37,232.69,204.15,240.29,,,,,,,11.3,1.7,14.7,1.3,,,,,,
5103361,Conquista D'Oeste,resto_mt,Demais MT,FALSE,2015,4.8,5.4,,95.5,94.6,,251.64,210.87,,249.85,204.96,,204.96,249.85,210.87,251.64,,,,,,,18.7,2.9,16.7,0,,,,,,
5103379,Cotriguaçu,resto_mt,Demais MT,FALSE,2015,4.5,5.7,,94.8,98.4,,245.13,215.2,,240.58,206.57,,196.54,231.68,209.9,239.65,,,,,,,17.9,3.2,18.8,3,,,,,,
5103403,Cuiabá,polo_metropolitano,Polo Metropolitano,FALSE,2015,4.3,5.4,,93.9,98.6,,238.36,206.08,,235.76,196.69,,196.43,236.49,205.97,238.64,,,,,,,12.2,2.5,15.1,2.3,,,,,,
5103437,Curvelândia,pantanal_norte,Pantanal-13,TRUE,2015,4.2,5.5,,97.9,100,,232.85,208.71,,225.75,193.81,,193.81,225.75,208.71,232.85,,,,,,,8.8,1.8,18.7,3.5,,,,,,
5103452,Denise,resto_mt,Demais MT,FALSE,2015,4.4,5.4,,96.8,100,,235.51,204.77,,235.71,193.3,,193.3,235.71,204.77,235.51,,,,,,,7.8,2.1,15.8,1.9,,,,,,
5103502,Diamantino,resto_mt,Demais MT,FALSE,2015,4.8,5.7,,98.2,99.7,,248.32,210.94,,247.37,205.52,,203.63,246.9,210,247.09,,,,,,,13.7,2.2,16.1,1,,,,,,
5103601,Dom Aquino,resto_mt,Demais MT,FALSE,2015,4.7,6.6,,99.2,100,,252.45,234.58,,232.26,228.78,,228.78,232.26,234.58,252.45,,,,,,,35,1.4,30.6,5.5,,,,,,
5103700,Feliz Natal,resto_mt,Demais MT,FALSE,2015,4.2,5.6,,90.5,97.8,,241.09,212.75,,235.47,205.43,,205.43,235.47,212.75,241.09,,,,,,,16.5,0,15,1.2,,,,,,
5103809,Figueirópolis D'Oeste,resto_mt,Demais MT,FALSE,2015,5,5.8,,96.6,100,,260.99,222.67,,251.47,197.41,,197.41,251.47,222.67,260.99,,,,,,,11.3,4.2,24.9,6.1,,,,,,
5103858,Gaúcha do Norte,resto_mt,Demais MT,FALSE,2015,4.4,5.6,,95.4,99.5,,244.15,207.66,,235.14,200.96,,200.96,235.14,207.66,244.15,,,,,,,10.5,1.7,16.1,3.1,,,,,,
5103908,General Carneiro,resto_mt,Demais MT,FALSE,2015,3.7,,,97.3,92.1,,232.74,,,197.74,,,,197.74,,232.74,,,,,,,,0,,0,,,,,,
5103957,Glória D'Oeste,pantanal_norte,Pantanal-13,TRUE,2015,4.4,6.1,,94.8,99.6,,243.17,227.77,,232.36,212.76,,212.76,232.36,227.77,243.17,,,,,,,22.5,7.9,32.1,7.9,,,,,,
5104104,Guarantã do Norte,resto_mt,Demais MT,FALSE,2015,5.2,6.3,,97.5,99.5,,260.82,230.16,,259.11,217.41,,217.76,259.11,230.52,260.82,,,,,,,22.8,6.9,36.1,5,,,,,,
5104203,Guiratinga,resto_mt,Demais MT,FALSE,2015,4.4,5.7,,96.7,100,,239.96,213.01,,232.09,202.98,,202.98,232.09,213.01,239.96,,,,,,,15.6,3.7,19.7,2.6,,,,,,
5104500,Indiavaí,resto_mt,Demais MT,FALSE,2015,4,4.5,,91.3,91.2,,233.89,194.55,,228.18,182.11,,182.11,228.18,194.55,233.89,,,,,,,5,0,7.8,0,,,,,,
5104526,Ipiranga do Norte,resto_mt,Demais MT,FALSE,2015,5.1,6.2,,99.2,94.8,,258.14,236.01,,252.56,222.59,,222.59,252.56,236.01,258.14,,,,,,,23.6,6.6,39.2,9.6,,,,,,
5104542,Itanhangá,resto_mt,Demais MT,FALSE,2015,4.7,6.1,,96.8,98.6,,247.99,226.39,,243.28,213.58,,213.58,243.28,226.39,247.99,,,,,,,20.2,1.5,27.6,1.5,,,,,,
5104559,Itaúba,resto_mt,Demais MT,FALSE,2015,3.9,5.4,,88.8,97.3,,242.49,212.29,,230.19,195.88,,195.88,230.19,212.29,242.49,,,,,,,12.5,2.6,12.4,4.6,,,,,,
5104609,Itiquira,pantanal_norte,Pantanal-13,TRUE,2015,4.3,5.4,,95.9,99.7,,241.86,203.74,,231.29,198.23,,201.15,237.52,209.92,243.7,,,,,,,16.6,1.7,22.5,4.5,,,,,,
5104807,Jaciara,resto_mt,Demais MT,FALSE,2015,4.8,6,,97.6,100,,252.49,223.31,,243.88,209.53,,209.53,243.88,223.31,252.49,,,,,,,20.4,2.9,26.6,5.6,,,,,,
5104906,Jangada,resto_mt,Demais MT,FALSE,2015,4.5,4.5,,96.2,99.7,,238.3,180.49,,240.76,170.04,,169.44,236.82,180.54,239.26,,,,,,,2.3,0,0,1.3,,,,,,
5105002,Jauru,resto_mt,Demais MT,FALSE,2015,4.5,6.1,,95.9,99.7,,246.04,228.73,,237.84,210.27,,210.27,238,228.73,247.05,,,,,,,25,3.9,32.1,4.3,,,,,,
5105101,Juara,resto_mt,Demais MT,FALSE,2015,4.8,5.9,,98.1,99.9,,249.63,218.83,,246.48,208.32,,207.12,246.48,217.12,249.63,,,,,,,18.2,7,22.5,4.8,,,,,,
5105150,Juína,resto_mt,Demais MT,FALSE,2015,4.8,5.5,,97.5,99.3,,249.45,209.03,,243.7,198.69,,198.2,243.99,208.81,248.69,,,,,,,14,2.8,19.7,2.8,,,,,,
5105176,Juruena,resto_mt,Demais MT,FALSE,2015,4.4,5.8,,91.2,91.8,,255.04,234.06,,241.32,214.92,,214.92,241.32,234.06,255.04,,,,,,,20.7,1.1,39.6,9.7,,,,,,
5105200,Juscimeira,pantanal_norte,Pantanal-13,TRUE,2015,4.7,6,,96.8,100,,249.85,223.68,,244.79,207.28,,197.74,236.7,212.8,241.54,,,,,,,15.9,1,23.3,2.9,,,,,,
5105234,Lambari D'Oeste,pantanal_norte,Pantanal-13,TRUE,2015,4.1,4.7,,94.3,96.5,,231.57,194.9,,226.94,177.4,,182.5,226.94,194.03,231.57,,,,,,,1.7,0,5.6,0,,,,,,
5105259,Lucas do Rio Verde,resto_mt,Demais MT,FALSE,2015,5.2,6.4,,95.9,98.2,,264.48,235.04,,262.72,221.08,,222.49,262.72,236.87,264.32,,,,,,,27.8,8.2,39.2,8.6,,,,,,
5105309,Luciara,resto_mt,Demais MT,FALSE,2015,3.9,4.7,,93.9,98.3,,231.35,191.27,,226.99,177.05,,177.05,226.99,191.27,231.35,,,,,,,8,0,5.7,0,,,,,,
5105507,Vila Bela da Santíssima Trindade,resto_mt,Demais MT,FALSE,2015,3.7,5,,88.3,95.5,,231.79,200.82,,222.47,191.44,,186.77,224.74,200.29,231.41,,,,,,,3.1,0.5,11.2,0.7,,,,,,
5105580,Marcelândia,resto_mt,Demais MT,FALSE,2015,4.5,5.4,,98.2,99.9,,243.82,207.66,,229.08,192.13,,192.13,229.08,207.66,243.82,,,,,,,8,1,14.9,6.1,,,,,,
5105606,Matupá,resto_mt,Demais MT,FALSE,2015,4.6,6.5,,95.3,98.7,,245.01,244.33,,243.06,218.35,,213.72,236.98,236.31,241.97,,,,,,,23.7,2.6,43,2.4,,,,,,
5105622,Mirassol D'Oeste,pantanal_norte,Pantanal-13,TRUE,2015,4.5,5.6,,97.2,99.8,,242.96,211.89,,237.44,199.45,,199.22,236.29,211.24,241.27,,,,,,,13.7,1.9,17.3,1.9,,,,,,
5105903,Nobres,resto_mt,Demais MT,FALSE,2015,4.3,5.2,,96.4,98.9,,235.87,201.52,,232.68,188.1,,188.09,230.85,200.5,235.57,,,,,,,10,2.2,10.1,0,,,,,,
5106000,Nortelândia,resto_mt,Demais MT,FALSE,2015,5,5.6,,98.8,99.5,,251.94,214.75,,248.96,198.88,,198.88,248.96,214.75,251.94,,,,,,,14.7,4.2,19.8,7.1,,,,,,
5106109,Nossa Senhora do Livramento,pantanal_norte,Pantanal-13,TRUE,2015,4,5.1,,97.7,99.2,,232.55,201.54,,213.03,183.6,,181.83,215.06,200.93,233.68,,,,,,,6.7,0,12.7,2.1,,,,,,
5106158,Nova Bandeirantes,resto_mt,Demais MT,FALSE,2015,4.8,5.6,,95.7,99.1,,254.05,213.79,,244.26,200.56,,199.59,241.39,214.69,250.16,,,,,,,16.4,2.5,20.4,4.6,,,,,,
5106174,Nova Nazaré,resto_mt,Demais MT,FALSE,2015,,2.9,,82.4,50,,,215.93,,,210.73,,210.73,,215.93,,,,,,,,8.8,,17.7,,,,,,,
5106182,Nova Lacerda,resto_mt,Demais MT,FALSE,2015,5.2,5.6,,96.2,95.2,,263.87,221.95,,258.11,201.27,,200.37,250.06,218.42,253.93,,,,,,,9.3,3,20.9,11.3,,,,,,
5106190,Nova Santa Helena,resto_mt,Demais MT,FALSE,2015,4.2,5.5,,96.1,98.6,,234.18,209.97,,227.23,198.21,,198.21,227.23,209.97,234.18,,,,,,,9.4,0,19.4,2.4,,,,,,
5106208,Nova Brasilândia,resto_mt,Demais MT,FALSE,2015,3.9,5.3,,96.6,99.4,,224.38,204.9,,216.12,188.09,,188.09,216.12,204.9,224.38,,,,,,,8.5,0,12,0,,,,,,
5106216,Nova Canaã do Norte,resto_mt,Demais MT,FALSE,2015,4.7,5.6,,93.1,95.1,,257.2,219.92,,248.17,204.58,,203.19,241.94,216.93,255.96,,,,,,,14.7,2.7,20.6,4.7,,,,,,
5106224,Nova Mutum,resto_mt,Demais MT,FALSE,2015,4.8,5.8,,97.8,100,,251.05,212.48,,246.89,206.72,,206.72,245.09,212.48,249.09,,,,,,,16.8,3.2,18.8,4.6,,,,,,
5106232,Nova Olímpia,resto_mt,Demais MT,FALSE,2015,4.4,5.6,,94.6,100,,242.98,211.54,,238.64,198.2,,198.2,238.64,211.54,242.98,,,,,,,13,2.6,18.6,2.1,,,,,,
5106240,Nova Ubiratã,resto_mt,Demais MT,FALSE,2015,4.1,5.5,,93.3,92.8,,236.72,218.43,,224.75,208.2,,208.2,224.75,218.43,236.72,,,,,,,19.5,2.2,20.7,0,,,,,,
5106257,Nova Xavantina,resto_mt,Demais MT,FALSE,2015,4.3,5.6,,94.5,99.2,,241.16,207.65,,234.7,204.44,,204.44,234.7,207.65,241.16,,,,,,,16.6,1.9,19.1,3.2,,,,,,
5106265,Novo Mundo,resto_mt,Demais MT,FALSE,2015,4.7,5.8,,97.2,99.4,,249.32,218.13,,240.66,204.27,,204.27,235.21,218.13,243.37,,,,,,,18.8,1.1,21.8,3.3,,,,,,
5106273,Novo Horizonte do Norte,resto_mt,Demais MT,FALSE,2015,4.6,6.1,,97.7,96.1,,237.7,228.46,,246.47,221.6,,221.6,246.47,228.46,237.7,,,,,,,22.1,0,26.4,0,,,,,,
5106281,Novo São Joaquim,resto_mt,Demais MT,FALSE,2015,4.7,5.6,,97.7,98.5,,248.95,211.4,,240.55,202.54,,202.54,233.14,211.4,247.27,,,,,,,13.9,1.7,15.5,0,,,,,,
5106299,Paranaíta,resto_mt,Demais MT,FALSE,2015,4.7,5.3,,93.5,96.7,,254.31,208.81,,247.71,192.86,,192.18,246.72,205.83,254.42,,,,,,,13.9,2.4,15.9,4.7,,,,,,
5106307,Paranatinga,resto_mt,Demais MT,FALSE,2015,4.4,5.8,,95.6,98.8,,242.29,220.82,,238.37,205.88,,205.88,238.37,220.82,242.29,,,,,,,17.4,4.3,26.1,4.9,,,,,,
5106315,Novo Santo Antônio,resto_mt,Demais MT,FALSE,2015,,4.6,,88,91.9,,,197.62,,,182.43,,182.43,,197.62,,,,,,,,13.6,,18.2,,,,,,,
5106372,Pedra Preta,resto_mt,Demais MT,FALSE,2015,4.5,5.7,,97.5,98.6,,241.07,214.01,,236.06,204.13,,203.28,239.03,214.11,241.74,,,,,,,13.3,2.8,23,1,,,,,,
5106422,Peixoto de Azevedo,resto_mt,Demais MT,FALSE,2015,4.4,5.3,,98.3,99.6,,236.36,205.36,,233.49,190.17,,190.08,233.98,205.17,237.26,,,,,,,10.9,1.1,18.1,3.6,,,,,,
5106455,Planalto da Serra,resto_mt,Demais MT,FALSE,2015,4.5,5.4,,97.4,99.6,,247.94,209.39,,230.99,188.06,,188.06,230.99,209.39,247.94,,,,,,,10.2,0,19,0,,,,,,
5106505,Poconé,pantanal_norte,Pantanal-13,TRUE,2015,3.6,4.4,,93.8,98.6,,222.06,181.48,,207.45,166.49,,168.42,212.37,182.44,222.89,,,,,,,3,0.7,3.5,1.2,,,,,,
5106653,Pontal do Araguaia,resto_mt,Demais MT,FALSE,2015,4.3,4.7,,91.4,95.4,,238.35,193.47,,244.99,181.52,,181.52,244.99,193.47,238.35,,,,,,,5.2,1.9,6.5,1.9,,,,,,
5106703,Ponte Branca,resto_mt,Demais MT,FALSE,2015,4.6,5.8,,94.3,100,,252.39,207.81,,242.74,215.5,,215.5,242.74,207.81,252.39,,,,,,,24.4,0,15.4,4.8,,,,,,
5106752,Pontes e Lacerda,resto_mt,Demais MT,FALSE,2015,4.7,5.8,,96.5,99.1,,249.49,216.78,,245.33,204.73,,202.91,245.08,214.91,249.1,,,,,,,16.4,3.5,21.8,3.3,,,,,,
5106778,Porto Alegre do Norte,resto_mt,Demais MT,FALSE,2015,4.2,5.4,,96.5,99.2,,235.3,206.91,,223.66,191.49,,191.49,223.66,206.91,235.3,,,,,,,7.7,0.8,14,0.8,,,,,,
5106802,Porto dos Gaúchos,resto_mt,Demais MT,FALSE,2015,4.8,5.6,,97,99,,249.49,214.33,,250.07,198.53,,198.53,250.07,214.33,249.49,,,,,,,13.6,5,23.3,6.4,,,,,,
5106828,Porto Esperidião,pantanal_norte,Pantanal-13,TRUE,2015,4.6,5.5,,93.3,97.7,,248.07,213.11,,248.44,200.21,,200.21,238.32,213.11,243.16,,,,,,,12.9,3.8,23.8,4.6,,,,,,
5106851,Porto Estrela,resto_mt,Demais MT,FALSE,2015,3.9,5.1,,98,98.4,,224.73,205.48,,216.86,182.83,,182.83,216.86,205.48,224.73,,,,,,,10.1,2.6,13.4,2.6,,,,,,
5107008,Poxoréu,resto_mt,Demais MT,FALSE,2015,4.5,5.5,,94.9,99.6,,242.48,210.12,,242.03,193.9,,193.9,243.73,210.12,244.08,,,,,,,13.1,3.3,18.3,3.2,,,,,,
5107040,Primavera do Leste,resto_mt,Demais MT,FALSE,2015,4.5,5.7,,90.4,97.3,,251.13,216.2,,245.48,208.89,,208.44,245.67,215.63,251.38,,,,,,,17.6,3.6,20.6,5.1,,,,,,
5107065,Querência,resto_mt,Demais MT,FALSE,2015,4.6,5.6,,98.6,99.8,,244.21,210.78,,236.64,200.42,,200.42,236.64,210.78,244.21,,,,,,,15.1,1.5,21.8,1.9,,,,,,
5107107,São José dos Quatro Marcos,resto_mt,Demais MT,FALSE,2015,4.7,5.8,,95.2,99.1,,248.61,218.74,,245.36,203.02,,203.02,245.36,218.74,248.61,,,,,,,17.1,6,25.1,2.5,,,,,,
5107156,Reserva do Cabaçal,resto_mt,Demais MT,FALSE,2015,4.5,5.4,,97.3,100,,241.09,207.1,,234,192.64,,192.64,234,207.1,241.09,,,,,,,9.1,0,14.9,0,,,,,,
5107180,Ribeirão Cascalheira,resto_mt,Demais MT,FALSE,2015,4.4,5.4,,97.9,99.3,,237.25,205.8,,233.05,194.23,,194.23,233.05,205.8,237.25,,,,,,,11,1.2,10.8,6.5,,,,,,
5107198,Ribeirãozinho,resto_mt,Demais MT,FALSE,2015,5.1,7.1,,95.7,100,,262.58,244.67,,258.56,247.93,,247.93,258.56,244.67,262.58,,,,,,,55.6,4,51.8,2.7,,,,,,
5107206,Rio Branco,resto_mt,Demais MT,FALSE,2015,4.3,5.6,,83.6,92.9,,262.04,218.86,,243.56,214.56,,214.56,243.56,218.86,262.04,,,,,,,18.8,5.8,18.7,7.9,,,,,,
5107248,Santa Carmem,resto_mt,Demais MT,FALSE,2015,4.8,6.1,,91.1,93.6,,258.62,234.92,,256.84,223.31,,223.31,256.84,234.92,258.62,,,,,,,23.4,0,28.3,2.5,,,,,,
5107263,Santo Afonso,resto_mt,Demais MT,FALSE,2015,4,5.8,,96.1,99.5,,237.33,214.34,,219.63,207.04,,207.04,219.63,214.34,237.33,,,,,,,16.7,0,25,0,,,,,,
5107297,São José do Povo,resto_mt,Demais MT,FALSE,2015,4.5,,,95.1,95.2,,238.44,,,242.78,,,,242.78,,238.44,,,,,,,,0,,0,,,,,,
5107305,São José do Rio Claro,resto_mt,Demais MT,FALSE,2015,4.7,6.2,,95.3,99.8,,250.13,224.99,,246.56,216.94,,216.94,246.58,224.99,250.24,,,,,,,18.7,2.5,25.3,5.1,,,,,,
5107354,São José do Xingu,resto_mt,Demais MT,FALSE,2015,4.2,4.7,,95.4,99.2,,226.14,187.41,,237.9,173.65,,173.65,221.77,187.41,222.81,,,,,,,6.6,2.8,4.4,0,,,,,,
5107404,São Pedro da Cipa,resto_mt,Demais MT,FALSE,2015,4.2,6.1,,97.5,99.5,,231.9,228.73,,225.17,210.39,,210.39,225.17,228.73,231.9,,,,,,,20.2,0,36.9,1.7,,,,,,
5107578,Rondolândia,resto_mt,Demais MT,FALSE,2015,4,5.2,,92.6,95.8,,240.89,203,,215.27,196.29,,196.29,215.27,203,240.89,,,,,,,23.1,0,19.2,0,,,,,,
5107602,Rondonópolis,pantanal_norte,Pantanal-13,TRUE,2015,4.7,5.8,,95.9,99.9,,247.72,215.3,,244.44,207.21,,206.95,244.92,214.81,248.28,,,,,,,19.2,4.7,21.6,4.4,,,,,,
5107701,Rosário Oeste,resto_mt,Demais MT,FALSE,2015,3.8,4.6,,93.1,94.6,,226.92,194.5,,217.97,177.79,,177.79,217.97,194.5,226.92,,,,,,,3.6,0.7,5.8,0.7,,,,,,
5107743,Santa Cruz do Xingu,resto_mt,Demais MT,FALSE,2015,3.9,4.8,,86.3,82.7,,240.32,219.96,,232.84,202.65,,202.65,232.84,219.96,240.32,,,,,,,11.1,0,32.7,0,,,,,,
5107750,Salto do Céu,resto_mt,Demais MT,FALSE,2015,4.9,5.8,,100,100,,250.55,216.59,,243.17,201.38,,201.38,243.17,216.59,250.55,,,,,,,12,3.6,28,0,,,,,,
5107768,Santa Rita do Trivelato,resto_mt,Demais MT,FALSE,2015,5.3,7.2,,97.4,99.6,,261.64,267.83,,261.01,229.16,,229.16,261.01,267.83,261.64,,,,,,,25.6,6.2,66.6,9.4,,,,,,
5107776,Santa Terezinha,resto_mt,Demais MT,FALSE,2015,4,4.4,,94.1,97.2,,234.84,179.06,,223.23,171.87,,171.87,226.56,179.06,233.63,,,,,,,13.2,0,4.4,0,,,,,,
5107792,Santo Antônio do Leste,resto_mt,Demais MT,FALSE,2015,4.5,5.3,,96.3,98.2,,237.86,202.92,,241.13,194.1,,194.1,241.13,202.92,237.86,,,,,,,3.8,0,13.3,2.2,,,,,,
5107800,Santo Antônio do Leverger,pantanal_norte,Pantanal-13,TRUE,2015,3.9,4.8,,94.8,99.5,,232.01,189.22,,216.82,177.3,,174.27,215.86,186.36,225.53,,,,,,,3.9,0,4.7,0.5,,,,,,
5107859,São Félix do Araguaia,resto_mt,Demais MT,FALSE,2015,3.9,4.8,,94.5,97.5,,226.56,193.76,,221.86,177.98,,169.18,220.51,185.3,226.21,,,,,,,3.9,0.8,5.7,0,,,,,,
5107875,Sapezal,resto_mt,Demais MT,FALSE,2015,4.2,5.5,,83.9,94.2,,253.64,217.53,,248.92,206.43,,206.43,248.92,217.53,253.64,,,,,,,14,2.3,21.6,4.1,,,,,,
5107883,Serra Nova Dourada,resto_mt,Demais MT,FALSE,2015,,,,,,,,,,,,,,,,,,,,,,,,,,,,,,,,
5107909,Sinop,resto_mt,Demais MT,FALSE,2015,4.6,5.5,,95.7,95.1,,245.91,214.25,,241.54,205.89,,205.89,241.54,214.25,245.91,,,,,,,17.8,4.4,20.8,3.5,,,,,,
5107925,Sorriso,resto_mt,Demais MT,FALSE,2015,4.5,5.8,,92.9,96.8,,247.78,220.5,,243.48,210,,210.61,244.38,220.81,248.46,,,,,,,17.7,2.9,24.3,5.8,,,,,,
5107941,Tabaporã,resto_mt,Demais MT,FALSE,2015,4.7,5.6,,95.9,99.7,,247.38,213.82,,243.68,194.42,,194.42,239.74,213.82,244.97,,,,,,,13,4.3,19.4,3.4,,,,,,
5107958,Tangará da Serra,resto_mt,Demais MT,FALSE,2015,5,5.9,,97.5,99.2,,254.97,220.45,,253.88,210.46,,209.91,252.64,219.88,253.87,,,,,,,19.6,5,26.6,5.6,,,,,,
5108006,Tapurah,resto_mt,Demais MT,FALSE,2015,4.4,5.6,,97,99.5,,244.34,210.7,,227.92,200.88,,199.85,227.92,210.11,244.34,,,,,,,11.8,2.4,21.3,2.5,,,,,,
5108055,Terra Nova do Norte,resto_mt,Demais MT,FALSE,2015,4.5,5.6,,98.1,99.9,,240.56,207.63,,236.11,204.37,,204.37,236.11,207.63,240.56,,,,,,,13.4,6.5,17,2.2,,,,,,
5108105,Tesouro,resto_mt,Demais MT,FALSE,2015,,,,,,,,,,,,,,,,,,,,,,,,,,,,,,,,
5108204,Torixoréu,resto_mt,Demais MT,FALSE,2015,4.8,5.5,,96.8,100,,251.14,204.01,,247.82,199.32,,199.32,247.82,204.01,251.14,,,,,,,12,9.1,8,0,,,,,,
5108303,União do Sul,resto_mt,Demais MT,FALSE,2015,4.6,5.9,,97.9,98.8,,245.13,221.45,,238.92,208.06,,208.06,238.92,221.45,245.13,,,,,,,16.7,1.4,25.1,1.5,,,,,,
5108352,Vale de São Domingos,resto_mt,Demais MT,FALSE,2015,,,,,,,,,,,,,,227.31,,235.23,,,,,,,,0,,2.4,,,,,,
5108402,Várzea Grande,polo_metropolitano,Polo Metropolitano,FALSE,2015,4.1,5.2,,94.3,96.5,,233.89,203.96,,229.45,193.32,,192.59,229.03,203.33,233.43,,,,,,,11.2,2.3,13.4,1.4,,,,,,
5108501,Vera,resto_mt,Demais MT,FALSE,2015,4.2,5.8,,96.1,99.7,,235.58,217.61,,229.02,204.95,,204.95,229.02,217.61,235.58,,,,,,,14.9,0,24.9,2.3,,,,,,
5108600,Vila Rica,resto_mt,Demais MT,FALSE,2015,4.1,5.1,,92.7,94.6,,240.5,205.37,,228.73,194.25,,194.56,228.73,204.65,240.5,,,,,,,8.3,1.8,12.9,3.8,,,,,,
5108808,Nova Guarita,resto_mt,Demais MT,FALSE,2015,4.5,5.8,,98.7,100,,242.49,218.69,,232.7,201.61,,201.61,232.7,218.69,242.49,,,,,,,17,0,27.6,1.4,,,,,,
5108857,Nova Marilândia,resto_mt,Demais MT,FALSE,2015,4.8,5.8,,98.5,99.6,,249.59,217.48,,241.03,201.38,,201.38,241.03,217.48,249.59,,,,,,,19.8,10.5,22.9,5.3,,,,,,
5108907,Nova Maringá,resto_mt,Demais MT,FALSE,2015,4.8,6,,95.9,99.4,,253.75,228.62,,247.17,203.8,,198.06,242.72,219.54,249.91,,,,,,,9.7,5.2,24.2,5.1,,,,,,
5108956,Nova Monte Verde,resto_mt,Demais MT,FALSE,2015,4.7,5.9,,97,99.6,,243.01,220.54,,245.57,206.64,,206.64,245.57,220.54,243.01,,,,,,,18,3.9,26,3.9,,,,,,
