id_municipio,municipio,grupo,subgrupo,pantanal_norte,ano,populacao,cagr_pop_2010_2025,cagr_pop_2010_2022,sh_pop_branca,sh_pop_preta,sh_pop_parda,sh_pop_indigena,perc_pop_bf,perc_pop_bpc,transf_pc_real,idhm,classifica_idhm,gini,taxa_pobreza_pct,taxa_ext_pobreza_pct,ideb_iniciais,ideb_finais,taxa_aprovacao_iniciais,taxa_aprovacao_finais,n_escolas_total,perc_internet,perc_docentes_superior,tdi_ef_anos_iniciais,taxa_abandono_ef_anos_iniciais,tmi,tmi_suavizado,perc_cesareas,perc_prenatal_adequado,n_estabelecimentos,n_hospitais,n_ubs,leitos_totais,leitos_sus_total,leitos_sus_per_1000,estab_per_10k,beneficiarios_ans,perc_cobertura_ans
5100102,Acorizal,resto_mt,Demais MT,FALSE,2000,5817,-0.72,-0.79,16.6,6.6,76.5,0.2,,,,0.5,Baixo,0.57,70.47,21.63,,,,,,,,,,37,,16.7,50.9,,,,,,,,,
5100102,Acorizal,resto_mt,Demais MT,FALSE,2001,5860,-0.72,-0.79,16.6,6.6,76.5,0.2,,,,,,,,,,,,,,,,,,35.1,,14,49.1,,,,,,,,,
5100102,Acorizal,resto_mt,Demais MT,FALSE,2002,5924,-0.72,-0.79,16.6,6.6,76.5,0.2,,,,,,,,,,,,,,,,,,29.4,33.5,23.5,61.8,,,,,,,,,
5100102,Acorizal,resto_mt,Demais MT,FALSE,2003,5974,-0.72,-0.79,16.6,6.6,76.5,0.2,,,,,,,,,,,,,,,,,,0,21.9,41.4,62.1,,,,,,,,,
5100102,Acorizal,resto_mt,Demais MT,FALSE,2004,6078,-0.72,-0.79,16.6,6.6,76.5,0.2,,,,,,,,,,,,,,,,,,0,10.6,22.6,48.4,,,,,,,,,
5100102,Acorizal,resto_mt,Demais MT,FALSE,2005,6136,-0.72,-0.79,16.6,6.6,76.5,0.2,,,,,,,,,4.1,3.3,80.5,87.1,,,,,,75.5,23.1,28.3,37.7,,,,,,,,,
5100102,Acorizal,resto_mt,Demais MT,FALSE,2006,6193,-0.72,-0.79,16.6,6.6,76.5,0.2,,,,,,,,,,,,,,,,,,0,20.8,29.9,46.8,,,,,,,,,
5100102,Acorizal,resto_mt,Demais MT,FALSE,2007,5530,-0.72,-0.79,16.6,6.6,76.5,0.2,,,,,,,,,3.1,3,78.7,81.6,14,21.4,,28,7.6,17.5,26.7,33.3,35.1,,,,,,,,,
5100102,Acorizal,resto_mt,Demais MT,FALSE,2008,5679,-0.72,-0.79,16.6,6.6,76.5,0.2,,,,,,,,,,,,,14,21.4,,24.5,6,0,5.5,28.6,49,,,,,,,,,
5100102,Acorizal,resto_mt,Demais MT,FALSE,2009,5659,-0.72,-0.79,16.6,6.6,76.5,0.2,,,,,,,,,3.5,4,83.6,92.6,11,45.5,67.1,23.6,4.9,32.8,18,29.5,57.4,,,,,,,,,
5100102,Acorizal,resto_mt,Demais MT,FALSE,2010,5516,-0.72,-0.79,16.6,6.6,76.5,0.2,,,,0.628,Médio,0.5,58.87,14.91,,,,,9,55.6,79,17.8,0,53.6,30.1,41.1,73.2,6,0,5,0,0,0,10.88,,
5100102,Acorizal,resto_mt,Demais MT,FALSE,2011,5493,-0.72,-0.79,16.6,6.6,76.5,0.2,,,,,,,,,4.6,4.2,94.2,98.5,14,55.6,77,26.9,5.8,0,27.3,40.9,77.3,,,,,,,,,
5100102,Acorizal,resto_mt,Demais MT,FALSE,2012,5471,-0.72,-0.79,16.6,6.6,76.5,0.2,,,,,,,,,,,,,14,55.6,82.4,16.3,5,13,20.1,49.4,81.8,,,,,,,,,
5100102,Acorizal,resto_mt,Demais MT,FALSE,2013,5431,-0.72,-0.79,16.6,6.6,76.5,0.2,13.39,,377.87,,,,,,4.9,4.1,99.8,97.6,14,62.5,78.4,1.8,0.2,28.2,14,38,81.7,,,,,,,,,
5100102,Acorizal,resto_mt,Demais MT,FALSE,2014,5396,-0.72,-0.79,16.6,6.6,76.5,0.2,13.29,,371.26,,,,,,,,,,14,62.5,71.3,1.1,0,31.7,23.7,49.2,73,,,,,,,,,
5100102,Acorizal,resto_mt,Demais MT,FALSE,2015,5362,-0.72,-0.79,16.6,6.6,76.5,0.2,12.91,,335.62,,,,,,5.1,4.2,98.4,98,14,62.5,79.4,0.4,0.8,31.2,30.3,46.9,60.9,8,0,5,0,0,0,14.92,,
5100102,Acorizal,resto_mt,Demais MT,FALSE,2016,5301,-0.72,-0.79,16.6,6.6,76.5,0.2,12.66,,327.73,,,,,,,,,,14,75,82.7,2.5,0.3,16.1,26.5,53.2,72.6,,,,,,,,,
5100102,Acorizal,resto_mt,Demais MT,FALSE,2017,5269,-0.72,-0.79,16.6,6.6,76.5,0.2,12.72,,343.39,,,,,,5.1,4.3,100,95.3,14,75,86.8,1.5,0,0,14.8,40.3,72.7,,,,,,,,,
5100102,Acorizal,resto_mt,Demais MT,FALSE,2018,5424,-0.72,-0.79,16.6,6.6,76.5,0.2,13,,354.27,,,,,,,,,,14,87.5,94.2,3.8,0.2,32.8,15,41,75.4,,,,,,,,,
5100102,Acorizal,resto_mt,Demais MT,FALSE,2019,5399,-0.72,-0.79,16.6,6.6,76.5,0.2,13.58,3.09,863.28,,,,,,5.6,4.2,98.9,91.2,14,87.5,91.7,10.4,0.4,0,9.5,34.2,91.8,,,,,,,,,
5100102,Acorizal,resto_mt,Demais MT,FALSE,2020,5334,-0.72,-0.79,16.6,6.6,76.5,0.2,14.36,3.19,874,,,,,,,,,,14,87.5,91.9,0.5,,34.5,20.8,56.9,75.9,9,0,5,0,0,0,16.87,2757,51.7
5100102,Acorizal,resto_mt,Demais MT,FALSE,2021,5309,-0.72,-0.79,16.6,6.6,76.5,0.2,14.75,3.18,875.65,,,,,,4.7,,100,95.3,14,87.5,,0.9,0,0,11.4,45.5,75,,,,,,,,,
5100102,Acorizal,resto_mt,Demais MT,FALSE,2022,5014,-0.72,-0.79,16.6,6.6,76.5,0.2,18.69,3.39,1261.63,,,,,,,,,,14,100,,0.7,0,0,12.5,50,72.4,,,,,,,,,
5100102,Acorizal,resto_mt,Demais MT,FALSE,2023,5014,-0.72,-0.79,16.6,6.6,76.5,0.2,19.11,3.49,2043.19,,,,,,5.4,4.6,100,94.3,14,100,,,,,,,,10,0,5,0,0,0,19.94,4023,80.2
5100102,Acorizal,resto_mt,Demais MT,FALSE,2024,4990,-0.72,-0.79,16.6,6.6,76.5,0.2,18,3.11,1970.61,,,,,,,,,,14,100,,,,,,,,,,,,,,,,
5100102,Acorizal,resto_mt,Demais MT,FALSE,2025,4948,-0.72,-0.79,16.6,6.6,76.5,0.2,,,,,,,,,,,,,,,,,,,,,,,,,,,,,,
5100201,Água Boa,resto_mt,Demais MT,FALSE,2000,16737,2.92,2.85,36.4,7.8,54.4,1.2,,,,0.603,Médio,0.67,45.96,7.66,,,,,,,,,,49.1,,47.9,47.9,,,,,,,,,
5100201,Água Boa,resto_mt,Demais MT,FALSE,2001,14745,2.92,2.85,36.4,7.8,54.4,1.2,,,,,,,,,,,,,,,,,,9.3,,43.6,52.2,,,,,,,,,
5100201,Água Boa,resto_mt,Demais MT,FALSE,2002,14785,2.92,2.85,36.4,7.8,54.4,1.2,,,,,,,,,,,,,,,,,,19.9,24.8,43.2,65.3,,,,,,,,,
5100201,Água Boa,resto_mt,Demais MT,FALSE,2003,14800,2.92,2.85,36.4,7.8,54.4,1.2,,,,,,,,,,,,,,,,,,18.4,15.8,43.6,77,,,,,,,,,
5100201,Água Boa,resto_mt,Demais MT,FALSE,2004,14831,2.92,2.85,36.4,7.8,54.4,1.2,,,,,,,,,,,,,,,,,,25.1,21.3,52.5,74.3,,,,,,,,,
5100201,Água Boa,resto_mt,Demais MT,FALSE,2005,14849,2.92,2.85,36.4,7.8,54.4,1.2,,,,,,,,,4.2,3.8,90.5,78.9,,,,,,39.6,27.7,45.4,58.2,,,,,,,,,
5100201,Água Boa,resto_mt,Demais MT,FALSE,2006,14866,2.92,2.85,36.4,7.8,54.4,1.2,,,,,,,,,,,,,,,,,,16.3,27.2,48.9,93.8,,,,,,,,,
5100201,Água Boa,resto_mt,Demais MT,FALSE,2007,18991,2.92,2.85,36.4,7.8,54.4,1.2,,,,,,,,,4.3,3.6,92.8,83.7,24,41.7,,17.8,3.2,17,24.8,50.7,49.7,,,,,,,,,
5100201,Água Boa,resto_mt,Demais MT,FALSE,2008,19777,2.92,2.85,36.4,7.8,54.4,1.2,,,,,,,,,,,,,24,54.2,,9,0.5,18.8,17.4,60.5,74.3,,,,,,,,,
5100201,Água Boa,resto_mt,Demais MT,FALSE,2009,20276,2.92,2.85,36.4,7.8,54.4,1.2,,,,,,,,,4.7,4.5,97.6,91.4,23,73.9,54.7,10.4,1.1,32.1,22.7,60.9,70.7,,,,,,,,,
5100201,Água Boa,resto_mt,Demais MT,FALSE,2010,20856,2.92,2.85,36.4,7.8,54.4,1.2,,,,0.729,Alto,0.49,20.78,1.45,,,,,22,81.8,56.8,6.3,0,21.4,24.1,56.4,85.7,48,3,15,3,80,3.84,23.01,,
5100201,Água Boa,resto_mt,Demais MT,FALSE,2011,21325,2.92,2.85,36.4,7.8,54.4,1.2,,,,,,,,,5.1,4.7,99.9,94.7,24,82.6,75.3,4.4,0.1,14.7,22.5,54.3,73.3,,,,,,,,,
5100201,Água Boa,resto_mt,Demais MT,FALSE,2012,21778,2.92,2.85,36.4,7.8,54.4,1.2,,,,,,,,,,,,,23,90.9,78,2.7,0.2,18.4,18,68.2,70.8,,,,,,,,,
5100201,Água Boa,resto_mt,Demais MT,FALSE,2013,22549,2.92,2.85,36.4,7.8,54.4,1.2,3.68,,102.46,,,,,,5.7,4.4,99.2,93.2,24,95,79.4,3.4,0.1,9,14.2,73.5,70.2,,,,,,,,,
5100201,Água Boa,resto_mt,Demais MT,FALSE,2014,23057,2.92,2.85,36.4,7.8,54.4,1.2,3.7,,107.11,,,,,,,,,,27,100,81.2,2.1,0,14.6,14.3,70.5,72.9,,,,,,,,,
5100201,Água Boa,resto_mt,Demais MT,FALSE,2015,23551,2.92,2.85,36.4,7.8,54.4,1.2,4.07,,114.54,,,,,,6.1,4.9,100,98.9,21,100,78.5,1.4,0,23.4,16.2,69.6,72.9,45,2,22,2,68,2.89,19.11,,
5100201,Água Boa,resto_mt,Demais MT,FALSE,2016,24032,2.92,2.85,36.4,7.8,54.4,1.2,3.83,,103.49,,,,,,,,,,21,100,84.2,0.6,0,12.6,17,72.5,70.5,,,,,,,,,
5100201,Água Boa,resto_mt,Demais MT,FALSE,2017,24501,2.92,2.85,36.4,7.8,54.4,1.2,2.79,,73.74,,,,,,6.2,4.6,99.9,92.3,22,100,84.8,1,0,10.2,15.6,77.5,76.7,,,,,,,,,
5100201,Água Boa,resto_mt,Demais MT,FALSE,2018,25229,2.92,2.85,36.4,7.8,54.4,1.2,2.59,,62.91,,,,,,,,,,22,100,85.9,1,0,12.8,12,75.2,80.6,,,,,,,,,
5100201,Água Boa,resto_mt,Demais MT,FALSE,2019,25721,2.92,2.85,36.4,7.8,54.4,1.2,2.07,1.9,352.57,,,,,,6.2,4.5,100,88.8,23,100,87.4,0.7,0,12,11.8,81.9,82.7,,,,,,,,,
5100201,Água Boa,resto_mt,Demais MT,FALSE,2020,26204,2.92,2.85,36.4,7.8,54.4,1.2,2.16,1.91,354.67,,,,,,,,,,23,100,86.8,1.3,,16.4,13.8,80,82.2,64,2,30,2,69,2.63,24.42,10860,41.4
5100201,Água Boa,resto_mt,Demais MT,FALSE,2021,26679,2.92,2.85,36.4,7.8,54.4,1.2,2.68,1.94,359.58,,,,,,5.8,4.8,100,94.7,23,100,,0.6,0,6.9,11.7,80.1,88.6,,,,,,,,,
5100201,Água Boa,resto_mt,Demais MT,FALSE,2022,29219,2.92,2.85,36.4,7.8,54.4,1.2,3.32,1.86,422.84,,,,,,,,,,24,100,,1,0,27.1,16.8,75.8,80.8,,,,,,,,,
5100201,Água Boa,resto_mt,Demais MT,FALSE,2023,29219,2.92,2.85,36.4,7.8,54.4,1.2,3.45,1.97,601.16,,,,,,6.4,5.1,100,99,24,100,,,,,,,,76,2,39,2,66,2.26,26.01,15094,51.7
5100201,Água Boa,resto_mt,Demais MT,FALSE,2024,31314,2.92,2.85,36.4,7.8,54.4,1.2,3.31,1.94,592.23,,,,,,,,,,25,96,,,,,,,,,,,,,,,,
5100201,Água Boa,resto_mt,Demais MT,FALSE,2025,32099,2.92,2.85,36.4,7.8,54.4,1.2,,,,,,,,,,,,,,,,,,,,,,,,,,,,,,
5100250,Alta Floresta,resto_mt,Demais MT,FALSE,2000,46982,1.58,1.48,39.1,7.7,52.3,0.2,,,,0.585,Baixo,0.59,47.9,4.71,,,,,,,,,,14.6,,54.5,41.9,,,,,,,,,
5100250,Alta Floresta,resto_mt,Demais MT,FALSE,2001,47003,1.58,1.48,39.1,7.7,52.3,0.2,,,,,,,,,,,,,,,,,,28.8,,55.2,49.9,,,,,,,,,
5100250,Alta Floresta,resto_mt,Demais MT,FALSE,2002,47067,1.58,1.48,39.1,7.7,52.3,0.2,,,,,,,,,,,,,,,,,,22.6,21.5,47,50.4,,,,,,,,,
5100250,Alta Floresta,resto_mt,Demais MT,FALSE,2003,47107,1.58,1.48,39.1,7.7,52.3,0.2,,,,,,,,,,,,,,,,,,12,20.6,54.2,56,,,,,,,,,
5100250,Alta Floresta,resto_mt,Demais MT,FALSE,2004,47190,1.58,1.48,39.1,7.7,52.3,0.2,,,,,,,,,,,,,,,,,,13.1,15.5,58.8,60.8,,,,,,,,,
5100250,Alta Floresta,resto_mt,Demais MT,FALSE,2005,47236,1.58,1.48,39.1,7.7,52.3,0.2,,,,,,,,,4,2.7,86.2,62.3,,,,,,20.3,15.2,61.3,53.3,,,,,,,,,
5100250,Alta Floresta,resto_mt,Demais MT,FALSE,2006,47281,1.58,1.48,39.1,7.7,52.3,0.2,,,,,,,,,,,,,,,,,,14.1,16,63.1,52.4,,,,,,,,,
5100250,Alta Floresta,resto_mt,Demais MT,FALSE,2007,49140,1.58,1.48,39.1,7.7,52.3,0.2,,,,,,,,,4.7,3.5,92.3,77.1,38,55.3,,18.8,2.6,20.6,18.3,63.1,56.9,,,,,,,,,
5100250,Alta Floresta,resto_mt,Demais MT,FALSE,2008,51136,1.58,1.48,39.1,7.7,52.3,0.2,,,,,,,,,,,,,40,65,,16.1,0.9,15.7,16.5,60.3,48.4,,,,,,,,,
5100250,Alta Floresta,resto_mt,Demais MT,FALSE,2009,51414,1.58,1.48,39.1,7.7,52.3,0.2,,,,,,,,,5.3,4.5,98.5,91.7,43,81.4,70,12.1,0.7,9.9,15.1,63.9,52.1,,,,,,,,,
5100250,Alta Floresta,resto_mt,Demais MT,FALSE,2010,49164,1.58,1.48,39.1,7.7,52.3,0.2,,,,0.714,Alto,0.48,25.2,1.86,,,,,43,88.4,74.5,9.5,0.2,13,13,60.5,52.8,69,6,31,5,73,1.48,14.03,,
5100250,Alta Floresta,resto_mt,Demais MT,FALSE,2011,49332,1.58,1.48,39.1,7.7,52.3,0.2,,,,,,,,,5.3,4.7,98.8,96.5,51,93.2,73,4.7,0.1,15.8,12.8,65.8,68.2,,,,,,,,,
5100250,Alta Floresta,resto_mt,Demais MT,FALSE,2012,49494,1.58,1.48,39.1,7.7,52.3,0.2,,,,,,,,,,,,,48,93,74.7,4.1,0.1,9.7,12.7,74.2,64,,,,,,,,,
5100250,Alta Floresta,resto_mt,Demais MT,FALSE,2013,49761,1.58,1.48,39.1,7.7,52.3,0.2,5.83,,190.08,,,,,,5.3,4.5,99.4,97.9,44,95.2,78.1,3.2,0.1,9.7,11.6,76.9,64.8,,,,,,,,,
5100250,Alta Floresta,resto_mt,Demais MT,FALSE,2014,49877,1.58,1.48,39.1,7.7,52.3,0.2,5.95,,193.46,,,,,,,,,,45,95.1,76.9,1.9,0,9.8,9.7,73.7,64.4,,,,,,,,,
5100250,Alta Floresta,resto_mt,Demais MT,FALSE,2015,49991,1.58,1.48,39.1,7.7,52.3,0.2,5.66,,162.44,,,,,,5.9,4.7,99.6,96.8,47,100,77.9,1.6,0.1,15.7,11.7,71.4,64.8,79,5,39,4,74,1.48,15.8,,
5100250,Alta Floresta,resto_mt,Demais MT,FALSE,2016,50082,1.58,1.48,39.1,7.7,52.3,0.2,5.03,,134.58,,,,,,,,,,46,95.2,75.5,1.8,0,10.6,12,62.5,69.5,,,,,,,,,
5100250,Alta Floresta,resto_mt,Demais MT,FALSE,2017,50189,1.58,1.48,39.1,7.7,52.3,0.2,3.85,,104.27,,,,,,5.9,5,99.3,97.4,47,95.3,77.1,2.2,0.1,16.9,14.5,71.4,77.3,,,,,,,,,
5100250,Alta Floresta,resto_mt,Demais MT,FALSE,2018,51615,1.58,1.48,39.1,7.7,52.3,0.2,3.39,,93.61,,,,,,,,,,47,100,78.2,2.2,0.1,11.2,12.9,71.6,78.6,,,,,,,,,
5100250,Alta Floresta,resto_mt,Demais MT,FALSE,2019,51782,1.58,1.48,39.1,7.7,52.3,0.2,3.13,3.27,612.72,,,,,,5.7,4.9,99,95.5,43,100,82.4,2.2,0,10.5,12.8,73.6,79.9,,,,,,,,,
5100250,Alta Floresta,resto_mt,Demais MT,FALSE,2020,51959,1.58,1.48,39.1,7.7,52.3,0.2,3.5,3.23,612.97,,,,,,,,,,40,100,80.9,2.5,,10.1,10.6,75.4,82.1,139,5,47,4,159,3.06,26.75,14599,28.1
5100250,Alta Floresta,resto_mt,Demais MT,FALSE,2021,52105,1.58,1.48,39.1,7.7,52.3,0.2,4,3.17,593.21,,,,,,5.6,5,99.9,99.4,49,100,,2.6,0.1,16.4,12.3,78.9,81.5,,,,,,,,,
5100250,Alta Floresta,resto_mt,Demais MT,FALSE,2022,58613,1.58,1.48,39.1,7.7,52.3,0.2,5.2,2.94,677.13,,,,,,,,,,49,100,,2.8,0.1,8.5,11.6,76.1,81.4,,,,,,,,,
5100250,Alta Floresta,resto_mt,Demais MT,FALSE,2023,58613,1.58,1.48,39.1,7.7,52.3,0.2,6.16,3.25,1024.84,,,,,,5.8,5,99.9,99.5,50,100,,,,,,,,188,6,65,4,120,2.05,32.07,18873,32.2
5100250,Alta Floresta,resto_mt,Demais MT,FALSE,2024,61291,1.58,1.48,39.1,7.7,52.3,0.2,6.23,3.5,1095.47,,,,,,,,,,48,100,,,,,,,,,,,,,,,,
5100250,Alta Floresta,resto_mt,Demais MT,FALSE,2025,62158,1.58,1.48,39.1,7.7,52.3,0.2,,,,,,,,,,,,,,,,,,,,,,,,,,,,,,
5100300,Alto Araguaia,resto_mt,Demais MT,FALSE,2000,11410,0.85,0.79,38.7,9.4,51.7,0.1,,,,0.583,Baixo,0.57,51.77,5.97,,,,,,,,,,24.7,,37.7,19.8,,,,,,,,,
5100300,Alto Araguaia,resto_mt,Demais MT,FALSE,2001,11401,0.85,0.79,38.7,9.4,51.7,0.1,,,,,,,,,,,,,,,,,,6.1,,41.2,35.2,,,,,,,,,
5100300,Alto Araguaia,resto_mt,Demais MT,FALSE,2002,11545,0.85,0.79,38.7,9.4,51.7,0.1,,,,,,,,,,,,,,,,,,20.8,17.3,43.8,32.8,,,,,,,,,
5100300,Alto Araguaia,resto_mt,Demais MT,FALSE,2003,11607,0.85,0.79,38.7,9.4,51.7,0.1,,,,,,,,,,,,,,,,,,0,9,42.9,64.8,,,,,,,,,
5100300,Alto Araguaia,resto_mt,Demais MT,FALSE,2004,11738,0.85,0.79,38.7,9.4,51.7,0.1,,,,,,,,,,,,,,,,,,15.8,12.1,43.2,88.9,,,,,,,,,
5100300,Alto Araguaia,resto_mt,Demais MT,FALSE,2005,11811,0.85,0.79,38.7,9.4,51.7,0.1,,,,,,,,,2.9,2,61.7,44.8,,,,,,45.5,19.6,33.5,79.5,,,,,,,,,
5100300,Alto Araguaia,resto_mt,Demais MT,FALSE,2006,11883,0.85,0.79,38.7,9.4,51.7,0.1,,,,,,,,,,,,,,,,,,19.5,26.3,59.5,91.7,,,,,,,,,
5100300,Alto Araguaia,resto_mt,Demais MT,FALSE,2007,13790,0.85,0.79,38.7,9.4,51.7,0.1,,,,,,,,,4.3,4,85.4,86.4,15,46.7,,20.5,5.6,15.9,25.3,55,86.5,,,,,,,,,
5100300,Alto Araguaia,resto_mt,Demais MT,FALSE,2008,14324,0.85,0.79,38.7,9.4,51.7,0.1,,,,,,,,,,,,,15,60,,19.2,2.6,14.4,16.5,71.8,81.3,,,,,,,,,
5100300,Alto Araguaia,resto_mt,Demais MT,FALSE,2009,14611,0.85,0.79,38.7,9.4,51.7,0.1,,,,,,,,,4.8,4.1,91.6,89.8,15,66.7,81,19.5,1.5,23.7,18.2,70.8,73.1,,,,,,,,,
5100300,Alto Araguaia,resto_mt,Demais MT,FALSE,2010,15644,0.85,0.79,38.7,9.4,51.7,0.1,,,,0.704,Alto,0.47,22.84,3.66,,,,,15,66.7,88.6,17.9,1.3,8.7,15.9,76.9,77.3,13,3,8,3,59,3.77,8.31,,
5100300,Alto Araguaia,resto_mt,Demais MT,FALSE,2011,15969,0.85,0.79,38.7,9.4,51.7,0.1,,,,,,,,,5.3,4.3,97.5,93.9,18,73.3,89.6,13.6,0.3,4.3,12.6,74.5,75.7,,,,,,,,,
5100300,Alto Araguaia,resto_mt,Demais MT,FALSE,2012,16284,0.85,0.79,38.7,9.4,51.7,0.1,,,,,,,,,,,,,18,73.3,89.9,11.2,0.5,7.7,6.9,76.9,68.8,,,,,,,,,
5100300,Alto Araguaia,resto_mt,Demais MT,FALSE,2013,16818,0.85,0.79,38.7,9.4,51.7,0.1,5.44,,169.01,,,,,,5.2,4.1,98.4,93.7,18,73.3,88.4,8.1,0.1,18,10.3,83.8,76.6,,,,,,,,,
5100300,Alto Araguaia,resto_mt,Demais MT,FALSE,2014,17168,0.85,0.79,38.7,9.4,51.7,0.1,5.01,,145.29,,,,,,,,,,18,73.3,85.7,6.6,1,15.7,13.9,77.6,66.7,,,,,,,,,
5100300,Alto Araguaia,resto_mt,Demais MT,FALSE,2015,17509,0.85,0.79,38.7,9.4,51.7,0.1,4.71,,122.49,,,,,,6.2,4.6,99.8,96.4,18,73.3,87.6,3.8,0.2,7.9,14,80.2,75.1,22,3,11,3,59,3.37,12.56,,
5100300,Alto Araguaia,resto_mt,Demais MT,FALSE,2016,17841,0.85,0.79,38.7,9.4,51.7,0.1,4.6,,115.98,,,,,,,,,,20,87.5,94.7,3.4,0,12,11.9,72.9,70.5,,,,,,,,,
5100300,Alto Araguaia,resto_mt,Demais MT,FALSE,2017,18164,0.85,0.79,38.7,9.4,51.7,0.1,4.12,,102.5,,,,,,6,4.8,98.6,94.5,20,80,90,3.9,0.5,9.1,9.7,70.9,75.9,,,,,,,,,
5100300,Alto Araguaia,resto_mt,Demais MT,FALSE,2018,18703,0.85,0.79,38.7,9.4,51.7,0.1,4.11,,100.14,,,,,,,,,,20,93.3,94.1,4.2,0,9.8,10.4,65.2,76.5,,,,,,,,,
5100300,Alto Araguaia,resto_mt,Demais MT,FALSE,2019,19044,0.85,0.79,38.7,9.4,51.7,0.1,3.75,3.52,655.29,,,,,,6.5,4.9,97.8,93.5,20,93.3,94.7,3.7,0.1,0,6.5,72,80.5,,,,,,,,,
5100300,Alto Araguaia,resto_mt,Demais MT,FALSE,2020,19385,0.85,0.79,38.7,9.4,51.7,0.1,3.76,3.44,634.61,,,,,,,,,,17,93.8,93.2,3.5,,0,3.4,74.6,82.2,39,4,15,3,59,3.04,20.12,8817,45.5
5100300,Alto Araguaia,resto_mt,Demais MT,FALSE,2021,19714,0.85,0.79,38.7,9.4,51.7,0.1,4.45,3.4,624.59,,,,,,5.8,5.1,99.8,97.4,17,100,,3.8,0.1,13.9,3.8,73.6,81.9,,,,,,,,,
5100300,Alto Araguaia,resto_mt,Demais MT,FALSE,2022,17193,0.85,0.79,38.7,9.4,51.7,0.1,7.53,3.86,890.4,,,,,,,,,,17,100,,4.2,0,25.2,12,79.7,81.1,,,,,,,,,
5100300,Alto Araguaia,resto_mt,Demais MT,FALSE,2023,17193,0.85,0.79,38.7,9.4,51.7,0.1,6.9,3.98,1186.29,,,,,,6.2,5,99.6,99.2,18,94.1,,,,,,,,42,3,12,2,50,2.91,24.43,8362,48.6
5100300,Alto Araguaia,resto_mt,Demais MT,FALSE,2024,17657,0.85,0.79,38.7,9.4,51.7,0.1,6.09,4.17,1197.16,,,,,,,,,,18,94.1,,,,,,,,,,,,,,,,
5100300,Alto Araguaia,resto_mt,Demais MT,FALSE,2025,17751,0.85,0.79,38.7,9.4,51.7,0.1,,,,,,,,,,,,,,,,,,,,,,,,,,,,,,
5100359,Alto Boa Vista,resto_mt,Demais MT,FALSE,2000,6206,0.81,0.71,22.6,10.2,49.7,17.4,,,,0.496,Muito Baixo,0.55,63.7,16.43,,,,,,,,,,0,,25.7,20.3,,,,,,,,,
5100359,Alto Boa Vista,resto_mt,Demais MT,FALSE,2001,3441,0.81,0.71,22.6,10.2,49.7,17.4,,,,,,,,,,,,,,,,,,0,,21.5,35.4,,,,,,,,,
5100359,Alto Boa Vista,resto_mt,Demais MT,FALSE,2002,3606,0.81,0.71,22.6,10.2,49.7,17.4,,,,,,,,,,,,,,,,,,18.2,5.2,16.4,40,,,,,,,,,
5100359,Alto Boa Vista,resto_mt,Demais MT,FALSE,2003,3782,0.81,0.71,22.6,10.2,49.7,17.4,,,,,,,,,,,,,,,,,,21.1,14,24.2,18.9,,,,,,,,,
5100359,Alto Boa Vista,resto_mt,Demais MT,FALSE,2004,4154,0.81,0.71,22.6,10.2,49.7,17.4,,,,,,,,,,,,,,,,,,13.2,17.7,28.9,32.9,,,,,,,,,
5100359,Alto Boa Vista,resto_mt,Demais MT,FALSE,2005,4359,0.81,0.71,22.6,10.2,49.7,17.4,,,,,,,,,2.9,2.2,85.9,76.8,,,,,,26.3,20.2,36.8,35.5,,,,,,,,,
5100359,Alto Boa Vista,resto_mt,Demais MT,FALSE,2006,4564,0.81,0.71,22.6,10.2,49.7,17.4,,,,,,,,,,,,,,,,,,0,15.7,25.6,17.9,,,,,,,,,
5100359,Alto Boa Vista,resto_mt,Demais MT,FALSE,2007,5025,0.81,0.71,22.6,10.2,49.7,17.4,,,,,,,,,3.8,3.5,92.7,83.6,4,0,,20.7,2.1,90.9,33.8,30.3,33.3,,,,,,,,,
5100359,Alto Boa Vista,resto_mt,Demais MT,FALSE,2008,5269,0.81,0.71,22.6,10.2,49.7,17.4,,,,,,,,,,,,,4,25,,21.7,3,13.7,27.6,28.8,35.6,,,,,,,,,
5100359,Alto Boa Vista,resto_mt,Demais MT,FALSE,2009,5475,0.81,0.71,22.6,10.2,49.7,17.4,,,,,,,,,4.3,4,94.4,90.5,4,25,24.7,22.2,3.1,0,25.6,22,64.6,,,,,,,,,
5100359,Alto Boa Vista,resto_mt,Demais MT,FALSE,2010,5247,0.81,0.71,22.6,10.2,49.7,17.4,,,,0.651,Médio,0.57,52.8,25.18,,,,,4,50,48.8,12.8,0,0,6,51.1,64.4,8,0,3,0,0,0,15.25,,
5100359,Alto Boa Vista,resto_mt,Demais MT,FALSE,2011,5403,0.81,0.71,22.6,10.2,49.7,17.4,,,,,,,,,4.6,4.1,96.7,95.9,4,75,58.2,7.7,1.1,18.2,6.7,29.1,40,,,,,,,,,
5100359,Alto Boa Vista,resto_mt,Demais MT,FALSE,2012,5553,0.81,0.71,22.6,10.2,49.7,17.4,,,,,,,,,,,,,4,75,70.8,6.8,1.1,0,6.4,45.6,63.2,,,,,,,,,
5100359,Alto Boa Vista,resto_mt,Demais MT,FALSE,2013,5809,0.81,0.71,22.6,10.2,49.7,17.4,8.19,,258.89,,,,,,4.5,4.3,99.7,96.6,4,100,78.3,5.4,0.3,18.5,12,42.6,64.8,,,,,,,,,
5100359,Alto Boa Vista,resto_mt,Demais MT,FALSE,2014,5980,0.81,0.71,22.6,10.2,49.7,17.4,7.63,,226.39,,,,,,,,,,3,100,75.4,3.6,0,0,6.6,41.5,46.3,,,,,,,,,
5100359,Alto Boa Vista,resto_mt,Demais MT,FALSE,2015,6146,0.81,0.71,22.6,10.2,49.7,17.4,7.35,,194.64,,,,,,5,4.9,99.4,96.4,3,100,79,1.6,0.3,0,7.3,52.4,71.4,9,0,4,0,0,0,14.64,,
5100359,Alto Boa Vista,resto_mt,Demais MT,FALSE,2016,6308,0.81,0.71,22.6,10.2,49.7,17.4,6.37,,165.64,,,,,,,,,,3,100,85.2,1.1,0.5,18.5,7.3,33.3,53.7,,,,,,,,,
5100359,Alto Boa Vista,resto_mt,Demais MT,FALSE,2017,6466,0.81,0.71,22.6,10.2,49.7,17.4,6.65,,188.97,,,,,,,,99.7,98.2,3,100,81.2,1.7,0.3,0,6,41.7,59.7,,,,,,,,,
5100359,Alto Boa Vista,resto_mt,Demais MT,FALSE,2018,6659,0.81,0.71,22.6,10.2,49.7,17.4,6.97,,204.17,,,,,,,,,,3,100,81.5,1.6,0,29.7,17.6,32.7,52.5,,,,,,,,,
5100359,Alto Boa Vista,resto_mt,Demais MT,FALSE,2019,6822,0.81,0.71,22.6,10.2,49.7,17.4,6.64,1.91,502.81,,,,,,5.3,4.5,99.2,96.2,3,100,80.3,3.4,0,0,11.8,30.9,69.1,,,,,,,,,
5100359,Alto Boa Vista,resto_mt,Demais MT,FALSE,2020,6936,0.81,0.71,22.6,10.2,49.7,17.4,6.98,1.82,491.58,,,,,,,,,,3,100,81.2,1.9,,22,18.3,49.5,63.7,7,0,3,0,0,0,10.09,564,8.1
5100359,Alto Boa Vista,resto_mt,Demais MT,FALSE,2021,7092,0.81,0.71,22.6,10.2,49.7,17.4,7.35,1.8,491.58,,,,,,4.7,4.8,99.3,95.1,3,100,,2.5,0,31.2,18.7,38.9,52.1,,,,,,,,,
5100359,Alto Boa Vista,resto_mt,Demais MT,FALSE,2022,5715,0.81,0.71,22.6,10.2,49.7,17.4,8.98,2.33,746.84,,,,,,,,,,3,100,,1.3,0,34.9,29.3,39.5,52.3,,,,,,,,,
5100359,Alto Boa Vista,resto_mt,Demais MT,FALSE,2023,5715,0.81,0.71,22.6,10.2,49.7,17.4,8.85,2.38,1144.15,,,,,,5.3,4.7,100,98.8,3,100,,,,,,,,9,0,5,0,0,0,15.75,513,9
5100359,Alto Boa Vista,resto_mt,Demais MT,FALSE,2024,5875,0.81,0.71,22.6,10.2,49.7,17.4,8.54,2.31,1164.94,,,,,,,,,,3,100,,,,,,,,,,,,,,,,
5100359,Alto Boa Vista,resto_mt,Demais MT,FALSE,2025,5920,0.81,0.71,22.6,10.2,49.7,17.4,,,,,,,,,,,,,,,,,,,,,,,,,,,,,,
5100409,Alto Garças,resto_mt,Demais MT,FALSE,2000,8335,2.01,1.95,35.9,8.2,55.6,0.1,,,,0.626,Médio,0.7,47.76,4.75,,,,,,,,,,28.8,,71.2,92.3,,,,,,,,,
5100409,Alto Garças,resto_mt,Demais MT,FALSE,2001,8327,2.01,1.95,35.9,8.2,55.6,0.1,,,,,,,,,,,,,,,,,,16.8,,66.4,89.1,,,,,,,,,
5100409,Alto Garças,resto_mt,Demais MT,FALSE,2002,8341,2.01,1.95,35.9,8.2,55.6,0.1,,,,,,,,,,,,,,,,,,14.7,19.5,55.9,94.9,,,,,,,,,
5100409,Alto Garças,resto_mt,Demais MT,FALSE,2003,8344,2.01,1.95,35.9,8.2,55.6,0.1,,,,,,,,,,,,,,,,,,34.7,22.6,60.4,95.8,,,,,,,,,
5100409,Alto Garças,resto_mt,Demais MT,FALSE,2004,8350,2.01,1.95,35.9,8.2,55.6,0.1,,,,,,,,,,,,,,,,,,16.1,22.3,48.4,97.6,,,,,,,,,
5100409,Alto Garças,resto_mt,Demais MT,FALSE,2005,8353,2.01,1.95,35.9,8.2,55.6,0.1,,,,,,,,,3.7,3.1,77.1,71.2,,,,,,24.2,25.5,39.5,80.6,,,,,,,,,
5100409,Alto Garças,resto_mt,Demais MT,FALSE,2006,8356,2.01,1.95,35.9,8.2,55.6,0.1,,,,,,,,,,,,,,,,,,22.6,21,49.6,83.5,,,,,,,,,
5100409,Alto Garças,resto_mt,Demais MT,FALSE,2007,9132,2.01,1.95,35.9,8.2,55.6,0.1,,,,,,,,,4.4,3.7,89.4,77.4,7,85.7,,21,3.1,16.7,21.2,53.3,85.8,,,,,,,,,
5100409,Alto Garças,resto_mt,Demais MT,FALSE,2008,9445,2.01,1.95,35.9,8.2,55.6,0.1,,,,,,,,,,,,,7,85.7,,18.1,3.5,7.5,15.5,60.2,79.7,,,,,,,,,
5100409,Alto Garças,resto_mt,Demais MT,FALSE,2009,9550,2.01,1.95,35.9,8.2,55.6,0.1,,,,,,,,,5,4.6,96.6,92.4,7,100,81.5,17.2,2,8.1,10.6,61,62.6,,,,,,,,,
5100409,Alto Garças,resto_mt,Demais MT,FALSE,2010,10350,2.01,1.95,35.9,8.2,55.6,0.1,,,,0.701,Alto,0.46,24.34,2.15,,,,,7,100,85.2,12.4,0.4,7.9,7.9,69.8,78.6,11,0,5,0,0,0,10.63,,
5100409,Alto Garças,resto_mt,Demais MT,FALSE,2011,10505,2.01,1.95,35.9,8.2,55.6,0.1,,,,,,,,,5.1,4.2,93.3,90.2,7,100,91.5,9.9,0.5,8.8,8.3,70.8,82.3,,,,,,,,,
5100409,Alto Garças,resto_mt,Demais MT,FALSE,2012,10655,2.01,1.95,35.9,8.2,55.6,0.1,,,,,,,,,,,,,7,100,91.5,9,0.2,0,5.7,68.2,67.3,,,,,,,,,
5100409,Alto Garças,resto_mt,Demais MT,FALSE,2013,10909,2.01,1.95,35.9,8.2,55.6,0.1,5.81,,161.32,,,,,,5.3,4.2,95,94.3,7,100,94.5,6.3,0.3,8.4,5.8,68.1,60.5,,,,,,,,,
5100409,Alto Garças,resto_mt,Demais MT,FALSE,2014,11071,2.01,1.95,35.9,8.2,55.6,0.1,6.25,,190.84,,,,,,,,,,7,100,78.2,5.8,0.4,12.7,7.8,67.7,68.4,,,,,,,,,
5100409,Alto Garças,resto_mt,Demais MT,FALSE,2015,11229,2.01,1.95,35.9,8.2,55.6,0.1,6,,180.15,,,,,,5.6,4.1,94.4,92.7,7,100,74.1,6.9,0.4,6.9,9.5,69.7,63.4,11,0,5,0,0,0,9.8,,
5100409,Alto Garças,resto_mt,Demais MT,FALSE,2016,11383,2.01,1.95,35.9,8.2,55.6,0.1,6.38,,196.77,,,,,,,,,,7,100,97.2,6.8,0.1,14,11.2,55.2,67.8,,,,,,,,,
5100409,Alto Garças,resto_mt,Demais MT,FALSE,2017,11532,2.01,1.95,35.9,8.2,55.6,0.1,6.81,,223.39,,,,,,5.9,4.7,94.5,95.4,7,85.7,97.2,6.5,0,0,7.3,60.5,70.2,,,,,,,,,
5100409,Alto Garças,resto_mt,Demais MT,FALSE,2018,11868,2.01,1.95,35.9,8.2,55.6,0.1,7.9,,248.34,,,,,,,,,,7,100,98.3,5.4,0.2,6.8,7.3,57.5,76,,,,,,,,,
5100409,Alto Garças,resto_mt,Demais MT,FALSE,2019,12030,2.01,1.95,35.9,8.2,55.6,0.1,7.66,3.19,742.06,,,,,,5.4,4.6,92.3,94.3,7,100,99.1,6.9,0,0,2.4,51,74.5,,,,,,,,,
5100409,Alto Garças,resto_mt,Demais MT,FALSE,2020,12151,2.01,1.95,35.9,8.2,55.6,0.1,7.03,3.29,727.79,,,,,,,,,,7,100,83.6,6.9,,0,2.3,61.7,78,17,1,6,0,0,0,13.99,5666,46.6
5100409,Alto Garças,resto_mt,Demais MT,FALSE,2021,12323,2.01,1.95,35.9,8.2,55.6,0.1,6.97,3.26,701.76,,,,,,5.9,4.6,100,99.1,7,100,,6.4,0,7.2,2.3,52.2,76.8,,,,,,,,,
5100409,Alto Garças,resto_mt,Demais MT,FALSE,2022,13052,2.01,1.95,35.9,8.2,55.6,0.1,9.23,3.16,871.91,,,,,,,,,,8,100,,4.3,0.2,0,2.3,56.8,76.8,,,,,,,,,
5100409,Alto Garças,resto_mt,Demais MT,FALSE,2023,13052,2.01,1.95,35.9,8.2,55.6,0.1,9.56,3.29,1294.45,,,,,,5.5,4.5,96.1,98.7,8,100,,,,,,,,18,1,5,0,0,0,13.79,6976,53.4
5100409,Alto Garças,resto_mt,Demais MT,FALSE,2024,13707,2.01,1.95,35.9,8.2,55.6,0.1,8.51,3.39,1257.23,,,,,,,,,,8,100,,,,,,,,,,,,,,,,
5100409,Alto Garças,resto_mt,Demais MT,FALSE,2025,13956,2.01,1.95,35.9,8.2,55.6,0.1,,,,,,,,,,,,,,,,,,,,,,,,,,,,,,
5100508,Alto Paraguai,resto_mt,Demais MT,FALSE,2000,8605,-1.92,-1.89,15.6,7.6,76.6,0,,,,0.507,Baixo,0.53,69.77,18.53,,,,,,,,,,29.2,,29.9,45.6,,,,,,,,,
5100508,Alto Paraguai,resto_mt,Demais MT,FALSE,2001,8125,-1.92,-1.89,15.6,7.6,76.6,0,,,,,,,,,,,,,,,,,,14.3,,19.3,29.3,,,,,,,,,
5100508,Alto Paraguai,resto_mt,Demais MT,FALSE,2002,7779,-1.92,-1.89,15.6,7.6,76.6,0,,,,,,,,,,,,,,,,,,37.3,26.8,18.7,35.1,,,,,,,,,
5100508,Alto Paraguai,resto_mt,Demais MT,FALSE,2003,7395,-1.92,-1.89,15.6,7.6,76.6,0,,,,,,,,,,,,,,,,,,6.9,19.1,22.1,30.3,,,,,,,,,
5100508,Alto Paraguai,resto_mt,Demais MT,FALSE,2004,6590,-1.92,-1.89,15.6,7.6,76.6,0,,,,,,,,,,,,,,,,,,8.2,17.5,24.6,39.3,,,,,,,,,
5100508,Alto Paraguai,resto_mt,Demais MT,FALSE,2005,6144,-1.92,-1.89,15.6,7.6,76.6,0,,,,,,,,,4.1,3.8,91.3,88.9,,,,,,16.7,10.3,34.2,31.7,,,,,,,,,
5100508,Alto Paraguai,resto_mt,Demais MT,FALSE,2006,5702,-1.92,-1.89,15.6,7.6,76.6,0,,,,,,,,,,,,,,,,,,49.2,24.7,30.3,22.1,,,,,,,,,
5100508,Alto Paraguai,resto_mt,Demais MT,FALSE,2007,8144,-1.92,-1.89,15.6,7.6,76.6,0,,,,,,,,,4.2,3.4,89.7,84.4,12,8.3,,39.4,3,20.2,29.3,32.3,43.8,,,,,,,,,
5100508,Alto Paraguai,resto_mt,Demais MT,FALSE,2008,8361,-1.92,-1.89,15.6,7.6,76.6,0,,,,,,,,,,,,,12,16.7,,27.6,2.7,15.3,28.4,41.2,60,,,,,,,,,
5100508,Alto Paraguai,resto_mt,Demais MT,FALSE,2009,8329,-1.92,-1.89,15.6,7.6,76.6,0,,,,,,,,,5.2,3.6,96,93.6,13,46.2,81.4,25.5,2.9,22,18.7,31.9,72.5,,,,,,,,,
5100508,Alto Paraguai,resto_mt,Demais MT,FALSE,2010,10066,-1.92,-1.89,15.6,7.6,76.6,0,,,,0.638,Médio,0.47,47.59,12.45,,,,,12,66.7,81.5,7.3,0,10.8,15.9,32.3,68.8,7,0,5,0,0,0,6.95,,
5100508,Alto Paraguai,resto_mt,Demais MT,FALSE,2011,10180,-1.92,-1.89,15.6,7.6,76.6,0,,,,,,,,,4.5,4,99.4,89.1,15,80,86.3,6.6,0.1,17.1,16.6,41.9,74.4,,,,,,,,,
5100508,Alto Paraguai,resto_mt,Demais MT,FALSE,2012,10290,-1.92,-1.89,15.6,7.6,76.6,0,,,,,,,,,,,,,15,88.9,92.2,4.8,0.1,11.2,13.4,42.7,84.3,,,,,,,,,
5100508,Alto Paraguai,resto_mt,Demais MT,FALSE,2013,10476,-1.92,-1.89,15.6,7.6,76.6,0,7.53,,236.96,,,,,,4.5,4.3,99.4,100,11,88.9,86.2,4.1,0.5,0,9.7,39.6,75.5,,,,,,,,,
5100508,Alto Paraguai,resto_mt,Demais MT,FALSE,2014,10592,-1.92,-1.89,15.6,7.6,76.6,0,7.46,,227,,,,,,,,,,11,88.9,81.5,1.6,1.1,0,3.3,54.1,84.4,,,,,,,,,
5100508,Alto Paraguai,resto_mt,Demais MT,FALSE,2015,10704,-1.92,-1.89,15.6,7.6,76.6,0,7.01,,193.91,,,,,,4.8,3.5,99.1,95.4,11,88.9,89.8,1.9,0.2,0,0,42.2,70.6,10,1,6,0,0,0,9.34,,
5100508,Alto Paraguai,resto_mt,Demais MT,FALSE,2016,10814,-1.92,-1.89,15.6,7.6,76.6,0,6.2,,163.22,,,,,,,,,,11,77.8,90.7,0.9,0.2,26,6.9,44.2,89.6,,,,,,,,,
5100508,Alto Paraguai,resto_mt,Demais MT,FALSE,2017,10921,-1.92,-1.89,15.6,7.6,76.6,0,5.91,,149.7,,,,,,4.8,3.9,99,96.4,11,66.7,79.7,2.8,0.1,10.6,11,42.6,77.7,,,,,,,,,
5100508,Alto Paraguai,resto_mt,Demais MT,FALSE,2018,11238,-1.92,-1.89,15.6,7.6,76.6,0,6.94,,169.78,,,,,,,,,,11,100,85.7,2.3,0.1,0,11.2,40.6,81.2,,,,,,,,,
5100508,Alto Paraguai,resto_mt,Demais MT,FALSE,2019,11356,-1.92,-1.89,15.6,7.6,76.6,0,6.94,3.48,725.91,,,,,,4.5,,99.6,91.2,11,100,81.9,3.6,0,12,7.3,51.8,89.2,,,,,,,,,
5100508,Alto Paraguai,resto_mt,Demais MT,FALSE,2020,11473,-1.92,-1.89,15.6,7.6,76.6,0,7.56,3.5,737.03,,,,,,,,,,9,100,83.8,2.9,,0,3.9,56.6,69.7,11,1,7,0,0,0,9.59,1057,9.2
5100508,Alto Paraguai,resto_mt,Demais MT,FALSE,2021,11587,-1.92,-1.89,15.6,7.6,76.6,0,8.59,3.15,680.9,,,,,,4.5,3.8,99.6,99.2,9,100,,1,0,0,4,60.6,89.4,,,,,,,,,
5100508,Alto Paraguai,resto_mt,Demais MT,FALSE,2022,8009,-1.92,-1.89,15.6,7.6,76.6,0,14.46,4.76,1299.37,,,,,,,,,,9,100,,4.3,0.2,10.9,3.8,56.5,87,,,,,,,,,
5100508,Alto Paraguai,resto_mt,Demais MT,FALSE,2023,8009,-1.92,-1.89,15.6,7.6,76.6,0,15.77,4.91,1985.77,,,,,,4.7,3.8,100,99.2,9,100,,,,,,,,11,1,6,0,0,0,13.73,1183,14.8
5100508,Alto Paraguai,resto_mt,Demais MT,FALSE,2024,7717,-1.92,-1.89,15.6,7.6,76.6,0,15.39,5.46,2118.42,,,,,,,,,,9,100,,,,,,,,,,,,,,,,
5100508,Alto Paraguai,resto_mt,Demais MT,FALSE,2025,7525,-1.92,-1.89,15.6,7.6,76.6,0,,,,,,,,,,,,,,,,,,,,,,,,,,,,,,
5100607,Alto Taquari,resto_mt,Demais MT,FALSE,2000,4476,2.61,2.54,41.1,7.7,51,0,,,,0.634,Médio,0.71,39.01,3.33,,,,,,,,,,15.2,,24.2,9.1,,,,,,,,,
5100607,Alto Taquari,resto_mt,Demais MT,FALSE,2001,4638,2.61,2.54,41.1,7.7,51,0,,,,,,,,,,,,,,,,,,21.5,,45.2,46.2,,,,,,,,,
5100607,Alto Taquari,resto_mt,Demais MT,FALSE,2002,4784,2.61,2.54,41.1,7.7,51,0,,,,,,,,,,,,,,,,,,23.8,20.6,50,56,,,,,,,,,
5100607,Alto Taquari,resto_mt,Demais MT,FALSE,2003,4926,2.61,2.54,41.1,7.7,51,0,,,,,,,,,,,,,,,,,,24.1,23.1,53,60.2,,,,,,,,,
5100607,Alto Taquari,resto_mt,Demais MT,FALSE,2004,5226,2.61,2.54,41.1,7.7,51,0,,,,,,,,,,,,,,,,,,22,23.3,63.7,91.2,,,,,,,,,
5100607,Alto Taquari,resto_mt,Demais MT,FALSE,2005,5392,2.61,2.54,41.1,7.7,51,0,,,,,,,,,3.7,2.8,75.6,58.9,,,,,,13.2,20,78.9,59.2,,,,,,,,,
5100607,Alto Taquari,resto_mt,Demais MT,FALSE,2006,5557,2.61,2.54,41.1,7.7,51,0,,,,,,,,,,,,,,,,,,0,10.8,64.9,81.1,,,,,,,,,
5100607,Alto Taquari,resto_mt,Demais MT,FALSE,2007,6058,2.61,2.54,41.1,7.7,51,0,,,,,,,,,4.1,3.8,84.6,72.9,4,100,,15,1.1,11.1,7.2,47.8,81.1,,,,,,,,,
5100607,Alto Taquari,resto_mt,Demais MT,FALSE,2008,6321,2.61,2.54,41.1,7.7,51,0,,,,,,,,,,,,,4,100,,16.5,2.5,8.6,6.3,71.6,80.2,,,,,,,,,
5100607,Alto Taquari,resto_mt,Demais MT,FALSE,2009,6505,2.61,2.54,41.1,7.7,51,0,,,,,,,,,4.8,4.6,86.4,81.6,4,100,74.7,18.1,2.2,13.6,11.3,83.7,63,,,,,,,,,
5100607,Alto Taquari,resto_mt,Demais MT,FALSE,2010,8072,2.61,2.54,41.1,7.7,51,0,,,,0.705,Alto,0.46,16.83,1.15,,,,,4,100,67.3,18.6,0.2,6.2,9.4,89.4,64.6,11,1,3,1,8,0.99,13.63,,
5100607,Alto Taquari,resto_mt,Demais MT,FALSE,2011,8349,2.61,2.54,41.1,7.7,51,0,,,,,,,,,5,4.3,92.2,86.7,4,100,89,16.8,0.4,5.4,8.1,87.1,57,,,,,,,,,
5100607,Alto Taquari,resto_mt,Demais MT,FALSE,2012,8615,2.61,2.54,41.1,7.7,51,0,,,,,,,,,,,,,4,100,90.9,16.4,0.7,10.2,7.4,85.8,72.6,,,,,,,,,
5100607,Alto Taquari,resto_mt,Demais MT,FALSE,2013,9070,2.61,2.54,41.1,7.7,51,0,3.55,,111.32,,,,,,5.7,4.4,97.4,90.7,4,100,86.7,13,0,0,5.3,95,63,,,,,,,,,
5100607,Alto Taquari,resto_mt,Demais MT,FALSE,2014,9376,2.61,2.54,41.1,7.7,51,0,3.22,,106.73,,,,,,,,,,4,100,86,12,0,0,3.7,85.3,68.7,,,,,,,,,
5100607,Alto Taquari,resto_mt,Demais MT,FALSE,2015,9674,2.61,2.54,41.1,7.7,51,0,3.23,,104.01,,,,,,5.8,4.4,95.1,87.2,4,100,87.8,10.3,0.3,15.7,5.6,83.8,91.1,11,1,3,1,18,1.86,11.37,,
5100607,Alto Taquari,resto_mt,Demais MT,FALSE,2016,9963,2.61,2.54,41.1,7.7,51,0,2.94,,97.21,,,,,,,,,,4,100,87.9,9.4,0.2,12,9.6,87.3,77.8,,,,,,,,,
5100607,Alto Taquari,resto_mt,Demais MT,FALSE,2017,10246,2.61,2.54,41.1,7.7,51,0,4.48,,136.67,,,,,,5.8,5,95.5,93.4,4,100,86.1,8.1,0,6.1,11.5,93.9,84.7,,,,,,,,,
5100607,Alto Taquari,resto_mt,Demais MT,FALSE,2018,10557,2.61,2.54,41.1,7.7,51,0,4.89,,144.95,,,,,,,,,,5,100,87.9,5.8,0,5.3,7.7,87.7,71.7,,,,,,,,,
5100607,Alto Taquari,resto_mt,Demais MT,FALSE,2019,10847,2.61,2.54,41.1,7.7,51,0,3.8,1.05,266.36,,,,,,6.1,,96.8,88.8,5,100,90.3,6,0.1,10.8,7.5,83.3,77.4,,,,,,,,,
5100607,Alto Taquari,resto_mt,Demais MT,FALSE,2020,11133,2.61,2.54,41.1,7.7,51,0,2.81,1.07,237.6,,,,,,,,,,5,100,86.3,5.8,,6.8,7.7,89,62.3,16,1,6,1,18,1.62,14.37,12688,100
5100607,Alto Taquari,resto_mt,Demais MT,FALSE,2021,11413,2.61,2.54,41.1,7.7,51,0,2.56,1.06,222.17,,,,,,5.6,,95.4,98.3,5,100,,7.5,0,7.8,8.7,87.5,53.5,,,,,,,,,
5100607,Alto Taquari,resto_mt,Demais MT,FALSE,2022,10904,2.61,2.54,41.1,7.7,51,0,3.89,1.16,338.8,,,,,,,,,,5,100,,8.1,0.1,21.1,12,85.2,79.6,,,,,,,,,
5100607,Alto Taquari,resto_mt,Demais MT,FALSE,2023,10904,2.61,2.54,41.1,7.7,51,0,4.7,1.32,573.92,,,,,,6.7,5,100,98.8,6,100,,,,,,,,17,1,6,1,14,1.28,15.59,11879,100
5100607,Alto Taquari,resto_mt,Demais MT,FALSE,2024,11571,2.61,2.54,41.1,7.7,51,0,4.25,1.41,574.25,,,,,,,,,,6,100,,,,,,,,,,,,,,,,
5100607,Alto Taquari,resto_mt,Demais MT,FALSE,2025,11877,2.61,2.54,41.1,7.7,51,0,,,,,,,,,,,,,,,,,,,,,,,,,,,,,,
5100805,Apiacás,resto_mt,Demais MT,FALSE,2000,6665,0.1,0.02,31.5,10.1,52.9,5.4,,,,0.501,Baixo,0.53,53.31,9.48,,,,,,,,,,51.3,,27.4,23.3,,,,,,,,,
5100805,Apiacás,resto_mt,Demais MT,FALSE,2001,6602,0.1,0.02,31.5,10.1,52.9,5.4,,,,,,,,,,,,,,,,,,24,,22.4,34.4,,,,,,,,,
5100805,Apiacás,resto_mt,Demais MT,FALSE,2002,6569,0.1,0.02,31.5,10.1,52.9,5.4,,,,,,,,,,,,,,,,,,25.5,32.6,36.9,38.2,,,,,,,,,
5100805,Apiacás,resto_mt,Demais MT,FALSE,2003,6525,0.1,0.02,31.5,10.1,52.9,5.4,,,,,,,,,,,,,,,,,,23.1,24.2,30.1,38.7,,,,,,,,,
5100805,Apiacás,resto_mt,Demais MT,FALSE,2004,6431,0.1,0.02,31.5,10.1,52.9,5.4,,,,,,,,,,,,,,,,,,4.7,16.5,39.5,62.3,,,,,,,,,
5100805,Apiacás,resto_mt,Demais MT,FALSE,2005,6379,0.1,0.02,31.5,10.1,52.9,5.4,,,,,,,,,4.1,3,89.5,68,,,,,,24,16.2,43.1,62.9,,,,,,,,,
5100805,Apiacás,resto_mt,Demais MT,FALSE,2006,6328,0.1,0.02,31.5,10.1,52.9,5.4,,,,,,,,,,,,,,,,,,35.5,19.1,44,75.2,,,,,,,,,
5100805,Apiacás,resto_mt,Demais MT,FALSE,2007,7926,0.1,0.02,31.5,10.1,52.9,5.4,,,,,,,,,3.9,3.5,86.4,78.9,7,28.6,,20.8,2.6,7.5,22.7,37.6,72.2,,,,,,,,,
5100805,Apiacás,resto_mt,Demais MT,FALSE,2008,8228,0.1,0.02,31.5,10.1,52.9,5.4,,,,,,,,,,,,,9,55.6,,21.1,1.7,22.6,22.1,42.9,73.7,,,,,,,,,
5100805,Apiacás,resto_mt,Demais MT,FALSE,2009,8381,0.1,0.02,31.5,10.1,52.9,5.4,,,,,,,,,4.3,4.1,92.1,82.8,9,55.6,44.2,19.3,1.7,7,12.2,42.7,76.9,,,,,,,,,
5100805,Apiacás,resto_mt,Demais MT,FALSE,2010,8567,0.1,0.02,31.5,10.1,52.9,5.4,,,,0.675,Médio,0.46,31.29,6.82,,,,,8,75,56.3,13.1,1,0,9.8,39.1,82,8,1,3,1,16,1.87,9.34,,
5100805,Apiacás,resto_mt,Demais MT,FALSE,2011,8713,0.1,0.02,31.5,10.1,52.9,5.4,,,,,,,,,4.8,4.4,99.5,97.2,9,75,66,10.3,0.5,21,9.5,39.4,84.6,,,,,,,,,
5100805,Apiacás,resto_mt,Demais MT,FALSE,2012,8855,0.1,0.02,31.5,10.1,52.9,5.4,,,,,,,,,,,,,9,75,82.2,4.2,0.4,15.6,12.4,40.6,89.1,,,,,,,,,
5100805,Apiacás,resto_mt,Demais MT,FALSE,2013,9094,0.1,0.02,31.5,10.1,52.9,5.4,6.54,,188.76,,,,,,4.6,3.6,99.7,97.6,9,87.5,82.3,2.3,0.3,9.1,15.7,49.1,87.3,,,,,,,,,
5100805,Apiacás,resto_mt,Demais MT,FALSE,2014,9249,0.1,0.02,31.5,10.1,52.9,5.4,5.96,,160.53,,,,,,,,,,9,87.5,80,1.1,0.2,9,11.5,46.8,89.2,,,,,,,,,
5100805,Apiacás,resto_mt,Demais MT,FALSE,2015,9400,0.1,0.02,31.5,10.1,52.9,5.4,5.19,,127.75,,,,,,5.7,4.6,100,98.8,9,87.5,80.4,1,0,23.3,14.3,48.1,96.9,11,1,3,1,16,1.7,11.7,,
5100805,Apiacás,resto_mt,Demais MT,FALSE,2016,9551,0.1,0.02,31.5,10.1,52.9,5.4,4.4,,103.04,,,,,,,,,,9,88.9,74.3,1.3,0,28.8,21.1,54,89.2,,,,,,,,,
5100805,Apiacás,resto_mt,Demais MT,FALSE,2017,9694,0.1,0.02,31.5,10.1,52.9,5.4,3.7,,81.22,,,,,,6,4.5,99.4,94.3,10,60,68.9,1.3,0.2,7.8,20.2,46.9,95.3,,,,,,,,,
5100805,Apiacás,resto_mt,Demais MT,FALSE,2018,9979,0.1,0.02,31.5,10.1,52.9,5.4,3.5,,78.62,,,,,,,,,,10,70,71.8,3.7,0.3,8,15.3,52,92,,,,,,,,,
5100805,Apiacás,resto_mt,Demais MT,FALSE,2019,10133,0.1,0.02,31.5,10.1,52.9,5.4,3.38,2.23,432.52,,,,,,6,4.4,98.6,89.2,10,100,72.3,4.8,0,42.1,17.2,56.8,88.4,,,,,,,,,
5100805,Apiacás,resto_mt,Demais MT,FALSE,2020,10283,0.1,0.02,31.5,10.1,52.9,5.4,3.74,2.25,438.39,,,,,,,,,,10,90,72.2,4.2,,24.6,23.4,53.3,89.3,11,1,4,1,20,1.94,10.7,389,3.8
5100805,Apiacás,resto_mt,Demais MT,FALSE,2021,10431,0.1,0.02,31.5,10.1,52.9,5.4,4.29,2.24,449.87,,,,,,5.6,4.7,99.6,95.8,10,90,,5,0.4,7.8,23.1,53.5,91.5,,,,,,,,,
5100805,Apiacás,resto_mt,Demais MT,FALSE,2022,8590,0.1,0.02,31.5,10.1,52.9,5.4,7.25,2.96,756.35,,,,,,,,,,10,80,,5.8,0.5,32.5,22.2,54.5,91.6,,,,,,,,,
5100805,Apiacás,resto_mt,Demais MT,FALSE,2023,8590,0.1,0.02,31.5,10.1,52.9,5.4,6.18,3.07,1009.22,,,,,,5,4.8,99.4,97.7,10,100,,,,,,,,10,1,4,1,20,2.33,11.64,441,5.1
5100805,Apiacás,resto_mt,Demais MT,FALSE,2024,8692,0.1,0.02,31.5,10.1,52.9,5.4,6.86,3.08,1098.06,,,,,,,,,,10,100,,,,,,,,,,,,,,,,
5100805,Apiacás,resto_mt,Demais MT,FALSE,2025,8693,0.1,0.02,31.5,10.1,52.9,5.4,,,,,,,,,,,,,,,,,,,,,,,,,,,,,,
5101001,Araguaiana,resto_mt,Demais MT,FALSE,2000,3426,1.51,1.44,25.7,7.7,66.3,0.1,,,,0.552,Baixo,0.52,56.96,7.93,,,,,,,,,,54.5,,50.9,27.3,,,,,,,,,
5101001,Araguaiana,resto_mt,Demais MT,FALSE,2001,3433,1.51,1.44,25.7,7.7,66.3,0.1,,,,,,,,,,,,,,,,,,0,,48.8,65.1,,,,,,,,,
5101001,Araguaiana,resto_mt,Demais MT,FALSE,2002,3434,1.51,1.44,25.7,7.7,66.3,0.1,,,,,,,,,,,,,,,,,,41.7,34.2,41.7,54.2,,,,,,,,,
5101001,Araguaiana,resto_mt,Demais MT,FALSE,2003,3438,1.51,1.44,25.7,7.7,66.3,0.1,,,,,,,,,,,,,,,,,,0,15.4,43.6,43.6,,,,,,,,,
5101001,Araguaiana,resto_mt,Demais MT,FALSE,2004,3447,1.51,1.44,25.7,7.7,66.3,0.1,,,,,,,,,,,,,,,,,,0,16.1,59.5,59.5,,,,,,,,,
5101001,Araguaiana,resto_mt,Demais MT,FALSE,2005,3451,1.51,1.44,25.7,7.7,66.3,0.1,,,,,,,,,4.5,3.2,88.2,75.4,,,,,,57.1,18,50,65.7,,,,,,,,,
5101001,Araguaiana,resto_mt,Demais MT,FALSE,2006,3456,1.51,1.44,25.7,7.7,66.3,0.1,,,,,,,,,,,,,,,,,,0,17.7,31.7,82.9,,,,,,,,,
5101001,Araguaiana,resto_mt,Demais MT,FALSE,2007,2974,1.51,1.44,25.7,7.7,66.3,0.1,,,,,,,,,4,3.6,93,84.6,5,60,,14.4,3.1,25.6,26.1,51.3,82.1,,,,,,,,,
5101001,Araguaiana,resto_mt,Demais MT,FALSE,2008,3038,1.51,1.44,25.7,7.7,66.3,0.1,,,,,,,,,,,,,5,60,,17.2,5.4,0,8.6,41.7,58.3,,,,,,,,,
5101001,Araguaiana,resto_mt,Demais MT,FALSE,2009,2996,1.51,1.44,25.7,7.7,66.3,0.1,,,,,,,,,4.1,4,90.7,92.8,4,50,78.7,13.9,3,,20,56,52,,,,,,,,,
5101001,Araguaiana,resto_mt,Demais MT,FALSE,2010,3197,1.51,1.44,25.7,7.7,66.3,0.1,,,,0.687,Médio,0.43,32.83,3.77,,,,,3,66.7,87,12.8,2.1,64.5,32.6,67.7,54.8,4,1,2,1,8,2.5,12.51,,
5101001,Araguaiana,resto_mt,Demais MT,FALSE,2011,3180,1.51,1.44,25.7,7.7,66.3,0.1,,,,,,,,,4.7,4,93.7,95.9,6,50,89.5,14.5,0.9,0,32.6,69.4,58.3,,,,,,,,,
5101001,Araguaiana,resto_mt,Demais MT,FALSE,2012,3163,1.51,1.44,25.7,7.7,66.3,0.1,,,,,,,,,,,,,6,50,86.7,11.4,1.5,0,18,68.2,72.7,,,,,,,,,
5101001,Araguaiana,resto_mt,Demais MT,FALSE,2013,3133,1.51,1.44,25.7,7.7,66.3,0.1,7.15,,192.78,,,,,,4.4,4.3,97.3,94.1,6,50,85,10.2,0.4,0,0,77.6,73.5,,,,,,,,,
5101001,Araguaiana,resto_mt,Demais MT,FALSE,2014,3108,1.51,1.44,25.7,7.7,66.3,0.1,7.63,,223.78,,,,,,,,,,6,50,90.5,6.6,0,0,0,63.9,77.8,,,,,,,,,
5101001,Araguaiana,resto_mt,Demais MT,FALSE,2015,3083,1.51,1.44,25.7,7.7,66.3,0.1,7.27,,209.69,,,,,,5.1,4,99,96.1,6,50,97.7,5.3,0.5,27,8.2,75.7,64.9,5,1,2,1,12,3.89,16.22,,
5101001,Araguaiana,resto_mt,Demais MT,FALSE,2016,3059,1.51,1.44,25.7,7.7,66.3,0.1,7.91,,229.8,,,,,,,,,,6,50,97.6,5.2,0.8,,19.6,67.9,65.5,,,,,,,,,
5101001,Araguaiana,resto_mt,Demais MT,FALSE,2017,3036,1.51,1.44,25.7,7.7,66.3,0.1,7.67,,225.99,,,,,,5.2,4.1,98.3,100,6,50,97.4,3.3,0.8,0,19.2,60.5,73.7,,,,,,,,,
5101001,Araguaiana,resto_mt,Demais MT,FALSE,2018,3119,1.51,1.44,25.7,7.7,66.3,0.1,7.69,,211.35,,,,,,,,,,6,75,92.3,2.3,0,0,10.3,73.3,70,,,,,,,,,
5101001,Araguaiana,resto_mt,Demais MT,FALSE,2019,3100,1.51,1.44,25.7,7.7,66.3,0.1,7.32,2.32,572.81,,,,,,4.9,4.2,97.6,97.9,4,100,95.2,2.7,0,0,0,81.2,81.2,,,,,,,,,
5101001,Araguaiana,resto_mt,Demais MT,FALSE,2020,3109,1.51,1.44,25.7,7.7,66.3,0.1,7.27,2.12,531.83,,,,,,,,,,5,100,97.7,3.6,,0,0,72.1,88.4,7,1,3,1,12,3.86,22.52,258,8.3
5101001,Araguaiana,resto_mt,Demais MT,FALSE,2021,3064,1.51,1.44,25.7,7.7,66.3,0.1,7.47,2.15,533.19,,,,,,5,,99.3,100,6,100,,2.9,0.3,0,0,75,81.8,,,,,,,,,
5101001,Araguaiana,resto_mt,Demais MT,FALSE,2022,3795,1.51,1.44,25.7,7.7,66.3,0.1,7.98,1.74,590.87,,,,,,,,,,6,100,,3.4,1,0,0,83.8,70.3,,,,,,,,,
5101001,Araguaiana,resto_mt,Demais MT,FALSE,2023,3795,1.51,1.44,25.7,7.7,66.3,0.1,8.25,1.79,946.43,,,,,,5.5,4.6,99.3,99,5,100,,,,,,,,9,1,2,1,12,3.16,23.72,341,9
5101001,Araguaiana,resto_mt,Demais MT,FALSE,2024,3950,1.51,1.44,25.7,7.7,66.3,0.1,7.7,1.92,952.63,,,,,,,,,,5,100,,,,,,,,,,,,,,,,
5101001,Araguaiana,resto_mt,Demais MT,FALSE,2025,4005,1.51,1.44,25.7,7.7,66.3,0.1,,,,,,,,,,,,,,,,,,,,,,,,,,,,,,
5101209,Araguainha,resto_mt,Demais MT,FALSE,2000,1352,-0.63,-0.68,39.1,7.5,53.3,0.1,,,,0.573,Baixo,0.36,35.59,10.11,,,,,,,,,,,,53.8,23.1,,,,,,,,,
5101209,Araguainha,resto_mt,Demais MT,FALSE,2001,1337,-0.63,-0.68,39.1,7.5,53.3,0.1,,,,,,,,,,,,,,,,,,,,42.9,21.4,,,,,,,,,
5101209,Araguainha,resto_mt,Demais MT,FALSE,2002,1339,-0.63,-0.68,39.1,7.5,53.3,0.1,,,,,,,,,,,,,,,,,,,0,22.2,22.2,,,,,,,,,
5101209,Araguainha,resto_mt,Demais MT,FALSE,2003,1332,-0.63,-0.68,39.1,7.5,53.3,0.1,,,,,,,,,,,,,,,,,,,0,28.6,71.4,,,,,,,,,
5101209,Araguainha,resto_mt,Demais MT,FALSE,2004,1319,-0.63,-0.68,39.1,7.5,53.3,0.1,,,,,,,,,,,,,,,,,,,27,35.7,100,,,,,,,,,
5101209,Araguainha,resto_mt,Demais MT,FALSE,2005,1312,-0.63,-0.68,39.1,7.5,53.3,0.1,,,,,,,,,,,,,,,,,,,27.8,12.5,50,,,,,,,,,
5101209,Araguainha,resto_mt,Demais MT,FALSE,2006,1305,-0.63,-0.68,39.1,7.5,53.3,0.1,,,,,,,,,,,,,,,,,,,31.2,70,80,,,,,,,,,
5101209,Araguainha,resto_mt,Demais MT,FALSE,2007,1117,-0.63,-0.68,39.1,7.5,53.3,0.1,,,,,,,,,3.1,4.3,71.4,85.9,2,0,,26.5,1,,0,66.7,73.3,,,,,,,,,
5101209,Araguainha,resto_mt,Demais MT,FALSE,2008,1138,-0.63,-0.68,39.1,7.5,53.3,0.1,,,,,,,,,,,,,2,100,,29.6,3.2,,0,50,90,,,,,,,,,
5101209,Araguainha,resto_mt,Demais MT,FALSE,2009,1115,-0.63,-0.68,39.1,7.5,53.3,0.1,,,,,,,,,3.6,,72.8,82.9,2,100,100,27.6,6.5,,0,87.5,75,,,,,,,,,
5101209,Araguainha,resto_mt,Demais MT,FALSE,2010,1096,-0.63,-0.68,39.1,7.5,53.3,0.1,,,,0.701,Alto,0.4,31.87,1.32,,,,,2,100,100,21.6,2,,,81.8,90.9,2,0,1,0,0,0,18.25,,
5101209,Araguainha,resto_mt,Demais MT,FALSE,2011,1077,-0.63,-0.68,39.1,7.5,53.3,0.1,,,,,,,,,3.5,4,80.2,91.5,3,100,94.4,20.5,7,,0,92.9,78.6,,,,,,,,,
5101209,Araguainha,resto_mt,Demais MT,FALSE,2012,1058,-0.63,-0.68,39.1,7.5,53.3,0.1,,,,,,,,,,,,,3,100,100,18.4,5.9,,0,90,60,,,,,,,,,
5101209,Araguainha,resto_mt,Demais MT,FALSE,2013,1024,-0.63,-0.68,39.1,7.5,53.3,0.1,11.04,,344.55,,,,,,,,,,3,50,100,14.3,1.2,,0,66.7,55.6,,,,,,,,,
5101209,Araguainha,resto_mt,Demais MT,FALSE,2014,1000,-0.63,-0.68,39.1,7.5,53.3,0.1,10.4,,320.2,,,,,,,,,,3,100,100,8.5,0,,,75,37.5,,,,,,,,,
5101209,Araguainha,resto_mt,Demais MT,FALSE,2015,976,-0.63,-0.68,39.1,7.5,53.3,0.1,10.04,,282.51,,,,,,,,,,3,100,100,8.2,0,,,40,60,3,0,1,0,0,0,30.74,,
5101209,Araguainha,resto_mt,Demais MT,FALSE,2016,953,-0.63,-0.68,39.1,7.5,53.3,0.1,11.23,,351.86,,,,,,,,,,3,100,100,10.8,1.4,,,90,50,,,,,,,,,
5101209,Araguainha,resto_mt,Demais MT,FALSE,2017,931,-0.63,-0.68,39.1,7.5,53.3,0.1,9.99,,327.75,,,,,,5.5,,95.8,94.1,3,50,100,3.9,0,,,100,100,,,,,,,,,
5101209,Araguainha,resto_mt,Demais MT,FALSE,2018,956,-0.63,-0.68,39.1,7.5,53.3,0.1,9.83,,340.85,,,,,,,,,,3,100,100,1.8,0,,,90.9,54.5,,,,,,,,,
5101209,Araguainha,resto_mt,Demais MT,FALSE,2019,935,-0.63,-0.68,39.1,7.5,53.3,0.1,9.73,3.96,975.89,,,,,,,5,,91.8,2,100,95,11.5,3.6,,,80,80,,,,,,,,,
5101209,Araguainha,resto_mt,Demais MT,FALSE,2020,946,-0.63,-0.68,39.1,7.5,53.3,0.1,9.2,3.91,922.79,,,,,,,,,,3,100,94.1,11.9,,,,87.5,75,3,0,1,0,0,0,31.71,88,9.3
5101209,Araguainha,resto_mt,Demais MT,FALSE,2021,909,-0.63,-0.68,39.1,7.5,53.3,0.1,9.46,3.52,833.64,,,,,,5.5,,94.2,100,3,100,,8.3,0,,,75,100,,,,,,,,,
5101209,Araguainha,resto_mt,Demais MT,FALSE,2022,1010,-0.63,-0.68,39.1,7.5,53.3,0.1,11.98,3.17,996.77,,,,,,,,,,3,100,,9.6,0,,,66.7,66.7,,,,,,,,,
5101209,Araguainha,resto_mt,Demais MT,FALSE,2023,1010,-0.63,-0.68,39.1,7.5,53.3,0.1,13.17,3.17,1538,,,,,,4.4,4.8,92,98.2,2,100,,,,,,,,4,0,2,0,0,0,39.6,89,8.8
5101209,Araguainha,resto_mt,Demais MT,FALSE,2024,1006,-0.63,-0.68,39.1,7.5,53.3,0.1,12.82,2.39,1445.19,,,,,,,,,,2,100,,,,,,,,,,,,,,,,
5101209,Araguainha,resto_mt,Demais MT,FALSE,2025,997,-0.63,-0.68,39.1,7.5,53.3,0.1,,,,,,,,,,,,,,,,,,,,,,,,,,,,,,
5101258,Araputanga,resto_mt,Demais MT,FALSE,2000,13675,-0.24,-0.31,34.8,8,56.9,0.1,,,,0.604,Médio,0.59,51.57,3.71,,,,,,,,,,21.3,,56.1,32.4,,,,,,,,,
5101258,Araputanga,resto_mt,Demais MT,FALSE,2001,13787,-0.24,-0.31,34.8,8,56.9,0.1,,,,,,,,,,,,,,,,,,13.8,,54.3,33.6,,,,,,,,,
5101258,Araputanga,resto_mt,Demais MT,FALSE,2002,13910,-0.24,-0.31,34.8,8,56.9,0.1,,,,,,,,,,,,,,,,,,14.2,16.9,49.6,6.7,,,,,,,,,
5101258,Araputanga,resto_mt,Demais MT,FALSE,2003,14018,-0.24,-0.31,34.8,8,56.9,0.1,,,,,,,,,,,,,,,,,,34.2,20.9,50.7,34.9,,,,,,,,,
5101258,Araputanga,resto_mt,Demais MT,FALSE,2004,14247,-0.24,-0.31,34.8,8,56.9,0.1,,,,,,,,,,,,,,,,,,25,24.6,50.4,74.2,,,,,,,,,
5101258,Araputanga,resto_mt,Demais MT,FALSE,2005,14374,-0.24,-0.31,34.8,8,56.9,0.1,,,,,,,,,4,3.4,91.7,81.1,,,,,,24.8,27.9,51.7,88.8,,,,,,,,,
5101258,Araputanga,resto_mt,Demais MT,FALSE,2006,14499,-0.24,-0.31,34.8,8,56.9,0.1,,,,,,,,,,,,,,,,,,3.5,18.1,60.8,92.2,,,,,,,,,
5101258,Araputanga,resto_mt,Demais MT,FALSE,2007,15335,-0.24,-0.31,34.8,8,56.9,0.1,,,,,,,,,4.9,3.5,92.8,84,15,66.7,,13.4,1,11.1,13.7,61.6,91.1,,,,,,,,,
5101258,Araputanga,resto_mt,Demais MT,FALSE,2008,15878,-0.24,-0.31,34.8,8,56.9,0.1,,,,,,,,,,,,,13,92.3,,12,0.4,14.2,9.6,62.4,89.4,,,,,,,,,
5101258,Araputanga,resto_mt,Demais MT,FALSE,2009,16090,-0.24,-0.31,34.8,8,56.9,0.1,,,,,,,,,5.3,4.6,98.5,96.7,13,100,84.4,12.6,0.5,8.3,11.3,75.2,87.6,,,,,,,,,
5101258,Araputanga,resto_mt,Demais MT,FALSE,2010,15342,-0.24,-0.31,34.8,8,56.9,0.1,,,,0.725,Alto,0.5,29.03,3.56,,,,,13,100,88.4,10.2,0.2,3.7,8.8,69.9,79,17,1,8,1,10,0.65,11.08,,
5101258,Araputanga,resto_mt,Demais MT,FALSE,2011,15470,-0.24,-0.31,34.8,8,56.9,0.1,,,,,,,,,5.4,4.7,99.5,97.1,15,100,85.9,6.7,0.3,14.8,8.9,69,71.6,,,,,,,,,
5101258,Araputanga,resto_mt,Demais MT,FALSE,2012,15594,-0.24,-0.31,34.8,8,56.9,0.1,,,,,,,,,,,,,15,100,89,3.7,0,0,6.3,82,82.4,,,,,,,,,
5101258,Araputanga,resto_mt,Demais MT,FALSE,2013,15803,-0.24,-0.31,34.8,8,56.9,0.1,7.16,,232.67,,,,,,5.4,4.5,100,99,15,100,89,1.8,0,4.2,6.5,78.7,90.4,,,,,,,,,
5101258,Araputanga,resto_mt,Demais MT,FALSE,2014,15926,-0.24,-0.31,34.8,8,56.9,0.1,7.57,,239.71,,,,,,,,,,15,100,87.9,1.7,0.1,7.2,3.9,86,81.4,,,,,,,,,
5101258,Araputanga,resto_mt,Demais MT,FALSE,2015,16047,-0.24,-0.31,34.8,8,56.9,0.1,7.25,,211.08,,,,,,5.6,4.9,100,96.6,15,92.3,89.5,1.4,0,12.2,7.9,84.9,70.2,19,2,9,1,10,0.62,11.84,,
5101258,Araputanga,resto_mt,Demais MT,FALSE,2016,16109,-0.24,-0.31,34.8,8,56.9,0.1,6.59,,187.2,,,,,,,,,,15,92.3,86.3,1.4,0.1,12.5,10.5,90.4,85.4,,,,,,,,,
5101258,Araputanga,resto_mt,Demais MT,FALSE,2017,16223,-0.24,-0.31,34.8,8,56.9,0.1,5.81,,163.45,,,,,,6.1,5.3,99.8,98.1,15,92.3,93.2,0.9,0.2,7.5,10.6,91.8,83.5,,,,,,,,,
5101258,Araputanga,resto_mt,Demais MT,FALSE,2018,16690,-0.24,-0.31,34.8,8,56.9,0.1,5.25,,144.85,,,,,,,,,,15,100,94.4,1.1,0,8.1,9.3,95.1,79.3,,,,,,,,,
5101258,Araputanga,resto_mt,Demais MT,FALSE,2019,16822,-0.24,-0.31,34.8,8,56.9,0.1,4.77,2.3,503.31,,,,,,5.9,4.8,99.8,97.9,13,100,93.5,1.5,0.1,7.8,7.8,91.8,78.6,,,,,,,,,
5101258,Araputanga,resto_mt,Demais MT,FALSE,2020,16951,-0.24,-0.31,34.8,8,56.9,0.1,4.94,2.25,496.69,,,,,,,,,,13,100,98.9,1.3,,0,5.3,91.8,82.4,22,1,9,1,10,0.59,12.98,6927,40.9
5101258,Araputanga,resto_mt,Demais MT,FALSE,2021,17078,-0.24,-0.31,34.8,8,56.9,0.1,5.28,2.2,487.94,,,,,,5.5,4.9,100,100,13,100,,1.2,0,23.7,10.5,94.5,78.3,,,,,,,,,
5101258,Araputanga,resto_mt,Demais MT,FALSE,2022,14786,-0.24,-0.31,34.8,8,56.9,0.1,7.12,2.64,707.24,,,,,,,,,,13,100,,2.1,0.1,9.7,11.2,87.4,89.8,,,,,,,,,
5101258,Araputanga,resto_mt,Demais MT,FALSE,2023,14786,-0.24,-0.31,34.8,8,56.9,0.1,6.68,2.8,974.5,,,,,,5.8,5,100,99.6,13,100,,,,,,,,27,1,11,1,10,0.68,18.26,7204,48.7
5101258,Araputanga,resto_mt,Demais MT,FALSE,2024,14854,-0.24,-0.31,34.8,8,56.9,0.1,6.25,3,980.8,,,,,,,,,,13,100,,,,,,,,,,,,,,,,
5101258,Araputanga,resto_mt,Demais MT,FALSE,2025,14805,-0.24,-0.31,34.8,8,56.9,0.1,,,,,,,,,,,,,,,,,,,,,,,,,,,,,,
5101308,Arenápolis,resto_mt,Demais MT,FALSE,2000,11746,0.29,0.21,24.4,11.1,64.1,0.1,,,,0.587,Baixo,0.59,62.65,15.82,,,,,,,,,,40.5,,35.8,12.1,,,,,,,,,
5101308,Arenápolis,resto_mt,Demais MT,FALSE,2001,11339,0.29,0.21,24.4,11.1,64.1,0.1,,,,,,,,,,,,,,,,,,32.3,,30.6,17.7,,,,,,,,,
5101308,Arenápolis,resto_mt,Demais MT,FALSE,2002,11196,0.29,0.21,24.4,11.1,64.1,0.1,,,,,,,,,,,,,,,,,,15.9,29.2,37,23.3,,,,,,,,,
5101308,Arenápolis,resto_mt,Demais MT,FALSE,2003,11006,0.29,0.21,24.4,11.1,64.1,0.1,,,,,,,,,,,,,,,,,,15.7,21.2,44.5,36.1,,,,,,,,,
5101308,Arenápolis,resto_mt,Demais MT,FALSE,2004,10608,0.29,0.21,24.4,11.1,64.1,0.1,,,,,,,,,,,,,,,,,,0,11,48.8,36,,,,,,,,,
5101308,Arenápolis,resto_mt,Demais MT,FALSE,2005,10388,0.29,0.21,24.4,11.1,64.1,0.1,,,,,,,,,3.9,4,89.1,88.7,,,,,,12.8,9.8,45.5,44.2,,,,,,,,,
5101308,Arenápolis,resto_mt,Demais MT,FALSE,2006,10169,0.29,0.21,24.4,11.1,64.1,0.1,,,,,,,,,,,,,,,,,,0,4.2,39.4,31.1,,,,,,,,,
5101308,Arenápolis,resto_mt,Demais MT,FALSE,2007,9869,0.29,0.21,24.4,11.1,64.1,0.1,,,,,,,,,4.6,4.1,96.2,88.8,10,90,,15.1,1.3,6.5,6.5,46.4,31.4,,,,,,,,,
5101308,Arenápolis,resto_mt,Demais MT,FALSE,2008,10070,0.29,0.21,24.4,11.1,64.1,0.1,,,,,,,,,,,,,10,90,,11.6,0.6,15,6.8,38.3,48.1,,,,,,,,,
5101308,Arenápolis,resto_mt,Demais MT,FALSE,2009,9903,0.29,0.21,24.4,11.1,64.1,0.1,,,,,,,,,4.9,4.8,98.9,96.1,9,88.9,80.3,7.3,0.5,0,7.2,37.4,78.6,,,,,,,,,
5101308,Arenápolis,resto_mt,Demais MT,FALSE,2010,10316,0.29,0.21,24.4,11.1,64.1,0.1,,,,0.704,Alto,0.46,31.72,2.51,,,,,9,88.9,86.2,4,0.5,7.2,7.5,58,76.1,17,1,5,1,15,1.45,16.48,,
5101308,Arenápolis,resto_mt,Demais MT,FALSE,2011,10218,0.29,0.21,24.4,11.1,64.1,0.1,,,,,,,,,4.7,4.8,100,97,10,88.9,88.3,4,0,22.7,10,43.9,84.8,,,,,,,,,
5101308,Arenápolis,resto_mt,Demais MT,FALSE,2012,10122,0.29,0.21,24.4,11.1,64.1,0.1,,,,,,,,,,,,,10,88.9,91.1,3.5,0,53,28.5,53,74.8,,,,,,,,,
5101308,Arenápolis,resto_mt,Demais MT,FALSE,2013,9955,0.29,0.21,24.4,11.1,64.1,0.1,7.75,,248.12,,,,,,5.4,4.8,99.7,98,10,100,76.6,3.3,0.1,39.7,39.2,60.3,65.6,,,,,,,,,
5101308,Arenápolis,resto_mt,Demais MT,FALSE,2014,9825,0.29,0.21,24.4,11.1,64.1,0.1,8.15,,242.77,,,,,,,,,,8,100,78,1.7,0,0,29.7,67.6,71.8,,,,,,,,,
5101308,Arenápolis,resto_mt,Demais MT,FALSE,2015,9699,0.29,0.21,24.4,11.1,64.1,0.1,7.59,,201.4,,,,,,5.7,4.6,99.7,98.6,10,100,80.8,1.9,0,28.6,21.7,61.2,72.9,21,2,6,2,25,2.58,21.65,,
5101308,Arenápolis,resto_mt,Demais MT,FALSE,2016,9576,0.29,0.21,24.4,11.1,64.1,0.1,6.95,,173.07,,,,,,,,,,9,87.5,87.4,1,0,18.2,14.3,62.7,80.9,,,,,,,,,
5101308,Arenápolis,resto_mt,Demais MT,FALSE,2017,9455,0.29,0.21,24.4,11.1,64.1,0.1,5.83,,145.42,,,,,,5.4,4.4,99.1,93.9,9,87.5,87.2,1.4,0,13.2,20,62.3,83.4,,,,,,,,,
5101308,Arenápolis,resto_mt,Demais MT,FALSE,2018,9714,0.29,0.21,24.4,11.1,64.1,0.1,4.91,,123.7,,,,,,,,,,10,77.8,85.6,1.4,0,7.2,12.5,58.7,88.5,,,,,,,,,
5101308,Arenápolis,resto_mt,Demais MT,FALSE,2019,9607,0.29,0.21,24.4,11.1,64.1,0.1,4.58,5.91,1062.4,,,,,,5.9,4.5,97.6,90.9,10,100,82.9,1.8,0,7.2,9.3,58,81.9,,,,,,,,,
5101308,Arenápolis,resto_mt,Demais MT,FALSE,2020,9502,0.29,0.21,24.4,11.1,64.1,0.1,4.86,5.79,1038.39,,,,,,,,,,10,100,85.6,3.1,,0,5.2,75,87.5,20,1,6,2,29,3.05,21.05,5327,56.1
5101308,Arenápolis,resto_mt,Demais MT,FALSE,2021,9399,0.29,0.21,24.4,11.1,64.1,0.1,5.15,5.72,997.88,,,,,,5.9,4.6,99.6,95,10,100,,5.2,0.3,5.3,4.6,87.8,84.7,,,,,,,,,
5101308,Arenápolis,resto_mt,Demais MT,FALSE,2022,10576,0.29,0.21,24.4,11.1,64.1,0.1,6.56,5.13,1074.23,,,,,,,,,,10,100,,5.9,0,17.9,8.7,72,83.9,,,,,,,,,
5101308,Arenápolis,resto_mt,Demais MT,FALSE,2023,10576,0.29,0.21,24.4,11.1,64.1,0.1,7.45,5.32,1463.14,,,,,,6.3,4.8,100,99.4,9,100,,,,,,,,23,1,6,2,30,2.84,21.75,5493,51.9
5101308,Arenápolis,resto_mt,Demais MT,FALSE,2024,10747,0.29,0.21,24.4,11.1,64.1,0.1,7.49,5.45,1529.11,,,,,,,,,,8,100,,,,,,,,,,,,,,,,
5101308,Arenápolis,resto_mt,Demais MT,FALSE,2025,10769,0.29,0.21,24.4,11.1,64.1,0.1,,,,,,,,,,,,,,,,,,,,,,,,,,,,,,
5101407,Aripuanã,resto_mt,Demais MT,FALSE,2000,27560,2.38,2.34,31.1,8.4,57.4,3,,,,0.528,Baixo,0.52,31.91,6.33,,,,,,,,,,22.3,,18.7,24.8,,,,,,,,,
5101407,Aripuanã,resto_mt,Demais MT,FALSE,2001,14937,2.38,2.34,31.1,8.4,57.4,3,,,,,,,,,,,,,,,,,,26.5,,26.3,70.8,,,,,,,,,
5101407,Aripuanã,resto_mt,Demais MT,FALSE,2002,15600,2.38,2.34,31.1,8.4,57.4,3,,,,,,,,,,,,,,,,,,28.6,25.4,26.9,72,,,,,,,,,
5101407,Aripuanã,resto_mt,Demais MT,FALSE,2003,16297,2.38,2.34,31.1,8.4,57.4,3,,,,,,,,,,,,,,,,,,5.9,20.4,27.9,69.1,,,,,,,,,
5101407,Aripuanã,resto_mt,Demais MT,FALSE,2004,17759,2.38,2.34,31.1,8.4,57.4,3,,,,,,,,,,,,,,,,,,7,13.4,32.9,82.4,,,,,,,,,
5101407,Aripuanã,resto_mt,Demais MT,FALSE,2005,18569,2.38,2.34,31.1,8.4,57.4,3,,,,,,,,,3.9,3.2,87.4,74.6,,,,,,17.1,10.2,24,71.4,,,,,,,,,
5101407,Aripuanã,resto_mt,Demais MT,FALSE,2006,19372,2.38,2.34,31.1,8.4,57.4,3,,,,,,,,,,,,,,,,,,12.1,12,41.9,54.5,,,,,,,,,
5101407,Aripuanã,resto_mt,Demais MT,FALSE,2007,19100,2.38,2.34,31.1,8.4,57.4,3,,,,,,,,,4.1,3.3,90.9,82.4,21,42.9,,21.3,5.3,3,11.2,50.4,48.4,,,,,,,,,
5101407,Aripuanã,resto_mt,Demais MT,FALSE,2008,19930,2.38,2.34,31.1,8.4,57.4,3,,,,,,,,,,,,,22,40.9,,17.4,1.6,7.4,7.8,45.9,62.7,,,,,,,,,
5101407,Aripuanã,resto_mt,Demais MT,FALSE,2009,20511,2.38,2.34,31.1,8.4,57.4,3,,,,,,,,,4.8,4.2,95.7,87.6,20,60,34.5,18,0.8,15.2,8.8,47.8,74,,,,,,,,,
5101407,Aripuanã,resto_mt,Demais MT,FALSE,2010,18656,2.38,2.34,31.1,8.4,57.4,3,,,,0.675,Médio,0.56,37.22,14.66,,,,,21,61.9,42,16.7,1.1,15.5,12.7,50.8,77.7,30,1,11,1,14,0.75,16.08,,
5101407,Aripuanã,resto_mt,Demais MT,FALSE,2011,19006,2.38,2.34,31.1,8.4,57.4,3,,,,,,,,,4.9,4.1,97.7,90.8,23,59.1,59.3,13,0.5,15.4,15.4,53.1,65.6,,,,,,,,,
5101407,Aripuanã,resto_mt,Demais MT,FALSE,2012,19344,2.38,2.34,31.1,8.4,57.4,3,,,,,,,,,,,,,23,68.2,71,11.7,0.5,7.9,13,55.4,56.7,,,,,,,,,
5101407,Aripuanã,resto_mt,Demais MT,FALSE,2013,19919,2.38,2.34,31.1,8.4,57.4,3,8.82,,265.79,,,,,,5.4,4.2,98.2,91.8,23,77.3,70.5,10,0.5,5,9.4,58,58.2,,,,,,,,,
5101407,Aripuanã,resto_mt,Demais MT,FALSE,2014,20293,2.38,2.34,31.1,8.4,57.4,3,8.22,,236.04,,,,,,,,,,23,90.5,74.4,8.8,0,10.9,7.8,54,56.9,,,,,,,,,
5101407,Aripuanã,resto_mt,Demais MT,FALSE,2015,20657,2.38,2.34,31.1,8.4,57.4,3,7.13,,190.12,,,,,,5.5,4.4,97.1,94.9,23,95.2,66.1,8,0.3,17.4,10.8,53.3,64.9,30,2,10,1,17,0.82,14.52,,
5101407,Aripuanã,resto_mt,Demais MT,FALSE,2016,21011,2.38,2.34,31.1,8.4,57.4,3,6.1,,152.57,,,,,,,,,,23,95.2,72.8,7.6,0.4,11.9,13.3,53.7,70.6,,,,,,,,,
5101407,Aripuanã,resto_mt,Demais MT,FALSE,2017,21357,2.38,2.34,31.1,8.4,57.4,3,5.43,,126.7,,,,,,5.4,4.9,96.4,93.2,21,90,74.7,7.8,0.2,22.1,17.2,55,65.2,,,,,,,,,
5101407,Aripuanã,resto_mt,Demais MT,FALSE,2018,21987,2.38,2.34,31.1,8.4,57.4,3,5.4,,128.93,,,,,,,,,,21,90,76,7.2,0.1,2.7,12.2,67,66.7,,,,,,,,,
5101407,Aripuanã,resto_mt,Demais MT,FALSE,2019,22354,2.38,2.34,31.1,8.4,57.4,3,5.05,1.82,410.83,,,,,,5.6,4.3,96.3,87.8,22,95.2,75.9,6,0.3,2.8,9.2,59.7,63.4,,,,,,,,,
5101407,Aripuanã,resto_mt,Demais MT,FALSE,2020,22714,2.38,2.34,31.1,8.4,57.4,3,5.01,1.87,417.75,,,,,,,,,,23,90.9,75.5,7.2,,5.1,3.6,55.3,66.8,32,3,5,2,19,0.84,14.09,2708,11.9
5101407,Aripuanã,resto_mt,Demais MT,FALSE,2021,23067,2.38,2.34,31.1,8.4,57.4,3,5.59,1.89,420.35,,,,,,5.4,4.6,97.3,92.2,23,90.9,,5.8,0.1,15.8,8,57.9,72.1,,,,,,,,,
5101407,Aripuanã,resto_mt,Demais MT,FALSE,2022,24626,2.38,2.34,31.1,8.4,57.4,3,5.63,1.84,508.87,,,,,,,,,,24,87,,8.5,0.2,10.3,10.4,63.8,63.8,,,,,,,,,
5101407,Aripuanã,resto_mt,Demais MT,FALSE,2023,24626,2.38,2.34,31.1,8.4,57.4,3,6.14,1.95,849.43,,,,,,5.7,4.5,99.9,99.8,23,95.7,,,,,,,,40,3,11,2,19,0.77,16.24,7687,31.2
5101407,Aripuanã,resto_mt,Demais MT,FALSE,2024,26010,2.38,2.34,31.1,8.4,57.4,3,6.41,1.98,907.88,,,,,,,,,,24,91.7,,,,,,,,,,,,,,,,
5101407,Aripuanã,resto_mt,Demais MT,FALSE,2025,26558,2.38,2.34,31.1,8.4,57.4,3,,,,,,,,,,,,,,,,,,,,,,,,,,,,,,
5101605,Barão de Melgaço,pantanal_norte,Pantanal-13,TRUE,2000,7682,-0.41,-0.38,18.8,11.4,66.3,3.3,,,,0.446,Muito Baixo,0.56,73.87,25,,,,,,,,,,26,,29.9,31.5,,,,,,,,,
5101605,Barão de Melgaço,pantanal_norte,Pantanal-13,TRUE,2001,7405,-0.41,-0.38,18.8,11.4,66.3,3.3,,,,,,,,,,,,,,,,,,50,,18.8,22.5,,,,,,,,,
5101605,Barão de Melgaço,pantanal_norte,Pantanal-13,TRUE,2002,7224,-0.41,-0.38,18.8,11.4,66.3,3.3,,,,,,,,,,,,,,,,,,21.5,32,29,43.8,,,,,,,,,
5101605,Barão de Melgaço,pantanal_norte,Pantanal-13,TRUE,2003,7012,-0.41,-0.38,18.8,11.4,66.3,3.3,,,,,,,,,,,,,,,,,,15.4,29.4,29.2,38.3,,,,,,,,,
5101605,Barão de Melgaço,pantanal_norte,Pantanal-13,TRUE,2004,6566,-0.41,-0.38,18.8,11.4,66.3,3.3,,,,,,,,,,,,,,,,,,38,25.3,25.3,27.8,,,,,,,,,
5101605,Barão de Melgaço,pantanal_norte,Pantanal-13,TRUE,2005,6319,-0.41,-0.38,18.8,11.4,66.3,3.3,,,,,,,,,3.3,3.3,84.5,87.5,,,,,,0,18.8,33.3,23.2,,,,,,,,,
5101605,Barão de Melgaço,pantanal_norte,Pantanal-13,TRUE,2006,6074,-0.41,-0.38,18.8,11.4,66.3,3.3,,,,,,,,,,,,,,,,,,54.5,29.6,32.7,32.7,,,,,,,,,
5101605,Barão de Melgaço,pantanal_norte,Pantanal-13,TRUE,2007,7619,-0.41,-0.38,18.8,11.4,66.3,3.3,,,,,,,,,3.9,3.1,91.4,91.9,26,3.8,,28.3,2.8,32.3,26.9,33.9,32.3,,,,,,,,,
5101605,Barão de Melgaço,pantanal_norte,Pantanal-13,TRUE,2008,7842,-0.41,-0.38,18.8,11.4,66.3,3.3,,,,,,,,,,,,,26,7.7,,24.8,7,0,26.6,57.7,39.4,,,,,,,,,
5101605,Barão de Melgaço,pantanal_norte,Pantanal-13,TRUE,2009,7851,-0.41,-0.38,18.8,11.4,66.3,3.3,,,,,,,,,4,3.9,93.9,93.1,23,17.4,43.8,19,2.5,16.4,15.5,54.1,44.3,,,,,,,,,
5101605,Barão de Melgaço,pantanal_norte,Pantanal-13,TRUE,2010,7591,-0.41,-0.38,18.8,11.4,66.3,3.3,,,,0.6,Médio,0.5,59.24,13.62,,,,,21,19,58.6,9.6,0,0,5.2,55.9,45.8,11,1,9,1,8,1.05,14.49,,
5101605,Barão de Melgaço,pantanal_norte,Pantanal-13,TRUE,2011,7585,-0.41,-0.38,18.8,11.4,66.3,3.3,,,,,,,,,4,3.4,100,94.8,33,18.2,68.5,2.3,0,16.9,11.2,47.5,50.8,,,,,,,,,
5101605,Barão de Melgaço,pantanal_norte,Pantanal-13,TRUE,2012,7578,-0.41,-0.38,18.8,11.4,66.3,3.3,,,,,,,,,,,,,26,19,69.7,5.3,0.8,0,5.5,53.1,54.7,,,,,,,,,
5101605,Barão de Melgaço,pantanal_norte,Pantanal-13,TRUE,2013,7565,-0.41,-0.38,18.8,11.4,66.3,3.3,13.39,,595.09,,,,,,4.1,4,99.3,97.8,26,44.4,69.3,3.5,0.7,0,5.5,45,43.3,,,,,,,,,
5101605,Barão de Melgaço,pantanal_norte,Pantanal-13,TRUE,2014,7545,-0.41,-0.38,18.8,11.4,66.3,3.3,13.6,,594.03,,,,,,,,,,26,44.4,69.1,3.3,0.9,0,0,53.4,46.6,,,,,,,,,
5101605,Barão de Melgaço,pantanal_norte,Pantanal-13,TRUE,2015,7526,-0.41,-0.38,18.8,11.4,66.3,3.3,12.56,,481.94,,,,,,4.7,3.8,97.5,92.6,26,44.4,79.1,3.2,2.1,0,0,38.5,50,10,1,5,1,8,1.06,13.29,,
5101605,Barão de Melgaço,pantanal_norte,Pantanal-13,TRUE,2016,7886,-0.41,-0.38,18.8,11.4,66.3,3.3,9.57,,322.96,,,,,,,,,,26,55.6,88.7,3.7,0.6,32.3,11.6,43.5,53.2,,,,,,,,,
5101605,Barão de Melgaço,pantanal_norte,Pantanal-13,TRUE,2017,7872,-0.41,-0.38,18.8,11.4,66.3,3.3,9.83,,310.41,,,,,,5.5,4.1,96.6,96.3,26,44.4,86.9,5.5,0.5,13.2,15.8,51.3,57.9,,,,,,,,,
5101605,Barão de Melgaço,pantanal_norte,Pantanal-13,TRUE,2018,8563,-0.41,-0.38,18.8,11.4,66.3,3.3,9.4,,296.12,,,,,,,,,,26,55.6,85.6,5.2,1.9,0,15.1,41,62.3,,,,,,,,,
5101605,Barão de Melgaço,pantanal_norte,Pantanal-13,TRUE,2019,8564,-0.41,-0.38,18.8,11.4,66.3,3.3,10.05,1.17,493.43,,,,,,4.7,3.7,94.9,93.9,26,77.8,87,6.7,2.5,0,4.9,50.7,55.1,,,,,,,,,
5101605,Barão de Melgaço,pantanal_norte,Pantanal-13,TRUE,2020,8164,-0.41,-0.38,18.8,11.4,66.3,3.3,10.55,1.36,529.87,,,,,,,,,,26,62.5,83.5,5.4,,17.9,5.4,51.8,66.1,12,1,6,1,8,0.98,14.7,600,7.3
5101605,Barão de Melgaço,pantanal_norte,Pantanal-13,TRUE,2021,8165,-0.41,-0.38,18.8,11.4,66.3,3.3,11.13,1.25,529.89,,,,,,5.1,4,99.8,100,26,75,,6.8,0,0,5.5,50,63.8,,,,,,,,,
5101605,Barão de Melgaço,pantanal_norte,Pantanal-13,TRUE,2022,7253,-0.41,-0.38,18.8,11.4,66.3,3.3,16.75,1.48,965.28,,,,,,,,,,18,50,,4.5,0.2,0,6.2,39.1,54.3,,,,,,,,,
5101605,Barão de Melgaço,pantanal_norte,Pantanal-13,TRUE,2023,7253,-0.41,-0.38,18.8,11.4,66.3,3.3,17.25,1.56,1624.7,,,,,,5,4,99.2,98,20,55.6,,,,,,,,12,1,6,1,8,1.1,16.54,548,7.6
5101605,Barão de Melgaço,pantanal_norte,Pantanal-13,TRUE,2024,7204,-0.41,-0.38,18.8,11.4,66.3,3.3,20.45,1.8,1974.18,,,,,,,,,,20,66.7,,,,,,,,,,,,,,,,
5101605,Barão de Melgaço,pantanal_norte,Pantanal-13,TRUE,2025,7137,-0.41,-0.38,18.8,11.4,66.3,3.3,,,,,,,,,,,,,,,,,,,,,,,,,,,,,,
5101704,Barra do Bugres,resto_mt,Demais MT,FALSE,2000,27460,-0.52,-0.65,24,10.8,63.3,1.5,,,,0.55,Baixo,0.55,56.99,9.38,,,,,,,,,,27.5,,27.5,39.3,,,,,,,,,
5101704,Barra do Bugres,resto_mt,Demais MT,FALSE,2001,28342,-0.52,-0.65,24,10.8,63.3,1.5,,,,,,,,,,,,,,,,,,12.8,,25.5,32.8,,,,,,,,,
5101704,Barra do Bugres,resto_mt,Demais MT,FALSE,2002,29001,-0.52,-0.65,24,10.8,63.3,1.5,,,,,,,,,,,,,,,,,,15.2,18.6,32.1,24.7,,,,,,,,,
5101704,Barra do Bugres,resto_mt,Demais MT,FALSE,2003,29717,-0.52,-0.65,24,10.8,63.3,1.5,,,,,,,,,,,,,,,,,,31.6,20.1,42.9,24.6,,,,,,,,,
5101704,Barra do Bugres,resto_mt,Demais MT,FALSE,2004,31095,-0.52,-0.65,24,10.8,63.3,1.5,,,,,,,,,,,,,,,,,,15.6,20.7,33.4,28.4,,,,,,,,,
5101704,Barra do Bugres,resto_mt,Demais MT,FALSE,2005,31923,-0.52,-0.65,24,10.8,63.3,1.5,,,,,,,,,3.4,3.1,84.5,78.6,,,,,,13.1,19.8,43.5,40.9,,,,,,,,,
5101704,Barra do Bugres,resto_mt,Demais MT,FALSE,2006,32744,-0.52,-0.65,24,10.8,63.3,1.5,,,,,,,,,,,,,,,,,,11,13.2,43.7,42.8,,,,,,,,,
5101704,Barra do Bugres,resto_mt,Demais MT,FALSE,2007,32490,-0.52,-0.65,24,10.8,63.3,1.5,,,,,,,,,3.7,3.4,86.9,82.4,34,32.4,,19.5,2.4,5.6,10.1,41.6,45.3,,,,,,,,,
5101704,Barra do Bugres,resto_mt,Demais MT,FALSE,2008,33724,-0.52,-0.65,24,10.8,63.3,1.5,,,,,,,,,,,,,34,41.2,,18,2.6,10.1,9,41.7,45.9,,,,,,,,,
5101704,Barra do Bugres,resto_mt,Demais MT,FALSE,2009,34349,-0.52,-0.65,24,10.8,63.3,1.5,,,,,,,,,4.5,4.1,93,90.7,35,48.6,76.5,16.5,1.5,7.1,7.7,40.3,50.8,,,,,,,,,
5101704,Barra do Bugres,resto_mt,Demais MT,FALSE,2010,31793,-0.52,-0.65,24,10.8,63.3,1.5,,,,0.693,Médio,0.51,34.71,6.96,,,,,35,54.3,77.2,15.2,0.5,11,9.4,47.3,75.6,23,1,14,1,53,1.67,7.23,,
5101704,Barra do Bugres,resto_mt,Demais MT,FALSE,2011,32134,-0.52,-0.65,24,10.8,63.3,1.5,,,,,,,,,4.6,4,93.7,93,40,55.9,80.4,12.4,1,10.8,9.6,43.4,70.5,,,,,,,,,
5101704,Barra do Bugres,resto_mt,Demais MT,FALSE,2012,32464,-0.52,-0.65,24,10.8,63.3,1.5,,,,,,,,,,,,,42,63.6,83,9.2,0.3,14.4,12,46.7,61.6,,,,,,,,,
5101704,Barra do Bugres,resto_mt,Demais MT,FALSE,2013,33022,-0.52,-0.65,24,10.8,63.3,1.5,7.7,,254.67,,,,,,4.9,3.9,96.3,96.2,41,75,84.6,7.9,0.2,15.6,13.6,49.3,61.2,,,,,,,,,
5101704,Barra do Bugres,resto_mt,Demais MT,FALSE,2014,33365,-0.52,-0.65,24,10.8,63.3,1.5,8.16,,275.04,,,,,,,,,,41,62.5,87.5,5.8,0.1,18.6,16.3,62.5,59.8,,,,,,,,,
5101704,Barra do Bugres,resto_mt,Demais MT,FALSE,2015,33700,-0.52,-0.65,24,10.8,63.3,1.5,7.27,,232.96,,,,,,5.3,4.4,97.8,95.3,41,76.7,87.1,5.4,0.5,7.7,14.2,56.2,58.3,33,1,15,1,55,1.63,9.79,,
5101704,Barra do Bugres,resto_mt,Demais MT,FALSE,2016,33334,-0.52,-0.65,24,10.8,63.3,1.5,6.69,,208.77,,,,,,,,,,41,70,91.7,7.2,0.3,3.7,10.3,58.2,57.5,,,,,,,,,
5101704,Barra do Bugres,resto_mt,Demais MT,FALSE,2017,33644,-0.52,-0.65,24,10.8,63.3,1.5,5.72,,179.93,,,,,,5.4,4.3,97.8,92.7,41,60,82.5,4.7,0.5,11.4,7.6,54.5,60.7,,,,,,,,,
5101704,Barra do Bugres,resto_mt,Demais MT,FALSE,2018,34619,-0.52,-0.65,24,10.8,63.3,1.5,5.12,,149.97,,,,,,,,,,41,66.7,95,4.6,0.1,9.8,8.2,40.5,72.9,,,,,,,,,
5101704,Barra do Bugres,resto_mt,Demais MT,FALSE,2019,34966,-0.52,-0.65,24,10.8,63.3,1.5,4.56,2.39,510.83,,,,,,5.2,4.2,94.9,89.2,42,87.1,92.8,5.1,0.3,3.8,8.3,46.1,79.5,,,,,,,,,
5101704,Barra do Bugres,resto_mt,Demais MT,FALSE,2020,35307,-0.52,-0.65,24,10.8,63.3,1.5,4.78,2.27,487.54,,,,,,,,,,40,96.9,89.8,7.2,,4.4,6,55.6,69.3,38,2,17,0,0,0,10.76,18729,53
5101704,Barra do Bugres,resto_mt,Demais MT,FALSE,2021,35642,-0.52,-0.65,24,10.8,63.3,1.5,5.16,2.15,464.38,,,,,,5,4.7,99.6,98,40,90,,5.7,0,13.3,7,68.4,70.2,,,,,,,,,
5101704,Barra do Bugres,resto_mt,Demais MT,FALSE,2022,29403,-0.52,-0.65,24,10.8,63.3,1.5,8.28,2.59,738.86,,,,,,,,,,39,96.7,,5.2,0.2,11.8,9.8,56.9,78.1,,,,,,,,,
5101704,Barra do Bugres,resto_mt,Demais MT,FALSE,2023,29403,-0.52,-0.65,24,10.8,63.3,1.5,9.11,2.86,1197.51,,,,,,5.5,4.5,100,99.9,34,100,,,,,,,,55,3,20,1,22,0.75,18.71,20535,69.8
5101704,Barra do Bugres,resto_mt,Demais MT,FALSE,2024,29576,-0.52,-0.65,24,10.8,63.3,1.5,9.45,3.12,1304.79,,,,,,,,,,30,100,,,,,,,,,,,,,,,,
5101704,Barra do Bugres,resto_mt,Demais MT,FALSE,2025,29406,-0.52,-0.65,24,10.8,63.3,1.5,,,,,,,,,,,,,,,,,,,,,,,,,,,,,,
5101803,Barra do Garças,resto_mt,Demais MT,FALSE,2000,52092,1.8,1.7,33.3,7.4,53.1,5.9,,,,0.631,Médio,0.59,44.68,5.22,,,,,,,,,,25.9,,52.8,54.7,,,,,,,,,
5101803,Barra do Garças,resto_mt,Demais MT,FALSE,2001,52932,1.8,1.7,33.3,7.4,53.1,5.9,,,,,,,,,,,,,,,,,,37,,63,83.7,,,,,,,,,
5101803,Barra do Garças,resto_mt,Demais MT,FALSE,2002,53447,1.8,1.7,33.3,7.4,53.1,5.9,,,,,,,,,,,,,,,,,,12.6,24.8,58.8,70.9,,,,,,,,,
5101803,Barra do Garças,resto_mt,Demais MT,FALSE,2003,54076,1.8,1.7,33.3,7.4,53.1,5.9,,,,,,,,,,,,,,,,,,32.7,26.9,52.9,61,,,,,,,,,
5101803,Barra do Garças,resto_mt,Demais MT,FALSE,2004,55397,1.8,1.7,33.3,7.4,53.1,5.9,,,,,,,,,,,,,,,,,,31.6,25.1,49.6,63.4,,,,,,,,,
5101803,Barra do Garças,resto_mt,Demais MT,FALSE,2005,56127,1.8,1.7,33.3,7.4,53.1,5.9,,,,,,,,,3.7,3.6,81.3,79.5,,,,,,28.7,31,43.9,71.2,,,,,,,,,
5101803,Barra do Garças,resto_mt,Demais MT,FALSE,2006,56853,1.8,1.7,33.3,7.4,53.1,5.9,,,,,,,,,,,,,,,,,,27.5,29.3,58.9,51.6,,,,,,,,,
5101803,Barra do Garças,resto_mt,Demais MT,FALSE,2007,53243,1.8,1.7,33.3,7.4,53.1,5.9,,,,,,,,,4.3,4,91.1,85.3,59,35.6,,15.3,2.9,20.1,25.5,59.7,44,,,,,,,,,
5101803,Barra do Garças,resto_mt,Demais MT,FALSE,2008,54882,1.8,1.7,33.3,7.4,53.1,5.9,,,,,,,,,,,,,61,46.7,,14.4,2.2,29.9,25.8,62.3,52.1,,,,,,,,,
5101803,Barra do Garças,resto_mt,Demais MT,FALSE,2009,55120,1.8,1.7,33.3,7.4,53.1,5.9,,,,,,,,,4.8,4.2,93.9,86.4,60,55.9,78.6,14,1.8,25.5,25.1,63.2,42.5,,,,,,,,,
5101803,Barra do Garças,resto_mt,Demais MT,FALSE,2010,56560,1.8,1.7,33.3,7.4,53.1,5.9,,,,0.748,Alto,0.55,27.08,4.09,,,,,59,56.9,78.2,13.4,1.4,34.6,30.1,69.2,51.6,109,5,48,4,78,1.38,19.27,,
5101803,Barra do Garças,resto_mt,Demais MT,FALSE,2011,56903,1.8,1.7,33.3,7.4,53.1,5.9,,,,,,,,,4.8,4.5,93.9,92.9,64,59,80.5,13.6,1.4,21,26.9,68.8,51.8,,,,,,,,,
5101803,Barra do Garças,resto_mt,Demais MT,FALSE,2012,57235,1.8,1.7,33.3,7.4,53.1,5.9,,,,,,,,,,,,,66,82,79.4,11.6,0.4,17.2,24,63.8,49.5,,,,,,,,,
5101803,Barra do Garças,resto_mt,Demais MT,FALSE,2013,57791,1.8,1.7,33.3,7.4,53.1,5.9,6.3,,188.3,,,,,,5.5,4.2,99,94.2,67,81.7,79.2,10.8,0.4,15.5,17.9,65.6,47.9,,,,,,,,,
5101803,Barra do Garças,resto_mt,Demais MT,FALSE,2014,58099,1.8,1.7,33.3,7.4,53.1,5.9,7.12,,206.35,,,,,,,,,,71,80.6,77.3,7.6,0.5,21.1,18,65.5,56.4,,,,,,,,,
5101803,Barra do Garças,resto_mt,Demais MT,FALSE,2015,58398,1.8,1.7,33.3,7.4,53.1,5.9,6.96,,186.79,,,,,,5.7,4.5,97.7,94.2,69,82.3,78.3,6.3,0.6,18.9,18.6,62.7,61.7,127,4,50,3,70,1.2,21.75,,
5101803,Barra do Garças,resto_mt,Demais MT,FALSE,2016,58690,1.8,1.7,33.3,7.4,53.1,5.9,6.8,,172.39,,,,,,,,,,72,84.6,80.6,5.4,0.7,20.2,20.1,65.4,49.5,,,,,,,,,
5101803,Barra do Garças,resto_mt,Demais MT,FALSE,2017,58974,1.8,1.7,33.3,7.4,53.1,5.9,5.88,,151.25,,,,,,5.8,4.8,97.8,92.5,72,79.7,77.7,5.4,0.4,21.4,20.2,64.5,54.9,,,,,,,,,
5101803,Barra do Garças,resto_mt,Demais MT,FALSE,2018,60661,1.8,1.7,33.3,7.4,53.1,5.9,5.8,,154.3,,,,,,,,,,74,78.5,81.4,5.7,0.4,16.2,19.2,68.7,62.2,,,,,,,,,
5101803,Barra do Garças,resto_mt,Demais MT,FALSE,2019,61012,1.8,1.7,33.3,7.4,53.1,5.9,5.46,4.73,899.99,,,,,,5.6,4.5,96.6,90.5,74,92.2,81.2,5.6,0.2,17.4,18.3,68.7,64.9,,,,,,,,,
5101803,Barra do Garças,resto_mt,Demais MT,FALSE,2020,61135,1.8,1.7,33.3,7.4,53.1,5.9,5.58,4.78,901.9,,,,,,,,,,70,90.6,84.1,5.9,,12,15.2,69.7,65.9,188,4,43,3,91,1.49,30.75,42831,70.1
5101803,Barra do Garças,resto_mt,Demais MT,FALSE,2021,61702,1.8,1.7,33.3,7.4,53.1,5.9,6.39,4.71,878.69,,,,,,5.7,4.9,99.2,97.5,75,98.4,,8.6,0.2,22.3,17.3,70.6,59.5,,,,,,,,,
5101803,Barra do Garças,resto_mt,Demais MT,FALSE,2022,69210,1.8,1.7,33.3,7.4,53.1,5.9,8.51,4.26,1019.09,,,,,,,,,,75,98.3,,5.2,0.1,15.5,16.6,70.6,60.3,,,,,,,,,
5101803,Barra do Garças,resto_mt,Demais MT,FALSE,2023,69210,1.8,1.7,33.3,7.4,53.1,5.9,9.65,4.64,1538.43,,,,,,6.3,5,99,97.6,74,96.6,,,,,,,,228,5,45,4,96,1.39,32.94,48358,69.9
5101803,Barra do Garças,resto_mt,Demais MT,FALSE,2024,72694,1.8,1.7,33.3,7.4,53.1,5.9,8.88,5.7,1691.43,,,,,,,,,,74,98.3,,,,,,,,,,,,,,,,
5101803,Barra do Garças,resto_mt,Demais MT,FALSE,2025,73878,1.8,1.7,33.3,7.4,53.1,5.9,,,,,,,,,,,,,,,,,,,,,,,,,,,,,,
5101852,Bom Jesus do Araguaia,resto_mt,Demais MT,FALSE,2001,3880,2.69,2.66,28.2,10.9,59.7,1.1,,,,,,,,,,,,,,,,,,,,13.6,4.5,,,,,,,,,
5101852,Bom Jesus do Araguaia,resto_mt,Demais MT,FALSE,2002,4001,2.69,2.66,28.2,10.9,59.7,1.1,,,,,,,,,,,,,,,,,,0,,38.2,29.4,,,,,,,,,
5101852,Bom Jesus do Araguaia,resto_mt,Demais MT,FALSE,2003,4130,2.69,2.66,28.2,10.9,59.7,1.1,,,,,,,,,,,,,,,,,,25.6,21.1,33.3,21.1,,,,,,,,,
5101852,Bom Jesus do Araguaia,resto_mt,Demais MT,FALSE,2004,4403,2.69,2.66,28.2,10.9,59.7,1.1,,,,,,,,,,,,,,,,,,66.7,29.1,20,23.3,,,,,,,,,
5101852,Bom Jesus do Araguaia,resto_mt,Demais MT,FALSE,2005,4554,2.69,2.66,28.2,10.9,59.7,1.1,,,,,,,,,2.5,2.6,67.7,61.2,,,,,,,32.3,45.8,29.2,,,,,,,,,
5101852,Bom Jesus do Araguaia,resto_mt,Demais MT,FALSE,2006,4703,2.69,2.66,28.2,10.9,59.7,1.1,,,,,,,,,,,,,,,,,,22.7,30.6,27.3,34.1,,,,,,,,,
5101852,Bom Jesus do Araguaia,resto_mt,Demais MT,FALSE,2007,4520,2.69,2.66,28.2,10.9,59.7,1.1,,,,,,,,,3.1,3.3,74.6,79.7,3,0,,39.3,4.5,29.4,19.6,58.8,32.4,,,,,,,,,
5101852,Bom Jesus do Araguaia,resto_mt,Demais MT,FALSE,2008,4696,2.69,2.66,28.2,10.9,59.7,1.1,,,,,,,,,,,,,3,33.3,,31.3,7.2,20.8,23.8,47.9,45.8,,,,,,,,,
5101852,Bom Jesus do Araguaia,resto_mt,Demais MT,FALSE,2009,4792,2.69,2.66,28.2,10.9,59.7,1.1,,,,,,,,,3.6,3.4,85,79.3,3,66.7,42.2,29.6,3.8,0,15.6,33.3,54.3,,,,,,,,,
5101852,Bom Jesus do Araguaia,resto_mt,Demais MT,FALSE,2010,5314,2.69,2.66,28.2,10.9,59.7,1.1,,,,0.661,Médio,0.48,37.92,3.91,,,,,5,40,54.4,26.6,1.1,15.2,12.5,51.5,74.2,3,0,1,0,0,0,5.65,,
5101852,Bom Jesus do Araguaia,resto_mt,Demais MT,FALSE,2011,5437,2.69,2.66,28.2,10.9,59.7,1.1,,,,,,,,,4.1,3.9,98.1,95.3,11,40,47.4,18.1,1.7,30.3,16.9,48.5,53,,,,,,,,,
5101852,Bom Jesus do Araguaia,resto_mt,Demais MT,FALSE,2012,5555,2.69,2.66,28.2,10.9,59.7,1.1,,,,,,,,,,,,,11,60,52.4,14.3,0.9,56.3,34.5,46.5,54.9,,,,,,,,,
5101852,Bom Jesus do Araguaia,resto_mt,Demais MT,FALSE,2013,5756,2.69,2.66,28.2,10.9,59.7,1.1,8.72,,322.11,,,,,,4.1,3.7,98.7,95.5,11,80,46.7,15.4,0.4,18.9,32.9,40.6,24.5,,,,,,,,,
5101852,Bom Jesus do Araguaia,resto_mt,Demais MT,FALSE,2014,5889,2.69,2.66,28.2,10.9,59.7,1.1,9.02,,413.01,,,,,,,,,,12,66.7,48.5,15.5,0.2,36,34.7,42.3,36,,,,,,,,,
5101852,Bom Jesus do Araguaia,resto_mt,Demais MT,FALSE,2015,6018,2.69,2.66,28.2,10.9,59.7,1.1,8.71,,391.63,,,,,,4.5,3.8,98.3,91.8,7,66.7,55.8,8.3,0.3,35,30.6,51,44.8,10,1,4,0,0,0,16.62,,
5101852,Bom Jesus do Araguaia,resto_mt,Demais MT,FALSE,2016,6144,2.69,2.66,28.2,10.9,59.7,1.1,8.97,,395.77,,,,,,,,,,7,83.3,65.3,11.3,0,82.5,48.4,54.6,51.5,,,,,,,,,
5101852,Bom Jesus do Araguaia,resto_mt,Demais MT,FALSE,2017,6266,2.69,2.66,28.2,10.9,59.7,1.1,10.2,,390.25,,,,,,5.5,3.9,97,93.3,7,50,66.1,11.3,0.6,16.8,41.8,58.8,58,,,,,,,,,
5101852,Bom Jesus do Araguaia,resto_mt,Demais MT,FALSE,2018,6452,2.69,2.66,28.2,10.9,59.7,1.1,10.14,,339.12,,,,,,,,,,7,66.7,65.8,13.2,0,10,34.8,71,80,,,,,,,,,
5101852,Bom Jesus do Araguaia,resto_mt,Demais MT,FALSE,2019,6580,2.69,2.66,28.2,10.9,59.7,1.1,9.41,0.21,328.01,,,,,,5.2,,96.9,88.5,6,83.3,69,12.8,0,30.3,18.9,71.7,69.7,,,,,,,,,
5101852,Bom Jesus do Araguaia,resto_mt,Demais MT,FALSE,2020,6706,2.69,2.66,28.2,10.9,59.7,1.1,8.38,0.28,308.68,,,,,,,,,,7,100,63.2,11.8,,54.3,30.9,77.2,79.3,12,0,6,0,0,0,17.89,283,4.2
5101852,Bom Jesus do Araguaia,resto_mt,Demais MT,FALSE,2021,6830,2.69,2.66,28.2,10.9,59.7,1.1,7.94,0.29,298.63,,,,,,,,99.6,96.4,6,100,,7.8,0,34.8,39.2,67.8,53,,,,,,,,,
5101852,Bom Jesus do Araguaia,resto_mt,Demais MT,FALSE,2022,7280,2.69,2.66,28.2,10.9,59.7,1.1,9.01,0.37,465.3,,,,,,,,,,6,100,,7.4,0,50,45.6,75,63,,,,,,,,,
5101852,Bom Jesus do Araguaia,resto_mt,Demais MT,FALSE,2023,7280,2.69,2.66,28.2,10.9,59.7,1.1,10.38,0.55,1006.54,,,,,,5.2,4.2,100,99.6,6,100,,,,,,,,12,0,7,0,0,0,16.48,393,5.4
5101852,Bom Jesus do Araguaia,resto_mt,Demais MT,FALSE,2024,7731,2.69,2.66,28.2,10.9,59.7,1.1,9.34,0.74,943.02,,,,,,,,,,6,100,,,,,,,,,,,,,,,,
5101852,Bom Jesus do Araguaia,resto_mt,Demais MT,FALSE,2025,7912,2.69,2.66,28.2,10.9,59.7,1.1,,,,,,,,,,,,,,,,,,,,,,,,,,,,,,
5101902,Brasnorte,resto_mt,Demais MT,FALSE,2000,9815,0.93,0.85,37,6.3,47,9.6,,,,0.517,Baixo,0.59,44.96,9.07,,,,,,,,,,12.6,,41.4,35.6,,,,,,,,,
5101902,Brasnorte,resto_mt,Demais MT,FALSE,2001,10203,0.93,0.85,37,6.3,47,9.6,,,,,,,,,,,,,,,,,,14.8,,34,46.3,,,,,,,,,
5101902,Brasnorte,resto_mt,Demais MT,FALSE,2002,10569,0.93,0.85,37,6.3,47,9.6,,,,,,,,,,,,,,,,,,19.4,15.4,34.5,41.3,,,,,,,,,
5101902,Brasnorte,resto_mt,Demais MT,FALSE,2003,10919,0.93,0.85,37,6.3,47,9.6,,,,,,,,,,,,,,,,,,36.3,23.3,44,60.6,,,,,,,,,
5101902,Brasnorte,resto_mt,Demais MT,FALSE,2004,11654,0.93,0.85,37,6.3,47,9.6,,,,,,,,,,,,,,,,,,27.3,27.5,43.6,48.6,,,,,,,,,
5101902,Brasnorte,resto_mt,Demais MT,FALSE,2005,12060,0.93,0.85,37,6.3,47,9.6,,,,,,,,,3.5,3.4,83.2,74,,,,,,13.6,25.2,45.7,43,,,,,,,,,
5101902,Brasnorte,resto_mt,Demais MT,FALSE,2006,12464,0.93,0.85,37,6.3,47,9.6,,,,,,,,,,,,,,,,,,29.3,23.5,41.8,45.2,,,,,,,,,
5101902,Brasnorte,resto_mt,Demais MT,FALSE,2007,13975,0.93,0.85,37,6.3,47,9.6,,,,,,,,,4.1,3.5,93.7,80.1,25,8,,19.8,1,4.6,16.2,41.7,43.6,,,,,,,,,
5101902,Brasnorte,resto_mt,Demais MT,FALSE,2008,14609,0.93,0.85,37,6.3,47,9.6,,,,,,,,,,,,,25,32,,15.2,1.5,22.9,19.3,31.7,60.6,,,,,,,,,
5101902,Brasnorte,resto_mt,Demais MT,FALSE,2009,15089,0.93,0.85,37,6.3,47,9.6,,,,,,,,,4.1,4,93.6,87.1,24,41.7,41,15.1,0.9,26.3,18.1,37.3,63.6,,,,,,,,,
5101902,Brasnorte,resto_mt,Demais MT,FALSE,2010,15357,0.93,0.85,37,6.3,47,9.6,,,,0.696,Médio,0.53,33.23,9.04,,,,,26,50,52.8,21.7,0.9,16.2,21.6,38.9,63.2,15,1,10,1,18,1.17,9.77,,
5101902,Brasnorte,resto_mt,Demais MT,FALSE,2011,15783,0.93,0.85,37,6.3,47,9.6,,,,,,,,,4.4,3.9,94.1,89.5,28,53.8,58.5,13.1,0.8,28.6,23.8,45,67.5,,,,,,,,,
5101902,Brasnorte,resto_mt,Demais MT,FALSE,2012,16194,0.93,0.85,37,6.3,47,9.6,,,,,,,,,,,,,26,52,62.1,12.2,0.4,24.2,23.2,55.2,65.3,,,,,,,,,
5101902,Brasnorte,resto_mt,Demais MT,FALSE,2013,16895,0.93,0.85,37,6.3,47,9.6,4.78,,154.29,,,,,,4.9,3.6,96.6,91.2,26,57.7,57.8,9.8,0.4,9,21.3,57.7,63.1,,,,,,,,,
5101902,Brasnorte,resto_mt,Demais MT,FALSE,2014,17361,0.93,0.85,37,6.3,47,9.6,4.82,,172.06,,,,,,,,,,26,57.7,52.1,8.5,0.2,20.4,18.2,72.2,73.1,,,,,,,,,
5101902,Brasnorte,resto_mt,Demais MT,FALSE,2015,17815,0.93,0.85,37,6.3,47,9.6,4.92,,175.42,,,,,,5.3,4,96.6,92.6,26,65.4,58.4,7.9,0.2,9.9,13,56.4,68,28,2,10,1,18,1.01,15.72,,
5101902,Brasnorte,resto_mt,Demais MT,FALSE,2016,18258,0.93,0.85,37,6.3,47,9.6,5.32,,194.6,,,,,,,,,,26,65.4,57.8,7.8,0.1,11.3,13.5,55.5,60.8,,,,,,,,,
5101902,Brasnorte,resto_mt,Demais MT,FALSE,2017,18688,0.93,0.85,37,6.3,47,9.6,4.99,,172.66,,,,,,5.4,4.5,98.2,95.8,26,50,62.6,8.5,0.3,9.4,10.1,67.2,65.6,,,,,,,,,
5101902,Brasnorte,resto_mt,Demais MT,FALSE,2018,19248,0.93,0.85,37,6.3,47,9.6,4.11,,118.21,,,,,,,,,,26,77.8,64.3,7,0.2,0,6.7,61,68.9,,,,,,,,,
5101902,Brasnorte,resto_mt,Demais MT,FALSE,2019,19695,0.93,0.85,37,6.3,47,9.6,3.04,1.12,260.72,,,,,,5.7,4.5,97.9,92.6,19,100,62.1,16.4,0.2,14.9,8.2,60.9,75.5,,,,,,,,,
5101902,Brasnorte,resto_mt,Demais MT,FALSE,2020,20140,0.93,0.85,37,6.3,47,9.6,2.81,1.15,254.77,,,,,,,,,,19,100,61.8,13.5,,11.7,9.1,69.3,63.2,37,2,10,1,18,0.89,18.37,2567,12.7
5101902,Brasnorte,resto_mt,Demais MT,FALSE,2021,20571,0.93,0.85,37,6.3,47,9.6,2.82,1.15,245.8,,,,,,5.4,4.5,99.4,96.7,19,100,,18.6,0,9.8,12.2,76.4,72.8,,,,,,,,,
5101902,Brasnorte,resto_mt,Demais MT,FALSE,2022,17004,0.93,0.85,37,6.3,47,9.6,4.29,1.41,397.85,,,,,,,,,,19,100,,15.4,0,18.3,13.3,82,76.2,,,,,,,,,
5101902,Brasnorte,resto_mt,Demais MT,FALSE,2023,17004,0.93,0.85,37,6.3,47,9.6,5.31,1.64,717.49,,,,,,5.9,4.6,99.4,98.1,18,100,,,,,,,,38,2,13,1,21,1.24,22.35,3751,22.1
5101902,Brasnorte,resto_mt,Demais MT,FALSE,2024,17496,0.93,0.85,37,6.3,47,9.6,5.22,1.8,764.32,,,,,,,,,,19,100,,,,,,,,,,,,,,,,
5101902,Brasnorte,resto_mt,Demais MT,FALSE,2025,17645,0.93,0.85,37,6.3,47,9.6,,,,,,,,,,,,,,,,,,,,,,,,,,,,,,
5102504,Cáceres,pantanal_norte,Pantanal-13,TRUE,2000,85857,0.28,0.16,25,11.4,63.2,0.2,,,,0.586,Baixo,0.61,58.23,11.33,,,,,,,,,,22.8,,46.3,33.4,,,,,,,,,
5102504,Cáceres,pantanal_norte,Pantanal-13,TRUE,2001,82992,0.28,0.16,25,11.4,63.2,0.2,,,,,,,,,,,,,,,,,,28.6,,45.9,28.1,,,,,,,,,
5102504,Cáceres,pantanal_norte,Pantanal-13,TRUE,2002,84115,0.28,0.16,25,11.4,63.2,0.2,,,,,,,,,,,,,,,,,,21.9,24.4,48.3,32.2,,,,,,,,,
5102504,Cáceres,pantanal_norte,Pantanal-13,TRUE,2003,85274,0.28,0.16,25,11.4,63.2,0.2,,,,,,,,,,,,,,,,,,16.8,22.6,45.2,33.2,,,,,,,,,
5102504,Cáceres,pantanal_norte,Pantanal-13,TRUE,2004,87708,0.28,0.16,25,11.4,63.2,0.2,,,,,,,,,,,,,,,,,,18.3,19,49.3,37,,,,,,,,,
5102504,Cáceres,pantanal_norte,Pantanal-13,TRUE,2005,89054,0.28,0.16,25,11.4,63.2,0.2,,,,,,,,,3.7,3.1,82.9,73.3,,,,,,15.6,16.9,48,34.1,,,,,,,,,
5102504,Cáceres,pantanal_norte,Pantanal-13,TRUE,2006,90391,0.28,0.16,25,11.4,63.2,0.2,,,,,,,,,,,,,,,,,,17.2,17,50.7,34.9,,,,,,,,,
5102504,Cáceres,pantanal_norte,Pantanal-13,TRUE,2007,84175,0.28,0.16,25,11.4,63.2,0.2,,,,,,,,,4.2,3.5,88.3,82.8,70,31.4,,19,2.5,14.2,15.6,53.5,38.8,,,,,,,,,
5102504,Cáceres,pantanal_norte,Pantanal-13,TRUE,2008,86805,0.28,0.16,25,11.4,63.2,0.2,,,,,,,,,,,,,69,34.8,,17.7,1.8,18.1,16.4,54.3,37.5,,,,,,,,,
5102504,Cáceres,pantanal_norte,Pantanal-13,TRUE,2009,87261,0.28,0.16,25,11.4,63.2,0.2,,,,,,,,,4.6,4.4,93.1,90.3,70,47.1,88.4,19.4,1.5,17,16.4,60,39,,,,,,,,,
5102504,Cáceres,pantanal_norte,Pantanal-13,TRUE,2010,87942,0.28,0.16,25,11.4,63.2,0.2,,,,0.708,Alto,0.53,37.01,4.69,,,,,68,54.4,88.2,14.4,0.9,13.6,16.4,54.3,41.2,92,5,31,4,176,2,10.46,,
5102504,Cáceres,pantanal_norte,Pantanal-13,TRUE,2011,88428,0.28,0.16,25,11.4,63.2,0.2,,,,,,,,,4.7,4.2,96.9,94,76,57.6,88.7,11.5,0.6,17.6,16.2,53.3,40.4,,,,,,,,,
5102504,Cáceres,pantanal_norte,Pantanal-13,TRUE,2012,88897,0.28,0.16,25,11.4,63.2,0.2,,,,,,,,,,,,,77,66.7,87.8,8.3,0.4,14.8,15.4,57.3,45.8,,,,,,,,,
5102504,Cáceres,pantanal_norte,Pantanal-13,TRUE,2013,89683,0.28,0.16,25,11.4,63.2,0.2,8.23,,262.25,,,,,,4.8,4.1,97.1,94.7,73,66.2,86.9,6.2,0.4,15.9,16.1,55.2,43.8,,,,,,,,,
5102504,Cáceres,pantanal_norte,Pantanal-13,TRUE,2014,90106,0.28,0.16,25,11.4,63.2,0.2,8.47,,269.14,,,,,,,,,,74,65.2,84,4.6,0.1,13.6,14.8,56.7,41.6,,,,,,,,,
5102504,Cáceres,pantanal_norte,Pantanal-13,TRUE,2015,90518,0.28,0.16,25,11.4,63.2,0.2,8.12,,237.62,,,,,,5,4.3,97.4,94,73,70.6,84.8,4.7,0.3,12.8,14.1,59.7,51.6,116,5,28,3,195,2.15,12.82,,
5102504,Cáceres,pantanal_norte,Pantanal-13,TRUE,2016,90881,0.28,0.16,25,11.4,63.2,0.2,7.77,,211.17,,,,,,,,,,73,75,86.5,4.6000000000000005,0.3,15.9,14.1,61.5,54.5,,,,,,,,,
5102504,Cáceres,pantanal_norte,Pantanal-13,TRUE,2017,91271,0.28,0.16,25,11.4,63.2,0.2,7.67,,219.53,,,,,,5.2,4.3,97.2,94.9,71,66.2,85.6,5.5,0.2,16,14.9,65.3,53,,,,,,,,,
5102504,Cáceres,pantanal_norte,Pantanal-13,TRUE,2018,93882,0.28,0.16,25,11.4,63.2,0.2,7.6,,222.41,,,,,,,,,,71,77.6,88.1,5.4,0.2,15.1,15.6,75.9,57.7,,,,,,,,,
5102504,Cáceres,pantanal_norte,Pantanal-13,TRUE,2019,94376,0.28,0.16,25,11.4,63.2,0.2,7.32,2.72,654.23,,,,,,5.1,4.1,96.8,90.3,70,98.5,91,5.1,0.1,9.6,13.5,66.3,61.2,,,,,,,,,
5102504,Cáceres,pantanal_norte,Pantanal-13,TRUE,2020,94861,0.28,0.16,25,11.4,63.2,0.2,7.5,2.72,644.93,,,,,,,,,,67,96.9,90.4,4.8,,12.5,12.4,63.1,55,181,7,38,4,229,2.41,19.08,41958,44.2
5102504,Cáceres,pantanal_norte,Pantanal-13,TRUE,2021,95339,0.28,0.16,25,11.4,63.2,0.2,7.55,2.71,626.08,,,,,,5.1,4.6,100,99.6,73,98.4,,3.7,0,14.2,12,65.9,58.3,,,,,,,,,
5102504,Cáceres,pantanal_norte,Pantanal-13,TRUE,2022,89681,0.28,0.16,25,11.4,63.2,0.2,10.01,3.02,883.11,,,,,,,,,,73,98.5,,2.8,0.2,13.6,13.4,65,61.2,,,,,,,,,
5102504,Cáceres,pantanal_norte,Pantanal-13,TRUE,2023,89681,0.28,0.16,25,11.4,63.2,0.2,10.69,3.28,1390.67,,,,,,5.3,4.4,99.7,98.9,73,100,,,,,,,,238,6,50,4,285,3.18,26.54,37353,41.7
5102504,Cáceres,pantanal_norte,Pantanal-13,TRUE,2024,91626,0.28,0.16,25,11.4,63.2,0.2,10.15,3.84,1468.94,,,,,,,,,,73,100,,,,,,,,,,,,,,,,
5102504,Cáceres,pantanal_norte,Pantanal-13,TRUE,2025,91767,0.28,0.16,25,11.4,63.2,0.2,,,,,,,,,,,,,,,,,,,,,,,,,,,,,,
5102603,Campinápolis,resto_mt,Demais MT,FALSE,2000,12419,0.67,0.59,16.1,4.6,24.1,55.1,,,,0.443,Muito Baixo,0.6,67.78,23.36,,,,,,,,,,39.8,,35.3,16.4,,,,,,,,,
5102603,Campinápolis,resto_mt,Demais MT,FALSE,2001,12496,0.67,0.59,16.1,4.6,24.1,55.1,,,,,,,,,,,,,,,,,,25.3,,35.4,31.6,,,,,,,,,
5102603,Campinápolis,resto_mt,Demais MT,FALSE,2002,12545,0.67,0.59,16.1,4.6,24.1,55.1,,,,,,,,,,,,,,,,,,47.9,38,29.3,25.7,,,,,,,,,
5102603,Campinápolis,resto_mt,Demais MT,FALSE,2003,12604,0.67,0.59,16.1,4.6,24.1,55.1,,,,,,,,,,,,,,,,,,53.3,42.1,37.3,38.7,,,,,,,,,
5102603,Campinápolis,resto_mt,Demais MT,FALSE,2004,12727,0.67,0.59,16.1,4.6,24.1,55.1,,,,,,,,,,,,,,,,,,78.7,58.6,33.1,38.6,,,,,,,,,
5102603,Campinápolis,resto_mt,Demais MT,FALSE,2005,12796,0.67,0.59,16.1,4.6,24.1,55.1,,,,,,,,,2.2,2.5,57.4,61.7,,,,,,62.5,64.1,32.5,44.4,,,,,,,,,
5102603,Campinápolis,resto_mt,Demais MT,FALSE,2006,12863,0.67,0.59,16.1,4.6,24.1,55.1,,,,,,,,,,,,,,,,,,87.5,76.1,38.1,48.8,,,,,,,,,
5102603,Campinápolis,resto_mt,Demais MT,FALSE,2007,13666,0.67,0.59,16.1,4.6,24.1,55.1,,,,,,,,,3.3,3.5,76.7,77.6,47,6.4,,48.3,6.7,96.6,82.7,38.1,50.6,,,,,,,,,
5102603,Campinápolis,resto_mt,Demais MT,FALSE,2008,14137,0.67,0.59,16.1,4.6,24.1,55.1,,,,,,,,,,,,,47,8.5,,45.7,5.9,99.4,94.8,45.3,51.4,,,,,,,,,
5102603,Campinápolis,resto_mt,Demais MT,FALSE,2009,14301,0.67,0.59,16.1,4.6,24.1,55.1,,,,,,,,,3.9,3.7,94.4,86.2,49,10.2,26.2,45.5,5.4,82.8,93.4,43.3,53.5,,,,,,,,,
5102603,Campinápolis,resto_mt,Demais MT,FALSE,2010,14305,0.67,0.59,16.1,4.6,24.1,55.1,,,,0.538,Baixo,0.69,66.27,37.82,,,,,48,10.4,26.7,37.5,4.8,124.1,101.1,49.6,53.3,6,1,4,1,10,0.7,4.19,,
5102603,Campinápolis,resto_mt,Demais MT,FALSE,2011,14450,0.67,0.59,16.1,4.6,24.1,55.1,,,,,,,,,4.4,4.2,98,95.3,53,16.7,31.8,27.8,1.9,81.5,93,35.3,39.1,,,,,,,,,
5102603,Campinápolis,resto_mt,Demais MT,FALSE,2012,14590,0.67,0.59,16.1,4.6,24.1,55.1,,,,,,,,,,,,,54,18.2,31.7,23.6,3.2,69.3,85.4,29.2,22.6,,,,,,,,,
5102603,Campinápolis,resto_mt,Demais MT,FALSE,2013,14827,0.67,0.59,16.1,4.6,24.1,55.1,9.91,,361.99,,,,,,4.7,4,95.7,91.9,54,18.2,29.9,20.7,3.9,31.4,57.2,22.6,15.7,,,,,,,,,
5102603,Campinápolis,resto_mt,Demais MT,FALSE,2014,14971,0.67,0.59,16.1,4.6,24.1,55.1,9.2,,330.39,,,,,,,,,,54,20,27.3,17.3,5.4,73.9,56.2,26.9,21.1,,,,,,,,,
5102603,Campinápolis,resto_mt,Demais MT,FALSE,2015,15112,0.67,0.59,16.1,4.6,24.1,55.1,8.66,,301.83,,,,,,4.6,3.6,95.2,88,54,22.7,26.2,14.1,1.6,28.8,41.9,19.3,23.1,10,1,4,1,10,0.66,6.62,,
5102603,Campinápolis,resto_mt,Demais MT,FALSE,2016,15252,0.67,0.59,16.1,4.6,24.1,55.1,8.09,,339.77,,,,,,,,,,54,25,22.4,13.7,1.2,29.7,41.1,23.5,21.6,,,,,,,,,
5102603,Campinápolis,resto_mt,Demais MT,FALSE,2017,15386,0.67,0.59,16.1,4.6,24.1,55.1,7.45,,393.37,,,,,,5,3.7,97.8,92.3,55,24.4,23.1,12.1,1.5,31.6,30.1,23.7,22.3,,,,,,,,,
5102603,Campinápolis,resto_mt,Demais MT,FALSE,2018,15830,0.67,0.59,16.1,4.6,24.1,55.1,7.29,,423.97,,,,,,,,,,55,20,21.5,10.7,0.9,27.4,29.6,24.9,11.4,,,,,,,,,
5102603,Campinápolis,resto_mt,Demais MT,FALSE,2019,15980,0.67,0.59,16.1,4.6,24.1,55.1,7.03,1.15,600.38,,,,,,4.8,3.4,93.7,87,45,31.1,25.5,10.6,1.3,52.9,37.5,27.8,25.3,,,,,,,,,
5102603,Campinápolis,resto_mt,Demais MT,FALSE,2020,16919,0.67,0.59,16.1,4.6,24.1,55.1,6.64,1.03,546.17,,,,,,,,,,55,44.4,22.8,13.5,,34.5,38.4,29.4,21.6,10,1,4,1,13,0.77,5.91,1865,11
5102603,Campinápolis,resto_mt,Demais MT,FALSE,2021,16223,0.67,0.59,16.1,4.6,24.1,55.1,7.01,1.07,573.13,,,,,,4.8,4.5,97.5,94.1,52,55.6,,11.5,1.1,49.1,45.7,27.8,15.1,,,,,,,,,
5102603,Campinápolis,resto_mt,Demais MT,FALSE,2022,15347,0.67,0.59,16.1,4.6,24.1,55.1,7.92,1.11,685.26,,,,,,,,,,52,57.8,,11.2,1,60.5,48,31.2,30.2,,,,,,,,,
5102603,Campinápolis,resto_mt,Demais MT,FALSE,2023,15347,0.67,0.59,16.1,4.6,24.1,55.1,9.3,1.15,1190.85,,,,,,5.1,4,96.2,91.3,45,57.8,,,,,,,,19,1,4,1,9,0.59,12.38,2054,13.4
5102603,Campinápolis,resto_mt,Demais MT,FALSE,2024,15713,0.67,0.59,16.1,4.6,24.1,55.1,10.6,1.27,1393.33,,,,,,,,,,24,91.7,,,,,,,,,,,,,,,,
5102603,Campinápolis,resto_mt,Demais MT,FALSE,2025,15808,0.67,0.59,16.1,4.6,24.1,55.1,,,,,,,,,,,,,,,,,,,,,,,,,,,,,,
5102637,Campo Novo do Parecis,resto_mt,Demais MT,FALSE,2000,17638,4.28,4.34,33.2,8.3,56.9,1.4,,,,0.595,Baixo,0.68,50.11,12.35,,,,,,,,,,9.4,,39.9,64.3,,,,,,,,,
5102637,Campo Novo do Parecis,resto_mt,Demais MT,FALSE,2001,18998,4.28,4.34,33.2,8.3,56.9,1.4,,,,,,,,,,,,,,,,,,19.4,,39.1,72.2,,,,,,,,,
5102637,Campo Novo do Parecis,resto_mt,Demais MT,FALSE,2002,20178,4.28,4.34,33.2,8.3,56.9,1.4,,,,,,,,,,,,,,,,,,5.4,11.4,40.4,67.7,,,,,,,,,
5102637,Campo Novo do Parecis,resto_mt,Demais MT,FALSE,2003,21358,4.28,4.34,33.2,8.3,56.9,1.4,,,,,,,,,,,,,,,,,,17.5,14.1,41.6,70.8,,,,,,,,,
5102637,Campo Novo do Parecis,resto_mt,Demais MT,FALSE,2004,23833,4.28,4.34,33.2,8.3,56.9,1.4,,,,,,,,,,,,,,,,,,11,11.4,49.7,56,,,,,,,,,
5102637,Campo Novo do Parecis,resto_mt,Demais MT,FALSE,2005,25202,4.28,4.34,33.2,8.3,56.9,1.4,,,,,,,,,3.5,3,79.1,67.7,,,,,,18.4,15.6,55.9,70.8,,,,,,,,,
5102637,Campo Novo do Parecis,resto_mt,Demais MT,FALSE,2006,26562,4.28,4.34,33.2,8.3,56.9,1.4,,,,,,,,,,,,,,,,,,21.5,17,51.9,64.4,,,,,,,,,
5102637,Campo Novo do Parecis,resto_mt,Demais MT,FALSE,2007,22322,4.28,4.34,33.2,8.3,56.9,1.4,,,,,,,,,4.5,3.9,85.7,77.6,23,47.8,,18.1,3.8,7.7,16.3,53.8,67.9,,,,,,,,,
5102637,Campo Novo do Parecis,resto_mt,Demais MT,FALSE,2008,23230,4.28,4.34,33.2,8.3,56.9,1.4,,,,,,,,,,,,,23,52.2,,15.9,3.5,10.8,13.6,51.3,69.5,,,,,,,,,
5102637,Campo Novo do Parecis,resto_mt,Demais MT,FALSE,2009,23784,4.28,4.34,33.2,8.3,56.9,1.4,,,,,,,,,4.7,4.4,88.6,84.6,23,47.8,72.1,15.3,2,13.1,10.7,59,67,,,,,,,,,
5102637,Campo Novo do Parecis,resto_mt,Demais MT,FALSE,2010,27577,4.28,4.34,33.2,8.3,56.9,1.4,,,,0.734,Alto,0.45,13.98,0.73,,,,,22,55,74.9,13.3,0.6,9.4,11,62,72.8,27,3,14,2,17,0.62,9.79,,
5102637,Campo Novo do Parecis,resto_mt,Demais MT,FALSE,2011,28340,4.28,4.34,33.2,8.3,56.9,1.4,,,,,,,,,4.5,4,85.2,83.1,24,54.5,77.8,13.1,0.5,3.6,8.4,69.8,74.7,,,,,,,,,
5102637,Campo Novo do Parecis,resto_mt,Demais MT,FALSE,2012,29078,4.28,4.34,33.2,8.3,56.9,1.4,,,,,,,,,,,,,24,61.9,83.9,15.5,0.3,12.1,8.4,72.7,72.5,,,,,,,,,
5102637,Campo Novo do Parecis,resto_mt,Demais MT,FALSE,2013,30335,4.28,4.34,33.2,8.3,56.9,1.4,3.19,,104.65,,,,,,5.4,4.3,90.3,85.6,25,68.2,81.8,15.7,0.3,21.3,12.7,75.9,70,,,,,,,,,
5102637,Campo Novo do Parecis,resto_mt,Demais MT,FALSE,2014,31171,4.28,4.34,33.2,8.3,56.9,1.4,3.17,,100.84,,,,,,,,,,26,65.2,80.9,10.5,0.3,13,15.5,71.2,77.7,,,,,,,,,
5102637,Campo Novo do Parecis,resto_mt,Demais MT,FALSE,2015,31985,4.28,4.34,33.2,8.3,56.9,1.4,2.93,,84.3,,,,,,5.6,4.7,95.1,90.5,26,82.6,82.6,11.9,0.1,15.9,16.7,71.6,73.8,30,3,14,2,21,0.66,9.38,,
5102637,Campo Novo do Parecis,resto_mt,Demais MT,FALSE,2016,32778,4.28,4.34,33.2,8.3,56.9,1.4,2.9,,73.96,,,,,,,,,,29,80.8,80.7,9.9,0.5,15.5,14.9,69.9,72.2,,,,,,,,,
5102637,Campo Novo do Parecis,resto_mt,Demais MT,FALSE,2017,33551,4.28,4.34,33.2,8.3,56.9,1.4,2.41,,58.78,,,,,,5.8,4.9,93.1,90.2,29,76.9,79.7,9.3,0.4,5.4,12.2,69.6,78.5,,,,,,,,,
5102637,Campo Novo do Parecis,resto_mt,Demais MT,FALSE,2018,34558,4.28,4.34,33.2,8.3,56.9,1.4,1.92,,46.57,,,,,,,,,,29,80.8,82.7,9.2,0.1,9.1,10,66.1,84.9,,,,,,,,,
5102637,Campo Novo do Parecis,resto_mt,Demais MT,FALSE,2019,35360,4.28,4.34,33.2,8.3,56.9,1.4,1.31,1.3,239.46,,,,,,5.8,5.1,93.7,90.4,27,100,83.6,8.7,0.1,10.7,8.4,71.2,78.2,,,,,,,,,
5102637,Campo Novo do Parecis,resto_mt,Demais MT,FALSE,2020,36143,4.28,4.34,33.2,8.3,56.9,1.4,1.42,1.28,238.23,,,,,,,,,,28,100,86.2,8.4,,16.5,12.2,74.6,73.5,55,3,21,2,28,0.77,15.22,35395,97.9
5102637,Campo Novo do Parecis,resto_mt,Demais MT,FALSE,2021,36917,4.28,4.34,33.2,8.3,56.9,1.4,1.83,1.25,235.81,,,,,,5.5,5,99.6,96,32,100,,6.1,0.2,13.4,13.6,65.7,79,,,,,,,,,
5102637,Campo Novo do Parecis,resto_mt,Demais MT,FALSE,2022,45899,4.28,4.34,33.2,8.3,56.9,1.4,2.11,1.06,253.88,,,,,,,,,,32,92.9,,4.5,0.2,12.4,14.1,79.3,79.2,,,,,,,,,
5102637,Campo Novo do Parecis,resto_mt,Demais MT,FALSE,2023,45899,4.28,4.34,33.2,8.3,56.9,1.4,2.77,1.12,398.49,,,,,,6.3,5,99.6,99,33,89.3,,,,,,,,109,3,32,2,22,0.48,23.75,40522,88.3
5102637,Campo Novo do Parecis,resto_mt,Demais MT,FALSE,2024,50033,4.28,4.34,33.2,8.3,56.9,1.4,2.49,1.16,380.82,,,,,,,,,,32,100,,,,,,,,,,,,,,,,
5102637,Campo Novo do Parecis,resto_mt,Demais MT,FALSE,2025,51722,4.28,4.34,33.2,8.3,56.9,1.4,,,,,,,,,,,,,,,,,,,,,,,,,,,,,,
5102678,Campo Verde,resto_mt,Demais MT,FALSE,2000,17221,2.98,2.91,35.7,6.8,57.2,0.1,,,,0.638,Médio,0.63,44.65,2.8,,,,,,,,,,24.9,,53.2,82,,,,,,,,,
5102678,Campo Verde,resto_mt,Demais MT,FALSE,2001,18524,2.98,2.91,35.7,6.8,57.2,0.1,,,,,,,,,,,,,,,,,,9.1,,54,83.6,,,,,,,,,
5102678,Campo Verde,resto_mt,Demais MT,FALSE,2002,19587,2.98,2.91,35.7,6.8,57.2,0.1,,,,,,,,,,,,,,,,,,9.6,14,44.3,84.6,,,,,,,,,
5102678,Campo Verde,resto_mt,Demais MT,FALSE,2003,20685,2.98,2.91,35.7,6.8,57.2,0.1,,,,,,,,,,,,,,,,,,10.1,9.6,44.5,80.9,,,,,,,,,
5102678,Campo Verde,resto_mt,Demais MT,FALSE,2004,22991,2.98,2.91,35.7,6.8,57.2,0.1,,,,,,,,,,,,,,,,,,10.6,10.1,47.1,83.8,,,,,,,,,
5102678,Campo Verde,resto_mt,Demais MT,FALSE,2005,24267,2.98,2.91,35.7,6.8,57.2,0.1,,,,,,,,,4.3,3.3,89.3,72.2,,,,,,10,10.2,45.4,80.7,,,,,,,,,
5102678,Campo Verde,resto_mt,Demais MT,FALSE,2006,25533,2.98,2.91,35.7,6.8,57.2,0.1,,,,,,,,,,,,,,,,,,20.2,13.2,44.2,78.9,,,,,,,,,
5102678,Campo Verde,resto_mt,Demais MT,FALSE,2007,25924,2.98,2.91,35.7,6.8,57.2,0.1,,,,,,,,,4.5,4.1,86.6,84.2,20,65,,13.7,1.6,10,13.1,41.2,76.5,,,,,,,,,
5102678,Campo Verde,resto_mt,Demais MT,FALSE,2008,27151,2.98,2.91,35.7,6.8,57.2,0.1,,,,,,,,,,,,,20,95,,13.1,1.6,7.7,12.5,49.3,78.6,,,,,,,,,
5102678,Campo Verde,resto_mt,Demais MT,FALSE,2009,28147,2.98,2.91,35.7,6.8,57.2,0.1,,,,,,,,,5.2,4.4,91.5,85.6,20,85,73,14.9,0.5,15.2,11.1,56.7,76.9,,,,,,,,,
5102678,Campo Verde,resto_mt,Demais MT,FALSE,2010,31589,2.98,2.91,35.7,6.8,57.2,0.1,,,,0.75,Alto,0.51,17.25,1.51,,,,,21,70,72.8,12.9,0.1,20.4,14.7,62.2,80.1,46,2,17,2,27,0.85,14.56,,
5102678,Campo Verde,resto_mt,Demais MT,FALSE,2011,32692,2.98,2.91,35.7,6.8,57.2,0.1,,,,,,,,,5.5,4.9,95.6,95.4,20,95,76.7,9.4,0.2,14.8,16.8,70,79,,,,,,,,,
5102678,Campo Verde,resto_mt,Demais MT,FALSE,2012,33759,2.98,2.91,35.7,6.8,57.2,0.1,,,,,,,,,,,,,22,100,73.7,7.2,0.1,14.8,16.6,70.1,76.3,,,,,,,,,
5102678,Campo Verde,resto_mt,Demais MT,FALSE,2013,35578,2.98,2.91,35.7,6.8,57.2,0.1,3.55,,116.33,,,,,,5.5,4.6,95.2,94,23,100,81.5,5.8,0.2,9.6,13,78.2,76.4,,,,,,,,,
5102678,Campo Verde,resto_mt,Demais MT,FALSE,2014,36800,2.98,2.91,35.7,6.8,57.2,0.1,3.22,,101.78,,,,,,,,,,23,100,86.3,6.5,0.1,9.4,11.1,74.8,83.7,,,,,,,,,
5102678,Campo Verde,resto_mt,Demais MT,FALSE,2015,37989,2.98,2.91,35.7,6.8,57.2,0.1,2.88,,83.15,,,,,,6,4.5,95.2,88.7,24,100,80.9,6.9,0.1,12,10.4,74.1,85.1,53,3,23,2,29,0.76,13.95,,
5102678,Campo Verde,resto_mt,Demais MT,FALSE,2016,38814,2.98,2.91,35.7,6.8,57.2,0.1,3.05,,80.34,,,,,,,,,,25,87.5,84.5,7.6,0.1,10.5,10.7,76.8,87,,,,,,,,,
5102678,Campo Verde,resto_mt,Demais MT,FALSE,2017,39933,2.98,2.91,35.7,6.8,57.2,0.1,2.75,,69.74,,,,,,6,5.2,97.1,94.3,27,80.8,81.6,8.6,0,6.4,9.6,80.3,86.5,,,,,,,,,
5102678,Campo Verde,resto_mt,Demais MT,FALSE,2018,42871,2.98,2.91,35.7,6.8,57.2,0.1,2.44,,60.16,,,,,,,,,,27,96.2,86.1,7.4,0,4.8,7.2,83.7,87.3,,,,,,,,,
5102678,Campo Verde,resto_mt,Demais MT,FALSE,2019,44041,2.98,2.91,35.7,6.8,57.2,0.1,1.96,1.54,294.69,,,,,,6.3,5,97.5,92.5,26,100,85.7,6.3,0,7.9,6.3,84.7,88.4,,,,,,,,,
5102678,Campo Verde,resto_mt,Demais MT,FALSE,2020,45740,2.98,2.91,35.7,6.8,57.2,0.1,1.7,1.47,276.29,,,,,,,,,,28,100,80.1,5.6,,3.8,5.5,84.1,90.9,85,4,34,2,63,1.38,18.58,24861,54.4
5102678,Campo Verde,resto_mt,Demais MT,FALSE,2021,44033,2.98,2.91,35.7,6.8,57.2,0.1,2.11,1.45,273.98,,,,,,6.1,5.2,100,98.6,29,100,,4.3,0,9.7,7.2,82.8,88.6,,,,,,,,,
5102678,Campo Verde,resto_mt,Demais MT,FALSE,2022,44585,2.98,2.91,35.7,6.8,57.2,0.1,2.76,1.39,327.66,,,,,,,,,,30,100,,3.4,0,0,4.6,79.2,89.3,,,,,,,,,
5102678,Campo Verde,resto_mt,Demais MT,FALSE,2023,44585,2.98,2.91,35.7,6.8,57.2,0.1,3.23,1.5,501.75,,,,,,6,5.2,99.9,98.4,31,100,,,,,,,,96,4,32,2,61,1.37,21.53,30314,68
5102678,Campo Verde,resto_mt,Demais MT,FALSE,2024,47831,2.98,2.91,35.7,6.8,57.2,0.1,3.39,1.6,536.74,,,,,,,,,,32,100,,,,,,,,,,,,,,,,
5102678,Campo Verde,resto_mt,Demais MT,FALSE,2025,49053,2.98,2.91,35.7,6.8,57.2,0.1,,,,,,,,,,,,,,,,,,,,,,,,,,,,,,
5102686,Campos de Júlio,resto_mt,Demais MT,FALSE,2000,2895,4.48,4.58,34.1,8.1,57.2,0.6,,,,0.636,Médio,0.87,80.02,41.87,,,,,,,,,,62.5,,35.4,83.3,,,,,,,,,
5102686,Campos de Júlio,resto_mt,Demais MT,FALSE,2001,3135,4.48,4.58,34.1,8.1,57.2,0.6,,,,,,,,,,,,,,,,,,24.4,,51.2,73.2,,,,,,,,,
5102686,Campos de Júlio,resto_mt,Demais MT,FALSE,2002,3285,4.48,4.58,34.1,8.1,57.2,0.6,,,,,,,,,,,,,,,,,,25.6,39.1,43.6,66.7,,,,,,,,,
5102686,Campos de Júlio,resto_mt,Demais MT,FALSE,2003,3466,4.48,4.58,34.1,8.1,57.2,0.6,,,,,,,,,,,,,,,,,,57.7,37.9,46.2,61.5,,,,,,,,,
5102686,Campos de Júlio,resto_mt,Demais MT,FALSE,2004,3845,4.48,4.58,34.1,8.1,57.2,0.6,,,,,,,,,,,,,,,,,,14.9,31.6,37.3,79.1,,,,,,,,,
5102686,Campos de Júlio,resto_mt,Demais MT,FALSE,2005,4055,4.48,4.58,34.1,8.1,57.2,0.6,,,,,,,,,3.8,4,80.8,76.9,,,,,,0,21.6,42.4,89.4,,,,,,,,,
5102686,Campos de Júlio,resto_mt,Demais MT,FALSE,2006,4264,4.48,4.58,34.1,8.1,57.2,0.6,,,,,,,,,,,,,,,,,,11.8,9.2,63.5,84.7,,,,,,,,,
5102686,Campos de Júlio,resto_mt,Demais MT,FALSE,2007,4770,4.48,4.58,34.1,8.1,57.2,0.6,,,,,,,,,4.7,3.4,90.8,69.9,4,50,,12.3,0.4,24.7,12.9,59.3,90.1,,,,,,,,,
5102686,Campos de Júlio,resto_mt,Demais MT,FALSE,2008,5010,4.48,4.58,34.1,8.1,57.2,0.6,,,,,,,,,,,,,4,50,,13.8,0.2,33.7,23.5,59.6,92.1,,,,,,,,,
5102686,Campos de Júlio,resto_mt,Demais MT,FALSE,2009,5223,4.48,4.58,34.1,8.1,57.2,0.6,,,,,,,,,5.4,5.1,94.3,91.5,4,100,66.2,8.3,0.2,37,32.4,60.2,93.5,,,,,,,,,
5102686,Campos de Júlio,resto_mt,Demais MT,FALSE,2010,5154,4.48,4.58,34.1,8.1,57.2,0.6,,,,0.744,Alto,0.62,14.82,0.46,,,,,4,100,65.7,7.5,0.2,51.5,40.8,49.5,93.8,10,0,2,1,13,2.52,19.4,,
5102686,Campos de Júlio,resto_mt,Demais MT,FALSE,2011,5327,4.48,4.58,34.1,8.1,57.2,0.6,,,,,,,,,5.6,5,99.6,96.9,6,100,64.6,6.7,0.2,8.8,31.3,65.8,93,,,,,,,,,
5102686,Campos de Júlio,resto_mt,Demais MT,FALSE,2012,5494,4.48,4.58,34.1,8.1,57.2,0.6,,,,,,,,,,,,,6,100,67,4.3,0.6,30.3,29,70.7,87.9,,,,,,,,,
5102686,Campos de Júlio,resto_mt,Demais MT,FALSE,2013,5778,4.48,4.58,34.1,8.1,57.2,0.6,4.5,,158.34,,,,,,5.8,4.9,99.8,93.3,7,80,84,3.7,0,25.4,21.1,61,83.9,,,,,,,,,
5102686,Campos de Júlio,resto_mt,Demais MT,FALSE,2014,5969,4.48,4.58,34.1,8.1,57.2,0.6,4.47,,176.36,,,,,,,,,,8,83.3,86.4,1.7,0,7.5,19.9,64.7,89.6,,,,,,,,,
5102686,Campos de Júlio,resto_mt,Demais MT,FALSE,2015,6155,4.48,4.58,34.1,8.1,57.2,0.6,4.65,,179.71,,,,,,5.9,4.8,99.7,94.8,8,100,87,3.1,0,13.8,15.1,67.6,86.2,20,0,5,1,13,2.11,32.49,,
5102686,Campos de Júlio,resto_mt,Demais MT,FALSE,2016,6336,4.48,4.58,34.1,8.1,57.2,0.6,4.15,,160.61,,,,,,,,,,8,83.3,94.7,2.6,0,0,7.5,66.7,87.8,,,,,,,,,
5102686,Campos de Júlio,resto_mt,Demais MT,FALSE,2017,6512,4.48,4.58,34.1,8.1,57.2,0.6,6.79,,222.49,,,,,,5.9,5.2,98.5,97.3,8,100,98.6,4.6,0.1,0,5,70.4,90.4,,,,,,,,,
5102686,Campos de Júlio,resto_mt,Demais MT,FALSE,2018,6710,4.48,4.58,34.1,8.1,57.2,0.6,7.3,,235.36,,,,,,,,,,8,100,98,4.4,0,14,5,71.3,86.7,,,,,,,,,
5102686,Campos de Júlio,resto_mt,Demais MT,FALSE,2019,6891,4.48,4.58,34.1,8.1,57.2,0.6,7.04,0.87,363.8,,,,,,6,4.8,100,95.7,8,100,100,4.1,0,15.9,9.9,76.2,83.3,,,,,,,,,
5102686,Campos de Júlio,resto_mt,Demais MT,FALSE,2020,7070,4.48,4.58,34.1,8.1,57.2,0.6,5.87,0.88,325.45,,,,,,,,,,7,100,100,3.7,,0,10.3,73.3,81.7,31,1,9,1,13,1.84,43.85,11803,100
5102686,Campos de Júlio,resto_mt,Demais MT,FALSE,2021,7245,4.48,4.58,34.1,8.1,57.2,0.6,5.38,0.86,301.6,,,,,,5.7,,99.8,98.5,7,100,,3.2,0,23.1,13.3,69.2,89.2,,,,,,,,,
5102686,Campos de Júlio,resto_mt,Demais MT,FALSE,2022,8822,4.48,4.58,34.1,8.1,57.2,0.6,4.59,0.76,305.77,,,,,,,,,,8,100,,3.1,0,40.8,22.7,72.1,82.3,,,,,,,,,
5102686,Campos de Júlio,resto_mt,Demais MT,FALSE,2023,8822,4.48,4.58,34.1,8.1,57.2,0.6,4.65,0.93,513.88,,,,,,6.2,5,99.9,99.8,9,87.5,,,,,,,,30,1,7,1,13,1.47,34.01,9887,100
5102686,Campos de Júlio,resto_mt,Demais MT,FALSE,2024,9608,4.48,4.58,34.1,8.1,57.2,0.6,3.62,0.95,431.6,,,,,,,,,,10,88.9,,,,,,,,,,,,,,,,
5102686,Campos de Júlio,resto_mt,Demais MT,FALSE,2025,9946,4.48,4.58,34.1,8.1,57.2,0.6,,,,,,,,,,,,,,,,,,,,,,,,,,,,,,
5102694,Canabrava do Norte,resto_mt,Demais MT,FALSE,2000,4989,-0.48,-0.54,27.6,10.4,60.4,1.6,,,,0.486,Muito Baixo,0.52,55.87,16.72,,,,,,,,,,13.3,,6.7,10.7,,,,,,,,,
5102694,Canabrava do Norte,resto_mt,Demais MT,FALSE,2001,5254,-0.48,-0.54,27.6,10.4,60.4,1.6,,,,,,,,,,,,,,,,,,28.2,,18.3,18.3,,,,,,,,,
5102694,Canabrava do Norte,resto_mt,Demais MT,FALSE,2002,5428,-0.48,-0.54,27.6,10.4,60.4,1.6,,,,,,,,,,,,,,,,,,0,13.3,16.5,22.8,,,,,,,,,
5102694,Canabrava do Norte,resto_mt,Demais MT,FALSE,2003,5631,-0.48,-0.54,27.6,10.4,60.4,1.6,,,,,,,,,,,,,,,,,,12.7,13.1,13.9,22.8,,,,,,,,,
5102694,Canabrava do Norte,resto_mt,Demais MT,FALSE,2004,6059,-0.48,-0.54,27.6,10.4,60.4,1.6,,,,,,,,,,,,,,,,,,0,4.3,14.9,24.3,,,,,,,,,
5102694,Canabrava do Norte,resto_mt,Demais MT,FALSE,2005,6295,-0.48,-0.54,27.6,10.4,60.4,1.6,,,,,,,,,3.1,2.8,77.2,63.2,,,,,,16.7,9.4,23.3,28.3,,,,,,,,,
5102694,Canabrava do Norte,resto_mt,Demais MT,FALSE,2006,6530,-0.48,-0.54,27.6,10.4,60.4,1.6,,,,,,,,,,,,,,,,,,0,5,40.3,29.9,,,,,,,,,
5102694,Canabrava do Norte,resto_mt,Demais MT,FALSE,2007,5337,-0.48,-0.54,27.6,10.4,60.4,1.6,,,,,,,,,3.9,3,91.4,84.1,4,50,,20.6,2.5,0,5.7,28.6,41.7,,,,,,,,,
5102694,Canabrava do Norte,resto_mt,Demais MT,FALSE,2008,5514,-0.48,-0.54,27.6,10.4,60.4,1.6,,,,,,,,,,,,,4,50,,14.7,2.4,33.3,11.4,43.3,65,,,,,,,,,
5102694,Canabrava do Norte,resto_mt,Demais MT,FALSE,2009,5563,-0.48,-0.54,27.6,10.4,60.4,1.6,,,,,,,,,4.4,4,94.4,90.8,4,50,21.2,13.8,2.4,0,12.3,31.5,55.6,,,,,,,,,
5102694,Canabrava do Norte,resto_mt,Demais MT,FALSE,2010,4786,-0.48,-0.54,27.6,10.4,60.4,1.6,,,,0.667,Médio,0.52,51.83,14.85,,,,,4,50,50,15.7,1.8,12.5,15.5,38,55,5,0,4,0,0,0,10.45,,
5102694,Canabrava do Norte,resto_mt,Demais MT,FALSE,2011,4771,-0.48,-0.54,27.6,10.4,60.4,1.6,,,,,,,,,4,3.7,92.8,91.7,7,100,78.4,23.3,1.7,0,5.2,50,53.4,,,,,,,,,
5102694,Canabrava do Norte,resto_mt,Demais MT,FALSE,2012,4756,-0.48,-0.54,27.6,10.4,60.4,1.6,,,,,,,,,,,,,7,80,82.2,19.9,1.3,14.9,9.8,52.2,56.7,,,,,,,,,
5102694,Canabrava do Norte,resto_mt,Demais MT,FALSE,2013,4728,-0.48,-0.54,27.6,10.4,60.4,1.6,9.86,,300.8,,,,,,4.2,,99.7,97,7,100,82.6,6,0.3,0,5.6,45.5,61.8,,,,,,,,,
5102694,Canabrava do Norte,resto_mt,Demais MT,FALSE,2014,4703,-0.48,-0.54,27.6,10.4,60.4,1.6,10.16,,323.39,,,,,,,,,,7,100,87.7,8,0,20.8,11.8,41.7,72.9,,,,,,,,,
5102694,Canabrava do Norte,resto_mt,Demais MT,FALSE,2015,4678,-0.48,-0.54,27.6,10.4,60.4,1.6,10.2,,281.23,,,,,,5.2,4.4,99.4,97.7,7,100,81.8,6.7,0.6,0,6.3,47.3,58.2,8,0,4,0,0,0,17.1,,
5102694,Canabrava do Norte,resto_mt,Demais MT,FALSE,2016,4654,-0.48,-0.54,27.6,10.4,60.4,1.6,9.93,,258.22,,,,,,,,,,7,100,97.4,5.5,2.6,0,6,60.3,53.2,,,,,,,,,
5102694,Canabrava do Norte,resto_mt,Demais MT,FALSE,2017,4630,-0.48,-0.54,27.6,10.4,60.4,1.6,8.03,,191.64,,,,,,4.8,4.1,99.7,95.6,7,66.7,95.1,6.1,0.3,17.9,5.7,46.4,71.4,,,,,,,,,
5102694,Canabrava do Norte,resto_mt,Demais MT,FALSE,2018,4761,-0.48,-0.54,27.6,10.4,60.4,1.6,6.89,,170,,,,,,,,,,7,100,93.9,1.9,0,14.1,10.5,63.4,67.6,,,,,,,,,
5102694,Canabrava do Norte,resto_mt,Demais MT,FALSE,2019,4743,-0.48,-0.54,27.6,10.4,60.4,1.6,6.3,1.5,398.1,,,,,,4.9,3.7,100,86.7,7,100,97.3,3.2,0,0,10.5,49.2,60.3,,,,,,,,,
5102694,Canabrava do Norte,resto_mt,Demais MT,FALSE,2020,4728,-0.48,-0.54,27.6,10.4,60.4,1.6,6.09,1.57,392.46,,,,,,,,,,7,100,98.4,2,,15.4,10.1,72.3,73.8,11,0,4,0,0,0,23.27,121,2.6
5102694,Canabrava do Norte,resto_mt,Demais MT,FALSE,2021,4711,-0.48,-0.54,27.6,10.4,60.4,1.6,6.64,1.63,404.84,,,,,,4.9,,100,93.7,5,100,,3.4,0,0,5.2,67.7,67.7,,,,,,,,,
5102694,Canabrava do Norte,resto_mt,Demais MT,FALSE,2022,4485,-0.48,-0.54,27.6,10.4,60.4,1.6,9.23,1.69,632.7,,,,,,,,,,5,100,,4.1,0,22.7,13.8,73.9,73.9,,,,,,,,,
5102694,Canabrava do Norte,resto_mt,Demais MT,FALSE,2023,4485,-0.48,-0.54,27.6,10.4,60.4,1.6,9.79,1.85,1095.66,,,,,,5.5,4.5,99.7,98.2,4,100,,,,,,,,13,1,3,1,5,1.11,28.99,156,3.5
5102694,Canabrava do Norte,resto_mt,Demais MT,FALSE,2024,4480,-0.48,-0.54,27.6,10.4,60.4,1.6,9.46,1.96,1118.15,,,,,,,,,,5,100,,,,,,,,,,,,,,,,
5102694,Canabrava do Norte,resto_mt,Demais MT,FALSE,2025,4451,-0.48,-0.54,27.6,10.4,60.4,1.6,,,,,,,,,,,,,,,,,,,,,,,,,,,,,,
5102702,Canarana,resto_mt,Demais MT,FALSE,2000,15408,2.79,2.71,36.1,6.8,48.5,8.4,,,,0.565,Baixo,0.61,42.54,5.59,,,,,,,,,,18.5,,39,52.2,,,,,,,,,
5102702,Canarana,resto_mt,Demais MT,FALSE,2001,16058,2.79,2.71,36.1,6.8,48.5,8.4,,,,,,,,,,,,,,,,,,18,,52.5,54.9,,,,,,,,,
5102702,Canarana,resto_mt,Demais MT,FALSE,2002,16524,2.79,2.71,36.1,6.8,48.5,8.4,,,,,,,,,,,,,,,,,,32.7,22.7,45.7,56.3,,,,,,,,,
5102702,Canarana,resto_mt,Demais MT,FALSE,2003,17042,2.79,2.71,36.1,6.8,48.5,8.4,,,,,,,,,,,,,,,,,,23.4,24.3,39.5,60.2,,,,,,,,,
5102702,Canarana,resto_mt,Demais MT,FALSE,2004,18130,2.79,2.71,36.1,6.8,48.5,8.4,,,,,,,,,,,,,,,,,,29.6,28.3,35.5,51.8,,,,,,,,,
5102702,Canarana,resto_mt,Demais MT,FALSE,2005,18732,2.79,2.71,36.1,6.8,48.5,8.4,,,,,,,,,3.3,3.2,78,71.8,,,,,,22.1,25.3,32.5,45.8,,,,,,,,,
5102702,Canarana,resto_mt,Demais MT,FALSE,2006,19329,2.79,2.71,36.1,6.8,48.5,8.4,,,,,,,,,,,,,,,,,,12.9,21.7,31.5,49.2,,,,,,,,,
5102702,Canarana,resto_mt,Demais MT,FALSE,2007,17183,2.79,2.71,36.1,6.8,48.5,8.4,,,,,,,,,4.2,3.6,89.5,81.8,25,28,,30,4,14.7,16.5,39.7,51.5,,,,,,,,,
5102702,Canarana,resto_mt,Demais MT,FALSE,2008,17785,2.79,2.71,36.1,6.8,48.5,8.4,,,,,,,,,,,,,24,29.2,,26.4,2.8,19,16,32.2,47,,,,,,,,,
5102702,Canarana,resto_mt,Demais MT,FALSE,2009,18014,2.79,2.71,36.1,6.8,48.5,8.4,,,,,,,,,4.6,4.1,92.1,83.6,24,33.3,60.3,18.6,2.6,33.3,23.4,28.9,55.8,,,,,,,,,
5102702,Canarana,resto_mt,Demais MT,FALSE,2010,18754,2.79,2.71,36.1,6.8,48.5,8.4,,,,0.693,Médio,0.53,24.94,5.08,,,,,29,39.3,52,34.7,1.3,20,23.9,36,76.6,23,2,11,2,21,1.12,12.26,,
5102702,Canarana,resto_mt,Demais MT,FALSE,2011,19011,2.79,2.71,36.1,6.8,48.5,8.4,,,,,,,,,5.5,4.3,98.2,94,29,51.9,63.2,21.5,0.3,19.1,24.2,30.3,61.7,,,,,,,,,
5102702,Canarana,resto_mt,Demais MT,FALSE,2012,19260,2.79,2.71,36.1,6.8,48.5,8.4,,,,,,,,,,,,,29,53.8,65.8,16.5,0.8,31.2,23.6,38.2,49.1,,,,,,,,,
5102702,Canarana,resto_mt,Demais MT,FALSE,2013,19681,2.79,2.71,36.1,6.8,48.5,8.4,5.14,,202.69,,,,,,5.2,4.1,97.2,94.9,30,61.5,67,12.5,0.4,12.5,20.9,47.9,48.1,,,,,,,,,
5102702,Canarana,resto_mt,Demais MT,FALSE,2014,19948,2.79,2.71,36.1,6.8,48.5,8.4,5.47,,243.15,,,,,,,,,,30,84.6,63.9,12.8,0.3,20.5,21.2,54.5,45.5,,,,,,,,,
5102702,Canarana,resto_mt,Demais MT,FALSE,2015,20208,2.79,2.71,36.1,6.8,48.5,8.4,5.01,,206.15,,,,,,5.6,4.3,98.6,92.4,30,88.5,62.8,11.8,0.2,30.7,21.1,56.3,52.9,39,4,13,3,33,1.63,19.3,,
5102702,Canarana,resto_mt,Demais MT,FALSE,2016,20461,2.79,2.71,36.1,6.8,48.5,8.4,5.18,,194.5,,,,,,,,,,28,87.5,70.8,5.2,0.4,26.7,25.7,52.8,54.7,,,,,,,,,
5102702,Canarana,resto_mt,Demais MT,FALSE,2017,20707,2.79,2.71,36.1,6.8,48.5,8.4,5.09,,181.69,,,,,,5.5,4.6,98.6,93.7,29,88,68,5.1,0.2,20.3,25.6,55.5,63.9,,,,,,,,,
5102702,Canarana,resto_mt,Demais MT,FALSE,2018,21311,2.79,2.71,36.1,6.8,48.5,8.4,5.18,,179.17,,,,,,,,,,29,80,73.1,3.9,0.4,19.4,21.8,55.8,61.9,,,,,,,,,
5102702,Canarana,resto_mt,Demais MT,FALSE,2019,21579,2.79,2.71,36.1,6.8,48.5,8.4,4.72,1.83,453.35,,,,,,5.3,4,98,84.8,25,88,73.8,3.5,0.3,26.2,21.8,55,68.6,,,,,,,,,
5102702,Canarana,resto_mt,Demais MT,FALSE,2020,21842,2.79,2.71,36.1,6.8,48.5,8.4,4.51,1.77,431.27,,,,,,,,,,29,100,73.7,4.9,,22.9,22.7,61.5,69.5,58,3,20,5,37,1.69,26.55,7278,33.3
5102702,Canarana,resto_mt,Demais MT,FALSE,2021,22101,2.79,2.71,36.1,6.8,48.5,8.4,4.49,1.74,418.06,,,,,,5.3,4.8,98.7,97.3,27,100,,4.7,0.2,10.9,19.8,55.8,66.7,,,,,,,,,
5102702,Canarana,resto_mt,Demais MT,FALSE,2022,25858,2.79,2.71,36.1,6.8,48.5,8.4,4.95,1.47,451.47,,,,,,,,,,26,100,,5.8,0.1,19.8,17.8,59.7,68.5,,,,,,,,,
5102702,Canarana,resto_mt,Demais MT,FALSE,2023,25858,2.79,2.71,36.1,6.8,48.5,8.4,5.02,1.56,674.95,,,,,,5.4,4.6,99.3,97,24,100,,,,,,,,64,3,17,4,28,1.08,24.75,9624,37.2
5102702,Canarana,resto_mt,Demais MT,FALSE,2024,27657,2.79,2.71,36.1,6.8,48.5,8.4,4.11,1.55,605.62,,,,,,,,,,26,100,,,,,,,,,,,,,,,,
5102702,Canarana,resto_mt,Demais MT,FALSE,2025,28324,2.79,2.71,36.1,6.8,48.5,8.4,,,,,,,,,,,,,,,,,,,,,,,,,,,,,,
5102793,Carlinda,resto_mt,Demais MT,FALSE,2000,12296,-0.46,-0.51,35,8.1,56.3,0.1,,,,0.484,Muito Baixo,0.52,69.03,17.29,,,,,,,,,,16.5,,35.8,14.4,,,,,,,,,
5102793,Carlinda,resto_mt,Demais MT,FALSE,2001,11770,-0.46,-0.51,35,8.1,56.3,0.1,,,,,,,,,,,,,,,,,,29.5,,46.4,21.5,,,,,,,,,
5102793,Carlinda,resto_mt,Demais MT,FALSE,2002,11376,-0.46,-0.51,35,8.1,56.3,0.1,,,,,,,,,,,,,,,,,,20.9,22.3,49.8,16.3,,,,,,,,,
5102793,Carlinda,resto_mt,Demais MT,FALSE,2003,10949,-0.46,-0.51,35,8.1,56.3,0.1,,,,,,,,,,,,,,,,,,30.4,26.9,44.8,17.4,,,,,,,,,
5102793,Carlinda,resto_mt,Demais MT,FALSE,2004,10053,-0.46,-0.51,35,8.1,56.3,0.1,,,,,,,,,,,,,,,,,,14.8,22.3,43.8,21.7,,,,,,,,,
5102793,Carlinda,resto_mt,Demais MT,FALSE,2005,9557,-0.46,-0.51,35,8.1,56.3,0.1,,,,,,,,,3.6,3,83,73.6,,,,,,18.1,21.7,45.8,64.5,,,,,,,,,
5102793,Carlinda,resto_mt,Demais MT,FALSE,2006,9065,-0.46,-0.51,35,8.1,56.3,0.1,,,,,,,,,,,,,,,,,,24,19.1,38.9,81.7,,,,,,,,,
5102793,Carlinda,resto_mt,Demais MT,FALSE,2007,12108,-0.46,-0.51,35,8.1,56.3,0.1,,,,,,,,,4.2,3.3,90.8,81.2,9,33.3,,19.4,1.4,21.1,21.3,50.4,90.8,,,,,,,,,
5102793,Carlinda,resto_mt,Demais MT,FALSE,2008,12032,-0.46,-0.51,35,8.1,56.3,0.1,,,,,,,,,,,,,10,40,,18.1,0.8,25.5,23.7,48.4,81.5,,,,,,,,,
5102793,Carlinda,resto_mt,Demais MT,FALSE,2009,12097,-0.46,-0.51,35,8.1,56.3,0.1,,,,,,,,,5,4.3,94.1,88.7,10,50,51.6,18.6,1.5,28,24.9,51,90.2,,,,,,,,,
5102793,Carlinda,resto_mt,Demais MT,FALSE,2010,10990,-0.46,-0.51,35,8.1,56.3,0.1,,,,0.665,Médio,0.52,40.43,9.26,,,,,10,50,53.8,13.9,0.2,14.3,22.7,45.7,87.9,16,1,12,1,12,1.09,14.56,,
5102793,Carlinda,resto_mt,Demais MT,FALSE,2011,10890,-0.46,-0.51,35,8.1,56.3,0.1,,,,,,,,,5.3,4.2,97.7,86.9,10,50,66.7,9.5,0.3,0,16.2,53.4,87.5,,,,,,,,,
5102793,Carlinda,resto_mt,Demais MT,FALSE,2012,10793,-0.46,-0.51,35,8.1,56.3,0.1,,,,,,,,,,,,,10,70,74.3,6.6,0,0,5.9,42.5,82.3,,,,,,,,,
5102793,Carlinda,resto_mt,Demais MT,FALSE,2013,10626,-0.46,-0.51,35,8.1,56.3,0.1,10.88,,307.29,,,,,,5.6,4.5,98.6,97.2,10,100,77.8,6.5,0,17.2,6.3,58.3,76.7,,,,,,,,,
5102793,Carlinda,resto_mt,Demais MT,FALSE,2014,10493,-0.46,-0.51,35,8.1,56.3,0.1,10.71,,300.03,,,,,,,,,,10,80,66.7,4.4,0,0,5.4,68.6,71.2,,,,,,,,,
5102793,Carlinda,resto_mt,Demais MT,FALSE,2015,10364,-0.46,-0.51,35,8.1,56.3,0.1,9.39,,243.37,,,,,,5.6,5.1,98.7,98.2,10,80,71.9,3.5,0.1,24.6,13.3,74.6,81.1,13,0,8,0,0,0,12.54,,
5102793,Carlinda,resto_mt,Demais MT,FALSE,2016,10258,-0.46,-0.51,35,8.1,56.3,0.1,8.07,,204.5,,,,,,,,,,10,80,70.3,3.2,0.1,7.5,10.2,60.2,82.7,,,,,,,,,
5102793,Carlinda,resto_mt,Demais MT,FALSE,2017,10136,-0.46,-0.51,35,8.1,56.3,0.1,6.59,,168.68,,,,,,5.5,4.9,98.2,97.7,10,80,78.4,4.6,0,20.7,17.5,58.6,81.4,,,,,,,,,
5102793,Carlinda,resto_mt,Demais MT,FALSE,2018,10413,-0.46,-0.51,35,8.1,56.3,0.1,6.52,,180.83,,,,,,,,,,10,100,77,4.7,0.1,7.8,12.3,71.9,85.9,,,,,,,,,
5102793,Carlinda,resto_mt,Demais MT,FALSE,2019,10305,-0.46,-0.51,35,8.1,56.3,0.1,5.73,2.15,508.34,,,,,,5.4,4.6,99.8,97.6,10,100,77.6,2.6,0,0,9.8,67.2,93.3,,,,,,,,,
5102793,Carlinda,resto_mt,Demais MT,FALSE,2020,10199,-0.46,-0.51,35,8.1,56.3,0.1,6.05,2.1,499.93,,,,,,,,,,10,90,76.2,2.6,,0,2.6,73.6,78.3,16,1,8,1,1,0.1,15.69,427,4.2
5102793,Carlinda,resto_mt,Demais MT,FALSE,2021,10094,-0.46,-0.51,35,8.1,56.3,0.1,6.08,2.08,481.19,,,,,,5.7,4.5,100,99.4,10,100,,1.1,0,0,0,73.2,89.4,,,,,,,,,
5102793,Carlinda,resto_mt,Demais MT,FALSE,2022,10332,-0.46,-0.51,35,8.1,56.3,0.1,5.27,1.96,515.58,,,,,,,,,,10,100,,2,0,14.5,4.9,78.3,90.6,,,,,,,,,
5102793,Carlinda,resto_mt,Demais MT,FALSE,2023,10332,-0.46,-0.51,35,8.1,56.3,0.1,5.11,2.19,757.82,,,,,,6,4.9,100,99.2,10,100,,,,,,,,19,1,9,0,0,0,18.39,760,7.4
5102793,Carlinda,resto_mt,Demais MT,FALSE,2024,10324,-0.46,-0.51,35,8.1,56.3,0.1,5,2.47,804.45,,,,,,,,,,10,100,,,,,,,,,,,,,,,,
5102793,Carlinda,resto_mt,Demais MT,FALSE,2025,10260,-0.46,-0.51,35,8.1,56.3,0.1,,,,,,,,,,,,,,,,,,,,,,,,,,,,,,
5102850,Castanheira,resto_mt,Demais MT,FALSE,2000,7790,-0.71,-0.77,38.1,7.3,54.2,0.3,,,,0.489,Muito Baixo,0.53,56.23,12.88,,,,,,,,,,7.1,,51.8,41.4,,,,,,,,,
5102850,Castanheira,resto_mt,Demais MT,FALSE,2001,7607,-0.71,-0.77,38.1,7.3,54.2,0.3,,,,,,,,,,,,,,,,,,26.7,,62.7,50.4,,,,,,,,,
5102850,Castanheira,resto_mt,Demais MT,FALSE,2002,7542,-0.71,-0.77,38.1,7.3,54.2,0.3,,,,,,,,,,,,,,,,,,27.2,20.5,64.4,61.9,,,,,,,,,
5102850,Castanheira,resto_mt,Demais MT,FALSE,2003,7427,-0.71,-0.77,38.1,7.3,54.2,0.3,,,,,,,,,,,,,,,,,,27,27,54.7,63.5,,,,,,,,,
5102850,Castanheira,resto_mt,Demais MT,FALSE,2004,7186,-0.71,-0.77,38.1,7.3,54.2,0.3,,,,,,,,,,,,,,,,,,0,19.7,53.6,68.8,,,,,,,,,
5102850,Castanheira,resto_mt,Demais MT,FALSE,2005,7053,-0.71,-0.77,38.1,7.3,54.2,0.3,,,,,,,,,4,3.7,95.2,88.4,,,,,,7.9,12.9,56.7,56.7,,,,,,,,,
5102850,Castanheira,resto_mt,Demais MT,FALSE,2006,6920,-0.71,-0.77,38.1,7.3,54.2,0.3,,,,,,,,,,,,,,,,,,7.8,5.4,48.1,65.1,,,,,,,,,
5102850,Castanheira,resto_mt,Demais MT,FALSE,2007,7808,-0.71,-0.77,38.1,7.3,54.2,0.3,,,,,,,,,3.8,3.7,97.7,91.4,13,15.4,,10.2,0.9,39.6,16.8,55.4,49.5,,,,,,,,,
5102850,Castanheira,resto_mt,Demais MT,FALSE,2008,8040,-0.71,-0.77,38.1,7.3,54.2,0.3,,,,,,,,,,,,,13,15.4,,5.8,0.5,25.6,23.1,54.7,53.8,,,,,,,,,
5102850,Castanheira,resto_mt,Demais MT,FALSE,2009,8059,-0.71,-0.77,38.1,7.3,54.2,0.3,,,,,,,,,4.6,3.8,98.5,93.7,13,30.8,49,4.8,0.4,15.3,25.8,55,84,,,,,,,,,
5102850,Castanheira,resto_mt,Demais MT,FALSE,2010,8231,-0.71,-0.77,38.1,7.3,54.2,0.3,,,,0.665,Médio,0.55,41.73,5.54,,,,,13,38.5,50.5,6.3,0.8,0,13.9,56.6,74.3,11,0,5,0,0,0,13.36,,
5102850,Castanheira,resto_mt,Demais MT,FALSE,2011,8265,-0.71,-0.77,38.1,7.3,54.2,0.3,,,,,,,,,4.9,3.7,98.9,96.3,13,38.5,62.5,6.3,0,22.5,12,59.6,58.4,,,,,,,,,
5102850,Castanheira,resto_mt,Demais MT,FALSE,2012,8298,-0.71,-0.77,38.1,7.3,54.2,0.3,,,,,,,,,,,,,13,38.5,78.8,3.6,0.3,0,6.6,58,58,,,,,,,,,
5102850,Castanheira,resto_mt,Demais MT,FALSE,2013,8353,-0.71,-0.77,38.1,7.3,54.2,0.3,8.32,,230.09,,,,,,5.1,3.6,100,97.3,13,66.7,84.7,1.5,0,9.3,10.1,79.4,64.5,,,,,,,,,
5102850,Castanheira,resto_mt,Demais MT,FALSE,2014,8379,-0.71,-0.77,38.1,7.3,54.2,0.3,7.95,,226.69,,,,,,,,,,14,70,87.6,1.1,0,8.8,6.2,79.6,68.1,,,,,,,,,
5102850,Castanheira,resto_mt,Demais MT,FALSE,2015,8405,-0.71,-0.77,38.1,7.3,54.2,0.3,7.35,,192.71,,,,,,5.4,4.4,99.8,95.4,14,70,86.9,1.4,0.2,0,6.4,81.7,62.4,17,1,6,0,0,0,20.23,,
5102850,Castanheira,resto_mt,Demais MT,FALSE,2016,8429,-0.71,-0.77,38.1,7.3,54.2,0.3,6.36,,157.84,,,,,,,,,,14,70,83.2,0.7000000000000001,0.2,0,3.2,79.6,61.2,,,,,,,,,
5102850,Castanheira,resto_mt,Demais MT,FALSE,2017,8454,-0.71,-0.77,38.1,7.3,54.2,0.3,5.57,,133.09,,,,,,5.1,4.3,98.7,95.6,14,80,78.3,0.9,0.1,0,0,81.7,83.5,,,,,,,,,
5102850,Castanheira,resto_mt,Demais MT,FALSE,2018,8695,-0.71,-0.77,38.1,7.3,54.2,0.3,4.96,,113.76,,,,,,,,,,14,77.8,84,1,0,0,0,83.2,82.2,,,,,,,,,
5102850,Castanheira,resto_mt,Demais MT,FALSE,2019,8729,-0.71,-0.77,38.1,7.3,54.2,0.3,4.18,2.05,421.53,,,,,,5.2,,99.4,91,14,88.9,86.8,0.2,0,19.8,6.2,79.2,75.2,,,,,,,,,
5102850,Castanheira,resto_mt,Demais MT,FALSE,2020,8749,-0.71,-0.77,38.1,7.3,54.2,0.3,3.98,2.09,415.99,,,,,,,,,,14,88.9,86.4,0.8,,0,6.3,85.5,73.6,18,1,6,0,0,0,20.57,432,4.9
5102850,Castanheira,resto_mt,Demais MT,FALSE,2021,8782,-0.71,-0.77,38.1,7.3,54.2,0.3,4.19,2.06,401.3,,,,,,4.9,,100,95.3,14,88.9,,0.9,0,9.1,9.3,92.7,70,,,,,,,,,
5102850,Castanheira,resto_mt,Demais MT,FALSE,2022,7506,-0.71,-0.77,38.1,7.3,54.2,0.3,5.36,2.42,586.38,,,,,,,,,,14,100,,1.5,0,22,9.6,96.7,72.5,,,,,,,,,
5102850,Castanheira,resto_mt,Demais MT,FALSE,2023,7506,-0.71,-0.77,38.1,7.3,54.2,0.3,5.78,2.56,895.85,,,,,,5.6,4.2,100,99.3,14,100,,,,,,,,19,1,6,0,0,0,25.31,503,6.7
5102850,Castanheira,resto_mt,Demais MT,FALSE,2024,7459,-0.71,-0.77,38.1,7.3,54.2,0.3,6.57,2.72,1005.67,,,,,,,,,,14,100,,,,,,,,,,,,,,,,
5102850,Castanheira,resto_mt,Demais MT,FALSE,2025,7392,-0.71,-0.77,38.1,7.3,54.2,0.3,,,,,,,,,,,,,,,,,,,,,,,,,,,,,,
5103007,Chapada dos Guimarães,resto_mt,Demais MT,FALSE,2000,15755,0.59,0.53,21.8,11.6,66,0.3,,,,0.522,Baixo,0.62,61.35,19.52,,,,,,,,,,40.7,,33.3,48,,,,,,,,,
5103007,Chapada dos Guimarães,resto_mt,Demais MT,FALSE,2001,16097,0.59,0.53,21.8,11.6,66,0.3,,,,,,,,,,,,,,,,,,3.4,,39.5,70.7,,,,,,,,,
5103007,Chapada dos Guimarães,resto_mt,Demais MT,FALSE,2002,16377,0.59,0.53,21.8,11.6,66,0.3,,,,,,,,,,,,,,,,,,25.6,22.1,36.6,66.7,,,,,,,,,
5103007,Chapada dos Guimarães,resto_mt,Demais MT,FALSE,2003,16666,0.59,0.53,21.8,11.6,66,0.3,,,,,,,,,,,,,,,,,,8.2,12.3,29.8,64.1,,,,,,,,,
5103007,Chapada dos Guimarães,resto_mt,Demais MT,FALSE,2004,17272,0.59,0.53,21.8,11.6,66,0.3,,,,,,,,,,,,,,,,,,22.9,19.2,32.4,48.1,,,,,,,,,
5103007,Chapada dos Guimarães,resto_mt,Demais MT,FALSE,2005,17607,0.59,0.53,21.8,11.6,66,0.3,,,,,,,,,3.2,3,72.6,73.2,,,,,,16.5,16,49.2,51.8,,,,,,,,,
5103007,Chapada dos Guimarães,resto_mt,Demais MT,FALSE,2006,17940,0.59,0.53,21.8,11.6,66,0.3,,,,,,,,,,,,,,,,,,30.6,22.7,36.2,42.8,,,,,,,,,
5103007,Chapada dos Guimarães,resto_mt,Demais MT,FALSE,2007,17377,0.59,0.53,21.8,11.6,66,0.3,,,,,,,,,3.5,3.7,79.8,84.1,23,17.4,,31.8,9.2,25.2,23.5,36,50.4,,,,,,,,,
5103007,Chapada dos Guimarães,resto_mt,Demais MT,FALSE,2008,17978,0.59,0.53,21.8,11.6,66,0.3,,,,,,,,,,,,,23,17.4,,25,6.6,37.4,30.5,42.1,45.8,,,,,,,,,
5103007,Chapada dos Guimarães,resto_mt,Demais MT,FALSE,2009,18190,0.59,0.53,21.8,11.6,66,0.3,,,,,,,,,4.3,4,86.5,89.6,23,26.1,52.8,26.9,4.9,17,26.1,30.2,38.3,,,,,,,,,
5103007,Chapada dos Guimarães,resto_mt,Demais MT,FALSE,2010,17821,0.59,0.53,21.8,11.6,66,0.3,,,,0.688,Médio,0.53,38.08,9.09,,,,,23,34.8,64.3,22.3,1.5,18.5,23.6,39.5,47.2,12,1,10,1,18,1.01,6.73,,
5103007,Chapada dos Guimarães,resto_mt,Demais MT,FALSE,2011,17980,0.59,0.53,21.8,11.6,66,0.3,,,,,,,,,4.4,3.9,91.4,89.5,24,50,71.9,19.2,0.5,4.3,13.5,40.8,64.8,,,,,,,,,
5103007,Chapada dos Guimarães,resto_mt,Demais MT,FALSE,2012,18133,0.59,0.53,21.8,11.6,66,0.3,,,,,,,,,,,,,24,50,82.7,17.7,0.5,12.8,12.2,34.8,65,,,,,,,,,
5103007,Chapada dos Guimarães,resto_mt,Demais MT,FALSE,2013,18393,0.59,0.53,21.8,11.6,66,0.3,9.68,,408.46,,,,,,4.5,4.2,95.6,92.8,24,47.6,74.1,13.8,0.5,16.9,11.4,37.7,63.3,,,,,,,,,
5103007,Chapada dos Guimarães,resto_mt,Demais MT,FALSE,2014,18548,0.59,0.53,21.8,11.6,66,0.3,10.11,,453.8,,,,,,,,,,25,54.5,73.8,11.5,0.3,19.4,16.5,44.2,65.1,,,,,,,,,
5103007,Chapada dos Guimarães,resto_mt,Demais MT,FALSE,2015,18699,0.59,0.53,21.8,11.6,66,0.3,10.16,,431.53,,,,,,5,4.3,93.4,92,25,57.1,74.5,10.3,0.4,30.7,22.5,40.6,68.6,17,2,13,1,18,0.96,9.09,,
5103007,Chapada dos Guimarães,resto_mt,Demais MT,FALSE,2016,18906,0.59,0.53,21.8,11.6,66,0.3,10.17,,392.57,,,,,,,,,,26,56.5,69.3,9.4,0.9,11.6,20.6,39,67.6,,,,,,,,,
5103007,Chapada dos Guimarães,resto_mt,Demais MT,FALSE,2017,19049,0.59,0.53,21.8,11.6,66,0.3,9.3,,343.21,,,,,,5.4,4.6,94.2,95.1,25,65,86.1,8.7,0.3,18.1,20.1,44.9,78.6,,,,,,,,,
5103007,Chapada dos Guimarães,resto_mt,Demais MT,FALSE,2018,19588,0.59,0.53,21.8,11.6,66,0.3,8.58,,277.6,,,,,,,,,,26,50,80.4,8.4,0.4,8.8,13.1,39.2,70.9,,,,,,,,,
5103007,Chapada dos Guimarães,resto_mt,Demais MT,FALSE,2019,19752,0.59,0.53,21.8,11.6,66,0.3,7.98,2.58,650.82,,,,,,5.2,4.2,97.1,90.9,25,78.3,80.4,7.5,0.1,18.9,15.6,44.2,78.9,,,,,,,,,
5103007,Chapada dos Guimarães,resto_mt,Demais MT,FALSE,2020,19453,0.59,0.53,21.8,11.6,66,0.3,8.18,2.64,647.49,,,,,,,,,,24,77.3,74.6,7.3,,19,15.9,41.2,71.5,25,2,18,0,0,0,12.85,6418,33
5103007,Chapada dos Guimarães,resto_mt,Demais MT,FALSE,2021,22521,0.59,0.53,21.8,11.6,66,0.3,7.06,2.26,543.23,,,,,,5.2,4.5,99.3,95.1,24,86.4,,5.5,0.2,11.1,16.3,46.5,73.4,,,,,,,,,
5103007,Chapada dos Guimarães,resto_mt,Demais MT,FALSE,2022,18990,0.59,0.53,21.8,11.6,66,0.3,11.4,2.75,898.04,,,,,,,,,,24,100,,5,0.6,8.2,12.9,47.5,79.9,,,,,,,,,
5103007,Chapada dos Guimarães,resto_mt,Demais MT,FALSE,2023,18990,0.59,0.53,21.8,11.6,66,0.3,13.21,2.96,1524.29,,,,,,5.2,4.6,99.6,99.7,24,100,,,,,,,,29,2,18,0,0,0,15.27,6605,34.8
5103007,Chapada dos Guimarães,resto_mt,Demais MT,FALSE,2024,19374,0.59,0.53,21.8,11.6,66,0.3,12.52,3.11,1539.12,,,,,,,,,,24,95.5,,,,,,,,,,,,,,,,
5103007,Chapada dos Guimarães,resto_mt,Demais MT,FALSE,2025,19458,0.59,0.53,21.8,11.6,66,0.3,,,,,,,,,,,,,,,,,,,,,,,,,,,,,,
5103056,Cláudia,resto_mt,Demais MT,FALSE,2000,10249,-1.13,-1.15,42.6,7,50.1,0.1,,,,0.563,Baixo,0.63,50.23,10.76,,,,,,,,,,23.8,,27.8,48.4,,,,,,,,,
5103056,Cláudia,resto_mt,Demais MT,FALSE,2001,10180,-1.13,-1.15,42.6,7,50.1,0.1,,,,,,,,,,,,,,,,,,4.7,,29.3,67.4,,,,,,,,,
5103056,Cláudia,resto_mt,Demais MT,FALSE,2002,10452,-1.13,-1.15,42.6,7,50.1,0.1,,,,,,,,,,,,,,,,,,29.8,18.9,24.4,54.2,,,,,,,,,
5103056,Cláudia,resto_mt,Demais MT,FALSE,2003,10751,-1.13,-1.15,42.6,7,50.1,0.1,,,,,,,,,,,,,,,,,,18.4,16.5,39.3,49.7,,,,,,,,,
5103056,Cláudia,resto_mt,Demais MT,FALSE,2004,11380,-1.13,-1.15,42.6,7,50.1,0.1,,,,,,,,,,,,,,,,,,25.6,24.7,35.9,64.1,,,,,,,,,
5103056,Cláudia,resto_mt,Demais MT,FALSE,2005,11728,-1.13,-1.15,42.6,7,50.1,0.1,,,,,,,,,3.8,3.2,78.3,67.5,,,,,,12.5,19.3,46.2,61.9,,,,,,,,,
5103056,Cláudia,resto_mt,Demais MT,FALSE,2006,12073,-1.13,-1.15,42.6,7,50.1,0.1,,,,,,,,,,,,,,,,,,36,23.6,49.5,68.5,,,,,,,,,
5103056,Cláudia,resto_mt,Demais MT,FALSE,2007,10670,-1.13,-1.15,42.6,7,50.1,0.1,,,,,,,,,4.6,3.6,93.1,74.4,9,44.4,,19.5,0.7,6.8,16.8,43.2,81.5,,,,,,,,,
5103056,Cláudia,resto_mt,Demais MT,FALSE,2008,11032,-1.13,-1.15,42.6,7,50.1,0.1,,,,,,,,,,,,,9,55.6,,16.4,1.2,8.4,16,49.6,78.2,,,,,,,,,
5103056,Cláudia,resto_mt,Demais MT,FALSE,2009,11148,-1.13,-1.15,42.6,7,50.1,0.1,,,,,,,,,5,4.4,97.3,88.9,10,70,60.7,12,0.6,9.7,8.2,61.2,79.4,,,,,,,,,
5103056,Cláudia,resto_mt,Demais MT,FALSE,2010,11028,-1.13,-1.15,42.6,7,50.1,0.1,,,,0.699,Médio,0.57,30.76,5.32,,,,,10,70,58.4,11.2,1.3,7,8.2,47.2,80.4,9,1,5,1,13,1.18,8.16,,
5103056,Cláudia,resto_mt,Demais MT,FALSE,2011,11122,-1.13,-1.15,42.6,7,50.1,0.1,,,,,,,,,4.4,4.1,92.7,86.7,10,77.8,61.6,9.5,2.3,6.5,7.5,46.5,74.8,,,,,,,,,
5103056,Cláudia,resto_mt,Demais MT,FALSE,2012,11213,-1.13,-1.15,42.6,7,50.1,0.1,,,,,,,,,,,,,12,80,71.3,8.3,0.6,0,4.8,58.1,84.6,,,,,,,,,
5103056,Cláudia,resto_mt,Demais MT,FALSE,2013,11366,-1.13,-1.15,42.6,7,50.1,0.1,5.18,,169.07,,,,,,5.2,4.4,97.4,94.6,12,70,76.6,7,0.3,15,7.4,59.4,76.7,,,,,,,,,
5103056,Cláudia,resto_mt,Demais MT,FALSE,2014,11457,-1.13,-1.15,42.6,7,50.1,0.1,4.43,,136.2,,,,,,,,,,12,80,77.9,5.4,1.1,20.5,12.6,58.9,81.5,,,,,,,,,
5103056,Cláudia,resto_mt,Demais MT,FALSE,2015,11546,-1.13,-1.15,42.6,7,50.1,0.1,4.61,,127.99,,,,,,5.4,4.2,97,88.4,13,81.8,77.3,3.7,0.5,0,11.9,55.6,79.6,13,1,7,1,13,1.13,11.26,,
5103056,Cláudia,resto_mt,Demais MT,FALSE,2016,11632,-1.13,-1.15,42.6,7,50.1,0.1,4.45,,122.09,,,,,,,,,,12,90,82.4,4.5,0.1,0,7,58.5,81.7,,,,,,,,,
5103056,Cláudia,resto_mt,Demais MT,FALSE,2017,11716,-1.13,-1.15,42.6,7,50.1,0.1,3.73,,111.24,,,,,,5.9,4.6,97.5,92.1,13,60,79.7,4.9,0.3,7.4,2.4,53.7,74.8,,,,,,,,,
5103056,Cláudia,resto_mt,Demais MT,FALSE,2018,12052,-1.13,-1.15,42.6,7,50.1,0.1,3.19,,91.92,,,,,,,,,,13,90,80.3,5.2,0.2,8.8,5.1,56.6,80.5,,,,,,,,,
5103056,Cláudia,resto_mt,Demais MT,FALSE,2019,12149,-1.13,-1.15,42.6,7,50.1,0.1,2.58,1.73,347.97,,,,,,6.1,5.3,99.2,97,13,100,77.8,3.9,0.3,0,5.2,62.8,88.3,,,,,,,,,
5103056,Cláudia,resto_mt,Demais MT,FALSE,2020,12245,-1.13,-1.15,42.6,7,50.1,0.1,2.64,1.67,334.88,,,,,,,,,,13,90,82.4,4.5,,14.8,7.8,58.5,80.7,15,1,8,1,28,2.29,12.25,2931,23.9
5103056,Cláudia,resto_mt,Demais MT,FALSE,2021,12338,-1.13,-1.15,42.6,7,50.1,0.1,2.8,1.62,320.59,,,,,,5.9,5.3,99.9,98,13,90,,2.9,0,21.7,12.2,56.5,89.9,,,,,,,,,
5103056,Cláudia,resto_mt,Demais MT,FALSE,2022,9593,-1.13,-1.15,42.6,7,50.1,0.1,4.66,2.05,514.86,,,,,,,,,,13,90,,3,0,6.8,14.3,59.5,83.8,,,,,,,,,
5103056,Cláudia,resto_mt,Demais MT,FALSE,2023,9593,-1.13,-1.15,42.6,7,50.1,0.1,6.22,2.21,879.03,,,,,,5.8,5.1,99.7,98.4,10,100,,,,,,,,16,1,8,1,28,2.92,16.68,3703,38.6
5103056,Cláudia,resto_mt,Demais MT,FALSE,2024,9436,-1.13,-1.15,42.6,7,50.1,0.1,7.68,2.88,1131.9,,,,,,,,,,10,100,,,,,,,,,,,,,,,,
5103056,Cláudia,resto_mt,Demais MT,FALSE,2025,9301,-1.13,-1.15,42.6,7,50.1,0.1,,,,,,,,,,,,,,,,,,,,,,,,,,,,,,
5103106,Cocalinho,resto_mt,Demais MT,FALSE,2000,5504,1.13,1.05,26.5,11.2,61.4,0.6,,,,0.5,Baixo,0.57,57.65,7.21,,,,,,,,,,18.2,,27.8,74.1,,,,,,,,,
5103106,Cocalinho,resto_mt,Demais MT,FALSE,2001,5373,1.13,1.05,26.5,11.2,61.4,0.6,,,,,,,,,,,,,,,,,,13.5,,18.9,31.1,,,,,,,,,
5103106,Cocalinho,resto_mt,Demais MT,FALSE,2002,5372,1.13,1.05,26.5,11.2,61.4,0.6,,,,,,,,,,,,,,,,,,0,9.6,19,6.3,,,,,,,,,
5103106,Cocalinho,resto_mt,Demais MT,FALSE,2003,5376,1.13,1.05,26.5,11.2,61.4,0.6,,,,,,,,,,,,,,,,,,11,8.2,24.2,96.7,,,,,,,,,
5103106,Cocalinho,resto_mt,Demais MT,FALSE,2004,5386,1.13,1.05,26.5,11.2,61.4,0.6,,,,,,,,,,,,,,,,,,0,3.9,17.6,97.6,,,,,,,,,
5103106,Cocalinho,resto_mt,Demais MT,FALSE,2005,5390,1.13,1.05,26.5,11.2,61.4,0.6,,,,,,,,,3.6,3.2,73.9,77.9,,,,,,22.2,9,24.4,40,,,,,,,,,
5103106,Cocalinho,resto_mt,Demais MT,FALSE,2006,5396,1.13,1.05,26.5,11.2,61.4,0.6,,,,,,,,,,,,,,,,,,0,4.5,54.4,60,,,,,,,,,
5103106,Cocalinho,resto_mt,Demais MT,FALSE,2007,5841,1.13,1.05,26.5,11.2,61.4,0.6,,,,,,,,,4.8,3.6,86.6,69.6,11,9.1,,28.4,8.7,43.5,22,56.5,62,,,,,,,,,
5103106,Cocalinho,resto_mt,Demais MT,FALSE,2008,6039,1.13,1.05,26.5,11.2,61.4,0.6,,,,,,,,,,,,,9,11.1,,22.1,7,0,16.4,46.8,85.5,,,,,,,,,
5103106,Cocalinho,resto_mt,Demais MT,FALSE,2009,6103,1.13,1.05,26.5,11.2,61.4,0.6,,,,,,,,,4.2,3.8,92.6,81.5,8,12.5,58.7,20.2,2.3,0,18.3,65.6,95.2,,,,,,,,,
5103106,Cocalinho,resto_mt,Demais MT,FALSE,2010,5490,1.13,1.05,26.5,11.2,61.4,0.6,,,,0.66,Médio,0.48,33.59,3.84,,,,,8,25,69.2,15,1.5,0,0,55.1,67.9,5,1,3,1,9,1.64,9.11,,
5103106,Cocalinho,resto_mt,Demais MT,FALSE,2011,5500,1.13,1.05,26.5,11.2,61.4,0.6,,,,,,,,,4.3,4.3,93.5,91.7,14,14.3,75.4,13.3,1.8,13,4.6,64.9,62.3,,,,,,,,,
5103106,Cocalinho,resto_mt,Demais MT,FALSE,2012,5510,1.13,1.05,26.5,11.2,61.4,0.6,,,,,,,,,,,,,14,42.9,71.4,10.3,1.2,13.3,8.7,64,33.3,,,,,,,,,
5103106,Cocalinho,resto_mt,Demais MT,FALSE,2013,5525,1.13,1.05,26.5,11.2,61.4,0.6,6.59,,185.64,,,,,,4.8,3.6,98.7,94.9,14,42.9,66.1,9.6,1.3,30.3,18.3,65.2,54.5,,,,,,,,,
5103106,Cocalinho,resto_mt,Demais MT,FALSE,2014,5527,1.13,1.05,26.5,11.2,61.4,0.6,5.72,,164.23,,,,,,,,,,14,42.9,72.9,8.1,0,0,12.9,81.3,83.7,,,,,,,,,
5103106,Cocalinho,resto_mt,Demais MT,FALSE,2015,5530,1.13,1.05,26.5,11.2,61.4,0.6,6.06,,161.74,,,,,,5,4,99.8,97.9,14,71.4,73.9,2.4,0.2,0,8.5,82.1,89.7,8,1,4,1,9,1.63,14.47,,
5103106,Cocalinho,resto_mt,Demais MT,FALSE,2016,5533,1.13,1.05,26.5,11.2,61.4,0.6,5.75,,144.24,,,,,,,,,,14,71.4,98.6,2.6,0,0,0,79.7,89.8,,,,,,,,,
5103106,Cocalinho,resto_mt,Demais MT,FALSE,2017,5535,1.13,1.05,26.5,11.2,61.4,0.6,5.17,,128.26,,,,,,5,3.6,98.8,96.5,14,71.4,97.2,2.1,0,16.7,5.1,70,75,,,,,,,,,
5103106,Cocalinho,resto_mt,Demais MT,FALSE,2018,5691,1.13,1.05,26.5,11.2,61.4,0.6,5.13,,130.02,,,,,,,,,,14,71.4,97.3,3.4,0,0,5.4,77.6,76.1,,,,,,,,,
5103106,Cocalinho,resto_mt,Demais MT,FALSE,2019,5700,1.13,1.05,26.5,11.2,61.4,0.6,4.88,1.84,414.12,,,,,,,3.5,96.7,84.4,7,100,95.5,4.4,1.1,0,5.3,74.6,82.5,,,,,,,,,
5103106,Cocalinho,resto_mt,Demais MT,FALSE,2020,5681,1.13,1.05,26.5,11.2,61.4,0.6,4.75,1.83,406.84,,,,,,,,,,7,100,94,5.2,,14.5,5,73.9,75.4,12,1,4,1,9,1.58,21.12,666,11.7
5103106,Cocalinho,resto_mt,Demais MT,FALSE,2021,5716,1.13,1.05,26.5,11.2,61.4,0.6,5.28,1.91,413.2,,,,,,5.6,,100,88.3,14,100,,3.9,0,15.2,10.1,80.3,51.5,,,,,,,,,
5103106,Cocalinho,resto_mt,Demais MT,FALSE,2022,6220,1.13,1.05,26.5,11.2,61.4,0.6,6.22,1.7,507.61,,,,,,,,,,14,100,,4.7,0.5,0,10.1,66.7,81,,,,,,,,,
5103106,Cocalinho,resto_mt,Demais MT,FALSE,2023,6220,1.13,1.05,26.5,11.2,61.4,0.6,7.89,1.82,931.38,,,,,,5.3,4.1,99.6,97.3,14,100,,,,,,,,15,1,6,1,10,1.61,24.12,878,14.1
5103106,Cocalinho,resto_mt,Demais MT,FALSE,2024,6428,1.13,1.05,26.5,11.2,61.4,0.6,9.18,1.87,1063,,,,,,,,,,14,71.4,,,,,,,,,,,,,,,,
5103106,Cocalinho,resto_mt,Demais MT,FALSE,2025,6495,1.13,1.05,26.5,11.2,61.4,0.6,,,,,,,,,,,,,,,,,,,,,,,,,,,,,,
5103205,Colíder,resto_mt,Demais MT,FALSE,2000,28051,0.27,0.16,38,6.4,54.7,0.6,,,,0.575,Baixo,0.63,51.56,10.07,,,,,,,,,,27.7,,65.3,18.3,,,,,,,,,
5103205,Colíder,resto_mt,Demais MT,FALSE,2001,27815,0.27,0.16,38,6.4,54.7,0.6,,,,,,,,,,,,,,,,,,24.2,,70.5,25.8,,,,,,,,,
5103205,Colíder,resto_mt,Demais MT,FALSE,2002,27677,0.27,0.16,38,6.4,54.7,0.6,,,,,,,,,,,,,,,,,,16.7,22.7,66,39.8,,,,,,,,,
5103205,Colíder,resto_mt,Demais MT,FALSE,2003,27504,0.27,0.16,38,6.4,54.7,0.6,,,,,,,,,,,,,,,,,,23.1,21.2,71.8,59,,,,,,,,,
5103205,Colíder,resto_mt,Demais MT,FALSE,2004,27139,0.27,0.16,38,6.4,54.7,0.6,,,,,,,,,,,,,,,,,,18.4,19.4,69.5,57.4,,,,,,,,,
5103205,Colíder,resto_mt,Demais MT,FALSE,2005,26938,0.27,0.16,38,6.4,54.7,0.6,,,,,,,,,3.6,3.8,82.8,81.4,,,,,,17.5,19.6,69.8,55.1,,,,,,,,,
5103205,Colíder,resto_mt,Demais MT,FALSE,2006,26738,0.27,0.16,38,6.4,54.7,0.6,,,,,,,,,,,,,,,,,,16.7,17.5,70.6,60,,,,,,,,,
5103205,Colíder,resto_mt,Demais MT,FALSE,2007,30695,0.27,0.16,38,6.4,54.7,0.6,,,,,,,,,4.4,4.3,91.2,87.1,32,34.4,,15.5,1.8,11.8,15.3,66.7,64.5,,,,,,,,,
5103205,Colíder,resto_mt,Demais MT,FALSE,2008,31744,0.27,0.16,38,6.4,54.7,0.6,,,,,,,,,,,,,30,53.3,,12.9,1.6,15.9,14.8,60.8,65.7,,,,,,,,,
5103205,Colíder,resto_mt,Demais MT,FALSE,2009,32096,0.27,0.16,38,6.4,54.7,0.6,,,,,,,,,4.8,4.3,92.8,92.2,29,69,60.3,10.9,1.7,2.5,10.7,75.5,74.2,,,,,,,,,
5103205,Colíder,resto_mt,Demais MT,FALSE,2010,30766,0.27,0.16,38,6.4,54.7,0.6,,,,0.713,Alto,0.56,26.31,3.91,,,,,31,64.5,59.3,19.4,0.6,11.2,10.4,68,55,48,3,25,3,91,2.96,15.6,,
5103205,Colíder,resto_mt,Demais MT,FALSE,2011,30975,0.27,0.16,38,6.4,54.7,0.6,,,,,,,,,5.1,4.3,96.6,90.1,48,64.5,62.4,10,0.2,6.2,6.8,74,51.8,,,,,,,,,
5103205,Colíder,resto_mt,Demais MT,FALSE,2012,31176,0.27,0.16,38,6.4,54.7,0.6,,,,,,,,,,,,,48,66.7,70,7.7,0.4,17.4,11.5,76.3,60.7,,,,,,,,,
5103205,Colíder,resto_mt,Demais MT,FALSE,2013,31515,0.27,0.16,38,6.4,54.7,0.6,4.18,,100.4,,,,,,5.5,4.6,97.6,95.1,48,70,71.3,6.9,0.1,16.1,13.2,78.8,68.5,,,,,,,,,
5103205,Colíder,resto_mt,Demais MT,FALSE,2014,31707,0.27,0.16,38,6.4,54.7,0.6,4.01,,99.03,,,,,,,,,,35,73.3,77.1,5.9,0.2,20.6,18.1,83.3,68,,,,,,,,,
5103205,Colíder,resto_mt,Demais MT,FALSE,2015,31895,0.27,0.16,38,6.4,54.7,0.6,4.11,,96.66,,,,,,5.8,4.6,97.4,94.3,35,83.3,75.1,5.6,0.1,7.4,14.6,84.7,75.3,55,3,27,3,90,2.82,17.24,,
5103205,Colíder,resto_mt,Demais MT,FALSE,2016,32120,0.27,0.16,38,6.4,54.7,0.6,4.06,,96.4,,,,,,,,,,34,85.7,78.6,4.6000000000000005,0.3,8.8,12.4,86.2,78.3,,,,,,,,,
5103205,Colíder,resto_mt,Demais MT,FALSE,2017,32298,0.27,0.16,38,6.4,54.7,0.6,3.72,,92.47,,,,,,6,5.1,98.1,96.8,34,78.6,76.1,4.7,0.2,18.6,11.4,84.1,82.3,,,,,,,,,
5103205,Colíder,resto_mt,Demais MT,FALSE,2018,33224,0.27,0.16,38,6.4,54.7,0.6,3.4,,79.23,,,,,,,,,,34,88.9,77.5,4.2,0.2,8,11.8,81.8,79.8,,,,,,,,,
5103205,Colíder,resto_mt,Demais MT,FALSE,2019,33438,0.27,0.16,38,6.4,54.7,0.6,3,2.54,474.66,,,,,,5.9,4.9,96.3,90.8,33,92.6,81.1,4.3,0,20.5,15.6,78.1,84.6,,,,,,,,,
5103205,Colíder,resto_mt,Demais MT,FALSE,2020,33649,0.27,0.16,38,6.4,54.7,0.6,2.94,2.52,464.29,,,,,,,,,,31,96.3,83.2,4.1,,18.3,15.5,83.8,75.5,68,4,30,4,105,3.12,20.21,6915,20.6
5103205,Colíder,resto_mt,Demais MT,FALSE,2021,33855,0.27,0.16,38,6.4,54.7,0.6,2.97,2.46,437.84,,,,,,5.7,5,97.9,93.8,33,92,,3.2,0.4,24.2,20.9,83.3,78.9,,,,,,,,,
5103205,Colíder,resto_mt,Demais MT,FALSE,2022,31370,0.27,0.16,38,6.4,54.7,0.6,4.4,2.61,581.04,,,,,,,,,,33,96,,4.2,0.4,9.7,17.1,89.5,83.5,,,,,,,,,
5103205,Colíder,resto_mt,Demais MT,FALSE,2023,31370,0.27,0.16,38,6.4,54.7,0.6,4.9,2.75,842.77,,,,,,6.1,5.3,99.7,99,32,100,,,,,,,,73,4,25,4,107,3.41,23.27,8796,28
5103205,Colíder,resto_mt,Demais MT,FALSE,2024,32010,0.27,0.16,38,6.4,54.7,0.6,4.7,3.02,879.91,,,,,,,,,,31,96,,,,,,,,,,,,,,,,
5103205,Colíder,resto_mt,Demais MT,FALSE,2025,32054,0.27,0.16,38,6.4,54.7,0.6,,,,,,,,,,,,,,,,,,,,,,,,,,,,,,
5103254,Colniza,resto_mt,Demais MT,FALSE,2001,10910,-0.09,-0.2,30.9,7.7,60.9,0.2,,,,,,,,,,,,,,,,,,115.4,,92.3,34.6,,,,,,,,,
5103254,Colniza,resto_mt,Demais MT,FALSE,2002,11394,-0.09,-0.2,30.9,7.7,60.9,0.2,,,,,,,,,,,,,,,,,,43.2,,37.2,28.9,,,,,,,,,
5103254,Colniza,resto_mt,Demais MT,FALSE,2003,11902,-0.09,-0.2,30.9,7.7,60.9,0.2,,,,,,,,,,,,,,,,,,26,39.3,43.9,17.2,,,,,,,,,
5103254,Colniza,resto_mt,Demais MT,FALSE,2004,12971,-0.09,-0.2,30.9,7.7,60.9,0.2,,,,,,,,,,,,,,,,,,24.2,29.8,60.6,31.1,,,,,,,,,
5103254,Colniza,resto_mt,Demais MT,FALSE,2005,13562,-0.09,-0.2,30.9,7.7,60.9,0.2,,,,,,,,,3.1,2.8,73.4,69.1,,,,,,23.7,24.5,55.6,27.1,,,,,,,,,
5103254,Colniza,resto_mt,Demais MT,FALSE,2006,14149,-0.09,-0.2,30.9,7.7,60.9,0.2,,,,,,,,,,,,,,,,,,23.3,23.7,35.7,23.7,,,,,,,,,
5103254,Colniza,resto_mt,Demais MT,FALSE,2007,27882,-0.09,-0.2,30.9,7.7,60.9,0.2,,,,,,,,,3.9,3.6,91.5,81.3,89,4.5,,39.3,3.8,24,23.7,41.1,27.4,,,,,,,,,
5103254,Colniza,resto_mt,Demais MT,FALSE,2008,29636,-0.09,-0.2,30.9,7.7,60.9,0.2,,,,,,,,,,,,,23,21.7,,20.4,4.5,22.7,23.3,30.4,28.4,,,,,,,,,
5103254,Colniza,resto_mt,Demais MT,FALSE,2009,31597,-0.09,-0.2,30.9,7.7,60.9,0.2,,,,,,,,,4.4,3.8,94.9,87.4,25,36,22.9,17.3,3,14.9,20.8,45.4,36.3,,,,,,,,,
5103254,Colniza,resto_mt,Demais MT,FALSE,2010,26381,-0.09,-0.2,30.9,7.7,60.9,0.2,,,,0.611,Médio,0.58,51.48,22.95,,,,,25,48,25.9,14,2.5,21.6,19.8,48.4,44.8,14,1,8,1,10,0.38,5.31,,
5103254,Colniza,resto_mt,Demais MT,FALSE,2011,27616,-0.09,-0.2,30.9,7.7,60.9,0.2,,,,,,,,,4.6,3.9,97.9,93.6,28,52,34.5,9.8,1.4,11.3,15.8,55.8,66.8,,,,,,,,,
5103254,Colniza,resto_mt,Demais MT,FALSE,2012,28810,-0.09,-0.2,30.9,7.7,60.9,0.2,,,,,,,,,,,,,27,53.8,42.7,7.8,1,11.1,14.5,65.4,65.6,,,,,,,,,
5103254,Colniza,resto_mt,Demais MT,FALSE,2013,30848,-0.09,-0.2,30.9,7.7,60.9,0.2,10.91,,448.4,,,,,,4.8,4.3,98.6,95.8,27,52,41,5.2,1.1,9.2,10.5,73.9,57.7,,,,,,,,,
5103254,Colniza,resto_mt,Demais MT,FALSE,2014,32230,-0.09,-0.2,30.9,7.7,60.9,0.2,11.07,,426.54,,,,,,,,,,28,46.2,41,5.1,0.6,20,13.4,67,62.3,,,,,,,,,
5103254,Colniza,resto_mt,Demais MT,FALSE,2015,33575,-0.09,-0.2,30.9,7.7,60.9,0.2,10.21,,330.34,,,,,,5.2,4.4,99.1,96.3,28,53.8,56.9,3.8,0.4,24.8,17.8,62.6,64.1,19,4,8,3,20,0.6,5.66,,
5103254,Colniza,resto_mt,Demais MT,FALSE,2016,34885,-0.09,-0.2,30.9,7.7,60.9,0.2,8.71,,265.12,,,,,,,,,,28,65.4,57.7,3.3000000000000003,0.4,15.5,20.1,70.5,71.2,,,,,,,,,
5103254,Colniza,resto_mt,Demais MT,FALSE,2017,36161,-0.09,-0.2,30.9,7.7,60.9,0.2,7.13,,221.23,,,,,,5.8,4.5,98.3,95.3,28,69.2,67.5,3.4,0.4,9.2,16.4,65.6,76.2,,,,,,,,,
5103254,Colniza,resto_mt,Demais MT,FALSE,2018,37280,-0.09,-0.2,30.9,7.7,60.9,0.2,6.02,,170.02,,,,,,,,,,28,69.2,81.2,3.5,0.5,13,12.5,68,72.8,,,,,,,,,
5103254,Colniza,resto_mt,Demais MT,FALSE,2019,38582,-0.09,-0.2,30.9,7.7,60.9,0.2,4.87,1.05,296.33,,,,,,5.4,4.2,97.3,88.8,27,90,88.7,3.9,0.3,14.7,12.3,73.5,79.4,,,,,,,,,
5103254,Colniza,resto_mt,Demais MT,FALSE,2020,39861,-0.09,-0.2,30.9,7.7,60.9,0.2,4.28,1.02,265.29,,,,,,,,,,22,95,89.3,4.8,,14.9,14.2,70.5,79,17,2,7,1,14,0.35,4.26,618,1.6
5103254,Colniza,resto_mt,Demais MT,FALSE,2021,41117,-0.09,-0.2,30.9,7.7,60.9,0.2,4.01,1.02,248.94,,,,,,5.4,,100,93.6,22,100,,4.3,0,13.8,14.4,77.6,78.6,,,,,,,,,
5103254,Colniza,resto_mt,Demais MT,FALSE,2022,25766,-0.09,-0.2,30.9,7.7,60.9,0.2,6.35,1.7,510.6,,,,,,,,,,22,95,,4.9,0.3,24.6,17.3,72.4,74.1,,,,,,,,,
5103254,Colniza,resto_mt,Demais MT,FALSE,2023,25766,-0.09,-0.2,30.9,7.7,60.9,0.2,6.42,1.85,815.59,,,,,,5.4,4.5,100,98.6,21,100,,,,,,,,40,3,10,2,21,0.82,15.52,624,2.4
5103254,Colniza,resto_mt,Demais MT,FALSE,2024,26090,-0.09,-0.2,30.9,7.7,60.9,0.2,6.03,1.96,815.62,,,,,,,,,,21,100,,,,,,,,,,,,,,,,
5103254,Colniza,resto_mt,Demais MT,FALSE,2025,26026,-0.09,-0.2,30.9,7.7,60.9,0.2,,,,,,,,,,,,,,,,,,,,,,,,,,,,,,
5103304,Comodoro,resto_mt,Demais MT,FALSE,2000,15046,0.11,0.03,29.1,7.6,53.2,10,,,,0.521,Baixo,0.64,54.95,17.48,,,,,,,,,,13.9,,31.9,27.4,,,,,,,,,
5103304,Comodoro,resto_mt,Demais MT,FALSE,2001,15730,0.11,0.03,29.1,7.6,53.2,10,,,,,,,,,,,,,,,,,,41.7,,39.2,39.9,,,,,,,,,
5103304,Comodoro,resto_mt,Demais MT,FALSE,2002,16326,0.11,0.03,29.1,7.6,53.2,10,,,,,,,,,,,,,,,,,,24.3,26.6,43.8,42.4,,,,,,,,,
5103304,Comodoro,resto_mt,Demais MT,FALSE,2003,16921,0.11,0.03,29.1,7.6,53.2,10,,,,,,,,,,,,,,,,,,18.2,28.2,36.9,38.3,,,,,,,,,
5103304,Comodoro,resto_mt,Demais MT,FALSE,2004,18168,0.11,0.03,29.1,7.6,53.2,10,,,,,,,,,,,,,,,,,,35.5,26.7,58.3,46.4,,,,,,,,,
5103304,Comodoro,resto_mt,Demais MT,FALSE,2005,18858,0.11,0.03,29.1,7.6,53.2,10,,,,,,,,,3.9,3.1,85.2,73.1,,,,,,35.2,30,57,80.5,,,,,,,,,
5103304,Comodoro,resto_mt,Demais MT,FALSE,2006,19543,0.11,0.03,29.1,7.6,53.2,10,,,,,,,,,,,,,,,,,,23.1,30.5,59.7,73.1,,,,,,,,,
5103304,Comodoro,resto_mt,Demais MT,FALSE,2007,17939,0.11,0.03,29.1,7.6,53.2,10,,,,,,,,,4,3.9,88.4,86.7,17,47.1,,25.1,4.7,20.6,25.4,60.5,79.6,,,,,,,,,
5103304,Comodoro,resto_mt,Demais MT,FALSE,2008,18623,0.11,0.03,29.1,7.6,53.2,10,,,,,,,,,,,,,18,44.4,,24.7,4.9,40,27.5,61.8,79,,,,,,,,,
5103304,Comodoro,resto_mt,Demais MT,FALSE,2009,18974,0.11,0.03,29.1,7.6,53.2,10,,,,,,,,,4.7,4.2,91.2,88.2,19,47.4,49.4,22.5,2.1,17.6,25.9,56.3,84.5,,,,,,,,,
5103304,Comodoro,resto_mt,Demais MT,FALSE,2010,18178,0.11,0.03,29.1,7.6,53.2,10,,,,0.689,Médio,0.54,36.93,8.44,,,,,24,50,57.9,23,2.2,16.3,24.2,57.4,76.8,24,2,10,1,24,1.32,13.2,,
5103304,Comodoro,resto_mt,Demais MT,FALSE,2011,18419,0.11,0.03,29.1,7.6,53.2,10,,,,,,,,,5,4.6,93.9,96.1,22,65,70.9,14.9,3.2,22.9,18.9,61.1,68.9,,,,,,,,,
5103304,Comodoro,resto_mt,Demais MT,FALSE,2012,18651,0.11,0.03,29.1,7.6,53.2,10,,,,,,,,,,,,,24,66.7,71.9,10.1,0.9,18.3,19.1,67.8,60.7,,,,,,,,,
5103304,Comodoro,resto_mt,Demais MT,FALSE,2013,19045,0.11,0.03,29.1,7.6,53.2,10,6.35,,241.95,,,,,,4.8,4.3,93.7,92.6,24,61.9,71.6,10.3,1.7,16.3,19.1,61,64,,,,,,,,,
5103304,Comodoro,resto_mt,Demais MT,FALSE,2014,19294,0.11,0.03,29.1,7.6,53.2,10,6.29,,237.94,,,,,,,,,,21,71.4,74.1,10,1.4,41.9,25.2,69.4,66.2,,,,,,,,,
5103304,Comodoro,resto_mt,Demais MT,FALSE,2015,19536,0.11,0.03,29.1,7.6,53.2,10,6.19,,215.86,,,,,,5.3,4.5,96.5,91.6,22,71.4,71.5,9.1,0.9,41.4,32.9,66.2,72.2,25,2,10,1,24,1.23,12.8,,
5103304,Comodoro,resto_mt,Demais MT,FALSE,2016,19702,0.11,0.03,29.1,7.6,53.2,10,5.84,,201.33,,,,,,,,,,22,75,76.7,8.9,0.9,17.9,33.1,65.9,60.3,,,,,,,,,
5103304,Comodoro,resto_mt,Demais MT,FALSE,2017,19932,0.11,0.03,29.1,7.6,53.2,10,5.64,,224.35,,,,,,5.7,4.5,97.3,92.9,22,68.4,76.6,5.8,0.4,12.9,23.3,59.3,61.6,,,,,,,,,
5103304,Comodoro,resto_mt,Demais MT,FALSE,2018,20513,0.11,0.03,29.1,7.6,53.2,10,5.26,,215.63,,,,,,,,,,22,68.4,79.6,5.1,0.3,10.8,13.9,68.8,62.3,,,,,,,,,
5103304,Comodoro,resto_mt,Demais MT,FALSE,2019,20763,0.11,0.03,29.1,7.6,53.2,10,4.72,2.05,530.18,,,,,,5.5,4.7,97.5,91.3,22,78.9,80.3,5.5,0,21.9,15.1,64,62.8,,,,,,,,,
5103304,Comodoro,resto_mt,Demais MT,FALSE,2020,21008,0.11,0.03,29.1,7.6,53.2,10,4.53,2.02,515.45,,,,,,,,,,22,84.2,82.9,5.3,,30.3,20.9,60.5,64.5,35,2,14,1,24,1.14,16.66,3734,17.8
5103304,Comodoro,resto_mt,Demais MT,FALSE,2021,21249,0.11,0.03,29.1,7.6,53.2,10,4.46,2,495.99,,,,,,5.7,5,99.4,94.6,22,89.5,,4.4,0.4,24.6,25.6,60.8,72.3,,,,,,,,,
5103304,Comodoro,resto_mt,Demais MT,FALSE,2022,18238,0.11,0.03,29.1,7.6,53.2,10,5.99,2.4,676.42,,,,,,,,,,22,94.7,,4.3,0,20.3,25.4,68.9,68.6,,,,,,,,,
5103304,Comodoro,resto_mt,Demais MT,FALSE,2023,18238,0.11,0.03,29.1,7.6,53.2,10,7.81,2.7,1115.11,,,,,,5.9,4.9,100,98.8,19,94.4,,,,,,,,48,2,17,1,24,1.32,26.32,4391,24.1
5103304,Comodoro,resto_mt,Demais MT,FALSE,2024,18461,0.11,0.03,29.1,7.6,53.2,10,9.54,2.93,1316.85,,,,,,,,,,22,94.4,,,,,,,,,,,,,,,,
5103304,Comodoro,resto_mt,Demais MT,FALSE,2025,18469,0.11,0.03,29.1,7.6,53.2,10,,,,,,,,,,,,,,,,,,,,,,,,,,,,,,
5103353,Confresa,resto_mt,Demais MT,FALSE,2000,17841,2.88,2.82,27.7,9.1,62.6,0.5,,,,0.451,Muito Baixo,0.62,63.2,24.01,,,,,,,,,,26.3,,20.2,25.4,,,,,,,,,
5103353,Confresa,resto_mt,Demais MT,FALSE,2001,19617,2.88,2.82,27.7,9.1,62.6,0.5,,,,,,,,,,,,,,,,,,31.5,,20.6,30.8,,,,,,,,,
5103353,Confresa,resto_mt,Demais MT,FALSE,2002,20902,2.88,2.82,27.7,9.1,62.6,0.5,,,,,,,,,,,,,,,,,,19.9,25.6,16.7,32.1,,,,,,,,,
5103353,Confresa,resto_mt,Demais MT,FALSE,2003,22323,2.88,2.82,27.7,9.1,62.6,0.5,,,,,,,,,,,,,,,,,,42.7,31.1,22.4,27.2,,,,,,,,,
5103353,Confresa,resto_mt,Demais MT,FALSE,2004,25305,2.88,2.82,27.7,9.1,62.6,0.5,,,,,,,,,,,,,,,,,,29.6,30.4,25.1,37.7,,,,,,,,,
5103353,Confresa,resto_mt,Demais MT,FALSE,2005,26955,2.88,2.82,27.7,9.1,62.6,0.5,,,,,,,,,3.5,3.7,72.7,72.8,,,,,,10.3,27.4,24.2,40.1,,,,,,,,,
5103353,Confresa,resto_mt,Demais MT,FALSE,2006,28594,2.88,2.82,27.7,9.1,62.6,0.5,,,,,,,,,,,,,,,,,,11.4,17,32.7,44.3,,,,,,,,,
5103353,Confresa,resto_mt,Demais MT,FALSE,2007,21361,2.88,2.82,27.7,9.1,62.6,0.5,,,,,,,,,3.4,3.4,77.2,85.4,20,25,,30.1,12.5,21.8,14.2,29.2,48.2,,,,,,,,,
5103353,Confresa,resto_mt,Demais MT,FALSE,2008,22180,2.88,2.82,27.7,9.1,62.6,0.5,,,,,,,,,,,,,19,22.2,,26.9,7.5,17.3,16.5,35.3,54.8,,,,,,,,,
5103353,Confresa,resto_mt,Demais MT,FALSE,2009,22606,2.88,2.82,27.7,9.1,62.6,0.5,,,,,,,,,4.4,4,93.3,88.7,20,40,27.1,22.8,3.1,36.6,25.1,42,58.1,,,,,,,,,
5103353,Confresa,resto_mt,Demais MT,FALSE,2010,25124,2.88,2.82,27.7,9.1,62.6,0.5,,,,0.668,Médio,0.58,48.55,14.24,,,,,23,47.8,44,17.4,2,15.8,23.1,38.3,50.7,21,1,13,1,30,1.19,8.36,,
5103353,Confresa,resto_mt,Demais MT,FALSE,2011,25684,2.88,2.82,27.7,9.1,62.6,0.5,,,,,,,,,4.5,3.9,95,89.8,26,52.2,56,13.4,1.4,11.8,21.1,44.3,53.8,,,,,,,,,
5103353,Confresa,resto_mt,Demais MT,FALSE,2012,26224,2.88,2.82,27.7,9.1,62.6,0.5,,,,,,,,,,,,,26,78.3,65.1,8.8,0.6,21.6,16.4,44.1,51.2,,,,,,,,,
5103353,Confresa,resto_mt,Demais MT,FALSE,2013,27144,2.88,2.82,27.7,9.1,62.6,0.5,10.28,,365.68,,,,,,4.7,4.1,97.6,94.9,27,79.2,70.8,5.4,0.4,7.6,13.8,47.2,53.3,,,,,,,,,
5103353,Confresa,resto_mt,Demais MT,FALSE,2014,27749,2.88,2.82,27.7,9.1,62.6,0.5,9.92,,351.63,,,,,,,,,,27,83.3,65.4,5.4,0.6,16.5,15.4,45.9,62.6,,,,,,,,,
5103353,Confresa,resto_mt,Demais MT,FALSE,2015,28339,2.88,2.82,27.7,9.1,62.6,0.5,9.15,,310.72,,,,,,5.2,4.4,96.7,95,27,95.8,68.9,4.8,1.2,8.2,10.7,40,64.5,21,1,10,1,33,1.16,7.41,,
5103353,Confresa,resto_mt,Demais MT,FALSE,2016,28913,2.88,2.82,27.7,9.1,62.6,0.5,8.9,,319.45,,,,,,,,,,29,100,81.1,5.1000000000000005,0.7,24,16.3,58.6,68.3,,,,,,,,,
5103353,Confresa,resto_mt,Demais MT,FALSE,2017,29471,2.88,2.82,27.7,9.1,62.6,0.5,8,,320.4,,,,,,5.5,4.7,98.8,97.2,31,82.1,77.4,6.2,0,9.6,13.9,56.5,71.3,,,,,,,,,
5103353,Confresa,resto_mt,Demais MT,FALSE,2018,30347,2.88,2.82,27.7,9.1,62.6,0.5,6.86,,266.47,,,,,,,,,,33,85.7,89,5.8,0.2,11.1,14.7,73.5,74.2,,,,,,,,,
5103353,Confresa,resto_mt,Demais MT,FALSE,2019,30933,2.88,2.82,27.7,9.1,62.6,0.5,6.27,1.99,546.05,,,,,,5,4.4,97.2,94.8,27,81.5,92.9,6.2,0.5,10,10.2,65.6,61,,,,,,,,,
5103353,Confresa,resto_mt,Demais MT,FALSE,2020,31510,2.88,2.82,27.7,9.1,62.6,0.5,6.58,2.02,539.88,,,,,,,,,,27,88.9,93.8,5.7,,12.9,11.3,75,58.1,46,3,19,3,49,1.56,14.6,3630,11.5
5103353,Confresa,resto_mt,Demais MT,FALSE,2021,32076,2.88,2.82,27.7,9.1,62.6,0.5,7.21,2,539.09,,,,,,4.9,4.7,98.9,95.9,30,84.6,,4.6,0.2,15.1,12.6,74.8,64.4,,,,,,,,,
5103353,Confresa,resto_mt,Demais MT,FALSE,2022,35075,2.88,2.82,27.7,9.1,62.6,0.5,7.4,1.9,614.28,,,,,,,,,,33,92.9,,6.5,0.2,11.7,13.2,74.6,67.6,,,,,,,,,
5103353,Confresa,resto_mt,Demais MT,FALSE,2023,35075,2.88,2.82,27.7,9.1,62.6,0.5,8.05,2.06,993.99,,,,,,5.4,4.6,99.2,98.1,29,100,,,,,,,,64,3,21,2,44,1.25,18.25,5608,16
5103353,Confresa,resto_mt,Demais MT,FALSE,2024,37541,2.88,2.82,27.7,9.1,62.6,0.5,7.41,2.15,978.09,,,,,,,,,,31,100,,,,,,,,,,,,,,,,
5103353,Confresa,resto_mt,Demais MT,FALSE,2025,38460,2.88,2.82,27.7,9.1,62.6,0.5,,,,,,,,,,,,,,,,,,,,,,,,,,,,,,
5103361,Conquista D'Oeste,resto_mt,Demais MT,FALSE,2001,2644,0.96,0.88,32.3,9.1,50.6,7.8,,,,,,,,,,,,,,,,,,,,,,,,,,,,,,
5103361,Conquista D'Oeste,resto_mt,Demais MT,FALSE,2002,2688,0.96,0.88,32.3,9.1,50.6,7.8,,,,,,,,,,,,,,,,,,,,80,60,,,,,,,,,
5103361,Conquista D'Oeste,resto_mt,Demais MT,FALSE,2003,2736,0.96,0.88,32.3,9.1,50.6,7.8,,,,,,,,,,,,,,,,,,0,0,57.5,60,,,,,,,,,
5103361,Conquista D'Oeste,resto_mt,Demais MT,FALSE,2004,2836,0.96,0.88,32.3,9.1,50.6,7.8,,,,,,,,,,,,,,,,,,44.4,22.2,53.3,60,,,,,,,,,
5103361,Conquista D'Oeste,resto_mt,Demais MT,FALSE,2005,2892,0.96,0.88,32.3,9.1,50.6,7.8,,,,,,,,,,4,,90.7,,,,,,20.8,22.6,62.5,52.1,,,,,,,,,
5103361,Conquista D'Oeste,resto_mt,Demais MT,FALSE,2006,2947,0.96,0.88,32.3,9.1,50.6,7.8,,,,,,,,,,,,,,,,,,0,22.4,43.9,43.9,,,,,,,,,
5103361,Conquista D'Oeste,resto_mt,Demais MT,FALSE,2007,3106,0.96,0.88,32.3,9.1,50.6,7.8,,,,,,,,,2.9,3.7,80.9,86.4,8,37.5,,36.8,1.9,0,7.6,51.2,48.8,,,,,,,,,
5103361,Conquista D'Oeste,resto_mt,Demais MT,FALSE,2008,3226,0.96,0.88,32.3,9.1,50.6,7.8,,,,,,,,,,,,,7,42.9,,26.8,1.3,,9.3,69.6,47.8,,,,,,,,,
5103361,Conquista D'Oeste,resto_mt,Demais MT,FALSE,2009,3289,0.96,0.88,32.3,9.1,50.6,7.8,,,,,,,,,3.9,,86,90,7,42.9,71.2,28.8,1.1,0,7.3,54.9,47.9,,,,,,,,,
5103361,Conquista D'Oeste,resto_mt,Demais MT,FALSE,2010,3385,0.96,0.88,32.3,9.1,50.6,7.8,,,,0.718,Alto,0.5,28.35,4,,,,,7,42.9,69,29.8,2.1,0,7.5,51.3,59,8,0,3,0,0,0,23.63,,
5103361,Conquista D'Oeste,resto_mt,Demais MT,FALSE,2011,3447,0.96,0.88,32.3,9.1,50.6,7.8,,,,,,,,,5.4,4,99.7,93.2,8,42.9,75.5,27.7,0.3,16.1,5.8,61.3,61.3,,,,,,,,,
5103361,Conquista D'Oeste,resto_mt,Demais MT,FALSE,2012,3506,0.96,0.88,32.3,9.1,50.6,7.8,,,,,,,,,,,,,8,42.9,78.4,24.9,4.8,16.4,12.3,55.7,70.5,,,,,,,,,
5103361,Conquista D'Oeste,resto_mt,Demais MT,FALSE,2013,3607,0.96,0.88,32.3,9.1,50.6,7.8,5.35,,191.07,,,,,,,4.7,92,94.8,8,42.9,82,24,1.2,16.9,16.5,57.6,61,,,,,,,,,
5103361,Conquista D'Oeste,resto_mt,Demais MT,FALSE,2014,3673,0.96,0.88,32.3,9.1,50.6,7.8,6.29,,226.76,,,,,,,,,,8,85.7,72.7,22.4,1.7,0,11.8,68,50,,,,,,,,,
5103361,Conquista D'Oeste,resto_mt,Demais MT,FALSE,2015,3737,0.96,0.88,32.3,9.1,50.6,7.8,6.07,,213.51,,,,,,5.4,4.8,94.6,95.5,8,85.7,76.4,19.3,2.9,0,6.1,57.1,82.1,11,1,2,0,0,0,29.44,,
5103361,Conquista D'Oeste,resto_mt,Demais MT,FALSE,2016,3799,0.96,0.88,32.3,9.1,50.6,7.8,5.95,,201.71,,,,,,,,,,8,100,81.6,16.5,1.6,0,0,69.8,79.1,,,,,,,,,
5103361,Conquista D'Oeste,resto_mt,Demais MT,FALSE,2017,3860,0.96,0.88,32.3,9.1,50.6,7.8,4.64,,163.28,,,,,,5.9,5.8,96.1,100,8,100,74.1,14.3,3.2,0,0,65.5,74.1,,,,,,,,,
5103361,Conquista D'Oeste,resto_mt,Demais MT,FALSE,2018,3973,0.96,0.88,32.3,9.1,50.6,7.8,4.56,,153.64,,,,,,,,,,8,100,78.4,9.3,3.2,0,0,64.2,79.1,,,,,,,,,
5103361,Conquista D'Oeste,resto_mt,Demais MT,FALSE,2019,4038,0.96,0.88,32.3,9.1,50.6,7.8,3.96,1.24,333.55,,,,,,5,5.4,96,97.5,8,100,86,5.3,1,15.4,5.3,64.6,76.9,,,,,,,,,
5103361,Conquista D'Oeste,resto_mt,Demais MT,FALSE,2020,4101,0.96,0.88,32.3,9.1,50.6,7.8,4.05,1.34,342.44,,,,,,,,,,8,100,92.3,9.5,,15.9,10.3,76.2,77.8,10,1,2,0,0,0,24.38,466,11.4
5103361,Conquista D'Oeste,resto_mt,Demais MT,FALSE,2021,4163,0.96,0.88,32.3,9.1,50.6,7.8,4.42,1.32,341.92,,,,,,5.1,,97.2,95.1,8,100,,15.3,0.6,20.4,16.9,73.5,63.3,,,,,,,,,
5103361,Conquista D'Oeste,resto_mt,Demais MT,FALSE,2022,3760,0.96,0.88,32.3,9.1,50.6,7.8,6.01,1.41,485.79,,,,,,,,,,8,100,,13.3,0,16.4,17.3,73.8,90.2,,,,,,,,,
5103361,Conquista D'Oeste,resto_mt,Demais MT,FALSE,2023,3760,0.96,0.88,32.3,9.1,50.6,7.8,6.86,1.49,845.57,,,,,,5.3,4.4,99.7,100,7,100,,,,,,,,13,1,2,0,0,0,34.57,515,13.7
5103361,Conquista D'Oeste,resto_mt,Demais MT,FALSE,2024,3874,0.96,0.88,32.3,9.1,50.6,7.8,7.02,1.63,902.91,,,,,,,,,,7,100,,,,,,,,,,,,,,,,
5103361,Conquista D'Oeste,resto_mt,Demais MT,FALSE,2025,3908,0.96,0.88,32.3,9.1,50.6,7.8,,,,,,,,,,,,,,,,,,,,,,,,,,,,,,
5103379,Cotriguaçu,resto_mt,Demais MT,FALSE,2000,8474,-2.64,-2.53,37.3,8.5,53.3,0.8,,,,0.47,Muito Baixo,0.62,66.62,25.34,,,,,,,,,,13.3,,36.7,25.3,,,,,,,,,
5103379,Cotriguaçu,resto_mt,Demais MT,FALSE,2001,9222,-2.64,-2.53,37.3,8.5,53.3,0.8,,,,,,,,,,,,,,,,,,30.7,,34.4,29,,,,,,,,,
5103379,Cotriguaçu,resto_mt,Demais MT,FALSE,2002,9743,-2.64,-2.53,37.3,8.5,53.3,0.8,,,,,,,,,,,,,,,,,,14.3,19.1,40.5,22.4,,,,,,,,,
5103379,Cotriguaçu,resto_mt,Demais MT,FALSE,2003,10331,-2.64,-2.53,37.3,8.5,53.3,0.8,,,,,,,,,,,,,,,,,,19.6,20.8,36.9,19.2,,,,,,,,,
5103379,Cotriguaçu,resto_mt,Demais MT,FALSE,2004,11997,-2.64,-2.53,37.3,8.5,53.3,0.8,,,,,,,,,,,,,,,,,,20.6,18.3,37.4,35.4,,,,,,,,,
5103379,Cotriguaçu,resto_mt,Demais MT,FALSE,2005,12696,-2.64,-2.53,37.3,8.5,53.3,0.8,,,,,,,,,3.7,3.2,78.9,72.3,,,,,,11.3,16.9,41.5,21.9,,,,,,,,,
5103379,Cotriguaçu,resto_mt,Demais MT,FALSE,2006,13390,-2.64,-2.53,37.3,8.5,53.3,0.8,,,,,,,,,,,,,,,,,,13.3,15,42,44.2,,,,,,,,,
5103379,Cotriguaçu,resto_mt,Demais MT,FALSE,2007,13740,-2.64,-2.53,37.3,8.5,53.3,0.8,,,,,,,,,4.2,3.7,86,82.3,33,6.1,,20.3,3.2,25.6,16.6,35.5,93.2,,,,,,,,,
5103379,Cotriguaçu,resto_mt,Demais MT,FALSE,2008,14406,-2.64,-2.53,37.3,8.5,53.3,0.8,,,,,,,,,,,,,32,9.4,,16,1.4,32,24.3,48.2,87.9,,,,,,,,,
5103379,Cotriguaçu,resto_mt,Demais MT,FALSE,2009,14965,-2.64,-2.53,37.3,8.5,53.3,0.8,,,,,,,,,4.2,3.7,90.8,79.8,33,15.2,32.4,16.6,0.9,18.3,25.9,45.9,88.1,,,,,,,,,
5103379,Cotriguaçu,resto_mt,Demais MT,FALSE,2010,14983,-2.64,-2.53,37.3,8.5,53.3,0.8,,,,0.601,Médio,0.57,52.37,21.39,,,,,22,40.9,39.9,15.1,1,4.3,19.2,55,85.3,11,1,7,1,18,1.2,7.34,,
5103379,Cotriguaçu,resto_mt,Demais MT,FALSE,2011,15455,-2.64,-2.53,37.3,8.5,53.3,0.8,,,,,,,,,4.8,3.8,92.6,85.1,39,37.5,62.6,12.6,0.6,17.7,13.3,53.5,57.1,,,,,,,,,
5103379,Cotriguaçu,resto_mt,Demais MT,FALSE,2012,15912,-2.64,-2.53,37.3,8.5,53.3,0.8,,,,,,,,,,,,,39,37.5,79.4,9.9,0,0,7.7,62.1,56.3,,,,,,,,,
5103379,Cotriguaçu,resto_mt,Demais MT,FALSE,2013,16689,-2.64,-2.53,37.3,8.5,53.3,0.8,7.65,,211.27,,,,,,4.8,4.3,97.9,96.2,39,47.4,63.3,10.7,0.4,20.5,12.5,52.7,62.3,,,,,,,,,
5103379,Cotriguaçu,resto_mt,Demais MT,FALSE,2014,17209,-2.64,-2.53,37.3,8.5,53.3,0.8,6.79,,186.62,,,,,,,,,,39,50,65,7.7,0.2,5.3,7.6,50,69.7,,,,,,,,,
5103379,Cotriguaçu,resto_mt,Demais MT,FALSE,2015,17716,-2.64,-2.53,37.3,8.5,53.3,0.8,6.08,,154.76,,,,,,5.7,4.5,98.4,94.8,39,52.9,70.1,5.3,0,0,8,58.1,69.5,14,2,7,1,19,1.07,7.9,,
5103379,Cotriguaçu,resto_mt,Demais MT,FALSE,2016,18209,-2.64,-2.53,37.3,8.5,53.3,0.8,4.75,,116.39,,,,,,,,,,38,83.3,78.1,5.2,0.4,7,4,63.4,67.6,,,,,,,,,
5103379,Cotriguaçu,resto_mt,Demais MT,FALSE,2017,18689,-2.64,-2.53,37.3,8.5,53.3,0.8,3.39,,78.03,,,,,,5.8,4.3,98.3,93.9,39,33.3,81.3,5.4,0.1,0,2.1,63.4,78,,,,,,,,,
5103379,Cotriguaçu,resto_mt,Demais MT,FALSE,2018,19254,-2.64,-2.53,37.3,8.5,53.3,0.8,2.85,,61.96,,,,,,,,,,39,60,87.9,5.4,0.2,14.6,7.8,66.5,85.9,,,,,,,,,
5103379,Cotriguaçu,resto_mt,Demais MT,FALSE,2019,19750,-2.64,-2.53,37.3,8.5,53.3,0.8,2.41,0.55,141.16,,,,,,5.7,,97.8,91.8,40,100,88.7,5.3,0.1,0,5.6,65.7,87.3,,,,,,,,,
5103379,Cotriguaçu,resto_mt,Demais MT,FALSE,2020,20238,-2.64,-2.53,37.3,8.5,53.3,0.8,2.35,0.53,135.53,,,,,,,,,,23,100,86.8,5.7,,12.7,9.4,78.5,87.3,19,2,8,1,21,1.04,9.39,458,2.3
5103379,Cotriguaçu,resto_mt,Demais MT,FALSE,2021,20717,-2.64,-2.53,37.3,8.5,53.3,0.8,2.36,0.5,124.89,,,,,,5.7,4.5,100,94.4,10,100,,3.3,0,0,4.2,75.8,86.3,,,,,,,,,
5103379,Cotriguaçu,resto_mt,Demais MT,FALSE,2022,11011,-2.64,-2.53,37.3,8.5,53.3,0.8,5.1,0.93,342.52,,,,,,,,,,10,100,,4.8,0,5.9,6.2,80,83.5,,,,,,,,,
5103379,Cotriguaçu,resto_mt,Demais MT,FALSE,2023,11011,-2.64,-2.53,37.3,8.5,53.3,0.8,5.59,0.98,621.01,,,,,,5.7,5.4,100,99.5,10,100,,,,,,,,18,2,7,1,21,1.91,16.35,652,5.9
5103379,Cotriguaçu,resto_mt,Demais MT,FALSE,2024,10398,-2.64,-2.53,37.3,8.5,53.3,0.8,6.7,1.13,749.46,,,,,,,,,,9,100,,,,,,,,,,,,,,,,
5103379,Cotriguaçu,resto_mt,Demais MT,FALSE,2025,10030,-2.64,-2.53,37.3,8.5,53.3,0.8,,,,,,,,,,,,,,,,,,,,,,,,,,,,,,
5103403,Cuiabá,polo_metropolitano,Polo Metropolitano,FALSE,2000,483346,1.53,1.4,30.7,13.6,54.9,0.2,,,,0.692,Médio,0.63,34.61,3.37,,,,,,,,,,20.4,,50.5,71.7,,,,,,,,,
5103403,Cuiabá,polo_metropolitano,Polo Metropolitano,FALSE,2001,492894,1.53,1.4,30.7,13.6,54.9,0.2,,,,,,,,,,,,,,,,,,20.4,,53.1,76.8,,,,,,,,,
5103403,Cuiabá,polo_metropolitano,Polo Metropolitano,FALSE,2002,500288,1.53,1.4,30.7,13.6,54.9,0.2,,,,,,,,,,,,,,,,,,15,18.7,54.3,74.7,,,,,,,,,
5103403,Cuiabá,polo_metropolitano,Polo Metropolitano,FALSE,2003,508156,1.53,1.4,30.7,13.6,54.9,0.2,,,,,,,,,,,,,,,,,,15.8,17.1,54.7,75.4,,,,,,,,,
5103403,Cuiabá,polo_metropolitano,Polo Metropolitano,FALSE,2004,524666,1.53,1.4,30.7,13.6,54.9,0.2,,,,,,,,,,,,,,,,,,18,16.3,55.5,68,,,,,,,,,
5103403,Cuiabá,polo_metropolitano,Polo Metropolitano,FALSE,2005,533800,1.53,1.4,30.7,13.6,54.9,0.2,,,,,,,,,3.6,2.9,84,68.4,,,,,,16.8,16.9,57.2,57.3,,,,,,,,,
5103403,Cuiabá,polo_metropolitano,Polo Metropolitano,FALSE,2006,542861,1.53,1.4,30.7,13.6,54.9,0.2,,,,,,,,,,,,,,,,,,13,16,57.3,61,,,,,,,,,
5103403,Cuiabá,polo_metropolitano,Polo Metropolitano,FALSE,2007,526831,1.53,1.4,30.7,13.6,54.9,0.2,,,,,,,,,4.1,3.3,89.7,78.2,298,49.3,,17.2,3.2,14.9,15,58,61.1,,,,,,,,,
5103403,Cuiabá,polo_metropolitano,Polo Metropolitano,FALSE,2008,544737,1.53,1.4,30.7,13.6,54.9,0.2,,,,,,,,,,,,,343,64.9,,14.3,2.2,16.4,14.8,60.5,63.3,,,,,,,,,
5103403,Cuiabá,polo_metropolitano,Polo Metropolitano,FALSE,2009,550562,1.53,1.4,30.7,13.6,54.9,0.2,,,,,,,,,4.5,4.1,94.9,88.4,355,86.9,74.6,13.2,1.3,15,15.4,59.7,64.2,,,,,,,,,
5103403,Cuiabá,polo_metropolitano,Polo Metropolitano,FALSE,2010,551098,1.53,1.4,30.7,13.6,54.9,0.2,,,,0.785,Alto,0.59,17.21,1.33,,,,,355,93.6,73.2,10.3,0.5,12.4,14.6,60.4,66.7,1254,43,308,23,1350,2.45,22.75,,
5103403,Cuiabá,polo_metropolitano,Polo Metropolitano,FALSE,2011,556299,1.53,1.4,30.7,13.6,54.9,0.2,,,,,,,,,4.8,4.1,97.3,93,353,94,75.3,7.6,0.4,11.5,12.9,61.5,69.5,,,,,,,,,
5103403,Cuiabá,polo_metropolitano,Polo Metropolitano,FALSE,2012,561329,1.53,1.4,30.7,13.6,54.9,0.2,,,,,,,,,,,,,360,95.1,78.8,6.6,0.3,13.3,12.4,63.4,69.3,,,,,,,,,
5103403,Cuiabá,polo_metropolitano,Polo Metropolitano,FALSE,2013,569830,1.53,1.4,30.7,13.6,54.9,0.2,4.17,,112.48,,,,,,5,4.1,98.2,95.6,374,94.9,78.4,5.4,0.2,14.3,13,59,68.9,,,,,,,,,
5103403,Cuiabá,polo_metropolitano,Polo Metropolitano,FALSE,2014,575480,1.53,1.4,30.7,13.6,54.9,0.2,4.36,,113.38,,,,,,,,,,392,96.6,79.1,4.5,0.2,12.7,13.4,57.3,70.4,,,,,,,,,
5103403,Cuiabá,polo_metropolitano,Polo Metropolitano,FALSE,2015,580489,1.53,1.4,30.7,13.6,54.9,0.2,4.05,,97.64,,,,,,5.4,4.3,98.6,93.9,413,97.3,77.9,4.7,0.1,12.5,13.2,56.1,71.6,1425,45,344,23,1841,3.17,24.55,,
5103403,Cuiabá,polo_metropolitano,Polo Metropolitano,FALSE,2016,585367,1.53,1.4,30.7,13.6,54.9,0.2,3.59,,79.45,,,,,,,,,,416,91.4,87.9,4.6000000000000005,0.1,10.5,12,56.3,70.8,,,,,,,,,
5103403,Cuiabá,polo_metropolitano,Polo Metropolitano,FALSE,2017,590118,1.53,1.4,30.7,13.6,54.9,0.2,3.22,,70.26,,,,,,5.6,4.5,98.1,95.2,448,88.8,87,5,0.1,10.7,11.3,57.2,74.2,,,,,,,,,
5103403,Cuiabá,polo_metropolitano,Polo Metropolitano,FALSE,2018,607153,1.53,1.4,30.7,13.6,54.9,0.2,3.39,,71.86,,,,,,,,,,427,88.1,88.9,5,0.1,10.3,10.5,55.5,75.6,,,,,,,,,
5103403,Cuiabá,polo_metropolitano,Polo Metropolitano,FALSE,2019,612547,1.53,1.4,30.7,13.6,54.9,0.2,3.41,2.8,520.11,,,,,,5.6,4.3,98.1,91.2,386,98.7,84.6,4.8,0.1,10,10.3,52.1,73.6,,,,,,,,,
5103403,Cuiabá,polo_metropolitano,Polo Metropolitano,FALSE,2020,618124,1.53,1.4,30.7,13.6,54.9,0.2,3.64,2.79,520.33,,,,,,,,,,378,98.9,89.4,4.5,,12.4,10.9,56.2,69.5,1676,47,404,27,1917,3.1,27.11,893227,100
5103403,Cuiabá,polo_metropolitano,Polo Metropolitano,FALSE,2021,623614,1.53,1.4,30.7,13.6,54.9,0.2,3.83,2.77,504.31,,,,,,5.5,4.6,99.5,97.7,435,99.5,,4.3,0.3,11.4,11.2,55.9,71.6,,,,,,,,,
5103403,Cuiabá,polo_metropolitano,Polo Metropolitano,FALSE,2022,650877,1.53,1.4,30.7,13.6,54.9,0.2,5.56,2.8,654.27,,,,,,,,,,497,99.5,,5.1,0.1,13.3,12.4,53.4,70.3,,,,,,,,,
5103403,Cuiabá,polo_metropolitano,Polo Metropolitano,FALSE,2023,650877,1.53,1.4,30.7,13.6,54.9,0.2,6.42,3.13,1022.86,,,,,,5.7,4.6,99.8,99.3,425,99.5,,,,,,,,2034,52,542,30,1935,2.97,31.25,970630,100
5103403,Cuiabá,polo_metropolitano,Polo Metropolitano,FALSE,2024,682932,1.53,1.4,30.7,13.6,54.9,0.2,5.94,3.44,1061.96,,,,,,,,,,428,99.7,,,,,,,,,,,,,,,,
5103403,Cuiabá,polo_metropolitano,Polo Metropolitano,FALSE,2025,691875,1.53,1.4,30.7,13.6,54.9,0.2,,,,,,,,,,,,,,,,,,,,,,,,,,,,,,
5103437,Curvelândia,pantanal_norte,Pantanal-13,TRUE,2001,4591,0.14,0.06,31.7,6.9,61.4,0,,,,,,,,,,,,,,,,,,,,,,,,,,,,,,
5103437,Curvelândia,pantanal_norte,Pantanal-13,TRUE,2002,4650,0.14,0.06,31.7,6.9,61.4,0,,,,,,,,,,,,,,,,,,,,100,0,,,,,,,,,
5103437,Curvelândia,pantanal_norte,Pantanal-13,TRUE,2003,4709,0.14,0.06,31.7,6.9,61.4,0,,,,,,,,,,,,,,,,,,0,0,46,33.9,,,,,,,,,
5103437,Curvelândia,pantanal_norte,Pantanal-13,TRUE,2004,4831,0.14,0.06,31.7,6.9,61.4,0,,,,,,,,,,,,,,,,,,14.1,7.4,53.5,45.1,,,,,,,,,
5103437,Curvelândia,pantanal_norte,Pantanal-13,TRUE,2005,4900,0.14,0.06,31.7,6.9,61.4,0,,,,,,,,,4.4,2.9,93.1,77.2,,,,,,16.1,10.2,58.1,45.2,,,,,,,,,
5103437,Curvelândia,pantanal_norte,Pantanal-13,TRUE,2006,4967,0.14,0.06,31.7,6.9,61.4,0,,,,,,,,,,,,,,,,,,12.5,14.1,48.8,46.2,,,,,,,,,
5103437,Curvelândia,pantanal_norte,Pantanal-13,TRUE,2007,4835,0.14,0.06,31.7,6.9,61.4,0,,,,,,,,,4.6,2.9,92,79.8,7,14.3,,17,4.7,13.7,14,71.2,56.2,,,,,,,,,
5103437,Curvelândia,pantanal_norte,Pantanal-13,TRUE,2008,4994,0.14,0.06,31.7,6.9,61.4,0,,,,,,,,,,,,,7,14.3,,15.3,0.2,0,8.7,59,59,,,,,,,,,
5103437,Curvelândia,pantanal_norte,Pantanal-13,TRUE,2009,5039,0.14,0.06,31.7,6.9,61.4,0,,,,,,,,,4.7,4.4,99.8,94.5,6,50,60.6,6.1,0.2,29.9,13.8,61.2,41.8,,,,,,,,,
5103437,Curvelândia,pantanal_norte,Pantanal-13,TRUE,2010,4866,0.14,0.06,31.7,6.9,61.4,0,,,,0.69,Médio,0.47,40.5,2.92,,,,,6,33.3,74.2,5.9,0,0,10,60,61.8,3,0,2,0,0,0,6.17,,
5103437,Curvelândia,pantanal_norte,Pantanal-13,TRUE,2011,4893,0.14,0.06,31.7,6.9,61.4,0,,,,,,,,,3.9,4.3,99.5,97,7,66.7,82.6,3.1,0.5,0,11,68.3,66.7,,,,,,,,,
5103437,Curvelândia,pantanal_norte,Pantanal-13,TRUE,2012,4918,0.14,0.06,31.7,6.9,61.4,0,,,,,,,,,,,,,6,66.7,81.5,2,0,0,0,81.8,70.9,,,,,,,,,
5103437,Curvelândia,pantanal_norte,Pantanal-13,TRUE,2013,4961,0.14,0.06,31.7,6.9,61.4,0,10.3,,390.44,,,,,,4.8,3.8,100,98.1,6,80,87,0.9,0,0,0,77.8,81,,,,,,,,,
5103437,Curvelândia,pantanal_norte,Pantanal-13,TRUE,2014,4984,0.14,0.06,31.7,6.9,61.4,0,10.05,,420.99,,,,,,,,,,5,80,84.8,1.1,0,16.4,5.6,77,67.2,,,,,,,,,
5103437,Curvelândia,pantanal_norte,Pantanal-13,TRUE,2015,5006,0.14,0.06,31.7,6.9,61.4,0,9.39,,366.34,,,,,,5.5,4.2,100,97.9,5,100,95.2,1.2,0,0,5.2,85.3,67.6,4,0,2,0,0,0,7.99,,
5103437,Curvelândia,pantanal_norte,Pantanal-13,TRUE,2016,5028,0.14,0.06,31.7,6.9,61.4,0,9.94,,335.82,,,,,,,,,,4,100,95,2.1,0,15.9,10.4,75.8,68.3,,,,,,,,,
5103437,Curvelândia,pantanal_norte,Pantanal-13,TRUE,2017,5049,0.14,0.06,31.7,6.9,61.4,0,7.13,,218.14,,,,,,6,4.8,99.2,96.1,4,100,97.4,2.4,0.2,0,5.1,86.2,66.2,,,,,,,,,
5103437,Curvelândia,pantanal_norte,Pantanal-13,TRUE,2018,5192,0.14,0.06,31.7,6.9,61.4,0,6.47,,188,,,,,,,,,,4,100,95.9,3,0,15.6,10.4,89.1,56.2,,,,,,,,,
5103437,Curvelândia,pantanal_norte,Pantanal-13,TRUE,2019,5219,0.14,0.06,31.7,6.9,61.4,0,6.23,1.23,377.76,,,,,,5.4,4.1,98,91.1,4,100,95.5,2.2,0,0,5.1,75.4,76.8,,,,,,,,,
5103437,Curvelândia,pantanal_norte,Pantanal-13,TRUE,2020,5241,0.14,0.06,31.7,6.9,61.4,0,6.43,1.2,374.65,,,,,,,,,,3,100,96.9,3.8,,0,5,73.1,70.1,7,0,3,0,0,0,13.36,419,8
5103437,Curvelândia,pantanal_norte,Pantanal-13,TRUE,2021,5267,0.14,0.06,31.7,6.9,61.4,0,7.18,1.16,379.91,,,,,,5.3,5,100,99.7,4,100,,3.7,0,35.1,10.4,75.4,70.2,,,,,,,,,
5103437,Curvelândia,pantanal_norte,Pantanal-13,TRUE,2022,4903,0.14,0.06,31.7,6.9,61.4,0,10.63,1.24,626.78,,,,,,,,,,4,100,,4,0.2,17.5,16.6,77.2,66.7,,,,,,,,,
5103437,Curvelândia,pantanal_norte,Pantanal-13,TRUE,2023,4903,0.14,0.06,31.7,6.9,61.4,0,11.46,1.26,1100.89,,,,,,5.1,3.6,100,99.3,4,100,,,,,,,,10,0,6,0,0,0,20.4,458,9.3
5103437,Curvelândia,pantanal_norte,Pantanal-13,TRUE,2024,4967,0.14,0.06,31.7,6.9,61.4,0,10.99,1.63,1158.97,,,,,,,,,,4,100,,,,,,,,,,,,,,,,
5103437,Curvelândia,pantanal_norte,Pantanal-13,TRUE,2025,4970,0.14,0.06,31.7,6.9,61.4,0,,,,,,,,,,,,,,,,,,,,,,,,,,,,,,
5103452,Denise,resto_mt,Demais MT,FALSE,2000,7463,-1.62,-1.61,25.6,11.2,62.9,0,,,,0.564,Baixo,0.55,52.87,4.26,,,,,,,,,,60.8,,48.6,23,,,,,,,,,
5103452,Denise,resto_mt,Demais MT,FALSE,2001,7785,-1.62,-1.61,25.6,11.2,62.9,0,,,,,,,,,,,,,,,,,,12.6,,68.6,24.5,,,,,,,,,
5103452,Denise,resto_mt,Demais MT,FALSE,2002,8040,-1.62,-1.61,25.6,11.2,62.9,0,,,,,,,,,,,,,,,,,,42.7,38.2,73.2,48.2,,,,,,,,,
5103452,Denise,resto_mt,Demais MT,FALSE,2003,8307,-1.62,-1.61,25.6,11.2,62.9,0,,,,,,,,,,,,,,,,,,6.6,21.1,52,74.8,,,,,,,,,
5103452,Denise,resto_mt,Demais MT,FALSE,2004,8869,-1.62,-1.61,25.6,11.2,62.9,0,,,,,,,,,,,,,,,,,,0,17.4,63.7,73.3,,,,,,,,,
5103452,Denise,resto_mt,Demais MT,FALSE,2005,9180,-1.62,-1.61,25.6,11.2,62.9,0,,,,,,,,,3.1,2.8,76.6,63.9,,,,,,22.7,9.3,55.3,64.4,,,,,,,,,
5103452,Denise,resto_mt,Demais MT,FALSE,2006,9489,-1.62,-1.61,25.6,11.2,62.9,0,,,,,,,,,,,,,,,,,,13.7,11.8,56.2,72.6,,,,,,,,,
5103452,Denise,resto_mt,Demais MT,FALSE,2007,10349,-1.62,-1.61,25.6,11.2,62.9,0,,,,,,,,,3.9,3.1,91.6,77.3,7,57.1,,20.8,2,15,17,49.6,63.9,,,,,,,,,
5103452,Denise,resto_mt,Demais MT,FALSE,2008,10808,-1.62,-1.61,25.6,11.2,62.9,0,,,,,,,,,,,,,7,71.4,,19,0.7,15.2,14.6,62.1,72,,,,,,,,,
5103452,Denise,resto_mt,Demais MT,FALSE,2009,11142,-1.62,-1.61,25.6,11.2,62.9,0,,,,,,,,,4.7,4,98.8,87.3,7,71.4,77.1,18.7,0.2,13.1,14.4,54.2,69.3,,,,,,,,,
5103452,Denise,resto_mt,Demais MT,FALSE,2010,8523,-1.62,-1.61,25.6,11.2,62.9,0,,,,0.683,Médio,0.42,27.39,1.85,,,,,7,71.4,87.5,12.7,0,8.7,12.5,64.3,83.5,10,1,7,1,16,1.88,11.73,,
5103452,Denise,resto_mt,Demais MT,FALSE,2011,8605,-1.62,-1.61,25.6,11.2,62.9,0,,,,,,,,,4.9,4.3,100,97.3,7,66.7,85.7,7,0,7.4,9.9,58.5,77.8,,,,,,,,,
5103452,Denise,resto_mt,Demais MT,FALSE,2012,8684,-1.62,-1.61,25.6,11.2,62.9,0,,,,,,,,,,,,,7,66.7,87.1,2.9,0,17.4,11,58.3,69.6,,,,,,,,,
5103452,Denise,resto_mt,Demais MT,FALSE,2013,8816,-1.62,-1.61,25.6,11.2,62.9,0,7.89,,244.8,,,,,,4.8,4,100,98.7,7,66.7,90.4,0.7,0,0,9,67.1,70.6,,,,,,,,,
5103452,Denise,resto_mt,Demais MT,FALSE,2014,8897,-1.62,-1.61,25.6,11.2,62.9,0,7.32,,228.16,,,,,,,,,,7,66.7,91.5,0.3,0,10.4,10.1,63.5,70.8,,,,,,,,,
5103452,Denise,resto_mt,Demais MT,FALSE,2015,8975,-1.62,-1.61,25.6,11.2,62.9,0,6.74,,201.49,,,,,,5.4,4.4,100,96.8,7,100,94.6,0.6,0,0,3.5,65.1,76.4,12,1,7,1,16,1.78,13.37,,
5103452,Denise,resto_mt,Demais MT,FALSE,2016,9040,-1.62,-1.61,25.6,11.2,62.9,0,6.69,,195.86,,,,,,,,,,7,100,94.2,0.6,0.1,0,3.3,67.6,66.7,,,,,,,,,
5103452,Denise,resto_mt,Demais MT,FALSE,2017,9115,-1.62,-1.61,25.6,11.2,62.9,0,5.96,,177.93,,,,,,5.6,4.2,99.1,93.7,7,100,91.1,4.4,0,10,3.2,64,71,,,,,,,,,
5103452,Denise,resto_mt,Demais MT,FALSE,2018,9377,-1.62,-1.61,25.6,11.2,62.9,0,5.48,,172.02,,,,,,,,,,7,100,86.3,4.6,0,0,3.3,63.9,73.2,,,,,,,,,
5103452,Denise,resto_mt,Demais MT,FALSE,2019,9462,-1.62,-1.61,25.6,11.2,62.9,0,4.85,1.74,433.82,,,,,,5.5,3.8,93.6,89.5,6,83.3,90.7,4.4,0,11.8,7.1,61.2,71.8,,,,,,,,,
5103452,Denise,resto_mt,Demais MT,FALSE,2020,9544,-1.62,-1.61,25.6,11.2,62.9,0,4.69,1.7,415.14,,,,,,,,,,6,83.3,95.1,8.3,,10.2,7.1,67.3,60.2,15,1,7,0,0,0,15.72,7267,76.1
5103452,Denise,resto_mt,Demais MT,FALSE,2021,9626,-1.62,-1.61,25.6,11.2,62.9,0,5.05,1.6,395.11,,,,,,5.1,4.4,99.2,96.3,7,100,,7,0,9.8,10.5,74.5,66.7,,,,,,,,,
5103452,Denise,resto_mt,Demais MT,FALSE,2022,7014,-1.62,-1.61,25.6,11.2,62.9,0,8.98,2.2,718.94,,,,,,,,,,6,100,,5.5,0,23.8,14.1,71.4,84.5,,,,,,,,,
5103452,Denise,resto_mt,Demais MT,FALSE,2023,7014,-1.62,-1.61,25.6,11.2,62.9,0,10.84,2.24,1229.9,,,,,,5.8,4.6,99.6,99.1,6,100,,,,,,,,14,1,6,0,0,0,19.96,7931,100
5103452,Denise,resto_mt,Demais MT,FALSE,2024,6815,-1.62,-1.61,25.6,11.2,62.9,0,10.7,2.47,1288.46,,,,,,,,,,6,100,,,,,,,,,,,,,,,,
5103452,Denise,resto_mt,Demais MT,FALSE,2025,6675,-1.62,-1.61,25.6,11.2,62.9,0,,,,,,,,,,,,,,,,,,,,,,,,,,,,,,
5103502,Diamantino,resto_mt,Demais MT,FALSE,2000,18580,0.71,0.63,29.4,9.3,60.8,0.3,,,,0.636,Médio,0.65,48.97,9.1,,,,,,,,,,44.2,,44,65.4,,,,,,,,,
5103502,Diamantino,resto_mt,Demais MT,FALSE,2001,18867,0.71,0.63,29.4,9.3,60.8,0.3,,,,,,,,,,,,,,,,,,11.4,,50.6,73.1,,,,,,,,,
5103502,Diamantino,resto_mt,Demais MT,FALSE,2002,19123,0.71,0.63,29.4,9.3,60.8,0.3,,,,,,,,,,,,,,,,,,24.1,26,41,79.2,,,,,,,,,
5103502,Diamantino,resto_mt,Demais MT,FALSE,2003,19374,0.71,0.63,29.4,9.3,60.8,0.3,,,,,,,,,,,,,,,,,,5.9,13.7,44.3,72.1,,,,,,,,,
5103502,Diamantino,resto_mt,Demais MT,FALSE,2004,19903,0.71,0.63,29.4,9.3,60.8,0.3,,,,,,,,,,,,,,,,,,25.4,18.5,51.7,79.9,,,,,,,,,
5103502,Diamantino,resto_mt,Demais MT,FALSE,2005,20196,0.71,0.63,29.4,9.3,60.8,0.3,,,,,,,,,4.1,3.6,90.6,80.4,,,,,,20.1,17.3,58.9,64.4,,,,,,,,,
5103502,Diamantino,resto_mt,Demais MT,FALSE,2006,20486,0.71,0.63,29.4,9.3,60.8,0.3,,,,,,,,,,,,,,,,,,14.4,20,49.4,85.1,,,,,,,,,
5103502,Diamantino,resto_mt,Demais MT,FALSE,2007,18428,0.71,0.63,29.4,9.3,60.8,0.3,,,,,,,,,4.5,3.9,94.5,90.7,22,36.4,,14.1,2.1,19.3,17.9,56.6,70.7,,,,,,,,,
5103502,Diamantino,resto_mt,Demais MT,FALSE,2008,18966,0.71,0.63,29.4,9.3,60.8,0.3,,,,,,,,,,,,,23,60.9,,11.8,1.1,11.2,14.7,53.6,78.2,,,,,,,,,
5103502,Diamantino,resto_mt,Demais MT,FALSE,2009,18989,0.71,0.63,29.4,9.3,60.8,0.3,,,,,,,,,4.9,4.3,97.3,87,22,63.6,76.5,8.6,1.2,8.9,12.9,54,80.1,,,,,,,,,
5103502,Diamantino,resto_mt,Demais MT,FALSE,2010,20341,0.71,0.63,29.4,9.3,60.8,0.3,,,,0.718,Alto,0.47,23.28,2.98,,,,,22,68.2,75,5.8,0.1,8.7,9.6,55.8,77.9,27,2,12,1,36,1.77,13.27,,
5103502,Diamantino,resto_mt,Demais MT,FALSE,2011,20475,0.71,0.63,29.4,9.3,60.8,0.3,,,,,,,,,5,4.4,99.2,96.1,27,64,81.9,4.6,0.2,5.8,7.8,60.2,79.7,,,,,,,,,
5103502,Diamantino,resto_mt,Demais MT,FALSE,2012,20605,0.71,0.63,29.4,9.3,60.8,0.3,,,,,,,,,,,,,28,80.8,84.3,3.7,0,15.4,9.9,59.4,79.1,,,,,,,,,
5103502,Diamantino,resto_mt,Demais MT,FALSE,2013,20822,0.71,0.63,29.4,9.3,60.8,0.3,5.35,,190.51,,,,,,5.1,4.2,99.9,98.5,31,89.7,81.3,1.9,0.1,12.6,11.1,62.5,79.5,,,,,,,,,
5103502,Diamantino,resto_mt,Demais MT,FALSE,2014,20945,0.71,0.63,29.4,9.3,60.8,0.3,5.38,,191.02,,,,,,,,,,31,93.1,78.7,1.1,0.2,9.2,12.4,55.4,89.5,,,,,,,,,
5103502,Diamantino,resto_mt,Demais MT,FALSE,2015,21064,0.71,0.63,29.4,9.3,60.8,0.3,5.23,,168.44,,,,,,5.7,4.8,99.7,98.2,29,93.1,82,1.1,0.2,5.8,9.1,55.1,87.2,31,2,14,1,36,1.71,14.72,,
5103502,Diamantino,resto_mt,Demais MT,FALSE,2016,21180,0.71,0.63,29.4,9.3,60.8,0.3,5.27,,157.11,,,,,,,,,,30,100,80.9,0.7000000000000001,0,16.9,10.7,61.2,87.1,,,,,,,,,
5103502,Diamantino,resto_mt,Demais MT,FALSE,2017,21294,0.71,0.63,29.4,9.3,60.8,0.3,4.43,,131.51,,,,,,5.7,4.7,99.2,98.8,31,86.7,74.7,5.4,0,4.9,9,65.2,89.2,,,,,,,,,
5103502,Diamantino,resto_mt,Demais MT,FALSE,2018,21904,0.71,0.63,29.4,9.3,60.8,0.3,4.22,,119.93,,,,,,,,,,32,96.8,79.5,1.8,0,5.3,8.8,60.2,89.3,,,,,,,,,
5103502,Diamantino,resto_mt,Demais MT,FALSE,2019,22041,0.71,0.63,29.4,9.3,60.8,0.3,3.88,2.98,583.67,,,,,,5.4,4.6,99.4,94.8,31,100,84.8,1.8,0,4.9,5,62.1,88.8,,,,,,,,,
5103502,Diamantino,resto_mt,Demais MT,FALSE,2020,22178,0.71,0.63,29.4,9.3,60.8,0.3,3.79,2.91,564.39,,,,,,,,,,32,100,81.8,4.8,,5.2,5.1,67,88.1,41,1,22,1,35,1.58,18.49,12669,57.1
5103502,Diamantino,resto_mt,Demais MT,FALSE,2021,22311,0.71,0.63,29.4,9.3,60.8,0.3,4.23,2.93,560.84,,,,,,5.5,4.9,100,99.7,31,100,,5.4,0,13.7,7.7,66.5,88.7,,,,,,,,,
5103502,Diamantino,resto_mt,Demais MT,FALSE,2022,21941,0.71,0.63,29.4,9.3,60.8,0.3,4.94,2.97,660.75,,,,,,,,,,31,100,,1.8,0,5.4,8,62.1,88.3,,,,,,,,,
5103502,Diamantino,resto_mt,Demais MT,FALSE,2023,21941,0.71,0.63,29.4,9.3,60.8,0.3,5.2,3.17,929.96,,,,,,5.6,4.9,100,100,31,100,,,,,,,,58,2,29,1,20,0.91,26.43,14174,64.6
5103502,Diamantino,resto_mt,Demais MT,FALSE,2024,22479,0.71,0.63,29.4,9.3,60.8,0.3,4.71,3.37,937.68,,,,,,,,,,31,100,,,,,,,,,,,,,,,,
5103502,Diamantino,resto_mt,Demais MT,FALSE,2025,22623,0.71,0.63,29.4,9.3,60.8,0.3,,,,,,,,,,,,,,,,,,,,,,,,,,,,,,
5103601,Dom Aquino,resto_mt,Demais MT,FALSE,2000,8418,-0.23,-0.31,26,6.7,67.1,0,,,,0.555,Baixo,0.52,53.52,11.2,,,,,,,,,,40.8,,53.1,70.4,,,,,,,,,
5103601,Dom Aquino,resto_mt,Demais MT,FALSE,2001,8386,-0.23,-0.31,26,6.7,67.1,0,,,,,,,,,,,,,,,,,,20,,53,78.8,,,,,,,,,
5103601,Dom Aquino,resto_mt,Demais MT,FALSE,2002,8346,-0.23,-0.31,26,6.7,67.1,0,,,,,,,,,,,,,,,,,,10,23.5,50,70,,,,,,,,,
5103601,Dom Aquino,resto_mt,Demais MT,FALSE,2003,8313,-0.23,-0.31,26,6.7,67.1,0,,,,,,,,,,,,,,,,,,19,16.4,42.9,61,,,,,,,,,
5103601,Dom Aquino,resto_mt,Demais MT,FALSE,2004,8243,-0.23,-0.31,26,6.7,67.1,0,,,,,,,,,,,,,,,,,,33.6,21.6,44.5,73.1,,,,,,,,,
5103601,Dom Aquino,resto_mt,Demais MT,FALSE,2005,8204,-0.23,-0.31,26,6.7,67.1,0,,,,,,,,,3.8,3.7,78.5,80.1,,,,,,28.6,27.5,37.9,69.3,,,,,,,,,
5103601,Dom Aquino,resto_mt,Demais MT,FALSE,2006,8165,-0.23,-0.31,26,6.7,67.1,0,,,,,,,,,,,,,,,,,,43.1,34.7,40.5,58.6,,,,,,,,,
5103601,Dom Aquino,resto_mt,Demais MT,FALSE,2007,8261,-0.23,-0.31,26,6.7,67.1,0,,,,,,,,,4.5,4.4,94.6,92.3,11,36.4,,18.4,2.7,0,24.5,40.5,72.1,,,,,,,,,
5103601,Dom Aquino,resto_mt,Demais MT,FALSE,2008,8497,-0.23,-0.31,26,6.7,67.1,0,,,,,,,,,,,,,11,36.4,,14.8,4.8,8.3,17.2,42.1,70.2,,,,,,,,,
5103601,Dom Aquino,resto_mt,Demais MT,FALSE,2009,8498,-0.23,-0.31,26,6.7,67.1,0,,,,,,,,,4.6,4.4,92.1,90.8,12,58.3,87,12.1,5,0,3.1,57.4,62.8,,,,,,,,,
5103601,Dom Aquino,resto_mt,Demais MT,FALSE,2010,8171,-0.23,-0.31,26,6.7,67.1,0,,,,0.69,Médio,0.51,35.79,7.43,,,,,11,63.6,94.2,9.2,1.4,0,3.3,54.3,72.8,9,1,6,1,11,1.35,11.01,,
5103601,Dom Aquino,resto_mt,Demais MT,FALSE,2011,8153,-0.23,-0.31,26,6.7,67.1,0,,,,,,,,,5.1,4.5,99.4,96.3,12,72.7,95.6,6.8,0.6,7.7,3.2,51.5,70,,,,,,,,,
5103601,Dom Aquino,resto_mt,Demais MT,FALSE,2012,8134,-0.23,-0.31,26,6.7,67.1,0,,,,,,,,,,,,,10,66.7,95.2,3.8,0.2,20.4,9.4,62.2,72.4,,,,,,,,,
5103601,Dom Aquino,resto_mt,Demais MT,FALSE,2013,8101,-0.23,-0.31,26,6.7,67.1,0,8.91,,321.59,,,,,,5.3,4.3,99.8,98.3,12,72.7,86.3,2.7,0.2,0,9.6,65.5,63.1,,,,,,,,,
5103601,Dom Aquino,resto_mt,Demais MT,FALSE,2014,8066,-0.23,-0.31,26,6.7,67.1,0,9.32,,341.32,,,,,,,,,,12,72.7,88.2,1.4,0.7,12.2,11.4,63.4,78,,,,,,,,,
5103601,Dom Aquino,resto_mt,Demais MT,FALSE,2015,8032,-0.23,-0.31,26,6.7,67.1,0,8.98,,310.3,,,,,,6.6,4.7,100,99.2,12,63.6,96,1.7,0,0,4,55.8,75.6,10,1,6,1,11,1.37,12.45,,
5103601,Dom Aquino,resto_mt,Demais MT,FALSE,2016,8009,-0.23,-0.31,26,6.7,67.1,0,9.01,,320.15,,,,,,,,,,12,63.6,89.7,1.3,0,12.2,8,45.1,64.6,,,,,,,,,
5103601,Dom Aquino,resto_mt,Demais MT,FALSE,2017,7977,-0.23,-0.31,26,6.7,67.1,0,8.6,,325.58,,,,,,5.5,4.8,99.2,99.5,12,63.6,81.5,2.3,0.2,0,4,50.6,75.3,,,,,,,,,
5103601,Dom Aquino,resto_mt,Demais MT,FALSE,2018,8199,-0.23,-0.31,26,6.7,67.1,0,8.98,,340.55,,,,,,,,,,11,60,85.9,2.9,0.2,0,4.1,71.6,54.1,,,,,,,,,
5103601,Dom Aquino,resto_mt,Demais MT,FALSE,2019,8178,-0.23,-0.31,26,6.7,67.1,0,8.67,2.38,716.09,,,,,,5.8,4.7,99.6,97.3,11,81.8,82.9,2.5,0,12,4.1,57.8,81.9,,,,,,,,,
5103601,Dom Aquino,resto_mt,Demais MT,FALSE,2020,8159,-0.23,-0.31,26,6.7,67.1,0,8.81,2.45,715.27,,,,,,,,,,12,88.9,86.4,1.8,,13,8.5,59.7,61,10,1,5,1,11,1.35,12.26,2193,26.9
5103601,Dom Aquino,resto_mt,Demais MT,FALSE,2021,8087,-0.23,-0.31,26,6.7,67.1,0,9.03,2.57,728.03,,,,,,5.9,4.8,99.4,100,12,100,,2.3,0.4,28.6,17.4,60,65.7,,,,,,,,,
5103601,Dom Aquino,resto_mt,Demais MT,FALSE,2022,7872,-0.23,-0.31,26,6.7,67.1,0,11.03,2.82,931.4,,,,,,,,,,9,100,,2.9,0.2,0,13.6,59.7,69.9,,,,,,,,,
5103601,Dom Aquino,resto_mt,Demais MT,FALSE,2023,7872,-0.23,-0.31,26,6.7,67.1,0,10.71,2.9,1338.86,,,,,,5.7,4.7,100,99.2,9,100,,,,,,,,13,1,7,1,11,1.4,16.51,1991,25.3
5103601,Dom Aquino,resto_mt,Demais MT,FALSE,2024,7915,-0.23,-0.31,26,6.7,67.1,0,10.33,2.99,1370.33,,,,,,,,,,10,100,,,,,,,,,,,,,,,,
5103601,Dom Aquino,resto_mt,Demais MT,FALSE,2025,7890,-0.23,-0.31,26,6.7,67.1,0,,,,,,,,,,,,,,,,,,,,,,,,,,,,,,
5103700,Feliz Natal,resto_mt,Demais MT,FALSE,2000,6769,-0.25,-0.32,33.6,6.3,47.1,12.8,,,,0.515,Baixo,0.61,35.84,5.59,,,,,,,,,,12.1,,34.5,35.4,,,,,,,,,
5103700,Feliz Natal,resto_mt,Demais MT,FALSE,2001,7228,-0.25,-0.32,33.6,6.3,47.1,12.8,,,,,,,,,,,,,,,,,,25.3,,24.7,38.6,,,,,,,,,
5103700,Feliz Natal,resto_mt,Demais MT,FALSE,2002,7563,-0.25,-0.32,33.6,6.3,47.1,12.8,,,,,,,,,,,,,,,,,,21.6,19.5,20.1,51.8,,,,,,,,,
5103700,Feliz Natal,resto_mt,Demais MT,FALSE,2003,7931,-0.25,-0.32,33.6,6.3,47.1,12.8,,,,,,,,,,,,,,,,,,17.1,21.2,31.4,53.1,,,,,,,,,
5103700,Feliz Natal,resto_mt,Demais MT,FALSE,2004,8704,-0.25,-0.32,33.6,6.3,47.1,12.8,,,,,,,,,,,,,,,,,,15.5,17.8,31.1,54.9,,,,,,,,,
5103700,Feliz Natal,resto_mt,Demais MT,FALSE,2005,9132,-0.25,-0.32,33.6,6.3,47.1,12.8,,,,,,,,,3.7,3,80.1,67.5,,,,,,4,11.3,30.9,53.8,,,,,,,,,
5103700,Feliz Natal,resto_mt,Demais MT,FALSE,2006,9557,-0.25,-0.32,33.6,6.3,47.1,12.8,,,,,,,,,,,,,,,,,,0,6.6,38.1,83.9,,,,,,,,,
5103700,Feliz Natal,resto_mt,Demais MT,FALSE,2007,10279,-0.25,-0.32,33.6,6.3,47.1,12.8,,,,,,,,,4.1,3,88,72.6,14,21.4,,32.4,1.5,5.6,3.4,37.6,74.2,,,,,,,,,
5103700,Feliz Natal,resto_mt,Demais MT,FALSE,2008,10769,-0.25,-0.32,33.6,6.3,47.1,12.8,,,,,,,,,,,,,15,40,,33.5,2.7,10.5,5.6,33.2,86.8,,,,,,,,,
5103700,Feliz Natal,resto_mt,Demais MT,FALSE,2009,11170,-0.25,-0.32,33.6,6.3,47.1,12.8,,,,,,,,,4.7,4,91,82.7,15,53.3,33.6,30.4,1.6,17,11,36.9,68.6,,,,,,,,,
5103700,Feliz Natal,resto_mt,Demais MT,FALSE,2010,10933,-0.25,-0.32,33.6,6.3,47.1,12.8,,,,0.692,Médio,0.46,18.26,5.96,,,,,14,50,47,20,0,36.1,20.7,31.3,65.1,11,0,5,0,0,0,10.06,,
5103700,Feliz Natal,resto_mt,Demais MT,FALSE,2011,11253,-0.25,-0.32,33.6,6.3,47.1,12.8,,,,,,,,,4.2,3.8,90.4,74,14,50,56.9,20.2,1,11.2,21.2,40.4,64.6,,,,,,,,,
5103700,Feliz Natal,resto_mt,Demais MT,FALSE,2012,11562,-0.25,-0.32,33.6,6.3,47.1,12.8,,,,,,,,,,,,,14,53.8,60.7,20.6,2.5,11.9,19.5,37.5,68.5,,,,,,,,,
5103700,Feliz Natal,resto_mt,Demais MT,FALSE,2013,12088,-0.25,-0.32,33.6,6.3,47.1,12.8,3.73,,142.52,,,,,,5.1,4.4,91.5,79.6,15,57.1,60.6,18.4,1.7,10.2,11.1,35.7,70.9,,,,,,,,,
5103700,Feliz Natal,resto_mt,Demais MT,FALSE,2014,12440,-0.25,-0.32,33.6,6.3,47.1,12.8,4.23,,181.1,,,,,,,,,,15,57.1,69.4,15.6,0.7,24.4,15.2,44.5,72,,,,,,,,,
5103700,Feliz Natal,resto_mt,Demais MT,FALSE,2015,12782,-0.25,-0.32,33.6,6.3,47.1,12.8,4.62,,186.85,,,,,,5.6,4.2,97.8,90.5,15,57.1,62,14.2,1,12.2,15.3,36.6,74.4,18,1,6,0,0,0,14.08,,
5103700,Feliz Natal,resto_mt,Demais MT,FALSE,2016,13127,-0.25,-0.32,33.6,6.3,47.1,12.8,5.43,,208.03,,,,,,,,,,15,73.3,57.8,11.4,0,33.5,23.7,38.8,73.2,,,,,,,,,
5103700,Feliz Natal,resto_mt,Demais MT,FALSE,2017,13451,-0.25,-0.32,33.6,6.3,47.1,12.8,5.25,,211.1,,,,,,5.4,4.2,96.5,93.3,15,66.7,54.5,8.6,0.2,15.7,20.6,36.3,69.1,,,,,,,,,
5103700,Feliz Natal,resto_mt,Demais MT,FALSE,2018,13857,-0.25,-0.32,33.6,6.3,47.1,12.8,5.22,,204.31,,,,,,,,,,15,73.3,57.5,8.4,0.4,10.9,19.9,37.7,65,,,,,,,,,
5103700,Feliz Natal,resto_mt,Demais MT,FALSE,2019,14192,-0.25,-0.32,33.6,6.3,47.1,12.8,4.66,0.99,341.47,,,,,,5.5,4.4,90.8,91.5,15,80,60.9,9.6,0.5,19.1,15.4,37.8,71.8,,,,,,,,,
5103700,Feliz Natal,resto_mt,Demais MT,FALSE,2020,14522,-0.25,-0.32,33.6,6.3,47.1,12.8,4.9,1.03,347.97,,,,,,,,,,15,86.7,67.2,10.1,,9.7,13.4,42,64.7,21,1,7,0,0,0,14.46,2468,17
5103700,Feliz Natal,resto_mt,Demais MT,FALSE,2021,14847,-0.25,-0.32,33.6,6.3,47.1,12.8,4.92,1.02,342.04,,,,,,5.4,,97,98.3,15,100,,8.6,0.6,12.9,13.9,47.8,66.4,,,,,,,,,
5103700,Feliz Natal,resto_mt,Demais MT,FALSE,2022,10521,-0.25,-0.32,33.6,6.3,47.1,12.8,9,1.54,660.15,,,,,,,,,,15,100,,7.7,0.4,5.3,9.5,47.1,71.1,,,,,,,,,
5103700,Feliz Natal,resto_mt,Demais MT,FALSE,2023,10521,-0.25,-0.32,33.6,6.3,47.1,12.8,9.98,1.72,1151.24,,,,,,5.8,4.9,99.7,98.9,15,66.7,,,,,,,,20,1,9,0,0,0,19.01,3234,30.7
5103700,Feliz Natal,resto_mt,Demais MT,FALSE,2024,10564,-0.25,-0.32,33.6,6.3,47.1,12.8,10.47,1.62,1216.57,,,,,,,,,,15,66.7,,,,,,,,,,,,,,,,
5103700,Feliz Natal,resto_mt,Demais MT,FALSE,2025,10523,-0.25,-0.32,33.6,6.3,47.1,12.8,,,,,,,,,,,,,,,,,,,,,,,,,,,,,,
5103809,Figueirópolis D'Oeste,resto_mt,Demais MT,FALSE,2000,4315,-1.44,-1.45,36.8,5.1,58,,,,,0.576,Baixo,0.59,54.88,11.28,,,,,,,,,,42.3,,39.4,59.2,,,,,,,,,
5103809,Figueirópolis D'Oeste,resto_mt,Demais MT,FALSE,2001,4135,-1.44,-1.45,36.8,5.1,58,,,,,,,,,,,,,,,,,,,0,,51.1,55.3,,,,,,,,,
5103809,Figueirópolis D'Oeste,resto_mt,Demais MT,FALSE,2002,4084,-1.44,-1.45,36.8,5.1,58,,,,,,,,,,,,,,,,,,,18.2,23.1,34.5,7.3,,,,,,,,,
5103809,Figueirópolis D'Oeste,resto_mt,Demais MT,FALSE,2003,3977,-1.44,-1.45,36.8,5.1,58,,,,,,,,,,,,,,,,,,,25,14.1,67.5,42.5,,,,,,,,,
5103809,Figueirópolis D'Oeste,resto_mt,Demais MT,FALSE,2004,3752,-1.44,-1.45,36.8,5.1,58,,,,,,,,,,,,,,,,,,,0,14,52.1,75,,,,,,,,,
5103809,Figueirópolis D'Oeste,resto_mt,Demais MT,FALSE,2005,3627,-1.44,-1.45,36.8,5.1,58,,,,,,,,,,3.3,2.2,87.2,62.2,,,,,,21.3,14.8,61.7,70.2,,,,,,,,,
5103809,Figueirópolis D'Oeste,resto_mt,Demais MT,FALSE,2006,3503,-1.44,-1.45,36.8,5.1,58,,,,,,,,,,,,,,,,,,,17.9,13.2,71.4,78.6,,,,,,,,,
5103809,Figueirópolis D'Oeste,resto_mt,Demais MT,FALSE,2007,3648,-1.44,-1.45,36.8,5.1,58,,,,,,,,,,4.3,2.9,92,76.2,4,50,,20.3,4.8,35.1,25,77.2,64.9,,,,,,,,,
5103809,Figueirópolis D'Oeste,resto_mt,Demais MT,FALSE,2008,3721,-1.44,-1.45,36.8,5.1,58,,,,,,,,,,,,,,5,40,,14,1.6,16.7,23.1,63.3,88.3,,,,,,,,,
5103809,Figueirópolis D'Oeste,resto_mt,Demais MT,FALSE,2009,3656,-1.44,-1.45,36.8,5.1,58,,,,,,,,,,5,4.3,99.4,94.1,5,40,58.8,12,0.3,0,17.2,86,84.2,,,,,,,,,
5103809,Figueirópolis D'Oeste,resto_mt,Demais MT,FALSE,2010,3796,-1.44,-1.45,36.8,5.1,58,,,,,0.679,Médio,0.42,32.9,2.27,,,,,5,40,76.1,9.6,0,0,5.8,76.8,82.1,2,0,2,0,0,0,5.27,,
5103809,Figueirópolis D'Oeste,resto_mt,Demais MT,FALSE,2011,3757,-1.44,-1.45,36.8,5.1,58,,,,,,,,,,5,4.1,99.6,93,5,40,92.9,6.1,0.4,0,0,78.2,70.9,,,,,,,,,
5103809,Figueirópolis D'Oeste,resto_mt,Demais MT,FALSE,2012,3718,-1.44,-1.45,36.8,5.1,58,,,,,,,,,,,,,,5,60,97.5,2.8,0.4,17.2,5.9,86.2,77.6,,,,,,,,,
5103809,Figueirópolis D'Oeste,resto_mt,Demais MT,FALSE,2013,3651,-1.44,-1.45,36.8,5.1,58,,5.86,,145.24,,,,,,5,4.3,99.6,95.6,5,60,90.9,1.2,0.4,0,6.3,84.4,80,,,,,,,,,
5103809,Figueirópolis D'Oeste,resto_mt,Demais MT,FALSE,2014,3599,-1.44,-1.45,36.8,5.1,58,,5.56,,138.51,,,,,,,,,,5,60,92.7,,0,22.2,13.5,91.1,75.6,,,,,,,,,
5103809,Figueirópolis D'Oeste,resto_mt,Demais MT,FALSE,2015,3549,-1.44,-1.45,36.8,5.1,58,,5.02,,110.95,,,,,,5.8,5,100,96.6,5,60,96.3,0.9,0,21.7,14.7,82.6,56.5,5,0,2,0,0,0,14.09,,
5103809,Figueirópolis D'Oeste,resto_mt,Demais MT,FALSE,2016,3492,-1.44,-1.45,36.8,5.1,58,,4.1,,83.14,,,,,,,,,,5,100,90.4,1.8,0,0,15.2,97.6,70.7,,,,,,,,,
5103809,Figueirópolis D'Oeste,resto_mt,Demais MT,FALSE,2017,3444,-1.44,-1.45,36.8,5.1,58,,3.08,,57.88,,,,,,5.9,4.7,98.5,98.9,5,80,89.8,0.5,0,0,7.5,89.1,69.6,,,,,,,,,
5103809,Figueirópolis D'Oeste,resto_mt,Demais MT,FALSE,2018,3537,-1.44,-1.45,36.8,5.1,58,,2.69,,52.35,,,,,,,,,,5,60,86.5,3.6,0,32.3,13.4,96.8,69.4,,,,,,,,,
5103809,Figueirópolis D'Oeste,resto_mt,Demais MT,FALSE,2019,3494,-1.44,-1.45,36.8,5.1,58,,3.55,2.55,493.93,,,,,,5.2,4.8,100,96.7,5,60,89.3,2.7,0,0,12.5,86.5,48.1,,,,,,,,,
5103809,Figueirópolis D'Oeste,resto_mt,Demais MT,FALSE,2020,3452,-1.44,-1.45,36.8,5.1,58,,4.06,2.49,496.7,,,,,,,,,,5,60,82.7,0.5,,0,12.7,77.3,47.7,8,0,3,0,0,0,23.17,220,6.4
5103809,Figueirópolis D'Oeste,resto_mt,Demais MT,FALSE,2021,3411,-1.44,-1.45,36.8,5.1,58,,4.57,2.4,478.07,,,,,,5.8,,100,97,5,100,,0.5,0,0,0,87.5,37.5,,,,,,,,,
5103809,Figueirópolis D'Oeste,resto_mt,Demais MT,FALSE,2022,3187,-1.44,-1.45,36.8,5.1,58,,5.8,2.51,616.38,,,,,,,,,,3,100,,1.5,0,,0,68.2,68.2,,,,,,,,,
5103809,Figueirópolis D'Oeste,resto_mt,Demais MT,FALSE,2023,3187,-1.44,-1.45,36.8,5.1,58,,5.68,2.54,888.67,,,,,,5.5,4,100,100,4,100,,,,,,,,7,0,3,0,0,0,21.96,269,8.4
5103809,Figueirópolis D'Oeste,resto_mt,Demais MT,FALSE,2024,3112,-1.44,-1.45,36.8,5.1,58,,6.94,2.76,1074.97,,,,,,,,,,4,100,,,,,,,,,,,,,,,,
5103809,Figueirópolis D'Oeste,resto_mt,Demais MT,FALSE,2025,3056,-1.44,-1.45,36.8,5.1,58,,,,,,,,,,,,,,,,,,,,,,,,,,,,,,,
5103858,Gaúcha do Norte,resto_mt,Demais MT,FALSE,2000,4605,2.71,2.68,29.6,5.7,36.2,28.4,,,,0.51,Baixo,0.57,46.9,5.01,,,,,,,,,,23.8,,27.4,13.1,,,,,,,,,
5103858,Gaúcha do Norte,resto_mt,Demais MT,FALSE,2001,4775,2.71,2.68,29.6,5.7,36.2,28.4,,,,,,,,,,,,,,,,,,130.4,,23.9,32.6,,,,,,,,,
5103858,Gaúcha do Norte,resto_mt,Demais MT,FALSE,2002,4894,2.71,2.68,29.6,5.7,36.2,28.4,,,,,,,,,,,,,,,,,,40.8,55.9,49,91.8,,,,,,,,,
5103858,Gaúcha do Norte,resto_mt,Demais MT,FALSE,2003,5028,2.71,2.68,29.6,5.7,36.2,28.4,,,,,,,,,,,,,,,,,,0,44.7,23.8,53.6,,,,,,,,,
5103858,Gaúcha do Norte,resto_mt,Demais MT,FALSE,2004,5309,2.71,2.68,29.6,5.7,36.2,28.4,,,,,,,,,,,,,,,,,,8.3,11.9,25.2,32.5,,,,,,,,,
5103858,Gaúcha do Norte,resto_mt,Demais MT,FALSE,2005,5465,2.71,2.68,29.6,5.7,36.2,28.4,,,,,,,,,3.5,4,91.5,89.3,,,,,,11.4,6.8,25,64.8,,,,,,,,,
5103858,Gaúcha do Norte,resto_mt,Demais MT,FALSE,2006,5619,2.71,2.68,29.6,5.7,36.2,28.4,,,,,,,,,,,,,,,,,,11.6,10.2,27.9,38.4,,,,,,,,,
5103858,Gaúcha do Norte,resto_mt,Demais MT,FALSE,2007,5816,2.71,2.68,29.6,5.7,36.2,28.4,,,,,,,,,4.5,4.1,95.1,93.2,12,8.3,,53.5,2.9,0,7.5,24.5,50,,,,,,,,,
5103858,Gaúcha do Norte,resto_mt,Demais MT,FALSE,2008,6052,2.71,2.68,29.6,5.7,36.2,28.4,,,,,,,,,,,,,12,8.3,,61.8,8.9,14.9,8.1,32.8,52.2,,,,,,,,,
5103858,Gaúcha do Norte,resto_mt,Demais MT,FALSE,2009,6195,2.71,2.68,29.6,5.7,36.2,28.4,,,,,,,,,4.9,4.4,99.5,97.1,12,33.3,26.2,56.7,0.1,51.3,15,51.3,46.2,,,,,,,,,
5103858,Gaúcha do Norte,resto_mt,Demais MT,FALSE,2010,6293,2.71,2.68,29.6,5.7,36.2,28.4,,,,0.615,Médio,0.67,50.51,34.95,,,,,11,36.4,34.8,24,2.2,0,17.8,47.6,57.1,10,1,7,1,7,1.11,15.89,,
5103858,Gaúcha do Norte,resto_mt,Demais MT,FALSE,2011,6423,2.71,2.68,29.6,5.7,36.2,28.4,,,,,,,,,4.9,4.5,97.9,97.5,13,61.5,34.7,44.2,0.9,37.4,28.7,40.2,50.5,,,,,,,,,
5103858,Gaúcha do Norte,resto_mt,Demais MT,FALSE,2012,6548,2.71,2.68,29.6,5.7,36.2,28.4,,,,,,,,,,,,,14,50,42.3,36.5,0.7,18.9,21.7,43.4,52.8,,,,,,,,,
5103858,Gaúcha do Norte,resto_mt,Demais MT,FALSE,2013,6761,2.71,2.68,29.6,5.7,36.2,28.4,5.41,,313.09,,,,,,4.8,3.7,99.1,97.6,14,57.1,44.1,26,0.3,11.4,23.3,48.9,51.1,,,,,,,,,
5103858,Gaúcha do Norte,resto_mt,Demais MT,FALSE,2014,6900,2.71,2.68,29.6,5.7,36.2,28.4,5.77,,325,,,,,,,,,,14,57.1,39.4,17.8,0.7,28.4,20.9,57.4,48.9,,,,,,,,,
5103858,Gaúcha do Norte,resto_mt,Demais MT,FALSE,2015,7036,2.71,2.68,29.6,5.7,36.2,28.4,5.74,,312.08,,,,,,5.6,4.4,99.5,95.4,14,64.3,37,16.8,0.4,18.5,20.5,43.8,35.8,23,1,5,1,9,1.28,32.69,,
5103858,Gaúcha do Norte,resto_mt,Demais MT,FALSE,2016,7167,2.71,2.68,29.6,5.7,36.2,28.4,5.54,,313.69,,,,,,,,,,15,66.7,35.6,16.1,0.5,0,15.3,46.2,48.7,,,,,,,,,
5103858,Gaúcha do Norte,resto_mt,Demais MT,FALSE,2017,7296,2.71,2.68,29.6,5.7,36.2,28.4,5.15,,302.51,,,,,,5.5,4.6,98.1,94.6,15,26.7,42,17,0.4,6.3,8.4,42.4,48.1,,,,,,,,,
5103858,Gaúcha do Norte,resto_mt,Demais MT,FALSE,2018,7513,2.71,2.68,29.6,5.7,36.2,28.4,5.7,,317.24,,,,,,,,,,15,33.3,45.3,13.8,1.3,22.4,8.9,55.2,67.2,,,,,,,,,
5103858,Gaúcha do Norte,resto_mt,Demais MT,FALSE,2019,7648,2.71,2.68,29.6,5.7,36.2,28.4,6.22,0.76,447.66,,,,,,5.8,4.3,97.1,90.8,15,60,47,12.8,1.2,25,17.7,48.8,53.8,,,,,,,,,
5103858,Gaúcha do Norte,resto_mt,Demais MT,FALSE,2020,7782,2.71,2.68,29.6,5.7,36.2,28.4,6.63,0.78,461.69,,,,,,,,,,15,66.7,46.9,11.7,,6.3,17.7,39.6,43.4,24,1,6,1,15,1.93,30.84,1305,16.8
5103858,Gaúcha do Norte,resto_mt,Demais MT,FALSE,2021,7913,2.71,2.68,29.6,5.7,36.2,28.4,6.81,0.77,473.12,,,,,,,5.3,97.2,97.9,15,86.7,,9.5,1.3,11.8,14.3,45.6,44.4,,,,,,,,,
5103858,Gaúcha do Norte,resto_mt,Demais MT,FALSE,2022,8642,2.71,2.68,29.6,5.7,36.2,28.4,7.34,0.69,528.67,,,,,,,,,,16,87.5,,8,0,11.2,9.9,46.1,54.5,,,,,,,,,
5103858,Gaúcha do Norte,resto_mt,Demais MT,FALSE,2023,8642,2.71,2.68,29.6,5.7,36.2,28.4,8.68,0.67,931.34,,,,,,5.7,4.9,99.7,100,16,93.8,,,,,,,,28,1,5,1,15,1.74,32.4,1924,22.3
5103858,Gaúcha do Norte,resto_mt,Demais MT,FALSE,2024,9181,2.71,2.68,29.6,5.7,36.2,28.4,10.39,0.68,1091.39,,,,,,,,,,16,100,,,,,,,,,,,,,,,,
5103858,Gaúcha do Norte,resto_mt,Demais MT,FALSE,2025,9397,2.71,2.68,29.6,5.7,36.2,28.4,,,,,,,,,,,,,,,,,,,,,,,,,,,,,,
5103908,General Carneiro,resto_mt,Demais MT,FALSE,2000,4349,1.54,1.54,19,5.9,39.3,35.5,,,,0.486,Muito Baixo,0.61,71.53,24.27,,,,,,,,,,13,,33.8,39,,,,,,,,,
5103908,General Carneiro,resto_mt,Demais MT,FALSE,2001,4352,1.54,1.54,19,5.9,39.3,35.5,,,,,,,,,,,,,,,,,,47.1,,34.1,48.2,,,,,,,,,
5103908,General Carneiro,resto_mt,Demais MT,FALSE,2002,4358,1.54,1.54,19,5.9,39.3,35.5,,,,,,,,,,,,,,,,,,29,30.3,29,34.8,,,,,,,,,
5103908,General Carneiro,resto_mt,Demais MT,FALSE,2003,4362,1.54,1.54,19,5.9,39.3,35.5,,,,,,,,,,,,,,,,,,35.1,37.9,33.3,43.9,,,,,,,,,
5103908,General Carneiro,resto_mt,Demais MT,FALSE,2004,4371,1.54,1.54,19,5.9,39.3,35.5,,,,,,,,,,,,,,,,,,47.6,39,26,44.8,,,,,,,,,
5103908,General Carneiro,resto_mt,Demais MT,FALSE,2005,4375,1.54,1.54,19,5.9,39.3,35.5,,,,,,,,,4,3.8,85,84.7,,,,,,30,38.2,25.3,36,,,,,,,,,
5103908,General Carneiro,resto_mt,Demais MT,FALSE,2006,4380,1.54,1.54,19,5.9,39.3,35.5,,,,,,,,,,,,,,,,,,10.3,29.8,26.8,40.2,,,,,,,,,
5103908,General Carneiro,resto_mt,Demais MT,FALSE,2007,4803,1.54,1.54,19,5.9,39.3,35.5,,,,,,,,,4.5,3.6,85.1,79.5,19,5.3,,28,6.6,30.3,23.6,35.4,56.6,,,,,,,,,
5103908,General Carneiro,resto_mt,Demais MT,FALSE,2008,4969,1.54,1.54,19,5.9,39.3,35.5,,,,,,,,,,,,,19,5.3,,25,5.2,42.1,27.5,34.7,57.9,,,,,,,,,
5103908,General Carneiro,resto_mt,Demais MT,FALSE,2009,5028,1.54,1.54,19,5.9,39.3,35.5,,,,,,,,,5,4.1,92.6,86,19,15.8,56.9,21.3,3.6,40,37.4,41,42,,,,,,,,,
5103908,General Carneiro,resto_mt,Demais MT,FALSE,2010,5027,1.54,1.54,19,5.9,39.3,35.5,,,,0.67,Médio,0.59,54.26,15.13,,,,,20,25,58.9,25,1.4,36.6,39.7,30.5,40.2,5,1,3,1,9,1.79,9.95,,
5103908,General Carneiro,resto_mt,Demais MT,FALSE,2011,5080,1.54,1.54,19,5.9,39.3,35.5,,,,,,,,,4.5,4.2,94.3,94.6,20,30,56.9,18.8,0.1,18.3,30.9,22.2,26.6,,,,,,,,,
5103908,General Carneiro,resto_mt,Demais MT,FALSE,2012,5130,1.54,1.54,19,5.9,39.3,35.5,,,,,,,,,,,,,20,42.1,60.1,21.6,0.9,38.8,30.6,33,26.2,,,,,,,,,
5103908,General Carneiro,resto_mt,Demais MT,FALSE,2013,5215,1.54,1.54,19,5.9,39.3,35.5,10.76,,399.11,,,,,,4.8,4.2,97.6,96.8,20,42.1,61.7,17.9,0.8,51.3,34.5,29.5,20.5,,,,,,,,,
5103908,General Carneiro,resto_mt,Demais MT,FALSE,2014,5267,1.54,1.54,19,5.9,39.3,35.5,11.81,,452.94,,,,,,,,,,20,42.1,54.6,20.9,0.3,63.1,51.4,32.4,23.4,,,,,,,,,
5103908,General Carneiro,resto_mt,Demais MT,FALSE,2015,5318,1.54,1.54,19,5.9,39.3,35.5,11.77,,413.25,,,,,,,3.7,92.1,97.3,17,41.2,53.8,12.3,0,0,36.3,30.7,33.3,12,1,6,1,10,1.88,22.56,,
5103908,General Carneiro,resto_mt,Demais MT,FALSE,2016,5286,1.54,1.54,19,5.9,39.3,35.5,10.92,,365.97,,,,,,,,,,18,41.2,60.4,13.3,0.2,32.5,31.6,29.3,27.6,,,,,,,,,
5103908,General Carneiro,resto_mt,Demais MT,FALSE,2017,5333,1.54,1.54,19,5.9,39.3,35.5,8.93,,311.23,,,,,,5.1,4.2,94.8,95.6,18,31.2,58.5,16.4,0.6,19.2,17.6,31.7,29.8,,,,,,,,,
5103908,General Carneiro,resto_mt,Demais MT,FALSE,2018,5487,1.54,1.54,19,5.9,39.3,35.5,8.69,,298.31,,,,,,,,,,18,29.4,54.1,18.2,0.6,42.3,32.5,29.6,30.3,,,,,,,,,
5103908,General Carneiro,resto_mt,Demais MT,FALSE,2019,5540,1.54,1.54,19,5.9,39.3,35.5,7.73,2,580.14,,,,,,5.2,,92.3,90.7,18,29.4,57,19.8,1.2,0,22,33.1,34.7,,,,,,,,,
5103908,General Carneiro,resto_mt,Demais MT,FALSE,2020,5592,1.54,1.54,19,5.9,39.3,35.5,7.73,1.93,541.47,,,,,,,,,,18,55.6,57.4,21.5,,15.7,20.7,40.9,41.7,10,1,3,1,10,1.79,17.88,656,11.7
5103908,General Carneiro,resto_mt,Demais MT,FALSE,2021,5726,1.54,1.54,19,5.9,39.3,35.5,8.44,1.85,525.34,,,,,,5.3,,99,,17,47.1,,18.5,0,14.3,10.4,38.1,29.3,,,,,,,,,
5103908,General Carneiro,resto_mt,Demais MT,FALSE,2022,6037,1.54,1.54,19,5.9,39.3,35.5,10.75,1.64,721.94,,,,,,,,,,17,58.8,,19.5,0.2,19.2,16.5,41,31.6,,,,,,,,,
5103908,General Carneiro,resto_mt,Demais MT,FALSE,2023,6037,1.54,1.54,19,5.9,39.3,35.5,13.43,1.69,1420.19,,,,,,5,5.2,99.1,99.7,17,58.8,,,,,,,,10,1,3,1,11,1.82,16.56,882,14.6
5103908,General Carneiro,resto_mt,Demais MT,FALSE,2024,6250,1.54,1.54,19,5.9,39.3,35.5,13.5,1.71,1501.44,,,,,,,,,,17,62.5,,,,,,,,,,,,,,,,
5103908,General Carneiro,resto_mt,Demais MT,FALSE,2025,6319,1.54,1.54,19,5.9,39.3,35.5,,,,,,,,,,,,,,,,,,,,,,,,,,,,,,
5103957,Glória D'Oeste,pantanal_norte,Pantanal-13,TRUE,2000,3361,-0.57,-0.63,39.1,5.6,55,0.1,,,,0.574,Baixo,0.68,54.75,10.98,,,,,,,,,,18.5,,48.1,14.8,,,,,,,,,
5103957,Glória D'Oeste,pantanal_norte,Pantanal-13,TRUE,2001,3228,-0.57,-0.63,39.1,5.6,55,0.1,,,,,,,,,,,,,,,,,,35.7,,41.1,16.1,,,,,,,,,
5103957,Glória D'Oeste,pantanal_norte,Pantanal-13,TRUE,2002,3127,-0.57,-0.63,39.1,5.6,55,0.1,,,,,,,,,,,,,,,,,,0,18.2,58.2,12.7,,,,,,,,,
5103957,Glória D'Oeste,pantanal_norte,Pantanal-13,TRUE,2003,3019,-0.57,-0.63,39.1,5.6,55,0.1,,,,,,,,,,,,,,,,,,0,13.3,48.7,12.8,,,,,,,,,
5103957,Glória D'Oeste,pantanal_norte,Pantanal-13,TRUE,2004,2792,-0.57,-0.63,39.1,5.6,55,0.1,,,,,,,,,,,,,,,,,,0,0,60.6,21.2,,,,,,,,,
5103957,Glória D'Oeste,pantanal_norte,Pantanal-13,TRUE,2005,2666,-0.57,-0.63,39.1,5.6,55,0.1,,,,,,,,,3.5,3.1,82.9,71.4,,,,,,0,0,63.4,31.7,,,,,,,,,
5103957,Glória D'Oeste,pantanal_norte,Pantanal-13,TRUE,2006,2541,-0.57,-0.63,39.1,5.6,55,0.1,,,,,,,,,,,,,,,,,,0,0,63.3,24.5,,,,,,,,,
5103957,Glória D'Oeste,pantanal_norte,Pantanal-13,TRUE,2007,3124,-0.57,-0.63,39.1,5.6,55,0.1,,,,,,,,,4.7,3.7,93.2,79.4,5,40,,12.8,0.7,28.6,8,51.4,14.3,,,,,,,,,
5103957,Glória D'Oeste,pantanal_norte,Pantanal-13,TRUE,2008,3204,-0.57,-0.63,39.1,5.6,55,0.1,,,,,,,,,,,,,5,60,,12.5,1.6,0,8.8,60,70,,,,,,,,,
5103957,Glória D'Oeste,pantanal_norte,Pantanal-13,TRUE,2009,3185,-0.57,-0.63,39.1,5.6,55,0.1,,,,,,,,,5,4.9,95.1,89.3,5,80,79.6,11.4,0.7,22.2,18.2,73.3,53.3,,,,,,,,,
5103957,Glória D'Oeste,pantanal_norte,Pantanal-13,TRUE,2010,3135,-0.57,-0.63,39.1,5.6,55,0.1,,,,0.71,Alto,0.48,32.46,2.51,,,,,5,80,85.7,7.5,0.4,0,9.4,77.4,64.5,4,0,3,0,0,0,12.76,,
5103957,Glória D'Oeste,pantanal_norte,Pantanal-13,TRUE,2011,3118,-0.57,-0.63,39.1,5.6,55,0.1,,,,,,,,,5.6,4.6,100,92.7,5,80,90.9,9.5,0,0,8.7,82.1,69.2,,,,,,,,,
5103957,Glória D'Oeste,pantanal_norte,Pantanal-13,TRUE,2012,3101,-0.57,-0.63,39.1,5.6,55,0.1,,,,,,,,,,,,,5,80,93.3,7.5,0,,0,66.7,77.8,,,,,,,,,
5103957,Glória D'Oeste,pantanal_norte,Pantanal-13,TRUE,2013,3072,-0.57,-0.63,39.1,5.6,55,0.1,8.07,,293.81,,,,,,5.2,4.7,100,97.9,5,80,88.2,3.8,0,0,0,73.5,79.4,,,,,,,,,
5103957,Glória D'Oeste,pantanal_norte,Pantanal-13,TRUE,2014,3047,-0.57,-0.63,39.1,5.6,55,0.1,8.17,,343.43,,,,,,,,,,5,80,76.3,,0,,0,93.1,65.5,,,,,,,,,
5103957,Glória D'Oeste,pantanal_norte,Pantanal-13,TRUE,2015,3023,-0.57,-0.63,39.1,5.6,55,0.1,7.48,,279.52,,,,,,6.1,4.4,99.6,94.8,5,80,87.9,1.3,0.4,,0,79.2,66.7,4,0,2,0,0,0,13.23,,
5103957,Glória D'Oeste,pantanal_norte,Pantanal-13,TRUE,2016,2986,-0.57,-0.63,39.1,5.6,55,0.1,7.13,,248.12,,,,,,,,,,5,80,84.2,3,0,0,0,68.6,80,,,,,,,,,
5103957,Glória D'Oeste,pantanal_norte,Pantanal-13,TRUE,2017,2964,-0.57,-0.63,39.1,5.6,55,0.1,7.76,,279.01,,,,,,6.1,4.8,99.4,98.9,5,80,83.1,1.5,0.6,0,0,80.5,80.5,,,,,,,,,
5103957,Glória D'Oeste,pantanal_norte,Pantanal-13,TRUE,2018,3045,-0.57,-0.63,39.1,5.6,55,0.1,8.05,,292.69,,,,,,,,,,5,80,90.6,4.1,0,0,0,88.6,74.3,,,,,,,,,
5103957,Glória D'Oeste,pantanal_norte,Pantanal-13,TRUE,2019,3026,-0.57,-0.63,39.1,5.6,55,0.1,8.2,1.55,555.87,,,,,,5.9,4.7,99.5,96.6,5,80,85.5,4.4,0,0,0,76.7,70,,,,,,,,,
5103957,Glória D'Oeste,pantanal_norte,Pantanal-13,TRUE,2020,3008,-0.57,-0.63,39.1,5.6,55,0.1,8.51,1.53,563.15,,,,,,,,,,5,80,96.3,2,,,10.9,92.6,81.5,8,2,3,2,7,2.33,26.6,222,7.4
5103957,Glória D'Oeste,pantanal_norte,Pantanal-13,TRUE,2021,2990,-0.57,-0.63,39.1,5.6,55,0.1,8.7,1.51,554.82,,,,,,5.8,4.7,100,100,5,80,,1.5,0,,11.8,78.6,64.3,,,,,,,,,
5103957,Glória D'Oeste,pantanal_norte,Pantanal-13,TRUE,2022,2905,-0.57,-0.63,39.1,5.6,55,0.1,10.98,1.86,779.28,,,,,,,,,,5,100,,0,0,,12.8,82.6,60.9,,,,,,,,,
5103957,Glória D'Oeste,pantanal_norte,Pantanal-13,TRUE,2023,2905,-0.57,-0.63,39.1,5.6,55,0.1,11.53,2.07,1249.54,,,,,,6.1,4.9,100,100,5,100,,,,,,,,6,0,3,0,0,0,20.65,325,11.2
5103957,Glória D'Oeste,pantanal_norte,Pantanal-13,TRUE,2024,2899,-0.57,-0.63,39.1,5.6,55,0.1,11.69,2.38,1351.08,,,,,,,,,,5,100,,,,,,,,,,,,,,,,
5103957,Glória D'Oeste,pantanal_norte,Pantanal-13,TRUE,2025,2878,-0.57,-0.63,39.1,5.6,55,0.1,,,,,,,,,,,,,,,,,,,,,,,,,,,,,,
5104104,Guarantã do Norte,resto_mt,Demais MT,FALSE,2000,28200,-0.21,-0.31,38.5,5.7,55,0.7,,,,0.53,Baixo,0.63,53.54,8.13,,,,,,,,,,18.9,,37,28.7,,,,,,,,,
5104104,Guarantã do Norte,resto_mt,Demais MT,FALSE,2001,29107,-0.21,-0.31,38.5,5.7,55,0.7,,,,,,,,,,,,,,,,,,14.1,,32.7,40.1,,,,,,,,,
5104104,Guarantã do Norte,resto_mt,Demais MT,FALSE,2002,29792,-0.21,-0.31,38.5,5.7,55,0.7,,,,,,,,,,,,,,,,,,22.7,18.6,38.8,42.7,,,,,,,,,
5104104,Guarantã do Norte,resto_mt,Demais MT,FALSE,2003,30530,-0.21,-0.31,38.5,5.7,55,0.7,,,,,,,,,,,,,,,,,,7.5,14.7,36.1,56.3,,,,,,,,,
5104104,Guarantã do Norte,resto_mt,Demais MT,FALSE,2004,32081,-0.21,-0.31,38.5,5.7,55,0.7,,,,,,,,,,,,,,,,,,23.4,17.9,38.3,33.1,,,,,,,,,
5104104,Guarantã do Norte,resto_mt,Demais MT,FALSE,2005,32940,-0.21,-0.31,38.5,5.7,55,0.7,,,,,,,,,3.2,3.1,68,60.2,,,,,,12.4,14.5,40.5,33.8,,,,,,,,,
5104104,Guarantã do Norte,resto_mt,Demais MT,FALSE,2006,33791,-0.21,-0.31,38.5,5.7,55,0.7,,,,,,,,,,,,,,,,,,13.3,16.4,42.9,37.8,,,,,,,,,
5104104,Guarantã do Norte,resto_mt,Demais MT,FALSE,2007,30754,-0.21,-0.31,38.5,5.7,55,0.7,,,,,,,,,4.4,3.6,80.5,68.7,32,40.6,,33.5,3.8,12.4,12.7,41,49.5,,,,,,,,,
5104104,Guarantã do Norte,resto_mt,Demais MT,FALSE,2008,31801,-0.21,-0.31,38.5,5.7,55,0.7,,,,,,,,,,,,,33,45.5,,30.6,2.9,7.9,11.2,40.7,63.6,,,,,,,,,
5104104,Guarantã do Norte,resto_mt,Demais MT,FALSE,2009,32142,-0.21,-0.31,38.5,5.7,55,0.7,,,,,,,,,4.3,4.4,79.6,82,32,46.9,66.6,30.2,2,6.8,9.1,44.7,67.7,,,,,,,,,
5104104,Guarantã do Norte,resto_mt,Demais MT,FALSE,2010,32216,-0.21,-0.31,38.5,5.7,55,0.7,,,,0.703,Alto,0.48,30.4,3.46,,,,,32,50,63.5,29.5,1.1,14.8,9.6,47.2,68.5,28,2,14,2,34,1.06,8.69,,
5104104,Guarantã do Norte,resto_mt,Demais MT,FALSE,2011,32525,-0.21,-0.31,38.5,5.7,55,0.7,,,,,,,,,5,4.7,94.1,89.7,46,59.4,65.6,30.3,0.2,11.5,10.9,50.6,75.1,,,,,,,,,
5104104,Guarantã do Norte,resto_mt,Demais MT,FALSE,2012,32823,-0.21,-0.31,38.5,5.7,55,0.7,,,,,,,,,,,,,35,56.7,72.2,25.2,0.2,9.1,11.7,58.9,80.4,,,,,,,,,
5104104,Guarantã do Norte,resto_mt,Demais MT,FALSE,2013,33326,-0.21,-0.31,38.5,5.7,55,0.7,5.99,,217.66,,,,,,5.9,5,99.6,97.8,34,58.6,75.1,15.8,0,8.2,9.6,57.1,82.5,,,,,,,,,
5104104,Guarantã do Norte,resto_mt,Demais MT,FALSE,2014,33632,-0.21,-0.31,38.5,5.7,55,0.7,6.47,,243.68,,,,,,,,,,29,58.6,70.6,11.6,0,9,8.8,63.9,75.2,,,,,,,,,
5104104,Guarantã do Norte,resto_mt,Demais MT,FALSE,2015,33929,-0.21,-0.31,38.5,5.7,55,0.7,6.27,,222.31,,,,,,6.3,5.2,99.5,97.5,29,62.1,71.5,5.1,0.1,9.4,8.9,66.4,86.1,31,2,15,2,34,1,9.14,,
5104104,Guarantã do Norte,resto_mt,Demais MT,FALSE,2016,34218,-0.21,-0.31,38.5,5.7,55,0.7,5.96,,199.06,,,,,,,,,,30,56.7,74.7,3.3000000000000003,0.1,21.2,13.1,60.1,81.7,,,,,,,,,
5104104,Guarantã do Norte,resto_mt,Demais MT,FALSE,2017,34500,-0.21,-0.31,38.5,5.7,55,0.7,5.32,,175.18,,,,,,6.3,5.1,99.4,98.4,30,70,70.3,4.3,0,10.6,13.6,59.3,74.4,,,,,,,,,
5104104,Guarantã do Norte,resto_mt,Demais MT,FALSE,2018,35497,-0.21,-0.31,38.5,5.7,55,0.7,5.36,,173.71,,,,,,,,,,31,74.2,77.7,3.3,0,6.7,12.5,65.1,79.5,,,,,,,,,
5104104,Guarantã do Norte,resto_mt,Demais MT,FALSE,2019,35816,-0.21,-0.31,38.5,5.7,55,0.7,5.47,1.95,490.29,,,,,,6.2,5.5,99,97.5,31,100,80,2.3,0,11.3,9.5,66.5,84.1,,,,,,,,,
5104104,Guarantã do Norte,resto_mt,Demais MT,FALSE,2020,36130,-0.21,-0.31,38.5,5.7,55,0.7,5.49,1.97,484.99,,,,,,,,,,31,100,81,2.6,,9.7,9.2,71,83.9,43,2,16,2,37,1.02,11.9,4258,11.8
5104104,Guarantã do Norte,resto_mt,Demais MT,FALSE,2021,36439,-0.21,-0.31,38.5,5.7,55,0.7,5.47,1.97,474.41,,,,,,6,5.1,100,98.5,34,100,,2,0,10.4,10.5,68,84.3,,,,,,,,,
5104104,Guarantã do Norte,resto_mt,Demais MT,FALSE,2022,31024,-0.21,-0.31,38.5,5.7,55,0.7,8.4,2.51,761.57,,,,,,,,,,43,76.7,,2,0,14.3,11.5,70.2,81.4,,,,,,,,,
5104104,Guarantã do Norte,resto_mt,Demais MT,FALSE,2023,31024,-0.21,-0.31,38.5,5.7,55,0.7,9.77,2.83,1278.38,,,,,,5.9,5,99.6,99.7,44,79.5,,,,,,,,50,2,20,2,50,1.61,16.12,5421,17.5
5104104,Guarantã do Norte,resto_mt,Demais MT,FALSE,2024,31328,-0.21,-0.31,38.5,5.7,55,0.7,9.89,3.26,1393.15,,,,,,,,,,44,91.2,,,,,,,,,,,,,,,,
5104104,Guarantã do Norte,resto_mt,Demais MT,FALSE,2025,31209,-0.21,-0.31,38.5,5.7,55,0.7,,,,,,,,,,,,,,,,,,,,,,,,,,,,,,
5104203,Guiratinga,resto_mt,Demais MT,FALSE,2000,12645,-2.02,-1.98,29.3,8.7,61.7,0.1,,,,0.588,Baixo,0.61,59.81,10.33,,,,,,,,,,16,,37.4,32.6,,,,,,,,,
5104203,Guiratinga,resto_mt,Demais MT,FALSE,2001,12365,-2.02,-1.98,29.3,8.7,61.7,0.1,,,,,,,,,,,,,,,,,,21.6,,35.1,39.1,,,,,,,,,
5104203,Guiratinga,resto_mt,Demais MT,FALSE,2002,12201,-2.02,-1.98,29.3,8.7,61.7,0.1,,,,,,,,,,,,,,,,,,29.9,22.7,41.3,48.3,,,,,,,,,
5104203,Guiratinga,resto_mt,Demais MT,FALSE,2003,11995,-2.02,-1.98,29.3,8.7,61.7,0.1,,,,,,,,,,,,,,,,,,17.4,23.3,33.1,51.5,,,,,,,,,
5104203,Guiratinga,resto_mt,Demais MT,FALSE,2004,11562,-2.02,-1.98,29.3,8.7,61.7,0.1,,,,,,,,,,,,,,,,,,20.6,22.9,46.9,69.6,,,,,,,,,
5104203,Guiratinga,resto_mt,Demais MT,FALSE,2005,11323,-2.02,-1.98,29.3,8.7,61.7,0.1,,,,,,,,,4,3.1,83.5,71.8,,,,,,23.7,20.6,38.5,71,,,,,,,,,
5104203,Guiratinga,resto_mt,Demais MT,FALSE,2006,11085,-2.02,-1.98,29.3,8.7,61.7,0.1,,,,,,,,,,,,,,,,,,24.8,22.9,41,62.1,,,,,,,,,
5104203,Guiratinga,resto_mt,Demais MT,FALSE,2007,13883,-2.02,-1.98,29.3,8.7,61.7,0.1,,,,,,,,,4.7,3.3,93.6,82.5,13,53.8,,16.8,4.5,21.4,23.4,40,54.3,,,,,,,,,
5104203,Guiratinga,resto_mt,Demais MT,FALSE,2008,14360,-2.02,-1.98,29.3,8.7,61.7,0.1,,,,,,,,,,,,,13,61.5,,14,3.1,32.3,25.9,40.3,62.1,,,,,,,,,
5104203,Guiratinga,resto_mt,Demais MT,FALSE,2009,14523,-2.02,-1.98,29.3,8.7,61.7,0.1,,,,,,,,,5.5,4.5,98.3,94.2,12,66.7,79.8,13.6,1.1,64.5,38.7,54.8,79.8,,,,,,,,,
5104203,Guiratinga,resto_mt,Demais MT,FALSE,2010,13934,-2.02,-1.98,29.3,8.7,61.7,0.1,,,,0.705,Alto,0.48,33.1,6.27,,,,,12,75,82.5,9.7,0.7,43.8,46.8,51.1,77.4,19,1,7,1,10,0.72,13.64,,
5104203,Guiratinga,resto_mt,Demais MT,FALSE,2011,14038,-2.02,-1.98,29.3,8.7,61.7,0.1,,,,,,,,,4.9,4.8,99.9,98.1,20,81.8,90.4,9.5,0,16.1,41.6,55.6,65.3,,,,,,,,,
5104203,Guiratinga,resto_mt,Demais MT,FALSE,2012,14137,-2.02,-1.98,29.3,8.7,61.7,0.1,,,,,,,,,,,,,20,81.8,85.7,7.9,0.5,18.9,27.2,67,67,,,,,,,,,
5104203,Guiratinga,resto_mt,Demais MT,FALSE,2013,14304,-2.02,-1.98,29.3,8.7,61.7,0.1,7.17,,184.75,,,,,,,4.6,99.7,99,19,90,88.9,8.2,0.3,15.3,16.6,62.6,75.6,,,,,,,,,
5104203,Guiratinga,resto_mt,Demais MT,FALSE,2014,14401,-2.02,-1.98,29.3,8.7,61.7,0.1,6.98,,179.49,,,,,,,,,,20,90,78.2,1.6,0,17.9,17.2,63.4,69.6,,,,,,,,,
5104203,Guiratinga,resto_mt,Demais MT,FALSE,2015,14496,-2.02,-1.98,29.3,8.7,61.7,0.1,6.75,,162.14,,,,,,5.7,4.4,100,96.7,20,70,83.2,1,0,23.3,18.2,45.3,77.9,21,1,7,1,10,0.69,14.49,,
5104203,Guiratinga,resto_mt,Demais MT,FALSE,2016,14525,-2.02,-1.98,29.3,8.7,61.7,0.1,6.65,,154.9,,,,,,,,,,20,70,86.9,1.9,0,9.4,16.4,68.6,84.9,,,,,,,,,
5104203,Guiratinga,resto_mt,Demais MT,FALSE,2017,14615,-2.02,-1.98,29.3,8.7,61.7,0.1,6.38,,151.63,,,,,,5.5,4.7,99.5,98.1,20,60,92.5,3.2,0.5,0,9.8,52.6,69.3,,,,,,,,,
5104203,Guiratinga,resto_mt,Demais MT,FALSE,2018,15035,-2.02,-1.98,29.3,8.7,61.7,0.1,5.79,,135.57,,,,,,,,,,20,90,89.7,2,0.4,10.2,6.3,66.3,67.3,,,,,,,,,
5104203,Guiratinga,resto_mt,Demais MT,FALSE,2019,15141,-2.02,-1.98,29.3,8.7,61.7,0.1,5.56,3.73,724.8,,,,,,5.8,4.6,99.2,93.4,10,100,92.8,1.8,0,8.8,6.1,62.3,65.8,,,,,,,,,
5104203,Guiratinga,resto_mt,Demais MT,FALSE,2020,15245,-2.02,-1.98,29.3,8.7,61.7,0.1,6.15,3.71,721.12,,,,,,,,,,20,100,93.6,2.1,,0,6.5,61.9,74.2,14,1,7,1,10,0.66,9.18,1559,10.2
5104203,Guiratinga,resto_mt,Demais MT,FALSE,2021,15740,-2.02,-1.98,29.3,8.7,61.7,0.1,6.84,3.55,683.61,,,,,,5.2,4.6,99.7,98.5,20,100,,2.5,0.1,36.1,13.6,63.9,84.3,,,,,,,,,
5104203,Guiratinga,resto_mt,Demais MT,FALSE,2022,10966,-2.02,-1.98,29.3,8.7,61.7,0.1,12.39,5.1,1248.01,,,,,,,,,,20,100,,1.6,0.2,0,11.2,55.2,82.8,,,,,,,,,
5104203,Guiratinga,resto_mt,Demais MT,FALSE,2023,10966,-2.02,-1.98,29.3,8.7,61.7,0.1,13.62,5.36,1898.44,,,,,,5.6,4.8,100,99.1,21,100,,,,,,,,21,1,7,1,10,0.91,19.15,2472,22.5
5104203,Guiratinga,resto_mt,Demais MT,FALSE,2024,10532,-2.02,-1.98,29.3,8.7,61.7,0.1,13.31,5.51,1970.15,,,,,,,,,,21,100,,,,,,,,,,,,,,,,
5104203,Guiratinga,resto_mt,Demais MT,FALSE,2025,10252,-2.02,-1.98,29.3,8.7,61.7,0.1,,,,,,,,,,,,,,,,,,,,,,,,,,,,,,
5104500,Indiavaí,resto_mt,Demais MT,FALSE,2000,2056,-0.65,-0.66,32,6.1,61.8,0,,,,0.517,Baixo,0.43,39.3,15.22,,,,,,,,,,,,38.5,69.2,,,,,,,,,
5104500,Indiavaí,resto_mt,Demais MT,FALSE,2001,2059,-0.65,-0.66,32,6.1,61.8,0,,,,,,,,,,,,,,,,,,39.2,,37.3,51,,,,,,,,,
5104500,Indiavaí,resto_mt,Demais MT,FALSE,2002,2063,-0.65,-0.66,32,6.1,61.8,0,,,,,,,,,,,,,,,,,,0,18,35.3,0,,,,,,,,,
5104500,Indiavaí,resto_mt,Demais MT,FALSE,2003,2066,-0.65,-0.66,32,6.1,61.8,0,,,,,,,,,,,,,,,,,,0,15.4,35.6,20,,,,,,,,,
5104500,Indiavaí,resto_mt,Demais MT,FALSE,2004,2073,-0.65,-0.66,32,6.1,61.8,0,,,,,,,,,,,,,,,,,,0,0,50,60.5,,,,,,,,,
5104500,Indiavaí,resto_mt,Demais MT,FALSE,2005,2077,-0.65,-0.66,32,6.1,61.8,0,,,,,,,,,1.9,2.1,69.2,61.7,,,,,,0,0,55.3,87.2,,,,,,,,,
5104500,Indiavaí,resto_mt,Demais MT,FALSE,2006,2080,-0.65,-0.66,32,6.1,61.8,0,,,,,,,,,,,,,,,,,,23.3,7.8,62.8,93,,,,,,,,,
5104500,Indiavaí,resto_mt,Demais MT,FALSE,2007,2524,-0.65,-0.66,32,6.1,61.8,0,,,,,,,,,3.5,3.5,79.7,92.5,2,0,,25.9,1.9,0,7.2,66.7,83.3,,,,,,,,,
5104500,Indiavaí,resto_mt,Demais MT,FALSE,2008,2623,-0.65,-0.66,32,6.1,61.8,0,,,,,,,,,,,,,2,50,,18.5,7.4,0,7.6,73.2,97.6,,,,,,,,,
5104500,Indiavaí,resto_mt,Demais MT,FALSE,2009,2679,-0.65,-0.66,32,6.1,61.8,0,,,,,,,,,3.5,3.8,75,87.1,2,100,73.3,15.6,3.5,0,0,70,77.5,,,,,,,,,
5104500,Indiavaí,resto_mt,Demais MT,FALSE,2010,2397,-0.65,-0.66,32,6.1,61.8,0,,,,0.661,Médio,0.46,45.96,3.24,,,,,2,100,80,18.6,2.8,0,0,64.2,67.9,3,0,2,0,0,0,12.52,,
5104500,Indiavaí,resto_mt,Demais MT,FALSE,2011,2424,-0.65,-0.66,32,6.1,61.8,0,,,,,,,,,3.7,3.8,82.7,87.4,2,100,97,16.2,1.3,0,0,67.5,55,,,,,,,,,
5104500,Indiavaí,resto_mt,Demais MT,FALSE,2012,2449,-0.65,-0.66,32,6.1,61.8,0,,,,,,,,,,,,,2,100,100,16.4,0,0,0,65.9,65.9,,,,,,,,,
5104500,Indiavaí,resto_mt,Demais MT,FALSE,2013,2491,-0.65,-0.66,32,6.1,61.8,0,9.63,,269.45,,,,,,3.6,4.4,86.8,91.4,2,100,100,17.6,2.1,0,0,78,87.8,,,,,,,,,
5104500,Indiavaí,resto_mt,Demais MT,FALSE,2014,2518,-0.65,-0.66,32,6.1,61.8,0,9.81,,298.64,,,,,,,,,,2,100,82.1,16.2,0,51.3,16.1,82.1,64.1,,,,,,,,,
5104500,Indiavaí,resto_mt,Demais MT,FALSE,2015,2543,-0.65,-0.66,32,6.1,61.8,0,8.69,,254.23,,,,,,4.5,4,91.2,91.3,2,100,82.9,15.9,0,0,17.4,94.3,82.9,4,0,2,0,0,0,15.73,,
5104500,Indiavaí,resto_mt,Demais MT,FALSE,2016,2624,-0.65,-0.66,32,6.1,61.8,0,6.9,,192.12,,,,,,,,,,2,100,86.4,10.4,0,0,19.2,96.7,93.3,,,,,,,,,
5104500,Indiavaí,resto_mt,Demais MT,FALSE,2017,2648,-0.65,-0.66,32,6.1,61.8,0,6,,151.08,,,,,,4.9,3.8,94.6,81.9,2,100,75.5,9.1,0,0,0,91.9,70.3,,,,,,,,,
5104500,Indiavaí,resto_mt,Demais MT,FALSE,2018,2725,-0.65,-0.66,32,6.1,61.8,0,4.11,,94.32,,,,,,,,,,2,100,70.8,7.7,1,0,0,97,87.9,,,,,,,,,
5104500,Indiavaí,resto_mt,Demais MT,FALSE,2019,2752,-0.65,-0.66,32,6.1,61.8,0,2.87,1.85,359.47,,,,,,4.3,4,94.6,87.2,2,100,79.1,5.1,0,0,0,93.6,70.2,,,,,,,,,
5104500,Indiavaí,resto_mt,Demais MT,FALSE,2020,2779,-0.65,-0.66,32,6.1,61.8,0,2.45,1.76,331.58,,,,,,,,,,2,100,73.8,8.1,,,10,100,55,6,0,2,0,0,0,21.59,188,6.8
5104500,Indiavaí,resto_mt,Demais MT,FALSE,2021,2806,-0.65,-0.66,32,6.1,61.8,0,2.64,1.75,325.19,,,,,,,,100,97.9,2,100,,7.4,0,,11,95.8,66.7,,,,,,,,,
5104500,Indiavaí,resto_mt,Demais MT,FALSE,2022,2213,-0.65,-0.66,32,6.1,61.8,0,6.96,2.35,640.29,,,,,,,,,,2,100,,4.4,0,0,12.5,94.4,77.8,,,,,,,,,
5104500,Indiavaí,resto_mt,Demais MT,FALSE,2023,2213,-0.65,-0.66,32,6.1,61.8,0,8.81,2.44,1106.64,,,,,,,,,,2,100,,,,,,,,7,1,2,0,0,0,31.63,252,11.4
5104500,Indiavaí,resto_mt,Demais MT,FALSE,2024,2194,-0.65,-0.66,32,6.1,61.8,0,9.02,2.46,1142.91,,,,,,,,,,2,100,,,,,,,,,,,,,,,,
5104500,Indiavaí,resto_mt,Demais MT,FALSE,2025,2172,-0.65,-0.66,32,6.1,61.8,0,,,,,,,,,,,,,,,,,,,,,,,,,,,,,,
5104526,Ipiranga do Norte,resto_mt,Demais MT,FALSE,2004,2445,3.56,3.58,39.7,7.8,52.3,0.1,,,,,,,,,,,,,,,,,,,,,,,,,,,,,,
5104526,Ipiranga do Norte,resto_mt,Demais MT,FALSE,2005,2163,3.56,3.58,39.7,7.8,52.3,0.1,,,,,,,,,2.4,3.5,50.3,71.2,,,,,,,,,,,,,,,,,,
5104526,Ipiranga do Norte,resto_mt,Demais MT,FALSE,2006,2236,3.56,3.58,39.7,7.8,52.3,0.1,,,,,,,,,,,,,,,,,,0,,47,90.9,,,,,,,,,
5104526,Ipiranga do Norte,resto_mt,Demais MT,FALSE,2007,4129,3.56,3.58,39.7,7.8,52.3,0.1,,,,,,,,,4.9,3.7,93.3,76.6,2,100,,8.5,0,50,18.9,50,92.5,,,,,,,,,
5104526,Ipiranga do Norte,resto_mt,Demais MT,FALSE,2008,4376,3.56,3.58,39.7,7.8,52.3,0.1,,,,,,,,,,,,,2,100,,9.9,0.3,0,10.8,58.2,92.4,,,,,,,,,
5104526,Ipiranga do Norte,resto_mt,Demais MT,FALSE,2009,4641,3.56,3.58,39.7,7.8,52.3,0.1,,,,,,,,,5.5,4.7,94.3,97.5,2,100,81.2,13.1,0,15.9,16.5,52.4,71.4,,,,,,,,,
5104526,Ipiranga do Norte,resto_mt,Demais MT,FALSE,2010,5123,3.56,3.58,39.7,7.8,52.3,0.1,,,,0.727,Alto,0.48,15.99,2,,,,,2,100,95.7,10.6,0,0,4.3,51.1,80.7,7,0,4,0,0,0,13.66,,
5104526,Ipiranga do Norte,resto_mt,Demais MT,FALSE,2011,5382,3.56,3.58,39.7,7.8,52.3,0.1,,,,,,,,,5.4,4.3,92.8,87.5,3,100,88.1,11.7,0.2,33,16.5,60.4,69.2,,,,,,,,,
5104526,Ipiranga do Norte,resto_mt,Demais MT,FALSE,2012,5631,3.56,3.58,39.7,7.8,52.3,0.1,,,,,,,,,,,,,3,100,84.1,12.5,0,0,11.3,62.1,69,,,,,,,,,
5104526,Ipiranga do Norte,resto_mt,Demais MT,FALSE,2013,6057,3.56,3.58,39.7,7.8,52.3,0.1,3.47,,110.85,,,,,,6,5.1,96.8,99.5,3,100,87.2,10.2,0,12.7,15.6,67.1,92.4,,,,,,,,,
5104526,Ipiranga do Norte,resto_mt,Demais MT,FALSE,2014,6347,3.56,3.58,39.7,7.8,52.3,0.1,3.06,,104.89,,,,,,,,,,4,100,84.9,9.6,0,9.6,7.4,54.8,88.5,,,,,,,,,
5104526,Ipiranga do Norte,resto_mt,Demais MT,FALSE,2015,6629,3.56,3.58,39.7,7.8,52.3,0.1,3,,100.62,,,,,,6.2,5.1,94.8,99.2,4,100,83.9,9,0,10.6,10.8,61.7,81.9,7,0,3,0,0,0,10.56,,
5104526,Ipiranga do Norte,resto_mt,Demais MT,FALSE,2016,6903,3.56,3.58,39.7,7.8,52.3,0.1,3.51,,123.88,,,,,,,,,,4,100,83.7,8.700000000000001,0,20.8,13.6,58.3,79.2,,,,,,,,,
5104526,Ipiranga do Norte,resto_mt,Demais MT,FALSE,2017,7171,3.56,3.58,39.7,7.8,52.3,0.1,3.49,,123.39,,,,,,6.1,5.5,95.9,98.1,4,100,91.1,7.7,0,0,10,59.1,78.2,,,,,,,,,
5104526,Ipiranga do Norte,resto_mt,Demais MT,FALSE,2018,7395,3.56,3.58,39.7,7.8,52.3,0.1,3.35,,110.88,,,,,,,,,,4,100,90.5,6.8,0,9.5,9.6,67.6,79,,,,,,,,,
5104526,Ipiranga do Norte,resto_mt,Demais MT,FALSE,2019,7667,3.56,3.58,39.7,7.8,52.3,0.1,3.03,0.6,195.17,,,,,,6.5,5.2,98.7,96.3,4,100,91.3,4.7,0,33.1,14.9,71.1,81.8,,,,,,,,,
5104526,Ipiranga do Norte,resto_mt,Demais MT,FALSE,2020,7920,3.56,3.58,39.7,7.8,52.3,0.1,3.03,0.63,197.59,,,,,,,,,,4,100,89,4.1,,15.7,19.8,69.3,81.1,12,0,4,0,0,0,15.15,3109,39.3
5104526,Ipiranga do Norte,resto_mt,Demais MT,FALSE,2021,8182,3.56,3.58,39.7,7.8,52.3,0.1,2.9,0.64,193.32,,,,,,6,5.1,100,98.9,4,100,,3.4,0,16,21.4,71.2,80.8,,,,,,,,,
5104526,Ipiranga do Norte,resto_mt,Demais MT,FALSE,2022,7815,3.56,3.58,39.7,7.8,52.3,0.1,5.13,0.72,336.26,,,,,,,,,,4,100,,4.1,0,7.6,13.1,69.5,77.9,,,,,,,,,
5104526,Ipiranga do Norte,resto_mt,Demais MT,FALSE,2023,7815,3.56,3.58,39.7,7.8,52.3,0.1,6.21,0.79,656.89,,,,,,6.2,5.2,98.7,99.8,4,100,,,,,,,,15,0,5,0,0,0,19.19,4482,57.4
5104526,Ipiranga do Norte,resto_mt,Demais MT,FALSE,2024,8409,3.56,3.58,39.7,7.8,52.3,0.1,6.65,0.8,720.74,,,,,,,,,,4,100,,,,,,,,,,,,,,,,
5104526,Ipiranga do Norte,resto_mt,Demais MT,FALSE,2025,8658,3.56,3.58,39.7,7.8,52.3,0.1,,,,,,,,,,,,,,,,,,,,,,,,,,,,,,
5104542,Itanhangá,resto_mt,Demais MT,FALSE,2004,4054,3.03,3.02,43.7,6.3,49.5,0.1,,,,,,,,,,,,,,,,,,,,,,,,,,,,,,
5104542,Itanhangá,resto_mt,Demais MT,FALSE,2005,4197,3.03,3.02,43.7,6.3,49.5,0.1,,,,,,,,,3.3,4.2,83.3,85.9,,,,,,,,,,,,,,,,,,
5104542,Itanhangá,resto_mt,Demais MT,FALSE,2006,4337,3.03,3.02,43.7,6.3,49.5,0.1,,,,,,,,,,,,,,,,,,30.8,,38.5,69.2,,,,,,,,,
5104542,Itanhangá,resto_mt,Demais MT,FALSE,2007,4703,3.03,3.02,43.7,6.3,49.5,0.1,,,,,,,,,4.2,3.8,85.8,87.1,5,20,,16.1,0.5,22.7,27.5,38.6,84.1,,,,,,,,,
5104542,Itanhangá,resto_mt,Demais MT,FALSE,2008,4911,3.03,3.02,43.7,6.3,49.5,0.1,,,,,,,,,,,,,5,80,,16,0.6,0,16.6,33.3,81.9,,,,,,,,,
5104542,Itanhangá,resto_mt,Demais MT,FALSE,2009,5061,3.03,3.02,43.7,6.3,49.5,0.1,,,,,,,,,4.3,4.1,87.7,83.1,5,60,64.4,16.3,0.5,35.1,17.3,38.6,61.4,,,,,,,,,
5104542,Itanhangá,resto_mt,Demais MT,FALSE,2010,5276,3.03,3.02,43.7,6.3,49.5,0.1,,,,0.71,Alto,0.51,29.39,5.38,,,,,7,85.7,71.2,14.5,0.2,0,9.3,43,69.8,6,0,5,0,0,0,11.37,,
5104542,Itanhangá,resto_mt,Demais MT,FALSE,2011,5420,3.03,3.02,43.7,6.3,49.5,0.1,,,,,,,,,5.1,4.9,95.1,94.3,8,85.7,73.7,12.6,0.2,0,8.8,41.7,40.5,,,,,,,,,
5104542,Itanhangá,resto_mt,Demais MT,FALSE,2012,5558,3.03,3.02,43.7,6.3,49.5,0.1,,,,,,,,,,,,,8,100,71.4,12.5,0,0,0,50.6,53,,,,,,,,,
5104542,Itanhangá,resto_mt,Demais MT,FALSE,2013,5794,3.03,3.02,43.7,6.3,49.5,0.1,6.18,,212.29,,,,,,6,4.3,98,97.7,8,85.7,67.2,9.7,0,13.5,4.1,54.1,59.5,,,,,,,,,
5104542,Itanhangá,resto_mt,Demais MT,FALSE,2014,5950,3.03,3.02,43.7,6.3,49.5,0.1,6.72,,245.72,,,,,,,,,,7,85.7,74.3,5.8,0,18.7,11.4,55.1,67.3,,,,,,,,,
5104542,Itanhangá,resto_mt,Demais MT,FALSE,2015,6103,3.03,3.02,43.7,6.3,49.5,0.1,6.37,,227.13,,,,,,6.1,4.7,98.6,96.8,7,100,91.1,5.3,0.2,0,11.7,48,68,8,0,5,0,0,0,13.11,,
5104542,Itanhangá,resto_mt,Demais MT,FALSE,2016,6252,3.03,3.02,43.7,6.3,49.5,0.1,6.41,,216.49,,,,,,,,,,7,100,90.1,4.6000000000000005,0,11.6,11.2,53.5,60.5,,,,,,,,,
5104542,Itanhangá,resto_mt,Demais MT,FALSE,2017,6396,3.03,3.02,43.7,6.3,49.5,0.1,5.63,,195.48,,,,,,6.5,5.3,100,97.6,7,100,84.6,4.4,0,24.7,12.4,54.3,65.4,,,,,,,,,
5104542,Itanhangá,resto_mt,Demais MT,FALSE,2018,6587,3.03,3.02,43.7,6.3,49.5,0.1,5.01,,179.17,,,,,,,,,,7,100,93.2,3.6,0,0,11.5,62.4,83.9,,,,,,,,,
5104542,Itanhangá,resto_mt,Demais MT,FALSE,2019,6737,3.03,3.02,43.7,6.3,49.5,0.1,5.48,0.77,319.42,,,,,,6.8,5.2,99.4,91.2,7,100,89.3,3.3,0,10.9,11.3,60.9,77.2,,,,,,,,,
5104542,Itanhangá,resto_mt,Demais MT,FALSE,2020,6885,3.03,3.02,43.7,6.3,49.5,0.1,5.75,0.76,312.2,,,,,,,,,,7,100,93.8,3.3,,9.6,6.9,56.7,89.4,12,0,6,0,0,0,17.43,1112,16.2
5104542,Itanhangá,resto_mt,Demais MT,FALSE,2021,7030,3.03,3.02,43.7,6.3,49.5,0.1,5.65,0.74,303.85,,,,,,6.3,,100,94.3,7,100,,3.1,0,0,6.4,62.1,74.1,,,,,,,,,
5104542,Itanhangá,resto_mt,Demais MT,FALSE,2022,7539,3.03,3.02,43.7,6.3,49.5,0.1,6.92,0.7,404.1,,,,,,,,,,7,100,,2.3,0,24.4,11.7,65,68.3,,,,,,,,,
5104542,Itanhangá,resto_mt,Demais MT,FALSE,2023,7539,3.03,3.02,43.7,6.3,49.5,0.1,7.22,0.76,706.85,,,,,,6.7,5.3,100,97.7,7,100,,,,,,,,15,0,7,0,0,0,19.9,1262,16.7
5104542,Itanhangá,resto_mt,Demais MT,FALSE,2024,8049,3.03,3.02,43.7,6.3,49.5,0.1,6.6,0.81,697.33,,,,,,,,,,7,100,,,,,,,,,,,,,,,,
5104542,Itanhangá,resto_mt,Demais MT,FALSE,2025,8257,3.03,3.02,43.7,6.3,49.5,0.1,,,,,,,,,,,,,,,,,,,,,,,,,,,,,,
5104559,Itaúba,resto_mt,Demais MT,FALSE,2000,8565,0.86,0.78,39.5,9.8,50.4,0,,,,0.511,Baixo,0.75,76.96,17.07,,,,,,,,,,14.9,,41.1,80.7,,,,,,,,,
5104559,Itaúba,resto_mt,Demais MT,FALSE,2001,5882,0.86,0.78,39.5,9.8,50.4,0,,,,,,,,,,,,,,,,,,6.2,,40.7,82.1,,,,,,,,,
5104559,Itaúba,resto_mt,Demais MT,FALSE,2002,5983,0.86,0.78,39.5,9.8,50.4,0,,,,,,,,,,,,,,,,,,29.1,15,50.5,80.6,,,,,,,,,
5104559,Itaúba,resto_mt,Demais MT,FALSE,2003,6077,0.86,0.78,39.5,9.8,50.4,0,,,,,,,,,,,,,,,,,,17.9,15.9,50.9,79.5,,,,,,,,,
5104559,Itaúba,resto_mt,Demais MT,FALSE,2004,6274,0.86,0.78,39.5,9.8,50.4,0,,,,,,,,,,,,,,,,,,28,24.8,60.7,69.2,,,,,,,,,
5104559,Itaúba,resto_mt,Demais MT,FALSE,2005,6383,0.86,0.78,39.5,9.8,50.4,0,,,,,,,,,1.1,3.3,25,69.5,,,,,,49.6,32.4,55.4,66.9,,,,,,,,,
5104559,Itaúba,resto_mt,Demais MT,FALSE,2006,6491,0.86,0.78,39.5,9.8,50.4,0,,,,,,,,,,,,,,,,,,0,29.2,55,67.5,,,,,,,,,
5104559,Itaúba,resto_mt,Demais MT,FALSE,2007,4625,0.86,0.78,39.5,9.8,50.4,0,,,,,,,,,4.5,4.5,88.2,91.9,7,28.6,,32.9,3,20.4,28,71.4,67.3,,,,,,,,,
5104559,Itaúba,resto_mt,Demais MT,FALSE,2008,4701,0.86,0.78,39.5,9.8,50.4,0,,,,,,,,,,,,,7,28.6,,24.1,4,17.5,10.8,66.7,80.7,,,,,,,,,
5104559,Itaúba,resto_mt,Demais MT,FALSE,2009,4585,0.86,0.78,39.5,9.8,50.4,0,,,,,,,,,5.2,4.4,88,90.9,7,42.9,60.3,18.1,1.3,0,11.7,60,78.5,,,,,,,,,
5104559,Itaúba,resto_mt,Demais MT,FALSE,2010,4575,0.86,0.78,39.5,9.8,50.4,0,,,,0.69,Médio,0.58,32.93,3.53,,,,,7,42.9,55.6,15.6,0.7,15.9,10.8,57.1,60.3,5,1,3,1,9,1.97,10.93,,
5104559,Itaúba,resto_mt,Demais MT,FALSE,2011,4483,0.86,0.78,39.5,9.8,50.4,0,,,,,,,,,4.1,3.7,86.2,87.3,7,57.1,59.7,13.3,1.2,14.9,10.3,59.7,74.6,,,,,,,,,
5104559,Itaúba,resto_mt,Demais MT,FALSE,2012,4393,0.86,0.78,39.5,9.8,50.4,0,,,,,,,,,,,,,7,66.7,65.8,14.4,0,11.4,13.8,59.1,64.8,,,,,,,,,
5104559,Itaúba,resto_mt,Demais MT,FALSE,2013,4238,0.86,0.78,39.5,9.8,50.4,0,8.59,,274.11,,,,,,4.9,4.5,94.6,95.6,6,50,63.4,7.2,0.2,12.3,12.7,69.1,70.4,,,,,,,,,
5104559,Itaúba,resto_mt,Demais MT,FALSE,2014,4124,0.86,0.78,39.5,9.8,50.4,0,9.04,,279.8,,,,,,,,,,6,50,64,0.3,0,0,8.7,80.6,79,,,,,,,,,
5104559,Itaúba,resto_mt,Demais MT,FALSE,2015,4013,0.86,0.78,39.5,9.8,50.4,0,8.32,,238.94,,,,,,5.4,3.9,97.3,88.8,6,50,74.1,0.5,0.8,11.5,8.7,71.3,87.4,6,1,3,1,9,2.24,14.95,,
5104559,Itaúba,resto_mt,Demais MT,FALSE,2016,3905,0.86,0.78,39.5,9.8,50.4,0,8.71,,240.21,,,,,,,,,,6,50,81.4,0.5,0,0,4.2,88.6,85.2,,,,,,,,,
5104559,Itaúba,resto_mt,Demais MT,FALSE,2017,3800,0.86,0.78,39.5,9.8,50.4,0,8.37,,234.97,,,,,,5,4.5,93.2,96,6,100,84.7,1.6,0,29.4,12.3,80.6,80.9,,,,,,,,,
5104559,Itaúba,resto_mt,Demais MT,FALSE,2018,3901,0.86,0.78,39.5,9.8,50.4,0,7.92,,222.51,,,,,,,,,,6,100,88.9,5.3,0.3,19.6,15.5,73.5,71.6,,,,,,,,,
5104559,Itaúba,resto_mt,Demais MT,FALSE,2019,3802,0.86,0.78,39.5,9.8,50.4,0,7.76,3.31,740.4,,,,,,5.6,4.4,93.9,90.4,6,100,77.3,7.8,0,11,19.2,78,73.6,,,,,,,,,
5104559,Itaúba,resto_mt,Demais MT,FALSE,2020,3704,0.86,0.78,39.5,9.8,50.4,0,8.15,3.59,783.38,,,,,,,,,,6,100,90.7,7.1,,14.1,15.2,80.3,70.4,8,1,2,1,9,2.43,21.6,869,23.5
5104559,Itaúba,resto_mt,Demais MT,FALSE,2021,3609,0.86,0.78,39.5,9.8,50.4,0,8.98,3.69,801.41,,,,,,5.6,4.4,100,89.6,6,100,,7.2,0,0,8,80.9,79.8,,,,,,,,,
5104559,Itaúba,resto_mt,Demais MT,FALSE,2022,5020,0.86,0.78,39.5,9.8,50.4,0,7.75,2.45,685.07,,,,,,,,,,6,100,,4.8,0,12.5,8.3,87.5,82.5,,,,,,,,,
5104559,Itaúba,resto_mt,Demais MT,FALSE,2023,5020,0.86,0.78,39.5,9.8,50.4,0,7.95,2.43,1025.1,,,,,,6.3,5.1,98.3,100,6,100,,,,,,,,8,1,2,1,9,1.79,15.94,1558,31
5104559,Itaúba,resto_mt,Demais MT,FALSE,2024,5161,0.86,0.78,39.5,9.8,50.4,0,7.83,2.62,1071.72,,,,,,,,,,6,100,,,,,,,,,,,,,,,,
5104559,Itaúba,resto_mt,Demais MT,FALSE,2025,5201,0.86,0.78,39.5,9.8,50.4,0,,,,,,,,,,,,,,,,,,,,,,,,,,,,,,
5104609,Itiquira,pantanal_norte,Pantanal-13,TRUE,2000,9200,0.62,0.53,32.9,9,57.8,0.2,,,,0.541,Baixo,0.6,56.32,3.11,,,,,,,,,,21.7,,39.9,79.7,,,,,,,,,
5104609,Itiquira,pantanal_norte,Pantanal-13,TRUE,2001,9349,0.62,0.53,32.9,9,57.8,0.2,,,,,,,,,,,,,,,,,,29.1,,36.9,78.6,,,,,,,,,
5104609,Itiquira,pantanal_norte,Pantanal-13,TRUE,2002,9451,0.62,0.53,32.9,9,57.8,0.2,,,,,,,,,,,,,,,,,,20.8,23.4,44.4,53.1,,,,,,,,,
5104609,Itiquira,pantanal_norte,Pantanal-13,TRUE,2003,9568,0.62,0.53,32.9,9,57.8,0.2,,,,,,,,,,,,,,,,,,18.2,22.4,40,50,,,,,,,,,
5104609,Itiquira,pantanal_norte,Pantanal-13,TRUE,2004,9813,0.62,0.53,32.9,9,57.8,0.2,,,,,,,,,,,,,,,,,,21.2,20.3,50.8,49.7,,,,,,,,,
5104609,Itiquira,pantanal_norte,Pantanal-13,TRUE,2005,9949,0.62,0.53,32.9,9,57.8,0.2,,,,,,,,,3.5,3.6,80.6,76.2,,,,,,10.6,16.4,70.4,52.9,,,,,,,,,
5104609,Itiquira,pantanal_norte,Pantanal-13,TRUE,2006,10083,0.62,0.53,32.9,9,57.8,0.2,,,,,,,,,,,,,,,,,,21.5,17.7,52.7,50,,,,,,,,,
5104609,Itiquira,pantanal_norte,Pantanal-13,TRUE,2007,12159,0.62,0.53,32.9,9,57.8,0.2,,,,,,,,,4.3,4.2,89.7,88.5,10,10,,15.3,2.1,5.7,12.7,61.1,58.9,,,,,,,,,
5104609,Itiquira,pantanal_norte,Pantanal-13,TRUE,2008,12676,0.62,0.53,32.9,9,57.8,0.2,,,,,,,,,,,,,10,20,,13.2,1.2,0,9.7,52.3,71.4,,,,,,,,,
5104609,Itiquira,pantanal_norte,Pantanal-13,TRUE,2009,13022,0.62,0.53,32.9,9,57.8,0.2,,,,,,,,,4.9,4.3,98.2,93.5,10,50,65.4,10.6,0.9,6.4,4.1,60,57.4,,,,,,,,,
5104609,Itiquira,pantanal_norte,Pantanal-13,TRUE,2010,11478,0.62,0.53,32.9,9,57.8,0.2,,,,0.693,Médio,0.47,28.41,2.99,,,,,10,50,61.3,7,0.8,0,2.2,71.3,78.7,16,2,5,1,14,1.22,13.94,,
5104609,Itiquira,pantanal_norte,Pantanal-13,TRUE,2011,11653,0.62,0.53,32.9,9,57.8,0.2,,,,,,,,,5,4.3,98.3,96.5,10,60,63.7,7.1,1.5,25,10.7,66.2,62.5,,,,,,,,,
5104609,Itiquira,pantanal_norte,Pantanal-13,TRUE,2012,11822,0.62,0.53,32.9,9,57.8,0.2,,,,,,,,,,,,,10,80,66.2,6.4,0.5,12,12.6,72.3,60.8,,,,,,,,,
5104609,Itiquira,pantanal_norte,Pantanal-13,TRUE,2013,12109,0.62,0.53,32.9,9,57.8,0.2,7.17,,206.66,,,,,,4.9,4.1,98.9,96.8,10,70,71.8,4.5,0.9,10.9,15.7,78.1,48.6,,,,,,,,,
5104609,Itiquira,pantanal_norte,Pantanal-13,TRUE,2014,12293,0.62,0.53,32.9,9,57.8,0.2,8.31,,243.89,,,,,,,,,,10,90,74.3,3.6,0.2,17.4,13.4,77.3,58.1,,,,,,,,,
5104609,Itiquira,pantanal_norte,Pantanal-13,TRUE,2015,12472,0.62,0.53,32.9,9,57.8,0.2,7.81,,210.61,,,,,,5.4,4.3,99.7,95.9,10,90,69.3,3,0.2,9.5,12.4,66.8,61.6,24,2,6,2,24,1.92,19.24,,
5104609,Itiquira,pantanal_norte,Pantanal-13,TRUE,2016,12620,0.62,0.53,32.9,9,57.8,0.2,7.81,,199.48,,,,,,,,,,10,90,71,3.7,0.2,6,10.9,76.2,66.7,,,,,,,,,
5104609,Itiquira,pantanal_norte,Pantanal-13,TRUE,2017,12789,0.62,0.53,32.9,9,57.8,0.2,7.04,,181.79,,,,,,6,4.5,99.2,98.3,10,90,76.8,3,0.1,11.5,9,77.6,70.1,,,,,,,,,
5104609,Itiquira,pantanal_norte,Pantanal-13,TRUE,2018,13163,0.62,0.53,32.9,9,57.8,0.2,6.15,,156.68,,,,,,,,,,10,90,78.1,6.1,0.1,5.9,7.8,74,71.6,,,,,,,,,
5104609,Itiquira,pantanal_norte,Pantanal-13,TRUE,2019,13345,0.62,0.53,32.9,9,57.8,0.2,5.66,1.31,355.02,,,,,,5.7,4.7,99.5,97,10,100,77.4,3.3,0.2,10.1,9.2,80.9,72.9,,,,,,,,,
5104609,Itiquira,pantanal_norte,Pantanal-13,TRUE,2020,13552,0.62,0.53,32.9,9,57.8,0.2,5.34,1.31,338.23,,,,,,,,,,10,100,76.9,3.2,,23.8,13.1,62.5,77.4,29,2,8,2,26,1.92,21.4,3258,24
5104609,Itiquira,pantanal_norte,Pantanal-13,TRUE,2021,13727,0.62,0.53,32.9,9,57.8,0.2,5.7,1.3,338.64,,,,,,5.1,4.3,100,99.3,10,100,,3.5,0,27.8,19.6,53.5,79.9,,,,,,,,,
5104609,Itiquira,pantanal_norte,Pantanal-13,TRUE,2022,12236,0.62,0.53,32.9,9,57.8,0.2,7.8,1.54,535.17,,,,,,,,,,10,100,,3.4,0.5,6.8,19.6,61.2,81,,,,,,,,,
5104609,Itiquira,pantanal_norte,Pantanal-13,TRUE,2023,12236,0.62,0.53,32.9,9,57.8,0.2,7.58,1.71,859.02,,,,,,5.4,4.8,99.6,99.5,9,100,,,,,,,,27,2,8,2,26,2.12,22.07,3442,28.1
5104609,Itiquira,pantanal_norte,Pantanal-13,TRUE,2024,12519,0.62,0.53,32.9,9,57.8,0.2,7.44,1.95,909.9,,,,,,,,,,9,100,,,,,,,,,,,,,,,,
5104609,Itiquira,pantanal_norte,Pantanal-13,TRUE,2025,12587,0.62,0.53,32.9,9,57.8,0.2,,,,,,,,,,,,,,,,,,,,,,,,,,,,,,
5104807,Jaciara,resto_mt,Demais MT,FALSE,2000,23796,1.01,0.9,33.2,7.3,59.2,0.1,,,,0.634,Médio,0.54,44.27,4.12,,,,,,,,,,19.6,,57.5,11,,,,,,,,,
5104807,Jaciara,resto_mt,Demais MT,FALSE,2001,24419,1.01,0.9,33.2,7.3,59.2,0.1,,,,,,,,,,,,,,,,,,18.8,,60.2,50.8,,,,,,,,,
5104807,Jaciara,resto_mt,Demais MT,FALSE,2002,24849,1.01,0.9,33.2,7.3,59.2,0.1,,,,,,,,,,,,,,,,,,17.9,18.7,58.7,26.3,,,,,,,,,
5104807,Jaciara,resto_mt,Demais MT,FALSE,2003,25337,1.01,0.9,33.2,7.3,59.2,0.1,,,,,,,,,,,,,,,,,,5,14,60.5,3,,,,,,,,,
5104807,Jaciara,resto_mt,Demais MT,FALSE,2004,26363,1.01,0.9,33.2,7.3,59.2,0.1,,,,,,,,,,,,,,,,,,18.1,14,56.6,2,,,,,,,,,
5104807,Jaciara,resto_mt,Demais MT,FALSE,2005,26930,1.01,0.9,33.2,7.3,59.2,0.1,,,,,,,,,3.8,3.2,85.7,76.2,,,,,,10,11.2,54.3,4.2,,,,,,,,,
5104807,Jaciara,resto_mt,Demais MT,FALSE,2006,27494,1.01,0.9,33.2,7.3,59.2,0.1,,,,,,,,,,,,,,,,,,18,15.2,56.3,17.6,,,,,,,,,
5104807,Jaciara,resto_mt,Demais MT,FALSE,2007,24945,1.01,0.9,33.2,7.3,59.2,0.1,,,,,,,,,4.5,4,95.3,92.2,21,61.9,,12.1,1.3,11.2,12.9,64,40.3,,,,,,,,,
5104807,Jaciara,resto_mt,Demais MT,FALSE,2008,25745,1.01,0.9,33.2,7.3,59.2,0.1,,,,,,,,,,,,,21,85.7,,9.3,1,11.2,13.5,66.4,42.1,,,,,,,,,
5104807,Jaciara,resto_mt,Demais MT,FALSE,2009,25922,1.01,0.9,33.2,7.3,59.2,0.1,,,,,,,,,5.1,4.4,98.1,93.2,21,95.2,73.5,7,0.6,18.4,13.5,65.3,50.8,,,,,,,,,
5104807,Jaciara,resto_mt,Demais MT,FALSE,2010,25647,1.01,0.9,33.2,7.3,59.2,0.1,,,,0.735,Alto,0.51,23.71,3.2,,,,,21,95.2,76.5,5.6,0.2,14.2,14.5,68.4,57.8,36,2,19,2,40,1.56,14.04,,
5104807,Jaciara,resto_mt,Demais MT,FALSE,2011,25790,1.01,0.9,33.2,7.3,59.2,0.1,,,,,,,,,5.1,4.4,99.4,97.7,23,100,77.6,4.9,0.1,8.6,13.6,65.7,50.5,,,,,,,,,
5104807,Jaciara,resto_mt,Demais MT,FALSE,2012,25927,1.01,0.9,33.2,7.3,59.2,0.1,,,,,,,,,,,,,21,95.2,81.4,3.5,0,9,10.5,68.8,51.1,,,,,,,,,
5104807,Jaciara,resto_mt,Demais MT,FALSE,2013,26157,1.01,0.9,33.2,7.3,59.2,0.1,6.63,,199.26,,,,,,5.3,4.4,100,98.8,22,95.5,79,1.1,0,12.8,10.2,71.9,49.6,,,,,,,,,
5104807,Jaciara,resto_mt,Demais MT,FALSE,2014,26281,1.01,0.9,33.2,7.3,59.2,0.1,6.33,,179.97,,,,,,,,,,22,100,76.1,0.8,0,4,8.5,75.4,54.9,,,,,,,,,
5104807,Jaciara,resto_mt,Demais MT,FALSE,2015,26401,1.01,0.9,33.2,7.3,59.2,0.1,5.48,,144.71,,,,,,6,4.8,100,97.6,22,95.2,81,0.6,0,12.3,9.6,71,45.1,46,3,19,2,38,1.44,17.42,,
5104807,Jaciara,resto_mt,Demais MT,FALSE,2016,26519,1.01,0.9,33.2,7.3,59.2,0.1,5,,132.39,,,,,,,,,,23,100,84.2,1.2,0.1,18.5,11.3,73.6,50.2,,,,,,,,,
5104807,Jaciara,resto_mt,Demais MT,FALSE,2017,26633,1.01,0.9,33.2,7.3,59.2,0.1,5.08,,146,,,,,,6.2,4.9,99.9,98,23,95,87.2,1.9,0,10.4,13.6,75.3,47.9,,,,,,,,,
5104807,Jaciara,resto_mt,Demais MT,FALSE,2018,27628,1.01,0.9,33.2,7.3,59.2,0.1,5.4,,150.32,,,,,,,,,,23,95,89.4,1.6,0,2.2,10.2,75.2,42.1,,,,,,,,,
5104807,Jaciara,resto_mt,Demais MT,FALSE,2019,27776,1.01,0.9,33.2,7.3,59.2,0.1,4.8,2.66,555.21,,,,,,5.9,4.8,97.9,93.5,23,100,92.2,1.1,0,4.4,5.8,72,46.7,,,,,,,,,
5104807,Jaciara,resto_mt,Demais MT,FALSE,2020,27807,1.01,0.9,33.2,7.3,59.2,0.1,4.81,2.58,536.43,,,,,,,,,,23,100,88.4,1.9,,2.3,3,67.7,51.2,55,3,21,2,41,1.47,19.78,23498,84.5
5104807,Jaciara,resto_mt,Demais MT,FALSE,2021,27696,1.01,0.9,33.2,7.3,59.2,0.1,5.54,2.52,524.69,,,,,,5.6,4.9,99.9,99,21,100,,1.9,0.1,4.7,3.8,72.1,57.2,,,,,,,,,
5104807,Jaciara,resto_mt,Demais MT,FALSE,2022,28569,1.01,0.9,33.2,7.3,59.2,0.1,6.8,2.57,667.48,,,,,,,,,,23,100,,2.4,0,2.4,3.1,71.5,62.7,,,,,,,,,
5104807,Jaciara,resto_mt,Demais MT,FALSE,2023,28569,1.01,0.9,33.2,7.3,59.2,0.1,7.23,2.85,1039.45,,,,,,5.5,4.8,99.8,99.6,23,100,,,,,,,,64,4,22,2,48,1.68,22.4,21736,76.1
5104807,Jaciara,resto_mt,Demais MT,FALSE,2024,29560,1.01,0.9,33.2,7.3,59.2,0.1,7.14,2.99,1082.07,,,,,,,,,,21,100,,,,,,,,,,,,,,,,
5104807,Jaciara,resto_mt,Demais MT,FALSE,2025,29803,1.01,0.9,33.2,7.3,59.2,0.1,,,,,,,,,,,,,,,,,,,,,,,,,,,,,,
5104906,Jangada,resto_mt,Demais MT,FALSE,2000,7134,-0.25,-0.3,13.6,6.8,79.5,,,,,0.496,Muito Baixo,0.55,69.73,23.06,,,,,,,,,,15,,27.8,50.4,,,,,,,,,
5104906,Jangada,resto_mt,Demais MT,FALSE,2001,7334,-0.25,-0.3,13.6,6.8,79.5,,,,,,,,,,,,,,,,,,,40,,23.2,46.4,,,,,,,,,
5104906,Jangada,resto_mt,Demais MT,FALSE,2002,7535,-0.25,-0.3,13.6,6.8,79.5,,,,,,,,,,,,,,,,,,,8.5,21.3,23.1,50.4,,,,,,,,,
5104906,Jangada,resto_mt,Demais MT,FALSE,2003,7721,-0.25,-0.3,13.6,6.8,79.5,,,,,,,,,,,,,,,,,,,26.1,25.2,29.6,48.2,,,,,,,,,
5104906,Jangada,resto_mt,Demais MT,FALSE,2004,8112,-0.25,-0.3,13.6,6.8,79.5,,,,,,,,,,,,,,,,,,,47.3,28.9,34.5,40.5,,,,,,,,,
5104906,Jangada,resto_mt,Demais MT,FALSE,2005,8329,-0.25,-0.3,13.6,6.8,79.5,,,,,,,,,,3.1,2.7,81.2,72.9,,,,,,38.2,38.1,31.3,37.4,,,,,,,,,
5104906,Jangada,resto_mt,Demais MT,FALSE,2006,8543,-0.25,-0.3,13.6,6.8,79.5,,,,,,,,,,,,,,,,,,,13.9,33.1,30.6,32.4,,,,,,,,,
5104906,Jangada,resto_mt,Demais MT,FALSE,2007,8058,-0.25,-0.3,13.6,6.8,79.5,,,,,,,,,,3.6,3.2,91.7,83.5,11,9.1,,23.8,2.1,16.4,22.7,31.1,46.3,,,,,,,,,
5104906,Jangada,resto_mt,Demais MT,FALSE,2008,8345,-0.25,-0.3,13.6,6.8,79.5,,,,,,,,,,,,,,11,18.2,,25,3.3,7.3,12.4,32.1,38.7,,,,,,,,,
5104906,Jangada,resto_mt,Demais MT,FALSE,2009,8462,-0.25,-0.3,13.6,6.8,79.5,,,,,,,,,,4.3,3.5,98.6,92.2,11,45.5,64.4,16.4,0.8,0,8.2,36.1,46.3,,,,,,,,,
5104906,Jangada,resto_mt,Demais MT,FALSE,2010,7696,-0.25,-0.3,13.6,6.8,79.5,,,,,0.63,Médio,0.56,63.34,25.4,,,,,11,63.6,70.4,11.2,0,0,2.7,37,47.1,6,0,4,0,0,0,7.8,,
5104906,Jangada,resto_mt,Demais MT,FALSE,2011,7740,-0.25,-0.3,13.6,6.8,79.5,,,,,,,,,,4.6,4,99.7,97.4,11,63.6,84.2,8.3,0,20.4,6.2,29.6,46.9,,,,,,,,,
5104906,Jangada,resto_mt,Demais MT,FALSE,2012,7781,-0.25,-0.3,13.6,6.8,79.5,,,,,,,,,,,,,,11,72.7,85.1,7.5,0.2,17.5,12.1,36.8,61.4,,,,,,,,,
5104906,Jangada,resto_mt,Demais MT,FALSE,2013,7851,-0.25,-0.3,13.6,6.8,79.5,,11.91,,397.53,,,,,,4.3,4,99.5,97,11,72.7,67.7,3.7,0.2,21.7,19.7,38,51.1,,,,,,,,,
5104906,Jangada,resto_mt,Demais MT,FALSE,2014,7889,-0.25,-0.3,13.6,6.8,79.5,,11.79,,396.41,,,,,,,,,,11,54.5,72.1,1.9,0,0,13.1,35.4,61.6,,,,,,,,,
5104906,Jangada,resto_mt,Demais MT,FALSE,2015,7925,-0.25,-0.3,13.6,6.8,79.5,,11.37,,359.75,,,,,,4.5,4.5,99.7,96.2,11,63.6,83.1,1.6,0.3,8.1,9.6,37.4,58.5,7,0,4,0,0,0,8.83,,
5104906,Jangada,resto_mt,Demais MT,FALSE,2016,7961,-0.25,-0.3,13.6,6.8,79.5,,11.38,,354.25,,,,,,,,,,10,80,85,2.3000000000000003,1.2,9.8,6.2,40.2,73.5,,,,,,,,,
5104906,Jangada,resto_mt,Demais MT,FALSE,2017,7996,-0.25,-0.3,13.6,6.8,79.5,,9.95,,307.26,,,,,,4.3,4.3,99.8,96.2,11,50,85.8,2.5,0.2,17.4,11.8,44.3,74.8,,,,,,,,,
5104906,Jangada,resto_mt,Demais MT,FALSE,2018,8366,-0.25,-0.3,13.6,6.8,79.5,,8.85,,270.99,,,,,,,,,,11,50,82.1,2.1,0,18.5,15.4,43.5,69.4,,,,,,,,,
5104906,Jangada,resto_mt,Demais MT,FALSE,2019,8409,-0.25,-0.3,13.6,6.8,79.5,,8.86,4.16,930.89,,,,,,4.2,,98.7,89.2,11,100,84.3,0.9,0,0,12.3,37.9,87.4,,,,,,,,,
5104906,Jangada,resto_mt,Demais MT,FALSE,2020,8451,-0.25,-0.3,13.6,6.8,79.5,,9.51,4.14,931.45,,,,,,,,,,11,100,85.3,1.9,,0,6.3,54.3,65.7,12,0,6,0,0,0,14.2,1031,12.2
5104906,Jangada,resto_mt,Demais MT,FALSE,2021,8420,-0.25,-0.3,13.6,6.8,79.5,,10.55,4.05,907.1,,,,,,4.5,,100,97.7,11,100,,2.4,0,10.5,3.3,48.4,81.1,,,,,,,,,
5104906,Jangada,resto_mt,Demais MT,FALSE,2022,7426,-0.25,-0.3,13.6,6.8,79.5,,14.21,4.59,1279.48,,,,,,,,,,11,100,,2.1,0,0,3.4,37.5,74,,,,,,,,,
5104906,Jangada,resto_mt,Demais MT,FALSE,2023,7426,-0.25,-0.3,13.6,6.8,79.5,,14.57,4.65,1890,,,,,,5.1,3.8,99.8,97.1,11,100,,,,,,,,15,1,7,0,0,0,20.2,1601,21.6
5104906,Jangada,resto_mt,Demais MT,FALSE,2024,7447,-0.25,-0.3,13.6,6.8,79.5,,14.93,4.86,2023.95,,,,,,,,,,10,100,,,,,,,,,,,,,,,,
5104906,Jangada,resto_mt,Demais MT,FALSE,2025,7413,-0.25,-0.3,13.6,6.8,79.5,,,,,,,,,,,,,,,,,,,,,,,,,,,,,,,
5105002,Jauru,resto_mt,Demais MT,FALSE,2000,12764,-1.87,-1.84,36.9,7.4,55.4,0.1,,,,0.5,Baixo,0.56,67.3,18.48,,,,,,,,,,10,,28.9,21.5,,,,,,,,,
5105002,Jauru,resto_mt,Demais MT,FALSE,2001,12719,-1.87,-1.84,36.9,7.4,55.4,0.1,,,,,,,,,,,,,,,,,,3.9,,28.5,25.6,,,,,,,,,
5105002,Jauru,resto_mt,Demais MT,FALSE,2002,12662,-1.87,-1.84,36.9,7.4,55.4,0.1,,,,,,,,,,,,,,,,,,15.4,9.8,32.3,21.5,,,,,,,,,
5105002,Jauru,resto_mt,Demais MT,FALSE,2003,12615,-1.87,-1.84,36.9,7.4,55.4,0.1,,,,,,,,,,,,,,,,,,15.4,11.3,42.1,35.4,,,,,,,,,
5105002,Jauru,resto_mt,Demais MT,FALSE,2004,12843,-1.87,-1.84,36.9,7.4,55.4,0.1,,,,,,,,,,,,,,,,,,15.3,15.4,36.7,38.3,,,,,,,,,
5105002,Jauru,resto_mt,Demais MT,FALSE,2005,12794,-1.87,-1.84,36.9,7.4,55.4,0.1,,,,,,,,,3.5,3.1,81,69.1,,,,,,20.9,17.2,37.7,52.9,,,,,,,,,
5105002,Jauru,resto_mt,Demais MT,FALSE,2006,12747,-1.87,-1.84,36.9,7.4,55.4,0.1,,,,,,,,,,,,,,,,,,14.9,17,44.6,47.5,,,,,,,,,
5105002,Jauru,resto_mt,Demais MT,FALSE,2007,10774,-1.87,-1.84,36.9,7.4,55.4,0.1,,,,,,,,,5,3.7,93.3,78.2,10,40,,15.8,1.6,20.3,18.5,46.6,53.1,,,,,,,,,
5105002,Jauru,resto_mt,Demais MT,FALSE,2008,10972,-1.87,-1.84,36.9,7.4,55.4,0.1,,,,,,,,,,,,,10,30,,15.1,0.3,11.8,15.4,55,49.7,,,,,,,,,
5105002,Jauru,resto_mt,Demais MT,FALSE,2009,10748,-1.87,-1.84,36.9,7.4,55.4,0.1,,,,,,,,,5.7,4.6,96.5,91.5,10,50,73.6,11.4,0.8,23.4,18.4,56.7,56.1,,,,,,,,,
5105002,Jauru,resto_mt,Demais MT,FALSE,2010,10455,-1.87,-1.84,36.9,7.4,55.4,0.1,,,,0.673,Médio,0.52,42.08,9.92,,,,,10,50,80.8,9.6,0,23.6,19.3,52.8,54.3,13,1,7,1,28,2.68,12.43,,
5105002,Jauru,resto_mt,Demais MT,FALSE,2011,10255,-1.87,-1.84,36.9,7.4,55.4,0.1,,,,,,,,,5.6,4.1,99.6,93.1,16,80,92.6,6.9,0,12.8,19.8,64.5,55.1,,,,,,,,,
5105002,Jauru,resto_mt,Demais MT,FALSE,2012,10062,-1.87,-1.84,36.9,7.4,55.4,0.1,,,,,,,,,,,,,15,88.9,85.9,3.8,0.2,0,11.7,63.4,53.1,,,,,,,,,
5105002,Jauru,resto_mt,Demais MT,FALSE,2013,9728,-1.87,-1.84,36.9,7.4,55.4,0.1,7.29,,205.99,,,,,,5.5,4.5,99.5,95,16,100,78.7,2.1,0,0,4.4,71.5,60.3,,,,,,,,,
5105002,Jauru,resto_mt,Demais MT,FALSE,2014,9482,-1.87,-1.84,36.9,7.4,55.4,0.1,6.96,,192.28,,,,,,,,,,16,100,76.8,1.5,0,0,0,70.3,73.1,,,,,,,,,
5105002,Jauru,resto_mt,Demais MT,FALSE,2015,9241,-1.87,-1.84,36.9,7.4,55.4,0.1,6.89,,174.12,,,,,,6.1,4.5,99.7,95.9,16,100,84.1,0.6,0,6.5,2.4,70.7,53.6,14,1,6,1,28,3.03,15.15,,
5105002,Jauru,resto_mt,Demais MT,FALSE,2016,9003,-1.87,-1.84,36.9,7.4,55.4,0.1,6.64,,162.78,,,,,,,,,,16,100,85.3,0.6,0.2,15.4,7.5,80,64.6,,,,,,,,,
5105002,Jauru,resto_mt,Demais MT,FALSE,2017,8776,-1.87,-1.84,36.9,7.4,55.4,0.1,6.16,,153.12,,,,,,6.2,4.6,99.1,97.6,16,88.9,81.5,0.7,0,15.5,12.1,79.1,50.4,,,,,,,,,
5105002,Jauru,resto_mt,Demais MT,FALSE,2018,9006,-1.87,-1.84,36.9,7.4,55.4,0.1,5.17,,124.34,,,,,,,,,,16,100,89.1,1.2,0,0,10.8,73.9,65.8,,,,,,,,,
5105002,Jauru,resto_mt,Demais MT,FALSE,2019,8793,-1.87,-1.84,36.9,7.4,55.4,0.1,4.82,2.74,550.59,,,,,,6.5,5.1,98.7,96.8,16,100,90.8,0.8,0,39.1,19,80.5,63.3,,,,,,,,,
5105002,Jauru,resto_mt,Demais MT,FALSE,2020,8582,-1.87,-1.84,36.9,7.4,55.4,0.1,4.81,2.76,548.5,,,,,,,,,,15,100,94.2,1.5,,16.5,19.4,79.3,72.7,16,1,7,1,28,3.26,18.64,2108,24.6
5105002,Jauru,resto_mt,Demais MT,FALSE,2021,8377,-1.87,-1.84,36.9,7.4,55.4,0.1,5.1,2.82,542.71,,,,,,6,4.8,99.7,98.2,11,100,,2.2,0.3,15.5,23.8,70.5,69,,,,,,,,,
5105002,Jauru,resto_mt,Demais MT,FALSE,2022,8367,-1.87,-1.84,36.9,7.4,55.4,0.1,5.16,2.78,632.15,,,,,,,,,,11,100,,1.9,0,0,11.1,73.4,71.6,,,,,,,,,
5105002,Jauru,resto_mt,Demais MT,FALSE,2023,8367,-1.87,-1.84,36.9,7.4,55.4,0.1,5.19,2.99,904.01,,,,,,6.7,5.2,100,98.7,11,100,,,,,,,,14,1,7,1,28,3.35,16.73,2261,27
5105002,Jauru,resto_mt,Demais MT,FALSE,2024,8076,-1.87,-1.84,36.9,7.4,55.4,0.1,5.56,3.27,1008.86,,,,,,,,,,11,100,,,,,,,,,,,,,,,,
5105002,Jauru,resto_mt,Demais MT,FALSE,2025,7881,-1.87,-1.84,36.9,7.4,55.4,0.1,,,,,,,,,,,,,,,,,,,,,,,,,,,,,,
5105101,Juara,resto_mt,Demais MT,FALSE,2000,30748,0.64,0.52,36.3,8,51.1,4.3,,,,0.572,Baixo,0.61,45.78,4.46,,,,,,,,,,5.6,,45.7,45.2,,,,,,,,,
5105101,Juara,resto_mt,Demais MT,FALSE,2001,31643,0.64,0.52,36.3,8,51.1,4.3,,,,,,,,,,,,,,,,,,25.4,,40.7,28.7,,,,,,,,,
5105101,Juara,resto_mt,Demais MT,FALSE,2002,32291,0.64,0.52,36.3,8,51.1,4.3,,,,,,,,,,,,,,,,,,19.2,17,39.7,27.9,,,,,,,,,
5105101,Juara,resto_mt,Demais MT,FALSE,2003,33007,0.64,0.52,36.3,8,51.1,4.3,,,,,,,,,,,,,,,,,,11.6,18.9,37.4,49.3,,,,,,,,,
5105101,Juara,resto_mt,Demais MT,FALSE,2004,34510,0.64,0.52,36.3,8,51.1,4.3,,,,,,,,,,,,,,,,,,12.5,14.7,50.8,25.9,,,,,,,,,
5105101,Juara,resto_mt,Demais MT,FALSE,2005,35342,0.64,0.52,36.3,8,51.1,4.3,,,,,,,,,3.8,3.3,80.8,69.3,,,,,,8.2,10.7,58.7,44.7,,,,,,,,,
5105101,Juara,resto_mt,Demais MT,FALSE,2006,36168,0.64,0.52,36.3,8,51.1,4.3,,,,,,,,,,,,,,,,,,19.8,13.2,54,35.1,,,,,,,,,
5105101,Juara,resto_mt,Demais MT,FALSE,2007,32023,0.64,0.52,36.3,8,51.1,4.3,,,,,,,,,4.6,4.1,90.8,86.2,37,32.4,,25.2,2.8,16.5,14.5,48.9,54,,,,,,,,,
5105101,Juara,resto_mt,Demais MT,FALSE,2008,33040,0.64,0.52,36.3,8,51.1,4.3,,,,,,,,,,,,,34,41.2,,23.8,1.7,13.1,16.3,52.9,74.7,,,,,,,,,
5105101,Juara,resto_mt,Demais MT,FALSE,2009,33246,0.64,0.52,36.3,8,51.1,4.3,,,,,,,,,5.3,4.6,93.4,89.1,36,47.2,58,20.7,1.5,22.2,17.2,54.2,59.5,,,,,,,,,
5105101,Juara,resto_mt,Demais MT,FALSE,2010,32791,0.64,0.52,36.3,8,51.1,4.3,,,,0.682,Médio,0.49,28.13,3.01,,,,,36,61.8,63.1,16.8,0.5,19.5,18.3,56,78.8,49,3,17,3,52,1.59,14.94,,
5105101,Juara,resto_mt,Demais MT,FALSE,2011,32948,0.64,0.52,36.3,8,51.1,4.3,,,,,,,,,5.6,4.8,97.1,94.8,43,66.7,68.2,13.8,0.7,18.2,20,58.1,52.6,,,,,,,,,
5105101,Juara,resto_mt,Demais MT,FALSE,2012,33100,0.64,0.52,36.3,8,51.1,4.3,,,,,,,,,,,,,43,70.3,74,10,0.5,11.3,16.5,63.4,64.9,,,,,,,,,
5105101,Juara,resto_mt,Demais MT,FALSE,2013,33353,0.64,0.52,36.3,8,51.1,4.3,4.21,,140.08,,,,,,5.5,4.7,99.8,99,43,67.6,75.5,1.8,0,17.6,15.7,65,66.8,,,,,,,,,
5105101,Juara,resto_mt,Demais MT,FALSE,2014,33483,0.64,0.52,36.3,8,51.1,4.3,4.22,,136.86,,,,,,,,,,43,73,78.1,1,0.1,15.1,14.7,64.5,71.4,,,,,,,,,
5105101,Juara,resto_mt,Demais MT,FALSE,2015,33610,0.64,0.52,36.3,8,51.1,4.3,4.27,,127.13,,,,,,5.9,4.8,99.9,98.1,44,92.1,77.5,1.2,0,14.4,15.7,61.2,68.3,57,3,18,3,69,2.05,16.96,,
5105101,Juara,resto_mt,Demais MT,FALSE,2016,33731,0.64,0.52,36.3,8,51.1,4.3,3.74,,107.74,,,,,,,,,,38,97.2,77.8,2,0.1,12.3,14.1,64.2,70.4,,,,,,,,,
5105101,Juara,resto_mt,Demais MT,FALSE,2017,33851,0.64,0.52,36.3,8,51.1,4.3,3.35,,92.01,,,,,,6.1,5.2,99.5,97.9,40,91.7,77.3,2.7,0.1,12,12.9,66.2,73.8,,,,,,,,,
5105101,Juara,resto_mt,Demais MT,FALSE,2018,34815,0.64,0.52,36.3,8,51.1,4.3,3.29,,85.48,,,,,,,,,,40,97.2,80,2.7,0.1,4.8,9.5,64.3,71.2,,,,,,,,,
5105101,Juara,resto_mt,Demais MT,FALSE,2019,34974,0.64,0.52,36.3,8,51.1,4.3,3.11,2.3,451.61,,,,,,6.2,5.1,99.1,95.9,41,100,81.4,1.9,0,12.7,9.8,59.9,73.2,,,,,,,,,
5105101,Juara,resto_mt,Demais MT,FALSE,2020,35121,0.64,0.52,36.3,8,51.1,4.3,3.27,2.24,446.11,,,,,,,,,,36,97.2,84.8,2.4,,14.7,10.6,61.7,78.1,72,4,28,3,44,1.25,20.5,8172,23.3
5105101,Juara,resto_mt,Demais MT,FALSE,2021,35275,0.64,0.52,36.3,8,51.1,4.3,3.54,2.24,437.95,,,,,,5.6,5.1,99.9,99.1,37,94.4,,2.7,0.1,10.7,12.6,64.6,83.2,,,,,,,,,
5105101,Juara,resto_mt,Demais MT,FALSE,2022,34906,0.64,0.52,36.3,8,51.1,4.3,4.66,2.39,566.98,,,,,,,,,,38,97.1,,3.9,0,12.6,12.6,65.5,78.9,,,,,,,,,
5105101,Juara,resto_mt,Demais MT,FALSE,2023,34906,0.64,0.52,36.3,8,51.1,4.3,5.19,2.66,872.75,,,,,,5.7,5.2,99.9,99.4,38,97.1,,,,,,,,91,5,28,3,44,1.26,26.07,11063,31.7
5105101,Juara,resto_mt,Demais MT,FALSE,2024,35899,0.64,0.52,36.3,8,51.1,4.3,5.23,2.82,927.65,,,,,,,,,,39,100,,,,,,,,,,,,,,,,
5105101,Juara,resto_mt,Demais MT,FALSE,2025,36089,0.64,0.52,36.3,8,51.1,4.3,,,,,,,,,,,,,,,,,,,,,,,,,,,,,,
5105150,Juína,resto_mt,Demais MT,FALSE,2000,38017,1.41,1.31,37,8.2,51.1,3.4,,,,0.56,Baixo,0.6,40.8,6.32,,,,,,,,,,14.1,,52.1,38.8,,,,,,,,,
5105150,Juína,resto_mt,Demais MT,FALSE,2001,38278,1.41,1.31,37,8.2,51.1,3.4,,,,,,,,,,,,,,,,,,20.3,,54.6,44.1,,,,,,,,,
5105150,Juína,resto_mt,Demais MT,FALSE,2002,38446,1.41,1.31,37,8.2,51.1,3.4,,,,,,,,,,,,,,,,,,11.4,15.3,49.6,40.9,,,,,,,,,
5105150,Juína,resto_mt,Demais MT,FALSE,2003,38646,1.41,1.31,37,8.2,51.1,3.4,,,,,,,,,,,,,,,,,,19.3,17,55.3,41.6,,,,,,,,,
5105150,Juína,resto_mt,Demais MT,FALSE,2004,39064,1.41,1.31,37,8.2,51.1,3.4,,,,,,,,,,,,,,,,,,16.6,15.7,53,35.7,,,,,,,,,
5105150,Juína,resto_mt,Demais MT,FALSE,2005,39296,1.41,1.31,37,8.2,51.1,3.4,,,,,,,,,3.9,3.4,87.9,77.4,,,,,,24.4,20.1,61.2,49.5,,,,,,,,,
5105150,Juína,resto_mt,Demais MT,FALSE,2006,39526,1.41,1.31,37,8.2,51.1,3.4,,,,,,,,,,,,,,,,,,25.2,22.1,64,55,,,,,,,,,
5105150,Juína,resto_mt,Demais MT,FALSE,2007,38422,1.41,1.31,37,8.2,51.1,3.4,,,,,,,,,4.3,3.6,96.1,86.3,37,40.5,,13.1,1.4,22.8,24.2,56.2,57.3,,,,,,,,,
5105150,Juína,resto_mt,Demais MT,FALSE,2008,39582,1.41,1.31,37,8.2,51.1,3.4,,,,,,,,,,,,,38,42.1,,10.6,0.7,5.3,17.4,58.5,58,,,,,,,,,
5105150,Juína,resto_mt,Demais MT,FALSE,2009,39708,1.41,1.31,37,8.2,51.1,3.4,,,,,,,,,4.8,4.3,97.9,94,35,51.4,58.3,9.3,0.5,12.9,13.3,56,79.9,,,,,,,,,
5105150,Juína,resto_mt,Demais MT,FALSE,2010,39255,1.41,1.31,37,8.2,51.1,3.4,,,,0.716,Alto,0.58,29.94,4.3,,,,,35,62.9,57.7,8.2,0.2,16.7,11.4,62.9,69.1,33,4,17,4,92,2.34,8.41,,
5105150,Juína,resto_mt,Demais MT,FALSE,2011,39351,1.41,1.31,37,8.2,51.1,3.4,,,,,,,,,5.2,4.5,99.7,97.7,46,80,68.2,6.3,0.1,13.2,14.3,60.4,64.6,,,,,,,,,
5105150,Juína,resto_mt,Demais MT,FALSE,2012,39442,1.41,1.31,37,8.2,51.1,3.4,,,,,,,,,,,,,42,82.9,69.9,4.9,0.1,15.9,15.4,67.6,65.1,,,,,,,,,
5105150,Juína,resto_mt,Demais MT,FALSE,2013,39592,1.41,1.31,37,8.2,51.1,3.4,6.05,,172.76,,,,,,5.1,4.3,99.7,97.9,42,86.5,70.1,3.5,0.1,14.4,14.6,72.8,65.9,,,,,,,,,
5105150,Juína,resto_mt,Demais MT,FALSE,2014,39640,1.41,1.31,37,8.2,51.1,3.4,5.78,,177.47,,,,,,,,,,39,83.8,70.2,2.8,0,10.2,13.4,83.4,71.8,,,,,,,,,
5105150,Juína,resto_mt,Demais MT,FALSE,2015,39688,1.41,1.31,37,8.2,51.1,3.4,4.95,,145.29,,,,,,5.5,4.8,99.3,97.5,39,91.9,72.9,2.5,0,12.7,12.4,78.9,67.8,64,7,20,5,111,2.8,16.13,,
5105150,Juína,resto_mt,Demais MT,FALSE,2016,39734,1.41,1.31,37,8.2,51.1,3.4,3.96,,114.26,,,,,,,,,,37,94.3,80.6,2.4,0.2,7.9,10.4,83.7,63,,,,,,,,,
5105150,Juína,resto_mt,Demais MT,FALSE,2017,39779,1.41,1.31,37,8.2,51.1,3.4,3.65,,97.91,,,,,,5.8,4.7,99.2,95.4,37,94.3,78.3,4.7,0.2,8.1,9.6,83.8,67.6,,,,,,,,,
5105150,Juína,resto_mt,Demais MT,FALSE,2018,40905,1.41,1.31,37,8.2,51.1,3.4,3.43,,91.72,,,,,,,,,,37,91.4,81.7,4.1,0,11.9,9.4,86.6,73.8,,,,,,,,,
5105150,Juína,resto_mt,Demais MT,FALSE,2019,40997,1.41,1.31,37,8.2,51.1,3.4,2.87,2.85,532.18,,,,,,5.4,4.6,95.6,90.5,37,88.9,87.1,3.9,0.3,19.2,13,83.5,72,,,,,,,,,
5105150,Juína,resto_mt,Demais MT,FALSE,2020,41101,1.41,1.31,37,8.2,51.1,3.4,3.2,2.95,545.63,,,,,,,,,,39,94.4,87,5.5,,13.6,14.9,87.9,78.6,68,7,27,4,124,3.02,16.54,7696,18.7
5105150,Juína,resto_mt,Demais MT,FALSE,2021,41190,1.41,1.31,37,8.2,51.1,3.4,3.6,3,544.91,,,,,,5.4,4.7,99,93,39,97.1,,4.5,0,10.7,14.7,89.9,83.3,,,,,,,,,
5105150,Juína,resto_mt,Demais MT,FALSE,2022,45869,1.41,1.31,37,8.2,51.1,3.4,4,2.79,598.45,,,,,,,,,,39,100,,5.1,0.1,19.7,14.8,90.6,85.5,,,,,,,,,
5105150,Juína,resto_mt,Demais MT,FALSE,2023,45869,1.41,1.31,37,8.2,51.1,3.4,4.81,3.02,894.23,,,,,,5.9,4.7,99.4,99.8,37,100,,,,,,,,102,6,36,3,86,1.87,22.24,8852,19.3
5105150,Juína,resto_mt,Demais MT,FALSE,2024,47800,1.41,1.31,37,8.2,51.1,3.4,4.91,3.13,937.62,,,,,,,,,,40,97,,,,,,,,,,,,,,,,
5105150,Juína,resto_mt,Demais MT,FALSE,2025,48396,1.41,1.31,37,8.2,51.1,3.4,,,,,,,,,,,,,,,,,,,,,,,,,,,,,,
5105176,Juruena,resto_mt,Demais MT,FALSE,2000,5448,-0.72,-0.77,37.6,8.1,53.8,0.4,,,,0.54,Baixo,0.49,43.17,5.95,,,,,,,,,,56.9,,25.2,38.2,,,,,,,,,
5105176,Juruena,resto_mt,Demais MT,FALSE,2001,5704,-0.72,-0.77,37.6,8.1,53.8,0.4,,,,,,,,,,,,,,,,,,34.8,,29.6,38.7,,,,,,,,,
5105176,Juruena,resto_mt,Demais MT,FALSE,2002,5856,-0.72,-0.77,37.6,8.1,53.8,0.4,,,,,,,,,,,,,,,,,,6.4,30.5,31.4,36.5,,,,,,,,,
5105176,Juruena,resto_mt,Demais MT,FALSE,2003,6045,-0.72,-0.77,37.6,8.1,53.8,0.4,,,,,,,,,,,,,,,,,,18.1,18.3,25.3,59.6,,,,,,,,,
5105176,Juruena,resto_mt,Demais MT,FALSE,2004,6012,-0.72,-0.77,37.6,8.1,53.8,0.4,,,,,,,,,,,,,,,,,,10.9,11.9,31.1,66.1,,,,,,,,,
5105176,Juruena,resto_mt,Demais MT,FALSE,2005,6217,-0.72,-0.77,37.6,8.1,53.8,0.4,,,,,,,,,3.8,3.4,80.9,72.4,,,,,,35.5,22,33,75.6,,,,,,,,,
5105176,Juruena,resto_mt,Demais MT,FALSE,2006,6420,-0.72,-0.77,37.6,8.1,53.8,0.4,,,,,,,,,,,,,,,,,,17.5,21.8,32.7,59.1,,,,,,,,,
5105176,Juruena,resto_mt,Demais MT,FALSE,2007,8731,-0.72,-0.77,37.6,8.1,53.8,0.4,,,,,,,,,4.6,4.4,87.9,87.1,17,23.5,,25,1.9,5.5,20,25.4,59.7,,,,,,,,,
5105176,Juruena,resto_mt,Demais MT,FALSE,2008,9182,-0.72,-0.77,37.6,8.1,53.8,0.4,,,,,,,,,,,,,16,25,,23.4,1.8,13.6,12,23.8,63.9,,,,,,,,,
5105176,Juruena,resto_mt,Demais MT,FALSE,2009,9595,-0.72,-0.77,37.6,8.1,53.8,0.4,,,,,,,,,4.7,4.5,88.4,82.3,17,29.4,36,20.6,0.4,10.8,9.7,43.2,71.9,,,,,,,,,
5105176,Juruena,resto_mt,Demais MT,FALSE,2010,11201,-0.72,-0.77,37.6,8.1,53.8,0.4,,,,0.662,Médio,0.44,36.48,5.57,,,,,14,35.7,40.9,18.7,0.6,13.8,12.6,50.3,84.1,11,1,4,1,9,0.8,9.82,,
5105176,Juruena,resto_mt,Demais MT,FALSE,2011,11671,-0.72,-0.77,37.6,8.1,53.8,0.4,,,,,,,,,5.1,4.9,91.7,94.6,19,42.9,75.6,16.9,0.1,0,7.9,49.4,79.3,,,,,,,,,
5105176,Juruena,resto_mt,Demais MT,FALSE,2012,12125,-0.72,-0.77,37.6,8.1,53.8,0.4,,,,,,,,,,,,,19,46.2,78.8,15.9,0.5,6.1,6.2,49.4,73.8,,,,,,,,,
5105176,Juruena,resto_mt,Demais MT,FALSE,2013,12900,-0.72,-0.77,37.6,8.1,53.8,0.4,6.94,,225.64,,,,,,6,4.5,93.9,92.7,19,42.9,71.1,13,0.1,0,2,49.4,75,,,,,,,,,
5105176,Juruena,resto_mt,Demais MT,FALSE,2014,13424,-0.72,-0.77,37.6,8.1,53.8,0.4,7.35,,224.5,,,,,,,,,,15,61.5,69.6,9.8,0.2,5.4,4,48.4,91.4,,,,,,,,,
5105176,Juruena,resto_mt,Demais MT,FALSE,2015,13933,-0.72,-0.77,37.6,8.1,53.8,0.4,6.24,,167.42,,,,,,5.8,4.4,91.8,91.2,15,61.5,64.8,10,0,0,2.1,46.8,86.5,17,1,5,1,9,0.65,12.2,,
5105176,Juruena,resto_mt,Demais MT,FALSE,2016,14430,-0.72,-0.77,37.6,8.1,53.8,0.4,4.42,,108.28,,,,,,,,,,16,76.9,79.6,11.3,0,13.7,6.3,54.8,73.3,,,,,,,,,
5105176,Juruena,resto_mt,Demais MT,FALSE,2017,14913,-0.72,-0.77,37.6,8.1,53.8,0.4,2.66,,60.34,,,,,,6,4.7,95.9,95,16,100,82.4,9.1,0.8,0,4.8,51.9,80.6,,,,,,,,,
5105176,Juruena,resto_mt,Demais MT,FALSE,2018,15370,-0.72,-0.77,37.6,8.1,53.8,0.4,2.23,,46.89,,,,,,,,,,16,90.9,86.9,8.1,0,29.9,14.7,58.2,79.9,,,,,,,,,
5105176,Juruena,resto_mt,Demais MT,FALSE,2019,15865,-0.72,-0.77,37.6,8.1,53.8,0.4,2,1.62,301.63,,,,,,5.4,,93.4,88.2,15,90,88.9,7,0,6.6,12.1,62.9,83.4,,,,,,,,,
5105176,Juruena,resto_mt,Demais MT,FALSE,2020,16335,-0.72,-0.77,37.6,8.1,53.8,0.4,2.03,1.54,289.04,,,,,,,,,,16,100,86.9,6.3,,12.6,15.8,64.2,73.6,22,1,5,1,9,0.55,13.47,899,5.5
5105176,Juruena,resto_mt,Demais MT,FALSE,2021,16811,-0.72,-0.77,37.6,8.1,53.8,0.4,2.1,1.57,283.29,,,,,,5.9,,99,99.4,16,100,,6.4,0,17.6,12.5,55.9,75.9,,,,,,,,,
5105176,Juruena,resto_mt,Demais MT,FALSE,2022,10213,-0.72,-0.77,37.6,8.1,53.8,0.4,5.34,2.68,628.33,,,,,,,,,,16,100,,6.3,0.1,0,9.7,68.5,76.6,,,,,,,,,
5105176,Juruena,resto_mt,Demais MT,FALSE,2023,10213,-0.72,-0.77,37.6,8.1,53.8,0.4,7.32,2.84,1082.51,,,,,,5.8,4.5,95.2,97.7,16,100,,,,,,,,25,1,4,1,10,0.98,24.48,1029,10.1
5105176,Juruena,resto_mt,Demais MT,FALSE,2024,10149,-0.72,-0.77,37.6,8.1,53.8,0.4,8.55,3.1,1250.26,,,,,,,,,,16,100,,,,,,,,,,,,,,,,
5105176,Juruena,resto_mt,Demais MT,FALSE,2025,10057,-0.72,-0.77,37.6,8.1,53.8,0.4,,,,,,,,,,,,,,,,,,,,,,,,,,,,,,
5105200,Juscimeira,pantanal_norte,Pantanal-13,TRUE,2000,12063,0.11,0.04,27.2,10.2,62.1,0.1,,,,0.568,Baixo,0.6,60.62,12.67,,,,,,,,,,14.7,,54.4,52.2,,,,,,,,,
5105200,Juscimeira,pantanal_norte,Pantanal-13,TRUE,2001,12197,0.11,0.04,27.2,10.2,62.1,0.1,,,,,,,,,,,,,,,,,,18.9,,50.3,75.5,,,,,,,,,
5105200,Juscimeira,pantanal_norte,Pantanal-13,TRUE,2002,12298,0.11,0.04,27.2,10.2,62.1,0.1,,,,,,,,,,,,,,,,,,49.7,28.5,47.8,49.7,,,,,,,,,
5105200,Juscimeira,pantanal_norte,Pantanal-13,TRUE,2003,12406,0.11,0.04,27.2,10.2,62.1,0.1,,,,,,,,,,,,,,,,,,13.3,27.7,49.3,44,,,,,,,,,
5105200,Juscimeira,pantanal_norte,Pantanal-13,TRUE,2004,12635,0.11,0.04,27.2,10.2,62.1,0.1,,,,,,,,,,,,,,,,,,12.7,25.6,55.4,38.9,,,,,,,,,
5105200,Juscimeira,pantanal_norte,Pantanal-13,TRUE,2005,12762,0.11,0.04,27.2,10.2,62.1,0.1,,,,,,,,,3.5,3.6,83.1,81.2,,,,,,25.8,17.3,46.5,9.7,,,,,,,,,
5105200,Juscimeira,pantanal_norte,Pantanal-13,TRUE,2006,12887,0.11,0.04,27.2,10.2,62.1,0.1,,,,,,,,,,,,,,,,,,36,24.4,43.9,15.8,,,,,,,,,
5105200,Juscimeira,pantanal_norte,Pantanal-13,TRUE,2007,11830,0.11,0.04,27.2,10.2,62.1,0.1,,,,,,,,,4,3.7,88.6,83,19,10.5,,22.2,3.6,12.9,24.5,52.9,39.4,,,,,,,,,
5105200,Juscimeira,pantanal_norte,Pantanal-13,TRUE,2008,12168,0.11,0.04,27.2,10.2,62.1,0.1,,,,,,,,,,,,,17,23.5,,19.6,1.5,26.3,24.7,61.2,45.4,,,,,,,,,
5105200,Juscimeira,pantanal_norte,Pantanal-13,TRUE,2009,12168,0.11,0.04,27.2,10.2,62.1,0.1,,,,,,,,,4.9,4.1,97.2,95.5,16,43.8,64.6,9.7,1.3,33.1,23.4,60.3,57,,,,,,,,,
5105200,Juscimeira,pantanal_norte,Pantanal-13,TRUE,2010,11430,0.11,0.04,27.2,10.2,62.1,0.1,,,,0.714,Alto,0.43,28.28,3.33,,,,,16,60,69.3,7.7,0.7,13.6,23.8,66.4,55.8,12,1,9,1,11,0.96,10.5,,
5105200,Juscimeira,pantanal_norte,Pantanal-13,TRUE,2011,11382,0.11,0.04,27.2,10.2,62.1,0.1,,,,,,,,,4.7,4.6,98.1,96.8,19,66.7,73.2,5.2,0.4,6.2,16.3,60.9,49.1,,,,,,,,,
5105200,Juscimeira,pantanal_norte,Pantanal-13,TRUE,2012,11335,0.11,0.04,27.2,10.2,62.1,0.1,,,,,,,,,,,,,20,66.7,71.9,6.1,0.6,18.2,12.7,58.8,52.7,,,,,,,,,
5105200,Juscimeira,pantanal_norte,Pantanal-13,TRUE,2013,11252,0.11,0.04,27.2,10.2,62.1,0.1,8.1,,238.64,,,,,,5,4.2,97.8,94.7,16,66.7,68.4,11.2,1.5,7.1,10.7,70.9,49.6,,,,,,,,,
5105200,Juscimeira,pantanal_norte,Pantanal-13,TRUE,2014,11179,0.11,0.04,27.2,10.2,62.1,0.1,7.78,,235.12,,,,,,,,,,16,66.7,74.1,3.6,0.3,24.8,17.1,69.6,58.4,,,,,,,,,
5105200,Juscimeira,pantanal_norte,Pantanal-13,TRUE,2015,11107,0.11,0.04,27.2,10.2,62.1,0.1,7.25,,209.73,,,,,,6,4.7,100,96.8,16,66.7,84.7,3.8,0,0,11.2,68.5,65.7,15,1,10,1,10,0.9,13.5,,
5105200,Juscimeira,pantanal_norte,Pantanal-13,TRUE,2016,11039,0.11,0.04,27.2,10.2,62.1,0.1,7.1,,208.91,,,,,,,,,,16,60,93.2,1.9,0.3,0,9,62.3,60.1,,,,,,,,,
5105200,Juscimeira,pantanal_norte,Pantanal-13,TRUE,2017,10971,0.11,0.04,27.2,10.2,62.1,0.1,6.71,,200.7,,,,,,5.8,4.6,99.4,96.1,16,53.3,92.4,2.6,0,7.7,2.4,73.1,62.3,,,,,,,,,
5105200,Juscimeira,pantanal_norte,Pantanal-13,TRUE,2018,11275,0.11,0.04,27.2,10.2,62.1,0.1,5.95,,164.03,,,,,,,,,,16,80,96.3,1.8,0.1,7.4,5,55.9,61,,,,,,,,,
5105200,Juscimeira,pantanal_norte,Pantanal-13,TRUE,2019,11221,0.11,0.04,27.2,10.2,62.1,0.1,5.36,2.06,471.39,,,,,,5.8,4.5,99.2,93.8,15,80,97.5,1.8,0,7.5,7.5,57.9,70.7,,,,,,,,,
5105200,Juscimeira,pantanal_norte,Pantanal-13,TRUE,2020,11176,0.11,0.04,27.2,10.2,62.1,0.1,5.1,2.04,448.42,,,,,,,,,,16,93.3,96.5,1.6,,0,4.9,63.4,64.8,18,2,11,2,21,1.88,16.11,4199,37.6
5105200,Juscimeira,pantanal_norte,Pantanal-13,TRUE,2021,11124,0.11,0.04,27.2,10.2,62.1,0.1,5.39,1.96,430.06,,,,,,6,4.8,100,98.4,16,93.3,,2.3,0,9.6,5.3,63.1,63.5,,,,,,,,,
5105200,Juscimeira,pantanal_norte,Pantanal-13,TRUE,2022,11480,0.11,0.04,27.2,10.2,62.1,0.1,5.98,1.93,531.92,,,,,,,,,,16,100,,1.7,0.2,26.3,11.1,63.2,64,,,,,,,,,
5105200,Juscimeira,pantanal_norte,Pantanal-13,TRUE,2023,11480,0.11,0.04,27.2,10.2,62.1,0.1,6.26,2.14,847.32,,,,,,5.5,4.5,99.6,98.9,15,100,,,,,,,,17,1,11,1,10,0.87,14.81,4712,41
5105200,Juscimeira,pantanal_norte,Pantanal-13,TRUE,2024,11620,0.11,0.04,27.2,10.2,62.1,0.1,6.2,2.31,894.12,,,,,,,,,,15,100,,,,,,,,,,,,,,,,
5105200,Juscimeira,pantanal_norte,Pantanal-13,TRUE,2025,11622,0.11,0.04,27.2,10.2,62.1,0.1,,,,,,,,,,,,,,,,,,,,,,,,,,,,,,
5105234,Lambari D'Oeste,pantanal_norte,Pantanal-13,TRUE,2000,4690,-1.01,-1.04,25.3,7.7,66.9,,,,,0.472,Muito Baixo,0.51,65.33,11.49,,,,,,,,,,17.5,,30.7,42.1,,,,,,,,,
5105234,Lambari D'Oeste,pantanal_norte,Pantanal-13,TRUE,2001,4456,-1.01,-1.04,25.3,7.7,66.9,,,,,,,,,,,,,,,,,,,0,,33,37.2,,,,,,,,,
5105234,Lambari D'Oeste,pantanal_norte,Pantanal-13,TRUE,2002,4332,-1.01,-1.04,25.3,7.7,66.9,,,,,,,,,,,,,,,,,,,29.9,14.5,23.9,49.3,,,,,,,,,
5105234,Lambari D'Oeste,pantanal_norte,Pantanal-13,TRUE,2003,4184,-1.01,-1.04,25.3,7.7,66.9,,,,,,,,,,,,,,,,,,,0,8.9,26.6,43.8,,,,,,,,,
5105234,Lambari D'Oeste,pantanal_norte,Pantanal-13,TRUE,2004,3876,-1.01,-1.04,25.3,7.7,66.9,,,,,,,,,,,,,,,,,,,23,18.3,26.4,55.2,,,,,,,,,
5105234,Lambari D'Oeste,pantanal_norte,Pantanal-13,TRUE,2005,3704,-1.01,-1.04,25.3,7.7,66.9,,,,,,,,,,2.7,2.9,79.1,70.8,,,,,,16.8,14.8,21,87.4,,,,,,,,,
5105234,Lambari D'Oeste,pantanal_norte,Pantanal-13,TRUE,2006,3535,-1.01,-1.04,25.3,7.7,66.9,,,,,,,,,,,,,,,,,,,27,21.4,28.4,73,,,,,,,,,
5105234,Lambari D'Oeste,pantanal_norte,Pantanal-13,TRUE,2007,4870,-1.01,-1.04,25.3,7.7,66.9,,,,,,,,,,3.3,3.2,85.8,84.1,8,12.5,,25.4,3.9,44.4,28.3,23.3,68.9,,,,,,,,,
5105234,Lambari D'Oeste,pantanal_norte,Pantanal-13,TRUE,2008,5026,-1.01,-1.04,25.3,7.7,66.9,,,,,,,,,,,,,,6,16.7,,20.9,2.9,51.3,41.3,28.2,79.5,,,,,,,,,
5105234,Lambari D'Oeste,pantanal_norte,Pantanal-13,TRUE,2009,5060,-1.01,-1.04,25.3,7.7,66.9,,,,,,,,,,4,4.1,92.6,97.6,6,33.3,62.7,19.5,3.1,11.5,35.3,35.6,85.1,,,,,,,,,
5105234,Lambari D'Oeste,pantanal_norte,Pantanal-13,TRUE,2010,5431,-1.01,-1.04,25.3,7.7,66.9,,,,,0.627,Médio,0.48,35.53,3.44,,,,,5,40,73.7,15.9,1.1,14.1,25.4,45.1,74.6,3,0,2,0,0,0,5.52,,
5105234,Lambari D'Oeste,pantanal_norte,Pantanal-13,TRUE,2011,5492,-1.01,-1.04,25.3,7.7,66.9,,,,,,,,,,4,3.3,94.1,97.6,9,33.3,80.4,13.6,1.3,0,9,45.3,76.9,,,,,,,,,
5105234,Lambari D'Oeste,pantanal_norte,Pantanal-13,TRUE,2012,5550,-1.01,-1.04,25.3,7.7,66.9,,,,,,,,,,,,,,9,50,75.8,11.5,0.5,39.5,18.9,50,82.9,,,,,,,,,
5105234,Lambari D'Oeste,pantanal_norte,Pantanal-13,TRUE,2013,5647,-1.01,-1.04,25.3,7.7,66.9,,7.92,,243.18,,,,,,4.1,3.9,97.7,93.3,9,66.7,89.1,11.9,0.2,0,13.6,62.5,77.5,,,,,,,,,
5105234,Lambari D'Oeste,pantanal_norte,Pantanal-13,TRUE,2014,5708,-1.01,-1.04,25.3,7.7,66.9,,8.11,,284.2,,,,,,,,,,7,50,75.4,11.3,0.2,18.5,19,46.3,83.3,,,,,,,,,
5105234,Lambari D'Oeste,pantanal_norte,Pantanal-13,TRUE,2015,5767,-1.01,-1.04,25.3,7.7,66.9,,7.94,,275.43,,,,,,4.7,4.1,96.5,94.3,7,80,83.3,10.9,1,34.5,15.6,69,67.2,6,0,4,0,0,0,10.4,,
5105234,Lambari D'Oeste,pantanal_norte,Pantanal-13,TRUE,2016,5831,-1.01,-1.04,25.3,7.7,66.9,,8.33,,284.94,,,,,,,,,,7,80,82.5,13,0.2,13.2,21.3,61.8,63.2,,,,,,,,,
5105234,Lambari D'Oeste,pantanal_norte,Pantanal-13,TRUE,2017,5887,-1.01,-1.04,25.3,7.7,66.9,,8.41,,280.89,,,,,,4.7,4.3,92.4,92.4,7,100,79.4,9.2,0,13.3,19.1,70.7,69.3,,,,,,,,,
5105234,Lambari D'Oeste,pantanal_norte,Pantanal-13,TRUE,2018,6059,-1.01,-1.04,25.3,7.7,66.9,,8.15,,246.05,,,,,,,,,,7,100,95.8,10.5,0,0,8.1,80.2,82.3,,,,,,,,,
5105234,Lambari D'Oeste,pantanal_norte,Pantanal-13,TRUE,2019,6121,-1.01,-1.04,25.3,7.7,66.9,,7.84,1.55,470.75,,,,,,5.4,4.4,97.9,94.1,5,100,86.1,11.5,0,13.3,8.1,84,80,,,,,,,,,
5105234,Lambari D'Oeste,pantanal_norte,Pantanal-13,TRUE,2020,6186,-1.01,-1.04,25.3,7.7,66.9,,7.47,1.6,454.41,,,,,,,,,,5,100,95.5,10.5,,0,4.1,70.3,82.4,6,0,3,0,0,0,9.7,1172,18.9
5105234,Lambari D'Oeste,pantanal_norte,Pantanal-13,TRUE,2021,6246,-1.01,-1.04,25.3,7.7,66.9,,7.43,1.65,462.34,,,,,,5.1,4.7,98.2,98.6,7,100,,9.2,0,0,4.3,70.4,77.8,,,,,,,,,
5105234,Lambari D'Oeste,pantanal_norte,Pantanal-13,TRUE,2022,4790,-1.01,-1.04,25.3,7.7,66.9,,13.67,2.38,930.6,,,,,,,,,,7,100,,6.3,0,31.7,9.2,65.1,77.8,,,,,,,,,
5105234,Lambari D'Oeste,pantanal_norte,Pantanal-13,TRUE,2023,4790,-1.01,-1.04,25.3,7.7,66.9,,13.07,2.55,1430.93,,,,,,5.4,4.5,97.2,96.7,7,100,,,,,,,,8,1,5,0,0,0,16.7,894,18.7
5105234,Lambari D'Oeste,pantanal_norte,Pantanal-13,TRUE,2024,4724,-1.01,-1.04,25.3,7.7,66.9,,12.32,3.05,1502.62,,,,,,,,,,7,100,,,,,,,,,,,,,,,,
5105234,Lambari D'Oeste,pantanal_norte,Pantanal-13,TRUE,2025,4662,-1.01,-1.04,25.3,7.7,66.9,,,,,,,,,,,,,,,,,,,,,,,,,,,,,,,
5105259,Lucas do Rio Verde,resto_mt,Demais MT,FALSE,2000,19316,5.08,5.21,39.9,8.5,51.4,0.1,,,,0.658,Médio,0.53,26.01,0.57,,,,,,,,,,15.2,,36.9,60.6,,,,,,,,,
5105259,Lucas do Rio Verde,resto_mt,Demais MT,FALSE,2001,20873,5.08,5.21,39.9,8.5,51.4,0.1,,,,,,,,,,,,,,,,,,24.6,,41.8,79.9,,,,,,,,,
5105259,Lucas do Rio Verde,resto_mt,Demais MT,FALSE,2002,21972,5.08,5.21,39.9,8.5,51.4,0.1,,,,,,,,,,,,,,,,,,16.5,18.7,39.9,76.4,,,,,,,,,
5105259,Lucas do Rio Verde,resto_mt,Demais MT,FALSE,2003,23205,5.08,5.21,39.9,8.5,51.4,0.1,,,,,,,,,,,,,,,,,,7.9,15.7,51.5,86.2,,,,,,,,,
5105259,Lucas do Rio Verde,resto_mt,Demais MT,FALSE,2004,25792,5.08,5.21,39.9,8.5,51.4,0.1,,,,,,,,,,,,,,,,,,18.1,14.2,52.6,84.4,,,,,,,,,
5105259,Lucas do Rio Verde,resto_mt,Demais MT,FALSE,2005,27224,5.08,5.21,39.9,8.5,51.4,0.1,,,,,,,,,4.4,4,90.2,82.3,,,,,,6.6,10.8,59.2,87.4,,,,,,,,,
5105259,Lucas do Rio Verde,resto_mt,Demais MT,FALSE,2006,28646,5.08,5.21,39.9,8.5,51.4,0.1,,,,,,,,,,,,,,,,,,9.1,11.1,50.7,94.3,,,,,,,,,
5105259,Lucas do Rio Verde,resto_mt,Demais MT,FALSE,2007,30741,5.08,5.21,39.9,8.5,51.4,0.1,,,,,,,,,4.9,4.4,94.8,91.9,18,77.8,,9.3,0.1,10.2,8.6,55.4,97.4,,,,,,,,,
5105259,Lucas do Rio Verde,resto_mt,Demais MT,FALSE,2008,32255,5.08,5.21,39.9,8.5,51.4,0.1,,,,,,,,,,,,,18,77.8,,9.6,0.7,9.9,9.8,55.7,92.6,,,,,,,,,
5105259,Lucas do Rio Verde,resto_mt,Demais MT,FALSE,2009,33556,5.08,5.21,39.9,8.5,51.4,0.1,,,,,,,,,5.8,4.5,95.7,89.5,24,79.2,81.7,7.8,0.2,10,10,57,93.2,,,,,,,,,
5105259,Lucas do Rio Verde,resto_mt,Demais MT,FALSE,2010,45556,5.08,5.21,39.9,8.5,51.4,0.1,,,,0.768,Alto,0.46,11.36,1.45,,,,,23,91.3,77.8,8,0.3,7.6,9.1,58.6,93.9,65,1,23,1,24,0.53,14.27,,
5105259,Lucas do Rio Verde,resto_mt,Demais MT,FALSE,2011,47571,5.08,5.21,39.9,8.5,51.4,0.1,,,,,,,,,6.1,5,96.8,94.2,26,92,80.5,6.7,0.1,10.4,9.3,57.3,86.7,,,,,,,,,
5105259,Lucas do Rio Verde,resto_mt,Demais MT,FALSE,2012,49519,5.08,5.21,39.9,8.5,51.4,0.1,,,,,,,,,,,,,28,100,81.2,7.3,0,19.2,12.5,64,88.8,,,,,,,,,
5105259,Lucas do Rio Verde,resto_mt,Demais MT,FALSE,2013,52843,5.08,5.21,39.9,8.5,51.4,0.1,3.18,,99.26,,,,,,6.3,5.1,98,95.7,28,100,82.2,6.8,0.1,14.1,14.6,66.5,89,,,,,,,,,
5105259,Lucas do Rio Verde,resto_mt,Demais MT,FALSE,2014,55094,5.08,5.21,39.9,8.5,51.4,0.1,3.23,,107.99,,,,,,,,,,29,100,78.1,5,0,14.7,15.8,69,86.5,,,,,,,,,
5105259,Lucas do Rio Verde,resto_mt,Demais MT,FALSE,2015,57285,5.08,5.21,39.9,8.5,51.4,0.1,2.97,,94.86,,,,,,6.4,5.2,98.2,95.9,29,96.4,81.3,4.1,0,6.1,11.4,67.3,86.6,99,1,25,1,53,0.93,17.28,,
5105259,Lucas do Rio Verde,resto_mt,Demais MT,FALSE,2016,59436,5.08,5.21,39.9,8.5,51.4,0.1,2.87,,88.63,,,,,,,,,,31,100,78.4,3.3000000000000003,0,11.4,10.6,68.8,78.5,,,,,,,,,
5105259,Lucas do Rio Verde,resto_mt,Demais MT,FALSE,2017,61515,5.08,5.21,39.9,8.5,51.4,0.1,2.67,,80.36,,,,,,6.5,5.4,98.5,95.7,31,96.7,78.2,3,0,10.6,9.4,70.1,84.5,,,,,,,,,
5105259,Lucas do Rio Verde,resto_mt,Demais MT,FALSE,2018,63411,5.08,5.21,39.9,8.5,51.4,0.1,3.02,,91,,,,,,,,,,33,100,80.8,3.4,0,11,11,55.1,82.7,,,,,,,,,
5105259,Lucas do Rio Verde,resto_mt,Demais MT,FALSE,2019,65534,5.08,5.21,39.9,8.5,51.4,0.1,3.2,1.2,289.86,,,,,,6.5,5.5,99.1,96.8,34,100,79.3,2.9,0,12,11.2,57.5,78.5,,,,,,,,,
5105259,Lucas do Rio Verde,resto_mt,Demais MT,FALSE,2020,67620,5.08,5.21,39.9,8.5,51.4,0.1,2.85,1.19,278.31,,,,,,,,,,36,100,80,2.8,,14.2,12.4,56.9,80.8,195,2,32,2,99,1.46,28.84,83728,100
5105259,Lucas do Rio Verde,resto_mt,Demais MT,FALSE,2021,69671,5.08,5.21,39.9,8.5,51.4,0.1,2.73,1.19,267.45,,,,,,6,5.3,99.9,99.5,36,100,,2.8,0,14.8,13.7,60.2,83.4,,,,,,,,,
5105259,Lucas do Rio Verde,resto_mt,Demais MT,FALSE,2022,83798,5.08,5.21,39.9,8.5,51.4,0.1,3.46,1.05,309,,,,,,,,,,39,100,,2.6,0,15.5,14.9,69.1,83.6,,,,,,,,,
5105259,Lucas do Rio Verde,resto_mt,Demais MT,FALSE,2023,83798,5.08,5.21,39.9,8.5,51.4,0.1,3.27,1.13,446.78,,,,,,6.7,5.1,99.8,98.9,38,100,,,,,,,,238,3,44,3,123,1.47,28.4,88327,100
5105259,Lucas do Rio Verde,resto_mt,Demais MT,FALSE,2024,92256,5.08,5.21,39.9,8.5,51.4,0.1,3.53,1.11,475.46,,,,,,,,,,40,100,,,,,,,,,,,,,,,,
5105259,Lucas do Rio Verde,resto_mt,Demais MT,FALSE,2025,95792,5.08,5.21,39.9,8.5,51.4,0.1,,,,,,,,,,,,,,,,,,,,,,,,,,,,,,
5105309,Luciara,resto_mt,Demais MT,FALSE,2000,2494,1.09,1.01,12,13.7,48.9,25.5,,,,0.534,Baixo,0.56,71.64,26.67,,,,,,,,,,0,,7,39.5,,,,,,,,,
5105309,Luciara,resto_mt,Demais MT,FALSE,2001,2420,1.09,1.01,12,13.7,48.9,25.5,,,,,,,,,,,,,,,,,,58.8,,23.5,26,,,,,,,,,
5105309,Luciara,resto_mt,Demais MT,FALSE,2002,2368,1.09,1.01,12,13.7,48.9,25.5,,,,,,,,,,,,,,,,,,0,20,17.9,42.9,,,,,,,,,
5105309,Luciara,resto_mt,Demais MT,FALSE,2003,2310,1.09,1.01,12,13.7,48.9,25.5,,,,,,,,,,,,,,,,,,52.6,34.5,23.7,34.2,,,,,,,,,
5105309,Luciara,resto_mt,Demais MT,FALSE,2004,2188,1.09,1.01,12,13.7,48.9,25.5,,,,,,,,,,,,,,,,,,19.2,20.5,19.2,59.6,,,,,,,,,
5105309,Luciara,resto_mt,Demais MT,FALSE,2005,2120,1.09,1.01,12,13.7,48.9,25.5,,,,,,,,,2.8,2.4,72.8,63.6,,,,,,19.2,28.2,32.7,28.8,,,,,,,,,
5105309,Luciara,resto_mt,Demais MT,FALSE,2006,2053,1.09,1.01,12,13.7,48.9,25.5,,,,,,,,,,,,,,,,,,0,14.5,8.8,36.4,,,,,,,,,
5105309,Luciara,resto_mt,Demais MT,FALSE,2007,2405,1.09,1.01,12,13.7,48.9,25.5,,,,,,,,,3.2,3.3,89.9,85.7,7,0,,38.2,3.2,,18.5,13.6,31.8,,,,,,,,,
5105309,Luciara,resto_mt,Demais MT,FALSE,2008,2472,1.09,1.01,12,13.7,48.9,25.5,,,,,,,,,,,,,7,0,,42.4,8.8,,12.5,25,25,,,,,,,,,
5105309,Luciara,resto_mt,Demais MT,FALSE,2009,2467,1.09,1.01,12,13.7,48.9,25.5,,,,,,,,,3.6,3.2,87.3,86.3,7,0,32.3,33.8,5.2,0,10.5,34.7,52.1,,,,,,,,,
5105309,Luciara,resto_mt,Demais MT,FALSE,2010,2224,1.09,1.01,12,13.7,48.9,25.5,,,,0.676,Médio,0.43,46.17,6.9,,,,,6,33.3,46.6,28.9,3.8,,10.1,19.2,53.8,3,0,2,0,0,0,13.49,,
5105309,Luciara,resto_mt,Demais MT,FALSE,2011,2204,1.09,1.01,12,13.7,48.9,25.5,,,,,,,,,3.8,3.6,93.3,86,8,50,57.1,22.4,1.6,0,8.8,34.2,65.8,,,,,,,,,
5105309,Luciara,resto_mt,Demais MT,FALSE,2012,2184,1.09,1.01,12,13.7,48.9,25.5,,,,,,,,,,,,,8,66.7,55.1,19.3,0.6,0,9.4,34.1,59.5,,,,,,,,,
5105309,Luciara,resto_mt,Demais MT,FALSE,2013,2148,1.09,1.01,12,13.7,48.9,25.5,11.92,,487.15,,,,,,3.8,3.9,100,99.3,8,83.3,60.8,6.8,0,0,0,32.4,50,,,,,,,,,
5105309,Luciara,resto_mt,Demais MT,FALSE,2014,2121,1.09,1.01,12,13.7,48.9,25.5,12.02,,488.27,,,,,,,,,,8,83.3,58.2,13,2.2,,0,36.4,81.8,,,,,,,,,
5105309,Luciara,resto_mt,Demais MT,FALSE,2015,2094,1.09,1.01,12,13.7,48.9,25.5,11.7,,445.41,,,,,,4.7,3.9,98.3,93.9,8,83.3,55.7,1.7,0,,0,35.7,53.6,4,0,2,0,0,0,19.1,,
5105309,Luciara,resto_mt,Demais MT,FALSE,2016,2068,1.09,1.01,12,13.7,48.9,25.5,12.81,,479.82,,,,,,,,,,8,83.3,58,2.1,0.8,,13,33.3,63,,,,,,,,,
5105309,Luciara,resto_mt,Demais MT,FALSE,2017,2043,1.09,1.01,12,13.7,48.9,25.5,13.31,,504.45,,,,,,5.4,3.6,97.6,90.3,8,66.7,68,2.5,0,33.3,23.5,33.3,60,,,,,,,,,
5105309,Luciara,resto_mt,Demais MT,FALSE,2018,2099,1.09,1.01,12,13.7,48.9,25.5,12.53,,454.15,,,,,,,,,,8,83.3,60,5.3,0.9,51.3,41.7,48.7,66.7,,,,,,,,,
5105309,Luciara,resto_mt,Demais MT,FALSE,2019,2077,1.09,1.01,12,13.7,48.9,25.5,11.75,0.82,526.53,,,,,,5.3,3.1,99.2,89.7,6,100,73.3,2.2,0,,54.9,40.9,72.7,,,,,,,,,
5105309,Luciara,resto_mt,Demais MT,FALSE,2020,2058,1.09,1.01,12,13.7,48.9,25.5,12,0.92,536.37,,,,,,,,,,6,100,74.5,2.7,,58.8,63.2,61.8,61.8,5,0,2,0,0,0,24.3,207,10.1
5105309,Luciara,resto_mt,Demais MT,FALSE,2021,2036,1.09,1.01,12,13.7,48.9,25.5,12.23,0.98,564.46,,,,,,4.9,,99.4,97.8,6,100,,4.2,0.6,29.4,55.6,46.9,73.5,,,,,,,,,
5105309,Luciara,resto_mt,Demais MT,FALSE,2022,2509,1.09,1.01,12,13.7,48.9,25.5,10.96,0.88,632.79,,,,,,,,,,6,100,,6.8,0.5,0,29.1,65.7,85.7,,,,,,,,,
5105309,Luciara,resto_mt,Demais MT,FALSE,2023,2509,1.09,1.01,12,13.7,48.9,25.5,13.79,1.24,1362.86,,,,,,5.2,4.6,100,96.9,6,100,,,,,,,,7,0,3,0,0,0,27.9,161,6.4
5105309,Luciara,resto_mt,Demais MT,FALSE,2024,2591,1.09,1.01,12,13.7,48.9,25.5,15.4,1.43,1569.38,,,,,,,,,,6,100,,,,,,,,,,,,,,,,
5105309,Luciara,resto_mt,Demais MT,FALSE,2025,2616,1.09,1.01,12,13.7,48.9,25.5,,,,,,,,,,,,,,,,,,,,,,,,,,,,,,
5105507,Vila Bela da Santíssima Trindade,resto_mt,Demais MT,FALSE,2000,12665,1.3,1.23,22,15.6,60,2.2,,,,0.502,Baixo,0.7,67.08,21.11,,,,,,,,,,35.5,,49.1,31.4,,,,,,,,,
5105507,Vila Bela da Santíssima Trindade,resto_mt,Demais MT,FALSE,2001,13009,1.3,1.23,22,15.6,60,2.2,,,,,,,,,,,,,,,,,,18.9,,35.8,30.4,,,,,,,,,
5105507,Vila Bela da Santíssima Trindade,resto_mt,Demais MT,FALSE,2002,13291,1.3,1.23,22,15.6,60,2.2,,,,,,,,,,,,,,,,,,0,17.9,43.7,33.3,,,,,,,,,
5105507,Vila Bela da Santíssima Trindade,resto_mt,Demais MT,FALSE,2003,13581,1.3,1.23,22,15.6,60,2.2,,,,,,,,,,,,,,,,,,16.9,11.7,35.4,39.9,,,,,,,,,
5105507,Vila Bela da Santíssima Trindade,resto_mt,Demais MT,FALSE,2004,14190,1.3,1.23,22,15.6,60,2.2,,,,,,,,,,,,,,,,,,14,10.6,33.2,37.4,,,,,,,,,
5105507,Vila Bela da Santíssima Trindade,resto_mt,Demais MT,FALSE,2005,14528,1.3,1.23,22,15.6,60,2.2,,,,,,,,,2.7,2.6,77.6,70,,,,,,10.4,13.7,32.8,40.1,,,,,,,,,
5105507,Vila Bela da Santíssima Trindade,resto_mt,Demais MT,FALSE,2006,14862,1.3,1.23,22,15.6,60,2.2,,,,,,,,,,,,,,,,,,15.2,13.3,34,30.5,,,,,,,,,
5105507,Vila Bela da Santíssima Trindade,resto_mt,Demais MT,FALSE,2007,13886,1.3,1.23,22,15.6,60,2.2,,,,,,,,,3.5,3.5,80.7,81.6,27,7.4,,27.4,5.7,14.2,13.3,43.9,29.2,,,,,,,,,
5105507,Vila Bela da Santíssima Trindade,resto_mt,Demais MT,FALSE,2008,14362,1.3,1.23,22,15.6,60,2.2,,,,,,,,,,,,,27,11.1,,27,6.4,20.9,16.7,42.4,39.8,,,,,,,,,
5105507,Vila Bela da Santíssima Trindade,resto_mt,Demais MT,FALSE,2009,14523,1.3,1.23,22,15.6,60,2.2,,,,,,,,,3.9,3.5,88,83.3,27,14.8,50.7,26,1.8,33.5,22.3,40.2,44.1,,,,,,,,,
5105507,Vila Bela da Santíssima Trindade,resto_mt,Demais MT,FALSE,2010,14493,1.3,1.23,22,15.6,60,2.2,,,,0.645,Médio,0.59,50.57,15.1,,,,,27,18.5,55.9,24,0.5,13.4,21.9,48.2,33,12,1,9,1,14,0.97,8.28,,
5105507,Vila Bela da Santíssima Trindade,resto_mt,Demais MT,FALSE,2011,14634,1.3,1.23,22,15.6,60,2.2,,,,,,,,,3.9,3.6,93.5,85,29,19.2,54.5,22.8,2.4,19.7,21.5,37.1,38.9,,,,,,,,,
5105507,Vila Bela da Santíssima Trindade,resto_mt,Demais MT,FALSE,2012,14770,1.3,1.23,22,15.6,60,2.2,,,,,,,,,,,,,30,39.1,60.2,18.1,0.6,0,10.7,54.9,32.7,,,,,,,,,
5105507,Vila Bela da Santíssima Trindade,resto_mt,Demais MT,FALSE,2013,14999,1.3,1.23,22,15.6,60,2.2,8.83,,304.49,,,,,,4.3,3.5,94.9,89.3,29,54.2,47.7,13.5,1,15,11.1,63,39.5,,,,,,,,,
5105507,Vila Bela da Santíssima Trindade,resto_mt,Demais MT,FALSE,2014,15138,1.3,1.23,22,15.6,60,2.2,8.7,,283.34,,,,,,,,,,29,87.5,52.4,10.9,0.5,23,13.1,63.1,43.3,,,,,,,,,
5105507,Vila Bela da Santíssima Trindade,resto_mt,Demais MT,FALSE,2015,15274,1.3,1.23,22,15.6,60,2.2,8.45,,243.8,,,,,,5,3.7,95.5,88.3,30,87,52.9,8.9,0.4,15.4,18.1,62.4,48.3,15,1,10,1,14,0.92,9.82,,
5105507,Vila Bela da Santíssima Trindade,resto_mt,Demais MT,FALSE,2016,15406,1.3,1.23,22,15.6,60,2.2,8.09,,222.37,,,,,,,,,,30,91.3,61.4,6.8,0.6,11.6,16.7,63.8,45.9,,,,,,,,,
5105507,Vila Bela da Santíssima Trindade,resto_mt,Demais MT,FALSE,2017,15534,1.3,1.23,22,15.6,60,2.2,6.86,,190.91,,,,,,,,94.6,87.1,30,91.3,64.3,7.6,1.2,21.2,16.2,59.4,48.8,,,,,,,,,
5105507,Vila Bela da Santíssima Trindade,resto_mt,Demais MT,FALSE,2018,15983,1.3,1.23,22,15.6,60,2.2,6.31,,177.52,,,,,,,,,,30,95,70,9.1,1.2,7.6,13.7,63.2,55.7,,,,,,,,,
5105507,Vila Bela da Santíssima Trindade,resto_mt,Demais MT,FALSE,2019,16128,1.3,1.23,22,15.6,60,2.2,5.73,1.58,414.45,,,,,,4.5,3.7,93.6,83.4,30,100,84.1,5.7,1.1,22.1,17.2,60.4,49.4,,,,,,,,,
5105507,Vila Bela da Santíssima Trindade,resto_mt,Demais MT,FALSE,2020,16271,1.3,1.23,22,15.6,60,2.2,5.73,1.52,403.19,,,,,,,,,,30,100,88.2,6.3,,20.4,16.7,59.2,43.3,25,1,14,1,35,2.15,15.36,2247,13.8
5105507,Vila Bela da Santíssima Trindade,resto_mt,Demais MT,FALSE,2021,16412,1.3,1.23,22,15.6,60,2.2,6.17,1.46,400.56,,,,,,4.6,3.9,97.6,90,30,100,,4.7,1.3,15.7,19.5,66.9,53.1,,,,,,,,,
5105507,Vila Bela da Santíssima Trindade,resto_mt,Demais MT,FALSE,2022,16774,1.3,1.23,22,15.6,60,2.2,7.54,1.44,541.42,,,,,,,,,,30,100,,4.2,0.5,6.5,13.6,63.8,48.5,,,,,,,,,
5105507,Vila Bela da Santíssima Trindade,resto_mt,Demais MT,FALSE,2023,16774,1.3,1.23,22,15.6,60,2.2,8.46,1.55,959.18,,,,,,4.9,3.8,97,89.7,20,100,,,,,,,,18,1,7,1,44,2.62,10.73,1536,9.2
5105507,Vila Bela da Santíssima Trindade,resto_mt,Demais MT,FALSE,2024,17384,1.3,1.23,22,15.6,60,2.2,8.94,1.62,1027.84,,,,,,,,,,19,100,,,,,,,,,,,,,,,,
5105507,Vila Bela da Santíssima Trindade,resto_mt,Demais MT,FALSE,2025,17592,1.3,1.23,22,15.6,60,2.2,,,,,,,,,,,,,,,,,,,,,,,,,,,,,,
5105580,Marcelândia,resto_mt,Demais MT,FALSE,2000,14448,-0.37,-0.43,35.5,7,53.3,4.1,,,,0.573,Baixo,0.57,33.06,5.08,,,,,,,,,,30.6,,41.3,44,,,,,,,,,
5105580,Marcelândia,resto_mt,Demais MT,FALSE,2001,14940,-0.37,-0.43,35.5,7,53.3,4.1,,,,,,,,,,,,,,,,,,36.4,,50.9,45.9,,,,,,,,,
5105580,Marcelândia,resto_mt,Demais MT,FALSE,2002,15640,-0.37,-0.43,35.5,7,53.3,4.1,,,,,,,,,,,,,,,,,,40.3,35.4,55.2,31.5,,,,,,,,,
5105580,Marcelândia,resto_mt,Demais MT,FALSE,2003,16193,-0.37,-0.43,35.5,7,53.3,4.1,,,,,,,,,,,,,,,,,,12.4,29.6,55.6,41.5,,,,,,,,,
5105580,Marcelândia,resto_mt,Demais MT,FALSE,2004,17353,-0.37,-0.43,35.5,7,53.3,4.1,,,,,,,,,,,,,,,,,,20.1,24.1,44.1,37.1,,,,,,,,,
5105580,Marcelândia,resto_mt,Demais MT,FALSE,2005,17996,-0.37,-0.43,35.5,7,53.3,4.1,,,,,,,,,3.8,2.8,90,69.2,,,,,,16.3,16.5,50.3,42,,,,,,,,,
5105580,Marcelândia,resto_mt,Demais MT,FALSE,2006,18634,-0.37,-0.43,35.5,7,53.3,4.1,,,,,,,,,,,,,,,,,,15.4,17.3,51.2,46.9,,,,,,,,,
5105580,Marcelândia,resto_mt,Demais MT,FALSE,2007,14084,-0.37,-0.43,35.5,7,53.3,4.1,,,,,,,,,4.2,3.8,93.7,79.2,14,42.9,,15.6,2.4,16.5,16.1,54.3,40.1,,,,,,,,,
5105580,Marcelândia,resto_mt,Demais MT,FALSE,2008,14482,-0.37,-0.43,35.5,7,53.3,4.1,,,,,,,,,,,,,14,50,,20.9,2.8,19.5,17.1,43.4,41.6,,,,,,,,,
5105580,Marcelândia,resto_mt,Demais MT,FALSE,2009,14473,-0.37,-0.43,35.5,7,53.3,4.1,,,,,,,,,4.8,4.3,96.4,92.2,14,64.3,45.4,19,1.6,13,16.4,49.6,43.9,,,,,,,,,
5105580,Marcelândia,resto_mt,Demais MT,FALSE,2010,12006,-0.37,-0.43,35.5,7,53.3,4.1,,,,0.701,Alto,0.55,33.87,5.62,,,,,15,60,58.8,15.3,0.7,21.6,17.9,56.8,46.5,8,1,5,1,14,1.17,6.66,,
5105580,Marcelândia,resto_mt,Demais MT,FALSE,2011,11819,-0.37,-0.43,35.5,7,53.3,4.1,,,,,,,,,4.9,4.2,99.8,97.3,18,80,60.6,9.9,0.1,10.6,14.9,62.8,46,,,,,,,,,
5105580,Marcelândia,resto_mt,Demais MT,FALSE,2012,11638,-0.37,-0.43,35.5,7,53.3,4.1,,,,,,,,,,,,,18,85.7,70.4,9.1,0,16.6,16.2,60.2,62.4,,,,,,,,,
5105580,Marcelândia,resto_mt,Demais MT,FALSE,2013,11324,-0.37,-0.43,35.5,7,53.3,4.1,6.67,,201.88,,,,,,5.1,4.4,99.5,99,17,85.7,69.4,5.7,0.5,10.2,12.4,51.5,72.4,,,,,,,,,
5105580,Marcelândia,resto_mt,Demais MT,FALSE,2014,11090,-0.37,-0.43,35.5,7,53.3,4.1,7.9,,252.5,,,,,,,,,,17,85.7,70.9,2.4,0.1,15.5,14,59.5,69.9,,,,,,,,,
5105580,Marcelândia,resto_mt,Demais MT,FALSE,2015,10861,-0.37,-0.43,35.5,7,53.3,4.1,8.47,,254.21,,,,,,5.4,4.5,99.9,98.2,17,85.7,65.8,3.2,0.1,9.8,11.8,61.5,74.6,10,1,5,1,14,1.29,9.21,,
5105580,Marcelândia,resto_mt,Demais MT,FALSE,2016,10639,-0.37,-0.43,35.5,7,53.3,4.1,9.17,,279.66,,,,,,,,,,15,85.7,66.5,3.8,0,26.2,17,54.5,79.6,,,,,,,,,
5105580,Marcelândia,resto_mt,Demais MT,FALSE,2017,10422,-0.37,-0.43,35.5,7,53.3,4.1,9.26,,317.19,,,,,,5.8,5,99.4,98.9,15,85.7,74.7,3.2,0.1,10.1,15.2,53,73.2,,,,,,,,,
5105580,Marcelândia,resto_mt,Demais MT,FALSE,2018,10700,-0.37,-0.43,35.5,7,53.3,4.1,8.73,,296.94,,,,,,,,,,15,85.7,72.6,3.4,0,11.5,16,50.6,72.4,,,,,,,,,
5105580,Marcelândia,resto_mt,Demais MT,FALSE,2019,10499,-0.37,-0.43,35.5,7,53.3,4.1,8.4,2.67,699.65,,,,,,5.8,4.8,97.7,96.5,15,92.9,70.8,5.1,0,5.3,8.9,51.3,77.2,,,,,,,,,
5105580,Marcelândia,resto_mt,Demais MT,FALSE,2020,10301,-0.37,-0.43,35.5,7,53.3,4.1,8.81,2.81,715.24,,,,,,,,,,15,85.7,69.6,6,,4.6,6.9,64.2,65.6,16,1,6,1,8,0.78,15.53,1709,16.6
5105580,Marcelândia,resto_mt,Demais MT,FALSE,2021,10107,-0.37,-0.43,35.5,7,53.3,4.1,9.43,2.9,737.55,,,,,,5.2,4.9,99.6,96.8,15,100,,7.1,0.4,15.9,8.4,61.4,74.1,,,,,,,,,
5105580,Marcelândia,resto_mt,Demais MT,FALSE,2022,11396,-0.37,-0.43,35.5,7,53.3,4.1,9.93,2.71,852.75,,,,,,,,,,15,100,,6.2,0,4.1,7.7,72.1,70.1,,,,,,,,,
5105580,Marcelândia,resto_mt,Demais MT,FALSE,2023,11396,-0.37,-0.43,35.5,7,53.3,4.1,10.52,2.92,1367.19,,,,,,5.8,4.5,99.7,98.7,14,100,,,,,,,,15,1,7,1,17,1.49,13.16,2973,26.1
5105580,Marcelândia,resto_mt,Demais MT,FALSE,2024,11414,-0.37,-0.43,35.5,7,53.3,4.1,9.96,3.22,1399.49,,,,,,,,,,14,100,,,,,,,,,,,,,,,,
5105580,Marcelândia,resto_mt,Demais MT,FALSE,2025,11355,-0.37,-0.43,35.5,7,53.3,4.1,,,,,,,,,,,,,,,,,,,,,,,,,,,,,,
5105606,Matupá,resto_mt,Demais MT,FALSE,2000,11289,2.96,2.95,37,6.6,55.1,1.3,,,,0.564,Baixo,0.62,51.94,11.33,,,,,,,,,,30.6,,40.2,29.7,,,,,,,,,
5105606,Matupá,resto_mt,Demais MT,FALSE,2001,11347,2.96,2.95,37,6.6,55.1,1.3,,,,,,,,,,,,,,,,,,65.7,,38.7,35,,,,,,,,,
5105606,Matupá,resto_mt,Demais MT,FALSE,2002,11514,2.96,2.95,37,6.6,55.1,1.3,,,,,,,,,,,,,,,,,,23.5,36.3,37.1,36.6,,,,,,,,,
5105606,Matupá,resto_mt,Demais MT,FALSE,2003,11618,2.96,2.95,37,6.6,55.1,1.3,,,,,,,,,,,,,,,,,,0,23.8,33.6,47.9,,,,,,,,,
5105606,Matupá,resto_mt,Demais MT,FALSE,2004,11837,2.96,2.95,37,6.6,55.1,1.3,,,,,,,,,,,,,,,,,,4.5,8.9,30.4,57.1,,,,,,,,,
5105606,Matupá,resto_mt,Demais MT,FALSE,2005,11958,2.96,2.95,37,6.6,55.1,1.3,,,,,,,,,4.2,3.2,85.4,72.8,,,,,,12.5,5.7,38.3,50.4,,,,,,,,,
5105606,Matupá,resto_mt,Demais MT,FALSE,2006,12078,2.96,2.95,37,6.6,55.1,1.3,,,,,,,,,,,,,,,,,,13.2,10.1,43.2,56.8,,,,,,,,,
5105606,Matupá,resto_mt,Demais MT,FALSE,2007,14243,2.96,2.95,37,6.6,55.1,1.3,,,,,,,,,4.9,4.1,92.5,89,16,37.5,,15.9,2,4.3,10,45.5,55.4,,,,,,,,,
5105606,Matupá,resto_mt,Demais MT,FALSE,2008,14821,2.96,2.95,37,6.6,55.1,1.3,,,,,,,,,,,,,16,62.5,,14,0.7,4.1,7.1,47.5,58.7,,,,,,,,,
5105606,Matupá,resto_mt,Demais MT,FALSE,2009,15170,2.96,2.95,37,6.6,55.1,1.3,,,,,,,,,5.3,4.4,99.4,95.4,17,64.7,58.5,11,0.3,5.7,4.6,55.1,69.3,,,,,,,,,
5105606,Matupá,resto_mt,Demais MT,FALSE,2010,14174,2.96,2.95,37,6.6,55.1,1.3,,,,0.716,Alto,0.55,35.62,7.25,,,,,18,61.1,73.1,10.8,0.5,5.1,4.9,57.1,72.7,20,2,7,2,30,2.12,14.11,,
5105606,Matupá,resto_mt,Demais MT,FALSE,2011,14396,2.96,2.95,37,6.6,55.1,1.3,,,,,,,,,5.8,4.5,99.5,98.2,19,70.6,76.7,4.2,0.2,23.2,12.6,49.4,67.2,,,,,,,,,
5105606,Matupá,resto_mt,Demais MT,FALSE,2012,14610,2.96,2.95,37,6.6,55.1,1.3,,,,,,,,,,,,,18,80,73,11,0,16.1,15.6,59.7,74.7,,,,,,,,,
5105606,Matupá,resto_mt,Demais MT,FALSE,2013,14973,2.96,2.95,37,6.6,55.1,1.3,4.3,,132.24,,,,,,6.3,4.1,100,97.8,19,100,76.5,3.7,0,3.5,13.7,61.3,71.9,,,,,,,,,
5105606,Matupá,resto_mt,Demais MT,FALSE,2014,15206,2.96,2.95,37,6.6,55.1,1.3,4.2,,132.08,,,,,,,,,,18,80,79.7,1.9,0,7.1,8,60.1,73.3,,,,,,,,,
5105606,Matupá,resto_mt,Demais MT,FALSE,2015,15433,2.96,2.95,37,6.6,55.1,1.3,3.94,,118.22,,,,,,6.5,4.6,98.7,95.3,19,87.5,74.1,4,0.4,16.1,8.6,71.5,72.3,22,2,9,2,21,1.36,14.26,,
5105606,Matupá,resto_mt,Demais MT,FALSE,2016,15654,2.96,2.95,37,6.6,55.1,1.3,2.83,,84.82,,,,,,,,,,19,62.5,76.2,4.2,0.1,10.5,11,59.9,76.1,,,,,,,,,
5105606,Matupá,resto_mt,Demais MT,FALSE,2017,15870,2.96,2.95,37,6.6,55.1,1.3,2.54,,73.69,,,,,,6.9,4.8,99.7,98.2,19,68.8,81.7,3.2,0.5,12.7,13,67.3,74.3,,,,,,,,,
5105606,Matupá,resto_mt,Demais MT,FALSE,2018,16334,2.96,2.95,37,6.6,55.1,1.3,2.41,,69.46,,,,,,,,,,19,73.3,84.2,7.3,0,8.4,10.4,71.4,75.1,,,,,,,,,
5105606,Matupá,resto_mt,Demais MT,FALSE,2019,16566,2.96,2.95,37,6.6,55.1,1.3,2.26,2.47,458.51,,,,,,6.4,4.8,99,94.3,19,93.8,86,2.3,0.2,11,10.6,68.3,81.3,,,,,,,,,
5105606,Matupá,resto_mt,Demais MT,FALSE,2020,16793,2.96,2.95,37,6.6,55.1,1.3,2.28,2.45,452.18,,,,,,,,,,20,93.8,82.3,2.2,,11.1,10.2,70.8,78.6,25,2,10,2,23,1.37,14.89,3679,21.9
5105606,Matupá,resto_mt,Demais MT,FALSE,2021,17017,2.96,2.95,37,6.6,55.1,1.3,2.24,2.38,421.8,,,,,,5.5,5.1,99.9,99.2,21,94.1,,2.6,0,10.5,10.9,69.9,78,,,,,,,,,
5105606,Matupá,resto_mt,Demais MT,FALSE,2022,20091,2.96,2.95,37,6.6,55.1,1.3,2.61,1.93,409.73,,,,,,,,,,21,94.1,,1.9,0,24.9,15.4,75.1,80.6,,,,,,,,,
5105606,Matupá,resto_mt,Demais MT,FALSE,2023,20091,2.96,2.95,37,6.6,55.1,1.3,3.05,2.05,581.63,,,,,,5.9,5,99.8,99.4,20,100,,,,,,,,36,2,14,2,23,1.14,17.92,5289,26.3
5105606,Matupá,resto_mt,Demais MT,FALSE,2024,21415,2.96,2.95,37,6.6,55.1,1.3,2.86,2.09,578.58,,,,,,,,,,21,100,,,,,,,,,,,,,,,,
5105606,Matupá,resto_mt,Demais MT,FALSE,2025,21959,2.96,2.95,37,6.6,55.1,1.3,,,,,,,,,,,,,,,,,,,,,,,,,,,,,,
5105622,Mirassol D'Oeste,pantanal_norte,Pantanal-13,TRUE,2000,22997,0.59,0.48,37.3,7.4,54.9,0.1,,,,0.582,Baixo,0.59,56.56,8.51,,,,,,,,,,18.5,,45,36.1,,,,,,,,,
5105622,Mirassol D'Oeste,pantanal_norte,Pantanal-13,TRUE,2001,22606,0.59,0.48,37.3,7.4,54.9,0.1,,,,,,,,,,,,,,,,,,24.1,,44.8,45.1,,,,,,,,,
5105622,Mirassol D'Oeste,pantanal_norte,Pantanal-13,TRUE,2002,22716,0.59,0.48,37.3,7.4,54.9,0.1,,,,,,,,,,,,,,,,,,27.5,23.1,49,44.4,,,,,,,,,
5105622,Mirassol D'Oeste,pantanal_norte,Pantanal-13,TRUE,2003,22699,0.59,0.48,37.3,7.4,54.9,0.1,,,,,,,,,,,,,,,,,,24.8,25.4,59,51.8,,,,,,,,,
5105622,Mirassol D'Oeste,pantanal_norte,Pantanal-13,TRUE,2004,22663,0.59,0.48,37.3,7.4,54.9,0.1,,,,,,,,,,,,,,,,,,21,24.4,64,58.5,,,,,,,,,
5105622,Mirassol D'Oeste,pantanal_norte,Pantanal-13,TRUE,2005,22643,0.59,0.48,37.3,7.4,54.9,0.1,,,,,,,,,3.5,3.2,78.6,76.3,,,,,,21.8,22.5,62.5,52.3,,,,,,,,,
5105622,Mirassol D'Oeste,pantanal_norte,Pantanal-13,TRUE,2006,22623,0.59,0.48,37.3,7.4,54.9,0.1,,,,,,,,,,,,,,,,,,20.8,21.2,62,44.5,,,,,,,,,
5105622,Mirassol D'Oeste,pantanal_norte,Pantanal-13,TRUE,2007,24538,0.59,0.48,37.3,7.4,54.9,0.1,,,,,,,,,4.4,3.7,92.5,88.1,21,61.9,,18.2,1.5,5.3,16,65.8,58,,,,,,,,,
5105622,Mirassol D'Oeste,pantanal_norte,Pantanal-13,TRUE,2008,25360,0.59,0.48,37.3,7.4,54.9,0.1,,,,,,,,,,,,,21,66.7,,19.3,2,11.8,12.4,61.8,87.7,,,,,,,,,
5105622,Mirassol D'Oeste,pantanal_norte,Pantanal-13,TRUE,2009,25605,0.59,0.48,37.3,7.4,54.9,0.1,,,,,,,,,5.4,4.3,96.1,93.7,20,75,81.2,14.8,1,23.3,13.5,70.8,64.1,,,,,,,,,
5105622,Mirassol D'Oeste,pantanal_norte,Pantanal-13,TRUE,2010,25299,0.59,0.48,37.3,7.4,54.9,0.1,,,,0.704,Alto,0.55,29.33,2.79,,,,,20,80,81.4,8.2,0.3,10.9,15.3,80.8,68,29,2,11,2,43,1.7,11.46,,
5105622,Mirassol D'Oeste,pantanal_norte,Pantanal-13,TRUE,2011,25495,0.59,0.48,37.3,7.4,54.9,0.1,,,,,,,,,5,4.2,97.8,95.7,22,80,84.1,9,0.3,7.4,13.8,86.6,75.7,,,,,,,,,
5105622,Mirassol D'Oeste,pantanal_norte,Pantanal-13,TRUE,2012,25684,0.59,0.48,37.3,7.4,54.9,0.1,,,,,,,,,,,,,21,89.5,87.3,6.9,0.2,7,8.4,84.7,80.8,,,,,,,,,
5105622,Mirassol D'Oeste,pantanal_norte,Pantanal-13,TRUE,2013,26002,0.59,0.48,37.3,7.4,54.9,0.1,7.66,,213.42,,,,,,5.1,4,99.4,95.7,22,95,86.7,4.1,0.1,5.1,6.6,84.4,70.8,,,,,,,,,
5105622,Mirassol D'Oeste,pantanal_norte,Pantanal-13,TRUE,2014,26188,0.59,0.48,37.3,7.4,54.9,0.1,7.39,,209.89,,,,,,,,,,22,95,83.8,2.6,0,11.7,8,83.4,64.4,,,,,,,,,
5105622,Mirassol D'Oeste,pantanal_norte,Pantanal-13,TRUE,2015,26369,0.59,0.48,37.3,7.4,54.9,0.1,6.83,,181.44,,,,,,5.6,4.5,99.8,97.2,22,100,83.9,1.4,0.1,6.6,7.9,84.3,57.7,38,2,13,2,57,2.16,14.41,,
5105622,Mirassol D'Oeste,pantanal_norte,Pantanal-13,TRUE,2016,26596,0.59,0.48,37.3,7.4,54.9,0.1,6.88,,166.95,,,,,,,,,,22,95,89.1,1.5,0.1,20.3,12.6,83.2,60.8,,,,,,,,,
5105622,Mirassol D'Oeste,pantanal_norte,Pantanal-13,TRUE,2017,26768,0.59,0.48,37.3,7.4,54.9,0.1,6.57,,156.88,,,,,,5.9,4.7,98.3,95.5,22,80,91.9,2.5,0.1,9.8,12,85.5,60.8,,,,,,,,,
5105622,Mirassol D'Oeste,pantanal_norte,Pantanal-13,TRUE,2018,27536,0.59,0.48,37.3,7.4,54.9,0.1,6.85,,168.13,,,,,,,,,,22,85,91.7,3.1,0.1,12.3,14.1,91.6,65.9,,,,,,,,,
5105622,Mirassol D'Oeste,pantanal_norte,Pantanal-13,TRUE,2019,27739,0.59,0.48,37.3,7.4,54.9,0.1,6.46,2.36,532.91,,,,,,5.7,4.6,97.9,94.4,20,100,91.5,2.8,0,8.8,10.3,89.2,65.2,,,,,,,,,
5105622,Mirassol D'Oeste,pantanal_norte,Pantanal-13,TRUE,2020,27941,0.59,0.48,37.3,7.4,54.9,0.1,6.55,2.3,520.37,,,,,,,,,,19,100,91.1,2.9,,9.7,10.2,93.2,54.9,60,2,15,2,61,2.18,21.47,11540,41.3
5105622,Mirassol D'Oeste,pantanal_norte,Pantanal-13,TRUE,2021,28135,0.59,0.48,37.3,7.4,54.9,0.1,6.45,2.25,496.19,,,,,,5.4,4.9,99.3,97.6,20,100,,2.7,0,9.9,9.5,91.6,56.8,,,,,,,,,
5105622,Mirassol D'Oeste,pantanal_norte,Pantanal-13,TRUE,2022,26785,0.59,0.48,37.3,7.4,54.9,0.1,9.86,2.47,769.86,,,,,,,,,,20,100,,3,0,9.4,9.7,93.2,57.5,,,,,,,,,
5105622,Mirassol D'Oeste,pantanal_norte,Pantanal-13,TRUE,2023,26785,0.59,0.48,37.3,7.4,54.9,0.1,11.07,2.67,1292.12,,,,,,6,5,100,99.8,20,100,,,,,,,,82,2,21,2,56,2.09,30.61,10452,39
5105622,Mirassol D'Oeste,pantanal_norte,Pantanal-13,TRUE,2024,27511,0.59,0.48,37.3,7.4,54.9,0.1,10.23,3.02,1316.04,,,,,,,,,,20,100,,,,,,,,,,,,,,,,
5105622,Mirassol D'Oeste,pantanal_norte,Pantanal-13,TRUE,2025,27637,0.59,0.48,37.3,7.4,54.9,0.1,,,,,,,,,,,,,,,,,,,,,,,,,,,,,,
5105903,Nobres,resto_mt,Demais MT,FALSE,2000,14983,0.34,0.27,27.3,8.1,63,1.3,,,,0.538,Baixo,0.53,59.98,11.08,,,,,,,,,,31.2,,46.1,40.2,,,,,,,,,
5105903,Nobres,resto_mt,Demais MT,FALSE,2001,15044,0.34,0.27,27.3,8.1,63,1.3,,,,,,,,,,,,,,,,,,24.5,,47.2,10.1,,,,,,,,,
5105903,Nobres,resto_mt,Demais MT,FALSE,2002,15167,0.34,0.27,27.3,8.1,63,1.3,,,,,,,,,,,,,,,,,,19.5,25.1,43.2,14.3,,,,,,,,,
5105903,Nobres,resto_mt,Demais MT,FALSE,2003,15253,0.34,0.27,27.3,8.1,63,1.3,,,,,,,,,,,,,,,,,,24.8,23,39.1,27.7,,,,,,,,,
5105903,Nobres,resto_mt,Demais MT,FALSE,2004,15432,0.34,0.27,27.3,8.1,63,1.3,,,,,,,,,,,,,,,,,,24.5,23,38,77.3,,,,,,,,,
5105903,Nobres,resto_mt,Demais MT,FALSE,2005,15531,0.34,0.27,27.3,8.1,63,1.3,,,,,,,,,3.4,3.2,78.7,79.5,,,,,,28.2,25.8,36.3,52.8,,,,,,,,,
5105903,Nobres,resto_mt,Demais MT,FALSE,2006,15630,0.34,0.27,27.3,8.1,63,1.3,,,,,,,,,,,,,,,,,,15.6,22.6,34.6,46.7,,,,,,,,,
5105903,Nobres,resto_mt,Demais MT,FALSE,2007,14862,0.34,0.27,27.3,8.1,63,1.3,,,,,,,,,3.9,3.3,84.2,82.8,14,35.7,,22.5,4.2,9,18.1,45,44.8,,,,,,,,,
5105903,Nobres,resto_mt,Demais MT,FALSE,2008,15296,0.34,0.27,27.3,8.1,63,1.3,,,,,,,,,,,,,14,78.6,,19.5,2.2,24.1,16.4,37.3,57.8,,,,,,,,,
5105903,Nobres,resto_mt,Demais MT,FALSE,2009,15315,0.34,0.27,27.3,8.1,63,1.3,,,,,,,,,4.5,4.1,90,90.6,13,84.6,70.7,14.3,1.7,21.8,18.6,37.6,55,,,,,,,,,
5105903,Nobres,resto_mt,Demais MT,FALSE,2010,15002,0.34,0.27,27.3,8.1,63,1.3,,,,0.699,Médio,0.46,33.42,3.82,,,,,13,100,68.7,12.2,1.1,11.7,19.1,43.8,68.4,11,1,6,1,27,1.8,7.33,,
5105903,Nobres,resto_mt,Demais MT,FALSE,2011,15003,0.34,0.27,27.3,8.1,63,1.3,,,,,,,,,4.4,4.3,94.9,94.2,14,100,87.8,4.5,0.4,16.2,16.4,47.7,65.9,,,,,,,,,
5105903,Nobres,resto_mt,Demais MT,FALSE,2012,15004,0.34,0.27,27.3,8.1,63,1.3,,,,,,,,,,,,,15,100,87.6,3.3,0.4,7.7,12.2,46.3,64.5,,,,,,,,,
5105903,Nobres,resto_mt,Demais MT,FALSE,2013,15002,0.34,0.27,27.3,8.1,63,1.3,7.33,,226.02,,,,,,4.7,4,97.9,97.5,15,100,84.3,2.7,0.1,3.8,9.6,48.3,57.7,,,,,,,,,
5105903,Nobres,resto_mt,Demais MT,FALSE,2014,14980,0.34,0.27,27.3,8.1,63,1.3,8.08,,259.46,,,,,,,,,,15,100,81.9,2.8,0,8.1,6.5,44.5,64.8,,,,,,,,,
5105903,Nobres,resto_mt,Demais MT,FALSE,2015,14959,0.34,0.27,27.3,8.1,63,1.3,7.88,,248.32,,,,,,5.2,4.3,98.9,96.4,16,92.9,78.4,2.5,0.3,28.1,13.1,53.4,65.5,17,1,9,1,27,1.8,11.36,,
5105903,Nobres,resto_mt,Demais MT,FALSE,2016,14938,0.34,0.27,27.3,8.1,63,1.3,8.84,,293.83,,,,,,,,,,15,92.3,81.3,2.3000000000000003,0,0,12.5,56.7,70.1,,,,,,,,,
5105903,Nobres,resto_mt,Demais MT,FALSE,2017,14917,0.34,0.27,27.3,8.1,63,1.3,9.18,,308.03,,,,,,5.3,4.4,99.4,98.5,17,86.7,84,2.8,0,11.2,13.5,52.8,72.7,,,,,,,,,
5105903,Nobres,resto_mt,Demais MT,FALSE,2018,15338,0.34,0.27,27.3,8.1,63,1.3,8.91,,280.99,,,,,,,,,,17,93.3,84.4,1.6,0,16.7,10.1,46.2,64.5,,,,,,,,,
5105903,Nobres,resto_mt,Demais MT,FALSE,2019,15336,0.34,0.27,27.3,8.1,63,1.3,8.84,5.01,1093.49,,,,,,5.5,4.2,98,95,15,100,86.4,1.9,0.2,0,9.6,52.5,68.2,,,,,,,,,
5105903,Nobres,resto_mt,Demais MT,FALSE,2020,15334,0.34,0.27,27.3,8.1,63,1.3,8.11,4.93,1054.16,,,,,,,,,,14,100,83.5,2.7,,15.6,11,53.7,72,21,1,9,1,27,1.76,13.7,5043,32.9
5105903,Nobres,resto_mt,Demais MT,FALSE,2021,15332,0.34,0.27,27.3,8.1,63,1.3,7.93,4.81,1013.23,,,,,,5.4,4,100,95.1,14,100,,2.6,0,20.5,11.8,51.2,75,,,,,,,,,
5105903,Nobres,resto_mt,Demais MT,FALSE,2022,15492,0.34,0.27,27.3,8.1,63,1.3,10.59,4.65,1196.11,,,,,,,,,,15,100,,2.3,0,15,16.9,62,73.3,,,,,,,,,
5105903,Nobres,resto_mt,Demais MT,FALSE,2023,15492,0.34,0.27,27.3,8.1,63,1.3,12.37,4.79,1781.33,,,,,,5.4,4.9,100,99.8,14,100,,,,,,,,38,1,19,1,27,1.74,24.53,6352,41
5105903,Nobres,resto_mt,Demais MT,FALSE,2024,15753,0.34,0.27,27.3,8.1,63,1.3,12.02,4.87,1811.03,,,,,,,,,,15,100,,,,,,,,,,,,,,,,
5105903,Nobres,resto_mt,Demais MT,FALSE,2025,15796,0.34,0.27,27.3,8.1,63,1.3,,,,,,,,,,,,,,,,,,,,,,,,,,,,,,
5106000,Nortelândia,resto_mt,Demais MT,FALSE,2000,7246,-0.59,-0.64,21.5,12,66.3,0.1,,,,0.567,Baixo,0.47,60.23,12.21,,,,,,,,,,32.8,,25.4,4.9,,,,,,,,,
5106000,Nortelândia,resto_mt,Demais MT,FALSE,2001,6877,-0.59,-0.64,21.5,12,66.3,0.1,,,,,,,,,,,,,,,,,,50.4,,38.1,6.5,,,,,,,,,
5106000,Nortelândia,resto_mt,Demais MT,FALSE,2002,6652,-0.59,-0.64,21.5,12,66.3,0.1,,,,,,,,,,,,,,,,,,40.7,41.7,29.3,4.1,,,,,,,,,
5106000,Nortelândia,resto_mt,Demais MT,FALSE,2003,6377,-0.59,-0.64,21.5,12,66.3,0.1,,,,,,,,,,,,,,,,,,7.8,33.2,25.6,6.2,,,,,,,,,
5106000,Nortelândia,resto_mt,Demais MT,FALSE,2004,5798,-0.59,-0.64,21.5,12,66.3,0.1,,,,,,,,,,,,,,,,,,10.3,20.1,26.8,15.5,,,,,,,,,
5106000,Nortelândia,resto_mt,Demais MT,FALSE,2005,5478,-0.59,-0.64,21.5,12,66.3,0.1,,,,,,,,,3.4,2.8,81.5,72.8,,,,,,8.5,8.7,37.3,10.2,,,,,,,,,
5106000,Nortelândia,resto_mt,Demais MT,FALSE,2006,5160,-0.59,-0.64,21.5,12,66.3,0.1,,,,,,,,,,,,,,,,,,37.7,18.7,24.5,12.3,,,,,,,,,
5106000,Nortelândia,resto_mt,Demais MT,FALSE,2007,6237,-0.59,-0.64,21.5,12,66.3,0.1,,,,,,,,,5,4.1,96.2,89,8,87.5,,18.1,1.9,20.6,21.8,28.9,23.7,,,,,,,,,
5106000,Nortelândia,resto_mt,Demais MT,FALSE,2008,6368,-0.59,-0.64,21.5,12,66.3,0.1,,,,,,,,,,,,,8,87.5,,16,1.7,68.6,42.6,26.5,52,,,,,,,,,
5106000,Nortelândia,resto_mt,Demais MT,FALSE,2009,6272,-0.59,-0.64,21.5,12,66.3,0.1,,,,,,,,,5.5,4.5,99.3,96.1,8,100,73.5,9.7,0.2,13.5,36.6,37.8,64.9,,,,,,,,,
5106000,Nortelândia,resto_mt,Demais MT,FALSE,2010,6436,-0.59,-0.64,21.5,12,66.3,0.1,,,,0.702,Alto,0.43,36.78,7.6,,,,,7,100,76.1,7.7,0,20.8,36.8,47.9,75,7,1,4,1,17,2.64,10.88,,
5106000,Nortelândia,resto_mt,Demais MT,FALSE,2011,6374,-0.59,-0.64,21.5,12,66.3,0.1,,,,,,,,,5.7,4.7,99.3,97.3,8,100,77.6,4.2,0.2,10.6,15.2,51.1,77.7,,,,,,,,,
5106000,Nortelândia,resto_mt,Demais MT,FALSE,2012,6314,-0.59,-0.64,21.5,12,66.3,0.1,,,,,,,,,,,,,8,100,89.5,2.1,0,11.8,14.5,57.6,75.3,,,,,,,,,
5106000,Nortelândia,resto_mt,Demais MT,FALSE,2013,6209,-0.59,-0.64,21.5,12,66.3,0.1,10.44,,352.45,,,,,,5.2,4.8,99.5,99.7,8,100,70.3,1.1,0.5,44,22.2,36.3,71.4,,,,,,,,,
5106000,Nortelândia,resto_mt,Demais MT,FALSE,2014,6128,-0.59,-0.64,21.5,12,66.3,0.1,9.97,,321.48,,,,,,,,,,9,100,78.4,0.7,0,28,28.3,61.7,74.8,,,,,,,,,
5106000,Nortelândia,resto_mt,Demais MT,FALSE,2015,6048,-0.59,-0.64,21.5,12,66.3,0.1,9.36,,276.4,,,,,,5.6,5,99.5,98.8,9,100,75.6,0.2,0,9,25.9,61.3,72.1,10,1,5,1,19,3.14,16.53,,
5106000,Nortelândia,resto_mt,Demais MT,FALSE,2016,5971,-0.59,-0.64,21.5,12,66.3,0.1,8.86,,251.2,,,,,,,,,,9,100,76.5,1,0,10.6,16,61.7,78.7,,,,,,,,,
5106000,Nortelândia,resto_mt,Demais MT,FALSE,2017,5895,-0.59,-0.64,21.5,12,66.3,0.1,7.63,,209.95,,,,,,5.7,4.9,100,97,8,100,72.3,2.1,0,0,6.6,64.6,83.8,,,,,,,,,
5106000,Nortelândia,resto_mt,Demais MT,FALSE,2018,6056,-0.59,-0.64,21.5,12,66.3,0.1,7.23,,203.48,,,,,,,,,,9,100,75.3,2.7,0,20.8,10.4,69.8,72.9,,,,,,,,,
5106000,Nortelândia,resto_mt,Demais MT,FALSE,2019,5989,-0.59,-0.64,21.5,12,66.3,0.1,6.71,4.12,860.37,,,,,,5.8,4.5,96.3,91.2,6,100,81.3,1.8,0,38.8,20.1,68,68.9,,,,,,,,,
5106000,Nortelândia,resto_mt,Demais MT,FALSE,2020,5923,-0.59,-0.64,21.5,12,66.3,0.1,7.04,4.05,849.26,,,,,,,,,,7,100,92.3,2.7,,0,22.1,73.6,73.6,10,1,4,0,0,0,16.88,3125,52.8
5106000,Nortelândia,resto_mt,Demais MT,FALSE,2021,5858,-0.59,-0.64,21.5,12,66.3,0.1,7.7,3.79,800.88,,,,,,5.6,4.4,100,90.2,6,100,,2.6,0,30.8,25,66.2,76.9,,,,,,,,,
5106000,Nortelândia,resto_mt,Demais MT,FALSE,2022,5956,-0.59,-0.64,21.5,12,66.3,0.1,9.94,3.76,993.09,,,,,,,,,,7,100,,1.3,0,11,13.2,69.2,76.9,,,,,,,,,
5106000,Nortelândia,resto_mt,Demais MT,FALSE,2023,5956,-0.59,-0.64,21.5,12,66.3,0.1,11.33,3.73,1487.01,,,,,,6.1,4.6,100,100,6,100,,,,,,,,11,1,5,1,30,5.04,18.47,3247,54.5
5106000,Nortelândia,resto_mt,Demais MT,FALSE,2024,5935,-0.59,-0.64,21.5,12,66.3,0.1,9.47,3.98,1408.03,,,,,,,,,,6,100,,,,,,,,,,,,,,,,
5106000,Nortelândia,resto_mt,Demais MT,FALSE,2025,5890,-0.59,-0.64,21.5,12,66.3,0.1,,,,,,,,,,,,,,,,,,,,,,,,,,,,,,
5106109,Nossa Senhora do Livramento,pantanal_norte,Pantanal-13,TRUE,2000,12141,0.03,0.91,14.5,18.6,66.2,0.2,,,,0.464,Muito Baixo,0.59,74.43,22.4,,,,,,,,,,8.3,,28.3,44.2,,,,,,,,,
5106109,Nossa Senhora do Livramento,pantanal_norte,Pantanal-13,TRUE,2001,12344,0.03,0.91,14.5,18.6,66.2,0.2,,,,,,,,,,,,,,,,,,10.9,,33.7,57.6,,,,,,,,,
5106109,Nossa Senhora do Livramento,pantanal_norte,Pantanal-13,TRUE,2002,12488,0.03,0.91,14.5,18.6,66.2,0.2,,,,,,,,,,,,,,,,,,27.5,15.6,33,58.7,,,,,,,,,
5106109,Nossa Senhora do Livramento,pantanal_norte,Pantanal-13,TRUE,2003,12649,0.03,0.91,14.5,18.6,66.2,0.2,,,,,,,,,,,,,,,,,,34.5,24.3,29.9,52.9,,,,,,,,,
5106109,Nossa Senhora do Livramento,pantanal_norte,Pantanal-13,TRUE,2004,12988,0.03,0.91,14.5,18.6,66.2,0.2,,,,,,,,,,,,,,,,,,7.1,20.8,32.9,52.9,,,,,,,,,
5106109,Nossa Senhora do Livramento,pantanal_norte,Pantanal-13,TRUE,2005,13175,0.03,0.91,14.5,18.6,66.2,0.2,,,,,,,,,4.3,3.4,91.7,86.9,,,,,,36,23.7,36.9,38.7,,,,,,,,,
5106109,Nossa Senhora do Livramento,pantanal_norte,Pantanal-13,TRUE,2006,13361,0.03,0.91,14.5,18.6,66.2,0.2,,,,,,,,,,,,,,,,,,41,26.8,27,48.4,,,,,,,,,
5106109,Nossa Senhora do Livramento,pantanal_norte,Pantanal-13,TRUE,2007,12386,0.03,0.91,14.5,18.6,66.2,0.2,,,,,,,,,3.8,3.3,93.2,88.9,26,3.8,,24.2,3.4,9.9,29.9,32.7,51.5,,,,,,,,,
5106109,Nossa Senhora do Livramento,pantanal_norte,Pantanal-13,TRUE,2008,12766,0.03,0.91,14.5,18.6,66.2,0.2,,,,,,,,,,,,,25,8,,17.9,1.9,8.9,20.9,44.6,42.9,,,,,,,,,
5106109,Nossa Senhora do Livramento,pantanal_norte,Pantanal-13,TRUE,2009,12819,0.03,0.91,14.5,18.6,66.2,0.2,,,,,,,,,4.3,3.4,95.5,87.9,27,18.5,64.1,18,1.4,17.4,12.2,36.5,45.6,,,,,,,,,
5106109,Nossa Senhora do Livramento,pantanal_norte,Pantanal-13,TRUE,2010,11609,0.03,0.91,14.5,18.6,66.2,0.2,,,,0.638,Médio,0.47,53.55,13.7,,,,,27,25.9,71.1,12.6,0.3,38.5,21.1,46.2,54.8,5,1,3,1,11,0.95,4.31,,
5106109,Nossa Senhora do Livramento,pantanal_norte,Pantanal-13,TRUE,2011,11579,0.03,0.91,14.5,18.6,66.2,0.2,,,,,,,,,4,3.6,98.5,92.4,42,29.6,75.9,8.5,0.2,12.3,21,43.2,66,,,,,,,,,
5106109,Nossa Senhora do Livramento,pantanal_norte,Pantanal-13,TRUE,2012,11550,0.03,0.91,14.5,18.6,66.2,0.2,,,,,,,,,,,,,42,29.6,77.5,7.1,0.3,22.6,22.6,43.6,51.9,,,,,,,,,
5106109,Nossa Senhora do Livramento,pantanal_norte,Pantanal-13,TRUE,2013,11497,0.03,0.91,14.5,18.6,66.2,0.2,13.91,,471.47,,,,,,4.4,3.1,98.8,94.3,42,29.6,65.7,5.5,0.1,13.1,15.6,44.4,54.2,,,,,,,,,
5106109,Nossa Senhora do Livramento,pantanal_norte,Pantanal-13,TRUE,2014,11444,0.03,0.91,14.5,18.6,66.2,0.2,15.04,,501.48,,,,,,,,,,36,33.3,64.9,4.2,1,8.1,14.7,44.7,67.5,,,,,,,,,
5106109,Nossa Senhora do Livramento,pantanal_norte,Pantanal-13,TRUE,2015,11393,0.03,0.91,14.5,18.6,66.2,0.2,14.63,,459.18,,,,,,5.1,4,99.2,97.7,27,40.7,70.5,3.5,0.7,0,7.2,42.9,60.7,12,1,7,1,11,0.97,10.53,,
5106109,Nossa Senhora do Livramento,pantanal_norte,Pantanal-13,TRUE,2016,12518,0.03,0.91,14.5,18.6,66.2,0.2,11.52,,354.8,,,,,,,,,,27,77.8,79.6,4.2,0.3,0,2.6,46.1,61.4,,,,,,,,,
5106109,Nossa Senhora do Livramento,pantanal_norte,Pantanal-13,TRUE,2017,12484,0.03,0.91,14.5,18.6,66.2,0.2,9.48,,301.75,,,,,,5.4,4,98.6,95.7,27,92.3,80.8,3.9,0.4,0,0,45.7,71.7,,,,,,,,,
5106109,Nossa Senhora do Livramento,pantanal_norte,Pantanal-13,TRUE,2018,13231,0.03,0.91,14.5,18.6,66.2,0.2,8.11,,263.94,,,,,,,,,,26,96,82.3,3.6,0.7,15.7,5.1,49.6,75.6,,,,,,,,,
5106109,Nossa Senhora do Livramento,pantanal_norte,Pantanal-13,TRUE,2019,13216,0.03,0.91,14.5,18.6,66.2,0.2,7.55,1.32,457.76,,,,,,4.7,4.1,99,96.8,26,92,96.1,3.3,0.2,13.1,9.6,41.2,72.5,,,,,,,,,
5106109,Nossa Senhora do Livramento,pantanal_norte,Pantanal-13,TRUE,2020,13104,0.03,0.91,14.5,18.6,66.2,0.2,8.21,1.56,501.1,,,,,,,,,,25,92,96.6,3,,7.9,12.3,50.8,71.4,11,1,6,1,11,0.84,8.39,1242,9.5
5106109,Nossa Senhora do Livramento,pantanal_norte,Pantanal-13,TRUE,2021,13093,0.03,0.91,14.5,18.6,66.2,0.2,8.69,1.7,522.25,,,,,,4.3,4.4,100,98.9,26,92.3,,2.2,0,17.1,12.6,50.4,69.2,,,,,,,,,
5106109,Nossa Senhora do Livramento,pantanal_norte,Pantanal-13,TRUE,2022,12940,0.03,0.91,14.5,18.6,66.2,0.2,10.04,1.75,685.35,,,,,,,,,,26,100,,2,0,8.8,11.2,50.9,65.8,,,,,,,,,
5106109,Nossa Senhora do Livramento,pantanal_norte,Pantanal-13,TRUE,2023,12940,0.03,0.91,14.5,18.6,66.2,0.2,11.22,1.8,1170.49,,,,,,5.7,4.4,99.8,100,25,100,,,,,,,,12,1,6,1,11,0.85,9.27,1745,13.5
5106109,Nossa Senhora do Livramento,pantanal_norte,Pantanal-13,TRUE,2024,11658,0.03,0.91,14.5,18.6,66.2,0.2,12.51,2.29,1393.15,,,,,,,,,,26,100,,,,,,,,,,,,,,,,
5106109,Nossa Senhora do Livramento,pantanal_norte,Pantanal-13,TRUE,2025,11658,0.03,0.91,14.5,18.6,66.2,0.2,,,,,,,,,,,,,,,,,,,,,,,,,,,,,,
5106158,Nova Bandeirantes,resto_mt,Demais MT,FALSE,2000,6951,1.4,1.32,35,6.8,57.9,0.2,,,,0.434,Muito Baixo,0.66,70.49,34.25,,,,,,,,,,38.5,,52.9,15.4,,,,,,,,,
5106158,Nova Bandeirantes,resto_mt,Demais MT,FALSE,2001,7472,1.4,1.32,35,6.8,57.9,0.2,,,,,,,,,,,,,,,,,,37,,48.1,11.1,,,,,,,,,
5106158,Nova Bandeirantes,resto_mt,Demais MT,FALSE,2002,7762,1.4,1.32,35,6.8,57.9,0.2,,,,,,,,,,,,,,,,,,20,31,54,9,,,,,,,,,
5106158,Nova Bandeirantes,resto_mt,Demais MT,FALSE,2003,8138,1.4,1.32,35,6.8,57.9,0.2,,,,,,,,,,,,,,,,,,25.4,25.7,55.9,4.2,,,,,,,,,
5106158,Nova Bandeirantes,resto_mt,Demais MT,FALSE,2004,8928,1.4,1.32,35,6.8,57.9,0.2,,,,,,,,,,,,,,,,,,6,15.6,39.2,27.7,,,,,,,,,
5106158,Nova Bandeirantes,resto_mt,Demais MT,FALSE,2005,9366,1.4,1.32,35,6.8,57.9,0.2,,,,,,,,,3.7,3.6,89.4,83.1,,,,,,20.4,16.7,34.2,41.3,,,,,,,,,
5106158,Nova Bandeirantes,resto_mt,Demais MT,FALSE,2006,9800,1.4,1.32,35,6.8,57.9,0.2,,,,,,,,,,,,,,,,,,36.4,20.9,40.6,58.8,,,,,,,,,
5106158,Nova Bandeirantes,resto_mt,Demais MT,FALSE,2007,12742,1.4,1.32,35,6.8,57.9,0.2,,,,,,,,,4,4,91.9,82,18,16.7,,24.1,3.2,30,28.2,47,68,,,,,,,,,
5106158,Nova Bandeirantes,resto_mt,Demais MT,FALSE,2008,13425,1.4,1.32,35,6.8,57.9,0.2,,,,,,,,,,,,,18,22.2,,22.8,2.2,5.3,22,53.7,36.3,,,,,,,,,
5106158,Nova Bandeirantes,resto_mt,Demais MT,FALSE,2009,14078,1.4,1.32,35,6.8,57.9,0.2,,,,,,,,,4.7,3.7,93.8,84.9,16,31.2,48.5,22.5,2.6,23.8,17.5,39.3,60.7,,,,,,,,,
5106158,Nova Bandeirantes,resto_mt,Demais MT,FALSE,2010,11643,1.4,1.32,35,6.8,57.9,0.2,,,,0.65,Médio,0.62,42.82,15.75,,,,,14,42.9,55.4,18.8,0.7,0,9.7,41.6,56.1,18,1,7,1,7,0.6,15.46,,
5106158,Nova Bandeirantes,resto_mt,Demais MT,FALSE,2011,12004,1.4,1.32,35,6.8,57.9,0.2,,,,,,,,,4.8,4,95.8,91.8,14,53.8,70.1,17.2,2,27,17,46.6,71.6,,,,,,,,,
5106158,Nova Bandeirantes,resto_mt,Demais MT,FALSE,2012,12352,1.4,1.32,35,6.8,57.9,0.2,,,,,,,,,,,,,15,69.2,72.1,14.8,1.3,25.5,17.4,48.4,81.5,,,,,,,,,
5106158,Nova Bandeirantes,resto_mt,Demais MT,FALSE,2013,12946,1.4,1.32,35,6.8,57.9,0.2,8.23,,243.6,,,,,,5.7,4.7,97.8,95,15,76.9,79.3,9,1.3,32.7,28.4,54.9,73.2,,,,,,,,,
5106158,Nova Bandeirantes,resto_mt,Demais MT,FALSE,2014,13343,1.4,1.32,35,6.8,57.9,0.2,8.21,,238.41,,,,,,,,,,13,76.9,74.5,8.5,2.5,12.8,23.6,50.3,60.3,,,,,,,,,
5106158,Nova Bandeirantes,resto_mt,Demais MT,FALSE,2015,13729,1.4,1.32,35,6.8,57.9,0.2,7.92,,214.14,,,,,,5.6,4.8,99.1,95.7,13,81.8,78.6,6,0.4,19.1,21.5,61.1,63.1,19,1,7,1,7,0.51,13.84,,
5106158,Nova Bandeirantes,resto_mt,Demais MT,FALSE,2016,14106,1.4,1.32,35,6.8,57.9,0.2,7.01,,181.16,,,,,,,,,,13,81.8,85.4,4.6000000000000005,0,6.8,13,61.2,55.8,,,,,,,,,
5106158,Nova Bandeirantes,resto_mt,Demais MT,FALSE,2017,14473,1.4,1.32,35,6.8,57.9,0.2,5.94,,152.38,,,,,,6,5.3,98.5,97.1,13,81.8,79.9,4.2,1.3,12.7,13,61.4,75.3,,,,,,,,,
5106158,Nova Bandeirantes,resto_mt,Demais MT,FALSE,2018,14909,1.4,1.32,35,6.8,57.9,0.2,5.71,,165.28,,,,,,,,,,13,81.8,82.5,3.8,0.4,10.8,10.2,62.7,78.9,,,,,,,,,
5106158,Nova Bandeirantes,resto_mt,Demais MT,FALSE,2019,15288,1.4,1.32,35,6.8,57.9,0.2,5.55,1.26,368.24,,,,,,5.9,4.7,98.6,95.3,11,90.9,88.7,2.7,0.6,5.3,9.4,64.9,79.8,,,,,,,,,
5106158,Nova Bandeirantes,resto_mt,Demais MT,FALSE,2020,15685,1.4,1.32,35,6.8,57.9,0.2,5.92,1.17,352.06,,,,,,,,,,14,100,88.2,3,,5.8,7.3,69.2,80.2,23,1,11,1,9,0.57,14.66,435,2.8
5106158,Nova Bandeirantes,resto_mt,Demais MT,FALSE,2021,16052,1.4,1.32,35,6.8,57.9,0.2,7.07,1.16,371.98,,,,,,5.6,,99.4,96.8,14,100,,2.9,0,16.3,9.2,74.5,81.5,,,,,,,,,
5106158,Nova Bandeirantes,resto_mt,Demais MT,FALSE,2022,13635,1.4,1.32,35,6.8,57.9,0.2,10.48,1.53,662.45,,,,,,,,,,14,100,,1.7,0.3,9.1,10.4,72.3,80,,,,,,,,,
5106158,Nova Bandeirantes,resto_mt,Demais MT,FALSE,2023,13635,1.4,1.32,35,6.8,57.9,0.2,10.64,1.77,1146.14,,,,,,6.4,4.9,99.9,99.6,14,100,,,,,,,,27,1,12,1,9,0.66,19.8,556,4.1
5106158,Nova Bandeirantes,resto_mt,Demais MT,FALSE,2024,14160,1.4,1.32,35,6.8,57.9,0.2,9.58,1.82,1078.61,,,,,,,,,,14,100,,,,,,,,,,,,,,,,
5106158,Nova Bandeirantes,resto_mt,Demais MT,FALSE,2025,14340,1.4,1.32,35,6.8,57.9,0.2,,,,,,,,,,,,,,,,,,,,,,,,,,,,,,
5106174,Nova Nazaré,resto_mt,Demais MT,FALSE,2001,1984,2.79,2.76,18.2,6,34.7,41,,,,,,,,,,,,,,,,,,,,50,0,,,,,,,,,
5106174,Nova Nazaré,resto_mt,Demais MT,FALSE,2002,1989,2.79,2.76,18.2,6,34.7,41,,,,,,,,,,,,,,,,,,,,16,40,,,,,,,,,
5106174,Nova Nazaré,resto_mt,Demais MT,FALSE,2003,1991,2.79,2.76,18.2,6,34.7,41,,,,,,,,,,,,,,,,,,,22.7,41.2,76.5,,,,,,,,,
5106174,Nova Nazaré,resto_mt,Demais MT,FALSE,2004,1996,2.79,2.76,18.2,6,34.7,41,,,,,,,,,,,,,,,,,,42.6,33.7,29.8,46.8,,,,,,,,,
5106174,Nova Nazaré,resto_mt,Demais MT,FALSE,2005,1998,2.79,2.76,18.2,6,34.7,41,,,,,,,,,2.7,2.8,66.1,62.4,,,,,,,35.3,42.9,38.1,,,,,,,,,
5106174,Nova Nazaré,resto_mt,Demais MT,FALSE,2006,2001,2.79,2.76,18.2,6,34.7,41,,,,,,,,,,,,,,,,,,96.8,60.6,16.1,48.4,,,,,,,,,
5106174,Nova Nazaré,resto_mt,Demais MT,FALSE,2007,2745,2.79,2.76,18.2,6,34.7,41,,,,,,,,,2.8,2.8,67.4,67.2,11,18.2,,45.5,7.5,125,95.2,40.6,40.6,,,,,,,,,
5106174,Nova Nazaré,resto_mt,Demais MT,FALSE,2008,2867,2.79,2.76,18.2,6,34.7,41,,,,,,,,,,,,,12,16.7,,41.6,5.8,,125,28,56,,,,,,,,,
5106174,Nova Nazaré,resto_mt,Demais MT,FALSE,2009,2955,2.79,2.76,18.2,6,34.7,41,,,,,,,,,5.2,3.1,89,89.9,12,16.7,30.8,38.9,1.8,46.5,100,34.9,44.2,,,,,,,,,
5106174,Nova Nazaré,resto_mt,Demais MT,FALSE,2010,3029,2.79,2.76,18.2,6,34.7,41,,,,0.595,Baixo,0.55,53.9,16.24,,,,,12,16.7,46.7,34.4,0.4,,105.3,29.6,63,5,0,2,0,0,0,16.51,,
5106174,Nova Nazaré,resto_mt,Demais MT,FALSE,2011,3110,2.79,2.76,18.2,6,34.7,41,,,,,,,,,4,,78.8,87.9,12,8.3,51.9,30,2,,84.2,48,48,,,,,,,,,
5106174,Nova Nazaré,resto_mt,Demais MT,FALSE,2012,3187,2.79,2.76,18.2,6,34.7,41,,,,,,,,,,,,,12,16.7,49,29.8,0,44.8,75.6,26.9,23.9,,,,,,,,,
5106174,Nova Nazaré,resto_mt,Demais MT,FALSE,2013,3318,2.79,2.76,18.2,6,34.7,41,7.05,,322.55,,,,,,3.5,3.1,74.8,74.2,12,16.7,57.1,36.7,1.6,49.2,52.3,29.5,23,,,,,,,,,
5106174,Nova Nazaré,resto_mt,Demais MT,FALSE,2014,3406,2.79,2.76,18.2,6,34.7,41,7.66,,361.63,,,,,,,,,,12,16.7,48.1,37.2,0.5,162.2,72.7,48.6,51.4,,,,,,,,,
5106174,Nova Nazaré,resto_mt,Demais MT,FALSE,2015,3491,2.79,2.76,18.2,6,34.7,41,7.71,,370.44,,,,,,2.9,,50,82.4,12,16.7,49.1,39.1,1.6,88.9,90.9,53.3,46.7,5,0,3,0,0,0,14.32,,
5106174,Nova Nazaré,resto_mt,Demais MT,FALSE,2016,3574,2.79,2.76,18.2,6,34.7,41,8.31,,376.37,,,,,,,,,,12,16.7,42.6,48.7,0.5,29.4,80,23.9,27.9,,,,,,,,,
5106174,Nova Nazaré,resto_mt,Demais MT,FALSE,2017,3655,2.79,2.76,18.2,6,34.7,41,10.15,,483.22,,,,,,4.9,4.2,82.1,90.1,13,15.4,41.8,50.4,0,29.7,42.1,34,31.7,,,,,,,,,
5106174,Nova Nazaré,resto_mt,Demais MT,FALSE,2018,3765,2.79,2.76,18.2,6,34.7,41,12.86,,568.36,,,,,,,,,,13,15.4,49.3,48,0.3,0,20.2,38,45.6,,,,,,,,,
5106174,Nova Nazaré,resto_mt,Demais MT,FALSE,2019,3849,2.79,2.76,18.2,6,34.7,41,11.33,0.49,573.38,,,,,,,,88.5,81.4,13,23.1,48.7,40.7,0.9,40,25,36,53,,,,,,,,,
5106174,Nova Nazaré,resto_mt,Demais MT,FALSE,2020,3932,2.79,2.76,18.2,6,34.7,41,11.47,0.46,584.41,,,,,,,,,,13,23.1,47.1,35.4,,9.8,17.8,33.3,41.2,10,0,3,0,0,0,25.43,127,3.2
5106174,Nova Nazaré,resto_mt,Demais MT,FALSE,2021,4013,2.79,2.76,18.2,6,34.7,41,11.61,0.57,627.06,,,,,,,5.4,98.5,97.7,13,27.3,,25.5,0.2,68.6,39.5,28.7,36.3,,,,,,,,,
5106174,Nova Nazaré,resto_mt,Demais MT,FALSE,2022,4200,2.79,2.76,18.2,6,34.7,41,15.07,0.62,878.6,,,,,,,,,,13,92.3,,24.1,0,63.1,47.6,41.4,33.3,,,,,,,,,
5106174,Nova Nazaré,resto_mt,Demais MT,FALSE,2023,4200,2.79,2.76,18.2,6,34.7,41,17.31,0.64,1710.71,,,,,,5.1,,99.8,100,13,92.3,,,,,,,,8,0,3,0,0,0,19.05,191,4.5
5106174,Nova Nazaré,resto_mt,Demais MT,FALSE,2024,4467,2.79,2.76,18.2,6,34.7,41,17.17,0.63,1750.93,,,,,,,,,,13,92.3,,,,,,,,,,,,,,,,
5106174,Nova Nazaré,resto_mt,Demais MT,FALSE,2025,4575,2.79,2.76,18.2,6,34.7,41,,,,,,,,,,,,,,,,,,,,,,,,,,,,,,
5106182,Nova Lacerda,resto_mt,Demais MT,FALSE,2000,4045,1.77,1.72,31.3,8.1,56,4.7,,,,0.464,Muito Baixo,0.6,49.69,15.17,,,,,,,,,,18.9,,50,18.9,,,,,,,,,
5106182,Nova Lacerda,resto_mt,Demais MT,FALSE,2001,4183,1.77,1.72,31.3,8.1,56,4.7,,,,,,,,,,,,,,,,,,0,,46,30,,,,,,,,,
5106182,Nova Lacerda,resto_mt,Demais MT,FALSE,2002,4257,1.77,1.72,31.3,8.1,56,4.7,,,,,,,,,,,,,,,,,,31.2,18,37.5,32.8,,,,,,,,,
5106182,Nova Lacerda,resto_mt,Demais MT,FALSE,2003,4355,1.77,1.72,31.3,8.1,56,4.7,,,,,,,,,,,,,,,,,,29.9,22.1,41.8,41.8,,,,,,,,,
5106182,Nova Lacerda,resto_mt,Demais MT,FALSE,2004,4561,1.77,1.72,31.3,8.1,56,4.7,,,,,,,,,,,,,,,,,,14.7,25.1,44.1,32.4,,,,,,,,,
5106182,Nova Lacerda,resto_mt,Demais MT,FALSE,2005,4675,1.77,1.72,31.3,8.1,56,4.7,,,,,,,,,3.2,2.9,75.1,65.6,,,,,,40.8,27.2,51,59.2,,,,,,,,,
5106182,Nova Lacerda,resto_mt,Demais MT,FALSE,2006,4789,1.77,1.72,31.3,8.1,56,4.7,,,,,,,,,,,,,,,,,,0,15.5,59.2,55.3,,,,,,,,,
5106182,Nova Lacerda,resto_mt,Demais MT,FALSE,2007,4949,1.77,1.72,31.3,8.1,56,4.7,,,,,,,,,3.5,3.5,79.6,75.4,5,20,,27.9,4.2,30.3,19,42.4,54.5,,,,,,,,,
5106182,Nova Lacerda,resto_mt,Demais MT,FALSE,2008,5144,1.77,1.72,31.3,8.1,56,4.7,,,,,,,,,,,,,5,40,,26.3,3.5,16.4,11.8,55.7,68.9,,,,,,,,,
5106182,Nova Lacerda,resto_mt,Demais MT,FALSE,2009,5252,1.77,1.72,31.3,8.1,56,4.7,,,,,,,,,4.3,3.4,86.7,69.8,5,40,51.7,24.2,1.3,13.5,17.9,55.4,66.2,,,,,,,,,
5106182,Nova Lacerda,resto_mt,Demais MT,FALSE,2010,5436,1.77,1.72,31.3,8.1,56,4.7,,,,0.636,Médio,0.51,42.79,12.9,,,,,5,40,57.1,20.4,2.7,23.8,18.3,51.2,67.9,4,0,3,0,0,0,7.36,,
5106182,Nova Lacerda,resto_mt,Demais MT,FALSE,2011,5544,1.77,1.72,31.3,8.1,56,4.7,,,,,,,,,4.8,4,87.1,87.8,8,40,70.2,19,0.9,10.2,15.6,69.4,71.4,,,,,,,,,
5106182,Nova Lacerda,resto_mt,Demais MT,FALSE,2012,5648,1.77,1.72,31.3,8.1,56,4.7,,,,,,,,,,,,,8,60,70.5,15.4,1.1,0,11.8,64.4,71.2,,,,,,,,,
5106182,Nova Lacerda,resto_mt,Demais MT,FALSE,2013,5824,1.77,1.72,31.3,8.1,56,4.7,9.43,,295.96,,,,,,5.2,3.8,91.8,77.6,8,60,62.2,16.7,0.3,39.5,16.2,76.3,77.6,,,,,,,,,
5106182,Nova Lacerda,resto_mt,Demais MT,FALSE,2014,5939,1.77,1.72,31.3,8.1,56,4.7,9.8,,311.19,,,,,,,,,,8,60,62.3,25.1,3.9,0,13.5,72.6,75.3,,,,,,,,,
5106182,Nova Lacerda,resto_mt,Demais MT,FALSE,2015,6052,1.77,1.72,31.3,8.1,56,4.7,9.63,,302.76,,,,,,5.6,5.2,95.2,96.2,8,100,57.9,19.7,0.6,13,17.7,62.3,77.9,10,0,3,0,0,0,16.52,,
5106182,Nova Lacerda,resto_mt,Demais MT,FALSE,2016,6231,1.77,1.72,31.3,8.1,56,4.7,10.03,,321.55,,,,,,,,,,8,80,51.4,21.9,3.1,0,4.8,56.7,65,,,,,,,,,
5106182,Nova Lacerda,resto_mt,Demais MT,FALSE,2017,6338,1.77,1.72,31.3,8.1,56,4.7,9.02,,288.29,,,,,,5.6,4.4,99,98,8,80,56.6,8.3,0.4,31.9,17.3,68.1,78.7,,,,,,,,,
5106182,Nova Lacerda,resto_mt,Demais MT,FALSE,2018,6526,1.77,1.72,31.3,8.1,56,4.7,8.14,,251.82,,,,,,,,,,8,100,73.3,7.7,0.2,12.3,17,71.6,85.2,,,,,,,,,
5106182,Nova Lacerda,resto_mt,Demais MT,FALSE,2019,6640,1.77,1.72,31.3,8.1,56,4.7,6.9,1.78,491.37,,,,,,5.4,4.6,96.8,92.3,11,71.4,72.2,7.2,0.9,23.3,23,74.4,72.1,,,,,,,,,
5106182,Nova Lacerda,resto_mt,Demais MT,FALSE,2020,6751,1.77,1.72,31.3,8.1,56,4.7,6.75,1.75,466.88,,,,,,,,,,10,85.7,78.3,3.3,,10.4,15.2,74,59.4,13,0,5,1,6,0.89,19.26,420,6.2
5106182,Nova Lacerda,resto_mt,Demais MT,FALSE,2021,6861,1.77,1.72,31.3,8.1,56,4.7,7.38,1.75,471.37,,,,,,5.1,4.7,99.2,99.8,10,100,,4.4,0.2,20.8,18,75,71.9,,,,,,,,,
5106182,Nova Lacerda,resto_mt,Demais MT,FALSE,2022,6670,1.77,1.72,31.3,8.1,56,4.7,9.09,1.89,671.36,,,,,,,,,,10,100,,4.3,0.2,28.3,20.1,71.7,78.3,,,,,,,,,
5106182,Nova Lacerda,resto_mt,Demais MT,FALSE,2023,6670,1.77,1.72,31.3,8.1,56,4.7,10.39,1.95,1180.28,,,,,,6,4.7,100,96.8,11,100,,,,,,,,13,0,6,0,0,0,19.49,590,8.8
5106182,Nova Lacerda,resto_mt,Demais MT,FALSE,2024,6965,1.77,1.72,31.3,8.1,56,4.7,10.35,2.05,1230.29,,,,,,,,,,8,100,,,,,,,,,,,,,,,,
5106182,Nova Lacerda,resto_mt,Demais MT,FALSE,2025,7072,1.77,1.72,31.3,8.1,56,4.7,,,,,,,,,,,,,,,,,,,,,,,,,,,,,,
5106190,Nova Santa Helena,resto_mt,Demais MT,FALSE,2001,3292,1.75,1.69,39.8,6.9,53,0.2,,,,,,,,,,,,,,,,,,,,43.8,100,,,,,,,,,
5106190,Nova Santa Helena,resto_mt,Demais MT,FALSE,2002,3353,1.75,1.69,39.8,6.9,53,0.2,,,,,,,,,,,,,,,,,,0,,58,52,,,,,,,,,
5106190,Nova Santa Helena,resto_mt,Demais MT,FALSE,2003,3412,1.75,1.69,39.8,6.9,53,0.2,,,,,,,,,,,,,,,,,,18.9,8.4,58.5,54.7,,,,,,,,,
5106190,Nova Santa Helena,resto_mt,Demais MT,FALSE,2004,3535,1.75,1.69,39.8,6.9,53,0.2,,,,,,,,,,,,,,,,,,0,6.6,67.3,61.2,,,,,,,,,
5106190,Nova Santa Helena,resto_mt,Demais MT,FALSE,2005,3603,1.75,1.69,39.8,6.9,53,0.2,,,,,,,,,3.7,2.8,89.3,65.4,,,,,,16.7,12.3,73.3,48.3,,,,,,,,,
5106190,Nova Santa Helena,resto_mt,Demais MT,FALSE,2006,3671,1.75,1.69,39.8,6.9,53,0.2,,,,,,,,,,,,,,,,,,0,6.2,64.7,52.9,,,,,,,,,
5106190,Nova Santa Helena,resto_mt,Demais MT,FALSE,2007,3347,1.75,1.69,39.8,6.9,53,0.2,,,,,,,,,4.4,4.1,95.8,93.7,3,66.7,,21.8,1.8,0,6.2,52,62,,,,,,,,,
5106190,Nova Santa Helena,resto_mt,Demais MT,FALSE,2008,3453,1.75,1.69,39.8,6.9,53,0.2,,,,,,,,,,,,,3,66.7,,14.2,0.6,0,0,60.4,56.2,,,,,,,,,
5106190,Nova Santa Helena,resto_mt,Demais MT,FALSE,2009,3473,1.75,1.69,39.8,6.9,53,0.2,,,,,,,,,5.2,4.5,96.7,87.5,3,66.7,51.3,14.2,0.9,18.2,6.5,63.6,78.2,,,,,,,,,
5106190,Nova Santa Helena,resto_mt,Demais MT,FALSE,2010,3468,1.75,1.69,39.8,6.9,53,0.2,,,,0.714,Alto,0.64,33.94,2.89,,,,,3,66.7,45.5,12.5,1,41.7,19.9,60.4,62.5,5,0,4,0,0,0,14.42,,
5106190,Nova Santa Helena,resto_mt,Demais MT,FALSE,2011,3487,1.75,1.69,39.8,6.9,53,0.2,,,,,,,,,4.7,3.7,92,85.2,3,66.7,75,11.8,1.9,0,21.4,62.2,62.2,,,,,,,,,
5106190,Nova Santa Helena,resto_mt,Demais MT,FALSE,2012,3505,1.75,1.69,39.8,6.9,53,0.2,,,,,,,,,,,,,3,100,86.5,10.2,2.3,0,15.7,66.7,71.4,,,,,,,,,
5106190,Nova Santa Helena,resto_mt,Demais MT,FALSE,2013,3534,1.75,1.69,39.8,6.9,53,0.2,6.59,,195.71,,,,,,5.2,4.5,96.1,92.6,5,100,85.7,8.6,0.7,0,0,71.9,79.7,,,,,,,,,
5106190,Nova Santa Helena,resto_mt,Demais MT,FALSE,2014,3550,1.75,1.69,39.8,6.9,53,0.2,5.55,,168.86,,,,,,,,,,5,100,75,6.8,0.8,19.2,6.3,71.2,80.8,,,,,,,,,
5106190,Nova Santa Helena,resto_mt,Demais MT,FALSE,2015,3566,1.75,1.69,39.8,6.9,53,0.2,4.91,,130.83,,,,,,5.5,4.2,98.6,96.1,5,80,75.6,5.5,0.4,34.5,17.2,86.2,86.2,8,0,4,0,0,0,22.43,,
5106190,Nova Santa Helena,resto_mt,Demais MT,FALSE,2016,3581,1.75,1.69,39.8,6.9,53,0.2,3.99,,101.41,,,,,,,,,,5,100,72.1,3.9,1,0,19.2,80.4,76.1,,,,,,,,,
5106190,Nova Santa Helena,resto_mt,Demais MT,FALSE,2017,3596,1.75,1.69,39.8,6.9,53,0.2,3.42,,88.01,,,,,,5.8,5.1,100,97.9,5,100,70.5,1.7,0,0,13,70,92,,,,,,,,,
5106190,Nova Santa Helena,resto_mt,Demais MT,FALSE,2018,3699,1.75,1.69,39.8,6.9,53,0.2,3.51,,95.59,,,,,,,,,,5,100,71.1,0.7,0,0,0,76.7,85,,,,,,,,,
5106190,Nova Santa Helena,resto_mt,Demais MT,FALSE,2019,3718,1.75,1.69,39.8,6.9,53,0.2,3.2,2.69,515.65,,,,,,5.7,,100,95.1,5,100,60,1.1,0,49.2,17.5,72.1,83.6,,,,,,,,,
5106190,Nova Santa Helena,resto_mt,Demais MT,FALSE,2020,3737,1.75,1.69,39.8,6.9,53,0.2,4.09,2.57,506.75,,,,,,,,,,5,100,58.7,1.7,,17.5,22.5,80.7,82.5,8,0,4,0,0,0,21.41,506,13.5
5106190,Nova Santa Helena,resto_mt,Demais MT,FALSE,2021,3755,1.75,1.69,39.8,6.9,53,0.2,4.45,2.42,481.31,,,,,,5.3,,99.7,96.6,5,100,,3.8,0.3,12.2,25,78,85.4,,,,,,,,,
5106190,Nova Santa Helena,resto_mt,Demais MT,FALSE,2022,4239,1.75,1.69,39.8,6.9,53,0.2,3.89,2.01,469.25,,,,,,,,,,5,100,,3.1,0,0,9.5,88.7,91.5,,,,,,,,,
5106190,Nova Santa Helena,resto_mt,Demais MT,FALSE,2023,4239,1.75,1.69,39.8,6.9,53,0.2,4.34,2.01,692.63,,,,,,5.8,4.9,98.1,92.4,5,100,,,,,,,,7,0,3,0,0,0,16.51,775,18.3
5106190,Nova Santa Helena,resto_mt,Demais MT,FALSE,2024,4431,1.75,1.69,39.8,6.9,53,0.2,3.68,1.94,628.25,,,,,,,,,,5,100,,,,,,,,,,,,,,,,
5106190,Nova Santa Helena,resto_mt,Demais MT,FALSE,2025,4502,1.75,1.69,39.8,6.9,53,0.2,,,,,,,,,,,,,,,,,,,,,,,,,,,,,,
5106208,Nova Brasilândia,resto_mt,Demais MT,FALSE,2000,5786,-1.26,-1.28,27.3,8.4,64.1,0.1,,,,0.516,Baixo,0.55,66.1,18.65,,,,,,,,,,10.8,,36.6,75.3,,,,,,,,,
5106208,Nova Brasilândia,resto_mt,Demais MT,FALSE,2001,5590,-1.26,-1.28,27.3,8.4,64.1,0.1,,,,,,,,,,,,,,,,,,24.4,,39.8,76.9,,,,,,,,,
5106208,Nova Brasilândia,resto_mt,Demais MT,FALSE,2002,5450,-1.26,-1.28,27.3,8.4,64.1,0.1,,,,,,,,,,,,,,,,,,19,18.7,39,62.9,,,,,,,,,
5106208,Nova Brasilândia,resto_mt,Demais MT,FALSE,2003,5294,-1.26,-1.28,27.3,8.4,64.1,0.1,,,,,,,,,,,,,,,,,,40.5,26.5,35.1,59.5,,,,,,,,,
5106208,Nova Brasilândia,resto_mt,Demais MT,FALSE,2004,4967,-1.26,-1.28,27.3,8.4,64.1,0.1,,,,,,,,,,,,,,,,,,55.6,35.9,36.1,38.9,,,,,,,,,
5106208,Nova Brasilândia,resto_mt,Demais MT,FALSE,2005,4786,-1.26,-1.28,27.3,8.4,64.1,0.1,,,,,,,,,3.3,,75.1,,,,,,,32.6,42,31.5,18.5,,,,,,,,,
5106208,Nova Brasilândia,resto_mt,Demais MT,FALSE,2006,4606,-1.26,-1.28,27.3,8.4,64.1,0.1,,,,,,,,,,,,,,,,,,49.2,44.4,41,32.8,,,,,,,,,
5106208,Nova Brasilândia,resto_mt,Demais MT,FALSE,2007,4891,-1.26,-1.28,27.3,8.4,64.1,0.1,,,,,,,,,3.1,3.3,83.6,79.5,6,33.3,,49.7,5.3,15.6,32.3,40.6,75,,,,,,,,,
5106208,Nova Brasilândia,resto_mt,Demais MT,FALSE,2008,4989,-1.26,-1.28,27.3,8.4,64.1,0.1,,,,,,,,,,,,,6,33.3,,40.3,4.8,41.7,34.7,41.7,62.5,,,,,,,,,
5106208,Nova Brasilândia,resto_mt,Demais MT,FALSE,2009,4902,-1.26,-1.28,27.3,8.4,64.1,0.1,,,,,,,,,,3.9,94.3,81.9,6,33.3,72.3,35.2,2.5,0,19.1,48.9,71.1,,,,,,,,,
5106208,Nova Brasilândia,resto_mt,Demais MT,FALSE,2010,4587,-1.26,-1.28,27.3,8.4,64.1,0.1,,,,0.651,Médio,0.64,46.24,18.13,,,,,6,33.3,74.5,13,0.4,23.8,22.2,52.4,54.8,10,1,5,1,11,2.4,21.8,,
5106208,Nova Brasilândia,resto_mt,Demais MT,FALSE,2011,4495,-1.26,-1.28,27.3,8.4,64.1,0.1,,,,,,,,,4.5,3.9,99.8,94,7,40,87.5,6.1,0.2,27.8,16.3,47.2,72.2,,,,,,,,,
5106208,Nova Brasilândia,resto_mt,Demais MT,FALSE,2012,4406,-1.26,-1.28,27.3,8.4,64.1,0.1,,,,,,,,,,,,,7,80,88.9,2.3,0,35.7,29.9,51.8,82.1,,,,,,,,,
5106208,Nova Brasilândia,resto_mt,Demais MT,FALSE,2013,4252,-1.26,-1.28,27.3,8.4,64.1,0.1,11.38,,311.75,,,,,,4.4,4.2,100,98.1,7,60,91.8,2.2,0,0,20.4,58.2,70.9,,,,,,,,,
5106208,Nova Brasilândia,resto_mt,Demais MT,FALSE,2014,4139,-1.26,-1.28,27.3,8.4,64.1,0.1,11.16,,303.42,,,,,,,,,,7,80,90.2,0.9,0,62.5,31.4,54.2,64.6,,,,,,,,,
5106208,Nova Brasilândia,resto_mt,Demais MT,FALSE,2015,4029,-1.26,-1.28,27.3,8.4,64.1,0.1,9.53,,239.3,,,,,,5.3,3.9,99.4,96.6,7,100,96.3,1.8,0.3,0,20.7,45.2,73.8,12,0,7,1,10,2.48,29.78,,
5106208,Nova Brasilândia,resto_mt,Demais MT,FALSE,2016,3931,-1.26,-1.28,27.3,8.4,64.1,0.1,8.34,,193.95,,,,,,,,,,7,100,90.4,1.8,0,,34.5,56,69.2,,,,,,,,,
5106208,Nova Brasilândia,resto_mt,Demais MT,FALSE,2017,3827,-1.26,-1.28,27.3,8.4,64.1,0.1,6.98,,148.19,,,,,,5.5,4,100,95.7,7,100,90,1.7,0,0,9.1,66.7,78.6,,,,,,,,,
5106208,Nova Brasilândia,resto_mt,Demais MT,FALSE,2018,3928,-1.26,-1.28,27.3,8.4,64.1,0.1,5.78,,115.7,,,,,,,,,,7,100,96,3,0.8,24.4,18.3,63.4,73.2,,,,,,,,,
5106208,Nova Brasilândia,resto_mt,Demais MT,FALSE,2019,3829,-1.26,-1.28,27.3,8.4,64.1,0.1,4.91,4.52,817.24,,,,,,5.3,4,98.2,93,7,100,90.7,3.5,0,42.6,23.1,57.4,83,,,,,,,,,
5106208,Nova Brasilândia,resto_mt,Demais MT,FALSE,2020,3805,-1.26,-1.28,27.3,8.4,64.1,0.1,5.31,4.39,802.42,,,,,,,,,,7,100,93.6,4.1,,0,23.8,55.3,84.2,11,0,6,1,10,2.63,28.91,700,18.4
5106208,Nova Brasilândia,resto_mt,Demais MT,FALSE,2021,3656,-1.26,-1.28,27.3,8.4,64.1,0.1,5.58,4.4,772.52,,,,,,5.1,4,100,92.8,7,100,,3.1,0,21.7,22.9,47.8,84.8,,,,,,,,,
5106208,Nova Brasilândia,resto_mt,Demais MT,FALSE,2022,3932,-1.26,-1.28,27.3,8.4,64.1,0.1,6.46,4.12,887.61,,,,,,,,,,6,100,,2.6,0,25,16.1,60,80,,,,,,,,,
5106208,Nova Brasilândia,resto_mt,Demais MT,FALSE,2023,3932,-1.26,-1.28,27.3,8.4,64.1,0.1,7.63,4.25,1328.58,,,,,,5.5,,99.7,100,5,100,,,,,,,,10,0,5,1,10,2.54,25.43,920,23.4
5106208,Nova Brasilândia,resto_mt,Demais MT,FALSE,2024,3853,-1.26,-1.28,27.3,8.4,64.1,0.1,8.51,4.36,1448.27,,,,,,,,,,5,100,,,,,,,,,,,,,,,,
5106208,Nova Brasilândia,resto_mt,Demais MT,FALSE,2025,3791,-1.26,-1.28,27.3,8.4,64.1,0.1,,,,,,,,,,,,,,,,,,,,,,,,,,,,,,
5106216,Nova Canaã do Norte,resto_mt,Demais MT,FALSE,2000,11516,-0.22,-0.29,36.3,5.8,57.7,0.1,,,,0.484,Muito Baixo,0.56,55.77,9.84,,,,,,,,,,20.2,,44.2,51,,,,,,,,,
5106216,Nova Canaã do Norte,resto_mt,Demais MT,FALSE,2001,11433,-0.22,-0.29,36.3,5.8,57.7,0.1,,,,,,,,,,,,,,,,,,24,,49.2,36.8,,,,,,,,,
5106216,Nova Canaã do Norte,resto_mt,Demais MT,FALSE,2002,11373,-0.22,-0.29,36.3,5.8,57.7,0.1,,,,,,,,,,,,,,,,,,16.2,19.7,54.6,45.4,,,,,,,,,
5106216,Nova Canaã do Norte,resto_mt,Demais MT,FALSE,2003,11307,-0.22,-0.29,36.3,5.8,57.7,0.1,,,,,,,,,,,,,,,,,,21.3,20.1,58,47.1,,,,,,,,,
5106216,Nova Canaã do Norte,resto_mt,Demais MT,FALSE,2004,11168,-0.22,-0.29,36.3,5.8,57.7,0.1,,,,,,,,,,,,,,,,,,31.1,22.5,55.3,69.6,,,,,,,,,
5106216,Nova Canaã do Norte,resto_mt,Demais MT,FALSE,2005,11091,-0.22,-0.29,36.3,5.8,57.7,0.1,,,,,,,,,4,3.5,86.2,80.2,,,,,,20.3,24.1,73,67.6,,,,,,,,,
5106216,Nova Canaã do Norte,resto_mt,Demais MT,FALSE,2006,11015,-0.22,-0.29,36.3,5.8,57.7,0.1,,,,,,,,,,,,,,,,,,26.5,26.1,55.6,57.1,,,,,,,,,
5106216,Nova Canaã do Norte,resto_mt,Demais MT,FALSE,2007,12652,-0.22,-0.29,36.3,5.8,57.7,0.1,,,,,,,,,4.5,4.1,87.9,91.5,12,33.3,,19.7,1.9,12.7,20.2,55.7,38.2,,,,,,,,,
5106216,Nova Canaã do Norte,resto_mt,Demais MT,FALSE,2008,13087,-0.22,-0.29,36.3,5.8,57.7,0.1,,,,,,,,,,,,,12,50,,18.5,1.6,11.7,17.4,54.4,64.3,,,,,,,,,
5106216,Nova Canaã do Norte,resto_mt,Demais MT,FALSE,2009,13237,-0.22,-0.29,36.3,5.8,57.7,0.1,,,,,,,,,4.9,4.8,91.8,94.4,12,58.3,54.8,14.7,0.6,6.4,10.3,61.1,81.9,,,,,,,,,
5106216,Nova Canaã do Norte,resto_mt,Demais MT,FALSE,2010,12127,-0.22,-0.29,36.3,5.8,57.7,0.1,,,,0.686,Médio,0.55,36.85,6.22,,,,,12,58.3,57.2,14.5,0.3,15.9,11.6,63.5,77.8,9,1,6,1,12,0.99,7.42,,
5106216,Nova Canaã do Norte,resto_mt,Demais MT,FALSE,2011,12174,-0.22,-0.29,36.3,5.8,57.7,0.1,,,,,,,,,4.9,4.6,97.4,94.6,12,83.3,63.2,11.7,0.2,11.1,11.4,53.1,68.9,,,,,,,,,
5106216,Nova Canaã do Norte,resto_mt,Demais MT,FALSE,2012,12220,-0.22,-0.29,36.3,5.8,57.7,0.1,,,,,,,,,,,,,12,90.9,62.2,8.9,0.3,5.3,10.7,64.7,66.3,,,,,,,,,
5106216,Nova Canaã do Norte,resto_mt,Demais MT,FALSE,2013,12295,-0.22,-0.29,36.3,5.8,57.7,0.1,4.31,,131.38,,,,,,5.6,4.6,95.5,92.1,11,81.8,80.2,7.8,0,11.1,9.1,72.1,85.6,,,,,,,,,
5106216,Nova Canaã do Norte,resto_mt,Demais MT,FALSE,2014,12330,-0.22,-0.29,36.3,5.8,57.7,0.1,3.49,,106.48,,,,,,,,,,11,81.8,74.2,7.7,0,5.7,7.3,77,81.7,,,,,,,,,
5106216,Nova Canaã do Norte,resto_mt,Demais MT,FALSE,2015,12365,-0.22,-0.29,36.3,5.8,57.7,0.1,3.18,,91.57,,,,,,5.6,4.7,95.1,93.1,11,72.7,77.8,6.4,0.2,0,5.5,81.7,88,12,0,7,0,0,0,9.7,,
5106216,Nova Canaã do Norte,resto_mt,Demais MT,FALSE,2016,12355,-0.22,-0.29,36.3,5.8,57.7,0.1,2.7,,73.51,,,,,,,,,,12,81.8,88.2,6.4,0,18.6,7.6,83.2,82.6,,,,,,,,,
5106216,Nova Canaã do Norte,resto_mt,Demais MT,FALSE,2017,12388,-0.22,-0.29,36.3,5.8,57.7,0.1,2.57,,68.16,,,,,,5.6,4.8,97.5,92.4,12,90.9,84.6,5.4,0,13.2,9.9,75.7,84.2,,,,,,,,,
5106216,Nova Canaã do Norte,resto_mt,Demais MT,FALSE,2018,12739,-0.22,-0.29,36.3,5.8,57.7,0.1,2.95,,74.72,,,,,,,,,,12,90.9,85.1,4.5,0.1,4.8,11.5,79.7,75.8,,,,,,,,,
5106216,Nova Canaã do Norte,resto_mt,Demais MT,FALSE,2019,12787,-0.22,-0.29,36.3,5.8,57.7,0.1,2.86,1.49,308.57,,,,,,5.7,4.8,97.9,92.6,11,100,83.4,4.4,0.1,10.9,9.2,81.4,87.4,,,,,,,,,
5106216,Nova Canaã do Norte,resto_mt,Demais MT,FALSE,2020,12831,-0.22,-0.29,36.3,5.8,57.7,0.1,3.1,1.39,297.62,,,,,,,,,,12,100,87.3,4,,5.4,7,83.7,73.4,18,1,9,0,0,0,14.03,900,7
5106216,Nova Canaã do Norte,resto_mt,Demais MT,FALSE,2021,12876,-0.22,-0.29,36.3,5.8,57.7,0.1,3.55,1.36,293.31,,,,,,5.5,4.7,99.3,98.3,12,100,,3.1,0.3,17.2,11.1,83.9,83.3,,,,,,,,,
5106216,Nova Canaã do Norte,resto_mt,Demais MT,FALSE,2022,11707,-0.22,-0.29,36.3,5.8,57.7,0.1,4.07,1.5,390.83,,,,,,,,,,11,100,,3.3,0,6.1,9.6,87.3,87.3,,,,,,,,,
5106216,Nova Canaã do Norte,resto_mt,Demais MT,FALSE,2023,11707,-0.22,-0.29,36.3,5.8,57.7,0.1,4.49,1.56,605.6,,,,,,6,4.5,98.3,97.2,11,100,,,,,,,,19,0,11,1,5,0.43,16.23,1811,15.5
5106216,Nova Canaã do Norte,resto_mt,Demais MT,FALSE,2024,11771,-0.22,-0.29,36.3,5.8,57.7,0.1,4.45,1.58,603.68,,,,,,,,,,11,100,,,,,,,,,,,,,,,,
5106216,Nova Canaã do Norte,resto_mt,Demais MT,FALSE,2025,11734,-0.22,-0.29,36.3,5.8,57.7,0.1,,,,,,,,,,,,,,,,,,,,,,,,,,,,,,
5106224,Nova Mutum,resto_mt,Demais MT,FALSE,2000,14818,4.75,4.85,35.8,8.2,55.6,0.2,,,,0.64,Médio,0.56,29.6,1.64,,,,,,,,,,21.1,,50,47.5,,,,,,,,,
5106224,Nova Mutum,resto_mt,Demais MT,FALSE,2001,14534,4.75,4.85,35.8,8.2,55.6,0.2,,,,,,,,,,,,,,,,,,21.1,,44.4,46.5,,,,,,,,,
5106224,Nova Mutum,resto_mt,Demais MT,FALSE,2002,15195,4.75,4.85,35.8,8.2,55.6,0.2,,,,,,,,,,,,,,,,,,3.3,15.3,43.8,60.9,,,,,,,,,
5106224,Nova Mutum,resto_mt,Demais MT,FALSE,2003,15932,4.75,4.85,35.8,8.2,55.6,0.2,,,,,,,,,,,,,,,,,,18,14.3,48.9,66.2,,,,,,,,,
5106224,Nova Mutum,resto_mt,Demais MT,FALSE,2004,17473,4.75,4.85,35.8,8.2,55.6,0.2,,,,,,,,,,,,,,,,,,11.1,10.7,50.6,74.7,,,,,,,,,
5106224,Nova Mutum,resto_mt,Demais MT,FALSE,2005,18329,4.75,4.85,35.8,8.2,55.6,0.2,,,,,,,,,4.2,3.2,89.6,73.6,,,,,,16.8,15.2,46,77,,,,,,,,,
5106224,Nova Mutum,resto_mt,Demais MT,FALSE,2006,19178,4.75,4.85,35.8,8.2,55.6,0.2,,,,,,,,,,,,,,,,,,13.4,13.9,43.8,74.8,,,,,,,,,
5106224,Nova Mutum,resto_mt,Demais MT,FALSE,2007,24368,4.75,4.85,35.8,8.2,55.6,0.2,,,,,,,,,4.7,4.3,91.2,86.3,15,73.3,,9.3,1,16.9,15.9,40.1,85,,,,,,,,,
5106224,Nova Mutum,resto_mt,Demais MT,FALSE,2008,25658,4.75,4.85,35.8,8.2,55.6,0.2,,,,,,,,,,,,,18,83.3,,8.8,1.1,13,14.5,51.1,87.7,,,,,,,,,
5106224,Nova Mutum,resto_mt,Demais MT,FALSE,2009,26874,4.75,4.85,35.8,8.2,55.6,0.2,,,,,,,,,5.3,4.7,97.4,93.7,18,100,82.9,8.7,1,18.5,16.2,54.8,84.9,,,,,,,,,
5106224,Nova Mutum,resto_mt,Demais MT,FALSE,2010,31649,4.75,4.85,35.8,8.2,55.6,0.2,,,,0.758,Alto,0.51,14.31,0.62,,,,,20,90,79.3,5.4,0.3,16.1,16,63.4,86.2,50,1,20,1,31,0.98,15.8,,
5106224,Nova Mutum,resto_mt,Demais MT,FALSE,2011,33034,4.75,4.85,35.8,8.2,55.6,0.2,,,,,,,,,5.4,4.9,99.7,98.3,23,95,89.4,4.1,0.3,14.4,16.3,67.1,83.3,,,,,,,,,
5106224,Nova Mutum,resto_mt,Demais MT,FALSE,2012,34374,4.75,4.85,35.8,8.2,55.6,0.2,,,,,,,,,,,,,24,100,87.9,0.5,0.1,16.7,15.8,69.1,87.8,,,,,,,,,
5106224,Nova Mutum,resto_mt,Demais MT,FALSE,2013,36659,4.75,4.85,35.8,8.2,55.6,0.2,2.58,,73.8,,,,,,5.7,4.6,100,98.3,24,100,80.6,0.4,0,16,15.7,69,82.2,,,,,,,,,
5106224,Nova Mutum,resto_mt,Demais MT,FALSE,2014,38206,4.75,4.85,35.8,8.2,55.6,0.2,2.32,,63.05,,,,,,,,,,25,100,76.1,0.3,0,11.8,14.7,74.7,81.8,,,,,,,,,
5106224,Nova Mutum,resto_mt,Demais MT,FALSE,2015,39712,4.75,4.85,35.8,8.2,55.6,0.2,2.23,,55.86,,,,,,5.8,4.8,100,97.8,27,100,73.5,0.2,0,7.8,11.6,66.9,83.2,71,4,25,2,30,0.76,17.88,,
5106224,Nova Mutum,resto_mt,Demais MT,FALSE,2016,41178,4.75,4.85,35.8,8.2,55.6,0.2,2.36,,57.08,,,,,,,,,,29,100,74.6,0.3,0,7.4,8.8,63.9,84.8,,,,,,,,,
5106224,Nova Mutum,resto_mt,Demais MT,FALSE,2017,42607,4.75,4.85,35.8,8.2,55.6,0.2,2.5,,58.5,,,,,,6,4.9,100,95.5,30,100,69.8,0.4,0,8.5,7.9,65.8,87.4,,,,,,,,,
5106224,Nova Mutum,resto_mt,Demais MT,FALSE,2018,43919,4.75,4.85,35.8,8.2,55.6,0.2,2.68,,58.79,,,,,,,,,,32,100,73.4,0.6,0,10.2,8.8,63.2,88.1,,,,,,,,,
5106224,Nova Mutum,resto_mt,Demais MT,FALSE,2019,45378,4.75,4.85,35.8,8.2,55.6,0.2,2.41,1.05,219.88,,,,,,5.9,4.8,99.7,94.1,33,100,72.2,0.8,0,11.1,10,57.6,87.8,,,,,,,,,
5106224,Nova Mutum,resto_mt,Demais MT,FALSE,2020,46813,4.75,4.85,35.8,8.2,55.6,0.2,2.38,1.06,220.7,,,,,,,,,,34,100,69.8,0.8,,6.1,9.1,64.4,85.9,150,3,38,2,117,2.5,32.04,50776,100
5106224,Nova Mutum,resto_mt,Demais MT,FALSE,2021,48222,4.75,4.85,35.8,8.2,55.6,0.2,2.31,0.99,201.6,,,,,,5.9,5,99.9,99.6,34,100,,0.6,0,8.6,8.6,70.7,86.2,,,,,,,,,
5106224,Nova Mutum,resto_mt,Demais MT,FALSE,2022,55839,4.75,4.85,35.8,8.2,55.6,0.2,2.79,0.88,244.75,,,,,,,,,,35,100,,0.7,0,12.4,9.1,65.6,86.1,,,,,,,,,
5106224,Nova Mutum,resto_mt,Demais MT,FALSE,2023,55839,4.75,4.85,35.8,8.2,55.6,0.2,2.95,0.97,382.14,,,,,,6.1,5,99.9,99.8,35,100,,,,,,,,218,3,45,1,165,2.95,39.04,55269,99
5106224,Nova Mutum,resto_mt,Demais MT,FALSE,2024,61223,4.75,4.85,35.8,8.2,55.6,0.2,2.54,1.03,364.97,,,,,,,,,,39,100,,,,,,,,,,,,,,,,
5106224,Nova Mutum,resto_mt,Demais MT,FALSE,2025,63455,4.75,4.85,35.8,8.2,55.6,0.2,,,,,,,,,,,,,,,,,,,,,,,,,,,,,,
5106232,Nova Olímpia,resto_mt,Demais MT,FALSE,2000,14186,-0.52,-0.57,23.4,10.7,65.8,0.1,,,,0.524,Baixo,0.49,50.34,5.94,,,,,,,,,,26.6,,36.8,70.2,,,,,,,,,
5106232,Nova Olímpia,resto_mt,Demais MT,FALSE,2001,15063,-0.52,-0.57,23.4,10.7,65.8,0.1,,,,,,,,,,,,,,,,,,19.3,,35.9,63.9,,,,,,,,,
5106232,Nova Olímpia,resto_mt,Demais MT,FALSE,2002,15716,-0.52,-0.57,23.4,10.7,65.8,0.1,,,,,,,,,,,,,,,,,,31.6,25.8,38.6,75,,,,,,,,,
5106232,Nova Olímpia,resto_mt,Demais MT,FALSE,2003,16427,-0.52,-0.57,23.4,10.7,65.8,0.1,,,,,,,,,,,,,,,,,,23.9,24.9,43,72.8,,,,,,,,,
5106232,Nova Olímpia,resto_mt,Demais MT,FALSE,2004,17917,-0.52,-0.57,23.4,10.7,65.8,0.1,,,,,,,,,,,,,,,,,,15.4,23.8,33.8,75.4,,,,,,,,,
5106232,Nova Olímpia,resto_mt,Demais MT,FALSE,2005,18743,-0.52,-0.57,23.4,10.7,65.8,0.1,,,,,,,,,3.6,2.7,85.7,67.1,,,,,,19.7,19.7,49.1,77.6,,,,,,,,,
5106232,Nova Olímpia,resto_mt,Demais MT,FALSE,2006,19562,-0.52,-0.57,23.4,10.7,65.8,0.1,,,,,,,,,,,,,,,,,,10.2,15.2,42.7,77.7,,,,,,,,,
5106232,Nova Olímpia,resto_mt,Demais MT,FALSE,2007,19474,-0.52,-0.57,23.4,10.7,65.8,0.1,,,,,,,,,4,3.5,91.2,81.4,11,54.5,,19.6,0.9,9.7,13.2,51.4,75.4,,,,,,,,,
5106232,Nova Olímpia,resto_mt,Demais MT,FALSE,2008,20330,-0.52,-0.57,23.4,10.7,65.8,0.1,,,,,,,,,,,,,11,90.9,,16.9,1.3,5,8.3,52.8,71.6,,,,,,,,,
5106232,Nova Olímpia,resto_mt,Demais MT,FALSE,2009,20944,-0.52,-0.57,23.4,10.7,65.8,0.1,,,,,,,,,5,4.1,99.5,91.5,11,100,71.4,13.7,0.4,18.1,10.5,52.1,74.1,,,,,,,,,
5106232,Nova Olímpia,resto_mt,Demais MT,FALSE,2010,17515,-0.52,-0.57,23.4,10.7,65.8,0.1,,,,0.682,Médio,0.56,35.67,3.78,,,,,12,91.7,74.9,11,0.2,13.2,11.6,48.3,78.2,17,2,8,1,32,1.83,9.71,,
5106232,Nova Olímpia,resto_mt,Demais MT,FALSE,2011,17771,-0.52,-0.57,23.4,10.7,65.8,0.1,,,,,,,,,5.1,4.1,99.2,96.5,12,91.7,85.9,9.8,0.8,23.5,18.2,44,77.9,,,,,,,,,
5106232,Nova Olímpia,resto_mt,Demais MT,FALSE,2012,18018,-0.52,-0.57,23.4,10.7,65.8,0.1,,,,,,,,,,,,,12,100,90.7,6.1,1.6,13.7,16.8,40.5,74.3,,,,,,,,,
5106232,Nova Olímpia,resto_mt,Demais MT,FALSE,2013,18437,-0.52,-0.57,23.4,10.7,65.8,0.1,7.64,,215.08,,,,,,5.3,4.3,99.6,98.3,12,100,87.3,3.4,0.4,13.2,16.8,49.2,69.1,,,,,,,,,
5106232,Nova Olímpia,resto_mt,Demais MT,FALSE,2014,18704,-0.52,-0.57,23.4,10.7,65.8,0.1,8.16,,247.34,,,,,,,,,,12,100,86.3,2.7,0.2,21,15.9,55.6,64,,,,,,,,,
5106232,Nova Olímpia,resto_mt,Demais MT,FALSE,2015,18965,-0.52,-0.57,23.4,10.7,65.8,0.1,7.47,,215.07,,,,,,5.6,4.4,100,94.6,12,100,88.6,2.4,0,9.4,14.3,54.2,68,18,3,8,2,37,1.95,9.49,,
5106232,Nova Olímpia,resto_mt,Demais MT,FALSE,2016,19218,-0.52,-0.57,23.4,10.7,65.8,0.1,6.36,,170.55,,,,,,,,,,12,100,88.7,2,0.1,3.9,11.6,50,70.9,,,,,,,,,
5106232,Nova Olímpia,resto_mt,Demais MT,FALSE,2017,19465,-0.52,-0.57,23.4,10.7,65.8,0.1,5.16,,135.41,,,,,,5.9,4.4,100,95.7,12,90.9,86.2,1,0,7.1,7,57.6,70.3,,,,,,,,,
5106232,Nova Olímpia,resto_mt,Demais MT,FALSE,2018,20034,-0.52,-0.57,23.4,10.7,65.8,0.1,4.27,,109.72,,,,,,,,,,12,100,86.9,1,0,11.4,7.5,54,65.8,,,,,,,,,
5106232,Nova Olímpia,resto_mt,Demais MT,FALSE,2019,20301,-0.52,-0.57,23.4,10.7,65.8,0.1,3.65,1.7,361.35,,,,,,5.9,4.2,100,89.8,11,100,86.5,1.4,0,22.6,13.6,56.6,63.4,,,,,,,,,
5106232,Nova Olímpia,resto_mt,Demais MT,FALSE,2020,20563,-0.52,-0.57,23.4,10.7,65.8,0.1,4.05,1.59,350.18,,,,,,,,,,11,100,86.6,0.9,,0,11.4,61,64.9,21,1,7,2,32,1.56,10.21,16563,80.5
5106232,Nova Olímpia,resto_mt,Demais MT,FALSE,2021,20820,-0.52,-0.57,23.4,10.7,65.8,0.1,4.55,1.46,332.37,,,,,,5.9,4.5,100,98.3,12,100,,1.5,0,11.8,11.6,71.9,67.3,,,,,,,,,
5106232,Nova Olímpia,resto_mt,Demais MT,FALSE,2022,16352,-0.52,-0.57,23.4,10.7,65.8,0.1,6.81,1.76,541.16,,,,,,,,,,12,100,,3.2,0,13.6,8.2,65.2,73.3,,,,,,,,,
5106232,Nova Olímpia,resto_mt,Demais MT,FALSE,2023,16352,-0.52,-0.57,23.4,10.7,65.8,0.1,7.28,1.85,871.97,,,,,,6.1,4.5,100,100,12,100,,,,,,,,31,1,12,2,32,1.96,18.96,19854,100
5106232,Nova Olímpia,resto_mt,Demais MT,FALSE,2024,16314,-0.52,-0.57,23.4,10.7,65.8,0.1,7.77,1.98,964.75,,,,,,,,,,12,100,,,,,,,,,,,,,,,,
5106232,Nova Olímpia,resto_mt,Demais MT,FALSE,2025,16204,-0.52,-0.57,23.4,10.7,65.8,0.1,,,,,,,,,,,,,,,,,,,,,,,,,,,,,,
5106240,Nova Ubiratã,resto_mt,Demais MT,FALSE,2000,5654,0.38,1.88,37,8.5,53.4,1,,,,0.515,Baixo,0.55,33.86,7.7,,,,,,,,,,28.6,,25.7,27.1,,,,,,,,,
5106240,Nova Ubiratã,resto_mt,Demais MT,FALSE,2001,5976,0.38,1.88,37,8.5,53.4,1,,,,,,,,,,,,,,,,,,0,,30,32.5,,,,,,,,,
5106240,Nova Ubiratã,resto_mt,Demais MT,FALSE,2002,6250,0.38,1.88,37,8.5,53.4,1,,,,,,,,,,,,,,,,,,0,8.4,37.5,43.2,,,,,,,,,
5106240,Nova Ubiratã,resto_mt,Demais MT,FALSE,2003,6527,0.38,1.88,37,8.5,53.4,1,,,,,,,,,,,,,,,,,,26,8.2,37.7,50.6,,,,,,,,,
5106240,Nova Ubiratã,resto_mt,Demais MT,FALSE,2004,7108,0.38,1.88,37,8.5,53.4,1,,,,,,,,,,,,,,,,,,10.2,11.4,36.7,59.2,,,,,,,,,
5106240,Nova Ubiratã,resto_mt,Demais MT,FALSE,2005,7430,0.38,1.88,37,8.5,53.4,1,,,,,,,,,3.4,3.4,78.5,76.5,,,,,,7.4,12.9,40.4,47.8,,,,,,,,,
5106240,Nova Ubiratã,resto_mt,Demais MT,FALSE,2006,7749,0.38,1.88,37,8.5,53.4,1,,,,,,,,,,,,,,,,,,0,5.4,36.3,62.7,,,,,,,,,
5106240,Nova Ubiratã,resto_mt,Demais MT,FALSE,2007,7782,0.38,1.88,37,8.5,53.4,1,,,,,,,,,3.7,3.6,77.4,81.7,12,8.3,,21.4,1.9,0,2.6,38.5,56.9,,,,,,,,,
5106240,Nova Ubiratã,resto_mt,Demais MT,FALSE,2008,8125,0.38,1.88,37,8.5,53.4,1,,,,,,,,,,,,,12,16.7,,21.6,2.6,0,0,40.1,71.1,,,,,,,,,
5106240,Nova Ubiratã,resto_mt,Demais MT,FALSE,2009,8372,0.38,1.88,37,8.5,53.4,1,,,,,,,,,4.6,3.5,89.1,80.6,12,58.3,53.7,19.3,1.2,20.2,5.7,49.5,61.6,,,,,,,,,
5106240,Nova Ubiratã,resto_mt,Demais MT,FALSE,2010,9218,0.38,1.88,37,8.5,53.4,1,,,,0.669,Médio,0.5,32.51,6.26,,,,,10,70,56.2,19.5,1,6.8,7.8,34.2,77.4,18,0,11,0,0,0,19.53,,
5106240,Nova Ubiratã,resto_mt,Demais MT,FALSE,2011,9492,0.38,1.88,37,8.5,53.4,1,,,,,,,,,4.8,4.5,95.2,87.1,15,72.7,59.8,14.6,0.8,14,12.9,37.8,86,,,,,,,,,
5106240,Nova Ubiratã,resto_mt,Demais MT,FALSE,2012,9757,0.38,1.88,37,8.5,53.4,1,,,,,,,,,,,,,18,78.6,53.3,13.2,0.9,23.1,14.3,48.5,78.5,,,,,,,,,
5106240,Nova Ubiratã,resto_mt,Demais MT,FALSE,2013,10207,0.38,1.88,37,8.5,53.4,1,4.49,,162.83,,,,,,5.1,3.8,95.3,90.2,18,85.7,59.5,10,0.1,20.8,19.2,43.1,85.4,,,,,,,,,
5106240,Nova Ubiratã,resto_mt,Demais MT,FALSE,2014,10508,0.38,1.88,37,8.5,53.4,1,4.63,,156.77,,,,,,,,,,18,92.9,60.4,9.3,0,0,14.8,49.2,81.8,,,,,,,,,
5106240,Nova Ubiratã,resto_mt,Demais MT,FALSE,2015,10801,0.38,1.88,37,8.5,53.4,1,4.48,,133.63,,,,,,5.5,4.1,92.8,93.3,18,78.6,73.7,10.9,0.1,14.5,12.1,49.3,76.8,18,1,12,0,0,0,16.67,,
5106240,Nova Ubiratã,resto_mt,Demais MT,FALSE,2016,11074,0.38,1.88,37,8.5,53.4,1,3.61,,99.09,,,,,,,,,,15,85.7,67.3,10.6,0,6.4,7,51.3,73.7,,,,,,,,,
5106240,Nova Ubiratã,resto_mt,Demais MT,FALSE,2017,11352,0.38,1.88,37,8.5,53.4,1,2.29,,61.08,,,,,,5.5,4.7,92.9,93.4,15,78.6,62,11.1,0,10.6,10.4,51.3,71.4,,,,,,,,,
5106240,Nova Ubiratã,resto_mt,Demais MT,FALSE,2018,11694,0.38,1.88,37,8.5,53.4,1,1.68,,45.97,,,,,,,,,,16,80,60.7,11.6,0,0,5.8,55.7,75,,,,,,,,,
5106240,Nova Ubiratã,resto_mt,Demais MT,FALSE,2019,11982,0.38,1.88,37,8.5,53.4,1,1.53,0.75,162.65,,,,,,5.5,4.5,94,88.9,16,100,71.5,9.8,0.1,30.6,14.3,57.1,74.5,,,,,,,,,
5106240,Nova Ubiratã,resto_mt,Demais MT,FALSE,2020,12298,0.38,1.88,37,8.5,53.4,1,1.79,0.74,167.97,,,,,,,,,,15,100,82.2,9.7,,0,11.2,62.3,75.9,19,0,12,0,0,0,15.45,3906,31.8
5106240,Nova Ubiratã,resto_mt,Demais MT,FALSE,2021,12492,0.38,1.88,37,8.5,53.4,1,2.14,0.73,171.03,,,,,,5.1,5,98.9,96,15,93.3,,5.9,0,0,10.8,60.7,74.5,,,,,,,,,
5106240,Nova Ubiratã,resto_mt,Demais MT,FALSE,2022,11530,0.38,1.88,37,8.5,53.4,1,2.5,0.76,224.66,,,,,,,,,,15,100,,5.6,0,17.2,6.8,65.1,73.7,,,,,,,,,
5106240,Nova Ubiratã,resto_mt,Demais MT,FALSE,2023,11530,0.38,1.88,37,8.5,53.4,1,2.42,0.88,336.67,,,,,,5.9,5.2,100,98.5,15,100,,,,,,,,22,0,13,0,0,0,19.08,4949,42.9
5106240,Nova Ubiratã,resto_mt,Demais MT,FALSE,2024,12108,0.38,1.88,37,8.5,53.4,1,2.54,1.08,374.62,,,,,,,,,,15,100,,,,,,,,,,,,,,,,
5106240,Nova Ubiratã,resto_mt,Demais MT,FALSE,2025,9760,0.38,1.88,37,8.5,53.4,1,,,,,,,,,,,,,,,,,,,,,,,,,,,,,,
5106257,Nova Xavantina,resto_mt,Demais MT,FALSE,2000,17832,1.86,1.8,33.6,7.7,57.8,0.7,,,,0.587,Baixo,0.58,51.87,6.11,,,,,,,,,,14.4,,43.1,48.4,,,,,,,,,
5106257,Nova Xavantina,resto_mt,Demais MT,FALSE,2001,17742,1.86,1.8,33.6,7.7,57.8,0.7,,,,,,,,,,,,,,,,,,22.6,,45.8,50,,,,,,,,,
5106257,Nova Xavantina,resto_mt,Demais MT,FALSE,2002,17690,1.86,1.8,33.6,7.7,57.8,0.7,,,,,,,,,,,,,,,,,,18.5,18.7,45.2,40.5,,,,,,,,,
5106257,Nova Xavantina,resto_mt,Demais MT,FALSE,2003,17623,1.86,1.8,33.6,7.7,57.8,0.7,,,,,,,,,,,,,,,,,,23.1,21.2,49.8,45.9,,,,,,,,,
5106257,Nova Xavantina,resto_mt,Demais MT,FALSE,2004,17485,1.86,1.8,33.6,7.7,57.8,0.7,,,,,,,,,,,,,,,,,,10.2,17.4,50,56.8,,,,,,,,,
5106257,Nova Xavantina,resto_mt,Demais MT,FALSE,2005,17408,1.86,1.8,33.6,7.7,57.8,0.7,,,,,,,,,3.4,3.9,82.2,83,,,,,,31.6,21.2,49.4,57.3,,,,,,,,,
5106257,Nova Xavantina,resto_mt,Demais MT,FALSE,2006,17332,1.86,1.8,33.6,7.7,57.8,0.7,,,,,,,,,,,,,,,,,,4.1,15.1,61,55.7,,,,,,,,,
5106257,Nova Xavantina,resto_mt,Demais MT,FALSE,2007,18670,1.86,1.8,33.6,7.7,57.8,0.7,,,,,,,,,4.2,3.8,90.8,89.3,18,61.1,,22.4,4.5,21.6,19.2,60.3,69.6,,,,,,,,,
5106257,Nova Xavantina,resto_mt,Demais MT,FALSE,2008,19268,1.86,1.8,33.6,7.7,57.8,0.7,,,,,,,,,,,,,18,61.1,,18.2,2,7.8,10.9,65.9,72.2,,,,,,,,,
5106257,Nova Xavantina,resto_mt,Demais MT,FALSE,2009,19398,1.86,1.8,33.6,7.7,57.8,0.7,,,,,,,,,4.5,4.1,88.1,88.7,17,64.7,75.7,16.7,4.1,21.7,17,70.7,76,,,,,,,,,
5106257,Nova Xavantina,resto_mt,Demais MT,FALSE,2010,19643,1.86,1.8,33.6,7.7,57.8,0.7,,,,0.704,Alto,0.53,28.16,2.64,,,,,17,76.5,68.8,13.5,2.3,12,14.1,73.2,75.2,12,2,6,2,28,1.43,6.11,,
5106257,Nova Xavantina,resto_mt,Demais MT,FALSE,2011,19783,1.86,1.8,33.6,7.7,57.8,0.7,,,,,,,,,4.9,4.1,98.2,93.1,26,82.4,76.1,7.1,0.3,14.4,16.2,79.1,59.4,,,,,,,,,
5106257,Nova Xavantina,resto_mt,Demais MT,FALSE,2012,19917,1.86,1.8,33.6,7.7,57.8,0.7,,,,,,,,,,,,,26,93.8,75.4,7.9,0,7.5,11.3,88,70.8,,,,,,,,,
5106257,Nova Xavantina,resto_mt,Demais MT,FALSE,2013,20143,1.86,1.8,33.6,7.7,57.8,0.7,3.99,,114.49,,,,,,4.9,4.2,98.5,95,25,93.3,80.4,5.4,0.2,14.5,12.2,85.9,63,,,,,,,,,
5106257,Nova Xavantina,resto_mt,Demais MT,FALSE,2014,20273,1.86,1.8,33.6,7.7,57.8,0.7,3.56,,101.38,,,,,,,,,,26,100,79.1,4.1,0.1,5.7,9,92,61.5,,,,,,,,,
5106257,Nova Xavantina,resto_mt,Demais MT,FALSE,2015,20399,1.86,1.8,33.6,7.7,57.8,0.7,3.41,,90.86,,,,,,5.6,4.3,99.2,94.5,26,100,79.8,2.8,0.3,3.7,7.8,86.1,64.1,12,1,6,1,14,0.69,5.88,,
5106257,Nova Xavantina,resto_mt,Demais MT,FALSE,2016,20519,1.86,1.8,33.6,7.7,57.8,0.7,2.97,,76.43,,,,,,,,,,27,100,78.3,2.5,0,3.6,4.5,86.1,63.5,,,,,,,,,
5106257,Nova Xavantina,resto_mt,Demais MT,FALSE,2017,20639,1.86,1.8,33.6,7.7,57.8,0.7,2.45,,60.4,,,,,,5.2,4.5,98.1,93.3,26,100,84.4,3.8,0.5,7.4,4.9,87.5,74.2,,,,,,,,,
5106257,Nova Xavantina,resto_mt,Demais MT,FALSE,2018,21231,1.86,1.8,33.6,7.7,57.8,0.7,2.38,,58.9,,,,,,,,,,25,100,87.3,2.9,0.4,11.9,7.9,86.6,79.2,,,,,,,,,
5106257,Nova Xavantina,resto_mt,Demais MT,FALSE,2019,21374,1.86,1.8,33.6,7.7,57.8,0.7,2.26,2.54,464.43,,,,,,5.9,4.2,99.1,87.8,14,100,94.4,3.3,0.3,12.1,10.6,84.9,76.4,,,,,,,,,
5106257,Nova Xavantina,resto_mt,Demais MT,FALSE,2020,20944,1.86,1.8,33.6,7.7,57.8,0.7,2.51,2.52,466.58,,,,,,,,,,20,100,90.3,2.9,,12.4,12.1,88.9,73.1,20,1,8,1,21,1,9.55,12235,58.4
5106257,Nova Xavantina,resto_mt,Demais MT,FALSE,2021,21695,1.86,1.8,33.6,7.7,57.8,0.7,2.7,2.37,430.57,,,,,,5.8,4.5,99.8,95,21,100,,2.2,0.1,6.6,10.4,85.9,77.3,,,,,,,,,
5106257,Nova Xavantina,resto_mt,Demais MT,FALSE,2022,24345,1.86,1.8,33.6,7.7,57.8,0.7,4.26,2.16,513.1,,,,,,,,,,23,100,,3.7,0,9.3,9.5,81.1,83.9,,,,,,,,,
5106257,Nova Xavantina,resto_mt,Demais MT,FALSE,2023,24345,1.86,1.8,33.6,7.7,57.8,0.7,5.39,2.35,822.17,,,,,,6.1,4.8,99.7,98.5,15,100,,,,,,,,28,1,8,1,19,0.78,11.5,15742,64.7
5106257,Nova Xavantina,resto_mt,Demais MT,FALSE,2024,25486,1.86,1.8,33.6,7.7,57.8,0.7,5.85,2.51,898.27,,,,,,,,,,15,100,,,,,,,,,,,,,,,,
5106257,Nova Xavantina,resto_mt,Demais MT,FALSE,2025,25915,1.86,1.8,33.6,7.7,57.8,0.7,,,,,,,,,,,,,,,,,,,,,,,,,,,,,,
5106265,Novo Mundo,resto_mt,Demais MT,FALSE,2000,4997,-0.94,-0.97,36.3,5.5,57.9,0.2,,,,0.492,Muito Baixo,0.62,65.07,16.36,,,,,,,,,,24.4,,19.8,23.2,,,,,,,,,
5106265,Novo Mundo,resto_mt,Demais MT,FALSE,2001,5190,-0.94,-0.97,36.3,5.5,57.9,0.2,,,,,,,,,,,,,,,,,,25,,22.5,27.5,,,,,,,,,
5106265,Novo Mundo,resto_mt,Demais MT,FALSE,2002,5427,-0.94,-0.97,36.3,5.5,57.9,0.2,,,,,,,,,,,,,,,,,,0,14.7,31.7,45.1,,,,,,,,,
5106265,Novo Mundo,resto_mt,Demais MT,FALSE,2003,5627,-0.94,-0.97,36.3,5.5,57.9,0.2,,,,,,,,,,,,,,,,,,10,9,40,32,,,,,,,,,
5106265,Novo Mundo,resto_mt,Demais MT,FALSE,2004,6046,-0.94,-0.97,36.3,5.5,57.9,0.2,,,,,,,,,,,,,,,,,,37.5,15.3,40,26.2,,,,,,,,,
5106265,Novo Mundo,resto_mt,Demais MT,FALSE,2005,6278,-0.94,-0.97,36.3,5.5,57.9,0.2,,,,,,,,,3.5,3.2,75.4,71.7,,,,,,29.1,24.7,36.9,35,,,,,,,,,
5106265,Novo Mundo,resto_mt,Demais MT,FALSE,2006,6508,-0.94,-0.97,36.3,5.5,57.9,0.2,,,,,,,,,,,,,,,,,,0,21.5,32.3,44.8,,,,,,,,,
5106265,Novo Mundo,resto_mt,Demais MT,FALSE,2007,6725,-0.94,-0.97,36.3,5.5,57.9,0.2,,,,,,,,,4.6,4.1,90.2,91.1,23,13,,19.3,7.7,11.2,13.9,32.6,42.7,,,,,,,,,
5106265,Novo Mundo,resto_mt,Demais MT,FALSE,2008,7015,-0.94,-0.97,36.3,5.5,57.9,0.2,,,,,,,,,,,,,24,20.8,,16.2,5.2,11.5,7.4,41.4,57.5,,,,,,,,,
5106265,Novo Mundo,resto_mt,Demais MT,FALSE,2009,7216,-0.94,-0.97,36.3,5.5,57.9,0.2,,,,,,,,,5.6,4.4,98.3,94.1,16,25,56.4,13.8,1.5,11.1,11.3,52.2,67.8,,,,,,,,,
5106265,Novo Mundo,resto_mt,Demais MT,FALSE,2010,7332,-0.94,-0.97,36.3,5.5,57.9,0.2,,,,0.674,Médio,0.52,44.64,7.22,,,,,12,41.7,63.9,9,0.2,21.3,14.8,46.8,63.8,7,0,6,0,0,0,9.55,,
5106265,Novo Mundo,resto_mt,Demais MT,FALSE,2011,7512,-0.94,-0.97,36.3,5.5,57.9,0.2,,,,,,,,,5.2,4.7,98.4,96.2,31,33.3,63.1,10,0.4,0,11.4,57,65.8,,,,,,,,,
5106265,Novo Mundo,resto_mt,Demais MT,FALSE,2012,7685,-0.94,-0.97,36.3,5.5,57.9,0.2,,,,,,,,,,,,,31,33.3,75.3,6.8,1.7,13,12,57.1,68.8,,,,,,,,,
5106265,Novo Mundo,resto_mt,Demais MT,FALSE,2013,7979,-0.94,-0.97,36.3,5.5,57.9,0.2,7.9,,235.16,,,,,,5.6,4.6,99.4,97,31,54.5,62.8,6.4,0,0,4.3,59.5,78.5,,,,,,,,,
5106265,Novo Mundo,resto_mt,Demais MT,FALSE,2014,8174,-0.94,-0.97,36.3,5.5,57.9,0.2,7.59,,227.77,,,,,,,,,,32,63.6,60.7,4.3,0.2,11.6,8.3,62.8,81.4,,,,,,,,,
5106265,Novo Mundo,resto_mt,Demais MT,FALSE,2015,8364,-0.94,-0.97,36.3,5.5,57.9,0.2,7.13,,193.44,,,,,,5.8,4.7,99.4,97.2,32,70,71.6,3.8,0.6,15.2,8.7,65.2,83.3,9,0,5,0,0,0,10.76,,
5106265,Novo Mundo,resto_mt,Demais MT,FALSE,2016,8549,-0.94,-0.97,36.3,5.5,57.9,0.2,6.09,,153.94,,,,,,,,,,32,80,74.7,3.6,0.6,0,8.2,74.2,84.9,,,,,,,,,
5106265,Novo Mundo,resto_mt,Demais MT,FALSE,2017,8730,-0.94,-0.97,36.3,5.5,57.9,0.2,5.01,,122.86,,,,,,5.8,5.1,99.6,98.7,32,70,84.6,3.6,0.2,9.3,7.5,66.4,74.8,,,,,,,,,
5106265,Novo Mundo,resto_mt,Demais MT,FALSE,2018,8990,-0.94,-0.97,36.3,5.5,57.9,0.2,4.49,,102.87,,,,,,,,,,32,80,82.6,1.7,0,10,6.7,67,71,,,,,,,,,
5106265,Novo Mundo,resto_mt,Demais MT,FALSE,2019,9178,-0.94,-0.97,36.3,5.5,57.9,0.2,3.99,1.22,286.8,,,,,,6.2,,100,96.7,32,80,91.3,1.9,0,9.1,9.5,73.6,80.9,,,,,,,,,
5106265,Novo Mundo,resto_mt,Demais MT,FALSE,2020,9363,-0.94,-0.97,36.3,5.5,57.9,0.2,4.15,1.17,279.83,,,,,,,,,,32,80,91.6,1.3,,19.2,12.7,68.3,79.8,9,0,5,0,0,0,9.61,317,3.4
5106265,Novo Mundo,resto_mt,Demais MT,FALSE,2021,9545,-0.94,-0.97,36.3,5.5,57.9,0.2,4.14,1.17,273.24,,,,,,5.8,,100,98,32,80,,2.7,0,8.3,12,71.7,77.5,,,,,,,,,
5106265,Novo Mundo,resto_mt,Demais MT,FALSE,2022,6520,-0.94,-0.97,36.3,5.5,57.9,0.2,7.35,1.75,562.57,,,,,,,,,,25,100,,1.9,0,16.9,14.6,80.5,82.2,,,,,,,,,
5106265,Novo Mundo,resto_mt,Demais MT,FALSE,2023,6520,-0.94,-0.97,36.3,5.5,57.9,0.2,8.44,1.87,996.87,,,,,,5.7,5.5,100,99.5,25,100,,,,,,,,12,1,5,0,0,0,18.4,571,8.8
5106265,Novo Mundo,resto_mt,Demais MT,FALSE,2024,6444,-0.94,-0.97,36.3,5.5,57.9,0.2,8.88,2.33,1127.55,,,,,,,,,,25,100,,,,,,,,,,,,,,,,
5106265,Novo Mundo,resto_mt,Demais MT,FALSE,2025,6368,-0.94,-0.97,36.3,5.5,57.9,0.2,,,,,,,,,,,,,,,,,,,,,,,,,,,,,,
5106273,Novo Horizonte do Norte,resto_mt,Demais MT,FALSE,2000,3511,-0.91,-0.94,31.9,7.7,60.2,0.2,,,,0.524,Baixo,0.44,58.54,9.4,,,,,,,,,,35.1,,70.2,91.2,,,,,,,,,
5106273,Novo Horizonte do Norte,resto_mt,Demais MT,FALSE,2001,3413,-0.91,-0.94,31.9,7.7,60.2,0.2,,,,,,,,,,,,,,,,,,0,,59.3,85.2,,,,,,,,,
5106273,Novo Horizonte do Norte,resto_mt,Demais MT,FALSE,2002,3352,-0.91,-0.94,31.9,7.7,60.2,0.2,,,,,,,,,,,,,,,,,,42.6,25.3,36.2,87.2,,,,,,,,,
5106273,Novo Horizonte do Norte,resto_mt,Demais MT,FALSE,2003,3278,-0.91,-0.94,31.9,7.7,60.2,0.2,,,,,,,,,,,,,,,,,,0,13.4,37.5,95.8,,,,,,,,,
5106273,Novo Horizonte do Norte,resto_mt,Demais MT,FALSE,2004,3123,-0.91,-0.94,31.9,7.7,60.2,0.2,,,,,,,,,,,,,,,,,,20.8,21,68.8,85.4,,,,,,,,,
5106273,Novo Horizonte do Norte,resto_mt,Demais MT,FALSE,2005,3037,-0.91,-0.94,31.9,7.7,60.2,0.2,,,,,,,,,3.6,2.7,82.3,64.3,,,,,,0,7.2,58.1,97.7,,,,,,,,,
5106273,Novo Horizonte do Norte,resto_mt,Demais MT,FALSE,2006,2952,-0.91,-0.94,31.9,7.7,60.2,0.2,,,,,,,,,,,,,,,,,,26.3,15.5,55.3,97.4,,,,,,,,,
5106273,Novo Horizonte do Norte,resto_mt,Demais MT,FALSE,2007,3802,-0.91,-0.94,31.9,7.7,60.2,0.2,,,,,,,,,3.9,3.6,90.6,84.2,4,50,,19.4,1.4,25,16.5,45,95,,,,,,,,,
5106273,Novo Horizonte do Norte,resto_mt,Demais MT,FALSE,2008,3930,-0.91,-0.94,31.9,7.7,60.2,0.2,,,,,,,,,,,,,4,50,,20.3,1.2,0,16.8,46.3,100,,,,,,,,,
5106273,Novo Horizonte do Norte,resto_mt,Demais MT,FALSE,2009,3970,-0.91,-0.94,31.9,7.7,60.2,0.2,,,,,,,,,4.3,4.5,94,94.3,4,50,66,14.7,0,22.7,16,59.1,100,,,,,,,,,
5106273,Novo Horizonte do Norte,resto_mt,Demais MT,FALSE,2010,3749,-0.91,-0.94,31.9,7.7,60.2,0.2,,,,0.664,Médio,0.49,37.42,14.74,,,,,3,100,73.8,13.4,0.4,,18,57.7,88.5,3,1,2,1,9,2.4,8,,
5106273,Novo Horizonte do Norte,resto_mt,Demais MT,FALSE,2011,3768,-0.91,-0.94,31.9,7.7,60.2,0.2,,,,,,,,,5.4,4.4,95.7,97.4,5,100,75.6,9.4,0,54.1,37.4,45.9,75.7,,,,,,,,,
5106273,Novo Horizonte do Norte,resto_mt,Demais MT,FALSE,2012,3785,-0.91,-0.94,31.9,7.7,60.2,0.2,,,,,,,,,,,,,5,100,87.2,8.6,0.4,0,27.5,60.9,80.4,,,,,,,,,
5106273,Novo Horizonte do Norte,resto_mt,Demais MT,FALSE,2013,3815,-0.91,-0.94,31.9,7.7,60.2,0.2,6.92,,186.14,,,,,,5.5,3.8,98.1,97.7,5,100,86.7,5.4,0.5,50,32.5,57.5,67.5,,,,,,,,,
5106273,Novo Horizonte do Norte,resto_mt,Demais MT,FALSE,2014,3830,-0.91,-0.94,31.9,7.7,60.2,0.2,6.37,,164.33,,,,,,,,,,5,100,96.4,17.7,2.9,0,13.8,64.4,89.8,,,,,,,,,
5106273,Novo Horizonte do Norte,resto_mt,Demais MT,FALSE,2015,3845,-0.91,-0.94,31.9,7.7,60.2,0.2,5.75,,137.39,,,,,,6.1,4.6,96.1,97.7,6,75,88.9,11.9,3.9,0,14.8,58.3,94.4,8,1,4,1,9,2.34,20.81,,
5106273,Novo Horizonte do Norte,resto_mt,Demais MT,FALSE,2016,3862,-0.91,-0.94,31.9,7.7,60.2,0.2,4.79,,110.32,,,,,,,,,,6,75,96.2,11.6,8.5,25.6,7.5,51.3,89.7,,,,,,,,,
5106273,Novo Horizonte do Norte,resto_mt,Demais MT,FALSE,2017,3876,-0.91,-0.94,31.9,7.7,60.2,0.2,4.26,,106.5,,,,,,5.9,4.6,99.1,99.5,6,75,89.6,3.9,0.9,0,7.5,67.8,89.8,,,,,,,,,
5106273,Novo Horizonte do Norte,resto_mt,Demais MT,FALSE,2018,3985,-0.91,-0.94,31.9,7.7,60.2,0.2,3.59,,87.65,,,,,,,,,,6,100,81.8,2.8,0,0,7.1,78.6,85.7,,,,,,,,,
5106273,Novo Horizonte do Norte,resto_mt,Demais MT,FALSE,2019,4004,-0.91,-0.94,31.9,7.7,60.2,0.2,3.3,1.62,338.89,,,,,,6.4,5.1,98.5,95.2,6,100,80,4.8,1.5,63.8,20.3,57.4,85.1,,,,,,,,,
5106273,Novo Horizonte do Norte,resto_mt,Demais MT,FALSE,2020,4051,-0.91,-0.94,31.9,7.7,60.2,0.2,3.55,1.78,364.48,,,,,,,,,,4,75,90,1.8,,0,24.6,66.7,87.9,10,1,3,1,12,2.96,24.69,205,5.1
5106273,Novo Horizonte do Norte,resto_mt,Demais MT,FALSE,2021,4069,-0.91,-0.94,31.9,7.7,60.2,0.2,3.66,2.09,403.01,,,,,,,,100,97.9,4,100,,1.2,0,25.6,33.6,82.1,82.1,,,,,,,,,
5106273,Novo Horizonte do Norte,resto_mt,Demais MT,FALSE,2022,3349,-0.91,-0.94,31.9,7.7,60.2,0.2,5.37,2.72,635.44,,,,,,,,,,4,100,,0.4,0,21.3,16.8,68.1,91.5,,,,,,,,,
5106273,Novo Horizonte do Norte,resto_mt,Demais MT,FALSE,2023,3349,-0.91,-0.94,31.9,7.7,60.2,0.2,6.09,3.05,1003.23,,,,,,6.6,5.5,100,98.8,4,100,,,,,,,,13,1,3,1,10,2.99,38.82,328,9.8
5106273,Novo Horizonte do Norte,resto_mt,Demais MT,FALSE,2024,3307,-0.91,-0.94,31.9,7.7,60.2,0.2,6.41,3.36,1108.2,,,,,,,,,,4,100,,,,,,,,,,,,,,,,
5106273,Novo Horizonte do Norte,resto_mt,Demais MT,FALSE,2025,3267,-0.91,-0.94,31.9,7.7,60.2,0.2,,,,,,,,,,,,,,,,,,,,,,,,,,,,,,
5106281,Novo São Joaquim,resto_mt,Demais MT,FALSE,2000,9464,1.21,1.14,29.8,5.8,61.6,2.7,,,,0.511,Baixo,0.65,57.87,10.25,,,,,,,,,,20.7,,43.4,23.4,,,,,,,,,
5106281,Novo São Joaquim,resto_mt,Demais MT,FALSE,2001,7792,1.21,1.14,29.8,5.8,61.6,2.7,,,,,,,,,,,,,,,,,,42.6,,54.6,24.1,,,,,,,,,
5106281,Novo São Joaquim,resto_mt,Demais MT,FALSE,2002,7972,1.21,1.14,29.8,5.8,61.6,2.7,,,,,,,,,,,,,,,,,,14.6,26,38,24.1,,,,,,,,,
5106281,Novo São Joaquim,resto_mt,Demais MT,FALSE,2003,8151,1.21,1.14,29.8,5.8,61.6,2.7,,,,,,,,,,,,,,,,,,22.4,26.7,46.3,39.8,,,,,,,,,
5106281,Novo São Joaquim,resto_mt,Demais MT,FALSE,2004,8528,1.21,1.14,29.8,5.8,61.6,2.7,,,,,,,,,,,,,,,,,,8.8,15.6,51.3,42.5,,,,,,,,,
5106281,Novo São Joaquim,resto_mt,Demais MT,FALSE,2005,8736,1.21,1.14,29.8,5.8,61.6,2.7,,,,,,,,,3.2,3,74.1,67.3,,,,,,16.3,16.2,43.1,36.6,,,,,,,,,
5106281,Novo São Joaquim,resto_mt,Demais MT,FALSE,2006,8944,1.21,1.14,29.8,5.8,61.6,2.7,,,,,,,,,,,,,,,,,,10.3,12,44.3,52.6,,,,,,,,,
5106281,Novo São Joaquim,resto_mt,Demais MT,FALSE,2007,6880,1.21,1.14,29.8,5.8,61.6,2.7,,,,,,,,,4,3.8,84.1,83.1,11,9.1,,24.9,3.8,32.6,19.2,65.2,44.6,,,,,,,,,
5106281,Novo São Joaquim,resto_mt,Demais MT,FALSE,2008,7047,1.21,1.14,29.8,5.8,61.6,2.7,,,,,,,,,,,,,9,22.2,,22.8,2.4,0,15.2,66.2,54.1,,,,,,,,,
5106281,Novo São Joaquim,resto_mt,Demais MT,FALSE,2009,6985,1.21,1.14,29.8,5.8,61.6,2.7,,,,,,,,,4.8,4,94.9,86.7,9,55.6,64.4,21.8,1.2,10.1,15.1,67.7,56.6,,,,,,,,,
5106281,Novo São Joaquim,resto_mt,Demais MT,FALSE,2010,6042,1.21,1.14,29.8,5.8,61.6,2.7,,,,0.649,Médio,0.48,39.29,5.2,,,,,10,70,54.3,14.4,0.5,22.7,11.5,62.5,72.7,8,1,6,1,12,1.99,13.24,,
5106281,Novo São Joaquim,resto_mt,Demais MT,FALSE,2011,5924,1.21,1.14,29.8,5.8,61.6,2.7,,,,,,,,,4.7,4.5,95.9,92.2,15,70,59.8,12.9,2.6,47.1,25.7,51.8,68.2,,,,,,,,,
5106281,Novo São Joaquim,resto_mt,Demais MT,FALSE,2012,5810,1.21,1.14,29.8,5.8,61.6,2.7,,,,,,,,,,,,,15,90,73.6,2.1,0.2,0,22,63,59,,,,,,,,,
5106281,Novo São Joaquim,resto_mt,Demais MT,FALSE,2013,5611,1.21,1.14,29.8,5.8,61.6,2.7,12.96,,360.89,,,,,,4.9,3.8,100,93.3,15,88.9,71.4,1.6,0,0,14.2,69.8,47.9,,,,,,,,,
5106281,Novo São Joaquim,resto_mt,Demais MT,FALSE,2014,5465,1.21,1.14,29.8,5.8,61.6,2.7,13.6,,378.82,,,,,,,,,,15,77.8,69.3,1.9,1.4,10,3.4,51,59,,,,,,,,,
5106281,Novo São Joaquim,resto_mt,Demais MT,FALSE,2015,5323,1.21,1.14,29.8,5.8,61.6,2.7,13.73,,354.2,,,,,,5.6,4.7,98.5,97.7,15,77.8,63.6,4.1,0.3,10,6.8,67,74,9,1,6,1,12,2.25,16.91,,
5106281,Novo São Joaquim,resto_mt,Demais MT,FALSE,2016,5200,1.21,1.14,29.8,5.8,61.6,2.7,14.38,,360.9,,,,,,,,,,15,77.8,66.3,3.3000000000000003,0.4,0,7.5,57.4,58.8,,,,,,,,,
5106281,Novo São Joaquim,resto_mt,Demais MT,FALSE,2017,5066,1.21,1.14,29.8,5.8,61.6,2.7,12.93,,332.5,,,,,,5.9,4.7,99.6,96.3,15,88.9,67.6,2.7,0,0,3.9,61.6,65.1,,,,,,,,,
5106281,Novo São Joaquim,resto_mt,Demais MT,FALSE,2018,5199,1.21,1.14,29.8,5.8,61.6,2.7,12.91,,342.74,,,,,,,,,,15,100,69.8,3,0,0,0,73.7,92.6,,,,,,,,,
5106281,Novo São Joaquim,resto_mt,Demais MT,FALSE,2019,5074,1.21,1.14,29.8,5.8,61.6,2.7,11.61,2.96,789,,,,,,5.9,4.9,98.6,95.9,9,100,76.6,3,0,28.6,10.5,76.2,85.7,,,,,,,,,
5106281,Novo São Joaquim,resto_mt,Demais MT,FALSE,2020,4938,1.21,1.14,29.8,5.8,61.6,2.7,10.77,3.04,765.03,,,,,,,,,,15,100,78.9,3.6,,19.2,16.4,70.2,87.5,11,1,6,1,12,2.43,22.28,1148,23.2
5106281,Novo São Joaquim,resto_mt,Demais MT,FALSE,2021,4837,1.21,1.14,29.8,5.8,61.6,2.7,11.33,3.18,781.32,,,,,,5.4,4.9,100,98.2,15,100,,4.8,0,11.1,20.1,58.9,73.3,,,,,,,,,
5106281,Novo São Joaquim,resto_mt,Demais MT,FALSE,2022,6919,1.21,1.14,29.8,5.8,61.6,2.7,9.08,2.36,731.23,,,,,,,,,,15,100,,2.6,0.4,18,16.4,76.6,79.3,,,,,,,,,
5106281,Novo São Joaquim,resto_mt,Demais MT,FALSE,2023,6919,1.21,1.14,29.8,5.8,61.6,2.7,9.13,2.54,1161.68,,,,,,5.7,4.8,99.5,98.6,10,100,,,,,,,,11,1,6,1,16,2.31,15.9,1107,16
5106281,Novo São Joaquim,resto_mt,Demais MT,FALSE,2024,7160,1.21,1.14,29.8,5.8,61.6,2.7,8.74,2.63,1167.33,,,,,,,,,,15,100,,,,,,,,,,,,,,,,
5106281,Novo São Joaquim,resto_mt,Demais MT,FALSE,2025,7239,1.21,1.14,29.8,5.8,61.6,2.7,,,,,,,,,,,,,,,,,,,,,,,,,,,,,,
5106299,Paranaíta,resto_mt,Demais MT,FALSE,2000,10254,0.82,0.74,36.8,8.6,54.2,0.1,,,,0.516,Baixo,0.6,52.54,9.39,,,,,,,,,,30.3,,44.2,61.2,,,,,,,,,
5106299,Paranaíta,resto_mt,Demais MT,FALSE,2001,9999,0.82,0.74,36.8,8.6,54.2,0.1,,,,,,,,,,,,,,,,,,6,,32.7,69,,,,,,,,,
5106299,Paranaíta,resto_mt,Demais MT,FALSE,2002,9843,0.82,0.74,36.8,8.6,54.2,0.1,,,,,,,,,,,,,,,,,,17,17.7,34.7,76.1,,,,,,,,,
5106299,Paranaíta,resto_mt,Demais MT,FALSE,2003,9653,0.82,0.74,36.8,8.6,54.2,0.1,,,,,,,,,,,,,,,,,,8.6,10.9,44,75,,,,,,,,,
5106299,Paranaíta,resto_mt,Demais MT,FALSE,2004,9253,0.82,0.74,36.8,8.6,54.2,0.1,,,,,,,,,,,,,,,,,,10.6,12.5,42,65.4,,,,,,,,,
5106299,Paranaíta,resto_mt,Demais MT,FALSE,2005,9032,0.82,0.74,36.8,8.6,54.2,0.1,,,,,,,,,3.3,2.9,77.5,68.1,,,,,,36.8,19.3,49.7,50.3,,,,,,,,,
5106299,Paranaíta,resto_mt,Demais MT,FALSE,2006,8812,0.82,0.74,36.8,8.6,54.2,0.1,,,,,,,,,,,,,,,,,,10,18.1,58,70.5,,,,,,,,,
5106299,Paranaíta,resto_mt,Demais MT,FALSE,2007,11540,0.82,0.74,36.8,8.6,54.2,0.1,,,,,,,,,4.5,4.1,84,82.8,26,7.7,,26.7,7.7,13.1,19.4,54.2,70.6,,,,,,,,,
5106299,Paranaíta,resto_mt,Demais MT,FALSE,2008,11950,0.82,0.74,36.8,8.6,54.2,0.1,,,,,,,,,,,,,25,12,,21.1,1.4,16.7,13.1,49.4,66.7,,,,,,,,,
5106299,Paranaíta,resto_mt,Demais MT,FALSE,2009,12113,0.82,0.74,36.8,8.6,54.2,0.1,,,,,,,,,5,4.7,93.8,94.3,23,17.4,56.7,16.6,1.4,14.7,14.9,57.4,74.3,,,,,,,,,
5106299,Paranaíta,resto_mt,Demais MT,FALSE,2010,10684,0.82,0.74,36.8,8.6,54.2,0.1,,,,0.672,Médio,0.53,39.64,6.63,,,,,11,45.5,59.8,12.9,0.4,14.5,15.4,60.1,84.8,13,1,5,1,13,1.22,12.17,,
5106299,Paranaíta,resto_mt,Demais MT,FALSE,2011,10718,0.82,0.74,36.8,8.6,54.2,0.1,,,,,,,,,5.1,4.7,96.3,93.2,27,36.4,68.9,11,0.1,23.6,17.5,51.2,88.2,,,,,,,,,
5106299,Paranaíta,resto_mt,Demais MT,FALSE,2012,10749,0.82,0.74,36.8,8.6,54.2,0.1,,,,,,,,,,,,,27,36.4,79.7,8.5,0,13.7,17,68.5,80.8,,,,,,,,,
5106299,Paranaíta,resto_mt,Demais MT,FALSE,2013,10801,0.82,0.74,36.8,8.6,54.2,0.1,6.8,,177.95,,,,,,5.5,4.3,96.6,91.6,27,36.4,76.9,7.3,0.1,32.1,23.3,62.8,84.6,,,,,,,,,
5106299,Paranaíta,resto_mt,Demais MT,FALSE,2014,10823,0.82,0.74,36.8,8.6,54.2,0.1,6.51,,179.16,,,,,,,,,,11,54.5,79.4,6.7,0.1,12.4,19.4,78.9,88.2,,,,,,,,,
5106299,Paranaíta,resto_mt,Demais MT,FALSE,2015,10844,0.82,0.74,36.8,8.6,54.2,0.1,7,,179.96,,,,,,5.3,4.7,96.7,93.5,12,90.9,75.8,7.6,0,20.4,21.4,68.4,83.7,19,1,8,1,17,1.57,17.52,,
5106299,Paranaíta,resto_mt,Demais MT,FALSE,2016,10864,0.82,0.74,36.8,8.6,54.2,0.1,6.7,,165.15,,,,,,,,,,12,90.9,72.5,7,0,10.8,14.7,62.9,79,,,,,,,,,
5106299,Paranaíta,resto_mt,Demais MT,FALSE,2017,10884,0.82,0.74,36.8,8.6,54.2,0.1,5.83,,144.69,,,,,,5.3,5.2,95.4,98.1,12,80,79.9,5,0.2,20.6,17.4,57.7,86.1,,,,,,,,,
5106299,Paranaíta,resto_mt,Demais MT,FALSE,2018,11193,0.82,0.74,36.8,8.6,54.2,0.1,5.41,,135.61,,,,,,,,,,12,90,80.3,5.7,0,0,10.5,66.3,86.5,,,,,,,,,
5106299,Paranaíta,resto_mt,Demais MT,FALSE,2019,11225,0.82,0.74,36.8,8.6,54.2,0.1,4.83,2.27,486.97,,,,,,6.2,4.9,98.2,97.3,11,90,81.2,4.5,0,0,7.2,72.1,86,,,,,,,,,
5106299,Paranaíta,resto_mt,Demais MT,FALSE,2020,11244,0.82,0.74,36.8,8.6,54.2,0.1,4.97,2.33,494.35,,,,,,,,,,12,90,81.4,3.7,,0,0,75.5,83,20,1,8,1,21,1.87,17.79,1049,9.3
5106299,Paranaíta,resto_mt,Demais MT,FALSE,2021,11291,0.82,0.74,36.8,8.6,54.2,0.1,5.01,2.42,493.58,,,,,,5.3,4.9,99.9,99.1,11,100,,4.3,0,16.2,5.5,67.6,91.9,,,,,,,,,
5106299,Paranaíta,resto_mt,Demais MT,FALSE,2022,11671,0.82,0.74,36.8,8.6,54.2,0.1,5.26,2.41,582.52,,,,,,,,,,11,90,,2.4,0.1,11.2,9.1,77.5,91.6,,,,,,,,,
5106299,Paranaíta,resto_mt,Demais MT,FALSE,2023,11671,0.82,0.74,36.8,8.6,54.2,0.1,5.36,2.66,868.16,,,,,,6,5.3,99.1,99.4,11,100,,,,,,,,23,1,7,1,34,2.91,19.71,1089,9.3
5106299,Paranaíta,resto_mt,Demais MT,FALSE,2024,11989,0.82,0.74,36.8,8.6,54.2,0.1,5.34,2.96,935.42,,,,,,,,,,11,100,,,,,,,,,,,,,,,,
5106299,Paranaíta,resto_mt,Demais MT,FALSE,2025,12079,0.82,0.74,36.8,8.6,54.2,0.1,,,,,,,,,,,,,,,,,,,,,,,,,,,,,,
5106307,Paranatinga,resto_mt,Demais MT,FALSE,2000,15342,2.72,2.66,28.3,5.3,58.8,7.5,,,,0.544,Baixo,0.61,53.33,9.04,,,,,,,,,,26.8,,36.2,22.9,,,,,,,,,
5106307,Paranatinga,resto_mt,Demais MT,FALSE,2001,15387,2.72,2.66,28.3,5.3,58.8,7.5,,,,,,,,,,,,,,,,,,6.1,,39.3,35.7,,,,,,,,,
5106307,Paranatinga,resto_mt,Demais MT,FALSE,2002,15481,2.72,2.66,28.3,5.3,58.8,7.5,,,,,,,,,,,,,,,,,,32.7,21.5,42.5,43.1,,,,,,,,,
5106307,Paranatinga,resto_mt,Demais MT,FALSE,2003,15545,2.72,2.66,28.3,5.3,58.8,7.5,,,,,,,,,,,,,,,,,,12,16.5,39,23.4,,,,,,,,,
5106307,Paranatinga,resto_mt,Demais MT,FALSE,2004,15681,2.72,2.66,28.3,5.3,58.8,7.5,,,,,,,,,,,,,,,,,,17.3,20.3,41.2,55.9,,,,,,,,,
5106307,Paranatinga,resto_mt,Demais MT,FALSE,2005,15755,2.72,2.66,28.3,5.3,58.8,7.5,,,,,,,,,3.1,2.9,72.1,65.9,,,,,,12.5,13.9,31.9,53.9,,,,,,,,,
5106307,Paranatinga,resto_mt,Demais MT,FALSE,2006,15830,2.72,2.66,28.3,5.3,58.8,7.5,,,,,,,,,,,,,,,,,,50.2,22.8,34.2,51.6,,,,,,,,,
5106307,Paranatinga,resto_mt,Demais MT,FALSE,2007,20033,2.72,2.66,28.3,5.3,58.8,7.5,,,,,,,,,4.3,3.7,86.7,82.7,33,12.1,,23.2,4.5,22.6,24.7,35.5,52.3,,,,,,,,,
5106307,Paranatinga,resto_mt,Demais MT,FALSE,2008,20874,2.72,2.66,28.3,5.3,58.8,7.5,,,,,,,,,,,,,33,18.2,,21.5,3.5,26.6,31.1,28.7,59.5,,,,,,,,,
5106307,Paranatinga,resto_mt,Demais MT,FALSE,2009,21424,2.72,2.66,28.3,5.3,58.8,7.5,,,,,,,,,4.7,4,92.7,90.9,32,28.1,52.3,20.4,2.3,29.2,26.2,30.8,59.1,,,,,,,,,
5106307,Paranatinga,resto_mt,Demais MT,FALSE,2010,19290,2.72,2.66,28.3,5.3,58.8,7.5,,,,0.667,Médio,0.5,34.87,8.27,,,,,33,39.4,56.5,17.6,1.4,11.5,22.1,39.4,65.9,11,2,7,1,17,0.88,5.7,,
5106307,Paranatinga,resto_mt,Demais MT,FALSE,2011,19594,2.72,2.66,28.3,5.3,58.8,7.5,,,,,,,,,5.2,4.3,96.2,93.6,35,58.1,58.6,13.7,1,17.2,18.9,38.7,73.1,,,,,,,,,
5106307,Paranatinga,resto_mt,Demais MT,FALSE,2012,19887,2.72,2.66,28.3,5.3,58.8,7.5,,,,,,,,,,,,,32,62.1,64,8.9,0.5,30.9,19.9,44.7,68.8,,,,,,,,,
5106307,Paranatinga,resto_mt,Demais MT,FALSE,2013,20383,2.72,2.66,28.3,5.3,58.8,7.5,6.12,,195.91,,,,,,5.4,4.3,97.4,94.2,33,73.3,67.8,7.1,0.3,9.2,19.4,44.6,62.1,,,,,,,,,
5106307,Paranatinga,resto_mt,Demais MT,FALSE,2014,20703,2.72,2.66,28.3,5.3,58.8,7.5,5.26,,169.84,,,,,,,,,,34,67.7,62.4,5.2,0.3,14.3,18.1,40.5,65.5,,,,,,,,,
5106307,Paranatinga,resto_mt,Demais MT,FALSE,2015,21014,2.72,2.66,28.3,5.3,58.8,7.5,4.63,,138.28,,,,,,5.8,4.4,98.8,95.6,35,61.3,72.4,4.2,0.4,10.9,11.7,36.3,65.6,18,2,8,1,17,0.81,8.57,,
5106307,Paranatinga,resto_mt,Demais MT,FALSE,2016,21317,2.72,2.66,28.3,5.3,58.8,7.5,4.14,,117.32,,,,,,,,,,35,89.3,68.6,3.8,0.5,11.5,12.4,44.1,71.5,,,,,,,,,
5106307,Paranatinga,resto_mt,Demais MT,FALSE,2017,21612,2.72,2.66,28.3,5.3,58.8,7.5,3.38,,92.09,,,,,,6.1,5.2,99.3,97.4,31,89.3,66.2,3.8,0.1,23.9,15.6,45.4,68.2,,,,,,,,,
5106307,Paranatinga,resto_mt,Demais MT,FALSE,2018,22246,2.72,2.66,28.3,5.3,58.8,7.5,3.18,,84.45,,,,,,,,,,31,85.7,69.4,3.4,0,10.1,15.2,45.7,64.1,,,,,,,,,
5106307,Paranatinga,resto_mt,Demais MT,FALSE,2019,22563,2.72,2.66,28.3,5.3,58.8,7.5,2.93,1.99,396.74,,,,,,6.1,4.6,99.6,92.3,28,92.9,64.4,3.4,0,8.2,14,43.9,63.5,,,,,,,,,
5106307,Paranatinga,resto_mt,Demais MT,FALSE,2020,22861,2.72,2.66,28.3,5.3,58.8,7.5,2.95,1.91,383.67,,,,,,,,,,28,89.3,68.5,3,,2.6,6.9,51.2,60.9,31,3,8,1,17,0.74,13.56,5361,23.5
5106307,Paranatinga,resto_mt,Demais MT,FALSE,2021,23250,2.72,2.66,28.3,5.3,58.8,7.5,3.2,1.88,374.56,,,,,,5.5,5,99.8,98.4,28,96.4,,3.1,0.1,14.9,8.6,69.9,65.2,,,,,,,,,
5106307,Paranatinga,resto_mt,Demais MT,FALSE,2022,26423,2.72,2.66,28.3,5.3,58.8,7.5,3.48,1.68,412.33,,,,,,,,,,28,96.4,,1.9,0,26.1,14.9,65.8,64.4,,,,,,,,,
5106307,Paranatinga,resto_mt,Demais MT,FALSE,2023,26423,2.72,2.66,28.3,5.3,58.8,7.5,4.27,1.84,681.09,,,,,,6,5.2,100,99.1,28,100,,,,,,,,36,2,10,1,17,0.64,13.62,7944,30.1
5106307,Paranatinga,resto_mt,Demais MT,FALSE,2024,28228,2.72,2.66,28.3,5.3,58.8,7.5,5.02,1.93,784.06,,,,,,,,,,28,100,,,,,,,,,,,,,,,,
5106307,Paranatinga,resto_mt,Demais MT,FALSE,2025,28870,2.72,2.66,28.3,5.3,58.8,7.5,,,,,,,,,,,,,,,,,,,,,,,,,,,,,,
5106315,Novo Santo Antônio,resto_mt,Demais MT,FALSE,2001,1184,0.12,0.04,18,15.9,64,2,,,,,,,,,,,,,,,,,,,,9.5,19,,,,,,,,,
5106315,Novo Santo Antônio,resto_mt,Demais MT,FALSE,2002,1181,0.12,0.04,18,15.9,64,2,,,,,,,,,,,,,,,,,,,,22.7,50,,,,,,,,,
5106315,Novo Santo Antônio,resto_mt,Demais MT,FALSE,2003,1178,0.12,0.04,18,15.9,64,2,,,,,,,,,,,,,,,,,,0,0,33.3,33.3,,,,,,,,,
5106315,Novo Santo Antônio,resto_mt,Demais MT,FALSE,2004,1171,0.12,0.04,18,15.9,64,2,,,,,,,,,,,,,,,,,,,0,40,70,,,,,,,,,
5106315,Novo Santo Antônio,resto_mt,Demais MT,FALSE,2005,1168,0.12,0.04,18,15.9,64,2,,,,,,,,,1.4,1.8,47.3,45.4,,,,,,,0,22.7,36.4,,,,,,,,,
5106315,Novo Santo Antônio,resto_mt,Demais MT,FALSE,2006,1165,0.12,0.04,18,15.9,64,2,,,,,,,,,,,,,,,,,,,17.5,14.3,6.7,,,,,,,,,
5106315,Novo Santo Antônio,resto_mt,Demais MT,FALSE,2007,2110,0.12,0.04,18,15.9,64,2,,,,,,,,,2.9,2.6,75.7,67.1,2,100,,26.6,7.1,,19.6,28.6,42.9,,,,,,,,,
5106315,Novo Santo Antônio,resto_mt,Demais MT,FALSE,2008,2221,0.12,0.04,18,15.9,64,2,,,,,,,,,,,,,2,100,,23.5,0,0,14.9,42.1,26.3,,,,,,,,,
5106315,Novo Santo Antônio,resto_mt,Demais MT,FALSE,2009,2325,0.12,0.04,18,15.9,64,2,,,,,,,,,3.7,4.2,89.1,95.6,2,100,38.7,23.2,4.7,,0,44,48,,,,,,,,,
5106315,Novo Santo Antônio,resto_mt,Demais MT,FALSE,2010,2005,0.12,0.04,18,15.9,64,2,,,,0.653,Médio,0.51,48.87,5.75,,,,,2,100,44.7,20.3,1.6,,0,47.8,68.2,2,0,1,0,0,0,9.98,,
5106315,Novo Santo Antônio,resto_mt,Demais MT,FALSE,2011,2068,0.12,0.04,18,15.9,64,2,,,,,,,,,3.2,3.9,86,81.8,2,100,63.3,19.6,0.6,,0,46.7,40,,,,,,,,,
5106315,Novo Santo Antônio,resto_mt,Demais MT,FALSE,2012,2129,0.12,0.04,18,15.9,64,2,,,,,,,,,,,,,2,100,69.2,19.2,1.1,,0,50,77.8,,,,,,,,,
5106315,Novo Santo Antônio,resto_mt,Demais MT,FALSE,2013,2232,0.12,0.04,18,15.9,64,2,8.69,,328.5,,,,,,4.8,4,96.9,89.2,4,50,72.7,12.2,0.6,,19.6,72.2,77.8,,,,,,,,,
5106315,Novo Santo Antônio,resto_mt,Demais MT,FALSE,2014,2301,0.12,0.04,18,15.9,64,2,7.56,,276.7,,,,,,,,,,4,75,78.6,15.1,0.6,,21.3,54.5,54.5,,,,,,,,,
5106315,Novo Santo Antônio,resto_mt,Demais MT,FALSE,2015,2369,0.12,0.04,18,15.9,64,2,7.68,,248.81,,,,,,4.6,,91.9,88,4,75,73.3,12.3,0.5,,56.6,79.2,75,4,0,2,0,0,0,16.88,,
5106315,Novo Santo Antônio,resto_mt,Demais MT,FALSE,2016,2434,0.12,0.04,18,15.9,64,2,8.96,,315.56,,,,,,,,,,4,100,71.4,11.4,0,,34.5,78.3,78.3,,,,,,,,,
5106315,Novo Santo Antônio,resto_mt,Demais MT,FALSE,2017,2498,0.12,0.04,18,15.9,64,2,9.81,,382.09,,,,,,5.7,4.6,97,95.5,4,75,75,10.8,0.6,,41.1,73.1,84.6,,,,,,,,,
5106315,Novo Santo Antônio,resto_mt,Demais MT,FALSE,2018,2574,0.12,0.04,18,15.9,64,2,9.52,,338.93,,,,,,,,,,4,100,67.6,16.8,0.7,,12.8,69,82.8,,,,,,,,,
5106315,Novo Santo Antônio,resto_mt,Demais MT,FALSE,2019,2640,0.12,0.04,18,15.9,64,2,10.27,0.42,440.55,,,,,,4.9,,98.6,94,4,100,87.1,4.4,0.7,,23.8,82.8,96.6,,,,,,,,,
5106315,Novo Santo Antônio,resto_mt,Demais MT,FALSE,2020,2705,0.12,0.04,18,15.9,64,2,9.43,0.48,426.26,,,,,,,,,,4,100,80,4,,,11.6,78.6,92.9,4,0,2,0,0,0,14.79,57,2.1
5106315,Novo Santo Antônio,resto_mt,Demais MT,FALSE,2021,2769,0.12,0.04,18,15.9,64,2,8.67,0.51,404.3,,,,,,4.4,3.8,100,92,4,100,,5.3,0,24.4,20.4,70.7,92.7,,,,,,,,,
5106315,Novo Santo Antônio,resto_mt,Demais MT,FALSE,2022,2015,0.12,0.04,18,15.9,64,2,15.58,0.94,828.75,,,,,,,,,,4,100,,2.5,0,0,10,67.7,90.3,,,,,,,,,
5106315,Novo Santo Antônio,resto_mt,Demais MT,FALSE,2023,2015,0.12,0.04,18,15.9,64,2,16.48,1.14,1508.23,,,,,,5.4,4.5,100,93,4,100,,,,,,,,4,0,2,0,0,0,19.85,46,2.3
5106315,Novo Santo Antônio,resto_mt,Demais MT,FALSE,2024,2040,0.12,0.04,18,15.9,64,2,15.34,1.18,1485.07,,,,,,,,,,4,100,,,,,,,,,,,,,,,,
5106315,Novo Santo Antônio,resto_mt,Demais MT,FALSE,2025,2041,0.12,0.04,18,15.9,64,2,,,,,,,,,,,,,,,,,,,,,,,,,,,,,,
5106372,Pedra Preta,resto_mt,Demais MT,FALSE,2000,13611,1.24,1.15,30.7,11.1,57.8,0.1,,,,0.565,Baixo,0.48,48.29,4.59,,,,,,,,,,20.2,,43.3,87.9,,,,,,,,,
5106372,Pedra Preta,resto_mt,Demais MT,FALSE,2001,13956,1.24,1.15,30.7,11.1,57.8,0.1,,,,,,,,,,,,,,,,,,21.9,,43,90.8,,,,,,,,,
5106372,Pedra Preta,resto_mt,Demais MT,FALSE,2002,14113,1.24,1.15,30.7,11.1,57.8,0.1,,,,,,,,,,,,,,,,,,20.3,20.8,46.7,83.7,,,,,,,,,
5106372,Pedra Preta,resto_mt,Demais MT,FALSE,2003,14346,1.24,1.15,30.7,11.1,57.8,0.1,,,,,,,,,,,,,,,,,,15.3,19,41.2,88.9,,,,,,,,,
5106372,Pedra Preta,resto_mt,Demais MT,FALSE,2004,14835,1.24,1.15,30.7,11.1,57.8,0.1,,,,,,,,,,,,,,,,,,31.2,22.6,43.4,63.9,,,,,,,,,
5106372,Pedra Preta,resto_mt,Demais MT,FALSE,2005,15106,1.24,1.15,30.7,11.1,57.8,0.1,,,,,,,,,3.5,3.3,82.2,69.5,,,,,,14.3,20.5,45.4,80.4,,,,,,,,,
5106372,Pedra Preta,resto_mt,Demais MT,FALSE,2006,15375,1.24,1.15,30.7,11.1,57.8,0.1,,,,,,,,,,,,,,,,,,11.4,19.3,50.2,71.5,,,,,,,,,
5106372,Pedra Preta,resto_mt,Demais MT,FALSE,2007,15638,1.24,1.15,30.7,11.1,57.8,0.1,,,,,,,,,4.3,3.9,90.3,87.8,17,17.6,,18.6,5.1,17.2,14.2,56.7,86.6,,,,,,,,,
5106372,Pedra Preta,resto_mt,Demais MT,FALSE,2008,16208,1.24,1.15,30.7,11.1,57.8,0.1,,,,,,,,,,,,,17,64.7,,18.1,3.7,20.1,16.1,63.9,85.1,,,,,,,,,
5106372,Pedra Preta,resto_mt,Demais MT,FALSE,2009,16461,1.24,1.15,30.7,11.1,57.8,0.1,,,,,,,,,5.1,3.9,96.7,87.9,17,64.7,74.5,14.1,1.9,24.2,20.3,59.4,85,,,,,,,,,
5106372,Pedra Preta,resto_mt,Demais MT,FALSE,2010,15755,1.24,1.15,30.7,11.1,57.8,0.1,,,,0.679,Médio,0.43,30.58,3.99,,,,,17,58.8,74.2,13.6,0.8,5,16.8,70,76.4,12,1,6,1,15,0.95,7.62,,
5106372,Pedra Preta,resto_mt,Demais MT,FALSE,2011,15920,1.24,1.15,30.7,11.1,57.8,0.1,,,,,,,,,5.3,4.4,98.4,94.4,21,56.2,76.6,10,0.6,14.6,14.7,69.9,73.8,,,,,,,,,
5106372,Pedra Preta,resto_mt,Demais MT,FALSE,2012,16079,1.24,1.15,30.7,11.1,57.8,0.1,,,,,,,,,,,,,21,68.8,75.1,7.2,0.1,13.3,11.1,76,67.1,,,,,,,,,
5106372,Pedra Preta,resto_mt,Demais MT,FALSE,2013,16348,1.24,1.15,30.7,11.1,57.8,0.1,7.34,,215.59,,,,,,5.5,4.1,99.1,94.6,21,68.8,77.4,4,0.1,4.5,10.8,69.1,65.5,,,,,,,,,
5106372,Pedra Preta,resto_mt,Demais MT,FALSE,2014,16513,1.24,1.15,30.7,11.1,57.8,0.1,8.07,,236.32,,,,,,,,,,21,73.3,77.8,1.9,0.2,15,11.2,69.7,53.9,,,,,,,,,
5106372,Pedra Preta,resto_mt,Demais MT,FALSE,2015,16674,1.24,1.15,30.7,11.1,57.8,0.1,7.71,,204.54,,,,,,5.7,4.5,98.6,97.5,22,75,70.6,4.1,0.2,20.5,13.7,63.5,59.8,14,1,6,1,15,0.9,8.4,,
5106372,Pedra Preta,resto_mt,Demais MT,FALSE,2016,16811,1.24,1.15,30.7,11.1,57.8,0.1,7.3,,178.18,,,,,,,,,,22,81.2,75.8,2.9,0.1,24.9,20.2,59.1,56.6,,,,,,,,,
5106372,Pedra Preta,resto_mt,Demais MT,FALSE,2017,16965,1.24,1.15,30.7,11.1,57.8,0.1,6.39,,149.1,,,,,,5.8,4.4,99.2,95.5,22,75,80.5,3.3,0.1,15.2,20.3,59.8,64.8,,,,,,,,,
5106372,Pedra Preta,resto_mt,Demais MT,FALSE,2018,17456,1.24,1.15,30.7,11.1,57.8,0.1,6.24,,140.31,,,,,,,,,,22,87.5,83.9,3.4,0.6,19.3,19.9,54.4,62.5,,,,,,,,,
5106372,Pedra Preta,resto_mt,Demais MT,FALSE,2019,17626,1.24,1.15,30.7,11.1,57.8,0.1,5.58,1.99,439.75,,,,,,5.7,4.7,99.6,96.2,16,86.7,91.1,3.7,0.2,7.7,14,50,66.5,,,,,,,,,
5106372,Pedra Preta,resto_mt,Demais MT,FALSE,2020,17446,1.24,1.15,30.7,11.1,57.8,0.1,5.61,2,439.95,,,,,,,,,,19,82.4,89.3,3.2,,12.7,13.2,49.4,68.4,18,1,6,1,18,1.03,10.32,7885,45.2
5106372,Pedra Preta,resto_mt,Demais MT,FALSE,2021,17547,1.24,1.15,30.7,11.1,57.8,0.1,6.46,1.97,438.78,,,,,,5.4,4.6,99.9,99.7,19,94.1,,3,0.1,16.6,12.2,51.9,72.2,,,,,,,,,
5106372,Pedra Preta,resto_mt,Demais MT,FALSE,2022,18066,1.24,1.15,30.7,11.1,57.8,0.1,7.82,1.95,596.16,,,,,,,,,,20,93.8,,3.2,0.2,22.1,17,51.8,70.8,,,,,,,,,
5106372,Pedra Preta,resto_mt,Demais MT,FALSE,2023,18066,1.24,1.15,30.7,11.1,57.8,0.1,8.42,2.07,987.68,,,,,,5.7,4.7,100,99.4,20,100,,,,,,,,21,1,6,1,18,1,11.62,10248,56.7
5106372,Pedra Preta,resto_mt,Demais MT,FALSE,2024,18722,1.24,1.15,30.7,11.1,57.8,0.1,8.61,2.15,1030.56,,,,,,,,,,20,100,,,,,,,,,,,,,,,,
5106372,Pedra Preta,resto_mt,Demais MT,FALSE,2025,18946,1.24,1.15,30.7,11.1,57.8,0.1,,,,,,,,,,,,,,,,,,,,,,,,,,,,,,
5106422,Peixoto de Azevedo,resto_mt,Demais MT,FALSE,2000,26156,0.61,0.5,23.4,9.7,62.5,4.4,,,,0.502,Baixo,0.64,48.24,16.58,,,,,,,,,,20.4,,30.6,23.6,,,,,,,,,
5106422,Peixoto de Azevedo,resto_mt,Demais MT,FALSE,2001,24763,0.61,0.5,23.4,9.7,62.5,4.4,,,,,,,,,,,,,,,,,,13.1,,31.9,19.9,,,,,,,,,
5106422,Peixoto de Azevedo,resto_mt,Demais MT,FALSE,2002,23828,0.61,0.5,23.4,9.7,62.5,4.4,,,,,,,,,,,,,,,,,,14.1,16,30.6,25.1,,,,,,,,,
5106422,Peixoto de Azevedo,resto_mt,Demais MT,FALSE,2003,22747,0.61,0.5,23.4,9.7,62.5,4.4,,,,,,,,,,,,,,,,,,8.5,11.9,34.3,34.8,,,,,,,,,
5106422,Peixoto de Azevedo,resto_mt,Demais MT,FALSE,2004,20479,0.61,0.5,23.4,9.7,62.5,4.4,,,,,,,,,,,,,,,,,,19.5,14,31.9,32.3,,,,,,,,,
5106422,Peixoto de Azevedo,resto_mt,Demais MT,FALSE,2005,19224,0.61,0.5,23.4,9.7,62.5,4.4,,,,,,,,,3.5,2.7,81.7,68.1,,,,,,14,13.9,44.4,34.3,,,,,,,,,
5106422,Peixoto de Azevedo,resto_mt,Demais MT,FALSE,2006,17978,0.61,0.5,23.4,9.7,62.5,4.4,,,,,,,,,,,,,,,,,,24.7,19.4,38.4,36.5,,,,,,,,,
5106422,Peixoto de Azevedo,resto_mt,Demais MT,FALSE,2007,28987,0.61,0.5,23.4,9.7,62.5,4.4,,,,,,,,,3.9,3,84.7,74.2,24,45.8,,39,6.1,14.5,17.8,33.8,40.4,,,,,,,,,
5106422,Peixoto de Azevedo,resto_mt,Demais MT,FALSE,2008,29995,0.61,0.5,23.4,9.7,62.5,4.4,,,,,,,,,,,,,23,73.9,,35.6,2.2,12.8,17.6,40.2,40.9,,,,,,,,,
5106422,Peixoto de Azevedo,resto_mt,Demais MT,FALSE,2009,30363,0.61,0.5,23.4,9.7,62.5,4.4,,,,,,,,,4.4,4.1,97.6,92.6,21,66.7,61.7,21.6,1.6,7.9,11.8,41.8,51,,,,,,,,,
5106422,Peixoto de Azevedo,resto_mt,Demais MT,FALSE,2010,30812,0.61,0.5,23.4,9.7,62.5,4.4,,,,0.649,Médio,0.67,47.44,14.18,,,,,21,76.2,67.9,14.3,2.6,15.4,11.9,43.2,41.9,19,1,7,1,43,1.4,6.17,,
5106422,Peixoto de Azevedo,resto_mt,Demais MT,FALSE,2011,31170,0.61,0.5,23.4,9.7,62.5,4.4,,,,,,,,,4.8,3.9,99.2,93.3,23,85,69.9,7.4,0.6,19.8,14.1,41.6,45.3,,,,,,,,,
5106422,Peixoto de Azevedo,resto_mt,Demais MT,FALSE,2012,31516,0.61,0.5,23.4,9.7,62.5,4.4,,,,,,,,,,,,,25,76.2,69.2,5.9,0.2,16.6,17.3,40.5,47.3,,,,,,,,,
5106422,Peixoto de Azevedo,resto_mt,Demais MT,FALSE,2013,32100,0.61,0.5,23.4,9.7,62.5,4.4,8.18,,259.78,,,,,,4.7,3.9,99.8,98.5,25,95.5,67.5,5.9,0.1,27.4,21.6,47.5,55.2,,,,,,,,,
5106422,Peixoto de Azevedo,resto_mt,Demais MT,FALSE,2014,32464,0.61,0.5,23.4,9.7,62.5,4.4,8.49,,270.04,,,,,,,,,,25,81.8,70.8,4.2,0.1,24.6,23.2,45.6,59.8,,,,,,,,,
5106422,Peixoto de Azevedo,resto_mt,Demais MT,FALSE,2015,32818,0.61,0.5,23.4,9.7,62.5,4.4,8.36,,248.68,,,,,,5.3,4.4,99.6,98.3,26,87,75.7,2.4,0.3,9.6,20.9,48.7,63.3,25,1,8,1,44,1.34,7.62,,
5106422,Peixoto de Azevedo,resto_mt,Demais MT,FALSE,2016,33296,0.61,0.5,23.4,9.7,62.5,4.4,7.72,,226.83,,,,,,,,,,27,83.3,76.5,2.1,0.1,15.3,16.9,45.8,62,,,,,,,,,
5106422,Peixoto de Azevedo,resto_mt,Demais MT,FALSE,2017,33630,0.61,0.5,23.4,9.7,62.5,4.4,7.1,,215.07,,,,,,5.6,4.4,99.9,97.3,27,87.5,77.3,2.1,0.2,12.8,12.7,53.4,64,,,,,,,,,
5106422,Peixoto de Azevedo,resto_mt,Demais MT,FALSE,2018,34607,0.61,0.5,23.4,9.7,62.5,4.4,6.87,,208.3,,,,,,,,,,27,66.7,74.1,2.4,0.2,16.7,14.9,56.3,68.1,,,,,,,,,
5106422,Peixoto de Azevedo,resto_mt,Demais MT,FALSE,2019,34976,0.61,0.5,23.4,9.7,62.5,4.4,6.52,2.77,645.15,,,,,,5.2,4.3,99.2,94.8,28,88,73.7,3.2,0,19.6,16.3,57.1,63,,,,,,,,,
5106422,Peixoto de Azevedo,resto_mt,Demais MT,FALSE,2020,35338,0.61,0.5,23.4,9.7,62.5,4.4,6.83,2.8,650.72,,,,,,,,,,27,92,74.3,3.8,,13.1,16.5,61.3,62.5,29,1,10,1,54,1.53,8.21,2927,8.3
5106422,Peixoto de Azevedo,resto_mt,Demais MT,FALSE,2021,35695,0.61,0.5,23.4,9.7,62.5,4.4,7.24,2.83,648.36,,,,,,5.1,4.6,99.9,98.8,27,92,,2.6,0.2,4.6,12.3,61.6,61.6,,,,,,,,,
5106422,Peixoto de Azevedo,resto_mt,Demais MT,FALSE,2022,32714,0.61,0.5,23.4,9.7,62.5,4.4,10.01,3.41,973.02,,,,,,,,,,28,96,,3.2,0,21.9,13.2,65.5,64.4,,,,,,,,,
5106422,Peixoto de Azevedo,resto_mt,Demais MT,FALSE,2023,32714,0.61,0.5,23.4,9.7,62.5,4.4,10.6,3.93,1528.67,,,,,,4.9,4.6,99.5,99.4,26,96,,,,,,,,39,2,12,1,66,2.02,11.92,4868,14.9
5106422,Peixoto de Azevedo,resto_mt,Demais MT,FALSE,2024,33599,0.61,0.5,23.4,9.7,62.5,4.4,9.68,4.42,1563.97,,,,,,,,,,26,95.8,,,,,,,,,,,,,,,,
5106422,Peixoto de Azevedo,resto_mt,Demais MT,FALSE,2025,33754,0.61,0.5,23.4,9.7,62.5,4.4,,,,,,,,,,,,,,,,,,,,,,,,,,,,,,
5106455,Planalto da Serra,resto_mt,Demais MT,FALSE,2000,2881,1.34,1.25,23.9,9.6,65.1,1.3,,,,0.492,Muito Baixo,0.58,66.31,21.95,,,,,,,,,,,,26.3,63.2,,,,,,,,,
5106455,Planalto da Serra,resto_mt,Demais MT,FALSE,2001,2904,1.34,1.25,23.9,9.6,65.1,1.3,,,,,,,,,,,,,,,,,,,,31,58.6,,,,,,,,,
5106455,Planalto da Serra,resto_mt,Demais MT,FALSE,2002,2905,1.34,1.25,23.9,9.6,65.1,1.3,,,,,,,,,,,,,,,,,,,39,41.4,72.4,,,,,,,,,
5106455,Planalto da Serra,resto_mt,Demais MT,FALSE,2003,2916,1.34,1.25,23.9,9.6,65.1,1.3,,,,,,,,,,,,,,,,,,0,33.3,40.6,65.6,,,,,,,,,
5106455,Planalto da Serra,resto_mt,Demais MT,FALSE,2004,2939,1.34,1.25,23.9,9.6,65.1,1.3,,,,,,,,,,,,,,,,,,,24.1,36.4,45.5,,,,,,,,,
5106455,Planalto da Serra,resto_mt,Demais MT,FALSE,2005,2952,1.34,1.25,23.9,9.6,65.1,1.3,,,,,,,,,2.6,2.5,55.8,56.2,,,,,,55.6,33.3,63.9,41.7,,,,,,,,,
5106455,Planalto da Serra,resto_mt,Demais MT,FALSE,2006,2965,1.34,1.25,23.9,9.6,65.1,1.3,,,,,,,,,,,,,,,,,,0,31.2,63.2,44.7,,,,,,,,,
5106455,Planalto da Serra,resto_mt,Demais MT,FALSE,2007,2734,1.34,1.25,23.9,9.6,65.1,1.3,,,,,,,,,4.1,3.4,88.4,75.1,4,75,,30.4,6.5,26.3,26.8,60.5,67.6,,,,,,,,,
5106455,Planalto da Serra,resto_mt,Demais MT,FALSE,2008,2807,1.34,1.25,23.9,9.6,65.1,1.3,,,,,,,,,,,,,4,75,,24,4.6,0,8.8,56.8,48.6,,,,,,,,,
5106455,Planalto da Serra,resto_mt,Demais MT,FALSE,2009,2797,1.34,1.25,23.9,9.6,65.1,1.3,,,,,,,,,4.6,4.6,99.3,93.8,4,75,85.7,18.4,0.3,,19.8,57.7,73.1,,,,,,,,,
5106455,Planalto da Serra,resto_mt,Demais MT,FALSE,2010,2726,1.34,1.25,23.9,9.6,65.1,1.3,,,,0.656,Médio,0.44,49.1,6.3,,,,,4,75,75.6,11.6,0.4,33.3,21.5,50,80,4,0,3,0,0,0,14.67,,
5106455,Planalto da Serra,resto_mt,Demais MT,FALSE,2011,2715,1.34,1.25,23.9,9.6,65.1,1.3,,,,,,,,,4.7,4.5,100,96.7,4,100,82.1,6,0,,25.3,52.2,82.6,,,,,,,,,
5106455,Planalto da Serra,resto_mt,Demais MT,FALSE,2012,2703,1.34,1.25,23.9,9.6,65.1,1.3,,,,,,,,,,,,,4,100,73.9,2.3,0.4,,12.3,53.6,78.6,,,,,,,,,
5106455,Planalto da Serra,resto_mt,Demais MT,FALSE,2013,2683,1.34,1.25,23.9,9.6,65.1,1.3,10.73,,278.31,,,,,,5,4.6,99.6,95.5,4,100,76.1,0.8,0.4,,0,44,60,,,,,,,,,
5106455,Planalto da Serra,resto_mt,Demais MT,FALSE,2014,2665,1.34,1.25,23.9,9.6,65.1,1.3,11.29,,297.35,,,,,,,,,,4,100,70.6,2.5,0,0,0,46.7,83.3,,,,,,,,,
5106455,Planalto da Serra,resto_mt,Demais MT,FALSE,2015,2647,1.34,1.25,23.9,9.6,65.1,1.3,11.41,,277.8,,,,,,5.4,4.5,99.6,97.4,4,100,74.5,1.4,0.4,22.7,10.1,43.2,65.9,8,0,5,0,0,0,30.22,,
5106455,Planalto da Serra,resto_mt,Demais MT,FALSE,2016,2620,1.34,1.25,23.9,9.6,65.1,1.3,12.14,,272.04,,,,,,,,,,4,100,70.4,1.1,0,0,8,51,74.5,,,,,,,,,
5106455,Planalto da Serra,resto_mt,Demais MT,FALSE,2017,2604,1.34,1.25,23.9,9.6,65.1,1.3,10.14,,232.63,,,,,,6.4,4.8,99.6,99.1,4,66.7,68,6.3,0,48.8,22.1,68.3,80.5,,,,,,,,,
5106455,Planalto da Serra,resto_mt,Demais MT,FALSE,2018,2676,1.34,1.25,23.9,9.6,65.1,1.3,9.23,,213.23,,,,,,,,,,4,100,59.6,9.2,0,0,15.2,72.5,90,,,,,,,,,
5106455,Planalto da Serra,resto_mt,Demais MT,FALSE,2019,2662,1.34,1.25,23.9,9.6,65.1,1.3,9.32,,217.34,,,,,,5.8,4.5,97.9,95.2,4,100,62.5,7.8,0.4,0,15.5,47.9,70.8,,,,,,,,,
5106455,Planalto da Serra,resto_mt,Demais MT,FALSE,2020,2649,1.34,1.25,23.9,9.6,65.1,1.3,9.89,0.08,226.56,,,,,,,,,,5,100,70.6,2.2,,0,0,63.9,66.7,8,0,4,0,0,0,30.2,295,11.1
5106455,Planalto da Serra,resto_mt,Demais MT,FALSE,2021,2637,1.34,1.25,23.9,9.6,65.1,1.3,11.6,0.15,277.25,,,,,,5.4,,99.6,95.9,5,100,,2.8,0.4,25,8.1,57.5,70,,,,,,,,,
5106455,Planalto da Serra,resto_mt,Demais MT,FALSE,2022,3166,1.34,1.25,23.9,9.6,65.1,1.3,12.1,0.28,490.76,,,,,,,,,,5,100,,1.5,0,0,8.2,62.2,73.9,,,,,,,,,
5106455,Planalto da Serra,resto_mt,Demais MT,FALSE,2023,3166,1.34,1.25,23.9,9.6,65.1,1.3,12.57,0.41,1076.51,,,,,,6.3,4.6,99.6,100,5,100,,,,,,,,8,0,4,0,0,0,25.27,469,14.8
5106455,Planalto da Serra,resto_mt,Demais MT,FALSE,2024,3287,1.34,1.25,23.9,9.6,65.1,1.3,11.93,0.61,1085.17,,,,,,,,,,5,100,,,,,,,,,,,,,,,,
5106455,Planalto da Serra,resto_mt,Demais MT,FALSE,2025,3328,1.34,1.25,23.9,9.6,65.1,1.3,,,,,,,,,,,,,,,,,,,,,,,,,,,,,,
5106505,Poconé,pantanal_norte,Pantanal-13,TRUE,2000,30773,-0.12,-0.15,14.8,15.7,69,0.4,,,,0.528,Baixo,0.57,71.21,19.99,,,,,,,,,,22.9,,43.4,39.1,,,,,,,,,
5106505,Poconé,pantanal_norte,Pantanal-13,TRUE,2001,30902,-0.12,-0.15,14.8,15.7,69,0.4,,,,,,,,,,,,,,,,,,29.5,,41.4,42.7,,,,,,,,,
5106505,Poconé,pantanal_norte,Pantanal-13,TRUE,2002,30966,-0.12,-0.15,14.8,15.7,69,0.4,,,,,,,,,,,,,,,,,,11.5,21.2,37.7,48.8,,,,,,,,,
5106505,Poconé,pantanal_norte,Pantanal-13,TRUE,2003,31055,-0.12,-0.15,14.8,15.7,69,0.4,,,,,,,,,,,,,,,,,,16,18.9,32.8,52.6,,,,,,,,,
5106505,Poconé,pantanal_norte,Pantanal-13,TRUE,2004,31243,-0.12,-0.15,14.8,15.7,69,0.4,,,,,,,,,,,,,,,,,,23.6,17,31.5,39.6,,,,,,,,,
5106505,Poconé,pantanal_norte,Pantanal-13,TRUE,2005,31348,-0.12,-0.15,14.8,15.7,69,0.4,,,,,,,,,2.9,3.1,78.7,81.2,,,,,,25.5,21.8,33.6,48,,,,,,,,,
5106505,Poconé,pantanal_norte,Pantanal-13,TRUE,2006,31451,-0.12,-0.15,14.8,15.7,69,0.4,,,,,,,,,,,,,,,,,,21.2,23.4,32.2,45.9,,,,,,,,,
5106505,Poconé,pantanal_norte,Pantanal-13,TRUE,2007,31118,-0.12,-0.15,14.8,15.7,69,0.4,,,,,,,,,3.7,3.1,86,80.7,71,15.5,,24.2,5,29.3,25.3,41,49.3,,,,,,,,,
5106505,Poconé,pantanal_norte,Pantanal-13,TRUE,2008,32059,-0.12,-0.15,14.8,15.7,69,0.4,,,,,,,,,,,,,70,20.3,,21.7,3.9,11.7,20.5,43.1,49,,,,,,,,,
5106505,Poconé,pantanal_norte,Pantanal-13,TRUE,2009,32162,-0.12,-0.15,14.8,15.7,69,0.4,,,,,,,,,3.9,3.7,94.9,90.2,64,26.6,68.5,16.1,3.3,12.5,17.9,45.3,61.1,,,,,,,,,
5106505,Poconé,pantanal_norte,Pantanal-13,TRUE,2010,31779,-0.12,-0.15,14.8,15.7,69,0.4,,,,0.652,Médio,0.52,48.84,9.42,,,,,56,32.1,78.9,12.7,0.9,13.2,12.4,40.9,62.8,20,2,10,1,41,1.29,6.29,,
5106505,Poconé,pantanal_norte,Pantanal-13,TRUE,2011,31857,-0.12,-0.15,14.8,15.7,69,0.4,,,,,,,,,4,3.7,97.9,93.5,85,32.1,77.6,6.8,0.5,13.2,13,50.4,72.8,,,,,,,,,
5106505,Poconé,pantanal_norte,Pantanal-13,TRUE,2012,31931,-0.12,-0.15,14.8,15.7,69,0.4,,,,,,,,,,,,,83,36.7,86.8,8.6,0.6,20.6,15.2,44.3,76.3,,,,,,,,,
5106505,Poconé,pantanal_norte,Pantanal-13,TRUE,2013,32053,-0.12,-0.15,14.8,15.7,69,0.4,11.82,,430.24,,,,,,4.1,3.7,98.6,96.4,84,37.3,76.3,4,0.3,16.2,16.3,45.9,63.8,,,,,,,,,
5106505,Poconé,pantanal_norte,Pantanal-13,TRUE,2014,32092,-0.12,-0.15,14.8,15.7,69,0.4,12.75,,453.4,,,,,,,,,,84,45.7,76,3.2,0.9,9.5,14.9,46.6,68.8,,,,,,,,,
5106505,Poconé,pantanal_norte,Pantanal-13,TRUE,2015,32131,-0.12,-0.15,14.8,15.7,69,0.4,12.75,,415.53,,,,,,4.4,3.6,98.6,93.8,64,47.8,80.7,3.5,0.4,10,11.8,50.2,67.9,27,3,12,1,41,1.28,8.4,,
5106505,Poconé,pantanal_norte,Pantanal-13,TRUE,2016,32205,-0.12,-0.15,14.8,15.7,69,0.4,12.68,,380.88,,,,,,,,,,64,64.1,85.6,3.3000000000000003,0.5,15.7,11.6,52.4,70.4,,,,,,,,,
5106505,Poconé,pantanal_norte,Pantanal-13,TRUE,2017,32241,-0.12,-0.15,14.8,15.7,69,0.4,12.5,,376.91,,,,,,4.6,3.8,98,95.2,64,63.9,92.2,5.1,0.1,13,12.8,48.3,77.1,,,,,,,,,
5106505,Poconé,pantanal_norte,Pantanal-13,TRUE,2018,32768,-0.12,-0.15,14.8,15.7,69,0.4,12.69,,381.39,,,,,,,,,,64,75,92,4,0.1,25.5,18.1,42.9,72.2,,,,,,,,,
5106505,Poconé,pantanal_norte,Pantanal-13,TRUE,2019,32843,-0.12,-0.15,14.8,15.7,69,0.4,11.84,4.38,1040.74,,,,,,4.4,3.5,96.1,87.9,64,84.4,89.7,4.1,0.6,12.1,16.8,53.2,77.6,,,,,,,,,
5106505,Poconé,pantanal_norte,Pantanal-13,TRUE,2020,33315,-0.12,-0.15,14.8,15.7,69,0.4,11.48,4.24,979.52,,,,,,,,,,63,84.4,91.3,5,,4,13.7,57.3,74.7,30,3,15,1,41,1.23,9,9253,27.8
5106505,Poconé,pantanal_norte,Pantanal-13,TRUE,2021,33386,-0.12,-0.15,14.8,15.7,69,0.4,11.35,4.04,923.77,,,,,,4.6,3.9,99.9,99.1,65,84.4,,4.3,0.1,8,8,56.1,74.2,,,,,,,,,
5106505,Poconé,pantanal_norte,Pantanal-13,TRUE,2022,31217,-0.12,-0.15,14.8,15.7,69,0.4,13.97,4.21,1222.45,,,,,,,,,,68,86.7,,4.2,0,12.4,8.1,51,73.3,,,,,,,,,
5106505,Poconé,pantanal_norte,Pantanal-13,TRUE,2023,31217,-0.12,-0.15,14.8,15.7,69,0.4,15.13,4.19,1896.03,,,,,,4.3,3.7,100,98.5,68,89.7,,,,,,,,36,3,17,1,51,1.63,11.53,10694,34.3
5106505,Poconé,pantanal_norte,Pantanal-13,TRUE,2024,31269,-0.12,-0.15,14.8,15.7,69,0.4,14.91,4.27,1973.46,,,,,,,,,,68,100,,,,,,,,,,,,,,,,
5106505,Poconé,pantanal_norte,Pantanal-13,TRUE,2025,31203,-0.12,-0.15,14.8,15.7,69,0.4,,,,,,,,,,,,,,,,,,,,,,,,,,,,,,
5106653,Pontal do Araguaia,resto_mt,Demais MT,FALSE,2000,3736,2.17,2.11,32.6,8.1,58.8,0.4,,,,0.607,Médio,0.53,54.86,2.44,,,,,,,,,,54.1,,35.1,51.4,,,,,,,,,
5106653,Pontal do Araguaia,resto_mt,Demais MT,FALSE,2001,3872,2.17,2.11,32.6,8.1,58.8,0.4,,,,,,,,,,,,,,,,,,0,,50,80.6,,,,,,,,,
5106653,Pontal do Araguaia,resto_mt,Demais MT,FALSE,2002,3964,2.17,2.11,32.6,8.1,58.8,0.4,,,,,,,,,,,,,,,,,,0,12.1,46.4,53.6,,,,,,,,,
5106653,Pontal do Araguaia,resto_mt,Demais MT,FALSE,2003,4070,2.17,2.11,32.6,8.1,58.8,0.4,,,,,,,,,,,,,,,,,,55.6,16.5,53.7,51.9,,,,,,,,,
5106653,Pontal do Araguaia,resto_mt,Demais MT,FALSE,2004,4292,2.17,2.11,32.6,8.1,58.8,0.4,,,,,,,,,,,,,,,,,,0,20.3,39.5,71.1,,,,,,,,,
5106653,Pontal do Araguaia,resto_mt,Demais MT,FALSE,2005,4415,2.17,2.11,32.6,8.1,58.8,0.4,,,,,,,,,2.4,,48.8,,,,,,,0,21.7,41.3,56.5,,,,,,,,,
5106653,Pontal do Araguaia,resto_mt,Demais MT,FALSE,2006,4537,2.17,2.11,32.6,8.1,58.8,0.4,,,,,,,,,,,,,,,,,,16.4,6.9,54.1,57.4,,,,,,,,,
5106653,Pontal do Araguaia,resto_mt,Demais MT,FALSE,2007,4966,2.17,2.11,32.6,8.1,58.8,0.4,,,,,,,,,3.9,3.5,92.6,80.5,3,100,,13.5,1.6,0,6.2,44.4,33.3,,,,,,,,,
5106653,Pontal do Araguaia,resto_mt,Demais MT,FALSE,2008,5178,2.17,2.11,32.6,8.1,58.8,0.4,,,,,,,,,,,,,3,100,,14.1,1.8,0,5.8,56.1,43.9,,,,,,,,,
5106653,Pontal do Araguaia,resto_mt,Demais MT,FALSE,2009,5322,2.17,2.11,32.6,8.1,58.8,0.4,,,,,,,,,4.9,4.6,91,94,3,100,78.6,12.2,4.3,29.9,11.2,62.7,41.8,,,,,,,,,
5106653,Pontal do Araguaia,resto_mt,Demais MT,FALSE,2010,5395,2.17,2.11,32.6,8.1,58.8,0.4,,,,0.734,Alto,0.48,29.75,3.38,,,,,3,100,67.2,11.3,0.3,0,10.6,76.6,46.9,6,0,4,0,0,0,11.12,,
5106653,Pontal do Araguaia,resto_mt,Demais MT,FALSE,2011,5523,2.17,2.11,32.6,8.1,58.8,0.4,,,,,,,,,4.6,4.2,93.1,88,4,100,75.7,10.7,1,28.2,19.8,71.8,53.5,,,,,,,,,
5106653,Pontal do Araguaia,resto_mt,Demais MT,FALSE,2012,5646,2.17,2.11,32.6,8.1,58.8,0.4,,,,,,,,,,,,,4,100,75.7,10,1.7,12.5,14,72.5,41.2,,,,,,,,,
5106653,Pontal do Araguaia,resto_mt,Demais MT,FALSE,2013,5855,2.17,2.11,32.6,8.1,58.8,0.4,7.21,,240.56,,,,,,4.9,4.4,95.5,92.2,4,100,80.8,9.3,0.3,14.5,18.2,79.7,60.9,,,,,,,,,
5106653,Pontal do Araguaia,resto_mt,Demais MT,FALSE,2014,5993,2.17,2.11,32.6,8.1,58.8,0.4,5.94,,180.7,,,,,,,,,,3,100,82.8,8.1,0.6,0,9.2,68.1,53.6,,,,,,,,,
5106653,Pontal do Araguaia,resto_mt,Demais MT,FALSE,2015,6128,2.17,2.11,32.6,8.1,58.8,0.4,5.83,,167.03,,,,,,4.7,4.3,95.4,91.4,4,100,85.5,4.7,0.3,11.1,8.8,73.3,66.7,8,0,4,0,0,0,13.05,,
5106653,Pontal do Araguaia,resto_mt,Demais MT,FALSE,2016,6259,2.17,2.11,32.6,8.1,58.8,0.4,7.21,,221.71,,,,,,,,,,4,100,89.2,5,0.3,14.3,8.7,71,51.4,,,,,,,,,
5106653,Pontal do Araguaia,resto_mt,Demais MT,FALSE,2017,6387,2.17,2.11,32.6,8.1,58.8,0.4,7.2,,226.54,,,,,,5.2,4.8,94.6,96.1,4,100,82.1,5.8,0,0,8.2,71.4,51.2,,,,,,,,,
5106653,Pontal do Araguaia,resto_mt,Demais MT,FALSE,2018,6578,2.17,2.11,32.6,8.1,58.8,0.4,6.93,,201.88,,,,,,,,,,4,100,80,5.4,0,12,8.4,75.9,59,,,,,,,,,
5106653,Pontal do Araguaia,resto_mt,Demais MT,FALSE,2019,6711,2.17,2.11,32.6,8.1,58.8,0.4,6.36,1.21,388.96,,,,,,6,4.1,99,88.2,3,100,81.1,5.2,0,11.5,7.9,75.9,64.4,,,,,,,,,
5106653,Pontal do Araguaia,resto_mt,Demais MT,FALSE,2020,6843,2.17,2.11,32.6,8.1,58.8,0.4,6.28,1.17,361.9,,,,,,,,,,3,100,83.1,3.2,,24.7,15.9,65.4,51.9,11,0,4,0,0,0,16.07,2002,29.3
5106653,Pontal do Araguaia,resto_mt,Demais MT,FALSE,2021,6972,2.17,2.11,32.6,8.1,58.8,0.4,6.11,1.18,344.43,,,,,,5.1,4.4,99.7,90.8,4,100,,5.4,0,13,16.3,83.1,45.5,,,,,,,,,
5106653,Pontal do Araguaia,resto_mt,Demais MT,FALSE,2022,6932,2.17,2.11,32.6,8.1,58.8,0.4,8.12,1.27,510.91,,,,,,,,,,5,100,,4.6,0.6,0,12.5,72.8,72,,,,,,,,,
5106653,Pontal do Araguaia,resto_mt,Demais MT,FALSE,2023,6932,2.17,2.11,32.6,8.1,58.8,0.4,8.27,1.49,891.69,,,,,,5.7,4.8,100,96.9,5,100,,,,,,,,11,0,4,0,0,0,15.87,2393,34.5
5106653,Pontal do Araguaia,resto_mt,Demais MT,FALSE,2024,7299,2.17,2.11,32.6,8.1,58.8,0.4,7.67,1.58,879.53,,,,,,,,,,5,100,,,,,,,,,,,,,,,,
5106653,Pontal do Araguaia,resto_mt,Demais MT,FALSE,2025,7441,2.17,2.11,32.6,8.1,58.8,0.4,,,,,,,,,,,,,,,,,,,,,,,,,,,,,,
5106703,Ponte Branca,resto_mt,Demais MT,FALSE,2000,2087,1.15,1.07,35.6,4.8,59,0.3,,,,0.563,Baixo,0.4,53.32,6.79,,,,,,,,,,,,30.8,38.5,,,,,,,,,
5106703,Ponte Branca,resto_mt,Demais MT,FALSE,2001,2048,1.15,1.07,35.6,4.8,59,0.3,,,,,,,,,,,,,,,,,,,,50,46.4,,,,,,,,,
5106703,Ponte Branca,resto_mt,Demais MT,FALSE,2002,2043,1.15,1.07,35.6,4.8,59,0.3,,,,,,,,,,,,,,,,,,,0,41.7,33.3,,,,,,,,,
5106703,Ponte Branca,resto_mt,Demais MT,FALSE,2003,2023,1.15,1.07,35.6,4.8,59,0.3,,,,,,,,,,,,,,,,,,,0,53.3,20,,,,,,,,,
5106703,Ponte Branca,resto_mt,Demais MT,FALSE,2004,1980,1.15,1.07,35.6,4.8,59,0.3,,,,,,,,,,,,,,,,,,,0,44.8,37.9,,,,,,,,,
5106703,Ponte Branca,resto_mt,Demais MT,FALSE,2005,1956,1.15,1.07,35.6,4.8,59,0.3,,,,,,,,,,3.8,,87.3,,,,,,,0,35.7,35.7,,,,,,,,,
5106703,Ponte Branca,resto_mt,Demais MT,FALSE,2006,1933,1.15,1.07,35.6,4.8,59,0.3,,,,,,,,,,,,,,,,,,,0,36,72,,,,,,,,,
5106703,Ponte Branca,resto_mt,Demais MT,FALSE,2007,1794,1.15,1.07,35.6,4.8,59,0.3,,,,,,,,,4.6,4.3,97.5,97.2,3,33.3,,12.3,0.6,,0,39.3,78.6,,,,,,,,,
5106703,Ponte Branca,resto_mt,Demais MT,FALSE,2008,1831,1.15,1.07,35.6,4.8,59,0.3,,,,,,,,,,,,,3,33.3,,13.7,3,,0,42.1,89.5,,,,,,,,,
5106703,Ponte Branca,resto_mt,Demais MT,FALSE,2009,1804,1.15,1.07,35.6,4.8,59,0.3,,,,,,,,,5,4.7,98.2,99.4,3,66.7,91.7,14,0,,0,42.3,100,,,,,,,,,
5106703,Ponte Branca,resto_mt,Demais MT,FALSE,2010,1768,1.15,1.07,35.6,4.8,59,0.3,,,,0.686,Médio,0.49,33.45,1.35,,,,,3,33.3,92,7.2,0,,0,50,90.9,5,1,2,1,11,6.22,28.28,,
5106703,Ponte Branca,resto_mt,Demais MT,FALSE,2011,1744,1.15,1.07,35.6,4.8,59,0.3,,,,,,,,,5.4,4.8,94,95,4,33.3,91.3,8,0,,0,85.7,85.7,,,,,,,,,
5106703,Ponte Branca,resto_mt,Demais MT,FALSE,2012,1720,1.15,1.07,35.6,4.8,59,0.3,,,,,,,,,,,,,4,33.3,87,11.1,0,,0,64.3,57.1,,,,,,,,,
5106703,Ponte Branca,resto_mt,Demais MT,FALSE,2013,1679,1.15,1.07,35.6,4.8,59,0.3,6.37,,197.11,,,,,,5.4,3.5,100,96.4,4,66.7,90.5,8.2,0,,0,85,40,,,,,,,,,
5106703,Ponte Branca,resto_mt,Demais MT,FALSE,2014,1648,1.15,1.07,35.6,4.8,59,0.3,6.01,,188.11,,,,,,,,,,4,66.7,87.5,7.1,0,,19.2,55.6,27.8,,,,,,,,,
5106703,Ponte Branca,resto_mt,Demais MT,FALSE,2015,1618,1.15,1.07,35.6,4.8,59,0.3,6.61,,213.09,,,,,,5.8,4.6,100,94.3,4,66.7,88,5.3,0,,21.7,75,75,6,1,2,1,11,6.8,37.08,,
5106703,Ponte Branca,resto_mt,Demais MT,FALSE,2016,1588,1.15,1.07,35.6,4.8,59,0.3,7.24,,243.95,,,,,,,,,,4,100,88,6.2,0,,25,71.4,64.3,,,,,,,,,
5106703,Ponte Branca,resto_mt,Demais MT,FALSE,2017,1560,1.15,1.07,35.6,4.8,59,0.3,7.44,,265.35,,,,,,5.9,5.1,100,98.4,4,100,95.5,0.8,0,,0,61.1,83.3,,,,,,,,,
5106703,Ponte Branca,resto_mt,Demais MT,FALSE,2018,1602,1.15,1.07,35.6,4.8,59,0.3,8.11,,267.9,,,,,,,,,,4,100,95.7,5.9,0,,19.6,57.9,63.2,,,,,,,,,
5106703,Ponte Branca,resto_mt,Demais MT,FALSE,2019,1576,1.15,1.07,35.6,4.8,59,0.3,8.76,4,910.41,,,,,,,5.4,90.6,98.1,4,100,95.5,7.4,3.9,,18.9,37.5,31.2,,,,,,,,,
5106703,Ponte Branca,resto_mt,Demais MT,FALSE,2020,1550,1.15,1.07,35.6,4.8,59,0.3,9.48,3.81,888.6,,,,,,,,,,4,100,95,4.7,,,19.6,81.2,43.8,8,1,2,1,11,7.1,51.61,252,16.3
5106703,Ponte Branca,resto_mt,Demais MT,FALSE,2021,1525,1.15,1.07,35.6,4.8,59,0.3,9.64,3.8,858.53,,,,,,,5.4,100,100,4,100,,3.2,0,,0,53.8,61.5,,,,,,,,,
5106703,Ponte Branca,resto_mt,Demais MT,FALSE,2022,2008,1.15,1.07,35.6,4.8,59,0.3,8.52,2.84,793.27,,,,,,,,,,4,100,,3.1,0,,0,53.3,46.7,,,,,,,,,
5106703,Ponte Branca,resto_mt,Demais MT,FALSE,2023,2008,1.15,1.07,35.6,4.8,59,0.3,8.96,2.99,1204.14,,,,,,5.3,4.9,100,100,4,100,,,,,,,,8,1,2,1,12,5.98,39.84,226,11.3
5106703,Ponte Branca,resto_mt,Demais MT,FALSE,2024,2076,1.15,1.07,35.6,4.8,59,0.3,9.34,2.7,1248.21,,,,,,,,,,4,100,,,,,,,,,,,,,,,,
5106703,Ponte Branca,resto_mt,Demais MT,FALSE,2025,2098,1.15,1.07,35.6,4.8,59,0.3,,,,,,,,,,,,,,,,,,,,,,,,,,,,,,
5106752,Pontes e Lacerda,resto_mt,Demais MT,FALSE,2000,43012,2,1.92,33.8,10.3,55.5,0.2,,,,0.548,Baixo,0.59,51.18,6.83,,,,,,,,,,15.5,,53,25.8,,,,,,,,,
5106752,Pontes e Lacerda,resto_mt,Demais MT,FALSE,2001,38066,2,1.92,33.8,10.3,55.5,0.2,,,,,,,,,,,,,,,,,,14.3,,52.3,34.3,,,,,,,,,
5106752,Pontes e Lacerda,resto_mt,Demais MT,FALSE,2002,38691,2,1.92,33.8,10.3,55.5,0.2,,,,,,,,,,,,,,,,,,11.7,13.9,50.6,33,,,,,,,,,
5106752,Pontes e Lacerda,resto_mt,Demais MT,FALSE,2003,39381,2,1.92,33.8,10.3,55.5,0.2,,,,,,,,,,,,,,,,,,28.4,17.9,52.4,36.2,,,,,,,,,
5106752,Pontes e Lacerda,resto_mt,Demais MT,FALSE,2004,40830,2,1.92,33.8,10.3,55.5,0.2,,,,,,,,,,,,,,,,,,14.8,18.2,53.6,33.4,,,,,,,,,
5106752,Pontes e Lacerda,resto_mt,Demais MT,FALSE,2005,41632,2,1.92,33.8,10.3,55.5,0.2,,,,,,,,,3.6,2.9,84.2,73.1,,,,,,5.7,16,50.8,31.1,,,,,,,,,
5106752,Pontes e Lacerda,resto_mt,Demais MT,FALSE,2006,42429,2,1.92,33.8,10.3,55.5,0.2,,,,,,,,,,,,,,,,,,12,10.7,54.2,29,,,,,,,,,
5106752,Pontes e Lacerda,resto_mt,Demais MT,FALSE,2007,37910,2,1.92,33.8,10.3,55.5,0.2,,,,,,,,,4.4,3.6,91,81.6,21,61.9,,16.9,5,20.6,12.5,54.5,32.1,,,,,,,,,
5106752,Pontes e Lacerda,resto_mt,Demais MT,FALSE,2008,39071,2,1.92,33.8,10.3,55.5,0.2,,,,,,,,,,,,,21,71.4,,14.2,3,18,16.6,59.5,39.7,,,,,,,,,
5106752,Pontes e Lacerda,resto_mt,Demais MT,FALSE,2009,39228,2,1.92,33.8,10.3,55.5,0.2,,,,,,,,,4.8,4.3,94.9,90.6,22,77.3,76.7,12.2,1.4,9.9,15.8,54.6,47,,,,,,,,,
5106752,Pontes e Lacerda,resto_mt,Demais MT,FALSE,2010,41408,2,1.92,33.8,10.3,55.5,0.2,,,,0.703,Alto,0.49,26.47,2.46,,,,,22,90.9,79.2,9.7,0.4,9.5,11.7,58.8,49.7,43,4,16,3,49,1.18,10.38,,
5106752,Pontes e Lacerda,resto_mt,Demais MT,FALSE,2011,41741,2,1.92,33.8,10.3,55.5,0.2,,,,,,,,,5.2,4.7,98.4,96.2,25,90.9,86.5,8.5,0.1,12.3,10.6,63,57.7,,,,,,,,,
5106752,Pontes e Lacerda,resto_mt,Demais MT,FALSE,2012,42063,2,1.92,33.8,10.3,55.5,0.2,,,,,,,,,,,,,25,90.9,85.6,4.9,0.2,5,8.8,66.6,63.6,,,,,,,,,
5106752,Pontes e Lacerda,resto_mt,Demais MT,FALSE,2013,42605,2,1.92,33.8,10.3,55.5,0.2,6.18,,181.86,,,,,,5.1,4.4,98.6,96.8,26,87,84.2,3.8,0,6.5,7.9,67,57.8,,,,,,,,,
5106752,Pontes e Lacerda,resto_mt,Demais MT,FALSE,2014,42924,2,1.92,33.8,10.3,55.5,0.2,6.27,,184.13,,,,,,,,,,27,87.5,83.7,2.6,0,9.6,7.1,70.5,57.2,,,,,,,,,
5106752,Pontes e Lacerda,resto_mt,Demais MT,FALSE,2015,43235,2,1.92,33.8,10.3,55.5,0.2,5.89,,158.97,,,,,,5.8,4.7,99.1,96.5,27,82.6,84.4,2.8,0.3,12.1,9.5,69.3,56.8,54,2,20,2,48,1.11,12.49,,
5106752,Pontes e Lacerda,resto_mt,Demais MT,FALSE,2016,43538,2,1.92,33.8,10.3,55.5,0.2,5.62,,142.8,,,,,,,,,,26,81,85.4,2.4,0.2,13.4,11.6,67.3,75.4,,,,,,,,,
5106752,Pontes e Lacerda,resto_mt,Demais MT,FALSE,2017,43832,2,1.92,33.8,10.3,55.5,0.2,4.85,,120.44,,,,,,5.5,4.8,97.8,95.8,27,76.2,86.1,4.3,0.4,13,12.8,72.2,69.9,,,,,,,,,
5106752,Pontes e Lacerda,resto_mt,Demais MT,FALSE,2018,45093,2,1.92,33.8,10.3,55.5,0.2,4.14,,100.01,,,,,,,,,,27,76.2,90.2,4.7,0.3,5.8,10.6,72.4,67.1,,,,,,,,,
5106752,Pontes e Lacerda,resto_mt,Demais MT,FALSE,2019,45436,2,1.92,33.8,10.3,55.5,0.2,3.49,2.53,485.85,,,,,,5.6,4.8,97.1,92.9,29,100,90.9,3.7,0.2,11.9,10.2,74.5,73.7,,,,,,,,,
5106752,Pontes e Lacerda,resto_mt,Demais MT,FALSE,2020,45774,2,1.92,33.8,10.3,55.5,0.2,3.51,2.5,478.94,,,,,,,,,,29,100,92.7,4.6,,7,8.2,72.1,71,76,3,35,2,56,1.22,16.6,17501,38.2
5106752,Pontes e Lacerda,resto_mt,Demais MT,FALSE,2021,46105,2,1.92,33.8,10.3,55.5,0.2,4.24,2.46,472.08,,,,,,5.6,4.7,99.8,97.6,27,100,,4.2,0,15.2,11.4,74.6,72.7,,,,,,,,,
5106752,Pontes e Lacerda,resto_mt,Demais MT,FALSE,2022,52018,2,1.92,33.8,10.3,55.5,0.2,4.02,2.13,491.91,,,,,,,,,,29,100,,3.5,0,11.8,11.3,75.9,73.6,,,,,,,,,
5106752,Pontes e Lacerda,resto_mt,Demais MT,FALSE,2023,52018,2,1.92,33.8,10.3,55.5,0.2,4.64,2.27,740.33,,,,,,6.1,4.7,100,99.2,30,100,,,,,,,,107,4,50,2,64,1.23,20.57,18729,36
5106752,Pontes e Lacerda,resto_mt,Demais MT,FALSE,2024,54795,2,1.92,33.8,10.3,55.5,0.2,4.65,2.41,777.26,,,,,,,,,,28,100,,,,,,,,,,,,,,,,
5106752,Pontes e Lacerda,resto_mt,Demais MT,FALSE,2025,55762,2,1.92,33.8,10.3,55.5,0.2,,,,,,,,,,,,,,,,,,,,,,,,,,,,,,
5106778,Porto Alegre do Norte,resto_mt,Demais MT,FALSE,2000,8623,1.09,1.01,21.9,13.8,61.6,2.6,,,,0.519,Baixo,0.66,63.65,17.06,,,,,,,,,,16.9,,11.2,24.3,,,,,,,,,
5106778,Porto Alegre do Norte,resto_mt,Demais MT,FALSE,2001,8646,1.09,1.01,21.9,13.8,61.6,2.6,,,,,,,,,,,,,,,,,,15.7,,20.9,27.7,,,,,,,,,
5106778,Porto Alegre do Norte,resto_mt,Demais MT,FALSE,2002,8863,1.09,1.01,21.9,13.8,61.6,2.6,,,,,,,,,,,,,,,,,,10.7,14.4,20.9,21.9,,,,,,,,,
5106778,Porto Alegre do Norte,resto_mt,Demais MT,FALSE,2003,8974,1.09,1.01,21.9,13.8,61.6,2.6,,,,,,,,,,,,,,,,,,20.4,15.7,17.9,39.3,,,,,,,,,
5106778,Porto Alegre do Norte,resto_mt,Demais MT,FALSE,2004,9207,1.09,1.01,21.9,13.8,61.6,2.6,,,,,,,,,,,,,,,,,,24.8,18.8,23.8,35.1,,,,,,,,,
5106778,Porto Alegre do Norte,resto_mt,Demais MT,FALSE,2005,9337,1.09,1.01,21.9,13.8,61.6,2.6,,,,,,,,,3.9,3.3,81.7,76.4,,,,,,12.6,19.7,22.6,58.5,,,,,,,,,
5106778,Porto Alegre do Norte,resto_mt,Demais MT,FALSE,2006,9465,1.09,1.01,21.9,13.8,61.6,2.6,,,,,,,,,,,,,,,,,,15.2,17.9,31,54.8,,,,,,,,,
5106778,Porto Alegre do Norte,resto_mt,Demais MT,FALSE,2007,9639,1.09,1.01,21.9,13.8,61.6,2.6,,,,,,,,,3.8,3.5,90,88.3,10,30,,27.8,3.5,6.6,11.8,21.9,39.7,,,,,,,,,
5106778,Porto Alegre do Norte,resto_mt,Demais MT,FALSE,2008,9979,1.09,1.01,21.9,13.8,61.6,2.6,,,,,,,,,,,,,10,40,,26.3,2.9,7,10.2,25.2,48.3,,,,,,,,,
5106778,Porto Alegre do Norte,resto_mt,Demais MT,FALSE,2009,10109,1.09,1.01,21.9,13.8,61.6,2.6,,,,,,,,,4.8,4.5,96.2,93.4,10,50,37.3,21,2.3,13.2,9,30.9,56.6,,,,,,,,,
5106778,Porto Alegre do Norte,resto_mt,Demais MT,FALSE,2010,10748,1.09,1.01,21.9,13.8,61.6,2.6,,,,0.673,Médio,0.52,44.93,10.75,,,,,10,60,45.9,13,0.9,7.4,9.3,27.4,60.3,13,1,6,1,11,1.02,12.1,,
5106778,Porto Alegre do Norte,resto_mt,Demais MT,FALSE,2011,10912,1.09,1.01,21.9,13.8,61.6,2.6,,,,,,,,,4.5,4.5,98.7,99,14,80,63.4,10.2,0.3,14.3,11.7,32.1,60,,,,,,,,,
5106778,Porto Alegre do Norte,resto_mt,Demais MT,FALSE,2012,11069,1.09,1.01,21.9,13.8,61.6,2.6,,,,,,,,,,,,,14,90,86.7,7.3,0.1,14.9,12.2,45.5,64.2,,,,,,,,,
5106778,Porto Alegre do Norte,resto_mt,Demais MT,FALSE,2013,11336,1.09,1.01,21.9,13.8,61.6,2.6,10.22,,332.26,,,,,,4.9,4.1,99,97.3,14,90,68.1,4.2,1,15,14.7,36.4,60.2,,,,,,,,,
5106778,Porto Alegre do Norte,resto_mt,Demais MT,FALSE,2014,11508,1.09,1.01,21.9,13.8,61.6,2.6,10.25,,337.16,,,,,,,,,,14,90,74.8,2,0.8,8.2,12.9,44.3,70.5,,,,,,,,,
5106778,Porto Alegre do Norte,resto_mt,Demais MT,FALSE,2015,11674,1.09,1.01,21.9,13.8,61.6,2.6,9.55,,292.7,,,,,,5.4,4.2,99.2,96.5,14,90,82.7,2.2,0.8,0,7.2,38.9,61.3,14,1,7,1,11,0.94,11.99,,
5106778,Porto Alegre do Norte,resto_mt,Demais MT,FALSE,2016,11837,1.09,1.01,21.9,13.8,61.6,2.6,8.04,,257.31,,,,,,,,,,14,90,85.4,1.8,0.1,6.5,4.6,50.3,69.3,,,,,,,,,
5106778,Porto Alegre do Norte,resto_mt,Demais MT,FALSE,2017,11995,1.09,1.01,21.9,13.8,61.6,2.6,7.34,,243.34,,,,,,5.1,4.3,99.1,97.7,14,100,82.1,2.5,0.8,8.6,4.6,39.7,72.4,,,,,,,,,
5106778,Porto Alegre do Norte,resto_mt,Demais MT,FALSE,2018,12347,1.09,1.01,21.9,13.8,61.6,2.6,6.69,,211.8,,,,,,,,,,15,100,92,3.5,0.7,19.6,11.8,62.1,71.9,,,,,,,,,
5106778,Porto Alegre do Norte,resto_mt,Demais MT,FALSE,2019,12517,1.09,1.01,21.9,13.8,61.6,2.6,6.1,2.78,632.99,,,,,,5.2,4.1,99,91.5,15,100,94.6,2.5,0,19.7,16.6,55.3,60.5,,,,,,,,,
5106778,Porto Alegre do Norte,resto_mt,Demais MT,FALSE,2020,12685,1.09,1.01,21.9,13.8,61.6,2.6,6.15,2.73,614.37,,,,,,,,,,15,100,96.8,3.7,,12,17,65.7,58.4,12,1,6,1,11,0.87,9.46,1286,10.1
5106778,Porto Alegre do Norte,resto_mt,Demais MT,FALSE,2021,12849,1.09,1.01,21.9,13.8,61.6,2.6,6.93,2.67,616.03,,,,,,4.5,4.1,99.7,96.1,15,100,,2.3,0,5.9,12.3,74.6,57.4,,,,,,,,,
5106778,Porto Alegre do Norte,resto_mt,Demais MT,FALSE,2022,12127,1.09,1.01,21.9,13.8,61.6,2.6,9.6,2.89,861.74,,,,,,,,,,17,100,,3.9,0.1,26.5,15.3,73,51.3,,,,,,,,,
5106778,Porto Alegre do Norte,resto_mt,Demais MT,FALSE,2023,12127,1.09,1.01,21.9,13.8,61.6,2.6,10.29,3.03,1347.81,,,,,,4.8,4.6,99.9,97.8,17,100,,,,,,,,13,1,6,1,11,0.91,10.72,2251,18.6
5106778,Porto Alegre do Norte,resto_mt,Demais MT,FALSE,2024,12524,1.09,1.01,21.9,13.8,61.6,2.6,9.98,3.21,1385.08,,,,,,,,,,18,100,,,,,,,,,,,,,,,,
5106778,Porto Alegre do Norte,resto_mt,Demais MT,FALSE,2025,12649,1.09,1.01,21.9,13.8,61.6,2.6,,,,,,,,,,,,,,,,,,,,,,,,,,,,,,
5106802,Porto dos Gaúchos,resto_mt,Demais MT,FALSE,2000,5665,0.31,0.22,39.2,7.2,53.1,0.3,,,,0.585,Baixo,0.48,42.04,4.36,,,,,,,,,,37.5,,52.5,61.3,,,,,,,,,
5106802,Porto dos Gaúchos,resto_mt,Demais MT,FALSE,2001,5813,0.31,0.22,39.2,7.2,53.1,0.3,,,,,,,,,,,,,,,,,,24.8,,71.9,66.9,,,,,,,,,
5106802,Porto dos Gaúchos,resto_mt,Demais MT,FALSE,2002,5919,0.31,0.22,39.2,7.2,53.1,0.3,,,,,,,,,,,,,,,,,,9.2,22.6,47.7,55,,,,,,,,,
5106802,Porto dos Gaúchos,resto_mt,Demais MT,FALSE,2003,6037,0.31,0.22,39.2,7.2,53.1,0.3,,,,,,,,,,,,,,,,,,18.9,17.9,50.9,61.3,,,,,,,,,
5106802,Porto dos Gaúchos,resto_mt,Demais MT,FALSE,2004,6285,0.31,0.22,39.2,7.2,53.1,0.3,,,,,,,,,,,,,,,,,,9.5,12.5,31.4,39,,,,,,,,,
5106802,Porto dos Gaúchos,resto_mt,Demais MT,FALSE,2005,6422,0.31,0.22,39.2,7.2,53.1,0.3,,,,,,,,,3.7,,79.7,,,,,,,39.2,22.4,36.3,45.1,,,,,,,,,
5106802,Porto dos Gaúchos,resto_mt,Demais MT,FALSE,2006,6559,0.31,0.22,39.2,7.2,53.1,0.3,,,,,,,,,,,,,,,,,,0,17.2,29.8,46.4,,,,,,,,,
5106802,Porto dos Gaúchos,resto_mt,Demais MT,FALSE,2007,6116,0.31,0.22,39.2,7.2,53.1,0.3,,,,,,,,,4.6,3.8,95.3,85.1,8,25,,19.4,1.9,13,19,42.9,54.5,,,,,,,,,
5106802,Porto dos Gaúchos,resto_mt,Demais MT,FALSE,2008,6321,0.31,0.22,39.2,7.2,53.1,0.3,,,,,,,,,,,,,7,57.1,,16.2,2.3,39,16.8,54.5,72.7,,,,,,,,,
5106802,Porto dos Gaúchos,resto_mt,Demais MT,FALSE,2009,6383,0.31,0.22,39.2,7.2,53.1,0.3,,,,,,,,,5.4,4.7,98.8,92.3,8,62.5,66.3,14.5,0.1,0,16.1,60,92.6,,,,,,,,,
5106802,Porto dos Gaúchos,resto_mt,Demais MT,FALSE,2010,5449,0.31,0.22,39.2,7.2,53.1,0.3,,,,0.685,Médio,0.5,25.24,3.79,,,,,8,75,70.6,11.7,0.6,0,11.8,50,91.5,11,1,5,1,16,2.94,20.19,,
5106802,Porto dos Gaúchos,resto_mt,Demais MT,FALSE,2011,5433,0.31,0.22,39.2,7.2,53.1,0.3,,,,,,,,,5,4.6,98.9,92.2,9,87.5,66.3,6.7,0.3,30.8,8.3,61.5,73.8,,,,,,,,,
5106802,Porto dos Gaúchos,resto_mt,Demais MT,FALSE,2012,5417,0.31,0.22,39.2,7.2,53.1,0.3,,,,,,,,,,,,,9,87.5,70.6,4.1,0.3,12.8,13.3,56.4,74.4,,,,,,,,,
5106802,Porto dos Gaúchos,resto_mt,Demais MT,FALSE,2013,5389,0.31,0.22,39.2,7.2,53.1,0.3,6.25,,197.24,,,,,,5.7,4.3,99.1,99,9,75,69.5,5.5,0.9,0,13.1,48.8,81.4,,,,,,,,,
5106802,Porto dos Gaúchos,resto_mt,Demais MT,FALSE,2014,5361,0.31,0.22,39.2,7.2,53.1,0.3,6.04,,199.87,,,,,,,,,,9,75,80.8,5.1,2.7,0,4,69.7,92.1,,,,,,,,,
5106802,Porto dos Gaúchos,resto_mt,Demais MT,FALSE,2015,5334,0.31,0.22,39.2,7.2,53.1,0.3,5.44,,160.4,,,,,,5.6,4.8,99,97,9,75,74.8,5.1,1,0,0,61.8,83.1,11,1,6,1,16,3,20.62,,
5106802,Porto dos Gaúchos,resto_mt,Demais MT,FALSE,2016,5308,0.31,0.22,39.2,7.2,53.1,0.3,4.24,,110.23,,,,,,,,,,9,66.7,85.6,3.6,1.7,27,7.9,59.5,89.2,,,,,,,,,
5106802,Porto dos Gaúchos,resto_mt,Demais MT,FALSE,2017,5283,0.31,0.22,39.2,7.2,53.1,0.3,3.18,,77.75,,,,,,6.5,4.9,99.7,98.8,10,66.7,86,3.3,0.3,40,21,66.7,85.3,,,,,,,,,
5106802,Porto dos Gaúchos,resto_mt,Demais MT,FALSE,2018,5429,0.31,0.22,39.2,7.2,53.1,0.3,2.62,,60.47,,,,,,,,,,10,66.7,83.5,7.1,0.8,0,22.2,75,88.2,,,,,,,,,
5106802,Porto dos Gaúchos,resto_mt,Demais MT,FALSE,2019,5410,0.31,0.22,39.2,7.2,53.1,0.3,2.13,1.89,353.55,,,,,,6.7,4.3,99.7,93.5,10,100,81.9,2.1,0,0,13.1,62.8,97.4,,,,,,,,,
5106802,Porto dos Gaúchos,resto_mt,Demais MT,FALSE,2020,5363,0.31,0.22,39.2,7.2,53.1,0.3,2.27,1.98,370.1,,,,,,,,,,9,100,80,1.3,,23.8,8.4,63.1,85.7,12,2,6,1,16,2.98,22.38,1196,22.3
5106802,Porto dos Gaúchos,resto_mt,Demais MT,FALSE,2021,5344,0.31,0.22,39.2,7.2,53.1,0.3,2.81,1.85,349.92,,,,,,5.9,4.8,100,97.7,9,100,,2.6,0,11,11.9,64.8,83.5,,,,,,,,,
5106802,Porto dos Gaúchos,resto_mt,Demais MT,FALSE,2022,5593,0.31,0.22,39.2,7.2,53.1,0.3,3.27,1.59,380.46,,,,,,,,,,10,100,,4.4,0,0,11.4,73,79.8,,,,,,,,,
5106802,Porto dos Gaúchos,resto_mt,Demais MT,FALSE,2023,5593,0.31,0.22,39.2,7.2,53.1,0.3,3.38,1.64,534.79,,,,,,6,5.3,100,99.7,10,100,,,,,,,,14,2,5,1,17,3.04,25.03,2002,35.8
5106802,Porto dos Gaúchos,resto_mt,Demais MT,FALSE,2024,5690,0.31,0.22,39.2,7.2,53.1,0.3,3.57,1.63,568.54,,,,,,,,,,10,100,,,,,,,,,,,,,,,,
5106802,Porto dos Gaúchos,resto_mt,Demais MT,FALSE,2025,5705,0.31,0.22,39.2,7.2,53.1,0.3,,,,,,,,,,,,,,,,,,,,,,,,,,,,,,
5106828,Porto Esperidião,pantanal_norte,Pantanal-13,TRUE,2000,9996,-0.59,-0.65,24.6,5.8,66.6,2.9,,,,0.478,Muito Baixo,0.63,65.08,17.95,,,,,,,,,,15.3,,35.7,7.7,,,,,,,,,
5106828,Porto Esperidião,pantanal_norte,Pantanal-13,TRUE,2001,10217,-0.59,-0.65,24.6,5.8,66.6,2.9,,,,,,,,,,,,,,,,,,23.4,,33.3,7.6,,,,,,,,,
5106828,Porto Esperidião,pantanal_norte,Pantanal-13,TRUE,2002,10293,-0.59,-0.65,24.6,5.8,66.6,2.9,,,,,,,,,,,,,,,,,,31.6,22.9,34.2,8.2,,,,,,,,,
5106828,Porto Esperidião,pantanal_norte,Pantanal-13,TRUE,2003,10430,-0.59,-0.65,24.6,5.8,66.6,2.9,,,,,,,,,,,,,,,,,,20.2,24.7,41.4,22.2,,,,,,,,,
5106828,Porto Esperidião,pantanal_norte,Pantanal-13,TRUE,2004,10719,-0.59,-0.65,24.6,5.8,66.6,2.9,,,,,,,,,,,,,,,,,,25.4,25.3,42.6,16.8,,,,,,,,,
5106828,Porto Esperidião,pantanal_norte,Pantanal-13,TRUE,2005,10879,-0.59,-0.65,24.6,5.8,66.6,2.9,,,,,,,,,3.6,3.3,81.6,74.2,,,,,,5.9,17.7,44.7,28.2,,,,,,,,,
5106828,Porto Esperidião,pantanal_norte,Pantanal-13,TRUE,2006,11038,-0.59,-0.65,24.6,5.8,66.6,2.9,,,,,,,,,,,,,,,,,,31.1,20.8,42.2,16.8,,,,,,,,,
5106828,Porto Esperidião,pantanal_norte,Pantanal-13,TRUE,2007,9606,-0.59,-0.65,24.6,5.8,66.6,2.9,,,,,,,,,4.3,3.3,87,82.2,11,18.2,,24.8,7.1,23.4,19.6,36.7,15.6,,,,,,,,,
5106828,Porto Esperidião,pantanal_norte,Pantanal-13,TRUE,2008,9871,-0.59,-0.65,24.6,5.8,66.6,2.9,,,,,,,,,,,,,11,36.4,,22.1,2.2,12,21.9,40.1,76.5,,,,,,,,,
5106828,Porto Esperidião,pantanal_norte,Pantanal-13,TRUE,2009,9850,-0.59,-0.65,24.6,5.8,66.6,2.9,,,,,,,,,4.8,4.4,93.8,91.7,12,41.7,58.3,19.2,1.3,13.1,15.6,52.9,48.4,,,,,,,,,
5106828,Porto Esperidião,pantanal_norte,Pantanal-13,TRUE,2010,11031,-0.59,-0.65,24.6,5.8,66.6,2.9,,,,0.652,Médio,0.59,49.22,7.78,,,,,12,50,63.8,16.9,0.5,0,8.4,52.3,46.5,8,0,6,0,0,0,7.25,,
5106828,Porto Esperidião,pantanal_norte,Pantanal-13,TRUE,2011,11111,-0.59,-0.65,24.6,5.8,66.6,2.9,,,,,,,,,5.3,4.5,98.2,94.5,12,75,64.7,10.2,0.4,17.5,10.4,67.3,62,,,,,,,,,
5106828,Porto Esperidião,pantanal_norte,Pantanal-13,TRUE,2012,11188,-0.59,-0.65,24.6,5.8,66.6,2.9,,,,,,,,,,,,,12,91.7,70.3,8.2,0.2,12.8,10.4,66.7,64.7,,,,,,,,,
5106828,Porto Esperidião,pantanal_norte,Pantanal-13,TRUE,2013,11317,-0.59,-0.65,24.6,5.8,66.6,2.9,9.45,,293.39,,,,,,5,4,99.8,93.3,12,91.7,70.3,4.8,0.1,21.5,17.5,75.8,65.6,,,,,,,,,
5106828,Porto Esperidião,pantanal_norte,Pantanal-13,TRUE,2014,11392,-0.59,-0.65,24.6,5.8,66.6,2.9,9.34,,280.64,,,,,,,,,,12,100,61.8,3.2,0.4,38.9,24.9,71.1,47.2,,,,,,,,,
5106828,Porto Esperidião,pantanal_norte,Pantanal-13,TRUE,2015,11464,-0.59,-0.65,24.6,5.8,66.6,2.9,8.17,,223.31,,,,,,5.5,4.6,97.7,93.3,12,100,65.8,3,0.1,11.8,24.3,80.5,42,14,0,6,0,0,0,12.21,,
5106828,Porto Esperidião,pantanal_norte,Pantanal-13,TRUE,2016,11535,-0.59,-0.65,24.6,5.8,66.6,2.9,6.72,,172.55,,,,,,,,,,12,83.3,64.2,4.5,0.4,18,23.3,77.8,48.5,,,,,,,,,
5106828,Porto Esperidião,pantanal_norte,Pantanal-13,TRUE,2017,11603,-0.59,-0.65,24.6,5.8,66.6,2.9,5.27,,130.24,,,,,,5.3,4.6,96.6,96.5,12,58.3,82,8.1,0.2,20,16.8,76.5,54.5,,,,,,,,,
5106828,Porto Esperidião,pantanal_norte,Pantanal-13,TRUE,2018,11935,-0.59,-0.65,24.6,5.8,66.6,2.9,4.52,,110.36,,,,,,,,,,12,50,86,5.5,0.2,6.6,15.4,78.8,57,,,,,,,,,
5106828,Porto Esperidião,pantanal_norte,Pantanal-13,TRUE,2019,12017,-0.59,-0.65,24.6,5.8,66.6,2.9,4.04,1.75,374.54,,,,,,5.6,4.5,95.6,90.9,12,75,85.2,6.3,0.6,29.6,19.2,69.8,59.2,,,,,,,,,
5106828,Porto Esperidião,pantanal_norte,Pantanal-13,TRUE,2020,12097,-0.59,-0.65,24.6,5.8,66.6,2.9,4.29,1.68,370.13,,,,,,,,,,12,91.7,86.1,8.1,,13.1,16.9,73.2,51,14,1,6,1,4,0.33,11.57,897,7.4
5106828,Porto Esperidião,pantanal_norte,Pantanal-13,TRUE,2021,12176,-0.59,-0.65,24.6,5.8,66.6,2.9,4.58,1.64,356.12,,,,,,5.4,4.6,97.9,94,12,90.9,,5.9,0,12.7,18.8,61.8,59.2,,,,,,,,,
5106828,Porto Esperidião,pantanal_norte,Pantanal-13,TRUE,2022,10204,-0.59,-0.65,24.6,5.8,66.6,2.9,7.73,1.87,603.66,,,,,,,,,,12,90.9,,6.3,0,11.8,12.5,64.5,53.8,,,,,,,,,
5106828,Porto Esperidião,pantanal_norte,Pantanal-13,TRUE,2023,10204,-0.59,-0.65,24.6,5.8,66.6,2.9,9.67,2.01,1142.41,,,,,,5.2,4.6,98.9,97.2,12,100,,,,,,,,15,1,6,1,4,0.39,14.7,991,9.7
5106828,Porto Esperidião,pantanal_norte,Pantanal-13,TRUE,2024,10167,-0.59,-0.65,24.6,5.8,66.6,2.9,11.2,2.19,1333.15,,,,,,,,,,12,100,,,,,,,,,,,,,,,,
5106828,Porto Esperidião,pantanal_norte,Pantanal-13,TRUE,2025,10088,-0.59,-0.65,24.6,5.8,66.6,2.9,,,,,,,,,,,,,,,,,,,,,,,,,,,,,,
5106851,Porto Estrela,resto_mt,Demais MT,FALSE,2000,4707,-0.99,-1.03,16.9,9.5,73.5,,,,,0.404,Muito Baixo,0.44,71.74,15.76,,,,,,,,,,23.8,,20.2,29.8,,,,,,,,,
5106851,Porto Estrela,resto_mt,Demais MT,FALSE,2001,4574,-0.99,-1.03,16.9,9.5,73.5,,,,,,,,,,,,,,,,,,,33.9,,27.1,22,,,,,,,,,
5106851,Porto Estrela,resto_mt,Demais MT,FALSE,2002,4533,-0.99,-1.03,16.9,9.5,73.5,,,,,,,,,,,,,,,,,,,0,20.1,32.1,30.4,,,,,,,,,
5106851,Porto Estrela,resto_mt,Demais MT,FALSE,2003,4452,-0.99,-1.03,16.9,9.5,73.5,,,,,,,,,,,,,,,,,,,0,11.3,25.8,33.9,,,,,,,,,
5106851,Porto Estrela,resto_mt,Demais MT,FALSE,2004,4283,-0.99,-1.03,16.9,9.5,73.5,,,,,,,,,,,,,,,,,,,31.7,11,30.2,31.7,,,,,,,,,
5106851,Porto Estrela,resto_mt,Demais MT,FALSE,2005,4189,-0.99,-1.03,16.9,9.5,73.5,,,,,,,,,,2.9,,81.5,,,,,,,19.2,16.9,38.5,46.2,,,,,,,,,
5106851,Porto Estrela,resto_mt,Demais MT,FALSE,2006,4096,-0.99,-1.03,16.9,9.5,73.5,,,,,,,,,,,,,,,,,,,17.2,23.1,43.1,32.8,,,,,,,,,
5106851,Porto Estrela,resto_mt,Demais MT,FALSE,2007,4011,-0.99,-1.03,16.9,9.5,73.5,,,,,,,,,,3.4,3.6,84.3,91.7,10,20,,19.7,2.5,0,13.2,34.1,60,,,,,,,,,
5106851,Porto Estrela,resto_mt,Demais MT,FALSE,2008,4093,-0.99,-1.03,16.9,9.5,73.5,,,,,,,,,,,,,,10,20,,14.6,2.3,0,6.2,50.8,72.1,,,,,,,,,
5106851,Porto Estrela,resto_mt,Demais MT,FALSE,2009,4027,-0.99,-1.03,16.9,9.5,73.5,,,,,,,,,,4,3.5,90.5,92.2,10,20,83.9,15.9,0.9,0,0,36.2,69,,,,,,,,,
5106851,Porto Estrela,resto_mt,Demais MT,FALSE,2010,3649,-0.99,-1.03,16.9,9.5,73.5,,,,,0.599,Baixo,0.51,61.92,20.61,,,,,6,33.3,91.7,14.8,0.3,19.6,5.9,49,72.5,7,0,5,0,0,0,19.18,,
5106851,Porto Estrela,resto_mt,Demais MT,FALSE,2011,3568,-0.99,-1.03,16.9,9.5,73.5,,,,,,,,,,4.3,3.8,92.2,94.8,11,40,94.1,17.6,0.9,0,6.7,32.5,67.5,,,,,,,,,
5106851,Porto Estrela,resto_mt,Demais MT,FALSE,2012,3490,-0.99,-1.03,16.9,9.5,73.5,,,,,,,,,,,,,,7,33.3,94.1,12.8,0,0,7.7,35.9,71.8,,,,,,,,,
5106851,Porto Estrela,resto_mt,Demais MT,FALSE,2013,3354,-0.99,-1.03,16.9,9.5,73.5,,13.3,,467.82,,,,,,4.8,3.5,98.7,99.1,7,33.3,83,9.3,0,21.3,7.9,63.8,87.2,,,,,,,,,
5106851,Porto Estrela,resto_mt,Demais MT,FALSE,2014,3255,-0.99,-1.03,16.9,9.5,73.5,,17.97,,701.89,,,,,,,,,,7,40,85.4,7.1,0,29.4,16.7,73.5,73.5,,,,,,,,,
5106851,Porto Estrela,resto_mt,Demais MT,FALSE,2015,3158,-0.99,-1.03,16.9,9.5,73.5,,17.95,,630.19,,,,,,5.1,3.9,98.4,98,7,33.3,89.3,6.1,0.3,25,24.8,57.5,80,7,0,4,0,0,0,22.17,,
5106851,Porto Estrela,resto_mt,Demais MT,FALSE,2016,3064,-0.99,-1.03,16.9,9.5,73.5,,17.3,,548.88,,,,,,,,,,6,33.3,95.7,5.1000000000000005,0,27.8,27.3,63.9,83.3,,,,,,,,,
5106851,Porto Estrela,resto_mt,Demais MT,FALSE,2017,2973,-0.99,-1.03,16.9,9.5,73.5,,13.12,,393.59,,,,,,5.5,4.1,99.6,97,6,66.7,93,6.2,0,29.4,27.3,55.9,70.6,,,,,,,,,
5106851,Porto Estrela,resto_mt,Demais MT,FALSE,2018,3050,-0.99,-1.03,16.9,9.5,73.5,,10,,296.72,,,,,,,,,,6,80,95.7,7,0,0,17.4,44.4,88.9,,,,,,,,,
5106851,Porto Estrela,resto_mt,Demais MT,FALSE,2019,2963,-0.99,-1.03,16.9,9.5,73.5,,7.9,1.75,516.32,,,,,,5.5,4.2,97.9,92.9,5,40,95.5,6.2,0,25.6,16.9,56.4,79.5,,,,,,,,,
5106851,Porto Estrela,resto_mt,Demais MT,FALSE,2020,2877,-0.99,-1.03,16.9,9.5,73.5,,7.65,1.88,522.01,,,,,,,,,,5,40,94.3,4.4,,0,8.2,60.5,81.6,11,0,6,0,0,0,38.23,588,20.4
5106851,Porto Estrela,resto_mt,Demais MT,FALSE,2021,2794,-0.99,-1.03,16.9,9.5,73.5,,7.59,1.93,510.09,,,,,,,3.9,100,96.2,6,40,,4.5,0,0,8.5,85.4,75.6,,,,,,,,,
5106851,Porto Estrela,resto_mt,Demais MT,FALSE,2022,3224,-0.99,-1.03,16.9,9.5,73.5,,7.82,1.71,592.8,,,,,,,,,,6,40,,6.7,0,30.3,8.9,69.7,69.7,,,,,,,,,
5106851,Porto Estrela,resto_mt,Demais MT,FALSE,2023,3224,-0.99,-1.03,16.9,9.5,73.5,,8.41,1.83,954.87,,,,,,5.8,4.3,100,100,5,40,,,,,,,,11,0,6,0,0,0,34.12,454,14.1
5106851,Porto Estrela,resto_mt,Demais MT,FALSE,2024,3181,-0.99,-1.03,16.9,9.5,73.5,,9.02,2.2,1106.66,,,,,,,,,,5,40,,,,,,,,,,,,,,,,
5106851,Porto Estrela,resto_mt,Demais MT,FALSE,2025,3141,-0.99,-1.03,16.9,9.5,73.5,,,,,,,,,,,,,,,,,,,,,,,,,,,,,,,
5107008,Poxoréu,resto_mt,Demais MT,FALSE,2000,20030,2.4,2.36,22.5,10.7,62.1,4.5,,,,0.554,Baixo,0.61,63.1,17.25,,,,,,,,,,13.5,,35,35.7,,,,,,,,,
5107008,Poxoréu,resto_mt,Demais MT,FALSE,2001,19533,2.4,2.36,22.5,10.7,62.1,4.5,,,,,,,,,,,,,,,,,,11.5,,36.6,57.3,,,,,,,,,
5107008,Poxoréu,resto_mt,Demais MT,FALSE,2002,19220,2.4,2.36,22.5,10.7,62.1,4.5,,,,,,,,,,,,,,,,,,22.7,15.8,33.5,62.1,,,,,,,,,
5107008,Poxoréu,resto_mt,Demais MT,FALSE,2003,18845,2.4,2.36,22.5,10.7,62.1,4.5,,,,,,,,,,,,,,,,,,11.1,15.1,35.9,58.1,,,,,,,,,
5107008,Poxoréu,resto_mt,Demais MT,FALSE,2004,18056,2.4,2.36,22.5,10.7,62.1,4.5,,,,,,,,,,,,,,,,,,27.1,20.2,32.6,75.2,,,,,,,,,
5107008,Poxoréu,resto_mt,Demais MT,FALSE,2005,17619,2.4,2.36,22.5,10.7,62.1,4.5,,,,,,,,,3.4,3.1,78.9,69.1,,,,,,24.7,20.8,35,60.5,,,,,,,,,
5107008,Poxoréu,resto_mt,Demais MT,FALSE,2006,17186,2.4,2.36,22.5,10.7,62.1,4.5,,,,,,,,,,,,,,,,,,25.1,25.7,41,58.6,,,,,,,,,
5107008,Poxoréu,resto_mt,Demais MT,FALSE,2007,17592,2.4,2.36,22.5,10.7,62.1,4.5,,,,,,,,,4.1,4.1,86.4,84.6,22,27.3,,21,3.4,20.8,23.7,37,14.6,,,,,,,,,
5107008,Poxoréu,resto_mt,Demais MT,FALSE,2008,17985,2.4,2.36,22.5,10.7,62.1,4.5,,,,,,,,,,,,,21,47.6,,21.2,3,21.8,22.7,41.5,26.6,,,,,,,,,
5107008,Poxoréu,resto_mt,Demais MT,FALSE,2009,17758,2.4,2.36,22.5,10.7,62.1,4.5,,,,,,,,,4.9,4.3,97.5,91.3,21,52.4,70.6,17.7,2.1,27.4,23.4,44.3,36.1,,,,,,,,,
5107008,Poxoréu,resto_mt,Demais MT,FALSE,2010,17599,2.4,2.36,22.5,10.7,62.1,4.5,,,,0.678,Médio,0.49,43.15,8.2,,,,,22,61.9,70.1,13.3,1.1,4.7,18.1,43.7,54.4,12,1,5,1,50,2.84,6.82,,
5107008,Poxoréu,resto_mt,Demais MT,FALSE,2011,17413,2.4,2.36,22.5,10.7,62.1,4.5,,,,,,,,,5.3,4.5,99.3,95.8,22,63.2,74,7.8,0.7,35.7,22.2,48,44.4,,,,,,,,,
5107008,Poxoréu,resto_mt,Demais MT,FALSE,2012,17232,2.4,2.36,22.5,10.7,62.1,4.5,,,,,,,,,,,,,23,65,75.4,6.5,1.1,4.3,14,40.6,45.3,,,,,,,,,
5107008,Poxoréu,resto_mt,Demais MT,FALSE,2013,16919,2.4,2.36,22.5,10.7,62.1,4.5,10.32,,367.12,,,,,,5.6,4.3,99.3,97.7,23,75,64.6,4.7,0.7,24.4,20.7,52.7,41.1,,,,,,,,,
5107008,Poxoréu,resto_mt,Demais MT,FALSE,2014,16677,2.4,2.36,22.5,10.7,62.1,4.5,11.52,,402.5,,,,,,,,,,23,75,69.7,5.2,0.3,7.9,12.3,61.1,52.8,,,,,,,,,
5107008,Poxoréu,resto_mt,Demais MT,FALSE,2015,16441,2.4,2.36,22.5,10.7,62.1,4.5,10.83,,355.72,,,,,,5.5,4.5,99.6,94.9,23,70,75.9,2.3,0.3,26.9,19.8,62.7,49.2,16,2,7,2,56,3.41,9.73,,
5107008,Poxoréu,resto_mt,Demais MT,FALSE,2016,16209,2.4,2.36,22.5,10.7,62.1,4.5,9.78,,317.89,,,,,,,,,,23,70,73.6,3.9,0.4,8.8,14.9,65.9,52.2,,,,,,,,,
5107008,Poxoréu,resto_mt,Demais MT,FALSE,2017,15985,2.4,2.36,22.5,10.7,62.1,4.5,8.77,,286.09,,,,,,6.2,4.6,99.4,93.6,22,73.7,72.4,3.2,0.1,12.2,16.4,54.3,52.7,,,,,,,,,
5107008,Poxoréu,resto_mt,Demais MT,FALSE,2018,16421,2.4,2.36,22.5,10.7,62.1,4.5,9.47,,319.1,,,,,,,,,,23,73.7,79.5,3.6,0.4,17.9,13,65,63.2,,,,,,,,,
5107008,Poxoréu,resto_mt,Demais MT,FALSE,2019,16219,2.4,2.36,22.5,10.7,62.1,4.5,10.4,3.73,958.33,,,,,,5.6,4.4,98.4,93,19,78.9,76.6,4.6,0.7,3.8,10.9,65.8,68.8,,,,,,,,,
5107008,Poxoréu,resto_mt,Demais MT,FALSE,2020,15916,2.4,2.36,22.5,10.7,62.1,4.5,11.3,3.66,972.52,,,,,,,,,,24,85.7,78.9,5.3,,11.6,10.8,73.6,57.8,19,2,8,2,59,3.71,11.94,3024,19
5107008,Poxoréu,resto_mt,Demais MT,FALSE,2021,15936,2.4,2.36,22.5,10.7,62.1,4.5,11.45,3.54,944.74,,,,,,5.3,4.8,99.8,96.2,21,90.5,,5.9,0,0,5.5,72.4,68.6,,,,,,,,,
5107008,Poxoréu,resto_mt,Demais MT,FALSE,2022,23283,2.4,2.36,22.5,10.7,62.1,4.5,9.69,2.48,819.73,,,,,,,,,,21,90.5,,5.6,0.6,13.5,8.7,69.8,73,,,,,,,,,
5107008,Poxoréu,resto_mt,Demais MT,FALSE,2023,23283,2.4,2.36,22.5,10.7,62.1,4.5,9.98,2.7,1259.52,,,,,,5.1,4.6,99.9,99.5,22,90.5,,,,,,,,22,2,9,1,51,2.19,9.45,3570,15.3
5107008,Poxoréu,resto_mt,Demais MT,FALSE,2024,24587,2.4,2.36,22.5,10.7,62.1,4.5,8.53,2.75,1188.38,,,,,,,,,,23,90.5,,,,,,,,,,,,,,,,
5107008,Poxoréu,resto_mt,Demais MT,FALSE,2025,25103,2.4,2.36,22.5,10.7,62.1,4.5,,,,,,,,,,,,,,,,,,,,,,,,,,,,,,
5107040,Primavera do Leste,resto_mt,Demais MT,FALSE,2000,39857,4.16,4.18,39.6,7.1,52.8,0.2,,,,0.637,Médio,0.55,27.76,1.65,,,,,,,,,,16.4,,50.9,51.9,,,,,,,,,
5107040,Primavera do Leste,resto_mt,Demais MT,FALSE,2001,43157,4.16,4.18,39.6,7.1,52.8,0.2,,,,,,,,,,,,,,,,,,14.9,,50.3,59.2,,,,,,,,,
5107040,Primavera do Leste,resto_mt,Demais MT,FALSE,2002,45608,4.16,4.18,39.6,7.1,52.8,0.2,,,,,,,,,,,,,,,,,,18.1,16.5,51.6,65.9,,,,,,,,,
5107040,Primavera do Leste,resto_mt,Demais MT,FALSE,2003,48278,4.16,4.18,39.6,7.1,52.8,0.2,,,,,,,,,,,,,,,,,,16.1,16.3,55.2,83.4,,,,,,,,,
5107040,Primavera do Leste,resto_mt,Demais MT,FALSE,2004,53881,4.16,4.18,39.6,7.1,52.8,0.2,,,,,,,,,,,,,,,,,,11.8,15.2,49.5,92.4,,,,,,,,,
5107040,Primavera do Leste,resto_mt,Demais MT,FALSE,2005,56982,4.16,4.18,39.6,7.1,52.8,0.2,,,,,,,,,3.6,2.8,79.2,59.6,,,,,,6.7,11.4,49.4,83.9,,,,,,,,,
5107040,Primavera do Leste,resto_mt,Demais MT,FALSE,2006,60060,4.16,4.18,39.6,7.1,52.8,0.2,,,,,,,,,,,,,,,,,,14.7,11.1,47.6,87.5,,,,,,,,,
5107040,Primavera do Leste,resto_mt,Demais MT,FALSE,2007,44729,4.16,4.18,39.6,7.1,52.8,0.2,,,,,,,,,4.4,4,89.4,81.6,36,63.9,,13.8,2.1,19.6,13.6,49.4,93,,,,,,,,,
5107040,Primavera do Leste,resto_mt,Demais MT,FALSE,2008,46311,4.16,4.18,39.6,7.1,52.8,0.2,,,,,,,,,,,,,38,91.7,,12.7,1.2,18.1,17.4,45.6,87.2,,,,,,,,,
5107040,Primavera do Leste,resto_mt,Demais MT,FALSE,2009,46933,4.16,4.18,39.6,7.1,52.8,0.2,,,,,,,,,4.9,4.1,90.7,82.1,37,94.4,76.8,12.7,0.6,15.4,17.6,53.7,86.8,,,,,,,,,
5107040,Primavera do Leste,resto_mt,Demais MT,FALSE,2010,52066,4.16,4.18,39.6,7.1,52.8,0.2,,,,0.752,Alto,0.51,10.91,1.11,,,,,41,89.7,76.8,11.7,0.1,10.3,14.5,54.6,84.3,81,4,20,3,60,1.15,15.56,,
5107040,Primavera do Leste,resto_mt,Demais MT,FALSE,2011,53004,4.16,4.18,39.6,7.1,52.8,0.2,,,,,,,,,5,4.5,91.8,91.3,46,97.4,79,11.5,0.2,7.7,11,53.1,72.1,,,,,,,,,
5107040,Primavera do Leste,resto_mt,Demais MT,FALSE,2012,53910,4.16,4.18,39.6,7.1,52.8,0.2,,,,,,,,,,,,,44,97.6,75.1,11.1,0.2,12,10,61.3,72.6,,,,,,,,,
5107040,Primavera do Leste,resto_mt,Demais MT,FALSE,2013,55451,4.16,4.18,39.6,7.1,52.8,0.2,4.46,,163.17,,,,,,5.3,4.4,96.7,88.4,43,100,80.7,10.5,0.1,9.9,9.9,64.1,70.3,,,,,,,,,
5107040,Primavera do Leste,resto_mt,Demais MT,FALSE,2014,56450,4.16,4.18,39.6,7.1,52.8,0.2,4.37,,165.84,,,,,,,,,,51,95.8,83.8,5.4,0.2,14.8,12.4,69,67.8,,,,,,,,,
5107040,Primavera do Leste,resto_mt,Demais MT,FALSE,2015,57423,4.16,4.18,39.6,7.1,52.8,0.2,4.31,,151.2,,,,,,5.7,4.5,97.3,90.4,48,95.7,86.5,5,0.1,10.8,11.9,64.5,71.1,111,7,24,4,110,1.92,19.33,,
5107040,Primavera do Leste,resto_mt,Demais MT,FALSE,2016,58370,4.16,4.18,39.6,7.1,52.8,0.2,3.76,,123.84,,,,,,,,,,49,100,84.6,4.4,0.2,17.4,14.3,65.7,74.7,,,,,,,,,
5107040,Primavera do Leste,resto_mt,Demais MT,FALSE,2017,59293,4.16,4.18,39.6,7.1,52.8,0.2,4.61,,131.1,,,,,,5.8,4.9,96.7,91.6,48,95.3,83.9,5,0.1,3.1,10.3,61.3,67,,,,,,,,,
5107040,Primavera do Leste,resto_mt,Demais MT,FALSE,2018,61038,4.16,4.18,39.6,7.1,52.8,0.2,4.26,,108.75,,,,,,,,,,45,97.7,84.9,4.9,0.1,11.1,10.5,66.3,65.1,,,,,,,,,
5107040,Primavera do Leste,resto_mt,Demais MT,FALSE,2019,62019,4.16,4.18,39.6,7.1,52.8,0.2,3.76,1.8,378.26,,,,,,5.9,4.8,97.9,92,42,100,84.1,4.4,0,10.6,8.4,66.9,67.9,,,,,,,,,
5107040,Primavera do Leste,resto_mt,Demais MT,FALSE,2020,63092,4.16,4.18,39.6,7.1,52.8,0.2,3.44,1.83,370.68,,,,,,,,,,44,100,85.2,4,,1.4,7.7,74,71,153,8,32,6,168,2.66,24.25,65852,100
5107040,Primavera do Leste,resto_mt,Demais MT,FALSE,2021,63876,4.16,4.18,39.6,7.1,52.8,0.2,3.4,1.83,359.59,,,,,,5.4,4.8,97.8,95.4,48,100,,3.6,0,8.3,6.8,76.3,74.8,,,,,,,,,
5107040,Primavera do Leste,resto_mt,Demais MT,FALSE,2022,85146,4.16,4.18,39.6,7.1,52.8,0.2,3.91,1.43,376.94,,,,,,,,,,47,100,,4.3,0,10.6,6.9,72.7,75.9,,,,,,,,,
5107040,Primavera do Leste,resto_mt,Demais MT,FALSE,2023,85146,4.16,4.18,39.6,7.1,52.8,0.2,4.43,1.63,618.4,,,,,,5.9,5,99.2,98.4,47,100,,,,,,,,197,8,49,4,174,2.04,23.14,80402,94.4
5107040,Primavera do Leste,resto_mt,Demais MT,FALSE,2024,92927,4.16,4.18,39.6,7.1,52.8,0.2,3.8,1.75,598.1,,,,,,,,,,49,100,,,,,,,,,,,,,,,,
5107040,Primavera do Leste,resto_mt,Demais MT,FALSE,2025,96006,4.16,4.18,39.6,7.1,52.8,0.2,,,,,,,,,,,,,,,,,,,,,,,,,,,,,,
5107065,Querência,resto_mt,Demais MT,FALSE,2000,7274,5.97,6.18,36.1,8,48.7,7,,,,0.541,Baixo,0.65,54.83,17.36,,,,,,,,,,7.4,,23,9.6,,,,,,,,,
5107065,Querência,resto_mt,Demais MT,FALSE,2001,7798,5.97,6.18,36.1,8,48.7,7,,,,,,,,,,,,,,,,,,0,,26.9,5.6,,,,,,,,,
5107065,Querência,resto_mt,Demais MT,FALSE,2002,8172,5.97,6.18,36.1,8,48.7,7,,,,,,,,,,,,,,,,,,34.5,13.6,51,2.8,,,,,,,,,
5107065,Querência,resto_mt,Demais MT,FALSE,2003,8588,5.97,6.18,36.1,8,48.7,7,,,,,,,,,,,,,,,,,,10.3,14,41.2,9.8,,,,,,,,,
5107065,Querência,resto_mt,Demais MT,FALSE,2004,9463,5.97,6.18,36.1,8,48.7,7,,,,,,,,,,,,,,,,,,12.1,17,44.8,6.5,,,,,,,,,
5107065,Querência,resto_mt,Demais MT,FALSE,2005,9947,5.97,6.18,36.1,8,48.7,7,,,,,,,,,4.2,4,93,82.4,,,,,,12.1,11.5,55.8,2.4,,,,,,,,,
5107065,Querência,resto_mt,Demais MT,FALSE,2006,10428,5.97,6.18,36.1,8,48.7,7,,,,,,,,,,,,,,,,,,14.4,12.9,53.4,23.6,,,,,,,,,
5107065,Querência,resto_mt,Demais MT,FALSE,2007,10682,5.97,6.18,36.1,8,48.7,7,,,,,,,,,4.2,4.5,95,89,14,57.1,,22.5,1.7,9.4,11.9,41.3,33.3,,,,,,,,,
5107065,Querência,resto_mt,Demais MT,FALSE,2008,11179,5.97,6.18,36.1,8,48.7,7,,,,,,,,,,,,,15,53.3,,18.4,0.3,15.5,13,52.3,31.2,,,,,,,,,
5107065,Querência,resto_mt,Demais MT,FALSE,2009,11570,5.97,6.18,36.1,8,48.7,7,,,,,,,,,4.9,5,88,94.4,15,53.3,58.9,20.5,0.2,9,11.1,52,34.2,,,,,,,,,
5107065,Querência,resto_mt,Demais MT,FALSE,2010,13033,5.97,6.18,36.1,8,48.7,7,,,,0.692,Médio,0.5,28.83,9.22,,,,,16,50,57.1,19.3,0.8,14.4,12.8,52.6,30.1,18,2,5,2,16,1.23,13.81,,
5107065,Querência,resto_mt,Demais MT,FALSE,2011,13476,5.97,6.18,36.1,8,48.7,7,,,,,,,,,5.5,4.9,97.9,96.9,16,56.2,60.6,18,0,3.7,8.6,59.9,50,,,,,,,,,
5107065,Querência,resto_mt,Demais MT,FALSE,2012,13903,5.97,6.18,36.1,8,48.7,7,,,,,,,,,,,,,15,60,62.8,15.4,0,22.3,13.4,72.9,63.6,,,,,,,,,
5107065,Querência,resto_mt,Demais MT,FALSE,2013,14631,5.97,6.18,36.1,8,48.7,7,4.65,,169.17,,,,,,5.7,4.8,99.9,99.7,17,70.6,75.7,9.9,0,6.8,10.8,67.7,51.7,,,,,,,,,
5107065,Querência,resto_mt,Demais MT,FALSE,2014,15121,5.97,6.18,36.1,8,48.7,7,4.78,,198.39,,,,,,,,,,19,78.9,78,6.5,0,14.7,14.4,62.4,50.4,,,,,,,,,
5107065,Querência,resto_mt,Demais MT,FALSE,2015,15597,5.97,6.18,36.1,8,48.7,7,4.87,,204.29,,,,,,5.6,4.6,99.8,98.6,19,84.2,82.9,4,0.1,10.8,10.9,58.8,65.6,35,2,9,2,18,1.15,22.44,,
5107065,Querência,resto_mt,Demais MT,FALSE,2016,16061,5.97,6.18,36.1,8,48.7,7,4.59,,199.31,,,,,,,,,,20,85,88.2,2.9,0,19.2,14.9,54.9,59.9,,,,,,,,,
5107065,Querência,resto_mt,Demais MT,FALSE,2017,16512,5.97,6.18,36.1,8,48.7,7,4.47,,193.88,,,,,,6,5.3,100,99,20,94.7,88.1,2.2,0,8.3,12.7,60.2,61.2,,,,,,,,,
5107065,Querência,resto_mt,Demais MT,FALSE,2018,17014,5.97,6.18,36.1,8,48.7,7,4.51,,189.68,,,,,,,,,,21,95,90.6,1.8,0,20.6,16.3,58.2,56,,,,,,,,,
5107065,Querência,resto_mt,Demais MT,FALSE,2019,17479,5.97,6.18,36.1,8,48.7,7,4.66,0.74,317.61,,,,,,6.1,4.5,100,95.7,21,90,91.5,2.2,0,14.2,14.7,62.2,67.3,,,,,,,,,
5107065,Querência,resto_mt,Demais MT,FALSE,2020,17937,5.97,6.18,36.1,8,48.7,7,4.66,0.75,310.05,,,,,,,,,,21,100,89.8,1.7,,10.3,14.9,61.9,59.4,42,2,14,2,18,1,23.42,9187,51.2
5107065,Querência,resto_mt,Demais MT,FALSE,2021,18386,5.97,6.18,36.1,8,48.7,7,4.71,0.76,309.27,,,,,,5.6,4.9,99.9,97.8,21,95,,2.7,0,20.2,14.9,67.3,63.4,,,,,,,,,
5107065,Querência,resto_mt,Demais MT,FALSE,2022,26769,5.97,6.18,36.1,8,48.7,7,4.05,0.57,286.19,,,,,,,,,,21,95,,4.6,0,11,13.8,68,68,,,,,,,,,
5107065,Querência,resto_mt,Demais MT,FALSE,2023,26769,5.97,6.18,36.1,8,48.7,7,4.79,0.64,530.22,,,,,,6.1,5.1,100,98.9,23,100,,,,,,,,50,2,17,2,24,0.9,18.68,13026,48.7
5107065,Querência,resto_mt,Demais MT,FALSE,2024,29820,5.97,6.18,36.1,8,48.7,7,5.38,0.63,597.65,,,,,,,,,,23,100,,,,,,,,,,,,,,,,
5107065,Querência,resto_mt,Demais MT,FALSE,2025,31100,5.97,6.18,36.1,8,48.7,7,,,,,,,,,,,,,,,,,,,,,,,,,,,,,,
5107107,São José dos Quatro Marcos,resto_mt,Demais MT,FALSE,2000,19693,-0.46,-0.52,41.2,5.2,53.3,0,,,,0.571,Baixo,0.48,55.92,8.67,,,,,,,,,,22.3,,63.7,28.3,,,,,,,,,
5107107,São José dos Quatro Marcos,resto_mt,Demais MT,FALSE,2001,19329,-0.46,-0.52,41.2,5.2,53.3,0,,,,,,,,,,,,,,,,,,12.9,,65.7,58.6,,,,,,,,,
5107107,São José dos Quatro Marcos,resto_mt,Demais MT,FALSE,2002,19205,-0.46,-0.52,41.2,5.2,53.3,0,,,,,,,,,,,,,,,,,,29.5,20.9,57.2,81.4,,,,,,,,,
5107107,São José dos Quatro Marcos,resto_mt,Demais MT,FALSE,2003,18979,-0.46,-0.52,41.2,5.2,53.3,0,,,,,,,,,,,,,,,,,,48.4,29.9,60.2,70.5,,,,,,,,,
5107107,São José dos Quatro Marcos,resto_mt,Demais MT,FALSE,2004,18504,-0.46,-0.52,41.2,5.2,53.3,0,,,,,,,,,,,,,,,,,,6.8,28.1,71.7,77.7,,,,,,,,,
5107107,São José dos Quatro Marcos,resto_mt,Demais MT,FALSE,2005,18241,-0.46,-0.52,41.2,5.2,53.3,0,,,,,,,,,4.1,3.4,90.4,84.3,,,,,,16.8,23.9,76.8,71.8,,,,,,,,,
5107107,São José dos Quatro Marcos,resto_mt,Demais MT,FALSE,2006,17980,-0.46,-0.52,41.2,5.2,53.3,0,,,,,,,,,,,,,,,,,,26.6,16.4,68.1,70,,,,,,,,,
5107107,São José dos Quatro Marcos,resto_mt,Demais MT,FALSE,2007,19001,-0.46,-0.52,41.2,5.2,53.3,0,,,,,,,,,4.7,3.4,94.9,87.6,16,93.8,,12.6,2,4,16,78.8,68,,,,,,,,,
5107107,São José dos Quatro Marcos,resto_mt,Demais MT,FALSE,2008,19527,-0.46,-0.52,41.2,5.2,53.3,0,,,,,,,,,,,,,16,87.5,,13,1,11.2,14.1,78.1,69.9,,,,,,,,,
5107107,São José dos Quatro Marcos,resto_mt,Demais MT,FALSE,2009,19493,-0.46,-0.52,41.2,5.2,53.3,0,,,,,,,,,5.2,4.4,97.1,96.5,17,88.2,83,9.5,0.3,11.4,8.9,83,69.7,,,,,,,,,
5107107,São José dos Quatro Marcos,resto_mt,Demais MT,FALSE,2010,18998,-0.46,-0.52,41.2,5.2,53.3,0,,,,0.719,Alto,0.54,29.21,2.53,,,,,17,100,83.8,8.5,0.8,9.5,10.8,84.7,61.9,15,1,9,1,15,0.79,7.9,,
5107107,São José dos Quatro Marcos,resto_mt,Demais MT,FALSE,2011,18945,-0.46,-0.52,41.2,5.2,53.3,0,,,,,,,,,5.3,4.1,97,95.6,18,100,89.3,7.2,0.6,3.8,8.1,89.1,77.1,,,,,,,,,
5107107,São José dos Quatro Marcos,resto_mt,Demais MT,FALSE,2012,18894,-0.46,-0.52,41.2,5.2,53.3,0,,,,,,,,,,,,,19,100,90.4,5.2,0.4,20.7,11.1,89.7,80.6,,,,,,,,,
5107107,São José dos Quatro Marcos,resto_mt,Demais MT,FALSE,2013,18801,-0.46,-0.52,41.2,5.2,53.3,0,7.28,,205.53,,,,,,5.4,4.5,98.5,97,19,100,90,3.7,0.1,19.8,14.5,90.1,77.4,,,,,,,,,
5107107,São José dos Quatro Marcos,resto_mt,Demais MT,FALSE,2014,18710,-0.46,-0.52,41.2,5.2,53.3,0,5.58,,156.57,,,,,,,,,,20,89.5,89.6,2,0.1,7.6,15.9,87,59.9,,,,,,,,,
5107107,São José dos Quatro Marcos,resto_mt,Demais MT,FALSE,2015,18622,-0.46,-0.52,41.2,5.2,53.3,0,4.84,,121.39,,,,,,5.8,4.7,99.1,95.2,20,89.5,91.5,2.3,0,7.1,11.3,93.3,55.3,24,2,10,2,31,1.66,12.89,,
5107107,São José dos Quatro Marcos,resto_mt,Demais MT,FALSE,2016,18536,-0.46,-0.52,41.2,5.2,53.3,0,4.96,,122.69,,,,,,,,,,20,89.5,91.1,2.1,0.2,14.3,9.3,94.8,62.9,,,,,,,,,
5107107,São José dos Quatro Marcos,resto_mt,Demais MT,FALSE,2017,18452,-0.46,-0.52,41.2,5.2,53.3,0,4.69,,122,,,,,,6,4.6,97.1,93.1,20,89.5,94.5,2.4,0,0,6.6,92.8,68.3,,,,,,,,,
5107107,São José dos Quatro Marcos,resto_mt,Demais MT,FALSE,2018,18967,-0.46,-0.52,41.2,5.2,53.3,0,4.24,,110.94,,,,,,,,,,20,78.9,87.3,2.8,0.1,7.2,6.6,93.1,70.8,,,,,,,,,
5107107,São José dos Quatro Marcos,resto_mt,Demais MT,FALSE,2019,18906,-0.46,-0.52,41.2,5.2,53.3,0,3.95,2.1,436,,,,,,5.8,4.8,97.6,94.1,19,100,82.9,2.8,0.1,8.6,5.2,89.7,67,,,,,,,,,
5107107,São José dos Quatro Marcos,resto_mt,Demais MT,FALSE,2020,18846,-0.46,-0.52,41.2,5.2,53.3,0,4.12,2.05,423.67,,,,,,,,,,20,94.7,92.2,3.8,,23.6,12.5,87.3,72.6,24,2,7,2,25,1.33,12.73,3548,18.8
5107107,São José dos Quatro Marcos,resto_mt,Demais MT,FALSE,2021,18788,-0.46,-0.52,41.2,5.2,53.3,0,4.33,2.12,422.03,,,,,,5.5,4.9,99.1,97.4,19,100,,2.5,0,14,15.2,86.5,74.4,,,,,,,,,
5107107,São José dos Quatro Marcos,resto_mt,Demais MT,FALSE,2022,17849,-0.46,-0.52,41.2,5.2,53.3,0,5.32,2.39,574.05,,,,,,,,,,19,100,,2.7,0,9.9,15.9,83.7,77.2,,,,,,,,,
5107107,São José dos Quatro Marcos,resto_mt,Demais MT,FALSE,2023,17849,-0.46,-0.52,41.2,5.2,53.3,0,5.83,2.59,884.84,,,,,,5.9,4.6,98.2,99.5,19,100,,,,,,,,30,3,13,1,13,0.73,16.81,3772,21.1
5107107,São José dos Quatro Marcos,resto_mt,Demais MT,FALSE,2024,17830,-0.46,-0.52,41.2,5.2,53.3,0,6.29,2.66,950.5,,,,,,,,,,18,100,,,,,,,,,,,,,,,,
5107107,São José dos Quatro Marcos,resto_mt,Demais MT,FALSE,2025,17721,-0.46,-0.52,41.2,5.2,53.3,0,,,,,,,,,,,,,,,,,,,,,,,,,,,,,,
5107156,Reserva do Cabaçal,resto_mt,Demais MT,FALSE,2000,2418,-1.6,-1.59,26.8,8.1,65,,,,,0.548,Baixo,0.47,67.13,13.74,,,,,,,,,,31.2,,37.5,31.2,,,,,,,,,
5107156,Reserva do Cabaçal,resto_mt,Demais MT,FALSE,2001,2297,-1.6,-1.59,26.8,8.1,65,,,,,,,,,,,,,,,,,,,0,,40.6,53.1,,,,,,,,,
5107156,Reserva do Cabaçal,resto_mt,Demais MT,FALSE,2002,2205,-1.6,-1.59,26.8,8.1,65,,,,,,,,,,,,,,,,,,,0,10.5,38.7,25.8,,,,,,,,,
5107156,Reserva do Cabaçal,resto_mt,Demais MT,FALSE,2003,2106,-1.6,-1.59,26.8,8.1,65,,,,,,,,,,,,,,,,,,,52.6,19.8,39.5,18.4,,,,,,,,,
5107156,Reserva do Cabaçal,resto_mt,Demais MT,FALSE,2004,1907,-1.6,-1.59,26.8,8.1,65,,,,,,,,,,,,,,,,,,,,21.1,53.8,69.2,,,,,,,,,
5107156,Reserva do Cabaçal,resto_mt,Demais MT,FALSE,2005,1792,-1.6,-1.59,26.8,8.1,65,,,,,,,,,,3.3,3.3,76.2,77,,,,,,,32.3,44.8,75.9,,,,,,,,,
5107156,Reserva do Cabaçal,resto_mt,Demais MT,FALSE,2006,1679,-1.6,-1.59,26.8,8.1,65,,,,,,,,,,,,,,,,,,,0,11.4,54.5,100,,,,,,,,,
5107156,Reserva do Cabaçal,resto_mt,Demais MT,FALSE,2007,2505,-1.6,-1.59,26.8,8.1,65,,,,,,,,,,5,4.1,98.4,92.9,3,100,,26.1,0.8,0,10,55.3,89.5,,,,,,,,,
5107156,Reserva do Cabaçal,resto_mt,Demais MT,FALSE,2008,2584,-1.6,-1.59,26.8,8.1,65,,,,,,,,,,,,,,3,66.7,,22,0.8,0,0,42.9,94.3,,,,,,,,,
5107156,Reserva do Cabaçal,resto_mt,Demais MT,FALSE,2009,2598,-1.6,-1.59,26.8,8.1,65,,,,,,,,,,5,3.9,98.1,88.3,2,100,97.3,15.4,0.3,26.3,9,60.5,92.1,,,,,,,,,
5107156,Reserva do Cabaçal,resto_mt,Demais MT,FALSE,2010,2572,-1.6,-1.59,26.8,8.1,65,,,,,0.676,Médio,0.4,34.9,5.86,,,,,2,100,93.5,10.5,1.3,0,8.8,62.5,95,4,0,3,0,0,0,15.55,,
5107156,Reserva do Cabaçal,resto_mt,Demais MT,FALSE,2011,2584,-1.6,-1.59,26.8,8.1,65,,,,,,,,,,5.8,4,98.2,97.8,3,100,96.9,9.6,0,0,8.5,71.8,97.4,,,,,,,,,
5107156,Reserva do Cabaçal,resto_mt,Demais MT,FALSE,2012,2595,-1.6,-1.59,26.8,8.1,65,,,,,,,,,,,,,,2,100,95.5,0.4,0,25,8.4,82.5,92.5,,,,,,,,,
5107156,Reserva do Cabaçal,resto_mt,Demais MT,FALSE,2013,2612,-1.6,-1.59,26.8,8.1,65,,6.7,,191.92,,,,,,5.4,5,100,98.2,3,66.7,82.2,1.1,0,,9.6,84,96,,,,,,,,,
5107156,Reserva do Cabaçal,resto_mt,Demais MT,FALSE,2014,2621,-1.6,-1.59,26.8,8.1,65,,5.61,,160.85,,,,,,,,,,3,100,73.5,,0,0,10,91.4,91.4,,,,,,,,,
5107156,Reserva do Cabaçal,resto_mt,Demais MT,FALSE,2015,2630,-1.6,-1.59,26.8,8.1,65,,6.27,,167.94,,,,,,5.4,4.5,100,97.3,3,100,81.1,0.6,0,0,0,91.9,75.7,4,0,3,0,0,0,15.21,,
5107156,Reserva do Cabaçal,resto_mt,Demais MT,FALSE,2016,2638,-1.6,-1.59,26.8,8.1,65,,7.81,,205.88,,,,,,,,,,3,100,78.3,0,0.6,,0,82.4,100,,,,,,,,,
5107156,Reserva do Cabaçal,resto_mt,Demais MT,FALSE,2017,2646,-1.6,-1.59,26.8,8.1,65,,6.99,,198.28,,,,,,5.5,5,100,98.2,3,100,77.3,0,0,0,0,74.2,74.2,,,,,,,,,
5107156,Reserva do Cabaçal,resto_mt,Demais MT,FALSE,2018,2721,-1.6,-1.59,26.8,8.1,65,,6.69,,197.53,,,,,,,,,,3,100,82.2,0,1,0,0,91.7,88.9,,,,,,,,,
5107156,Reserva do Cabaçal,resto_mt,Demais MT,FALSE,2019,2732,-1.6,-1.59,26.8,8.1,65,,7.1,2.27,568.09,,,,,,5.4,4.6,100,96.2,3,100,82.5,0.5,0,,0,69.6,65.2,,,,,,,,,
5107156,Reserva do Cabaçal,resto_mt,Demais MT,FALSE,2020,2743,-1.6,-1.59,26.8,8.1,65,,7.33,2.11,531.21,,,,,,,,,,3,100,79.5,0.6,,,0,82.4,58.8,4,0,2,0,0,0,14.58,165,6
5107156,Reserva do Cabaçal,resto_mt,Demais MT,FALSE,2021,2754,-1.6,-1.59,26.8,8.1,65,,7.26,2.07,511.86,,,,,,,,100,98.3,3,100,,1.1,0,,0,65.2,78.3,,,,,,,,,
5107156,Reserva do Cabaçal,resto_mt,Demais MT,FALSE,2022,2122,-1.6,-1.59,26.8,8.1,65,,13.24,2.69,961.22,,,,,,,,,,3,100,,3,0,,0,77.3,86.4,,,,,,,,,
5107156,Reserva do Cabaçal,resto_mt,Demais MT,FALSE,2023,2122,-1.6,-1.59,26.8,8.1,65,,13.1,2.73,1476.51,,,,,,5.2,4.2,100,100,3,100,,,,,,,,5,0,3,0,0,0,23.56,195,9.2
5107156,Reserva do Cabaçal,resto_mt,Demais MT,FALSE,2024,2062,-1.6,-1.59,26.8,8.1,65,,12.17,2.86,1498.21,,,,,,,,,,3,100,,,,,,,,,,,,,,,,
5107156,Reserva do Cabaçal,resto_mt,Demais MT,FALSE,2025,2020,-1.6,-1.59,26.8,8.1,65,,,,,,,,,,,,,,,,,,,,,,,,,,,,,,,
5107180,Ribeirão Cascalheira,resto_mt,Demais MT,FALSE,2000,8866,1.15,1.07,22.7,7.1,60.8,9.3,,,,0.492,Muito Baixo,0.63,62.22,14.88,,,,,,,,,,19.6,,40.5,17.6,,,,,,,,,
5107180,Ribeirão Cascalheira,resto_mt,Demais MT,FALSE,2001,7370,1.15,1.07,22.7,7.1,60.8,9.3,,,,,,,,,,,,,,,,,,26.1,,47,7,,,,,,,,,
5107180,Ribeirão Cascalheira,resto_mt,Demais MT,FALSE,2002,7421,1.15,1.07,22.7,7.1,60.8,9.3,,,,,,,,,,,,,,,,,,13.6,19.3,38.8,11.6,,,,,,,,,
5107180,Ribeirão Cascalheira,resto_mt,Demais MT,FALSE,2003,7471,1.15,1.07,22.7,7.1,60.8,9.3,,,,,,,,,,,,,,,,,,23.5,20.8,50.6,17.1,,,,,,,,,
5107180,Ribeirão Cascalheira,resto_mt,Demais MT,FALSE,2004,7575,1.15,1.07,22.7,7.1,60.8,9.3,,,,,,,,,,,,,,,,,,6.1,14.5,43.6,13.3,,,,,,,,,
5107180,Ribeirão Cascalheira,resto_mt,Demais MT,FALSE,2005,7633,1.15,1.07,22.7,7.1,60.8,9.3,,,,,,,,,3.4,3.1,88.3,74.4,,,,,,26.3,17.8,55.3,19.3,,,,,,,,,
5107180,Ribeirão Cascalheira,resto_mt,Demais MT,FALSE,2006,7691,1.15,1.07,22.7,7.1,60.8,9.3,,,,,,,,,,,,,,,,,,7.5,12.1,48.9,72.2,,,,,,,,,
5107180,Ribeirão Cascalheira,resto_mt,Demais MT,FALSE,2007,8677,1.15,1.07,22.7,7.1,60.8,9.3,,,,,,,,,4.3,3.6,92,87,12,25,,14.6,3.4,12.3,15.2,49.4,35.8,,,,,,,,,
5107180,Ribeirão Cascalheira,resto_mt,Demais MT,FALSE,2008,9006,1.15,1.07,22.7,7.1,60.8,9.3,,,,,,,,,,,,,12,41.7,,14.1,2.4,13.6,11.1,51,38.8,,,,,,,,,
5107180,Ribeirão Cascalheira,resto_mt,Demais MT,FALSE,2009,9172,1.15,1.07,22.7,7.1,60.8,9.3,,,,,,,,,4.4,4,91.1,90.2,13,38.5,50.5,15.6,5.6,13.2,13.2,47.7,62.4,,,,,,,,,
5107180,Ribeirão Cascalheira,resto_mt,Demais MT,FALSE,2010,8881,1.15,1.07,22.7,7.1,60.8,9.3,,,,0.67,Médio,0.54,40.26,14.18,,,,,13,46.2,61.3,13,1.8,20.6,15.2,52.6,72.2,15,1,3,1,19,2.14,16.89,,
5107180,Ribeirão Cascalheira,resto_mt,Demais MT,FALSE,2011,9002,1.15,1.07,22.7,7.1,60.8,9.3,,,,,,,,,4.5,4,95.8,91.1,23,35.7,56.2,12.9,1.5,16,16.1,57.6,66.4,,,,,,,,,
5107180,Ribeirão Cascalheira,resto_mt,Demais MT,FALSE,2012,9118,1.15,1.07,22.7,7.1,60.8,9.3,,,,,,,,,,,,,23,61.5,63.6,7.7,1.1,6.5,13.3,56.8,67.1,,,,,,,,,
5107180,Ribeirão Cascalheira,resto_mt,Demais MT,FALSE,2013,9316,1.15,1.07,22.7,7.1,60.8,9.3,9.51,,362.42,,,,,,4.7,,97.3,91.8,24,50,55.7,5.2,0.4,18.4,13.5,50.9,68.7,,,,,,,,,
5107180,Ribeirão Cascalheira,resto_mt,Demais MT,FALSE,2014,9440,1.15,1.07,22.7,7.1,60.8,9.3,9.8,,346.23,,,,,,,,,,15,64.3,54.8,5.2,0.9,37.2,21.7,46.3,56.9,,,,,,,,,
5107180,Ribeirão Cascalheira,resto_mt,Demais MT,FALSE,2015,9562,1.15,1.07,22.7,7.1,60.8,9.3,9.23,,287.84,,,,,,5.4,4.4,99.3,97.9,15,64.3,58,3.3,0.8,15.6,23.9,43.5,55.7,17,1,3,1,19,1.99,17.78,,
5107180,Ribeirão Cascalheira,resto_mt,Demais MT,FALSE,2016,9681,1.15,1.07,22.7,7.1,60.8,9.3,8.1,,243.54,,,,,,,,,,15,92.9,59.2,1.7,0.2,32.5,28.1,53.2,48.7,,,,,,,,,
5107180,Ribeirão Cascalheira,resto_mt,Demais MT,FALSE,2017,9796,1.15,1.07,22.7,7.1,60.8,9.3,6.3,,199.1,,,,,,5.2,,98.6,97.4,15,100,53.8,1.8,0.4,11.3,19.1,54.8,54.8,,,,,,,,,
5107180,Ribeirão Cascalheira,resto_mt,Demais MT,FALSE,2018,10081,1.15,1.07,22.7,7.1,60.8,9.3,5.76,,182.83,,,,,,,,,,14,100,59.3,3.4,0.3,12.1,18.1,58.5,58.2,,,,,,,,,
5107180,Ribeirão Cascalheira,resto_mt,Demais MT,FALSE,2019,10206,1.15,1.07,22.7,7.1,60.8,9.3,5.84,2.01,505.62,,,,,,5.2,4.5,99.2,95.4,15,100,62.3,3,0,22.9,15.5,66.9,67.4,,,,,,,,,
5107180,Ribeirão Cascalheira,resto_mt,Demais MT,FALSE,2020,10329,1.15,1.07,22.7,7.1,60.8,9.3,6.32,2.03,528.7,,,,,,,,,,14,100,64.3,3.4,,5.8,13.7,60.8,67.3,21,1,5,3,37,3.58,20.33,1124,10.9
5107180,Ribeirão Cascalheira,resto_mt,Demais MT,FALSE,2021,10450,1.15,1.07,22.7,7.1,60.8,9.3,6.91,2.12,550.69,,,,,,5.4,4.3,99.9,97.5,14,91.7,,5.4,0,12.9,14,63.9,69,,,,,,,,,
5107180,Ribeirão Cascalheira,resto_mt,Demais MT,FALSE,2022,10089,1.15,1.07,22.7,7.1,60.8,9.3,8.63,2.37,759.67,,,,,,,,,,16,76.9,,4.5,0,0,6.2,66.2,70.6,,,,,,,,,
5107180,Ribeirão Cascalheira,resto_mt,Demais MT,FALSE,2023,10089,1.15,1.07,22.7,7.1,60.8,9.3,9.48,2.63,1264.45,,,,,,5.8,5.1,100,99.8,16,71.4,,,,,,,,26,1,7,2,35,3.47,25.77,1434,14.2
5107180,Ribeirão Cascalheira,resto_mt,Demais MT,FALSE,2024,10431,1.15,1.07,22.7,7.1,60.8,9.3,10.09,2.68,1369.22,,,,,,,,,,18,86.7,,,,,,,,,,,,,,,,
5107180,Ribeirão Cascalheira,resto_mt,Demais MT,FALSE,2025,10541,1.15,1.07,22.7,7.1,60.8,9.3,,,,,,,,,,,,,,,,,,,,,,,,,,,,,,
5107198,Ribeirãozinho,resto_mt,Demais MT,FALSE,2000,1980,1.46,1.38,38.9,5.6,55.5,0,,,,0.573,Baixo,0.6,54.31,13.08,,,,,,,,,,0,,46.3,87.8,,,,,,,,,
5107198,Ribeirãozinho,resto_mt,Demais MT,FALSE,2001,2048,1.46,1.38,38.9,5.6,55.5,0,,,,,,,,,,,,,,,,,,,,62.1,89.7,,,,,,,,,
5107198,Ribeirãozinho,resto_mt,Demais MT,FALSE,2002,2096,1.46,1.38,38.9,5.6,55.5,0,,,,,,,,,,,,,,,,,,0,0,63.3,90,,,,,,,,,
5107198,Ribeirãozinho,resto_mt,Demais MT,FALSE,2003,2150,1.46,1.38,38.9,5.6,55.5,0,,,,,,,,,,,,,,,,,,,0,53.8,84.6,,,,,,,,,
5107198,Ribeirãozinho,resto_mt,Demais MT,FALSE,2004,2263,1.46,1.38,38.9,5.6,55.5,0,,,,,,,,,,,,,,,,,,,0,22.7,90.9,,,,,,,,,
5107198,Ribeirãozinho,resto_mt,Demais MT,FALSE,2005,2326,1.46,1.38,38.9,5.6,55.5,0,,,,,,,,,,3.8,,87.5,,,,,,,13.5,34.6,65.4,,,,,,,,,
5107198,Ribeirãozinho,resto_mt,Demais MT,FALSE,2006,2388,1.46,1.38,38.9,5.6,55.5,0,,,,,,,,,,,,,,,,,,0,12.8,40,70,,,,,,,,,
5107198,Ribeirãozinho,resto_mt,Demais MT,FALSE,2007,2107,1.46,1.38,38.9,5.6,55.5,0,,,,,,,,,4.2,3.1,91.1,67.4,4,25,,20.2,1.9,,11.9,46.4,96.4,,,,,,,,,
5107198,Ribeirãozinho,resto_mt,Demais MT,FALSE,2008,2176,1.46,1.38,38.9,5.6,55.5,0,,,,,,,,,,,,,4,0,,15.6,0.5,0,0,71,76.7,,,,,,,,,
5107198,Ribeirãozinho,resto_mt,Demais MT,FALSE,2009,2194,1.46,1.38,38.9,5.6,55.5,0,,,,,,,,,5.5,5.3,97.4,96.7,4,75,76.5,11.7,0.5,0,0,77.8,91.4,,,,,,,,,
5107198,Ribeirãozinho,resto_mt,Demais MT,FALSE,2010,2199,1.46,1.38,38.9,5.6,55.5,0,,,,0.692,Médio,0.47,28.72,1.95,,,,,4,75,77.1,9.7,0.5,,0,83.3,79.2,6,1,3,1,7,3.18,27.29,,
5107198,Ribeirãozinho,resto_mt,Demais MT,FALSE,2011,2216,1.46,1.38,38.9,5.6,55.5,0,,,,,,,,,,4.8,99.4,98.8,4,75,83.3,11.4,0,,0,70.4,96.3,,,,,,,,,
5107198,Ribeirãozinho,resto_mt,Demais MT,FALSE,2012,2233,1.46,1.38,38.9,5.6,55.5,0,,,,,,,,,,,,,4,75,82.9,10.2,1.2,0,0,63.3,73.3,,,,,,,,,
5107198,Ribeirãozinho,resto_mt,Demais MT,FALSE,2013,2259,1.46,1.38,38.9,5.6,55.5,0,6.24,,172.24,,,,,,6.3,4.6,99.4,97.5,4,75,86.8,4.2,0,0,0,65.1,67.4,,,,,,,,,
5107198,Ribeirãozinho,resto_mt,Demais MT,FALSE,2014,2275,1.46,1.38,38.9,5.6,55.5,0,5.71,,169.83,,,,,,,,,,4,100,74,2.9,0,,10.2,84,96,,,,,,,,,
5107198,Ribeirãozinho,resto_mt,Demais MT,FALSE,2015,2290,1.46,1.38,38.9,5.6,55.5,0,5.5,,149.14,,,,,,7.1,5.1,100,95.7,4,100,76.5,3.5,0,0,9.6,72.2,80.6,6,1,3,1,7,3.06,26.2,,
5107198,Ribeirãozinho,resto_mt,Demais MT,FALSE,2016,2306,1.46,1.38,38.9,5.6,55.5,0,5.29,,147,,,,,,,,,,4,100,87.5,1.7,0,,11.2,71.4,71.4,,,,,,,,,
5107198,Ribeirãozinho,resto_mt,Demais MT,FALSE,2017,2320,1.46,1.38,38.9,5.6,55.5,0,5.39,,155.3,,,,,,7.3,4.9,100,92.4,4,100,79.6,1.2,0,0,0,71.4,68.6,,,,,,,,,
5107198,Ribeirãozinho,resto_mt,Demais MT,FALSE,2018,2388,1.46,1.38,38.9,5.6,55.5,0,5.9,,170.18,,,,,,,,,,4,100,81.2,1.7,0,30.3,10.4,81.8,97,,,,,,,,,
5107198,Ribeirãozinho,resto_mt,Demais MT,FALSE,2019,2405,1.46,1.38,38.9,5.6,55.5,0,5.49,1.54,397.78,,,,,,6.6,5.1,98.8,95.5,4,100,82.2,1.2,0,0,9.9,66.7,66.7,,,,,,,,,
5107198,Ribeirãozinho,resto_mt,Demais MT,FALSE,2020,2422,1.46,1.38,38.9,5.6,55.5,0,5.7,1.61,405.83,,,,,,,,,,4,100,83.9,0,,0,9.3,83.3,83.3,7,1,3,1,7,2.89,28.9,702,29
5107198,Ribeirãozinho,resto_mt,Demais MT,FALSE,2021,2439,1.46,1.38,38.9,5.6,55.5,0,6.31,1.76,435.04,,,,,,,,100,100,4,100,,0,0,,0,76.9,84.6,,,,,,,,,
5107198,Ribeirãozinho,resto_mt,Demais MT,FALSE,2022,2593,1.46,1.38,38.9,5.6,55.5,0,6.86,1.81,553.96,,,,,,,,,,4,100,,0,0,,12.2,85.7,92.9,,,,,,,,,
5107198,Ribeirãozinho,resto_mt,Demais MT,FALSE,2023,2593,1.46,1.38,38.9,5.6,55.5,0,6.98,2.12,888.44,,,,,,6.1,5.4,100,100,4,100,,,,,,,,7,1,3,1,7,2.7,27,844,32.5
5107198,Ribeirãozinho,resto_mt,Demais MT,FALSE,2024,2697,1.46,1.38,38.9,5.6,55.5,0,6.01,2.26,870.37,,,,,,,,,,4,100,,,,,,,,,,,,,,,,
5107198,Ribeirãozinho,resto_mt,Demais MT,FALSE,2025,2733,1.46,1.38,38.9,5.6,55.5,0,,,,,,,,,,,,,,,,,,,,,,,,,,,,,,
5107206,Rio Branco,resto_mt,Demais MT,FALSE,2000,5092,-0.88,-0.92,32.5,9.9,57.4,,,,,0.539,Baixo,0.55,61.68,13.4,,,,,,,,,,35.3,,44.7,43.5,,,,,,,,,
5107206,Rio Branco,resto_mt,Demais MT,FALSE,2001,4991,-0.88,-0.92,32.5,9.9,57.4,,,,,,,,,,,,,,,,,,,11.4,,29.5,35.2,,,,,,,,,
5107206,Rio Branco,resto_mt,Demais MT,FALSE,2002,4957,-0.88,-0.92,32.5,9.9,57.4,,,,,,,,,,,,,,,,,,,14.1,20.5,33.8,42.3,,,,,,,,,
5107206,Rio Branco,resto_mt,Demais MT,FALSE,2003,4894,-0.88,-0.92,32.5,9.9,57.4,,,,,,,,,,,,,,,,,,,32.3,18.1,33.9,50,,,,,,,,,
5107206,Rio Branco,resto_mt,Demais MT,FALSE,2004,4762,-0.88,-0.92,32.5,9.9,57.4,,,,,,,,,,,,,,,,,,,20.4,21.6,25.5,57.1,,,,,,,,,
5107206,Rio Branco,resto_mt,Demais MT,FALSE,2005,4689,-0.88,-0.92,32.5,9.9,57.4,,,,,,,,,,4.5,3.8,85.7,79.3,,,,,,0,16.7,21.5,68.4,,,,,,,,,
5107206,Rio Branco,resto_mt,Demais MT,FALSE,2006,4617,-0.88,-0.92,32.5,9.9,57.4,,,,,,,,,,,,,,,,,,,28.6,16.2,32.9,77.1,,,,,,,,,
5107206,Rio Branco,resto_mt,Demais MT,FALSE,2007,5053,-0.88,-0.92,32.5,9.9,57.4,,,,,,,,,,4,4.2,88.3,86,5,60,,16.6,1,12.7,13.2,44.3,69.6,,,,,,,,,
5107206,Rio Branco,resto_mt,Demais MT,FALSE,2008,5201,-0.88,-0.92,32.5,9.9,57.4,,,,,,,,,,,,,,5,100,,16.5,1.7,12.3,17.4,37,79,,,,,,,,,
5107206,Rio Branco,resto_mt,Demais MT,FALSE,2009,5208,-0.88,-0.92,32.5,9.9,57.4,,,,,,,,,,4.9,4.6,94.9,88.3,5,100,68.6,17.5,1.7,14.7,13.2,39.7,89.7,,,,,,,,,
5107206,Rio Branco,resto_mt,Demais MT,FALSE,2010,5070,-0.88,-0.92,32.5,9.9,57.4,,,,,0.707,Alto,0.5,27.68,3.21,,,,,4,100,71.2,13.2,0.6,0,9.2,44.1,75,5,1,3,1,10,1.97,9.86,,
5107206,Rio Branco,resto_mt,Demais MT,FALSE,2011,5069,-0.88,-0.92,32.5,9.9,57.4,,,,,,,,,,4.7,4.3,93,88.3,5,100,79.1,12.9,0.2,16.4,10.2,49.2,82,,,,,,,,,
5107206,Rio Branco,resto_mt,Demais MT,FALSE,2012,5067,-0.88,-0.92,32.5,9.9,57.4,,,,,,,,,,,,,,5,100,84.1,11.5,0.3,26.3,14.6,59.2,85.5,,,,,,,,,
5107206,Rio Branco,resto_mt,Demais MT,FALSE,2013,5063,-0.88,-0.92,32.5,9.9,57.4,,9.68,,331.67,,,,,,5.7,4.3,91.7,82,5,100,80.3,10.8,0,29.9,24.5,64.2,83.6,,,,,,,,,
5107206,Rio Branco,resto_mt,Demais MT,FALSE,2014,5054,-0.88,-0.92,32.5,9.9,57.4,,9.22,,329.74,,,,,,,,,,5,100,77.9,11.1,0,14.7,23.7,67.6,77.9,,,,,,,,,
5107206,Rio Branco,resto_mt,Demais MT,FALSE,2015,5044,-0.88,-0.92,32.5,9.9,57.4,,8.41,,237.92,,,,,,5.6,4.3,92.9,83.6,5,100,78,9.9,0.3,0,13.4,75.3,85.4,7,1,3,1,13,2.58,13.88,,
5107206,Rio Branco,resto_mt,Demais MT,FALSE,2016,5028,-0.88,-0.92,32.5,9.9,57.4,,8.07,,197.52,,,,,,,,,,5,100,77.2,11.9,0.3,18.2,9.4,67.3,85.5,,,,,,,,,
5107206,Rio Branco,resto_mt,Demais MT,FALSE,2017,5019,-0.88,-0.92,32.5,9.9,57.4,,6.95,,173.25,,,,,,5.3,5.4,96.5,91.6,5,100,75,12.8,0.3,12,8.8,65.1,86.7,,,,,,,,,
5107206,Rio Branco,resto_mt,Demais MT,FALSE,2018,5159,-0.88,-0.92,32.5,9.9,57.4,,6.07,,144.31,,,,,,,,,,4,100,78.7,10.3,0.6,11.4,13.3,72.7,80.7,,,,,,,,,
5107206,Rio Branco,resto_mt,Demais MT,FALSE,2019,5156,-0.88,-0.92,32.5,9.9,57.4,,5.92,3.7,739.68,,,,,,5.4,5.3,96.1,93.1,4,100,85.3,6.7,0,0,7.8,76.7,89.5,,,,,,,,,
5107206,Rio Branco,resto_mt,Demais MT,FALSE,2020,5150,-0.88,-0.92,32.5,9.9,57.4,,5.63,3.65,723.44,,,,,,,,,,4,100,76.5,5.9,,14.3,8.2,68.6,81.4,7,1,3,1,12,2.33,13.59,971,18.9
5107206,Rio Branco,resto_mt,Demais MT,FALSE,2021,5147,-0.88,-0.92,32.5,9.9,57.4,,5.96,3.61,699.72,,,,,,5,4.9,99.1,93.7,4,100,,2.6,0.9,14.9,9,70.1,85.1,,,,,,,,,
5107206,Rio Branco,resto_mt,Demais MT,FALSE,2022,4535,-0.88,-0.92,32.5,9.9,57.4,,8.95,4.06,985.92,,,,,,,,,,4,100,,1.8,0,15.9,15,60.3,85.7,,,,,,,,,
5107206,Rio Branco,resto_mt,Demais MT,FALSE,2023,4535,-0.88,-0.92,32.5,9.9,57.4,,9.92,4.19,1450.73,,,,,,5.5,5.1,97.3,96.6,4,100,,,,,,,,7,1,3,1,12,2.65,15.44,902,19.9
5107206,Rio Branco,resto_mt,Demais MT,FALSE,2024,4489,-0.88,-0.92,32.5,9.9,57.4,,9.13,4.7,1487.97,,,,,,,,,,3,100,,,,,,,,,,,,,,,,
5107206,Rio Branco,resto_mt,Demais MT,FALSE,2025,4440,-0.88,-0.92,32.5,9.9,57.4,,,,,,,,,,,,,,,,,,,,,,,,,,,,,,,
5107248,Santa Carmem,resto_mt,Demais MT,FALSE,2000,3660,2.36,2.31,41.4,7.9,50.3,0,,,,0.579,Baixo,0.66,58.68,12.04,,,,,,,,,,0,,32.1,52.4,,,,,,,,,
5107248,Santa Carmem,resto_mt,Demais MT,FALSE,2001,3743,2.36,2.31,41.4,7.9,50.3,0,,,,,,,,,,,,,,,,,,0,,44.8,56.9,,,,,,,,,
5107248,Santa Carmem,resto_mt,Demais MT,FALSE,2002,3831,2.36,2.31,41.4,7.9,50.3,0,,,,,,,,,,,,,,,,,,19.2,5.2,30.8,63.5,,,,,,,,,
5107248,Santa Carmem,resto_mt,Demais MT,FALSE,2003,3939,2.36,2.31,41.4,7.9,50.3,0,,,,,,,,,,,,,,,,,,27,16.3,39.2,67.6,,,,,,,,,
5107248,Santa Carmem,resto_mt,Demais MT,FALSE,2004,4165,2.36,2.31,41.4,7.9,50.3,0,,,,,,,,,,,,,,,,,,28.2,25.4,53.5,84.5,,,,,,,,,
5107248,Santa Carmem,resto_mt,Demais MT,FALSE,2005,4290,2.36,2.31,41.4,7.9,50.3,0,,,,,,,,,3.5,2.2,79.3,60.6,,,,,,11.6,21.6,46.5,77.9,,,,,,,,,
5107248,Santa Carmem,resto_mt,Demais MT,FALSE,2006,4414,2.36,2.31,41.4,7.9,50.3,0,,,,,,,,,,,,,,,,,,12.8,17,48.7,87.2,,,,,,,,,
5107248,Santa Carmem,resto_mt,Demais MT,FALSE,2007,4319,2.36,2.31,41.4,7.9,50.3,0,,,,,,,,,4.9,4.1,92.7,78.3,3,66.7,,18.6,1.5,16.1,13.3,46.8,82.3,,,,,,,,,
5107248,Santa Carmem,resto_mt,Demais MT,FALSE,2008,4486,2.36,2.31,41.4,7.9,50.3,0,,,,,,,,,,,,,3,100,,14.7,1.1,15.2,14.6,59.1,71.2,,,,,,,,,
5107248,Santa Carmem,resto_mt,Demais MT,FALSE,2009,4573,2.36,2.31,41.4,7.9,50.3,0,,,,,,,,,4.8,4.4,93.6,87,3,100,60,11.4,0.9,0,10.9,58.2,80,,,,,,,,,
5107248,Santa Carmem,resto_mt,Demais MT,FALSE,2010,4085,2.36,2.31,41.4,7.9,50.3,0,,,,0.715,Alto,0.48,24.46,0.69,,,,,3,100,62.5,7,0.3,0,6,55.6,80,7,0,5,0,0,0,17.14,,
5107248,Santa Carmem,resto_mt,Demais MT,FALSE,2011,4123,2.36,2.31,41.4,7.9,50.3,0,,,,,,,,,4.5,4.5,91.1,84.2,3,100,67.3,9.1,0,16.7,6.2,40,76.7,,,,,,,,,
5107248,Santa Carmem,resto_mt,Demais MT,FALSE,2012,4159,2.36,2.31,41.4,7.9,50.3,0,,,,,,,,,,,,,3,100,93,9.8,0,0,6.3,62.3,79.2,,,,,,,,,
5107248,Santa Carmem,resto_mt,Demais MT,FALSE,2013,4219,2.36,2.31,41.4,7.9,50.3,0,7.06,,272.25,,,,,,5.3,3.5,98.4,76.1,3,100,92.7,9.9,0,20.4,12.3,57.1,89.8,,,,,,,,,
5107248,Santa Carmem,resto_mt,Demais MT,FALSE,2014,4256,2.36,2.31,41.4,7.9,50.3,0,6.39,,226.6,,,,,,,,,,3,100,92.7,8.8,0,33.3,18.5,56.7,91.7,,,,,,,,,
5107248,Santa Carmem,resto_mt,Demais MT,FALSE,2015,4292,2.36,2.31,41.4,7.9,50.3,0,5.92,,187.91,,,,,,6.1,4.8,93.6,91.1,3,100,86.2,6.9,0.3,15.9,23.3,61.9,84.1,9,0,5,0,0,0,20.97,,
5107248,Santa Carmem,resto_mt,Demais MT,FALSE,2016,4326,2.36,2.31,41.4,7.9,50.3,0,5.57,,167.07,,,,,,,,,,3,66.7,90.9,9.1,0,0,16.5,44.1,79.7,,,,,,,,,
5107248,Santa Carmem,resto_mt,Demais MT,FALSE,2017,4360,2.36,2.31,41.4,7.9,50.3,0,5.55,,167.68,,,,,,6.5,4.8,98.8,95.8,3,66.7,92.2,13.6,0,0,4.9,58.5,90.2,,,,,,,,,
5107248,Santa Carmem,resto_mt,Demais MT,FALSE,2018,4486,2.36,2.31,41.4,7.9,50.3,0,5.57,,173.05,,,,,,,,,,3,100,92.9,8.5,0,22,8.6,56,83.5,,,,,,,,,
5107248,Santa Carmem,resto_mt,Demais MT,FALSE,2019,4525,2.36,2.31,41.4,7.9,50.3,0,5.7,1.94,487.32,,,,,,6.2,4.3,96.3,83.7,3,100,77.5,9.2,0,12,11.7,62.7,92.8,,,,,,,,,
5107248,Santa Carmem,resto_mt,Demais MT,FALSE,2020,4563,2.36,2.31,41.4,7.9,50.3,0,5.48,1.91,471.74,,,,,,,,,,3,100,75.3,7.9,,25.3,19.8,60.8,88.6,12,1,5,0,0,0,26.3,1732,38
5107248,Santa Carmem,resto_mt,Demais MT,FALSE,2021,4600,2.36,2.31,41.4,7.9,50.3,0,5.15,1.83,449.79,,,,,,6,,100,95.6,4,100,,7.3,0,11.1,15.9,48.9,84.4,,,,,,,,,
5107248,Santa Carmem,resto_mt,Demais MT,FALSE,2022,5374,2.36,2.31,41.4,7.9,50.3,0,6.81,1.51,524.83,,,,,,,,,,4,100,,5.8,0,0,11.3,54.6,85.6,,,,,,,,,
5107248,Santa Carmem,resto_mt,Demais MT,FALSE,2023,5374,2.36,2.31,41.4,7.9,50.3,0,6.42,1.51,753.61,,,,,,5.7,,98.7,87.9,4,100,,,,,,,,13,1,4,0,0,0,24.19,2217,41.3
5107248,Santa Carmem,resto_mt,Demais MT,FALSE,2024,5677,2.36,2.31,41.4,7.9,50.3,0,5.55,1.51,705.86,,,,,,,,,,4,100,,,,,,,,,,,,,,,,
5107248,Santa Carmem,resto_mt,Demais MT,FALSE,2025,5795,2.36,2.31,41.4,7.9,50.3,0,,,,,,,,,,,,,,,,,,,,,,,,,,,,,,
5107263,Santo Afonso,resto_mt,Demais MT,FALSE,2000,3098,-1.41,-1.42,25.2,10.2,64,0.4,,,,0.53,Baixo,0.58,68.04,22.11,,,,,,,,,,0,,56.2,12.5,,,,,,,,,
5107263,Santo Afonso,resto_mt,Demais MT,FALSE,2001,2975,-1.41,-1.42,25.2,10.2,64,0.4,,,,,,,,,,,,,,,,,,30.3,,42.4,12.1,,,,,,,,,
5107263,Santo Afonso,resto_mt,Demais MT,FALSE,2002,2882,-1.41,-1.42,25.2,10.2,64,0.4,,,,,,,,,,,,,,,,,,0,8.3,38.2,14.5,,,,,,,,,
5107263,Santo Afonso,resto_mt,Demais MT,FALSE,2003,2572,-1.41,-1.42,25.2,10.2,64,0.4,,,,,,,,,,,,,,,,,,0,8.5,56.7,46.7,,,,,,,,,
5107263,Santo Afonso,resto_mt,Demais MT,FALSE,2004,2378,-1.41,-1.42,25.2,10.2,64,0.4,,,,,,,,,,,,,,,,,,29.4,8.4,29.4,38.2,,,,,,,,,
5107263,Santo Afonso,resto_mt,Demais MT,FALSE,2005,2270,-1.41,-1.42,25.2,10.2,64,0.4,,,,,,,,,3.1,2.9,86.2,83.4,,,,,,22.7,18.5,54.5,18.2,,,,,,,,,
5107263,Santo Afonso,resto_mt,Demais MT,FALSE,2006,2162,-1.41,-1.42,25.2,10.2,64,0.4,,,,,,,,,,,,,,,,,,33.3,27.8,40,30,,,,,,,,,
5107263,Santo Afonso,resto_mt,Demais MT,FALSE,2007,2855,-1.41,-1.42,25.2,10.2,64,0.4,,,,,,,,,4.6,4.5,93.6,85,4,25,,22,2.3,0,17.9,50,52.6,,,,,,,,,
5107263,Santo Afonso,resto_mt,Demais MT,FALSE,2008,2939,-1.41,-1.42,25.2,10.2,64,0.4,,,,,,,,,,,,,4,75,,21.2,0.5,,20.6,31,72.4,,,,,,,,,
5107263,Santo Afonso,resto_mt,Demais MT,FALSE,2009,2944,-1.41,-1.42,25.2,10.2,64,0.4,,,,,,,,,4.7,4.8,99.5,95.4,4,75,82.7,11.5,0,,21.5,46.2,57.7,,,,,,,,,
5107263,Santo Afonso,resto_mt,Demais MT,FALSE,2010,2991,-1.41,-1.42,25.2,10.2,64,0.4,,,,0.689,Médio,0.43,30.31,4.98,,,,,4,75,84.3,10.1,1.1,,24.7,57.7,57.7,4,0,3,0,0,0,13.37,,
5107263,Santo Afonso,resto_mt,Demais MT,FALSE,2011,3001,-1.41,-1.42,25.2,10.2,64,0.4,,,,,,,,,4.6,3.8,99,93.9,4,100,89.2,5.2,0,100,48.8,46.7,73.3,,,,,,,,,
5107263,Santo Afonso,resto_mt,Demais MT,FALSE,2012,3010,-1.41,-1.42,25.2,10.2,64,0.4,,,,,,,,,,,,,4,100,87.2,3.1,0,,36.6,53.8,100,,,,,,,,,
5107263,Santo Afonso,resto_mt,Demais MT,FALSE,2013,3025,-1.41,-1.42,25.2,10.2,64,0.4,9.55,,267.49,,,,,,4.9,4.1,99,96.4,4,100,87.5,0.5,0,24.4,41.2,63.4,80.5,,,,,,,,,
5107263,Santo Afonso,resto_mt,Demais MT,FALSE,2014,3032,-1.41,-1.42,25.2,10.2,64,0.4,8.87,,243.76,,,,,,,,,,4,100,85.1,2.8,0,,10.5,50,78.6,,,,,,,,,
5107263,Santo Afonso,resto_mt,Demais MT,FALSE,2015,3038,-1.41,-1.42,25.2,10.2,64,0.4,7.93,,209.42,,,,,,5.8,4,99.5,96.1,4,100,84.2,1.4,0.5,,34.5,77.8,61.1,5,0,3,0,0,0,16.46,,
5107263,Santo Afonso,resto_mt,Demais MT,FALSE,2016,3044,-1.41,-1.42,25.2,10.2,64,0.4,8.57,,243.76,,,,,,,,,,4,100,93.6,0.5,0,,41.1,55.6,88.9,,,,,,,,,
5107263,Santo Afonso,resto_mt,Demais MT,FALSE,2017,3050,-1.41,-1.42,25.2,10.2,64,0.4,8.92,,276.73,,,,,,,4.6,99.1,94.4,4,75,89.8,10.5,0,,41.1,60.7,71.4,,,,,,,,,
5107263,Santo Afonso,resto_mt,Demais MT,FALSE,2018,3136,-1.41,-1.42,25.2,10.2,64,0.4,10.11,,301.49,,,,,,,,,,4,75,87.8,2.7,0,0,11,66.7,61.1,,,,,,,,,
5107263,Santo Afonso,resto_mt,Demais MT,FALSE,2019,3146,-1.41,-1.42,25.2,10.2,64,0.4,8.65,1.62,511.19,,,,,,5.8,4.6,99.5,97.2,4,100,91.8,1.6,0,,0,65.4,53.8,,,,,,,,,
5107263,Santo Afonso,resto_mt,Demais MT,FALSE,2020,3155,-1.41,-1.42,25.2,10.2,64,0.4,7.92,1.58,472.68,,,,,,,,,,4,100,85.4,2.6,,,0,66.7,66.7,5,0,3,0,0,0,15.85,558,17.7
5107263,Santo Afonso,resto_mt,Demais MT,FALSE,2021,3164,-1.41,-1.42,25.2,10.2,64,0.4,7.9,1.8,499.44,,,,,,5.3,,100,99.4,4,100,,2.2,0,0,0,80.6,74.2,,,,,,,,,
5107263,Santo Afonso,resto_mt,Demais MT,FALSE,2022,2519,-1.41,-1.42,25.2,10.2,64,0.4,12.11,2.62,893.72,,,,,,,,,,4,100,,6,0,0,0,66.7,80,,,,,,,,,
5107263,Santo Afonso,resto_mt,Demais MT,FALSE,2023,2519,-1.41,-1.42,25.2,10.2,64,0.4,12.31,2.7,1429.55,,,,,,6.2,5,100,100,4,100,,,,,,,,8,0,4,0,0,0,31.76,576,22.9
5107263,Santo Afonso,resto_mt,Demais MT,FALSE,2024,2460,-1.41,-1.42,25.2,10.2,64,0.4,13.09,2.93,1567.2,,,,,,,,,,4,100,,,,,,,,,,,,,,,,
5107263,Santo Afonso,resto_mt,Demais MT,FALSE,2025,2416,-1.41,-1.42,25.2,10.2,64,0.4,,,,,,,,,,,,,,,,,,,,,,,,,,,,,,
5107297,São José do Povo,resto_mt,Demais MT,FALSE,2000,3056,-1.85,-1.84,33.3,7.3,59,0.2,,,,0.515,Baixo,0.44,59.41,8.73,,,,,,,,,,28.6,,22.9,48.6,,,,,,,,,
5107297,São José do Povo,resto_mt,Demais MT,FALSE,2001,3069,-1.85,-1.84,33.3,7.3,59,0.2,,,,,,,,,,,,,,,,,,22.2,,37.8,64.4,,,,,,,,,
5107297,São José do Povo,resto_mt,Demais MT,FALSE,2002,3080,-1.85,-1.84,33.3,7.3,59,0.2,,,,,,,,,,,,,,,,,,0,17.9,56.2,46.9,,,,,,,,,
5107297,São José do Povo,resto_mt,Demais MT,FALSE,2003,3091,-1.85,-1.84,33.3,7.3,59,0.2,,,,,,,,,,,,,,,,,,0,8.2,48.9,51.1,,,,,,,,,
5107297,São José do Povo,resto_mt,Demais MT,FALSE,2004,3113,-1.85,-1.84,33.3,7.3,59,0.2,,,,,,,,,,,,,,,,,,,0,63,22.2,,,,,,,,,
5107297,São José do Povo,resto_mt,Demais MT,FALSE,2005,3126,-1.85,-1.84,33.3,7.3,59,0.2,,,,,,,,,2.4,2,49.7,47,,,,,,54.1,18.3,40.5,70.3,,,,,,,,,
5107297,São José do Povo,resto_mt,Demais MT,FALSE,2006,3139,-1.85,-1.84,33.3,7.3,59,0.2,,,,,,,,,,,,,,,,,,0,20.4,50,64.7,,,,,,,,,
5107297,São José do Povo,resto_mt,Demais MT,FALSE,2007,3305,-1.85,-1.84,33.3,7.3,59,0.2,,,,,,,,,3.8,4.2,86.9,94.7,5,40,,19,2.7,0,18,50,75,,,,,,,,,
5107297,São José do Povo,resto_mt,Demais MT,FALSE,2008,3417,-1.85,-1.84,33.3,7.3,59,0.2,,,,,,,,,,,,,5,40,,18.5,0.7,0,0,55.9,61.8,,,,,,,,,
5107297,São José do Povo,resto_mt,Demais MT,FALSE,2009,3451,-1.85,-1.84,33.3,7.3,59,0.2,,,,,,,,,3.2,4.4,95.5,92.1,5,40,72.7,16.5,1.5,,0,44,76,,,,,,,,,
5107297,São José do Povo,resto_mt,Demais MT,FALSE,2010,3592,-1.85,-1.84,33.3,7.3,59,0.2,,,,0.661,Médio,0.43,40.61,9.03,,,,,5,60,78.8,7.9,0.9,,0,59.1,72.7,2,0,2,0,0,0,5.57,,
5107297,São José do Povo,resto_mt,Demais MT,FALSE,2011,3634,-1.85,-1.84,33.3,7.3,59,0.2,,,,,,,,,4.4,3.5,90.2,75,6,75,87.3,7.6,0.5,,0,43.5,60.9,,,,,,,,,
5107297,São José do Povo,resto_mt,Demais MT,FALSE,2012,3673,-1.85,-1.84,33.3,7.3,59,0.2,,,,,,,,,,,,,6,75,94.3,10.3,0,,0,76.2,52.4,,,,,,,,,
5107297,São José do Povo,resto_mt,Demais MT,FALSE,2013,3741,-1.85,-1.84,33.3,7.3,59,0.2,6.79,,217.21,,,,,,4.6,4.1,93.8,94.4,6,75,86.8,8.9,0.5,,0,55.6,70.4,,,,,,,,,
5107297,São José do Povo,resto_mt,Demais MT,FALSE,2014,3782,-1.85,-1.84,33.3,7.3,59,0.2,6.56,,202.85,,,,,,,,,,6,75,89.8,8.8,1,,0,80,60,,,,,,,,,
5107297,São José do Povo,resto_mt,Demais MT,FALSE,2015,3823,-1.85,-1.84,33.3,7.3,59,0.2,6.17,,166.56,,,,,,,4.5,95.2,95.1,6,75,95.3,9.1,0,,0,58.3,62.5,4,0,2,0,0,0,10.46,,
5107297,São José do Povo,resto_mt,Demais MT,FALSE,2016,3869,-1.85,-1.84,33.3,7.3,59,0.2,5.12,,124.46,,,,,,,,,,6,75,94.6,4.7,0,,0,42.9,71.4,,,,,,,,,
5107297,São José do Povo,resto_mt,Demais MT,FALSE,2017,3908,-1.85,-1.84,33.3,7.3,59,0.2,3.99,,91.64,,,,,,4.5,4.7,88.7,100,6,75,94.5,6.9,0,,0,60,65,,,,,,,,,
5107297,São José do Povo,resto_mt,Demais MT,FALSE,2018,4021,-1.85,-1.84,33.3,7.3,59,0.2,2.84,,63.21,,,,,,,,,,6,50,96.4,9.7,0,,13.5,53.8,73.1,,,,,,,,,
5107297,São José do Povo,resto_mt,Demais MT,FALSE,2019,4063,-1.85,-1.84,33.3,7.3,59,0.2,2.26,1.75,333.18,,,,,,4.8,,96.5,98.5,4,100,100,7.3,0.6,,15.2,45,85,,,,,,,,,
5107297,São José do Povo,resto_mt,Demais MT,FALSE,2020,4450,-1.85,-1.84,33.3,7.3,59,0.2,1.89,1.44,275.14,,,,,,,,,,5,100,100,5.1,,,14.5,34.8,69.6,4,0,2,0,0,0,8.99,224,5
5107297,São José do Povo,resto_mt,Demais MT,FALSE,2021,4102,-1.85,-1.84,33.3,7.3,59,0.2,2.24,1.02,208.77,,,,,,5.4,,99.4,99.3,6,100,,3.9,0.6,,17.9,53.8,92.3,,,,,,,,,
5107297,São José do Povo,resto_mt,Demais MT,FALSE,2022,2875,-1.85,-1.84,33.3,7.3,59,0.2,3.97,0.52,236.23,,,,,,,,,,6,100,,3.6,0,,18.9,56.2,70.6,,,,,,,,,
5107297,São José do Povo,resto_mt,Demais MT,FALSE,2023,2875,-1.85,-1.84,33.3,7.3,59,0.2,4.63,0.56,459.74,,,,,,6,4.4,100,98.9,6,100,,,,,,,,4,0,2,0,0,0,13.91,273,9.5
5107297,São José do Povo,resto_mt,Demais MT,FALSE,2024,2780,-1.85,-1.84,33.3,7.3,59,0.2,4.96,0.5,476.57,,,,,,,,,,5,100,,,,,,,,,,,,,,,,
5107297,São José do Povo,resto_mt,Demais MT,FALSE,2025,2716,-1.85,-1.84,33.3,7.3,59,0.2,,,,,,,,,,,,,,,,,,,,,,,,,,,,,,
5107305,São José do Rio Claro,resto_mt,Demais MT,FALSE,2000,12740,-1.12,-1.15,31.2,6.7,61.8,0.1,,,,0.562,Baixo,0.58,48.02,7.16,,,,,,,,,,9.5,,33.2,88.6,,,,,,,,,
5107305,São José do Rio Claro,resto_mt,Demais MT,FALSE,2001,13014,-1.12,-1.15,31.2,6.7,61.8,0.1,,,,,,,,,,,,,,,,,,13.3,,36.2,94,,,,,,,,,
5107305,São José do Rio Claro,resto_mt,Demais MT,FALSE,2002,13222,-1.12,-1.15,31.2,6.7,61.8,0.1,,,,,,,,,,,,,,,,,,6.2,9.6,39.1,93.5,,,,,,,,,
5107305,São José do Rio Claro,resto_mt,Demais MT,FALSE,2003,13446,-1.12,-1.15,31.2,6.7,61.8,0.1,,,,,,,,,,,,,,,,,,21.1,13.2,46.8,89.1,,,,,,,,,
5107305,São José do Rio Claro,resto_mt,Demais MT,FALSE,2004,13916,-1.12,-1.15,31.2,6.7,61.8,0.1,,,,,,,,,,,,,,,,,,9.9,12.1,45.5,48.2,,,,,,,,,
5107305,São José do Rio Claro,resto_mt,Demais MT,FALSE,2005,14176,-1.12,-1.15,31.2,6.7,61.8,0.1,,,,,,,,,3.8,3.2,81.7,75.9,,,,,,21.1,17.2,45.8,62.2,,,,,,,,,
5107305,São José do Rio Claro,resto_mt,Demais MT,FALSE,2006,14434,-1.12,-1.15,31.2,6.7,61.8,0.1,,,,,,,,,,,,,,,,,,23.3,17.5,42.8,74.9,,,,,,,,,
5107305,São José do Rio Claro,resto_mt,Demais MT,FALSE,2007,17345,-1.12,-1.15,31.2,6.7,61.8,0.1,,,,,,,,,4.5,3.4,94.8,82.6,12,58.3,,12.2,1.6,19.5,21.2,45.5,84,,,,,,,,,
5107305,São José do Rio Claro,resto_mt,Demais MT,FALSE,2008,18102,-1.12,-1.15,31.2,6.7,61.8,0.1,,,,,,,,,,,,,12,66.7,,8.9,0.6,28.4,23.9,40.4,95,,,,,,,,,
5107305,São José do Rio Claro,resto_mt,Demais MT,FALSE,2009,18637,-1.12,-1.15,31.2,6.7,61.8,0.1,,,,,,,,,5.1,4.2,98.8,89.5,11,72.7,61.5,6.9,0.4,15.3,21.2,40.8,97.3,,,,,,,,,
5107305,São José do Rio Claro,resto_mt,Demais MT,FALSE,2010,17124,-1.12,-1.15,31.2,6.7,61.8,0.1,,,,0.682,Médio,0.48,28.4,3.85,,,,,11,72.7,67.9,4.1,0.4,20.7,21.7,36.1,97.1,14,2,9,2,25,1.46,8.18,,
5107305,São José do Rio Claro,resto_mt,Demais MT,FALSE,2011,17461,-1.12,-1.15,31.2,6.7,61.8,0.1,,,,,,,,,5.5,4.4,99,94.5,15,81.8,78.7,1.2,0.1,12.5,16.2,43.3,73.8,,,,,,,,,
5107305,São José do Rio Claro,resto_mt,Demais MT,FALSE,2012,17786,-1.12,-1.15,31.2,6.7,61.8,0.1,,,,,,,,,,,,,16,75,70.9,0.7,0,17.2,16.8,50.2,68.7,,,,,,,,,
5107305,São José do Rio Claro,resto_mt,Demais MT,FALSE,2013,18339,-1.12,-1.15,31.2,6.7,61.8,0.1,6.25,,202.47,,,,,,5.5,4.6,100,98,17,84.6,63.5,0.5,0,10.7,13.3,55.7,69.6,,,,,,,,,
5107305,São José do Rio Claro,resto_mt,Demais MT,FALSE,2014,18701,-1.12,-1.15,31.2,6.7,61.8,0.1,6.17,,198.44,,,,,,,,,,17,84.6,69.5,0.2,0.1,3.4,9.9,61,72.9,,,,,,,,,
5107305,São José do Rio Claro,resto_mt,Demais MT,FALSE,2015,19052,-1.12,-1.15,31.2,6.7,61.8,0.1,5.77,,165.69,,,,,,6.2,4.7,99.8,95.3,17,84.6,77.4,0.9,0.2,13.7,9.3,53.6,72.5,19,2,10,1,22,1.15,9.97,,
5107305,São José do Rio Claro,resto_mt,Demais MT,FALSE,2016,19395,-1.12,-1.15,31.2,6.7,61.8,0.1,5.35,,137.93,,,,,,,,,,17,92.3,77.3,1.2,0,7.3,8.2,56,75.1,,,,,,,,,
5107305,São José do Rio Claro,resto_mt,Demais MT,FALSE,2017,19728,-1.12,-1.15,31.2,6.7,61.8,0.1,4.69,,116.77,,,,,,6.2,5,100,94.4,17,76.9,83.3,1.6,0,11,10.8,63,79.9,,,,,,,,,
5107305,São José do Rio Claro,resto_mt,Demais MT,FALSE,2018,20312,-1.12,-1.15,31.2,6.7,61.8,0.1,4.97,,123.54,,,,,,,,,,17,76.9,83.1,1.9,0,11.6,10,57.4,83.7,,,,,,,,,
5107305,São José do Rio Claro,resto_mt,Demais MT,FALSE,2019,20664,-1.12,-1.15,31.2,6.7,61.8,0.1,4.65,2.26,479.94,,,,,,6.3,4.7,99.8,89.1,17,100,80.8,1.5,0.1,16.5,13.2,50.2,85.5,,,,,,,,,
5107305,São José do Rio Claro,resto_mt,Demais MT,FALSE,2020,21011,-1.12,-1.15,31.2,6.7,61.8,0.1,4.72,2.26,474.11,,,,,,,,,,17,100,83.3,1.8,,31.5,19.6,51.2,78.7,31,1,14,1,12,0.57,14.75,4034,19.2
5107305,São José do Rio Claro,resto_mt,Demais MT,FALSE,2021,21351,-1.12,-1.15,31.2,6.7,61.8,0.1,4.79,2.2,453.16,,,,,,,5,,98.7,17,100,,1.4,0,24.2,23.6,52,90.3,,,,,,,,,
5107305,São José do Rio Claro,resto_mt,Demais MT,FALSE,2022,14911,-1.12,-1.15,31.2,6.7,61.8,0.1,9.14,3.06,836.19,,,,,,,,,,13,100,,0.7,0,4.3,20.5,53.2,86.1,,,,,,,,,
5107305,São José do Rio Claro,resto_mt,Demais MT,FALSE,2023,14911,-1.12,-1.15,31.2,6.7,61.8,0.1,10.12,3.27,1324.35,,,,,,,5,,99.8,13,100,,,,,,,,31,2,12,1,12,0.8,20.79,4817,32.3
5107305,São José do Rio Claro,resto_mt,Demais MT,FALSE,2024,14662,-1.12,-1.15,31.2,6.7,61.8,0.1,10.22,3.62,1413.49,,,,,,,,,,13,100,,,,,,,,,,,,,,,,
5107305,São José do Rio Claro,resto_mt,Demais MT,FALSE,2025,14455,-1.12,-1.15,31.2,6.7,61.8,0.1,,,,,,,,,,,,,,,,,,,,,,,,,,,,,,
5107354,São José do Xingu,resto_mt,Demais MT,FALSE,2000,5944,1.16,1.08,20.6,8.9,61.7,8.7,,,,0.497,Muito Baixo,0.56,55.67,16.68,,,,,,,,,,28.6,,33.3,41.9,,,,,,,,,
5107354,São José do Xingu,resto_mt,Demais MT,FALSE,2001,5232,1.16,1.08,20.6,8.9,61.7,8.7,,,,,,,,,,,,,,,,,,29.1,,31.1,37.9,,,,,,,,,
5107354,São José do Xingu,resto_mt,Demais MT,FALSE,2002,5500,1.16,1.08,20.6,8.9,61.7,8.7,,,,,,,,,,,,,,,,,,33.9,30.7,24.6,34.7,,,,,,,,,
5107354,São José do Xingu,resto_mt,Demais MT,FALSE,2003,5776,1.16,1.08,20.6,8.9,61.7,8.7,,,,,,,,,,,,,,,,,,30.9,31.4,46.4,27.8,,,,,,,,,
5107354,São José do Xingu,resto_mt,Demais MT,FALSE,2004,6356,1.16,1.08,20.6,8.9,61.7,8.7,,,,,,,,,,,,,,,,,,23.6,29.2,33.1,23.6,,,,,,,,,
5107354,São José do Xingu,resto_mt,Demais MT,FALSE,2005,6678,1.16,1.08,20.6,8.9,61.7,8.7,,,,,,,,,3.1,3.1,67.9,67,,,,,,25.2,26.2,40.3,33.6,,,,,,,,,
5107354,São José do Xingu,resto_mt,Demais MT,FALSE,2006,6997,1.16,1.08,20.6,8.9,61.7,8.7,,,,,,,,,,,,,,,,,,11.2,20.9,53.4,46.1,,,,,,,,,
5107354,São José do Xingu,resto_mt,Demais MT,FALSE,2007,4198,1.16,1.08,20.6,8.9,61.7,8.7,,,,,,,,,3.3,3.8,74.2,85.2,5,40,,30.6,5.2,39,24.6,54.5,41.6,,,,,,,,,
5107354,São José do Xingu,resto_mt,Demais MT,FALSE,2008,4285,1.16,1.08,20.6,8.9,61.7,8.7,,,,,,,,,,,,,5,40,,23.5,4.7,0,15.5,42.4,51.1,,,,,,,,,
5107354,São José do Xingu,resto_mt,Demais MT,FALSE,2009,4218,1.16,1.08,20.6,8.9,61.7,8.7,,,,,,,,,4.4,4.1,91.4,81.6,5,60,26.4,30.7,3.8,18.5,18.1,39.8,46.3,,,,,,,,,
5107354,São José do Xingu,resto_mt,Demais MT,FALSE,2010,5240,1.16,1.08,20.6,8.9,61.7,8.7,,,,0.657,Médio,0.62,41.18,6.66,,,,,5,40,53.2,21,3,0,6.7,51.5,44.3,6,1,3,1,14,2.67,11.45,,
5107354,São José do Xingu,resto_mt,Demais MT,FALSE,2011,5266,1.16,1.08,20.6,8.9,61.7,8.7,,,,,,,,,4,3.6,92.7,87,6,66.7,56.7,22.5,1.8,21.7,13.5,47.8,52.2,,,,,,,,,
5107354,São José do Xingu,resto_mt,Demais MT,FALSE,2012,5291,1.16,1.08,20.6,8.9,61.7,8.7,,,,,,,,,,,,,6,66.7,76.9,15.8,1.8,13.5,11.4,48.6,59.5,,,,,,,,,
5107354,São José do Xingu,resto_mt,Demais MT,FALSE,2013,5333,1.16,1.08,20.6,8.9,61.7,8.7,9.94,,352.47,,,,,,4.7,4,99.6,98.8,6,66.7,77.8,5.5,0.4,0,12.6,45.2,54.8,,,,,,,,,
5107354,São José do Xingu,resto_mt,Demais MT,FALSE,2014,5354,1.16,1.08,20.6,8.9,61.7,8.7,9.82,,365.67,,,,,,,,,,6,83.3,65.9,1.2,0.7,10.4,8.2,51,54.2,,,,,,,,,
5107354,São José do Xingu,resto_mt,Demais MT,FALSE,2015,5375,1.16,1.08,20.6,8.9,61.7,8.7,9.6,,344.35,,,,,,4.7,4.2,99.2,95.4,6,83.3,69,2.5,0.8,9.9,7.4,52.5,66.3,7,0,3,0,0,0,13.02,,
5107354,São José do Xingu,resto_mt,Demais MT,FALSE,2016,5396,1.16,1.08,20.6,8.9,61.7,8.7,8.86,,314.63,,,,,,,,,,7,71.4,68.9,4.9,0.1,0,6.6,50.9,56.5,,,,,,,,,
5107354,São José do Xingu,resto_mt,Demais MT,FALSE,2017,5416,1.16,1.08,20.6,8.9,61.7,8.7,8.01,,304.38,,,,,,5.6,4.3,98.4,97.4,7,42.9,70,6.1,0,0,3.5,53.2,68.8,,,,,,,,,
5107354,São José do Xingu,resto_mt,Demais MT,FALSE,2018,5569,1.16,1.08,20.6,8.9,61.7,8.7,8.83,,341.43,,,,,,,,,,7,85.7,71.3,5.1,0,18.3,6.8,56.9,67.9,,,,,,,,,
5107354,São José do Xingu,resto_mt,Demais MT,FALSE,2019,5595,1.16,1.08,20.6,8.9,61.7,8.7,8.79,1.95,663.29,,,,,,5,3.4,99.4,89.3,7,71.4,72,6.8,0,32.6,18,46.7,70.7,,,,,,,,,
5107354,São José do Xingu,resto_mt,Demais MT,FALSE,2020,5620,1.16,1.08,20.6,8.9,61.7,8.7,8.84,2.05,660.14,,,,,,,,,,7,85.7,76.6,6.1,,16,21.5,64.8,71.2,9,0,4,0,0,0,16.01,485,8.6
5107354,São José do Xingu,resto_mt,Demais MT,FALSE,2021,5646,1.16,1.08,20.6,8.9,61.7,8.7,9.17,1.98,652.96,,,,,,5,,98.2,95,7,85.7,,6.5,0,24.2,23.5,59.7,59.7,,,,,,,,,
5107354,São José do Xingu,resto_mt,Demais MT,FALSE,2022,5964,1.16,1.08,20.6,8.9,61.7,8.7,13.26,1.93,912.15,,,,,,,,,,7,85.7,,7,0,23.8,21.3,58.7,61.9,,,,,,,,,
5107354,São José do Xingu,resto_mt,Demais MT,FALSE,2023,5964,1.16,1.08,20.6,8.9,61.7,8.7,15.16,2.08,1662.85,,,,,,4.5,4.5,97.3,99.5,7,100,,,,,,,,10,2,3,0,0,0,16.77,693,11.6
5107354,São José do Xingu,resto_mt,Demais MT,FALSE,2024,6168,1.16,1.08,20.6,8.9,61.7,8.7,14.38,2.06,1656.42,,,,,,,,,,7,100,,,,,,,,,,,,,,,,
5107354,São José do Xingu,resto_mt,Demais MT,FALSE,2025,6234,1.16,1.08,20.6,8.9,61.7,8.7,,,,,,,,,,,,,,,,,,,,,,,,,,,,,,
5107404,São Pedro da Cipa,resto_mt,Demais MT,FALSE,2000,3495,0.15,0.07,25.8,13.5,60.5,0.1,,,,0.563,Baixo,0.48,47.99,9.43,,,,,,,,,,15.4,,52.3,3.1,,,,,,,,,
5107404,São Pedro da Cipa,resto_mt,Demais MT,FALSE,2001,3516,0.15,0.07,25.8,13.5,60.5,0.1,,,,,,,,,,,,,,,,,,16.4,,41,78.7,,,,,,,,,
5107404,São Pedro da Cipa,resto_mt,Demais MT,FALSE,2002,3536,0.15,0.07,25.8,13.5,60.5,0.1,,,,,,,,,,,,,,,,,,0,10.8,36.7,23.3,,,,,,,,,
5107404,São Pedro da Cipa,resto_mt,Demais MT,FALSE,2003,3556,0.15,0.07,25.8,13.5,60.5,0.1,,,,,,,,,,,,,,,,,,13.5,10.3,48.6,0,,,,,,,,,
5107404,São Pedro da Cipa,resto_mt,Demais MT,FALSE,2004,3596,0.15,0.07,25.8,13.5,60.5,0.1,,,,,,,,,,,,,,,,,,0,4.8,46.1,10.5,,,,,,,,,
5107404,São Pedro da Cipa,resto_mt,Demais MT,FALSE,2005,3618,0.15,0.07,25.8,13.5,60.5,0.1,,,,,,,,,3.1,2.7,82.1,69.9,,,,,,0,4.3,61.9,3.6,,,,,,,,,
5107404,São Pedro da Cipa,resto_mt,Demais MT,FALSE,2006,3641,0.15,0.07,25.8,13.5,60.5,0.1,,,,,,,,,,,,,,,,,,0,0,74.4,15.4,,,,,,,,,
5107404,São Pedro da Cipa,resto_mt,Demais MT,FALSE,2007,4028,0.15,0.07,25.8,13.5,60.5,0.1,,,,,,,,,3.3,3,93.6,76.4,3,66.7,,17.2,1.5,17.9,4.6,55.4,28.6,,,,,,,,,
5107404,São Pedro da Cipa,resto_mt,Demais MT,FALSE,2008,4175,0.15,0.07,25.8,13.5,60.5,0.1,,,,,,,,,,,,,3,66.7,,12.1,1.2,13.9,9.7,62.5,34.7,,,,,,,,,
5107404,São Pedro da Cipa,resto_mt,Demais MT,FALSE,2009,4241,0.15,0.07,25.8,13.5,60.5,0.1,,,,,,,,,4.5,3.7,97.4,86.9,3,100,80,15.6,1,31.2,20.8,50,42.2,,,,,,,,,
5107404,São Pedro da Cipa,resto_mt,Demais MT,FALSE,2010,4158,0.15,0.07,25.8,13.5,60.5,0.1,,,,0.66,Médio,0.38,27.37,4.14,,,,,3,100,89.1,10.8,0.3,13.7,19.1,68.5,54.8,3,0,2,0,0,0,7.22,,
5107404,São Pedro da Cipa,resto_mt,Demais MT,FALSE,2011,4209,0.15,0.07,25.8,13.5,60.5,0.1,,,,,,,,,4.9,4.1,99.7,97.4,3,100,90.9,5.7,0.3,0,14.6,66.2,47.1,,,,,,,,,
5107404,São Pedro da Cipa,resto_mt,Demais MT,FALSE,2012,4259,0.15,0.07,25.8,13.5,60.5,0.1,,,,,,,,,,,,,3,100,93.8,3.6,0.6,0,4.7,68.6,31.4,,,,,,,,,
5107404,São Pedro da Cipa,resto_mt,Demais MT,FALSE,2013,4341,0.15,0.07,25.8,13.5,60.5,0.1,9.7,,290.11,,,,,,4.6,3.6,99.7,94.5,3,100,85.3,1.7,0.3,0,0,58.6,39.7,,,,,,,,,
5107404,São Pedro da Cipa,resto_mt,Demais MT,FALSE,2014,4393,0.15,0.07,25.8,13.5,60.5,0.1,8.83,,259.52,,,,,,,,,,3,100,74.7,0.5,0,13.3,4.9,72,45.3,,,,,,,,,
5107404,São Pedro da Cipa,resto_mt,Demais MT,FALSE,2015,4444,0.15,0.07,25.8,13.5,60.5,0.1,8.28,,226.13,,,,,,6.1,4.2,99.5,97.5,3,100,77.5,0.3,0.5,12.3,9.3,61.7,46.9,5,0,3,0,0,0,11.25,,
5107404,São Pedro da Cipa,resto_mt,Demais MT,FALSE,2016,4493,0.15,0.07,25.8,13.5,60.5,0.1,7.55,,202.63,,,,,,,,,,3,100,86.9,3.2,0,0,9.3,69.5,71.2,,,,,,,,,
5107404,São Pedro da Cipa,resto_mt,Demais MT,FALSE,2017,4541,0.15,0.07,25.8,13.5,60.5,0.1,8.04,,235.26,,,,,,5.6,3.9,99.4,97.4,3,100,92.1,2,0,13.7,9.4,74,60.3,,,,,,,,,
5107404,São Pedro da Cipa,resto_mt,Demais MT,FALSE,2018,4674,0.15,0.07,25.8,13.5,60.5,0.1,6.31,,174,,,,,,,,,,3,100,90.8,1.2,0,0,4.9,65.8,61.6,,,,,,,,,
5107404,São Pedro da Cipa,resto_mt,Demais MT,FALSE,2019,4727,0.15,0.07,25.8,13.5,60.5,0.1,5.69,0.51,233.78,,,,,,5.5,4.2,100,93.4,3,100,100,1.4,0,0,4.6,73.2,69,,,,,,,,,
5107404,São Pedro da Cipa,resto_mt,Demais MT,FALSE,2020,4771,0.15,0.07,25.8,13.5,60.5,0.1,5.58,0.44,209.67,,,,,,,,,,3,100,100,0.7,,0,0,76.8,66.1,6,0,3,0,0,0,12.58,1452,30.4
5107404,São Pedro da Cipa,resto_mt,Demais MT,FALSE,2021,4823,0.15,0.07,25.8,13.5,60.5,0.1,5.62,0.44,221.94,,,,,,5,4.4,100,97.7,3,100,,1.7,0,36.4,11,74.5,69.1,,,,,,,,,
5107404,São Pedro da Cipa,resto_mt,Demais MT,FALSE,2022,4191,0.15,0.07,25.8,13.5,60.5,0.1,10.33,0.52,498.28,,,,,,,,,,3,100,,5.4,0,0,12.3,64.7,64.7,,,,,,,,,
5107404,São Pedro da Cipa,resto_mt,Demais MT,FALSE,2023,4191,0.15,0.07,25.8,13.5,60.5,0.1,11.12,0.62,968.65,,,,,,6.6,4.4,100,99.2,3,100,,,,,,,,7,0,3,0,0,0,16.7,1531,36.5
5107404,São Pedro da Cipa,resto_mt,Demais MT,FALSE,2024,4247,0.15,0.07,25.8,13.5,60.5,0.1,10.31,0.85,983.31,,,,,,,,,,3,100,,,,,,,,,,,,,,,,
5107404,São Pedro da Cipa,resto_mt,Demais MT,FALSE,2025,4250,0.15,0.07,25.8,13.5,60.5,0.1,,,,,,,,,,,,,,,,,,,,,,,,,,,,,,
5107578,Rondolândia,resto_mt,Demais MT,FALSE,2001,3352,-0.16,-0.23,20.7,6.6,43.9,28.8,,,,,,,,,,,,,,,,,,,,,,,,,,,,,,
5107578,Rondolândia,resto_mt,Demais MT,FALSE,2002,3500,-0.16,-0.23,20.7,6.6,43.9,28.8,,,,,,,,,,,,,,,,,,,,,,,,,,,,,,
5107578,Rondolândia,resto_mt,Demais MT,FALSE,2003,3657,-0.16,-0.23,20.7,6.6,43.9,28.8,,,,,,,,,,,,,,,,,,,,0,100,,,,,,,,,
5107578,Rondolândia,resto_mt,Demais MT,FALSE,2004,3985,-0.16,-0.23,20.7,6.6,43.9,28.8,,,,,,,,,,,,,,,,,,,,0,50,,,,,,,,,
5107578,Rondolândia,resto_mt,Demais MT,FALSE,2005,4166,-0.16,-0.23,20.7,6.6,43.9,28.8,,,,,,,,,,,,,,,,,,,,0,100,,,,,,,,,
5107578,Rondolândia,resto_mt,Demais MT,FALSE,2006,4347,-0.16,-0.23,20.7,6.6,43.9,28.8,,,,,,,,,,,,,,,,,,0,43.5,43.9,26.8,,,,,,,,,
5107578,Rondolândia,resto_mt,Demais MT,FALSE,2007,3348,-0.16,-0.23,20.7,6.6,43.9,28.8,,,,,,,,,2.5,3,64.7,71.4,11,0,,32.2,7.3,0,12,43.9,30,,,,,,,,,
5107578,Rondolândia,resto_mt,Demais MT,FALSE,2008,3457,-0.16,-0.23,20.7,6.6,43.9,28.8,,,,,,,,,,,,,11,0,,18.2,3.5,0,0,59.6,30.4,,,,,,,,,
5107578,Rondolândia,resto_mt,Demais MT,FALSE,2009,3484,-0.16,-0.23,20.7,6.6,43.9,28.8,,,,,,,,,3.7,2.8,73.8,76,12,25,28.3,29,2.8,0,0,46.5,41.9,,,,,,,,,
5107578,Rondolândia,resto_mt,Demais MT,FALSE,2010,3604,-0.16,-0.23,20.7,6.6,43.9,28.8,,,,0.64,Médio,0.52,56.03,13.96,,,,,10,30,35.2,22.6,0.7,,0,32.1,39.3,1,0,1,0,0,0,2.77,,
5107578,Rondolândia,resto_mt,Demais MT,FALSE,2011,3638,-0.16,-0.23,20.7,6.6,43.9,28.8,,,,,,,,,3.7,4.1,85.5,94.7,14,27.3,47.2,33.1,1.3,,0,37.5,58.3,,,,,,,,,
5107578,Rondolândia,resto_mt,Demais MT,FALSE,2012,3671,-0.16,-0.23,20.7,6.6,43.9,28.8,,,,,,,,,,,,,19,25,45.9,30.8,0,0,0,58.3,64.9,,,,,,,,,
5107578,Rondolândia,resto_mt,Demais MT,FALSE,2013,3726,-0.16,-0.23,20.7,6.6,43.9,28.8,10.47,,347.66,,,,,,4.8,4.9,99.2,96.8,19,63.6,50.7,27.2,0.8,0,0,54.3,65.7,,,,,,,,,
5107578,Rondolândia,resto_mt,Demais MT,FALSE,2014,3759,-0.16,-0.23,20.7,6.6,43.9,28.8,11.12,,353.61,,,,,,,,,,19,63.6,57.4,20,3.7,28.6,9.3,57.1,65.7,,,,,,,,,
5107578,Rondolândia,resto_mt,Demais MT,FALSE,2015,3792,-0.16,-0.23,20.7,6.6,43.9,28.8,10.39,,293.35,,,,,,5.2,4,95.8,92.6,19,63.6,45.8,17.3,4.2,,10.1,58.6,86.2,5,0,1,0,0,0,13.19,,
5107578,Rondolândia,resto_mt,Demais MT,FALSE,2016,3823,-0.16,-0.23,20.7,6.6,43.9,28.8,9.18,,225.19,,,,,,,,,,20,66.7,45.5,10.2,5.5,0,8.8,63.3,73.5,,,,,,,,,
5107578,Rondolândia,resto_mt,Demais MT,FALSE,2017,3854,-0.16,-0.23,20.7,6.6,43.9,28.8,8.23,,204.02,,,,,,5.8,4.2,97.1,88.7,20,50,53,5.9,2.9,0,0,53.1,72.7,,,,,,,,,
5107578,Rondolândia,resto_mt,Demais MT,FALSE,2018,3966,-0.16,-0.23,20.7,6.6,43.9,28.8,6.4,,157.09,,,,,,,,,,20,41.7,46.6,9.8,3.3,,0,75,75,,,,,,,,,
5107578,Rondolândia,resto_mt,Demais MT,FALSE,2019,4001,-0.16,-0.23,20.7,6.6,43.9,28.8,5.57,0.4,198.34,,,,,,,,97.1,90.7,20,41.7,49.5,9.1,2.9,,0,84,76,,,,,,,,,
5107578,Rondolândia,resto_mt,Demais MT,FALSE,2020,4036,-0.16,-0.23,20.7,6.6,43.9,28.8,5.72,0.55,223.42,,,,,,,,,,20,33.3,61,5.4,,0,0,71.4,94.3,9,0,4,0,0,0,22.3,66,1.6
5107578,Rondolândia,resto_mt,Demais MT,FALSE,2021,4069,-0.16,-0.23,20.7,6.6,43.9,28.8,5.75,0.59,233.41,,,,,,4.4,,100,97.3,20,33.3,,4.8,0,,0,,,,,,,,,,,
5107578,Rondolândia,resto_mt,Demais MT,FALSE,2022,3505,-0.16,-0.23,20.7,6.6,43.9,28.8,7.22,0.77,411.38,,,,,,,,,,20,33.3,,5.1,0,,54.1,0,50,,,,,,,,,
5107578,Rondolândia,resto_mt,Demais MT,FALSE,2023,3505,-0.16,-0.23,20.7,6.6,43.9,28.8,8.84,0.91,882.74,,,,,,5.3,5.1,98.5,97.7,20,63.6,,,,,,,,11,0,4,0,0,0,31.38,30,0.9
5107578,Rondolândia,resto_mt,Demais MT,FALSE,2024,3527,-0.16,-0.23,20.7,6.6,43.9,28.8,7.06,1.39,876.23,,,,,,,,,,12,100,,,,,,,,,,,,,,,,
5107578,Rondolândia,resto_mt,Demais MT,FALSE,2025,3518,-0.16,-0.23,20.7,6.6,43.9,28.8,,,,,,,,,,,,,,,,,,,,,,,,,,,,,,
5107602,Rondonópolis,pantanal_norte,Pantanal-13,TRUE,2000,150227,2.02,1.9,35.5,10,53.9,0.4,,,,0.638,Médio,0.58,42.72,4.47,,,,,,,,,,21,,48.6,64.7,,,,,,,,,
5107602,Rondonópolis,pantanal_norte,Pantanal-13,TRUE,2001,153281,2.02,1.9,35.5,10,53.9,0.4,,,,,,,,,,,,,,,,,,17.6,,43.1,65.6,,,,,,,,,
5107602,Rondonópolis,pantanal_norte,Pantanal-13,TRUE,2002,155803,2.02,1.9,35.5,10,53.9,0.4,,,,,,,,,,,,,,,,,,19.8,19.4,48.9,52.8,,,,,,,,,
5107602,Rondonópolis,pantanal_norte,Pantanal-13,TRUE,2003,158391,2.02,1.9,35.5,10,53.9,0.4,,,,,,,,,,,,,,,,,,15.5,17.6,51.8,53.5,,,,,,,,,
5107602,Rondonópolis,pantanal_norte,Pantanal-13,TRUE,2004,163824,2.02,1.9,35.5,10,53.9,0.4,,,,,,,,,,,,,,,,,,16.1,17.1,52.1,61.4,,,,,,,,,
5107602,Rondonópolis,pantanal_norte,Pantanal-13,TRUE,2005,166830,2.02,1.9,35.5,10,53.9,0.4,,,,,,,,,4.2,3.1,89.7,70.6,,,,,,12.3,14.5,50.8,70.2,,,,,,,,,
5107602,Rondonópolis,pantanal_norte,Pantanal-13,TRUE,2006,169814,2.02,1.9,35.5,10,53.9,0.4,,,,,,,,,,,,,,,,,,11.3,13.2,52.8,64,,,,,,,,,
5107602,Rondonópolis,pantanal_norte,Pantanal-13,TRUE,2007,172783,2.02,1.9,35.5,10,53.9,0.4,,,,,,,,,4.5,3.8,96.2,84,101,56.4,,12,2.2,8.8,10.8,52.4,66,,,,,,,,,
5107602,Rondonópolis,pantanal_norte,Pantanal-13,TRUE,2008,179094,2.02,1.9,35.5,10,53.9,0.4,,,,,,,,,,,,,108,74.8,,10.7,2,9.8,10,56.1,71.9,,,,,,,,,
5107602,Rondonópolis,pantanal_norte,Pantanal-13,TRUE,2009,181902,2.02,1.9,35.5,10,53.9,0.4,,,,,,,,,5.2,4.5,98.5,93.2,113,85,80.4,7.2,0.8,13.9,10.8,59.5,73,,,,,,,,,
5107602,Rondonópolis,pantanal_norte,Pantanal-13,TRUE,2010,195476,2.02,1.9,35.5,10,53.9,0.4,,,,0.755,Alto,0.52,18.98,1.35,,,,,117,82.9,79,5.5,0.5,13.6,12.4,62.7,71.2,340,7,61,5,268,1.37,17.39,,
5107602,Rondonópolis,pantanal_norte,Pantanal-13,TRUE,2011,198950,2.02,1.9,35.5,10,53.9,0.4,,,,,,,,,5.4,4.6,99,96.7,121,84.9,81.1,4.1,0.4,12,13.1,62.4,68.9,,,,,,,,,
5107602,Rondonópolis,pantanal_norte,Pantanal-13,TRUE,2012,202309,2.02,1.9,35.5,10,53.9,0.4,,,,,,,,,,,,,131,85.4,83,3.1,0.3,9.8,11.8,62.5,67.4,,,,,,,,,
5107602,Rondonópolis,pantanal_norte,Pantanal-13,TRUE,2013,208019,2.02,1.9,35.5,10,53.9,0.4,4.27,,117.24,,,,,,5.4,4.5,99.8,97.3,135,81.7,84.4,2.1,0.1,13,11.6,62.7,65.5,,,,,,,,,
5107602,Rondonópolis,pantanal_norte,Pantanal-13,TRUE,2014,211718,2.02,1.9,35.5,10,53.9,0.4,4.66,,125.47,,,,,,,,,,142,86.5,84.4,1,0.1,10.4,11,60.9,66.5,,,,,,,,,
5107602,Rondonópolis,pantanal_norte,Pantanal-13,TRUE,2015,215320,2.02,1.9,35.5,10,53.9,0.4,4.23,,106.43,,,,,,5.8,4.7,99.9,95.9,142,84.8,82.7,0.7,0.1,7,10,60.5,69.2,466,10,70,4,286,1.33,21.64,,
5107602,Rondonópolis,pantanal_norte,Pantanal-13,TRUE,2016,218899,2.02,1.9,35.5,10,53.9,0.4,3.94,,91.83,,,,,,,,,,148,88.3,82.1,0.8,0,11.3,9.5,58.6,73.5,,,,,,,,,
5107602,Rondonópolis,pantanal_norte,Pantanal-13,TRUE,2017,222316,2.02,1.9,35.5,10,53.9,0.4,3.73,,82,,,,,,6,4.8,99.6,96,148,90.4,80.7,1.3,0.2,11.1,9.7,55.8,73,,,,,,,,,
5107602,Rondonópolis,pantanal_norte,Pantanal-13,TRUE,2018,228857,2.02,1.9,35.5,10,53.9,0.4,3.95,,83.45,,,,,,,,,,145,86.8,84.2,1.5,0,8.4,10.2,53.4,74.2,,,,,,,,,
5107602,Rondonópolis,pantanal_norte,Pantanal-13,TRUE,2019,232491,2.02,1.9,35.5,10,53.9,0.4,4.05,3.05,576.54,,,,,,6,4.7,98.7,92.8,146,89,94.3,2,0,5.7,8.4,50.8,75.8,,,,,,,,,
5107602,Rondonópolis,pantanal_norte,Pantanal-13,TRUE,2020,236042,2.02,1.9,35.5,10,53.9,0.4,4.18,3.03,573.2,,,,,,,,,,154,92.1,90.5,2.7,,9.9,8,53.4,70.5,588,13,121,6,530,2.25,24.91,189673,80.4
5107602,Rondonópolis,pantanal_norte,Pantanal-13,TRUE,2021,239613,2.02,1.9,35.5,10,53.9,0.4,4.18,2.97,544.74,,,,,,5.9,5.1,99.8,98.2,161,96.5,,3.3,0.2,8.7,8.1,54.5,72.2,,,,,,,,,
5107602,Rondonópolis,pantanal_norte,Pantanal-13,TRUE,2022,244911,2.02,1.9,35.5,10,53.9,0.4,5.84,3.09,709.26,,,,,,,,,,170,91.4,,4.1,0.1,9.1,9.2,54.2,77.9,,,,,,,,,
5107602,Rondonópolis,pantanal_norte,Pantanal-13,TRUE,2023,244911,2.02,1.9,35.5,10,53.9,0.4,6.05,3.39,1024.4,,,,,,5.6,4.9,99.6,98.5,179,94.3,,,,,,,,797,12,186,6,530,2.16,32.54,230951,94.3
5107602,Rondonópolis,pantanal_norte,Pantanal-13,TRUE,2024,259167,2.02,1.9,35.5,10,53.9,0.4,5.07,3.51,985.13,,,,,,,,,,189,98.8,,,,,,,,,,,,,,,,
5107602,Rondonópolis,pantanal_norte,Pantanal-13,TRUE,2025,263708,2.02,1.9,35.5,10,53.9,0.4,,,,,,,,,,,,,,,,,,,,,,,,,,,,,,
5107701,Rosário Oeste,resto_mt,Demais MT,FALSE,2000,18755,-1.07,-1.12,21.3,7.5,70.9,0.1,,,,0.534,Baixo,0.57,68.78,18.27,,,,,,,,,,14.8,,26.7,32,,,,,,,,,
5107701,Rosário Oeste,resto_mt,Demais MT,FALSE,2001,18243,-1.07,-1.12,21.3,7.5,70.9,0.1,,,,,,,,,,,,,,,,,,11,,25.6,38.5,,,,,,,,,
5107701,Rosário Oeste,resto_mt,Demais MT,FALSE,2002,18464,-1.07,-1.12,21.3,7.5,70.9,0.1,,,,,,,,,,,,,,,,,,13.5,13.2,28.7,27.4,,,,,,,,,
5107701,Rosário Oeste,resto_mt,Demais MT,FALSE,2003,18330,-1.07,-1.12,21.3,7.5,70.9,0.1,,,,,,,,,,,,,,,,,,13.9,12.8,31.6,39.2,,,,,,,,,
5107701,Rosário Oeste,resto_mt,Demais MT,FALSE,2004,17990,-1.07,-1.12,21.3,7.5,70.9,0.1,,,,,,,,,,,,,,,,,,17.2,14.9,37.6,29,,,,,,,,,
5107701,Rosário Oeste,resto_mt,Demais MT,FALSE,2005,17835,-1.07,-1.12,21.3,7.5,70.9,0.1,,,,,,,,,2.2,2.5,62.7,63.9,,,,,,44.2,24.2,32.5,26.9,,,,,,,,,
5107701,Rosário Oeste,resto_mt,Demais MT,FALSE,2006,17679,-1.07,-1.12,21.3,7.5,70.9,0.1,,,,,,,,,,,,,,,,,,21.4,26.9,37.1,36.8,,,,,,,,,
5107701,Rosário Oeste,resto_mt,Demais MT,FALSE,2007,18031,-1.07,-1.12,21.3,7.5,70.9,0.1,,,,,,,,,4.1,3.6,96,94.5,25,12,,26.8,2.2,9,25.3,42.2,49.1,,,,,,,,,
5107701,Rosário Oeste,resto_mt,Demais MT,FALSE,2008,18531,-1.07,-1.12,21.3,7.5,70.9,0.1,,,,,,,,,,,,,24,25,,18.6,9.1,0,11.6,35.1,42.7,,,,,,,,,
5107701,Rosário Oeste,resto_mt,Demais MT,FALSE,2009,18497,-1.07,-1.12,21.3,7.5,70.9,0.1,,,,,,,,,4,3.7,93.1,93.3,24,25,64.2,18.8,4.5,9.9,6.6,44.6,48,,,,,,,,,
5107701,Rosário Oeste,resto_mt,Demais MT,FALSE,2010,17679,-1.07,-1.12,21.3,7.5,70.9,0.1,,,,0.65,Médio,0.49,42.09,7.75,,,,,20,40,73.1,17,0.7,16.4,8.8,40.4,49.7,10,1,6,1,44,2.49,5.66,,
5107701,Rosário Oeste,resto_mt,Demais MT,FALSE,2011,17601,-1.07,-1.12,21.3,7.5,70.9,0.1,,,,,,,,,3.9,3.5,93.5,89.3,38,45,80.3,16,2,51,24,49,63.5,,,,,,,,,
5107701,Rosário Oeste,resto_mt,Demais MT,FALSE,2012,17526,-1.07,-1.12,21.3,7.5,70.9,0.1,,,,,,,,,,,,,38,50,84.1,12.7,2.1,12.7,26.2,52.2,67.5,,,,,,,,,
5107701,Rosário Oeste,resto_mt,Demais MT,FALSE,2013,17393,-1.07,-1.12,21.3,7.5,70.9,0.1,10.68,,438.82,,,,,,3.9,3.6,94.5,92.5,39,47.6,89.2,10.3,2,10.6,23.9,61.7,67.6,,,,,,,,,
5107701,Rosário Oeste,resto_mt,Demais MT,FALSE,2014,17275,-1.07,-1.12,21.3,7.5,70.9,0.1,11.33,,501.71,,,,,,,,,,36,55.6,90.9,7.2,2.3,10.6,11.2,63,69.8,,,,,,,,,
5107701,Rosário Oeste,resto_mt,Demais MT,FALSE,2015,17161,-1.07,-1.12,21.3,7.5,70.9,0.1,11.26,,460.23,,,,,,4.6,3.8,94.6,93.1,40,50,89,5,2,10.8,10.7,59.7,75.8,12,1,8,1,44,2.56,6.99,,
5107701,Rosário Oeste,resto_mt,Demais MT,FALSE,2016,17016,-1.07,-1.12,21.3,7.5,70.9,0.1,11.71,,429.5,,,,,,,,,,39,52.4,91,4.5,2.3,29.9,16.6,59,56.9,,,,,,,,,
5107701,Rosário Oeste,resto_mt,Demais MT,FALSE,2017,16908,-1.07,-1.12,21.3,7.5,70.9,0.1,11.63,,412.5,,,,,,4.4,3.7,95.3,93.9,40,57.1,91.2,5.3,2.5,0,13,48.9,78.3,,,,,,,,,
5107701,Rosário Oeste,resto_mt,Demais MT,FALSE,2018,17237,-1.07,-1.12,21.3,7.5,70.9,0.1,11.39,,380.83,,,,,,,,,,40,76.2,91.8,5.1,1.4,18.4,15.6,50.3,78.5,,,,,,,,,
5107701,Rosário Oeste,resto_mt,Demais MT,FALSE,2019,17151,-1.07,-1.12,21.3,7.5,70.9,0.1,10.83,4,985.88,,,,,,4.8,4.1,97.1,94.8,39,83.3,88.9,5.4,0.3,10.2,9.2,54.6,79.2,,,,,,,,,
5107701,Rosário Oeste,resto_mt,Demais MT,FALSE,2020,17054,-1.07,-1.12,21.3,7.5,70.9,0.1,10.84,4.01,963.27,,,,,,,,,,21,88.9,92.7,4.2,,6.1,11.5,45.1,79.3,18,1,9,1,44,2.58,10.55,3046,17.9
5107701,Rosário Oeste,resto_mt,Demais MT,FALSE,2021,16999,-1.07,-1.12,21.3,7.5,70.9,0.1,10.91,3.96,941.28,,,,,,4.9,4,98.3,97.8,21,88.2,,3.9,1.2,21.6,12.8,54.6,78.9,,,,,,,,,
5107701,Rosário Oeste,resto_mt,Demais MT,FALSE,2022,15453,-1.07,-1.12,21.3,7.5,70.9,0.1,13.81,4.56,1301.82,,,,,,,,,,21,93.8,,3.9,0.6,5.6,11.4,60.7,83.1,,,,,,,,,
5107701,Rosário Oeste,resto_mt,Demais MT,FALSE,2023,15453,-1.07,-1.12,21.3,7.5,70.9,0.1,15.19,4.98,1993.57,,,,,,4.7,4.4,97.9,99.7,19,100,,,,,,,,24,1,11,1,70,4.53,15.53,3650,23.6
5107701,Rosário Oeste,resto_mt,Demais MT,FALSE,2024,15236,-1.07,-1.12,21.3,7.5,70.9,0.1,15.54,4.94,2079.83,,,,,,,,,,21,100,,,,,,,,,,,,,,,,
5107701,Rosário Oeste,resto_mt,Demais MT,FALSE,2025,15041,-1.07,-1.12,21.3,7.5,70.9,0.1,,,,,,,,,,,,,,,,,,,,,,,,,,,,,,
5107743,Santa Cruz do Xingu,resto_mt,Demais MT,FALSE,2001,1109,2.87,2.85,30.9,14.8,53.4,0.9,,,,,,,,,,,,,,,,,,,,33.3,33.3,,,,,,,,,
5107743,Santa Cruz do Xingu,resto_mt,Demais MT,FALSE,2002,1166,2.87,2.85,30.9,14.8,53.4,0.9,,,,,,,,,,,,,,,,,,,,25,45,,,,,,,,,
5107743,Santa Cruz do Xingu,resto_mt,Demais MT,FALSE,2003,1225,2.87,2.85,30.9,14.8,53.4,0.9,,,,,,,,,,,,,,,,,,,26.3,22.2,33.3,,,,,,,,,
5107743,Santa Cruz do Xingu,resto_mt,Demais MT,FALSE,2004,1348,2.87,2.85,30.9,14.8,53.4,0.9,,,,,,,,,,,,,,,,,,,17.9,37,25.9,,,,,,,,,
5107743,Santa Cruz do Xingu,resto_mt,Demais MT,FALSE,2005,1416,2.87,2.85,30.9,14.8,53.4,0.9,,,,,,,,,2.1,2.7,47,64.1,,,,,,0,0,23.7,44.7,,,,,,,,,
5107743,Santa Cruz do Xingu,resto_mt,Demais MT,FALSE,2006,1483,2.87,2.85,30.9,14.8,53.4,0.9,,,,,,,,,,,,,,,,,,,0,30.8,57.7,,,,,,,,,
5107743,Santa Cruz do Xingu,resto_mt,Demais MT,FALSE,2007,2116,2.87,2.85,30.9,14.8,53.4,0.9,,,,,,,,,3.5,4.5,90,90.9,4,50,,28.5,2.7,0,0,29,45.2,,,,,,,,,
5107743,Santa Cruz do Xingu,resto_mt,Demais MT,FALSE,2008,2236,2.87,2.85,30.9,14.8,53.4,0.9,,,,,,,,,,,,,4,25,,22.5,1.9,,0,30.8,53.8,,,,,,,,,
5107743,Santa Cruz do Xingu,resto_mt,Demais MT,FALSE,2009,2357,2.87,2.85,30.9,14.8,53.4,0.9,,,,,,,,,4.4,4.7,93.4,92.9,4,50,35.1,16.6,3.6,,26,35,75,,,,,,,,,
5107743,Santa Cruz do Xingu,resto_mt,Demais MT,FALSE,2010,1900,2.87,2.85,30.9,14.8,53.4,0.9,,,,0.684,Médio,0.55,34.18,7.89,,,,,4,75,43.9,22.2,3,,29.4,36.4,59.1,2,0,2,0,0,0,10.53,,
5107743,Santa Cruz do Xingu,resto_mt,Demais MT,FALSE,2011,1967,2.87,2.85,30.9,14.8,53.4,0.9,,,,,,,,,3.4,4.2,91.4,86.9,4,75,46.8,25,6.1,,32.8,36.8,47.4,,,,,,,,,
5107743,Santa Cruz do Xingu,resto_mt,Demais MT,FALSE,2012,2031,2.87,2.85,30.9,14.8,53.4,0.9,,,,,,,,,,,,,4,100,42.9,14.4,3.5,,15.6,34.8,17.4,,,,,,,,,
5107743,Santa Cruz do Xingu,resto_mt,Demais MT,FALSE,2013,2139,2.87,2.85,30.9,14.8,53.4,0.9,9.21,,343.64,,,,,,5,3.7,97.3,78,4,75,58.2,15.5,1.1,,14.3,39.3,71.4,,,,,,,,,
5107743,Santa Cruz do Xingu,resto_mt,Demais MT,FALSE,2014,2213,2.87,2.85,30.9,14.8,53.4,0.9,9.4,,305.58,,,,,,,,,,4,100,63.8,14.8,8.8,,13.5,43.5,69.6,,,,,,,,,
5107743,Santa Cruz do Xingu,resto_mt,Demais MT,FALSE,2015,2284,2.87,2.85,30.9,14.8,53.4,0.9,8.76,,269.33,,,,,,4.8,3.9,82.7,86.3,4,100,58.9,18.7,0.5,,0,41.4,62.1,5,1,2,0,0,0,21.89,,
5107743,Santa Cruz do Xingu,resto_mt,Demais MT,FALSE,2016,2353,2.87,2.85,30.9,14.8,53.4,0.9,7.44,,224.93,,,,,,,,,,4,100,51.8,20.5,0.5,,0,48.1,46.2,,,,,,,,,
5107743,Santa Cruz do Xingu,resto_mt,Demais MT,FALSE,2017,2421,2.87,2.85,30.9,14.8,53.4,0.9,5.82,,188.92,,,,,,4.8,4.3,89.7,78.8,4,100,56.9,19.3,0.6,,0,68.2,54.5,,,,,,,,,
5107743,Santa Cruz do Xingu,resto_mt,Demais MT,FALSE,2018,2495,2.87,2.85,30.9,14.8,53.4,0.9,5.53,,170.11,,,,,,,,,,4,100,53.7,17.8,4.7,0,0,69.4,77.8,,,,,,,,,
5107743,Santa Cruz do Xingu,resto_mt,Demais MT,FALSE,2019,2564,2.87,2.85,30.9,14.8,53.4,0.9,4.95,0.62,249.26,,,,,,5.1,5.3,88.5,87.6,4,100,58.9,15.5,1.6,0,0,59.5,64.9,,,,,,,,,
5107743,Santa Cruz do Xingu,resto_mt,Demais MT,FALSE,2020,2633,2.87,2.85,30.9,14.8,53.4,0.9,4.71,0.68,242.3,,,,,,,,,,4,100,65.2,17,,0,0,55.9,79.4,6,1,2,0,0,0,22.79,162,6.2
5107743,Santa Cruz do Xingu,resto_mt,Demais MT,FALSE,2021,2700,2.87,2.85,30.9,14.8,53.4,0.9,4.85,0.59,236.65,,,,,,4.8,4.1,92.7,86.5,4,100,,16.5,0.5,0,0,65.7,57.1,,,,,,,,,
5107743,Santa Cruz do Xingu,resto_mt,Demais MT,FALSE,2022,2661,2.87,2.85,30.9,14.8,53.4,0.9,6.8,0.68,380.7,,,,,,,,,,4,100,,16.4,0,0,0,64.9,83.8,,,,,,,,,
5107743,Santa Cruz do Xingu,resto_mt,Demais MT,FALSE,2023,2661,2.87,2.85,30.9,14.8,53.4,0.9,8.46,0.68,835.62,,,,,,5.1,5.2,96.6,98.1,4,100,,,,,,,,8,1,3,2,9,3.38,30.06,263,9.9
5107743,Santa Cruz do Xingu,resto_mt,Demais MT,FALSE,2024,2834,2.87,2.85,30.9,14.8,53.4,0.9,9.7,0.46,926.67,,,,,,,,,,4,100,,,,,,,,,,,,,,,,
5107743,Santa Cruz do Xingu,resto_mt,Demais MT,FALSE,2025,2904,2.87,2.85,30.9,14.8,53.4,0.9,,,,,,,,,,,,,,,,,,,,,,,,,,,,,,
5107750,Salto do Céu,resto_mt,Demais MT,FALSE,2000,4675,-0.44,-0.5,27.3,11,61.6,,,,,0.507,Baixo,0.53,60.78,15.72,,,,,,,,,,27.4,,45.2,13.7,,,,,,,,,
5107750,Salto do Céu,resto_mt,Demais MT,FALSE,2001,5280,-0.44,-0.5,27.3,11,61.6,,,,,,,,,,,,,,,,,,,51.3,,46.2,28.6,,,,,,,,,
5107750,Salto do Céu,resto_mt,Demais MT,FALSE,2002,4100,-0.44,-0.5,27.3,11,61.6,,,,,,,,,,,,,,,,,,,32.3,37.6,35.5,41.9,,,,,,,,,
5107750,Salto do Céu,resto_mt,Demais MT,FALSE,2003,3832,-0.44,-0.5,27.3,11,61.6,,,,,,,,,,,,,,,,,,,18.5,36.1,46.3,81.5,,,,,,,,,
5107750,Salto do Céu,resto_mt,Demais MT,FALSE,2004,3387,-0.44,-0.5,27.3,11,61.6,,,,,,,,,,,,,,,,,,,13.9,21.3,59.7,88.9,,,,,,,,,
5107750,Salto do Céu,resto_mt,Demais MT,FALSE,2005,3079,-0.44,-0.5,27.3,11,61.6,,,,,,,,,,3.4,2.5,82.5,74.3,,,,,,34.5,21.7,44.8,86.2,,,,,,,,,
5107750,Salto do Céu,resto_mt,Demais MT,FALSE,2006,2775,-0.44,-0.5,27.3,11,61.6,,,,,,,,,,,,,,,,,,,0,16.7,30,93.9,,,,,,,,,
5107750,Salto do Céu,resto_mt,Demais MT,FALSE,2007,3650,-0.44,-0.5,27.3,11,61.6,,,,,,,,,,4.5,3.6,93.2,87,3,0,,15.6,2.3,0,12.9,27.7,85.1,,,,,,,,,
5107750,Salto do Céu,resto_mt,Demais MT,FALSE,2008,3698,-0.44,-0.5,27.3,11,61.6,,,,,,,,,,,,,,3,0,,13.7,0.8,39.2,13.5,41.2,88.2,,,,,,,,,
5107750,Salto do Céu,resto_mt,Demais MT,FALSE,2009,3584,-0.44,-0.5,27.3,11,61.6,,,,,,,,,,4.3,3.9,92.8,89,3,66.7,80.4,11,5,0,13.2,47.2,72.2,,,,,,,,,
5107750,Salto do Céu,resto_mt,Demais MT,FALSE,2010,3908,-0.44,-0.5,27.3,11,61.6,,,,,0.666,Médio,0.48,39.96,3.79,,,,,3,100,77.4,9.8,1.6,0,13.9,43.6,69.2,5,1,2,1,6,1.54,12.79,,
5107750,Salto do Céu,resto_mt,Demais MT,FALSE,2011,3842,-0.44,-0.5,27.3,11,61.6,,,,,,,,,,5.6,4.9,99,97,5,100,77.8,7.8,0.7,0,0,43.6,66.7,,,,,,,,,
5107750,Salto do Céu,resto_mt,Demais MT,FALSE,2012,3777,-0.44,-0.5,27.3,11,61.6,,,,,,,,,,,,,,5,100,82,5.5,2.5,0,0,66.7,77.8,,,,,,,,,
5107750,Salto do Céu,resto_mt,Demais MT,FALSE,2013,3666,-0.44,-0.5,27.3,11,61.6,,10.42,,306.11,,,,,,5.3,4.6,99.6,98.6,5,100,86.3,6.2,0,0,0,73.2,82.9,,,,,,,,,
5107750,Salto do Céu,resto_mt,Demais MT,FALSE,2014,3583,-0.44,-0.5,27.3,11,61.6,,9.82,,273.64,,,,,,,,,,5,100,84.6,5.2,0,0,0,55.6,79.6,,,,,,,,,
5107750,Salto do Céu,resto_mt,Demais MT,FALSE,2015,3502,-0.44,-0.5,27.3,11,61.6,,8.85,,227.57,,,,,,5.8,4.9,100,100,5,100,84.5,4.3,0,0,0,64.9,77.2,8,1,4,1,6,1.71,22.84,,
5107750,Salto do Céu,resto_mt,Demais MT,FALSE,2016,3423,-0.44,-0.5,27.3,11,61.6,,7.1,,178.94,,,,,,,,,,5,100,91.5,3,0,18.2,6,45.5,85.5,,,,,,,,,
5107750,Salto do Céu,resto_mt,Demais MT,FALSE,2017,3347,-0.44,-0.5,27.3,11,61.6,,5.71,,143.29,,,,,,5.7,4.9,98.9,99.5,5,100,94.8,1.8,0,0,6.5,73.8,95.2,,,,,,,,,
5107750,Salto do Céu,resto_mt,Demais MT,FALSE,2018,3437,-0.44,-0.5,27.3,11,61.6,,5,,159.69,,,,,,,,,,5,66.7,94.4,1.6,0,0,6.6,63,92.6,,,,,,,,,
5107750,Salto do Céu,resto_mt,Demais MT,FALSE,2019,3365,-0.44,-0.5,27.3,11,61.6,,4.04,3.21,610.03,,,,,,5.8,4.9,99.2,100,5,100,96.4,1.7,0,0,0,69,86.2,,,,,,,,,
5107750,Salto do Céu,resto_mt,Demais MT,FALSE,2020,3295,-0.44,-0.5,27.3,11,61.6,,4.13,3.16,598.29,,,,,,,,,,4,100,96.6,1.6,,17.5,5.9,52.6,93,10,1,2,1,6,1.82,30.35,91,2.8
5107750,Salto do Céu,resto_mt,Demais MT,FALSE,2021,3226,-0.44,-0.5,27.3,11,61.6,,4.46,3.44,626.62,,,,,,5.2,4.5,100,100,3,100,,2,0,23.3,12.7,67.4,88.4,,,,,,,,,
5107750,Salto do Céu,resto_mt,Demais MT,FALSE,2022,3679,-0.44,-0.5,27.3,11,61.6,,4.81,3.15,684.87,,,,,,,,,,3,100,,1.3,0,0,12.5,56.7,85,,,,,,,,,
5107750,Salto do Céu,resto_mt,Demais MT,FALSE,2023,3679,-0.44,-0.5,27.3,11,61.6,,5.49,3.45,1008.72,,,,,,5.7,4.7,100,98.9,3,100,,,,,,,,11,1,5,1,6,1.63,29.9,176,4.8
5107750,Salto do Céu,resto_mt,Demais MT,FALSE,2024,3679,-0.44,-0.5,27.3,11,61.6,,5.52,3.81,1083.38,,,,,,,,,,3,100,,,,,,,,,,,,,,,,
5107750,Salto do Céu,resto_mt,Demais MT,FALSE,2025,3657,-0.44,-0.5,27.3,11,61.6,,,,,,,,,,,,,,,,,,,,,,,,,,,,,,,
5107768,Santa Rita do Trivelato,resto_mt,Demais MT,FALSE,2001,1291,2.36,2.31,34.6,7.4,57.6,0.1,,,,,,,,,,,,,,,,,,,,,,,,,,,,,,
5107768,Santa Rita do Trivelato,resto_mt,Demais MT,FALSE,2002,1350,2.36,2.31,34.6,7.4,57.6,0.1,,,,,,,,,,,,,,,,,,,,44.4,55.6,,,,,,,,,
5107768,Santa Rita do Trivelato,resto_mt,Demais MT,FALSE,2003,1415,2.36,2.31,34.6,7.4,57.6,0.1,,,,,,,,,,,,,,,,,,,0,50,75,,,,,,,,,
5107768,Santa Rita do Trivelato,resto_mt,Demais MT,FALSE,2004,1613,2.36,2.31,34.6,7.4,57.6,0.1,,,,,,,,,,,,,,,,,,0,0,44.7,67.5,,,,,,,,,
5107768,Santa Rita do Trivelato,resto_mt,Demais MT,FALSE,2005,1688,2.36,2.31,34.6,7.4,57.6,0.1,,,,,,,,,2.2,2.1,69.1,49.2,,,,,,33.3,11.6,36.7,53.3,,,,,,,,,
5107768,Santa Rita do Trivelato,resto_mt,Demais MT,FALSE,2006,1763,2.36,2.31,34.6,7.4,57.6,0.1,,,,,,,,,,,,,,,,,,,21.1,48,64,,,,,,,,,
5107768,Santa Rita do Trivelato,resto_mt,Demais MT,FALSE,2007,2478,2.36,2.31,34.6,7.4,57.6,0.1,,,,,,,,,4.8,4.4,93.7,93.3,4,25,,18.6,0.4,,26.7,55,65,,,,,,,,,
5107768,Santa Rita do Trivelato,resto_mt,Demais MT,FALSE,2008,2615,2.36,2.31,34.6,7.4,57.6,0.1,,,,,,,,,,,,,4,75,,14.3,0.9,0,12.5,37.1,82.9,,,,,,,,,
5107768,Santa Rita do Trivelato,resto_mt,Demais MT,FALSE,2009,2751,2.36,2.31,34.6,7.4,57.6,0.1,,,,,,,,,4.4,4.2,92.4,86.8,4,75,74.2,18,0,23.8,10.3,59.5,69,,,,,,,,,
5107768,Santa Rita do Trivelato,resto_mt,Demais MT,FALSE,2010,2491,2.36,2.31,34.6,7.4,57.6,0.1,,,,0.735,Alto,0.5,20.1,2.41,,,,,4,75,63.6,14.9,0,21.7,16.3,30.4,91.3,5,0,3,0,0,0,20.07,,
5107768,Santa Rita do Trivelato,resto_mt,Demais MT,FALSE,2011,2585,2.36,2.31,34.6,7.4,57.6,0.1,,,,,,,,,5.2,3.9,90.8,82.3,4,100,64.7,7,0.9,0,15.9,47.4,92.1,,,,,,,,,
5107768,Santa Rita do Trivelato,resto_mt,Demais MT,FALSE,2012,2676,2.36,2.31,34.6,7.4,57.6,0.1,,,,,,,,,,,,,4,100,78.1,8.1,0,0,7.8,66.7,86.7,,,,,,,,,
5107768,Santa Rita do Trivelato,resto_mt,Demais MT,FALSE,2013,2831,2.36,2.31,34.6,7.4,57.6,0.1,4.42,,147.29,,,,,,6,4.6,99.2,91.8,4,100,78,7.3,0,0,0,37.5,87.5,,,,,,,,,
5107768,Santa Rita do Trivelato,resto_mt,Demais MT,FALSE,2014,2935,2.36,2.31,34.6,7.4,57.6,0.1,4.63,,153.96,,,,,,,,,,4,100,72.3,5.9,0,26.3,8.7,71.1,89.5,,,,,,,,,
5107768,Santa Rita do Trivelato,resto_mt,Demais MT,FALSE,2015,3036,2.36,2.31,34.6,7.4,57.6,0.1,4.64,,143,,,,,,7.2,5.3,99.6,97.4,4,100,59,5,0,58.8,33.1,52.9,80.4,11,0,5,0,0,0,36.23,,
5107768,Santa Rita do Trivelato,resto_mt,Demais MT,FALSE,2016,3135,2.36,2.31,34.6,7.4,57.6,0.1,4.47,,134.63,,,,,,,,,,4,100,58.1,2.8000000000000003,0,0,29.2,54.2,81.2,,,,,,,,,
5107768,Santa Rita do Trivelato,resto_mt,Demais MT,FALSE,2017,3231,2.36,2.31,34.6,7.4,57.6,0.1,4.12,,118.01,,,,,,6.6,4.9,99.6,91.3,4,100,66,3,0,19.2,26.5,59.6,80.8,,,,,,,,,
5107768,Santa Rita do Trivelato,resto_mt,Demais MT,FALSE,2018,3330,2.36,2.31,34.6,7.4,57.6,0.1,3.9,,108.86,,,,,,,,,,4,100,65.5,2.7,0,22.7,13.9,65.9,72.7,,,,,,,,,
5107768,Santa Rita do Trivelato,resto_mt,Demais MT,FALSE,2019,3429,2.36,2.31,34.6,7.4,57.6,0.1,3.15,0.82,221.36,,,,,,6.5,5.1,100,96.7,4,100,78.6,2.4,0,23.3,21.6,67.4,76.7,,,,,,,,,
5107768,Santa Rita do Trivelato,resto_mt,Demais MT,FALSE,2020,3506,2.36,2.31,34.6,7.4,57.6,0.1,3.28,0.8,217.4,,,,,,,,,,4,100,80,3,,23.3,23.1,60.5,51.2,12,0,4,0,0,0,34.23,1766,50.4
5107768,Santa Rita do Trivelato,resto_mt,Demais MT,FALSE,2021,3602,2.36,2.31,34.6,7.4,57.6,0.1,3.47,0.86,232.25,,,,,,6.1,5.5,100,100,4,100,,1.6,0,21.3,22.6,55.3,63.8,,,,,,,,,
5107768,Santa Rita do Trivelato,resto_mt,Demais MT,FALSE,2022,3276,2.36,2.31,34.6,7.4,57.6,0.1,7.63,1.16,498.97,,,,,,,,,,4,100,,0.9,0,0,14.3,70,72,,,,,,,,,
5107768,Santa Rita do Trivelato,resto_mt,Demais MT,FALSE,2023,3276,2.36,2.31,34.6,7.4,57.6,0.1,9.04,1.13,941.47,,,,,,6.2,4.6,100,96.2,4,100,,,,,,,,14,1,4,0,0,0,42.74,2984,91.1
5107768,Santa Rita do Trivelato,resto_mt,Demais MT,FALSE,2024,3463,2.36,2.31,34.6,7.4,57.6,0.1,7.77,1.41,906.24,,,,,,,,,,4,100,,,,,,,,,,,,,,,,
5107768,Santa Rita do Trivelato,resto_mt,Demais MT,FALSE,2025,3536,2.36,2.31,34.6,7.4,57.6,0.1,,,,,,,,,,,,,,,,,,,,,,,,,,,,,,
5107776,Santa Terezinha,resto_mt,Demais MT,FALSE,2000,6270,0.3,0.22,17.5,11,51.8,19.6,,,,0.481,Muito Baixo,0.61,75.51,30.51,,,,,,,,,,40.3,,24.8,81.9,,,,,,,,,
5107776,Santa Terezinha,resto_mt,Demais MT,FALSE,2001,6300,0.3,0.22,17.5,11,51.8,19.6,,,,,,,,,,,,,,,,,,21.6,,15.8,57.6,,,,,,,,,
5107776,Santa Terezinha,resto_mt,Demais MT,FALSE,2002,6409,0.3,0.22,17.5,11,51.8,19.6,,,,,,,,,,,,,,,,,,44.2,34.9,14.2,35.4,,,,,,,,,
5107776,Santa Terezinha,resto_mt,Demais MT,FALSE,2003,6474,0.3,0.22,17.5,11,51.8,19.6,,,,,,,,,,,,,,,,,,21.9,28.3,21.9,21.2,,,,,,,,,
5107776,Santa Terezinha,resto_mt,Demais MT,FALSE,2004,6609,0.3,0.22,17.5,11,51.8,19.6,,,,,,,,,,,,,,,,,,25.8,29.6,22.6,43.9,,,,,,,,,
5107776,Santa Terezinha,resto_mt,Demais MT,FALSE,2005,6684,0.3,0.22,17.5,11,51.8,19.6,,,,,,,,,2.8,2.7,65.7,67.1,,,,,,17.4,22.1,24.3,48.7,,,,,,,,,
5107776,Santa Terezinha,resto_mt,Demais MT,FALSE,2006,6759,0.3,0.22,17.5,11,51.8,19.6,,,,,,,,,,,,,,,,,,14.5,19.6,24.6,47.1,,,,,,,,,
5107776,Santa Terezinha,resto_mt,Demais MT,FALSE,2007,7293,0.3,0.22,17.5,11,51.8,19.6,,,,,,,,,3.3,3.2,80.1,77.2,18,0,,35,11.3,22.9,18.2,19.1,38.9,,,,,,,,,
5107776,Santa Terezinha,resto_mt,Demais MT,FALSE,2008,7564,0.3,0.22,17.5,11,51.8,19.6,,,,,,,,,,,,,15,0,,31.7,8.4,21.4,19.6,26.4,62.9,,,,,,,,,
5107776,Santa Terezinha,resto_mt,Demais MT,FALSE,2009,7690,0.3,0.22,17.5,11,51.8,19.6,,,,,,,,,5,4.6,97.6,96.8,15,21.4,22.6,31.2,0.3,8.5,18,41.5,48.7,,,,,,,,,
5107776,Santa Terezinha,resto_mt,Demais MT,FALSE,2010,7397,0.3,0.22,17.5,11,51.8,19.6,,,,0.609,Médio,0.57,65.64,18.24,,,,,13,30.8,39.8,39.4,4,0,10.6,37.2,75.2,4,1,2,1,9,1.22,5.41,,
5107776,Santa Terezinha,resto_mt,Demais MT,FALSE,2011,7484,0.3,0.22,17.5,11,51.8,19.6,,,,,,,,,3.9,3.4,96,89.3,22,38.5,47.6,22.3,1.3,11.4,6.1,44.3,45.5,,,,,,,,,
5107776,Santa Terezinha,resto_mt,Demais MT,FALSE,2012,7568,0.3,0.22,17.5,11,51.8,19.6,,,,,,,,,,,,,20,46.2,49.3,15.4,1.8,30,12.9,55.6,52,,,,,,,,,
5107776,Santa Terezinha,resto_mt,Demais MT,FALSE,2013,7709,0.3,0.22,17.5,11,51.8,19.6,10.55,,394.96,,,,,,4,4,96.8,95.4,21,46.2,58.6,8.7,3.2,9,16.7,60.4,54.1,,,,,,,,,
5107776,Santa Terezinha,resto_mt,Demais MT,FALSE,2014,7798,0.3,0.22,17.5,11,51.8,19.6,11.49,,412.4,,,,,,,,,,21,53.8,59.7,5.3,4.9,0,12.1,44.2,40.8,,,,,,,,,
5107776,Santa Terezinha,resto_mt,Demais MT,FALSE,2015,7883,0.3,0.22,17.5,11,51.8,19.6,11.54,,376.3,,,,,,4.4,4,97.2,94.1,21,100,73.8,3.6,2.3,9.1,5.9,48.2,32.7,6,1,2,1,11,1.4,7.61,,
5107776,Santa Terezinha,resto_mt,Demais MT,FALSE,2016,7967,0.3,0.22,17.5,11,51.8,19.6,11.48,,359.3,,,,,,,,,,21,92.3,70.1,3.6,2.6,0,2.8,38.9,55.5,,,,,,,,,
5107776,Santa Terezinha,resto_mt,Demais MT,FALSE,2017,8049,0.3,0.22,17.5,11,51.8,19.6,11.44,,371.38,,,,,,5,4.3,98.8,97.3,21,83.3,76.3,4.4,0.9,9.6,5.8,50,50,,,,,,,,,
5107776,Santa Terezinha,resto_mt,Demais MT,FALSE,2018,8281,0.3,0.22,17.5,11,51.8,19.6,10.58,,328.52,,,,,,,,,,21,83.3,81.2,6.1,0.3,22.2,9.3,46.1,63.3,,,,,,,,,
5107776,Santa Terezinha,resto_mt,Demais MT,FALSE,2019,8371,0.3,0.22,17.5,11,51.8,19.6,9.08,2.21,610.57,,,,,,4.9,3.6,96.6,91.7,16,83.3,79.7,4.7,1.2,18,16.4,45.9,44.1,,,,,,,,,
5107776,Santa Terezinha,resto_mt,Demais MT,FALSE,2020,8460,0.3,0.22,17.5,11,51.8,19.6,8.75,2.28,598.9,,,,,,,,,,21,91.7,79.4,6.7,,8.3,15.6,56.7,41.7,8,1,3,1,11,1.3,9.46,417,4.9
5107776,Santa Terezinha,resto_mt,Demais MT,FALSE,2021,8547,0.3,0.22,17.5,11,51.8,19.6,9.16,2.29,605.88,,,,,,4.5,,99.5,97.8,21,91.7,,7.3,0,28,17.8,61.7,43,,,,,,,,,
5107776,Santa Terezinha,resto_mt,Demais MT,FALSE,2022,7596,0.3,0.22,17.5,11,51.8,19.6,11.66,2.53,865,,,,,,,,,,21,100,,9.1,0.7,29.7,21.3,69.3,60.4,,,,,,,,,
5107776,Santa Terezinha,resto_mt,Demais MT,FALSE,2023,7596,0.3,0.22,17.5,11,51.8,19.6,11.11,2.51,1304.87,,,,,,4.9,4.1,98.6,93.3,12,100,,,,,,,,9,1,3,1,11,1.45,11.85,397,5.2
5107776,Santa Terezinha,resto_mt,Demais MT,FALSE,2024,7720,0.3,0.22,17.5,11,51.8,19.6,10.71,2.62,1336.98,,,,,,,,,,22,100,,,,,,,,,,,,,,,,
5107776,Santa Terezinha,resto_mt,Demais MT,FALSE,2025,7737,0.3,0.22,17.5,11,51.8,19.6,,,,,,,,,,,,,,,,,,,,,,,,,,,,,,
5107792,Santo Antônio do Leste,resto_mt,Demais MT,FALSE,2001,1930,0.82,0.74,26.5,5.7,51.6,15.7,,,,,,,,,,,,,,,,,,,,28.6,28.6,,,,,,,,,
5107792,Santo Antônio do Leste,resto_mt,Demais MT,FALSE,2002,1975,0.82,0.74,26.5,5.7,51.6,15.7,,,,,,,,,,,,,,,,,,,,50,50,,,,,,,,,
5107792,Santo Antônio do Leste,resto_mt,Demais MT,FALSE,2003,2020,0.82,0.74,26.5,5.7,51.6,15.7,,,,,,,,,,,,,,,,,,32.3,17.9,41.9,51.6,,,,,,,,,
5107792,Santo Antônio do Leste,resto_mt,Demais MT,FALSE,2004,2113,0.82,0.74,26.5,5.7,51.6,15.7,,,,,,,,,,,,,,,,,,0,10.6,55.6,73.3,,,,,,,,,
5107792,Santo Antônio do Leste,resto_mt,Demais MT,FALSE,2005,2165,0.82,0.74,26.5,5.7,51.6,15.7,,,,,,,,,4.6,3.3,90.3,81,,,,,,0,7.9,43.1,52.9,,,,,,,,,
5107792,Santo Antônio do Leste,resto_mt,Demais MT,FALSE,2006,2216,0.82,0.74,26.5,5.7,51.6,15.7,,,,,,,,,,,,,,,,,,0,0,58.5,85,,,,,,,,,
5107792,Santo Antônio do Leste,resto_mt,Demais MT,FALSE,2007,3249,0.82,0.74,26.5,5.7,51.6,15.7,,,,,,,,,3.4,3.7,74.6,85.5,6,33.3,,26.2,8.8,32.3,8.1,64.5,87.1,,,,,,,,,
5107792,Santo Antônio do Leste,resto_mt,Demais MT,FALSE,2008,3418,0.82,0.74,26.5,5.7,51.6,15.7,,,,,,,,,,,,,6,50,,27.8,8.9,,21.1,39.1,87,,,,,,,,,
5107792,Santo Antônio do Leste,resto_mt,Demais MT,FALSE,2009,3573,0.82,0.74,26.5,5.7,51.6,15.7,,,,,,,,,,4.1,85.9,90.3,5,40,66.7,26.6,3.8,27.8,33.3,38.9,77.8,,,,,,,,,
5107792,Santo Antônio do Leste,resto_mt,Demais MT,FALSE,2010,3754,0.82,0.74,26.5,5.7,51.6,15.7,,,,0.655,Médio,0.47,34.41,14.53,,,,,5,60,76.7,29.2,1.3,31.2,33,50,77.4,4,0,3,0,0,0,10.66,,
5107792,Santo Antônio do Leste,resto_mt,Demais MT,FALSE,2011,3898,0.82,0.74,26.5,5.7,51.6,15.7,,,,,,,,,3.9,3.9,84.4,95.7,7,80,83.7,28.6,2.9,28.6,29.1,37.1,48.6,,,,,,,,,
5107792,Santo Antônio do Leste,resto_mt,Demais MT,FALSE,2012,4038,0.82,0.74,26.5,5.7,51.6,15.7,,,,,,,,,,,,,7,80,68.9,30.3,2.2,44.4,35.7,51.1,51.1,,,,,,,,,
5107792,Santo Antônio do Leste,resto_mt,Demais MT,FALSE,2013,4275,0.82,0.74,26.5,5.7,51.6,15.7,5.15,,206.83,,,,,,5,4,93.7,96.6,7,80,69,28.8,0.5,117.6,61.4,52.9,44.1,,,,,,,,,
5107792,Santo Antônio do Leste,resto_mt,Demais MT,FALSE,2014,4435,0.82,0.74,26.5,5.7,51.6,15.7,4.15,,185.08,,,,,,,,,,7,80,72.3,19.1,0.3,18.9,53,47.2,56.6,,,,,,,,,
5107792,Santo Antônio do Leste,resto_mt,Demais MT,FALSE,2015,4591,0.82,0.74,26.5,5.7,51.6,15.7,4.62,,198.26,,,,,,5.3,4.5,98.2,96.3,7,80,71.1,18.2,0,0,34.5,60.3,60.3,7,0,3,0,0,0,15.25,,
5107792,Santo Antônio do Leste,resto_mt,Demais MT,FALSE,2016,4728,0.82,0.74,26.5,5.7,51.6,15.7,5.14,,217.42,,,,,,,,,,7,80,75,11.2,0.7,22.7,12.9,52.3,38.6,,,,,,,,,
5107792,Santo Antônio do Leste,resto_mt,Demais MT,FALSE,2017,4875,0.82,0.74,26.5,5.7,51.6,15.7,4.92,,217.54,,,,,,5.5,4.8,92.9,92.5,7,80,78,10.1,2.2,53.6,25.3,44.6,60.7,,,,,,,,,
5107792,Santo Antônio do Leste,resto_mt,Demais MT,FALSE,2018,5023,0.82,0.74,26.5,5.7,51.6,15.7,4.98,,213.53,,,,,,,,,,7,80,82.4,9.1,1.5,0,25.5,57.9,52.6,,,,,,,,,
5107792,Santo Antônio do Leste,resto_mt,Demais MT,FALSE,2019,5174,0.82,0.74,26.5,5.7,51.6,15.7,4.5,0.95,343.18,,,,,,5.7,4.1,94.6,90.9,5,80,78.4,10.3,0.9,30.3,27.9,43.9,50,,,,,,,,,
5107792,Santo Antônio do Leste,resto_mt,Demais MT,FALSE,2020,5334,0.82,0.74,26.5,5.7,51.6,15.7,4.89,0.96,350.05,,,,,,,,,,4,100,74,7.3,,0,10.9,56.7,53.3,7,0,3,0,0,0,13.12,633,11.9
5107792,Santo Antônio do Leste,resto_mt,Demais MT,FALSE,2021,5459,0.82,0.74,26.5,5.7,51.6,15.7,5.18,0.73,322.88,,,,,,5.2,4.3,97.5,89,7,100,,7.2,2.5,23.8,19,47.6,59.5,,,,,,,,,
5107792,Santo Antônio do Leste,resto_mt,Demais MT,FALSE,2022,4099,0.82,0.74,26.5,5.7,51.6,15.7,9,0.93,584.69,,,,,,,,,,7,100,,8.4,0.3,0,9.3,45.8,44.4,,,,,,,,,
5107792,Santo Antônio do Leste,resto_mt,Demais MT,FALSE,2023,4099,0.82,0.74,26.5,5.7,51.6,15.7,9.71,0.98,1038.14,,,,,,5.3,3.9,96.8,89.1,5,100,,,,,,,,11,0,7,0,0,0,26.84,581,14.2
5107792,Santo Antônio do Leste,resto_mt,Demais MT,FALSE,2024,4212,0.82,0.74,26.5,5.7,51.6,15.7,9.21,0.9,1010.97,,,,,,,,,,5,100,,,,,,,,,,,,,,,,
5107792,Santo Antônio do Leste,resto_mt,Demais MT,FALSE,2025,4244,0.82,0.74,26.5,5.7,51.6,15.7,,,,,,,,,,,,,,,,,,,,,,,,,,,,,,
5107800,Santo Antônio do Leverger,pantanal_norte,Pantanal-13,TRUE,2000,15435,-0.61,-1.58,20.1,17.4,59.4,2.8,,,,0.534,Baixo,0.62,65.12,18.89,,,,,,,,,,27.8,,41.2,52.3,,,,,,,,,
5107800,Santo Antônio do Leverger,pantanal_norte,Pantanal-13,TRUE,2001,15436,-0.61,-1.58,20.1,17.4,59.4,2.8,,,,,,,,,,,,,,,,,,39.3,,36.5,62.5,,,,,,,,,
5107800,Santo Antônio do Leverger,pantanal_norte,Pantanal-13,TRUE,2002,15445,-0.61,-1.58,20.1,17.4,59.4,2.8,,,,,,,,,,,,,,,,,,17.1,28.1,39.4,49.7,,,,,,,,,
5107800,Santo Antônio do Leverger,pantanal_norte,Pantanal-13,TRUE,2003,15449,-0.61,-1.58,20.1,17.4,59.4,2.8,,,,,,,,,,,,,,,,,,26.3,27.6,53.7,52.1,,,,,,,,,
5107800,Santo Antônio do Leverger,pantanal_norte,Pantanal-13,TRUE,2004,15459,-0.61,-1.58,20.1,17.4,59.4,2.8,,,,,,,,,,,,,,,,,,31.4,25.5,52.5,56.1,,,,,,,,,
5107800,Santo Antônio do Leverger,pantanal_norte,Pantanal-13,TRUE,2005,15464,-0.61,-1.58,20.1,17.4,59.4,2.8,,,,,,,,,3.2,2.7,75.1,66.4,,,,,,28.4,28.8,39.3,38.9,,,,,,,,,
5107800,Santo Antônio do Leverger,pantanal_norte,Pantanal-13,TRUE,2006,15469,-0.61,-1.58,20.1,17.4,59.4,2.8,,,,,,,,,,,,,,,,,,24.9,28.3,41.3,39.8,,,,,,,,,
5107800,Santo Antônio do Leverger,pantanal_norte,Pantanal-13,TRUE,2007,19197,-0.61,-1.58,20.1,17.4,59.4,2.8,,,,,,,,,3.4,3,79,78.1,49,8.2,,33.2,6.1,10.2,21.3,39.6,36.5,,,,,,,,,
5107800,Santo Antônio do Leverger,pantanal_norte,Pantanal-13,TRUE,2008,19964,-0.61,-1.58,20.1,17.4,59.4,2.8,,,,,,,,,,,,,49,8.2,,29.8,7.7,14.8,16.6,42.4,34,,,,,,,,,
5107800,Santo Antônio do Leverger,pantanal_norte,Pantanal-13,TRUE,2009,20412,-0.61,-1.58,20.1,17.4,59.4,2.8,,,,,,,,,3.7,3.8,88.1,90.1,51,25.5,67.7,23.6,8.7,18,14.5,45.5,41.4,,,,,,,,,
5107800,Santo Antônio do Leverger,pantanal_norte,Pantanal-13,TRUE,2010,18463,-0.61,-1.58,20.1,17.4,59.4,2.8,,,,0.656,Médio,0.49,42.34,8.16,,,,,50,24,70.6,18.4,2.3,22.2,18.5,43.1,40.9,19,1,15,1,17,0.92,10.29,,
5107800,Santo Antônio do Leverger,pantanal_norte,Pantanal-13,TRUE,2011,18696,-0.61,-1.58,20.1,17.4,59.4,2.8,,,,,,,,,3.9,3.3,92.8,88.9,53,24,75.9,15.9,4.2,17,19.1,49.8,41.7,,,,,,,,,
5107800,Santo Antônio do Leverger,pantanal_norte,Pantanal-13,TRUE,2012,18921,-0.61,-1.58,20.1,17.4,59.4,2.8,,,,,,,,,,,,,53,24,75.9,13.7,3.5,14.1,17.8,43.2,47.4,,,,,,,,,
5107800,Santo Antônio do Leverger,pantanal_norte,Pantanal-13,TRUE,2013,19302,-0.61,-1.58,20.1,17.4,59.4,2.8,10.34,,313.07,,,,,,4.1,3.8,98.4,95.8,53,26.5,68.5,6.3,1,19.8,16.9,48,59.4,,,,,,,,,
5107800,Santo Antônio do Leverger,pantanal_norte,Pantanal-13,TRUE,2014,19030,-0.61,-1.58,20.1,17.4,59.4,2.8,10.78,,313.94,,,,,,,,,,53,39.4,71.8,3.8,0.9,4.3,12.4,46.3,48.5,,,,,,,,,
5107800,Santo Antônio do Leverger,pantanal_norte,Pantanal-13,TRUE,2015,19257,-0.61,-1.58,20.1,17.4,59.4,2.8,9.81,,262.28,,,,,,4.8,3.9,99.5,94.8,54,41.2,80.4,3.8,0.5,16.9,13.5,50.4,64.4,17,1,10,1,17,0.88,8.83,,
5107800,Santo Antônio do Leverger,pantanal_norte,Pantanal-13,TRUE,2016,18186,-0.61,-1.58,20.1,17.4,59.4,2.8,8.89,,227.16,,,,,,,,,,54,41.2,75.7,3.5,0.4,18.2,13.1,46.8,59.1,,,,,,,,,
5107800,Santo Antônio do Leverger,pantanal_norte,Pantanal-13,TRUE,2017,18392,-0.61,-1.58,20.1,17.4,59.4,2.8,8.22,,212.68,,,,,,5.3,3.7,98.5,95.8,53,30.3,80.8,5.8,0.7,4.1,12.8,51.6,60.6,,,,,,,,,
5107800,Santo Antônio do Leverger,pantanal_norte,Pantanal-13,TRUE,2018,16433,-0.61,-1.58,20.1,17.4,59.4,2.8,9.03,,226.93,,,,,,,,,,53,24.2,81.1,5.2,0.2,24.6,15.5,45.1,65.2,,,,,,,,,
5107800,Santo Antônio do Leverger,pantanal_norte,Pantanal-13,TRUE,2019,16628,-0.61,-1.58,20.1,17.4,59.4,2.8,8.15,1.73,485.4,,,,,,5.3,4,96,91.1,51,36.4,81.5,4.6,0.3,8.9,12.6,47.1,60.9,,,,,,,,,
5107800,Santo Antônio do Leverger,pantanal_norte,Pantanal-13,TRUE,2020,16999,-0.61,-1.58,20.1,17.4,59.4,2.8,8.24,1.67,469.46,,,,,,,,,,52,36.4,85.3,6.4,,13.5,15.9,43.2,57.7,13,1,9,1,17,1,7.65,4293,25.3
5107800,Santo Antônio do Leverger,pantanal_norte,Pantanal-13,TRUE,2021,17188,-0.61,-1.58,20.1,17.4,59.4,2.8,9.22,1.57,476.31,,,,,,4.6,4.3,97.8,96.2,48,33.3,,5.5,1,8.6,10.3,54.9,66.1,,,,,,,,,
5107800,Santo Antônio do Leverger,pantanal_norte,Pantanal-13,TRUE,2022,15246,-0.61,-1.58,20.1,17.4,59.4,2.8,12.99,1.75,802.95,,,,,,,,,,50,47.1,,5.2,0.1,4.3,8.7,44.4,66.8,,,,,,,,,
5107800,Santo Antônio do Leverger,pantanal_norte,Pantanal-13,TRUE,2023,15246,-0.61,-1.58,20.1,17.4,59.4,2.8,13.97,1.89,1429.26,,,,,,5.3,4.5,99.4,98.6,50,79.4,,,,,,,,15,1,8,1,17,1.12,9.84,5066,33.2
5107800,Santo Antônio do Leverger,pantanal_norte,Pantanal-13,TRUE,2024,16795,-0.61,-1.58,20.1,17.4,59.4,2.8,13.35,2.01,1431.61,,,,,,,,,,50,81.8,,,,,,,,,,,,,,,,
5107800,Santo Antônio do Leverger,pantanal_norte,Pantanal-13,TRUE,2025,16839,-0.61,-1.58,20.1,17.4,59.4,2.8,,,,,,,,,,,,,,,,,,,,,,,,,,,,,,
5107859,São Félix do Araguaia,resto_mt,Demais MT,FALSE,2000,10687,2.14,2.09,23.5,13.1,57.3,5.8,,,,0.569,Baixo,0.63,59.18,20.59,,,,,,,,,,14.1,,25.8,33,,,,,,,,,
5107859,São Félix do Araguaia,resto_mt,Demais MT,FALSE,2001,9411,2.14,2.09,23.5,13.1,57.3,5.8,,,,,,,,,,,,,,,,,,16,,23,34.4,,,,,,,,,
5107859,São Félix do Araguaia,resto_mt,Demais MT,FALSE,2002,9380,2.14,2.09,23.5,13.1,57.3,5.8,,,,,,,,,,,,,,,,,,27,19.3,24.8,51.8,,,,,,,,,
5107859,São Félix do Araguaia,resto_mt,Demais MT,FALSE,2003,9352,2.14,2.09,23.5,13.1,57.3,5.8,,,,,,,,,,,,,,,,,,26.5,23.4,28,36.5,,,,,,,,,
5107859,São Félix do Araguaia,resto_mt,Demais MT,FALSE,2004,9292,2.14,2.09,23.5,13.1,57.3,5.8,,,,,,,,,,,,,,,,,,30.7,28.2,31.1,52.6,,,,,,,,,
5107859,São Félix do Araguaia,resto_mt,Demais MT,FALSE,2005,9259,2.14,2.09,23.5,13.1,57.3,5.8,,,,,,,,,2.9,2.6,71.1,64.6,,,,,,17.7,24.9,30.1,24.8,,,,,,,,,
5107859,São Félix do Araguaia,resto_mt,Demais MT,FALSE,2006,9226,2.14,2.09,23.5,13.1,57.3,5.8,,,,,,,,,,,,,,,,,,22.7,23.9,29.5,21.4,,,,,,,,,
5107859,São Félix do Araguaia,resto_mt,Demais MT,FALSE,2007,10713,2.14,2.09,23.5,13.1,57.3,5.8,,,,,,,,,3.6,2.8,90,72.7,12,33.3,,30.5,3.4,0,16.2,27.4,20.5,,,,,,,,,
5107859,São Félix do Araguaia,resto_mt,Demais MT,FALSE,2008,11097,2.14,2.09,23.5,13.1,57.3,5.8,,,,,,,,,,,,,12,33.3,,28.9,10,55,28.7,36.7,28.4,,,,,,,,,
5107859,São Félix do Araguaia,resto_mt,Demais MT,FALSE,2009,11257,2.14,2.09,23.5,13.1,57.3,5.8,,,,,,,,,3.7,3.7,90.8,90.3,12,41.7,27.8,34.7,6.5,13.5,24.2,29.7,61.5,,,,,,,,,
5107859,São Félix do Araguaia,resto_mt,Demais MT,FALSE,2010,10625,2.14,2.09,23.5,13.1,57.3,5.8,,,,0.668,Médio,0.61,49.97,21.51,,,,,11,45.5,46.7,16.6,1.2,31.2,31.2,31.2,57,16,1,9,1,23,2.16,15.06,,
5107859,São Félix do Araguaia,resto_mt,Demais MT,FALSE,2011,10716,2.14,2.09,23.5,13.1,57.3,5.8,,,,,,,,,4.2,3.8,96.5,97.9,12,63.6,55.5,11.5,1.6,32.3,25,29.3,36.3,,,,,,,,,
5107859,São Félix do Araguaia,resto_mt,Demais MT,FALSE,2012,10804,2.14,2.09,23.5,13.1,57.3,5.8,,,,,,,,,,,,,12,72.7,63,7.5,1.6,0,21.1,32.3,38.3,,,,,,,,,
5107859,São Félix do Araguaia,resto_mt,Demais MT,FALSE,2013,10951,2.14,2.09,23.5,13.1,57.3,5.8,6.63,,184.21,,,,,,4,3.7,98,95.2,12,70,63.8,6.1,1.6,32.8,21.4,36.9,23,,,,,,,,,
5107859,São Félix do Araguaia,resto_mt,Demais MT,FALSE,2014,11039,2.14,2.09,23.5,13.1,57.3,5.8,6.11,,167.45,,,,,,,,,,12,63.6,67.6,5.4,2.1,9.2,13.9,44,50.5,,,,,,,,,
5107859,São Félix do Araguaia,resto_mt,Demais MT,FALSE,2015,11125,2.14,2.09,23.5,13.1,57.3,5.8,5.93,,148.24,,,,,,4.8,3.9,97.5,94.5,12,81.8,71,6.3,1,16.8,20,44.1,70.6,19,1,9,1,23,2.07,17.08,,
5107859,São Félix do Araguaia,resto_mt,Demais MT,FALSE,2016,11209,2.14,2.09,23.5,13.1,57.3,5.8,5.08,,123.26,,,,,,,,,,13,91.7,58.8,12.1,0.6,8.2,11.4,42.6,58.2,,,,,,,,,
5107859,São Félix do Araguaia,resto_mt,Demais MT,FALSE,2017,11290,2.14,2.09,23.5,13.1,57.3,5.8,3.87,,92.38,,,,,,4.5,,97.4,93.7,13,83.3,59.4,14.4,1.3,15.4,13.5,51.5,60,,,,,,,,,
5107859,São Félix do Araguaia,resto_mt,Demais MT,FALSE,2018,11615,2.14,2.09,23.5,13.1,57.3,5.8,3.38,,79.03,,,,,,,,,,13,91.7,66.3,12.2,2.2,7.1,10.2,47.1,67.9,,,,,,,,,
5107859,São Félix do Araguaia,resto_mt,Demais MT,FALSE,2019,11708,2.14,2.09,23.5,13.1,57.3,5.8,3.11,3.49,635.66,,,,,,4.6,4.1,97.7,94.3,13,91.7,67.1,9.6,0.8,28.6,16,53.3,65.7,,,,,,,,,
5107859,São Félix do Araguaia,resto_mt,Demais MT,FALSE,2020,11843,2.14,2.09,23.5,13.1,57.3,5.8,3.43,3.29,607.86,,,,,,,,,,13,100,68,10.4,,19.1,17.4,65.6,62.4,21,1,11,1,23,1.94,17.73,1989,16.8
5107859,São Félix do Araguaia,resto_mt,Demais MT,FALSE,2021,11934,2.14,2.09,23.5,13.1,57.3,5.8,3.56,3.13,562.3,,,,,,4.7,4.3,98.9,96.1,13,100,,10.4,0.9,26.7,24.3,59.7,60,,,,,,,,,
5107859,São Félix do Araguaia,resto_mt,Demais MT,FALSE,2022,13621,2.14,2.09,23.5,13.1,57.3,5.8,3.94,2.58,564.95,,,,,,,,,,14,100,,8.8,0.2,0,15.7,65.2,73.2,,,,,,,,,
5107859,São Félix do Araguaia,resto_mt,Demais MT,FALSE,2023,13621,2.14,2.09,23.5,13.1,57.3,5.8,4.79,2.6,831.84,,,,,,4.9,4.2,98.7,93.8,13,100,,,,,,,,24,1,11,1,23,1.69,17.62,2437,17.9
5107859,São Félix do Araguaia,resto_mt,Demais MT,FALSE,2024,14332,2.14,2.09,23.5,13.1,57.3,5.8,5.39,2.63,912.37,,,,,,,,,,13,100,,,,,,,,,,,,,,,,
5107859,São Félix do Araguaia,resto_mt,Demais MT,FALSE,2025,14604,2.14,2.09,23.5,13.1,57.3,5.8,,,,,,,,,,,,,,,,,,,,,,,,,,,,,,
5107875,Sapezal,resto_mt,Demais MT,FALSE,2000,7866,3.98,3.99,33.4,8.6,56.3,1.4,,,,0.601,Médio,0.47,21.03,0.62,,,,,,,,,,34.5,,46,47.7,,,,,,,,,
5107875,Sapezal,resto_mt,Demais MT,FALSE,2001,8688,3.98,3.99,33.4,8.6,56.3,1.4,,,,,,,,,,,,,,,,,,31.7,,50.8,92.1,,,,,,,,,
5107875,Sapezal,resto_mt,Demais MT,FALSE,2002,9230,3.98,3.99,33.4,8.6,56.3,1.4,,,,,,,,,,,,,,,,,,27.5,30.4,56,80.2,,,,,,,,,
5107875,Sapezal,resto_mt,Demais MT,FALSE,2003,9863,3.98,3.99,33.4,8.6,56.3,1.4,,,,,,,,,,,,,,,,,,13.2,22.4,56.8,68.7,,,,,,,,,
5107875,Sapezal,resto_mt,Demais MT,FALSE,2004,11191,3.98,3.99,33.4,8.6,56.3,1.4,,,,,,,,,,,,,,,,,,17.5,18.7,60.4,94,,,,,,,,,
5107875,Sapezal,resto_mt,Demais MT,FALSE,2005,11926,3.98,3.99,33.4,8.6,56.3,1.4,,,,,,,,,2,2.1,42.6,42,,,,,,32.8,21.6,55.5,96.7,,,,,,,,,
5107875,Sapezal,resto_mt,Demais MT,FALSE,2006,12656,3.98,3.99,33.4,8.6,56.3,1.4,,,,,,,,,,,,,,,,,,13.9,21.3,58,94.8,,,,,,,,,
5107875,Sapezal,resto_mt,Demais MT,FALSE,2007,14254,3.98,3.99,33.4,8.6,56.3,1.4,,,,,,,,,4.4,3.8,93,72,13,38.5,,15.8,0.6,18.8,21.7,47.4,92.1,,,,,,,,,
5107875,Sapezal,resto_mt,Demais MT,FALSE,2008,15014,3.98,3.99,33.4,8.6,56.3,1.4,,,,,,,,,,,,,12,50,,13.7,0.8,19.4,17.4,53.2,92.3,,,,,,,,,
5107875,Sapezal,resto_mt,Demais MT,FALSE,2009,15735,3.98,3.99,33.4,8.6,56.3,1.4,,,,,,,,,4.6,4.6,93.9,87.5,12,50,67.2,11.5,0.9,8.8,15.3,55.6,90.9,,,,,,,,,
5107875,Sapezal,resto_mt,Demais MT,FALSE,2010,18094,3.98,3.99,33.4,8.6,56.3,1.4,,,,0.732,Alto,0.47,13.47,2.35,,,,,15,53.3,65.6,9.9,0.4,5.8,11.1,58.5,83.3,22,1,10,1,35,1.93,12.16,,
5107875,Sapezal,resto_mt,Demais MT,FALSE,2011,18880,3.98,3.99,33.4,8.6,56.3,1.4,,,,,,,,,4.9,4.7,92.1,90.8,17,75,63.2,9.5,0.6,10.9,8.6,62.6,72.7,,,,,,,,,
5107875,Sapezal,resto_mt,Demais MT,FALSE,2012,19639,3.98,3.99,33.4,8.6,56.3,1.4,,,,,,,,,,,,,17,75,74.9,9.9,0.1,17.8,11.8,72.7,74.9,,,,,,,,,
5107875,Sapezal,resto_mt,Demais MT,FALSE,2013,20934,3.98,3.99,33.4,8.6,56.3,1.4,3.53,,114.71,,,,,,5.6,4.2,95.9,82.8,18,76.5,86.5,8.8,0.1,13.7,14.2,72.9,73.2,,,,,,,,,
5107875,Sapezal,resto_mt,Demais MT,FALSE,2014,21811,3.98,3.99,33.4,8.6,56.3,1.4,4.04,,129.37,,,,,,,,,,19,77.8,92.3,6.9,0.1,9.1,13.3,74.8,76.2,,,,,,,,,
5107875,Sapezal,resto_mt,Demais MT,FALSE,2015,22665,3.98,3.99,33.4,8.6,56.3,1.4,3.31,,91.2,,,,,,5.5,4.2,94.2,83.9,20,84.2,71.7,6.2,0.1,6.5,9.4,69,80.8,33,2,8,1,35,1.54,14.56,,
5107875,Sapezal,resto_mt,Demais MT,FALSE,2016,23496,3.98,3.99,33.4,8.6,56.3,1.4,3.74,,88.03,,,,,,,,,,22,81,84.9,9,0,15.2,10.3,72.8,83.9,,,,,,,,,
5107875,Sapezal,resto_mt,Demais MT,FALSE,2017,24305,3.98,3.99,33.4,8.6,56.3,1.4,3.28,,69.01,,,,,,5.7,4.8,94.1,87.2,22,66.7,75.6,9.5,0.2,11.3,11,61.3,76.5,,,,,,,,,
5107875,Sapezal,resto_mt,Demais MT,FALSE,2018,25054,3.98,3.99,33.4,8.6,56.3,1.4,2.68,,51.83,,,,,,,,,,22,100,79.3,9,0.1,8.6,11.5,70.9,83.6,,,,,,,,,
5107875,Sapezal,resto_mt,Demais MT,FALSE,2019,25881,3.98,3.99,33.4,8.6,56.3,1.4,2.14,0.75,160.54,,,,,,5.7,5.1,95.3,93.3,22,95.2,72.5,8.8,0.1,17.8,12.5,75.8,77.4,,,,,,,,,
5107875,Sapezal,resto_mt,Demais MT,FALSE,2020,26688,3.98,3.99,33.4,8.6,56.3,1.4,2.21,0.73,161.33,,,,,,,,,,21,100,94.9,8.7,,8.5,11.5,73.3,83.9,49,2,11,1,36,1.35,18.36,30047,100
5107875,Sapezal,resto_mt,Demais MT,FALSE,2021,27485,3.98,3.99,33.4,8.6,56.3,1.4,2.4,0.67,153.74,,,,,,5.8,5.1,99.6,99.9,22,100,,5.8,0,7,11,73.7,87,,,,,,,,,
5107875,Sapezal,resto_mt,Demais MT,FALSE,2022,28944,3.98,3.99,33.4,8.6,56.3,1.4,3.29,0.68,237.58,,,,,,,,,,22,100,,4,0,18.2,11.3,78.4,76.9,,,,,,,,,
5107875,Sapezal,resto_mt,Demais MT,FALSE,2023,28944,3.98,3.99,33.4,8.6,56.3,1.4,4.42,0.78,480.34,,,,,,6.5,5.2,99.8,99.9,21,100,,,,,,,,65,2,16,1,35,1.21,22.46,37645,100
5107875,Sapezal,resto_mt,Demais MT,FALSE,2024,31499,3.98,3.99,33.4,8.6,56.3,1.4,4.31,0.8,481.77,,,,,,,,,,22,100,,,,,,,,,,,,,,,,
5107875,Sapezal,resto_mt,Demais MT,FALSE,2025,32514,3.98,3.99,33.4,8.6,56.3,1.4,,,,,,,,,,,,,,,,,,,,,,,,,,,,,,
5107883,Serra Nova Dourada,resto_mt,Demais MT,FALSE,2001,1066,2.37,2.33,27.5,8.8,62.7,0.7,,,,,,,,,,,,,,,,,,,,16.7,33.3,,,,,,,,,
5107883,Serra Nova Dourada,resto_mt,Demais MT,FALSE,2002,1107,2.37,2.33,27.5,8.8,62.7,0.7,,,,,,,,,,,,,,,,,,,,22.2,33.3,,,,,,,,,
5107883,Serra Nova Dourada,resto_mt,Demais MT,FALSE,2003,1151,2.37,2.33,27.5,8.8,62.7,0.7,,,,,,,,,,,,,,,,,,,,27.3,36.4,,,,,,,,,
5107883,Serra Nova Dourada,resto_mt,Demais MT,FALSE,2004,1244,2.37,2.33,27.5,8.8,62.7,0.7,,,,,,,,,,,,,,,,,,,,37.5,87.5,,,,,,,,,
5107883,Serra Nova Dourada,resto_mt,Demais MT,FALSE,2005,1295,2.37,2.33,27.5,8.8,62.7,0.7,,,,,,,,,,2.9,,72.5,,,,,,,,33.3,11.1,,,,,,,,,
5107883,Serra Nova Dourada,resto_mt,Demais MT,FALSE,2006,1345,2.37,2.33,27.5,8.8,62.7,0.7,,,,,,,,,,,,,,,,,,,,37.5,12.5,,,,,,,,,
5107883,Serra Nova Dourada,resto_mt,Demais MT,FALSE,2007,1349,2.37,2.33,27.5,8.8,62.7,0.7,,,,,,,,,2.9,2.9,76.4,72.3,2,100,,34.8,9.4,,,50,25,,,,,,,,,
5107883,Serra Nova Dourada,resto_mt,Demais MT,FALSE,2008,1407,2.37,2.33,27.5,8.8,62.7,0.7,,,,,,,,,,,,,2,50,,27.7,2.8,,,,,,,,,,,,,
5107883,Serra Nova Dourada,resto_mt,Demais MT,FALSE,2009,1447,2.37,2.33,27.5,8.8,62.7,0.7,,,,,,,,,4.6,,92.3,93.1,2,50,16.7,22.2,1.1,,,36.4,54.5,,,,,,,,,
5107883,Serra Nova Dourada,resto_mt,Demais MT,FALSE,2010,1365,2.37,2.33,27.5,8.8,62.7,0.7,,,,0.664,Médio,0.44,40.65,6.24,,,,,2,50,59.1,18.2,1,,,40,70,2,0,1,0,0,0,14.65,,
5107883,Serra Nova Dourada,resto_mt,Demais MT,FALSE,2011,1393,2.37,2.33,27.5,8.8,62.7,0.7,,,,,,,,,3.5,3.9,91.4,94.8,2,100,66.7,21.5,1,,32.3,40,30,,,,,,,,,
5107883,Serra Nova Dourada,resto_mt,Demais MT,FALSE,2012,1419,2.37,2.33,27.5,8.8,62.7,0.7,,,,,,,,,,,,,2,100,66.7,19.3,2.4,,0,46.7,60,,,,,,,,,
5107883,Serra Nova Dourada,resto_mt,Demais MT,FALSE,2013,1463,2.37,2.33,27.5,8.8,62.7,0.7,11.21,,348.59,,,,,,4.3,4.2,96.9,98.2,2,100,73.1,19,0.6,,0,42.9,42.9,,,,,,,,,
5107883,Serra Nova Dourada,resto_mt,Demais MT,FALSE,2014,1492,2.37,2.33,27.5,8.8,62.7,0.7,10.99,,318.47,,,,,,,,,,2,100,69.2,16.8,2.8,,0,55,75,,,,,,,,,
5107883,Serra Nova Dourada,resto_mt,Demais MT,FALSE,2015,1520,2.37,2.33,27.5,8.8,62.7,0.7,10.26,,278.61,,,,,,,,,,2,100,69,17.6,0.7,,0,86.4,86.4,4,0,2,0,0,0,26.32,,
5107883,Serra Nova Dourada,resto_mt,Demais MT,FALSE,2016,1548,2.37,2.33,27.5,8.8,62.7,0.7,10.53,,274.5,,,,,,,,,,2,100,53.6,13.9,0,,0,70.6,70.6,,,,,,,,,
5107883,Serra Nova Dourada,resto_mt,Demais MT,FALSE,2017,1575,2.37,2.33,27.5,8.8,62.7,0.7,11.62,,356.11,,,,,,4.2,3.9,85.8,89.3,2,100,73.1,13.5,4,,0,80.8,73.1,,,,,,,,,
5107883,Serra Nova Dourada,resto_mt,Demais MT,FALSE,2018,1622,2.37,2.33,27.5,8.8,62.7,0.7,12.33,,362.92,,,,,,,,,,2,100,53.6,14.9,3.8,,0,61.1,88.9,,,,,,,,,
5107883,Serra Nova Dourada,resto_mt,Demais MT,FALSE,2019,1650,2.37,2.33,27.5,8.8,62.7,0.7,11.45,0.06,324.74,,,,,,4.3,3.9,90.5,85.5,2,100,64.5,12.1,2.4,,0,70,85,,,,,,,,,
5107883,Serra Nova Dourada,resto_mt,Demais MT,FALSE,2020,1678,2.37,2.33,27.5,8.8,62.7,0.7,10.37,0.24,320.83,,,,,,,,,,3,66.7,75,9.3,,,0,72.2,77.8,5,0,2,0,0,0,29.8,19,1.1
5107883,Serra Nova Dourada,resto_mt,Demais MT,FALSE,2021,1705,2.37,2.33,27.5,8.8,62.7,0.7,9.44,0.35,307.9,,,,,,3.5,,86.6,90.8,3,100,,10.1,2.6,,0,78.9,63.2,,,,,,,,,
5107883,Serra Nova Dourada,resto_mt,Demais MT,FALSE,2022,1800,2.37,2.33,27.5,8.8,62.7,0.7,10.22,0.39,463.59,,,,,,,,,,3,100,,12.2,2.4,,0,85.2,92.6,,,,,,,,,
5107883,Serra Nova Dourada,resto_mt,Demais MT,FALSE,2023,1800,2.37,2.33,27.5,8.8,62.7,0.7,9.89,0.56,886.03,,,,,,4.8,3.7,95.7,90.3,3,100,,,,,,,,6,0,2,0,0,0,33.33,6,0.3
5107883,Serra Nova Dourada,resto_mt,Demais MT,FALSE,2024,1901,2.37,2.33,27.5,8.8,62.7,0.7,9.73,0.74,919.1,,,,,,,,,,3,100,,,,,,,,,,,,,,,,
5107883,Serra Nova Dourada,resto_mt,Demais MT,FALSE,2025,1941,2.37,2.33,27.5,8.8,62.7,0.7,,,,,,,,,,,,,,,,,,,,,,,,,,,,,,
5107909,Sinop,resto_mt,Demais MT,FALSE,2000,74831,4.65,4.7,40.9,7.5,51.1,0.1,,,,0.626,Médio,0.55,30.44,1.19,,,,,,,,,,17.7,,39.9,66.8,,,,,,,,,
5107909,Sinop,resto_mt,Demais MT,FALSE,2001,79513,4.65,4.7,40.9,7.5,51.1,0.1,,,,,,,,,,,,,,,,,,10.9,,39.9,69.7,,,,,,,,,
5107909,Sinop,resto_mt,Demais MT,FALSE,2002,82989,4.65,4.7,40.9,7.5,51.1,0.1,,,,,,,,,,,,,,,,,,16.5,15,40.1,66.9,,,,,,,,,
5107909,Sinop,resto_mt,Demais MT,FALSE,2003,86775,4.65,4.7,40.9,7.5,51.1,0.1,,,,,,,,,,,,,,,,,,15,14.1,41.7,62.7,,,,,,,,,
5107909,Sinop,resto_mt,Demais MT,FALSE,2004,94724,4.65,4.7,40.9,7.5,51.1,0.1,,,,,,,,,,,,,,,,,,12.3,14.5,44.1,67.5,,,,,,,,,
5107909,Sinop,resto_mt,Demais MT,FALSE,2005,99490,4.65,4.7,40.9,7.5,51.1,0.1,,,,,,,,,4,3.4,85.7,71.6,,,,,,14.3,13.8,48.5,65.4,,,,,,,,,
5107909,Sinop,resto_mt,Demais MT,FALSE,2006,103868,4.65,4.7,40.9,7.5,51.1,0.1,,,,,,,,,,,,,,,,,,11.8,12.8,48.6,82.4,,,,,,,,,
5107909,Sinop,resto_mt,Demais MT,FALSE,2007,105762,4.65,4.7,40.9,7.5,51.1,0.1,,,,,,,,,4.6,4.1,93,86.8,54,51.9,,6.7,0.5,19,14.9,44.7,84.2,,,,,,,,,
5107909,Sinop,resto_mt,Demais MT,FALSE,2008,110513,4.65,4.7,40.9,7.5,51.1,0.1,,,,,,,,,,,,,57,71.9,,7.4,0.2,8.3,12.9,46.7,65.5,,,,,,,,,
5107909,Sinop,resto_mt,Demais MT,FALSE,2009,114051,4.65,4.7,40.9,7.5,51.1,0.1,,,,,,,,,4.7,4.5,89.9,92,63,79.4,78.3,7.6,0,10.3,12.5,48,71.2,,,,,,,,,
5107909,Sinop,resto_mt,Demais MT,FALSE,2010,113099,4.65,4.7,40.9,7.5,51.1,0.1,,,,0.754,Alto,0.49,15.19,0.82,,,,,64,91.9,80.2,9.6,0,13.2,10.6,50.5,67.4,152,5,48,3,120,1.06,13.44,,
5107909,Sinop,resto_mt,Demais MT,FALSE,2011,116014,4.65,4.7,40.9,7.5,51.1,0.1,,,,,,,,,5,4.5,94.5,95.1,66,90.9,83.2,11.4,0,10.5,11.3,50.2,67.5,,,,,,,,,
5107909,Sinop,resto_mt,Demais MT,FALSE,2012,118833,4.65,4.7,40.9,7.5,51.1,0.1,,,,,,,,,,,,,69,93.8,87,10.4,0,7.2,10.2,54.7,68.8,,,,,,,,,
5107909,Sinop,resto_mt,Demais MT,FALSE,2013,123634,4.65,4.7,40.9,7.5,51.1,0.1,2.69,,71.91,,,,,,5.4,4.5,94.1,96.2,69,94.2,86.5,8.4,0,10.9,9.6,54.6,68.6,,,,,,,,,
5107909,Sinop,resto_mt,Demais MT,FALSE,2014,126817,4.65,4.7,40.9,7.5,51.1,0.1,2.78,,72.74,,,,,,,,,,70,95.7,88.7,8,0.1,12.4,10.3,55.1,66.2,,,,,,,,,
5107909,Sinop,resto_mt,Demais MT,FALSE,2015,129916,4.65,4.7,40.9,7.5,51.1,0.1,2.49,,61.78,,,,,,5.5,4.6,95.1,95.7,71,85.5,92,5.9,0,7.7,10.3,57.6,68.3,262,5,105,4,248,1.91,20.17,,
5107909,Sinop,resto_mt,Demais MT,FALSE,2016,132934,4.65,4.7,40.9,7.5,51.1,0.1,2.29,,56.42,,,,,,,,,,74,88.9,90.8,6.9,0.1,11.6,10.6,59.1,71.6,,,,,,,,,
5107909,Sinop,resto_mt,Demais MT,FALSE,2017,135874,4.65,4.7,40.9,7.5,51.1,0.1,1.99,,47.86,,,,,,5.8,5,95.2,95.9,78,90.4,93,8.1,0.1,9.8,9.7,61,72.6,,,,,,,,,
5107909,Sinop,resto_mt,Demais MT,FALSE,2018,139935,4.65,4.7,40.9,7.5,51.1,0.1,2.11,,49.44,,,,,,,,,,75,97.2,93.5,8.2,0,8.2,9.8,62.4,71.6,,,,,,,,,
5107909,Sinop,resto_mt,Demais MT,FALSE,2019,142996,4.65,4.7,40.9,7.5,51.1,0.1,2.06,1.7,319.85,,,,,,5.9,4.7,96.3,91.9,76,100,96.1,7.9,0,9.8,9.3,61.1,75.2,,,,,,,,,
5107909,Sinop,resto_mt,Demais MT,FALSE,2020,146005,4.65,4.7,40.9,7.5,51.1,0.1,2.14,1.69,319.6,,,,,,,,,,78,100,97.2,7.4,,9.2,9.1,60.5,75.8,502,8,193,6,246,1.68,34.38,136475,93.5
5107909,Sinop,resto_mt,Demais MT,FALSE,2021,148960,4.65,4.7,40.9,7.5,51.1,0.1,2.21,1.68,308.56,,,,,,5.6,5.1,97.8,96.5,82,100,,5.7,0.3,11.1,10,62.5,82.3,,,,,,,,,
5107909,Sinop,resto_mt,Demais MT,FALSE,2022,196312,4.65,4.7,40.9,7.5,51.1,0.1,2.38,1.35,303.45,,,,,,,,,,84,100,,6.3,0,13.9,11.5,60.1,86.2,,,,,,,,,
5107909,Sinop,resto_mt,Demais MT,FALSE,2023,196312,4.65,4.7,40.9,7.5,51.1,0.1,2.52,1.49,445.66,,,,,,6,5.2,99,99.3,83,100,,,,,,,,635,8,294,7,380,1.94,32.35,177362,90.3
5107909,Sinop,resto_mt,Demais MT,FALSE,2024,216029,4.65,4.7,40.9,7.5,51.1,0.1,2.41,1.71,481.24,,,,,,,,,,92,100,,,,,,,,,,,,,,,,
5107909,Sinop,resto_mt,Demais MT,FALSE,2025,223780,4.65,4.7,40.9,7.5,51.1,0.1,,,,,,,,,,,,,,,,,,,,,,,,,,,,,,
5107925,Sorriso,resto_mt,Demais MT,FALSE,2000,35605,4.28,4.33,41.8,7.9,50,0.1,,,,0.664,Médio,0.62,29.97,1.88,,,,,,,,,,8.4,,38.6,48.1,,,,,,,,,
5107925,Sorriso,resto_mt,Demais MT,FALSE,2001,37865,4.28,4.33,41.8,7.9,50,0.1,,,,,,,,,,,,,,,,,,20.4,,38,64.2,,,,,,,,,
5107925,Sorriso,resto_mt,Demais MT,FALSE,2002,39877,4.28,4.33,41.8,7.9,50,0.1,,,,,,,,,,,,,,,,,,27.6,19,37.2,67,,,,,,,,,
5107925,Sorriso,resto_mt,Demais MT,FALSE,2003,41860,4.28,4.33,41.8,7.9,50,0.1,,,,,,,,,,,,,,,,,,13.4,20.2,41.9,69.5,,,,,,,,,
5107925,Sorriso,resto_mt,Demais MT,FALSE,2004,46023,4.28,4.33,41.8,7.9,50,0.1,,,,,,,,,,,,,,,,,,9.4,15.9,49.2,66.6,,,,,,,,,
5107925,Sorriso,resto_mt,Demais MT,FALSE,2005,48326,4.28,4.33,41.8,7.9,50,0.1,,,,,,,,,3.6,3.4,78.4,69.4,,,,,,10.7,11,47.8,74.3,,,,,,,,,
5107925,Sorriso,resto_mt,Demais MT,FALSE,2006,50613,4.28,4.33,41.8,7.9,50,0.1,,,,,,,,,,,,,,,,,,9,9.8,45.2,73.2,,,,,,,,,
5107925,Sorriso,resto_mt,Demais MT,FALSE,2007,55134,4.28,4.33,41.8,7.9,50,0.1,,,,,,,,,4.8,4.3,90.5,86.1,41,70.7,,15.4,0.8,14.3,11.1,50,75.4,,,,,,,,,
5107925,Sorriso,resto_mt,Demais MT,FALSE,2008,57799,4.28,4.33,41.8,7.9,50,0.1,,,,,,,,,,,,,45,78,,12.7,0.3,10.6,11.1,47.9,81.3,,,,,,,,,
5107925,Sorriso,resto_mt,Demais MT,FALSE,2009,60028,4.28,4.33,41.8,7.9,50,0.1,,,,,,,,,5.2,4.5,93.7,87.6,47,95.3,84.5,11.2,0.5,7.7,10.6,56.1,74.8,,,,,,,,,
5107925,Sorriso,resto_mt,Demais MT,FALSE,2010,66521,4.28,4.33,41.8,7.9,50,0.1,,,,0.744,Alto,0.54,18.27,1.77,,,,,49,90.9,86,9.5,0.1,10.6,9.7,45.7,75,76,3,31,2,106,1.59,11.42,,
5107925,Sorriso,resto_mt,Demais MT,FALSE,2011,68894,4.28,4.33,41.8,7.9,50,0.1,,,,,,,,,5.2,4.5,94,90,44,93.2,88,9.2,0.2,10.4,9.7,49.1,70,,,,,,,,,
5107925,Sorriso,resto_mt,Demais MT,FALSE,2012,71190,4.28,4.33,41.8,7.9,50,0.1,,,,,,,,,,,,,47,91.5,83.6,8.7,0,9.5,10.2,56.8,74.1,,,,,,,,,
5107925,Sorriso,resto_mt,Demais MT,FALSE,2013,75104,4.28,4.33,41.8,7.9,50,0.1,2.22,,67.4,,,,,,5.3,4.1,95.6,89.5,50,92,81.4,9.3,0.1,10.4,10.1,54.9,75,,,,,,,,,
5107925,Sorriso,resto_mt,Demais MT,FALSE,2014,77735,4.28,4.33,41.8,7.9,50,0.1,2.07,,65.59,,,,,,,,,,50,93.9,86.4,8.7,0.1,13.5,11.3,57.4,72,,,,,,,,,
5107925,Sorriso,resto_mt,Demais MT,FALSE,2015,80298,4.28,4.33,41.8,7.9,50,0.1,2.29,,66.46,,,,,,5.8,4.5,96.8,92.9,49,97.9,94.9,8.6,0.1,10.1,11.3,54.5,77.2,124,5,43,3,121,1.51,15.44,,
5107925,Sorriso,resto_mt,Demais MT,FALSE,2016,82792,4.28,4.33,41.8,7.9,50,0.1,2.25,,59.76,,,,,,,,,,52,91.8,93.9,7.3,0,9,10.9,49.4,75.4,,,,,,,,,
5107925,Sorriso,resto_mt,Demais MT,FALSE,2017,85223,4.28,4.33,41.8,7.9,50,0.1,2.28,,60.35,,,,,,6.1,4.8,98.6,95.2,55,90,93.3,6,0,12.8,10.6,58.2,73.1,,,,,,,,,
5107925,Sorriso,resto_mt,Demais MT,FALSE,2018,87815,4.28,4.33,41.8,7.9,50,0.1,2.32,,62.38,,,,,,,,,,56,92.3,92.1,4.9,0,10.5,10.8,59.1,75,,,,,,,,,
5107925,Sorriso,resto_mt,Demais MT,FALSE,2019,90313,4.28,4.33,41.8,7.9,50,0.1,2,1.26,253.66,,,,,,6.1,4.4,98.4,92.1,55,100,93.9,3.6,0,13.9,12.4,58.2,77.2,,,,,,,,,
5107925,Sorriso,resto_mt,Demais MT,FALSE,2020,92769,4.28,4.33,41.8,7.9,50,0.1,2.04,1.23,246.75,,,,,,,,,,57,100,94.4,3.3,,14.3,12.9,58.9,74.7,170,6,33,4,194,2.09,18.33,68181,73.5
5107925,Sorriso,resto_mt,Demais MT,FALSE,2021,94941,4.28,4.33,41.8,7.9,50,0.1,2.36,1.19,240.17,,,,,,5.8,4.9,100,97.2,60,100,,1.8,0,11.5,13.2,62.3,77.7,,,,,,,,,
5107925,Sorriso,resto_mt,Demais MT,FALSE,2022,110635,4.28,4.33,41.8,7.9,50,0.1,2.74,1.02,271.78,,,,,,,,,,61,100,,2.1,0,12,12.6,62.5,77.4,,,,,,,,,
5107925,Sorriso,resto_mt,Demais MT,FALSE,2023,110635,4.28,4.33,41.8,7.9,50,0.1,3.64,1.09,479.32,,,,,,6.3,4.8,100,99.3,57,100,,,,,,,,259,6,46,4,195,1.76,23.41,89630,81
5107925,Sorriso,resto_mt,Demais MT,FALSE,2024,120985,4.28,4.33,41.8,7.9,50,0.1,3.87,1.13,512.24,,,,,,,,,,58,100,,,,,,,,,,,,,,,,
5107925,Sorriso,resto_mt,Demais MT,FALSE,2025,124665,4.28,4.33,41.8,7.9,50,0.1,,,,,,,,,,,,,,,,,,,,,,,,,,,,,,
5107941,Tabaporã,resto_mt,Demais MT,FALSE,2000,10842,-0.02,-0.1,37.3,7.7,54.3,0.2,,,,0.51,Baixo,0.75,61.07,18.86,,,,,,,,,,27,,38.7,55,,,,,,,,,
5107941,Tabaporã,resto_mt,Demais MT,FALSE,2001,11871,-0.02,-0.1,37.3,7.7,54.3,0.2,,,,,,,,,,,,,,,,,,32,,39.2,85.6,,,,,,,,,
5107941,Tabaporã,resto_mt,Demais MT,FALSE,2002,12593,-0.02,-0.1,37.3,7.7,54.3,0.2,,,,,,,,,,,,,,,,,,17.4,25.6,45.2,89.6,,,,,,,,,
5107941,Tabaporã,resto_mt,Demais MT,FALSE,2003,13405,-0.02,-0.1,37.3,7.7,54.3,0.2,,,,,,,,,,,,,,,,,,14.5,21.2,44.9,46.4,,,,,,,,,
5107941,Tabaporã,resto_mt,Demais MT,FALSE,2004,15111,-0.02,-0.1,37.3,7.7,54.3,0.2,,,,,,,,,,,,,,,,,,28.4,20.3,41.1,54.6,,,,,,,,,
5107941,Tabaporã,resto_mt,Demais MT,FALSE,2005,16055,-0.02,-0.1,37.3,7.7,54.3,0.2,,,,,,,,,3.9,2.7,87.8,73.3,,,,,,23.1,22,43.8,68.5,,,,,,,,,
5107941,Tabaporã,resto_mt,Demais MT,FALSE,2006,16991,-0.02,-0.1,37.3,7.7,54.3,0.2,,,,,,,,,,,,,,,,,,42.6,31.6,58.2,61,,,,,,,,,
5107941,Tabaporã,resto_mt,Demais MT,FALSE,2007,10484,-0.02,-0.1,37.3,7.7,54.3,0.2,,,,,,,,,5.3,3.8,96.1,87.2,11,54.5,,15.4,1.8,22.4,29.6,61.9,68.7,,,,,,,,,
5107941,Tabaporã,resto_mt,Demais MT,FALSE,2008,10776,-0.02,-0.1,37.3,7.7,54.3,0.2,,,,,,,,,,,,,12,58.3,,13.3,1.3,0,21.8,44.5,89.1,,,,,,,,,
5107941,Tabaporã,resto_mt,Demais MT,FALSE,2009,10760,-0.02,-0.1,37.3,7.7,54.3,0.2,,,,,,,,,5.3,4.2,96.4,87.3,11,72.7,61.7,12.5,1.5,27.5,15.8,52.8,91.7,,,,,,,,,
5107941,Tabaporã,resto_mt,Demais MT,FALSE,2010,9932,-0.02,-0.1,37.3,7.7,54.3,0.2,,,,0.695,Médio,0.44,28.05,5.54,,,,,12,75,70.4,11.1,0.4,15.9,13.4,69,92.9,15,2,6,2,13,1.31,15.1,,
5107941,Tabaporã,resto_mt,Demais MT,FALSE,2011,9863,-0.02,-0.1,37.3,7.7,54.3,0.2,,,,,,,,,5.2,4.4,99,96.3,12,80,67.7,7.8,0.2,0,13.5,63.2,64,,,,,,,,,
5107941,Tabaporã,resto_mt,Demais MT,FALSE,2012,9795,-0.02,-0.1,37.3,7.7,54.3,0.2,,,,,,,,,,,,,12,90,72,4.4,0.3,0,5.2,63.4,70.7,,,,,,,,,
5107941,Tabaporã,resto_mt,Demais MT,FALSE,2013,9678,-0.02,-0.1,37.3,7.7,54.3,0.2,5.56,,140.81,,,,,,5.3,4,99.7,93.8,13,81.8,62.8,4.1,0,7.8,2.6,69.5,64.8,,,,,,,,,
5107941,Tabaporã,resto_mt,Demais MT,FALSE,2014,9582,-0.02,-0.1,37.3,7.7,54.3,0.2,4.76,,123.84,,,,,,,,,,13,90.9,59.7,2.1,0,7.1,5.1,81.6,76.6,,,,,,,,,
5107941,Tabaporã,resto_mt,Demais MT,FALSE,2015,9489,-0.02,-0.1,37.3,7.7,54.3,0.2,4.91,,132.38,,,,,,5.6,4.7,99.7,95.9,13,100,74.5,2.5,0.3,21.3,12.2,76.6,76.6,18,1,6,1,9,0.95,18.97,,
5107941,Tabaporã,resto_mt,Demais MT,FALSE,2016,9398,-0.02,-0.1,37.3,7.7,54.3,0.2,4.62,,120.06,,,,,,,,,,11,100,77.2,2.2,0,9.5,12.9,70.5,81.9,,,,,,,,,
5107941,Tabaporã,resto_mt,Demais MT,FALSE,2017,9309,-0.02,-0.1,37.3,7.7,54.3,0.2,4.04,,105.75,,,,,,5.9,4.8,99.6,96.5,13,100,92.9,2.7,0,29,20.8,68.1,84.1,,,,,,,,,
5107941,Tabaporã,resto_mt,Demais MT,FALSE,2018,9565,-0.02,-0.1,37.3,7.7,54.3,0.2,3.64,,86.49,,,,,,,,,,13,100,83.9,3.6,0,8.9,16.9,67.9,86.6,,,,,,,,,
5107941,Tabaporã,resto_mt,Demais MT,FALSE,2019,9489,-0.02,-0.1,37.3,7.7,54.3,0.2,3.43,1.22,273.42,,,,,,5.9,4.7,99.7,94.6,13,100,80.1,3.5,0,21,20.4,73.4,86,,,,,,,,,
5107941,Tabaporã,resto_mt,Demais MT,FALSE,2020,9429,-0.02,-0.1,37.3,7.7,54.3,0.2,3.71,1.21,271.58,,,,,,,,,,10,100,84.2,3.4,,7.6,12.9,79.5,84.8,19,2,6,1,9,0.95,20.15,3011,31.9
5107941,Tabaporã,resto_mt,Demais MT,FALSE,2021,9357,-0.02,-0.1,37.3,7.7,54.3,0.2,4.09,1.2,269.21,,,,,,6.2,,99.8,96.5,13,100,,3.1,0.2,6.6,11.7,82.2,86.2,,,,,,,,,
5107941,Tabaporã,resto_mt,Demais MT,FALSE,2022,9818,-0.02,-0.1,37.3,7.7,54.3,0.2,4.73,1.14,360.15,,,,,,,,,,13,100,,3.5,0,16.2,10.7,76.8,88.1,,,,,,,,,
5107941,Tabaporã,resto_mt,Demais MT,FALSE,2023,9818,-0.02,-0.1,37.3,7.7,54.3,0.2,4.73,1.26,577.32,,,,,,5.8,4.7,99.7,99.4,10,100,,,,,,,,18,1,5,1,9,0.92,18.33,4852,49.4
5107941,Tabaporã,resto_mt,Demais MT,FALSE,2024,9908,-0.02,-0.1,37.3,7.7,54.3,0.2,4.77,1.44,625.62,,,,,,,,,,13,100,,,,,,,,,,,,,,,,
5107941,Tabaporã,resto_mt,Demais MT,FALSE,2025,9895,-0.02,-0.1,37.3,7.7,54.3,0.2,,,,,,,,,,,,,,,,,,,,,,,,,,,,,,
5107958,Tangará da Serra,resto_mt,Demais MT,FALSE,2000,58840,2.14,2.05,36.3,10.2,51.5,1.7,,,,0.621,Médio,0.59,38.78,4.59,,,,,,,,,,15.3,,48.1,39.6,,,,,,,,,
5107958,Tangará da Serra,resto_mt,Demais MT,FALSE,2001,60924,2.14,2.05,36.3,10.2,51.5,1.7,,,,,,,,,,,,,,,,,,12.2,,41.6,58.9,,,,,,,,,
5107958,Tangará da Serra,resto_mt,Demais MT,FALSE,2002,62675,2.14,2.05,36.3,10.2,51.5,1.7,,,,,,,,,,,,,,,,,,15.5,14.3,43.3,63.2,,,,,,,,,
5107958,Tangará da Serra,resto_mt,Demais MT,FALSE,2003,64455,2.14,2.05,36.3,10.2,51.5,1.7,,,,,,,,,,,,,,,,,,20.4,16,45.4,60.8,,,,,,,,,
5107958,Tangará da Serra,resto_mt,Demais MT,FALSE,2004,68191,2.14,2.05,36.3,10.2,51.5,1.7,,,,,,,,,,,,,,,,,,19.1,18.4,52,47,,,,,,,,,
5107958,Tangará da Serra,resto_mt,Demais MT,FALSE,2005,70259,2.14,2.05,36.3,10.2,51.5,1.7,,,,,,,,,3.6,3.4,83.2,75.9,,,,,,15,18.1,61,50.1,,,,,,,,,
5107958,Tangará da Serra,resto_mt,Demais MT,FALSE,2006,72311,2.14,2.05,36.3,10.2,51.5,1.7,,,,,,,,,,,,,,,,,,13.5,15.8,58.3,59,,,,,,,,,
5107958,Tangará da Serra,resto_mt,Demais MT,FALSE,2007,76657,2.14,2.05,36.3,10.2,51.5,1.7,,,,,,,,,4.1,3.8,87.1,82.2,63,50.8,,16.8,3,17.8,15.4,55.6,49,,,,,,,,,
5107958,Tangará da Serra,resto_mt,Demais MT,FALSE,2008,79870,2.14,2.05,36.3,10.2,51.5,1.7,,,,,,,,,,,,,65,61.5,,16.3,2.2,14.1,15.1,55.5,51.1,,,,,,,,,
5107958,Tangará da Serra,resto_mt,Demais MT,FALSE,2009,81960,2.14,2.05,36.3,10.2,51.5,1.7,,,,,,,,,4.8,4.2,92.8,87.2,62,62.9,87.4,16.4,2.1,16.9,16.2,56.5,40.3,,,,,,,,,
5107958,Tangará da Serra,resto_mt,Demais MT,FALSE,2010,83431,2.14,2.05,36.3,10.2,51.5,1.7,,,,0.729,Alto,0.55,21.97,2.25,,,,,62,71,86.5,14.7,0.9,14.1,15,54.9,35.3,106,6,40,5,117,1.4,12.71,,
5107958,Tangará da Serra,resto_mt,Demais MT,FALSE,2011,85319,2.14,2.05,36.3,10.2,51.5,1.7,,,,,,,,,5.1,4.5,96,93.5,67,73,90.2,10.7,0.8,14.6,15.2,62.2,73.9,,,,,,,,,
5107958,Tangará da Serra,resto_mt,Demais MT,FALSE,2012,87145,2.14,2.05,36.3,10.2,51.5,1.7,,,,,,,,,,,,,71,72.7,89.3,8.6,0.5,13.1,14,64.8,70.7,,,,,,,,,
5107958,Tangará da Serra,resto_mt,Demais MT,FALSE,2013,90252,2.14,2.05,36.3,10.2,51.5,1.7,2.57,,75.74,,,,,,5.4,4.5,98.1,94.5,72,74.6,85.9,6.5,0.9,15.3,14.4,67.6,68,,,,,,,,,
5107958,Tangará da Serra,resto_mt,Demais MT,FALSE,2014,92298,2.14,2.05,36.3,10.2,51.5,1.7,2.25,,65.99,,,,,,,,,,72,80.3,87,4.1,0.5,13.3,13.9,71.8,61.4,,,,,,,,,
5107958,Tangará da Serra,resto_mt,Demais MT,FALSE,2015,94289,2.14,2.05,36.3,10.2,51.5,1.7,2.37,,63.21,,,,,,5.9,5,99.2,97.5,75,85.1,88.3,2.4,0.6,20.9,16.6,71.9,72.4,169,8,71,5,154,1.63,17.92,,
5107958,Tangará da Serra,resto_mt,Demais MT,FALSE,2016,96932,2.14,2.05,36.3,10.2,51.5,1.7,2.28,,56.7,,,,,,,,,,76,82.4,89.1,0.5,0.6,9.6,14.8,80,79.3,,,,,,,,,
5107958,Tangará da Serra,resto_mt,Demais MT,FALSE,2017,98828,2.14,2.05,36.3,10.2,51.5,1.7,2.07,,52.37,,,,,,6.1,5.1,99.1,98.2,78,78.6,89.7,1.3,0.5,9.5,13.4,80,77.9,,,,,,,,,
5107958,Tangará da Serra,resto_mt,Demais MT,FALSE,2018,101764,2.14,2.05,36.3,10.2,51.5,1.7,1.92,,49.21,,,,,,,,,,79,84.7,87.6,1.7,0.4,8,9,84.3,72.5,,,,,,,,,
5107958,Tangará da Serra,resto_mt,Demais MT,FALSE,2019,103750,2.14,2.05,36.3,10.2,51.5,1.7,1.58,2.28,406.45,,,,,,6.1,5,98.9,95.2,81,93.9,90.2,1.4,0.1,8.6,8.7,84.8,75.9,,,,,,,,,
5107958,Tangará da Serra,resto_mt,Demais MT,FALSE,2020,105711,2.14,2.05,36.3,10.2,51.5,1.7,1.86,2.21,396.68,,,,,,,,,,81,92.3,92.8,2.2,,7.8,8.1,85.8,75.4,278,10,109,6,213,2.01,26.3,78151,73.9
5107958,Tangará da Serra,resto_mt,Demais MT,FALSE,2021,107631,2.14,2.05,36.3,10.2,51.5,1.7,2.24,2.1,374.16,,,,,,5.6,5,99.8,98.8,84,95.4,,2.9,0.1,12,9.5,84.9,75.1,,,,,,,,,
5107958,Tangará da Serra,resto_mt,Demais MT,FALSE,2022,106434,2.14,2.05,36.3,10.2,51.5,1.7,3.52,2.18,483.3,,,,,,,,,,88,95.4,,3,0,17.4,12.4,85.7,81,,,,,,,,,
5107958,Tangará da Serra,resto_mt,Demais MT,FALSE,2023,106434,2.14,2.05,36.3,10.2,51.5,1.7,4.69,2.35,764.37,,,,,,5.9,5.1,99.3,98.9,87,97.1,,,,,,,,348,9,141,5,199,1.87,32.7,85820,80.6
5107958,Tangará da Serra,resto_mt,Demais MT,FALSE,2024,112547,2.14,2.05,36.3,10.2,51.5,1.7,4.85,3.03,904.52,,,,,,,,,,90,97.2,,,,,,,,,,,,,,,,
5107958,Tangará da Serra,resto_mt,Demais MT,FALSE,2025,114603,2.14,2.05,36.3,10.2,51.5,1.7,,,,,,,,,,,,,,,,,,,,,,,,,,,,,,
5108006,Tapurah,resto_mt,Demais MT,FALSE,2000,11561,2.76,2.74,42.3,6.2,51.3,0,,,,0.624,Médio,0.66,30.1,3.91,,,,,,,,,,9.7,,36.9,47.6,,,,,,,,,
5108006,Tapurah,resto_mt,Demais MT,FALSE,2001,12014,2.76,2.74,42.3,6.2,51.3,0,,,,,,,,,,,,,,,,,,0,,34.6,43.9,,,,,,,,,
5108006,Tapurah,resto_mt,Demais MT,FALSE,2002,12453,2.76,2.74,42.3,6.2,51.3,0,,,,,,,,,,,,,,,,,,14.4,7.7,42.3,51.4,,,,,,,,,
5108006,Tapurah,resto_mt,Demais MT,FALSE,2003,12867,2.76,2.74,42.3,6.2,51.3,0,,,,,,,,,,,,,,,,,,16.3,10.1,39.6,62,,,,,,,,,
5108006,Tapurah,resto_mt,Demais MT,FALSE,2004,7236,2.76,2.74,42.3,6.2,51.3,0,,,,,,,,,,,,,,,,,,25.9,19.7,44,53.6,,,,,,,,,
5108006,Tapurah,resto_mt,Demais MT,FALSE,2005,7489,2.76,2.74,42.3,6.2,51.3,0,,,,,,,,,4,3.1,90,76.1,,,,,,3.7,15.8,54.5,64.2,,,,,,,,,
5108006,Tapurah,resto_mt,Demais MT,FALSE,2006,7741,2.76,2.74,42.3,6.2,51.3,0,,,,,,,,,,,,,,,,,,8.4,14.4,44.5,66.4,,,,,,,,,
5108006,Tapurah,resto_mt,Demais MT,FALSE,2007,10478,2.76,2.74,42.3,6.2,51.3,0,,,,,,,,,4.9,4.3,92,86.4,7,71.4,,12.2,2.4,8.3,5.9,58.7,69.4,,,,,,,,,
5108006,Tapurah,resto_mt,Demais MT,FALSE,2008,11020,2.76,2.74,42.3,6.2,51.3,0,,,,,,,,,,,,,7,71.4,,11.3,2.9,7,7.9,45.8,80.3,,,,,,,,,
5108006,Tapurah,resto_mt,Demais MT,FALSE,2009,11517,2.76,2.74,42.3,6.2,51.3,0,,,,,,,,,4.7,4.2,95.1,89.1,8,87.5,76.3,8.2,1.3,24.1,14,54.2,78.9,,,,,,,,,
5108006,Tapurah,resto_mt,Demais MT,FALSE,2010,10392,2.76,2.74,42.3,6.2,51.3,0,,,,0.714,Alto,0.49,18.65,2.91,,,,,8,87.5,69.5,8,0.1,28.8,20.1,46.8,84.9,15,1,6,1,15,1.44,14.43,,
5108006,Tapurah,resto_mt,Demais MT,FALSE,2011,10723,2.76,2.74,42.3,6.2,51.3,0,,,,,,,,,4.6,4.7,96.4,92.9,10,87.5,83.5,7.7,0.1,5.8,18.8,52.6,82.7,,,,,,,,,
5108006,Tapurah,resto_mt,Demais MT,FALSE,2012,11042,2.76,2.74,42.3,6.2,51.3,0,,,,,,,,,,,,,10,87.5,84.6,8.7,1.1,10.5,13.9,60.2,90.1,,,,,,,,,
5108006,Tapurah,resto_mt,Demais MT,FALSE,2013,11586,2.76,2.74,42.3,6.2,51.3,0,5.51,,181.46,,,,,,5.3,4.7,99.9,97.7,11,88.9,79.9,3,0.1,10.5,9,58.9,84.2,,,,,,,,,
5108006,Tapurah,resto_mt,Demais MT,FALSE,2014,11950,2.76,2.74,42.3,6.2,51.3,0,5.56,,183.5,,,,,,,,,,11,88.9,80.5,1.8,0.2,20.2,13.8,55.6,84.3,,,,,,,,,
5108006,Tapurah,resto_mt,Demais MT,FALSE,2015,12305,2.76,2.74,42.3,6.2,51.3,0,4.49,,139,,,,,,5.6,4.4,99.5,97,11,100,80,2,0.4,13.8,14.9,61.8,90.3,23,1,9,1,15,1.22,18.69,,
5108006,Tapurah,resto_mt,Demais MT,FALSE,2016,12632,2.76,2.74,42.3,6.2,51.3,0,4.79,,142.88,,,,,,,,,,11,88.9,72.5,1.2,0.1,8.8,14,61.7,80.2,,,,,,,,,
5108006,Tapurah,resto_mt,Demais MT,FALSE,2017,12967,2.76,2.74,42.3,6.2,51.3,0,4.41,,132.57,,,,,,5.9,5.1,100,97.1,12,88.9,73.9,1.2,0,13.8,12.1,71.9,82.5,,,,,,,,,
5108006,Tapurah,resto_mt,Demais MT,FALSE,2018,13359,2.76,2.74,42.3,6.2,51.3,0,4.31,,117.58,,,,,,,,,,10,88.9,73.8,1.7,0,27.6,16.6,60.8,75.6,,,,,,,,,
5108006,Tapurah,resto_mt,Demais MT,FALSE,2019,13705,2.76,2.74,42.3,6.2,51.3,0,3.42,1.34,293.16,,,,,,5.9,,99.8,93.8,8,100,79.9,2.2,0,4.4,15.1,57.7,83.7,,,,,,,,,
5108006,Tapurah,resto_mt,Demais MT,FALSE,2020,14046,2.76,2.74,42.3,6.2,51.3,0,2.94,1.24,262.38,,,,,,,,,,9,100,81.7,1.9,,4.4,12,57.8,85.3,26,1,8,1,15,1.07,18.51,5357,38.1
5108006,Tapurah,resto_mt,Demais MT,FALSE,2021,14380,2.76,2.74,42.3,6.2,51.3,0,2.66,1.26,246.41,,,,,,5.8,5,100,97.6,11,100,,1.5,0,13.8,7.5,61.8,83.4,,,,,,,,,
5108006,Tapurah,resto_mt,Demais MT,FALSE,2022,14370,2.76,2.74,42.3,6.2,51.3,0,2.82,1.33,314.48,,,,,,,,,,11,100,,1,0,8,8.7,62.5,85.3,,,,,,,,,
5108006,Tapurah,resto_mt,Demais MT,FALSE,2023,14370,2.76,2.74,42.3,6.2,51.3,0,3.22,1.4,481.02,,,,,,5.6,5,100,99.5,10,100,,,,,,,,29,1,10,1,15,1.04,20.18,7218,50.2
5108006,Tapurah,resto_mt,Demais MT,FALSE,2024,15272,2.76,2.74,42.3,6.2,51.3,0,3.2,1.36,489.97,,,,,,,,,,9,100,,,,,,,,,,,,,,,,
5108006,Tapurah,resto_mt,Demais MT,FALSE,2025,15638,2.76,2.74,42.3,6.2,51.3,0,,,,,,,,,,,,,,,,,,,,,,,,,,,,,,
5108055,Terra Nova do Norte,resto_mt,Demais MT,FALSE,2000,14384,-0.43,-0.51,47,6.1,46.8,0.1,,,,0.521,Baixo,0.56,60.83,16.66,,,,,,,,,,46.1,,52.6,26,,,,,,,,,
5108055,Terra Nova do Norte,resto_mt,Demais MT,FALSE,2001,13314,-0.43,-0.51,47,6.1,46.8,0.1,,,,,,,,,,,,,,,,,,26.5,,45,32.3,,,,,,,,,
5108055,Terra Nova do Norte,resto_mt,Demais MT,FALSE,2002,13074,-0.43,-0.51,47,6.1,46.8,0.1,,,,,,,,,,,,,,,,,,7.8,28.1,43.9,35.3,,,,,,,,,
5108055,Terra Nova do Norte,resto_mt,Demais MT,FALSE,2003,12786,-0.43,-0.51,47,6.1,46.8,0.1,,,,,,,,,,,,,,,,,,9.8,13.9,50.5,44.3,,,,,,,,,
5108055,Terra Nova do Norte,resto_mt,Demais MT,FALSE,2004,12181,-0.43,-0.51,47,6.1,46.8,0.1,,,,,,,,,,,,,,,,,,27.8,14.1,39.4,41.1,,,,,,,,,
5108055,Terra Nova do Norte,resto_mt,Demais MT,FALSE,2005,11846,-0.43,-0.51,47,6.1,46.8,0.1,,,,,,,,,3.2,3.5,77.8,82.5,,,,,,18.5,18.3,56.8,61.1,,,,,,,,,
5108055,Terra Nova do Norte,resto_mt,Demais MT,FALSE,2006,11514,-0.43,-0.51,47,6.1,46.8,0.1,,,,,,,,,,,,,,,,,,12.2,19.8,50,66.5,,,,,,,,,
5108055,Terra Nova do Norte,resto_mt,Demais MT,FALSE,2007,14584,-0.43,-0.51,47,6.1,46.8,0.1,,,,,,,,,4.1,4.1,88.5,87.4,16,25,,19.6,2.2,6.8,12.7,49.7,83,,,,,,,,,
5108055,Terra Nova do Norte,resto_mt,Demais MT,FALSE,2008,15063,-0.43,-0.51,47,6.1,46.8,0.1,,,,,,,,,,,,,16,81.2,,21.6,1.4,6.3,8.5,44.7,79.2,,,,,,,,,
5108055,Terra Nova do Norte,resto_mt,Demais MT,FALSE,2009,15190,-0.43,-0.51,47,6.1,46.8,0.1,,,,,,,,,4.8,4.6,95.8,93.2,16,87.5,63.5,18.7,1.4,6.5,6.5,39.2,79.1,,,,,,,,,
5108055,Terra Nova do Norte,resto_mt,Demais MT,FALSE,2010,11291,-0.43,-0.51,47,6.1,46.8,0.1,,,,0.698,Médio,0.51,32.75,5.95,,,,,16,93.8,75.9,15.5,0.1,20.8,11,39.6,72.9,9,0,5,1,24,2.13,7.97,,
5108055,Terra Nova do Norte,resto_mt,Demais MT,FALSE,2011,11107,-0.43,-0.51,47,6.1,46.8,0.1,,,,,,,,,4.9,4.5,96.5,95,17,88.2,79,15.5,0.4,30.1,18.6,53.4,65.4,,,,,,,,,
5108055,Terra Nova do Norte,resto_mt,Demais MT,FALSE,2012,10929,-0.43,-0.51,47,6.1,46.8,0.1,,,,,,,,,,,,,17,100,84.1,8.1,0.5,7,19,59.9,72.7,,,,,,,,,
5108055,Terra Nova do Norte,resto_mt,Demais MT,FALSE,2013,10621,-0.43,-0.51,47,6.1,46.8,0.1,7.9,,269.18,,,,,,5.8,4.5,98.7,96.2,15,100,86.4,6.2,0.1,14.6,16.9,54.7,81.8,,,,,,,,,
5108055,Terra Nova do Norte,resto_mt,Demais MT,FALSE,2014,10391,-0.43,-0.51,47,6.1,46.8,0.1,9.7,,351,,,,,,,,,,15,86.7,86.9,4.9,0.2,0,7.1,61.5,79.7,,,,,,,,,
5108055,Terra Nova do Norte,resto_mt,Demais MT,FALSE,2015,10167,-0.43,-0.51,47,6.1,46.8,0.1,9.7,,316.77,,,,,,5.6,4.5,99.9,98.1,15,86.7,88.4,13.2,0.1,0,4.8,65.2,71.9,11,0,5,1,24,2.36,10.82,,
5108055,Terra Nova do Norte,resto_mt,Demais MT,FALSE,2016,9816,-0.43,-0.51,47,6.1,46.8,0.1,9.95,,276.09,,,,,,,,,,15,85.7,88.6,3.4,0.1,7,2.4,71.3,74.8,,,,,,,,,
5108055,Terra Nova do Norte,resto_mt,Demais MT,FALSE,2017,9606,-0.43,-0.51,47,6.1,46.8,0.1,7.61,,207.28,,,,,,6.3,4.8,97.6,92.9,15,61.5,80.6,3.7,0,26.3,11.6,67.8,71.7,,,,,,,,,
5108055,Terra Nova do Norte,resto_mt,Demais MT,FALSE,2018,9862,-0.43,-0.51,47,6.1,46.8,0.1,6.23,,161.37,,,,,,,,,,15,84.6,91.5,4.4,0.2,6.3,13.2,76.1,69.2,,,,,,,,,
5108055,Terra Nova do Norte,resto_mt,Demais MT,FALSE,2019,9667,-0.43,-0.51,47,6.1,46.8,0.1,4.96,1.78,405.44,,,,,,6.3,5.1,99.6,96.6,15,92.3,98,4,0,20.1,17.6,78.4,70.4,,,,,,,,,
5108055,Terra Nova do Norte,resto_mt,Demais MT,FALSE,2020,9473,-0.43,-0.51,47,6.1,46.8,0.1,5,1.9,423.89,,,,,,,,,,14,92.3,99.3,3.8,,0,9.7,82.2,72,15,0,6,1,24,2.53,15.83,2057,21.7
5108055,Terra Nova do Norte,resto_mt,Demais MT,FALSE,2021,9284,-0.43,-0.51,47,6.1,46.8,0.1,5.68,2.1,458.61,,,,,,5.6,4.9,99.5,94.8,14,100,,3.1,0,11.9,11.5,77.4,78.6,,,,,,,,,
5108055,Terra Nova do Norte,resto_mt,Demais MT,FALSE,2022,10616,-0.43,-0.51,47,6.1,46.8,0.1,5.9,1.92,534.51,,,,,,,,,,13,100,,4.2,0,5.9,6.1,84.1,81.8,,,,,,,,,
5108055,Terra Nova do Norte,resto_mt,Demais MT,FALSE,2023,10616,-0.43,-0.51,47,6.1,46.8,0.1,5.92,2.13,823.05,,,,,,6,5.3,100,99.8,14,100,,,,,,,,16,1,5,1,23,2.17,15.07,2309,21.8
5108055,Terra Nova do Norte,resto_mt,Demais MT,FALSE,2024,10641,-0.43,-0.51,47,6.1,46.8,0.1,6.02,2.34,885.49,,,,,,,,,,14,100,,,,,,,,,,,,,,,,
5108055,Terra Nova do Norte,resto_mt,Demais MT,FALSE,2025,10591,-0.43,-0.51,47,6.1,46.8,0.1,,,,,,,,,,,,,,,,,,,,,,,,,,,,,,
5108105,Tesouro,resto_mt,Demais MT,FALSE,2000,3130,-1.01,-1.01,24.5,6,69.1,,,,,0.588,Baixo,0.6,54.63,6.03,,,,,,,,,,22.2,,44.4,73.3,,,,,,,,,
5108105,Tesouro,resto_mt,Demais MT,FALSE,2001,2958,-1.01,-1.01,24.5,6,69.1,,,,,,,,,,,,,,,,,,,0,,19.4,83.9,,,,,,,,,
5108105,Tesouro,resto_mt,Demais MT,FALSE,2002,2832,-1.01,-1.01,24.5,6,69.1,,,,,,,,,,,,,,,,,,,0,7.1,23.4,90.6,,,,,,,,,
5108105,Tesouro,resto_mt,Demais MT,FALSE,2003,2693,-1.01,-1.01,24.5,6,69.1,,,,,,,,,,,,,,,,,,,32.3,7.9,41.9,100,,,,,,,,,
5108105,Tesouro,resto_mt,Demais MT,FALSE,2004,2402,-1.01,-1.01,24.5,6,69.1,,,,,,,,,,,,,,,,,,,29.4,15.5,17.6,82.4,,,,,,,,,
5108105,Tesouro,resto_mt,Demais MT,FALSE,2005,2242,-1.01,-1.01,24.5,6,69.1,,,,,,,,,,,3.3,,80.9,,,,,,0,20.6,50,53.1,,,,,,,,,
5108105,Tesouro,resto_mt,Demais MT,FALSE,2006,2082,-1.01,-1.01,24.5,6,69.1,,,,,,,,,,,,,,,,,,,0,9.3,57.1,50,,,,,,,,,
5108105,Tesouro,resto_mt,Demais MT,FALSE,2007,3109,-1.01,-1.01,24.5,6,69.1,,,,,,,,,,3.7,3.4,82.3,86.9,7,0,,21,2.5,64.5,19,38.7,64.5,,,,,,,,,
5108105,Tesouro,resto_mt,Demais MT,FALSE,2008,3200,-1.01,-1.01,24.5,6,69.1,,,,,,,,,,,,,,7,0,,16.7,4.6,,20.2,42.3,50,,,,,,,,,
5108105,Tesouro,resto_mt,Demais MT,FALSE,2009,3205,-1.01,-1.01,24.5,6,69.1,,,,,,,,,,,3.5,96.2,86.7,7,0,78.9,19.3,2.2,,46.5,79.3,57.1,,,,,,,,,
5108105,Tesouro,resto_mt,Demais MT,FALSE,2010,3418,-1.01,-1.01,24.5,6,69.1,,,,,0.655,Médio,0.5,46.66,10.62,,,,,6,50,87.5,15.5,0,33.3,35.3,70,66.7,4,1,2,1,12,3.51,11.7,,
5108105,Tesouro,resto_mt,Demais MT,FALSE,2011,3436,-1.01,-1.01,24.5,6,69.1,,,,,,,,,,,,,,6,40,95.8,8.9,0.6,0,32.3,58.8,64.7,,,,,,,,,
5108105,Tesouro,resto_mt,Demais MT,FALSE,2012,3454,-1.01,-1.01,24.5,6,69.1,,,,,,,,,,,,,,7,66.7,84.6,6.8,0,,12.7,73.3,46.7,,,,,,,,,
5108105,Tesouro,resto_mt,Demais MT,FALSE,2013,3482,-1.01,-1.01,24.5,6,69.1,,9.08,,242.65,,,,,,,3.5,100,93.8,7,66.7,91.2,2.7,0,,0,41.4,75.9,,,,,,,,,
5108105,Tesouro,resto_mt,Demais MT,FALSE,2014,3498,-1.01,-1.01,24.5,6,69.1,,9.43,,251.66,,,,,,,,,,7,66.7,88.6,2.8,0,,0,52,68,,,,,,,,,
5108105,Tesouro,resto_mt,Demais MT,FALSE,2015,3513,-1.01,-1.01,24.5,6,69.1,,9.39,,235.59,,,,,,,,,,7,83.3,88.6,3.4,0,,0,42.3,84.6,6,1,2,1,9,2.56,17.08,,
5108105,Tesouro,resto_mt,Demais MT,FALSE,2016,3666,-1.01,-1.01,24.5,6,69.1,,8.29,,199.5,,,,,,,,,,7,83.3,89.2,0.6,0,,0,53.8,76.9,,,,,,,,,
5108105,Tesouro,resto_mt,Demais MT,FALSE,2017,3682,-1.01,-1.01,24.5,6,69.1,,7.9,,192.49,,,,,,6.1,4.1,100,98,7,66.7,87.8,0,0,0,0,37.5,83.3,,,,,,,,,
5108105,Tesouro,resto_mt,Demais MT,FALSE,2018,3786,-1.01,-1.01,24.5,6,69.1,,6.74,,162.39,,,,,,,,,,7,83.3,83.3,0.6,0,,0,50,86.4,,,,,,,,,
5108105,Tesouro,resto_mt,Demais MT,FALSE,2019,3805,-1.01,-1.01,24.5,6,69.1,,5.55,2.55,534.28,,,,,,5.1,4.5,98.8,97.4,6,66.7,85.7,1.3,0,,0,26.3,78.9,,,,,,,,,
5108105,Tesouro,resto_mt,Demais MT,FALSE,2020,3824,-1.01,-1.01,24.5,6,69.1,,5.18,2.54,520.95,,,,,,,,,,7,80,78.9,5.1,,,0,40.7,70.4,6,1,2,1,9,2.35,15.69,418,10.9
5108105,Tesouro,resto_mt,Demais MT,FALSE,2021,3761,-1.01,-1.01,24.5,6,69.1,,5.03,2.66,513.79,,,,,,5.1,4.5,100,100,7,75,,5.5,0,,0,30.4,78.3,,,,,,,,,
5108105,Tesouro,resto_mt,Demais MT,FALSE,2022,3025,-1.01,-1.01,24.5,6,69.1,,9.32,3.4,886.2,,,,,,,,,,7,75,,4.6,0,0,0,58,78,,,,,,,,,
5108105,Tesouro,resto_mt,Demais MT,FALSE,2023,3025,-1.01,-1.01,24.5,6,69.1,,10.45,3.6,1446.07,,,,,,5.2,4.4,100,100,7,75,,,,,,,,6,1,2,1,9,2.98,19.83,458,15.1
5108105,Tesouro,resto_mt,Demais MT,FALSE,2024,2977,-1.01,-1.01,24.5,6,69.1,,11.15,3.12,1486.37,,,,,,,,,,8,75,,,,,,,,,,,,,,,,
5108105,Tesouro,resto_mt,Demais MT,FALSE,2025,2935,-1.01,-1.01,24.5,6,69.1,,,,,,,,,,,,,,,,,,,,,,,,,,,,,,,
5108204,Torixoréu,resto_mt,Demais MT,FALSE,2000,4832,0.27,0.19,32.2,6.5,61.2,,,,,0.593,Baixo,0.55,54.8,9.5,,,,,,,,,,0,,70.6,72.5,,,,,,,,,
5108204,Torixoréu,resto_mt,Demais MT,FALSE,2001,4789,0.27,0.19,32.2,6.5,61.2,,,,,,,,,,,,,,,,,,,0,,55,91.7,,,,,,,,,
5108204,Torixoréu,resto_mt,Demais MT,FALSE,2002,4649,0.27,0.19,32.2,6.5,61.2,,,,,,,,,,,,,,,,,,,58.8,18.5,49,82.4,,,,,,,,,
5108204,Torixoréu,resto_mt,Demais MT,FALSE,2003,4565,0.27,0.19,32.2,6.5,61.2,,,,,,,,,,,,,,,,,,,37.7,30.5,62.3,88.7,,,,,,,,,
5108204,Torixoréu,resto_mt,Demais MT,FALSE,2004,4387,0.27,0.19,32.2,6.5,61.2,,,,,,,,,,,,,,,,,,,16.1,36.1,41.9,61.3,,,,,,,,,
5108204,Torixoréu,resto_mt,Demais MT,FALSE,2005,4288,0.27,0.19,32.2,6.5,61.2,,,,,,,,,,3.5,4,91.4,85.5,,,,,,0,17.5,55.4,58.9,,,,,,,,,
5108204,Torixoréu,resto_mt,Demais MT,FALSE,2006,4190,0.27,0.19,32.2,6.5,61.2,,,,,,,,,,,,,,,,,,,0,6,62,20,,,,,,,,,
5108204,Torixoréu,resto_mt,Demais MT,FALSE,2007,4101,0.27,0.19,32.2,6.5,61.2,,,,,,,,,,4.1,4.1,95,90.9,7,14.3,,11.6,1.4,69.8,20.1,67.4,53.5,,,,,,,,,
5108204,Torixoréu,resto_mt,Demais MT,FALSE,2008,4184,0.27,0.19,32.2,6.5,61.2,,,,,,,,,,,,,,7,0,,9.5,0.8,0,19.9,69,26.3,,,,,,,,,
5108204,Torixoréu,resto_mt,Demais MT,FALSE,2009,4113,0.27,0.19,32.2,6.5,61.2,,,,,,,,,,4.6,3.8,98.1,93.1,7,42.9,54.5,9.7,0.8,47.6,35,69,47.6,,,,,,,,,
5108204,Torixoréu,resto_mt,Demais MT,FALSE,2010,4071,0.27,0.19,32.2,6.5,61.2,,,,,0.716,Alto,0.53,36.79,5.84,,,,,6,50,61.4,4.6,2.5,20.8,20.3,70.8,83.3,5,1,3,1,15,3.68,12.28,,
5108204,Torixoréu,resto_mt,Demais MT,FALSE,2011,4013,0.27,0.19,32.2,6.5,61.2,,,,,,,,,,5.1,3.8,99.6,96.8,7,33.3,62.3,2.9,0.4,0,24.4,60.6,69.7,,,,,,,,,
5108204,Torixoréu,resto_mt,Demais MT,FALSE,2012,3957,0.27,0.19,32.2,6.5,61.2,,,,,,,,,,,,,,7,50,86.5,2.3,0,0,8.5,73,78.4,,,,,,,,,
5108204,Torixoréu,resto_mt,Demais MT,FALSE,2013,3859,0.27,0.19,32.2,6.5,61.2,,7.83,,193.46,,,,,,4.9,4.3,100,96.7,7,50,83.3,2.6,0,0,0,68.8,56.2,,,,,,,,,
5108204,Torixoréu,resto_mt,Demais MT,FALSE,2014,3785,0.27,0.19,32.2,6.5,61.2,,7.21,,178.57,,,,,,,,,,7,60,75.8,3.3,0,0,0,83.3,61.9,,,,,,,,,
5108204,Torixoréu,resto_mt,Demais MT,FALSE,2015,3713,0.27,0.19,32.2,6.5,61.2,,7,,162.53,,,,,,5.5,4.8,100,96.8,6,80,84,2.6,0,0,0,88.4,76.7,7,1,4,1,15,4.04,18.85,,
5108204,Torixoréu,resto_mt,Demais MT,FALSE,2016,3644,0.27,0.19,32.2,6.5,61.2,,6.15,,136.36,,,,,,,,,,6,80,84.1,1.3,0.4,20.8,7.5,75,64.6,,,,,,,,,
5108204,Torixoréu,resto_mt,Demais MT,FALSE,2017,3576,0.27,0.19,32.2,6.5,61.2,,5.93,,138.49,,,,,,6.1,5.2,99.5,99,6,60,89.8,2.1,0,0,7.6,67.5,72.5,,,,,,,,,
5108204,Torixoréu,resto_mt,Demais MT,FALSE,2018,3672,0.27,0.19,32.2,6.5,61.2,,5.66,,137.85,,,,,,,,,,6,80,93.1,3.1,0.5,22.2,15,80,84.4,,,,,,,,,
5108204,Torixoréu,resto_mt,Demais MT,FALSE,2019,3609,0.27,0.19,32.2,6.5,61.2,,5.4,6.84,1226.92,,,,,,6,4.5,100,98.2,5,100,87.3,2.5,0,0,7.9,80.5,78,,,,,,,,,
5108204,Torixoréu,resto_mt,Demais MT,FALSE,2020,3547,0.27,0.19,32.2,6.5,61.2,,5.98,6.71,1214.19,,,,,,,,,,5,100,77.4,1.6,,51.3,24,82.1,28.2,9,1,3,1,15,4.23,25.37,2370,66.8
5108204,Torixoréu,resto_mt,Demais MT,FALSE,2021,3487,0.27,0.19,32.2,6.5,61.2,,6.14,6.77,1182.31,,,,,,5.8,5.1,100,99.4,5,100,,2.7,0,20.4,23.3,75.5,71.4,,,,,,,,,
5108204,Torixoréu,resto_mt,Demais MT,FALSE,2022,4164,0.27,0.19,32.2,6.5,61.2,,7.25,5.86,1212.15,,,,,,,,,,5,100,,4.8,0,0,24.6,85.3,88.2,,,,,,,,,
5108204,Torixoréu,resto_mt,Demais MT,FALSE,2023,4164,0.27,0.19,32.2,6.5,61.2,,7.88,6.46,1670.59,,,,,,5.9,5.1,100,99.4,5,100,,,,,,,,10,1,3,2,15,3.6,24.02,2400,57.6
5108204,Torixoréu,resto_mt,Demais MT,FALSE,2024,4230,0.27,0.19,32.2,6.5,61.2,,8.11,6.36,1715.44,,,,,,,,,,5,100,,,,,,,,,,,,,,,,
5108204,Torixoréu,resto_mt,Demais MT,FALSE,2025,4238,0.27,0.19,32.2,6.5,61.2,,,,,,,,,,,,,,,,,,,,,,,,,,,,,,,
5108303,União do Sul,resto_mt,Demais MT,FALSE,2000,4196,0.25,0.17,37.2,10.8,51.9,0.1,,,,0.525,Baixo,0.47,27.14,1.94,,,,,,,,,,40.5,,28.4,25.7,,,,,,,,,
5108303,União do Sul,resto_mt,Demais MT,FALSE,2001,4464,0.25,0.17,37.2,10.8,51.9,0.1,,,,,,,,,,,,,,,,,,34.5,,41.4,50.9,,,,,,,,,
5108303,União do Sul,resto_mt,Demais MT,FALSE,2002,4662,0.25,0.17,37.2,10.8,51.9,0.1,,,,,,,,,,,,,,,,,,29.4,35,45.6,54.4,,,,,,,,,
5108303,União do Sul,resto_mt,Demais MT,FALSE,2003,4879,0.25,0.17,37.2,10.8,51.9,0.1,,,,,,,,,,,,,,,,,,28.6,30.6,58.6,78.6,,,,,,,,,
5108303,União do Sul,resto_mt,Demais MT,FALSE,2004,5333,0.25,0.17,37.2,10.8,51.9,0.1,,,,,,,,,,,,,,,,,,13.7,23.7,45.2,87.7,,,,,,,,,
5108303,União do Sul,resto_mt,Demais MT,FALSE,2005,5584,0.25,0.17,37.2,10.8,51.9,0.1,,,,,,,,,3.6,3.3,89,80.8,,,,,,0,15.7,39.6,87.5,,,,,,,,,
5108303,União do Sul,resto_mt,Demais MT,FALSE,2006,5834,0.25,0.17,37.2,10.8,51.9,0.1,,,,,,,,,,,,,,,,,,25.6,12.5,41,84.6,,,,,,,,,
5108303,União do Sul,resto_mt,Demais MT,FALSE,2007,3998,0.25,0.17,37.2,10.8,51.9,0.1,,,,,,,,,2.7,3.5,65.3,73.6,4,25,,17.8,1.7,54.1,24.2,48.6,83.8,,,,,,,,,
5108303,União do Sul,resto_mt,Demais MT,FALSE,2008,4106,0.25,0.17,37.2,10.8,51.9,0.1,,,,,,,,,,,,,4,50,,25.4,1.5,0,24.2,35.4,60.4,,,,,,,,,
5108303,União do Sul,resto_mt,Demais MT,FALSE,2009,4093,0.25,0.17,37.2,10.8,51.9,0.1,,,,,,,,,4.4,,82.7,91.8,3,100,47.8,18.5,0.4,21.7,22.9,43.5,65.2,,,,,,,,,
5108303,União do Sul,resto_mt,Demais MT,FALSE,2010,3760,0.25,0.17,37.2,10.8,51.9,0.1,,,,0.665,Médio,0.45,37.84,5.15,,,,,3,100,42,19.7,1.4,18.9,13.6,39.6,58.5,5,0,3,0,0,0,13.3,,
5108303,União do Sul,resto_mt,Demais MT,FALSE,2011,3727,0.25,0.17,37.2,10.8,51.9,0.1,,,,,,,,,4.8,4.3,90,99.4,6,100,76.1,20.2,0,19.6,20,31.4,64.7,,,,,,,,,
5108303,União do Sul,resto_mt,Demais MT,FALSE,2012,3695,0.25,0.17,37.2,10.8,51.9,0.1,,,,,,,,,,,,,6,100,95.3,13.9,0.3,0,12.1,52.5,73.8,,,,,,,,,
5108303,União do Sul,resto_mt,Demais MT,FALSE,2013,3639,0.25,0.17,37.2,10.8,51.9,0.1,8.55,,272.21,,,,,,5.9,4.5,97,98.6,6,100,81.1,8.2,0.3,22.7,12.8,47.7,77.3,,,,,,,,,
5108303,União do Sul,resto_mt,Demais MT,FALSE,2014,3594,0.25,0.17,37.2,10.8,51.9,0.1,8.99,,285.41,,,,,,,,,,6,100,71.2,7.6,0.3,31.7,17.9,47.6,68.3,,,,,,,,,
5108303,União do Sul,resto_mt,Demais MT,FALSE,2015,3551,0.25,0.17,37.2,10.8,51.9,0.1,8.9,,272.35,,,,,,5.9,4.6,98.8,97.9,6,100,82.5,5,0,17.9,24.5,41.1,78.6,8,0,4,0,0,0,22.53,,
5108303,União do Sul,resto_mt,Demais MT,FALSE,2016,3509,0.25,0.17,37.2,10.8,51.9,0.1,9.52,,303.76,,,,,,,,,,6,100,86.5,5.2,0,0,16.9,53.4,70.7,,,,,,,,,
5108303,União do Sul,resto_mt,Demais MT,FALSE,2017,3468,0.25,0.17,37.2,10.8,51.9,0.1,8.62,,305.5,,,,,,5.7,5.1,96.4,96.7,6,100,89.1,3.8,0,0,6.3,48.9,86.7,,,,,,,,,
5108303,União do Sul,resto_mt,Demais MT,FALSE,2018,3562,0.25,0.17,37.2,10.8,51.9,0.1,8.42,,308.38,,,,,,,,,,6,100,88.5,5.4,0,0,0,57.1,87.8,,,,,,,,,
5108303,União do Sul,resto_mt,Demais MT,FALSE,2019,3525,0.25,0.17,37.2,10.8,51.9,0.1,9.84,1.93,691.99,,,,,,6,4.8,97.9,97.3,3,100,87.7,6,0,0,0,65.3,79.6,,,,,,,,,
5108303,União do Sul,resto_mt,Demais MT,FALSE,2020,3490,0.25,0.17,37.2,10.8,51.9,0.1,10.43,2.06,733.67,,,,,,,,,,3,100,81.7,7.2,,0,0,61.2,89.8,11,1,4,0,0,0,31.52,462,13.2
5108303,União do Sul,resto_mt,Demais MT,FALSE,2021,3455,0.25,0.17,37.2,10.8,51.9,0.1,10.59,2.11,748.42,,,,,,6,,100,98.7,3,100,,6.9,0,0,0,61,95.1,,,,,,,,,
5108303,União do Sul,resto_mt,Demais MT,FALSE,2022,3838,0.25,0.17,37.2,10.8,51.9,0.1,12.43,2.01,870.35,,,,,,,,,,3,100,,2.5,0,0,0,61.6,82.2,,,,,,,,,
5108303,União do Sul,resto_mt,Demais MT,FALSE,2023,3838,0.25,0.17,37.2,10.8,51.9,0.1,12.12,2.16,1360.15,,,,,,6.7,4.9,100,99.3,3,100,,,,,,,,14,1,3,0,0,0,36.48,778,20.3
5108303,União do Sul,resto_mt,Demais MT,FALSE,2024,3897,0.25,0.17,37.2,10.8,51.9,0.1,11.57,2.1,1334.15,,,,,,,,,,3,100,,,,,,,,,,,,,,,,
5108303,União do Sul,resto_mt,Demais MT,FALSE,2025,3904,0.25,0.17,37.2,10.8,51.9,0.1,,,,,,,,,,,,,,,,,,,,,,,,,,,,,,
5108352,Vale de São Domingos,resto_mt,Demais MT,FALSE,2001,3299,-0.36,-0.41,32.2,5.8,62,,,,,,,,,,,,,,,,,,,,,,,,,,,,,,,
5108352,Vale de São Domingos,resto_mt,Demais MT,FALSE,2002,3353,-0.36,-0.41,32.2,5.8,62,,,,,,,,,,,,,,,,,,,,,,,,,,,,,,,
5108352,Vale de São Domingos,resto_mt,Demais MT,FALSE,2003,3413,-0.36,-0.41,32.2,5.8,62,,,,,,,,,,,,,,,,,,,29.4,58.8,58.8,38.2,,,,,,,,,
5108352,Vale de São Domingos,resto_mt,Demais MT,FALSE,2004,3212,-0.36,-0.41,32.2,5.8,62,,,,,,,,,,,,,,,,,,,0,13.7,56.4,33.3,,,,,,,,,
5108352,Vale de São Domingos,resto_mt,Demais MT,FALSE,2005,3275,-0.36,-0.41,32.2,5.8,62,,,,,,,,,,,3.2,,74.3,,,,,,0,9,44.7,47.4,,,,,,,,,
5108352,Vale de São Domingos,resto_mt,Demais MT,FALSE,2006,3337,-0.36,-0.41,32.2,5.8,62,,,,,,,,,,,,,,,,,,,30.3,9.1,51.5,30.3,,,,,,,,,
5108352,Vale de São Domingos,resto_mt,Demais MT,FALSE,2007,2873,-0.36,-0.41,32.2,5.8,62,,,,,,,,,,3.7,3.5,92,85.5,5,40,,12.1,2.3,31.2,19.4,53.1,37.5,,,,,,,,,
5108352,Vale de São Domingos,resto_mt,Demais MT,FALSE,2008,2955,-0.36,-0.41,32.2,5.8,62,,,,,,,,,,,,,,5,40,,8.4,1.9,,42.6,48.3,48.3,,,,,,,,,
5108352,Vale de São Domingos,resto_mt,Demais MT,FALSE,2009,2955,-0.36,-0.41,32.2,5.8,62,,,,,,,,,,4.6,3.6,94,80.7,5,40,77.1,8.9,0.9,0,29.7,60,55,,,,,,,,,
5108352,Vale de São Domingos,resto_mt,Demais MT,FALSE,2010,3052,-0.36,-0.41,32.2,5.8,62,,,,,0.656,Médio,0.43,37.56,4.75,,,,,5,80,79.1,10.4,0,37.7,32.8,67.9,54.7,4,0,3,0,0,0,13.11,,
5108352,Vale de São Domingos,resto_mt,Demais MT,FALSE,2011,3052,-0.36,-0.41,32.2,5.8,62,,,,,,,,,,,,,,4,100,82.6,8.9,0,20.4,21.1,59.2,49,,,,,,,,,
5108352,Vale de São Domingos,resto_mt,Demais MT,FALSE,2012,3052,-0.36,-0.41,32.2,5.8,62,,,,,,,,,,,,,,5,100,95.2,3.8,0.8,0,21.9,68.6,51.4,,,,,,,,,
5108352,Vale de São Domingos,resto_mt,Demais MT,FALSE,2013,3050,-0.36,-0.41,32.2,5.8,62,,9.28,,278.04,,,,,,,,,,5,100,81.8,2,0.4,40.8,22.6,69.4,38.8,,,,,,,,,
5108352,Vale de São Domingos,resto_mt,Demais MT,FALSE,2014,3045,-0.36,-0.41,32.2,5.8,62,,8.7,,243.66,,,,,,,,,,4,100,66,0.8,0,29.4,25.4,82.4,73.5,,,,,,,,,
5108352,Vale de São Domingos,resto_mt,Demais MT,FALSE,2015,3040,-0.36,-0.41,32.2,5.8,62,,7.7,,208.98,,,,,,,,,,4,100,75.9,0.4,0,0,25.2,69.4,44.4,7,0,3,0,0,0,23.03,,
5108352,Vale de São Domingos,resto_mt,Demais MT,FALSE,2016,3047,-0.36,-0.41,32.2,5.8,62,,8.01,,233.52,,,,,,,,,,4,75,81,0.8,0,27.8,18.9,75,63.9,,,,,,,,,
5108352,Vale de São Domingos,resto_mt,Demais MT,FALSE,2017,3041,-0.36,-0.41,32.2,5.8,62,,7,,226.69,,,,,,,,,,4,100,83.6,0.4,0,0,9.4,76.5,61.8,,,,,,,,,
5108352,Vale de São Domingos,resto_mt,Demais MT,FALSE,2018,3128,-0.36,-0.41,32.2,5.8,62,,6.27,,204.31,,,,,,,,,,4,100,94.4,1.2,0,0,9.3,76.3,47.4,,,,,,,,,
5108352,Vale de São Domingos,resto_mt,Demais MT,FALSE,2019,3127,-0.36,-0.41,32.2,5.8,62,,5.95,0.38,247.99,,,,,,,,,,4,100,98.1,17.9,0,19.6,8.1,84.3,60.8,,,,,,,,,
5108352,Vale de São Domingos,resto_mt,Demais MT,FALSE,2020,3126,-0.36,-0.41,32.2,5.8,62,,6.24,0.45,261.97,,,,,,,,,,4,100,94,3.3,,32.3,16.7,77.4,67.7,12,1,4,1,5,1.6,38.39,128,4.1
5108352,Vale de São Domingos,resto_mt,Demais MT,FALSE,2021,3124,-0.36,-0.41,32.2,5.8,62,,7.23,0.45,291.02,,,,,,,,,,4,100,,0.4,0.9,28.6,25.6,82.9,51.4,,,,,,,,,
5108352,Vale de São Domingos,resto_mt,Demais MT,FALSE,2022,2904,-0.36,-0.41,32.2,5.8,62,,9.23,0.65,484.33,,,,,,,,,,4,100,,0.4,0,0,19,84.6,61.5,,,,,,,,,
5108352,Vale de São Domingos,resto_mt,Demais MT,FALSE,2023,2904,-0.36,-0.41,32.2,5.8,62,,9.71,0.93,926.95,,,,,,,,,,4,100,,,,,,,,12,1,4,0,0,0,41.32,188,6.5
5108352,Vale de São Domingos,resto_mt,Demais MT,FALSE,2024,2907,-0.36,-0.41,32.2,5.8,62,,9.36,1.14,968.06,,,,,,,,,,4,100,,,,,,,,,,,,,,,,
5108352,Vale de São Domingos,resto_mt,Demais MT,FALSE,2025,2892,-0.36,-0.41,32.2,5.8,62,,,,,,,,,,,,,,,,,,,,,,,,,,,,,,,
5108402,Várzea Grande,polo_metropolitano,Polo Metropolitano,FALSE,2000,215298,1.57,1.45,23.8,12.4,63.4,0.2,,,,0.62,Médio,0.54,45.56,4.31,,,,,,,,,,22.5,,51.7,71,,,,,,,,,
5108402,Várzea Grande,polo_metropolitano,Polo Metropolitano,FALSE,2001,221825,1.57,1.45,23.8,12.4,63.4,0.2,,,,,,,,,,,,,,,,,,16.1,,50.9,70.6,,,,,,,,,
5108402,Várzea Grande,polo_metropolitano,Polo Metropolitano,FALSE,2002,226525,1.57,1.45,23.8,12.4,63.4,0.2,,,,,,,,,,,,,,,,,,20.9,19.8,50.5,67.5,,,,,,,,,
5108402,Várzea Grande,polo_metropolitano,Polo Metropolitano,FALSE,2003,231736,1.57,1.45,23.8,12.4,63.4,0.2,,,,,,,,,,,,,,,,,,17.3,18,50.2,68.5,,,,,,,,,
5108402,Várzea Grande,polo_metropolitano,Polo Metropolitano,FALSE,2004,242674,1.57,1.45,23.8,12.4,63.4,0.2,,,,,,,,,,,,,,,,,,16.1,18,53,63.4,,,,,,,,,
5108402,Várzea Grande,polo_metropolitano,Polo Metropolitano,FALSE,2005,248728,1.57,1.45,23.8,12.4,63.4,0.2,,,,,,,,,3.6,2.7,85.7,66.1,,,,,,15.7,16.4,53,58.6,,,,,,,,,
5108402,Várzea Grande,polo_metropolitano,Polo Metropolitano,FALSE,2006,254736,1.57,1.45,23.8,12.4,63.4,0.2,,,,,,,,,,,,,,,,,,12.7,14.8,52.9,56.4,,,,,,,,,
5108402,Várzea Grande,polo_metropolitano,Polo Metropolitano,FALSE,2007,230307,1.57,1.45,23.8,12.4,63.4,0.2,,,,,,,,,4.2,3.4,91.7,80.9,147,42.2,,18.4,2.4,12,13.5,54.7,57.5,,,,,,,,,
5108402,Várzea Grande,polo_metropolitano,Polo Metropolitano,FALSE,2008,237925,1.57,1.45,23.8,12.4,63.4,0.2,,,,,,,,,,,,,160,52.6,,18,1.9,13.7,12.8,57.8,52.7,,,,,,,,,
5108402,Várzea Grande,polo_metropolitano,Polo Metropolitano,FALSE,2009,240038,1.57,1.45,23.8,12.4,63.4,0.2,,,,,,,,,4.6,3.9,93.8,87.1,159,78.7,85.6,13.9,1.2,14.2,13.3,56.2,55.1,,,,,,,,,
5108402,Várzea Grande,polo_metropolitano,Polo Metropolitano,FALSE,2010,252596,1.57,1.45,23.8,12.4,63.4,0.2,,,,0.734,Alto,0.46,23.21,2.01,,,,,160,82.7,75.4,12.8,0.5,16.1,14.7,58.8,56.2,123,5,23,5,325,1.29,4.87,,
5108402,Várzea Grande,polo_metropolitano,Polo Metropolitano,FALSE,2011,255449,1.57,1.45,23.8,12.4,63.4,0.2,,,,,,,,,4.7,4,96.3,95,169,84.6,74.2,10.4,0.7,12,14.1,58.5,54.6,,,,,,,,,
5108402,Várzea Grande,polo_metropolitano,Polo Metropolitano,FALSE,2012,258208,1.57,1.45,23.8,12.4,63.4,0.2,,,,,,,,,,,,,175,86.8,76.1,8.6,0.5,9,12.3,59.2,60,,,,,,,,,
5108402,Várzea Grande,polo_metropolitano,Polo Metropolitano,FALSE,2013,262880,1.57,1.45,23.8,12.4,63.4,0.2,6.16,,197.66,,,,,,4.7,4.1,96.9,96.9,174,88.5,73.3,6.5,0.5,11.6,10.9,59,60.9,,,,,,,,,
5108402,Várzea Grande,polo_metropolitano,Polo Metropolitano,FALSE,2014,265775,1.57,1.45,23.8,12.4,63.4,0.2,6.59,,213.5,,,,,,,,,,177,90.4,76.9,5.4,0.5,11.5,10.7,56.8,59.4,,,,,,,,,
5108402,Várzea Grande,polo_metropolitano,Polo Metropolitano,FALSE,2015,268594,1.57,1.45,23.8,12.4,63.4,0.2,6.38,,190.39,,,,,,5.2,4.1,96.5,94.3,179,89.9,80.3,5.7,0.3,14.4,12.5,55.1,59.6,150,8,33,5,267,0.99,5.58,,
5108402,Várzea Grande,polo_metropolitano,Polo Metropolitano,FALSE,2016,271339,1.57,1.45,23.8,12.4,63.4,0.2,6.53,,177.67,,,,,,,,,,182,90.1,81.5,6.2,0.4,13.2,13,57,58.5,,,,,,,,,
5108402,Várzea Grande,polo_metropolitano,Polo Metropolitano,FALSE,2017,274013,1.57,1.45,23.8,12.4,63.4,0.2,6.14,,168.09,,,,,,5.4,4.4,97.2,95.8,180,90.9,79.6,7.3,0.3,12.1,13.2,56.6,60.5,,,,,,,,,
5108402,Várzea Grande,polo_metropolitano,Polo Metropolitano,FALSE,2018,282009,1.57,1.45,23.8,12.4,63.4,0.2,6.26,,167.49,,,,,,,,,,187,92.1,79.2,6.6,0.4,16,13.8,55.8,60,,,,,,,,,
5108402,Várzea Grande,polo_metropolitano,Polo Metropolitano,FALSE,2019,284971,1.57,1.45,23.8,12.4,63.4,0.2,6.38,3.19,678.22,,,,,,5.6,4.3,97.5,92.2,186,95.2,79.8,5.8,0.2,12.5,13.5,53.9,61.4,,,,,,,,,
5108402,Várzea Grande,polo_metropolitano,Polo Metropolitano,FALSE,2020,287526,1.57,1.45,23.8,12.4,63.4,0.2,6.19,3.16,659.8,,,,,,,,,,165,95.7,79.2,5.1,,14.2,14.2,55.9,56.3,213,11,45,9,563,1.96,7.41,175132,60.9
5108402,Várzea Grande,polo_metropolitano,Polo Metropolitano,FALSE,2021,290383,1.57,1.45,23.8,12.4,63.4,0.2,6.12,3.11,632.42,,,,,,5.4,4.7,99.7,97.9,190,98.8,,3.6,0.1,12.4,13,57.4,60.7,,,,,,,,,
5108402,Várzea Grande,polo_metropolitano,Polo Metropolitano,FALSE,2022,300078,1.57,1.45,23.8,12.4,63.4,0.2,9.17,3.11,845.66,,,,,,,,,,207,99.4,,2.7,0.1,14.9,13.8,54.6,62.8,,,,,,,,,
5108402,Várzea Grande,polo_metropolitano,Polo Metropolitano,FALSE,2023,300078,1.57,1.45,23.8,12.4,63.4,0.2,10.16,3.43,1361.04,,,,,,5.5,4.5,98.5,97.7,184,100,,,,,,,,269,11,52,8,435,1.45,8.96,209612,69.9
5108402,Várzea Grande,polo_metropolitano,Polo Metropolitano,FALSE,2024,314627,1.57,1.45,23.8,12.4,63.4,0.2,8.88,3.73,1365.63,,,,,,,,,,191,100,,,,,,,,,,,,,,,,
5108402,Várzea Grande,polo_metropolitano,Polo Metropolitano,FALSE,2025,318922,1.57,1.45,23.8,12.4,63.4,0.2,,,,,,,,,,,,,,,,,,,,,,,,,,,,,,
5108501,Vera,resto_mt,Demais MT,FALSE,2000,9055,0.33,1.88,43.4,8.1,48.2,0.1,,,,0.563,Baixo,0.45,33.42,3.21,,,,,,,,,,36.9,,37.8,41.9,,,,,,,,,
5108501,Vera,resto_mt,Demais MT,FALSE,2001,9471,0.33,1.88,43.4,8.1,48.2,0.1,,,,,,,,,,,,,,,,,,25.6,,27.7,33.3,,,,,,,,,
5108501,Vera,resto_mt,Demais MT,FALSE,2002,9751,0.33,1.88,43.4,8.1,48.2,0.1,,,,,,,,,,,,,,,,,,18.6,27.1,21.9,42.3,,,,,,,,,
5108501,Vera,resto_mt,Demais MT,FALSE,2003,10073,0.33,1.88,43.4,8.1,48.2,0.1,,,,,,,,,,,,,,,,,,0,15.7,36.8,72.4,,,,,,,,,
5108501,Vera,resto_mt,Demais MT,FALSE,2004,10751,0.33,1.88,43.4,8.1,48.2,0.1,,,,,,,,,,,,,,,,,,15.9,12.3,36.5,78.3,,,,,,,,,
5108501,Vera,resto_mt,Demais MT,FALSE,2005,11126,0.33,1.88,43.4,8.1,48.2,0.1,,,,,,,,,3.8,3.2,88.3,67.5,,,,,,22.1,13.1,35.4,81.2,,,,,,,,,
5108501,Vera,resto_mt,Demais MT,FALSE,2006,11499,0.33,1.88,43.4,8.1,48.2,0.1,,,,,,,,,,,,,,,,,,13.2,17.3,41.1,85.4,,,,,,,,,
5108501,Vera,resto_mt,Demais MT,FALSE,2007,9188,0.33,1.88,43.4,8.1,48.2,0.1,,,,,,,,,4.6,3.9,93.7,80.6,10,40,,13.6,0.3,15.5,17.4,40.3,82,,,,,,,,,
5108501,Vera,resto_mt,Demais MT,FALSE,2008,9468,0.33,1.88,43.4,8.1,48.2,0.1,,,,,,,,,,,,,10,60,,10.4,0.3,6.7,11.7,39.6,83.9,,,,,,,,,
5108501,Vera,resto_mt,Demais MT,FALSE,2009,9502,0.33,1.88,43.4,8.1,48.2,0.1,,,,,,,,,5,3.6,99.5,87.5,10,60,52,8.4,0.5,40.7,20,52.8,82.1,,,,,,,,,
5108501,Vera,resto_mt,Demais MT,FALSE,2010,10235,0.33,1.88,43.4,8.1,48.2,0.1,,,,0.68,Médio,0.42,31.09,3.95,,,,,10,90,67.5,7.2,0,0,14.9,33.1,90.8,15,2,5,1,16,1.56,14.66,,
5108501,Vera,resto_mt,Demais MT,FALSE,2011,10326,0.33,1.88,43.4,8.1,48.2,0.1,,,,,,,,,4.6,4.4,99.8,97,10,90,85,5.2,0.2,44.2,27.3,37.2,88.5,,,,,,,,,
5108501,Vera,resto_mt,Demais MT,FALSE,2012,10414,0.33,1.88,43.4,8.1,48.2,0.1,,,,,,,,,,,,,10,90,87.8,3.1,0.1,14.5,18.4,47.8,85.5,,,,,,,,,
5108501,Vera,resto_mt,Demais MT,FALSE,2013,10561,0.33,1.88,43.4,8.1,48.2,0.1,3.95,,89.36,,,,,,5.5,4,100,94.2,10,100,66.4,0.9,0,13.7,22.7,51.4,86.3,,,,,,,,,
5108501,Vera,resto_mt,Demais MT,FALSE,2014,10650,0.33,1.88,43.4,8.1,48.2,0.1,3.55,,86.48,,,,,,,,,,10,100,70.5,0.5,0,19.5,16,51.9,84.4,,,,,,,,,
5108501,Vera,resto_mt,Demais MT,FALSE,2015,10736,0.33,1.88,43.4,8.1,48.2,0.1,3.5,,83.2,,,,,,5.8,4.2,99.7,96.1,10,100,82.4,0.7,0.2,14.4,15.9,47.5,79.1,14,1,5,1,16,1.49,13.04,,
5108501,Vera,resto_mt,Demais MT,FALSE,2016,10820,0.33,1.88,43.4,8.1,48.2,0.1,3.36,,78.94,,,,,,,,,,10,100,75,1.4,0,0,11.8,43.1,77.7,,,,,,,,,
5108501,Vera,resto_mt,Demais MT,FALSE,2017,10901,0.33,1.88,43.4,8.1,48.2,0.1,3.61,,85.66,,,,,,5.9,4.6,98.5,92.6,10,88.9,70.9,3.4,0.2,6.6,7.1,50.3,80.8,,,,,,,,,
5108501,Vera,resto_mt,Demais MT,FALSE,2018,11216,0.33,1.88,43.4,8.1,48.2,0.1,3.47,,76.77,,,,,,,,,,10,100,62,4,0,6,4.5,49.7,80.8,,,,,,,,,
5108501,Vera,resto_mt,Demais MT,FALSE,2019,11309,0.33,1.88,43.4,8.1,48.2,0.1,2.92,1.84,357.67,,,,,,5.9,4.7,99.4,89.7,10,100,64.1,4.4,0.1,13.1,8.5,50.3,88.9,,,,,,,,,
5108501,Vera,resto_mt,Demais MT,FALSE,2020,11402,0.33,1.88,43.4,8.1,48.2,0.1,3.15,1.9,371.96,,,,,,,,,,10,100,67.9,3.5,,18.4,12.4,54.6,85.9,17,1,4,0,0,0,14.91,3160,27.7
5108501,Vera,resto_mt,Demais MT,FALSE,2021,11731,0.33,1.88,43.4,8.1,48.2,0.1,3.4,1.84,353.02,,,,,,5,4.7,99.4,98.9,10,100,,2.9,0,11.9,14.5,55.4,83.3,,,,,,,,,
5108501,Vera,resto_mt,Demais MT,FALSE,2022,12800,0.33,1.88,43.4,8.1,48.2,0.1,3.9,1.62,396.67,,,,,,,,,,10,100,,3.6,0,13.6,14.6,55.1,85,,,,,,,,,
5108501,Vera,resto_mt,Demais MT,FALSE,2023,12800,0.33,1.88,43.4,8.1,48.2,0.1,3.21,1.72,525.27,,,,,,6,4.8,100,99.7,10,100,,,,,,,,19,2,4,1,28,2.19,14.84,3913,30.6
5108501,Vera,resto_mt,Demais MT,FALSE,2024,13389,0.33,1.88,43.4,8.1,48.2,0.1,3.25,1.63,531.03,,,,,,,,,,9,100,,,,,,,,,,,,,,,,
5108501,Vera,resto_mt,Demais MT,FALSE,2025,10758,0.33,1.88,43.4,8.1,48.2,0.1,,,,,,,,,,,,,,,,,,,,,,,,,,,,,,
5108600,Vila Rica,resto_mt,Demais MT,FALSE,2000,15583,-0.55,-0.6,33.4,10.5,55.8,0.2,,,,0.485,Muito Baixo,0.57,60.39,11.66,,,,,,,,,,26.5,,20,63.1,,,,,,,,,
5108600,Vila Rica,resto_mt,Demais MT,FALSE,2001,16283,-0.55,-0.6,33.4,10.5,55.8,0.2,,,,,,,,,,,,,,,,,,28.1,,17.8,63.4,,,,,,,,,
5108600,Vila Rica,resto_mt,Demais MT,FALSE,2002,16871,-0.55,-0.6,33.4,10.5,55.8,0.2,,,,,,,,,,,,,,,,,,32.9,29.2,21.6,77.5,,,,,,,,,
5108600,Vila Rica,resto_mt,Demais MT,FALSE,2003,17469,-0.55,-0.6,33.4,10.5,55.8,0.2,,,,,,,,,,,,,,,,,,8.2,22.6,23.9,79.4,,,,,,,,,
5108600,Vila Rica,resto_mt,Demais MT,FALSE,2004,18724,-0.55,-0.6,33.4,10.5,55.8,0.2,,,,,,,,,,,,,,,,,,18.1,19.4,23.8,80.4,,,,,,,,,
5108600,Vila Rica,resto_mt,Demais MT,FALSE,2005,19418,-0.55,-0.6,33.4,10.5,55.8,0.2,,,,,,,,,3.2,3.4,66.6,72.9,,,,,,26.5,17.7,25.1,88.6,,,,,,,,,
5108600,Vila Rica,resto_mt,Demais MT,FALSE,2006,20108,-0.55,-0.6,33.4,10.5,55.8,0.2,,,,,,,,,,,,,,,,,,18.2,20.9,30.5,90.1,,,,,,,,,
5108600,Vila Rica,resto_mt,Demais MT,FALSE,2007,18934,-0.55,-0.6,33.4,10.5,55.8,0.2,,,,,,,,,4,3.4,84.7,80.6,16,37.5,,29.4,3.8,25.4,23.4,28.9,92.9,,,,,,,,,
5108600,Vila Rica,resto_mt,Demais MT,FALSE,2008,19672,-0.55,-0.6,33.4,10.5,55.8,0.2,,,,,,,,,,,,,16,31.2,,25.6,2.1,27,23.6,27.9,90.2,,,,,,,,,
5108600,Vila Rica,resto_mt,Demais MT,FALSE,2009,20075,-0.55,-0.6,33.4,10.5,55.8,0.2,,,,,,,,,4.3,3.9,93.8,82.9,16,31.2,30.4,27.3,1.7,15.4,23.1,37.2,90.5,,,,,,,,,
5108600,Vila Rica,resto_mt,Demais MT,FALSE,2010,21382,-0.55,-0.6,33.4,10.5,55.8,0.2,,,,0.688,Médio,0.56,33.88,3.06,,,,,16,37.5,41,21.5,1.4,11.8,18.7,35,82.5,14,1,7,1,19,0.89,6.55,,
5108600,Vila Rica,resto_mt,Demais MT,FALSE,2011,21828,-0.55,-0.6,33.4,10.5,55.8,0.2,,,,,,,,,4.8,4.2,95.5,89,17,37.5,51.9,16.8,0.6,19.2,15.4,39.7,59.4,,,,,,,,,
5108600,Vila Rica,resto_mt,Demais MT,FALSE,2012,22258,-0.55,-0.6,33.4,10.5,55.8,0.2,,,,,,,,,,,,,18,43.8,59.3,13.9,0.6,16.6,15.7,35.5,60.5,,,,,,,,,
5108600,Vila Rica,resto_mt,Demais MT,FALSE,2013,22990,-0.55,-0.6,33.4,10.5,55.8,0.2,5.39,,149.16,,,,,,4.9,4.3,94.8,92.4,17,43.8,68.7,10.8,1.2,20.2,18.7,33.3,57.6,,,,,,,,,
5108600,Vila Rica,resto_mt,Demais MT,FALSE,2014,23469,-0.55,-0.6,33.4,10.5,55.8,0.2,5.05,,141,,,,,,,,,,17,43.8,71.6,8.2,0.9,22.4,19.6,27.2,56.3,,,,,,,,,
5108600,Vila Rica,resto_mt,Demais MT,FALSE,2015,23937,-0.55,-0.6,33.4,10.5,55.8,0.2,4.81,,121.82,,,,,,5.1,4.1,94.6,92.7,18,64.7,72,7.9,0.9,17.9,20.1,26.9,71.3,15,1,7,1,19,0.79,6.27,,
5108600,Vila Rica,resto_mt,Demais MT,FALSE,2016,24392,-0.55,-0.6,33.4,10.5,55.8,0.2,4.33,,101,,,,,,,,,,18,70.6,71.6,8.4,0.6,11.1,17.1,52.6,65.6,,,,,,,,,
5108600,Vila Rica,resto_mt,Demais MT,FALSE,2017,24835,-0.55,-0.6,33.4,10.5,55.8,0.2,3.11,,63.58,,,,,,5.1,4.8,94.6,92.1,18,58.8,73.1,9.9,1.2,13.9,14.4,57.8,55.7,,,,,,,,,
5108600,Vila Rica,resto_mt,Demais MT,FALSE,2018,25570,-0.55,-0.6,33.4,10.5,55.8,0.2,2.5,,50.97,,,,,,,,,,18,56.2,73.5,10.3,0.4,15.6,13.7,53.4,70.6,,,,,,,,,
5108600,Vila Rica,resto_mt,Demais MT,FALSE,2019,26037,-0.55,-0.6,33.4,10.5,55.8,0.2,1.95,1.49,278.85,,,,,,5.1,4.5,92.4,91.3,16,100,85.4,10.4,0.8,13.2,14.3,57.9,76.2,,,,,,,,,
5108600,Vila Rica,resto_mt,Demais MT,FALSE,2020,26496,-0.55,-0.6,33.4,10.5,55.8,0.2,1.88,1.42,266.73,,,,,,,,,,16,100,84.8,10.5,,12.8,13.9,53.4,79.2,19,1,6,1,17,0.64,7.17,2613,9.9
5108600,Vila Rica,resto_mt,Demais MT,FALSE,2021,26946,-0.55,-0.6,33.4,10.5,55.8,0.2,2,1.42,259.14,,,,,,5.2,4.4,95.5,94.8,18,100,,10.1,0.7,3.9,10.3,49.4,78,,,,,,,,,
5108600,Vila Rica,resto_mt,Demais MT,FALSE,2022,19888,-0.55,-0.6,33.4,10.5,55.8,0.2,4.27,2.06,490.26,,,,,,,,,,18,100,,11.3,0.4,11.3,9.6,59.4,85,,,,,,,,,
5108600,Vila Rica,resto_mt,Demais MT,FALSE,2023,19888,-0.55,-0.6,33.4,10.5,55.8,0.2,5.59,2.22,840.16,,,,,,5.4,4.7,97.2,98.1,16,100,,,,,,,,27,1,8,1,16,0.8,13.58,3286,16.5
5108600,Vila Rica,resto_mt,Demais MT,FALSE,2024,19827,-0.55,-0.6,33.4,10.5,55.8,0.2,6.67,2.47,1005.67,,,,,,,,,,18,100,,,,,,,,,,,,,,,,
5108600,Vila Rica,resto_mt,Demais MT,FALSE,2025,19686,-0.55,-0.6,33.4,10.5,55.8,0.2,,,,,,,,,,,,,,,,,,,,,,,,,,,,,,
5108808,Nova Guarita,resto_mt,Demais MT,FALSE,2000,5651,-0.54,-0.6,41.6,6.4,51.8,0.2,,,,0.516,Baixo,0.57,59.58,18.97,,,,,,,,,,13,,48.1,14.3,,,,,,,,,
5108808,Nova Guarita,resto_mt,Demais MT,FALSE,2001,5602,-0.54,-0.6,41.6,6.4,51.8,0.2,,,,,,,,,,,,,,,,,,0,,57.4,25.9,,,,,,,,,
5108808,Nova Guarita,resto_mt,Demais MT,FALSE,2002,5606,-0.54,-0.6,41.6,6.4,51.8,0.2,,,,,,,,,,,,,,,,,,13.9,9.9,50,40.3,,,,,,,,,
5108808,Nova Guarita,resto_mt,Demais MT,FALSE,2003,5584,-0.54,-0.6,41.6,6.4,51.8,0.2,,,,,,,,,,,,,,,,,,0,5.4,45.8,61,,,,,,,,,
5108808,Nova Guarita,resto_mt,Demais MT,FALSE,2004,5540,-0.54,-0.6,41.6,6.4,51.8,0.2,,,,,,,,,,,,,,,,,,15.6,10.3,45.3,60.9,,,,,,,,,
5108808,Nova Guarita,resto_mt,Demais MT,FALSE,2005,5516,-0.54,-0.6,41.6,6.4,51.8,0.2,,,,,,,,,3.8,2.7,86.5,61.5,,,,,,15.2,10.6,59.1,66.7,,,,,,,,,
5108808,Nova Guarita,resto_mt,Demais MT,FALSE,2006,5491,-0.54,-0.6,41.6,6.4,51.8,0.2,,,,,,,,,,,,,,,,,,0,10.5,47.5,72.1,,,,,,,,,
5108808,Nova Guarita,resto_mt,Demais MT,FALSE,2007,4877,-0.54,-0.6,41.6,6.4,51.8,0.2,,,,,,,,,4.1,4.1,90.9,89.4,6,33.3,,15.4,1.2,14.5,10.2,52.2,63.8,,,,,,,,,
5108808,Nova Guarita,resto_mt,Demais MT,FALSE,2008,4980,-0.54,-0.6,41.6,6.4,51.8,0.2,,,,,,,,,,,,,6,66.7,,14.6,0.4,0,5.1,57.4,82.4,,,,,,,,,
5108808,Nova Guarita,resto_mt,Demais MT,FALSE,2009,4907,-0.54,-0.6,41.6,6.4,51.8,0.2,,,,,,,,,4.7,4.4,94.5,90.8,6,66.7,77.8,13.1,0,0,5,54.8,79,,,,,,,,,
5108808,Nova Guarita,resto_mt,Demais MT,FALSE,2010,4932,-0.54,-0.6,41.6,6.4,51.8,0.2,,,,0.688,Médio,0.51,38.97,5.42,,,,,6,66.7,73.8,10.5,0,0,0,68.3,76.7,7,0,5,0,0,0,14.19,,
5108808,Nova Guarita,resto_mt,Demais MT,FALSE,2011,4877,-0.54,-0.6,41.6,6.4,51.8,0.2,,,,,,,,,5,4.4,99.2,95.8,6,83.3,88.7,7.3,0,0,0,61.5,63.5,,,,,,,,,
5108808,Nova Guarita,resto_mt,Demais MT,FALSE,2012,4824,-0.54,-0.6,41.6,6.4,51.8,0.2,,,,,,,,,,,,,6,100,88.9,4.2,0,17.9,6,76.8,76.8,,,,,,,,,
5108808,Nova Guarita,resto_mt,Demais MT,FALSE,2013,4731,-0.54,-0.6,41.6,6.4,51.8,0.2,7.27,,211.25,,,,,,5.8,4.7,99.7,97.2,6,100,88.5,3,0,42.9,22.5,72.9,84.3,,,,,,,,,
5108808,Nova Guarita,resto_mt,Demais MT,FALSE,2014,4660,-0.54,-0.6,41.6,6.4,51.8,0.2,7.32,,220.36,,,,,,,,,,6,100,83.6,0.8,0,29.4,30.9,76.5,83.8,,,,,,,,,
5108808,Nova Guarita,resto_mt,Demais MT,FALSE,2015,4590,-0.54,-0.6,41.6,6.4,51.8,0.2,7.3,,205.74,,,,,,5.8,4.5,100,98.7,6,100,83.1,0.9,0,17.5,30.8,78.9,93,8,0,5,0,0,0,17.43,,
5108808,Nova Guarita,resto_mt,Demais MT,FALSE,2016,4523,-0.54,-0.6,41.6,6.4,51.8,0.2,6.72,,176.48,,,,,,,,,,6,100,81.7,3.2,0,0,15.5,76.5,91.2,,,,,,,,,
5108808,Nova Guarita,resto_mt,Demais MT,FALSE,2017,4457,-0.54,-0.6,41.6,6.4,51.8,0.2,5.97,,152.31,,,,,,6,5,100,99.3,6,100,92.4,1.8,0,0,5.3,73.8,92.3,,,,,,,,,
5108808,Nova Guarita,resto_mt,Demais MT,FALSE,2018,4578,-0.54,-0.6,41.6,6.4,51.8,0.2,6.25,,150.89,,,,,,,,,,6,100,89.8,2.1,0,31.2,10.2,81.2,87.5,,,,,,,,,
5108808,Nova Guarita,resto_mt,Demais MT,FALSE,2019,4519,-0.54,-0.6,41.6,6.4,51.8,0.2,5.66,1.44,362.87,,,,,,5.4,4.8,98.4,99.6,5,100,94.8,2.5,0,0,10,83.3,94.4,,,,,,,,,
5108808,Nova Guarita,resto_mt,Demais MT,FALSE,2020,4464,-0.54,-0.6,41.6,6.4,51.8,0.2,5.85,1.5,367.87,,,,,,,,,,6,80,88.3,4.1,,0,9.6,83.3,86.1,5,0,2,0,0,0,11.2,380,8.5
5108808,Nova Guarita,resto_mt,Demais MT,FALSE,2021,4407,-0.54,-0.6,41.6,6.4,51.8,0.2,6.47,1.61,382.73,,,,,,5.5,4.8,100,100,5,80,,2.4,0,14.7,4.7,75,83.8,,,,,,,,,
5108808,Nova Guarita,resto_mt,Demais MT,FALSE,2022,4590,-0.54,-0.6,41.6,6.4,51.8,0.2,6.08,1.57,469.09,,,,,,,,,,5,100,,6.4,0,0,4.8,89.7,91.2,,,,,,,,,
5108808,Nova Guarita,resto_mt,Demais MT,FALSE,2023,4590,-0.54,-0.6,41.6,6.4,51.8,0.2,5.86,1.79,773.46,,,,,,6.1,4.8,100,100,5,100,,,,,,,,6,0,2,0,0,0,13.07,509,11.1
5108808,Nova Guarita,resto_mt,Demais MT,FALSE,2024,4579,-0.54,-0.6,41.6,6.4,51.8,0.2,5.81,1.94,796.25,,,,,,,,,,5,100,,,,,,,,,,,,,,,,
5108808,Nova Guarita,resto_mt,Demais MT,FALSE,2025,4546,-0.54,-0.6,41.6,6.4,51.8,0.2,,,,,,,,,,,,,,,,,,,,,,,,,,,,,,
5108857,Nova Marilândia,resto_mt,Demais MT,FALSE,2000,2354,1.58,1.5,25.6,12.2,61,0.8,,,,0.557,Baixo,0.47,37.91,9.32,,,,,,,,,,,,54.5,9.1,,,,,,,,,
5108857,Nova Marilândia,resto_mt,Demais MT,FALSE,2001,2414,1.58,1.5,25.6,12.2,61,0.8,,,,,,,,,,,,,,,,,,,,47.8,13,,,,,,,,,
5108857,Nova Marilândia,resto_mt,Demais MT,FALSE,2002,2457,1.58,1.5,25.6,12.2,61,0.8,,,,,,,,,,,,,,,,,,,30.3,47.6,23.8,,,,,,,,,
5108857,Nova Marilândia,resto_mt,Demais MT,FALSE,2003,2714,1.58,1.5,25.6,12.2,61,0.8,,,,,,,,,,,,,,,,,,0,12.5,41.7,38.9,,,,,,,,,
5108857,Nova Marilândia,resto_mt,Demais MT,FALSE,2004,2798,1.58,1.5,25.6,12.2,61,0.8,,,,,,,,,,,,,,,,,,0,11.2,43.8,65.6,,,,,,,,,
5108857,Nova Marilândia,resto_mt,Demais MT,FALSE,2005,2844,1.58,1.5,25.6,12.2,61,0.8,,,,,,,,,4.2,3.1,86.9,75.1,,,,,,26.3,9.4,31.6,21.1,,,,,,,,,
5108857,Nova Marilândia,resto_mt,Demais MT,FALSE,2006,2891,1.58,1.5,25.6,12.2,61,0.8,,,,,,,,,,,,,,,,,,0,9,36.6,31.6,,,,,,,,,
5108857,Nova Marilândia,resto_mt,Demais MT,FALSE,2007,2315,1.58,1.5,25.6,12.2,61,0.8,,,,,,,,,4.8,3.9,96.8,90.6,3,33.3,,17.1,2,0,8.9,30.3,39.4,,,,,,,,,
5108857,Nova Marilândia,resto_mt,Demais MT,FALSE,2008,2369,1.58,1.5,25.6,12.2,61,0.8,,,,,,,,,,,,,3,66.7,,12.5,0.9,0,0,30.8,51.3,,,,,,,,,
5108857,Nova Marilândia,resto_mt,Demais MT,FALSE,2009,2345,1.58,1.5,25.6,12.2,61,0.8,,,,,,,,,6.4,,97.5,91.8,3,66.7,70,10,0.8,0,0,40,62.5,,,,,,,,,
5108857,Nova Marilândia,resto_mt,Demais MT,FALSE,2010,2951,1.58,1.5,25.6,12.2,61,0.8,,,,0.704,Alto,0.43,29.22,4.08,,,,,3,100,73.5,5.6,0,0,0,47.1,64.7,2,0,1,0,0,0,6.78,,
5108857,Nova Marilândia,resto_mt,Demais MT,FALSE,2011,2980,1.58,1.5,25.6,12.2,61,0.8,,,,,,,,,6,4.2,99.6,94.9,3,100,94.9,4.9,0.4,54.1,18,59.5,64.9,,,,,,,,,
5108857,Nova Marilândia,resto_mt,Demais MT,FALSE,2012,3007,1.58,1.5,25.6,12.2,61,0.8,,,,,,,,,,,,,3,100,95.5,2.8,0,20.4,25,69.4,79.6,,,,,,,,,
5108857,Nova Marilândia,resto_mt,Demais MT,FALSE,2013,3052,1.58,1.5,25.6,12.2,61,0.8,6.91,,229.91,,,,,,7.1,4.4,100,98.5,3,100,83.6,0.7,0,20,29.4,52,78,,,,,,,,,
5108857,Nova Marilândia,resto_mt,Demais MT,FALSE,2014,3080,1.58,1.5,25.6,12.2,61,0.8,6.85,,232.95,,,,,,,,,,3,100,79.4,0.4,0,0,13.1,61.1,66.7,,,,,,,,,
5108857,Nova Marilândia,resto_mt,Demais MT,FALSE,2015,3107,1.58,1.5,25.6,12.2,61,0.8,6.47,,199.52,,,,,,5.8,4.8,99.6,98.5,3,100,74.2,0.4,0,22.2,13.4,60,77.8,4,1,1,1,8,2.57,12.87,,
5108857,Nova Marilândia,resto_mt,Demais MT,FALSE,2016,3133,1.58,1.5,25.6,12.2,61,0.8,6.77,,200.43,,,,,,,,,,4,100,91.3,1.1,0,17.2,12.7,58.6,65.5,,,,,,,,,
5108857,Nova Marilândia,resto_mt,Demais MT,FALSE,2017,3159,1.58,1.5,25.6,12.2,61,0.8,6.14,,184.13,,,,,,6.2,5.2,100,98.5,4,75,87.5,1.2,0,20,19.6,70,90,,,,,,,,,
5108857,Nova Marilândia,resto_mt,Demais MT,FALSE,2018,3249,1.58,1.5,25.6,12.2,61,0.8,4.92,,140.8,,,,,,,,,,4,75,86.2,0.8,0,0,12.1,50.9,93,,,,,,,,,
5108857,Nova Marilândia,resto_mt,Demais MT,FALSE,2019,3278,1.58,1.5,25.6,12.2,61,0.8,4.48,2.17,470.69,,,,,,6,5,99.6,97.3,4,100,100,1.9,0,0,6.6,62.2,80,,,,,,,,,
5108857,Nova Marilândia,resto_mt,Demais MT,FALSE,2020,3304,1.58,1.5,25.6,12.2,61,0.8,4.36,2.15,458.44,,,,,,,,,,4,100,100,1.8,,0,0,60.6,78.8,7,1,2,1,8,2.42,21.19,2276,68.9
5108857,Nova Marilândia,resto_mt,Demais MT,FALSE,2021,3332,1.58,1.5,25.6,12.2,61,0.8,5.19,1.98,435.82,,,,,,5.9,4.8,100,97.4,4,100,,1.1,0,0,0,82,88,,,,,,,,,
5108857,Nova Marilândia,resto_mt,Demais MT,FALSE,2022,3529,1.58,1.5,25.6,12.2,61,0.8,4.7,1.98,491.75,,,,,,,,,,4,100,,1.2,0,20,7.5,56,88,,,,,,,,,
5108857,Nova Marilândia,resto_mt,Demais MT,FALSE,2023,3529,1.58,1.5,25.6,12.2,61,0.8,5.16,2.07,760.43,,,,,,6,5.1,100,100,4,100,,,,,,,,7,0,3,0,0,0,19.84,2530,71.7
5108857,Nova Marilândia,resto_mt,Demais MT,FALSE,2024,3678,1.58,1.5,25.6,12.2,61,0.8,5.44,2.09,807.85,,,,,,,,,,4,100,,,,,,,,,,,,,,,,
5108857,Nova Marilândia,resto_mt,Demais MT,FALSE,2025,3731,1.58,1.5,25.6,12.2,61,0.8,,,,,,,,,,,,,,,,,,,,,,,,,,,,,,
5108907,Nova Maringá,resto_mt,Demais MT,FALSE,2000,3950,-0.96,-0.99,34.2,10.7,54.7,0.1,,,,0.475,Muito Baixo,0.55,51.91,5.75,,,,,,,,,,71.4,,28.6,85.7,,,,,,,,,
5108907,Nova Maringá,resto_mt,Demais MT,FALSE,2001,3991,-0.96,-0.99,34.2,10.7,54.7,0.1,,,,,,,,,,,,,,,,,,14.1,,26.8,67.6,,,,,,,,,
5108907,Nova Maringá,resto_mt,Demais MT,FALSE,2002,4018,-0.96,-0.99,34.2,10.7,54.7,0.1,,,,,,,,,,,,,,,,,,36.4,35.7,32.7,49.1,,,,,,,,,
5108907,Nova Maringá,resto_mt,Demais MT,FALSE,2003,4049,-0.96,-0.99,34.2,10.7,54.7,0.1,,,,,,,,,,,,,,,,,,0,13.6,32.6,70.5,,,,,,,,,
5108907,Nova Maringá,resto_mt,Demais MT,FALSE,2004,4115,-0.96,-0.99,34.2,10.7,54.7,0.1,,,,,,,,,,,,,,,,,,16.4,14.7,45.1,43.4,,,,,,,,,
5108907,Nova Maringá,resto_mt,Demais MT,FALSE,2005,4152,-0.96,-0.99,34.2,10.7,54.7,0.1,,,,,,,,,2.8,2.9,69.8,74,,,,,,0,6.6,37.9,69,,,,,,,,,
5108907,Nova Maringá,resto_mt,Demais MT,FALSE,2006,4188,-0.96,-0.99,34.2,10.7,54.7,0.1,,,,,,,,,,,,,,,,,,31.6,16.4,42.1,86.2,,,,,,,,,
5108907,Nova Maringá,resto_mt,Demais MT,FALSE,2007,5554,-0.96,-0.99,34.2,10.7,54.7,0.1,,,,,,,,,4.5,4.5,92.2,90.7,5,0,,24.4,0.7,0,10.5,38.1,79,,,,,,,,,
5108907,Nova Maringá,resto_mt,Demais MT,FALSE,2008,5803,-0.96,-0.99,34.2,10.7,54.7,0.1,,,,,,,,,,,,,5,20,,22,3.3,11.8,14,32.9,92.9,,,,,,,,,
5108907,Nova Maringá,resto_mt,Demais MT,FALSE,2009,5989,-0.96,-0.99,34.2,10.7,54.7,0.1,,,,,,,,,5,4.2,94.6,83.2,6,83.3,46.2,12.8,1.7,20,10.3,42,94,,,,,,,,,
5108907,Nova Maringá,resto_mt,Demais MT,FALSE,2010,6590,-0.96,-0.99,34.2,10.7,54.7,0.1,,,,0.663,Médio,0.49,26.93,2.39,,,,,6,100,43.8,14.9,0.6,0,10.8,41.5,89.4,9,1,4,1,6,0.91,13.66,,
5108907,Nova Maringá,resto_mt,Demais MT,FALSE,2011,6793,-0.96,-0.99,34.2,10.7,54.7,0.1,,,,,,,,,5.5,4.2,96.1,88,9,100,69,14.2,1.9,10.8,10.5,45.2,60.2,,,,,,,,,
5108907,Nova Maringá,resto_mt,Demais MT,FALSE,2012,6989,-0.96,-0.99,34.2,10.7,54.7,0.1,,,,,,,,,,,,,10,100,57.1,12.9,0.7,24.4,11.2,46.3,68.3,,,,,,,,,
5108907,Nova Maringá,resto_mt,Demais MT,FALSE,2013,7323,-0.96,-0.99,34.2,10.7,54.7,0.1,3.95,,120.77,,,,,,5.6,3.8,97.9,83.2,10,87.5,60.9,7.2,0,9.8,14.4,59.8,67.6,,,,,,,,,
5108907,Nova Maringá,resto_mt,Demais MT,FALSE,2014,7546,-0.96,-0.99,34.2,10.7,54.7,0.1,3.76,,113.85,,,,,,,,,,9,100,62.2,5,0.4,9.8,14,60.8,79.4,,,,,,,,,
5108907,Nova Maringá,resto_mt,Demais MT,FALSE,2015,7764,-0.96,-0.99,34.2,10.7,54.7,0.1,3.95,,118.25,,,,,,6,4.8,99.4,95.9,11,100,61.5,4.2,0.2,32.6,16.9,62,83.7,9,1,5,1,6,0.77,11.59,,
5108907,Nova Maringá,resto_mt,Demais MT,FALSE,2016,7975,-0.96,-0.99,34.2,10.7,54.7,0.1,4.59,,152.62,,,,,,,,,,11,100,62.1,10.5,0.3,48.2,28.9,77.1,73.5,,,,,,,,,
5108907,Nova Maringá,resto_mt,Demais MT,FALSE,2017,8182,-0.96,-0.99,34.2,10.7,54.7,0.1,4.23,,150.32,,,,,,6.3,5,100,95.8,11,100,69.6,4.6,0,0,27.1,60.2,81.9,,,,,,,,,
5108907,Nova Maringá,resto_mt,Demais MT,FALSE,2018,8428,-0.96,-0.99,34.2,10.7,54.7,0.1,3.57,,112.88,,,,,,,,,,11,100,70.2,3.3,0,0,16.3,60,81.2,,,,,,,,,
5108907,Nova Maringá,resto_mt,Demais MT,FALSE,2019,8641,-0.96,-0.99,34.2,10.7,54.7,0.1,2.82,0.8,210.93,,,,,,6,5,99.5,91.3,11,100,71.1,2.9,0,27,8.4,60.8,85.1,,,,,,,,,
5108907,Nova Maringá,resto_mt,Demais MT,FALSE,2020,8850,-0.96,-0.99,34.2,10.7,54.7,0.1,2.63,0.75,189.89,,,,,,,,,,7,100,87.5,2.3,,0,9,56.5,81.2,12,1,5,1,6,0.68,13.56,1171,13.2
5108907,Nova Maringá,resto_mt,Demais MT,FALSE,2021,9056,-0.96,-0.99,34.2,10.7,54.7,0.1,2.89,0.67,180.82,,,,,,6,,100,97.8,7,100,,1.9,0,38.5,22.6,57.7,83.3,,,,,,,,,
5108907,Nova Maringá,resto_mt,Demais MT,FALSE,2022,5846,-0.96,-0.99,34.2,10.7,54.7,0.1,5.75,1.21,413.2,,,,,,,,,,7,100,,1.6,0,11.8,17.2,52.9,75.3,,,,,,,,,
5108907,Nova Maringá,resto_mt,Demais MT,FALSE,2023,5846,-0.96,-0.99,34.2,10.7,54.7,0.1,4.94,1.39,643.79,,,,,,6,4.7,100,100,7,100,,,,,,,,10,1,5,0,0,0,17.11,1569,26.8
5108907,Nova Maringá,resto_mt,Demais MT,FALSE,2024,5775,-0.96,-0.99,34.2,10.7,54.7,0.1,4.97,1.56,698.25,,,,,,,,,,7,100,,,,,,,,,,,,,,,,
5108907,Nova Maringá,resto_mt,Demais MT,FALSE,2025,5705,-0.96,-0.99,34.2,10.7,54.7,0.1,,,,,,,,,,,,,,,,,,,,,,,,,,,,,,
5108956,Nova Monte Verde,resto_mt,Demais MT,FALSE,2000,6827,0.3,0.22,35.9,8.4,55.5,0.1,,,,0.495,Muito Baixo,0.58,63.15,16.4,,,,,,,,,,41.3,,29.8,30.6,,,,,,,,,
5108956,Nova Monte Verde,resto_mt,Demais MT,FALSE,2001,7161,0.3,0.22,35.9,8.4,55.5,0.1,,,,,,,,,,,,,,,,,,51.9,,40.3,41.6,,,,,,,,,
5108956,Nova Monte Verde,resto_mt,Demais MT,FALSE,2002,7412,0.3,0.22,35.9,8.4,55.5,0.1,,,,,,,,,,,,,,,,,,40.8,43.9,45.4,38.8,,,,,,,,,
5108956,Nova Monte Verde,resto_mt,Demais MT,FALSE,2003,7684,0.3,0.22,35.9,8.4,55.5,0.1,,,,,,,,,,,,,,,,,,24.4,38.9,51.2,59.8,,,,,,,,,
5108956,Nova Monte Verde,resto_mt,Demais MT,FALSE,2004,8254,0.3,0.22,35.9,8.4,55.5,0.1,,,,,,,,,,,,,,,,,,33,33.2,59.3,54.9,,,,,,,,,
5108956,Nova Monte Verde,resto_mt,Demais MT,FALSE,2005,8570,0.3,0.22,35.9,8.4,55.5,0.1,,,,,,,,,3.4,3.2,78.3,74.1,,,,,,0,18.9,48.4,52.7,,,,,,,,,
5108956,Nova Monte Verde,resto_mt,Demais MT,FALSE,2006,8883,0.3,0.22,35.9,8.4,55.5,0.1,,,,,,,,,,,,,,,,,,43.5,25.5,46.7,67.4,,,,,,,,,
5108956,Nova Monte Verde,resto_mt,Demais MT,FALSE,2007,8133,0.3,0.22,35.9,8.4,55.5,0.1,,,,,,,,,4.5,4.1,89.3,86.7,13,15.4,,12.9,1.9,24.1,22.6,54.2,57.8,,,,,,,,,
5108956,Nova Monte Verde,resto_mt,Demais MT,FALSE,2008,8443,0.3,0.22,35.9,8.4,55.5,0.1,,,,,,,,,,,,,13,30.8,,12.5,1.4,9,24.5,51.4,48.6,,,,,,,,,
5108956,Nova Monte Verde,resto_mt,Demais MT,FALSE,2009,8602,0.3,0.22,35.9,8.4,55.5,0.1,,,,,,,,,4.9,4.7,94.7,94.8,13,46.2,57.3,9.7,0.8,10,13.6,58,43,,,,,,,,,
5108956,Nova Monte Verde,resto_mt,Demais MT,FALSE,2010,8093,0.3,0.22,35.9,8.4,55.5,0.1,,,,0.691,Médio,0.51,33.41,4.9,,,,,13,30.8,63.2,7.7,0.4,10.2,9.7,53.1,57.1,12,0,8,1,10,1.24,14.83,,
5108956,Nova Monte Verde,resto_mt,Demais MT,FALSE,2011,8191,0.3,0.22,35.9,8.4,55.5,0.1,,,,,,,,,5.4,4.5,98.3,94.2,16,45.5,64.4,6.8,0.4,0,6.7,71,72,,,,,,,,,
5108956,Nova Monte Verde,resto_mt,Demais MT,FALSE,2012,8285,0.3,0.22,35.9,8.4,55.5,0.1,,,,,,,,,,,,,16,63.6,78.4,4.8,0.1,0,3.4,63.3,83,,,,,,,,,
5108956,Nova Monte Verde,resto_mt,Demais MT,FALSE,2013,8444,0.3,0.22,35.9,8.4,55.5,0.1,6.43,,192.77,,,,,,6.1,4.5,99.8,97.5,17,66.7,81.3,3.7,0.2,15.9,3.8,77.8,68.3,,,,,,,,,
5108956,Nova Monte Verde,resto_mt,Demais MT,FALSE,2014,8543,0.3,0.22,35.9,8.4,55.5,0.1,6.52,,204.42,,,,,,,,,,17,75,76.2,1.5,0.1,17.5,10.8,66.7,65.8,,,,,,,,,
5108956,Nova Monte Verde,resto_mt,Demais MT,FALSE,2015,8640,0.3,0.22,35.9,8.4,55.5,0.1,5.98,,173.95,,,,,,5.9,4.7,99.6,97,17,90,79.6,1.2,0.2,9.3,14.1,76.6,88.8,10,0,6,1,10,1.16,11.57,,
5108956,Nova Monte Verde,resto_mt,Demais MT,FALSE,2016,8730,0.3,0.22,35.9,8.4,55.5,0.1,5.36,,150.27,,,,,,,,,,17,88.9,79.8,2.3000000000000003,0,10.1,12.5,57.6,72.7,,,,,,,,,
5108956,Nova Monte Verde,resto_mt,Demais MT,FALSE,2017,8822,0.3,0.22,35.9,8.4,55.5,0.1,4.86,,137.32,,,,,,6.7,5.2,100,98.7,17,88.9,78.5,2.1,0,16.4,12.2,59,73.8,,,,,,,,,
5108956,Nova Monte Verde,resto_mt,Demais MT,FALSE,2018,9078,0.3,0.22,35.9,8.4,55.5,0.1,4.77,,123.81,,,,,,,,,,17,66.7,79.4,1.7,0,15.3,14.2,71,80.9,,,,,,,,,
5108956,Nova Monte Verde,resto_mt,Demais MT,FALSE,2019,9178,0.3,0.22,35.9,8.4,55.5,0.1,4.54,2.03,443.8,,,,,,6.7,5.2,100,97.2,17,88.9,89.2,1.5,0,25.4,18.9,75.4,83.1,,,,,,,,,
5108956,Nova Monte Verde,resto_mt,Demais MT,FALSE,2020,9277,0.3,0.22,35.9,8.4,55.5,0.1,4.48,1.9,419.54,,,,,,,,,,17,88.9,91.7,1.8,,0,14.2,78.6,81.6,12,0,7,1,10,1.08,12.94,580,6.3
5108956,Nova Monte Verde,resto_mt,Demais MT,FALSE,2021,9375,0.3,0.22,35.9,8.4,55.5,0.1,4.97,1.79,403.32,,,,,,6.4,5.1,99.2,94.9,18,90,,1.3,0,8.7,11.9,84.3,80,,,,,,,,,
5108956,Nova Monte Verde,resto_mt,Demais MT,FALSE,2022,8313,0.3,0.22,35.9,8.4,55.5,0.1,7.29,2.06,623.7,,,,,,,,,,18,90,,2.3,0,7.9,5.8,78.6,81,,,,,,,,,
5108956,Nova Monte Verde,resto_mt,Demais MT,FALSE,2023,8313,0.3,0.22,35.9,8.4,55.5,0.1,9.03,2.32,1097.03,,,,,,6.2,5.4,100,99.4,19,100,,,,,,,,13,0,6,1,10,1.2,15.64,729,8.8
5108956,Nova Monte Verde,resto_mt,Demais MT,FALSE,2024,8451,0.3,0.22,35.9,8.4,55.5,0.1,9.45,2.57,1193.6,,,,,,,,,,19,100,,,,,,,,,,,,,,,,
5108956,Nova Monte Verde,resto_mt,Demais MT,FALSE,2025,8470,0.3,0.22,35.9,8.4,55.5,0.1,,,,,,,,,,,,,,,,,,,,,,,,,,,,,,
