id_municipio,municipio,grupo,subgrupo,pantanal_norte,ano,area_total_mapbiomas_km2,area_natural_km2,area_agropecuaria_km2,area_urbano_km2,area_agua_km2,perc_natural,perc_agropecuaria,perc_urbano,perc_agua,taxa_antropizacao
5100102,Acorizal,resto_mt,Demais MT,FALSE,2000,850.764647192472,626.3517522062679,216.24849393829163,4.121810119079598,4.042590928833017,73.62,25.42,0.48,0.48,25.9
5100102,Acorizal,resto_mt,Demais MT,FALSE,2001,850.7646471924947,617.6629165659095,224.72290730993487,4.382008773681633,3.996814542968756,72.6,26.41,0.52,0.47,26.93
5100102,Acorizal,resto_mt,Demais MT,FALSE,2002,850.7646471925011,615.4649566114513,226.46131667486083,4.705184578247061,4.133189327941903,72.34,26.62,0.55,0.49,27.17
5100102,Acorizal,resto_mt,Demais MT,FALSE,2003,850.7646471924927,618.4096116790104,223.25928258483245,5.013506846313468,4.082246082336427,72.69,26.24,0.59,0.48,26.83
5100102,Acorizal,resto_mt,Demais MT,FALSE,2004,850.7646471925054,615.9396860248501,225.82929619390052,4.992836098815907,4.002828874938965,72.4,26.54,0.59,0.47,27.13
5100102,Acorizal,resto_mt,Demais MT,FALSE,2005,850.7646471924901,614.59667618243,227.32084930058755,4.846894531677235,4.000227177795409,72.24,26.72,0.57,0.47,27.29
5100102,Acorizal,resto_mt,Demais MT,FALSE,2006,850.7646471924849,613.3953534504872,228.7597276027154,4.586039455871584,4.023526683410644,72.1,26.89,0.54,0.47,27.43
5100102,Acorizal,resto_mt,Demais MT,FALSE,2007,850.7646471924135,608.5103685592441,233.85635815056446,4.3977110398559605,4.000209442749023,71.53,27.49,0.52,0.47,28.01
5100102,Acorizal,resto_mt,Demais MT,FALSE,2008,850.7646471924811,599.598996796433,242.97674725054043,4.2370345640258735,3.951868581481934,70.48,28.56,0.5,0.46,29.06
5100102,Acorizal,resto_mt,Demais MT,FALSE,2009,850.7646471924595,599.2541842940295,243.5116499658738,4.066806899963374,3.932006032592772,70.44,28.62,0.48,0.46,29.1
5100102,Acorizal,resto_mt,Demais MT,FALSE,2010,850.764647192478,596.2190308836431,246.36373303893754,4.242097038513188,3.939786231384276,70.08,28.96,0.5,0.46,29.46
5100102,Acorizal,resto_mt,Demais MT,FALSE,2011,850.7646471924986,592.7838821552093,249.7496913587616,4.293010157409675,3.938063521118162,69.68,29.36,0.5,0.46,29.86
5100102,Acorizal,resto_mt,Demais MT,FALSE,2012,850.7646471925312,589.0998992625448,253.15388416106552,4.568491095031745,3.942372673889161,69.24,29.76,0.54,0.46,30.3
5100102,Acorizal,resto_mt,Demais MT,FALSE,2013,850.7646471925262,583.0053149010781,259.29333178613814,4.587510535705574,3.878489969604496,68.53,30.48,0.54,0.46,31.02
5100102,Acorizal,resto_mt,Demais MT,FALSE,2014,850.7646471924894,571.5855677983208,270.26387003479357,5.011668044311535,3.90354131506348,67.18,31.77,0.59,0.46,32.36
5100102,Acorizal,resto_mt,Demais MT,FALSE,2015,850.7646471925376,562.0007651306236,279.865941384668,4.951218678649902,3.946721998596195,66.06,32.9,0.58,0.46,33.48
5100102,Acorizal,resto_mt,Demais MT,FALSE,2016,850.7646471925896,555.0606706621688,286.68686171157304,5.033256778503417,3.983858040344239,65.24,33.7,0.59,0.47,34.29
5100102,Acorizal,resto_mt,Demais MT,FALSE,2017,850.7646471925924,553.9586901975659,287.8371370769357,5.01000048382568,3.958819434265138,65.11,33.83,0.59,0.47,34.42
5100102,Acorizal,resto_mt,Demais MT,FALSE,2018,850.7646471925926,552.6193188164667,289.16785095095514,5.031608909484869,3.945868515686035,64.96,33.99,0.59,0.46,34.58
5100102,Acorizal,resto_mt,Demais MT,FALSE,2019,850.7646471925979,555.4587575399826,286.4122395386015,4.9520877945556725,3.941562319458008,65.29,33.67,0.58,0.46,34.25
5100102,Acorizal,resto_mt,Demais MT,FALSE,2020,850.7646471925973,555.6023643211101,286.23409805764436,5.03411259271241,3.894072221130371,65.31,33.64,0.59,0.46,34.23
5100102,Acorizal,resto_mt,Demais MT,FALSE,2021,850.7646471926207,547.2223634801751,295.16004591355636,4.621982661743175,3.760255137146,64.32,34.69,0.54,0.44,35.23
5100201,Água Boa,resto_mt,Demais MT,FALSE,2000,7549.335671924718,3374.020489864091,4142.242676038104,26.06994007843026,7.002565944091799,44.69,54.87,0.35,0.09,55.22
5100201,Água Boa,resto_mt,Demais MT,FALSE,2001,7549.335671924715,3344.85672299654,4169.2806902573375,27.983788699035728,7.214469971801764,44.31,55.23,0.37,0.1,55.6
5100201,Água Boa,resto_mt,Demais MT,FALSE,2002,7549.335671924649,3297.3699790257438,4216.777943495829,27.63554891473401,7.552200488342295,43.68,55.86,0.37,0.1,56.23
5100201,Água Boa,resto_mt,Demais MT,FALSE,2003,7549.335671924622,3228.4419129316875,4286.557302532729,26.3596210733644,7.97683538684084,42.76,56.78,0.35,0.11,57.13
5100201,Água Boa,resto_mt,Demais MT,FALSE,2004,7549.335671924551,3181.174751963093,4333.398524818941,26.66575095849629,8.096644184021013,42.14,57.4,0.35,0.11,57.75
5100201,Água Boa,resto_mt,Demais MT,FALSE,2005,7549.335671924578,3139.792928596337,4374.3633790194635,27.17214791192648,8.007216396850602,41.59,57.94,0.36,0.11,58.3
5100201,Água Boa,resto_mt,Demais MT,FALSE,2006,7549.335671924545,3111.1196528101696,4402.403266474971,27.383911000122247,8.42884163928224,41.21,58.32,0.36,0.11,58.68
5100201,Água Boa,resto_mt,Demais MT,FALSE,2007,7549.335671924581,3117.536522919565,4395.320779512707,28.29245241088882,8.185917081420918,41.3,58.22,0.37,0.11,58.59
5100201,Água Boa,resto_mt,Demais MT,FALSE,2008,7549.335671924642,3131.616685109676,4381.480279147791,28.07533418737806,8.163373479797382,41.48,58.04,0.37,0.11,58.41
5100201,Água Boa,resto_mt,Demais MT,FALSE,2009,7549.335671924494,3127.974423948769,4384.56348875673,28.63786675439469,8.159892464599627,41.43,58.08,0.38,0.11,58.46
5100201,Água Boa,resto_mt,Demais MT,FALSE,2010,7549.335671924462,3141.65404177582,4371.091417491842,28.48499177410904,8.105220882690448,41.61,57.9,0.38,0.11,58.28
5100201,Água Boa,resto_mt,Demais MT,FALSE,2011,7549.3356719245085,3151.017299583707,4362.221190781781,28.03282902038581,8.064352538635275,41.74,57.78,0.37,0.11,58.15
5100201,Água Boa,resto_mt,Demais MT,FALSE,2012,7549.33567192433,3146.498507175246,4367.249473451721,27.723902881347783,7.863788416015645,41.68,57.85,0.37,0.1,58.22
5100201,Água Boa,resto_mt,Demais MT,FALSE,2013,7549.335671924331,3125.932547962755,4388.722244686613,27.29084478521736,7.390034489746106,41.41,58.13,0.36,0.1,58.49
5100201,Água Boa,resto_mt,Demais MT,FALSE,2014,7549.33567192445,3107.608279923825,4406.78171030983,27.7239312832644,7.221750407531752,41.16,58.37,0.37,0.1,58.74
5100201,Água Boa,resto_mt,Demais MT,FALSE,2015,7549.335671924562,3074.0512144829645,4440.35104898243,27.920988573303433,7.012419885864272,40.72,58.82,0.37,0.09,59.19
5100201,Água Boa,resto_mt,Demais MT,FALSE,2016,7549.335671924673,3057.6381949130196,4456.744830025081,28.056401745056462,6.89624524151612,40.5,59.03,0.37,0.09,59.4
5100201,Água Boa,resto_mt,Demais MT,FALSE,2017,7549.335671924691,3048.688901628526,4465.908410267235,27.622479632202513,7.115880396728527,40.38,59.16,0.37,0.09,59.53
5100201,Água Boa,resto_mt,Demais MT,FALSE,2018,7549.335671924648,3058.535090925192,4456.018577513616,27.459502409118983,7.322501076721207,40.51,59.03,0.36,0.1,59.39
5100201,Água Boa,resto_mt,Demais MT,FALSE,2019,7549.335671924648,3068.9552301839176,4446.1938870515205,27.03505069848663,7.15150399072267,40.65,58.9,0.36,0.09,59.26
5100201,Água Boa,resto_mt,Demais MT,FALSE,2020,7549.335671924712,3070.33485532311,4444.770896680459,26.944728818725928,7.285191102417007,40.67,58.88,0.36,0.1,59.24
5100201,Água Boa,resto_mt,Demais MT,FALSE,2021,7549.335671924765,3033.34645178027,4483.762658241662,25.6530335603031,6.573528342529304,40.18,59.39,0.34,0.09,59.73
5100250,Alta Floresta,resto_mt,Demais MT,FALSE,2000,8955.483463997216,5104.247576794623,3769.7962410675227,37.50914677972429,43.93049935534722,57,42.09,0.42,0.49,42.51
5100250,Alta Floresta,resto_mt,Demais MT,FALSE,2001,8955.483464036579,5013.997328046296,3859.8675712731188,38.023549907837236,43.59501480932667,55.99,43.1,0.42,0.49,43.52
5100250,Alta Floresta,resto_mt,Demais MT,FALSE,2002,8955.479060646092,4884.319697196984,3987.461175784313,38.61914542791786,45.07904223687802,54.54,44.53,0.43,0.5,44.96
5100250,Alta Floresta,resto_mt,Demais MT,FALSE,2003,8955.486986473165,4703.806788920569,4166.269449037458,39.1055055614017,46.3052429537361,52.52,46.52,0.44,0.52,46.96
5100250,Alta Floresta,resto_mt,Demais MT,FALSE,2004,8955.487868399197,4456.446814356734,4411.9197746302325,39.42503352850374,47.69624588372874,49.76,49.26,0.44,0.53,49.7
5100250,Alta Floresta,resto_mt,Demais MT,FALSE,2005,8955.485226408977,4336.826997339949,4531.596439003659,39.4866832203372,47.57510684503239,48.43,50.6,0.44,0.53,51.04
5100250,Alta Floresta,resto_mt,Demais MT,FALSE,2006,8955.48522794991,4242.403138272927,4624.33629451072,39.60291124853544,49.14288391772542,47.37,51.64,0.44,0.55,52.08
5100250,Alta Floresta,resto_mt,Demais MT,FALSE,2007,8955.484347681775,4209.129990463539,4657.748596515295,39.74021204675317,48.86554865618965,47,52.01,0.44,0.55,52.45
5100250,Alta Floresta,resto_mt,Demais MT,FALSE,2008,8955.484349464792,4248.809354707809,4617.456473845544,39.713815906250204,49.5047050051886,47.44,51.56,0.44,0.55,52
5100250,Alta Floresta,resto_mt,Demais MT,FALSE,2009,8955.484350902767,4262.0988168633085,4603.356507577483,39.70068912677024,50.32833733520587,47.59,51.4,0.44,0.56,51.84
5100250,Alta Floresta,resto_mt,Demais MT,FALSE,2010,8955.487870790519,4276.78088394048,4590.050964582583,39.82747616363541,48.82854610382157,47.76,51.25,0.44,0.55,51.69
5100250,Alta Floresta,resto_mt,Demais MT,FALSE,2011,8955.489630785263,4281.151876400673,4585.2880877399375,39.957027734008804,49.09263891064527,47.8,51.2,0.45,0.55,51.65
5100250,Alta Floresta,resto_mt,Demais MT,FALSE,2012,8955.490511072783,4325.20411770438,4541.537929950678,40.03543086029049,48.71303255743475,48.3,50.71,0.45,0.54,51.16
5100250,Alta Floresta,resto_mt,Demais MT,FALSE,2013,8955.486108599027,4333.423782882361,4533.911569286431,40.35618320239236,47.79457322784479,48.39,50.63,0.45,0.53,51.08
5100250,Alta Floresta,resto_mt,Demais MT,FALSE,2014,8955.48610737116,4251.17657713376,4615.692615190405,40.77730516570981,47.83960988128717,47.47,51.54,0.46,0.53,52
5100250,Alta Floresta,resto_mt,Demais MT,FALSE,2015,8955.48874934249,4229.413225523003,4637.455131759306,41.13769256280415,47.48269949737599,47.23,51.78,0.46,0.53,52.24
5100250,Alta Floresta,resto_mt,Demais MT,FALSE,2016,8955.487868633,4210.540510829247,4656.523662132794,41.48215548010119,46.94154019085733,47.02,52,0.46,0.52,52.46
5100250,Alta Floresta,resto_mt,Demais MT,FALSE,2017,8955.486108610057,4218.709828660154,4648.173006468704,41.603730243528815,46.99954323767133,47.11,51.9,0.46,0.52,52.36
5100250,Alta Floresta,resto_mt,Demais MT,FALSE,2018,8955.486989060753,4292.269561942829,4573.860488434271,41.98335815966625,47.37358052398721,47.93,51.07,0.47,0.53,51.54
5100250,Alta Floresta,resto_mt,Demais MT,FALSE,2019,8955.488749083439,4335.7457830500125,4529.580767675702,42.0811987935162,48.08099956420936,48.41,50.58,0.47,0.54,51.05
5100250,Alta Floresta,resto_mt,Demais MT,FALSE,2020,8955.490509484382,4347.4402191007675,4519.09021487513,42.067134074033774,46.8929414344485,48.54,50.46,0.47,0.52,50.93
5100250,Alta Floresta,resto_mt,Demais MT,FALSE,2021,8955.501950829299,4465.692648578476,4401.127619093903,42.835886717832,45.84579643908722,49.87,49.14,0.48,0.51,49.62
5100300,Alto Araguaia,resto_mt,Demais MT,FALSE,2000,5402.229332350381,2827.438400688862,2546.2931835585523,18.455848078063973,10.04190002490233,52.34,47.13,0.34,0.19,47.47
5100300,Alto Araguaia,resto_mt,Demais MT,FALSE,2001,5402.229332350488,2799.372662397572,2575.5244733188833,17.946458204895098,9.385738429138176,51.82,47.68,0.33,0.17,48.01
5100300,Alto Araguaia,resto_mt,Demais MT,FALSE,2002,5402.22933235041,2762.7722447745214,2613.09181533889,16.926087067932112,9.439185169067375,51.14,48.37,0.31,0.17,48.68
5100300,Alto Araguaia,resto_mt,Demais MT,FALSE,2003,5402.229332350346,2653.8339327598455,2722.4401265101787,16.72827295294188,9.227000127380368,49.12,50.39,0.31,0.17,50.7
5100300,Alto Araguaia,resto_mt,Demais MT,FALSE,2004,5402.229332350355,2616.7044728317824,2760.2282704272034,16.73781461822504,8.558774473144528,48.44,51.09,0.31,0.16,51.4
5100300,Alto Araguaia,resto_mt,Demais MT,FALSE,2005,5402.229332350322,2592.818095071965,2785.2413161200925,15.655581612853997,8.51433954541015,48,51.56,0.29,0.16,51.85
5100300,Alto Araguaia,resto_mt,Demais MT,FALSE,2006,5402.229332350379,2600.9529802915167,2777.262371165247,15.764276989685044,8.24970390393066,48.15,51.41,0.29,0.15,51.7
5100300,Alto Araguaia,resto_mt,Demais MT,FALSE,2007,5402.22933235044,2633.9051012525747,2743.8336297350124,16.389904760192863,8.100696602661126,48.76,50.79,0.3,0.15,51.09
5100300,Alto Araguaia,resto_mt,Demais MT,FALSE,2008,5402.22933235042,2644.074849252023,2733.6527206942833,16.559943174316427,7.941819229797359,48.94,50.6,0.31,0.15,50.91
5100300,Alto Araguaia,resto_mt,Demais MT,FALSE,2009,5402.229332350453,2645.404320609393,2733.1310938727743,16.506116928161628,7.187800940124507,48.97,50.59,0.31,0.13,50.9
5100300,Alto Araguaia,resto_mt,Demais MT,FALSE,2010,5402.229332350514,2653.738296603183,2723.873365775163,17.699934606689432,6.91773536547851,49.12,50.42,0.33,0.13,50.75
5100300,Alto Araguaia,resto_mt,Demais MT,FALSE,2011,5402.229332350461,2649.8765210136244,2729.01590481346,16.768514121337873,6.56839240203857,49.05,50.52,0.31,0.12,50.83
5100300,Alto Araguaia,resto_mt,Demais MT,FALSE,2012,5402.229332350447,2621.355149668773,2758.715224895053,15.788700678833017,6.370257107788081,48.52,51.07,0.29,0.12,51.36
5100300,Alto Araguaia,resto_mt,Demais MT,FALSE,2013,5402.229332350516,2610.4312644100332,2770.5354363414235,15.400142565124515,5.862489033935544,48.32,51.29,0.29,0.11,51.58
5100300,Alto Araguaia,resto_mt,Demais MT,FALSE,2014,5402.229332350524,2611.6680973441207,2769.1099909144846,15.75391784259035,5.697326249328608,48.34,51.26,0.29,0.11,51.55
5100300,Alto Araguaia,resto_mt,Demais MT,FALSE,2015,5402.229332350408,2604.7807144498843,2776.23999650758,15.509667508850132,5.698953884094233,48.22,51.39,0.29,0.11,51.68
5100300,Alto Araguaia,resto_mt,Demais MT,FALSE,2016,5402.229332350437,2599.625996745945,2781.68811451178,15.333457257263204,5.581763835449214,48.12,51.49,0.28,0.1,51.77
5100300,Alto Araguaia,resto_mt,Demais MT,FALSE,2017,5402.229332350494,2604.1300316577754,2776.9988809208076,15.581842022338886,5.518577749572746,48.2,51.4,0.29,0.1,51.69
5100300,Alto Araguaia,resto_mt,Demais MT,FALSE,2018,5402.229332350487,2611.3953126166425,2770.342431069599,15.00463844244386,5.486950221801752,48.34,51.28,0.28,0.1,51.56
5100300,Alto Araguaia,resto_mt,Demais MT,FALSE,2019,5402.229332350469,2617.571410653454,2764.735327927484,14.513976651062016,5.408617118469237,48.45,51.18,0.27,0.1,51.45
5100300,Alto Araguaia,resto_mt,Demais MT,FALSE,2020,5402.22933235054,2622.5284507586966,2760.3177153878646,14.205624520263683,5.177541683715819,48.55,51.1,0.26,0.1,51.36
5100300,Alto Araguaia,resto_mt,Demais MT,FALSE,2021,5402.22933235053,2616.6668930139144,2767.5781270392536,13.317060642395026,4.667251654968261,48.44,51.23,0.25,0.09,51.48
5100359,Alto Boa Vista,resto_mt,Demais MT,FALSE,2000,2248.4672781828904,1501.307465839129,740.7866210233268,2.5305609167480547,3.842630403686524,66.77,32.95,0.11,0.17,33.06
5100359,Alto Boa Vista,resto_mt,Demais MT,FALSE,2001,2248.46727818291,1479.3902463960105,762.6416376623268,2.600651696105966,3.834742428466797,65.8,33.92,0.12,0.17,34.04
5100359,Alto Boa Vista,resto_mt,Demais MT,FALSE,2002,2248.4672781828713,1423.8281537957496,817.9884825472777,2.474540786315925,4.176101053527828,63.32,36.38,0.11,0.19,36.49
5100359,Alto Boa Vista,resto_mt,Demais MT,FALSE,2003,2248.467278182892,1317.9408565425792,923.8442188084651,2.5244489902954186,4.157753841552732,58.62,41.09,0.11,0.18,41.2
5100359,Alto Boa Vista,resto_mt,Demais MT,FALSE,2004,2248.46727818293,1240.9520425594005,1000.5116488170107,2.6742084989013737,4.329378307617182,55.19,44.5,0.12,0.19,44.62
5100359,Alto Boa Vista,resto_mt,Demais MT,FALSE,2005,2248.4672781829763,1196.9971289367495,1044.2048206773793,2.78981220318604,4.475516365661616,53.24,46.44,0.12,0.2,46.56
5100359,Alto Boa Vista,resto_mt,Demais MT,FALSE,2006,2248.4672781829286,1169.0105037809494,1072.2158975097063,2.7083433746337913,4.532533517639155,51.99,47.69,0.12,0.2,47.81
5100359,Alto Boa Vista,resto_mt,Demais MT,FALSE,2007,2248.4672781829436,1101.3265224444058,1139.6556583770875,2.682090330078126,4.803007031372072,48.98,50.69,0.12,0.21,50.81
5100359,Alto Boa Vista,resto_mt,Demais MT,FALSE,2008,2248.4672781829163,1062.3316075883727,1178.603319402039,2.6891153378295947,4.84323585467529,47.25,52.42,0.12,0.22,52.54
5100359,Alto Boa Vista,resto_mt,Demais MT,FALSE,2009,2248.467278182859,1038.4681222140377,1202.6427288812358,2.5962936064453164,4.760133481140135,46.19,53.49,0.12,0.21,53.61
5100359,Alto Boa Vista,resto_mt,Demais MT,FALSE,2010,2248.4672781828776,1065.6859745652816,1175.391672083172,2.527091829956057,4.862539704467774,47.4,52.28,0.11,0.22,52.39
5100359,Alto Boa Vista,resto_mt,Demais MT,FALSE,2011,2248.467278182834,1025.628507238527,1215.5566987513143,2.6864123524780257,4.595659840515134,45.61,54.06,0.12,0.2,54.18
5100359,Alto Boa Vista,resto_mt,Demais MT,FALSE,2012,2248.467278182848,1012.6887952965897,1228.4394735517856,2.745982940368648,4.593026394104004,45.04,54.63,0.12,0.2,54.75
5100359,Alto Boa Vista,resto_mt,Demais MT,FALSE,2013,2248.467278182835,1007.8775103882151,1233.692794054691,2.633097293029775,4.263876446899416,44.83,54.87,0.12,0.19,54.99
5100359,Alto Boa Vista,resto_mt,Demais MT,FALSE,2014,2248.46727818279,968.2459484423234,1273.2035075881226,2.7478438287963756,4.269978323547364,43.06,56.63,0.12,0.19,56.75
5100359,Alto Boa Vista,resto_mt,Demais MT,FALSE,2015,2248.467278182811,985.1567765201415,1256.3189389317124,2.7513547882690315,4.240207942687992,43.81,55.87,0.12,0.19,55.99
5100359,Alto Boa Vista,resto_mt,Demais MT,FALSE,2016,2248.467278182762,968.2374775817234,1273.4657880700329,2.728586582031239,4.035425948974614,43.06,56.64,0.12,0.18,56.76
5100359,Alto Boa Vista,resto_mt,Demais MT,FALSE,2017,2248.4672781828335,949.6027240208238,1291.8150986883159,2.765384450988762,4.284071022705081,42.23,57.45,0.12,0.19,57.57
5100359,Alto Boa Vista,resto_mt,Demais MT,FALSE,2018,2248.467278182869,932.9058683275881,1308.6238806719316,2.8792453970336855,4.058283786315921,41.49,58.2,0.13,0.18,58.33
5100359,Alto Boa Vista,resto_mt,Demais MT,FALSE,2019,2248.4672781828776,921.5381269724155,1319.6457982708876,3.04565768701171,4.237695252563482,40.99,58.69,0.14,0.19,58.83
5100359,Alto Boa Vista,resto_mt,Demais MT,FALSE,2020,2248.4672781827294,900.5828053356362,1340.42860305034,3.079816038269033,4.3760537584838914,40.05,59.62,0.14,0.19,59.76
5100359,Alto Boa Vista,resto_mt,Demais MT,FALSE,2021,2248.467278182732,866.9791401859791,1374.127670143298,3.097344121154781,4.263123732299809,38.56,61.11,0.14,0.19,61.25
5100409,Alto Garças,resto_mt,Demais MT,FALSE,2000,3858.2024379425766,1848.035721675589,1998.3081533961383,10.96829609851075,0.890266772338867,47.9,51.79,0.28,0.02,52.07
5100409,Alto Garças,resto_mt,Demais MT,FALSE,2001,3858.2024379427476,1832.5142022258515,2013.8229334175185,11.171042661437978,0.6942596379394529,47.5,52.2,0.29,0.02,52.49
5100409,Alto Garças,resto_mt,Demais MT,FALSE,2002,3858.202437942505,1802.3941475461427,2043.772912329285,11.246853968872092,0.7885240982055665,46.72,52.97,0.29,0.02,53.26
5100409,Alto Garças,resto_mt,Demais MT,FALSE,2003,3858.2024379425393,1720.5916708094878,2125.784788576472,11.052930241577185,0.7730483150024415,44.6,55.1,0.29,0.02,55.39
5100409,Alto Garças,resto_mt,Demais MT,FALSE,2004,3858.2024379423788,1673.7305387207794,2173.362771465801,10.441386131774935,0.6677416240234376,43.38,56.33,0.27,0.02,56.6
5100409,Alto Garças,resto_mt,Demais MT,FALSE,2005,3858.202437942413,1645.0304126500932,2203.687296478538,8.834082311096218,0.6506465026855469,42.64,57.12,0.23,0.02,57.35
5100409,Alto Garças,resto_mt,Demais MT,FALSE,2006,3858.2024379424256,1635.968757388446,2212.5936739370363,8.895973938842793,0.7440326781005857,42.4,57.35,0.23,0.02,57.58
5100409,Alto Garças,resto_mt,Demais MT,FALSE,2007,3858.202437942496,1637.4690254705972,2211.0746617278196,8.861622450500505,0.7971282935791009,42.44,57.31,0.23,0.02,57.54
5100409,Alto Garças,resto_mt,Demais MT,FALSE,2008,3858.202437942462,1625.863115476153,2222.8244838371584,8.709999894836447,0.8048387343139641,42.14,57.61,0.23,0.02,57.84
5100409,Alto Garças,resto_mt,Demais MT,FALSE,2009,3858.202437942417,1605.0680692558813,2243.7521401343506,8.713468357543972,0.6687601946411122,41.6,58.16,0.23,0.02,58.39
5100409,Alto Garças,resto_mt,Demais MT,FALSE,2010,3858.202437942403,1599.5980255802242,2249.059618334835,8.887168489807133,0.6576255375366198,41.46,58.29,0.23,0.02,58.52
5100409,Alto Garças,resto_mt,Demais MT,FALSE,2011,3858.2024379424506,1595.2882747856668,2253.364219666061,8.85893813635254,0.691005354370116,41.35,58.4,0.23,0.02,58.63
5100409,Alto Garças,resto_mt,Demais MT,FALSE,2012,3858.202437942586,1589.2910731209845,2259.2318116653514,8.978284139404318,0.7012690168457015,41.19,58.56,0.23,0.02,58.79
5100409,Alto Garças,resto_mt,Demais MT,FALSE,2013,3858.202437942473,1588.1909408753838,2260.018225411022,9.244909540100132,0.7483621159667951,41.16,58.58,0.24,0.02,58.82
5100409,Alto Garças,resto_mt,Demais MT,FALSE,2014,3858.202437942454,1592.734856209856,2255.127815663018,9.647005609619164,0.6927604599609353,41.28,58.45,0.25,0.02,58.7
5100409,Alto Garças,resto_mt,Demais MT,FALSE,2015,3858.2024379424975,1583.207306773949,2264.751300411041,9.548526000488295,0.6953047570190407,41.03,58.7,0.25,0.02,58.95
5100409,Alto Garças,resto_mt,Demais MT,FALSE,2016,3858.2024379424824,1574.3758839316265,2274.1224969767377,8.978794403564468,0.7252626305541969,40.81,58.94,0.23,0.02,59.17
5100409,Alto Garças,resto_mt,Demais MT,FALSE,2017,3858.202437942444,1565.9915459051933,2282.6771014273877,8.805083842834488,0.7287067670288061,40.59,59.16,0.23,0.02,59.39
5100409,Alto Garças,resto_mt,Demais MT,FALSE,2018,3858.202437942564,1556.5120882014137,2292.339740653198,8.633880850097674,0.7167282378540015,40.34,59.41,0.22,0.02,59.63
5100409,Alto Garças,resto_mt,Demais MT,FALSE,2019,3858.2024379426443,1546.1006778766557,2303.012234765024,8.379650690551777,0.7098746104125957,40.07,59.69,0.22,0.02,59.91
5100409,Alto Garças,resto_mt,Demais MT,FALSE,2020,3858.2024379426084,1548.6690706403244,2300.4974407413706,8.32947336627199,0.7064531946411114,40.14,59.63,0.22,0.02,59.85
5100409,Alto Garças,resto_mt,Demais MT,FALSE,2021,3858.2024379426084,1548.7006426258363,2300.8689785606684,8.014516209472678,0.6183005466308589,40.14,59.64,0.21,0.02,59.85
5100508,Alto Paraguai,resto_mt,Demais MT,FALSE,2000,1847.3762241739366,1281.2858986994954,546.6723249029078,15.560469659240859,3.85753091229248,69.36,29.59,0.84,0.21,30.43
5100508,Alto Paraguai,resto_mt,Demais MT,FALSE,2001,1847.3762241739205,1270.0745779123067,558.061132376665,15.589811015991303,3.650702868957518,68.75,30.21,0.84,0.2,31.05
5100508,Alto Paraguai,resto_mt,Demais MT,FALSE,2002,1847.3762241738925,1265.1752097795925,563.2005542155888,15.136933830932715,3.863526347778321,68.48,30.49,0.82,0.21,31.31
5100508,Alto Paraguai,resto_mt,Demais MT,FALSE,2003,1847.3762241738016,1253.9579324988101,574.3584576923865,15.311453799255348,3.74838018334961,67.88,31.09,0.83,0.2,31.92
5100508,Alto Paraguai,resto_mt,Demais MT,FALSE,2004,1847.3762241737927,1246.8395970749682,581.9540226480802,15.030666776000809,3.551937674743653,67.49,31.5,0.81,0.19,32.31
5100508,Alto Paraguai,resto_mt,Demais MT,FALSE,2005,1847.3762241737875,1246.0328989858544,583.4247309527038,14.512793405334252,3.405800829895019,67.45,31.58,0.79,0.18,32.37
5100508,Alto Paraguai,resto_mt,Demais MT,FALSE,2006,1847.376224173805,1248.0992145799232,581.5579083842262,14.176625669311301,3.542475540344236,67.56,31.48,0.77,0.19,32.25
5100508,Alto Paraguai,resto_mt,Demais MT,FALSE,2007,1847.3762241738004,1255.8740451850856,574.4098783353944,13.709866028015,3.382434625305176,67.98,31.09,0.74,0.18,31.83
5100508,Alto Paraguai,resto_mt,Demais MT,FALSE,2008,1847.3762241738139,1263.2371563873062,567.9884681966643,12.978435991943226,3.172163597900389,68.38,30.75,0.7,0.17,31.45
5100508,Alto Paraguai,resto_mt,Demais MT,FALSE,2009,1847.37622417385,1273.1568706472895,558.9405485950422,12.390467901733278,2.888337029785154,68.92,30.26,0.67,0.16,30.93
5100508,Alto Paraguai,resto_mt,Demais MT,FALSE,2010,1847.3762241738461,1275.041199088084,557.3624560606156,11.791858841003345,3.180710184143063,69.02,30.17,0.64,0.17,30.81
5100508,Alto Paraguai,resto_mt,Demais MT,FALSE,2011,1847.376224173863,1279.6390751535298,553.4632610026332,11.382345245788471,2.891542771911618,69.27,29.96,0.62,0.16,30.58
5100508,Alto Paraguai,resto_mt,Demais MT,FALSE,2012,1847.3762241738502,1275.332273153576,558.0571621386217,11.295098301452562,2.691690580200192,69.03,30.21,0.61,0.15,30.82
5100508,Alto Paraguai,resto_mt,Demais MT,FALSE,2013,1847.376224173813,1265.8019389783074,567.7689255630594,11.45621499285883,2.349144639587399,68.52,30.73,0.62,0.13,31.35
5100508,Alto Paraguai,resto_mt,Demais MT,FALSE,2014,1847.376224173771,1245.8609615591442,587.1876735551177,11.377418539001408,2.950170520507811,67.44,31.78,0.62,0.16,32.4
5100508,Alto Paraguai,resto_mt,Demais MT,FALSE,2015,1847.3762241737475,1225.8879168439041,605.7621759802341,12.082429993835422,3.643701355773927,66.36,32.79,0.65,0.2,33.44
5100508,Alto Paraguai,resto_mt,Demais MT,FALSE,2016,1847.3762241737725,1196.9639526793776,634.5450455647073,12.105732022399868,3.761493907287596,64.79,34.35,0.66,0.2,35.01
5100508,Alto Paraguai,resto_mt,Demais MT,FALSE,2017,1847.3762241737686,1185.5202517857676,646.9700067163701,11.205696851501422,3.680268820129393,64.17,35.02,0.61,0.2,35.63
5100508,Alto Paraguai,resto_mt,Demais MT,FALSE,2018,1847.3762241737793,1180.589761126299,652.346909199458,10.945084656433057,3.494469191589354,63.91,35.31,0.59,0.19,35.9
5100508,Alto Paraguai,resto_mt,Demais MT,FALSE,2019,1847.3762241737638,1190.8975904541,641.8065933301373,10.815260065063416,3.856780324462888,64.46,34.74,0.59,0.21,35.33
5100508,Alto Paraguai,resto_mt,Demais MT,FALSE,2020,1847.3762241737672,1190.9933459177903,641.8690612101399,10.968485368774369,3.545331677062988,64.47,34.74,0.59,0.19,35.33
5100508,Alto Paraguai,resto_mt,Demais MT,FALSE,2021,1847.3762241737882,1181.2705262679576,652.4370312125324,10.285922299987785,3.382744393310542,63.94,35.32,0.56,0.18,35.88
5100607,Alto Taquari,resto_mt,Demais MT,FALSE,2000,1436.575960856201,313.23960585962624,1114.78420389782,5.954741896972671,2.597409201782223,21.8,77.6,0.41,0.18,78.01
5100607,Alto Taquari,resto_mt,Demais MT,FALSE,2001,1436.575960856208,314.94646177222336,1112.9719362518924,6.302282057678209,2.355280774414063,21.92,77.47,0.44,0.16,77.91
5100607,Alto Taquari,resto_mt,Demais MT,FALSE,2002,1436.5759608563346,314.57877999774877,1113.541846732487,6.328544718139637,2.126789407958984,21.9,77.51,0.44,0.15,77.95
5100607,Alto Taquari,resto_mt,Demais MT,FALSE,2003,1436.5759608561827,312.1991419052803,1116.2968284949698,6.2218516229858185,1.858138832946777,21.73,77.71,0.43,0.13,78.14
5100607,Alto Taquari,resto_mt,Demais MT,FALSE,2004,1436.5759608562125,307.873855965772,1120.8020392103258,6.2269198554687275,1.673145824645996,21.43,78.02,0.43,0.12,78.45
5100607,Alto Taquari,resto_mt,Demais MT,FALSE,2005,1436.5759608563983,305.4786084383668,1123.3370498504044,6.070072715332036,1.690229852294922,21.26,78.2,0.42,0.12,78.62
5100607,Alto Taquari,resto_mt,Demais MT,FALSE,2006,1436.575960856214,305.84975927497584,1123.0068043755496,6.157939286437996,1.561457919250488,21.29,78.17,0.43,0.11,78.6
5100607,Alto Taquari,resto_mt,Demais MT,FALSE,2007,1436.5759608561539,308.5049695604986,1120.2860323460702,6.4571063048706,1.327852644714356,21.48,77.98,0.45,0.09,78.43
5100607,Alto Taquari,resto_mt,Demais MT,FALSE,2008,1436.5759608561334,309.53674531519846,1118.730964773296,6.804099814941399,1.504150952697753,21.55,77.87,0.47,0.1,78.34
5100607,Alto Taquari,resto_mt,Demais MT,FALSE,2009,1436.575960856282,308.92870100251304,1119.245393131296,7.151015691650388,1.250851030822754,21.5,77.91,0.5,0.09,78.41
5100607,Alto Taquari,resto_mt,Demais MT,FALSE,2010,1436.5759608561775,310.27049203992766,1117.6871565758934,7.47748618719482,1.140826053161621,21.6,77.8,0.52,0.08,78.32
5100607,Alto Taquari,resto_mt,Demais MT,FALSE,2011,1436.5759608562169,312.66962607178925,1115.2982955481605,7.688964618957513,0.9190746173095704,21.76,77.64,0.54,0.06,78.18
5100607,Alto Taquari,resto_mt,Demais MT,FALSE,2012,1436.5759608561693,313.4707044476444,1114.4690853470624,7.816008982299799,0.820162079162597,21.82,77.58,0.54,0.06,78.12
5100607,Alto Taquari,resto_mt,Demais MT,FALSE,2013,1436.5759608562078,315.5336990842402,1111.2713670045725,9.101749459960907,0.6691453074340817,21.96,77.36,0.63,0.05,77.99
5100607,Alto Taquari,resto_mt,Demais MT,FALSE,2014,1436.575960856211,317.5305545964471,1108.797493464781,9.611170735046368,0.6367420599365234,22.1,77.18,0.67,0.04,77.85
5100607,Alto Taquari,resto_mt,Demais MT,FALSE,2015,1436.5759608561793,318.8756924221896,1107.5493086899712,9.533829437255852,0.6171303067626952,22.2,77.1,0.66,0.04,77.76
5100607,Alto Taquari,resto_mt,Demais MT,FALSE,2016,1436.575960856187,319.6541937363385,1106.973655179663,9.352291200927722,0.5958207392578123,22.25,77.06,0.65,0.04,77.71
5100607,Alto Taquari,resto_mt,Demais MT,FALSE,2017,1436.57596085624,320.97782706629425,1105.3774801621382,9.612054953002906,0.6085986748046874,22.34,76.95,0.67,0.04,77.62
5100607,Alto Taquari,resto_mt,Demais MT,FALSE,2018,1436.5759608562835,320.5305528176377,1105.4063156160994,9.735794371276832,0.903298051269532,22.31,76.95,0.68,0.06,77.63
5100607,Alto Taquari,resto_mt,Demais MT,FALSE,2019,1436.575960856197,320.97109276673467,1105.4860487063447,9.24023841192626,0.8785809711914068,22.34,76.95,0.64,0.06,77.59
5100607,Alto Taquari,resto_mt,Demais MT,FALSE,2020,1436.575960856194,321.2335444499623,1104.8553915823181,9.606730783325194,0.8802940405883797,22.36,76.91,0.67,0.06,77.58
5100607,Alto Taquari,resto_mt,Demais MT,FALSE,2021,1436.575960856207,320.6828934961665,1106.169287083368,8.917685508178707,0.806094768493653,22.32,77,0.62,0.06,77.62
5100805,Apiacás,resto_mt,Demais MT,FALSE,2000,20489.01056912578,19377.313208440173,812.2482083183567,40.61461607818641,258.8345362890634,94.57,3.96,0.2,1.26,4.16
5100805,Apiacás,resto_mt,Demais MT,FALSE,2001,20489.010569126087,19287.398807901034,901.4945114593665,41.11129410223437,259.0059556634531,94.14,4.4,0.2,1.26,4.6
5100805,Apiacás,resto_mt,Demais MT,FALSE,2002,20489.010569126178,19090.42847018045,1098.4959071677745,41.84094865435815,258.2452431235971,93.17,5.36,0.2,1.26,5.56
5100805,Apiacás,resto_mt,Demais MT,FALSE,2003,20489.01056912579,18863.550292926604,1324.3546122389168,41.947681771423554,259.1579821888437,92.07,6.46,0.2,1.26,6.66
5100805,Apiacás,resto_mt,Demais MT,FALSE,2004,20489.01056912567,18700.470255707154,1487.8340602692215,42.155025883972364,258.5512272653208,91.27,7.26,0.21,1.26,7.47
5100805,Apiacás,resto_mt,Demais MT,FALSE,2005,20489.010569125385,18542.62201291912,1650.0934696031782,42.2997270826418,253.9953595204477,90.5,8.05,0.21,1.24,8.26
5100805,Apiacás,resto_mt,Demais MT,FALSE,2006,20489.010569125636,18434.773882207708,1755.7179447999463,42.33854512469506,256.1801969932868,89.97,8.57,0.21,1.25,8.78
5100805,Apiacás,resto_mt,Demais MT,FALSE,2007,20489.010569126025,18371.833870217866,1817.2641811983794,42.27853297894312,257.6339847308357,89.67,8.87,0.21,1.26,9.08
5100805,Apiacás,resto_mt,Demais MT,FALSE,2008,20489.01056912588,18361.94141859926,1828.8706075794755,42.34647324450707,255.8520697026376,89.62,8.93,0.21,1.25,9.14
5100805,Apiacás,resto_mt,Demais MT,FALSE,2009,20489.0105691258,18353.37279236495,1838.5818468343336,42.255581533020276,254.8003483934946,89.58,8.97,0.21,1.24,9.18
5100805,Apiacás,resto_mt,Demais MT,FALSE,2010,20489.01056912607,18328.999271816032,1864.0747942108555,42.33233877868677,253.6041643204968,89.46,9.1,0.21,1.24,9.31
5100805,Apiacás,resto_mt,Demais MT,FALSE,2011,20489.010569126105,18307.953857206194,1883.1873560463155,42.250270151428474,255.6190857221689,89.35,9.19,0.21,1.25,9.4
5100805,Apiacás,resto_mt,Demais MT,FALSE,2012,20489.01056912609,18302.99818988649,1887.4234522959962,42.259984557007094,256.3289423865975,89.33,9.21,0.21,1.25,9.42
5100805,Apiacás,resto_mt,Demais MT,FALSE,2013,20489.01056912594,18305.82188105306,1885.8823715481014,42.22997490399193,255.0763416207896,89.34,9.2,0.21,1.24,9.41
5100805,Apiacás,resto_mt,Demais MT,FALSE,2014,20489.010569126036,18309.028778626685,1882.0672124066973,42.238791944275164,255.6757861483775,89.36,9.19,0.21,1.25,9.4
5100805,Apiacás,resto_mt,Demais MT,FALSE,2015,20489.010569126116,18302.82187473785,1889.3995491312498,42.1814253701785,254.6077198868421,89.33,9.22,0.21,1.24,9.43
5100805,Apiacás,resto_mt,Demais MT,FALSE,2016,20489.01056912602,18288.36807315009,1905.7774213429361,42.096714122742036,252.7683605102551,89.26,9.3,0.21,1.23,9.51
5100805,Apiacás,resto_mt,Demais MT,FALSE,2017,20489.010569125912,18241.241478865937,1952.3078961849021,42.017287670776724,253.4439064042977,89.03,9.53,0.21,1.24,9.74
5100805,Apiacás,resto_mt,Demais MT,FALSE,2018,20489.010569125952,18184.876773198255,2007.2415437574668,41.89817508300824,254.9940770872202,88.75,9.8,0.2,1.24,10
5100805,Apiacás,resto_mt,Demais MT,FALSE,2019,20489.010569125934,18151.63403737899,2041.1339718605918,41.83464091497851,254.4079189713756,88.59,9.96,0.2,1.24,10.16
5100805,Apiacás,resto_mt,Demais MT,FALSE,2020,20489.010569126036,18145.25913046031,2048.647779725844,41.78346010626273,253.3201988336191,88.56,10,0.2,1.24,10.2
5100805,Apiacás,resto_mt,Demais MT,FALSE,2021,20489.010569125992,18155.26819123819,2038.9998438702858,42.36224964349393,252.3802843740242,88.61,9.95,0.21,1.23,10.16
5101001,Araguaiana,resto_mt,Demais MT,FALSE,2000,6380.832987127304,4090.5410576842787,2226.2417262405716,18.983786905334465,45.06641629711901,64.11,34.89,0.3,0.71,35.19
5101001,Araguaiana,resto_mt,Demais MT,FALSE,2001,6380.832987127321,4055.583637496488,2263.2491374455917,18.623305407348624,43.37690677789303,63.56,35.47,0.29,0.68,35.76
5101001,Araguaiana,resto_mt,Demais MT,FALSE,2002,6380.832987127313,4002.40321849345,2316.7006706693865,17.77572608477784,43.95337187969965,62.73,36.31,0.28,0.69,36.59
5101001,Araguaiana,resto_mt,Demais MT,FALSE,2003,6380.832987127171,3939.309561874698,2381.2947269372266,16.765764556518565,43.46293375872798,61.74,37.32,0.26,0.68,37.58
5101001,Araguaiana,resto_mt,Demais MT,FALSE,2004,6380.832987127156,3908.0777085812115,2411.9182122806246,16.90275133105468,43.9343149342651,61.25,37.8,0.26,0.69,38.06
5101001,Araguaiana,resto_mt,Demais MT,FALSE,2005,6380.832987127085,3884.462509945891,2433.9928683693656,18.80752341973877,43.5700853920898,60.88,38.15,0.29,0.68,38.44
5101001,Araguaiana,resto_mt,Demais MT,FALSE,2006,6380.832987127137,3849.813354038064,2465.235710975364,22.22464659832761,43.55927551538081,60.33,38.64,0.35,0.68,38.99
5101001,Araguaiana,resto_mt,Demais MT,FALSE,2007,6380.832987127051,3827.0140039310163,2488.383521478749,21.70104274005124,43.73441897723378,59.98,39,0.34,0.69,39.34
5101001,Araguaiana,resto_mt,Demais MT,FALSE,2008,6380.83298712702,3801.725949299317,2516.7582112075243,19.21838121569823,43.13044540447992,59.58,39.44,0.3,0.68,39.74
5101001,Araguaiana,resto_mt,Demais MT,FALSE,2009,6380.8329871270225,3775.8758065913626,2541.8910815143586,20.66171510217285,42.40438391912836,59.18,39.84,0.32,0.66,40.16
5101001,Araguaiana,resto_mt,Demais MT,FALSE,2010,6380.832987127106,3768.010166812254,2549.303701229342,21.309165254150397,42.20995383135985,59.05,39.95,0.33,0.66,40.28
5101001,Araguaiana,resto_mt,Demais MT,FALSE,2011,6380.832987127146,3781.996446368091,2535.748907371056,21.493849895324676,41.59378349267575,59.27,39.74,0.34,0.65,40.08
5101001,Araguaiana,resto_mt,Demais MT,FALSE,2012,6380.832987127175,3791.3150392417683,2525.6084945302437,22.509956749694815,41.39949660546871,59.42,39.58,0.35,0.65,39.93
5101001,Araguaiana,resto_mt,Demais MT,FALSE,2013,6380.832987127201,3784.91021657893,2531.7918211119304,23.26696782263181,40.86398161370847,59.32,39.68,0.36,0.64,40.04
5101001,Araguaiana,resto_mt,Demais MT,FALSE,2014,6380.832987127134,3773.2220987407777,2542.892855116581,24.006820545898382,40.71121272387696,59.13,39.85,0.38,0.64,40.23
5101001,Araguaiana,resto_mt,Demais MT,FALSE,2015,6380.832987127092,3738.899944631192,2576.8006881268816,24.600566398010237,40.53178797100829,58.6,40.38,0.39,0.64,40.77
5101001,Araguaiana,resto_mt,Demais MT,FALSE,2016,6380.832987127054,3702.0912597193797,2611.060214608725,27.6151002332763,40.06641256567382,58.02,40.92,0.43,0.63,41.35
5101001,Araguaiana,resto_mt,Demais MT,FALSE,2017,6380.832987127088,3681.3073756691915,2628.0069100134997,31.370405544799624,40.1482958995971,57.69,41.19,0.49,0.63,41.68
5101001,Araguaiana,resto_mt,Demais MT,FALSE,2018,6380.832987127091,3680.1030434001486,2628.0098511197643,32.299565839843595,40.42052676733389,57.67,41.19,0.51,0.63,41.7
5101001,Araguaiana,resto_mt,Demais MT,FALSE,2019,6380.832987127057,3700.050973231575,2608.3139747239734,32.31818742639143,40.14985174511713,57.99,40.88,0.51,0.63,41.39
5101001,Araguaiana,resto_mt,Demais MT,FALSE,2020,6380.832987127071,3699.12341338618,2609.353736824204,32.32819405273426,40.02764286395256,57.97,40.89,0.51,0.63,41.4
5101001,Araguaiana,resto_mt,Demais MT,FALSE,2021,6380.832987127048,3646.3756422641673,2666.860923134609,29.136848981811443,38.45957274645995,57.15,41.79,0.46,0.6,42.25
5101209,Araguainha,resto_mt,Demais MT,FALSE,2000,675.237385554794,422.5601568282451,249.77662515605326,1.3887183672485364,1.511885203247067,62.58,36.99,0.21,0.22,37.2
5101209,Araguainha,resto_mt,Demais MT,FALSE,2001,675.2373855547796,418.30715625615187,254.0330507320995,1.400711437805177,1.496467128723142,61.95,37.62,0.21,0.22,37.83
5101209,Araguainha,resto_mt,Demais MT,FALSE,2002,675.2373855547727,414.7260615561317,257.71268017979327,1.3073175603637701,1.491326258483884,61.42,38.17,0.19,0.22,38.36
5101209,Araguainha,resto_mt,Demais MT,FALSE,2003,675.2373855547494,409.3740343881428,263.060398497051,1.3304724921264657,1.472480177429196,60.63,38.96,0.2,0.22,39.16
5101209,Araguainha,resto_mt,Demais MT,FALSE,2004,675.2373855547424,406.2123459094989,266.104611771037,1.4702102619628916,1.450217612243651,60.16,39.41,0.22,0.21,39.63
5101209,Araguainha,resto_mt,Demais MT,FALSE,2005,675.2373855547421,404.6076398872846,267.6346688677138,1.5320037079467776,1.463073091796874,59.92,39.64,0.23,0.22,39.87
5101209,Araguainha,resto_mt,Demais MT,FALSE,2006,675.2373855547426,404.8688138597571,267.0544961255886,1.8270161045532216,1.487059464843747,59.96,39.55,0.27,0.22,39.82
5101209,Araguainha,resto_mt,Demais MT,FALSE,2007,675.2373855547457,407.2351210794252,264.6376086666657,1.8973000088500955,1.467355799804685,60.31,39.19,0.28,0.22,39.47
5101209,Araguainha,resto_mt,Demais MT,FALSE,2008,675.2373855547403,404.5505195643462,267.3358761338267,1.9024779812622048,1.448511875305174,59.91,39.59,0.28,0.21,39.87
5101209,Araguainha,resto_mt,Demais MT,FALSE,2009,675.2373855547233,397.38407526489476,274.4362608576997,1.9848099950561502,1.432239437072752,58.85,40.64,0.29,0.21,40.93
5101209,Araguainha,resto_mt,Demais MT,FALSE,2010,675.2373855547204,396.749294815796,274.99984170627056,2.065434798278807,1.422814234374999,58.76,40.73,0.31,0.21,41.04
5101209,Araguainha,resto_mt,Demais MT,FALSE,2011,675.2373855547213,394.8347343496733,276.6485394018863,2.338152095397947,1.41595970776367,58.47,40.97,0.35,0.21,41.32
5101209,Araguainha,resto_mt,Demais MT,FALSE,2012,675.2373855547222,390.7456906108438,280.4288036095278,2.676910730895991,1.385980603454587,57.87,41.53,0.4,0.21,41.93
5101209,Araguainha,resto_mt,Demais MT,FALSE,2013,675.2373855547204,392.31036027319243,278.5391017531466,3.0559057901000948,1.332017738281248,58.1,41.25,0.45,0.2,41.7
5101209,Araguainha,resto_mt,Demais MT,FALSE,2014,675.2373855547202,397.68814582714725,272.9169173100314,3.3242884339599668,1.308033983581541,58.9,40.42,0.49,0.19,40.91
5101209,Araguainha,resto_mt,Demais MT,FALSE,2015,675.2373855547229,396.1420261251818,274.26749619010025,3.5455273322753915,1.282335907165526,58.67,40.62,0.53,0.19,41.15
5101209,Araguainha,resto_mt,Demais MT,FALSE,2016,675.2373855547228,395.97711712347405,274.5129714233141,3.482950295532228,1.264346712402342,58.64,40.65,0.52,0.19,41.17
5101209,Araguainha,resto_mt,Demais MT,FALSE,2017,675.2373855547215,395.24617446233924,275.0304034529169,3.705879989013668,1.25492765045166,58.53,40.73,0.55,0.19,41.28
5101209,Araguainha,resto_mt,Demais MT,FALSE,2018,675.2373855547153,392.5825575073787,277.6520114205666,3.7504604305419886,1.252356196228026,58.14,41.12,0.56,0.19,41.68
5101209,Araguainha,resto_mt,Demais MT,FALSE,2019,675.2373855547204,389.92800913445654,280.5252180959229,3.5318018590088087,1.25235646533203,57.75,41.54,0.52,0.19,42.06
5101209,Araguainha,resto_mt,Demais MT,FALSE,2020,675.2373855547229,390.5681222868023,279.79168407169243,3.6269342584228723,1.250644937805176,57.84,41.44,0.54,0.19,41.98
5101209,Araguainha,resto_mt,Demais MT,FALSE,2021,675.2373855547239,388.16091956786937,282.5701915090713,3.300177344970706,1.206097132812499,57.49,41.85,0.49,0.18,42.34
5101258,Araputanga,resto_mt,Demais MT,FALSE,2000,1639.6356863568549,470.96431899400466,1163.3109150902062,5.071278905639643,0.2891733670043946,28.72,70.95,0.31,0.02,71.26
5101258,Araputanga,resto_mt,Demais MT,FALSE,2001,1639.6322321463847,462.6486660187256,1171.60073101981,5.147194574340819,0.2356405335083007,28.22,71.46,0.31,0.01,71.77
5101258,Araputanga,resto_mt,Demais MT,FALSE,2002,1639.6339590899995,460.9859845024967,1173.0795225069364,5.261138848571776,0.3073132319946288,28.12,71.55,0.32,0.02,71.87
5101258,Araputanga,resto_mt,Demais MT,FALSE,2003,1639.6339589771248,461.4986573521713,1172.439961059829,5.371602201049802,0.3237383640747071,28.15,71.51,0.33,0.02,71.84
5101258,Araputanga,resto_mt,Demais MT,FALSE,2004,1639.6313681982917,463.02205681140333,1170.82418362755,5.492447274414059,0.2926804849243163,28.24,71.41,0.33,0.02,71.74
5101258,Araputanga,resto_mt,Demais MT,FALSE,2005,1639.6374129849894,465.9639769193132,1167.4755204157739,5.551951697570794,0.6459639523315427,28.42,71.2,0.34,0.04,71.54
5101258,Araputanga,resto_mt,Demais MT,FALSE,2006,1639.637412929646,463.9368503987357,1169.145965450771,5.549254160156246,1.00534291998291,28.3,71.31,0.34,0.06,71.65
5101258,Araputanga,resto_mt,Demais MT,FALSE,2007,1639.637412870913,458.8195764656925,1174.2373796273885,5.568178439697262,1.012278338134766,27.98,71.62,0.34,0.06,71.96
5101258,Araputanga,resto_mt,Demais MT,FALSE,2008,1639.6356857787314,455.71465187297116,1177.163661663939,5.67168421752929,1.085688024291993,27.79,71.79,0.35,0.07,72.14
5101258,Araputanga,resto_mt,Demais MT,FALSE,2009,1639.630504638778,453.264229936144,1179.442334591428,5.80370544049071,1.120234670715333,27.64,71.93,0.35,0.07,72.28
5101258,Araputanga,resto_mt,Demais MT,FALSE,2010,1639.63050471739,453.73577786790503,1178.7531602318093,5.864990834655751,1.27657578302002,27.67,71.89,0.36,0.08,72.25
5101258,Araputanga,resto_mt,Demais MT,FALSE,2011,1639.6339589558133,451.96838598276173,1180.3883996097093,5.998867434631337,1.278305928710938,27.57,71.99,0.37,0.08,72.36
5101258,Araputanga,resto_mt,Demais MT,FALSE,2012,1639.635686109894,453.33764250851897,1178.5865931849933,6.430563616943356,1.280886799438477,27.65,71.88,0.39,0.08,72.27
5101258,Araputanga,resto_mt,Demais MT,FALSE,2013,1639.632232228573,452.9778695800603,1179.0587274588156,6.459869395629874,1.135765794067385,27.63,71.91,0.39,0.07,72.3
5101258,Araputanga,resto_mt,Demais MT,FALSE,2014,1639.6322322167946,450.95826318974036,1180.8487937465366,6.6418755172119095,1.183299763305665,27.5,72.02,0.41,0.07,72.43
5101258,Araputanga,resto_mt,Demais MT,FALSE,2015,1639.6305051376896,456.5081972090311,1176.2904737105189,5.660644546874986,1.171189671264649,27.84,71.74,0.35,0.07,72.09
5101258,Araputanga,resto_mt,Demais MT,FALSE,2016,1639.6287778903059,464.6169030555878,1168.0488353753676,5.7771585969238135,1.185880862426759,28.34,71.24,0.35,0.07,71.59
5101258,Araputanga,resto_mt,Demais MT,FALSE,2017,1639.6270506755411,466.9080903022913,1165.6438240226637,5.9272427119750875,1.147893638610842,28.48,71.09,0.36,0.07,71.45
5101258,Araputanga,resto_mt,Demais MT,FALSE,2018,1639.627050857762,463.65476819694425,1167.572306763723,7.30132328521729,1.098652611877443,28.28,71.21,0.45,0.07,71.66
5101258,Araputanga,resto_mt,Demais MT,FALSE,2019,1639.631368262888,465.32938348655824,1165.2611421960685,7.887796538818359,1.153046041442873,28.38,71.07,0.48,0.07,71.55
5101258,Araputanga,resto_mt,Demais MT,FALSE,2020,1639.6339592765144,474.8936324667799,1155.4888179061088,8.131278505493157,1.120230398132326,28.96,70.47,0.5,0.07,70.97
5101258,Araputanga,resto_mt,Demais MT,FALSE,2021,1639.6538194821776,537.6304741304842,1092.49754045112,8.415926104003901,1.109878796569825,32.79,66.63,0.51,0.07,67.14
5101308,Arenápolis,resto_mt,Demais MT,FALSE,2000,417.3113228701217,170.12213182049942,241.4003709980476,4.04161343157958,1.747206619995117,40.77,57.85,0.97,0.42,58.82
5101308,Arenápolis,resto_mt,Demais MT,FALSE,2001,417.3113228701193,170.63338494287464,241.15246431085063,4.047677782897939,1.477795833496094,40.89,57.79,0.97,0.35,58.76
5101308,Arenápolis,resto_mt,Demais MT,FALSE,2002,417.31132287012093,170.91592521582376,240.5719283771365,4.064138097839347,1.759331179321286,40.96,57.65,0.97,0.42,58.62
5101308,Arenápolis,resto_mt,Demais MT,FALSE,2003,417.31132287012036,168.26254289209285,243.2634397410891,4.065870925476066,1.719469311462399,40.32,58.29,0.97,0.41,59.26
5101308,Arenápolis,resto_mt,Demais MT,FALSE,2004,417.3113228701215,167.24553572412327,244.45628621673802,4.072801637817376,1.536699291442872,40.08,58.58,0.98,0.37,59.56
5101308,Arenápolis,resto_mt,Demais MT,FALSE,2005,417.3113228701104,164.56687115246598,247.32033051250525,4.078866320922845,1.345254884216309,39.44,59.27,0.98,0.32,60.25
5101308,Arenápolis,resto_mt,Demais MT,FALSE,2006,417.3113228701085,164.40572770300304,247.38792129070166,4.079732744506829,1.437941131896974,39.4,59.28,0.98,0.34,60.26
5101308,Arenápolis,resto_mt,Demais MT,FALSE,2007,417.3113228701087,166.90832743402396,245.06116142851639,4.083198098632805,1.258635908935548,40,58.72,0.98,0.3,59.7
5101308,Arenápolis,resto_mt,Demais MT,FALSE,2008,417.3113228701101,166.97398626501868,244.9877128101695,4.0953271093749946,1.254296685546876,40.01,58.71,0.98,0.3,59.69
5101308,Arenápolis,resto_mt,Demais MT,FALSE,2009,417.31132287010644,168.23527240515463,244.03651770604063,4.099658949584958,0.9398738093261728,40.31,58.48,0.98,0.23,59.46
5101308,Arenápolis,resto_mt,Demais MT,FALSE,2010,417.3113228701091,169.5176277377937,242.59740294097023,4.116986795715331,1.079305395629884,40.62,58.13,0.99,0.26,59.12
5101308,Arenápolis,resto_mt,Demais MT,FALSE,2011,417.31132287010604,156.8341794358524,255.55196581810367,4.136046838500977,0.789130777648927,37.58,61.24,0.99,0.19,62.23
5101308,Arenápolis,resto_mt,Demais MT,FALSE,2012,417.31132287010905,150.72425285571234,261.5674749561692,4.138645887878421,0.8809491703491221,36.12,62.68,0.99,0.21,63.67
5101308,Arenápolis,resto_mt,Demais MT,FALSE,2013,417.31132287011053,152.10587809545856,260.43791162877795,4.152507972290042,0.6150251735839841,36.45,62.41,1,0.15,63.41
5101308,Arenápolis,resto_mt,Demais MT,FALSE,2014,417.3113228701109,153.31485658532762,259.1509635092096,4.203622733276357,0.6418800422973628,36.74,62.1,1.01,0.15,63.11
5101308,Arenápolis,resto_mt,Demais MT,FALSE,2015,417.31132287011405,152.17065751171924,260.23799745324345,4.218350846923817,0.6843170582275395,36.46,62.36,1.01,0.16,63.37
5101308,Arenápolis,resto_mt,Demais MT,FALSE,2016,417.3113228701181,148.06088323468055,264.3425738453985,4.256469971496565,0.6513958185424802,35.48,63.34,1.02,0.16,64.36
5101308,Arenápolis,resto_mt,Demais MT,FALSE,2017,417.31132287011206,141.1346955113505,271.25747730871274,4.29199039538572,0.627159654663086,33.82,65,1.03,0.15,66.03
5101308,Arenápolis,resto_mt,Demais MT,FALSE,2018,417.31132287011263,141.3404299493369,271.09852117925965,4.301519874389624,0.5708518671264643,33.87,64.96,1.03,0.14,65.99
5101308,Arenápolis,resto_mt,Demais MT,FALSE,2019,417.3113228701119,141.54507339294008,270.7249612130117,4.322312628295873,0.7189756358642576,33.92,64.87,1.04,0.17,65.91
5101308,Arenápolis,resto_mt,Demais MT,FALSE,2020,417.3113228701116,136.20085685009312,276.2406774056386,4.317980964477512,0.5518076499023428,32.64,66.2,1.03,0.13,67.23
5101308,Arenápolis,resto_mt,Demais MT,FALSE,2021,417.31132287011917,120.68499230090337,291.6421739777852,4.460064161743126,0.524092429687499,28.92,69.89,1.07,0.13,70.96
5101407,Aripuanã,resto_mt,Demais MT,FALSE,2000,24678.031924043335,23005.176410492808,1616.868909698049,6.748964846374496,49.23763900610348,93.22,6.55,0.03,0.2,6.58
5101407,Aripuanã,resto_mt,Demais MT,FALSE,2001,24678.03192404318,22792.937651230906,1828.5018966763507,7.120432337829603,49.47194379809569,92.36,7.41,0.03,0.2,7.44
5101407,Aripuanã,resto_mt,Demais MT,FALSE,2002,24678.02839508068,22526.6721426388,2094.732356354542,7.407396496948238,49.21649959039307,91.28,8.49,0.03,0.2,8.52
5101407,Aripuanã,resto_mt,Demais MT,FALSE,2003,24678.032806258932,22239.5934752594,2380.5551374130446,7.789425966125501,50.09476762036132,90.12,9.65,0.03,0.2,9.68
5101407,Aripuanã,resto_mt,Demais MT,FALSE,2004,24678.02574606406,21802.39779076282,2818.44699487314,8.05790564050296,49.12305478759762,88.35,11.42,0.03,0.2,11.45
5101407,Aripuanã,resto_mt,Demais MT,FALSE,2005,24678.026628053023,21556.345605433104,3065.2829994673907,8.112482314147972,48.28554083837889,87.35,12.42,0.03,0.2,12.45
5101407,Aripuanã,resto_mt,Demais MT,FALSE,2006,24678.02662595735,21387.2496887698,3234.5074217020774,8.148572636535665,48.12094284893796,86.67,13.11,0.03,0.19,13.14
5101407,Aripuanã,resto_mt,Demais MT,FALSE,2007,24678.028389192943,21335.451924033638,3285.727397927066,8.177621432128927,48.67144580010983,86.46,13.31,0.03,0.2,13.34
5101407,Aripuanã,resto_mt,Demais MT,FALSE,2008,24678.02750731909,21322.416322769623,3297.9689458511066,8.505968527160686,49.13627017120358,86.4,13.36,0.03,0.2,13.39
5101407,Aripuanã,resto_mt,Demais MT,FALSE,2009,24678.026625109193,21332.10925850919,3288.3208231882604,8.876557018066467,48.71998639367673,86.44,13.32,0.04,0.2,13.36
5101407,Aripuanã,resto_mt,Demais MT,FALSE,2010,24678.028392584765,21295.90812748033,3322.670155874271,10.4005548515626,49.04955437860106,86.3,13.46,0.04,0.2,13.5
5101407,Aripuanã,resto_mt,Demais MT,FALSE,2011,24678.02927524417,21245.318768986235,3371.4446233966073,10.81175310510263,50.45412975622557,86.09,13.66,0.04,0.2,13.7
5101407,Aripuanã,resto_mt,Demais MT,FALSE,2012,24678.027511978147,21278.905130703548,3336.8374469973787,10.89101340075693,51.39392087646482,86.23,13.52,0.04,0.21,13.56
5101407,Aripuanã,resto_mt,Demais MT,FALSE,2013,24678.02927474065,21330.9833113548,3286.801919446697,10.94562387573251,49.29842006341548,86.44,13.32,0.04,0.2,13.36
5101407,Aripuanã,resto_mt,Demais MT,FALSE,2014,24678.02839292165,21306.872213611223,3308.91216190076,10.97643501800545,51.26758239166256,86.34,13.41,0.04,0.21,13.45
5101407,Aripuanã,resto_mt,Demais MT,FALSE,2015,24678.032801230533,21242.19497682184,3374.439154067445,10.98964321972664,50.40902712152099,86.08,13.67,0.04,0.2,13.71
5101407,Aripuanã,resto_mt,Demais MT,FALSE,2016,24678.032801125035,21174.551662362857,3442.9101985022908,11.01957286279305,49.55136739709471,85.8,13.95,0.04,0.2,13.99
5101407,Aripuanã,resto_mt,Demais MT,FALSE,2017,24678.032802888094,21057.17661331291,3560.143145871933,11.0635915062867,49.64945219696041,85.33,14.43,0.04,0.2,14.47
5101407,Aripuanã,resto_mt,Demais MT,FALSE,2018,24678.029274528577,20960.923339235207,3655.162760619783,11.10232309765634,50.8408515759277,84.94,14.81,0.04,0.21,14.85
5101407,Aripuanã,resto_mt,Demais MT,FALSE,2019,24678.03103479238,20846.05755571663,3768.8834574083926,11.1472279793702,51.94279368798824,84.47,15.27,0.05,0.21,15.32
5101407,Aripuanã,resto_mt,Demais MT,FALSE,2020,24678.02927029777,20742.6431754468,3872.724769430867,11.14810791760262,51.5132175025024,84.05,15.69,0.05,0.21,15.74
5101407,Aripuanã,resto_mt,Demais MT,FALSE,2021,24678.042489339514,20626.071196510256,3993.1412067574192,11.46766588372813,47.36242018811032,83.58,16.18,0.05,0.19,16.23
5101605,Barão de Melgaço,pantanal_norte,Pantanal-13,TRUE,2000,11374.883643874738,10570.366941099774,490.66277460926307,0.7038464742431664,313.1500816914581,92.93,4.31,0.01,2.75,4.32
5101605,Barão de Melgaço,pantanal_norte,Pantanal-13,TRUE,2001,11374.884498695268,10558.769858219985,495.36638645173537,0.7047058722534202,320.0435481512958,92.83,4.35,0.01,2.81,4.36
5101605,Barão de Melgaço,pantanal_norte,Pantanal-13,TRUE,2002,11374.883643843159,10470.707354301903,516.0152453664605,0.7012692039794943,387.4597749708173,92.05,4.54,0.01,3.41,4.55
5101605,Barão de Melgaço,pantanal_norte,Pantanal-13,TRUE,2003,11374.88278861553,10544.532061570739,510.4334708613929,0.705566178039553,319.2116900053597,92.7,4.49,0.01,2.81,4.5
5101605,Barão de Melgaço,pantanal_norte,Pantanal-13,TRUE,2004,11374.880224125298,10546.524830710327,533.0062632614793,0.7098631017456077,294.6392670517465,92.72,4.69,0.01,2.59,4.7
5101605,Barão de Melgaço,pantanal_norte,Pantanal-13,TRUE,2005,11374.882788682298,10464.843070174888,615.7106983335918,0.7107224974975608,293.6182976763208,92,5.41,0.01,2.58,5.42
5101605,Barão de Melgaço,pantanal_norte,Pantanal-13,TRUE,2006,11374.887917429922,10404.792652242686,650.8206744728909,0.7253305451049828,318.5492601692403,91.47,5.72,0.01,2.8,5.73
5101605,Barão de Melgaço,pantanal_norte,Pantanal-13,TRUE,2007,11374.889627058119,10366.984917489652,694.5542599114981,0.7407974434814476,312.6096522134879,91.14,6.11,0.01,2.75,6.12
5101605,Barão de Melgaço,pantanal_norte,Pantanal-13,TRUE,2008,11374.891336784896,10361.167844445994,701.6849307342444,0.7605641372070334,311.277997467453,91.09,6.17,0.01,2.74,6.18
5101605,Barão de Melgaço,pantanal_norte,Pantanal-13,TRUE,2009,11374.893046486543,10329.732953969798,749.9948896051399,0.7579872732543966,294.4072156383504,90.81,6.59,0.01,2.59,6.6
5101605,Barão de Melgaço,pantanal_norte,Pantanal-13,TRUE,2010,11374.89390140287,10326.31462964884,769.344023289689,0.764003426635744,278.4712450377071,90.78,6.76,0.01,2.45,6.77
5101605,Barão de Melgaço,pantanal_norte,Pantanal-13,TRUE,2011,11374.8947559054,10278.517851765197,798.7651497113794,0.7648628212280292,296.846891607594,90.36,7.02,0.01,2.61,7.03
5101605,Barão de Melgaço,pantanal_norte,Pantanal-13,TRUE,2012,11374.894755915,10305.493590768632,806.0232290866242,0.7683007680053731,262.6096352917375,90.6,7.09,0.01,2.31,7.1
5101605,Barão de Melgaço,pantanal_norte,Pantanal-13,TRUE,2013,11374.893046363548,10309.616801460037,803.4619889717584,0.7768938024902363,261.0373621292611,90.63,7.06,0.01,2.29,7.07
5101605,Barão de Melgaço,pantanal_norte,Pantanal-13,TRUE,2014,11374.893046539779,10262.142406273775,838.4111382875626,0.784622123901369,273.5548798545384,90.22,7.37,0.01,2.4,7.38
5101605,Barão de Melgaço,pantanal_norte,Pantanal-13,TRUE,2015,11374.894756015963,10281.998398986472,821.1045888917496,0.7915006602783219,271.0002674774647,90.39,7.22,0.01,2.38,7.23
5101605,Barão de Melgaço,pantanal_norte,Pantanal-13,TRUE,2016,11374.894756279515,10223.50181730539,861.7124255377346,0.7923600811767594,288.8881533552129,89.88,7.58,0.01,2.54,7.59
5101605,Barão de Melgaço,pantanal_norte,Pantanal-13,TRUE,2017,11374.894756317286,10199.590632458981,912.0793750447797,0.7940788394165053,262.4306699741078,89.67,8.02,0.01,2.31,8.03
5101605,Barão de Melgaço,pantanal_norte,Pantanal-13,TRUE,2018,11374.894756380712,10154.630269951356,935.679299974961,0.8018132005615244,283.7833732538332,89.27,8.23,0.01,2.49,8.24
5101605,Barão de Melgaço,pantanal_norte,Pantanal-13,TRUE,2019,11374.893901699272,10168.574759740282,963.7953848444929,0.8069695863647471,241.7167875281313,89.39,8.47,0.01,2.13,8.48
5101605,Barão de Melgaço,pantanal_norte,Pantanal-13,TRUE,2020,11374.89390145325,10151.92510962867,997.0535858601713,0.8061101940917977,225.1090957703185,89.25,8.77,0.01,1.98,8.78
5101605,Barão de Melgaço,pantanal_norte,Pantanal-13,TRUE,2021,11374.893046396888,10045.260885418142,1056.2714098456383,0.8095481979980478,272.5512029351101,88.31,9.29,0.01,2.4,9.3
5101704,Barra do Bugres,resto_mt,Demais MT,FALSE,2000,5976.560434600413,3363.7789972816922,2577.3818075546214,8.846727453857309,26.55290231024167,56.28,43.12,0.15,0.44,43.27
5101704,Barra do Bugres,resto_mt,Demais MT,FALSE,2001,5976.553519915141,3306.0033124330726,2636.051225186232,9.098048031005737,25.4009342648315,55.32,44.11,0.15,0.43,44.26
5101704,Barra do Bugres,resto_mt,Demais MT,FALSE,2002,5976.552656024828,3247.5348794001443,2692.5693089948013,9.271483607482779,27.17698402239983,54.34,45.05,0.16,0.45,45.21
5101704,Barra do Bugres,resto_mt,Demais MT,FALSE,2003,5976.553521350277,3264.1782937388957,2676.293611030387,9.497736062438836,26.58388051855465,54.62,44.78,0.16,0.44,44.94
5101704,Barra do Bugres,resto_mt,Demais MT,FALSE,2004,5976.545743762997,3288.614183855664,2652.2762813926843,9.738100189941264,25.917178324707,55.03,44.38,0.16,0.43,44.54
5101704,Barra do Bugres,resto_mt,Demais MT,FALSE,2005,5976.552658066471,3280.1435077829137,2661.7459588577763,9.614649031188822,25.04854239459225,54.88,44.54,0.16,0.42,44.7
5101704,Barra do Bugres,resto_mt,Demais MT,FALSE,2006,5976.553522164972,3268.5393413726383,2673.015084170141,9.60258334222396,25.39651327996824,54.69,44.73,0.16,0.42,44.89
5101704,Barra do Bugres,resto_mt,Demais MT,FALSE,2007,5976.550063640927,3269.2712559897896,2672.9632032431787,9.484243337890458,24.83136107006834,54.7,44.72,0.16,0.42,44.88
5101704,Barra do Bugres,resto_mt,Demais MT,FALSE,2008,5976.549202265241,3238.5504900509573,2701.876681209523,9.715127270751813,26.40690373400876,54.19,45.21,0.16,0.44,45.37
5101704,Barra do Bugres,resto_mt,Demais MT,FALSE,2009,5976.550065015794,3224.240484111491,2716.0959445714175,9.785937434203966,26.42769889868151,53.95,45.45,0.16,0.44,45.61
5101704,Barra do Bugres,resto_mt,Demais MT,FALSE,2010,5976.549201009042,3224.5885779741047,2712.9437020155287,9.900813428344595,29.11610759106444,53.95,45.39,0.17,0.49,45.56
5101704,Barra do Bugres,resto_mt,Demais MT,FALSE,2011,5976.548335434174,3173.8401829713916,2764.2382750478655,10.022606770263533,28.44727064465327,53.1,46.25,0.17,0.48,46.42
5101704,Barra do Bugres,resto_mt,Demais MT,FALSE,2012,5976.546608549362,3162.8964862558732,2775.538087752534,10.33626940374743,27.77576513720696,52.92,46.44,0.17,0.46,46.61
5101704,Barra do Bugres,resto_mt,Demais MT,FALSE,2013,5976.5405625117955,3168.435153215384,2771.5023333829595,10.525508726074113,26.07756718737785,53.01,46.37,0.18,0.44,46.55
5101704,Barra do Bugres,resto_mt,Demais MT,FALSE,2014,5976.537968477555,3159.3937872812476,2780.7633587769355,10.755419547546321,25.6254028718261,52.86,46.53,0.18,0.43,46.71
5101704,Barra do Bugres,resto_mt,Demais MT,FALSE,2015,5976.544882034879,3183.6655431842773,2755.898007899064,10.672456301452574,26.30887465008539,53.27,46.11,0.18,0.44,46.29
5101704,Barra do Bugres,resto_mt,Demais MT,FALSE,2016,5976.551794653094,3194.633017434794,2745.0487065579614,10.755341406127847,26.11472925421139,53.45,45.93,0.18,0.44,46.11
5101704,Barra do Bugres,resto_mt,Demais MT,FALSE,2017,5976.5604346779355,3188.723924339292,2750.8018813145954,10.837306676391517,26.19732234765621,53.35,46.03,0.18,0.44,46.21
5101704,Barra do Bugres,resto_mt,Demais MT,FALSE,2018,5976.554386339833,3207.479467112396,2732.9272420936495,10.860631598083405,25.28704553570551,53.67,45.73,0.18,0.42,45.91
5101704,Barra do Bugres,resto_mt,Demais MT,FALSE,2019,5976.546606639188,3243.275016429029,2695.7268963705606,10.858020260070694,26.68667357952873,54.27,45.11,0.18,0.45,45.29
5101704,Barra do Bugres,resto_mt,Demais MT,FALSE,2020,5976.545741782537,3272.472163742208,2667.724068717819,10.900314965698142,25.44919435681144,54.76,44.64,0.18,0.43,44.82
5101704,Barra do Bugres,resto_mt,Demais MT,FALSE,2021,5976.574261697315,3256.748306553735,2685.0898714916025,11.000488834472515,23.73559481750484,54.49,44.93,0.18,0.4,45.11
5101803,Barra do Garças,resto_mt,Demais MT,FALSE,2000,9117.333242512324,5354.1057998279975,3707.445640707887,29.282068680480883,26.49973329595951,58.72,40.66,0.32,0.29,40.98
5101803,Barra do Garças,resto_mt,Demais MT,FALSE,2001,9117.333242512372,5312.846749777704,3748.469861993578,30.59109197570798,25.42553876538089,58.27,41.11,0.34,0.28,41.45
5101803,Barra do Garças,resto_mt,Demais MT,FALSE,2002,9117.333242512212,5272.060779641495,3787.63832112804,31.20000658172613,26.43413516094974,57.82,41.54,0.34,0.29,41.88
5101803,Barra do Garças,resto_mt,Demais MT,FALSE,2003,9117.333242512113,5216.642058898947,3843.1631459002133,31.366214825927898,26.16182288702395,57.22,42.15,0.34,0.29,42.49
5101803,Barra do Garças,resto_mt,Demais MT,FALSE,2004,9117.333242512253,5192.316850950004,3867.124335293266,31.54445723486345,26.34759903411868,56.95,42.42,0.35,0.29,42.77
5101803,Barra do Garças,resto_mt,Demais MT,FALSE,2005,9117.333242512412,5164.876022789078,3895.0582982290107,31.512998375549458,25.88592311877444,56.65,42.72,0.35,0.28,43.07
5101803,Barra do Garças,resto_mt,Demais MT,FALSE,2006,9117.333242512226,5130.928290200054,3928.791802713844,31.1274713735964,26.48567822473147,56.28,43.09,0.34,0.29,43.43
5101803,Barra do Garças,resto_mt,Demais MT,FALSE,2007,9117.333242512139,5090.9531363870665,3970.808980277965,29.332527432007012,26.23859841510012,55.84,43.55,0.32,0.29,43.87
5101803,Barra do Garças,resto_mt,Demais MT,FALSE,2008,9117.333242512204,5077.60264488671,3985.35382565418,29.06263971356203,25.3141322577515,55.69,43.71,0.32,0.28,44.03
5101803,Barra do Garças,resto_mt,Demais MT,FALSE,2009,9117.333242512263,5070.723327302775,3993.2187902220626,28.37568176531986,25.01544322210697,55.62,43.8,0.31,0.27,44.11
5101803,Barra do Garças,resto_mt,Demais MT,FALSE,2010,9117.333242512235,5077.219152819167,3986.313811817457,28.226074596008328,25.57420327960207,55.69,43.72,0.31,0.28,44.03
5101803,Barra do Garças,resto_mt,Demais MT,FALSE,2011,9117.33324251214,5093.926256543077,3969.3096170867407,28.19737538354496,25.89999349877932,55.87,43.54,0.31,0.28,43.85
5101803,Barra do Garças,resto_mt,Demais MT,FALSE,2012,9117.333242512268,5098.637267526301,3966.294530580083,27.200636074890156,25.20080833099367,55.92,43.5,0.3,0.28,43.8
5101803,Barra do Garças,resto_mt,Demais MT,FALSE,2013,9117.333242512348,5082.38689039288,3981.766258205162,28.75807052081283,24.42202339349367,55.74,43.67,0.32,0.27,43.99
5101803,Barra do Garças,resto_mt,Demais MT,FALSE,2014,9117.33324251241,5052.157590838177,4010.2669589556663,30.351367269592288,24.55732544897463,55.41,43.99,0.33,0.27,44.32
5101803,Barra do Garças,resto_mt,Demais MT,FALSE,2015,9117.333242512617,5019.114668944428,4041.5581860943735,32.55821671630851,24.10217075750733,55.05,44.33,0.36,0.26,44.69
5101803,Barra do Garças,resto_mt,Demais MT,FALSE,2016,9117.333242512701,5006.126456198133,4054.6212621674117,33.45720686138897,23.12831728576661,54.91,44.47,0.37,0.25,44.84
5101803,Barra do Garças,resto_mt,Demais MT,FALSE,2017,9117.333242512585,5006.943710305479,4053.4605257967664,34.09005410363742,22.83895230670166,54.92,44.46,0.37,0.25,44.83
5101803,Barra do Garças,resto_mt,Demais MT,FALSE,2018,9117.33324251256,5015.121667316927,4044.3714737339633,35.03155882092267,22.80854264074707,55.01,44.36,0.38,0.25,44.74
5101803,Barra do Garças,resto_mt,Demais MT,FALSE,2019,9117.333242512605,5036.828722599254,4023.887733401754,33.87661799176008,22.74016851983642,55.24,44.13,0.37,0.25,44.5
5101803,Barra do Garças,resto_mt,Demais MT,FALSE,2020,9117.333242512597,5037.974760370438,4022.206911292674,34.21185931957993,22.93971152990723,55.26,44.12,0.38,0.25,44.5
5101803,Barra do Garças,resto_mt,Demais MT,FALSE,2021,9117.333242512499,4979.102901544383,4081.302632683266,34.90762047320579,22.0200878116455,54.61,44.76,0.38,0.24,45.14
5101852,Bom Jesus do Araguaia,resto_mt,Demais MT,FALSE,2000,4266.5780201810885,2182.0765446847067,2071.629270809065,0.2273431292114258,12.64486155810546,51.14,48.55,0.01,0.3,48.56
5101852,Bom Jesus do Araguaia,resto_mt,Demais MT,FALSE,2001,4266.592004144367,2152.2801553773293,2102.5760507553796,0.3217685204467772,11.41402949121096,50.44,49.28,0.01,0.27,49.29
5101852,Bom Jesus do Araguaia,resto_mt,Demais MT,FALSE,2002,4266.594626664165,2100.251995634764,2152.861704361311,0.42931016625976576,13.05161650183106,49.23,50.46,0.01,0.31,50.47
5101852,Bom Jesus do Araguaia,resto_mt,Demais MT,FALSE,2003,4266.58413966556,1977.1706950463206,2275.9848665965346,0.4677597705078127,12.96081825219727,46.34,53.34,0.01,0.3,53.35
5101852,Bom Jesus do Araguaia,resto_mt,Demais MT,FALSE,2004,4266.575400598631,1920.5120582223542,2333.043052710994,0.4834959586181644,12.53679370666507,45.01,54.68,0.01,0.29,54.69
5101852,Bom Jesus do Araguaia,resto_mt,Demais MT,FALSE,2005,4266.575401157378,1950.7763199063488,2302.294508576713,0.5106364505004886,12.99393622381594,45.72,53.96,0.01,0.3,53.97
5101852,Bom Jesus do Araguaia,resto_mt,Demais MT,FALSE,2006,4266.578897668807,1965.6884251348972,2288.8857665092523,0.6033319182128892,11.40137410644535,46.07,53.65,0.01,0.27,53.66
5101852,Bom Jesus do Araguaia,resto_mt,Demais MT,FALSE,2007,4266.5727801850235,1917.02418902462,2336.3551878709136,0.6907649883422832,12.5026383011475,44.93,54.76,0.02,0.29,54.78
5101852,Bom Jesus do Araguaia,resto_mt,Demais MT,FALSE,2008,4266.568410027382,1834.1970155666495,2418.927845728433,1.0413928690185537,12.40215586328129,42.99,56.69,0.02,0.29,56.71
5101852,Bom Jesus do Araguaia,resto_mt,Demais MT,FALSE,2009,4266.561418097071,1807.2734014525836,2445.602811990494,1.2599961212768516,12.42520853271488,42.36,57.32,0.03,0.29,57.35
5101852,Bom Jesus do Araguaia,resto_mt,Demais MT,FALSE,2010,4266.570160428495,1845.8856741266097,2407.302321460027,1.3675410570678699,12.01462378479007,43.26,56.42,0.03,0.28,56.45
5101852,Bom Jesus do Araguaia,resto_mt,Demais MT,FALSE,2011,4266.579773421882,1829.7772241449848,2423.401852056134,1.5293155988769553,11.87138162188723,42.89,56.8,0.04,0.28,56.84
5101852,Bom Jesus do Araguaia,resto_mt,Demais MT,FALSE,2012,4266.575403750352,1819.7377230787677,2433.570936216934,1.6211307336425822,11.64561372100833,42.65,57.04,0.04,0.27,57.08
5101852,Bom Jesus do Araguaia,resto_mt,Demais MT,FALSE,2013,4266.574528999836,1832.591572484687,2422.0487653451046,1.7356750451660186,10.19851612487794,42.95,56.77,0.04,0.24,56.81
5101852,Bom Jesus do Araguaia,resto_mt,Demais MT,FALSE,2014,4266.571907480444,1834.4472009443998,2420.271971253513,1.7610279193725622,10.09170736315921,43,56.73,0.04,0.24,56.77
5101852,Bom Jesus do Araguaia,resto_mt,Demais MT,FALSE,2015,4266.573654654833,1850.3011298855815,2404.3558888345597,1.9682327852783292,9.948403149414109,43.37,56.35,0.05,0.23,56.4
5101852,Bom Jesus do Araguaia,resto_mt,Demais MT,FALSE,2016,4266.578897530437,1840.9396237855296,2413.8809258961523,2.016324086425792,9.742023762329149,43.15,56.58,0.05,0.23,56.63
5101852,Bom Jesus do Araguaia,resto_mt,Demais MT,FALSE,2017,4266.58239251104,1823.3477310559479,2431.2218337978056,2.1614892979736453,9.851338359314,42.74,56.98,0.05,0.23,57.03
5101852,Bom Jesus do Araguaia,resto_mt,Demais MT,FALSE,2018,4266.591130960915,1832.9989567175712,2422.109349802731,2.300520066833501,9.182304373779353,42.96,56.77,0.05,0.22,56.82
5101852,Bom Jesus do Araguaia,resto_mt,Demais MT,FALSE,2019,4266.5815187935,1850.3628962397788,2404.734758934581,2.343376620544441,9.140486998596243,43.37,56.36,0.05,0.21,56.41
5101852,Bom Jesus do Araguaia,resto_mt,Demais MT,FALSE,2020,4266.57889726152,1840.769685722628,2413.7448450604375,2.376579528747566,9.687786949707077,43.14,56.57,0.06,0.23,56.63
5101852,Bom Jesus do Araguaia,resto_mt,Demais MT,FALSE,2021,4266.637450074579,1785.914115108096,2468.843399282217,2.5855265392456053,9.294409145019578,41.86,57.86,0.06,0.22,57.92
5101902,Brasnorte,resto_mt,Demais MT,FALSE,2000,15968.330154223671,12229.729535340979,3668.6059264916394,18.490667279174843,51.50402511187756,76.59,22.97,0.12,0.32,23.09
5101902,Brasnorte,resto_mt,Demais MT,FALSE,2001,15968.3222871194,11938.63537265025,3951.748150129246,26.04951041235361,51.88925392755138,74.76,24.75,0.16,0.32,24.91
5101902,Brasnorte,resto_mt,Demais MT,FALSE,2002,15968.317057260994,11614.156578124643,4272.50333121167,28.657342418945355,52.99980550573741,72.73,26.76,0.18,0.33,26.94
5101902,Brasnorte,resto_mt,Demais MT,FALSE,2003,15968.323185948375,11304.883405738501,4582.8618142037085,26.90947479656996,53.66849120959481,70.8,28.7,0.17,0.34,28.87
5101902,Brasnorte,resto_mt,Demais MT,FALSE,2004,15968.322313824658,10871.569073439858,4996.060698173923,47.00168069232164,53.69086151855478,68.08,31.29,0.29,0.34,31.58
5101902,Brasnorte,resto_mt,Demais MT,FALSE,2005,15968.324054966473,10667.904606067254,5180.717522536184,66.69155790045161,53.01036846258557,66.81,32.44,0.42,0.33,32.86
5101902,Brasnorte,resto_mt,Demais MT,FALSE,2006,15968.329294425104,10493.237898023683,5359.783952683526,62.99927732525615,52.30816639263929,65.71,33.57,0.39,0.33,33.96
5101902,Brasnorte,resto_mt,Demais MT,FALSE,2007,15968.334532365649,10469.567566762313,5400.533941199953,50.17992985137945,48.05309455200208,65.56,33.82,0.31,0.3,34.13
5101902,Brasnorte,resto_mt,Demais MT,FALSE,2008,15968.331038152382,10378.573424964925,5490.959885133747,47.728067209960834,51.06966084375013,64.99,34.39,0.3,0.32,34.69
5101902,Brasnorte,resto_mt,Demais MT,FALSE,2009,15968.332782677164,10378.878658679303,5493.650133191402,45.76813785894785,50.03585294750991,65,34.4,0.29,0.31,34.69
5101902,Brasnorte,resto_mt,Demais MT,FALSE,2010,15968.333654310754,10358.474148244166,5525.248977559876,29.535239208984468,55.07528929772961,64.87,34.6,0.18,0.34,34.78
5101902,Brasnorte,resto_mt,Demais MT,FALSE,2011,15968.331038768602,10296.833634524954,5591.452956776849,26.666411853576744,53.37803561322035,64.48,35.02,0.17,0.33,35.19
5101902,Brasnorte,resto_mt,Demais MT,FALSE,2012,15968.331038440187,10264.09798052996,5626.813227959056,23.361248576599156,54.05858137457287,64.28,35.24,0.15,0.34,35.39
5101902,Brasnorte,resto_mt,Demais MT,FALSE,2013,15968.331915171051,10228.854361874714,5662.896523896863,25.26162317816156,51.31940622131359,64.06,35.46,0.16,0.32,35.62
5101902,Brasnorte,resto_mt,Demais MT,FALSE,2014,15968.331037255875,10157.781116463995,5736.906510705087,22.49344572113033,51.14996436566178,63.61,35.93,0.14,0.32,36.07
5101902,Brasnorte,resto_mt,Demais MT,FALSE,2015,15968.331908352104,10075.089018832434,5823.474960579181,17.890610787292456,51.87731815319839,63.09,36.47,0.11,0.32,36.58
5101902,Brasnorte,resto_mt,Demais MT,FALSE,2016,15968.331031823376,10043.708548891282,5855.517505939909,17.465858905151336,51.63911808703626,62.9,36.67,0.11,0.32,36.78
5101902,Brasnorte,resto_mt,Demais MT,FALSE,2017,15968.334527828698,10042.376018595207,5857.819419489289,16.90862233068847,51.23046741351329,62.89,36.68,0.11,0.32,36.79
5101902,Brasnorte,resto_mt,Demais MT,FALSE,2018,15968.33365418605,10018.93021536963,5877.025315754593,20.711623592773407,51.6664994690553,62.74,36.8,0.13,0.32,36.93
5101902,Brasnorte,resto_mt,Demais MT,FALSE,2019,15968.331030417805,9991.2586903452775,5898.049099123491,26.756467182373136,52.2667737666627,62.57,36.94,0.17,0.33,37.11
5101902,Brasnorte,resto_mt,Demais MT,FALSE,2020,15968.33365445634,10010.295669286505,5878.18179838761,27.529076582519632,52.32711019970719,62.69,36.81,0.17,0.33,36.98
5101902,Brasnorte,resto_mt,Demais MT,FALSE,2021,15968.351131486417,10075.778183563361,5812.39785010488,30.898952352600183,49.27614546557636,63.1,36.4,0.19,0.31,36.59
5102504,Cáceres,pantanal_norte,Pantanal-13,TRUE,2000,24461.68668348008,16482.342862162608,4603.150704768845,41.4777531229841,3334.7153634256438,67.38,18.82,0.17,13.63,18.99
5102504,Cáceres,pantanal_norte,Pantanal-13,TRUE,2001,24461.684961498264,16377.66389424494,4765.416062867568,42.79328417376533,3275.81172021199,66.95,19.48,0.17,13.39,19.65
5102504,Cáceres,pantanal_norte,Pantanal-13,TRUE,2002,24461.676356534394,16394.30274448363,4988.541465302105,45.032186711912345,3033.799960036748,67.02,20.39,0.18,12.4,20.57
5102504,Cáceres,pantanal_norte,Pantanal-13,TRUE,2003,24461.68066079428,16687.89175017137,5274.294636326107,45.44776331493977,2454.046510981866,68.22,21.56,0.19,10.03,21.75
5102504,Cáceres,pantanal_norte,Pantanal-13,TRUE,2004,24461.639384307906,16815.71411252908,5458.533930332836,45.56810679101384,2141.823234654975,68.74,22.31,0.19,8.76,22.5
5102504,Cáceres,pantanal_norte,Pantanal-13,TRUE,2005,24461.662619904284,15800.404165831233,5578.185651187305,44.928166596189456,3038.144636289555,64.59,22.8,0.18,12.42,22.98
5102504,Cáceres,pantanal_norte,Pantanal-13,TRUE,2006,24461.677199653583,15402.576158687329,5617.7786138537485,44.2185596773661,3397.103867435141,62.97,22.97,0.18,13.89,23.15
5102504,Cáceres,pantanal_norte,Pantanal-13,TRUE,2007,24461.663439308617,15567.247259554364,5591.756355890481,43.63138482531528,3259.028439038455,63.64,22.86,0.18,13.32,23.04
5102504,Cáceres,pantanal_norte,Pantanal-13,TRUE,2008,24461.623879785213,16105.322009502097,5622.323440031457,43.54702047302008,2690.431409778642,65.84,22.98,0.18,11,23.16
5102504,Cáceres,pantanal_norte,Pantanal-13,TRUE,2009,24461.59380308966,16478.051528527714,5720.316814085723,43.750646765317306,2219.474813710906,67.36,23.38,0.18,9.07,23.56
5102504,Cáceres,pantanal_norte,Pantanal-13,TRUE,2010,24461.595516213303,16357.620585070592,5787.556332883069,43.44431902398428,2272.974279235658,66.87,23.66,0.18,9.29,23.84
5102504,Cáceres,pantanal_norte,Pantanal-13,TRUE,2011,24461.592075878467,16280.138199647023,5768.020636880443,43.707049707760916,2369.72618964324,66.55,23.58,0.18,9.69,23.76
5102504,Cáceres,pantanal_norte,Pantanal-13,TRUE,2012,24461.610132070233,16928.49126876713,5717.648450048447,43.603828290219354,1771.866584964434,69.2,23.37,0.18,7.24,23.55
5102504,Cáceres,pantanal_norte,Pantanal-13,TRUE,2013,24461.591201649702,17051.256318156647,5731.664335975978,43.8968729141816,1634.773674602893,69.71,23.43,0.18,6.68,23.61
5102504,Cáceres,pantanal_norte,Pantanal-13,TRUE,2014,24461.590344801105,16352.23618419109,5728.129793819157,44.27233370837099,2336.95203308249,66.85,23.42,0.18,9.55,23.6
5102504,Cáceres,pantanal_norte,Pantanal-13,TRUE,2015,24461.605800875892,16698.505243649553,5704.798760674727,44.08723372112732,2014.214562830486,68.26,23.32,0.18,8.23,23.5
5102504,Cáceres,pantanal_norte,Pantanal-13,TRUE,2016,24461.59549054406,16885.116305642565,5695.866385432524,44.129279847531066,1836.483519621442,69.03,23.28,0.18,7.51,23.46
5102504,Cáceres,pantanal_norte,Pantanal-13,TRUE,2017,24461.60666139787,16563.037012110966,5716.008442138601,44.06836649334403,2138.492840654955,67.71,23.37,0.18,8.74,23.55
5102504,Cáceres,pantanal_norte,Pantanal-13,TRUE,2018,24461.597216484814,16290.130179888474,5773.721770664693,44.20004716918633,2353.545218762462,66.59,23.6,0.18,9.62,23.78
5102504,Cáceres,pantanal_norte,Pantanal-13,TRUE,2019,24461.59549065861,16539.136932192414,5849.542706050716,44.731512978146235,2028.184339437331,67.61,23.91,0.18,8.29,24.09
5102504,Cáceres,pantanal_norte,Pantanal-13,TRUE,2020,24461.588616200523,17064.19276595408,5917.991465973162,45.26565377624193,1434.138730497036,69.76,24.19,0.19,5.86,24.38
5102504,Cáceres,pantanal_norte,Pantanal-13,TRUE,2021,24461.591176648664,16894.785384610044,6276.508285801262,45.510201615719396,1244.78730462164,69.07,25.66,0.19,5.09,25.85
5102603,Campinápolis,resto_mt,Demais MT,FALSE,2000,5978.9539074448585,4276.707868452799,1679.4255983963567,12.563028857177725,10.25741173852538,71.53,28.09,0.21,0.17,28.3
5102603,Campinápolis,resto_mt,Demais MT,FALSE,2001,5978.953907444829,4250.02903818476,1706.3443900282584,12.60168850512695,9.97879072668456,71.08,28.54,0.21,0.17,28.75
5102603,Campinápolis,resto_mt,Demais MT,FALSE,2002,5978.953907444856,4211.8090912921725,1744.7210637748758,12.30967893737792,10.11407344042968,70.44,29.18,0.21,0.17,29.39
5102603,Campinápolis,resto_mt,Demais MT,FALSE,2003,5978.953907444858,4158.3495929141745,1797.987426881879,12.698194457031246,9.918693191772444,69.55,30.07,0.21,0.17,30.28
5102603,Campinápolis,resto_mt,Demais MT,FALSE,2004,5978.953907444961,4114.405494591516,1839.628953605765,15.091759714172305,9.827699533508287,68.81,30.77,0.25,0.16,31.02
5102603,Campinápolis,resto_mt,Demais MT,FALSE,2005,5978.953907444928,4083.326704224855,1869.6836455015055,16.24440542077629,9.699152297790512,68.3,31.27,0.27,0.16,31.54
5102603,Campinápolis,resto_mt,Demais MT,FALSE,2006,5978.9539074450095,4034.2753353152048,1915.998567473067,18.899239988098156,9.780764668640124,67.47,32.05,0.32,0.16,32.37
5102603,Campinápolis,resto_mt,Demais MT,FALSE,2007,5978.953907444986,4002.4651988759333,1947.365853200949,19.4905199163818,9.63233545172118,66.94,32.57,0.33,0.16,32.9
5102603,Campinápolis,resto_mt,Demais MT,FALSE,2008,5978.953907444928,3962.254113293775,1984.7147813020313,18.522838835571292,13.46217401354981,66.27,33.2,0.31,0.23,33.51
5102603,Campinápolis,resto_mt,Demais MT,FALSE,2009,5978.953907444919,3942.4822492391118,2005.9564984536712,16.841825662841725,13.67333408929445,65.94,33.55,0.28,0.23,33.83
5102603,Campinápolis,resto_mt,Demais MT,FALSE,2010,5978.953907444854,3938.839508708399,2009.9324620383964,16.59192655468744,13.59001014337158,65.88,33.62,0.28,0.23,33.9
5102603,Campinápolis,resto_mt,Demais MT,FALSE,2011,5978.9539074448185,3950.645609413627,1998.2353513181174,16.64438425012201,13.42856246295165,66.08,33.42,0.28,0.22,33.7
5102603,Campinápolis,resto_mt,Demais MT,FALSE,2012,5978.9539074447885,3952.890365389325,1996.1643396346265,16.83527543554684,13.06392698529054,66.11,33.39,0.28,0.22,33.67
5102603,Campinápolis,resto_mt,Demais MT,FALSE,2013,5978.953907444818,3932.3077453546607,2016.9162578795856,17.23115543566889,12.49874877490235,65.77,33.73,0.29,0.21,34.02
5102603,Campinápolis,resto_mt,Demais MT,FALSE,2014,5978.95390744475,3907.33316637317,2042.750770178879,16.8590514083862,12.01091948431396,65.35,34.17,0.28,0.2,34.45
5102603,Campinápolis,resto_mt,Demais MT,FALSE,2015,5978.953907444727,3879.0744340475985,2071.059299466281,16.944743082641573,11.87543084820557,64.88,34.64,0.28,0.2,34.92
5102603,Campinápolis,resto_mt,Demais MT,FALSE,2016,5978.953907444735,3863.1985473459654,2087.5290627832173,16.261192277954024,11.96510503759766,64.61,34.91,0.27,0.2,35.18
5102603,Campinápolis,resto_mt,Demais MT,FALSE,2017,5978.953907444783,3858.4992012130165,2092.9162864427044,15.563728329772868,11.97469145928955,64.53,35,0.26,0.2,35.26
5102603,Campinápolis,resto_mt,Demais MT,FALSE,2018,5978.953907444803,3860.192957315869,2091.996366082487,14.737886322936944,12.02669772351073,64.56,34.99,0.25,0.2,35.24
5102603,Campinápolis,resto_mt,Demais MT,FALSE,2019,5978.95390744475,3863.7051831325184,2089.5501150221316,13.79860072436521,11.90000856573486,64.62,34.95,0.23,0.2,35.18
5102603,Campinápolis,resto_mt,Demais MT,FALSE,2020,5978.953907444763,3862.802262138159,2091.1082795911493,13.105042498840325,11.93832321661375,64.61,34.97,0.22,0.2,35.19
5102603,Campinápolis,resto_mt,Demais MT,FALSE,2021,5978.953907444654,3832.7821501772432,2124.013670744156,11.979622144287092,10.17846437896726,64.1,35.52,0.2,0.17,35.72
5102637,Campo Novo do Parecis,resto_mt,Demais MT,FALSE,2000,9428.57189152526,5452.329581184754,3929.090583053885,38.60247019873026,8.549257087890638,57.83,41.67,0.41,0.09,42.08
5102637,Campo Novo do Parecis,resto_mt,Demais MT,FALSE,2001,9428.571891525633,5425.181872989849,3950.9228051163514,44.35813592028771,8.109077499145517,57.54,41.9,0.47,0.09,42.37
5102637,Campo Novo do Parecis,resto_mt,Demais MT,FALSE,2002,9428.57189152559,5363.897601174691,4013.3258693055495,43.14459542016561,8.203825625183116,56.89,42.57,0.46,0.09,43.03
5102637,Campo Novo do Parecis,resto_mt,Demais MT,FALSE,2003,9428.571891525868,5267.750564714715,4109.986833602655,42.861199521667096,7.973293686828622,55.87,43.59,0.45,0.08,44.04
5102637,Campo Novo do Parecis,resto_mt,Demais MT,FALSE,2004,9428.571891525922,5185.869325683105,4181.841082373823,52.863984082641124,7.997499386352543,55,44.35,0.56,0.08,44.91
5102637,Campo Novo do Parecis,resto_mt,Demais MT,FALSE,2005,9428.571891525922,5123.874685609897,4234.504954165782,62.66998106262158,7.522270687622076,54.34,44.91,0.66,0.08,45.57
5102637,Campo Novo do Parecis,resto_mt,Demais MT,FALSE,2006,9428.571891525711,5096.55455438499,4265.9764448213855,59.08337774536078,6.957514573974612,54.05,45.25,0.63,0.07,45.88
5102637,Campo Novo do Parecis,resto_mt,Demais MT,FALSE,2007,9428.571891525871,5095.122866914763,4270.706593605739,55.72669982372994,7.015731181640627,54.04,45.3,0.59,0.07,45.89
5102637,Campo Novo do Parecis,resto_mt,Demais MT,FALSE,2008,9428.571891526004,5085.645640703725,4282.842444564954,53.513464821715864,6.570341435607912,53.94,45.42,0.57,0.07,45.99
5102637,Campo Novo do Parecis,resto_mt,Demais MT,FALSE,2009,9428.571891525939,5082.923861760726,4288.433077441118,50.90549480645709,6.309457517639165,53.91,45.48,0.54,0.07,46.02
5102637,Campo Novo do Parecis,resto_mt,Demais MT,FALSE,2010,9428.57189152575,5080.557612748533,4293.050550657405,48.70453268627883,6.259195433532717,53.88,45.53,0.52,0.07,46.05
5102637,Campo Novo do Parecis,resto_mt,Demais MT,FALSE,2011,9428.57189152554,5079.221301513295,4295.571894888223,47.84383074072217,5.934864383300785,53.87,45.56,0.51,0.06,46.07
5102637,Campo Novo do Parecis,resto_mt,Demais MT,FALSE,2012,9428.571891524622,5070.44500702806,4304.71634169517,47.57020118322697,5.840341618164064,53.78,45.66,0.5,0.06,46.16
5102637,Campo Novo do Parecis,resto_mt,Demais MT,FALSE,2013,9428.571891525678,5058.246522129145,4317.498786822071,47.17402361309752,5.652558961364747,53.65,45.79,0.5,0.06,46.29
5102637,Campo Novo do Parecis,resto_mt,Demais MT,FALSE,2014,9428.5718915253,5045.784391478716,4330.550164063612,46.48294059033137,5.75439539263916,53.52,45.93,0.49,0.06,46.42
5102637,Campo Novo do Parecis,resto_mt,Demais MT,FALSE,2015,9428.571891524234,5038.137939306101,4337.383783153254,46.91019401989681,6.139975044982915,53.43,46,0.5,0.07,46.5
5102637,Campo Novo do Parecis,resto_mt,Demais MT,FALSE,2016,9428.571891524856,5012.437272147278,4360.707988974562,49.06947472131289,6.357155681701663,53.16,46.25,0.52,0.07,46.77
5102637,Campo Novo do Parecis,resto_mt,Demais MT,FALSE,2017,9428.571891524618,4999.429480061801,4370.90851254491,51.69059374987731,6.54330516802979,53.02,46.36,0.55,0.07,46.91
5102637,Campo Novo do Parecis,resto_mt,Demais MT,FALSE,2018,9428.571891524143,4991.827916844819,4378.614468276676,51.26355424969411,6.865952152954107,52.94,46.44,0.54,0.07,46.98
5102637,Campo Novo do Parecis,resto_mt,Demais MT,FALSE,2019,9428.571891524589,4984.324386328128,4388.037735478262,49.36474137127594,6.845028346923832,52.86,46.54,0.52,0.07,47.06
5102637,Campo Novo do Parecis,resto_mt,Demais MT,FALSE,2020,9428.571891524625,4981.825089327538,4389.769169635319,50.240469550353026,6.737163011413578,52.84,46.56,0.53,0.07,47.09
5102637,Campo Novo do Parecis,resto_mt,Demais MT,FALSE,2021,9428.571891524374,4979.389197685535,4391.97183095383,50.86430317333923,6.346559711669921,52.81,46.58,0.54,0.07,47.12
5102678,Campo Verde,resto_mt,Demais MT,FALSE,2000,4771.129450351493,1598.4742641519945,3132.411890716222,36.14962942053228,4.093666062744145,33.5,65.65,0.76,0.09,66.41
5102678,Campo Verde,resto_mt,Demais MT,FALSE,2001,4771.1294503515755,1564.1979048512148,3169.7342788666933,34.34520741583255,2.852059217834475,32.78,66.44,0.72,0.06,67.16
5102678,Campo Verde,resto_mt,Demais MT,FALSE,2002,4771.129450351516,1519.6559503019625,3217.0405627821597,31.467001560241748,2.965935707153325,31.85,67.43,0.66,0.06,68.09
5102678,Campo Verde,resto_mt,Demais MT,FALSE,2003,4771.129450351462,1385.451039319751,3352.296601733676,30.239895525207523,3.141913772827155,29.04,70.26,0.63,0.07,70.89
5102678,Campo Verde,resto_mt,Demais MT,FALSE,2004,4771.129450351475,1300.2042820220163,3439.0451311297516,28.991785087280277,2.888252112426762,27.25,72.08,0.61,0.06,72.69
5102678,Campo Verde,resto_mt,Demais MT,FALSE,2005,4771.128588398209,1275.823359879237,3464.94848852831,27.621216413208078,2.735523577453616,26.74,72.62,0.58,0.06,73.2
5102678,Campo Verde,resto_mt,Demais MT,FALSE,2006,4771.1294503514655,1264.699759767941,3478.9245564249545,24.803266193542434,2.701867965026859,26.51,72.92,0.52,0.06,73.44
5102678,Campo Verde,resto_mt,Demais MT,FALSE,2007,4771.129450351546,1264.895558399344,3477.069688527642,26.369984785461405,2.794218639099121,26.51,72.88,0.55,0.06,73.43
5102678,Campo Verde,resto_mt,Demais MT,FALSE,2008,4771.129450351526,1265.4815387443878,3475.857313667014,26.843669235717734,2.946928704406739,26.52,72.85,0.56,0.06,73.41
5102678,Campo Verde,resto_mt,Demais MT,FALSE,2009,4771.127726530734,1270.8663158292334,3470.4925217713853,26.539811625976505,3.229077304138187,26.64,72.74,0.56,0.07,73.3
5102678,Campo Verde,resto_mt,Demais MT,FALSE,2010,4771.129450351297,1270.0296746857875,3472.1666434912545,25.55040330029302,3.382728873962407,26.62,72.77,0.54,0.07,73.31
5102678,Campo Verde,resto_mt,Demais MT,FALSE,2011,4771.129450351567,1272.1364185193472,3468.8763463325254,26.703644018859897,3.413041480834961,26.66,72.71,0.56,0.07,73.27
5102678,Campo Verde,resto_mt,Demais MT,FALSE,2012,4771.129450351304,1274.050015541067,3465.1928831274363,28.43640264672852,3.450149036071783,26.7,72.63,0.6,0.07,73.23
5102678,Campo Verde,resto_mt,Demais MT,FALSE,2013,4771.128588294562,1270.1163018938062,3470.263437760497,27.33667992449952,3.412168715759283,26.62,72.73,0.57,0.07,73.3
5102678,Campo Verde,resto_mt,Demais MT,FALSE,2014,4771.128588294432,1265.4912439734878,3474.4647018025107,27.515356721313488,3.657285797119147,26.52,72.82,0.58,0.08,73.4
5102678,Campo Verde,resto_mt,Demais MT,FALSE,2015,4771.12772638499,1257.1926379592762,3482.085594522821,27.962602463562078,3.886891439331064,26.35,72.98,0.59,0.08,73.57
5102678,Campo Verde,resto_mt,Demais MT,FALSE,2016,4771.126864514495,1244.4085768785749,3495.002462829889,27.69519124835216,4.020633557678235,26.08,73.25,0.58,0.08,73.83
5102678,Campo Verde,resto_mt,Demais MT,FALSE,2017,4771.126864514467,1232.9144473280421,3506.2154641433344,28.06082788208007,3.936125161010747,25.84,73.49,0.59,0.08,74.08
5102678,Campo Verde,resto_mt,Demais MT,FALSE,2018,4771.1277265713115,1230.3562011389565,3508.7476286424994,28.1619838303223,3.861912959533698,25.79,73.54,0.59,0.08,74.13
5102678,Campo Verde,resto_mt,Demais MT,FALSE,2019,4771.126864515559,1228.5584578195683,3510.9340269705262,27.74486974890138,3.88950997656251,25.75,73.59,0.58,0.08,74.17
5102678,Campo Verde,resto_mt,Demais MT,FALSE,2020,4771.128588295494,1230.8344692601815,3509.1957985509985,27.30630747937012,3.792013004943856,25.8,73.55,0.57,0.08,74.12
5102678,Campo Verde,resto_mt,Demais MT,FALSE,2021,4771.128588295381,1229.0730503281757,3512.5740786941956,26.09913529718002,3.382323975830085,25.76,73.62,0.55,0.07,74.17
5102686,Campos de Júlio,resto_mt,Demais MT,FALSE,2000,6792.843376877172,5031.887275142266,1721.973530195417,29.986773338561864,8.995798200927739,74.08,25.35,0.44,0.13,25.79
5102686,Campos de Júlio,resto_mt,Demais MT,FALSE,2001,6792.843376877242,4948.429792312292,1790.7041882047815,45.18448280676275,8.524913553405769,72.85,26.36,0.67,0.13,27.03
5102686,Campos de Júlio,resto_mt,Demais MT,FALSE,2002,6792.843376876841,4827.676044360574,1908.1229123503724,48.51855921032736,8.525860955566415,71.07,28.09,0.71,0.13,28.8
5102686,Campos de Júlio,resto_mt,Demais MT,FALSE,2003,6792.843376877112,4642.620565266728,2095.0796896382762,47.03688676702914,8.106235205078132,68.35,30.84,0.69,0.12,31.53
5102686,Campos de Júlio,resto_mt,Demais MT,FALSE,2004,6792.843376877228,4496.040020884909,2230.3053696168304,58.97596234368923,7.522024031799321,66.19,32.83,0.87,0.11,33.7
5102686,Campos de Júlio,resto_mt,Demais MT,FALSE,2005,6792.843376877246,4440.878627381105,2286.2074332130596,58.88283014025892,6.874486142822269,65.38,33.66,0.87,0.1,34.53
5102686,Campos de Júlio,resto_mt,Demais MT,FALSE,2006,6792.843376877167,4356.503624031627,2390.247914046163,40.012190546264534,6.0796482531127944,64.13,35.19,0.59,0.09,35.78
5102686,Campos de Júlio,resto_mt,Demais MT,FALSE,2007,6792.843376877092,4342.950991994489,2405.238254235753,38.788549384826545,5.865581262023928,63.93,35.41,0.57,0.09,35.98
5102686,Campos de Júlio,resto_mt,Demais MT,FALSE,2008,6792.8433768772065,4328.426922127324,2423.2198298350268,35.3672472380981,5.829377676757815,63.72,35.67,0.52,0.09,36.19
5102686,Campos de Júlio,resto_mt,Demais MT,FALSE,2009,6792.843376877246,4314.9676920672,2443.8112376520867,28.303879494750937,5.760567663208011,63.52,35.98,0.42,0.08,36.4
5102686,Campos de Júlio,resto_mt,Demais MT,FALSE,2010,6792.843376877258,4302.4460715477,2458.919246437408,25.400457766418445,6.077601125732424,63.34,36.2,0.37,0.09,36.57
5102686,Campos de Júlio,resto_mt,Demais MT,FALSE,2011,6792.843376877269,4283.562974149462,2475.7238200310903,23.901501936401367,9.655080760314952,63.06,36.45,0.35,0.14,36.8
5102686,Campos de Júlio,resto_mt,Demais MT,FALSE,2012,6792.843376877256,4279.520338825415,2480.860453801902,21.911089400878865,10.55149484906007,63,36.52,0.32,0.16,36.84
5102686,Campos de Júlio,resto_mt,Demais MT,FALSE,2013,6792.843376877307,4261.6337278045075,2496.630587893783,20.84454017480464,13.73452100421147,62.74,36.75,0.31,0.2,37.06
5102686,Campos de Júlio,resto_mt,Demais MT,FALSE,2014,6792.843376877221,4230.878808788402,2528.495174126172,19.486973179931606,13.98242078271489,62.28,37.22,0.29,0.21,37.51
5102686,Campos de Júlio,resto_mt,Demais MT,FALSE,2015,6792.843376877245,4209.8595489481895,2545.1924549857563,23.583611947936987,14.20776099536138,61.97,37.47,0.35,0.21,37.82
5102686,Campos de Júlio,resto_mt,Demais MT,FALSE,2016,6792.843376877311,4171.954638457259,2581.87928993818,24.524286259216275,14.4851622226563,61.42,38.01,0.36,0.21,38.37
5102686,Campos de Júlio,resto_mt,Demais MT,FALSE,2017,6792.843376877481,4137.777448309938,2614.237784777565,26.410032505310003,14.41811128466802,60.91,38.49,0.39,0.21,38.88
5102686,Campos de Júlio,resto_mt,Demais MT,FALSE,2018,6792.843376877578,4122.046645657627,2624.0417050163983,32.41715683886715,14.33786936468512,60.68,38.63,0.48,0.21,39.11
5102686,Campos de Júlio,resto_mt,Demais MT,FALSE,2019,6792.84337687755,4101.958939072411,2643.728907663904,32.813417342590355,14.34211279864508,60.39,38.92,0.48,0.21,39.4
5102686,Campos de Júlio,resto_mt,Demais MT,FALSE,2020,6792.84337687743,4100.557193722641,2645.0976888402743,32.86565837841795,14.32283593609625,60.37,38.94,0.48,0.21,39.42
5102686,Campos de Júlio,resto_mt,Demais MT,FALSE,2021,6792.843376877292,4082.6780863839986,2665.7786694958563,30.458707312133775,13.92791368530279,60.1,39.24,0.45,0.21,39.69
5102694,Canabrava do Norte,resto_mt,Demais MT,FALSE,2000,3449.073188065044,1920.6974401864982,1523.4450437811947,2.2605487725830073,2.670155324768066,55.69,44.17,0.07,0.08,44.24
5102694,Canabrava do Norte,resto_mt,Demais MT,FALSE,2001,3449.073188065063,1902.208668033871,1542.4816239666777,1.7407999552612319,2.642096109252928,55.15,44.72,0.05,0.08,44.77
5102694,Canabrava do Norte,resto_mt,Demais MT,FALSE,2002,3449.0731880651233,1868.2043135533545,1576.4387591019176,1.7065691912231464,2.723546218627928,54.17,45.71,0.05,0.08,45.76
5102694,Canabrava do Norte,resto_mt,Demais MT,FALSE,2003,3449.073188065232,1825.628322568238,1618.5681075281832,1.8101313838501012,3.066626584960939,52.93,46.93,0.05,0.09,46.98
5102694,Canabrava do Norte,resto_mt,Demais MT,FALSE,2004,3449.0731880652834,1801.16287730232,1642.0936849152463,2.5797975303955107,3.236828317321779,52.22,47.61,0.07,0.09,47.68
5102694,Canabrava do Norte,resto_mt,Demais MT,FALSE,2005,3449.073188065313,1725.4818911385469,1717.5308549174886,2.6236812622680703,3.43676074700928,50.03,49.8,0.08,0.1,49.88
5102694,Canabrava do Norte,resto_mt,Demais MT,FALSE,2006,3449.073188065287,1693.0994770114205,1750.5830816024504,1.690677519836431,3.699951931579591,49.09,50.76,0.05,0.11,50.81
5102694,Canabrava do Norte,resto_mt,Demais MT,FALSE,2007,3449.073188065289,1669.753795110415,1773.9269790225007,1.7573935601196329,3.635020372253421,48.41,51.43,0.05,0.11,51.48
5102694,Canabrava do Norte,resto_mt,Demais MT,FALSE,2008,3449.07318806528,1638.4895694018428,1805.0956849052588,1.808309267883301,3.67962449029541,47.51,52.34,0.05,0.11,52.39
5102694,Canabrava do Norte,resto_mt,Demais MT,FALSE,2009,3449.073188065259,1640.454929808768,1803.3277285686863,1.6845117592163088,3.606017928588869,47.56,52.28,0.05,0.1,52.33
5102694,Canabrava do Norte,resto_mt,Demais MT,FALSE,2010,3449.073188065225,1645.2058789425505,1798.5549089140566,1.7222552896118146,3.590144919006347,47.7,52.15,0.05,0.1,52.2
5102694,Canabrava do Norte,resto_mt,Demais MT,FALSE,2011,3449.073188065261,1618.7506419370611,1825.0487263792988,1.8828684534912092,3.390951295410155,46.93,52.91,0.05,0.1,52.96
5102694,Canabrava do Norte,resto_mt,Demais MT,FALSE,2012,3449.0731880652647,1621.6201783886659,1822.244114708032,1.8969026944580063,3.311992274108885,47.02,52.83,0.05,0.1,52.88
5102694,Canabrava do Norte,resto_mt,Demais MT,FALSE,2013,3449.0731880652693,1624.7598317260095,1819.4623397026628,1.9197396599121088,2.931276976684568,47.11,52.75,0.06,0.08,52.81
5102694,Canabrava do Norte,resto_mt,Demais MT,FALSE,2014,3449.0731880653025,1608.2467205703133,1835.5006539793028,2.239277595275878,3.086535920410156,46.63,53.22,0.06,0.09,53.28
5102694,Canabrava do Norte,resto_mt,Demais MT,FALSE,2015,3449.0731880652957,1602.5842835983988,1841.51576090635,2.279681327026367,2.693462233520504,46.46,53.39,0.07,0.08,53.46
5102694,Canabrava do Norte,resto_mt,Demais MT,FALSE,2016,3449.07318806535,1583.626324168005,1860.6657473975897,2.347249534362792,2.433866965393065,45.91,53.95,0.07,0.07,54.02
5102694,Canabrava do Norte,resto_mt,Demais MT,FALSE,2017,3449.073188065214,1584.0227449787158,1859.8744987116809,2.3727149617309538,2.803229413085938,45.93,53.92,0.07,0.08,53.99
5102694,Canabrava do Norte,resto_mt,Demais MT,FALSE,2018,3449.0731880650656,1587.3495269300638,1856.7959479399337,2.3253181947631827,2.602395000305178,46.02,53.83,0.07,0.08,53.9
5102694,Canabrava do Norte,resto_mt,Demais MT,FALSE,2019,3449.0731880650847,1562.4909750493448,1881.7562834951098,2.3130247154541,2.512904805175782,45.3,54.56,0.07,0.07,54.63
5102694,Canabrava do Norte,resto_mt,Demais MT,FALSE,2020,3449.0731880651238,1531.8789476188801,1912.3297982927402,2.272669425109862,2.591772728393554,44.41,55.44,0.07,0.08,55.51
5102694,Canabrava do Norte,resto_mt,Demais MT,FALSE,2021,3449.073188065142,1508.7583471040039,1935.7855868174618,2.102419462524412,2.426834681152343,43.74,56.12,0.06,0.07,56.18
5102702,Canarana,resto_mt,Demais MT,FALSE,2000,10855.153476443034,6405.058543279345,4378.9956570404,11.219781513427732,59.87949460986319,59,40.34,0.1,0.55,40.44
5102702,Canarana,resto_mt,Demais MT,FALSE,2001,10855.15086851841,6387.606952946112,4398.867074548618,11.840032086669922,56.83680893701177,58.84,40.52,0.11,0.52,40.63
5102702,Canarana,resto_mt,Demais MT,FALSE,2002,10855.148254380507,6298.331775788844,4486.566504516468,11.666804561584474,58.58316951361073,58.02,41.33,0.11,0.54,41.44
5102702,Canarana,resto_mt,Demais MT,FALSE,2003,10855.151741469932,6126.447528051797,4655.07484157109,14.290789511474632,59.33858233557126,56.44,42.88,0.13,0.55,43.01
5102702,Canarana,resto_mt,Demais MT,FALSE,2004,10855.152612644704,6032.863937948796,4747.419705146653,15.519662000122104,59.34930754913326,55.58,43.73,0.14,0.55,43.87
5102702,Canarana,resto_mt,Demais MT,FALSE,2005,10855.14912402501,6007.55261775767,4773.647028824408,14.50074013159181,59.44873731134033,55.34,43.98,0.13,0.55,44.11
5102702,Canarana,resto_mt,Demais MT,FALSE,2006,10855.147380098995,6008.811602759475,4773.866293112531,13.372932278686529,59.09655194830322,55.35,43.98,0.12,0.54,44.1
5102702,Canarana,resto_mt,Demais MT,FALSE,2007,10855.150867319695,6005.571103579448,4782.08162604353,13.05248416625977,54.44565353045655,55.32,44.05,0.12,0.5,44.17
5102702,Canarana,resto_mt,Demais MT,FALSE,2008,10855.151739341029,5968.906730910014,4818.09088284941,13.143702863586437,55.01042271801757,54.99,44.39,0.12,0.51,44.51
5102702,Canarana,resto_mt,Demais MT,FALSE,2009,10855.152612869288,5958.591550588804,4829.289827177822,12.933247862121597,54.33798724053958,54.89,44.49,0.12,0.5,44.61
5102702,Canarana,resto_mt,Demais MT,FALSE,2010,10855.150871652279,5961.669887700073,4826.075316854243,12.474603986938494,54.93106311102298,54.92,44.46,0.11,0.51,44.57
5102702,Canarana,resto_mt,Demais MT,FALSE,2011,10855.152612453574,5961.527268311084,4824.716880206514,12.458837151550313,56.44962678442382,54.92,44.45,0.11,0.52,44.56
5102702,Canarana,resto_mt,Demais MT,FALSE,2012,10855.142160810445,5951.9273379535925,4833.4974749476105,12.86521209918215,56.85213581005857,54.83,44.53,0.12,0.52,44.65
5102702,Canarana,resto_mt,Demais MT,FALSE,2013,10855.145643868618,5942.353562565368,4842.485571105313,14.749316132141143,55.55719406579591,54.74,44.61,0.14,0.51,44.75
5102702,Canarana,resto_mt,Demais MT,FALSE,2014,10855.141287880637,5926.866532912167,4857.545568334865,15.26681558685305,55.46237104675291,54.6,44.75,0.14,0.51,44.89
5102702,Canarana,resto_mt,Demais MT,FALSE,2015,10855.146512937124,5904.241629836924,4882.299167044597,13.739100944946301,54.8666151106567,54.39,44.98,0.13,0.51,45.11
5102702,Canarana,resto_mt,Demais MT,FALSE,2016,10855.147383138248,5903.247785209634,4883.9802885428735,14.247828915039076,53.67148047070314,54.38,44.99,0.13,0.49,45.12
5102702,Canarana,resto_mt,Demais MT,FALSE,2017,10855.147382292997,5893.367716627837,4892.765861239745,14.635665300659193,54.37813912475588,54.29,45.07,0.13,0.5,45.2
5102702,Canarana,resto_mt,Demais MT,FALSE,2018,10855.14564027887,5891.186740116866,4892.779135631062,16.025108818847748,55.1546557120971,54.27,45.07,0.15,0.51,45.22
5102702,Canarana,resto_mt,Demais MT,FALSE,2019,10855.147382984207,5866.4756528898915,4918.270110833758,16.249567701660222,54.15205155889882,54.04,45.31,0.15,0.5,45.46
5102702,Canarana,resto_mt,Demais MT,FALSE,2020,10855.143022964958,5868.174851810388,4915.342015364469,16.62769556372076,54.99846022637939,54.06,45.28,0.15,0.51,45.43
5102702,Canarana,resto_mt,Demais MT,FALSE,2021,10855.170036774547,5813.214275307533,4974.24157987882,16.520193143127464,51.19398844506831,53.55,45.82,0.15,0.47,45.97
5102793,Carlinda,resto_mt,Demais MT,FALSE,2000,2421.7524707726875,888.8402321340719,1489.7845670192914,6.2537196080322035,36.87395201129218,36.7,61.52,0.26,1.52,61.78
5102793,Carlinda,resto_mt,Demais MT,FALSE,2001,2421.7524707726798,857.3657085554173,1521.31714547538,6.3074454783325,36.76217126355049,35.4,62.82,0.26,1.52,63.08
5102793,Carlinda,resto_mt,Demais MT,FALSE,2002,2421.7524707726097,832.3727214099713,1545.6390741179475,6.375281246337872,37.36539399835268,34.37,63.82,0.26,1.54,64.08
5102793,Carlinda,resto_mt,Demais MT,FALSE,2003,2421.7524707726916,804.3621936365685,1573.6549480277852,6.35590456616209,37.37942454217592,33.21,64.98,0.26,1.54,65.24
5102793,Carlinda,resto_mt,Demais MT,FALSE,2004,2421.752470772908,766.674412101507,1611.3920593410173,6.468640993835431,37.21735833654849,31.66,66.54,0.27,1.54,66.81
5102793,Carlinda,resto_mt,Demais MT,FALSE,2005,2421.7524707729585,757.8631463250158,1620.3873126273243,6.472161892272932,37.02984992834537,31.29,66.91,0.27,1.53,67.18
5102793,Carlinda,resto_mt,Demais MT,FALSE,2006,2421.7524707728653,753.8338969369391,1624.0352798057136,6.464238246826152,37.41905578338687,31.13,67.06,0.27,1.55,67.33
5102793,Carlinda,resto_mt,Demais MT,FALSE,2007,2421.7524707728294,756.8582698973362,1621.2073359621622,6.502106996826155,37.18475791650456,31.25,66.94,0.27,1.54,67.21
5102793,Carlinda,resto_mt,Demais MT,FALSE,2008,2421.752470772868,761.2087916560047,1616.941459339336,6.629807702453588,36.97241207507393,31.43,66.77,0.27,1.53,67.04
5102793,Carlinda,resto_mt,Demais MT,FALSE,2009,2421.752470772793,766.4038641926365,1611.433697225419,6.642143746582008,37.27276560815495,31.65,66.54,0.27,1.54,66.81
5102793,Carlinda,resto_mt,Demais MT,FALSE,2010,2421.7524707727493,771.1277741286693,1606.844582682165,6.653593313293429,37.12652064862127,31.84,66.35,0.27,1.53,66.62
5102793,Carlinda,resto_mt,Demais MT,FALSE,2011,2421.752470772757,771.4299434403808,1606.4341483877959,6.6870623140868855,37.20131663049383,31.85,66.33,0.28,1.54,66.61
5102793,Carlinda,resto_mt,Demais MT,FALSE,2012,2421.7524707726934,770.5889727935527,1606.6282032237084,6.765441707702608,37.76985304773019,31.82,66.34,0.28,1.56,66.62
5102793,Carlinda,resto_mt,Demais MT,FALSE,2013,2421.752470772752,767.42376595153155,1609.6385774536052,6.959196451538057,37.73093091607742,31.69,66.47,0.29,1.56,66.76
5102793,Carlinda,resto_mt,Demais MT,FALSE,2014,2421.7524707727275,746.6928627621426,1630.1547113788095,7.078087796936012,37.82680883483956,30.83,67.31,0.29,1.56,67.6
5102793,Carlinda,resto_mt,Demais MT,FALSE,2015,2421.7524707727734,744.7063540335491,1631.7432187509423,7.349284387390091,37.95361360089174,30.75,67.38,0.3,1.57,67.68
5102793,Carlinda,resto_mt,Demais MT,FALSE,2016,2421.7524707729367,736.1336742050883,1639.9134910339121,7.635491283691367,38.06981425024478,30.4,67.72,0.32,1.57,68.04
5102793,Carlinda,resto_mt,Demais MT,FALSE,2017,2421.7524707727034,731.75532008187065,1643.5662980003412,8.283586410888638,38.14726627960272,30.22,67.87,0.34,1.58,68.21
5102793,Carlinda,resto_mt,Demais MT,FALSE,2018,2421.7524707726975,754.6389527354175,1620.2899697297232,8.763456179321249,38.06009212823558,31.16,66.91,0.36,1.57,67.27
5102793,Carlinda,resto_mt,Demais MT,FALSE,2019,2421.752470772675,763.3068398928096,1610.9757651734437,9.063721777526816,38.40614392889473,31.52,66.52,0.37,1.59,66.89
5102793,Carlinda,resto_mt,Demais MT,FALSE,2020,2421.7524707726707,766.3744685317162,1608.325383967761,9.157080190185502,37.89553808300851,31.65,66.41,0.38,1.56,66.79
5102793,Carlinda,resto_mt,Demais MT,FALSE,2021,2421.7524707725925,802.7195856318953,1572.40292306544,9.220470416686952,37.40949165857008,33.15,64.93,0.38,1.54,65.31
5102850,Castanheira,resto_mt,Demais MT,FALSE,2000,3713.4557949535942,2080.476854438832,1607.972909683219,2.350141588989259,22.65588924255384,56.03,43.3,0.06,0.61,43.36
5102850,Castanheira,resto_mt,Demais MT,FALSE,2001,3713.4557955442424,2005.6559316117323,1683.0389842952422,2.351896714416505,22.40898292285169,54.01,45.32,0.06,0.6,45.38
5102850,Castanheira,resto_mt,Demais MT,FALSE,2002,3713.4540393536636,1924.960917968287,1763.4011300003058,2.350141580261232,22.74184980480967,51.84,47.49,0.06,0.61,47.55
5102850,Castanheira,resto_mt,Demais MT,FALSE,2003,3713.450526413987,1820.1050460082229,1868.1656254293234,2.354529410095216,22.8253255663453,49.01,50.31,0.06,0.61,50.37
5102850,Castanheira,resto_mt,Demais MT,FALSE,2004,3713.4505254108913,1712.5518579992452,1976.024467369776,2.357162107360841,22.51703793450939,46.12,53.21,0.06,0.61,53.27
5102850,Castanheira,resto_mt,Demais MT,FALSE,2005,3713.4514042445244,1668.2647089751715,2020.5838675341845,2.364182579711915,22.2386451554566,44.92,54.41,0.06,0.6,54.47
5102850,Castanheira,resto_mt,Demais MT,FALSE,2006,3713.452283254589,1626.4680728707845,2062.072171778763,2.368570531494141,22.54346807354748,43.8,55.53,0.06,0.61,55.59
5102850,Castanheira,resto_mt,Demais MT,FALSE,2007,3713.4540402382154,1603.9142504994168,2085.3249510522137,2.372080766418457,21.84275792016601,43.19,56.16,0.06,0.59,56.22
5102850,Castanheira,resto_mt,Demais MT,FALSE,2008,3713.4540402382686,1586.5955271820742,2101.8445342889827,2.374713555480957,22.63926521173109,42.73,56.6,0.06,0.61,56.66
5102850,Castanheira,resto_mt,Demais MT,FALSE,2009,3713.455796680939,1587.9289964799555,2101.0107018535105,2.379979050476074,22.13611929699709,42.76,56.58,0.06,0.6,56.64
5102850,Castanheira,resto_mt,Demais MT,FALSE,2010,3713.455796349116,1581.6244379707612,2106.990361150938,2.376468661926269,22.46452856549081,42.59,56.74,0.06,0.6,56.8
5102850,Castanheira,resto_mt,Demais MT,FALSE,2011,3713.4522821712417,1560.5017208533902,2128.2789705881146,2.378223721618652,22.29336700811773,42.02,57.31,0.06,0.6,57.37
5102850,Castanheira,resto_mt,Demais MT,FALSE,2012,3713.4496476413174,1553.7041464812214,2134.8789621730352,2.389632015869139,22.47690697119146,41.84,57.49,0.06,0.61,57.55
5102850,Castanheira,resto_mt,Demais MT,FALSE,2013,3713.4540402195207,1558.626177788751,2130.544368155562,2.397530106018064,21.88596416918951,41.97,57.37,0.06,0.59,57.43
5102850,Castanheira,resto_mt,Demais MT,FALSE,2014,3713.4593098128908,1561.787182715559,2127.368376954448,2.404550635375973,21.89919950750737,42.06,57.29,0.06,0.59,57.35
5102850,Castanheira,resto_mt,Demais MT,FALSE,2015,3713.4584312184766,1564.815591734336,2124.2609281812843,2.442285907836913,21.9396253950196,42.14,57.2,0.07,0.59,57.27
5102850,Castanheira,resto_mt,Demais MT,FALSE,2016,3713.4549180344334,1567.697157511316,2121.57179934343,2.493184531738287,21.69277664794924,42.22,57.13,0.07,0.58,57.2
5102850,Castanheira,resto_mt,Demais MT,FALSE,2017,3713.454039477722,1563.562315281809,2125.339490212026,2.497572283813483,22.05466170007332,42.11,57.23,0.07,0.59,57.3
5102850,Castanheira,resto_mt,Demais MT,FALSE,2018,3713.454917706946,1550.4210344221303,2138.5659541821547,2.498449827148444,21.96947927551276,41.75,57.59,0.07,0.59,57.66
5102850,Castanheira,resto_mt,Demais MT,FALSE,2019,3713.457553546234,1539.739321554885,2149.3048087422035,2.498449827148445,21.91497342199711,41.46,57.88,0.07,0.59,57.95
5102850,Castanheira,resto_mt,Demais MT,FALSE,2020,3713.4557970305077,1534.8546244926831,2153.7565545596144,2.4993273775634832,22.34529060064701,41.33,58,0.07,0.6,58.07
5102850,Castanheira,resto_mt,Demais MT,FALSE,2021,3713.4628228961064,1540.997243449771,2148.64397246489,2.515123629333504,21.30648335211184,41.5,57.86,0.07,0.57,57.93
5103007,Chapada dos Guimarães,resto_mt,Demais MT,FALSE,2000,6603.272872964401,4323.6495197437425,2086.956009608539,28.479384047180286,164.1879595649398,65.48,31.6,0.43,2.49,32.03
5103007,Chapada dos Guimarães,resto_mt,Demais MT,FALSE,2001,6603.272872964515,4219.693616794773,2140.9683912533073,30.789383232849193,211.8214816835855,63.9,32.42,0.47,3.21,32.89
5103007,Chapada dos Guimarães,resto_mt,Demais MT,FALSE,2002,6603.272872964449,4087.4737446802096,2198.9487021160226,30.47023697320561,286.380189195011,61.9,33.3,0.46,4.34,33.76
5103007,Chapada dos Guimarães,resto_mt,Demais MT,FALSE,2003,6603.272872964424,4011.9483921675273,2275.410846582236,26.390671809143136,289.5229624055186,60.76,34.46,0.4,4.38,34.86
5103007,Chapada dos Guimarães,resto_mt,Demais MT,FALSE,2004,6603.27287296437,3957.6990797435637,2324.3481896160733,27.889894369201738,293.3357092355321,59.94,35.2,0.42,4.44,35.62
5103007,Chapada dos Guimarães,resto_mt,Demais MT,FALSE,2005,6603.272872964392,3936.9928682976442,2340.7171090614024,30.245155485962037,295.3177401193831,59.62,35.45,0.46,4.47,35.91
5103007,Chapada dos Guimarães,resto_mt,Demais MT,FALSE,2006,6603.272872964552,3943.043006016361,2329.889756390515,30.770614315734967,299.5694962419423,59.71,35.28,0.47,4.54,35.75
5103007,Chapada dos Guimarães,resto_mt,Demais MT,FALSE,2007,6603.272872964521,3976.6420545610163,2294.186072019719,33.48059229974372,298.9641540840422,60.22,34.74,0.51,4.53,35.25
5103007,Chapada dos Guimarães,resto_mt,Demais MT,FALSE,2008,6603.272872964456,3993.6486803752946,2280.1483464530556,30.280873442077628,299.1949726940285,60.48,34.53,0.46,4.53,34.99
5103007,Chapada dos Guimarães,resto_mt,Demais MT,FALSE,2009,6603.272872964608,4025.446870003903,2254.3900537113786,26.464954473449758,296.970994775877,60.96,34.14,0.4,4.5,34.54
5103007,Chapada dos Guimarães,resto_mt,Demais MT,FALSE,2010,6603.272872964687,4049.759953318251,2231.1963645939477,26.4391194978028,295.8774355546858,61.33,33.79,0.4,4.48,34.19
5103007,Chapada dos Guimarães,resto_mt,Demais MT,FALSE,2011,6603.272872964677,4051.563865679044,2231.3194318897604,25.21237462701427,295.177200768859,61.36,33.79,0.38,4.47,34.17
5103007,Chapada dos Guimarães,resto_mt,Demais MT,FALSE,2012,6603.2728729646915,4013.9881152834746,2270.665361990238,23.998983958679297,294.6204117322991,60.79,34.39,0.36,4.46,34.75
5103007,Chapada dos Guimarães,resto_mt,Demais MT,FALSE,2013,6603.2728729647015,3975.561204939781,2305.448050748925,25.28655275787363,296.9770645181216,60.21,34.91,0.38,4.5,35.29
5103007,Chapada dos Guimarães,resto_mt,Demais MT,FALSE,2014,6603.272872964519,3936.8532066571556,2344.2397128444163,25.110695812072848,297.0692576508739,59.62,35.5,0.38,4.5,35.88
5103007,Chapada dos Guimarães,resto_mt,Demais MT,FALSE,2015,6603.272872964488,3898.8993574281153,2385.631378315429,22.79634885498055,295.9457883659622,59.04,36.13,0.35,4.48,36.48
5103007,Chapada dos Guimarães,resto_mt,Demais MT,FALSE,2016,6603.272872964536,3882.9851883752426,2401.9026430571334,22.44448407873542,295.9405574534247,58.8,36.37,0.34,4.48,36.71
5103007,Chapada dos Guimarães,resto_mt,Demais MT,FALSE,2017,6603.272872964488,3889.637355469906,2394.5711810498833,22.36993679895025,296.6943996457481,58.9,36.26,0.34,4.49,36.6
5103007,Chapada dos Guimarães,resto_mt,Demais MT,FALSE,2018,6603.272872964539,3937.0132272510523,2350.0545734521966,22.74949758636479,293.4555746749248,59.62,35.59,0.34,4.44,35.93
5103007,Chapada dos Guimarães,resto_mt,Demais MT,FALSE,2019,6603.272872964606,3965.9396144348048,2322.8655448641525,22.068462153259322,292.3992515123892,60.06,35.18,0.33,4.43,35.51
5103007,Chapada dos Guimarães,resto_mt,Demais MT,FALSE,2020,6603.272872964564,3976.0264495092647,2316.1692946946837,22.826204606201216,288.250924154415,60.21,35.08,0.35,4.37,35.43
5103007,Chapada dos Guimarães,resto_mt,Demais MT,FALSE,2021,6603.272872964585,4024.1704620862647,2294.7194253339553,23.82004567224127,260.5629398721226,60.94,34.75,0.36,3.95,35.11
5103056,Cláudia,resto_mt,Demais MT,FALSE,2000,3843.5407112777593,2917.6798614169006,913.8678187649115,4.059836842651369,7.933194253295884,75.91,23.78,0.11,0.21,23.89
5103056,Cláudia,resto_mt,Demais MT,FALSE,2001,3843.5442194218476,2874.2827942751314,959.4588845815305,4.081748215087897,5.720792350097647,74.78,24.96,0.11,0.15,25.07
5103056,Cláudia,resto_mt,Demais MT,FALSE,2002,3843.5433422873934,2792.276586876522,1040.7997113315255,4.30963613940435,6.157407939941383,72.65,27.08,0.11,0.16,27.19
5103056,Cláudia,resto_mt,Demais MT,FALSE,2003,3843.5433422879655,2732.8609211188545,1100.3258085013256,4.35784163055426,5.998771037231432,71.1,28.63,0.11,0.16,28.74
5103056,Cláudia,resto_mt,Demais MT,FALSE,2004,3843.5450964216575,2699.532930557603,1133.0831559559126,4.496326281005946,6.432683627136211,70.24,29.48,0.12,0.17,29.6
5103056,Cláudia,resto_mt,Demais MT,FALSE,2005,3843.545096421739,2656.3044139565504,1176.5878836196682,4.626919285156393,6.025879560363752,69.11,30.61,0.12,0.16,30.73
5103056,Cláudia,resto_mt,Demais MT,FALSE,2006,3843.5450964219403,2619.5627099147623,1213.331339670569,4.777672482727239,5.873374353881817,68.15,31.57,0.12,0.15,31.69
5103056,Cláudia,resto_mt,Demais MT,FALSE,2007,3843.5450964218585,2610.773480415967,1221.9583864806232,4.787313727050968,6.025915798217749,67.93,31.79,0.12,0.16,31.91
5103056,Cláudia,resto_mt,Demais MT,FALSE,2008,3843.544218864967,2568.7892722587853,1263.5191806455496,4.874960745117372,6.360805215515114,66.83,32.87,0.13,0.17,33
5103056,Cláudia,resto_mt,Demais MT,FALSE,2009,3843.5450965228465,2533.075506453295,1299.5775368041095,4.912648731018255,5.979404534423816,65.9,33.81,0.13,0.16,33.94
5103056,Cláudia,resto_mt,Demais MT,FALSE,2010,3843.545096522679,2513.6105188425668,1318.7794779839455,5.073918163696534,6.081181532470683,65.4,34.31,0.13,0.16,34.44
5103056,Cláudia,resto_mt,Demais MT,FALSE,2011,3843.5468510305477,2528.539813665137,1303.847600088799,5.100212009277587,6.059225267333964,65.79,33.92,0.13,0.16,34.05
5103056,Cláudia,resto_mt,Demais MT,FALSE,2012,3843.546851209407,2523.841660949251,1308.356392601647,5.158935637207292,6.189862021301253,65.66,34.04,0.13,0.16,34.17
5103056,Cláudia,resto_mt,Demais MT,FALSE,2013,3843.545096845547,2484.8176148368048,1347.5302856466205,5.155429623779557,6.041766738342264,64.65,35.06,0.13,0.16,35.19
5103056,Cláudia,resto_mt,Demais MT,FALSE,2014,3843.5450968454065,2440.0162991367674,1392.2448016908777,5.180847296875272,6.103148720886213,63.48,36.22,0.13,0.16,36.35
5103056,Cláudia,resto_mt,Demais MT,FALSE,2015,3843.544219609081,2402.8418407851586,1429.3578541779873,5.205388708618448,6.139135937316877,62.52,37.19,0.14,0.16,37.33
5103056,Cláudia,resto_mt,Demais MT,FALSE,2016,3843.5442195568976,2414.5340347567594,1417.2299954795205,5.287780453308409,6.492408867309546,62.82,36.87,0.14,0.17,37.01
5103056,Cláudia,resto_mt,Demais MT,FALSE,2017,3843.542465600995,2384.711190543785,1447.1212400995073,5.302680483032529,6.407354474670388,62.04,37.65,0.14,0.17,37.79
5103056,Cláudia,resto_mt,Demais MT,FALSE,2018,3843.539833900965,2286.078016999417,1545.6544630126318,5.31319825231964,6.49415563659666,59.48,40.21,0.14,0.17,40.35
5103056,Cláudia,resto_mt,Demais MT,FALSE,2019,3843.533694667165,2211.900752998195,1590.5890452238405,5.321963127868956,35.72193331726069,57.55,41.38,0.14,0.93,41.52
5103056,Cláudia,resto_mt,Demais MT,FALSE,2020,3843.531939872896,2184.8146709363086,1623.1971828497342,5.325468766174618,30.19461732067864,56.84,42.23,0.14,0.79,42.37
5103056,Cláudia,resto_mt,Demais MT,FALSE,2021,3843.5494826864997,2195.9644513229346,1604.8088901357203,5.364032507568657,37.41210872027647,57.13,41.75,0.14,0.97,41.89
5103106,Cocalinho,resto_mt,Demais MT,FALSE,2000,16563.061923357178,13504.512326918319,2720.773412245436,33.020376060424844,304.7558081329958,81.53,16.43,0.2,1.84,16.63
5103106,Cocalinho,resto_mt,Demais MT,FALSE,2001,16563.061923357218,13467.390545548444,2766.6600882855805,33.50428188958742,295.5070076336076,81.31,16.7,0.2,1.78,16.9
5103106,Cocalinho,resto_mt,Demais MT,FALSE,2002,16563.061923357232,13427.702624510379,2802.614161513418,32.781146764587405,299.9639905688479,81.07,16.92,0.2,1.81,17.12
5103106,Cocalinho,resto_mt,Demais MT,FALSE,2003,16563.061923357138,13348.218527703262,2880.912564166755,34.50418954107668,299.4266419460452,80.59,17.39,0.21,1.81,17.6
5103106,Cocalinho,resto_mt,Demais MT,FALSE,2004,16563.061923356912,13294.276651684875,2936.8972239830096,36.39991549224854,295.488132196778,80.26,17.73,0.22,1.78,17.95
5103106,Cocalinho,resto_mt,Demais MT,FALSE,2005,16563.06192335697,13223.820030439461,3008.7985170969505,37.909111097595215,292.5342647229633,79.84,18.17,0.23,1.77,18.4
5103106,Cocalinho,resto_mt,Demais MT,FALSE,2006,16563.06192335691,13119.41432327765,3115.41384497379,40.82114718615723,287.4126079193132,79.21,18.81,0.25,1.74,19.06
5103106,Cocalinho,resto_mt,Demais MT,FALSE,2007,16563.061923357025,13033.035256564199,3201.45265661387,42.3672037350464,286.2068064439098,78.69,19.33,0.26,1.73,19.59
5103106,Cocalinho,resto_mt,Demais MT,FALSE,2008,16563.061923357003,12955.04431773674,3281.774053946129,41.63296081848145,284.6105908556539,78.22,19.81,0.25,1.72,20.06
5103106,Cocalinho,resto_mt,Demais MT,FALSE,2009,16563.061923356792,12913.520252414799,3327.4354898774773,42.553169853149406,279.553011211366,77.97,20.09,0.26,1.69,20.35
5103106,Cocalinho,resto_mt,Demais MT,FALSE,2010,16563.061923356887,12914.332277818674,3330.8074051525327,41.01761525170897,276.9046251339731,77.97,20.11,0.25,1.67,20.36
5103106,Cocalinho,resto_mt,Demais MT,FALSE,2011,16563.061923356923,12956.452706721951,3293.817087151816,40.36948104522705,272.4226484379277,78.22,19.89,0.24,1.64,20.13
5103106,Cocalinho,resto_mt,Demais MT,FALSE,2012,16563.06192335695,12988.385067657227,3268.60426127101,39.53215236041264,266.5404420682983,78.42,19.73,0.24,1.61,19.97
5103106,Cocalinho,resto_mt,Demais MT,FALSE,2013,16563.061923356938,12942.433184512634,3323.704266941596,39.61454045068361,257.3099314520255,78.14,20.07,0.24,1.55,20.31
5103106,Cocalinho,resto_mt,Demais MT,FALSE,2014,16563.06192335714,12846.122950875995,3425.718473835396,40.58702384722903,250.6334747985216,77.56,20.68,0.25,1.51,20.93
5103106,Cocalinho,resto_mt,Demais MT,FALSE,2015,16563.06192335737,12684.88795171048,3591.172019133769,39.46933100451663,247.532621508605,76.59,21.68,0.24,1.49,21.92
5103106,Cocalinho,resto_mt,Demais MT,FALSE,2016,16563.061923357265,12537.391926400056,3741.007123260799,38.7947009971924,245.8681726992177,75.69,22.59,0.23,1.48,22.82
5103106,Cocalinho,resto_mt,Demais MT,FALSE,2017,16563.061923357447,12468.078577457976,3811.851746381833,40.14431954901122,242.9872799686269,75.28,23.01,0.24,1.47,23.25
5103106,Cocalinho,resto_mt,Demais MT,FALSE,2018,16563.06192335732,12495.195890215075,3783.347482024203,39.530296658203135,244.9882544598377,75.44,22.84,0.24,1.48,23.08
5103106,Cocalinho,resto_mt,Demais MT,FALSE,2019,16563.06192335731,12572.951049685471,3706.592847549219,40.08602363598636,243.4320024866322,75.91,22.38,0.24,1.47,22.62
5103106,Cocalinho,resto_mt,Demais MT,FALSE,2020,16563.061923357352,12591.99529976916,3688.7780664677093,41.23891165588381,241.0496454645987,76.02,22.27,0.25,1.46,22.52
5103106,Cocalinho,resto_mt,Demais MT,FALSE,2021,16563.061923357374,12609.813402386468,3676.0265336626794,41.85590290838626,235.36608439984,76.13,22.19,0.25,1.42,22.44
5103205,Colíder,resto_mt,Demais MT,FALSE,2000,3112.0279980964474,814.5499488253814,2276.667359295542,9.908248216430042,10.90244175909424,26.17,73.16,0.32,0.35,73.48
5103205,Colíder,resto_mt,Demais MT,FALSE,2001,3112.0262415730845,814.2223029781643,2277.3196239646104,9.99172092340026,10.49259370690919,26.16,73.18,0.32,0.34,73.5
5103205,Colíder,resto_mt,Demais MT,FALSE,2002,3112.0297547832424,802.7820884124992,2288.3562305290693,10.054098074218135,10.83733776745606,25.8,73.53,0.32,0.35,73.85
5103205,Colíder,resto_mt,Demais MT,FALSE,2003,3112.0376617203783,784.2765517910194,2306.5866123284686,10.192903861083364,10.98159373980714,25.2,74.12,0.33,0.35,74.45
5103205,Colíder,resto_mt,Demais MT,FALSE,2004,3112.039419787571,787.00012625649,2303.6759314775536,10.248252318724962,11.11510973480226,25.29,74.02,0.33,0.36,74.35
5103205,Colíder,resto_mt,Demais MT,FALSE,2005,3112.039419664745,774.6104492507884,2316.2329044806074,10.393216806273768,10.8028491270752,24.89,74.43,0.33,0.35,74.76
5103205,Colíder,resto_mt,Demais MT,FALSE,2006,3112.0402993971184,759.4062688774632,2331.110055139834,10.482831186644873,11.04114419317628,24.4,74.91,0.34,0.35,75.25
5103205,Colíder,resto_mt,Demais MT,FALSE,2007,3112.0385411843604,763.8651824769609,2326.846396856387,10.495131767638526,10.83183008337403,24.55,74.77,0.34,0.35,75.11
5103205,Colíder,resto_mt,Demais MT,FALSE,2008,3112.03327127346,766.6124708055754,2323.7909107466935,10.656788124633177,10.97310159655762,24.63,74.67,0.34,0.35,75.01
5103205,Colíder,resto_mt,Demais MT,FALSE,2009,3112.033271196337,774.157124550084,2315.946513702589,10.702472458678617,11.22716048498535,24.88,74.42,0.34,0.36,74.76
5103205,Colíder,resto_mt,Demais MT,FALSE,2010,3112.0341497907048,788.9443105143749,2301.282416968164,10.736735874389083,11.07068643377686,25.35,73.95,0.35,0.36,74.3
5103205,Colíder,resto_mt,Demais MT,FALSE,2011,3112.0315154996783,791.5138913256566,2298.907260888378,10.803506837645909,10.80685644799805,25.43,73.87,0.35,0.35,74.22
5103205,Colíder,resto_mt,Demais MT,FALSE,2012,3112.037666261356,792.1698406819208,2298.099254078459,10.896634988952059,10.87193651202393,25.46,73.85,0.35,0.35,74.2
5103205,Colíder,resto_mt,Demais MT,FALSE,2013,3112.0306385282106,784.8467465633798,2305.5315478944576,10.98536414733836,10.66697992303467,25.22,74.08,0.35,0.34,74.43
5103205,Colíder,resto_mt,Demais MT,FALSE,2014,3112.0315180898792,761.9643464299029,2328.167187600529,11.146141599303663,10.75384246014404,24.48,74.81,0.36,0.35,75.17
5103205,Colíder,resto_mt,Demais MT,FALSE,2015,3112.036790285917,755.9067642709574,2333.7119826665103,11.259470541015114,11.15857280743411,24.29,74.99,0.36,0.36,75.35
5103205,Colíder,resto_mt,Demais MT,FALSE,2016,3112.0411809454804,750.3583329607158,2339.4352162804803,11.293733351806143,10.95389835247804,24.11,75.17,0.36,0.35,75.53
5103205,Colíder,resto_mt,Demais MT,FALSE,2017,3112.033271509241,741.6344967497633,2337.8506461462575,11.865664709106058,20.68246390411359,23.83,75.12,0.38,0.66,75.5
5103205,Colíder,resto_mt,Demais MT,FALSE,2018,3112.026240013544,754.611581838204,2316.1133499519524,12.083549131713559,29.21775909167399,24.25,74.42,0.39,0.94,74.81
5103205,Colíder,resto_mt,Demais MT,FALSE,2019,3112.020969901401,759.7241486236712,2311.435217328085,12.168769330383043,28.6928346192619,24.41,74.27,0.39,0.92,74.66
5103205,Colíder,resto_mt,Demais MT,FALSE,2020,3112.02624030984,769.2985961751863,2300.923449285778,12.211819056640385,29.59237579223553,24.72,73.94,0.39,0.95,74.33
5103205,Colíder,resto_mt,Demais MT,FALSE,2021,3112.0552347686566,827.4486081614325,2242.4441131741805,12.294399959533449,29.86811347351011,26.59,72.06,0.4,0.96,72.46
5103254,Colniza,resto_mt,Demais MT,FALSE,2000,27961.251432046975,27273.35673789939,594.0519821759041,10.214951193786295,83.62776077789309,97.54,2.12,0.04,0.3,2.16
5103254,Colniza,resto_mt,Demais MT,FALSE,2001,27961.247900502476,27085.38880073469,782.0183063872923,10.245839558044104,83.59495382244873,96.87,2.8,0.04,0.3,2.84
5103254,Colniza,resto_mt,Demais MT,FALSE,2002,27961.241723076848,26761.299031735984,1106.1837794942421,10.330577514464999,83.42833433215331,95.71,3.96,0.04,0.3,4
5103254,Colniza,resto_mt,Demais MT,FALSE,2003,27961.235546392003,26409.464682693175,1456.4730238093612,10.360585012206705,84.93725487725833,94.45,5.21,0.04,0.3,5.25
5103254,Colniza,resto_mt,Demais MT,FALSE,2004,27961.243490465284,25831.00027017557,2036.0956621959044,10.64038442687955,83.50717366693118,92.38,7.28,0.04,0.3,7.32
5103254,Colniza,resto_mt,Demais MT,FALSE,2005,27961.23377698598,25339.542495069967,2528.227780978211,10.85486331280482,82.60863762500003,90.62,9.04,0.04,0.3,9.08
5103254,Colniza,resto_mt,Demais MT,FALSE,2006,27961.23554236524,25011.589535654,2855.4198087567124,11.112590852904937,83.11360710162351,89.45,10.21,0.04,0.3,10.25
5103254,Colniza,resto_mt,Demais MT,FALSE,2007,27961.23201178587,24782.668985244978,3083.766649775939,11.428572618163725,83.36780414678955,88.63,11.03,0.04,0.3,11.07
5103254,Colniza,resto_mt,Demais MT,FALSE,2008,27961.232011450207,24689.457550600077,3175.784367064794,12.131156809631154,83.85893697570799,88.3,11.36,0.04,0.3,11.4
5103254,Colniza,resto_mt,Demais MT,FALSE,2009,27961.23642630568,24683.9937220573,3181.5973120215745,12.453319337646262,83.19207288916019,88.28,11.38,0.04,0.3,11.42
5103254,Colniza,resto_mt,Demais MT,FALSE,2010,27961.23377606776,24632.533273650948,3226.505721907349,19.142284456115384,83.05249605334478,88.1,11.54,0.07,0.3,11.61
5103254,Colniza,resto_mt,Demais MT,FALSE,2011,27961.232012805085,24540.8813738859,3316.1057949149126,20.53207131072972,83.71277269354245,87.77,11.86,0.07,0.3,11.93
5103254,Colniza,resto_mt,Demais MT,FALSE,2012,27961.243486190906,24443.721636901228,3411.720445890082,20.897401104186635,84.90400229541015,87.42,12.2,0.07,0.3,12.27
5103254,Colniza,resto_mt,Demais MT,FALSE,2013,27961.24348428701,24304.35835011022,3551.865035004548,21.185931776916192,83.83416739532467,86.92,12.7,0.08,0.3,12.78
5103254,Colniza,resto_mt,Demais MT,FALSE,2014,27961.24789845593,24175.848068305037,3678.90896956142,21.311233265563622,85.17962732391355,86.46,13.16,0.08,0.3,13.24
5103254,Colniza,resto_mt,Demais MT,FALSE,2015,27961.246132689594,23968.77166207228,3886.3431065520053,21.671319453429916,84.46004461187744,85.72,13.9,0.08,0.3,13.98
5103254,Colniza,resto_mt,Demais MT,FALSE,2016,27961.25584175604,23803.613503140128,4051.5313334623465,21.780767072936836,84.33023808062738,85.13,14.49,0.08,0.3,14.57
5103254,Colniza,resto_mt,Demais MT,FALSE,2017,27961.24878139472,23625.09647336529,4229.658167877697,22.105553047729288,84.38858710400386,84.49,15.13,0.08,0.3,15.21
5103254,Colniza,resto_mt,Demais MT,FALSE,2018,27961.25143017352,23433.852609025966,4418.798849499116,22.173513048217544,86.42645860021969,83.81,15.8,0.08,0.31,15.88
5103254,Colniza,resto_mt,Demais MT,FALSE,2019,27961.24878356885,23245.77650906561,4605.208916347724,22.61023984527568,87.65311831024172,83.14,16.47,0.08,0.31,16.55
5103254,Colniza,resto_mt,Demais MT,FALSE,2020,27961.23642856954,23058.71513179079,4792.7738242791775,22.86971588317839,86.87775661639402,82.47,17.14,0.08,0.31,17.22
5103254,Colniza,resto_mt,Demais MT,FALSE,2021,27961.27437520561,22875.103255737427,4978.156240189127,23.63816385345431,84.37671542559812,81.81,17.8,0.08,0.3,17.88
5103304,Comodoro,resto_mt,Demais MT,FALSE,2000,21479.09795654814,19380.594092707935,2050.7466249898625,20.41018895971674,27.34704989062505,90.23,9.55,0.1,0.13,9.65
5103304,Comodoro,resto_mt,Demais MT,FALSE,2001,21479.097955833357,19231.040072968473,2200.160661241961,22.19466589581299,25.70255572711186,89.53,10.24,0.1,0.12,10.34
5103304,Comodoro,resto_mt,Demais MT,FALSE,2002,21479.099694981018,19091.78228309382,2338.4614338478304,22.596318430664052,26.25965960870366,88.89,10.89,0.11,0.12,11
5103304,Comodoro,resto_mt,Demais MT,FALSE,2003,21479.10143403594,18992.56163632428,2434.144439597461,26.397703089538563,25.99765502465824,88.42,11.33,0.12,0.12,11.45
5103304,Comodoro,resto_mt,Demais MT,FALSE,2004,21479.102303590462,18933.102226981468,2491.9274258303094,28.736980164184594,25.33567061450199,88.15,11.6,0.13,0.12,11.73
5103304,Comodoro,resto_mt,Demais MT,FALSE,2005,21479.10230355714,18821.655533933394,2605.860282912017,26.98961477526865,24.59687193646242,87.63,12.13,0.13,0.11,12.26
5103304,Comodoro,resto_mt,Demais MT,FALSE,2006,21479.102303623346,18777.47015180921,2649.947899142133,27.200707198120163,24.48354547387697,87.42,12.34,0.13,0.11,12.47
5103304,Comodoro,resto_mt,Demais MT,FALSE,2007,21479.099695624594,18749.674465395874,2678.302417144249,26.636801908081114,24.48601117639163,87.29,12.47,0.12,0.11,12.59
5103304,Comodoro,resto_mt,Demais MT,FALSE,2008,21479.09534966976,18696.7330272221,2733.6200655974963,24.581642394226108,24.16061445593262,87.05,12.73,0.11,0.11,12.84
5103304,Comodoro,resto_mt,Demais MT,FALSE,2009,21479.10230378284,18685.319301737938,2749.336018748515,20.94168702185064,23.50529627453612,86.99,12.8,0.1,0.11,12.9
5103304,Comodoro,resto_mt,Demais MT,FALSE,2010,21479.101434185595,18659.865339318345,2776.6365037498804,18.761583108093294,23.83800800927733,86.87,12.93,0.09,0.11,13.02
5103304,Comodoro,resto_mt,Demais MT,FALSE,2011,21479.10056458948,18618.107531236245,2820.016367838157,17.54840440521243,23.42826110986328,86.68,13.13,0.08,0.11,13.21
5103304,Comodoro,resto_mt,Demais MT,FALSE,2012,21479.097955713256,18646.758918454078,2792.381800284508,15.909705100708052,24.04753187396241,86.81,13,0.07,0.11,13.07
5103304,Comodoro,resto_mt,Demais MT,FALSE,2013,21479.09882606643,18652.761408342925,2786.6541185712863,16.109228541992223,23.5740706102295,86.84,12.97,0.07,0.11,13.04
5103304,Comodoro,resto_mt,Demais MT,FALSE,2014,21479.09708712884,18632.333733678435,2805.661483110443,16.362379266052276,24.73949107391358,86.75,13.06,0.08,0.12,13.14
5103304,Comodoro,resto_mt,Demais MT,FALSE,2015,21479.096218692324,18587.646943759682,2848.664755699548,18.04623522991946,24.73828400317385,86.54,13.26,0.08,0.12,13.34
5103304,Comodoro,resto_mt,Demais MT,FALSE,2016,21479.09534978925,18536.30430887276,2898.552236857347,19.111735663208023,25.12706839593509,86.3,13.49,0.09,0.12,13.58
5103304,Comodoro,resto_mt,Demais MT,FALSE,2017,21479.09187321373,18497.49230879134,2932.4567394588844,24.402087262634275,24.74073770086672,86.12,13.65,0.11,0.12,13.76
5103304,Comodoro,resto_mt,Demais MT,FALSE,2018,21479.094481240623,18469.20749942078,2957.343089651934,27.78243292065436,24.76145924725343,85.99,13.77,0.13,0.12,13.9
5103304,Comodoro,resto_mt,Demais MT,FALSE,2019,21479.096218540388,18453.408171680447,2972.761656541888,27.808952918884255,25.11743739916994,85.91,13.84,0.13,0.12,13.97
5103304,Comodoro,resto_mt,Demais MT,FALSE,2020,21479.0970877527,18447.58614912983,2979.165403739079,27.919917078308067,24.42561780548095,85.89,13.87,0.13,0.11,14
5103304,Comodoro,resto_mt,Demais MT,FALSE,2021,21479.13273044111,18424.594690159254,3004.9568153532673,26.486432279663035,23.094792648925772,85.78,13.99,0.12,0.11,14.11
5103353,Confresa,resto_mt,Demais MT,FALSE,2000,5802.2486891061535,3715.5877024259667,2073.472866584911,6.4983231149292955,6.689796980346679,64.04,35.74,0.11,0.12,35.85
5103353,Confresa,resto_mt,Demais MT,FALSE,2001,5802.251328730136,3590.4049096786352,2198.9380970379516,6.515905671142672,6.392416342407237,61.88,37.9,0.11,0.11,38.01
5103353,Confresa,resto_mt,Demais MT,FALSE,2002,5802.246050184941,3356.8685993906383,2432.2552991646025,6.647751097290115,6.474400532409674,57.85,41.92,0.11,0.11,42.03
5103353,Confresa,resto_mt,Demais MT,FALSE,2003,5802.25044898168,3011.1469635346725,2777.604849626206,6.7391651471558385,6.759470673645028,51.9,47.87,0.12,0.12,47.99
5103353,Confresa,resto_mt,Demais MT,FALSE,2004,5802.246048489775,2886.509186131259,2901.47813885583,6.906174045105054,7.352549457580569,49.75,50.01,0.12,0.13,50.13
5103353,Confresa,resto_mt,Demais MT,FALSE,2005,5802.251327237889,2687.268379487374,3100.2176747774315,7.12768137207039,7.637591601013188,46.31,53.43,0.12,0.13,53.55
5103353,Confresa,resto_mt,Demais MT,FALSE,2006,5802.253966762179,2571.3060618860077,3215.3094870791124,7.73242822436527,7.90598957269287,44.32,55.41,0.13,0.14,55.54
5103353,Confresa,resto_mt,Demais MT,FALSE,2007,5802.260125055785,2503.8837960903015,3282.5339821856364,8.009309677856454,7.833037101989743,43.15,56.57,0.14,0.13,56.71
5103353,Confresa,resto_mt,Demais MT,FALSE,2008,5802.263645420372,2451.851764911755,3334.2347281292223,8.461103683044486,7.716048696350096,42.26,57.46,0.15,0.13,57.61
5103353,Confresa,resto_mt,Demais MT,FALSE,2009,5802.263644482885,2449.063961194326,3336.0931928331756,9.13352253228772,7.972967923095699,42.21,57.5,0.16,0.14,57.66
5103353,Confresa,resto_mt,Demais MT,FALSE,2010,5802.261884506608,2444.505587832721,3340.157360150999,9.42446394219979,8.17447258068848,42.13,57.57,0.16,0.14,57.73
5103353,Confresa,resto_mt,Demais MT,FALSE,2011,5802.2662858519125,2457.412039515887,3327.4822924186055,9.565100067016656,7.806853850402828,42.35,57.35,0.16,0.13,57.51
5103353,Confresa,resto_mt,Demais MT,FALSE,2012,5802.266286227614,2390.0062075421815,3394.5814056395343,9.808573753784096,7.870099292114259,41.19,58.5,0.17,0.14,58.67
5103353,Confresa,resto_mt,Demais MT,FALSE,2013,5802.25924611252,2295.579142559869,3489.6712037751245,10.06259087951653,6.946308898010255,39.56,60.14,0.17,0.12,60.31
5103353,Confresa,resto_mt,Demais MT,FALSE,2014,5802.261005328457,2243.7413305543687,3540.7605565102335,10.421195522766087,7.337922741088866,38.67,61.02,0.18,0.13,61.2
5103353,Confresa,resto_mt,Demais MT,FALSE,2015,5802.2601247665025,2203.198900191671,3581.549403044802,10.614572709838967,6.89724882019043,37.97,61.73,0.18,0.12,61.91
5103353,Confresa,resto_mt,Demais MT,FALSE,2016,5802.261883223419,2200.4486294880357,3583.7432159465043,10.932794904785277,7.13724288409424,37.92,61.76,0.19,0.12,61.95
5103353,Confresa,resto_mt,Demais MT,FALSE,2017,5802.261003240917,2181.465839693765,3602.0805892366657,11.16133426190191,7.553240048583988,37.6,62.08,0.19,0.13,62.27
5103353,Confresa,resto_mt,Demais MT,FALSE,2018,5802.261884519969,2150.254752833548,3632.792391355854,11.63335254937747,7.581387781188969,37.06,62.61,0.2,0.13,62.81
5103353,Confresa,resto_mt,Demais MT,FALSE,2019,5802.259245141699,2156.6541480837973,3626.35704953007,11.80914713702385,7.43890039080811,37.17,62.5,0.2,0.13,62.7
5103353,Confresa,resto_mt,Demais MT,FALSE,2020,5802.258365970361,2144.2771981518395,3638.8089051453644,11.87243512744134,7.299827545715334,36.96,62.71,0.2,0.13,62.91
5103353,Confresa,resto_mt,Demais MT,FALSE,2021,5802.278607776418,2008.9153054033532,3773.3521895575127,12.35676471179195,7.654348103759763,34.62,65.03,0.21,0.13,65.24
5103361,Conquista D'Oeste,resto_mt,Demais MT,FALSE,2000,2684.729157366129,2241.9314609967246,439.0961313422441,2.544796637939447,1.156768389221194,83.51,16.36,0.09,0.04,16.45
5103361,Conquista D'Oeste,resto_mt,Demais MT,FALSE,2001,2684.7291573661178,2233.9635783330837,447.1644806066426,2.519691331665036,1.081407094726563,83.21,16.66,0.09,0.04,16.75
5103361,Conquista D'Oeste,resto_mt,Demais MT,FALSE,2002,2684.730022448336,2227.2370212756623,453.4900368516897,2.858328443603524,1.144635877380372,82.96,16.89,0.11,0.04,17
5103361,Conquista D'Oeste,resto_mt,Demais MT,FALSE,2003,2684.7300224483415,2231.940104973428,448.3980891275624,3.2489024699707056,1.142925877380371,83.13,16.7,0.12,0.04,16.82
5103361,Conquista D'Oeste,resto_mt,Demais MT,FALSE,2004,2684.72829258715,2233.9117830945947,446.10951899682794,3.5883288942260756,1.118661601501465,83.21,16.62,0.13,0.04,16.75
5103361,Conquista D'Oeste,resto_mt,Demais MT,FALSE,2005,2684.7291573661696,2233.204028179507,446.57482291505573,3.8221254479370117,1.128180823669434,83.18,16.63,0.14,0.04,16.77
5103361,Conquista D'Oeste,resto_mt,Demais MT,FALSE,2006,2684.7291573661482,2231.467536362846,448.3407515907044,3.8628194744262694,1.058049938171386,83.12,16.7,0.14,0.04,16.84
5103361,Conquista D'Oeste,resto_mt,Demais MT,FALSE,2007,2684.729157310686,2233.9000088099287,446.2182299172001,3.5779731776733454,1.032945405883789,83.21,16.62,0.13,0.04,16.75
5103361,Conquista D'Oeste,resto_mt,Demais MT,FALSE,2008,2684.722236673798,2228.747784830942,450.99221005617375,3.931986928833007,1.050254857849121,83.02,16.8,0.15,0.04,16.95
5103361,Conquista D'Oeste,resto_mt,Demais MT,FALSE,2009,2684.7239670927156,2232.788321778983,447.185468352429,3.7094517526245134,1.040725208679199,83.17,16.66,0.14,0.04,16.8
5103361,Conquista D'Oeste,resto_mt,Demais MT,FALSE,2010,2684.7256969937043,2234.7964794464438,445.861147203877,3.0524339334716903,1.015636409912109,83.24,16.61,0.11,0.04,16.72
5103361,Conquista D'Oeste,resto_mt,Demais MT,FALSE,2011,2684.727427293089,2238.904207842376,442.06083386996374,2.7943905405273552,0.967995040222167,83.39,16.47,0.1,0.04,16.57
5103361,Conquista D'Oeste,resto_mt,Demais MT,FALSE,2012,2684.724832258397,2250.9114269296397,430.13241561470716,2.699137297729504,0.9818524163207996,83.84,16.02,0.1,0.04,16.12
5103361,Conquista D'Oeste,resto_mt,Demais MT,FALSE,2013,2684.7274269985446,2259.423021336782,421.33077905110565,3.0879122712402483,0.8857143394165028,84.16,15.69,0.12,0.03,15.81
5103361,Conquista D'Oeste,resto_mt,Demais MT,FALSE,2014,2684.7274269985674,2257.018321505075,423.62117562831867,3.197006424011243,0.8909234411621081,84.07,15.78,0.12,0.03,15.9
5103361,Conquista D'Oeste,resto_mt,Demais MT,FALSE,2015,2684.729157308486,2248.989519551989,431.3555314967923,3.442939602661141,0.9411666570434556,83.77,16.07,0.13,0.04,16.2
5103361,Conquista D'Oeste,resto_mt,Demais MT,FALSE,2016,2684.724831675512,2235.6783449140726,444.1514631583511,3.9928311734008823,0.9021924296874974,83.27,16.54,0.15,0.03,16.69
5103361,Conquista D'Oeste,resto_mt,Demais MT,FALSE,2017,2684.7265620736007,2228.257068357747,451.08954734616384,4.314991463073742,1.064954906616209,83,16.8,0.16,0.04,16.96
5103361,Conquista D'Oeste,resto_mt,Demais MT,FALSE,2018,2684.727427109662,2226.5667631828137,452.3442391015312,4.69000117852784,1.126423646789549,82.93,16.85,0.17,0.04,17.02
5103361,Conquista D'Oeste,resto_mt,Demais MT,FALSE,2019,2684.726561967656,2224.156240753201,454.5746880381243,4.8077541521606575,1.18787902416992,82.84,16.93,0.18,0.04,17.11
5103361,Conquista D'Oeste,resto_mt,Demais MT,FALSE,2020,2684.7265620922876,2221.1895204264133,457.2521674874683,4.902178887329114,1.382695291076659,82.73,17.03,0.18,0.05,17.21
5103361,Conquista D'Oeste,resto_mt,Demais MT,FALSE,2021,2684.7308875409844,2237.719594712206,440.56790358805574,5.091854895202659,1.351534345520019,83.35,16.41,0.19,0.05,16.6
5103379,Cotriguaçu,resto_mt,Demais MT,FALSE,2000,9470.114110466673,8852.105314343618,461.2926111069427,0.6810117137451196,156.0351733023678,93.47,4.87,0.01,1.65,4.88
5103379,Cotriguaçu,resto_mt,Demais MT,FALSE,2001,9470.108817917111,8733.173129149707,581.5510703938087,0.6818927149658226,154.7027256586302,92.22,6.14,0.01,1.63,6.15
5103379,Cotriguaçu,resto_mt,Demais MT,FALSE,2002,9470.115875235912,8593.535029649702,720.3090399814145,0.6810117363281275,155.590793868469,90.74,7.61,0.01,1.64,7.62
5103379,Cotriguaçu,resto_mt,Demais MT,FALSE,2003,9470.113227993255,8430.551025190614,882.910063163787,0.6827737373046898,155.96936590155,89.02,9.32,0.01,1.65,9.33
5103379,Cotriguaçu,resto_mt,Demais MT,FALSE,2004,9470.112345867474,8162.484834386894,1151.737369576221,0.6818927417602564,155.2082491625977,86.19,12.16,0.01,1.64,12.17
5103379,Cotriguaçu,resto_mt,Demais MT,FALSE,2005,9470.111463782576,7967.524762812096,1346.934124418967,0.68013074713135,154.9724458043822,84.13,14.22,0.01,1.64,14.23
5103379,Cotriguaçu,resto_mt,Demais MT,FALSE,2006,9470.11234565013,7816.506245820604,1498.1552608455777,0.682773744384768,154.7680652395627,82.54,15.82,0.01,1.63,15.83
5103379,Cotriguaçu,resto_mt,Demais MT,FALSE,2007,9470.105288297787,7686.731311392337,1628.2395477272873,0.6836547532959009,154.4507744248656,81.17,17.19,0.01,1.63,17.2
5103379,Cotriguaçu,resto_mt,Demais MT,FALSE,2008,9470.114110699613,7634.943778268448,1679.1201013695804,0.6818927509155298,155.3683383106687,80.62,17.73,0.01,1.64,17.74
5103379,Cotriguaçu,resto_mt,Demais MT,FALSE,2009,9470.112345991856,7628.495562841387,1686.3866830398113,0.6827737465209985,154.5473263641357,80.55,17.81,0.01,1.63,17.82
5103379,Cotriguaçu,resto_mt,Demais MT,FALSE,2010,9470.114993124824,7612.682599608175,1700.6442340684066,2.287095269104012,154.501064179138,80.39,17.96,0.02,1.63,17.98
5103379,Cotriguaçu,resto_mt,Demais MT,FALSE,2011,9470.115875244748,7591.7722838498885,1721.126786861292,2.327621820434584,154.8891827131347,80.17,18.17,0.02,1.64,18.19
5103379,Cotriguaçu,resto_mt,Demais MT,FALSE,2012,9470.117640047323,7549.754124532747,1762.8157867132472,2.354933186340348,155.1927956149902,79.72,18.61,0.02,1.64,18.63
5103379,Cotriguaçu,resto_mt,Demais MT,FALSE,2013,9470.115875786836,7509.96343983555,1803.9839980767736,2.365505303466811,153.8029325710448,79.3,19.05,0.02,1.62,19.07
5103379,Cotriguaçu,resto_mt,Demais MT,FALSE,2014,9470.114111342165,7446.561549895096,1866.9953681118661,2.387530748046887,154.169662587158,78.63,19.71,0.03,1.63,19.74
5103379,Cotriguaçu,resto_mt,Demais MT,FALSE,2015,9470.11587584314,7381.713762258009,1931.2983557130603,2.449200608642583,154.6545572634277,77.95,20.39,0.03,1.63,20.42
5103379,Cotriguaçu,resto_mt,Demais MT,FALSE,2016,9470.117640264041,7346.431279215284,1966.8065971782737,2.45008159997559,154.4296822705079,77.57,20.77,0.03,1.63,20.8
5103379,Cotriguaçu,resto_mt,Demais MT,FALSE,2017,9470.11675794073,7287.151457872091,2026.103008174231,2.455367530334475,154.4069243640745,76.95,21.39,0.03,1.63,21.42
5103379,Cotriguaçu,resto_mt,Demais MT,FALSE,2018,9470.115875556807,7253.743887905675,2060.1633923389363,2.455367530334475,153.7532277818602,76.6,21.75,0.03,1.62,21.78
5103379,Cotriguaçu,resto_mt,Demais MT,FALSE,2019,9470.11411129284,7229.44461627212,2084.188289056548,2.477392575622555,154.0038133885498,76.34,22.01,0.03,1.63,22.04
5103379,Cotriguaçu,resto_mt,Demais MT,FALSE,2020,9470.114993176932,7207.237007782895,2106.3565169374324,2.478273607788082,154.0431948488159,76.11,22.24,0.03,1.63,22.27
5103379,Cotriguaçu,resto_mt,Demais MT,FALSE,2021,9470.119404799838,7205.879964804702,2107.8503430390206,2.722313940002417,153.6667830161132,76.09,22.26,0.03,1.62,22.29
5103403,Cuiabá,polo_metropolitano,Polo Metropolitano,FALSE,2000,5077.164060870208,3237.877500222981,1667.635786542365,156.82458712219673,14.82618698266604,63.77,32.85,3.09,0.29,35.94
5103403,Cuiabá,polo_metropolitano,Polo Metropolitano,FALSE,2001,5077.164060870119,3199.177955581632,1705.653221100185,157.68058670935926,14.65229747894289,63.01,33.59,3.11,0.29,36.7
5103403,Cuiabá,polo_metropolitano,Polo Metropolitano,FALSE,2002,5077.1640608701255,3160.9489740675454,1742.5667096725124,157.98602264673082,15.66235448333743,62.26,34.32,3.11,0.31,37.43
5103403,Cuiabá,polo_metropolitano,Polo Metropolitano,FALSE,2003,5077.164060870122,3157.552973092643,1747.2496829891454,156.51643176556811,15.84497302276613,62.19,34.41,3.08,0.31,37.49
5103403,Cuiabá,polo_metropolitano,Polo Metropolitano,FALSE,2004,5077.164060870138,3137.1053054809518,1767.7873135121076,156.59082726611683,15.68061461096193,61.79,34.82,3.08,0.31,37.9
5103403,Cuiabá,polo_metropolitano,Polo Metropolitano,FALSE,2005,5077.164060870112,3114.988799476161,1788.804370284696,157.72379099713316,15.6471001121216,61.35,35.23,3.11,0.31,38.34
5103403,Cuiabá,polo_metropolitano,Polo Metropolitano,FALSE,2006,5077.164060870141,3085.7321355172417,1816.6013554895533,158.76257829529203,16.06799156805422,60.78,35.78,3.13,0.32,38.91
5103403,Cuiabá,polo_metropolitano,Polo Metropolitano,FALSE,2007,5077.164060870132,3075.66174942116,1824.690739405877,160.58105478308536,16.23051726000978,60.58,35.94,3.16,0.32,39.1
5103403,Cuiabá,polo_metropolitano,Polo Metropolitano,FALSE,2008,5077.164060870119,3045.5876704906436,1850.124141505022,165.66140670416527,15.79084217028811,59.99,36.44,3.26,0.31,39.7
5103403,Cuiabá,polo_metropolitano,Polo Metropolitano,FALSE,2009,5077.16406087013,3050.97936424464,1842.9079050521252,167.66265582824815,15.61413574511721,60.09,36.3,3.3,0.31,39.6
5103403,Cuiabá,polo_metropolitano,Polo Metropolitano,FALSE,2010,5077.164060870117,3063.230930485903,1827.4309524181494,170.45720372821097,16.04497423785403,60.33,35.99,3.36,0.32,39.35
5103403,Cuiabá,polo_metropolitano,Polo Metropolitano,FALSE,2011,5077.16406087014,3057.0825623617693,1829.8271030379703,174.3059497294941,15.94844574090578,60.21,36.04,3.43,0.31,39.47
5103403,Cuiabá,polo_metropolitano,Polo Metropolitano,FALSE,2012,5077.16406087022,3018.144881342523,1866.4913894636104,176.6939309283446,15.8338591357422,59.45,36.76,3.48,0.31,40.24
5103403,Cuiabá,polo_metropolitano,Polo Metropolitano,FALSE,2013,5077.1640608703365,2975.372267185114,1904.468863352096,182.14942940868784,15.17350092443849,58.6,37.51,3.59,0.3,41.1
5103403,Cuiabá,polo_metropolitano,Polo Metropolitano,FALSE,2014,5077.164060870444,2925.4884698763894,1951.4639362076152,184.7536315241093,15.45802326232912,57.62,38.44,3.64,0.3,42.08
5103403,Cuiabá,polo_metropolitano,Polo Metropolitano,FALSE,2015,5077.164060870324,2899.586236457183,1973.2334629695972,188.7440727598884,15.6002886836548,57.11,38.86,3.72,0.31,42.58
5103403,Cuiabá,polo_metropolitano,Polo Metropolitano,FALSE,2016,5077.164060870348,2890.705610086179,1979.7441422931374,190.9510435099529,15.76326498107912,56.94,38.99,3.76,0.31,42.75
5103403,Cuiabá,polo_metropolitano,Polo Metropolitano,FALSE,2017,5077.164060870374,2872.8298538301747,1995.7279032682254,192.7713982829591,15.83490548901368,56.58,39.31,3.8,0.31,43.11
5103403,Cuiabá,polo_metropolitano,Polo Metropolitano,FALSE,2018,5077.1640608704365,2855.7003059657995,2011.076487696141,194.73743095654336,15.64983625195313,56.25,39.61,3.84,0.31,43.45
5103403,Cuiabá,polo_metropolitano,Polo Metropolitano,FALSE,2019,5077.164060870549,2835.748032123508,2029.5493742179804,196.42365562763285,15.44299890142824,55.85,39.97,3.87,0.3,43.84
5103403,Cuiabá,polo_metropolitano,Polo Metropolitano,FALSE,2020,5077.164060870486,2822.042029525198,2044.649816410833,195.44225773084162,15.0299572036133,55.58,40.27,3.85,0.3,44.12
5103403,Cuiabá,polo_metropolitano,Polo Metropolitano,FALSE,2021,5077.164060870399,2716.313105239429,2151.6428671940675,195.26682155891228,13.94126687799075,53.5,42.38,3.85,0.27,46.23
5103437,Curvelândia,pantanal_norte,Pantanal-13,TRUE,2000,357.1482762673468,93.74120697015296,258.8145301215956,0.6610259603881843,3.931513215209961,26.25,72.47,0.19,1.1,72.66
5103437,Curvelândia,pantanal_norte,Pantanal-13,TRUE,2001,357.14827626735405,89.07972695764094,263.6449299535119,0.6653351575927742,3.758284198608398,24.94,73.82,0.19,1.05,74.01
5103437,Curvelândia,pantanal_norte,Pantanal-13,TRUE,2002,357.1508632639292,78.534819167297,273.9579908144056,0.7135978140258785,3.944455468200682,21.99,76.71,0.2,1.1,76.91
5103437,Curvelândia,pantanal_norte,Pantanal-13,TRUE,2003,357.1500010542152,76.11048975152593,276.4813728530433,0.731696269531249,3.826442180114745,21.31,77.41,0.2,1.07,77.61
5103437,Curvelândia,pantanal_norte,Pantanal-13,TRUE,2004,357.1500010542174,79.84876306652855,272.9618905259579,0.8144313954467789,3.524916066284182,22.36,76.43,0.23,0.99,76.66
5103437,Curvelândia,pantanal_norte,Pantanal-13,TRUE,2005,357.1500009489309,85.65603944146694,266.8936331120782,0.8161550946655289,3.784173300720213,23.98,74.73,0.23,1.06,74.96
5103437,Curvelândia,pantanal_norte,Pantanal-13,TRUE,2006,357.1500008578654,85.29144950115929,267.11345415754835,0.8575226759033205,3.887574523254393,23.88,74.79,0.24,1.09,75.03
5103437,Curvelândia,pantanal_norte,Pantanal-13,TRUE,2007,357.14827682978967,78.556267370605525,273.7573790354781,0.8635554873657227,3.971074936340326,22,76.65,0.24,1.11,76.89
5103437,Curvelândia,pantanal_norte,Pantanal-13,TRUE,2008,357.1500012481262,75.42632569354257,277.1586964417907,0.8782067198486325,3.686772392944336,21.12,77.6,0.25,1.03,77.85
5103437,Curvelândia,pantanal_norte,Pantanal-13,TRUE,2009,357.14827656764777,74.61851902935808,278.1233492254845,0.8937197954711905,3.512688517333984,20.89,77.87,0.25,0.98,78.12
5103437,Curvelândia,pantanal_norte,Pantanal-13,TRUE,2010,357.14741462641814,73.9681128021853,278.30761078675727,0.9152653478393534,3.956425689636221,20.71,77.93,0.26,1.11,78.19
5103437,Curvelândia,pantanal_norte,Pantanal-13,TRUE,2011,357.1482769568058,72.89304692205847,279.5127571250183,0.9290546325073218,3.81341827722167,20.41,78.26,0.26,1.07,78.52
5103437,Curvelândia,pantanal_norte,Pantanal-13,TRUE,2012,357.1491393068982,74.87254959680199,277.37560967457375,0.9488765508422828,3.952103484680164,20.96,77.66,0.27,1.11,77.93
5103437,Curvelândia,pantanal_norte,Pantanal-13,TRUE,2013,357.15000114064276,76.60248847613533,276.0187032777887,0.9919679889526342,3.536841397766113,21.45,77.28,0.28,0.99,77.56
5103437,Curvelândia,pantanal_norte,Pantanal-13,TRUE,2014,357.15086346113253,79.43308926385514,272.76511803254346,1.024717524414059,3.927938640319814,22.24,76.37,0.29,1.1,76.66
5103437,Curvelândia,pantanal_norte,Pantanal-13,TRUE,2015,357.1465521847089,83.47398037341313,268.63714112739683,1.035921357299802,3.999509326599112,23.37,75.22,0.29,1.12,75.51
5103437,Curvelândia,pantanal_norte,Pantanal-13,TRUE,2016,357.1491395595224,86.41256878436273,265.6262208646372,1.039368690612791,4.070981219909658,24.2,74.37,0.29,1.14,74.66
5103437,Curvelândia,pantanal_norte,Pantanal-13,TRUE,2017,357.15086346333374,86.54010211236552,265.2659941347207,1.064361524230953,4.280405692016593,24.23,74.27,0.3,1.2,74.57
5103437,Curvelândia,pantanal_norte,Pantanal-13,TRUE,2018,357.14913892872295,85.33416616174294,266.5305696107911,1.089354225402827,4.195048930786124,23.89,74.63,0.31,1.17,74.94
5103437,Curvelândia,pantanal_norte,Pantanal-13,TRUE,2019,357.15000113843945,85.79792560565164,266.12273592731907,1.103143236206048,4.126196369262688,24.02,74.51,0.31,1.16,74.82
5103437,Curvelândia,pantanal_norte,Pantanal-13,TRUE,2020,357.1500014488018,85.97765906854222,266.26095635889726,1.103143166564935,3.808242854797358,24.07,74.55,0.31,1.07,74.86
5103437,Curvelândia,pantanal_norte,Pantanal-13,TRUE,2021,357.15517406343844,69.08147492968727,284.0936589571154,1.172090360961908,2.807949815673829,19.34,79.54,0.33,0.79,79.87
5103452,Denise,resto_mt,Demais MT,FALSE,2000,1273.1618033891627,365.4731792143601,901.9994764298685,1.813773836364735,3.875373908569336,28.71,70.85,0.14,0.3,70.99
5103452,Denise,resto_mt,Demais MT,FALSE,2001,1273.161803389178,369.2830421710869,898.3678402837041,1.815504581970204,3.695416352416994,29.01,70.56,0.14,0.29,70.7
5103452,Denise,resto_mt,Demais MT,FALSE,2002,1273.1618033891934,378.6812206666923,888.7749754690223,1.816369932861317,3.889237320617676,29.74,69.81,0.14,0.31,69.95
5103452,Denise,resto_mt,Demais MT,FALSE,2003,1273.1618033891962,381.51197684046076,886.0601623621511,1.81723528375243,3.772428902832035,29.97,69.6,0.14,0.3,69.74
5103452,Denise,resto_mt,Demais MT,FALSE,2004,1273.1618033892037,375.91212557178216,891.7699050799946,1.818100622131337,3.661672115295413,29.53,70.04,0.14,0.29,70.18
5103452,Denise,resto_mt,Demais MT,FALSE,2005,1273.1618033891964,348.60592706421227,919.1773545063197,1.829349909484852,3.54917190917969,27.38,72.2,0.14,0.28,72.34
5103452,Denise,resto_mt,Demais MT,FALSE,2006,1273.1618033891964,338.8878694317053,929.024366177645,1.843195151489246,3.406372628356934,26.62,72.97,0.14,0.27,73.11
5103452,Denise,resto_mt,Demais MT,FALSE,2007,1273.1618033892073,334.2312639783387,933.6904586873578,1.851848435058583,3.388232288452149,26.25,73.34,0.15,0.27,73.49
5103452,Denise,resto_mt,Demais MT,FALSE,2008,1273.1618033891928,327.96693932471294,940.1546597911645,1.867424486511222,3.172779786804198,25.76,73.84,0.15,0.25,73.99
5103452,Denise,resto_mt,Demais MT,FALSE,2009,1273.1618033891993,332.5716910115404,935.7030448671608,1.899441248046871,2.987626262451172,26.12,73.49,0.15,0.23,73.64
5103452,Denise,resto_mt,Demais MT,FALSE,2010,1273.1618033892048,338.7983373121417,929.1000070464845,1.949630167114254,3.313828863464356,26.61,72.98,0.15,0.26,73.13
5103452,Denise,resto_mt,Demais MT,FALSE,2011,1273.1618033892032,337.9299408704307,930.1596449458356,1.954822222412105,3.117395350524904,26.54,73.06,0.15,0.24,73.21
5103452,Denise,resto_mt,Demais MT,FALSE,2012,1273.1618033892,342.4702958006027,925.5370581312611,1.981647854248042,3.172801603088379,26.9,72.7,0.16,0.25,72.86
5103452,Denise,resto_mt,Demais MT,FALSE,2013,1273.1618033891928,356.841707545053,911.7791200196159,1.985974505493159,2.555001319030761,28.03,71.62,0.16,0.2,71.78
5103452,Denise,resto_mt,Demais MT,FALSE,2014,1273.161803389211,356.05875807636426,912.5049461778978,1.995493193359369,2.602605941589353,27.97,71.67,0.16,0.2,71.83
5103452,Denise,resto_mt,Demais MT,FALSE,2015,1273.1618033892034,357.48284819360987,910.9302976289433,2.005011937316888,2.743645629333495,28.08,71.55,0.16,0.22,71.71
5103452,Denise,resto_mt,Demais MT,FALSE,2016,1273.161803389197,356.22449919104645,912.0951899316711,2.03443352569579,2.80768074078369,27.98,71.64,0.16,0.22,71.8
5103452,Denise,resto_mt,Demais MT,FALSE,2017,1273.1618033891905,361.7454110748969,906.7031798801506,2.035298760742176,2.677913673400877,28.41,71.22,0.16,0.21,71.38
5103452,Denise,resto_mt,Demais MT,FALSE,2018,1273.161803389207,369.07384870246085,899.59185097764,2.059528209289536,2.436575499816893,28.99,70.66,0.16,0.19,70.82
5103452,Denise,resto_mt,Demais MT,FALSE,2019,1273.1618033891773,377.2852349043059,891.138259391793,2.056066940185533,2.682242152893064,29.63,69.99,0.16,0.21,70.15
5103452,Denise,resto_mt,Demais MT,FALSE,2020,1273.1618033891846,369.36979681122807,899.0666776978296,2.06818153973387,2.657147340393064,29.01,70.62,0.16,0.21,70.78
5103452,Denise,resto_mt,Demais MT,FALSE,2021,1273.1618033891766,339.6785277701479,928.7137248560283,2.098468923522931,2.671081839477539,26.68,72.95,0.16,0.21,73.11
5103502,Diamantino,resto_mt,Demais MT,FALSE,2000,8263.405897345096,4249.069708525438,3962.352385579362,45.482528668029786,6.501274572265618,51.42,47.95,0.55,0.08,48.5
5103502,Diamantino,resto_mt,Demais MT,FALSE,2001,8263.405028147607,4185.009489828194,4020.8265780438996,51.177859790588286,6.391100484924312,50.65,48.66,0.62,0.08,49.28
5103502,Diamantino,resto_mt,Demais MT,FALSE,2002,8263.405028147661,4133.873232130096,4074.521183468005,47.980362802917554,7.030249746643063,50.03,49.31,0.58,0.09,49.89
5103502,Diamantino,resto_mt,Demais MT,FALSE,2003,8263.403289733438,3997.785826890382,4209.004986967873,49.4175151740113,7.194960701171872,48.38,50.94,0.6,0.09,51.54
5103502,Diamantino,resto_mt,Demais MT,FALSE,2004,8263.4015513372,3861.3806559110412,4342.521615842967,52.44140991992183,7.057869663269035,46.73,52.55,0.63,0.09,53.18
5103502,Diamantino,resto_mt,Demais MT,FALSE,2005,8263.402420545439,3766.8141982111465,4438.331527127566,51.48521872393803,6.77147648278808,45.58,53.71,0.62,0.08,54.33
5103502,Diamantino,resto_mt,Demais MT,FALSE,2006,8263.402420545395,3743.7143374353036,4463.534351738875,49.347790840881316,6.805940530334473,45.3,54.02,0.6,0.08,54.62
5103502,Diamantino,resto_mt,Demais MT,FALSE,2007,8263.403289733504,3746.916279694392,4462.132889686085,47.893191032409646,6.460929320617675,45.34,54,0.58,0.08,54.58
5103502,Diamantino,resto_mt,Demais MT,FALSE,2008,8263.402420571649,3724.1627779873957,4486.641706081995,46.26968263763427,6.328253864624022,45.07,54.3,0.56,0.08,54.86
5103502,Diamantino,resto_mt,Demais MT,FALSE,2009,8263.3989437453165,3710.5228661099427,4501.625777592343,45.3350850691528,5.915214973876951,44.9,54.48,0.55,0.07,55.03
5103502,Diamantino,resto_mt,Demais MT,FALSE,2010,8263.398074506029,3704.3219984002803,4509.138273100012,43.773129312866196,6.164673692871094,44.83,54.57,0.53,0.07,55.1
5103502,Diamantino,resto_mt,Demais MT,FALSE,2011,8263.397205380285,3702.112661114181,4512.2271939664815,43.10802681158443,5.949323488037106,44.8,54.6,0.52,0.07,55.12
5103502,Diamantino,resto_mt,Demais MT,FALSE,2012,8263.400682191821,3681.2496675217803,4533.090586397641,43.78786959674069,5.272558675659177,44.55,54.86,0.53,0.06,55.39
5103502,Diamantino,resto_mt,Demais MT,FALSE,2013,8263.402420585264,3652.689034582277,4560.9333547366305,45.08856037341305,4.691470892944335,44.2,55.19,0.55,0.06,55.74
5103502,Diamantino,resto_mt,Demais MT,FALSE,2014,8263.401551433235,3611.416533230501,4602.951177351719,44.451768445739766,4.582072405273434,43.7,55.7,0.54,0.06,56.24
5103502,Diamantino,resto_mt,Demais MT,FALSE,2015,8263.404158958147,3567.9257563667547,4649.723110926169,41.12118764666745,4.634104018554687,43.18,56.27,0.5,0.06,56.77
5103502,Diamantino,resto_mt,Demais MT,FALSE,2016,8263.404158990177,3540.191380811337,4677.901082780465,40.61251625396729,4.699179144409176,42.84,56.61,0.49,0.06,57.1
5103502,Diamantino,resto_mt,Demais MT,FALSE,2017,8263.401551485604,3519.434662156266,4699.589200091971,39.766095968872065,4.61159326849365,42.59,56.87,0.48,0.06,57.35
5103502,Diamantino,resto_mt,Demais MT,FALSE,2018,8263.405028183719,3525.444204921572,4692.3553664079,40.97222756982422,4.633229284423825,42.66,56.78,0.5,0.06,57.28
5103502,Diamantino,resto_mt,Demais MT,FALSE,2019,8263.404159007576,3533.8568025443046,4683.451191098829,40.64653899383544,5.449626370605468,42.77,56.68,0.49,0.07,57.17
5103502,Diamantino,resto_mt,Demais MT,FALSE,2020,8263.405028135294,3530.714214338736,4687.280454263843,40.67910067517091,4.731258857543946,42.73,56.72,0.49,0.06,57.21
5103502,Diamantino,resto_mt,Demais MT,FALSE,2021,8263.407635644382,3494.647602055377,4725.170934324539,39.84952722045898,3.739572044006346,42.29,57.18,0.48,0.05,57.66
5103601,Dom Aquino,resto_mt,Demais MT,FALSE,2000,2183.5543940054968,822.65191940181,1349.931803757739,7.786986959472657,3.18368388647461,37.67,61.82,0.36,0.15,62.18
5103601,Dom Aquino,resto_mt,Demais MT,FALSE,2001,2183.554394005546,821.1411711601102,1353.2618707272718,6.66915628332519,2.482195834838867,37.61,61.98,0.31,0.11,62.29
5103601,Dom Aquino,resto_mt,Demais MT,FALSE,2002,2183.554394005551,818.0209983582924,1356.698319167888,6.090031417663571,2.745045061706543,37.46,62.13,0.28,0.13,62.41
5103601,Dom Aquino,resto_mt,Demais MT,FALSE,2003,2183.55439400553,823.479311565624,1351.3168439519297,6.10545378649902,2.652784701477051,37.71,61.89,0.28,0.12,62.17
5103601,Dom Aquino,resto_mt,Demais MT,FALSE,2004,2183.5543940055522,828.3087911573649,1346.3165566362732,6.587298066040036,2.341748145874024,37.93,61.66,0.3,0.11,61.96
5103601,Dom Aquino,resto_mt,Demais MT,FALSE,2005,2183.554394005517,827.2351270241245,1347.681869178903,6.479207086669919,2.158190715820314,37.88,61.72,0.3,0.1,62.02
5103601,Dom Aquino,resto_mt,Demais MT,FALSE,2006,2183.554394005531,827.8455740453044,1346.2115134534515,7.444168547851551,2.053137958923342,37.91,61.65,0.34,0.09,61.99
5103601,Dom Aquino,resto_mt,Demais MT,FALSE,2007,2183.554394005562,839.1944148303487,1335.20297839909,7.303843066406241,1.853157709716798,38.43,61.15,0.33,0.08,61.48
5103601,Dom Aquino,resto_mt,Demais MT,FALSE,2008,2183.55439400552,845.5070741074576,1329.5762150064609,6.5956443966674705,1.875460494934083,38.72,60.89,0.3,0.09,61.19
5103601,Dom Aquino,resto_mt,Demais MT,FALSE,2009,2183.5543940055113,853.5572339037246,1322.2327530761518,6.071406598083485,1.69300042755127,39.09,60.55,0.28,0.08,60.83
5103601,Dom Aquino,resto_mt,Demais MT,FALSE,2010,2183.5543940055486,863.7151372721571,1313.0021802633596,5.1655553273315356,1.671521142700196,39.56,60.13,0.24,0.08,60.37
5103601,Dom Aquino,resto_mt,Demais MT,FALSE,2011,2183.554394005557,877.2124041517176,1300.0445084173766,4.724185650695794,1.573295785766601,40.17,59.54,0.22,0.07,59.76
5103601,Dom Aquino,resto_mt,Demais MT,FALSE,2012,2183.554394005538,886.4228121549489,1290.8063478798865,4.7613768870239195,1.563857083679198,40.6,59.11,0.22,0.07,59.33
5103601,Dom Aquino,resto_mt,Demais MT,FALSE,2013,2183.554394005572,890.7731076310462,1286.3439890775896,4.638156022155755,1.799141274780274,40.79,58.91,0.21,0.08,59.12
5103601,Dom Aquino,resto_mt,Demais MT,FALSE,2014,2183.554394005566,886.9905055873368,1290.094782848771,4.584743450195305,1.884362119262696,40.62,59.08,0.21,0.09,59.29
5103601,Dom Aquino,resto_mt,Demais MT,FALSE,2015,2183.5543940055836,883.630497156306,1293.7245512760353,4.2882978045654205,1.911047768676758,40.47,59.25,0.2,0.09,59.45
5103601,Dom Aquino,resto_mt,Demais MT,FALSE,2016,2183.554394005584,884.4325668547235,1292.9569497825137,4.201303133666984,1.963574234680177,40.5,59.21,0.19,0.09,59.4
5103601,Dom Aquino,resto_mt,Demais MT,FALSE,2017,2183.554394005592,882.6598070209851,1295.0320276240718,4.1169032565917885,1.745656103942871,40.42,59.31,0.19,0.08,59.5
5103601,Dom Aquino,resto_mt,Demais MT,FALSE,2018,2183.554394005556,878.7389176726507,1298.8004331031077,4.188393868652332,1.82664936114502,40.24,59.48,0.19,0.08,59.67
5103601,Dom Aquino,resto_mt,Demais MT,FALSE,2019,2183.554394005548,873.415490247777,1304.157454142781,4.15046916253661,1.830980452453613,40,59.73,0.19,0.08,59.92
5103601,Dom Aquino,resto_mt,Demais MT,FALSE,2020,2183.5543940055445,868.119700802405,1309.6624910365138,4.141832746032705,1.630369420593262,39.76,59.98,0.19,0.07,60.17
5103601,Dom Aquino,resto_mt,Demais MT,FALSE,2021,2183.5543940055572,838.1844250701529,1340.188458753947,4.096050679382311,1.085459502075196,38.39,61.38,0.19,0.05,61.57
5103700,Feliz Natal,resto_mt,Demais MT,FALSE,2000,11661.497412252646,11028.518655088037,564.8386324007539,2.574858378112791,65.5652663857417,94.57,4.84,0.02,0.56,4.86
5103700,Feliz Natal,resto_mt,Demais MT,FALSE,2001,11661.501783253827,11024.45843230278,574.2713095594454,2.811636048767076,59.96040534283382,94.54,4.92,0.02,0.51,4.94
5103700,Feliz Natal,resto_mt,Demais MT,FALSE,2002,11661.501783706142,10941.729226091653,654.7299592087902,2.91473516290282,62.12786324279725,93.83,5.61,0.02,0.53,5.63
5103700,Feliz Natal,resto_mt,Demais MT,FALSE,2003,11661.493917249443,10688.453816373603,907.4543914595191,3.354218766906691,62.23149064941347,91.66,7.78,0.03,0.53,7.81
5103700,Feliz Natal,resto_mt,Demais MT,FALSE,2004,11661.490421608538,10471.92221731344,1123.4492668670587,3.448580362731888,62.67035706530701,89.8,9.63,0.03,0.54,9.66
5103700,Feliz Natal,resto_mt,Demais MT,FALSE,2005,11661.497412908382,10333.263943698177,1262.1208874774784,3.77447949218743,62.33810224053894,88.61,10.82,0.03,0.53,10.85
5103700,Feliz Natal,resto_mt,Demais MT,FALSE,2006,11661.493042212127,10154.740520368012,1439.9258556198135,4.025238316100985,62.80142790820253,87.08,12.35,0.03,0.54,12.38
5103700,Feliz Natal,resto_mt,Demais MT,FALSE,2007,11661.497411790318,10105.574545280571,1490.5140022540108,4.035722644470125,61.37314161126648,86.66,12.78,0.03,0.53,12.81
5103700,Feliz Natal,resto_mt,Demais MT,FALSE,2008,11661.49391741616,9855.50479587644,1739.6794087624362,4.22095143847646,62.08876133880553,84.51,14.92,0.04,0.53,14.96
5103700,Feliz Natal,resto_mt,Demais MT,FALSE,2009,11661.494792093956,9873.53637266187,1723.0480852859691,4.260268764709355,60.6500653814081,84.67,14.78,0.04,0.52,14.82
5103700,Feliz Natal,resto_mt,Demais MT,FALSE,2010,11661.491296265824,9870.5589232059,1726.1327187657348,4.361621333679095,60.43803296050962,84.64,14.8,0.04,0.52,14.84
5103700,Feliz Natal,resto_mt,Demais MT,FALSE,2011,11661.493045309062,9767.32262296136,1829.7667909366917,4.393075794128321,60.01055561688167,83.76,15.69,0.04,0.51,15.73
5103700,Feliz Natal,resto_mt,Demais MT,FALSE,2012,11661.500911383431,9736.282301391315,1860.7897232664086,4.390454772277736,60.03843195342957,83.49,15.96,0.04,0.51,16
5103700,Feliz Natal,resto_mt,Demais MT,FALSE,2013,11661.492169220575,9599.425016892892,2000.4615412546857,4.511031403442285,57.09457966955504,82.32,17.15,0.04,0.49,17.19
5103700,Feliz Natal,resto_mt,Demais MT,FALSE,2014,11661.495666711542,9502.590657080067,2096.1202813510195,4.530253122436425,58.25447515801942,81.49,17.97,0.04,0.5,18.01
5103700,Feliz Natal,resto_mt,Demais MT,FALSE,2015,11661.498288606526,9397.49598486216,2200.0297117799514,4.549474837951561,59.42311712646431,80.59,18.87,0.04,0.51,18.91
5103700,Feliz Natal,resto_mt,Demais MT,FALSE,2016,11661.500034695335,9450.364250382861,2147.4430115986074,4.554717206054594,59.13805550781187,81.04,18.41,0.04,0.51,18.45
5103700,Feliz Natal,resto_mt,Demais MT,FALSE,2017,11661.494792558677,9488.81432158337,2108.848820412443,4.558212167053131,59.27343839581236,81.37,18.08,0.04,0.51,18.12
5103700,Feliz Natal,resto_mt,Demais MT,FALSE,2018,11661.499162775342,9435.989717246372,2161.466117253398,4.621993286987229,59.42133498858581,80.92,18.54,0.04,0.51,18.58
5103700,Feliz Natal,resto_mt,Demais MT,FALSE,2019,11661.498286378615,9399.316285575303,2198.175505151031,4.668299150878803,59.3381965014032,80.6,18.85,0.04,0.51,18.89
5103700,Feliz Natal,resto_mt,Demais MT,FALSE,2020,11661.495663577038,9362.776363087729,2234.036650873037,4.693637731872463,59.98901188439878,80.29,19.16,0.04,0.51,19.2
5103700,Feliz Natal,resto_mt,Demais MT,FALSE,2021,11661.525384779643,9358.966288864087,2236.9526952152387,4.909443117675685,60.69695758264096,80.26,19.18,0.04,0.52,19.22
5103809,Figueirópolis D'Oeste,resto_mt,Demais MT,FALSE,2000,891.4405215661068,131.89107847509948,755.7927006549722,0.90821098583984206,2.848531450195313,14.8,84.78,0.1,0.32,84.88
5103809,Figueirópolis D'Oeste,resto_mt,Demais MT,FALSE,2001,891.4405215661126,120.33216306085413,767.4879324686984,0.90821098583984206,2.712215050720216,13.5,86.1,0.1,0.3,86.2
5103809,Figueirópolis D'Oeste,resto_mt,Demais MT,FALSE,2002,891.44052156611815,122.52051261554126,765.1607111709138,0.9090734891357406,2.850224290527345,13.74,85.83,0.1,0.32,85.93
5103809,Figueirópolis D'Oeste,resto_mt,Demais MT,FALSE,2003,891.4405215661055,114.42556764636359,773.20996692139,0.9099359771728498,2.895051021179199,12.84,86.74,0.1,0.32,86.84
5103809,Figueirópolis D'Oeste,resto_mt,Demais MT,FALSE,2004,891.4405215660936,107.339115607544,780.401584051323,0.9099359771728498,2.789885930053711,12.04,87.54,0.1,0.31,87.64
5103809,Figueirópolis D'Oeste,resto_mt,Demais MT,FALSE,2005,891.4405215661267,104.11753244488521,784.0195731183117,0.9151109849853498,2.388305017944336,11.68,87.95,0.1,0.27,88.05
5103809,Figueirópolis D'Oeste,resto_mt,Demais MT,FALSE,2006,891.4405215661177,103.2287128781122,784.805930609148,0.9176984730834942,2.488179605773927,11.58,88.04,0.1,0.28,88.14
5103809,Figueirópolis D'Oeste,resto_mt,Demais MT,FALSE,2007,891.4405215661152,102.162193613342,785.8362632263328,0.9435733472900364,2.498491379150391,11.46,88.15,0.11,0.28,88.26
5103809,Figueirópolis D'Oeste,resto_mt,Demais MT,FALSE,2008,891.4405215661261,99.11251482946689,789.0557920208998,0.9521982144775372,2.320016501281738,11.12,88.51,0.11,0.26,88.62
5103809,Figueirópolis D'Oeste,resto_mt,Demais MT,FALSE,2009,891.4405215660939,90.7350467088618,797.8408756079646,0.954785705810545,1.909813543457032,10.18,89.5,0.11,0.21,89.61
5103809,Figueirópolis D'Oeste,resto_mt,Demais MT,FALSE,2010,891.4405215660935,87.3595432140498,797.9654626993338,0.9728978930664064,5.142617759643535,9.8,89.51,0.11,0.58,89.62
5103809,Figueirópolis D'Oeste,resto_mt,Demais MT,FALSE,2011,891.4405215661117,91.41667624426243,793.5709036558947,0.9832477678833011,5.469693898071279,10.25,89.02,0.11,0.61,89.13
5103809,Figueirópolis D'Oeste,resto_mt,Demais MT,FALSE,2012,891.4405215661045,97.129230462585,787.6333744469642,0.9832477678833011,5.694668888671873,10.9,88.36,0.11,0.64,88.47
5103809,Figueirópolis D'Oeste,resto_mt,Demais MT,FALSE,2013,891.4405215661227,89.31613901336618,795.4601701408914,0.992735166564942,5.671477245300296,10.02,89.23,0.11,0.64,89.34
5103809,Figueirópolis D'Oeste,resto_mt,Demais MT,FALSE,2014,891.4405215660973,82.60059876159632,802.2670828723111,1.001360196411134,5.571479735778803,9.27,90,0.11,0.62,90.11
5103809,Figueirópolis D'Oeste,resto_mt,Demais MT,FALSE,2015,891.4405215660992,88.54272947772175,795.8636916074814,1.02119734979248,6.012903131103505,9.93,89.28,0.11,0.67,89.39
5103809,Figueirópolis D'Oeste,resto_mt,Demais MT,FALSE,2016,891.4405215661137,96.25604804669096,788.093431076979,1.038447234680175,6.05259520776366,10.8,88.41,0.12,0.68,88.53
5103809,Figueirópolis D'Oeste,resto_mt,Demais MT,FALSE,2017,891.4405215660936,105.34122681365953,779.3074134560474,1.039309719421386,5.752571576965318,11.82,87.42,0.12,0.65,87.54
5103809,Figueirópolis D'Oeste,resto_mt,Demais MT,FALSE,2018,891.4405215661328,100.74305411077833,783.7323546064775,1.053109525512696,5.912003323364249,11.3,87.92,0.12,0.66,88.04
5103809,Figueirópolis D'Oeste,resto_mt,Demais MT,FALSE,2019,891.4405215661068,95.65985045623712,788.8584512999942,1.054834490600587,5.867385319274897,10.73,88.49,0.12,0.66,88.61
5103809,Figueirópolis D'Oeste,resto_mt,Demais MT,FALSE,2020,891.4405215661327,100.85824738385031,784.000550601716,1.05655949395752,5.525164086608873,11.31,87.95,0.12,0.62,88.07
5103809,Figueirópolis D'Oeste,resto_mt,Demais MT,FALSE,2021,891.4405215660963,132.0903016115124,752.7279415347842,1.108309273742671,5.513969146057118,14.82,84.44,0.12,0.62,84.56
5103858,Gaúcha do Norte,resto_mt,Demais MT,FALSE,2000,16908.396768401228,14094.744928770178,2615.979562749156,2.0576316914062556,195.6146451904901,83.36,15.47,0.01,1.16,15.48
5103858,Gaúcha do Norte,resto_mt,Demais MT,FALSE,2001,16908.391524280647,14058.811707421948,2685.3194659993233,1.97007697473145,162.2902738846432,83.15,15.88,0.01,0.96,15.89
5103858,Gaúcha do Norte,resto_mt,Demais MT,FALSE,2002,16908.391524137012,13816.46859834132,2915.052773030739,1.9632059749145558,174.906946790039,81.71,17.24,0.01,1.03,17.25
5103858,Gaúcha do Norte,resto_mt,Demais MT,FALSE,2003,16908.391523954564,13332.342906202639,3391.2500953335307,2.0539698759765583,182.7445525424189,78.85,20.06,0.01,1.08,20.07
5103858,Gaúcha do Norte,resto_mt,Demais MT,FALSE,2004,16908.39327190817,13126.14630380294,3601.2796577954764,2.2314626460571247,178.7358476636965,77.63,21.3,0.01,1.06,21.31
5103858,Gaúcha do Norte,resto_mt,Demais MT,FALSE,2005,16908.393271791792,13041.665487186156,3679.590846837936,2.4480404149780233,184.6888973527225,77.13,21.76,0.01,1.09,21.77
5103858,Gaúcha do Norte,resto_mt,Demais MT,FALSE,2006,16908.390649377376,13016.793566310122,3698.3930084096587,2.6315586812744094,190.5725159763188,76.98,21.87,0.02,1.13,21.89
5103858,Gaúcha do Norte,resto_mt,Demais MT,FALSE,2007,16908.397641948042,13033.350040075014,3686.600552686073,2.6133624453124975,185.8336867416384,77.08,21.8,0.02,1.1,21.82
5103858,Gaúcha do Norte,resto_mt,Demais MT,FALSE,2008,16908.400264792024,12927.11999201763,3786.8301872679854,2.5307730278320295,191.9193124785769,76.45,22.4,0.01,1.14,22.41
5103858,Gaúcha do Norte,resto_mt,Demais MT,FALSE,2009,16908.405509054784,12898.453965703276,3814.868674413517,2.649108125488275,192.4337608125016,76.28,22.56,0.02,1.14,22.58
5103858,Gaúcha do Norte,resto_mt,Demais MT,FALSE,2010,16908.407257123472,12841.452476095816,3867.0370035146525,2.783947354919427,197.133830158082,75.95,22.87,0.02,1.17,22.89
5103858,Gaúcha do Norte,resto_mt,Demais MT,FALSE,2011,16908.40550885512,12710.157447687,4005.229164966097,2.704114428222651,190.3147817738044,75.17,23.69,0.02,1.13,23.71
5103858,Gaúcha do Norte,resto_mt,Demais MT,FALSE,2012,16908.406383050744,12661.446859626774,4059.3387930631884,2.68940606018066,184.9313243005994,74.88,24.01,0.02,1.09,24.03
5103858,Gaúcha do Norte,resto_mt,Demais MT,FALSE,2013,16908.404635077128,12661.92694631809,4068.974058708927,3.0187405264282177,174.4848895236822,74.89,24.06,0.02,1.03,24.08
5103858,Gaúcha do Norte,resto_mt,Demais MT,FALSE,2014,16908.405509137676,12552.314247364271,4185.078519915069,3.3022563312377864,167.7104855270999,74.24,24.75,0.02,0.99,24.77
5103858,Gaúcha do Norte,resto_mt,Demais MT,FALSE,2015,16908.406383063313,12426.27251274916,4308.872823406619,3.283277173339829,169.9777697341922,73.49,25.48,0.02,1.01,25.5
5103858,Gaúcha do Norte,resto_mt,Demais MT,FALSE,2016,16908.40376075053,12317.83018046934,4421.927203699773,2.945042710082993,165.7013338713385,72.85,26.15,0.02,0.98,26.17
5103858,Gaúcha do Norte,resto_mt,Demais MT,FALSE,2017,16908.397641509433,12179.312893313687,4560.774484752755,3.786217115600571,164.5240463273928,72.03,26.97,0.02,0.97,26.99
5103858,Gaúcha do Norte,resto_mt,Demais MT,FALSE,2018,16908.395893245193,12272.70607178261,4461.793552628475,3.847989244873022,170.0482795892331,72.58,26.39,0.02,1.01,26.41
5103858,Gaúcha do Norte,resto_mt,Demais MT,FALSE,2019,16908.398516425514,12459.777299116935,4282.684855844956,3.1122245994262414,162.8241368641974,73.69,25.33,0.02,0.96,25.35
5103858,Gaúcha do Norte,resto_mt,Demais MT,FALSE,2020,16908.39239774229,12510.286122301872,4230.946113598743,3.072235474060031,164.0879263676148,73.99,25.02,0.02,0.97,25.04
5103858,Gaúcha do Norte,resto_mt,Demais MT,FALSE,2021,16908.431726835857,12411.913288116897,4338.942652219936,3.1306830814208686,154.4451034176026,73.41,25.66,0.02,0.91,25.68
5103908,General Carneiro,resto_mt,Demais MT,FALSE,2000,3731.2457667439626,2046.6215825884717,1669.1754035953104,7.710555714416499,7.738224845764176,54.85,44.74,0.21,0.21,44.95
5103908,General Carneiro,resto_mt,Demais MT,FALSE,2001,3731.2457667439985,2022.1845363007074,1695.355507608818,6.217640293395993,7.488082541076677,54.2,45.44,0.17,0.2,45.61
5103908,General Carneiro,resto_mt,Demais MT,FALSE,2002,3731.2457667439967,2009.6278498405034,1708.1050355209857,5.665097122680663,7.847784259826676,53.86,45.78,0.15,0.21,45.93
5103908,General Carneiro,resto_mt,Demais MT,FALSE,2003,3731.2457667440085,1986.0324653387352,1731.4429235895993,5.801712665832513,7.968665149841319,53.23,46.4,0.16,0.21,46.56
5103908,General Carneiro,resto_mt,Demais MT,FALSE,2004,3731.2457667439558,1969.0538051611366,1748.3395167058054,5.943264709899897,7.909180167114269,52.77,46.86,0.16,0.21,47.02
5103908,General Carneiro,resto_mt,Demais MT,FALSE,2005,3731.2457667439076,1954.493767246636,1763.179349367999,5.626378308471679,7.946271820800791,52.38,47.25,0.15,0.21,47.4
5103908,General Carneiro,resto_mt,Demais MT,FALSE,2006,3731.245766743937,1937.3367419048993,1780.4260931677734,5.488370720764159,7.994560950500495,51.92,47.72,0.15,0.21,47.87
5103908,General Carneiro,resto_mt,Demais MT,FALSE,2007,3731.2457667439553,1932.8124415354112,1785.1589281302972,5.290998517395018,7.983398560852061,51.8,47.84,0.14,0.21,47.98
5103908,General Carneiro,resto_mt,Demais MT,FALSE,2008,3731.2457667439044,1933.6463938962256,1784.2534587772443,5.346088218200682,7.999825852233896,51.82,47.82,0.14,0.21,47.96
5103908,General Carneiro,resto_mt,Demais MT,FALSE,2009,3731.245766743923,1932.8075427318638,1785.3147057473493,5.254771201660156,7.868747063049325,51.8,47.85,0.14,0.21,47.99
5103908,General Carneiro,resto_mt,Demais MT,FALSE,2010,3731.2457667439203,1940.539125234307,1777.7296116257633,5.0747003594970685,7.902329524353038,52.01,47.64,0.14,0.21,47.78
5103908,General Carneiro,resto_mt,Demais MT,FALSE,2011,3731.2457667439767,1949.5718986289753,1768.917450885509,4.885137398376466,7.871279831115734,52.25,47.41,0.13,0.21,47.54
5103908,General Carneiro,resto_mt,Demais MT,FALSE,2012,3731.245766743979,1954.798909063177,1763.80256717067,4.91872615338135,7.725564356750503,52.39,47.27,0.13,0.21,47.4
5103908,General Carneiro,resto_mt,Demais MT,FALSE,2013,3731.2457667439144,1952.065656206462,1766.9377117653573,4.963630943115236,7.278767828979506,52.32,47.36,0.13,0.2,47.49
5103908,General Carneiro,resto_mt,Demais MT,FALSE,2014,3731.245766743883,1941.5169969750655,1777.3527464981264,5.200771372131349,7.175251898559583,52.03,47.63,0.14,0.19,47.77
5103908,General Carneiro,resto_mt,Demais MT,FALSE,2015,3731.2457667438866,1935.954451991868,1782.9946080401048,5.155933981506349,7.140772730407729,51.88,47.79,0.14,0.19,47.93
5103908,General Carneiro,resto_mt,Demais MT,FALSE,2016,3731.2457667438684,1936.6160075161506,1782.3502992111771,5.163663247314455,7.115796769226092,51.9,47.77,0.14,0.19,47.91
5103908,General Carneiro,resto_mt,Demais MT,FALSE,2017,3731.2457667438885,1934.154062635555,1784.7976319652669,5.18345078338623,7.110621359680193,51.84,47.83,0.14,0.19,47.97
5103908,General Carneiro,resto_mt,Demais MT,FALSE,2018,3731.245766743826,1924.3012722753397,1794.616760905986,5.24725616064453,7.080477401855485,51.57,48.1,0.14,0.19,48.24
5103908,General Carneiro,resto_mt,Demais MT,FALSE,2019,3731.2457667438102,1920.2747643366251,1798.6381194637647,5.261032103210448,7.071850840209978,51.46,48.2,0.14,0.19,48.34
5103908,General Carneiro,resto_mt,Demais MT,FALSE,2020,3731.245766743833,1918.132723616341,1800.8784395303237,5.184274628784179,7.050328968383806,51.41,48.26,0.14,0.19,48.4
5103908,General Carneiro,resto_mt,Demais MT,FALSE,2021,3731.245766743828,1872.2799909404794,1847.1207114716221,4.988571238098143,6.856493093627946,50.18,49.5,0.13,0.18,49.63
5103957,Glória D'Oeste,pantanal_norte,Pantanal-13,TRUE,2000,833.1129449348234,240.94581389959728,587.4379404926236,0.6312464258422849,4.097944116760257,28.92,70.51,0.08,0.49,70.59
5103957,Glória D'Oeste,pantanal_norte,Pantanal-13,TRUE,2001,833.1129449348344,240.32232382709032,588.0803333061084,0.6338299468994134,4.07645785473633,28.85,70.59,0.08,0.49,70.67
5103957,Glória D'Oeste,pantanal_norte,Pantanal-13,TRUE,2002,833.1129449348364,241.4702346356835,586.7154896885572,0.6346911206054682,4.292529489990239,28.98,70.42,0.08,0.52,70.5
5103957,Glória D'Oeste,pantanal_norte,Pantanal-13,TRUE,2003,833.1129449348161,229.9399631535654,598.3747550562141,0.6355522943115226,4.1626744307251,27.6,71.82,0.08,0.5,71.9
5103957,Glória D'Oeste,pantanal_norte,Pantanal-13,TRUE,2004,833.1129449347981,224.84501194042963,603.5058889264362,0.6346911150512689,4.127352952880861,26.99,72.44,0.08,0.5,72.52
5103957,Glória D'Oeste,pantanal_norte,Pantanal-13,TRUE,2005,833.112944934806,223.04401815326122,605.4230656507465,0.6364134479370108,4.009447682861328,26.77,72.67,0.08,0.48,72.75
5103957,Glória D'Oeste,pantanal_norte,Pantanal-13,TRUE,2006,833.1129449348152,223.34704186139084,604.8997060065909,0.6398581884155264,4.226338878417972,26.81,72.61,0.08,0.51,72.69
5103957,Glória D'Oeste,pantanal_norte,Pantanal-13,TRUE,2007,833.1129449348098,221.6648851184715,606.7109709245536,0.6381358555297844,4.098953036254886,26.61,72.82,0.08,0.49,72.9
5103957,Glória D'Oeste,pantanal_norte,Pantanal-13,TRUE,2008,833.1129449347989,217.65035645227226,610.7935257837961,0.6484699218139645,4.020592776916506,26.12,73.31,0.08,0.48,73.39
5103957,Glória D'Oeste,pantanal_norte,Pantanal-13,TRUE,2009,833.112944934774,205.28625560327163,623.4089158177695,0.6596653180541994,3.758108195678711,24.64,74.83,0.08,0.45,74.91
5103957,Glória D'Oeste,pantanal_norte,Pantanal-13,TRUE,2010,833.1129449347562,196.94642560845915,631.7401038782991,0.6656936242675785,3.760721823730465,23.64,75.83,0.08,0.45,75.91
5103957,Glória D'Oeste,pantanal_norte,Pantanal-13,TRUE,2011,833.1129449347764,205.0287289519042,623.6079487071763,0.66913837475586,3.807128900939944,24.61,74.85,0.08,0.46,74.93
5103957,Glória D'Oeste,pantanal_norte,Pantanal-13,TRUE,2012,833.1129449348043,214.73472025824105,613.73418376482,0.6743054190673835,3.969735492675783,25.77,73.67,0.08,0.48,73.75
5103957,Glória D'Oeste,pantanal_norte,Pantanal-13,TRUE,2013,833.1129449348255,207.00251944006365,621.6849741238511,0.6794724433593757,3.745978927551269,24.85,74.62,0.08,0.45,74.7
5103957,Glória D'Oeste,pantanal_norte,Pantanal-13,TRUE,2014,833.1129449348368,199.99302831915267,628.739232363731,0.6829171191406256,3.697767132812499,24.01,75.47,0.08,0.44,75.55
5103957,Glória D'Oeste,pantanal_norte,Pantanal-13,TRUE,2015,833.1129449348148,209.72331222790592,618.7740738233028,0.681194773986817,3.934364109619143,25.17,74.27,0.08,0.47,74.35
5103957,Glória D'Oeste,pantanal_norte,Pantanal-13,TRUE,2016,833.1129449348002,217.6734129409203,610.8910928157794,0.682917147033692,3.865522031066898,26.13,73.33,0.08,0.46,73.41
5103957,Glória D'Oeste,pantanal_norte,Pantanal-13,TRUE,2017,833.1129449348072,222.93733433398606,605.6986218989167,0.6880842862548833,3.788904415649418,26.76,72.7,0.08,0.45,72.78
5103957,Glória D'Oeste,pantanal_norte,Pantanal-13,TRUE,2018,833.1129449348026,212.89425574041874,615.5618217356437,0.6966960911865239,3.960171367553712,25.55,73.89,0.08,0.48,73.97
5103957,Glória D'Oeste,pantanal_norte,Pantanal-13,TRUE,2019,833.1129449348019,204.29784051196236,624.1796785079225,0.697557260375977,3.937868654541018,24.52,74.92,0.08,0.47,75
5103957,Glória D'Oeste,pantanal_norte,Pantanal-13,TRUE,2020,833.1129449348174,206.09398521026466,622.5058183284345,0.6975572648315433,3.815584131286621,24.74,74.72,0.08,0.46,74.8
5103957,Glória D'Oeste,pantanal_norte,Pantanal-13,TRUE,2021,833.1129449347701,205.30839997900267,622.1680947552669,0.6932513841552741,4.94319881634522,24.64,74.68,0.08,0.59,74.76
5104104,Guarantã do Norte,resto_mt,Demais MT,FALSE,2000,4725.351776283613,2812.9908373078642,1893.3639598820603,13.87824018243417,5.118738911254868,59.53,40.07,0.29,0.11,40.36
5104104,Guarantã do Norte,resto_mt,Demais MT,FALSE,2001,4725.351776283684,2754.335303024991,1952.5967248941295,14.034141754272577,4.38560661029052,58.29,41.32,0.3,0.09,41.62
5104104,Guarantã do Norte,resto_mt,Demais MT,FALSE,2002,4725.351776283434,2656.0690972720467,2049.9598076765474,14.311617905822931,5.011253429016103,56.21,43.38,0.3,0.11,43.68
5104104,Guarantã do Norte,resto_mt,Demais MT,FALSE,2003,4725.351776283475,2588.113133995744,2116.33065338319,14.668356366577425,6.239632537963852,54.77,44.79,0.31,0.13,45.1
5104104,Guarantã do Norte,resto_mt,Demais MT,FALSE,2004,4725.351776283552,2536.1908496928963,2166.746210022845,14.841002670227324,7.573713897582993,53.67,45.85,0.31,0.16,46.16
5104104,Guarantã do Norte,resto_mt,Demais MT,FALSE,2005,4725.351776283627,2530.634492712244,2172.286731689852,14.955508016113553,7.475043865417475,53.55,45.97,0.32,0.16,46.29
5104104,Guarantã do Norte,resto_mt,Demais MT,FALSE,2006,4725.351776283522,2495.8296805565283,2206.293758413151,15.0515201439822,8.176817169860811,52.82,46.69,0.32,0.17,47.01
5104104,Guarantã do Norte,resto_mt,Demais MT,FALSE,2007,4725.351776283515,2498.0584965102476,2203.913963582349,15.246169957275603,8.13314623364263,52.87,46.64,0.32,0.17,46.96
5104104,Guarantã do Norte,resto_mt,Demais MT,FALSE,2008,4725.3517762835445,2477.1081363253124,2222.865771968974,15.314876850280939,10.06299113897713,52.42,47.04,0.32,0.21,47.36
5104104,Guarantã do Norte,resto_mt,Demais MT,FALSE,2009,4725.35177628366,2447.2717440711363,2252.2700331307365,15.448746228759934,10.36125285302743,51.79,47.66,0.33,0.22,47.99
5104104,Guarantã do Norte,resto_mt,Demais MT,FALSE,2010,4725.351776283583,2409.12536101911,2290.0643558457714,15.968394932312126,10.19366448638925,50.98,48.46,0.34,0.22,48.8
5104104,Guarantã do Norte,resto_mt,Demais MT,FALSE,2011,4725.351776283456,2367.240404009557,2331.5322992604715,16.73635307147224,9.842719941955648,50.1,49.34,0.35,0.21,49.69
5104104,Guarantã do Norte,resto_mt,Demais MT,FALSE,2012,4725.3517762835045,2388.3614453593545,2309.358487488969,17.54220896783453,10.08963446734628,50.54,48.87,0.37,0.21,49.24
5104104,Guarantã do Norte,resto_mt,Demais MT,FALSE,2013,4725.351776283412,2410.0246824744127,2287.7920638769315,18.391220901611383,9.143809030456604,51,48.42,0.39,0.19,48.81
5104104,Guarantã do Norte,resto_mt,Demais MT,FALSE,2014,4725.351776283218,2425.30366818175,2271.873715143094,18.84039829077155,9.333994667602614,51.33,48.08,0.4,0.2,48.48
5104104,Guarantã do Norte,resto_mt,Demais MT,FALSE,2015,4725.351776283183,2388.557065891421,2308.485007874978,19.540629387695216,8.76907312908943,50.55,48.85,0.41,0.19,49.26
5104104,Guarantã do Norte,resto_mt,Demais MT,FALSE,2016,4725.351776283155,2371.7743851600944,2324.6346222336574,20.09553211828596,8.847236771118217,50.19,49.19,0.43,0.19,49.62
5104104,Guarantã do Norte,resto_mt,Demais MT,FALSE,2017,4725.351776283215,2385.7990530861875,2310.4559086927547,20.4980428798825,8.598771624389713,50.49,48.89,0.43,0.18,49.32
5104104,Guarantã do Norte,resto_mt,Demais MT,FALSE,2018,4725.351776283221,2326.3486849296237,2369.343395435263,20.863555447143213,8.79614047119146,49.23,50.14,0.44,0.19,50.58
5104104,Guarantã do Norte,resto_mt,Demais MT,FALSE,2019,4725.351776283199,2303.303960653315,2391.616533316102,21.4942026508175,8.937079662963923,48.74,50.61,0.45,0.19,51.06
5104104,Guarantã do Norte,resto_mt,Demais MT,FALSE,2020,4725.351776283121,2327.110959991257,2367.4891115304504,21.91519631237753,8.836508449035684,49.25,50.1,0.46,0.19,50.56
5104104,Guarantã do Norte,resto_mt,Demais MT,FALSE,2021,4725.351776283323,2526.534126527456,2167.8457719873127,22.20762513159128,8.764252636962935,53.47,45.88,0.47,0.19,46.35
5104203,Guiratinga,resto_mt,Demais MT,FALSE,2000,5043.900880542496,2882.9561490305696,2125.642556349696,25.712578076843325,9.589597085388176,57.16,42.14,0.51,0.19,42.65
5104203,Guiratinga,resto_mt,Demais MT,FALSE,2001,5043.900880542473,2877.240975072894,2132.604696572241,25.16703402380368,8.88817487353515,57.04,42.28,0.5,0.18,42.78
5104203,Guiratinga,resto_mt,Demais MT,FALSE,2002,5043.900880542522,2867.010005879332,2143.4467601323668,23.967725436950722,9.47638909387206,56.84,42.5,0.48,0.19,42.98
5104203,Guiratinga,resto_mt,Demais MT,FALSE,2003,5043.900880542465,2820.907038338983,2190.9203896641743,22.719058474426333,9.35439406488036,55.93,43.44,0.45,0.19,43.89
5104203,Guiratinga,resto_mt,Demais MT,FALSE,2004,5043.90088054251,2767.075095144016,2245.131830325129,23.091643649353074,8.60231142401122,54.86,44.51,0.46,0.17,44.97
5104203,Guiratinga,resto_mt,Demais MT,FALSE,2005,5043.900880542457,2728.331796215551,2284.0036135360738,23.07392180139169,8.491548989440911,54.09,45.28,0.46,0.17,45.74
5104203,Guiratinga,resto_mt,Demais MT,FALSE,2006,5043.900880542498,2707.13207416155,2305.4216187245147,22.777576166503984,8.569611489929192,53.67,45.71,0.45,0.17,46.16
5104203,Guiratinga,resto_mt,Demais MT,FALSE,2007,5043.900880542517,2703.825094305438,2309.8719540589786,21.823187844177312,8.380644333923337,53.61,45.8,0.43,0.17,46.23
5104203,Guiratinga,resto_mt,Demais MT,FALSE,2008,5043.900880542486,2706.528832892194,2307.903303026269,21.19895138311773,8.269793240905756,53.66,45.76,0.42,0.16,46.18
5104203,Guiratinga,resto_mt,Demais MT,FALSE,2009,5043.900880542501,2704.4088397662385,2311.330351166949,20.34535459893798,7.816335010375977,53.62,45.82,0.4,0.15,46.22
5104203,Guiratinga,resto_mt,Demais MT,FALSE,2010,5043.900880542436,2711.606627664871,2305.428096585756,19.170040961792,7.696115330017088,53.76,45.71,0.38,0.15,46.09
5104203,Guiratinga,resto_mt,Demais MT,FALSE,2011,5043.900880542406,2717.4811373596144,2300.624993035698,18.350174446350074,7.444575700744618,53.88,45.61,0.36,0.15,45.97
5104203,Guiratinga,resto_mt,Demais MT,FALSE,2012,5043.900880542383,2712.295085608576,2305.846403719391,18.694340725707974,7.06505048870849,53.77,45.72,0.37,0.14,46.09
5104203,Guiratinga,resto_mt,Demais MT,FALSE,2013,5043.900880542382,2704.3519450349763,2314.460387365744,18.450462620788553,6.638085520874021,53.62,45.89,0.37,0.13,46.26
5104203,Guiratinga,resto_mt,Demais MT,FALSE,2014,5043.9008805424155,2698.7847189374456,2320.0921325279437,18.551687517578113,6.47234155944824,53.51,46,0.37,0.13,46.37
5104203,Guiratinga,resto_mt,Demais MT,FALSE,2015,5043.900880542421,2689.6174297165544,2330.3701685449837,17.43486721490474,6.478415065979002,53.32,46.2,0.35,0.13,46.55
5104203,Guiratinga,resto_mt,Demais MT,FALSE,2016,5043.900880542409,2670.0923158727355,2350.325334295956,17.218687031860302,6.264543341857909,52.94,46.6,0.34,0.12,46.94
5104203,Guiratinga,resto_mt,Demais MT,FALSE,2017,5043.900880542413,2656.2712299324353,2364.766396862602,16.828858348144465,6.034395399230957,52.66,46.88,0.33,0.12,47.21
5104203,Guiratinga,resto_mt,Demais MT,FALSE,2018,5043.900880542493,2640.315485379335,2381.2731216599836,16.3671684976806,5.945105005493165,52.35,47.21,0.32,0.12,47.53
5104203,Guiratinga,resto_mt,Demais MT,FALSE,2019,5043.90088054254,2624.577794650487,2397.1490294208625,16.291635352539004,5.882421118652344,52.03,47.53,0.32,0.12,47.85
5104203,Guiratinga,resto_mt,Demais MT,FALSE,2020,5043.9008805425365,2619.6013634771,2401.9770387455505,16.79044724450678,5.532031075378422,51.94,47.62,0.33,0.11,47.95
5104203,Guiratinga,resto_mt,Demais MT,FALSE,2021,5043.900880542522,2584.093901007474,2439.2565544345844,16.067707503662074,4.482717596801759,51.23,48.36,0.32,0.09,48.68
5104500,Indiavaí,resto_mt,Demais MT,FALSE,2000,592.49762562979015,73.78489719421275,517.4757033395081,0.4587444717407229,0.7782806243286138,12.45,87.34,0.08,0.13,87.42
5104500,Indiavaí,resto_mt,Demais MT,FALSE,2001,592.4976256298112,65.79363763616793,525.5852165256867,0.4621936835937502,0.6565777843627927,11.1,88.71,0.08,0.11,88.79
5104500,Indiavaí,resto_mt,Demais MT,FALSE,2002,592.4976256298203,63.531405021421854,527.5660093936157,0.472541463623047,0.927669751159668,10.72,89.04,0.08,0.16,89.12
5104500,Indiavaí,resto_mt,Demais MT,FALSE,2003,592.4976256298222,62.72752698480075,527.1680099040547,0.5104829931030271,2.091605747863769,10.59,88.97,0.09,0.35,89.06
5104500,Indiavaí,resto_mt,Demais MT,FALSE,2004,592.4976256298148,61.62514946929778,528.2963400991157,0.5510115629882819,2.025124498413086,10.4,89.16,0.09,0.34,89.25
5104500,Indiavaí,resto_mt,Demais MT,FALSE,2005,592.4976256298047,64.83964148937784,524.9791990212863,0.6536269288330098,2.025158190307617,10.94,88.6,0.11,0.34,88.71
5104500,Indiavaí,resto_mt,Demais MT,FALSE,2006,592.4976256298055,64.65470709368716,525.1416955175026,0.6734603124389664,2.027762706176756,10.91,88.63,0.11,0.34,88.74
5104500,Indiavaí,resto_mt,Demais MT,FALSE,2007,592.4976256298252,62.20338089477369,527.4540607588552,0.696742633728029,2.143441342468261,10.5,89.02,0.12,0.36,89.14
5104500,Indiavaí,resto_mt,Demais MT,FALSE,2008,592.4976256298195,60.99634973840149,528.5730233278805,0.705365809143068,2.222886754394531,10.29,89.21,0.12,0.38,89.33
5104500,Indiavaí,resto_mt,Demais MT,FALSE,2009,592.497625629849,57.23697703100442,532.3824762905559,0.70795277282715,2.170219535461425,9.66,89.85,0.12,0.37,89.97
5104500,Indiavaí,resto_mt,Demais MT,FALSE,2010,592.497625629852,55.70641832433918,531.7852148881544,0.7217499294433609,4.284242487915029,9.4,89.75,0.12,0.72,89.87
5104500,Indiavaí,resto_mt,Demais MT,FALSE,2011,592.4976256298517,57.51962329406553,529.5940722970288,0.7295107876586928,4.654419251098624,9.71,89.38,0.12,0.79,89.5
5104500,Indiavaí,resto_mt,Demais MT,FALSE,2012,592.4976256298213,59.98384063677856,526.9978658278205,0.7407209509277357,4.775198214294423,10.12,88.95,0.13,0.81,89.08
5104500,Indiavaí,resto_mt,Demais MT,FALSE,2013,592.4976256297986,55.93486370031514,531.0581094493809,0.7571050327758804,4.747547447326659,9.44,89.63,0.13,0.8,89.76
5104500,Indiavaí,resto_mt,Demais MT,FALSE,2014,592.4976256297995,54.61942545074221,532.3450900978194,0.7614166462402358,4.771693434997555,9.22,89.85,0.13,0.81,89.98
5104500,Indiavaí,resto_mt,Demais MT,FALSE,2015,592.4976256297962,57.6932405391829,529.1047698669195,0.7760759861450208,4.923539237548825,9.74,89.3,0.13,0.83,89.43
5104500,Indiavaí,resto_mt,Demais MT,FALSE,2016,592.4976256297954,64.10278110412399,522.5632206383423,0.7795252287597669,5.052098658569332,10.82,88.2,0.13,0.85,88.33
5104500,Indiavaí,resto_mt,Demais MT,FALSE,2017,592.4976256298232,69.18330022051859,517.6561495467557,0.7821121628417981,4.876063699707029,11.68,87.37,0.13,0.82,87.5
5104500,Indiavaí,resto_mt,Demais MT,FALSE,2018,592.4976256298136,67.44274140887312,519.4537020328302,0.7881483734741225,4.813033814636226,11.38,87.67,0.13,0.81,87.8
5104500,Indiavaí,resto_mt,Demais MT,FALSE,2019,592.4976256298187,68.25522340569923,518.4876202374252,0.791597619384767,4.963184367309564,11.52,87.51,0.13,0.84,87.64
5104500,Indiavaí,resto_mt,Demais MT,FALSE,2020,592.4976256298322,78.03537828076183,508.88779897870904,0.7933222395629896,4.781126130798334,13.17,85.89,0.13,0.81,86.02
5104500,Indiavaí,resto_mt,Demais MT,FALSE,2021,592.4976256298278,106.66369644806264,480.172377627749,0.815742053955079,4.84580950006103,18,81.04,0.14,0.82,81.18
5104526,Ipiranga do Norte,resto_mt,Demais MT,FALSE,2000,3421.993900258309,2015.4863942476113,1388.7689299124315,6.3331368994750985,11.40543919879151,58.9,40.58,0.19,0.33,40.77
5104526,Ipiranga do Norte,resto_mt,Demais MT,FALSE,2001,3421.9912782286688,1805.7533706482834,1595.6443754790675,9.301800048156588,11.29173205316161,52.77,46.63,0.27,0.33,46.9
5104526,Ipiranga do Norte,resto_mt,Demais MT,FALSE,2002,3421.9930263248484,1644.3828720388933,1757.6176184120534,8.33495884570299,11.65757702819825,48.05,51.36,0.24,0.34,51.6
5104526,Ipiranga do Norte,resto_mt,Demais MT,FALSE,2003,3421.993025970644,1420.5878541220195,1985.7376074475014,3.88832354162597,11.77924085949707,41.51,58.03,0.11,0.34,58.14
5104526,Ipiranga do Norte,resto_mt,Demais MT,FALSE,2004,3421.9921517751363,1284.769575669872,2121.374000584451,4.004585540283199,11.84398998052979,37.54,61.99,0.12,0.35,62.11
5104526,Ipiranga do Norte,resto_mt,Demais MT,FALSE,2005,3421.996521666131,1219.1347357101156,2186.607803274008,4.564130069030769,11.68985261297608,35.63,63.9,0.13,0.34,64.03
5104526,Ipiranga do Norte,resto_mt,Demais MT,FALSE,2006,3421.997395689438,1220.2050961777466,2186.2830962947114,3.989791747375495,11.51941146960448,35.66,63.89,0.12,0.34,64.01
5104526,Ipiranga do Norte,resto_mt,Demais MT,FALSE,2007,3421.9973956894423,1221.3578945330319,2185.88787267112,3.5579223394775434,11.19370614581298,35.69,63.88,0.1,0.33,63.98
5104526,Ipiranga do Norte,resto_mt,Demais MT,FALSE,2008,3421.9973956894637,1207.6325959269154,2199.5631254242307,3.3577197166137713,11.44395462170409,35.29,64.28,0.1,0.33,64.38
5104526,Ipiranga do Norte,resto_mt,Demais MT,FALSE,2009,3421.9965216660894,1188.1264221013334,2219.281782934873,3.3961811146240244,11.19213551525879,34.72,64.85,0.1,0.33,64.95
5104526,Ipiranga do Norte,resto_mt,Demais MT,FALSE,2010,3421.9965216774344,1153.2631378842013,2254.4145719060875,3.3175096585693375,11.00130222857665,33.7,65.88,0.1,0.32,65.98
5104526,Ipiranga do Norte,resto_mt,Demais MT,FALSE,2011,3421.9973957007714,1141.6659965862348,2266.07595123856,3.765134548522955,10.49031332745361,33.36,66.22,0.11,0.31,66.33
5104526,Ipiranga do Norte,resto_mt,Demais MT,FALSE,2012,3421.9965217089066,1140.9636423877566,2266.2939353348825,4.026576737121588,10.71236724914551,33.34,66.23,0.12,0.31,66.35
5104526,Ipiranga do Norte,resto_mt,Demais MT,FALSE,2013,3421.993899994043,1144.0726911637012,2263.8582943915603,3.744161467346205,10.31875297143555,33.43,66.16,0.11,0.3,66.27
5104526,Ipiranga do Norte,resto_mt,Demais MT,FALSE,2014,3421.9930261535483,1137.7235653128132,2270.647535115332,3.6820805612182745,9.939845164184575,33.25,66.35,0.11,0.29,66.46
5104526,Ipiranga do Norte,resto_mt,Demais MT,FALSE,2015,3421.9939000254963,1144.693587995855,2263.540877623208,3.5133155803833143,10.2461188260498,33.45,66.15,0.1,0.3,66.25
5104526,Ipiranga do Norte,resto_mt,Demais MT,FALSE,2016,3421.994773853749,1150.5564906925051,2257.728707583607,3.517689662292491,10.19188591534424,33.62,65.98,0.1,0.3,66.08
5104526,Ipiranga do Norte,resto_mt,Demais MT,FALSE,2017,3421.9956479969164,1154.0835434939272,2253.901759951598,3.5779878554687565,10.43235669592285,33.73,65.87,0.1,0.3,65.97
5104526,Ipiranga do Norte,resto_mt,Demais MT,FALSE,2018,3421.9956479969255,1153.1932832364855,2254.413345715335,3.6549003163452234,10.73411872875977,33.7,65.88,0.11,0.31,65.99
5104526,Ipiranga do Norte,resto_mt,Demais MT,FALSE,2019,3421.991278499501,1145.2697856595946,2261.9868743832412,3.7292239378662213,11.00539451879883,33.47,66.1,0.11,0.32,66.21
5104526,Ipiranga do Norte,resto_mt,Demais MT,FALSE,2020,3421.9930262146927,1157.201900387759,2250.230556856353,3.818386618713387,10.74218235186767,33.82,65.76,0.11,0.31,65.87
5104526,Ipiranga do Norte,resto_mt,Demais MT,FALSE,2021,3421.9991435068923,1162.782267803102,2244.771127775873,3.9233029989624075,10.52244492895509,33.98,65.6,0.11,0.31,65.71
5104542,Itanhangá,resto_mt,Demais MT,FALSE,2000,2909.700666629404,2351.1290573372976,553.853285654717,1.133085701965332,3.585237935424808,80.8,19.03,0.04,0.12,19.07
5104542,Itanhangá,resto_mt,Demais MT,FALSE,2001,2909.699791680009,2286.657526144308,618.3082360499833,1.307052444152835,3.426977041564944,78.59,21.25,0.04,0.12,21.29
5104542,Itanhangá,resto_mt,Demais MT,FALSE,2002,2909.6971697612585,2138.458162085974,766.2855147130653,1.428571216674807,3.524921745544435,73.49,26.34,0.05,0.12,26.39
5104542,Itanhangá,resto_mt,Demais MT,FALSE,2003,2909.698043118845,1915.7920883609638,988.1569262575146,2.107825395202636,3.641203105163577,65.84,33.96,0.07,0.13,34.03
5104542,Itanhangá,resto_mt,Demais MT,FALSE,2004,2909.6962949457943,1711.4036113070117,1192.327745421436,2.335992285705568,3.628945931640627,58.82,40.98,0.08,0.12,41.06
5104542,Itanhangá,resto_mt,Demais MT,FALSE,2005,2909.7102831183784,1586.762929794317,1316.749903538661,2.694417175842284,3.503032609558109,54.53,45.25,0.09,0.12,45.34
5104542,Itanhangá,resto_mt,Demais MT,FALSE,2006,2909.7067863886004,1525.593119159626,1377.7824438930368,2.784464492004394,3.54675884393311,52.43,47.35,0.1,0.12,47.45
5104542,Itanhangá,resto_mt,Demais MT,FALSE,2007,2909.715529073981,1494.5032967361549,1408.7970750513273,2.945320279479986,3.469837007019048,51.36,48.42,0.1,0.12,48.52
5104542,Itanhangá,resto_mt,Demais MT,FALSE,2008,2909.7129059637145,1398.419088428334,1504.7274256157027,3.030997194763185,3.535394724914555,48.06,51.71,0.1,0.12,51.81
5104542,Itanhangá,resto_mt,Demais MT,FALSE,2009,2909.7155284780633,1396.0146161547884,1506.6842912054162,3.411278989929211,3.6053421279296902,47.98,51.78,0.12,0.12,51.9
5104542,Itanhangá,resto_mt,Demais MT,FALSE,2010,2909.7120310641412,1418.194774296318,1484.2672170353403,3.712887905639666,3.537151826843266,48.74,51.01,0.13,0.12,51.14
5104542,Itanhangá,resto_mt,Demais MT,FALSE,2011,2909.712031618378,1388.0707845628367,1514.403460208068,3.788074451171892,3.449712396301274,47.7,52.05,0.13,0.12,52.18
5104542,Itanhangá,resto_mt,Demais MT,FALSE,2012,2909.7111570359593,1329.3457495461105,1572.7237084880794,4.100178239013704,3.541520762756352,45.69,54.05,0.14,0.12,54.19
5104542,Itanhangá,resto_mt,Demais MT,FALSE,2013,2909.7094085866,1312.3403201500503,1589.5980140198628,4.276768109863323,3.494306306823735,45.1,54.63,0.15,0.12,54.78
5104542,Itanhangá,resto_mt,Demais MT,FALSE,2014,2909.712030386673,1280.6968472679728,1621.2196605831168,4.395660179382372,3.399862356201175,44.01,55.72,0.15,0.12,55.87
5104542,Itanhangá,resto_mt,Demais MT,FALSE,2015,2909.71465497577,1266.6904021351359,1635.0416084995084,4.511055771362354,3.471588569763185,43.53,56.19,0.16,0.12,56.35
5104542,Itanhangá,resto_mt,Demais MT,FALSE,2016,2909.7129065711815,1284.2974031946653,1617.4372286935936,4.543401544311574,3.434873138610843,44.14,55.59,0.16,0.12,55.75
5104542,Itanhangá,resto_mt,Demais MT,FALSE,2017,2909.714654198541,1296.1913050671494,1605.464653425154,4.596728267517143,3.461967438720706,44.55,55.18,0.16,0.12,55.34
5104542,Itanhangá,resto_mt,Demais MT,FALSE,2018,2909.7120307444743,1288.7521099129433,1612.768312578113,4.641313593383845,3.550294660034183,44.29,55.43,0.16,0.12,55.59
5104542,Itanhangá,resto_mt,Demais MT,FALSE,2019,2909.7120307044465,1288.085897580743,1613.3541207188575,4.749716029418994,3.522296375427248,44.27,55.45,0.16,0.12,55.61
5104542,Itanhangá,resto_mt,Demais MT,FALSE,2020,2909.712905865003,1294.2339318592526,1607.1973394995248,4.748842015380911,3.53279249084473,44.48,55.24,0.16,0.12,55.4
5104542,Itanhangá,resto_mt,Demais MT,FALSE,2021,2909.726895027225,1303.6682338845724,1597.540085534864,4.914067094116264,3.604508513671877,44.8,54.9,0.17,0.12,55.07
5104559,Itaúba,resto_mt,Demais MT,FALSE,2000,4521.814562380435,3170.0423834079447,1319.5149247368333,2.269515164245592,29.98773907141136,70.11,29.18,0.05,0.66,29.23
5104559,Itaúba,resto_mt,Demais MT,FALSE,2001,4521.817196934729,3149.738556373748,1340.0145058784244,2.375746507934553,29.6883881746218,69.66,29.63,0.05,0.66,29.68
5104559,Itaúba,resto_mt,Demais MT,FALSE,2002,4521.818074619522,3132.3206973602764,1357.0426218046557,2.461785030029268,29.99297042456079,69.27,30.01,0.05,0.66,30.06
5104559,Itaúba,resto_mt,Demais MT,FALSE,2003,4521.8189524084355,3069.60025750083,1419.4918366026125,2.472320304382297,30.25453800061063,67.88,31.39,0.05,0.67,31.44
5104559,Itaúba,resto_mt,Demais MT,FALSE,2004,4521.818074610836,3023.0866407943718,1465.8676030840422,2.493391204528783,30.37043952789338,66.86,32.42,0.06,0.67,32.48
5104559,Itaúba,resto_mt,Demais MT,FALSE,2005,4521.811930192699,2954.216786418,1534.7427155961718,2.503926741027806,30.34850143750029,65.33,33.94,0.06,0.67,34
5104559,Itaúba,resto_mt,Demais MT,FALSE,2006,4521.807541199008,2883.2822768700435,1605.6368599158163,2.533776870727519,30.35462754241972,63.76,35.51,0.06,0.67,35.57
5104559,Itaúba,resto_mt,Demais MT,FALSE,2007,4521.805785551317,2856.3585953625325,1632.4640528498564,2.550457889465316,30.43267944946317,63.17,36.1,0.06,0.67,36.16
5104559,Itaúba,resto_mt,Demais MT,FALSE,2008,4521.803151673814,2833.8127017475927,1654.6667496057253,2.608402018188459,30.71529830230745,62.67,36.59,0.06,0.68,36.65
5104559,Itaúba,resto_mt,Demais MT,FALSE,2009,4521.80139568245,2847.0770169451976,1641.6227199605794,2.6075240363159,30.49413474035673,62.96,36.3,0.06,0.67,36.36
5104559,Itaúba,resto_mt,Demais MT,FALSE,2010,4521.806662056204,2863.07668190695,1625.4957788935167,2.649665283203107,30.58453597253445,63.32,35.95,0.06,0.68,36.01
5104559,Itaúba,resto_mt,Demais MT,FALSE,2011,4521.806662406339,2832.201174891583,1656.5416142602996,2.662834790893536,30.40103846356228,62.63,36.63,0.06,0.67,36.69
5104559,Itaúba,resto_mt,Demais MT,FALSE,2012,4521.806661818484,2854.9469419559455,1633.661571125112,2.668102487548809,30.5300462498782,63.14,36.13,0.06,0.68,36.19
5104559,Itaúba,resto_mt,Demais MT,FALSE,2013,4521.8092953020705,2846.646962845883,1642.3012475926623,2.66546848968504,30.19561637384063,62.95,36.32,0.06,0.67,36.38
5104559,Itaúba,resto_mt,Demais MT,FALSE,2014,4521.80578437372,2798.3265435283097,1690.7972061258056,2.674248032958966,30.00778668664576,61.89,37.39,0.06,0.66,37.45
5104559,Itaúba,resto_mt,Demais MT,FALSE,2015,4521.804906920181,2758.28012764381,1730.249229423892,2.704098613891579,30.5714512385867,61,38.26,0.06,0.68,38.32
5104559,Itaúba,resto_mt,Demais MT,FALSE,2016,4521.809296363968,2759.001397616721,1727.127448989008,2.781357387268026,32.89909237097194,61.02,38.2,0.06,0.73,38.26
5104559,Itaúba,resto_mt,Demais MT,FALSE,2017,4521.810173746468,2755.882234207957,1700.277859130186,2.862127917541487,62.78795249078307,60.95,37.6,0.06,1.39,37.66
5104559,Itaúba,resto_mt,Demais MT,FALSE,2018,4521.818074843442,2702.7169372114236,1710.5285661185885,2.892856058532702,105.6797154548975,59.77,37.83,0.06,2.34,37.89
5104559,Itaúba,resto_mt,Demais MT,FALSE,2019,4521.811929882347,2705.2181192364765,1683.1687082291185,2.898123672973621,130.5269787437781,59.83,37.22,0.06,2.89,37.28
5104559,Itaúba,resto_mt,Demais MT,FALSE,2020,4521.80929629539,2781.7421735114835,1604.8696199308756,2.8990018018798702,132.2985010511509,61.52,35.49,0.06,2.93,35.55
5104559,Itaúba,resto_mt,Demais MT,FALSE,2021,4521.825975865477,2814.620416570951,1567.1375115998767,2.944654993774404,137.1233927008742,62.25,34.66,0.07,3.03,34.73
5104609,Itiquira,pantanal_norte,Pantanal-13,TRUE,2000,8698.816838246628,3730.9902005308136,4882.01707575262,12.701621343627917,73.1079406195675,42.89,56.12,0.15,0.84,56.27
5104609,Itiquira,pantanal_norte,Pantanal-13,TRUE,2001,8698.816838246647,3673.6741597354016,4929.620281990434,13.112100453186013,82.41029606762609,42.23,56.67,0.15,0.95,56.82
5104609,Itiquira,pantanal_norte,Pantanal-13,TRUE,2002,8698.816838246517,3642.667781723901,4969.447069755099,13.585945748290996,73.11604101922586,41.88,57.13,0.16,0.84,57.29
5104609,Itiquira,pantanal_norte,Pantanal-13,TRUE,2003,8698.816838246583,3559.0304620124275,5061.163442985986,14.072835971191392,64.55009727697768,40.91,58.18,0.16,0.74,58.34
5104609,Itiquira,pantanal_norte,Pantanal-13,TRUE,2004,8698.816838246727,3543.500340014823,5092.680727743133,15.031975161804166,47.60379532696535,40.74,58.54,0.17,0.55,58.71
5104609,Itiquira,pantanal_norte,Pantanal-13,TRUE,2005,8698.816838246617,3480.622990352051,5137.259848319981,15.063793881042459,65.87020569354254,40.01,59.06,0.17,0.76,59.23
5104609,Itiquira,pantanal_norte,Pantanal-13,TRUE,2006,8698.816838246556,3447.041476059641,5171.536515216029,15.504767718688942,64.73407925219743,39.63,59.45,0.18,0.74,59.63
5104609,Itiquira,pantanal_norte,Pantanal-13,TRUE,2007,8698.816838246605,3439.5025521418597,5183.133449179148,15.797585867980937,60.38325105761733,39.54,59.58,0.18,0.69,59.76
5104609,Itiquira,pantanal_norte,Pantanal-13,TRUE,2008,8698.816838246712,3430.773356160495,5185.207296304233,16.85086626794432,65.98531951403817,39.44,59.61,0.19,0.76,59.8
5104609,Itiquira,pantanal_norte,Pantanal-13,TRUE,2009,8698.816838246765,3438.5169035980116,5183.008050521799,18.07434645269773,59.21753767425549,39.53,59.58,0.21,0.68,59.79
5104609,Itiquira,pantanal_norte,Pantanal-13,TRUE,2010,8698.81683824671,3469.996325433755,5160.960303026457,18.1542994005737,49.70591038592533,39.89,59.33,0.21,0.57,59.54
5104609,Itiquira,pantanal_norte,Pantanal-13,TRUE,2011,8698.816838246708,3497.825433031769,5136.039548066562,19.05169986224361,45.90015728613294,40.21,59.04,0.22,0.53,59.26
5104609,Itiquira,pantanal_norte,Pantanal-13,TRUE,2012,8698.81683824667,3523.0633825979376,5107.173927859975,20.918314896911575,47.66121289184578,40.5,58.71,0.24,0.55,58.95
5104609,Itiquira,pantanal_norte,Pantanal-13,TRUE,2013,8698.81683824673,3554.6721492652828,5082.934625065737,20.548004957641542,40.66205895806886,40.86,58.43,0.24,0.47,58.67
5104609,Itiquira,pantanal_norte,Pantanal-13,TRUE,2014,8698.816838246657,3566.7800840613454,5059.597549238657,26.817113248962432,45.62209169769294,41,58.16,0.31,0.52,58.47
5104609,Itiquira,pantanal_norte,Pantanal-13,TRUE,2015,8698.816838246596,3554.2586612313353,5072.235778993654,26.26478069750979,46.05761732409677,40.86,58.31,0.3,0.53,58.61
5104609,Itiquira,pantanal_norte,Pantanal-13,TRUE,2016,8698.81683824662,3535.7373092937696,5090.648052297209,25.970365030456577,46.46111162518319,40.65,58.52,0.3,0.53,58.82
5104609,Itiquira,pantanal_norte,Pantanal-13,TRUE,2017,8698.816838246614,3526.3695831731625,5108.026846078944,23.884240468017563,40.53616852648932,40.54,58.72,0.27,0.47,58.99
5104609,Itiquira,pantanal_norte,Pantanal-13,TRUE,2018,8698.816838246601,3516.5578599317755,5119.920288686224,21.195674853271484,41.14301477532972,40.43,58.86,0.24,0.47,59.1
5104609,Itiquira,pantanal_norte,Pantanal-13,TRUE,2019,8698.816838246477,3512.413913138501,5120.7520089253585,17.14931741058348,48.50159877203376,40.38,58.87,0.2,0.56,59.07
5104609,Itiquira,pantanal_norte,Pantanal-13,TRUE,2020,8698.816838246536,3504.7038309683408,5136.2164493298915,15.749976523986826,42.14658142431643,40.29,59.05,0.18,0.48,59.23
5104609,Itiquira,pantanal_norte,Pantanal-13,TRUE,2021,8698.816838246654,3455.2597726692015,5175.544928513672,12.79394084722901,55.2181962165527,39.72,59.5,0.15,0.63,59.65
5104807,Jaciara,resto_mt,Demais MT,FALSE,2000,1679.535449880151,529.835279108971,1135.3900338586432,12.397560611633411,1.912576300903316,31.55,67.6,0.74,0.11,68.34
5104807,Jaciara,resto_mt,Demais MT,FALSE,2001,1679.5354498801355,525.4854261792166,1139.7941077523715,12.487889680053833,1.76802626849365,31.29,67.86,0.74,0.11,68.6
5104807,Jaciara,resto_mt,Demais MT,FALSE,2002,1679.5354498801335,516.6656722207175,1148.189844937614,12.854236397766233,1.825696324035643,30.76,68.36,0.77,0.11,69.13
5104807,Jaciara,resto_mt,Demais MT,FALSE,2003,1679.535449880135,514.0681436012738,1150.7787909769204,12.86108927020275,1.827426031738283,30.61,68.52,0.77,0.11,69.29
5104807,Jaciara,resto_mt,Demais MT,FALSE,2004,1679.535449880163,513.0097326659771,1152.1132394846325,12.739095341369742,1.673382388183596,30.54,68.6,0.76,0.1,69.36
5104807,Jaciara,resto_mt,Demais MT,FALSE,2005,1679.5354498801482,511.6510414272677,1153.492840485046,12.78100539611829,1.610562571716311,30.46,68.68,0.76,0.1,69.44
5104807,Jaciara,resto_mt,Demais MT,FALSE,2006,1679.5354498801323,512.8191599265193,1151.33610438092,13.794562969726648,1.585622602966312,30.53,68.55,0.82,0.09,69.37
5104807,Jaciara,resto_mt,Demais MT,FALSE,2007,1679.5354498801682,515.187834217241,1148.0706758268066,14.653473572387744,1.623466263732914,30.67,68.36,0.87,0.1,69.23
5104807,Jaciara,resto_mt,Demais MT,FALSE,2008,1679.5354498801582,517.4281522752228,1145.247582389115,14.965379735107451,1.894335480712891,30.81,68.19,0.89,0.11,69.08
5104807,Jaciara,resto_mt,Demais MT,FALSE,2009,1679.5354498801562,520.1291320504916,1140.524037457533,15.360262654602106,3.522017717529308,30.97,67.91,0.91,0.21,68.82
5104807,Jaciara,resto_mt,Demais MT,FALSE,2010,1679.53544988014,521.22452359163,1139.1646185062834,15.562354055664162,3.583953726562507,31.03,67.83,0.93,0.21,68.76
5104807,Jaciara,resto_mt,Demais MT,FALSE,2011,1679.535449880171,524.2892820808295,1136.38385612649,15.39274647161879,3.469565201232923,31.22,67.66,0.92,0.21,68.58
5104807,Jaciara,resto_mt,Demais MT,FALSE,2012,1679.5354498801469,524.1593996223309,1136.3959031582065,15.5811086865846,3.399038413024911,31.21,67.66,0.93,0.2,68.59
5104807,Jaciara,resto_mt,Demais MT,FALSE,2013,1679.535449880156,524.1889912535523,1136.4712278854536,15.389261142517181,3.485969598632823,31.21,67.67,0.92,0.21,68.59
5104807,Jaciara,resto_mt,Demais MT,FALSE,2014,1679.5354498801476,520.7097449218288,1139.7913083733577,15.521734455749602,3.512662129211436,31,67.86,0.92,0.21,68.78
5104807,Jaciara,resto_mt,Demais MT,FALSE,2015,1679.5354498801407,517.7020971108626,1142.5434338044345,15.793577027526933,3.496341937316907,30.82,68.03,0.94,0.21,68.97
5104807,Jaciara,resto_mt,Demais MT,FALSE,2016,1679.535449880136,516.5107683476793,1143.5773586773541,15.99654451110846,3.450778343994147,30.75,68.09,0.95,0.21,69.04
5104807,Jaciara,resto_mt,Demais MT,FALSE,2017,1679.5354498800984,519.0685783307758,1140.955919677191,16.16683801452645,3.34411385760498,30.91,67.93,0.96,0.2,68.89
5104807,Jaciara,resto_mt,Demais MT,FALSE,2018,1679.5354498800962,523.016929303492,1137.110824854131,16.192609398803796,3.215086323669434,31.14,67.7,0.96,0.19,68.66
5104807,Jaciara,resto_mt,Demais MT,FALSE,2019,1679.5354498801325,523.154122998624,1137.3047867160421,15.913020807006923,3.16351935845947,31.15,67.72,0.95,0.19,68.67
5104807,Jaciara,resto_mt,Demais MT,FALSE,2020,1679.5354498801466,525.8437122520398,1135.3323407796572,15.398016815063535,2.96138003338623,31.31,67.6,0.92,0.18,68.52
5104807,Jaciara,resto_mt,Demais MT,FALSE,2021,1679.535449880135,525.4702560843733,1138.0552883603978,13.719570956665088,2.290334478698728,31.29,67.76,0.82,0.14,68.58
5104906,Jangada,resto_mt,Demais MT,FALSE,2000,1114.27644623025,863.8531364723863,240.25269043230216,7.584199504394528,2.586419821166992,77.53,21.56,0.68,0.23,22.24
5104906,Jangada,resto_mt,Demais MT,FALSE,2001,1114.276446230243,856.9712423540351,247.34946242497494,7.429735578979496,2.526005872253419,76.91,22.2,0.67,0.23,22.87
5104906,Jangada,resto_mt,Demais MT,FALSE,2002,1114.2764462302544,853.5443565046716,250.0832744313323,8.050284734863302,2.598530559387206,76.6,22.44,0.72,0.23,23.16
5104906,Jangada,resto_mt,Demais MT,FALSE,2003,1114.2764462302694,848.3485732612197,254.97090491069991,8.347213470520039,2.60975458782959,76.13,22.88,0.75,0.23,23.63
5104906,Jangada,resto_mt,Demais MT,FALSE,2004,1114.2764462303303,841.8443231927968,262.4959987523161,7.296158773742696,2.639965511474607,75.55,23.56,0.65,0.24,24.21
5104906,Jangada,resto_mt,Demais MT,FALSE,2005,1114.2764462303305,832.9796383733578,271.90690054868395,6.714563586425801,2.675343721862789,74.76,24.4,0.6,0.24,25
5104906,Jangada,resto_mt,Demais MT,FALSE,2006,1114.2764462302875,824.241187822896,280.45548221030896,6.862130610656734,2.717645586425778,73.97,25.17,0.62,0.24,25.79
5104906,Jangada,resto_mt,Demais MT,FALSE,2007,1114.2764462302546,816.4435480179234,288.38426071220886,6.7189173203125,2.729720179809568,73.27,25.88,0.6,0.24,26.48
5104906,Jangada,resto_mt,Demais MT,FALSE,2008,1114.2764462302564,810.35948008255275,295.28298764672707,5.888712204711921,2.745266296264645,72.73,26.5,0.53,0.25,27.03
5104906,Jangada,resto_mt,Demais MT,FALSE,2009,1114.2764462302825,816.9143015203954,288.957721795092,5.750651203369149,2.653771711425776,73.31,25.93,0.52,0.24,26.45
5104906,Jangada,resto_mt,Demais MT,FALSE,2010,1114.276446230317,821.5088888890194,284.25429656004764,5.842228138549809,2.671032642700192,73.73,25.51,0.52,0.24,26.03
5104906,Jangada,resto_mt,Demais MT,FALSE,2011,1114.276446230337,824.1840966251796,281.31915118615103,6.123718678344727,2.649479740661617,73.97,25.25,0.55,0.24,25.8
5104906,Jangada,resto_mt,Demais MT,FALSE,2012,1114.276446230359,826.3766390140596,278.6724856725984,6.708184071716306,2.51913747198486,74.16,25.01,0.6,0.23,25.61
5104906,Jangada,resto_mt,Demais MT,FALSE,2013,1114.2764462303196,817.9779550861113,285.5939282878242,8.282990551391592,2.421572304992675,73.41,25.63,0.74,0.22,26.37
5104906,Jangada,resto_mt,Demais MT,FALSE,2014,1114.2764462303273,799.8689806563123,303.5637251631874,8.359162761596673,2.484577649230954,71.78,27.24,0.75,0.22,27.99
5104906,Jangada,resto_mt,Demais MT,FALSE,2015,1114.276446230274,785.7430689652251,318.89568410464847,7.058182526794441,2.579510633605954,70.52,28.62,0.63,0.23,29.25
5104906,Jangada,resto_mt,Demais MT,FALSE,2016,1114.2764462302407,775.0934159077469,329.8079521277305,6.697195035644548,2.677883159118649,69.56,29.6,0.6,0.24,30.2
5104906,Jangada,resto_mt,Demais MT,FALSE,2017,1114.276446230228,775.9975909571705,329.80409547532787,5.673464207946791,2.80129558978271,69.64,29.6,0.51,0.25,30.11
5104906,Jangada,resto_mt,Demais MT,FALSE,2018,1114.2764462302357,778.0183962195694,328.00679569822734,5.469835654052743,2.781418658386224,69.82,29.44,0.49,0.25,29.93
5104906,Jangada,resto_mt,Demais MT,FALSE,2019,1114.2764462302569,788.4184533243842,317.7923487961314,5.317871845947271,2.747772263793941,70.76,28.52,0.48,0.25,29
5104906,Jangada,resto_mt,Demais MT,FALSE,2020,1114.2764462302637,788.9611666942623,317.1004045334379,5.526663716735847,2.688211285827635,70.8,28.46,0.5,0.24,28.96
5104906,Jangada,resto_mt,Demais MT,FALSE,2021,1114.276446230229,778.6446562719948,327.89930240098334,5.291962350708014,2.440525206542966,69.88,29.43,0.47,0.22,29.9
5105002,Jauru,resto_mt,Demais MT,FALSE,2000,1345.352904431394,225.45068138366844,1117.314888579708,2.156578213317866,0.430756254699707,16.76,83.05,0.16,0.03,83.21
5105002,Jauru,resto_mt,Demais MT,FALSE,2001,1345.3529044314105,213.793842018251,1129.0649821358156,2.1591701032714794,0.3349101740722657,15.89,83.92,0.16,0.02,84.08
5105002,Jauru,resto_mt,Demais MT,FALSE,2002,1345.3537682286492,210.14607685773223,1132.3725868553531,2.224761067993164,0.6103434475708006,15.62,84.17,0.17,0.05,84.34
5105002,Jauru,resto_mt,Demais MT,FALSE,2003,1345.35290443784,200.68627467608866,1140.6097827348956,2.2662058934326144,1.790641133422854,14.92,84.78,0.17,0.13,84.95
5105002,Jauru,resto_mt,Demais MT,FALSE,2004,1345.352904408977,196.35549702374186,1144.9276001253475,2.283478861877437,1.786328398010257,14.6,85.1,0.17,0.13,85.27
5105002,Jauru,resto_mt,Demais MT,FALSE,2005,1345.3537682286767,196.34439873645326,1143.847660039892,2.4095878317871033,2.752121620544441,14.59,85.02,0.18,0.2,85.2
5105002,Jauru,resto_mt,Demais MT,FALSE,2006,1345.3537682286722,191.84937527545424,1147.3907250890823,2.4268506605834888,3.68681720355225,14.26,85.29,0.18,0.27,85.47
5105002,Jauru,resto_mt,Demais MT,FALSE,2007,1345.3529044335737,190.55342882507549,1148.537308542458,2.441494549194328,3.820672516845706,14.16,85.37,0.18,0.28,85.55
5105002,Jauru,resto_mt,Demais MT,FALSE,2008,1345.3529044335542,187.20673716680935,1151.4756542242035,2.5407764279785114,4.129736614562987,13.92,85.59,0.19,0.31,85.78
5105002,Jauru,resto_mt,Demais MT,FALSE,2009,1345.3529044335835,180.59327411401168,1157.9906018209147,2.6737854709472715,4.095243027709961,13.42,86.07,0.2,0.3,86.27
5105002,Jauru,resto_mt,Demais MT,FALSE,2010,1345.3529044335628,178.81121345202519,1159.3693291930856,2.72045073242188,4.451911056030276,13.29,86.18,0.2,0.33,86.38
5105002,Jauru,resto_mt,Demais MT,FALSE,2011,1345.3529044335523,186.67349134589236,1151.497534485853,2.744636640563973,4.437241961242678,13.88,85.59,0.2,0.33,85.79
5105002,Jauru,resto_mt,Demais MT,FALSE,2012,1345.3529044335692,191.90989046075518,1146.0607260992176,2.915703508667001,4.466584364929202,14.26,85.19,0.22,0.33,85.41
5105002,Jauru,resto_mt,Demais MT,FALSE,2013,1345.3529044335664,183.13649139764803,1155.0483048500662,3.031443140563977,4.136665045288089,13.61,85.85,0.23,0.31,86.08
5105002,Jauru,resto_mt,Demais MT,FALSE,2014,1345.3529044335828,175.02138334374897,1163.184889524587,3.0910272617187706,4.055604303527835,13.01,86.46,0.23,0.3,86.69
5105002,Jauru,resto_mt,Demais MT,FALSE,2015,1345.3529044335532,178.922512922607,1159.0514500665493,3.2853970042114415,4.093544440185548,13.3,86.15,0.24,0.3,86.39
5105002,Jauru,resto_mt,Demais MT,FALSE,2016,1345.3529044335542,185.89301203491206,1151.8719175676483,3.4633545820312612,4.124620248962402,13.82,85.62,0.26,0.31,85.88
5105002,Jauru,resto_mt,Demais MT,FALSE,2017,1345.3529044335512,193.15050622912548,1144.4424092182196,3.751916296081546,4.008072690124513,14.36,85.07,0.28,0.3,85.35
5105002,Jauru,resto_mt,Demais MT,FALSE,2018,1345.3520406148862,189.96764437292416,1147.361689974872,4.170959180419922,3.851747086669926,14.12,85.28,0.31,0.29,85.59
5105002,Jauru,resto_mt,Demais MT,FALSE,2019,1345.3511768165345,187.13450429492298,1149.6652790618334,4.582225920471199,3.969167539306642,13.91,85.45,0.34,0.3,85.79
5105002,Jauru,resto_mt,Demais MT,FALSE,2020,1345.3494491620827,193.5816638722553,1143.2690330502032,4.638387539916998,3.860364699707032,14.39,84.98,0.34,0.29,85.32
5105002,Jauru,resto_mt,Demais MT,FALSE,2021,1345.3537682285823,226.08196179169272,1110.8672311918945,4.635743146362305,3.768832098632819,16.8,82.57,0.34,0.28,82.91
5105101,Juara,resto_mt,Demais MT,FALSE,2000,22632.682205031695,17206.001060879433,5286.640545365031,10.30470535131842,129.7358934359127,76.02,23.36,0.05,0.57,23.41
5105101,Juara,resto_mt,Demais MT,FALSE,2001,22632.690989943458,16907.741164568608,5585.398610324983,10.37488158947761,129.1763334603877,74.7,24.68,0.05,0.57,24.73
5105101,Juara,resto_mt,Demais MT,FALSE,2002,22632.680445764003,16651.55961609921,5839.4985127739865,10.57401205426036,131.0483048365476,73.57,25.8,0.05,0.58,25.85
5105101,Juara,resto_mt,Demais MT,FALSE,2003,22632.67517303921,16315.076993257484,6175.421500915879,10.62050269750984,131.5561761683346,72.09,27.29,0.05,0.58,27.34
5105101,Juara,resto_mt,Demais MT,FALSE,2004,22632.67605605458,15791.232258093343,6698.88884450347,10.73103368359383,131.8239197741696,69.77,29.6,0.05,0.58,29.65
5105101,Juara,resto_mt,Demais MT,FALSE,2005,22632.670783341935,15543.06293227278,6948.084134492372,10.90823002142343,130.6154865553586,68.68,30.7,0.05,0.58,30.75
5105101,Juara,resto_mt,Demais MT,FALSE,2006,22632.675175342058,15408.833667086757,7082.107805751333,11.01174533105478,130.7219571729123,68.08,31.29,0.05,0.58,31.34
5105101,Juara,resto_mt,Demais MT,FALSE,2007,22632.666388303758,15415.515103434527,7077.707578564121,11.07402832873542,128.369677976379,68.11,31.27,0.05,0.57,31.32
5105101,Juara,resto_mt,Demais MT,FALSE,2008,22632.675173295873,15374.389888974134,7115.628289091332,11.16175427551277,131.4952409548946,67.93,31.44,0.05,0.58,31.49
5105101,Juara,resto_mt,Demais MT,FALSE,2009,22632.68307972239,15374.686590227284,7115.8081630035285,11.30825785986335,130.8800686317134,67.93,31.44,0.05,0.58,31.49
5105101,Juara,resto_mt,Demais MT,FALSE,2010,22632.669903248086,15327.063072158704,7162.1131005527,11.33896024237067,132.1547702943111,67.72,31.65,0.05,0.58,31.7
5105101,Juara,resto_mt,Demais MT,FALSE,2011,22632.67780613745,15168.499810924222,7320.520515265292,11.43808724298102,132.2193927049556,67.02,32.34,0.05,0.58,32.39
5105101,Juara,resto_mt,Demais MT,FALSE,2012,22632.677806692685,15222.032798650833,7267.263259761886,11.48194864733892,131.899799632629,67.26,32.11,0.05,0.58,32.16
5105101,Juara,resto_mt,Demais MT,FALSE,2013,22632.683078789334,15220.132196960745,7273.106796508581,11.6863478013306,127.7577375186763,67.25,32.14,0.05,0.56,32.19
5105101,Juara,resto_mt,Demais MT,FALSE,2014,22632.680443530684,15181.066379219319,7312.753310638025,11.70740165173343,127.1533520216061,67.08,32.31,0.05,0.56,32.36
5105101,Juara,resto_mt,Demais MT,FALSE,2015,22632.688352659967,15171.783724105026,7319.89620210499,11.73898200744631,129.2694444425045,67.03,32.34,0.05,0.57,32.39
5105101,Juara,resto_mt,Demais MT,FALSE,2016,22632.694501153597,15192.91835056563,7299.7611766970995,11.7828447279053,128.2321291629634,67.13,32.25,0.05,0.57,32.3
5105101,Juara,resto_mt,Demais MT,FALSE,2017,22632.684840891197,15222.177996049388,7270.292998664501,11.81091730908206,128.4029288682246,67.26,32.12,0.05,0.57,32.17
5105101,Juara,resto_mt,Demais MT,FALSE,2018,22632.683961627314,15200.362789713081,7291.462174170398,11.91091515429693,128.9480825895381,67.16,32.22,0.05,0.57,32.27
5105101,Juara,resto_mt,Demais MT,FALSE,2019,22632.673417713282,15118.546908245768,7372.26869470537,11.96617994329839,129.8916348188473,66.8,32.57,0.05,0.57,32.62
5105101,Juara,resto_mt,Demais MT,FALSE,2020,22632.682203918084,15147.094961154738,7344.332201062541,11.97232024755865,129.2827214532468,66.93,32.45,0.05,0.57,32.5
5105101,Juara,resto_mt,Demais MT,FALSE,2021,22632.745474921107,15133.984636338551,7360.46665100699,12.27144083837897,126.0227467371824,66.87,32.52,0.05,0.56,32.57
5105150,Juína,resto_mt,Demais MT,FALSE,2000,26397.216337545957,23590.94903722095,2717.1744118403253,37.6872078646233,51.40568062005605,89.37,10.29,0.14,0.19,10.43
5105150,Juína,resto_mt,Demais MT,FALSE,2001,26397.216337545957,23390.591014119524,2917.226444610332,39.01254988787777,50.38632892822259,88.61,11.05,0.15,0.19,11.2
5105150,Juína,resto_mt,Demais MT,FALSE,2002,26397.21633754611,23230.42374566441,3075.868837460255,39.83697112853942,51.0867832929077,88,11.65,0.15,0.19,11.8
5105150,Juína,resto_mt,Demais MT,FALSE,2003,26397.21633754612,23079.00732608298,3227.311952196357,40.573119353087826,50.3239399136962,87.43,12.23,0.15,0.19,12.38
5105150,Juína,resto_mt,Demais MT,FALSE,2004,26397.21633754573,22864.357463655895,3444.911054728094,42.46033112518277,45.48748803656011,86.62,13.05,0.16,0.17,13.21
5105150,Juína,resto_mt,Demais MT,FALSE,2005,26397.21633754595,22741.315658563515,3561.621320252393,45.80908544201631,48.47027328802483,86.15,13.49,0.17,0.18,13.66
5105150,Juína,resto_mt,Demais MT,FALSE,2006,26397.216337545586,22637.404849089813,3667.098316869957,46.24595333953833,46.46721824627678,85.76,13.89,0.18,0.18,14.07
5105150,Juína,resto_mt,Demais MT,FALSE,2007,26397.216337545553,22602.000480693372,3703.8578649234123,46.015608050781154,45.34238387799061,85.62,14.03,0.17,0.17,14.2
5105150,Juína,resto_mt,Demais MT,FALSE,2008,26397.216337545564,22581.97752292717,3723.7100253686376,45.884875329101334,45.64391392065421,85.55,14.11,0.17,0.17,14.28
5105150,Juína,resto_mt,Demais MT,FALSE,2009,26397.216337545564,22550.144179945135,3758.297581858792,45.318642780273166,43.45593296136465,85.43,14.24,0.17,0.16,14.41
5105150,Juína,resto_mt,Demais MT,FALSE,2010,26397.216337545502,22534.302374385577,3772.53796148207,45.39917975195305,44.97682192590327,85.37,14.29,0.17,0.17,14.46
5105150,Juína,resto_mt,Demais MT,FALSE,2011,26397.21633754554,22534.86028845212,3773.1072158650863,46.040371581176615,43.20846164715567,85.37,14.29,0.17,0.16,14.46
5105150,Juína,resto_mt,Demais MT,FALSE,2012,26397.21633754569,22575.98856011742,3731.4438380761603,45.46907251361066,44.31486683850089,85.52,14.14,0.17,0.17,14.31
5105150,Juína,resto_mt,Demais MT,FALSE,2013,26397.216337545757,22605.49523614198,3703.969589413975,45.07030914800996,42.6812028417968,85.64,14.03,0.17,0.16,14.2
5105150,Juína,resto_mt,Demais MT,FALSE,2014,26397.216337545713,22615.30097443696,3693.1779916720466,45.326528928222004,43.41084250848377,85.67,13.99,0.17,0.16,14.16
5105150,Juína,resto_mt,Demais MT,FALSE,2015,26397.216337545724,22601.73329065779,3706.690827048333,45.731307071105206,43.06091276849357,85.62,14.04,0.17,0.16,14.21
5105150,Juína,resto_mt,Demais MT,FALSE,2016,26397.216337545568,22563.20191872793,3745.3654004301297,46.09817239971913,42.55084598779291,85.48,14.19,0.17,0.16,14.36
5105150,Juína,resto_mt,Demais MT,FALSE,2017,26397.21633754577,22524.008651005537,3784.5775596872095,45.57565115014644,43.05447570288077,85.33,14.34,0.17,0.16,14.51
5105150,Juína,resto_mt,Demais MT,FALSE,2018,26397.216337545415,22464.007533168573,3843.7945473234968,46.583843798645,42.83041325469965,85.1,14.56,0.18,0.16,14.74
5105150,Juína,resto_mt,Demais MT,FALSE,2019,26397.21633754562,22373.63986249541,3934.335652144631,45.940171578552224,43.3006513270263,84.76,14.9,0.17,0.16,15.07
5105150,Juína,resto_mt,Demais MT,FALSE,2020,26397.216337545717,22324.238433110953,3983.8186307293786,45.474675644775346,43.68459806060783,84.57,15.09,0.17,0.17,15.26
5105150,Juína,resto_mt,Demais MT,FALSE,2021,26397.222483650356,22252.721760619588,4058.2970673988093,45.709502951537985,40.49415268041986,84.3,15.37,0.17,0.15,15.54
5105176,Juruena,resto_mt,Demais MT,FALSE,2000,3207.849078424767,2618.9283977015757,557.6687733554546,1.979697110046384,29.27221025769035,81.64,17.38,0.06,0.91,17.44
5105176,Juruena,resto_mt,Demais MT,FALSE,2001,3207.8490784246324,2564.299378323766,612.2221272464963,2.017531140136714,29.31004171423334,79.94,19.09,0.06,0.91,19.15
5105176,Juruena,resto_mt,Demais MT,FALSE,2002,3207.849078424471,2459.7455270817964,716.4011612906725,2.248932704345699,29.45345734765619,76.68,22.33,0.07,0.92,22.4
5105176,Juruena,resto_mt,Demais MT,FALSE,2003,3207.8490784248756,2339.6690033794084,836.3676908124962,2.360674783630352,29.45170944934076,72.94,26.07,0.07,0.92,26.14
5105176,Juruena,resto_mt,Demais MT,FALSE,2004,3207.849078424915,2187.66808905777,988.3246265814398,2.591196847106934,29.26516593859857,68.2,30.81,0.08,0.91,30.89
5105176,Juruena,resto_mt,Demais MT,FALSE,2005,3207.84907842478,2107.44252035832,1068.4489986917654,2.643107662658684,29.31445171203604,65.7,33.31,0.08,0.91,33.39
5105176,Juruena,resto_mt,Demais MT,FALSE,2006,3207.8490784248593,2043.1593889866065,1132.561472284139,2.709976592590335,29.41824056152334,63.69,35.31,0.08,0.92,35.39
5105176,Juruena,resto_mt,Demais MT,FALSE,2007,3207.8490784245496,1998.534457737243,1177.6166808490502,2.784762704162604,28.91317713409414,62.3,36.71,0.09,0.9,36.8
5105176,Juruena,resto_mt,Demais MT,FALSE,2008,3207.8490784246655,1963.0850784800016,1212.34014830703,3.050473348022471,29.37337828961169,61.2,37.79,0.1,0.92,37.89
5105176,Juruena,resto_mt,Demais MT,FALSE,2009,3207.8490784246387,1959.1620626850975,1216.284314160318,3.336424787902839,29.06627679132068,61.07,37.92,0.1,0.91,38.02
5105176,Juruena,resto_mt,Demais MT,FALSE,2010,3207.8490784245682,1947.460977823169,1227.6730862094314,3.441125622497571,29.2738887694701,60.71,38.27,0.11,0.91,38.38
5105176,Juruena,resto_mt,Demais MT,FALSE,2011,3207.849078424581,1934.7224940670249,1240.2646042452516,3.632933255676304,29.22904685662832,60.31,38.66,0.11,0.91,38.77
5105176,Juruena,resto_mt,Demais MT,FALSE,2012,3207.849078424567,1930.5408837388152,1244.369683408225,3.688363480102573,29.25014779742422,60.18,38.79,0.11,0.91,38.9
5105176,Juruena,resto_mt,Demais MT,FALSE,2013,3207.8490784244686,1931.765404041703,1243.4301984995263,3.758750619873065,28.89472526336659,60.22,38.76,0.12,0.9,38.88
5105176,Juruena,resto_mt,Demais MT,FALSE,2014,3207.849078424535,1922.617497461369,1252.2200434215395,3.924161072448729,29.08737646917716,59.93,39.04,0.12,0.91,39.16
5105176,Juruena,resto_mt,Demais MT,FALSE,2015,3207.8490784245623,1913.2695233206268,1261.4351266785204,3.980471429626459,29.16395699578848,59.64,39.32,0.12,0.91,39.44
5105176,Juruena,resto_mt,Demais MT,FALSE,2016,3207.849078424608,1901.3853747126411,1273.3043415822062,4.079893818908685,29.07946831085196,59.27,39.69,0.13,0.91,39.82
5105176,Juruena,resto_mt,Demais MT,FALSE,2017,3207.8490784245423,1885.9614138116804,1288.4828115197836,4.240906152404779,29.16394694067374,58.79,40.17,0.13,0.91,40.3
5105176,Juruena,resto_mt,Demais MT,FALSE,2018,3207.8490784245478,1876.196615389935,1298.3347054978697,4.265542140808108,29.05221539593497,58.49,40.47,0.13,0.91,40.6
5105176,Juruena,resto_mt,Demais MT,FALSE,2019,3207.849078424516,1881.3698133979062,1292.9670879611804,4.312173856262197,29.20000320916739,58.65,40.31,0.13,0.91,40.44
5105176,Juruena,resto_mt,Demais MT,FALSE,2020,3207.849078424484,1886.849044992545,1287.413920046869,4.316573305725088,29.2695400793456,58.82,40.13,0.13,0.91,40.26
5105176,Juruena,resto_mt,Demais MT,FALSE,2021,3207.849078424565,1897.2611543803491,1277.0449392494158,4.545333768615644,28.99765102618399,59.14,39.81,0.14,0.9,39.95
5105200,Juscimeira,pantanal_norte,Pantanal-13,TRUE,2000,2291.3137894614097,899.2777954221381,1378.8919094361218,7.460927373413095,5.683157229736327,39.25,60.18,0.33,0.25,60.51
5105200,Juscimeira,pantanal_norte,Pantanal-13,TRUE,2001,2291.313789461389,886.633907344492,1391.7621652613068,7.6168065908813904,5.300910264709472,38.7,60.74,0.33,0.23,61.07
5105200,Juscimeira,pantanal_norte,Pantanal-13,TRUE,2002,2291.313789461415,860.9770722844327,1417.4555055758472,7.366547439575225,5.51466416156006,37.58,61.86,0.32,0.24,62.18
5105200,Juscimeira,pantanal_norte,Pantanal-13,TRUE,2003,2291.31378946145,847.8682360254112,1431.1301238265419,7.223061204467783,5.092368405029301,37,62.46,0.32,0.22,62.78
5105200,Juscimeira,pantanal_norte,Pantanal-13,TRUE,2004,2291.3137894614115,817.7377236089793,1461.9484224751734,6.764559956787114,4.863083420471195,35.69,63.8,0.3,0.21,64.1
5105200,Juscimeira,pantanal_norte,Pantanal-13,TRUE,2005,2291.3137894614347,807.4603891833118,1472.4210270381325,6.505785864440919,4.92658737554932,35.24,64.26,0.28,0.22,64.54
5105200,Juscimeira,pantanal_norte,Pantanal-13,TRUE,2006,2291.3137894614024,800.0519182284758,1479.9774263451702,6.362137423522947,4.922307464233402,34.92,64.59,0.28,0.21,64.87
5105200,Juscimeira,pantanal_norte,Pantanal-13,TRUE,2007,2291.3137894614215,800.7061723578641,1479.2122030964774,6.460048977905274,4.935365029174807,34.95,64.56,0.28,0.22,64.84
5105200,Juscimeira,pantanal_norte,Pantanal-13,TRUE,2008,2291.3137894614592,791.1010301754437,1485.9465421563768,7.323202115173335,6.943015014465334,34.53,64.85,0.32,0.3,65.17
5105200,Juscimeira,pantanal_norte,Pantanal-13,TRUE,2009,2291.313789461494,790.8846845709558,1480.8124663221786,6.974104841186525,12.64253372717294,34.52,64.63,0.3,0.55,64.93
5105200,Juscimeira,pantanal_norte,Pantanal-13,TRUE,2010,2291.313789461502,797.1553123985825,1474.7558775135417,6.524488925903318,12.87811062347421,34.79,64.36,0.28,0.56,64.64
5105200,Juscimeira,pantanal_norte,Pantanal-13,TRUE,2011,2291.313789461506,800.485651156635,1472.2542775681766,5.650093264770505,12.92376747192394,34.94,64.25,0.25,0.56,64.5
5105200,Juscimeira,pantanal_norte,Pantanal-13,TRUE,2012,2291.3137894614397,805.193717197895,1467.567674843073,5.604473622741696,12.94792379772958,35.14,64.05,0.24,0.57,64.29
5105200,Juscimeira,pantanal_norte,Pantanal-13,TRUE,2013,2291.3137894614188,806.6829379997783,1465.760617819184,5.58811830285644,13.28211533959964,35.21,63.97,0.24,0.58,64.21
5105200,Juscimeira,pantanal_norte,Pantanal-13,TRUE,2014,2291.313789461427,808.9534549655948,1463.3447616952337,5.719535340332026,13.29603746026618,35.31,63.86,0.25,0.58,64.11
5105200,Juscimeira,pantanal_norte,Pantanal-13,TRUE,2015,2291.313789461463,806.0918151333805,1466.0604421443052,5.668796399719229,13.4927357840577,35.18,63.98,0.25,0.59,64.23
5105200,Juscimeira,pantanal_norte,Pantanal-13,TRUE,2016,2291.3137894614497,804.2575590171102,1467.8627192780798,5.772049340148918,13.42146182611091,35.1,64.06,0.25,0.59,64.31
5105200,Juscimeira,pantanal_norte,Pantanal-13,TRUE,2017,2291.3137894614088,805.1348406182364,1466.9305047381918,5.89061516461181,13.35782894036872,35.14,64.02,0.26,0.58,64.28
5105200,Juscimeira,pantanal_norte,Pantanal-13,TRUE,2018,2291.3137894614215,801.0470187508173,1470.857628005892,6.071124024291982,13.33801868041999,34.96,64.19,0.26,0.58,64.45
5105200,Juscimeira,pantanal_norte,Pantanal-13,TRUE,2019,2291.31378946141,797.4697196234383,1474.2587912542313,6.182944713989247,13.40233386975105,34.8,64.34,0.27,0.58,64.61
5105200,Juscimeira,pantanal_norte,Pantanal-13,TRUE,2020,2291.3137894614038,791.6668069797662,1480.2351256541842,6.221714060546866,13.19014276690679,34.55,64.6,0.27,0.58,64.87
5105200,Juscimeira,pantanal_norte,Pantanal-13,TRUE,2021,2291.3137894614565,768.6666354450966,1504.8523431702902,5.798858968261715,11.99595187780772,33.55,65.68,0.25,0.52,65.93
5105234,Lambari D'Oeste,pantanal_norte,Pantanal-13,TRUE,2000,1810.4815290715137,778.2231297070061,1020.6757993307552,0.4686167865600606,11.11398324719238,42.98,56.38,0.03,0.61,56.41
5105234,Lambari D'Oeste,pantanal_norte,Pantanal-13,TRUE,2001,1810.4763503826582,778.3493497609805,1021.3581173829691,0.4737949067993184,10.29508833190918,42.99,56.41,0.03,0.57,56.44
5105234,Lambari D'Oeste,pantanal_norte,Pantanal-13,TRUE,2002,1810.4720346661998,742.7486595429942,1056.2862937927,0.4746579229125996,10.96242340759277,41.03,58.34,0.03,0.61,58.37
5105234,Lambari D'Oeste,pantanal_norte,Pantanal-13,TRUE,2003,1810.4754892514734,735.6656012953198,1063.3383058971326,0.5040000877075218,10.96758197131348,40.63,58.73,0.03,0.61,58.76
5105234,Lambari D'Oeste,pantanal_norte,Pantanal-13,TRUE,2004,1810.4659972690508,753.5641054173838,1046.0285499871038,0.5635468359375012,10.30979502862549,41.62,57.78,0.03,0.57,57.81
5105234,Lambari D'Oeste,pantanal_norte,Pantanal-13,TRUE,2005,1810.4703116264595,741.6452561951941,1057.7036455859893,0.5894362672119142,10.53197357806396,40.96,58.42,0.03,0.58,58.45
5105234,Lambari D'Oeste,pantanal_norte,Pantanal-13,TRUE,2006,1810.4746273861383,739.5352448552893,1059.5445914556537,0.6058329544677735,10.78895812072753,40.85,58.52,0.03,0.6,58.55
5105234,Lambari D'Oeste,pantanal_norte,Pantanal-13,TRUE,2007,1810.4746248606018,727.8434520641757,1071.6692394331449,0.6144627996826175,10.34747056359863,40.2,59.19,0.03,0.57,59.22
5105234,Lambari D'Oeste,pantanal_norte,Pantanal-13,TRUE,2008,1810.4780756457028,722.498354236657,1077.3754187474249,0.6360379249877937,9.968264736633296,39.91,59.51,0.04,0.55,59.55
5105234,Lambari D'Oeste,pantanal_norte,Pantanal-13,TRUE,2009,1810.470308958848,719.8160264363056,1080.6948679370319,0.6619273084106447,9.297487277099604,39.76,59.69,0.04,0.51,59.73
5105234,Lambari D'Oeste,pantanal_norte,Pantanal-13,TRUE,2010,1810.4754859783252,719.3866096097436,1080.705161310354,0.688679536621093,9.695035521606442,39.73,59.69,0.04,0.54,59.73
5105234,Lambari D'Oeste,pantanal_norte,Pantanal-13,TRUE,2011,1810.4737614245557,705.4900292179775,1094.6122303145496,0.7068020595703107,9.66469983245849,38.97,60.46,0.04,0.53,60.5
5105234,Lambari D'Oeste,pantanal_norte,Pantanal-13,TRUE,2012,1810.469447015099,708.3039330155653,1091.7078123482274,0.7162949738769514,9.741406677429191,39.12,60.3,0.04,0.54,60.34
5105234,Lambari D'Oeste,pantanal_norte,Pantanal-13,TRUE,2013,1810.4703102463918,706.1138842642795,1094.4878194820512,0.783609065185546,9.0849974348754845,39,60.45,0.04,0.5,60.49
5105234,Lambari D'Oeste,pantanal_norte,Pantanal-13,TRUE,2014,1810.460818931296,700.0836529416973,1100.5851682057853,0.8164029385986337,8.975594845214843,38.67,60.79,0.05,0.5,60.84
5105234,Lambari D'Oeste,pantanal_norte,Pantanal-13,TRUE,2015,1810.4720374967915,718.7552448908557,1081.6522991304719,0.8310742108764657,9.2334192645874,39.7,59.74,0.05,0.51,59.79
5105234,Lambari D'Oeste,pantanal_norte,Pantanal-13,TRUE,2016,1810.4763515873387,729.8781139193178,1070.6749257443148,0.8379780206298841,9.085333903076169,40.31,59.14,0.05,0.5,59.19
5105234,Lambari D'Oeste,pantanal_norte,Pantanal-13,TRUE,2017,1810.475488850713,727.3985859888087,1072.8837500116847,0.859553062255861,9.33359978796386,40.18,59.26,0.05,0.52,59.31
5105234,Lambari D'Oeste,pantanal_norte,Pantanal-13,TRUE,2018,1810.4772142040788,733.6503832867318,1066.9906106420176,0.8966621387329111,8.939558136596675,40.52,58.93,0.05,0.49,58.98
5105234,Lambari D'Oeste,pantanal_norte,Pantanal-13,TRUE,2019,1810.4746244086075,741.2745761193303,1059.1327652082225,0.900977149719239,9.166305931335442,40.94,58.5,0.05,0.51,58.55
5105234,Lambari D'Oeste,pantanal_norte,Pantanal-13,TRUE,2020,1810.4703097138538,747.5080832170496,1053.273529581216,0.9009770998535164,8.787719815734857,41.29,58.18,0.05,0.49,58.23
5105234,Lambari D'Oeste,pantanal_norte,Pantanal-13,TRUE,2021,1810.5143189487821,710.6134157484871,1091.062751512307,0.9130593661499028,7.925092321838381,39.25,60.26,0.05,0.44,60.31
5105259,Lucas do Rio Verde,resto_mt,Demais MT,FALSE,2000,3674.599828323364,1347.3686169702373,2283.054405634804,37.854835287231325,6.321970431091313,36.67,62.13,1.03,0.17,63.16
5105259,Lucas do Rio Verde,resto_mt,Demais MT,FALSE,2001,3674.599828323299,1316.6513130306585,2310.158320852333,41.32167206396475,6.468522376342791,35.83,62.87,1.12,0.18,63.99
5105259,Lucas do Rio Verde,resto_mt,Demais MT,FALSE,2002,3674.599828323307,1290.182596591358,2336.6712786251373,40.84246190447986,6.903491202331569,35.11,63.59,1.11,0.19,64.7
5105259,Lucas do Rio Verde,resto_mt,Demais MT,FALSE,2003,3674.5998283231456,1220.4429412504305,2409.826495880821,37.3249161422118,7.005475049682645,33.21,65.58,1.02,0.19,66.6
5105259,Lucas do Rio Verde,resto_mt,Demais MT,FALSE,2004,3674.5998283234685,1179.6089965113713,2450.442342457178,37.00143983892811,7.547049515991234,32.1,66.69,1.01,0.21,67.7
5105259,Lucas do Rio Verde,resto_mt,Demais MT,FALSE,2005,3674.599828323453,1160.0156820324987,2470.131553942566,36.69104801977528,7.76154432861331,31.57,67.22,1,0.21,68.22
5105259,Lucas do Rio Verde,resto_mt,Demais MT,FALSE,2006,3674.5998283231474,1144.3645479426607,2487.0672719299864,35.379450756225474,7.788557694274921,31.14,67.68,0.96,0.21,68.64
5105259,Lucas do Rio Verde,resto_mt,Demais MT,FALSE,2007,3674.599828323189,1136.7254244410824,2491.4194264461935,35.290344454406615,11.16463298150629,30.93,67.8,0.96,0.3,68.76
5105259,Lucas do Rio Verde,resto_mt,Demais MT,FALSE,2008,3674.5998283234067,1114.12932689934,2513.3725136287785,35.630637866394004,11.46734992889405,30.32,68.4,0.97,0.31,69.37
5105259,Lucas do Rio Verde,resto_mt,Demais MT,FALSE,2009,3674.599828323192,1109.606473344831,2517.9164644184243,35.70014591662594,11.37674464331055,30.2,68.52,0.97,0.31,69.49
5105259,Lucas do Rio Verde,resto_mt,Demais MT,FALSE,2010,3674.5998283232493,1111.620320226853,2516.0656237184057,35.57723178039541,11.33665259759521,30.25,68.47,0.97,0.31,69.44
5105259,Lucas do Rio Verde,resto_mt,Demais MT,FALSE,2011,3674.5998283234585,1114.8822430983707,2511.8917573088283,36.510147320373136,11.31568059588622,30.34,68.36,0.99,0.31,69.35
5105259,Lucas do Rio Verde,resto_mt,Demais MT,FALSE,2012,3674.599828323351,1109.4825042045652,2516.2885907816276,37.44242608117642,11.3863072559814,30.19,68.48,1.02,0.31,69.5
5105259,Lucas do Rio Verde,resto_mt,Demais MT,FALSE,2013,3674.5998283231875,1093.1740836710383,2532.497613743702,38.109654772887865,10.81847613555905,29.75,68.92,1.04,0.29,69.96
5105259,Lucas do Rio Verde,resto_mt,Demais MT,FALSE,2014,3674.5998283231584,1094.2534418542086,2531.5741872979906,37.962340144653,10.80985902630611,29.78,68.89,1.03,0.29,69.92
5105259,Lucas do Rio Verde,resto_mt,Demais MT,FALSE,2015,3674.5998283231274,1088.9857582290913,2536.980102075787,37.76836080401581,10.86560721423336,29.64,69.04,1.03,0.3,70.07
5105259,Lucas do Rio Verde,resto_mt,Demais MT,FALSE,2016,3674.599828323178,1086.2285098097198,2539.637410112458,38.03928982849098,10.69461857250974,29.56,69.11,1.04,0.29,70.15
5105259,Lucas do Rio Verde,resto_mt,Demais MT,FALSE,2017,3674.5998283231825,1082.9388279167047,2542.4824395722494,38.40185735461427,10.77670347961423,29.47,69.19,1.05,0.29,70.24
5105259,Lucas do Rio Verde,resto_mt,Demais MT,FALSE,2018,3674.5998283231174,1081.8369068787972,2542.469109507491,39.824938434143455,10.46887350268549,29.44,69.19,1.08,0.28,70.27
5105259,Lucas do Rio Verde,resto_mt,Demais MT,FALSE,2019,3674.599828323174,1082.1045484178594,2541.613915745646,40.32614928350892,10.55521487615962,29.45,69.17,1.1,0.29,70.27
5105259,Lucas do Rio Verde,resto_mt,Demais MT,FALSE,2020,3674.599828323186,1086.5527074330657,2536.780201564375,41.001171116455666,10.26574820928951,29.57,69.04,1.12,0.28,70.16
5105259,Lucas do Rio Verde,resto_mt,Demais MT,FALSE,2021,3674.5998283231656,1092.7418959261329,2528.38406927661,43.91054765118466,9.563315469238248,29.74,68.81,1.19,0.26,70
5105309,Luciara,resto_mt,Demais MT,FALSE,2000,4282.651963277786,3901.304336651,281.6224557875535,6.737923268249509,92.98724757098302,91.1,6.58,0.16,2.17,6.74
5105309,Luciara,resto_mt,Demais MT,FALSE,2001,4282.651963277814,3908.2091643269305,277.89017784993194,7.616952482604979,88.93566861834614,91.26,6.49,0.18,2.08,6.67
5105309,Luciara,resto_mt,Demais MT,FALSE,2002,4282.651963277832,3911.4292763677227,274.3503639973296,8.445458344177236,88.42686456860241,91.33,6.41,0.2,2.06,6.61
5105309,Luciara,resto_mt,Demais MT,FALSE,2003,4282.651963277775,3910.885211020865,274.5830453756248,8.53420022650145,88.64950665478403,91.32,6.41,0.2,2.07,6.61
5105309,Luciara,resto_mt,Demais MT,FALSE,2004,4282.651963277786,3908.338549089114,277.3130072075326,8.363977377075186,88.63642960406371,91.26,6.48,0.2,2.07,6.68
5105309,Luciara,resto_mt,Demais MT,FALSE,2005,4282.651963277815,3907.3152914383168,279.5000687186501,7.708341850585922,88.12826127026244,91.24,6.53,0.18,2.06,6.71
5105309,Luciara,resto_mt,Demais MT,FALSE,2006,4282.651963277789,3908.039706166563,279.2492098662319,7.8383213692016485,87.52472587579223,91.25,6.52,0.18,2.04,6.7
5105309,Luciara,resto_mt,Demais MT,FALSE,2007,4282.651963277807,3911.555725615624,277.8013734801773,7.261797013549795,86.03306716845576,91.33,6.49,0.17,2.01,6.66
5105309,Luciara,resto_mt,Demais MT,FALSE,2008,4282.651963277817,3915.2325122521693,274.36300639564377,7.23478335638427,85.82166127361928,91.42,6.41,0.17,2,6.58
5105309,Luciara,resto_mt,Demais MT,FALSE,2009,4282.651963277803,3923.8692212719307,266.25878376545654,7.459476674133293,85.06448156628284,91.62,6.22,0.17,1.99,6.39
5105309,Luciara,resto_mt,Demais MT,FALSE,2010,4282.651963277796,3931.3590500147307,259.62732292627504,7.286575321350088,84.37901501544064,91.8,6.06,0.17,1.97,6.23
5105309,Luciara,resto_mt,Demais MT,FALSE,2011,4282.651963277835,3936.6761814188835,254.73134915637812,7.276109500854492,83.96832320171998,91.92,5.95,0.17,1.96,6.12
5105309,Luciara,resto_mt,Demais MT,FALSE,2012,4282.651963277874,3939.035444163862,253.38432710064612,6.4754000744628915,83.75679193890251,91.98,5.92,0.15,1.96,6.07
5105309,Luciara,resto_mt,Demais MT,FALSE,2013,4282.651963277901,3939.17999868678,254.747652775998,6.160299330993655,82.56401248412959,91.98,5.95,0.14,1.93,6.09
5105309,Luciara,resto_mt,Demais MT,FALSE,2014,4282.6519632778545,3934.295805435391,260.14700675890805,5.502013457275391,82.7071376262804,91.87,6.07,0.13,1.93,6.2
5105309,Luciara,resto_mt,Demais MT,FALSE,2015,4282.651963277879,3932.486861925346,263.59077314757764,5.470628963867189,81.10369924108774,91.82,6.15,0.13,1.89,6.28
5105309,Luciara,resto_mt,Demais MT,FALSE,2016,4282.65196327787,3931.99520724937,265.0797352736181,5.583823708068849,79.9931970468129,91.81,6.19,0.13,1.87,6.32
5105309,Luciara,resto_mt,Demais MT,FALSE,2017,4282.651963277878,3935.4695745426566,262.16659307824,5.458342147216798,79.55745350976454,91.89,6.12,0.13,1.86,6.25
5105309,Luciara,resto_mt,Demais MT,FALSE,2018,4282.651963277855,3936.7892040738875,261.05512790422614,5.148612405578616,79.659018894164,91.92,6.1,0.12,1.86,6.22
5105309,Luciara,resto_mt,Demais MT,FALSE,2019,4282.651963277821,3936.4358731467296,261.593666586415,5.1258176517334,79.49660589294322,91.92,6.11,0.12,1.86,6.23
5105309,Luciara,resto_mt,Demais MT,FALSE,2020,4282.65196327782,3935.1143912593366,262.8237164558626,5.831507877258302,78.88234768536259,91.88,6.14,0.14,1.84,6.28
5105309,Luciara,resto_mt,Demais MT,FALSE,2021,4282.651963277892,3930.7084075203343,269.9607667420556,6.1526374131469685,75.8301516023548,91.78,6.3,0.14,1.77,6.44
5105507,Vila Bela da Santíssima Trindade,resto_mt,Demais MT,FALSE,2000,13431.237509156213,8614.440010343475,4648.670464876273,10.180249724060378,157.9467842124053,64.14,34.61,0.08,1.18,34.69
5105507,Vila Bela da Santíssima Trindade,resto_mt,Demais MT,FALSE,2001,13431.231511499824,8239.587978231744,5030.899104204724,10.282248569885539,150.4621804934713,61.35,37.46,0.08,1.12,37.54
5105507,Vila Bela da Santíssima Trindade,resto_mt,Demais MT,FALSE,2002,13431.240965689705,7847.981962411758,5422.958183290092,11.003522698364737,149.2972972894902,58.43,40.38,0.08,1.11,40.46
5105507,Vila Bela da Santíssima Trindade,resto_mt,Demais MT,FALSE,2003,13431.238347883283,7790.761042560547,5510.511363181378,11.567416786194471,118.3985253551638,58,41.03,0.09,0.88,41.12
5105507,Vila Bela da Santíssima Trindade,resto_mt,Demais MT,FALSE,2004,13431.23662662258,7805.3947025178,5488.468227293316,12.203962982971824,125.1697338284919,58.11,40.86,0.09,0.93,40.95
5105507,Vila Bela da Santíssima Trindade,resto_mt,Demais MT,FALSE,2005,13431.24613085749,7828.9458141697905,5447.380193323987,14.283137500305742,140.6369858634043,58.29,40.56,0.11,1.05,40.67
5105507,Vila Bela da Santíssima Trindade,resto_mt,Demais MT,FALSE,2006,13431.240940750165,7832.176757644596,5447.263738665261,17.36984644012405,134.4305980001837,58.31,40.56,0.13,1,40.69
5105507,Vila Bela da Santíssima Trindade,resto_mt,Demais MT,FALSE,2007,13431.23574582182,7750.080988364445,5534.023078503762,21.21679792474301,125.9148810288705,57.7,41.2,0.16,0.94,41.36
5105507,Vila Bela da Santíssima Trindade,resto_mt,Demais MT,FALSE,2008,13431.229696276925,7594.125199606942,5698.153458006592,21.785852857116225,117.1651858062764,56.54,42.42,0.16,0.87,42.58
5105507,Vila Bela da Santíssima Trindade,resto_mt,Demais MT,FALSE,2009,13431.226241951414,7599.199127430346,5690.247996821053,21.96398327301001,119.8151344270041,56.58,42.37,0.16,0.89,42.53
5105507,Vila Bela da Santíssima Trindade,resto_mt,Demais MT,FALSE,2010,13431.222789200308,7573.998994183694,5722.515118428602,22.14126703796351,112.5674095500491,56.39,42.61,0.16,0.84,42.77
5105507,Vila Bela da Santíssima Trindade,resto_mt,Demais MT,FALSE,2011,13431.222810486866,7613.977582689153,5687.392759724777,22.256275190002057,107.5961928829351,56.69,42.34,0.17,0.8,42.51
5105507,Vila Bela da Santíssima Trindade,resto_mt,Demais MT,FALSE,2012,13431.215888662648,7715.599186480192,5590.012759069172,22.336685705138688,103.2672574081436,57.45,41.62,0.17,0.77,41.79
5105507,Vila Bela da Santíssima Trindade,resto_mt,Demais MT,FALSE,2013,13431.234013685429,8009.3524062571305,5300.280210662367,22.46639376586881,99.13500300006224,59.63,39.46,0.17,0.74,39.63
5105507,Vila Bela da Santíssima Trindade,resto_mt,Demais MT,FALSE,2014,13431.236608750092,7986.510232502429,5303.960259006026,22.642796949645703,118.1233202919921,59.46,39.49,0.17,0.88,39.66
5105507,Vila Bela da Santíssima Trindade,resto_mt,Demais MT,FALSE,2015,13431.247842490704,7770.982930264989,5533.841679849983,22.71542461224339,103.7078077634899,57.86,41.2,0.17,0.77,41.37
5105507,Vila Bela da Santíssima Trindade,resto_mt,Demais MT,FALSE,2016,13431.24439100842,7618.361003009415,5689.281939105998,22.855467342773117,100.7459815502326,56.72,42.36,0.17,0.75,42.53
5105507,Vila Bela da Santíssima Trindade,resto_mt,Demais MT,FALSE,2017,13431.246115771939,7575.732438142665,5729.715360999878,22.980809466918593,102.8175071624768,56.4,42.66,0.17,0.77,42.83
5105507,Vila Bela da Santíssima Trindade,resto_mt,Demais MT,FALSE,2018,13431.241808001627,7352.729908487566,5956.307382569665,23.241893183776412,98.96262376062086,54.74,44.35,0.17,0.74,44.52
5105507,Vila Bela da Santíssima Trindade,resto_mt,Demais MT,FALSE,2019,13431.23404844278,7129.889265365086,6180.822441759822,23.486645721374202,97.03569559649736,53.08,46.02,0.17,0.72,46.19
5105507,Vila Bela da Santíssima Trindade,resto_mt,Demais MT,FALSE,2020,13431.226273276508,7198.618367030006,6119.192642754069,23.874973787536412,89.54028970489615,53.6,45.56,0.18,0.67,45.74
5105507,Vila Bela da Santíssima Trindade,resto_mt,Demais MT,FALSE,2021,13431.288364806327,7707.557408072078,5614.120139963984,24.188708574218538,85.42210819604537,57.39,41.8,0.18,0.64,41.98
5105580,Marcelândia,resto_mt,Demais MT,FALSE,2000,12285.430737066195,10441.396559887853,1797.837273950438,3.588775295349104,42.60812793255623,84.99,14.63,0.03,0.35,14.66
5105580,Marcelândia,resto_mt,Demais MT,FALSE,2001,12285.42371105242,10375.441507234209,1866.5649978437223,3.642302344970689,39.77490362951667,84.45,15.19,0.03,0.32,15.22
5105580,Marcelândia,resto_mt,Demais MT,FALSE,2002,12285.428978446105,10202.268666076423,2038.0239478305584,3.76077463757323,41.37558990155038,83.04,16.59,0.03,0.34,16.62
5105580,Marcelândia,resto_mt,Demais MT,FALSE,2003,12285.431614834075,10055.396199888792,2183.915811589754,3.855570198791492,42.26403315673832,81.85,17.78,0.03,0.34,17.81
5105580,Marcelândia,resto_mt,Demais MT,FALSE,2004,12285.433374253884,9991.961886528148,2247.255315875211,4.025843538452125,42.19032831207278,81.33,18.29,0.03,0.34,18.32
5105580,Marcelândia,resto_mt,Demais MT,FALSE,2005,12285.43161248029,9870.627753933946,2368.554237935871,4.103960398254374,42.14566021221927,80.34,19.28,0.03,0.34,19.31
5105580,Marcelândia,resto_mt,Demais MT,FALSE,2006,12285.426341093278,9718.752426409996,2521.057828567317,4.150467659423813,41.46561845654304,79.11,20.52,0.03,0.34,20.55
5105580,Marcelândia,resto_mt,Demais MT,FALSE,2007,12285.421949885802,9654.468597698493,2585.2777388473414,4.189961839721665,41.48565150024422,78.58,21.04,0.03,0.34,21.07
5105580,Marcelândia,resto_mt,Demais MT,FALSE,2008,12285.427221782695,9582.713665311609,2655.313591014726,4.30230217968748,43.09766327667239,78,21.61,0.04,0.35,21.65
5105580,Marcelândia,resto_mt,Demais MT,FALSE,2009,12285.429857072964,9633.956727368943,2605.3216103442805,4.359354978698706,41.79216438104252,78.42,21.21,0.04,0.34,21.25
5105580,Marcelândia,resto_mt,Demais MT,FALSE,2010,12285.429856782153,9718.395377245624,2521.710504557952,4.492769719848607,40.83120525872813,79.11,20.53,0.04,0.33,20.57
5105580,Marcelândia,resto_mt,Demais MT,FALSE,2011,12285.41843806564,9740.27569972936,2499.6598047122566,4.606874687744123,40.876058936279406,79.28,20.35,0.04,0.33,20.39
5105580,Marcelândia,resto_mt,Demais MT,FALSE,2012,12285.42458695312,9684.39956394861,2554.4395898519847,4.658659956909151,41.92677319561777,78.83,20.79,0.04,0.34,20.83
5105580,Marcelândia,resto_mt,Demais MT,FALSE,2013,12285.42897686085,9617.620045340256,2624.378501258265,4.706934768249483,38.72349549407966,78.28,21.36,0.04,0.32,21.4
5105580,Marcelândia,resto_mt,Demais MT,FALSE,2014,12285.430739842715,9528.544392158747,2712.1757142062465,4.707812614013642,40.00282086370855,77.56,22.08,0.04,0.33,22.12
5105580,Marcelândia,resto_mt,Demais MT,FALSE,2015,12285.428983035265,9459.053507560342,2781.886904156503,4.727123579894998,39.76144773852548,76.99,22.64,0.04,0.32,22.68
5105580,Marcelândia,resto_mt,Demais MT,FALSE,2016,12285.423711415771,9424.021913527005,2816.676209422639,4.77188765881345,39.95370080731213,76.71,22.93,0.04,0.33,22.97
5105580,Marcelândia,resto_mt,Demais MT,FALSE,2017,12285.429858118645,9399.365746735928,2841.6070353503073,4.80699491290279,39.65008111950694,76.51,23.13,0.04,0.32,23.17
5105580,Marcelândia,resto_mt,Demais MT,FALSE,2018,12285.41932075904,9298.427251075962,2941.6052412652325,4.834203907165482,40.55262451068125,75.69,23.94,0.04,0.33,23.98
5105580,Marcelândia,resto_mt,Demais MT,FALSE,2019,12285.403508492462,9200.76572991004,3038.373184201623,4.837715161865188,41.42687921893317,74.89,24.73,0.04,0.34,24.77
5105580,Marcelândia,resto_mt,Demais MT,FALSE,2020,12285.41580337591,9157.089409015218,3083.0043529157456,4.842981671569777,40.47905977337653,74.54,25.09,0.04,0.33,25.13
5105580,Marcelândia,resto_mt,Demais MT,FALSE,2021,12285.455338209504,9133.55678465375,3106.889038308132,4.936016608947716,40.07349863867204,74.34,25.29,0.04,0.33,25.33
5105606,Matupá,resto_mt,Demais MT,FALSE,2000,5228.325481012826,3965.5514050039956,1193.864039638836,51.898888435608114,17.01114793438724,75.85,22.83,0.99,0.33,23.82
5105606,Matupá,resto_mt,Demais MT,FALSE,2001,5228.322839425809,3913.457563509518,1246.4712277559534,54.0301346912232,14.36391346911606,74.85,23.84,1.03,0.27,24.87
5105606,Matupá,resto_mt,Demais MT,FALSE,2002,5228.322839425947,3806.3378458004804,1352.195478129007,54.634934136352726,15.15458136010728,72.8,25.86,1.04,0.29,26.9
5105606,Matupá,resto_mt,Demais MT,FALSE,2003,5228.3237196627715,3696.8451759023546,1461.132512111248,55.745064328674275,14.60096732049549,70.71,27.95,1.07,0.28,29.02
5105606,Matupá,resto_mt,Demais MT,FALSE,2004,5228.322839261937,3639.7592726246085,1517.3627287252195,56.106924812621585,15.09391309948714,69.62,29.02,1.07,0.29,30.09
5105606,Matupá,resto_mt,Demais MT,FALSE,2005,5228.322839417111,3569.803893370619,1586.8655160204924,57.401132418883456,14.25229760711658,68.28,30.35,1.1,0.27,31.45
5105606,Matupá,resto_mt,Demais MT,FALSE,2006,5228.323720177512,3496.010553916763,1659.6260036754838,57.23660821874924,15.45055436651596,66.87,31.74,1.09,0.3,32.83
5105606,Matupá,resto_mt,Demais MT,FALSE,2007,5228.323720022394,3455.1454012128147,1700.4936157161353,59.16204960302652,13.52265349041739,66.09,32.52,1.13,0.26,33.65
5105606,Matupá,resto_mt,Demais MT,FALSE,2008,5228.322839619799,3393.5422980041617,1761.097531817421,59.499245470274815,14.18376432794179,64.91,33.68,1.14,0.27,34.82
5105606,Matupá,resto_mt,Demais MT,FALSE,2009,5228.324600461554,3383.165449069423,1771.305394153607,60.35226549529868,13.50149174322501,64.71,33.88,1.15,0.26,35.03
5105606,Matupá,resto_mt,Demais MT,FALSE,2010,5228.325481041708,3367.019804579475,1786.94308018129,61.18949208203,13.17310419891349,64.4,34.18,1.17,0.25,35.35
5105606,Matupá,resto_mt,Demais MT,FALSE,2011,5228.32548104146,3283.6508942628047,1868.6664253487866,63.50404103198082,12.50412039788811,62.81,35.74,1.21,0.24,36.95
5105606,Matupá,resto_mt,Demais MT,FALSE,2012,5228.326361616264,3257.8696827053727,1892.6048338896528,65.07389086901705,12.77795415222161,62.31,36.2,1.24,0.24,37.44
5105606,Matupá,resto_mt,Demais MT,FALSE,2013,5228.326361616456,3262.5370465639917,1886.8369839896006,67.01601926696516,11.93631179589838,62.4,36.09,1.28,0.23,37.37
5105606,Matupá,resto_mt,Demais MT,FALSE,2014,5228.325481210181,3242.7678161606154,1904.3830229450753,68.03377268426317,13.14086942022699,62.02,36.42,1.3,0.25,37.72
5105606,Matupá,resto_mt,Demais MT,FALSE,2015,5228.325481139767,3217.158283575567,1928.9105783748716,69.86310418078405,12.39351500854486,61.53,36.89,1.34,0.24,38.23
5105606,Matupá,resto_mt,Demais MT,FALSE,2016,5228.325481426516,3209.9973464547897,1933.6502643457518,71.72243061596433,12.95544001000974,61.4,36.98,1.37,0.25,38.35
5105606,Matupá,resto_mt,Demais MT,FALSE,2017,5228.326361616248,3203.0374450548575,1938.1829983822543,74.07735190099862,13.02856627813718,61.26,37.07,1.42,0.25,38.49
5105606,Matupá,resto_mt,Demais MT,FALSE,2018,5228.325481215913,3137.442928705406,2000.8388532570914,75.68672863384818,14.35697061956784,60.01,38.27,1.45,0.27,39.72
5105606,Matupá,resto_mt,Demais MT,FALSE,2019,5228.323720044686,3124.4600354285285,2010.9930015003767,78.58588689007273,14.28479622570793,59.76,38.46,1.5,0.27,39.96
5105606,Matupá,resto_mt,Demais MT,FALSE,2020,5228.323720248393,3146.084222214785,1987.6354369195362,79.5508511669892,15.0532099470825,60.17,38.02,1.52,0.29,39.54
5105606,Matupá,resto_mt,Demais MT,FALSE,2021,5228.328122232756,3298.748370174947,1835.10132562312,80.71291369897182,13.76551273571773,63.09,35.1,1.54,0.26,36.64
5105622,Mirassol D'Oeste,pantanal_norte,Pantanal-13,TRUE,2000,1085.4843579717894,311.8705754008218,765.2143578191979,6.698359335510149,1.701065416259765,28.73,70.5,0.62,0.16,71.12
5105622,Mirassol D'Oeste,pantanal_norte,Pantanal-13,TRUE,2001,1085.484357971775,294.2639393055458,782.7473335906066,6.70438925292958,1.768695822692873,27.11,72.11,0.62,0.16,72.73
5105622,Mirassol D'Oeste,pantanal_norte,Pantanal-13,TRUE,2002,1085.4843579717608,287.5839204229759,788.9568322475155,6.744018061828486,2.199587239440918,26.49,72.68,0.62,0.2,73.3
5105622,Mirassol D'Oeste,pantanal_norte,Pantanal-13,TRUE,2003,1085.4843579718,257.4086766046158,819.3749977817349,6.759525959411489,1.9411576260376,23.71,75.48,0.62,0.18,76.1
5105622,Mirassol D'Oeste,pantanal_norte,Pantanal-13,TRUE,2004,1085.4843579717708,243.74695083508698,833.5060625420793,6.7845107512816005,1.446833843322753,22.46,76.79,0.63,0.13,77.42
5105622,Mirassol D'Oeste,pantanal_norte,Pantanal-13,TRUE,2005,1085.4843579717979,231.55803098450212,845.4546887310702,6.798295020385604,1.673343235839845,21.33,77.89,0.63,0.15,78.52
5105622,Mirassol D'Oeste,pantanal_norte,Pantanal-13,TRUE,2006,1085.4843579717774,232.86304901099004,843.9963350304897,6.8362009575193925,1.788772972778322,21.45,77.75,0.63,0.16,78.38
5105622,Mirassol D'Oeste,pantanal_norte,Pantanal-13,TRUE,2007,1085.4843579717844,228.59690669122588,848.371912928935,6.878418157165391,1.63712019445801,21.06,78.16,0.63,0.15,78.79
5105622,Mirassol D'Oeste,pantanal_norte,Pantanal-13,TRUE,2008,1085.4843579717647,222.75316917541738,854.4076479452123,6.9740483254392895,1.3494925256958,20.52,78.71,0.64,0.12,79.35
5105622,Mirassol D'Oeste,pantanal_norte,Pantanal-13,TRUE,2009,1085.4852194959508,211.15871357122978,866.2709861236959,7.00764587249738,1.047873928527832,19.45,79.8,0.65,0.1,80.45
5105622,Mirassol D'Oeste,pantanal_norte,Pantanal-13,TRUE,2010,1085.4843574049519,204.5147888280665,872.3446604787409,7.098107377807478,1.526800720336917,18.84,80.36,0.65,0.14,81.01
5105622,Mirassol D'Oeste,pantanal_norte,Pantanal-13,TRUE,2011,1085.4834958807846,214.59006722027934,862.2020652751904,7.165307752075056,1.526055633239746,19.77,79.43,0.66,0.14,80.09
5105622,Mirassol D'Oeste,pantanal_norte,Pantanal-13,TRUE,2012,1085.4834958807521,221.00679068072873,855.6527264862784,7.273000715820174,1.550977997924805,20.36,78.83,0.67,0.14,79.5
5105622,Mirassol D'Oeste,pantanal_norte,Pantanal-13,TRUE,2013,1085.4834958807498,207.78660470941338,868.8341779425767,7.464261475768939,1.398451752990722,19.14,80.04,0.69,0.13,80.73
5105622,Mirassol D'Oeste,pantanal_norte,Pantanal-13,TRUE,2014,1085.484357404921,196.0310334470228,880.2495288520632,7.634848205749398,1.56894690008545,18.06,81.09,0.7,0.14,81.79
5105622,Mirassol D'Oeste,pantanal_norte,Pantanal-13,TRUE,2015,1085.484358081692,205.97332038202313,869.9858156735461,7.801126911559948,1.724095114562989,18.98,80.15,0.72,0.16,80.87
5105622,Mirassol D'Oeste,pantanal_norte,Pantanal-13,TRUE,2016,1085.4852194959105,212.028401174687,863.7593755303301,7.843342441467176,1.85410034942627,19.53,79.57,0.72,0.17,80.29
5105622,Mirassol D'Oeste,pantanal_norte,Pantanal-13,TRUE,2017,1085.4843574049,215.710077609257,859.9045154800302,7.9182982377318485,1.951466077880858,19.87,79.22,0.73,0.18,79.95
5105622,Mirassol D'Oeste,pantanal_norte,Pantanal-13,TRUE,2018,1085.4834959895823,206.2969693289826,869.1221121714029,8.042358707519465,2.022055781677243,19.01,80.07,0.74,0.19,80.81
5105622,Mirassol D'Oeste,pantanal_norte,Pantanal-13,TRUE,2019,1085.4834959895702,204.21218757312263,871.3850898637131,8.058727797790453,1.827490754943848,18.81,80.28,0.74,0.17,81.02
5105622,Mirassol D'Oeste,pantanal_norte,Pantanal-13,TRUE,2020,1085.4843574049137,202.74071155798694,872.9660573962434,8.072512577087318,1.705075873596192,18.68,80.42,0.74,0.16,81.16
5105622,Mirassol D'Oeste,pantanal_norte,Pantanal-13,TRUE,2021,1085.4869425531556,166.18286991125652,910.0794454025803,8.13799022192373,1.08663701739502,15.31,83.84,0.75,0.1,84.59
5105903,Nobres,resto_mt,Demais MT,FALSE,2000,3908.6770573197123,2928.3046639266004,955.6413056426843,16.784424241821306,7.946663508605966,74.92,24.45,0.43,0.2,24.88
5105903,Nobres,resto_mt,Demais MT,FALSE,2001,3908.677057319767,2899.224451289145,980.9973085120062,19.93311019799803,8.522187320617682,74.17,25.1,0.51,0.22,25.61
5105903,Nobres,resto_mt,Demais MT,FALSE,2002,3908.6770573198082,2877.494970228809,1002.2254239655109,19.892190561218257,9.064472564270034,73.62,25.64,0.51,0.23,26.15
5105903,Nobres,resto_mt,Demais MT,FALSE,2003,3908.677057319873,2855.0408482355765,1026.8845003115912,17.273065008056644,9.478643764648458,73.04,26.27,0.44,0.24,26.71
5105903,Nobres,resto_mt,Demais MT,FALSE,2004,3908.6770573199406,2828.9704159703897,1048.6984415487698,22.116227026062,8.891972774719244,72.38,26.83,0.57,0.23,27.4
5105903,Nobres,resto_mt,Demais MT,FALSE,2005,3908.6770573200565,2797.0980635928254,1081.2791847227145,21.714486657043473,8.585322347473156,71.56,27.66,0.56,0.22,28.22
5105903,Nobres,resto_mt,Demais MT,FALSE,2006,3908.6770573200583,2760.680416986069,1121.0303573411302,18.114123895690945,8.852159097167984,70.63,28.68,0.46,0.23,29.14
5105903,Nobres,resto_mt,Demais MT,FALSE,2007,3908.6770573201015,2742.812681509641,1139.470741735021,17.200879275329598,9.19275480010988,70.17,29.15,0.44,0.24,29.59
5105903,Nobres,resto_mt,Demais MT,FALSE,2008,3908.677057320044,2707.5421138360407,1176.7922173563172,15.598754910888703,8.743971216796888,69.27,30.11,0.4,0.22,30.51
5105903,Nobres,resto_mt,Demais MT,FALSE,2009,3908.677057320034,2691.534718980909,1193.2276753249646,15.741660469909696,8.1730025442505,68.86,30.53,0.4,0.21,30.93
5105903,Nobres,resto_mt,Demais MT,FALSE,2010,3908.6770573200533,2676.425537192104,1206.7701866930738,17.945243334106472,7.536090100769048,68.47,30.87,0.46,0.19,31.33
5105903,Nobres,resto_mt,Demais MT,FALSE,2011,3908.6770573201406,2660.0694366084253,1222.2840739552457,18.96681998382569,7.356726772644048,68.06,31.27,0.49,0.19,31.76
5105903,Nobres,resto_mt,Demais MT,FALSE,2012,3908.6770573201934,2621.611399117646,1261.1278323268148,18.574145940795923,7.363679934936527,67.07,32.26,0.48,0.19,32.74
5105903,Nobres,resto_mt,Demais MT,FALSE,2013,3908.6770573200774,2589.8052314631404,1291.7866529699131,20.90921949255374,6.175953394470226,66.26,33.05,0.53,0.16,33.58
5105903,Nobres,resto_mt,Demais MT,FALSE,2014,3908.6770573202084,2552.2797711947574,1328.4636093483514,22.04962627697752,5.884050500122077,65.3,33.99,0.56,0.15,34.55
5105903,Nobres,resto_mt,Demais MT,FALSE,2015,3908.677057320146,2504.8933299018313,1376.7113728731485,20.754362357971196,6.317992187194831,64.09,35.22,0.53,0.16,35.75
5105903,Nobres,resto_mt,Demais MT,FALSE,2016,3908.6770573200915,2486.675032964153,1395.2733603350034,19.871612874328612,6.857051146606454,63.62,35.7,0.51,0.18,36.21
5105903,Nobres,resto_mt,Demais MT,FALSE,2017,3908.67705732013,2474.7685729262676,1408.4996846550932,18.686025313171417,6.722774425598152,63.31,36.04,0.48,0.17,36.52
5105903,Nobres,resto_mt,Demais MT,FALSE,2018,3908.677057320032,2475.954683321758,1407.6666263476397,18.7566276060181,6.299120044616709,63.35,36.01,0.48,0.16,36.49
5105903,Nobres,resto_mt,Demais MT,FALSE,2019,3908.6770573201125,2477.028376077064,1406.3798674205386,19.095349873535184,6.173463948974615,63.37,35.98,0.49,0.16,36.47
5105903,Nobres,resto_mt,Demais MT,FALSE,2020,3908.6770573200656,2480.885540577539,1403.1689358016697,19.41678312329104,5.205797817565922,63.47,35.9,0.5,0.13,36.4
5105903,Nobres,resto_mt,Demais MT,FALSE,2021,3908.6770573200633,2496.3145282080486,1389.25434213356,18.513749270813015,4.594437707641605,63.87,35.54,0.47,0.12,36.01
5106000,Nortelândia,resto_mt,Demais MT,FALSE,2000,1336.7809454823837,802.2818016002158,528.6720123618433,3.721594478332515,2.105537041992187,60.02,39.55,0.28,0.16,39.83
5106000,Nortelândia,resto_mt,Demais MT,FALSE,2001,1336.7809454823803,799.1261332642697,531.8899519981396,3.7866461251220658,1.978214094848635,59.78,39.79,0.28,0.15,40.07
5106000,Nortelândia,resto_mt,Demais MT,FALSE,2002,1336.7809454824544,802.431234770011,528.4843510499679,3.7216547974853458,2.143704864990233,60.03,39.53,0.28,0.16,39.81
5106000,Nortelândia,resto_mt,Demais MT,FALSE,2003,1336.7809454824032,790.0039953306764,540.9341525611507,3.69477303997802,2.148024550598145,59.1,40.47,0.28,0.16,40.75
5106000,Nortelândia,resto_mt,Demais MT,FALSE,2004,1336.780945482399,773.910389042175,557.2417989368062,3.615881375671378,2.012876127746582,57.89,41.69,0.27,0.15,41.96
5106000,Nortelândia,resto_mt,Demais MT,FALSE,2005,1336.7809454824298,778.3366012039875,553.0435019286498,3.558659032897941,1.842183316894531,58.22,41.37,0.27,0.14,41.64
5106000,Nortelândia,resto_mt,Demais MT,FALSE,2006,1336.7809454824253,776.5078681450874,554.3140542551845,3.534388660461416,2.424634421691892,58.09,41.47,0.26,0.18,41.73
5106000,Nortelândia,resto_mt,Demais MT,FALSE,2007,1336.7809454824167,780.0110410552359,550.9901441290241,3.555214587036123,2.224545711120603,58.35,41.22,0.27,0.17,41.49
5106000,Nortelândia,resto_mt,Demais MT,FALSE,2008,1336.7809454824333,768.1943545971201,562.9264415694561,3.448653587890615,2.2114957279663092,57.47,42.11,0.26,0.17,42.37
5106000,Nortelândia,resto_mt,Demais MT,FALSE,2009,1336.7809454824373,769.0104118265077,562.5609357397921,3.3524690335693252,1.857128882568364,57.53,42.08,0.25,0.14,42.33
5106000,Nortelândia,resto_mt,Demais MT,FALSE,2010,1336.7809454824442,772.0450927543724,559.411899212569,3.270988397399889,2.052965118103029,57.75,41.85,0.24,0.15,42.09
5106000,Nortelândia,resto_mt,Demais MT,FALSE,2011,1336.780945482443,764.4767950207229,566.6939533149915,3.215577108764635,2.394620037963867,57.19,42.39,0.24,0.18,42.63
5106000,Nortelândia,resto_mt,Demais MT,FALSE,2012,1336.7809454824144,757.8436977355353,573.0593105682291,3.2199129794311396,2.658024199218751,56.69,42.87,0.24,0.2,43.11
5106000,Nortelândia,resto_mt,Demais MT,FALSE,2013,1336.7809454824173,756.7826346202492,574.4686732152566,3.259774103820785,2.26986354309082,56.61,42.97,0.24,0.17,43.21
5106000,Nortelândia,resto_mt,Demais MT,FALSE,2014,1336.7809454824567,759.7857172363695,571.2766465671324,3.2702348121948095,2.448346866760255,56.84,42.74,0.24,0.18,42.98
5106000,Nortelândia,resto_mt,Demais MT,FALSE,2015,1336.7809454824721,758.9277237124545,572.3243835601177,3.175785839904769,2.353052369995119,56.77,42.81,0.24,0.18,43.05
5106000,Nortelândia,resto_mt,Demais MT,FALSE,2016,1336.780945482476,757.7544192452283,573.4803659702189,3.137639044006331,2.408521223022466,56.69,42.9,0.23,0.18,43.13
5106000,Nortelândia,resto_mt,Demais MT,FALSE,2017,1336.7809454824726,752.3529079546938,578.9451773709792,3.0665249096679528,2.416335247131351,56.28,43.31,0.23,0.18,43.54
5106000,Nortelândia,resto_mt,Demais MT,FALSE,2018,1336.7809454824442,756.1699282020966,575.2997357348154,3.0543998720702965,2.256881673461916,56.57,43.04,0.23,0.17,43.27
5106000,Nortelândia,resto_mt,Demais MT,FALSE,2019,1336.7809454823869,758.5972104009005,572.6844150830121,3.0336026018066247,2.465717396667483,56.75,42.84,0.23,0.18,43.07
5106000,Nortelândia,resto_mt,Demais MT,FALSE,2020,1336.7809454823312,752.9613568090564,578.4519440407065,3.0873303278198074,2.280314304748539,56.33,43.27,0.23,0.17,43.5
5106000,Nortelândia,resto_mt,Demais MT,FALSE,2021,1336.7809454824046,727.0710863420808,604.42884570142,3.1081768102416825,2.172836628662111,54.39,45.22,0.23,0.16,45.45
5106109,Nossa Senhora do Livramento,pantanal_norte,Pantanal-13,TRUE,2000,5537.368672733442,4205.415228477033,1232.8948873671875,68.74741832873464,30.31113856048598,75.95,22.26,1.24,0.55,23.5
5106109,Nossa Senhora do Livramento,pantanal_norte,Pantanal-13,TRUE,2001,5537.368672733425,4162.896849831615,1275.584212959733,69.33818378918384,29.54942615289319,75.18,23.04,1.25,0.53,24.29
5106109,Nossa Senhora do Livramento,pantanal_norte,Pantanal-13,TRUE,2002,5537.368672733398,4126.963489240394,1307.6357299134138,70.6579624301144,32.11149114947519,74.53,23.61,1.28,0.58,24.89
5106109,Nossa Senhora do Livramento,pantanal_norte,Pantanal-13,TRUE,2003,5537.368672733393,4116.598133650701,1316.5770617582298,72.23029871661359,31.96317860784924,74.34,23.78,1.3,0.58,25.08
5106109,Nossa Senhora do Livramento,pantanal_norte,Pantanal-13,TRUE,2004,5537.368672733491,4086.3843514084906,1344.6755404798466,73.59353308746344,32.71524775769051,73.8,24.28,1.33,0.59,25.61
5106109,Nossa Senhora do Livramento,pantanal_norte,Pantanal-13,TRUE,2005,5537.368672733517,4036.9719670095506,1395.9837250829755,74.38553561828542,30.02744502270515,72.9,25.21,1.34,0.54,26.55
5106109,Nossa Senhora do Livramento,pantanal_norte,Pantanal-13,TRUE,2006,5537.368672733546,4005.5361045732866,1417.3475123815724,74.67299484362755,39.81206093505894,72.34,25.6,1.35,0.72,26.95
5106109,Nossa Senhora do Livramento,pantanal_norte,Pantanal-13,TRUE,2007,5537.368672733569,3997.230343778304,1431.3629273014567,74.32300876971398,34.45239288409435,72.19,25.85,1.34,0.62,27.19
5106109,Nossa Senhora do Livramento,pantanal_norte,Pantanal-13,TRUE,2008,5537.368672733522,3979.3684861364904,1439.539349246385,74.17137317486535,44.28946417578126,71.86,26,1.34,0.8,27.34
5106109,Nossa Senhora do Livramento,pantanal_norte,Pantanal-13,TRUE,2009,5537.368672733555,3998.5542170615213,1429.1591771082522,74.30039861334167,35.35487995043969,72.21,25.81,1.34,0.64,27.15
5106109,Nossa Senhora do Livramento,pantanal_norte,Pantanal-13,TRUE,2010,5537.36867273352,4008.8523321205244,1421.2272979467355,75.57288883532699,31.71615383093271,72.4,25.67,1.36,0.57,27.03
5106109,Nossa Senhora do Livramento,pantanal_norte,Pantanal-13,TRUE,2011,5537.368672733595,3980.9937823886603,1449.1133356404048,77.05444659008825,30.20710811444103,71.89,26.17,1.39,0.55,27.56
5106109,Nossa Senhora do Livramento,pantanal_norte,Pantanal-13,TRUE,2012,5537.36867273356,3967.4534138050694,1460.9252092764527,79.73196261547805,29.25808703656018,71.65,26.38,1.44,0.53,27.82
5106109,Nossa Senhora do Livramento,pantanal_norte,Pantanal-13,TRUE,2013,5537.368672733495,3951.927786437123,1473.631521456955,82.6901019351811,29.11926290423596,71.37,26.61,1.49,0.53,28.1
5106109,Nossa Senhora do Livramento,pantanal_norte,Pantanal-13,TRUE,2014,5537.3686727335335,3920.289260524684,1497.5042199149034,84.55180132611153,35.02339096783465,70.8,27.04,1.53,0.63,28.57
5106109,Nossa Senhora do Livramento,pantanal_norte,Pantanal-13,TRUE,2015,5537.36867273362,3922.8314596970586,1495.2602900427248,85.82860325067276,33.44831974316409,70.84,27,1.55,0.6,28.55
5106109,Nossa Senhora do Livramento,pantanal_norte,Pantanal-13,TRUE,2016,5537.36867273355,3908.3522132903063,1506.8835391464283,87.65053987170536,34.48238042510999,70.58,27.21,1.58,0.62,28.79
5106109,Nossa Senhora do Livramento,pantanal_norte,Pantanal-13,TRUE,2017,5537.368672733498,3889.42056010197,1524.0752576433065,89.48409409344654,34.38876089477553,70.24,27.52,1.62,0.62,29.14
5106109,Nossa Senhora do Livramento,pantanal_norte,Pantanal-13,TRUE,2018,5537.368672733528,3861.763796150399,1546.2382234474462,91.80625425708189,37.56039887860121,69.74,27.92,1.66,0.68,29.58
5106109,Nossa Senhora do Livramento,pantanal_norte,Pantanal-13,TRUE,2019,5537.368672733495,3837.161567993252,1573.7399424831012,94.92031584887835,31.54684640826429,69.3,28.42,1.71,0.57,30.13
5106109,Nossa Senhora do Livramento,pantanal_norte,Pantanal-13,TRUE,2020,5537.368672733564,3785.5405219026266,1624.6089109677168,97.69155534259188,29.52768452063002,68.36,29.34,1.76,0.53,31.1
5106109,Nossa Senhora do Livramento,pantanal_norte,Pantanal-13,TRUE,2021,5537.368672733538,3559.4633706955806,1856.7052343202424,97.9564238446061,23.24364387310802,64.28,33.53,1.77,0.42,35.3
5106158,Nova Bandeirantes,resto_mt,Demais MT,FALSE,2000,9556.630772153609,8039.778880261818,1380.3704493593177,16.031406036987235,120.4500364954858,84.13,14.44,0.17,1.26,14.61
5106158,Nova Bandeirantes,resto_mt,Demais MT,FALSE,2001,9556.630774972153,7935.869339556219,1484.5745202640157,16.179346381957995,120.0075687699606,83.04,15.53,0.17,1.26,15.7
5106158,Nova Bandeirantes,resto_mt,Demais MT,FALSE,2002,9556.629015513077,7728.025354749472,1691.4099542950348,16.654636671264544,120.5390697973046,80.87,17.7,0.17,1.26,17.87
5106158,Nova Bandeirantes,resto_mt,Demais MT,FALSE,2003,9556.629010619245,7435.160668923228,1983.4475169220264,17.10668610803212,120.9141386659569,77.8,20.75,0.18,1.27,20.93
5106158,Nova Bandeirantes,resto_mt,Demais MT,FALSE,2004,9556.61930450428,7080.522555381143,2338.409385324064,17.507145743835245,120.1802180552391,74.09,24.47,0.18,1.26,24.65
5106158,Nova Bandeirantes,resto_mt,Demais MT,FALSE,2005,9556.620196624657,6847.806171768831,2570.833338650989,17.937405837219053,120.0432803676169,71.66,26.9,0.19,1.26,27.09
5106158,Nova Bandeirantes,resto_mt,Demais MT,FALSE,2006,9556.622839433117,6616.696268982914,2801.337574044683,17.94701228820782,120.6419841173118,69.24,29.31,0.19,1.26,29.5
5106158,Nova Bandeirantes,resto_mt,Demais MT,FALSE,2007,9556.625482527057,6480.085195855389,2938.5018944690896,17.9284020869139,120.1099901156636,67.81,30.75,0.19,1.26,30.94
5106158,Nova Bandeirantes,resto_mt,Demais MT,FALSE,2008,9556.627245269277,6422.778414177486,2994.530157729852,18.01216229779036,121.30651106415,67.21,31.33,0.19,1.27,31.52
5106158,Nova Bandeirantes,resto_mt,Demais MT,FALSE,2009,9556.629892032066,6392.27987562647,3025.7462127663716,18.038589615356276,120.5652140238668,66.89,31.66,0.19,1.26,31.85
5106158,Nova Bandeirantes,resto_mt,Demais MT,FALSE,2010,9556.629892916812,6345.297885522734,3073.5752181394982,18.07654576177962,119.6802434927999,66.4,32.16,0.19,1.25,32.35
5106158,Nova Bandeirantes,resto_mt,Demais MT,FALSE,2011,9556.631656144784,6286.117256686525,3130.9962535020823,18.306360596069144,121.2117853601093,65.78,32.76,0.19,1.27,32.95
5106158,Nova Bandeirantes,resto_mt,Demais MT,FALSE,2012,9556.625488908412,6238.650508940245,3178.306476092556,18.293940088622833,121.3745637869894,65.28,33.26,0.19,1.27,33.45
5106158,Nova Bandeirantes,resto_mt,Demais MT,FALSE,2013,9556.632535215895,6185.101627201955,3232.9820917256066,18.31493739367655,120.2338788946554,64.72,33.83,0.19,1.26,34.02
5106158,Nova Bandeirantes,resto_mt,Demais MT,FALSE,2014,9556.634298780558,6129.94185516561,3287.51897360042,18.310459759765408,120.8630102547627,64.14,34.4,0.19,1.26,34.59
5106158,Nova Bandeirantes,resto_mt,Demais MT,FALSE,2015,9556.636059255901,6082.571757244917,3334.6408357362034,18.210633983032075,121.21283229175,63.65,34.89,0.19,1.27,35.08
5106158,Nova Bandeirantes,resto_mt,Demais MT,FALSE,2016,9556.63605999917,6031.941907719859,3385.8743535548238,18.15762766687,120.6621710576191,63.12,35.43,0.19,1.26,35.62
5106158,Nova Bandeirantes,resto_mt,Demais MT,FALSE,2017,9556.633416403267,5980.047294247106,3437.444059508943,18.109026165405194,121.0330364818135,62.57,35.97,0.19,1.27,36.16
5106158,Nova Bandeirantes,resto_mt,Demais MT,FALSE,2018,9556.628131251602,5916.081851967199,3501.440655074806,18.18482962890618,120.9207945806904,61.91,36.64,0.19,1.27,36.83
5106158,Nova Bandeirantes,resto_mt,Demais MT,FALSE,2019,9556.62901260618,5808.390273911882,3609.1603572205404,18.200520935180606,120.8778605385762,60.78,37.77,0.19,1.26,37.96
5106158,Nova Bandeirantes,resto_mt,Demais MT,FALSE,2020,9556.627249360034,5805.0684415593805,3612.6529570457087,18.214608561584384,120.6912421933613,60.74,37.8,0.19,1.26,37.99
5106158,Nova Bandeirantes,resto_mt,Demais MT,FALSE,2021,9556.654558002623,5759.362132335359,3658.9201698709985,18.859556124145275,119.5126996721211,60.27,38.29,0.2,1.25,38.49
5106174,Nova Nazaré,resto_mt,Demais MT,FALSE,2000,4034.5692788425617,3306.8581358487036,694.5764588694074,9.016010644897502,24.11867347955323,81.96,17.22,0.22,0.6,17.44
5106174,Nova Nazaré,resto_mt,Demais MT,FALSE,2001,4034.5692788425504,3297.3290683342893,703.8283464670621,9.466685745178282,23.94517829602051,81.73,17.44,0.23,0.59,17.67
5106174,Nova Nazaré,resto_mt,Demais MT,FALSE,2002,4034.5692788425326,3277.477145921429,723.1817953980324,9.613596580139225,24.29674094293212,81.23,17.92,0.24,0.6,18.16
5106174,Nova Nazaré,resto_mt,Demais MT,FALSE,2003,4034.5692788425654,3248.920783652953,751.6219558659432,9.769526866027878,24.2570124576416,80.53,18.63,0.24,0.6,18.87
5106174,Nova Nazaré,resto_mt,Demais MT,FALSE,2004,4034.5692788424385,3246.4454486985296,755.0231917895384,9.189328470214871,23.91130988415529,80.47,18.71,0.23,0.59,18.94
5106174,Nova Nazaré,resto_mt,Demais MT,FALSE,2005,4034.5692788424008,3246.9367574407343,754.1425952622011,9.72325776184083,23.76666837762453,80.48,18.69,0.24,0.59,18.93
5106174,Nova Nazaré,resto_mt,Demais MT,FALSE,2006,4034.569278842436,3238.072954563634,763.007940826409,9.336113124938969,24.15227032745361,80.26,18.91,0.23,0.6,19.14
5106174,Nova Nazaré,resto_mt,Demais MT,FALSE,2007,4034.569278842429,3235.212974534026,766.4336943498457,9.186710135131836,23.7358998234253,80.19,19,0.23,0.59,19.23
5106174,Nova Nazaré,resto_mt,Demais MT,FALSE,2008,4034.569278842228,3225.869476755146,776.3764329893648,8.659500223632815,23.66386887408448,79.96,19.24,0.21,0.59,19.45
5106174,Nova Nazaré,resto_mt,Demais MT,FALSE,2009,4034.569278842285,3209.5797309561717,792.645518672368,9.31947580065918,23.02455341308594,79.55,19.65,0.23,0.57,19.88
5106174,Nova Nazaré,resto_mt,Demais MT,FALSE,2010,4034.56927884233,3211.2684596893723,791.3919553858066,9.157006163513186,22.7518576036377,79.59,19.62,0.23,0.56,19.85
5106174,Nova Nazaré,resto_mt,Demais MT,FALSE,2011,4034.5692788422807,3219.5566639994577,782.7037757191661,8.844662103149437,23.46417702050778,79.8,19.4,0.22,0.58,19.62
5106174,Nova Nazaré,resto_mt,Demais MT,FALSE,2012,4034.5692788423116,3234.8014479852163,767.7997590665677,8.65999964270023,23.30807214782712,80.18,19.03,0.21,0.58,19.24
5106174,Nova Nazaré,resto_mt,Demais MT,FALSE,2013,4034.5692788423335,3229.6465912965587,773.7692044854721,8.504637647705122,22.64884541259764,80.05,19.18,0.21,0.56,19.39
5106174,Nova Nazaré,resto_mt,Demais MT,FALSE,2014,4034.5692788423444,3214.6960540597047,789.3755958651591,8.304856179748572,22.19277273773192,79.68,19.57,0.21,0.55,19.78
5106174,Nova Nazaré,resto_mt,Demais MT,FALSE,2015,4034.569278842374,3182.20909512626,822.6347099644049,8.01908371118168,21.70639004052734,78.87,20.39,0.2,0.54,20.59
5106174,Nova Nazaré,resto_mt,Demais MT,FALSE,2016,4034.569278842368,3153.9677758744842,852.1127278804814,7.98338835333256,20.50538673406983,78.17,21.12,0.2,0.51,21.32
5106174,Nova Nazaré,resto_mt,Demais MT,FALSE,2017,4034.5692788423116,3115.8571876152578,889.8627361550936,8.362306013000524,20.48704905895996,77.23,22.06,0.21,0.51,22.27
5106174,Nova Nazaré,resto_mt,Demais MT,FALSE,2018,4034.5692788422703,3069.462346935368,935.1080889681817,8.795390945739785,21.20345199298095,76.08,23.18,0.22,0.53,23.4
5106174,Nova Nazaré,resto_mt,Demais MT,FALSE,2019,4034.5692788422675,3045.8000488506514,958.7721190082785,9.14985856683354,20.84725241650391,75.49,23.76,0.23,0.52,23.99
5106174,Nova Nazaré,resto_mt,Demais MT,FALSE,2020,4034.5692788423353,3035.1802838270783,969.6088073957502,8.649569861511274,21.1306177579956,75.23,24.03,0.21,0.52,24.24
5106174,Nova Nazaré,resto_mt,Demais MT,FALSE,2021,4034.5692788425217,2950.6304977155078,1056.1008296298828,8.384007385803251,19.45394411132811,73.13,26.18,0.21,0.48,26.39
5106182,Nova Lacerda,resto_mt,Demais MT,FALSE,2000,4780.341256308512,3371.625938425491,1392.0031936357063,10.268494629822056,6.443629617492681,70.53,29.12,0.21,0.13,29.33
5106182,Nova Lacerda,resto_mt,Demais MT,FALSE,2001,4780.34125630853,3281.7819401666125,1480.7106150901604,11.621746231018173,6.226954820739746,68.65,30.97,0.24,0.13,31.21
5106182,Nova Lacerda,resto_mt,Demais MT,FALSE,2002,4780.341256308542,3177.400681251931,1582.0111625531329,13.291877699767921,7.637534803710936,66.47,33.09,0.28,0.16,33.37
5106182,Nova Lacerda,resto_mt,Demais MT,FALSE,2003,4780.341256308564,3185.635160015578,1569.4783653018974,17.743647306396397,7.484083684692393,66.64,32.83,0.37,0.16,33.2
5106182,Nova Lacerda,resto_mt,Demais MT,FALSE,2004,4780.341256308504,3147.12886449009,1606.2216423749323,19.06633949957269,7.924409943908679,65.83,33.6,0.4,0.17,34
5106182,Nova Lacerda,resto_mt,Demais MT,FALSE,2005,4780.341256308463,3119.7386065381706,1633.6779151634198,18.99926689184568,7.92546771502685,65.26,34.17,0.4,0.17,34.57
5106182,Nova Lacerda,resto_mt,Demais MT,FALSE,2006,4780.341256308451,3106.384407205714,1647.0927972802267,18.578535947021482,8.285515875488285,64.98,34.46,0.39,0.17,34.85
5106182,Nova Lacerda,resto_mt,Demais MT,FALSE,2007,4780.341256308466,3109.111963808135,1643.8996977054694,18.900109129333487,8.429485665527347,65.04,34.39,0.4,0.18,34.79
5106182,Nova Lacerda,resto_mt,Demais MT,FALSE,2008,4780.341256308451,3085.031071588728,1666.850740283993,19.863355616577177,8.596088819152843,64.54,34.87,0.42,0.18,35.29
5106182,Nova Lacerda,resto_mt,Demais MT,FALSE,2009,4780.341256308377,3095.802518202827,1655.7892321806853,20.053900538391076,8.695605386474607,64.76,34.64,0.42,0.18,35.06
5106182,Nova Lacerda,resto_mt,Demais MT,FALSE,2010,4780.341256308396,3095.897744318067,1655.4534271129478,19.849215346496678,9.1408695308838,64.76,34.63,0.42,0.19,35.05
5106182,Nova Lacerda,resto_mt,Demais MT,FALSE,2011,4780.341256308344,3082.570055900531,1669.929530563635,18.980895523864806,8.86077432031251,64.48,34.93,0.4,0.19,35.33
5106182,Nova Lacerda,resto_mt,Demais MT,FALSE,2012,4780.3412563083875,3102.5470212754253,1651.181550056278,18.024518940307672,8.588166036376958,64.9,34.54,0.38,0.18,34.92
5106182,Nova Lacerda,resto_mt,Demais MT,FALSE,2013,4780.341256308306,3080.4360305682867,1673.144530205717,18.311315072387778,8.449380461914068,64.44,35,0.38,0.18,35.38
5106182,Nova Lacerda,resto_mt,Demais MT,FALSE,2014,4780.341256308398,3077.012694812912,1675.7296935684233,18.78104850286872,8.817819424194342,64.37,35.05,0.39,0.18,35.44
5106182,Nova Lacerda,resto_mt,Demais MT,FALSE,2015,4780.341256308394,3033.2457888048334,1715.1136820741785,22.886439515808043,9.095345913574228,63.45,35.88,0.48,0.19,36.36
5106182,Nova Lacerda,resto_mt,Demais MT,FALSE,2016,4780.341256308577,2974.6543947842983,1772.1648360513168,24.503937453308186,9.018088019653316,62.23,37.07,0.51,0.19,37.58
5106182,Nova Lacerda,resto_mt,Demais MT,FALSE,2017,4780.341256308518,2953.457758822407,1792.8901162866475,25.349219009216384,8.644162190246576,61.78,37.51,0.53,0.18,38.04
5106182,Nova Lacerda,resto_mt,Demais MT,FALSE,2018,4780.341256308534,2953.619097974566,1790.4693612969809,27.375335403564293,8.877461633422849,61.79,37.45,0.57,0.19,38.02
5106182,Nova Lacerda,resto_mt,Demais MT,FALSE,2019,4780.341256308547,2956.7536750986765,1786.5126204396684,28.06554254144266,9.009418228759758,61.85,37.37,0.59,0.19,37.96
5106182,Nova Lacerda,resto_mt,Demais MT,FALSE,2020,4780.341256308547,2951.9613781049616,1790.522463967807,29.114428199767836,8.742986036010743,61.75,37.46,0.61,0.18,38.07
5106182,Nova Lacerda,resto_mt,Demais MT,FALSE,2021,4780.341256308348,2947.337785142094,1793.8069476644844,30.71910123107896,8.477422270690926,61.66,37.52,0.64,0.18,38.16
5106190,Nova Santa Helena,resto_mt,Demais MT,FALSE,2000,2385.5758047716768,1400.7635974829284,978.8762221505035,3.456039200500503,2.479945937744138,58.72,41.03,0.14,0.1,41.17
5106190,Nova Santa Helena,resto_mt,Demais MT,FALSE,2001,2385.574926155905,1383.8745537604923,996.2490549851952,3.548324594421401,1.902992815795897,58.01,41.76,0.15,0.08,41.91
5106190,Nova Santa Helena,resto_mt,Demais MT,FALSE,2002,2385.575804514773,1292.2824079928096,1087.5715006101595,3.6089388725586042,2.112957039245605,54.17,45.59,0.15,0.09,45.74
5106190,Nova Santa Helena,resto_mt,Demais MT,FALSE,2003,2385.5775618940183,1275.67309202281,1104.1228730059743,3.681867566040049,2.099729299194335,53.47,46.28,0.15,0.09,46.43
5106190,Nova Santa Helena,resto_mt,Demais MT,FALSE,2004,2385.5784406848898,1294.7183134926572,1084.858076170504,3.7161085717163176,2.285942450012206,54.27,45.48,0.16,0.1,45.64
5106190,Nova Santa Helena,resto_mt,Demais MT,FALSE,2005,2385.579319415454,1276.3167720224183,1103.4238685447083,3.7969578831176825,2.04172096520996,53.5,46.25,0.16,0.09,46.41
5106190,Nova Santa Helena,resto_mt,Demais MT,FALSE,2006,2385.577562069654,1244.813342531223,1134.7629029309478,3.832970439147958,2.16834616833496,52.18,47.57,0.16,0.09,47.73
5106190,Nova Santa Helena,resto_mt,Demais MT,FALSE,2007,2385.5766833659227,1230.3202614800184,1149.0496719019566,3.8953516555786214,2.311398328369141,51.57,48.17,0.16,0.1,48.33
5106190,Nova Santa Helena,resto_mt,Demais MT,FALSE,2008,2385.577562103344,1212.2510991902461,1166.7621895272334,3.8777658707885827,2.686507515075683,50.82,48.91,0.16,0.11,49.07
5106190,Nova Santa Helena,resto_mt,Demais MT,FALSE,2009,2385.577562103363,1213.2174150324563,1165.9653923452597,4.098290794616702,2.296463931030273,50.86,48.88,0.17,0.1,49.05
5106190,Nova Santa Helena,resto_mt,Demais MT,FALSE,2010,2385.5758046422866,1218.7149724087387,1160.2964757392856,4.100035338928227,2.464321155334472,51.09,48.64,0.17,0.1,48.81
5106190,Nova Santa Helena,resto_mt,Demais MT,FALSE,2011,2385.580198145943,1239.7698434164315,1139.177514903462,4.20020672131348,2.432633104736328,51.97,47.75,0.18,0.1,47.93
5106190,Nova Santa Helena,resto_mt,Demais MT,FALSE,2012,2385.580198145979,1242.295292794582,1136.47201829024,4.311807835021976,2.501079226135253,52.08,47.64,0.18,0.1,47.82
5106190,Nova Santa Helena,resto_mt,Demais MT,FALSE,2013,2385.5784407245146,1232.0761747068843,1146.7884991791902,4.504240479980478,2.209526358459471,51.65,48.07,0.19,0.09,48.26
5106190,Nova Santa Helena,resto_mt,Demais MT,FALSE,2014,2385.578440724519,1220.7300965851143,1157.9676433834236,4.597360255920417,2.283340500061035,51.17,48.54,0.19,0.1,48.73
5106190,Nova Santa Helena,resto_mt,Demais MT,FALSE,2015,2385.579319378771,1216.9317293676804,1161.289152175825,4.766938427185061,2.591499408081056,51.01,48.68,0.2,0.11,48.88
5106190,Nova Santa Helena,resto_mt,Demais MT,FALSE,2016,2385.5784407024057,1219.6634317575372,1158.3070761721024,4.93126048937988,2.67667228338623,51.13,48.55,0.21,0.11,48.76
5106190,Nova Santa Helena,resto_mt,Demais MT,FALSE,2017,2385.5784407712295,1217.3893683655153,1160.1654720294937,5.321439993835441,2.702160382385251,51.03,48.63,0.22,0.11,48.85
5106190,Nova Santa Helena,resto_mt,Demais MT,FALSE,2018,2385.5766833085486,1207.0287064856689,1170.3529506055945,5.5437787266845575,2.651247490600585,50.6,49.06,0.23,0.11,49.29
5106190,Nova Santa Helena,resto_mt,Demais MT,FALSE,2019,2385.5758046895544,1186.053869541112,1190.7004855601858,5.884748365905754,2.936701222351073,49.72,49.91,0.25,0.12,50.16
5106190,Nova Santa Helena,resto_mt,Demais MT,FALSE,2020,2385.575804720875,1182.445237889636,1194.2273517577532,6.082487312377931,2.820727761108396,49.57,50.06,0.25,0.12,50.31
5106190,Nova Santa Helena,resto_mt,Demais MT,FALSE,2021,2385.58019814591,1205.9486414943615,1170.9312262832013,6.134313157348634,2.566017210998534,50.55,49.08,0.26,0.11,49.34
5106208,Nova Brasilândia,resto_mt,Demais MT,FALSE,2000,3289.9759690051346,2274.0679996588824,994.4981725437625,3.3830455006713884,18.02675130181854,69.12,30.23,0.1,0.55,30.33
5106208,Nova Brasilândia,resto_mt,Demais MT,FALSE,2001,3289.9759690051424,2233.1959557591817,1022.4609751705219,3.3406322747802744,30.97840580065866,67.88,31.08,0.1,0.94,31.18
5106208,Nova Brasilândia,resto_mt,Demais MT,FALSE,2002,3289.975969005152,2182.389858570738,1055.6231239650538,3.15812839904785,48.80485807031241,66.33,32.09,0.1,1.48,32.19
5106208,Nova Brasilândia,resto_mt,Demais MT,FALSE,2003,3289.975969005175,2152.028686030739,1085.4454099796847,2.9392975053100563,49.56257548944132,65.41,32.99,0.09,1.51,33.08
5106208,Nova Brasilândia,resto_mt,Demais MT,FALSE,2004,3289.975969005134,2122.5062870420848,1114.160851192847,2.9245517135620096,50.38427905664068,64.51,33.87,0.09,1.53,33.96
5106208,Nova Brasilândia,resto_mt,Demais MT,FALSE,2005,3289.9759690052542,2096.6802315076998,1139.4791941470905,3.0214253607788053,50.79511798968481,63.73,34.63,0.09,1.54,34.72
5106208,Nova Brasilândia,resto_mt,Demais MT,FALSE,2006,3289.975969005279,2069.5560236193487,1165.8336024733326,3.038705402526854,51.54763751007076,62.9,35.44,0.09,1.57,35.53
5106208,Nova Brasilândia,resto_mt,Demais MT,FALSE,2007,3289.9759690052756,2061.344996511732,1174.4882511774424,3.024093602294919,51.11862771380591,62.66,35.7,0.09,1.55,35.79
5106208,Nova Brasilândia,resto_mt,Demais MT,FALSE,2008,3289.975969005305,2012.1880421367077,1223.6979237600774,3.0353978131103494,51.05460529540991,61.16,37.19,0.09,1.55,37.28
5106208,Nova Brasilândia,resto_mt,Demais MT,FALSE,2009,3289.975969005298,1982.2815203191935,1254.0179678164145,3.0820127761230443,50.59446809356671,60.25,38.12,0.09,1.54,38.21
5106208,Nova Brasilândia,resto_mt,Demais MT,FALSE,2010,3289.9759690053083,1959.8528560141501,1277.2631702022784,3.050001279541013,49.80994150933875,59.57,38.82,0.09,1.51,38.91
5106208,Nova Brasilândia,resto_mt,Demais MT,FALSE,2011,3289.9759690052692,1943.4800250362803,1293.8782102723333,3.0733454326171863,49.54438826403853,59.07,39.33,0.09,1.51,39.42
5106208,Nova Brasilândia,resto_mt,Demais MT,FALSE,2012,3289.9759690052483,1917.9114247835328,1319.6683668397573,3.1051786313476546,49.29099875061067,58.3,40.11,0.09,1.5,40.2
5106208,Nova Brasilândia,resto_mt,Demais MT,FALSE,2013,3289.9759690052406,1909.817535286093,1327.779805118622,2.8048088192749043,49.57381978125038,58.05,40.36,0.09,1.51,40.45
5106208,Nova Brasilândia,resto_mt,Demais MT,FALSE,2014,3289.975969005257,1917.630149923253,1320.407588536471,2.684451813232423,49.25377873230017,58.29,40.13,0.08,1.5,40.21
5106208,Nova Brasilândia,resto_mt,Demais MT,FALSE,2015,3289.975969005279,1904.640774753144,1333.7005165503524,2.546118373229981,49.08855932855255,57.89,40.54,0.08,1.49,40.62
5106208,Nova Brasilândia,resto_mt,Demais MT,FALSE,2016,3289.9759690052883,1894.8124372844522,1343.5591691001694,2.5677168157348644,49.03664580493201,57.59,40.84,0.08,1.49,40.92
5106208,Nova Brasilândia,resto_mt,Demais MT,FALSE,2017,3289.975969005239,1894.5287892494046,1343.793514983007,2.528782629333496,49.12488214349408,57.58,40.85,0.08,1.49,40.93
5106208,Nova Brasilândia,resto_mt,Demais MT,FALSE,2018,3289.9759690052856,1909.229675878632,1330.0233792024592,2.5503418564453106,48.17257206774931,58.03,40.43,0.08,1.46,40.51
5106208,Nova Brasilândia,resto_mt,Demais MT,FALSE,2019,3289.975969005315,1914.9385058860287,1324.8680205025867,2.5789042365722636,47.59053838012741,58.21,40.27,0.08,1.45,40.35
5106208,Nova Brasilândia,resto_mt,Demais MT,FALSE,2020,3289.975969005318,1918.3304408990898,1322.3056216548123,2.61088606060791,46.72902039080815,58.31,40.19,0.08,1.42,40.27
5106208,Nova Brasilândia,resto_mt,Demais MT,FALSE,2021,3289.975969005319,1931.0584471318173,1315.0527693904692,3.0208480569458063,40.84390442608623,58.7,39.97,0.09,1.24,40.06
5106216,Nova Canaã do Norte,resto_mt,Demais MT,FALSE,2000,5953.058609451996,3397.0758966130525,2506.3931714245145,6.926311317443849,42.66323009698463,57.06,42.1,0.12,0.72,42.22
5106216,Nova Canaã do Norte,resto_mt,Demais MT,FALSE,2001,5953.055095225859,3359.147710685469,2544.5853254298554,6.945655261291503,42.37640384924293,56.43,42.74,0.12,0.71,42.86
5106216,Nova Canaã do Norte,resto_mt,Demais MT,FALSE,2002,5953.053337662041,3281.710014017406,2620.612043478497,6.957082811462403,43.77419735467509,55.13,44.02,0.12,0.74,44.14
5106216,Nova Canaã do Norte,resto_mt,Demais MT,FALSE,2003,5953.056851831655,3115.0935970201745,2786.8839196647527,6.96323495013428,44.11610019659399,52.33,46.81,0.12,0.74,46.93
5106216,Nova Canaã do Norte,resto_mt,Demais MT,FALSE,2004,5953.057730424045,3023.7980743286876,2877.369194506063,6.979062007507325,44.91139958178682,50.79,48.33,0.12,0.75,48.45
5106216,Nova Canaã do Norte,resto_mt,Demais MT,FALSE,2005,5953.056851832266,2960.784920706751,2941.27012728561,6.99225063696289,44.00955320294169,49.74,49.41,0.12,0.74,49.53
5106216,Nova Canaã do Norte,resto_mt,Demais MT,FALSE,2006,5953.062122531358,2892.5644724705458,3008.9019399898893,7.04411526031494,44.55159481060767,48.59,50.54,0.12,0.75,50.66
5106216,Nova Canaã do Norte,resto_mt,Demais MT,FALSE,2007,5953.057731236227,2865.8342648083576,3036.462628970228,7.097740183349606,43.66309727429178,48.14,51.01,0.12,0.73,51.13
5106216,Nova Canaã do Norte,resto_mt,Demais MT,FALSE,2008,5953.061245485964,2857.9077216628066,3044.252036115638,7.13906127770996,43.76242642980934,48.01,51.14,0.12,0.74,51.26
5106216,Nova Canaã do Norte,resto_mt,Demais MT,FALSE,2009,5953.062122790361,2869.0904545642456,3032.7132920102968,7.142576285156249,44.11579993066379,48.2,50.94,0.12,0.74,51.06
5106216,Nova Canaã do Norte,resto_mt,Demais MT,FALSE,2010,5953.047189736318,2900.8947674084397,3001.75642950427,7.1751030689086885,43.22088975469949,48.73,50.42,0.12,0.73,50.54
5106216,Nova Canaã do Norte,resto_mt,Demais MT,FALSE,2011,5953.052460781329,2905.0266549426524,2998.242479809135,7.19972050976562,42.58360551977515,48.8,50.36,0.12,0.72,50.48
5106216,Nova Canaã do Norte,resto_mt,Demais MT,FALSE,2012,5953.057731272133,2921.1671065276037,2981.9992878109356,7.273581065063477,42.61775586853007,49.07,50.09,0.12,0.72,50.21
5106216,Nova Canaã do Norte,resto_mt,Demais MT,FALSE,2013,5953.04806723033,2914.328911203167,2989.567271069338,7.306111106750489,41.845773851074,48.96,50.22,0.12,0.7,50.34
5106216,Nova Canaã do Norte,resto_mt,Demais MT,FALSE,2014,5953.037526416051,2865.737785737297,3037.942439536542,7.335124931457518,42.02217621075424,48.14,51.03,0.12,0.71,51.15
5106216,Nova Canaã do Norte,resto_mt,Demais MT,FALSE,2015,5953.05509511384,2877.877618236845,3025.6754121525078,7.345675877868651,42.15638884661858,48.34,50.83,0.12,0.71,50.95
5106216,Nova Canaã do Norte,resto_mt,Demais MT,FALSE,2016,5953.048947197418,2879.5674509256573,3023.186733128389,7.481073150146478,42.81368999322497,48.37,50.78,0.13,0.72,50.91
5106216,Nova Canaã do Norte,resto_mt,Demais MT,FALSE,2017,5953.043675457892,2869.9942384988676,3020.2065840876885,7.7325319927978455,55.11032087853887,48.21,50.73,0.13,0.93,50.86
5106216,Nova Canaã do Norte,resto_mt,Demais MT,FALSE,2018,5953.048945729614,2859.5242042654336,3023.866995668284,7.9022263622436455,61.75551943365312,48.03,50.8,0.13,1.04,50.93
5106216,Nova Canaã do Norte,resto_mt,Demais MT,FALSE,2019,5953.053338140023,2871.329169078894,3011.379126212254,8.123784606811512,62.2212582420637,48.23,50.59,0.14,1.05,50.73
5106216,Nova Canaã do Norte,resto_mt,Demais MT,FALSE,2020,5953.054217423125,2890.795505213133,2992.129361936495,8.38402493469237,61.74532533880442,48.56,50.26,0.14,1.04,50.4
5106216,Nova Canaã do Norte,resto_mt,Demais MT,FALSE,2021,5953.097259740404,2882.4521219876806,3001.1937071514676,8.409523705200185,61.04190689605535,48.42,50.41,0.14,1.03,50.55
5106224,Nova Mutum,resto_mt,Demais MT,FALSE,2000,9536.786561009385,5348.591736464664,4129.305430784102,43.64977713525395,15.23961662536619,56.08,43.3,0.46,0.16,43.76
5106224,Nova Mutum,resto_mt,Demais MT,FALSE,2001,9536.786561016352,5221.051263767567,4249.786534909429,50.67525313360616,15.27350920574949,54.75,44.56,0.53,0.16,45.09
5106224,Nova Mutum,resto_mt,Demais MT,FALSE,2002,9536.786561016617,5106.1615023385275,4365.80220954955,48.139745091980075,16.68310403656005,53.54,45.78,0.5,0.17,46.28
5106224,Nova Mutum,resto_mt,Demais MT,FALSE,2003,9536.787429873833,4933.805179564294,4547.436808739166,38.71992413616951,16.8255174342041,51.73,47.68,0.41,0.18,48.09
5106224,Nova Mutum,resto_mt,Demais MT,FALSE,2004,9536.786561009172,4740.089588051422,4737.661592979233,42.61921148297127,16.41616849554442,49.7,49.68,0.45,0.17,50.13
5106224,Nova Mutum,resto_mt,Demais MT,FALSE,2005,9536.782216736594,4669.236800590531,4810.356076202397,41.143092555725175,16.04624738793943,48.96,50.44,0.43,0.17,50.87
5106224,Nova Mutum,resto_mt,Demais MT,FALSE,2006,9536.782216736627,4603.158434184094,4880.097228993449,37.61430794659441,15.91224561248778,48.27,51.17,0.39,0.17,51.56
5106224,Nova Mutum,resto_mt,Demais MT,FALSE,2007,9536.780479011135,4587.03182445813,4894.423043198147,39.55139512487806,15.77421622998046,48.1,51.32,0.41,0.17,51.73
5106224,Nova Mutum,resto_mt,Demais MT,FALSE,2008,9536.781347870703,4561.1756385092785,4915.019205733067,44.827805311889676,15.75869831646727,47.83,51.54,0.47,0.17,52.01
5106224,Nova Mutum,resto_mt,Demais MT,FALSE,2009,9536.78308564993,4543.811193580224,4933.4586591052885,44.629949250915615,14.88328371350096,47.65,51.73,0.47,0.16,52.2
5106224,Nova Mutum,resto_mt,Demais MT,FALSE,2010,9536.783954514252,4531.010298523322,4946.470155932581,44.1727842047119,15.13071585363767,47.51,51.87,0.46,0.16,52.33
5106224,Nova Mutum,resto_mt,Demais MT,FALSE,2011,9536.778741259115,4518.199339873301,4962.451198687327,41.65079988543694,14.4774028130493,47.38,52.03,0.44,0.15,52.47
5106224,Nova Mutum,resto_mt,Demais MT,FALSE,2012,9536.777872324425,4506.809022883777,4979.793177494663,35.398425066894575,14.77724687908935,47.26,52.22,0.37,0.15,52.59
5106224,Nova Mutum,resto_mt,Demais MT,FALSE,2013,9536.777003612846,4471.96381455609,5016.815291966361,34.35960738946548,13.63828970092773,46.89,52.6,0.36,0.14,52.96
5106224,Nova Mutum,resto_mt,Demais MT,FALSE,2014,9536.7796101705,4465.044489105305,5025.122351869333,33.44245396990977,13.17031522595214,46.82,52.69,0.35,0.14,53.04
5106224,Nova Mutum,resto_mt,Demais MT,FALSE,2015,9536.781347966624,4446.981548618046,5042.405410454167,33.43380658093285,13.96058231347655,46.63,52.87,0.35,0.15,53.22
5106224,Nova Mutum,resto_mt,Demais MT,FALSE,2016,9536.780479100378,4440.745590431512,5048.747920456889,33.50222401074253,13.7847442012329,46.56,52.94,0.35,0.14,53.29
5106224,Nova Mutum,resto_mt,Demais MT,FALSE,2017,9536.782216661719,4433.25456643936,5055.183733165351,34.24037005755646,14.10354699945068,46.49,53.01,0.36,0.15,53.37
5106224,Nova Mutum,resto_mt,Demais MT,FALSE,2018,9536.783954441098,4435.012345351005,5052.184240699897,35.73780700164827,13.8495613885498,46.5,52.98,0.37,0.15,53.35
5106224,Nova Mutum,resto_mt,Demais MT,FALSE,2019,9536.785692182399,4432.2411238663435,5053.901128894606,36.41899477862553,14.22444464282226,46.48,52.99,0.38,0.15,53.37
5106224,Nova Mutum,resto_mt,Demais MT,FALSE,2020,9536.784823321002,4437.519905100365,5047.071872181028,38.1486154459839,14.04443059362792,46.53,52.92,0.4,0.15,53.32
5106224,Nova Mutum,resto_mt,Demais MT,FALSE,2021,9536.79351195919,4460.708712287889,5023.147747470066,40.06309884722905,12.8739533540039,46.77,52.67,0.42,0.13,53.09
5106232,Nova Olímpia,resto_mt,Demais MT,FALSE,2000,1327.2328441929528,732.5136565838424,588.6262959090373,3.865556293273924,2.227335406799317,55.19,44.35,0.29,0.17,44.64
5106232,Nova Olímpia,resto_mt,Demais MT,FALSE,2001,1327.2328447615532,719.3355173796715,601.4307355480805,4.01003754949952,2.456554284301756,54.2,45.31,0.3,0.19,45.61
5106232,Nova Olímpia,resto_mt,Demais MT,FALSE,2002,1327.2293846582816,703.7190173157703,616.8508870281192,4.082708202148451,2.576772112243652,53.02,46.48,0.31,0.19,46.79
5106232,Nova Olímpia,resto_mt,Demais MT,FALSE,2003,1327.233709120572,703.3796912029168,617.1114705261148,4.248810639038093,2.493736752502439,53,46.5,0.32,0.19,46.82
5106232,Nova Olímpia,resto_mt,Demais MT,FALSE,2004,1327.2354401347177,708.2193627148771,612.104887285624,4.288608089965825,2.622582044250486,53.36,46.12,0.32,0.2,46.44
5106232,Nova Olímpia,resto_mt,Demais MT,FALSE,2005,1327.2414962425419,689.1220530033906,631.2808951327061,4.343977666503908,2.494570439941404,51.92,47.56,0.33,0.19,47.89
5106232,Nova Olímpia,resto_mt,Demais MT,FALSE,2006,1327.2414962750756,681.7901378639892,638.5427259944604,4.34916808734131,2.559464329284667,51.37,48.11,0.33,0.19,48.44
5106232,Nova Olímpia,resto_mt,Demais MT,FALSE,2007,1327.2371702404698,691.3264194668988,629.0799842966425,4.36474129034424,2.466025186584472,52.09,47.4,0.33,0.19,47.73
5106232,Nova Olímpia,resto_mt,Demais MT,FALSE,2008,1327.2440901397088,683.7234990838449,636.9077532060713,4.377718069152837,2.235119780639646,51.51,47.99,0.33,0.17,48.32
5106232,Nova Olímpia,resto_mt,Demais MT,FALSE,2009,1327.2458199146038,689.7229247080451,630.7863724215855,4.481532683288578,2.254990101684569,51.97,47.53,0.34,0.17,47.87
5106232,Nova Olímpia,resto_mt,Demais MT,FALSE,2010,1327.2466839672816,697.0681111816793,623.6201553475529,4.510082921020511,2.048334517028806,52.52,46.99,0.34,0.15,47.33
5106232,Nova Olímpia,resto_mt,Demais MT,FALSE,2011,1327.2475494870507,689.7450435433161,630.572200416574,4.519600088684084,2.410705438476559,51.97,47.51,0.34,0.18,47.85
5106232,Nova Olímpia,resto_mt,Demais MT,FALSE,2012,1327.2458189340734,685.9344213339599,634.2989385105749,4.52998230206299,2.482476787475586,51.68,47.79,0.34,0.19,48.13
5106232,Nova Olímpia,resto_mt,Demais MT,FALSE,2013,1327.244954677472,689.9258120802336,630.4701591497286,4.573241676757811,2.275741770751951,51.98,47.5,0.34,0.17,47.84
5106232,Nova Olímpia,resto_mt,Demais MT,FALSE,2014,1327.2466845172046,690.7448337740738,629.7885842958649,4.667544517089844,2.045721930175779,52.04,47.45,0.35,0.15,47.8
5106232,Nova Olímpia,resto_mt,Demais MT,FALSE,2015,1327.2492795028684,689.900461178431,630.2385599529772,4.68052196710205,2.42973640435791,51.98,47.48,0.35,0.18,47.83
5106232,Nova Olímpia,resto_mt,Demais MT,FALSE,2016,1327.2518744140673,685.6273124595591,634.5160235673619,4.716860122314453,2.391678264831545,51.66,47.81,0.36,0.18,48.17
5106232,Nova Olímpia,resto_mt,Demais MT,FALSE,2017,1327.2492794665586,686.8973615725956,633.1257188096736,4.730704282226561,2.495494802062989,51.75,47.7,0.36,0.19,48.06
5106232,Nova Olímpia,resto_mt,Demais MT,FALSE,2018,1327.250144285763,692.3823432412369,627.7998386653146,4.809434073120125,2.258528306091309,52.17,47.3,0.36,0.17,47.66
5106232,Nova Olímpia,resto_mt,Demais MT,FALSE,2019,1327.251874253895,700.6289174831215,619.5662276201385,4.84663721038819,2.210091940246585,52.79,46.68,0.37,0.17,47.05
5106232,Nova Olímpia,resto_mt,Demais MT,FALSE,2020,1327.2466857596835,693.8700364826952,626.2499138650007,4.875187957458509,2.251547454528811,52.28,47.18,0.37,0.17,47.55
5106232,Nova Olímpia,resto_mt,Demais MT,FALSE,2021,1327.2579286753623,470.63843024989353,849.5514577939381,5.222119086547864,1.845921544982911,35.46,64.01,0.39,0.14,64.4
5106240,Nova Ubiratã,resto_mt,Demais MT,FALSE,2000,12460.694005830148,10233.4393182269,2188.664232092565,20.202636645385795,18.38781886529539,82.13,17.56,0.16,0.15,17.72
5106240,Nova Ubiratã,resto_mt,Demais MT,FALSE,2001,12460.695754805898,10044.235637188307,2379.3436242069474,23.553212608398464,13.56328080224608,80.61,19.09,0.19,0.11,19.28
5106240,Nova Ubiratã,resto_mt,Demais MT,FALSE,2002,12460.697502703944,9570.93446210536,2848.2515331920276,24.919283941162142,16.59222346539306,76.81,22.86,0.2,0.13,23.06
5106240,Nova Ubiratã,resto_mt,Demais MT,FALSE,2003,12460.695754926715,8816.56315857227,3602.5190209777975,24.383967824829195,17.22960755181883,70.75,28.91,0.2,0.14,29.11
5106240,Nova Ubiratã,resto_mt,Demais MT,FALSE,2004,12460.700126620392,8373.870487273738,4045.0864974961296,24.891508521667532,16.85163332885741,67.2,32.46,0.2,0.14,32.66
5106240,Nova Ubiratã,resto_mt,Demais MT,FALSE,2005,12460.702749828424,8195.80668120204,4225.222630681742,23.29849861926274,16.37493932537841,65.77,33.91,0.19,0.13,34.1
5106240,Nova Ubiratã,resto_mt,Demais MT,FALSE,2006,12460.697505372005,8093.783865373834,4327.739803064946,21.999133379882835,17.17470355334472,64.95,34.73,0.18,0.14,34.91
5106240,Nova Ubiratã,resto_mt,Demais MT,FALSE,2007,12460.6992538235,8001.878856231538,4421.294677301315,21.698036018859877,15.82768427178954,64.22,35.48,0.17,0.13,35.65
5106240,Nova Ubiratã,resto_mt,Demais MT,FALSE,2008,12460.692260802494,7777.39893276232,4645.297295810742,21.216440974487305,16.77959125494384,62.42,37.28,0.17,0.13,37.45
5106240,Nova Ubiratã,resto_mt,Demais MT,FALSE,2009,12460.69051071583,7740.027833614564,4683.959909538462,21.160557279480038,15.54221028332521,62.12,37.59,0.17,0.12,37.76
5106240,Nova Ubiratã,resto_mt,Demais MT,FALSE,2010,12460.686138975929,7733.216763860141,4692.595416054265,19.699321469543516,15.17463759197998,62.06,37.66,0.16,0.12,37.82
5106240,Nova Ubiratã,resto_mt,Demais MT,FALSE,2011,12460.688762366846,7633.34978001452,4791.860060501131,20.035094416320856,15.44382743487549,61.26,38.46,0.16,0.12,38.62
5106240,Nova Ubiratã,resto_mt,Demais MT,FALSE,2012,12460.692260905962,7569.9956882247725,4855.225839910439,19.933406827331602,15.53732594342041,60.75,38.96,0.16,0.12,39.12
5106240,Nova Ubiratã,resto_mt,Demais MT,FALSE,2013,12460.688761497617,7454.740106381138,4969.046358439538,23.901243614196698,13.00105306274417,59.83,39.88,0.19,0.1,40.07
5106240,Nova Ubiratã,resto_mt,Demais MT,FALSE,2014,12460.687888297887,7286.02420877877,5137.302450348464,22.7022701436767,14.65895902697754,58.47,41.23,0.18,0.12,41.41
5106240,Nova Ubiratã,resto_mt,Demais MT,FALSE,2015,12460.680892242492,7219.627652532603,5208.376312963245,17.99399315527349,14.68293359136962,57.94,41.8,0.14,0.12,41.94
5106240,Nova Ubiratã,resto_mt,Demais MT,FALSE,2016,12460.689636550724,7242.154272613242,5184.752388013837,18.234621966125538,15.54835395751953,58.12,41.61,0.15,0.12,41.76
5106240,Nova Ubiratã,resto_mt,Demais MT,FALSE,2017,12460.690511106166,7252.517435134498,5173.131944962941,18.478167932861403,16.56296307586669,58.2,41.52,0.15,0.13,41.67
5106240,Nova Ubiratã,resto_mt,Demais MT,FALSE,2018,12460.685266174054,7272.860903382256,5149.457587568348,21.835150440246615,16.53162478320313,58.37,41.33,0.18,0.13,41.51
5106240,Nova Ubiratã,resto_mt,Demais MT,FALSE,2019,12460.690511480774,7265.994610231146,5158.9666565089055,19.810837668701208,15.91840707202148,58.31,41.4,0.16,0.13,41.56
5106240,Nova Ubiratã,resto_mt,Demais MT,FALSE,2020,12460.690512613846,7273.75368711319,5150.400798695419,20.32319812371828,16.21282868151856,58.37,41.33,0.16,0.13,41.49
5106240,Nova Ubiratã,resto_mt,Demais MT,FALSE,2021,12460.719363061828,7325.45639115941,5093.245791889051,24.702483277526873,17.31469673583985,58.79,40.87,0.2,0.14,41.07
5106257,Nova Xavantina,resto_mt,Demais MT,FALSE,2000,5520.365337247455,2669.8141715534252,2801.228864042602,19.576344331604055,29.74595731982428,48.36,50.74,0.35,0.54,51.09
5106257,Nova Xavantina,resto_mt,Demais MT,FALSE,2001,5520.3653372474755,2611.308226636873,2859.613412938178,19.945311275573765,29.49838639685068,47.3,51.8,0.36,0.53,52.16
5106257,Nova Xavantina,resto_mt,Demais MT,FALSE,2002,5520.36533724761,2535.1019438948247,2935.4630790820943,19.611322357421912,30.18899191326917,45.92,53.18,0.36,0.55,53.54
5106257,Nova Xavantina,resto_mt,Demais MT,FALSE,2003,5520.3653372477365,2459.347031400882,3010.8867537847213,19.818772139526406,30.31277992260751,44.55,54.54,0.36,0.55,54.9
5106257,Nova Xavantina,resto_mt,Demais MT,FALSE,2004,5520.365337247808,2403.165247366753,3066.8971461041997,20.15034468664553,30.15259909021002,43.53,55.56,0.37,0.55,55.93
5106257,Nova Xavantina,resto_mt,Demais MT,FALSE,2005,5520.365337247813,2369.264334938238,3100.4234590672036,20.994930675292938,29.68261256707775,42.92,56.16,0.38,0.54,56.54
5106257,Nova Xavantina,resto_mt,Demais MT,FALSE,2006,5520.365337247736,2332.710710114689,3135.518339804189,21.46138655181882,30.67490077703867,42.26,56.8,0.39,0.56,57.19
5106257,Nova Xavantina,resto_mt,Demais MT,FALSE,2007,5520.365337247746,2324.314708623357,3144.6296389327995,21.930695625915508,29.49029406567397,42.1,56.96,0.4,0.53,57.36
5106257,Nova Xavantina,resto_mt,Demais MT,FALSE,2008,5520.365337247721,2314.5398012272367,3154.8565746680674,21.828353467041,29.14060788537608,41.93,57.15,0.4,0.53,57.55
5106257,Nova Xavantina,resto_mt,Demais MT,FALSE,2009,5520.365337247704,2303.556711713859,3165.5811853684404,22.167952328674296,29.0594878367311,41.73,57.34,0.4,0.53,57.74
5106257,Nova Xavantina,resto_mt,Demais MT,FALSE,2010,5520.3653372477465,2313.957314426229,3156.086786280074,21.9536263062744,28.36761023516859,41.92,57.17,0.4,0.51,57.57
5106257,Nova Xavantina,resto_mt,Demais MT,FALSE,2011,5520.365337247828,2331.2015983404212,3139.3446650895967,21.472259940429687,28.3468138773805,42.23,56.87,0.39,0.51,57.26
5106257,Nova Xavantina,resto_mt,Demais MT,FALSE,2012,5520.365337247821,2328.1963154574087,3142.86346195301,21.434909852600093,27.87064998480237,42.17,56.93,0.39,0.5,57.32
5106257,Nova Xavantina,resto_mt,Demais MT,FALSE,2013,5520.365337247638,2304.863964125382,3168.0263517329745,20.605963524719243,26.86905786456305,41.75,57.39,0.37,0.49,57.76
5106257,Nova Xavantina,resto_mt,Demais MT,FALSE,2014,5520.365337247822,2275.368186825882,3197.5447164225507,20.9098782939453,26.54255570544436,41.22,57.92,0.38,0.48,58.3
5106257,Nova Xavantina,resto_mt,Demais MT,FALSE,2015,5520.365337247721,2232.0463640174776,3241.2178746112254,20.97927987762449,26.12181874139406,40.43,58.71,0.38,0.47,59.09
5106257,Nova Xavantina,resto_mt,Demais MT,FALSE,2016,5520.365337247763,2202.205567784685,3271.8033468143344,21.07861396063229,25.27780868811038,39.89,59.27,0.38,0.46,59.65
5106257,Nova Xavantina,resto_mt,Demais MT,FALSE,2017,5520.365337247778,2193.732871499053,3280.2006571179872,21.100346813415495,25.33146181732182,39.74,59.42,0.38,0.46,59.8
5106257,Nova Xavantina,resto_mt,Demais MT,FALSE,2018,5520.365337247766,2195.5862481291215,3278.469856424918,21.079019352356,25.23021334136965,39.77,59.39,0.38,0.46,59.77
5106257,Nova Xavantina,resto_mt,Demais MT,FALSE,2019,5520.365337247771,2211.753283855506,3262.3715317287515,21.087337584289607,25.15318407922367,40.07,59.1,0.38,0.46,59.48
5106257,Nova Xavantina,resto_mt,Demais MT,FALSE,2020,5520.365337247812,2213.443721459991,3259.83548081077,21.541542783996636,25.54459219305422,40.1,59.05,0.39,0.46,59.44
5106257,Nova Xavantina,resto_mt,Demais MT,FALSE,2021,5520.365337247866,2144.606685483308,3330.733179461701,20.795116355896006,24.23035594696049,38.85,60.34,0.38,0.44,60.72
5106265,Novo Mundo,resto_mt,Demais MT,FALSE,2000,5800.7572971757645,4224.530089312568,1504.336378881873,29.79770687725835,42.09312210406512,72.83,25.93,0.51,0.73,26.44
5106265,Novo Mundo,resto_mt,Demais MT,FALSE,2001,5800.741434997677,4079.845180283204,1650.451908124202,31.00231574096679,39.44203084930431,70.33,28.45,0.53,0.68,28.98
5106265,Novo Mundo,resto_mt,Demais MT,FALSE,2002,5800.7555338193715,3835.6113608441615,1892.6252502542625,30.78300796521003,41.73591475573747,66.12,32.63,0.53,0.72,33.16
5106265,Novo Mundo,resto_mt,Demais MT,FALSE,2003,5800.759055810638,3555.325054150192,2170.791494354659,31.00141615148925,43.64109115429704,61.29,37.42,0.53,0.75,37.95
5106265,Novo Mundo,resto_mt,Demais MT,FALSE,2004,5800.7652264953595,3487.4464946608264,2237.1356247001336,31.475099072082454,44.70800806231702,60.12,38.57,0.54,0.77,39.11
5106265,Novo Mundo,resto_mt,Demais MT,FALSE,2005,5800.761699823496,3399.012668669224,2325.3737562698734,31.807102095397813,44.5681727890016,58.6,40.09,0.55,0.77,40.64
5106265,Novo Mundo,resto_mt,Demais MT,FALSE,2006,5800.762580662432,3299.6416631979,2423.835302938775,31.937459031921254,45.34815549383562,56.88,41.78,0.55,0.78,42.33
5106265,Novo Mundo,resto_mt,Demais MT,FALSE,2007,5800.761700324592,3280.7955937353654,2442.766590700738,32.523852852233865,44.67566303625507,56.56,42.11,0.56,0.77,42.67
5106265,Novo Mundo,resto_mt,Demais MT,FALSE,2008,5800.752004881479,3241.464787514857,2480.180408716109,32.88934248645013,46.21746616406263,55.88,42.76,0.57,0.8,43.33
5106265,Novo Mundo,resto_mt,Demais MT,FALSE,2009,5800.759053089606,3235.7392263232664,2484.8881589817934,33.1024110301514,47.02925675439469,55.78,42.84,0.57,0.81,43.41
5106265,Novo Mundo,resto_mt,Demais MT,FALSE,2010,5800.768752368134,3227.49440972272,2493.4338563951096,33.70483053656016,46.1356557137453,55.64,42.98,0.58,0.8,43.56
5106265,Novo Mundo,resto_mt,Demais MT,FALSE,2011,5800.7678771693645,3202.6812343147512,2518.263063636901,34.29136110272214,45.53221811499039,55.21,43.41,0.59,0.78,44
5106265,Novo Mundo,resto_mt,Demais MT,FALSE,2012,5800.767876019371,3210.0989897184973,2508.775374693635,36.50396386694319,45.38954774029557,55.34,43.25,0.63,0.78,43.88
5106265,Novo Mundo,resto_mt,Demais MT,FALSE,2013,5800.773165188774,3192.4464129712546,2524.2772774178993,40.0644876470944,43.98498715252698,55.03,43.52,0.69,0.76,44.21
5106265,Novo Mundo,resto_mt,Demais MT,FALSE,2014,5800.774049329835,3130.7162995764274,2582.434961898306,43.23858923168921,44.38419862341318,53.97,44.52,0.75,0.77,45.27
5106265,Novo Mundo,resto_mt,Demais MT,FALSE,2015,5800.769640926146,3097.613507151334,2613.0032269171465,46.30364056787084,43.84926628979505,53.4,45.05,0.8,0.76,45.85
5106265,Novo Mundo,resto_mt,Demais MT,FALSE,2016,5800.77228001967,3055.072874316031,2653.0532359850104,48.792654324096624,43.85351539453136,52.67,45.74,0.84,0.76,46.58
5106265,Novo Mundo,resto_mt,Demais MT,FALSE,2017,5800.778453251975,3031.0425930114084,2673.552383877347,52.167099945312586,44.01637641790784,52.25,46.09,0.9,0.76,46.99
5106265,Novo Mundo,resto_mt,Demais MT,FALSE,2018,5800.776691283306,3079.0151272402386,2621.898177833288,54.90814500152635,44.95524120825208,53.08,45.2,0.95,0.77,46.15
5106265,Novo Mundo,resto_mt,Demais MT,FALSE,2019,5800.766995557533,3096.4868383401754,2601.7621555556134,57.34956455218599,45.16843710955821,53.38,44.85,0.99,0.78,45.84
5106265,Novo Mundo,resto_mt,Demais MT,FALSE,2020,5800.763466602291,3092.830831728166,2603.5433825076693,59.459690147278735,44.92956221917733,53.32,44.88,1.03,0.77,45.91
5106265,Novo Mundo,resto_mt,Demais MT,FALSE,2021,5800.841041299153,3150.3839204076125,2546.100454587219,60.55587101538176,43.80079528894056,54.31,43.89,1.04,0.76,44.93
5106273,Novo Horizonte do Norte,resto_mt,Demais MT,FALSE,2000,920.0422932444109,347.6646375318199,567.5264346823175,0.8803304925537134,3.970890537719721,37.79,61.68,0.1,0.43,61.78
5106273,Novo Horizonte do Norte,resto_mt,Demais MT,FALSE,2001,920.0422932444302,311.0120721060868,604.1579376815563,0.8803304925537134,3.991952964233393,33.8,65.67,0.1,0.43,65.77
5106273,Novo Horizonte do Norte,resto_mt,Demais MT,FALSE,2002,920.0422932444267,298.297761350472,616.7433631298557,0.8969903210449246,4.104178443054194,32.42,67.03,0.1,0.45,67.13
5106273,Novo Horizonte do Norte,resto_mt,Demais MT,FALSE,2003,920.0422932443848,302.98638004687734,612.0161698323342,0.9013745058593778,4.13836885931396,32.93,66.52,0.1,0.45,66.62
5106273,Novo Horizonte do Norte,resto_mt,Demais MT,FALSE,2004,920.0422932443682,289.6660643261187,625.318069933142,0.9022513079834014,4.155907677124019,31.48,67.97,0.1,0.45,68.07
5106273,Novo Horizonte do Norte,resto_mt,Demais MT,FALSE,2005,920.0422932443571,289.9305274875528,625.04132884677006,0.9031281360473662,4.167308773986812,31.51,67.94,0.1,0.45,68.04
5106273,Novo Horizonte do Norte,resto_mt,Demais MT,FALSE,2006,920.0422932443358,291.01047379577716,624.0394183120229,0.9250482561645538,4.067352880371088,31.63,67.83,0.1,0.44,67.93
5106273,Novo Horizonte do Norte,resto_mt,Demais MT,FALSE,2007,920.0422932443446,293.4892652239404,621.53433554787,0.9338163463745146,4.0848761261596636,31.9,67.55,0.1,0.44,67.65
5106273,Novo Horizonte do Norte,resto_mt,Demais MT,FALSE,2008,920.0422932443454,290.5378009999443,624.4419484559488,0.9346931517334014,4.127850636718745,31.58,67.87,0.1,0.45,67.97
5106273,Novo Horizonte do Norte,resto_mt,Demais MT,FALSE,2009,920.042293244353,288.5632128666459,626.4051503435884,0.9443383259277373,4.129591708190914,31.36,68.08,0.1,0.45,68.18
5106273,Novo Horizonte do Norte,resto_mt,Demais MT,FALSE,2010,920.0422932443806,285.5381081879361,629.2820554785027,0.966258773986818,4.255870803955072,31.04,68.4,0.11,0.46,68.51
5106273,Novo Horizonte do Norte,resto_mt,Demais MT,FALSE,2011,920.0422932443643,281.85092289606837,633.1367196524341,0.9776574019165049,4.076993293945309,30.63,68.82,0.11,0.44,68.93
5106273,Novo Horizonte do Norte,resto_mt,Demais MT,FALSE,2012,920.0422932443595,290.0786101087087,624.852035929291,0.9811647222290047,4.130482484130855,31.53,67.92,0.11,0.45,68.03
5106273,Novo Horizonte do Norte,resto_mt,Demais MT,FALSE,2013,920.042293244335,290.36368702454195,624.7686389692437,1.022375073425293,3.887592177124019,31.56,67.91,0.11,0.42,68.02
5106273,Novo Horizonte do Norte,resto_mt,Demais MT,FALSE,2014,920.0422932443383,289.7264630301574,625.502301035348,1.025005564086914,3.788523614746089,31.49,67.99,0.11,0.41,68.1
5106273,Novo Horizonte do Norte,resto_mt,Demais MT,FALSE,2015,920.0422932444081,291.20662839215436,623.8730662901811,1.02588238079834,3.936716181274409,31.65,67.81,0.11,0.43,67.92
5106273,Novo Horizonte do Norte,resto_mt,Demais MT,FALSE,2016,920.0422932444123,292.0065411226217,623.0880763789318,1.034650568969726,3.913025173889156,31.74,67.72,0.11,0.43,67.83
5106273,Novo Horizonte do Norte,resto_mt,Demais MT,FALSE,2017,920.0422932444066,293.3709459961563,621.7113973559774,1.045172516174316,3.914777376098629,31.89,67.57,0.11,0.43,67.68
5106273,Novo Horizonte do Norte,resto_mt,Demais MT,FALSE,2018,920.0422932443814,292.5318317874767,622.5031512614091,1.054817544555662,3.952492650939938,31.8,67.66,0.11,0.43,67.77
5106273,Novo Horizonte do Norte,resto_mt,Demais MT,FALSE,2019,920.0422932444031,290.93866210974363,624.0726650595863,1.058324855163572,3.972641219909664,31.62,67.83,0.12,0.43,67.95
5106273,Novo Horizonte do Norte,resto_mt,Demais MT,FALSE,2020,920.0422932444039,293.7577098991171,621.2150393078113,1.060078483703611,4.009465553771969,31.93,67.52,0.12,0.44,67.64
5106273,Novo Horizonte do Norte,resto_mt,Demais MT,FALSE,2021,920.0422932443906,300.74934950067774,614.4496091320185,1.077614818176267,3.765719793518062,32.69,66.78,0.12,0.41,66.9
5106281,Novo São Joaquim,resto_mt,Demais MT,FALSE,2000,5225.594904633402,2602.265708302594,2600.054172270566,5.057189613586427,18.21783444665526,49.8,49.76,0.1,0.35,49.86
5106281,Novo São Joaquim,resto_mt,Demais MT,FALSE,2001,5225.594904633375,2530.0223518417943,2674.4337131313637,4.469149884765629,16.66968977545165,48.42,51.18,0.09,0.32,51.27
5106281,Novo São Joaquim,resto_mt,Demais MT,FALSE,2002,5225.594904633442,2484.3657194403672,2720.785386903035,3.76712317938233,16.67667511065672,47.54,52.07,0.07,0.32,52.14
5106281,Novo São Joaquim,resto_mt,Demais MT,FALSE,2003,5225.594904633463,2417.6412375090845,2788.7730635278194,3.735173885620122,15.44542971093748,46.27,53.37,0.07,0.3,53.44
5106281,Novo São Joaquim,resto_mt,Demais MT,FALSE,2004,5225.594904633528,2363.7053350196,2842.542988887854,3.686029505187993,15.66055122088621,45.23,54.4,0.07,0.3,54.47
5106281,Novo São Joaquim,resto_mt,Demais MT,FALSE,2005,5225.594904633129,2336.850036367122,2869.7507158341227,3.7223949940795933,15.27175743780515,44.72,54.92,0.07,0.29,54.99
5106281,Novo São Joaquim,resto_mt,Demais MT,FALSE,2006,5225.594904633533,2309.000959590343,2897.411592621742,3.87607380426026,15.30627861718747,44.19,55.45,0.07,0.29,55.52
5106281,Novo São Joaquim,resto_mt,Demais MT,FALSE,2007,5225.594904633586,2288.0040754711144,2918.685838108822,3.708467880310065,15.19652317333982,43.78,55.85,0.07,0.29,55.92
5106281,Novo São Joaquim,resto_mt,Demais MT,FALSE,2008,5225.594904633495,2252.999437598642,2953.363146663882,3.8821391303711,15.35018124060057,43.11,56.52,0.07,0.29,56.59
5106281,Novo São Joaquim,resto_mt,Demais MT,FALSE,2009,5225.594904633378,2223.5006792251816,2983.3052105076235,3.64292400549317,15.14609089508055,42.55,57.09,0.07,0.29,57.16
5106281,Novo São Joaquim,resto_mt,Demais MT,FALSE,2010,5225.594904633306,2213.0317164872786,2994.035136277253,3.4226569125976622,15.10539495617674,42.35,57.3,0.07,0.29,57.37
5106281,Novo São Joaquim,resto_mt,Demais MT,FALSE,2011,5225.594904633327,2194.3554424090494,3012.6578749126934,3.533311317016606,15.04827599456786,41.99,57.65,0.07,0.29,57.72
5106281,Novo São Joaquim,resto_mt,Demais MT,FALSE,2012,5225.594904633347,2159.7909281060683,3047.1316687589065,3.6094033141479507,15.06290445422363,41.33,58.31,0.07,0.29,58.38
5106281,Novo São Joaquim,resto_mt,Demais MT,FALSE,2013,5225.594904633096,2114.8770332469708,3092.4915447384815,3.663811039916995,14.56251560772704,40.47,59.18,0.07,0.28,59.25
5106281,Novo São Joaquim,resto_mt,Demais MT,FALSE,2014,5225.594904633119,2089.8454843286167,3117.4151054605686,3.7329078090820333,14.60140703485106,39.99,59.66,0.07,0.28,59.73
5106281,Novo São Joaquim,resto_mt,Demais MT,FALSE,2015,5225.59490463309,2059.9482325059457,3147.3839986913526,3.7337671606445317,14.52890627514647,39.42,60.23,0.07,0.28,60.3
5106281,Novo São Joaquim,resto_mt,Demais MT,FALSE,2016,5225.594904633138,2033.9890297805657,3173.1720770727875,4.130444650085449,14.30335312969969,38.92,60.72,0.08,0.27,60.8
5106281,Novo São Joaquim,resto_mt,Demais MT,FALSE,2017,5225.594904633046,2022.8994165702595,3183.820909738141,4.551325631530761,14.32325269311522,38.71,60.93,0.09,0.27,61.02
5106281,Novo São Joaquim,resto_mt,Demais MT,FALSE,2018,5225.594904633025,2023.0499136996289,3183.5278893167583,4.736182555603027,14.28091906103514,38.71,60.92,0.09,0.27,61.01
5106281,Novo São Joaquim,resto_mt,Demais MT,FALSE,2019,5225.594904633146,2028.3771380890403,3178.2456068053975,4.606696835205077,14.36546290350341,38.82,60.82,0.09,0.27,60.91
5106281,Novo São Joaquim,resto_mt,Demais MT,FALSE,2020,5225.594904633445,2030.040261389999,3176.7095051758197,4.478823269958494,14.36631479766844,38.85,60.79,0.09,0.27,60.88
5106281,Novo São Joaquim,resto_mt,Demais MT,FALSE,2021,5225.594904633151,2005.0890956695287,3201.9802644058823,4.275854816589359,14.24968974114989,38.37,61.27,0.08,0.27,61.35
5106299,Paranaíta,resto_mt,Demais MT,FALSE,2000,4814.332675240681,3462.832015905558,1258.0802067696927,28.674497372253413,64.74595519317683,71.93,26.13,0.6,1.34,26.73
5106299,Paranaíta,resto_mt,Demais MT,FALSE,2001,4814.334437085472,3384.1594038688836,1335.2031877801255,28.967353073486205,66.00449236297689,70.29,27.73,0.6,1.37,28.33
5106299,Paranaíta,resto_mt,Demais MT,FALSE,2002,4814.333556269644,3277.1633866372767,1441.3310683476386,29.14554327648915,66.69355800824036,68.07,29.94,0.61,1.39,30.55
5106299,Paranaíta,resto_mt,Demais MT,FALSE,2003,4814.337963223203,3153.8997791175993,1563.7655932337766,29.19669682702626,67.47589404480055,65.51,32.48,0.61,1.4,33.09
5106299,Paranaíta,resto_mt,Demais MT,FALSE,2004,4814.337963100594,2980.342010778492,1737.2468128517035,29.374882094848484,67.37425737554997,61.91,36.08,0.61,1.4,36.69
5106299,Paranaíta,resto_mt,Demais MT,FALSE,2005,4814.3335559644365,2852.691946160988,1866.307025002484,29.545131309142903,65.78945349182212,59.25,38.77,0.61,1.37,39.38
5106299,Paranaíta,resto_mt,Demais MT,FALSE,2006,4814.334437694735,2735.4374269176583,1982.6869055898198,29.55128458325179,66.65882060400477,56.82,41.18,0.61,1.38,41.79
5106299,Paranaíta,resto_mt,Demais MT,FALSE,2007,4814.338843527348,2701.7601677951293,2015.8773594206957,29.52746377758772,67.17385253393634,56.12,41.87,0.61,1.4,42.48
5106299,Paranaíta,resto_mt,Demais MT,FALSE,2008,4814.337963030179,2702.3661432701247,2016.1586369116042,29.53629283703598,66.27689001141437,56.13,41.88,0.61,1.38,42.49
5106299,Paranaíta,resto_mt,Demais MT,FALSE,2009,4814.335317655034,2696.176656477238,2021.0478876598506,29.523921454284547,67.58685206366049,56,41.98,0.61,1.4,42.59
5106299,Paranaíta,resto_mt,Demais MT,FALSE,2010,4814.336199682902,2677.2436018484536,2042.101777812169,29.534504974059935,65.45631504821873,55.61,42.42,0.61,1.36,43.03
5106299,Paranaíta,resto_mt,Demais MT,FALSE,2011,4814.337080715721,2655.0740580276592,2061.5161347408557,29.546854413391006,68.2000335338144,55.15,42.82,0.61,1.42,43.43
5106299,Paranaíta,resto_mt,Demais MT,FALSE,2012,4814.3414870678125,2655.694369802719,2061.37130358034,29.52126875189201,67.75454493286223,55.16,42.82,0.61,1.41,43.43
5106299,Paranaíta,resto_mt,Demais MT,FALSE,2013,4814.339724729788,2652.0251701796883,2065.111209262257,29.508913851867597,67.69443143597515,55.09,42.9,0.61,1.41,43.51
5106299,Paranaíta,resto_mt,Demais MT,FALSE,2014,4814.337962192123,2633.672546424031,2083.4677593147835,29.545062241332943,67.65259421197602,54.7,43.28,0.61,1.41,43.89
5106299,Paranaíta,resto_mt,Demais MT,FALSE,2015,4814.338842848569,2563.3720992268263,2102.082034301125,28.798719168823208,120.0859901517933,53.24,43.66,0.6,2.49,44.26
5106299,Paranaíta,resto_mt,Demais MT,FALSE,2016,4814.342368120733,2522.7366905038803,2142.749895953707,28.740447942749007,120.1153337203968,52.4,44.51,0.6,2.49,45.11
5106299,Paranaíta,resto_mt,Demais MT,FALSE,2017,4814.343249403046,2488.5889537851235,2172.9675664907863,28.711336794067353,124.0753923330688,51.69,45.14,0.6,2.58,45.74
5106299,Paranaíta,resto_mt,Demais MT,FALSE,2018,4814.3414871492405,2448.792194223995,2194.1255256525415,28.69280562292477,142.7309616497795,50.86,45.57,0.6,2.96,46.17
5106299,Paranaíta,resto_mt,Demais MT,FALSE,2019,4814.343249630158,2423.0780404966476,2217.927429209135,28.761598869262652,144.5761810551137,50.33,46.07,0.6,3,46.67
5106299,Paranaíta,resto_mt,Demais MT,FALSE,2020,4814.3432487190985,2413.14380620517,2225.8049516228766,28.737778237426735,146.6567126536247,50.12,46.23,0.6,3.05,46.83
5106299,Paranaíta,resto_mt,Demais MT,FALSE,2021,4814.3520627492235,2446.7875473075455,2192.2628240980507,28.87360594354238,146.4280854000849,50.82,45.54,0.6,3.04,46.14
5106307,Paranatinga,resto_mt,Demais MT,FALSE,2000,24166.524944953075,16650.061663045653,7347.078333626906,113.33826930871506,56.04667897180183,68.9,30.4,0.47,0.23,30.87
5106307,Paranatinga,resto_mt,Demais MT,FALSE,2001,24166.51449436184,16599.729123053774,7405.240702795616,113.77332846527037,47.77134004718025,68.69,30.64,0.47,0.2,31.11
5106307,Paranatinga,resto_mt,Demais MT,FALSE,2002,24166.517104740167,16476.185619162567,7527.792654294826,111.33627352557289,51.2025577572022,68.18,31.15,0.46,0.21,31.61
5106307,Paranatinga,resto_mt,Demais MT,FALSE,2003,24166.519709145512,15976.030510327975,8023.436299199186,114.5953465999138,52.45755301843269,66.11,33.2,0.47,0.22,33.67
5106307,Paranatinga,resto_mt,Demais MT,FALSE,2004,24166.520589052303,15793.318924108367,8202.179190799467,119.34892200854367,51.67355213592535,65.35,33.94,0.49,0.21,34.43
5106307,Paranatinga,resto_mt,Demais MT,FALSE,2005,24166.523193497396,15593.13036121614,8401.51782010285,119.88202971087493,51.99298246752937,64.52,34.77,0.5,0.22,35.27
5106307,Paranatinga,resto_mt,Demais MT,FALSE,2006,24166.510983317894,15463.310449619707,8527.9269607873,122.76122845837314,52.51234445251469,63.99,35.29,0.51,0.22,35.8
5106307,Paranatinga,resto_mt,Demais MT,FALSE,2007,24166.5101122294,15420.162205457013,8571.951449958424,123.43577453765748,50.96068227630622,63.81,35.47,0.51,0.21,35.98
5106307,Paranatinga,resto_mt,Demais MT,FALSE,2008,24166.516228286644,15300.510832410304,8690.730654371768,121.32397169091726,53.95076981365968,63.31,35.96,0.5,0.22,36.46
5106307,Paranatinga,resto_mt,Demais MT,FALSE,2009,24166.517967531603,15260.515625128199,8733.576653076443,119.89307727294847,52.53261205401613,63.15,36.14,0.5,0.22,36.64
5106307,Paranatinga,resto_mt,Demais MT,FALSE,2010,24166.5257943798,15233.683690018983,8765.314805185035,115.46640600988718,52.06089316589357,63.04,36.27,0.48,0.22,36.75
5106307,Paranatinga,resto_mt,Demais MT,FALSE,2011,24166.53363740943,15258.611653793843,8743.481730819018,113.22845482775762,51.21179796881103,63.14,36.18,0.47,0.21,36.65
5106307,Paranatinga,resto_mt,Demais MT,FALSE,2012,24166.52666002373,15214.024101292733,8789.387389290021,112.61890258080955,50.49626686016846,62.95,36.37,0.47,0.21,36.84
5106307,Paranatinga,resto_mt,Demais MT,FALSE,2013,24166.52230734299,15130.54789654773,8877.058352562046,113.86722096697872,45.04883726623538,62.61,36.73,0.47,0.19,37.2
5106307,Paranatinga,resto_mt,Demais MT,FALSE,2014,24166.520558739023,15050.44682174081,8963.243154416425,107.82966539086836,45.00091719091793,62.28,37.09,0.45,0.19,37.54
5106307,Paranatinga,resto_mt,Demais MT,FALSE,2015,24166.517970949775,14962.842941635208,9057.719892618828,100.89293138128585,45.06220531445317,61.92,37.48,0.42,0.19,37.9
5106307,Paranatinga,resto_mt,Demais MT,FALSE,2016,24166.52145214998,14969.066115812186,9054.439269789576,97.2765832238766,45.73948332434084,61.94,37.47,0.4,0.19,37.87
5106307,Paranatinga,resto_mt,Demais MT,FALSE,2017,24166.51709213977,14962.705294448486,9062.714089166258,95.79417517608631,45.30353334893798,61.92,37.5,0.4,0.19,37.9
5106307,Paranatinga,resto_mt,Demais MT,FALSE,2018,24166.513596221866,14878.664623587312,9146.317281177953,95.16965376892061,46.3620376876831,61.57,37.85,0.39,0.19,38.24
5106307,Paranatinga,resto_mt,Demais MT,FALSE,2019,24166.524062514647,14865.886800977682,9161.425322368998,94.13491830371079,45.07702086425781,61.51,37.91,0.39,0.19,38.3
5106307,Paranatinga,resto_mt,Demais MT,FALSE,2020,24166.51797015645,14876.50904932468,9149.333979043558,95.34553728155483,45.32940450665284,61.56,37.86,0.39,0.19,38.25
5106307,Paranatinga,resto_mt,Demais MT,FALSE,2021,24166.565916540865,14972.323014122505,9061.399616954188,92.27597700207508,40.56730846209714,61.95,37.5,0.38,0.17,37.88
5106315,Novo Santo Antônio,resto_mt,Demais MT,FALSE,2000,4394.787717668259,4016.0352819131913,226.3322935654317,6.7726745680541915,145.6474676215821,91.38,5.15,0.15,3.31,5.3
5106315,Novo Santo Antônio,resto_mt,Demais MT,FALSE,2001,4394.7868440421325,4016.19072914943,228.97247669787797,7.886646250854489,141.7369919439701,91.39,5.21,0.18,3.23,5.39
5106315,Novo Santo Antônio,resto_mt,Demais MT,FALSE,2002,4394.786844041239,4006.6863883356095,237.55773042914086,8.378841637268064,142.1638836392216,91.17,5.41,0.19,3.23,5.6
5106315,Novo Santo Antônio,resto_mt,Demais MT,FALSE,2003,4394.785096752864,3991.2483223428267,251.07829513714844,8.550106059448241,143.9083732134402,90.82,5.71,0.19,3.27,5.9
5106315,Novo Santo Antônio,resto_mt,Demais MT,FALSE,2004,4394.78771767,3975.2840586826323,267.8169182981584,8.868290899414058,142.8184497897954,90.45,6.09,0.2,3.25,6.29
5106315,Novo Santo Antônio,resto_mt,Demais MT,FALSE,2005,4394.785970373717,3956.018719736079,287.8830534086941,8.969553715698236,141.9146435132449,90.02,6.55,0.2,3.23,6.75
5106315,Novo Santo Antônio,resto_mt,Demais MT,FALSE,2006,4394.786843998041,3937.3831839953505,307.2266942405437,9.787820071960448,140.3891456901861,89.59,6.99,0.22,3.19,7.21
5106315,Novo Santo Antônio,resto_mt,Demais MT,FALSE,2007,4394.788591300476,3934.0217519135726,310.98009880993607,10.298656452209478,139.4880841247566,89.52,7.08,0.23,3.17,7.31
5106315,Novo Santo Antônio,resto_mt,Demais MT,FALSE,2008,4394.788591290748,3932.8961804387573,312.5597372344974,10.87421802124024,138.4584555962529,89.49,7.11,0.25,3.15,7.36
5106315,Novo Santo Antônio,resto_mt,Demais MT,FALSE,2009,4394.785970395731,3931.345148967077,316.84441159796444,11.321947214721689,135.2744626159678,89.45,7.21,0.26,3.08,7.47
5106315,Novo Santo Antônio,resto_mt,Demais MT,FALSE,2010,4394.784223051984,3933.4294113163223,315.3655083999676,11.22166287329102,134.7676404624029,89.5,7.18,0.26,3.07,7.44
5106315,Novo Santo Antônio,resto_mt,Demais MT,FALSE,2011,4394.783349398547,3932.1188472926483,316.64070320740115,10.808381960510262,135.2154169379887,89.47,7.2,0.25,3.08,7.45
5106315,Novo Santo Antônio,resto_mt,Demais MT,FALSE,2012,4394.782475761927,3917.93224605245,332.6365481431923,9.673639558349615,134.5400420079356,89.15,7.57,0.22,3.06,7.79
5106315,Novo Santo Antônio,resto_mt,Demais MT,FALSE,2013,4394.783349462878,3907.8614667743363,345.4616392286401,9.789898188232433,131.6703452716687,88.92,7.86,0.22,3,8.08
5106315,Novo Santo Antônio,resto_mt,Demais MT,FALSE,2014,4394.782475717873,3902.705875184729,352.3942096975116,9.78560424548341,129.8967865901499,88.8,8.02,0.22,2.96,8.24
5106315,Novo Santo Antônio,resto_mt,Demais MT,FALSE,2015,4394.784223033487,3908.087056933693,349.05559966052357,9.516446561706557,128.125119877564,88.93,7.94,0.22,2.92,8.16
5106315,Novo Santo Antônio,resto_mt,Demais MT,FALSE,2016,4394.78334937488,3898.8808799327403,360.31040857659946,9.126654103027349,126.4654067625129,88.72,8.2,0.21,2.88,8.41
5106315,Novo Santo Antônio,resto_mt,Demais MT,FALSE,2017,4394.785096626193,3888.2543578625796,372.0808535065331,8.311700291015628,126.1381849660649,88.47,8.47,0.19,2.87,8.66
5106315,Novo Santo Antônio,resto_mt,Demais MT,FALSE,2018,4394.781602116575,3885.8228992109953,374.377208538758,8.176104670898441,126.4053896959233,88.42,8.52,0.19,2.88,8.71
5106315,Novo Santo Antônio,resto_mt,Demais MT,FALSE,2019,4394.776360187401,3885.5464861455907,376.1780408276986,8.035861593200686,125.0159716209113,88.41,8.56,0.18,2.84,8.74
5106315,Novo Santo Antônio,resto_mt,Demais MT,FALSE,2020,4394.775486592847,3870.259506895883,391.43112200775516,8.074533807434086,125.0103238817755,88.07,8.91,0.18,2.84,9.09
5106315,Novo Santo Antônio,resto_mt,Demais MT,FALSE,2021,4394.79295952343,3832.3155291121757,432.43345947314293,11.10611432971191,118.9378566083994,87.2,9.84,0.25,2.71,10.09
5106372,Pedra Preta,resto_mt,Demais MT,FALSE,2000,3841.6751365617724,1281.824080970578,2545.0270391814042,7.846353536682127,6.977662873107911,33.37,66.25,0.2,0.18,66.45
5106372,Pedra Preta,resto_mt,Demais MT,FALSE,2001,3841.675136561601,1280.226194730042,2547.010640570085,8.03310849749755,6.405192763977058,33.32,66.3,0.21,0.17,66.51
5106372,Pedra Preta,resto_mt,Demais MT,FALSE,2002,3841.6751365620157,1280.239318746765,2546.5655292703286,8.309153554748526,6.561134990173342,33.33,66.29,0.22,0.17,66.51
5106372,Pedra Preta,resto_mt,Demais MT,FALSE,2003,3841.675136561491,1283.3458586348959,2543.728976942586,8.310060013671869,6.290240970336916,33.41,66.21,0.22,0.16,66.43
5106372,Pedra Preta,resto_mt,Demais MT,FALSE,2004,3841.6751365620134,1272.3032101357446,2554.458097014953,9.071881888061515,5.841947523254393,33.12,66.49,0.24,0.15,66.73
5106372,Pedra Preta,resto_mt,Demais MT,FALSE,2005,3841.675136561869,1273.0036626328788,2553.5728117005965,9.403320533020015,5.695341695373532,33.14,66.47,0.24,0.15,66.71
5106372,Pedra Preta,resto_mt,Demais MT,FALSE,2006,3841.675136561773,1275.92865872273,2550.817569298455,9.454615483459467,5.474293057128911,33.21,66.4,0.25,0.14,66.65
5106372,Pedra Preta,resto_mt,Demais MT,FALSE,2007,3841.6751365619416,1269.2886813312475,2557.2967008097958,9.604353322875966,5.485401098022467,33.04,66.57,0.25,0.14,66.82
5106372,Pedra Preta,resto_mt,Demais MT,FALSE,2008,3841.675136561907,1270.5930606731076,2555.9950339169363,9.619713099182114,5.46732887268067,33.07,66.53,0.25,0.14,66.78
5106372,Pedra Preta,resto_mt,Demais MT,FALSE,2009,3841.6751365618284,1270.151293979258,2556.54735780248,9.687415804931629,5.289068975158692,33.06,66.55,0.25,0.14,66.8
5106372,Pedra Preta,resto_mt,Demais MT,FALSE,2010,3841.675136561501,1261.1340821865356,2565.7391767173726,9.482790621704089,5.319087035888675,32.83,66.79,0.25,0.14,67.04
5106372,Pedra Preta,resto_mt,Demais MT,FALSE,2011,3841.6751365615305,1264.1669365149598,2562.9924085719003,9.483822313293446,5.031969161376957,32.91,66.72,0.25,0.13,66.97
5106372,Pedra Preta,resto_mt,Demais MT,FALSE,2012,3841.6751365619243,1266.7072561695584,2560.2173177633986,9.740077447753894,5.010485181213383,32.97,66.64,0.25,0.13,66.89
5106372,Pedra Preta,resto_mt,Demais MT,FALSE,2013,3841.6751365616474,1265.478873491703,2561.417031296995,9.51235845495605,5.266873317993165,32.94,66.67,0.25,0.14,66.92
5106372,Pedra Preta,resto_mt,Demais MT,FALSE,2014,3841.6751365612477,1269.334475172976,2557.1044691241113,9.94443163043212,5.29176063372803,33.04,66.56,0.26,0.14,66.82
5106372,Pedra Preta,resto_mt,Demais MT,FALSE,2015,3841.6751365613122,1269.7057378473576,2556.742530684658,9.979725321655263,5.247142707641602,33.05,66.55,0.26,0.14,66.81
5106372,Pedra Preta,resto_mt,Demais MT,FALSE,2016,3841.6751365611717,1267.3049535773523,2558.993277011651,10.140130999694817,5.236774972473143,32.99,66.61,0.26,0.14,66.87
5106372,Pedra Preta,resto_mt,Demais MT,FALSE,2017,3841.6751365613272,1262.3695374095016,2563.693780055146,10.503606865661611,5.108212231018063,32.86,66.73,0.27,0.13,67
5106372,Pedra Preta,resto_mt,Demais MT,FALSE,2018,3841.6751365614145,1253.2481857854161,2572.7491042712372,10.811321566772463,4.866524937988281,32.62,66.97,0.28,0.13,67.25
5106372,Pedra Preta,resto_mt,Demais MT,FALSE,2019,3841.6751365614004,1250.519473028147,2575.3775774940077,11.025565338378897,4.7525207008667,32.55,67.04,0.29,0.12,67.33
5106372,Pedra Preta,resto_mt,Demais MT,FALSE,2020,3841.6751365613914,1248.8130570655624,2577.317149631511,11.11721189227294,4.427717972045897,32.51,67.09,0.29,0.12,67.38
5106372,Pedra Preta,resto_mt,Demais MT,FALSE,2021,3841.6751365617883,1223.0281923194445,2604.9299093356663,10.38657479656981,3.330460110107428,31.84,67.81,0.27,0.09,68.08
5106422,Peixoto de Azevedo,resto_mt,Demais MT,FALSE,2000,14433.973928184245,12315.653018773955,1946.0628246099352,75.89546808666906,96.36261671368544,85.32,13.48,0.53,0.67,14.01
5106422,Peixoto de Azevedo,resto_mt,Demais MT,FALSE,2001,14433.977447528277,12229.373425940226,2035.5647645016245,77.91625082104466,91.12300626538196,84.73,14.1,0.54,0.63,14.64
5106422,Peixoto de Azevedo,resto_mt,Demais MT,FALSE,2002,14433.977447503032,12055.41074560043,2207.2067346311774,78.52318889196751,92.83677837945685,83.52,15.29,0.54,0.64,15.83
5106422,Peixoto de Azevedo,resto_mt,Demais MT,FALSE,2003,14433.97568463952,11835.74730604011,2424.9609993852346,79.8493055108641,93.41807370330947,82,16.8,0.55,0.65,17.35
5106422,Peixoto de Azevedo,resto_mt,Demais MT,FALSE,2004,14433.977447076271,11688.69914191268,2571.511458792802,80.33056427514606,93.4362820956434,80.98,17.82,0.56,0.65,18.38
5106422,Peixoto de Azevedo,resto_mt,Demais MT,FALSE,2005,14433.97744822249,11481.749158701514,2777.5880257407025,81.38838118878087,93.25188259149296,79.55,19.24,0.56,0.65,19.8
5106422,Peixoto de Azevedo,resto_mt,Demais MT,FALSE,2006,14433.978327732026,11378.019754302228,2880.737435876636,81.08810914623982,94.13302840692263,78.83,19.96,0.56,0.65,20.52
5106422,Peixoto de Azevedo,resto_mt,Demais MT,FALSE,2007,14433.978327731806,11318.944253486363,2940.0460936961263,82.60283982086085,92.3851407284558,78.42,20.37,0.57,0.64,20.94
5106422,Peixoto de Azevedo,resto_mt,Demais MT,FALSE,2008,14433.976568873963,11276.714589468313,2982.7766192533677,82.78746720226935,91.69789295001344,78.13,20.66,0.57,0.64,21.23
5106422,Peixoto de Azevedo,resto_mt,Demais MT,FALSE,2009,14433.973049057626,11271.308773741364,2986.247961508889,85.17082495910543,91.2454888482678,78.09,20.69,0.59,0.63,21.28
5106422,Peixoto de Azevedo,resto_mt,Demais MT,FALSE,2010,14433.972167793267,11254.288628021237,3000.9937745913653,87.60366446014325,91.08610072052132,77.97,20.79,0.61,0.63,21.4
5106422,Peixoto de Azevedo,resto_mt,Demais MT,FALSE,2011,14433.972167793429,11166.381376441366,3085.5286411639527,91.63327085552854,90.4288793325818,77.36,21.38,0.63,0.63,22.01
5106422,Peixoto de Azevedo,resto_mt,Demais MT,FALSE,2012,14433.977447871057,11119.944928306975,3127.4879580887377,95.97033921075402,90.57422226458868,77.04,21.67,0.66,0.63,22.33
5106422,Peixoto de Azevedo,resto_mt,Demais MT,FALSE,2013,14433.97744787129,11076.058584563218,3167.7535318063624,100.79505370916712,89.37027779254272,76.74,21.95,0.7,0.62,22.65
5106422,Peixoto de Azevedo,resto_mt,Demais MT,FALSE,2014,14433.975685834383,11044.432276037345,3195.4677949891757,103.1023446919547,90.97327011590691,76.52,22.14,0.71,0.63,22.85
5106422,Peixoto de Azevedo,resto_mt,Demais MT,FALSE,2015,14433.97568583445,10979.142044435579,3257.6764987512884,106.5343038614491,90.62283878613404,76.06,22.57,0.74,0.63,23.31
5106422,Peixoto de Azevedo,resto_mt,Demais MT,FALSE,2016,14433.969526608375,10955.870542274917,3277.9057405949934,109.49284375933685,90.70039997912716,75.9,22.71,0.76,0.63,23.47
5106422,Peixoto de Azevedo,resto_mt,Demais MT,FALSE,2017,14433.9660054078,10922.349172372045,3308.7934151044205,112.44422568023455,90.37919225109977,75.67,22.92,0.78,0.63,23.7
5106422,Peixoto de Azevedo,resto_mt,Demais MT,FALSE,2018,14433.965123924545,10852.800724897766,3373.8475155384367,115.04120568041756,92.2756778079234,75.19,23.37,0.8,0.64,24.17
5106422,Peixoto de Azevedo,resto_mt,Demais MT,FALSE,2019,14433.961603451246,10811.624198780455,3410.4278091687183,119.05662890630771,92.8529665957653,74.9,23.63,0.82,0.64,24.45
5106422,Peixoto de Azevedo,resto_mt,Demais MT,FALSE,2020,14433.956325334644,10766.981276232442,3451.125302713716,120.97891555279186,94.8708308356945,74.59,23.91,0.84,0.66,24.75
5106422,Peixoto de Azevedo,resto_mt,Demais MT,FALSE,2021,14433.980970537552,10750.964122176152,3468.731423910047,123.30591931017723,90.97950514117528,74.48,24.03,0.85,0.63,24.88
5106455,Planalto da Serra,resto_mt,Demais MT,FALSE,2000,2437.671042898956,1505.891516190335,920.7777612543969,8.03035725787353,2.971408196350102,61.78,37.77,0.33,0.12,38.1
5106455,Planalto da Serra,resto_mt,Demais MT,FALSE,2001,2437.671042898918,1488.05477124023,938.5990327598847,8.183569026611329,2.833669872192388,61.04,38.5,0.34,0.12,38.84
5106455,Planalto da Serra,resto_mt,Demais MT,FALSE,2002,2437.6710428988995,1464.662464422582,961.9116777072745,8.147151944396969,2.949748824646001,60.08,39.46,0.33,0.12,39.79
5106455,Planalto da Serra,resto_mt,Demais MT,FALSE,2003,2437.671042898884,1438.6180169227507,987.8981227776471,8.140197173889165,3.014706024597173,59.02,40.53,0.33,0.12,40.86
5106455,Planalto da Serra,resto_mt,Demais MT,FALSE,2004,2437.671042898873,1416.17416673036,1010.4146679711258,8.070077715393072,3.012130481994635,58.1,41.45,0.33,0.12,41.78
5106455,Planalto da Serra,resto_mt,Demais MT,FALSE,2005,2437.671042898889,1402.3372007292226,1024.287155606373,8.007700117614759,3.038986445678717,57.53,42.02,0.33,0.12,42.35
5106455,Planalto da Serra,resto_mt,Demais MT,FALSE,2006,2437.671042898902,1390.6436499345582,1036.0699042806282,7.923707656799329,3.03378102691651,57.05,42.5,0.33,0.12,42.83
5106455,Planalto da Serra,resto_mt,Demais MT,FALSE,2007,2437.6710428989045,1390.808683019412,1036.0322427311164,7.8249521084594855,3.005165039916998,57.05,42.5,0.32,0.12,42.82
5106455,Planalto da Serra,resto_mt,Demais MT,FALSE,2008,2437.671042898909,1374.1525829185312,1052.8356063905342,7.620531213806163,3.062322376037603,56.37,43.19,0.31,0.13,43.5
5106455,Planalto da Serra,resto_mt,Demais MT,FALSE,2009,2437.6710428989504,1361.194656944205,1066.0958430561857,7.389278126403819,2.991264772155768,55.84,43.73,0.3,0.12,44.03
5106455,Planalto da Serra,resto_mt,Demais MT,FALSE,2010,2437.671042898923,1350.5323797041328,1076.9660897969022,7.3113005729980545,2.861272824890142,55.4,44.18,0.3,0.12,44.48
5106455,Planalto da Serra,resto_mt,Demais MT,FALSE,2011,2437.6710428989236,1345.323343412932,1082.3241364178762,7.186569754272468,2.836993313842779,55.19,44.4,0.29,0.12,44.69
5106455,Planalto da Serra,resto_mt,Demais MT,FALSE,2012,2437.6710428989168,1339.4898917977646,1088.330848364458,7.015954173217774,2.834348563476568,54.95,44.65,0.29,0.12,44.94
5106455,Planalto da Serra,resto_mt,Demais MT,FALSE,2013,2437.6710428989245,1339.1481917013825,1088.9689143985304,7.004700840393068,2.549235958618167,54.94,44.67,0.29,0.1,44.96
5106455,Planalto da Serra,resto_mt,Demais MT,FALSE,2014,2437.671042898913,1327.8714874149935,1100.3010601094081,6.989132107849113,2.509363266662598,54.47,45.14,0.29,0.1,45.43
5106455,Planalto da Serra,resto_mt,Demais MT,FALSE,2015,2437.671042898938,1305.8460411202745,1122.929302553871,6.345632900695791,2.550066324096681,53.57,46.07,0.26,0.1,46.33
5106455,Planalto da Serra,resto_mt,Demais MT,FALSE,2016,2437.671042898919,1285.5633660802239,1143.6424121080015,5.827719280761712,2.637545429931645,52.74,46.92,0.24,0.11,47.16
5106455,Planalto da Serra,resto_mt,Demais MT,FALSE,2017,2437.6710428989372,1273.073947341167,1156.3007668860168,5.760163369079585,2.536165302673341,52.23,47.43,0.24,0.1,47.67
5106455,Planalto da Serra,resto_mt,Demais MT,FALSE,2018,2437.6710428989336,1274.4440915827427,1155.0588338816208,5.669237681274408,2.498879753295901,52.28,47.38,0.23,0.1,47.61
5106455,Planalto da Serra,resto_mt,Demais MT,FALSE,2019,2437.6710428989436,1279.470113401232,1149.9462112825627,5.748910560791009,2.505807654357912,52.49,47.17,0.24,0.1,47.41
5106455,Planalto da Serra,resto_mt,Demais MT,FALSE,2020,2437.671042898936,1282.884859417629,1146.6363292217245,5.786139611022944,2.363714648559572,52.63,47.04,0.24,0.1,47.28
5106455,Planalto da Serra,resto_mt,Demais MT,FALSE,2021,2437.671042898965,1283.9806226146159,1146.0265962744006,5.5834521036376925,2.080371906311038,52.67,47.01,0.23,0.09,47.24
5106505,Poconé,pantanal_norte,Pantanal-13,TRUE,2000,17156.645506595207,14745.36334558002,1539.4483759615105,38.693287123229545,833.140497930447,85.95,8.97,0.23,4.86,9.2
5106505,Poconé,pantanal_norte,Pantanal-13,TRUE,2001,17156.663552566944,14783.068446324916,1542.9259206855506,38.25276864086874,792.416416915608,86.17,8.99,0.22,4.62,9.21
5106505,Poconé,pantanal_norte,Pantanal-13,TRUE,2002,17156.659250447974,14545.437568391357,1529.617911842838,38.94307607153286,1042.660694142247,84.78,8.92,0.23,6.08,9.15
5106505,Poconé,pantanal_norte,Pantanal-13,TRUE,2003,17156.650658371655,14765.66951701157,1588.4143871344756,40.0242350446775,762.54251918093,86.06,9.26,0.23,4.44,9.49
5106505,Poconé,pantanal_norte,Pantanal-13,TRUE,2004,17156.636903297847,14719.490048111784,1639.0648951143905,40.46878491003377,757.6131751616383,85.79,9.55,0.24,4.42,9.79
5106505,Poconé,pantanal_norte,Pantanal-13,TRUE,2005,17156.661822597223,14621.87872667135,1664.4471661191092,40.555385828124585,829.7805439786405,85.23,9.7,0.24,4.84,9.94
5106505,Poconé,pantanal_norte,Pantanal-13,TRUE,2006,17156.65151584721,14269.05755970577,1671.5748705520364,40.63463871246324,1175.384446876941,83.17,9.74,0.24,6.85,9.98
5106505,Poconé,pantanal_norte,Pantanal-13,TRUE,2007,17156.646366844663,14391.26512595495,1651.496887060165,41.24151504992679,1072.642838779621,83.88,9.63,0.24,6.25,9.87
5106505,Poconé,pantanal_norte,Pantanal-13,TRUE,2008,17156.64465020079,14516.117298011803,1655.6713651037496,42.33134223345934,942.5246448517784,84.61,9.65,0.25,5.49,9.9
5106505,Poconé,pantanal_norte,Pantanal-13,TRUE,2009,17156.661841785255,14596.180184930277,1696.5940352366242,43.355784704772574,820.5318369135815,85.08,9.89,0.25,4.78,10.14
5106505,Poconé,pantanal_norte,Pantanal-13,TRUE,2010,17156.660987315456,14660.33554363551,1731.078736648557,44.85376781719948,720.3929392141875,85.45,10.09,0.26,4.2,10.35
5106505,Poconé,pantanal_norte,Pantanal-13,TRUE,2011,17156.65755077688,14347.857719476593,1749.6891667983318,45.70362006152373,1013.407044440428,83.63,10.2,0.27,5.91,10.47
5106505,Poconé,pantanal_norte,Pantanal-13,TRUE,2012,17156.653247639428,14789.495630611555,1769.0825103206425,46.425886412659366,551.649220294569,86.2,10.31,0.27,3.22,10.58
5106505,Poconé,pantanal_norte,Pantanal-13,TRUE,2013,17156.649813490276,14735.129943762337,1759.8172095431712,47.703491140076295,613.9991690446913,85.89,10.26,0.28,3.58,10.54
5106505,Poconé,pantanal_norte,Pantanal-13,TRUE,2014,17156.65927859591,14616.470942073736,1767.594923669444,49.28370599523982,723.3097068574897,85.19,10.3,0.29,4.22,10.59
5106505,Poconé,pantanal_norte,Pantanal-13,TRUE,2015,17156.66269603492,14657.878108503977,1778.3006199719077,50.65683131994669,669.8271362390896,85.44,10.37,0.3,3.9,10.67
5106505,Poconé,pantanal_norte,Pantanal-13,TRUE,2016,17156.63691107674,14680.885395276635,1827.2543292085966,52.07997979760752,596.4172067939023,85.57,10.65,0.3,3.48,10.95
5106505,Poconé,pantanal_norte,Pantanal-13,TRUE,2017,17156.660987467127,14516.655403360419,1857.8224811856755,54.61779021881101,727.5653127022188,84.61,10.83,0.32,4.24,11.15
5106505,Poconé,pantanal_norte,Pantanal-13,TRUE,2018,17156.661841434525,14400.360725117287,1917.1523292551244,56.17823949444636,782.9705475676662,83.93,11.17,0.33,4.56,11.5
5106505,Poconé,pantanal_norte,Pantanal-13,TRUE,2019,17156.63520519357,14418.372181160747,1963.8192411775756,56.812351744995894,717.6314311102494,84.04,11.45,0.33,4.18,11.78
5106505,Poconé,pantanal_norte,Pantanal-13,TRUE,2020,17156.644685644234,14457.344699040308,2120.0669003641074,59.248970633057695,519.9841156067615,84.27,12.36,0.35,3.03,12.71
5106505,Poconé,pantanal_norte,Pantanal-13,TRUE,2021,17156.651555699606,14190.277316444943,2407.1461555285796,59.43442879626569,499.7936549298182,82.71,14.03,0.35,2.91,14.38
5106653,Pontal do Araguaia,resto_mt,Demais MT,FALSE,2000,2742.45695537379,1653.46481138758,1070.3932489309123,5.989721107666019,12.60917394763181,60.29,39.03,0.22,0.46,39.25
5106653,Pontal do Araguaia,resto_mt,Demais MT,FALSE,2001,2742.4569553737883,1620.5639378820085,1103.529887571736,5.87269103991699,12.49043888012694,59.09,40.24,0.21,0.46,40.45
5106653,Pontal do Araguaia,resto_mt,Demais MT,FALSE,2002,2742.4569553737333,1572.6718902602747,1151.8195122274722,5.355534144653323,12.61001874133299,57.35,42,0.2,0.46,42.2
5106653,Pontal do Araguaia,resto_mt,Demais MT,FALSE,2003,2742.456955373752,1517.0727052726268,1207.9718336293238,4.989915019226076,12.42250145257567,55.32,44.05,0.18,0.45,44.23
5106653,Pontal do Araguaia,resto_mt,Demais MT,FALSE,2004,2742.456955373725,1467.7310368434626,1256.8806374221692,5.502816567504881,12.34246454058836,53.52,45.83,0.2,0.45,46.03
5106653,Pontal do Araguaia,resto_mt,Demais MT,FALSE,2005,2742.456955373762,1435.58608596085,1288.6099721999606,5.955460726501468,12.30543648645017,52.35,46.99,0.22,0.45,47.21
5106653,Pontal do Araguaia,resto_mt,Demais MT,FALSE,2006,2742.456955373813,1406.5661611261648,1317.2047979554725,6.324588702941904,12.36140758923338,51.29,48.03,0.23,0.45,48.26
5106653,Pontal do Araguaia,resto_mt,Demais MT,FALSE,2007,2742.4569553737992,1387.8671835136859,1336.3167430048884,6.04928140063477,12.22374745458982,50.61,48.73,0.22,0.45,48.95
5106653,Pontal do Araguaia,resto_mt,Demais MT,FALSE,2008,2742.4569553738115,1380.4324884901403,1344.520512575017,5.372246823547368,12.1317074851074,50.34,49.03,0.2,0.44,49.23
5106653,Pontal do Araguaia,resto_mt,Demais MT,FALSE,2009,2742.4569553737633,1375.5602438535832,1349.6364084435204,5.240437263305666,12.01986581335448,50.16,49.21,0.19,0.44,49.4
5106653,Pontal do Araguaia,resto_mt,Demais MT,FALSE,2010,2742.4569553737892,1374.3601552026562,1351.1152647288116,5.065732595520018,11.91580284680175,50.11,49.27,0.18,0.43,49.45
5106653,Pontal do Araguaia,resto_mt,Demais MT,FALSE,2011,2742.4569553737924,1371.9300216614513,1354.2070478430785,4.514175955017089,11.8057099142456,50.03,49.38,0.16,0.43,49.54
5106653,Pontal do Araguaia,resto_mt,Demais MT,FALSE,2012,2742.4569553738033,1361.6950567589474,1364.5392218088257,4.56663189147949,11.65604491455078,49.65,49.76,0.17,0.43,49.93
5106653,Pontal do Araguaia,resto_mt,Demais MT,FALSE,2013,2742.4569553737533,1346.1690053834002,1380.5505609193083,4.422894239929198,11.31449483111571,49.09,50.34,0.16,0.41,50.5
5106653,Pontal do Araguaia,resto_mt,Demais MT,FALSE,2014,2742.456955373781,1331.04381952077,1395.306696428694,4.810865072143552,11.29557435217284,48.53,50.88,0.18,0.41,51.06
5106653,Pontal do Araguaia,resto_mt,Demais MT,FALSE,2015,2742.456955373799,1322.7795887001362,1403.7317119521663,4.768746268798827,11.17690845269774,48.23,51.19,0.17,0.41,51.36
5106653,Pontal do Araguaia,resto_mt,Demais MT,FALSE,2016,2742.4569553737947,1316.0666933275845,1410.6760692913883,4.6620754655151355,11.05211728930662,47.99,51.44,0.17,0.4,51.61
5106653,Pontal do Araguaia,resto_mt,Demais MT,FALSE,2017,2742.456955373856,1312.0435131667682,1414.62350845428,4.706019622680666,11.08391413012693,47.84,51.58,0.17,0.4,51.75
5106653,Pontal do Araguaia,resto_mt,Demais MT,FALSE,2018,2742.456955373839,1303.957769658215,1422.7496860542467,4.7241016986084,11.02539796276853,47.55,51.88,0.17,0.4,52.05
5106653,Pontal do Araguaia,resto_mt,Demais MT,FALSE,2019,2742.456955373842,1299.13626651986,1427.6683844314355,4.624348770019531,11.02795565252683,47.37,52.06,0.17,0.4,52.23
5106653,Pontal do Araguaia,resto_mt,Demais MT,FALSE,2020,2742.456955373815,1301.8163520205203,1424.6345977327505,4.971148653808593,11.03485696673582,47.47,51.95,0.18,0.4,52.13
5106653,Pontal do Araguaia,resto_mt,Demais MT,FALSE,2021,2742.456955373843,1289.8719899718099,1437.1287022191718,4.945498128906246,10.51076505395507,47.03,52.4,0.18,0.38,52.58
5106703,Ponte Branca,resto_mt,Demais MT,FALSE,2000,701.1449535736392,424.4624865799279,271.5899975790384,2.228589938964843,2.863879475708012,60.54,38.74,0.32,0.41,39.06
5106703,Ponte Branca,resto_mt,Demais MT,FALSE,2001,701.1449535736429,417.79427026822253,278.3928253866581,2.1488390129394515,2.809018905822757,59.59,39.71,0.31,0.4,40.02
5106703,Ponte Branca,resto_mt,Demais MT,FALSE,2002,701.144953573634,410.74664210079334,285.48245327795547,2.1162686943969717,2.799589500488284,58.58,40.72,0.3,0.4,41.02
5106703,Ponte Branca,resto_mt,Demais MT,FALSE,2003,701.1449535736158,401.211368616219,295.08291204058776,2.0939325036621077,2.756740413146975,57.22,42.09,0.3,0.39,42.39
5106703,Ponte Branca,resto_mt,Demais MT,FALSE,2004,701.1449535736134,393.97730013996124,302.4087340170262,2.066476349365233,2.692443067260745,56.19,43.13,0.29,0.38,43.42
5106703,Ponte Branca,resto_mt,Demais MT,FALSE,2005,701.1449535736236,387.2124514287903,309.19070525658873,2.0210756466674793,2.720721241577151,55.23,44.1,0.29,0.39,44.39
5106703,Ponte Branca,resto_mt,Demais MT,FALSE,2006,701.1449535736228,383.97096566090994,312.4013493281182,2.0099111786499018,2.762727405944827,54.76,44.56,0.29,0.39,44.85
5106703,Ponte Branca,resto_mt,Demais MT,FALSE,2007,701.1449535736176,384.28277206282456,312.18213475249223,1.9627368461303707,2.717309912170413,54.81,44.52,0.28,0.39,44.8
5106703,Ponte Branca,resto_mt,Demais MT,FALSE,2008,701.1449535736205,382.2544139483231,314.2807873149946,1.8975821412963865,2.71217016900635,54.52,44.82,0.27,0.39,45.09
5106703,Ponte Branca,resto_mt,Demais MT,FALSE,2009,701.1449535736334,375.8873754921608,320.73954513316954,1.85129352960205,2.666739418701175,53.61,45.75,0.26,0.38,46.01
5106703,Ponte Branca,resto_mt,Demais MT,FALSE,2010,701.1449535736282,375.2873268255986,321.4116074991892,1.804995294311523,2.641023954528811,53.52,45.84,0.26,0.38,46.1
5106703,Ponte Branca,resto_mt,Demais MT,FALSE,2011,701.1449535736547,372.03639417997897,324.761115007018,1.7407057043457033,2.606738682312014,53.06,46.32,0.25,0.37,46.57
5106703,Ponte Branca,resto_mt,Demais MT,FALSE,2012,701.1449535736378,365.2722867224584,331.6023765900711,1.7381316786499026,2.532158582458498,52.1,47.29,0.25,0.36,47.54
5106703,Ponte Branca,resto_mt,Demais MT,FALSE,2013,701.1449535736272,362.602439782754,334.2765047932535,1.8264174487304694,2.439591548889162,51.72,47.68,0.26,0.35,47.94
5106703,Ponte Branca,resto_mt,Demais MT,FALSE,2014,701.144953573646,364.67260281499057,332.24491308305727,1.8144184044799807,2.413019271118166,52.01,47.39,0.26,0.34,47.65
5106703,Ponte Branca,resto_mt,Demais MT,FALSE,2015,701.1449535736289,361.5119095864034,335.3207338356142,1.943019277893066,2.369290873718263,51.56,47.82,0.28,0.34,48.1
5106703,Ponte Branca,resto_mt,Demais MT,FALSE,2016,701.1449535736317,361.9951522063397,334.8649167454659,1.9704489193725592,2.314435702453614,51.63,47.76,0.28,0.33,48.04
5106703,Ponte Branca,resto_mt,Demais MT,FALSE,2017,701.1449535736319,364.265045759868,332.6087502846502,1.9584367166137708,2.312720812500001,51.95,47.44,0.28,0.33,47.72
5106703,Ponte Branca,resto_mt,Demais MT,FALSE,2018,701.1449535736318,366.00725475119765,330.9711191738135,1.8787126162719727,2.287867032348634,52.2,47.2,0.27,0.33,47.47
5106703,Ponte Branca,resto_mt,Demais MT,FALSE,2019,701.1449535736501,365.6007639772829,331.48734726860846,1.785260614318848,2.271581713439944,52.14,47.28,0.25,0.32,47.53
5106703,Ponte Branca,resto_mt,Demais MT,FALSE,2020,701.1449535736558,366.7457491597788,330.4401133745093,1.7158060579223635,2.243284981445314,52.31,47.13,0.24,0.32,47.37
5106703,Ponte Branca,resto_mt,Demais MT,FALSE,2021,701.1449535736489,370.33058073552075,326.860465478692,1.8117618884277356,2.142145471008301,52.82,46.62,0.26,0.31,46.88
5106752,Pontes e Lacerda,resto_mt,Demais MT,FALSE,2000,8545.086167850786,4677.7903327308,3832.047539342825,17.135053623962236,18.11324215319828,54.74,44.85,0.2,0.21,45.05
5106752,Pontes e Lacerda,resto_mt,Demais MT,FALSE,2001,8545.08788960353,4455.081224642024,4056.608429440509,17.204137891052074,16.19409762994402,52.14,47.47,0.2,0.19,47.67
5106752,Pontes e Lacerda,resto_mt,Demais MT,FALSE,2002,8545.076673130188,4343.7213176779505,4170.651576384611,17.29131127398663,13.41246779364003,50.83,48.81,0.2,0.16,49.01
5106752,Pontes e Lacerda,resto_mt,Demais MT,FALSE,2003,8545.069765569506,4283.754980627732,4235.94004796277,17.65959323687724,7.71514374212646,50.13,49.57,0.21,0.09,49.78
5106752,Pontes e Lacerda,resto_mt,Demais MT,FALSE,2004,8545.073234353846,4278.087359558324,4238.675579401907,17.807348995910424,10.50294639770505,50.06,49.6,0.21,0.12,49.81
5106752,Pontes e Lacerda,resto_mt,Demais MT,FALSE,2005,8545.093048582476,4261.2704016405605,4252.50352579952,18.12690022894281,13.19222091345209,49.87,49.77,0.21,0.15,49.98
5106752,Pontes e Lacerda,resto_mt,Demais MT,FALSE,2006,8545.098233161953,4249.06538558415,4268.973996544844,18.193358261169386,8.865492771789548,49.73,49.96,0.21,0.1,50.17
5106752,Pontes e Lacerda,resto_mt,Demais MT,FALSE,2007,8545.0948345031,4173.866194734304,4345.663967741389,18.73019104357904,6.834480983825682,48.85,50.86,0.22,0.08,51.08
5106752,Pontes e Lacerda,resto_mt,Demais MT,FALSE,2008,8545.097429288666,4108.8120905291,4411.299285995161,19.341775429016092,5.644277335388186,48.08,51.62,0.23,0.07,51.85
5106752,Pontes e Lacerda,resto_mt,Demais MT,FALSE,2009,8545.084511383731,4073.1805343774695,4446.089898541358,19.544794936584402,6.269283528320306,47.67,52.03,0.23,0.07,52.26
5106752,Pontes e Lacerda,resto_mt,Demais MT,FALSE,2010,8545.084486053836,4040.7178925978337,4478.515745249398,19.810158114074593,6.040690092529298,47.29,52.41,0.23,0.07,52.64
5106752,Pontes e Lacerda,resto_mt,Demais MT,FALSE,2011,8545.066425070137,4124.023646476522,4395.015213152454,21.080729937133697,4.946835504028321,48.26,51.43,0.25,0.06,51.68
5106752,Pontes e Lacerda,resto_mt,Demais MT,FALSE,2012,8545.033627492669,4190.881972592508,4327.412986788712,21.73517484960934,5.003493261840819,49.04,50.64,0.25,0.06,50.89
5106752,Pontes e Lacerda,resto_mt,Demais MT,FALSE,2013,8545.078415279733,4213.809416135719,4305.096186445161,21.959920460998394,4.212892237854005,49.31,50.38,0.26,0.05,50.64
5106752,Pontes e Lacerda,resto_mt,Demais MT,FALSE,2014,8545.07841602758,4202.053519174428,4315.419687049747,21.841327625427056,5.763882177978517,49.18,50.5,0.26,0.07,50.76
5106752,Pontes e Lacerda,resto_mt,Demais MT,FALSE,2015,8545.087889442284,4244.6301400949405,4274.322852664117,22.501637193664298,3.633259489562987,49.67,50.02,0.26,0.04,50.28
5106752,Pontes e Lacerda,resto_mt,Demais MT,FALSE,2016,8545.086186786153,4281.191343688627,4235.690442005974,23.616978988952436,4.587422102600098,50.1,49.57,0.28,0.05,49.85
5106752,Pontes e Lacerda,resto_mt,Demais MT,FALSE,2017,8545.074149909198,4269.250422240806,4246.834913247126,24.474687006896744,4.514127414367675,49.96,49.7,0.29,0.05,49.99
5106752,Pontes e Lacerda,resto_mt,Demais MT,FALSE,2018,8545.080162979695,4157.206085017143,4358.482021231536,25.209612284789685,4.182444446228025,48.65,51.01,0.3,0.05,51.31
5106752,Pontes e Lacerda,resto_mt,Demais MT,FALSE,2019,8545.05601464577,4072.999393913745,4441.732860219818,25.977051994384308,4.346708517822263,47.66,51.98,0.3,0.05,52.28
5106752,Pontes e Lacerda,resto_mt,Demais MT,FALSE,2020,8545.043098843942,4132.1532735883575,4382.443401171174,26.607594298827628,3.838829785583496,48.36,51.29,0.31,0.04,51.6
5106752,Pontes e Lacerda,resto_mt,Demais MT,FALSE,2021,8545.249918059471,4665.795888312805,3849.9599852975707,26.048701251952735,3.445343197143557,54.6,45.05,0.3,0.04,45.35
5106778,Porto Alegre do Norte,resto_mt,Demais MT,FALSE,2000,3971.775575485888,2750.0813936624545,1200.935932410775,9.993558655456493,10.76469075720212,69.24,30.24,0.25,0.27,30.49
5106778,Porto Alegre do Norte,resto_mt,Demais MT,FALSE,2001,3971.7764543637054,2677.7444240647064,1275.8130638744997,7.881153046447704,10.33781337805173,67.42,32.12,0.2,0.26,32.32
5106778,Porto Alegre do Norte,resto_mt,Demais MT,FALSE,2002,3971.7755754596196,2602.1700348329655,1351.0009268662177,7.715171142150824,10.88944261828611,65.52,34.02,0.19,0.27,34.21
5106778,Porto Alegre do Norte,resto_mt,Demais MT,FALSE,2003,3971.776454252505,2538.9800319786286,1412.4718944653434,9.099375647155705,11.22515216137693,63.93,35.56,0.23,0.28,35.79
5106778,Porto Alegre do Norte,resto_mt,Demais MT,FALSE,2004,3971.776454252542,2516.596669638005,1434.16666564774,9.186287453979434,11.82683151281736,63.36,36.11,0.23,0.3,36.34
5106778,Porto Alegre do Norte,resto_mt,Demais MT,FALSE,2005,3971.775575342336,2485.3547985036985,1466.9043134555202,7.690558672790471,11.82590471032714,62.58,36.93,0.19,0.3,37.12
5106778,Porto Alegre do Norte,resto_mt,Demais MT,FALSE,2006,3971.774696440516,2462.0252736869525,1490.418132830346,7.116233563964794,12.21505635925292,61.99,37.53,0.18,0.31,37.71
5106778,Porto Alegre do Norte,resto_mt,Demais MT,FALSE,2007,3971.776454252591,2456.297841361931,1496.9773258445177,7.31917149041743,11.18211555572508,61.84,37.69,0.18,0.28,37.87
5106778,Porto Alegre do Norte,resto_mt,Demais MT,FALSE,2008,3971.7738180796177,2442.983778636,1510.531345303359,7.291928735351513,10.96676540490721,61.51,38.03,0.18,0.28,38.21
5106778,Porto Alegre do Norte,resto_mt,Demais MT,FALSE,2009,3971.773818079603,2436.1952806172444,1517.1073697375662,6.982706135803175,11.48846158898923,61.34,38.2,0.18,0.29,38.38
5106778,Porto Alegre do Norte,resto_mt,Demais MT,FALSE,2010,3971.773818079615,2424.983111217295,1528.323781166397,7.4781409542846164,10.98878474163816,61.06,38.48,0.19,0.28,38.67
5106778,Porto Alegre do Norte,resto_mt,Demais MT,FALSE,2011,3971.7729388049997,2418.9336612918432,1534.5006441802097,7.989353715026807,10.3492796179199,60.9,38.64,0.2,0.26,38.84
5106778,Porto Alegre do Norte,resto_mt,Demais MT,FALSE,2012,3971.7738182711832,2417.543644032722,1536.3175910665864,7.731106049621526,10.18147712225339,60.87,38.68,0.19,0.26,38.87
5106778,Porto Alegre do Norte,resto_mt,Demais MT,FALSE,2013,3971.775574977988,2400.654234630338,1553.5533779830873,7.981253969604431,9.586708394958462,60.44,39.11,0.2,0.24,39.31
5106778,Porto Alegre do Norte,resto_mt,Demais MT,FALSE,2014,3971.7764542526525,2377.189828950992,1576.3060706345464,8.997781013793885,9.282773653320286,59.85,39.69,0.23,0.23,39.92
5106778,Porto Alegre do Norte,resto_mt,Demais MT,FALSE,2015,3971.777333156707,2374.96951813666,1578.0067161183742,10.207783082519494,8.593315819152812,59.8,39.73,0.26,0.22,39.99
5106778,Porto Alegre do Norte,resto_mt,Demais MT,FALSE,2016,3971.776454153895,2349.353159373036,1603.4519339935055,10.365772098937938,8.605588688415509,59.15,40.37,0.26,0.22,40.63
5106778,Porto Alegre do Norte,resto_mt,Demais MT,FALSE,2017,3971.773817244576,2330.0273418060856,1623.879548353774,8.918837775512642,8.948089309204084,58.66,40.89,0.22,0.23,41.11
5106778,Porto Alegre do Norte,resto_mt,Demais MT,FALSE,2018,3971.773817382589,2301.098488487457,1653.452464370413,8.246733294189399,8.976131230529766,57.94,41.63,0.21,0.23,41.84
5106778,Porto Alegre do Norte,resto_mt,Demais MT,FALSE,2019,3971.7711815398247,2279.5474478208544,1675.6483669982063,7.666046485168403,8.90932023559568,57.39,42.19,0.19,0.22,42.38
5106778,Porto Alegre do Norte,resto_mt,Demais MT,FALSE,2020,3971.7746971692545,2250.8439893730865,1704.9999438563489,7.52287260034174,8.407891339477523,56.67,42.93,0.19,0.21,43.12
5106778,Porto Alegre do Norte,resto_mt,Demais MT,FALSE,2021,3971.7913909264907,2169.0981038117075,1787.9034857710944,7.231248519714299,7.558552823974606,54.61,45.02,0.18,0.19,45.2
5106802,Porto dos Gaúchos,resto_mt,Demais MT,FALSE,2000,6846.68087105735,5441.582815902258,1390.8524958300186,2.496808796569799,11.74875052850339,79.48,20.31,0.04,0.17,20.35
5106802,Porto dos Gaúchos,resto_mt,Demais MT,FALSE,2001,6846.678243796426,5277.6415943401935,1554.3426910159242,2.607233511657687,12.08672492864988,77.08,22.7,0.04,0.18,22.74
5106802,Porto dos Gaúchos,resto_mt,Demais MT,FALSE,2002,6846.673863768363,4970.28935198828,1861.056519735527,2.648423433349585,12.67956861120603,72.59,27.18,0.04,0.19,27.22
5106802,Porto dos Gaúchos,resto_mt,Demais MT,FALSE,2003,6846.675615107866,4655.762099101697,2175.250804484502,2.670332408691382,12.99237911297605,68,31.77,0.04,0.19,31.81
5106802,Porto dos Gaúchos,resto_mt,Demais MT,FALSE,2004,6846.672110305068,4325.172166291308,2505.467593898098,2.72554554016111,13.30680457550047,63.17,36.59,0.04,0.19,36.63
5106802,Porto dos Gaúchos,resto_mt,Demais MT,FALSE,2005,6846.674736988727,4180.8052237473485,2649.7819104296723,2.82107053210447,13.26653227960203,61.06,38.7,0.04,0.19,38.74
5106802,Porto dos Gaúchos,resto_mt,Demais MT,FALSE,2006,6846.6721095389385,4117.490496535885,2713.0686767898574,2.823699651611306,13.28923656158445,60.14,39.63,0.04,0.19,39.67
5106802,Porto dos Gaúchos,resto_mt,Demais MT,FALSE,2007,6846.672110049822,4117.64630493101,2712.671895492163,2.857002487915016,13.49690713873288,60.14,39.62,0.04,0.2,39.66
5106802,Porto dos Gaúchos,resto_mt,Demais MT,FALSE,2008,6846.672984817356,4069.08353070082,2761.047266353108,2.866642686706518,13.67554507672117,59.43,40.33,0.04,0.2,40.37
5106802,Porto dos Gaúchos,resto_mt,Demais MT,FALSE,2009,6846.674737844594,4067.400547595669,2762.851702506616,2.915720509704562,13.50676723260495,59.41,40.35,0.04,0.2,40.39
5106802,Porto dos Gaúchos,resto_mt,Demais MT,FALSE,2010,6846.67473622892,4081.716715008332,2748.2480982523266,3.078731011169397,13.63119195709227,59.62,40.14,0.04,0.2,40.18
5106802,Porto dos Gaúchos,resto_mt,Demais MT,FALSE,2011,6846.6782414023455,4039.029438197449,2791.0230547803976,3.102393440368616,13.52335498413084,58.99,40.76,0.05,0.2,40.81
5106802,Porto dos Gaúchos,resto_mt,Demais MT,FALSE,2012,6846.6756144936535,4045.137029712318,2784.7577566742802,3.106775268249476,13.67405283880613,59.08,40.67,0.05,0.2,40.72
5106802,Porto dos Gaúchos,resto_mt,Demais MT,FALSE,2013,6846.673861405123,4034.4204485428827,2796.0269655893526,3.126055357727013,13.10039191516111,58.93,40.84,0.05,0.19,40.89
5106802,Porto dos Gaúchos,resto_mt,Demais MT,FALSE,2014,6846.672985319139,3990.671151705491,2840.8057841436776,3.12342619799801,12.07262327197263,58.29,41.49,0.05,0.18,41.54
5106802,Porto dos Gaúchos,resto_mt,Demais MT,FALSE,2015,6846.673862368693,3962.806731829541,2867.7589568129556,3.124302643615686,12.98387108258055,57.88,41.89,0.05,0.19,41.94
5106802,Porto dos Gaúchos,resto_mt,Demais MT,FALSE,2016,6846.676491072055,3937.34957251606,2893.0901058435306,3.1251789990234,13.11163371343992,57.51,42.26,0.05,0.19,42.31
5106802,Porto dos Gaúchos,resto_mt,Demais MT,FALSE,2017,6846.6773668201095,3929.640396945826,2900.422811445511,3.126055212646447,13.48810321612548,57.39,42.36,0.05,0.2,42.41
5106802,Porto dos Gaúchos,resto_mt,Demais MT,FALSE,2018,6846.676490644801,3912.113608854781,2917.6639558887136,3.133942445007285,13.76498345629881,57.14,42.61,0.05,0.2,42.66
5106802,Porto dos Gaúchos,resto_mt,Demais MT,FALSE,2019,6846.678242840939,3893.5327415890956,2936.2037418379027,3.133066148620567,13.80869326531981,56.87,42.89,0.05,0.2,42.94
5106802,Porto dos Gaúchos,resto_mt,Demais MT,FALSE,2020,6846.673862091919,3911.5587366763893,2918.2058185096453,3.132189739929161,13.77711716595457,57.13,42.62,0.05,0.2,42.67
5106802,Porto dos Gaúchos,resto_mt,Demais MT,FALSE,2021,6846.6817464574315,3942.1385365094707,2887.9685254389883,3.187401053710906,13.38728345526122,57.58,42.18,0.05,0.2,42.23
5106828,Porto Esperidião,pantanal_norte,Pantanal-13,TRUE,2000,5832.069380086549,2280.0271299247843,3518.6793131814184,1.174161852600091,32.18877512774672,39.09,60.33,0.02,0.55,60.35
5106828,Porto Esperidião,pantanal_norte,Pantanal-13,TRUE,2001,5832.070239779298,2229.7119656226523,3574.9714821969287,1.185352726135248,26.20143923358154,38.23,61.3,0.02,0.45,61.32
5106828,Porto Esperidião,pantanal_norte,Pantanal-13,TRUE,2002,5832.06938008655,2199.2565386482884,3599.0975076171558,1.205151651916498,32.51018216918941,37.71,61.71,0.02,0.56,61.73
5106828,Porto Esperidião,pantanal_norte,Pantanal-13,TRUE,2003,5832.067662018282,2088.7263994650484,3712.8244723874623,1.234419972351067,29.28237019342047,35.81,63.66,0.02,0.5,63.68
5106828,Porto Esperidião,pantanal_norte,Pantanal-13,TRUE,2004,5832.069380086845,2060.392216158586,3738.3306214814816,1.311033533691404,32.03550891308596,35.33,64.1,0.02,0.55,64.12
5106828,Porto Esperidião,pantanal_norte,Pantanal-13,TRUE,2005,5832.0693800869785,2066.8000205544754,3733.3910767435623,1.324806718811034,30.55347607012936,35.44,64.01,0.02,0.52,64.03
5106828,Porto Esperidião,pantanal_norte,Pantanal-13,TRUE,2006,5832.0693800869285,2023.086600257983,3773.1739256641504,1.336858029113769,34.47199613568102,34.69,64.7,0.02,0.59,64.72
5106828,Porto Esperidião,pantanal_norte,Pantanal-13,TRUE,2007,5832.066802984773,1973.3009997303293,3828.870751194813,1.360960481506348,28.53409157812483,33.84,65.65,0.02,0.49,65.67
5106828,Porto Esperidião,pantanal_norte,Pantanal-13,TRUE,2008,5832.068521053034,1910.3799251878052,3896.679487947749,1.405722688842775,23.60338522863768,32.76,66.81,0.02,0.4,66.83
5106828,Porto Esperidião,pantanal_norte,Pantanal-13,TRUE,2009,5832.0702391213235,1825.1649655395813,3983.4238147439737,1.405722688842775,22.07573614892571,31.3,68.3,0.02,0.38,68.32
5106828,Porto Esperidião,pantanal_norte,Pantanal-13,TRUE,2010,5832.0702391213545,1784.6270096527462,4028.329568364421,1.439294336669927,17.67436676751712,30.6,69.07,0.02,0.3,69.09
5106828,Porto Esperidião,pantanal_norte,Pantanal-13,TRUE,2011,5832.069380087185,1827.433240095078,3982.854052502178,1.439294336669927,20.34279315325918,31.33,68.29,0.02,0.35,68.31
5106828,Porto Esperidião,pantanal_norte,Pantanal-13,TRUE,2012,5832.0693800871095,1902.6334440195794,3909.2963223186284,1.516767105468754,18.62284664343271,32.62,67.03,0.03,0.32,67.06
5106828,Porto Esperidião,pantanal_norte,Pantanal-13,TRUE,2013,5832.069380087227,1857.880321700485,3950.2802399499133,1.567554482421878,22.34126395440678,31.86,67.73,0.03,0.38,67.76
5106828,Porto Esperidião,pantanal_norte,Pantanal-13,TRUE,2014,5832.069380087243,1806.9197987805735,3995.5601698959026,1.656218541015632,27.9331928697509,30.98,68.51,0.03,0.48,68.54
5106828,Porto Esperidião,pantanal_norte,Pantanal-13,TRUE,2015,5832.069380087226,1825.0892484265632,3976.9057937279845,1.6562185578003,28.41811937487775,31.29,68.19,0.03,0.49,68.22
5106828,Porto Esperidião,pantanal_norte,Pantanal-13,TRUE,2016,5832.070239121227,1900.476859468072,3903.4084197445864,1.657940148864753,26.52701975970455,32.59,66.93,0.03,0.45,66.96
5106828,Porto Esperidião,pantanal_norte,Pantanal-13,TRUE,2017,5832.070239121218,1943.795867017927,3861.201718376545,1.657940115295417,25.41471361145008,33.33,66.21,0.03,0.44,66.24
5106828,Porto Esperidião,pantanal_norte,Pantanal-13,TRUE,2018,5832.069380087142,1875.9037811760095,3931.6150029718624,1.679460620727547,22.87113531854244,32.17,67.41,0.03,0.39,67.44
5106828,Porto Esperidião,pantanal_norte,Pantanal-13,TRUE,2019,5832.06938008727,1785.4735853409175,4022.5637483046407,1.714754599487312,22.31729184222419,30.61,68.97,0.03,0.38,69
5106828,Porto Esperidião,pantanal_norte,Pantanal-13,TRUE,2020,5832.069380087286,1787.531166856489,4026.750822948937,1.725084430847174,16.06230585101314,30.65,69.04,0.03,0.28,69.07
5106828,Porto Esperidião,pantanal_norte,Pantanal-13,TRUE,2021,5832.068521052794,2157.732506555676,3651.6376937168448,1.758655979919435,20.93966480035404,37,62.61,0.03,0.36,62.64
5106851,Porto Estrela,resto_mt,Demais MT,FALSE,2000,2045.4626695168774,1416.6388118838486,611.8053226356533,6.738780562011733,10.2797544353638,69.26,29.91,0.33,0.5,30.24
5106851,Porto Estrela,resto_mt,Demais MT,FALSE,2001,2045.4626695168402,1395.3146923776462,633.28648787717,7.136132055542008,9.725357206481975,68.22,30.96,0.35,0.48,31.31
5106851,Porto Estrela,resto_mt,Demais MT,FALSE,2002,2045.4626695168367,1359.756651909379,668.0045875421501,7.362066075927743,10.33936398937993,66.48,32.66,0.36,0.51,33.02
5106851,Porto Estrela,resto_mt,Demais MT,FALSE,2003,2045.4626695168438,1347.5744599480772,680.080918601054,7.66365634082031,10.14363462689213,65.88,33.25,0.37,0.5,33.62
5106851,Porto Estrela,resto_mt,Demais MT,FALSE,2004,2045.4626695168486,1351.0176487176798,676.8887844606677,7.504132666198728,10.05210367230228,66.05,33.09,0.37,0.49,33.46
5106851,Porto Estrela,resto_mt,Demais MT,FALSE,2005,2045.4626695168386,1366.4571617168262,662.5967572331787,6.773125092285168,9.635625474548384,66.8,32.39,0.33,0.47,32.72
5106851,Porto Estrela,resto_mt,Demais MT,FALSE,2006,2045.4626695168552,1362.9496869465722,666.0455688991403,6.704932909973145,9.76248076116947,66.63,32.56,0.33,0.48,32.89
5106851,Porto Estrela,resto_mt,Demais MT,FALSE,2007,2045.4626695168604,1352.6862752101179,676.6970717123824,6.399697321044929,9.679625273315471,66.13,33.08,0.31,0.47,33.39
5106851,Porto Estrela,resto_mt,Demais MT,FALSE,2008,2045.4626695168458,1343.4739144326454,686.4777891658655,6.164291461853038,9.34667445648198,65.68,33.56,0.3,0.46,33.86
5106851,Porto Estrela,resto_mt,Demais MT,FALSE,2009,2045.4626695168222,1339.2616270507863,691.6126699201374,5.952356345397955,8.636016200500526,65.47,33.81,0.29,0.42,34.1
5106851,Porto Estrela,resto_mt,Demais MT,FALSE,2010,2045.4626695168297,1330.5728688155548,699.889892435772,5.767065451660165,9.232842813842822,65.05,34.22,0.28,0.45,34.5
5106851,Porto Estrela,resto_mt,Demais MT,FALSE,2011,2045.462669516834,1314.1652758517532,716.7129690137748,5.549041303344728,9.03538334796147,64.25,35.04,0.27,0.44,35.31
5106851,Porto Estrela,resto_mt,Demais MT,FALSE,2012,2045.4626695168383,1308.602972627331,722.6044300807915,5.378553836975104,8.876712971740766,63.98,35.33,0.26,0.43,35.59
5106851,Porto Estrela,resto_mt,Demais MT,FALSE,2013,2045.4626695168522,1308.2034671420524,723.3970804183176,5.399336385986335,8.462785570495651,63.96,35.37,0.26,0.41,35.63
5106851,Porto Estrela,resto_mt,Demais MT,FALSE,2014,2045.4626695168663,1305.4250390660668,726.3461562474304,5.320902270629891,8.3705719327393,63.82,35.51,0.26,0.41,35.77
5106851,Porto Estrela,resto_mt,Demais MT,FALSE,2015,2045.4626695168604,1309.2715310663127,722.3521127563337,5.072665923217777,8.76635977099613,64.01,35.31,0.25,0.43,35.56
5106851,Porto Estrela,resto_mt,Demais MT,FALSE,2016,2045.4626695168458,1306.970230936917,724.9758571163056,4.928743453491217,8.587838010131875,63.9,35.44,0.24,0.42,35.68
5106851,Porto Estrela,resto_mt,Demais MT,FALSE,2017,2045.4626695168552,1307.1348431795432,724.9147722701732,4.801126601074229,8.611927466064497,63.9,35.44,0.23,0.42,35.67
5106851,Porto Estrela,resto_mt,Demais MT,FALSE,2018,2045.462669516852,1303.5529252409463,728.7552457996483,4.743398572265631,8.411099903991735,63.73,35.63,0.23,0.41,35.86
5106851,Porto Estrela,resto_mt,Demais MT,FALSE,2019,2045.4626695168672,1307.7449696932251,724.2044139916717,4.701989120300304,8.811296711669973,63.93,35.41,0.23,0.43,35.64
5106851,Porto Estrela,resto_mt,Demais MT,FALSE,2020,2045.4626695168645,1311.3879359000696,720.9237280467875,4.780354971008312,8.370650598999054,64.11,35.25,0.23,0.41,35.48
5106851,Porto Estrela,resto_mt,Demais MT,FALSE,2021,2045.4626695168488,1281.0473729575524,752.0611609364325,4.721675507202161,7.632460115661633,62.63,36.77,0.23,0.37,37
5107008,Poxoréu,resto_mt,Demais MT,FALSE,2000,6915.323807520437,3670.857048785821,3179.57368031622,44.190461742614694,20.7026166757813,53.08,45.98,0.64,0.3,46.62
5107008,Poxoréu,resto_mt,Demais MT,FALSE,2001,6915.323807520548,3634.6337000318613,3220.4694594852076,40.7746347538451,19.44601324963382,52.56,46.57,0.59,0.28,47.16
5107008,Poxoréu,resto_mt,Demais MT,FALSE,2002,6915.323807520557,3596.0711420947664,3261.5356445971775,38.189273697875855,19.52774713073735,52,47.16,0.55,0.28,47.71
5107008,Poxoréu,resto_mt,Demais MT,FALSE,2003,6915.323807520523,3558.610542889375,3299.881018451765,37.66279970556635,19.16944647381595,51.46,47.72,0.54,0.28,48.26
5107008,Poxoréu,resto_mt,Demais MT,FALSE,2004,6915.323807520558,3520.0857498572077,3339.812054393208,36.845328176635626,18.58067509350589,50.9,48.3,0.53,0.27,48.83
5107008,Poxoréu,resto_mt,Demais MT,FALSE,2005,6915.323807520489,3479.9861181925144,3382.511083950533,34.467801146362206,18.35880423107914,50.32,48.91,0.5,0.27,49.41
5107008,Poxoréu,resto_mt,Demais MT,FALSE,2006,6915.323807520451,3452.2872758204016,3411.4444590681524,33.51039657055652,18.08167606134036,49.92,49.33,0.48,0.26,49.81
5107008,Poxoréu,resto_mt,Demais MT,FALSE,2007,6915.323807520381,3451.8330115101217,3414.108441255316,31.49274988275129,17.88960487219243,49.92,49.37,0.46,0.26,49.83
5107008,Poxoréu,resto_mt,Demais MT,FALSE,2008,6915.323807520394,3462.7023225774456,3406.4883207452563,28.41303098413077,17.72013321356206,50.07,49.26,0.41,0.26,49.67
5107008,Poxoréu,resto_mt,Demais MT,FALSE,2009,6915.323807520444,3459.083737951898,3412.945057636966,25.960427114807246,17.33458481677251,50.02,49.35,0.38,0.25,49.73
5107008,Poxoréu,resto_mt,Demais MT,FALSE,2010,6915.323807520338,3478.1234692374896,3395.7810046456416,24.15201802404793,17.26731561315923,50.3,49.11,0.35,0.25,49.46
5107008,Poxoréu,resto_mt,Demais MT,FALSE,2011,6915.323807520345,3502.5504912622787,3373.626015041819,22.34556006146243,16.8017411547852,50.65,48.78,0.32,0.24,49.1
5107008,Poxoréu,resto_mt,Demais MT,FALSE,2012,6915.323807520406,3511.9398778118198,3365.36917468228,21.595222451415992,16.4195325748902,50.78,48.67,0.31,0.24,48.98
5107008,Poxoréu,resto_mt,Demais MT,FALSE,2013,6915.323807520423,3502.3868975590067,3376.1215565851953,20.299287510559136,16.51606586566168,50.65,48.82,0.29,0.24,49.11
5107008,Poxoréu,resto_mt,Demais MT,FALSE,2014,6915.323807520417,3488.6819579054313,3389.5197026585656,20.639560905151402,16.48258605126959,50.45,49.01,0.3,0.24,49.31
5107008,Poxoréu,resto_mt,Demais MT,FALSE,2015,6915.323807520379,3471.5551595268666,3406.3746418217593,21.003505984863313,16.39050018688971,50.2,49.26,0.3,0.24,49.56
5107008,Poxoréu,resto_mt,Demais MT,FALSE,2016,6915.323807520378,3433.5632980006676,3444.4200807754464,20.971206912597633,16.36922183166511,49.65,49.81,0.3,0.24,50.11
5107008,Poxoréu,resto_mt,Demais MT,FALSE,2017,6915.323807520424,3401.3256965227083,3477.0913254902075,20.699156576476994,16.20762893103033,49.19,50.28,0.3,0.23,50.58
5107008,Poxoréu,resto_mt,Demais MT,FALSE,2018,6915.323807520443,3369.021017925352,3510.089665400937,20.404588299011188,15.80853589514166,48.72,50.76,0.3,0.23,51.06
5107008,Poxoréu,resto_mt,Demais MT,FALSE,2019,6915.323807520412,3351.1695716558406,3528.4337344992755,20.075406494201616,15.64509487109382,48.46,51.02,0.29,0.23,51.31
5107008,Poxoréu,resto_mt,Demais MT,FALSE,2020,6915.323807520328,3340.643672830465,3539.322625814069,20.160240357421852,15.19726851837166,48.31,51.18,0.29,0.22,51.47
5107008,Poxoréu,resto_mt,Demais MT,FALSE,2021,6915.323807520468,3289.872107072625,3591.7073435142497,20.27385801354974,13.47049892004399,47.57,51.94,0.29,0.19,52.23
5107040,Primavera do Leste,resto_mt,Demais MT,FALSE,2000,5470.290370948681,1597.3191807748499,3827.8092041798113,35.50048063653553,9.661505357482923,29.2,69.97,0.65,0.18,70.62
5107040,Primavera do Leste,resto_mt,Demais MT,FALSE,2001,5470.290370948732,1562.892063847914,3862.724925562122,36.342456558227454,8.330924980468769,28.57,70.61,0.66,0.15,71.27
5107040,Primavera do Leste,resto_mt,Demais MT,FALSE,2002,5470.290370948719,1485.9262032546549,3938.267954994724,37.333280312683016,8.7629323866577291,27.16,71.99,0.68,0.16,72.67
5107040,Primavera do Leste,resto_mt,Demais MT,FALSE,2003,5470.290370948517,1411.9161761294492,4013.17578030033,36.8967144868163,8.301700031921403,25.81,73.36,0.67,0.15,74.03
5107040,Primavera do Leste,resto_mt,Demais MT,FALSE,2004,5470.290370948643,1360.2060119930695,4066.152024469612,35.5629658004149,8.369368685546895,24.87,74.33,0.65,0.15,74.98
5107040,Primavera do Leste,resto_mt,Demais MT,FALSE,2005,5470.2903709484235,1329.7245038023905,4096.4988312746955,35.83182835504135,8.23520751629641,24.31,74.89,0.66,0.15,75.55
5107040,Primavera do Leste,resto_mt,Demais MT,FALSE,2006,5470.290370948679,1307.8581637082082,4116.837391970391,36.479470297424164,9.115344972656262,23.91,75.26,0.67,0.17,75.93
5107040,Primavera do Leste,resto_mt,Demais MT,FALSE,2007,5470.290370948754,1299.5437434095682,4124.55522957953,37.00265708898911,9.188740870666509,23.76,75.4,0.68,0.17,76.08
5107040,Primavera do Leste,resto_mt,Demais MT,FALSE,2008,5470.290370948758,1294.2543357429397,4129.847117377389,37.070219864257695,9.118697964172371,23.66,75.5,0.68,0.17,76.18
5107040,Primavera do Leste,resto_mt,Demais MT,FALSE,2009,5470.290370948539,1291.063433752276,4132.539509304845,37.691462316589224,8.995965574829114,23.6,75.55,0.69,0.16,76.24
5107040,Primavera do Leste,resto_mt,Demais MT,FALSE,2010,5470.290370948563,1292.8370277886506,4131.164592240113,37.25044045605448,9.038310463745129,23.63,75.52,0.68,0.17,76.2
5107040,Primavera do Leste,resto_mt,Demais MT,FALSE,2011,5470.29037094891,1300.016048192771,4124.295261301733,36.34540034179662,9.633661112609849,23.77,75.39,0.66,0.18,76.05
5107040,Primavera do Leste,resto_mt,Demais MT,FALSE,2012,5470.290370948555,1295.3997578716032,4129.083576631884,36.040746953857145,9.766289491210934,23.68,75.48,0.66,0.18,76.14
5107040,Primavera do Leste,resto_mt,Demais MT,FALSE,2013,5470.290370948504,1292.909410880346,4131.570227442425,36.22149534497043,9.589237280761724,23.64,75.53,0.66,0.18,76.19
5107040,Primavera do Leste,resto_mt,Demais MT,FALSE,2014,5470.290370948498,1292.6709434104378,4130.986584600194,37.03504815167213,9.597794786193862,23.63,75.52,0.68,0.18,76.2
5107040,Primavera do Leste,resto_mt,Demais MT,FALSE,2015,5470.290370948483,1287.8755025625262,4135.756664614107,37.18382554547083,9.474378226379407,23.54,75.6,0.68,0.17,76.28
5107040,Primavera do Leste,resto_mt,Demais MT,FALSE,2016,5470.290370948397,1291.691988565875,4131.623211754653,37.55883430938689,9.416336318481452,23.61,75.53,0.69,0.17,76.22
5107040,Primavera do Leste,resto_mt,Demais MT,FALSE,2017,5470.29037094848,1291.6559931062195,4131.612033796607,37.82029877581751,9.202045269836445,23.61,75.53,0.69,0.17,76.22
5107040,Primavera do Leste,resto_mt,Demais MT,FALSE,2018,5470.290370948473,1295.0574721128105,4127.788214866485,39.03571518804891,8.408968781127939,23.67,75.46,0.71,0.15,76.17
5107040,Primavera do Leste,resto_mt,Demais MT,FALSE,2019,5470.290370948524,1296.0214391706165,4126.826292737074,39.059768612914645,8.382870427917487,23.69,75.44,0.71,0.15,76.15
5107040,Primavera do Leste,resto_mt,Demais MT,FALSE,2020,5470.290370948625,1293.0410246410088,4129.990233249756,39.22430919226036,8.034803865600598,23.64,75.5,0.72,0.15,76.22
5107040,Primavera do Leste,resto_mt,Demais MT,FALSE,2021,5470.290370948554,1278.3408323443377,4143.935800124602,40.307218080566074,7.706520399047863,23.37,75.75,0.74,0.14,76.49
5107065,Querência,resto_mt,Demais MT,FALSE,2000,17799.81564646943,14401.261927771655,3170.656453675253,4.689715362915012,223.2075496596077,80.91,17.81,0.03,1.25,17.84
5107065,Querência,resto_mt,Demais MT,FALSE,2001,17799.815657994448,14280.072405060655,3308.726017057877,4.928805188171397,206.0884306877437,80.23,18.59,0.03,1.16,18.62
5107065,Querência,resto_mt,Demais MT,FALSE,2002,17799.815657313302,13922.172356015915,3660.8859420641083,4.999566153625518,211.7577930796509,78.22,20.57,0.03,1.19,20.6
5107065,Querência,resto_mt,Demais MT,FALSE,2003,17799.81389892769,13298.106707244686,4273.971313680499,5.197883713439988,222.5379942890628,74.71,24.01,0.03,1.25,24.04
5107065,Querência,resto_mt,Demais MT,FALSE,2004,17799.827891309393,12970.56010966482,4603.9250979109265,5.627387443908701,219.7152962897335,72.87,25.86,0.03,1.23,25.89
5107065,Querência,resto_mt,Demais MT,FALSE,2005,17799.822648310113,12844.871217784163,4719.4864345033675,5.846527610961915,229.6184684116211,72.16,26.51,0.03,1.29,26.54
5107065,Querência,resto_mt,Demais MT,FALSE,2006,17799.82528379904,12823.325840250685,4736.3657805864395,6.121568093383745,234.0120948685327,72.04,26.61,0.03,1.31,26.64
5107065,Querência,resto_mt,Demais MT,FALSE,2007,17799.830526358226,12783.837449933071,4779.831711748579,6.162602592346154,229.9987620842276,71.82,26.85,0.03,1.29,26.88
5107065,Querência,resto_mt,Demais MT,FALSE,2008,17799.825270072066,12693.408694698812,4861.650267126794,6.219378169250449,238.5469300772093,71.31,27.31,0.03,1.34,27.34
5107065,Querência,resto_mt,Demais MT,FALSE,2009,17799.836639029425,12687.066569194818,4871.093074211499,6.394854707763642,235.2821409153446,71.28,27.37,0.04,1.32,27.41
5107065,Querência,resto_mt,Demais MT,FALSE,2010,17799.825287818345,12728.213006669333,4835.115732665368,6.526554773376416,229.969993710268,71.51,27.16,0.04,1.29,27.2
5107065,Querência,resto_mt,Demais MT,FALSE,2011,17799.824408773024,12714.45517608846,4849.484048369564,6.8992854583129555,228.9858988566891,71.43,27.24,0.04,1.29,27.28
5107065,Querência,resto_mt,Demais MT,FALSE,2012,17799.820911515926,12688.29421219538,4869.816414651844,7.223074804931651,234.4872098637689,71.28,27.36,0.04,1.32,27.4
5107065,Querência,resto_mt,Demais MT,FALSE,2013,17799.819163467964,12707.96454159433,4867.387520290506,7.620297936035284,216.8468036470939,71.39,27.35,0.04,1.22,27.39
5107065,Querência,resto_mt,Demais MT,FALSE,2014,17799.82353352002,12677.335393859657,4893.457471663658,7.945898687500128,221.0847693092036,71.22,27.49,0.04,1.24,27.53
5107065,Querência,resto_mt,Demais MT,FALSE,2015,17799.829654547204,12645.345241109164,4934.244402287467,8.05683242620866,212.1831787243644,71.04,27.72,0.05,1.19,27.77
5107065,Querência,resto_mt,Demais MT,FALSE,2016,17799.822664488885,12625.925827487219,4970.634665530414,8.557886714355714,194.7042847568968,70.93,27.93,0.05,1.09,27.98
5107065,Querência,resto_mt,Demais MT,FALSE,2017,17799.809544840624,12598.063998982274,4999.258966904919,8.859966659424053,193.6266122940059,70.78,28.09,0.05,1.09,28.14
5107065,Querência,resto_mt,Demais MT,FALSE,2018,17799.820037926533,12537.459361596484,5052.1388973688645,9.058187409729173,201.1635915514523,70.44,28.38,0.05,1.13,28.43
5107065,Querência,resto_mt,Demais MT,FALSE,2019,17799.813930273467,12541.868558230773,5047.422980021087,9.210137581176898,201.3122544404298,70.46,28.36,0.05,1.13,28.41
5107065,Querência,resto_mt,Demais MT,FALSE,2020,17799.814797250354,12552.858724601805,5043.07348509374,9.231086441772602,194.6515011130367,70.52,28.33,0.05,1.09,28.38
5107065,Querência,resto_mt,Demais MT,FALSE,2021,17799.904860869676,12459.972979267608,5141.200746928669,9.931271789917032,188.7998628834842,70,28.88,0.06,1.06,28.94
5107107,São José dos Quatro Marcos,resto_mt,Demais MT,FALSE,2000,1282.7459168738103,213.32607851459278,1063.856993344508,4.610449396545453,0.9523956181640636,16.63,82.94,0.36,0.07,83.3
5107107,São José dos Quatro Marcos,resto_mt,Demais MT,FALSE,2001,1282.7459168738587,203.3269421409319,1073.947515993425,4.617343748107953,0.8541149913940438,15.85,83.72,0.36,0.07,84.08
5107107,São José dos Quatro Marcos,resto_mt,Demais MT,FALSE,2002,1282.7459168738499,204.65395910565343,1072.4351791576005,4.620790827270552,1.035987783325196,15.95,83.6,0.36,0.08,83.96
5107107,São José dos Quatro Marcos,resto_mt,Demais MT,FALSE,2003,1282.745916873838,192.70798282715103,1084.3406652160595,4.63371664306645,1.063552187561036,15.02,84.53,0.36,0.08,84.89
5107107,São José dos Quatro Marcos,resto_mt,Demais MT,FALSE,2004,1282.7459168738133,189.41328584460615,1087.6112110929887,4.676806238098188,1.044613698120118,14.77,84.79,0.36,0.08,85.15
5107107,São José dos Quatro Marcos,resto_mt,Demais MT,FALSE,2005,1282.7459168737641,186.46574229852416,1090.7870911130817,4.693179704650921,0.7999037575073247,14.54,85.04,0.37,0.06,85.41
5107107,São José dos Quatro Marcos,resto_mt,Demais MT,FALSE,2006,1282.7459168737896,186.84434730688602,1090.290453920053,4.720756614013712,0.8903590328369154,14.57,85,0.37,0.07,85.37
5107107,São José dos Quatro Marcos,resto_mt,Demais MT,FALSE,2007,1282.7459168737655,180.40484935186967,1096.7239566337732,4.724203678772012,0.8929072093505862,14.06,85.5,0.37,0.07,85.87
5107107,São José dos Quatro Marcos,resto_mt,Demais MT,FALSE,2008,1282.7459168737823,173.437413373535,1103.600055546939,4.850020992919981,0.858426960388184,13.52,86.03,0.38,0.07,86.41
5107107,São José dos Quatro Marcos,resto_mt,Demais MT,FALSE,2009,1282.7459168737503,156.1547821082773,1121.030060604096,4.88707821661383,0.6739959447631847,12.17,87.39,0.38,0.05,87.77
5107107,São José dos Quatro Marcos,resto_mt,Demais MT,FALSE,2010,1282.745916873779,145.62578861407482,1131.4185728642572,4.897419609985411,0.8041357854614267,11.35,88.2,0.38,0.06,88.58
5107107,São José dos Quatro Marcos,resto_mt,Demais MT,FALSE,2011,1282.745916873804,151.13660459808324,1125.91208854043,4.906899206848204,0.7903245284423845,11.78,87.77,0.38,0.06,88.15
5107107,São José dos Quatro Marcos,resto_mt,Demais MT,FALSE,2012,1282.7459168738142,155.9430709108893,1121.0685646927832,4.966362090576212,0.7679191795654305,12.16,87.4,0.39,0.06,87.79
5107107,São José dos Quatro Marcos,resto_mt,Demais MT,FALSE,2013,1282.7459168737903,141.5756658575435,1135.4773542357902,5.003418270385764,0.6894785100708021,11.04,88.52,0.39,0.05,88.91
5107107,São José dos Quatro Marcos,resto_mt,Demais MT,FALSE,2014,1282.7459168737728,131.36544922033684,1145.6893084252865,5.036165522827168,0.6549937053222662,10.24,89.32,0.39,0.05,89.71
5107107,São José dos Quatro Marcos,resto_mt,Demais MT,FALSE,2015,1282.7459168737923,140.63320273113922,1136.2974229596089,5.05598700366213,0.7593041793823248,10.96,88.58,0.39,0.06,88.97
5107107,São José dos Quatro Marcos,resto_mt,Demais MT,FALSE,2016,1282.745916873883,155.42057506134216,1121.3687326820477,5.12148460406496,0.8351245264282244,12.12,87.42,0.4,0.07,87.82
5107107,São José dos Quatro Marcos,resto_mt,Demais MT,FALSE,2017,1282.7459168738048,169.46673645062472,1107.3415056996084,5.131826053466813,0.8058486701049808,13.21,86.33,0.4,0.06,86.73
5107107,São José dos Quatro Marcos,resto_mt,Demais MT,FALSE,2018,1282.745916873803,163.33626208435263,1113.3366805068574,5.201629335754388,0.8713449468383797,12.73,86.79,0.41,0.07,87.2
5107107,São José dos Quatro Marcos,resto_mt,Demais MT,FALSE,2019,1282.7459168737983,159.3715753977076,1117.2048242550213,5.207661585815419,0.9618556352539076,12.42,87.09,0.41,0.07,87.5
5107107,São José dos Quatro Marcos,resto_mt,Demais MT,FALSE,2020,1282.745916873811,164.72272662811483,1112.1036242232353,5.213694230590809,0.7058717918701176,12.84,86.7,0.41,0.06,87.11
5107107,São José dos Quatro Marcos,resto_mt,Demais MT,FALSE,2021,1282.7459168738478,177.66171421460209,1099.299898139043,5.263677025329592,0.520627494873047,13.85,85.7,0.41,0.04,86.11
5107156,Reserva do Cabaçal,resto_mt,Demais MT,FALSE,2000,1331.8293612269063,1124.979451273421,204.6901454806457,1.7447732491455066,0.4149912236938473,84.47,15.37,0.13,0.03,15.5
5107156,Reserva do Cabaçal,resto_mt,Demais MT,FALSE,2001,1331.829361226884,1121.0650475758273,207.60999587609336,2.7963851102905215,0.3579326646728513,84.17,15.59,0.21,0.03,15.8
5107156,Reserva do Cabaçal,resto_mt,Demais MT,FALSE,2002,1331.8293612269192,1117.7746838261069,210.4578264502508,3.2112531329955996,0.3855978175659178,83.93,15.8,0.24,0.03,16.04
5107156,Reserva do Cabaçal,resto_mt,Demais MT,FALSE,2003,1331.8293612269017,1116.6466269888706,211.1279140319764,3.7055329801025385,0.3492872259521482,83.84,15.85,0.28,0.03,16.13
5107156,Reserva do Cabaçal,resto_mt,Demais MT,FALSE,2004,1331.829361226921,1115.7095019448225,211.1860907997377,4.6121407354126,0.3216277469482421,83.77,15.86,0.35,0.02,16.21
5107156,Reserva do Cabaçal,resto_mt,Demais MT,FALSE,2005,1331.8293612269065,1112.6661265999592,213.3670060700015,5.513506111694328,0.2827224452514649,83.54,16.02,0.41,0.02,16.43
5107156,Reserva do Cabaçal,resto_mt,Demais MT,FALSE,2006,1331.8293612268712,1110.1781008666474,215.50681753496755,5.916188353515625,0.2282544717407227,83.36,16.18,0.44,0.02,16.62
5107156,Reserva do Cabaçal,resto_mt,Demais MT,FALSE,2007,1331.8293612268938,1109.8824847541841,215.40738221233377,6.33457604272461,0.2049182176513674,83.34,16.17,0.48,0.02,16.65
5107156,Reserva do Cabaçal,resto_mt,Demais MT,FALSE,2008,1331.8293612268594,1107.6323915844102,217.6212441605156,6.402814773559565,0.1729107083740235,83.17,16.34,0.48,0.01,16.82
5107156,Reserva do Cabaçal,resto_mt,Demais MT,FALSE,2009,1331.8293612269256,1105.6389457010546,219.3224877858809,6.705392516174308,0.1625352238159181,83.02,16.47,0.5,0.01,16.97
5107156,Reserva do Cabaçal,resto_mt,Demais MT,FALSE,2010,1331.8293612268965,1103.717965136571,221.30042195708575,6.619040286254863,0.1919338469848634,82.87,16.62,0.5,0.01,17.12
5107156,Reserva do Cabaçal,resto_mt,Demais MT,FALSE,2011,1331.829361226913,1094.0839162736113,230.79868987529875,6.759146299743645,0.1876087782592773,82.15,17.33,0.51,0.01,17.84
5107156,Reserva do Cabaçal,resto_mt,Demais MT,FALSE,2012,1331.829361226887,1081.4737082737677,242.8518621075993,7.325701394470219,0.1780894510498048,81.2,18.23,0.55,0.01,18.78
5107156,Reserva do Cabaçal,resto_mt,Demais MT,FALSE,2013,1331.829361226827,1070.8260122029649,253.60003021935768,7.256346020263678,0.1469727842407227,80.4,19.04,0.54,0.01,19.58
5107156,Reserva do Cabaçal,resto_mt,Demais MT,FALSE,2014,1331.8293612267876,1061.860085987472,260.7685204125942,9.041679871337882,0.1590749553833009,79.73,19.58,0.68,0.01,20.26
5107156,Reserva do Cabaçal,resto_mt,Demais MT,FALSE,2015,1331.829361226815,1054.3725575171022,267.0809372860067,10.20469785253901,0.1711685711669923,79.17,20.05,0.77,0.01,20.82
5107156,Reserva do Cabaçal,resto_mt,Demais MT,FALSE,2016,1331.8293612268221,1049.7965660424381,270.4046220579801,11.4552768555908,0.1728962708129883,78.82,20.3,0.86,0.01,21.16
5107156,Reserva do Cabaçal,resto_mt,Demais MT,FALSE,2017,1331.829361226799,1045.7868463103591,272.4745767388883,13.401086707947,0.1668514696044922,78.52,20.46,1.01,0.01,21.47
5107156,Reserva do Cabaçal,resto_mt,Demais MT,FALSE,2018,1331.8293612268078,1041.2694722738074,274.1225608088347,16.275662684021512,0.1616654601440431,78.18,20.58,1.22,0.01,21.8
5107156,Reserva do Cabaçal,resto_mt,Demais MT,FALSE,2019,1331.8293612268217,1039.004425933367,274.0004285884369,18.646426575989544,0.1780801290283204,78.01,20.57,1.4,0.01,21.97
5107156,Reserva do Cabaçal,resto_mt,Demais MT,FALSE,2020,1331.8293612268278,1039.7679560895658,272.29629642626264,19.541203436951434,0.2239052740478515,78.07,20.45,1.47,0.02,21.92
5107156,Reserva do Cabaçal,resto_mt,Demais MT,FALSE,2021,1331.8293612268078,1049.2028019411634,264.3734051951895,18.04654062909022,0.2066134613647461,78.78,19.85,1.36,0.02,21.21
5107180,Ribeirão Cascalheira,resto_mt,Demais MT,FALSE,2000,11354.558234601393,8835.92688639318,2446.4427493675753,7.538759771850575,64.6498390687858,77.82,21.55,0.07,0.57,21.62
5107180,Ribeirão Cascalheira,resto_mt,Demais MT,FALSE,2001,11354.558234601342,8819.123556795523,2465.5305588042947,7.51776919354247,62.38634980798268,77.67,21.71,0.07,0.55,21.78
5107180,Ribeirão Cascalheira,resto_mt,Demais MT,FALSE,2002,11354.558234601414,8727.51053470691,2555.9741166631834,7.467156316101063,63.60642691522138,76.86,22.51,0.07,0.56,22.58
5107180,Ribeirão Cascalheira,resto_mt,Demais MT,FALSE,2003,11354.558234601349,8646.997005699182,2634.4254887816232,8.548337849426261,64.58740227111744,76.15,23.2,0.08,0.57,23.28
5107180,Ribeirão Cascalheira,resto_mt,Demais MT,FALSE,2004,11354.558234601476,8584.16058803273,2697.8131881584086,8.880180088317875,63.70427832202069,75.6,23.76,0.08,0.56,23.84
5107180,Ribeirão Cascalheira,resto_mt,Demais MT,FALSE,2005,11354.558234601449,8545.824067036694,2734.8869695836156,8.835518637145995,65.01167934399331,75.26,24.09,0.08,0.57,24.17
5107180,Ribeirão Cascalheira,resto_mt,Demais MT,FALSE,2006,11354.558234601569,8492.891120870849,2790.3971933260573,8.93195177001953,62.33796863464278,74.8,24.58,0.08,0.55,24.66
5107180,Ribeirão Cascalheira,resto_mt,Demais MT,FALSE,2007,11354.558234601533,8457.002102810018,2825.604285490917,8.601623456420896,63.35022284417649,74.48,24.89,0.08,0.56,24.97
5107180,Ribeirão Cascalheira,resto_mt,Demais MT,FALSE,2008,11354.558234601438,8426.55355783678,2855.5970628381438,9.256696187011716,63.15091773950135,74.21,25.15,0.08,0.56,25.23
5107180,Ribeirão Cascalheira,resto_mt,Demais MT,FALSE,2009,11354.558234601442,8410.437149141768,2874.100792457721,9.072984957458484,60.94730804449415,74.07,25.31,0.08,0.54,25.39
5107180,Ribeirão Cascalheira,resto_mt,Demais MT,FALSE,2010,11354.55823460136,8403.359459956095,2882.3730889177887,8.064110321960438,60.76157540551697,74.01,25.39,0.07,0.54,25.46
5107180,Ribeirão Cascalheira,resto_mt,Demais MT,FALSE,2011,11354.558234601456,8385.826026844024,2900.2824983773658,7.90833621057128,60.54137316949407,73.85,25.54,0.07,0.53,25.61
5107180,Ribeirão Cascalheira,resto_mt,Demais MT,FALSE,2012,11354.558234601413,8376.096627226218,2910.7021798006117,7.473953495361325,60.28547407922315,73.77,25.63,0.07,0.53,25.7
5107180,Ribeirão Cascalheira,resto_mt,Demais MT,FALSE,2013,11354.55823460144,8355.412514831065,2934.7509588580824,7.357207332031249,57.0375535802606,73.59,25.85,0.06,0.5,25.91
5107180,Ribeirão Cascalheira,resto_mt,Demais MT,FALSE,2014,11354.5582346013,8329.007505130068,2961.5983982714642,7.7655779663085935,56.18675323345893,73.35,26.08,0.07,0.49,26.15
5107180,Ribeirão Cascalheira,resto_mt,Demais MT,FALSE,2015,11354.558234601433,8288.93822061887,3002.6660816222125,7.683248908996584,55.27068345135444,73,26.44,0.07,0.49,26.51
5107180,Ribeirão Cascalheira,resto_mt,Demais MT,FALSE,2016,11354.558234601536,8270.495179092306,3022.0725355921763,7.392371541809082,54.59814837524361,72.84,26.62,0.07,0.48,26.69
5107180,Ribeirão Cascalheira,resto_mt,Demais MT,FALSE,2017,11354.558234601614,8222.278763720744,3070.974700637524,6.792400593078614,54.51236965026808,72.41,27.05,0.06,0.48,27.11
5107180,Ribeirão Cascalheira,resto_mt,Demais MT,FALSE,2018,11354.5582346016,8180.3900254481805,3112.515864386208,7.32150843371582,54.33083633349561,72.04,27.41,0.06,0.48,27.47
5107180,Ribeirão Cascalheira,resto_mt,Demais MT,FALSE,2019,11354.558234601633,8137.998494332468,3154.9735688422847,7.787402848693845,53.79876857818554,71.67,27.79,0.07,0.47,27.86
5107180,Ribeirão Cascalheira,resto_mt,Demais MT,FALSE,2020,11354.558234601593,8126.7688410040155,3165.6646577571246,7.896390060791013,54.2283457796626,71.57,27.88,0.07,0.48,27.95
5107180,Ribeirão Cascalheira,resto_mt,Demais MT,FALSE,2021,11354.558234601522,8025.587188649165,3268.2561304017595,8.574503276550296,52.14041227404759,70.68,28.78,0.08,0.46,28.86
5107198,Ribeirãozinho,resto_mt,Demais MT,FALSE,2000,624.9951683786514,235.31329302294276,385.146246125545,2.029019532836914,2.50660969732666,37.65,61.62,0.32,0.4,61.94
5107198,Ribeirãozinho,resto_mt,Demais MT,FALSE,2001,624.9951683786433,231.40243311089122,389.14552540135804,2.176658245300292,2.27055162109375,37.02,62.26,0.35,0.36,62.61
5107198,Ribeirãozinho,resto_mt,Demais MT,FALSE,2002,624.9951683786372,226.59596085259187,393.93741292686326,2.1886698502197257,2.273124748962402,36.26,63.03,0.35,0.36,63.38
5107198,Ribeirãozinho,resto_mt,Demais MT,FALSE,2003,624.995168378636,218.62155632280655,402.02169317588545,2.2118445106201152,2.140074369323731,34.98,64.32,0.35,0.34,64.67
5107198,Ribeirãozinho,resto_mt,Demais MT,FALSE,2004,624.9951683786294,211.41723574450063,409.2689149689676,2.2392973718261704,2.069720293334962,33.83,65.48,0.36,0.33,65.84
5107198,Ribeirãozinho,resto_mt,Demais MT,FALSE,2005,624.995168378627,207.96198422948805,412.67952796102844,2.240155917175291,2.11350027093506,33.27,66.03,0.36,0.34,66.39
5107198,Ribeirãozinho,resto_mt,Demais MT,FALSE,2006,624.9951683786271,206.8441097167919,413.59400162985276,2.392056716369628,2.165000315612793,33.1,66.18,0.38,0.35,66.56
5107198,Ribeirãozinho,resto_mt,Demais MT,FALSE,2007,624.995168378632,205.75113275176514,414.7685330824332,2.389478576171875,2.08602396826172,32.92,66.36,0.38,0.33,66.74
5107198,Ribeirãozinho,resto_mt,Demais MT,FALSE,2008,624.9951683786336,203.06861836473945,417.433887024148,2.3946255072021483,2.098037482543946,32.49,66.79,0.38,0.34,67.17
5107198,Ribeirãozinho,resto_mt,Demais MT,FALSE,2009,624.9951683786322,199.8900868316563,420.5840757582796,2.410933126831054,2.110072661865236,31.98,67.29,0.39,0.34,67.68
5107198,Ribeirãozinho,resto_mt,Demais MT,FALSE,2010,624.9951683786309,197.23478625047997,423.290034883461,2.482169030761718,1.988178213928223,31.56,67.73,0.4,0.32,68.13
5107198,Ribeirãozinho,resto_mt,Demais MT,FALSE,2011,624.9951683786318,193.1833850544343,427.34830259562085,2.488182304748534,1.975298423828127,30.91,68.38,0.4,0.32,68.78
5107198,Ribeirãozinho,resto_mt,Demais MT,FALSE,2012,624.995168378633,188.4857256045436,432.14979604703865,2.477885922790528,1.881760804260254,30.16,69.14,0.4,0.3,69.54
5107198,Ribeirãozinho,resto_mt,Demais MT,FALSE,2013,624.9951683786428,184.26661239989323,436.4298414545797,2.485612412048341,1.813102112121582,29.48,69.83,0.4,0.29,70.23
5107198,Ribeirãozinho,resto_mt,Demais MT,FALSE,2014,624.9951683786338,184.20313148894516,436.40321316715443,2.512207194274901,1.876616528259277,29.47,69.83,0.4,0.3,70.23
5107198,Ribeirãozinho,resto_mt,Demais MT,FALSE,2015,624.9951683786313,181.8000900569994,438.8363124996714,2.5507986223754857,1.807967199584962,29.09,70.21,0.41,0.29,70.62
5107198,Ribeirãozinho,resto_mt,Demais MT,FALSE,2016,624.9951683786293,180.928479189752,439.7225188673441,2.567951355590819,1.776218965942385,28.95,70.36,0.41,0.28,70.77
5107198,Ribeirãozinho,resto_mt,Demais MT,FALSE,2017,624.9951683786298,181.20377918944607,439.40947445932534,2.597113366333005,1.784801363525392,28.99,70.31,0.42,0.29,70.73
5107198,Ribeirãozinho,resto_mt,Demais MT,FALSE,2018,624.9951683786416,180.3624913756052,440.2851165985564,2.574767846008298,1.772792558471681,28.86,70.45,0.41,0.28,70.86
5107198,Ribeirãozinho,resto_mt,Demais MT,FALSE,2019,624.995168378642,180.96706136614517,439.7423154803313,2.501830577941892,1.783960954223634,28.95,70.36,0.4,0.29,70.76
5107198,Ribeirãozinho,resto_mt,Demais MT,FALSE,2020,624.9951683786439,181.99592559295078,438.7126084545774,2.53271021026611,1.753924120849611,29.12,70.19,0.41,0.28,70.6
5107198,Ribeirãozinho,resto_mt,Demais MT,FALSE,2021,624.9951683786384,182.62152176482513,438.23979368833716,2.638263010620114,1.49558991485596,29.22,70.12,0.42,0.24,70.54
5107206,Rio Branco,resto_mt,Demais MT,FALSE,2000,539.2686724916388,79.00310437719732,458.4561234868779,1.374429100708018,0.435015526855469,14.65,85.01,0.25,0.08,85.26
5107206,Rio Branco,resto_mt,Demais MT,FALSE,2001,539.2703991672875,73.40050186193812,464.1389941654567,1.377882495178233,0.3530206447143556,13.61,86.07,0.26,0.07,86.33
5107206,Rio Branco,resto_mt,Demais MT,FALSE,2002,539.2703991338415,73.69723915045122,463.83448743346355,1.378745756958018,0.3599267929687502,13.67,86.01,0.26,0.07,86.27
5107206,Rio Branco,resto_mt,Demais MT,FALSE,2003,539.2686726903503,72.89434610742131,464.59334841740167,1.378745696533213,0.4022324689941406,13.52,86.15,0.26,0.07,86.41
5107206,Rio Branco,resto_mt,Demais MT,FALSE,2004,539.2686727540788,73.22385465515116,464.35015611034123,1.384789009033212,0.3098729795532228,13.58,86.11,0.26,0.06,86.37
5107206,Rio Branco,resto_mt,Demais MT,FALSE,2005,539.2686726018054,73.10906751525897,464.38207372558446,1.400328950683601,0.3772024102783204,13.56,86.11,0.26,0.07,86.37
5107206,Rio Branco,resto_mt,Demais MT,FALSE,2006,539.2652193714595,72.66196813671887,464.7843112531122,1.405508978637702,0.4134310029907228,13.47,86.19,0.26,0.08,86.45
5107206,Rio Branco,resto_mt,Demais MT,FALSE,2007,539.2669459617946,72.94061952465786,464.59629010858447,1.408098987182624,0.321937341369629,13.53,86.15,0.26,0.06,86.41
5107206,Rio Branco,resto_mt,Demais MT,FALSE,2008,539.2686726114422,73.50488858477738,463.98024456993875,1.421049117614753,0.3624903391113283,13.63,86.04,0.26,0.07,86.3
5107206,Rio Branco,resto_mt,Demais MT,FALSE,2009,539.274715813704,73.67535673834213,463.91248794901907,1.421912478637701,0.2649586477050782,13.66,86.03,0.26,0.05,86.29
5107206,Rio Branco,resto_mt,Demais MT,FALSE,2010,539.2738524332633,72.90673290448008,464.52660062106844,1.436589170410162,0.4039297373046877,13.52,86.14,0.27,0.07,86.41
5107206,Rio Branco,resto_mt,Demais MT,FALSE,2011,539.2729890981461,74.90409227984581,462.53355164758494,1.442632461181646,0.3927127095336914,13.89,85.77,0.27,0.07,86.04
5107206,Rio Branco,resto_mt,Demais MT,FALSE,2012,539.2721257414635,80.92951613732929,456.53661798584807,1.455582555908209,0.3504090623779297,15.01,84.66,0.27,0.06,84.93
5107206,Rio Branco,resto_mt,Demais MT,FALSE,2013,539.2729890388141,79.85755961608866,457.73630251232515,1.467669424499517,0.2114574859008789,14.81,84.88,0.27,0.04,85.15
5107206,Rio Branco,resto_mt,Demais MT,FALSE,2014,539.2729890463888,74.70546498071283,462.8564407885764,1.486662788574225,0.2244204885253907,13.85,85.83,0.28,0.04,86.11
5107206,Rio Branco,resto_mt,Demais MT,FALSE,2015,539.2703989375058,78.34038876586908,459.12656082337,1.500476022155769,0.3029733261108399,14.53,85.14,0.28,0.06,85.42
5107206,Rio Branco,resto_mt,Demais MT,FALSE,2016,539.2660824020977,85.23609464007615,452.2619281422096,1.516015956176766,0.252043663635254,15.81,83.87,0.28,0.05,84.15
5107206,Rio Branco,resto_mt,Demais MT,FALSE,2017,539.265219218997,85.85759939679,451.5774038503442,1.535872401672371,0.2943435701904297,15.92,83.74,0.28,0.05,84.02
5107206,Rio Branco,resto_mt,Demais MT,FALSE,2018,539.2660824861425,79.53701263915998,457.8910708787209,1.579039363647466,0.2589596046142579,14.75,84.91,0.29,0.05,85.2
5107206,Rio Branco,resto_mt,Demais MT,FALSE,2019,539.2609025219149,79.42399475103774,457.9712930543854,1.586809364685063,0.2788053518066407,14.73,84.93,0.29,0.05,85.22
5107206,Rio Branco,resto_mt,Demais MT,FALSE,2020,539.2686725121506,86.32496708337521,451.08413091101426,1.589399315002446,0.2701752027587891,16.01,83.65,0.29,0.05,83.94
5107206,Rio Branco,resto_mt,Demais MT,FALSE,2021,539.2790323760446,111.0989930303961,426.39296312067285,1.604939522888188,0.1821367020874023,20.6,79.07,0.3,0.03,79.37
5107248,Santa Carmem,resto_mt,Demais MT,FALSE,2000,3812.0482304415577,3205.2655064275095,602.4285272663672,2.336316037963856,2.017880709716797,84.08,15.8,0.06,0.05,15.86
5107248,Santa Carmem,resto_mt,Demais MT,FALSE,2001,3812.0482304417997,3165.1918197714995,643.2416802196165,2.402816954406728,1.211913496276856,83.03,16.87,0.06,0.03,16.93
5107248,Santa Carmem,resto_mt,Demais MT,FALSE,2002,3812.0482304417865,3081.8571026974573,726.1896400904598,2.490318353698724,1.511169300170898,80.85,19.05,0.07,0.04,19.12
5107248,Santa Carmem,resto_mt,Demais MT,FALSE,2003,3812.048230441832,2912.120190908797,895.6885317046656,2.562945889343249,1.676561939025878,76.39,23.5,0.07,0.04,23.57
5107248,Santa Carmem,resto_mt,Demais MT,FALSE,2004,3812.048230441892,2733.145152276163,1074.4281863911922,2.609322102661126,1.865569671875,71.7,28.19,0.07,0.05,28.26
5107248,Santa Carmem,resto_mt,Demais MT,FALSE,2005,3812.0482304420116,2626.4415551760094,1181.2455504729114,2.659199419311519,1.701925373779297,68.9,30.99,0.07,0.04,31.06
5107248,Santa Carmem,resto_mt,Demais MT,FALSE,2006,3812.048230442093,2579.9317924777242,1227.5330585304703,2.716950457580555,1.866428976318361,67.68,32.2,0.07,0.05,32.27
5107248,Santa Carmem,resto_mt,Demais MT,FALSE,2007,3812.0482304420525,2563.5890164337384,1243.8758158636,2.721325535766591,1.862072608947754,67.25,32.63,0.07,0.05,32.7
5107248,Santa Carmem,resto_mt,Demais MT,FALSE,2008,3812.0482304420784,2550.1931970273918,1257.0668978941173,2.782576197021477,2.005559323547364,66.9,32.98,0.07,0.05,33.05
5107248,Santa Carmem,resto_mt,Demais MT,FALSE,2009,3812.048230442094,2536.9225213272052,1270.580862665853,2.839451429992673,1.705395019042969,66.55,33.33,0.07,0.04,33.4
5107248,Santa Carmem,resto_mt,Demais MT,FALSE,2010,3812.048230442129,2524.5973014573005,1282.7931792029683,2.891078580932614,1.766671200927734,66.23,33.65,0.08,0.05,33.73
5107248,Santa Carmem,resto_mt,Demais MT,FALSE,2011,3812.0482304420716,2542.4625197000514,1265.0548421739659,2.926954913391116,1.603913654663085,66.7,33.19,0.08,0.04,33.27
5107248,Santa Carmem,resto_mt,Demais MT,FALSE,2012,3812.0482304420943,2523.8782383737766,1283.3818665700271,2.919954778198244,1.868170720092774,66.21,33.67,0.08,0.05,33.75
5107248,Santa Carmem,resto_mt,Demais MT,FALSE,2013,3812.048230442063,2488.5866616096346,1319.0374607693793,2.935705339416509,1.488402723632813,65.28,34.6,0.08,0.04,34.68
5107248,Santa Carmem,resto_mt,Demais MT,FALSE,2014,3812.0482304420834,2465.2062083905253,1342.3487880937944,2.953205639465338,1.54002831829834,64.67,35.21,0.08,0.04,35.29
5107248,Santa Carmem,resto_mt,Demais MT,FALSE,2015,3812.0482304421125,2454.9935860521955,1352.508903903467,2.982956587951666,1.562783898498535,64.4,35.48,0.08,0.04,35.56
5107248,Santa Carmem,resto_mt,Demais MT,FALSE,2016,3812.048230442143,2445.473163061187,1361.959309695653,2.993456886352545,1.622300798950195,64.15,35.73,0.08,0.04,35.81
5107248,Santa Carmem,resto_mt,Demais MT,FALSE,2017,3812.048230442164,2432.314028513444,1375.084333323068,3.076585317626951,1.573283288024902,63.81,36.07,0.08,0.04,36.15
5107248,Santa Carmem,resto_mt,Demais MT,FALSE,2018,3812.0482304421635,2417.6755238922115,1389.6309596802012,3.084460507263182,1.657286362487793,63.42,36.45,0.08,0.04,36.53
5107248,Santa Carmem,resto_mt,Demais MT,FALSE,2019,3812.048230442212,2394.994681021468,1412.1464261144702,3.084460818420408,1.822662487854003,62.83,37.04,0.08,0.05,37.12
5107248,Santa Carmem,resto_mt,Demais MT,FALSE,2020,3812.0482304421653,2379.2121548356245,1428.0252276271092,3.083585799926755,1.727262179504394,62.41,37.46,0.08,0.05,37.54
5107248,Santa Carmem,resto_mt,Demais MT,FALSE,2021,3812.048230442237,2403.7341585872014,1403.6248371267645,3.144837146789546,1.544397581481934,63.06,36.82,0.08,0.04,36.9
5107263,Santo Afonso,resto_mt,Demais MT,FALSE,2000,1166.3745047261011,405.60275714171064,759.1674439834384,0.6756686164550781,0.9286349844970708,34.77,65.09,0.06,0.08,65.15
5107263,Santo Afonso,resto_mt,Demais MT,FALSE,2001,1166.3745047260823,405.6847906265162,758.9788595798518,0.6808661223754882,1.029988397338867,34.78,65.07,0.06,0.09,65.13
5107263,Santo Afonso,resto_mt,Demais MT,FALSE,2002,1166.3753713570834,397.5935806033239,766.7954679754391,0.6929936776733397,1.293329100646972,34.09,65.74,0.06,0.11,65.8
5107263,Santo Afonso,resto_mt,Demais MT,FALSE,2003,1166.372773270843,377.7339446266477,786.769464704315,0.6973249178466796,1.172039022033691,32.39,67.45,0.06,0.1,67.51
5107263,Santo Afonso,resto_mt,Demais MT,FALSE,2004,1166.376237648698,371.6363575953362,792.9372230985889,0.7250446188964843,1.077612335876464,31.86,67.98,0.06,0.09,68.04
5107263,Santo Afonso,resto_mt,Demais MT,FALSE,2005,1166.376237046828,351.73891230737325,812.9420855517717,0.7345731955566405,0.9606659921264646,30.16,69.7,0.06,0.08,69.76
5107263,Santo Afonso,resto_mt,Demais MT,FALSE,2006,1166.3762370468305,351.3074646565555,813.3510021519937,0.7380381823120115,0.9797320559692384,30.12,69.73,0.06,0.08,69.79
5107263,Santo Afonso,resto_mt,Demais MT,FALSE,2007,1166.3762370692368,350.29501909015295,814.4414149551583,0.7363057022094724,0.9034973217163088,30.03,69.83,0.06,0.08,69.89
5107263,Santo Afonso,resto_mt,Demais MT,FALSE,2008,1166.3745039450926,337.6630191047431,827.111542564776,0.7432356727905272,0.8567066027832033,28.95,70.91,0.06,0.07,70.97
5107263,Santo Afonso,resto_mt,Demais MT,FALSE,2009,1166.37363748158,328.9457906178685,836.0002809057039,0.7536305437622065,0.6739354142456058,28.2,71.68,0.06,0.06,71.74
5107263,Santo Afonso,resto_mt,Demais MT,FALSE,2010,1166.3736374203656,334.5313483653038,830.2258751562581,0.7813502952880853,0.8350636035156255,28.68,71.18,0.07,0.07,71.25
5107263,Santo Afonso,resto_mt,Demais MT,FALSE,2011,1166.3753705045806,320.0606310336924,844.7476948341695,0.7934776731567373,0.7735669635620118,27.44,72.43,0.07,0.07,72.5
5107263,Santo Afonso,resto_mt,Demais MT,FALSE,2012,1166.3753710891867,310.35496671667755,854.4369041284907,0.7943440557861318,0.7891561882324222,26.61,73.26,0.07,0.07,73.33
5107263,Santo Afonso,resto_mt,Demais MT,FALSE,2013,1166.374504461263,311.71913337726295,853.2087255788122,0.7969427029418934,0.6497028022460944,26.73,73.15,0.07,0.06,73.22
5107263,Santo Afonso,resto_mt,Demais MT,FALSE,2014,1166.3710384491176,309.49248168921486,855.4821507404937,0.8021401625976552,0.5942658568115241,26.53,73.35,0.07,0.05,73.42
5107263,Santo Afonso,resto_mt,Demais MT,FALSE,2015,1166.3727717028917,305.66681558118324,859.2229255472456,0.8073375483398424,0.6756930261230472,26.21,73.67,0.07,0.06,73.74
5107263,Santo Afonso,resto_mt,Demais MT,FALSE,2016,1166.3753706568075,301.0149295465133,863.9033899326209,0.8203312420654282,0.6367199356079105,25.81,74.07,0.07,0.05,74.14
5107263,Santo Afonso,resto_mt,Demais MT,FALSE,2017,1166.376237115178,305.4065668715875,859.4745138671256,0.8203311609497057,0.6748252155151371,26.18,73.69,0.07,0.06,73.76
5107263,Santo Afonso,resto_mt,Demais MT,FALSE,2018,1166.3745041749314,309.3578415620769,855.5093651597296,0.8402548157958962,0.6670426373291022,26.52,73.35,0.07,0.06,73.42
5107263,Santo Afonso,resto_mt,Demais MT,FALSE,2019,1166.3745046104077,313.98952160095564,850.855167837455,0.8376560886230451,0.6921590833740237,26.92,72.95,0.07,0.06,73.02
5107263,Santo Afonso,resto_mt,Demais MT,FALSE,2020,1166.3736377350272,310.95275674200656,853.9317841582427,0.8367899553222642,0.6523068794555665,26.66,73.21,0.07,0.06,73.28
5107263,Santo Afonso,resto_mt,Demais MT,FALSE,2021,1166.3831700666055,305.1071190573159,859.7999319246949,0.8878981824951133,0.5882209020996094,26.16,73.72,0.08,0.05,73.8
5107297,São José do Povo,resto_mt,Demais MT,FALSE,2000,489.74396245587064,74.64472350976985,409.9317556208444,1.6959633005371089,3.471520024719255,15.24,83.7,0.35,0.71,84.05
5107297,São José do Povo,resto_mt,Demais MT,FALSE,2001,489.74396245588594,71.55309045514205,413.1126573351555,1.7285657798461913,3.349648885742185,14.61,84.35,0.35,0.68,84.7
5107297,São José do Povo,resto_mt,Demais MT,FALSE,2002,489.7439624558698,69.30877859704869,415.4419276284134,1.692512234741211,3.300743995666501,14.15,84.83,0.35,0.67,85.18
5107297,São José do Povo,resto_mt,Demais MT,FALSE,2003,489.7439624558741,69.58681964618238,415.1518909827264,1.6925015092773452,3.312750317687984,14.21,84.77,0.35,0.68,85.12
5107297,São José do Povo,resto_mt,Demais MT,FALSE,2004,489.7439624558688,68.27551489447362,416.54730275567016,1.7723017702636739,3.148843035461425,13.94,85.05,0.36,0.64,85.41
5107297,São José do Povo,resto_mt,Demais MT,FALSE,2005,489.74396245587394,66.76078542297732,418.1667528816515,1.7405384537353532,3.075885697509765,13.63,85.38,0.36,0.63,85.74
5107297,São José do Povo,resto_mt,Demais MT,FALSE,2006,489.74396245586905,66.8501392644079,418.06108173528435,1.809196849487305,3.023544606689457,13.65,85.36,0.37,0.62,85.73
5107297,São José do Povo,resto_mt,Demais MT,FALSE,2007,489.74396245588287,67.31529341900983,417.5753589201738,1.8280610260620127,3.025249090637207,13.74,85.26,0.37,0.62,85.63
5107297,São José do Povo,resto_mt,Demais MT,FALSE,2008,489.7439624558911,67.98384006531138,416.97033898146105,1.8134634210815443,2.976319988037109,13.88,85.14,0.37,0.61,85.51
5107297,São José do Povo,resto_mt,Demais MT,FALSE,2009,489.7439624558908,68.25676905243317,416.7574976833648,1.8168722899780265,2.912823430114749,13.94,85.1,0.37,0.59,85.47
5107297,São José do Povo,resto_mt,Demais MT,FALSE,2010,489.7439624558875,67.88447011316322,417.2190734590573,1.683815981018067,2.956602902648929,13.86,85.19,0.34,0.6,85.53
5107297,São José do Povo,resto_mt,Demais MT,FALSE,2011,489.7439624558783,67.70167839215509,417.4962711636988,1.608289888854981,2.937723011169437,13.82,85.25,0.33,0.6,85.58
5107297,São José do Povo,resto_mt,Demais MT,FALSE,2012,489.7439624558679,66.80493756518952,418.3269470319748,1.6838035885620097,2.928274270141606,13.64,85.42,0.34,0.6,85.76
5107297,São José do Povo,resto_mt,Demais MT,FALSE,2013,489.74396245587644,65.29705937817764,419.7000662045908,1.6786559951782207,3.06818087792969,13.33,85.7,0.34,0.63,86.04
5107297,São José do Povo,resto_mt,Demais MT,FALSE,2014,489.7439624558769,63.84758688251076,421.0208174817524,1.8030858855590806,3.07247220605469,13.04,85.97,0.37,0.63,86.34
5107297,São José do Povo,resto_mt,Demais MT,FALSE,2015,489.74396245587536,63.30175609900228,421.5477763657232,1.8142501494750976,3.080179841674806,12.93,86.08,0.37,0.63,86.45
5107297,São José do Povo,resto_mt,Demais MT,FALSE,2016,489.7439624558739,61.801426782290704,423.0060579033195,1.8966416416625989,3.039836128601079,12.62,86.37,0.39,0.62,86.76
5107297,São José do Povo,resto_mt,Demais MT,FALSE,2017,489.74396245586865,58.6165864137603,426.17115545122704,1.9429849702758815,3.013235620605473,11.97,87.02,0.4,0.62,87.42
5107297,São José do Povo,resto_mt,Demais MT,FALSE,2018,489.7439624558605,57.515556937014935,427.33826073033237,1.9103826926879899,2.979762095825197,11.74,87.26,0.39,0.61,87.65
5107297,São José do Povo,resto_mt,Demais MT,FALSE,2019,489.74396245584086,56.9406153341708,427.7793414310573,2.0227960697021468,3.001209620910649,11.63,87.35,0.41,0.61,87.76
5107297,São José do Povo,resto_mt,Demais MT,FALSE,2020,489.7439624558778,56.075779945925696,428.6725328968539,2.11203725189209,2.883612361206056,11.45,87.53,0.43,0.59,87.96
5107297,São José do Povo,resto_mt,Demais MT,FALSE,2021,489.7439624558618,54.04632242596652,431.3173752227053,1.9919252659912094,2.388339541198737,11.04,88.07,0.41,0.49,88.48
5107305,São José do Rio Claro,resto_mt,Demais MT,FALSE,2000,4525.295272821203,2989.714481126906,1514.247277554221,12.108182280212443,9.225331859863298,66.07,33.46,0.27,0.2,33.73
5107305,São José do Rio Claro,resto_mt,Demais MT,FALSE,2001,4525.297011260211,2957.203762900259,1544.0322627712676,14.875578495361351,9.185407093322766,65.35,34.12,0.33,0.2,34.45
5107305,São José do Rio Claro,resto_mt,Demais MT,FALSE,2002,4525.30396574284,2902.5402781862185,1596.7740503908497,15.411717723999045,10.57791944177248,64.14,35.29,0.34,0.23,35.63
5107305,São José do Rio Claro,resto_mt,Demais MT,FALSE,2003,4525.305704223366,2747.8376026350534,1751.3794127806946,15.50913009259039,10.57955871502687,60.72,38.7,0.34,0.23,39.04
5107305,São José do Rio Claro,resto_mt,Demais MT,FALSE,2004,4525.29961920046,2594.2651521945018,1904.0088243383552,16.383500678588934,10.64214198901369,57.33,42.07,0.36,0.24,42.43
5107305,São José do Rio Claro,resto_mt,Demais MT,FALSE,2005,4525.299619372792,2476.0041923127374,2021.2919282064167,17.621406807739284,10.38209204589846,54.71,44.67,0.39,0.23,45.06
5107305,São José do Rio Claro,resto_mt,Demais MT,FALSE,2006,4525.29961937264,2416.929690683367,2074.8187462903475,23.158631815063487,10.39255058386233,53.41,45.85,0.51,0.23,46.36
5107305,São José do Rio Claro,resto_mt,Demais MT,FALSE,2007,4525.300488802729,2387.5463445484274,2105.682435408599,21.654837380248907,10.41687146545413,52.76,46.53,0.48,0.23,47.01
5107305,São José do Rio Claro,resto_mt,Demais MT,FALSE,2008,4525.300488750176,2299.4253423762807,2198.9264696906066,16.922208274230968,10.02646840905764,50.81,48.59,0.37,0.22,48.96
5107305,São José do Rio Claro,resto_mt,Demais MT,FALSE,2009,4525.301357994488,2286.4842859547957,2213.4064220326118,16.091253381164535,9.319396625915546,50.53,48.91,0.36,0.21,49.27
5107305,São José do Rio Claro,resto_mt,Demais MT,FALSE,2010,4525.303096692808,2304.2101875001968,2197.408869595809,14.161921589660647,9.522118007141133,50.92,48.56,0.31,0.21,48.87
5107305,São José do Rio Claro,resto_mt,Demais MT,FALSE,2011,4525.30048903433,2292.4703926760794,2209.8400203212022,13.945588825988784,9.044487211059582,50.66,48.83,0.31,0.2,49.14
5107305,São José do Rio Claro,resto_mt,Demais MT,FALSE,2012,4525.293534765401,2283.9551367881445,2217.7077614586406,14.500862400573762,9.12977411804201,50.47,49.01,0.32,0.2,49.33
5107305,São José do Rio Claro,resto_mt,Demais MT,FALSE,2013,4525.293534781913,2279.4036473230976,2222.9849642316426,14.465162055664106,8.439761171508797,50.37,49.12,0.32,0.19,49.44
5107305,São José do Rio Claro,resto_mt,Demais MT,FALSE,2014,4525.302226747544,2257.3708716743713,2245.3550157643963,14.838921193908716,7.73741811486817,49.88,49.62,0.33,0.17,49.95
5107305,São José do Rio Claro,resto_mt,Demais MT,FALSE,2015,4525.300488295706,2233.4383252967036,2268.06686120823,15.673207610900958,8.122094179870615,49.35,50.12,0.35,0.18,50.47
5107305,São José do Rio Claro,resto_mt,Demais MT,FALSE,2016,4525.301357287086,2232.951242471068,2268.9269922912376,15.503775116943444,7.919347407836922,49.34,50.14,0.34,0.18,50.48
5107305,São José do Rio Claro,resto_mt,Demais MT,FALSE,2017,4525.304834594643,2234.5829914767437,2267.364474953348,14.992515821106029,8.36485234344483,49.38,50.1,0.33,0.18,50.43
5107305,São José do Rio Claro,resto_mt,Demais MT,FALSE,2018,4525.3048349353885,2234.4279607943117,2268.3698937496583,14.897062467224195,7.609917924194333,49.38,50.13,0.33,0.17,50.46
5107305,São José do Rio Claro,resto_mt,Demais MT,FALSE,2019,4525.301357614312,2234.5820892312954,2269.291735081626,13.488779649047913,7.938753652343748,49.38,50.15,0.3,0.18,50.45
5107305,São José do Rio Claro,resto_mt,Demais MT,FALSE,2020,4525.301357639632,2235.1664427859546,2269.013679718423,13.42006944726568,7.701165687988281,49.39,50.14,0.3,0.17,50.44
5107305,São José do Rio Claro,resto_mt,Demais MT,FALSE,2021,4525.3135276932235,2270.040433789461,2234.738815252578,13.318505423461971,7.215773227722162,50.16,49.38,0.29,0.16,49.67
5107354,São José do Xingu,resto_mt,Demais MT,FALSE,2000,7465.518998892786,4257.535065418837,3158.15330806898,1.165999411315918,48.66462599365224,57.03,42.3,0.02,0.65,42.32
5107354,São José do Xingu,resto_mt,Demais MT,FALSE,2001,7465.517242747989,4254.72005936986,3164.6765551834883,1.212596415893555,44.90803177874746,56.99,42.39,0.02,0.6,42.41
5107354,São José do Xingu,resto_mt,Demais MT,FALSE,2002,7465.522515938254,4226.64221331923,3190.7759548694526,1.534152512023923,46.57019523754876,56.62,42.74,0.02,0.62,42.76
5107354,São José do Xingu,resto_mt,Demais MT,FALSE,2003,7465.525151444964,4127.765657032637,3286.7407071354714,1.701999895263667,49.31678738159162,55.29,44.03,0.02,0.66,44.05
5107354,São José do Xingu,resto_mt,Demais MT,FALSE,2004,7465.526029056794,4103.0327063558,3311.691835263006,1.84176210858154,48.9597253294066,54.96,44.36,0.02,0.66,44.38
5107354,São José do Xingu,resto_mt,Demais MT,FALSE,2005,7465.517245399961,4050.7101106928626,3363.069728062933,2.035118752075197,49.70228789208967,54.26,45.05,0.03,0.67,45.08
5107354,São José do Xingu,resto_mt,Demais MT,FALSE,2006,7465.5190010237475,4017.812902071152,3396.3679095667317,2.070279437377932,49.26790994848614,53.82,45.49,0.03,0.66,45.52
5107354,São José do Xingu,resto_mt,Demais MT,FALSE,2007,7465.5269048442315,3990.032098503763,3423.8172905586084,2.135317376770019,49.54219840509013,53.45,45.86,0.03,0.66,45.89
5107354,São José do Xingu,resto_mt,Demais MT,FALSE,2008,7465.511974405815,3935.234179170974,3481.185995542397,2.224930303100585,46.86686938934316,52.71,46.63,0.03,0.63,46.66
5107354,São José do Xingu,resto_mt,Demais MT,FALSE,2009,7465.512852260417,3929.0628312402428,3486.4990156169765,2.251293204406736,47.6997121987913,52.63,46.7,0.03,0.64,46.73
5107354,São José do Xingu,resto_mt,Demais MT,FALSE,2010,7465.515487043128,3925.4767391262817,3489.5965175492925,2.273269786621093,48.16896058093252,52.58,46.74,0.03,0.65,46.77
5107354,São José do Xingu,resto_mt,Demais MT,FALSE,2011,7465.510219710794,3893.6596659593615,3522.773568818816,2.291730235900879,46.78525469671618,52.16,47.19,0.03,0.63,47.22
5107354,São José do Xingu,resto_mt,Demais MT,FALSE,2012,7465.5146102929975,3921.4976101187267,3494.678889495438,2.299643472961425,47.03846720587145,52.53,46.81,0.03,0.63,46.84
5107354,São José do Xingu,resto_mt,Demais MT,FALSE,2013,7465.5128518658885,3931.034048951728,3487.502199211951,2.385801651611326,44.59080205059838,52.66,46.71,0.03,0.6,46.74
5107354,São José do Xingu,resto_mt,Demais MT,FALSE,2014,7465.511972831655,3931.100862448084,3486.8892611473043,2.430639456054686,45.09120978021225,52.66,46.71,0.03,0.6,46.74
5107354,São José do Xingu,resto_mt,Demais MT,FALSE,2015,7465.507586274055,3911.6254369107514,3506.448281494468,2.461407222412108,44.97246064642311,52.4,46.97,0.03,0.6,47
5107354,São José do Xingu,resto_mt,Demais MT,FALSE,2016,7465.508464569388,3916.586428054763,3501.4765945027234,2.510640365295407,44.93480164660645,52.46,46.9,0.03,0.6,46.93
5107354,São José do Xingu,resto_mt,Demais MT,FALSE,2017,7465.516368250135,3898.152830375789,3520.311068705034,2.541411876770016,44.51105729254166,52.22,47.15,0.03,0.6,47.18
5107354,São José do Xingu,resto_mt,Demais MT,FALSE,2018,7465.511097581553,3892.926683670787,3525.4521412907093,2.558113918212887,44.57415870184342,52.15,47.22,0.03,0.6,47.25
5107354,São José do Xingu,resto_mt,Demais MT,FALSE,2019,7465.501436594126,3888.6837211174015,3529.5817364189243,2.590640483337399,44.64533857446302,52.09,47.28,0.03,0.6,47.31
5107354,São José do Xingu,resto_mt,Demais MT,FALSE,2020,7465.4952876576135,3865.148351954642,3553.4431638341966,2.593277398437497,44.31049447033713,51.77,47.6,0.03,0.59,47.63
5107354,São José do Xingu,resto_mt,Demais MT,FALSE,2021,7465.555017584771,3732.9002341256946,3687.1745529654236,2.659207660217284,42.82102283343521,50,49.39,0.04,0.57,49.43
5107404,São Pedro da Cipa,resto_mt,Demais MT,FALSE,2000,344.3202167634892,114.20614721698018,226.9780255195925,2.039138838378907,1.096905188537601,33.17,65.92,0.59,0.32,66.51
5107404,São Pedro da Cipa,resto_mt,Demais MT,FALSE,2001,344.3202167634817,113.29153789245423,227.96921907781459,2.0615093083496103,0.997950484863284,32.9,66.21,0.6,0.29,66.81
5107404,São Pedro da Cipa,resto_mt,Demais MT,FALSE,2002,344.3202167634849,113.17456343096812,228.10600350207247,2.017612356506348,1.022037473937991,32.87,66.25,0.59,0.3,66.84
5107404,São Pedro da Cipa,resto_mt,Demais MT,FALSE,2003,344.3202167634843,113.39747785455215,227.88137512798735,2.0313739741210943,1.009989806823733,32.93,66.18,0.59,0.29,66.77
5107404,São Pedro da Cipa,resto_mt,Demais MT,FALSE,2004,344.32021676348603,114.49980031811522,226.79282658984098,2.0107130119018564,1.016876843627932,33.25,65.87,0.58,0.3,66.45
5107404,São Pedro da Cipa,resto_mt,Demais MT,FALSE,2005,344.3202167634902,114.79668197967578,226.61554615789888,1.941869636291504,0.9661189896240256,33.34,65.82,0.56,0.28,66.38
5107404,São Pedro da Cipa,resto_mt,Demais MT,FALSE,2006,344.32021676348774,117.5355445995487,223.83709938165137,2.0107121740112315,0.936860608276369,34.14,65.01,0.58,0.27,65.59
5107404,São Pedro da Cipa,resto_mt,Demais MT,FALSE,2007,344.32021676348455,126.87567310913215,214.55463396557067,1.9487563182983405,0.9411533704834,36.85,62.31,0.57,0.27,62.88
5107404,São Pedro da Cipa,resto_mt,Demais MT,FALSE,2008,344.32021676348666,131.1668746669308,210.37446123217597,1.8179578470459008,0.9609230173339868,38.09,61.1,0.53,0.28,61.63
5107404,São Pedro da Cipa,resto_mt,Demais MT,FALSE,2009,344.32021676349007,133.62285768255506,207.55478594330071,1.7336306611938495,1.408942476440428,38.81,60.28,0.5,0.41,60.78
5107404,São Pedro da Cipa,resto_mt,Demais MT,FALSE,2010,344.3202167634894,136.1586743574822,205.09554589068736,1.6759731071777355,1.390023408142086,39.54,59.57,0.49,0.4,60.06
5107404,São Pedro da Cipa,resto_mt,Demais MT,FALSE,2011,344.3202167634869,137.844319393919,203.63783552587896,1.6579005309448256,1.180161312744136,40.03,59.14,0.48,0.34,59.62
5107404,São Pedro da Cipa,resto_mt,Demais MT,FALSE,2012,344.3202167634867,135.61751594549466,205.98593507128794,1.624340093688966,1.092425653015134,39.39,59.82,0.47,0.32,60.29
5107404,São Pedro da Cipa,resto_mt,Demais MT,FALSE,2013,344.32021676348387,130.73969441638093,210.86719905828457,1.620897280822755,1.092426007995603,37.97,61.24,0.47,0.32,61.71
5107404,São Pedro da Cipa,resto_mt,Demais MT,FALSE,2014,344.3202167634847,129.79412738049243,211.79383384960605,1.626914004577639,1.105341528808591,37.7,61.51,0.47,0.32,61.98
5107404,São Pedro da Cipa,resto_mt,Demais MT,FALSE,2015,344.32021676348563,128.88989357971226,212.8615311352504,1.5038616272583025,1.064930421264647,37.43,61.82,0.44,0.31,62.26
5107404,São Pedro da Cipa,resto_mt,Demais MT,FALSE,2016,344.3202167634876,128.76767335876542,213.05171066290094,1.4900836466674825,1.010749095153811,37.4,61.88,0.43,0.29,62.31
5107404,São Pedro da Cipa,resto_mt,Demais MT,FALSE,2017,344.3202167634888,127.37461097607532,214.5591825543202,1.4737274885253924,0.9126957445678732,36.99,62.31,0.43,0.27,62.74
5107404,São Pedro da Cipa,resto_mt,Demais MT,FALSE,2018,344.32021676349,127.6819109481824,214.25016324719238,1.501255380859376,0.8868871872558608,37.08,62.22,0.44,0.26,62.66
5107404,São Pedro da Cipa,resto_mt,Demais MT,FALSE,2019,344.3202167634928,126.89106810772914,215.0065878719502,1.5425519663085945,0.8800088175048838,36.85,62.44,0.45,0.26,62.89
5107404,São Pedro da Cipa,resto_mt,Demais MT,FALSE,2020,344.3202167634904,125.03590838678261,216.84621687859982,1.6570092274780281,0.781082270629883,36.31,62.98,0.48,0.23,63.46
5107404,São Pedro da Cipa,resto_mt,Demais MT,FALSE,2021,344.32021676348757,116.26953229925672,225.6675946384252,1.845459050354004,0.5376307754516602,33.77,65.54,0.54,0.16,66.08
5107578,Rondolândia,resto_mt,Demais MT,FALSE,2000,12658.141895146664,11312.91312992771,1311.4282013946743,0,33.80056382427981,89.37,10.36,0,0.27,10.36
5107578,Rondolândia,resto_mt,Demais MT,FALSE,2001,12658.14452648012,11169.008331980805,1455.6810462442497,0,33.45514825506594,88.24,11.5,0,0.26,11.5
5107578,Rondolândia,resto_mt,Demais MT,FALSE,2002,12658.145411103229,11109.037745142477,1515.5037688667585,0,33.60389709399417,87.76,11.97,0,0.27,11.97
5107578,Rondolândia,resto_mt,Demais MT,FALSE,2003,12658.147166464838,11015.890931438158,1607.8996628378973,0,34.35657218878175,87.03,12.7,0,0.27,12.7
5107578,Rondolândia,resto_mt,Demais MT,FALSE,2004,12658.149798164195,10938.126416337833,1684.5887754315868,0,35.4346063947754,86.41,13.31,0,0.28,13.31
5107578,Rondolândia,resto_mt,Demais MT,FALSE,2005,12658.150682682266,10869.899723268354,1753.0543326468826,0,35.1966267670288,85.87,13.85,0,0.28,13.85
5107578,Rondolândia,resto_mt,Demais MT,FALSE,2006,12658.154194811324,10856.692973828702,1765.6140055710027,0,35.8472154116211,85.77,13.95,0,0.28,13.95
5107578,Rondolândia,resto_mt,Demais MT,FALSE,2007,12658.150677707132,10857.841181671345,1762.4708140581859,0,37.83868197760009,85.78,13.92,0,0.3,13.92
5107578,Rondolândia,resto_mt,Demais MT,FALSE,2008,12658.147159206163,10851.24030078565,1768.6389783309742,0,38.26788008953857,85.73,13.97,0,0.3,13.97
5107578,Rondolândia,resto_mt,Demais MT,FALSE,2009,12658.147161829384,10854.682157709032,1765.2046381700352,0,38.26036595031739,85.75,13.95,0,0.3,13.95
5107578,Rondolândia,resto_mt,Demais MT,FALSE,2010,12658.146284103754,10876.217775541347,1743.3327406634817,0,38.59576789892579,85.92,13.77,0,0.3,13.77
5107578,Rondolândia,resto_mt,Demais MT,FALSE,2011,12658.148045985201,10847.759689938785,1771.4026913393252,0,38.98566470709229,85.7,13.99,0,0.31,13.99
5107578,Rondolândia,resto_mt,Demais MT,FALSE,2012,12658.14540749131,10844.070232094116,1773.9868910336088,0,40.08828436358643,85.67,14.01,0,0.32,14.01
5107578,Rondolândia,resto_mt,Demais MT,FALSE,2013,12658.13661418893,10859.356712767987,1760.0576881523884,0,38.72221326855471,85.79,13.9,0,0.31,13.9
5107578,Rondolândia,resto_mt,Demais MT,FALSE,2014,12658.148917834735,10893.658208597793,1724.636629102665,0,39.85408013427735,86.06,13.62,0,0.31,13.62
5107578,Rondolândia,resto_mt,Demais MT,FALSE,2015,12658.148915900265,10952.203025190624,1665.971714811448,0,39.97417589819337,86.52,13.16,0,0.32,13.16
5107578,Rondolândia,resto_mt,Demais MT,FALSE,2016,12658.153315175032,10948.97651105152,1669.778149692237,0,39.39865443127442,86.5,13.19,0,0.31,13.19
5107578,Rondolândia,resto_mt,Demais MT,FALSE,2017,12658.158591657928,10882.531219660217,1736.5827437309251,0,39.04462826678466,85.97,13.72,0,0.31,13.72
5107578,Rondolândia,resto_mt,Demais MT,FALSE,2018,12658.160347850457,10836.386027667668,1781.5438086242561,0,40.2305115585327,85.61,14.07,0,0.32,14.07
5107578,Rondolândia,resto_mt,Demais MT,FALSE,2019,12658.153309611705,10810.400694063703,1808.4310895053382,0,39.32152604266359,85.4,14.29,0,0.31,14.29
5107578,Rondolândia,resto_mt,Demais MT,FALSE,2020,12658.15243228425,10770.99836034854,1849.295822131574,0,37.8582498041382,85.09,14.61,0,0.3,14.61
5107578,Rondolândia,resto_mt,Demais MT,FALSE,2021,12658.185843707586,10738.60910375183,1883.8837069157782,0,35.69303303997804,84.84,14.88,0,0.28,14.88
5107602,Rondonópolis,pantanal_norte,Pantanal-13,TRUE,2000,4824.006676596486,1222.8976270268445,3516.208850998906,62.88324550426627,22.01695306646757,25.35,72.89,1.3,0.46,74.19
5107602,Rondonópolis,pantanal_norte,Pantanal-13,TRUE,2001,4824.006676596497,1217.70474269934,3521.4568261622985,63.44071976433731,21.40438797052029,25.24,73,1.32,0.44,74.32
5107602,Rondonópolis,pantanal_norte,Pantanal-13,TRUE,2002,4824.006676596426,1207.290936343139,3530.063338384578,64.7928271754095,21.8595746932986,25.03,73.18,1.34,0.45,74.52
5107602,Rondonópolis,pantanal_norte,Pantanal-13,TRUE,2003,4824.006676596519,1193.1323561123604,3544.620138816745,64.78585455175238,21.46832711566185,24.73,73.48,1.34,0.45,74.82
5107602,Rondonópolis,pantanal_norte,Pantanal-13,TRUE,2004,4824.006676596513,1181.5293576488582,3555.456040787686,66.33634619494157,20.68493196502704,24.49,73.7,1.38,0.43,75.08
5107602,Rondonópolis,pantanal_norte,Pantanal-13,TRUE,2005,4824.006676596596,1178.4974091025938,3557.859683330798,67.15166302306736,20.4979211401369,24.43,73.75,1.39,0.42,75.14
5107602,Rondonópolis,pantanal_norte,Pantanal-13,TRUE,2006,4824.00667659661,1188.7752381859093,3546.36035781903,68.2872475950885,20.58383299658222,24.64,73.51,1.42,0.43,74.93
5107602,Rondonópolis,pantanal_norte,Pantanal-13,TRUE,2007,4824.006676596512,1195.2271383272666,3538.409204122214,69.71874343615522,20.65159071087668,24.78,73.35,1.45,0.43,74.8
5107602,Rondonópolis,pantanal_norte,Pantanal-13,TRUE,2008,4824.006676596428,1204.7894680944776,3528.1489851704705,70.52393404949714,20.54428928198264,24.97,73.14,1.46,0.43,74.6
5107602,Rondonópolis,pantanal_norte,Pantanal-13,TRUE,2009,4824.006676596432,1213.092606425224,3519.22292204102,71.34598038299453,20.34516774719262,25.15,72.95,1.48,0.42,74.43
5107602,Rondonópolis,pantanal_norte,Pantanal-13,TRUE,2010,4824.006676596431,1217.6139388124284,3514.062246709967,71.69265481347652,20.63783626055931,25.24,72.85,1.49,0.43,74.34
5107602,Rondonópolis,pantanal_norte,Pantanal-13,TRUE,2011,4824.006676596485,1222.8769589928493,3508.0510275145243,72.66137330694646,20.41731678216573,25.35,72.72,1.51,0.42,74.23
5107602,Rondonópolis,pantanal_norte,Pantanal-13,TRUE,2012,4824.006676596504,1225.770991997181,3503.35275669539,74.62089218457209,20.26203571936056,25.41,72.62,1.55,0.42,74.17
5107602,Rondonópolis,pantanal_norte,Pantanal-13,TRUE,2013,4824.006676596455,1206.229842372303,3519.091482483184,77.70837183593898,20.97697990502947,25,72.95,1.61,0.43,74.56
5107602,Rondonópolis,pantanal_norte,Pantanal-13,TRUE,2014,4824.006676596407,1204.165518324639,3518.1738303280367,80.44647472424784,21.22085321948261,24.96,72.93,1.67,0.44,74.6
5107602,Rondonópolis,pantanal_norte,Pantanal-13,TRUE,2015,4824.006676596433,1195.5167596480055,3524.765475731992,82.33354346436012,21.3908977520754,24.78,73.07,1.71,0.44,74.78
5107602,Rondonópolis,pantanal_norte,Pantanal-13,TRUE,2016,4824.006676596545,1194.3897926360432,3524.652631926804,83.90546573731045,21.05878629638692,24.76,73.06,1.74,0.44,74.8
5107602,Rondonópolis,pantanal_norte,Pantanal-13,TRUE,2017,4824.006676596467,1191.5451290151962,3525.879726990017,85.56592271558242,21.01589787567158,24.7,73.09,1.77,0.44,74.86
5107602,Rondonópolis,pantanal_norte,Pantanal-13,TRUE,2018,4824.006676596488,1190.444849496213,3525.133081936633,87.34664333753057,21.08210182611106,24.68,73.07,1.81,0.44,74.88
5107602,Rondonópolis,pantanal_norte,Pantanal-13,TRUE,2019,4824.006676596495,1185.47446146423,3528.587157893796,88.83808711200358,21.10697012646506,24.57,73.15,1.84,0.44,74.99
5107602,Rondonópolis,pantanal_norte,Pantanal-13,TRUE,2020,4824.006676596473,1181.0204283596845,3533.3400159678617,89.3356764185842,20.31055585034197,24.48,73.24,1.85,0.42,75.09
5107602,Rondonópolis,pantanal_norte,Pantanal-13,TRUE,2021,4824.006676596484,1151.7920264337172,3562.810026195291,91.58473655109313,17.81988741638185,23.88,73.86,1.9,0.37,75.76
5107701,Rosário Oeste,resto_mt,Demais MT,FALSE,2000,7339.502559482072,5621.021916748523,1642.4090849371635,45.269465048339455,30.80209274804696,76.59,22.38,0.62,0.42,23
5107701,Rosário Oeste,resto_mt,Demais MT,FALSE,2001,7339.502559482066,5560.438651435683,1701.4402727249128,46.8352360100702,30.78839931140144,75.76,23.18,0.64,0.42,23.82
5107701,Rosário Oeste,resto_mt,Demais MT,FALSE,2002,7339.5025594820745,5538.854541904072,1719.226521782837,48.34513493548506,33.07636085968026,75.47,23.42,0.66,0.45,24.08
5107701,Rosário Oeste,resto_mt,Demais MT,FALSE,2003,7339.502559482079,5534.991032130385,1721.3551060722148,50.326584480101786,32.82983679937749,75.41,23.45,0.69,0.45,24.14
5107701,Rosário Oeste,resto_mt,Demais MT,FALSE,2004,7339.502559481873,5508.025302937514,1747.1159701749727,52.13980671771235,32.22147965167243,75.05,23.8,0.71,0.44,24.51
5107701,Rosário Oeste,resto_mt,Demais MT,FALSE,2005,7339.502559481767,5490.452477572158,1766.3352285385763,51.49063823626699,31.22421513476564,74.81,24.07,0.7,0.43,24.77
5107701,Rosário Oeste,resto_mt,Demais MT,FALSE,2006,7339.502559481762,5472.359510885214,1785.7737806321916,50.49657113934293,30.87269682501223,74.56,24.33,0.69,0.42,25.02
5107701,Rosário Oeste,resto_mt,Demais MT,FALSE,2007,7339.502559481779,5461.2330650464855,1798.2639790006012,49.64503272296133,30.360482711731,74.41,24.5,0.68,0.41,25.18
5107701,Rosário Oeste,resto_mt,Demais MT,FALSE,2008,7339.502559481696,5391.209554039886,1871.0408736677614,47.43800662127677,29.81412515277106,73.45,25.49,0.65,0.41,26.14
5107701,Rosário Oeste,resto_mt,Demais MT,FALSE,2009,7339.5025594817325,5363.148630276114,1900.31979672869,46.934824133239566,29.099308343689,73.07,25.89,0.64,0.4,26.53
5107701,Rosário Oeste,resto_mt,Demais MT,FALSE,2010,7339.5025594817225,5330.724668400196,1933.25867523564,46.649510606200955,28.86970523968512,72.63,26.34,0.64,0.39,26.98
5107701,Rosário Oeste,resto_mt,Demais MT,FALSE,2011,7339.502559481667,5322.350357455377,1942.1335988587487,46.75243947021438,28.26616369732672,72.52,26.46,0.64,0.39,27.1
5107701,Rosário Oeste,resto_mt,Demais MT,FALSE,2012,7339.502559481768,5285.862306562515,1976.6116660686068,48.70790439562954,28.32068245501714,72.02,26.93,0.66,0.39,27.59
5107701,Rosário Oeste,resto_mt,Demais MT,FALSE,2013,7339.502559481685,5241.548279064212,2024.9039915411925,46.58558073889107,26.46470813739023,71.42,27.59,0.63,0.36,28.22
5107701,Rosário Oeste,resto_mt,Demais MT,FALSE,2014,7339.502559481678,5171.639574944652,2097.8298616847314,43.84114633251912,26.19197651977548,70.46,28.58,0.6,0.36,29.18
5107701,Rosário Oeste,resto_mt,Demais MT,FALSE,2015,7339.502559481629,5069.516533804586,2199.799053458476,42.656190213744964,27.53078200482182,69.07,29.97,0.58,0.38,30.55
5107701,Rosário Oeste,resto_mt,Demais MT,FALSE,2016,7339.502559481521,4955.75471299593,2313.760128431453,42.43426154431128,27.55345650982674,67.52,31.52,0.58,0.38,32.1
5107701,Rosário Oeste,resto_mt,Demais MT,FALSE,2017,7339.502559481616,4894.0089320172365,2377.5835428691657,40.828251970519865,27.08183262469488,66.68,32.39,0.56,0.37,32.95
5107701,Rosário Oeste,resto_mt,Demais MT,FALSE,2018,7339.502559481749,4866.50866948014,2405.8472703813695,40.87467125445549,26.27194836578376,66.31,32.78,0.56,0.36,33.34
5107701,Rosário Oeste,resto_mt,Demais MT,FALSE,2019,7339.502559481724,4881.5684933821085,2391.673446388312,40.54530134454335,25.71531836676031,66.51,32.59,0.55,0.35,33.14
5107701,Rosário Oeste,resto_mt,Demais MT,FALSE,2020,7339.502559481754,4884.606625529277,2390.70492953402,40.1444428620605,24.04656155639655,66.55,32.57,0.55,0.33,33.12
5107701,Rosário Oeste,resto_mt,Demais MT,FALSE,2021,7339.502559481941,4821.860261117523,2457.9370887319114,37.42972630865487,22.27548332385253,65.7,33.49,0.51,0.3,34
5107743,Santa Cruz do Xingu,resto_mt,Demais MT,FALSE,2000,5623.452362743858,4788.0207131898715,782.7569513738728,0.3838282108764665,52.29086996923829,85.14,13.92,0.01,0.93,13.93
5107743,Santa Cruz do Xingu,resto_mt,Demais MT,FALSE,2001,5623.452362743682,4781.6493752309525,790.5173458588602,0.5431696768188494,50.74247197705083,85.03,14.06,0.01,0.9,14.07
5107743,Santa Cruz do Xingu,resto_mt,Demais MT,FALSE,2002,5623.4532430713725,4756.571751093911,815.0782807522419,0.5968708362426772,51.20634038897707,84.58,14.49,0.01,0.91,14.5
5107743,Santa Cruz do Xingu,resto_mt,Demais MT,FALSE,2003,5623.4523627437575,4645.532282538645,924.9274368451877,0.6778620204467802,52.31478133947761,82.61,16.45,0.01,0.93,16.46
5107743,Santa Cruz do Xingu,resto_mt,Demais MT,FALSE,2004,5623.452362743805,4575.324236818432,995.0606529884219,0.8231180746459965,52.2443548623048,81.36,17.69,0.01,0.93,17.7
5107743,Santa Cruz do Xingu,resto_mt,Demais MT,FALSE,2005,5623.45236274365,4489.582801912756,1080.286183191551,0.9252379362792976,52.65813970306402,79.84,19.21,0.02,0.94,19.23
5107743,Santa Cruz do Xingu,resto_mt,Demais MT,FALSE,2006,5623.453243071514,4457.489493004307,1112.4728170199649,0.93404136114502,52.55689168609628,79.27,19.78,0.02,0.93,19.8
5107743,Santa Cruz do Xingu,resto_mt,Demais MT,FALSE,2007,5623.453243071464,4438.699643722167,1131.0108971045463,0.9428447996826176,52.7998574450684,78.93,20.11,0.02,0.94,20.13
5107743,Santa Cruz do Xingu,resto_mt,Demais MT,FALSE,2008,5623.453243071252,4418.099518358225,1152.5309173866103,0.9437250700073244,51.87908225640866,78.57,20.5,0.02,0.92,20.52
5107743,Santa Cruz do Xingu,resto_mt,Demais MT,FALSE,2009,5623.45060232055,4425.466171320297,1144.90551745106,0.9463660798950196,52.13254746929935,78.7,20.36,0.02,0.93,20.38
5107743,Santa Cruz do Xingu,resto_mt,Demais MT,FALSE,2010,5623.451482648006,4416.3190433878835,1154.068458352225,0.9516480338134764,52.11233287408444,78.53,20.52,0.02,0.93,20.54
5107743,Santa Cruz do Xingu,resto_mt,Demais MT,FALSE,2011,5623.451482648072,4405.228588620614,1165.5576600070103,0.960451454406738,51.70478256604005,78.34,20.73,0.02,0.92,20.75
5107743,Santa Cruz do Xingu,resto_mt,Demais MT,FALSE,2012,5623.451482561376,4414.674960997653,1155.911339192751,0.9639728004150389,51.90120957055665,78.5,20.56,0.02,0.92,20.58
5107743,Santa Cruz do Xingu,resto_mt,Demais MT,FALSE,2013,5623.453243071405,4401.231883972705,1170.9561974478822,0.9639728024902342,50.30118884832773,78.27,20.82,0.02,0.89,20.84
5107743,Santa Cruz do Xingu,resto_mt,Demais MT,FALSE,2014,5623.453243071381,4402.42998445463,1169.0535681937156,0.9710154749145508,50.99867494812017,78.29,20.79,0.02,0.91,20.81
5107743,Santa Cruz do Xingu,resto_mt,Demais MT,FALSE,2015,5623.451482561223,4397.343118312667,1174.4882333305875,0.982459830383301,50.63767108758552,78.2,20.89,0.02,0.9,20.91
5107743,Santa Cruz do Xingu,resto_mt,Demais MT,FALSE,2016,5623.4514825612105,4396.830910655901,1174.723892015783,0.9895025397338868,50.90717734979252,78.19,20.89,0.02,0.91,20.91
5107743,Santa Cruz do Xingu,resto_mt,Demais MT,FALSE,2017,5623.451482561126,4377.275066836505,1194.5412647712521,0.9903828453979492,50.64476810797123,77.84,21.24,0.02,0.9,21.26
5107743,Santa Cruz do Xingu,resto_mt,Demais MT,FALSE,2018,5623.4514825615,4356.9164182350305,1214.8877035929488,0.9974254859619142,50.64993524755867,77.48,21.6,0.02,0.9,21.62
5107743,Santa Cruz do Xingu,resto_mt,Demais MT,FALSE,2019,5623.45236274385,4326.303622712414,1245.540168288456,0.997425525756836,50.61114621722422,76.93,22.15,0.02,0.9,22.17
5107743,Santa Cruz do Xingu,resto_mt,Demais MT,FALSE,2020,5623.451482573384,4274.904783994692,1296.8157176745178,0.9991861951904296,50.73179470898442,76.02,23.06,0.02,0.9,23.08
5107743,Santa Cruz do Xingu,resto_mt,Demais MT,FALSE,2021,5623.4550034933445,4167.813522860941,1404.3717004144469,1.008869893981933,50.26091032397471,74.11,24.97,0.02,0.89,24.99
5107750,Salto do Céu,resto_mt,Demais MT,FALSE,2000,1753.7149898859004,557.0414808557622,1193.7769902566395,1.2742921006469745,1.622226672851562,31.76,68.07,0.07,0.09,68.14
5107750,Salto do Céu,resto_mt,Demais MT,FALSE,2001,1753.711533584898,543.8802990654136,1207.1256212452533,1.274289404235841,1.431323869995116,31.01,68.83,0.07,0.08,68.9
5107750,Salto do Céu,resto_mt,Demais MT,FALSE,2002,1753.7115332697233,539.8416192092753,1210.9336600965808,1.281194465698244,1.655059498168944,30.78,69.05,0.07,0.09,69.12
5107750,Salto do Céu,resto_mt,Demais MT,FALSE,2003,1753.710669286035,541.4749232211844,1209.1111120523997,1.4661353546142601,1.658498657836913,30.88,68.95,0.08,0.09,69.03
5107750,Salto do Céu,resto_mt,Demais MT,FALSE,2004,1753.7132620796597,540.8272465325166,1209.5755525387813,1.6355478539428736,1.674915154418944,30.84,68.97,0.09,0.1,69.06
5107750,Salto do Céu,resto_mt,Demais MT,FALSE,2005,1753.7132607812846,533.336683080925,1216.7669380461848,1.9873805852661142,1.622259068908692,30.41,69.38,0.11,0.09,69.49
5107750,Salto do Céu,resto_mt,Demais MT,FALSE,2006,1753.713260781243,532.9710585361256,1216.9813076705325,2.1109955428466822,1.649899031738283,30.39,69.39,0.12,0.09,69.51
5107750,Salto do Céu,resto_mt,Demais MT,FALSE,2007,1753.7149889416983,540.3603100587709,1209.5738582082447,2.2086552474365253,1.572165427246095,30.81,68.97,0.13,0.09,69.1
5107750,Salto do Céu,resto_mt,Demais MT,FALSE,2008,1753.716717421655,542.0677011044808,1207.808450851354,2.356500122436525,1.484065343383791,30.91,68.87,0.13,0.08,69
5107750,Salto do Céu,resto_mt,Demais MT,FALSE,2009,1753.7167174493943,549.2836463336612,1200.7090202827253,2.4775253887329143,1.246525444274904,31.32,68.47,0.14,0.07,68.61
5107750,Salto do Céu,resto_mt,Demais MT,FALSE,2010,1753.7167174494155,550.5579271944446,1199.1218680391505,2.697962421813968,1.338959794006352,31.39,68.38,0.15,0.08,68.53
5107750,Salto do Céu,resto_mt,Demais MT,FALSE,2011,1753.7149894381876,539.6750265679187,1209.8931997708423,2.8941807836303766,1.252582315795901,30.77,68.99,0.17,0.07,69.16
5107750,Salto do Céu,resto_mt,Demais MT,FALSE,2012,1753.7149894392685,539.6741486083254,1209.862896594432,3.0143233471679736,1.163620889343263,30.77,68.99,0.17,0.07,69.16
5107750,Salto do Céu,resto_mt,Demais MT,FALSE,2013,1753.7132609656937,551.9189596727151,1197.7424671049903,3.065295026672367,0.9865391613159188,31.47,68.3,0.17,0.06,68.47
5107750,Salto do Céu,resto_mt,Demais MT,FALSE,2014,1753.7106682883336,542.972766259875,1206.8649869021158,2.894153278747564,0.9787618475952152,30.96,68.82,0.17,0.06,68.99
5107750,Salto do Céu,resto_mt,Demais MT,FALSE,2015,1753.7123962867774,545.4172577629248,1204.3980381841918,2.928713018737798,0.9683873209228512,31.1,68.68,0.17,0.06,68.85
5107750,Salto do Céu,resto_mt,Demais MT,FALSE,2016,1753.7132605182862,552.8918708387272,1197.0314357961972,2.836230028747562,0.9537238546142583,31.53,68.26,0.16,0.05,68.42
5107750,Salto do Céu,resto_mt,Demais MT,FALSE,2017,1753.714124715748,550.0135174665365,1199.9158143083546,2.8673488159790086,0.9174441248779296,31.36,68.42,0.16,0.05,68.58
5107750,Salto do Céu,resto_mt,Demais MT,FALSE,2018,1753.714988951347,547.4195710300761,1202.2885235910096,3.0592204002685577,0.9476739299926762,31.21,68.56,0.17,0.05,68.73
5107750,Salto do Céu,resto_mt,Demais MT,FALSE,2019,1753.7072126308315,550.9734226818659,1198.381946694083,3.4067566158447287,0.9450866390380864,31.42,68.33,0.19,0.05,68.52
5107750,Salto do Céu,resto_mt,Demais MT,FALSE,2020,1753.7115319638583,556.6926451867524,1192.6264013976502,3.476770104003908,0.9157152754516604,31.74,68.01,0.2,0.05,68.21
5107750,Salto do Céu,resto_mt,Demais MT,FALSE,2021,1753.7201744211602,604.4633686682913,1145.2360115852055,3.1491229970092833,0.8716711706542974,34.47,65.3,0.18,0.05,65.48
5107768,Santa Rita do Trivelato,resto_mt,Demais MT,FALSE,2000,4747.050025695489,3407.918256051661,1311.8340765486128,15.885832470214796,11.41186062499999,71.79,27.63,0.33,0.24,27.96
5107768,Santa Rita do Trivelato,resto_mt,Demais MT,FALSE,2001,4747.050025695479,3356.879077794944,1356.261048079369,22.563181829711922,11.34671799145507,70.72,28.57,0.48,0.24,29.05
5107768,Santa Rita do Trivelato,resto_mt,Demais MT,FALSE,2002,4747.0500256954565,3277.9625552935354,1438.202569039738,19.34089432385253,11.54400703833007,69.05,30.3,0.41,0.24,30.71
5107768,Santa Rita do Trivelato,resto_mt,Demais MT,FALSE,2003,4747.050025695488,3145.9925934836424,1570.170948942498,19.359780205627406,11.52670306372069,66.27,33.08,0.41,0.24,33.49
5107768,Santa Rita do Trivelato,resto_mt,Demais MT,FALSE,2004,4747.050025695544,3042.5661603091407,1659.8103738831078,33.01465268518047,11.65883881811522,64.09,34.97,0.7,0.25,35.67
5107768,Santa Rita do Trivelato,resto_mt,Demais MT,FALSE,2005,4747.050025695519,2937.7327974742198,1771.1020054669045,26.775456884460414,11.43976586993406,61.89,37.31,0.56,0.24,37.87
5107768,Santa Rita do Trivelato,resto_mt,Demais MT,FALSE,2006,4747.050025695561,2899.2187743818554,1824.6479800389866,11.67572290032957,11.50754837438963,61.07,38.44,0.25,0.24,38.69
5107768,Santa Rita do Trivelato,resto_mt,Demais MT,FALSE,2007,4747.050025695522,2893.1439122367706,1832.6517380251578,9.842491520141591,11.41188391345213,60.95,38.61,0.21,0.24,38.82
5107768,Santa Rita do Trivelato,resto_mt,Demais MT,FALSE,2008,4747.050025695446,2838.5656597180314,1888.344925639402,8.678913286987315,11.46052705102537,59.8,39.78,0.18,0.24,39.96
5107768,Santa Rita do Trivelato,resto_mt,Demais MT,FALSE,2009,4747.050025695502,2828.3457477737898,1898.7922677656447,8.642589644653329,11.26942051141355,59.58,40,0.18,0.24,40.18
5107768,Santa Rita do Trivelato,resto_mt,Demais MT,FALSE,2010,4747.050025695462,2806.0639758111947,1921.145858087942,8.675826248718266,11.16436554760741,59.11,40.47,0.18,0.24,40.65
5107768,Santa Rita do Trivelato,resto_mt,Demais MT,FALSE,2011,4747.050025695529,2795.896420389776,1931.3292640271286,8.738153111755372,11.0861881668701,58.9,40.68,0.18,0.23,40.86
5107768,Santa Rita do Trivelato,resto_mt,Demais MT,FALSE,2012,4747.050025695471,2779.306751920147,1948.401426272516,8.235714994018547,11.10613250878904,58.55,41.04,0.17,0.23,41.21
5107768,Santa Rita do Trivelato,resto_mt,Demais MT,FALSE,2013,4747.050025695531,2731.755869978211,1995.2529265126077,9.429596591979966,10.61163261273191,57.55,42.03,0.2,0.22,42.23
5107768,Santa Rita do Trivelato,resto_mt,Demais MT,FALSE,2014,4747.050025695496,2718.8950941902135,2007.446622861544,10.103466885009741,10.60484175872801,57.28,42.29,0.21,0.22,42.5
5107768,Santa Rita do Trivelato,resto_mt,Demais MT,FALSE,2015,4747.050025695362,2692.82448362014,2031.415209186428,11.750536485900897,11.05979640289305,56.73,42.79,0.25,0.23,43.04
5107768,Santa Rita do Trivelato,resto_mt,Demais MT,FALSE,2016,4747.050025695415,2675.546293314626,2049.2497474481715,11.227520415344252,11.02646451727293,56.36,43.17,0.24,0.23,43.41
5107768,Santa Rita do Trivelato,resto_mt,Demais MT,FALSE,2017,4747.050025695446,2652.6636910026336,2073.7279756463035,9.419618019897449,11.23874102661131,55.88,43.68,0.2,0.24,43.88
5107768,Santa Rita do Trivelato,resto_mt,Demais MT,FALSE,2018,4747.050025695441,2647.999575547674,2079.0952983691427,8.629410656433084,11.32574112219236,55.78,43.8,0.18,0.24,43.98
5107768,Santa Rita do Trivelato,resto_mt,Demais MT,FALSE,2019,4747.050025695439,2641.634230417962,2086.3844596624867,7.66475739776609,11.3665782172241,55.65,43.95,0.16,0.24,44.11
5107768,Santa Rita do Trivelato,resto_mt,Demais MT,FALSE,2020,4747.050025695463,2644.7371197463767,2083.129701007802,8.02692498272702,11.15627995855712,55.71,43.88,0.17,0.24,44.05
5107768,Santa Rita do Trivelato,resto_mt,Demais MT,FALSE,2021,4747.050025695434,2644.2321289967294,2083.5566075625957,8.718799840332018,10.54248929577635,55.7,43.89,0.18,0.22,44.07
5107776,Santa Terezinha,resto_mt,Demais MT,FALSE,2000,6466.1865651859425,5060.80199987151,1308.6411987062784,6.8362233027954105,89.90714330535847,78.27,20.24,0.11,1.39,20.35
5107776,Santa Terezinha,resto_mt,Demais MT,FALSE,2001,6466.186565185899,5003.6381880548925,1366.9089191219732,7.792052800048819,87.84740520898367,77.38,21.14,0.12,1.36,21.26
5107776,Santa Terezinha,resto_mt,Demais MT,FALSE,2002,6466.186565185697,4871.89164837221,1497.4573503408308,8.27496756628417,88.56259890637159,75.34,23.16,0.13,1.37,23.29
5107776,Santa Terezinha,resto_mt,Demais MT,FALSE,2003,6466.18656518543,4625.707055862052,1743.8285038899674,8.385757031127923,88.26524840228215,71.54,26.97,0.13,1.37,27.1
5107776,Santa Terezinha,resto_mt,Demais MT,FALSE,2004,6466.1865651855105,4499.043589147296,1868.9195550135562,8.624124530517575,89.5992964941402,69.58,28.9,0.13,1.39,29.03
5107776,Santa Terezinha,resto_mt,Demais MT,FALSE,2005,6466.187445936111,4365.290626221914,2003.4022312253055,8.266741339599607,89.2278471492914,67.51,30.98,0.13,1.38,31.11
5107776,Santa Terezinha,resto_mt,Demais MT,FALSE,2006,6466.187445936224,4279.105648579839,2089.8719733494286,8.205812301635735,89.00401170532173,66.18,32.32,0.13,1.38,32.45
5107776,Santa Terezinha,resto_mt,Demais MT,FALSE,2007,6466.18656518573,4250.435183990731,2120.111406800713,8.215494466735837,87.42447992755069,65.73,32.79,0.13,1.35,32.92
5107776,Santa Terezinha,resto_mt,Demais MT,FALSE,2008,6466.186565185528,4236.827643030836,2133.9488618828423,8.420462357177726,86.9895979146726,65.52,33,0.13,1.35,33.13
5107776,Santa Terezinha,resto_mt,Demais MT,FALSE,2009,6466.18656518564,4249.237121477329,2120.8895743433204,8.116062476501458,87.94380688848857,65.71,32.8,0.13,1.36,32.93
5107776,Santa Terezinha,resto_mt,Demais MT,FALSE,2010,6466.186565185629,4254.747249018981,2116.8595735088707,7.873143918640128,86.70659873913569,65.8,32.74,0.12,1.34,32.86
5107776,Santa Terezinha,resto_mt,Demais MT,FALSE,2011,6466.186565185852,4278.30696271458,2093.4847174567453,7.852984614746088,86.54190039978013,66.16,32.38,0.12,1.34,32.5
5107776,Santa Terezinha,resto_mt,Demais MT,FALSE,2012,6466.1865651857515,4269.67002556821,2102.602975499072,7.443875845153803,86.46968827331524,66.03,32.52,0.12,1.34,32.64
5107776,Santa Terezinha,resto_mt,Demais MT,FALSE,2013,6466.186565185859,4221.010939117398,2152.479619119853,7.347920468444817,85.3480864801634,65.28,33.29,0.11,1.32,33.4
5107776,Santa Terezinha,resto_mt,Demais MT,FALSE,2014,6466.186565185714,4207.6076443067295,2166.8100095746645,6.132923424560536,85.63598787976056,65.07,33.51,0.09,1.32,33.6
5107776,Santa Terezinha,resto_mt,Demais MT,FALSE,2015,6466.1865651855505,4193.910579251988,2181.4817050719903,5.718564750915516,85.07571611065654,64.86,33.74,0.09,1.32,33.83
5107776,Santa Terezinha,resto_mt,Demais MT,FALSE,2016,6466.1874459362425,4180.848666117069,2195.490549863362,5.559383030151357,84.28884692565924,64.66,33.95,0.09,1.3,34.04
5107776,Santa Terezinha,resto_mt,Demais MT,FALSE,2017,6466.187445936158,4143.102437687866,2233.0702180889293,5.496939644531241,84.51785051483157,64.07,34.53,0.09,1.31,34.62
5107776,Santa Terezinha,resto_mt,Demais MT,FALSE,2018,6466.187445936118,4096.490879454517,2279.6841581640956,5.452045161865226,84.56036315563979,63.35,35.26,0.08,1.31,35.34
5107776,Santa Terezinha,resto_mt,Demais MT,FALSE,2019,6466.187445935991,4088.8299877340182,2287.589743548835,5.626237082519526,84.14147757061781,63.23,35.38,0.09,1.3,35.47
5107776,Santa Terezinha,resto_mt,Demais MT,FALSE,2020,6466.187445936115,4079.3264569998696,2297.2162911288733,5.7758163826293885,83.8688814247437,63.09,35.53,0.09,1.3,35.62
5107776,Santa Terezinha,resto_mt,Demais MT,FALSE,2021,6466.205054826607,3955.3844730829746,2423.2723471382856,5.757214508178711,81.79102009716807,61.17,37.48,0.09,1.26,37.57
5107792,Santo Antônio do Leste,resto_mt,Demais MT,FALSE,2000,3403.6701225685724,1702.3759724420067,1692.9358873567294,5.644568729553227,2.713694040283202,50.02,49.74,0.17,0.08,49.91
5107792,Santo Antônio do Leste,resto_mt,Demais MT,FALSE,2001,3403.670122568692,1687.886858890658,1708.0450933950751,5.401799449768058,2.336370833190917,49.59,50.18,0.16,0.07,50.34
5107792,Santo Antônio do Leste,resto_mt,Demais MT,FALSE,2002,3403.6701225685306,1656.7399837493567,1737.9307880163783,6.542662720520023,2.45668808227539,48.68,51.06,0.19,0.07,51.25
5107792,Santo Antônio do Leste,resto_mt,Demais MT,FALSE,2003,3403.6701225685915,1610.1364688538863,1783.9522993887772,6.972344429016102,2.609009896911621,47.31,52.41,0.2,0.08,52.61
5107792,Santo Antônio do Leste,resto_mt,Demais MT,FALSE,2004,3403.6701225684888,1566.0625985084685,1824.1918578482896,10.638097323913556,2.777568887817383,46.01,53.59,0.31,0.08,53.9
5107792,Santo Antônio do Leste,resto_mt,Demais MT,FALSE,2005,3403.6701225683887,1534.9263974450123,1855.9913827673586,10.12187296313472,2.630469392883301,45.1,54.53,0.3,0.08,54.83
5107792,Santo Antônio do Leste,resto_mt,Demais MT,FALSE,2006,3403.6701225685388,1518.3501849094182,1876.2443225949116,6.7278881600952065,2.347726904113769,44.61,55.12,0.2,0.07,55.32
5107792,Santo Antônio do Leste,resto_mt,Demais MT,FALSE,2007,3403.670122568617,1507.246127898945,1884.0536500110422,10.11958411029052,2.250760548339843,44.28,55.35,0.3,0.07,55.65
5107792,Santo Antônio do Leste,resto_mt,Demais MT,FALSE,2008,3403.670122568604,1504.0859999487102,1887.843634962789,9.617871031127928,2.122616625976561,44.19,55.46,0.28,0.06,55.74
5107792,Santo Antônio do Leste,resto_mt,Demais MT,FALSE,2009,3403.670122568481,1503.8389304558596,1892.1115194593015,5.820475699218744,1.899196954101563,44.18,55.59,0.17,0.06,55.76
5107792,Santo Antônio do Leste,resto_mt,Demais MT,FALSE,2010,3403.670122568493,1512.531600158638,1883.9828849804724,5.348134425476065,1.80750300390625,44.44,55.35,0.16,0.05,55.51
5107792,Santo Antônio do Leste,resto_mt,Demais MT,FALSE,2011,3403.6701225685606,1520.3520486764144,1876.4662341053422,5.2469235241088805,1.604916262695312,44.67,55.13,0.15,0.05,55.28
5107792,Santo Antônio do Leste,resto_mt,Demais MT,FALSE,2012,3403.670122568479,1523.0123234569994,1873.0934420692438,6.018473566589354,1.545883475646972,44.75,55.03,0.18,0.05,55.21
5107792,Santo Antônio do Leste,resto_mt,Demais MT,FALSE,2013,3403.6701225684,1512.6633352281315,1883.060161997922,6.564353810730008,1.38227153161621,44.44,55.32,0.19,0.04,55.51
5107792,Santo Antônio do Leste,resto_mt,Demais MT,FALSE,2014,3403.6701225683496,1507.0019488390058,1888.753456613072,6.602572833313021,1.312144282958984,44.28,55.49,0.19,0.04,55.68
5107792,Santo Antônio do Leste,resto_mt,Demais MT,FALSE,2015,3403.670122568385,1494.4534419314075,1901.7006714174952,6.395251619140648,1.120757600341796,43.91,55.87,0.19,0.03,56.06
5107792,Santo Antônio do Leste,resto_mt,Demais MT,FALSE,2016,3403.6701225684087,1486.2031397226565,1909.87724139104,6.513983182678242,1.07575827203369,43.66,56.11,0.19,0.03,56.3
5107792,Santo Antônio do Leste,resto_mt,Demais MT,FALSE,2017,3403.670122568416,1485.9697801139553,1910.6235702914355,6.018348533203121,1.058423629821776,43.66,56.13,0.18,0.03,56.31
5107792,Santo Antônio do Leste,resto_mt,Demais MT,FALSE,2018,3403.6701225683573,1489.5414558190653,1907.3375683960205,5.832993916137696,0.9581044371337886,43.76,56.04,0.17,0.03,56.21
5107792,Santo Antônio do Leste,resto_mt,Demais MT,FALSE,2019,3403.6701225684337,1494.6206052361715,1902.7205164597037,5.477378348022463,0.8516225245361323,43.91,55.9,0.16,0.03,56.06
5107792,Santo Antônio do Leste,resto_mt,Demais MT,FALSE,2020,3403.670122568561,1494.3906709018106,1903.0395670905173,5.457441921386722,0.7824426548461912,43.91,55.91,0.16,0.02,56.07
5107792,Santo Antônio do Leste,resto_mt,Demais MT,FALSE,2021,3403.6701225683796,1480.4438992577725,1916.8826490756219,5.7239525634155335,0.6196216715698241,43.5,56.32,0.17,0.02,56.49
5107800,Santo Antônio do Leverger,pantanal_norte,Pantanal-13,TRUE,2000,9469.095034059252,7140.915743224961,2181.7556884666155,4.498100570129383,141.9255017975455,75.41,23.04,0.05,1.5,23.09
5107800,Santo Antônio do Leverger,pantanal_norte,Pantanal-13,TRUE,2001,9469.099338875138,7076.868176263616,2253.398338631726,4.6647736296386615,134.1680503501576,74.74,23.8,0.05,1.42,23.85
5107800,Santo Antônio do Leverger,pantanal_norte,Pantanal-13,TRUE,2002,9469.099338875045,6950.036600173802,2354.764212843514,4.536496076232906,159.762029781495,73.4,24.87,0.05,1.69,24.92
5107800,Santo Antônio do Leverger,pantanal_norte,Pantanal-13,TRUE,2003,9469.098477911426,6880.706750576924,2457.510898654328,4.119892729003912,126.76093595117,72.66,25.95,0.04,1.34,25.99
5107800,Santo Antônio do Leverger,pantanal_norte,Pantanal-13,TRUE,2004,9469.099338876207,6826.872903964151,2512.365953322883,4.1629287529296946,125.697552836244,72.1,26.53,0.04,1.33,26.57
5107800,Santo Antônio do Leverger,pantanal_norte,Pantanal-13,TRUE,2005,9469.10019983981,6692.2195807900725,2640.3959692409608,4.294422942260747,132.1902268665142,70.67,27.88,0.05,1.4,27.93
5107800,Santo Antônio do Leverger,pantanal_norte,Pantanal-13,TRUE,2006,9469.10019983993,6565.45183921787,2742.6038950317898,4.42851563500977,156.6159499552597,69.34,28.96,0.05,1.65,29.01
5107800,Santo Antônio do Leverger,pantanal_norte,Pantanal-13,TRUE,2007,9469.100199839899,6555.709518022544,2778.6745687413068,4.474956263000496,130.2411568130483,69.23,29.34,0.05,1.38,29.39
5107800,Santo Antônio do Leverger,pantanal_norte,Pantanal-13,TRUE,2008,9469.100199839915,6552.353045596357,2758.697332120876,4.580093470703132,153.469728651977,69.2,29.13,0.05,1.62,29.18
5107800,Santo Antônio do Leverger,pantanal_norte,Pantanal-13,TRUE,2009,9469.100199839782,6574.617432709415,2765.53113502429,4.599750659240726,124.3518814468375,69.43,29.21,0.05,1.31,29.26
5107800,Santo Antônio do Leverger,pantanal_norte,Pantanal-13,TRUE,2010,9469.100199839733,6607.403639362916,2747.627400233777,4.58176915087891,109.4873910921626,69.78,29.02,0.05,1.16,29.07
5107800,Santo Antônio do Leverger,pantanal_norte,Pantanal-13,TRUE,2011,9469.100199839795,6510.037772447839,2849.450895078785,4.63853733374024,104.9729949794308,68.75,30.09,0.05,1.11,30.14
5107800,Santo Antônio do Leverger,pantanal_norte,Pantanal-13,TRUE,2012,9469.100199839742,6491.935543458103,2880.4063444843,4.78569974578858,91.97261215154975,68.56,30.42,0.05,0.97,30.47
5107800,Santo Antônio do Leverger,pantanal_norte,Pantanal-13,TRUE,2013,9469.100199839857,6464.329882232246,2915.0428576910485,4.750399567321782,84.97706034924225,68.27,30.78,0.05,0.9,30.83
5107800,Santo Antônio do Leverger,pantanal_norte,Pantanal-13,TRUE,2014,9469.100199839786,6429.063879009722,2934.258273123217,4.975912349670419,100.8021353571768,67.9,30.99,0.05,1.06,31.04
5107800,Santo Antônio do Leverger,pantanal_norte,Pantanal-13,TRUE,2015,9469.100199839782,6439.849524042519,2940.7672282522813,5.454789213928229,83.02865833105417,68.01,31.06,0.06,0.88,31.12
5107800,Santo Antônio do Leverger,pantanal_norte,Pantanal-13,TRUE,2016,9469.100199840064,6439.273819279638,2942.0322183085973,5.486758573425297,82.30740367840477,68,31.07,0.06,0.87,31.13
5107800,Santo Antônio do Leverger,pantanal_norte,Pantanal-13,TRUE,2017,9469.100199839988,6447.801403116887,2936.05637587508,5.717446892089848,79.52497395593176,68.09,31.01,0.06,0.84,31.07
5107800,Santo Antônio do Leverger,pantanal_norte,Pantanal-13,TRUE,2018,9469.100199839933,6390.620417066993,2991.761411919121,5.956132121520995,80.76223873229877,67.49,31.59,0.06,0.85,31.65
5107800,Santo Antônio do Leverger,pantanal_norte,Pantanal-13,TRUE,2019,9469.100199839933,6378.887655810666,3001.6687336769123,6.022600798217774,82.52120955413702,67.37,31.7,0.06,0.87,31.76
5107800,Santo Antônio do Leverger,pantanal_norte,Pantanal-13,TRUE,2020,9469.100199839915,6297.971413158487,3091.6402859043296,6.283451915283203,73.2050488618157,66.51,32.65,0.07,0.77,32.72
5107800,Santo Antônio do Leverger,pantanal_norte,Pantanal-13,TRUE,2021,9469.100199839932,6151.423733177983,3234.3487892828584,6.644372191345201,76.68330518774343,64.96,34.16,0.07,0.81,34.23
5107859,São Félix do Araguaia,resto_mt,Demais MT,FALSE,2000,16682.516983798723,12885.478729298919,3638.0466035001136,19.431329356445328,139.5603216432479,77.24,21.81,0.12,0.84,21.93
5107859,São Félix do Araguaia,resto_mt,Demais MT,FALSE,2001,16682.51610684489,12846.835609932787,3682.3161612671474,19.11872863378909,134.2456070111683,77.01,22.07,0.11,0.8,22.18
5107859,São Félix do Araguaia,resto_mt,Demais MT,FALSE,2002,16682.51786156371,12775.367422119212,3757.1550497879452,15.10996895471198,134.8854207018422,76.58,22.52,0.09,0.81,22.61
5107859,São Félix do Araguaia,resto_mt,Demais MT,FALSE,2003,16682.51698528851,12603.197113964323,3927.017815436007,14.878442900939998,137.4236129872422,75.55,23.54,0.09,0.82,23.63
5107859,São Félix do Araguaia,resto_mt,Demais MT,FALSE,2004,16682.515229383633,12466.700660279248,4064.015927924456,14.881013972595287,136.9176272073351,74.73,24.36,0.09,0.82,24.45
5107859,São Félix do Araguaia,resto_mt,Demais MT,FALSE,2005,16682.5152279897,12357.78924349481,4172.386762749771,14.194022385009827,138.1451993601059,74.08,25.01,0.09,0.83,25.1
5107859,São Félix do Araguaia,resto_mt,Demais MT,FALSE,2006,16682.516982708134,12289.71914690869,4239.42864293946,14.301026120178282,139.0681667398055,73.67,25.41,0.09,0.83,25.5
5107859,São Félix do Araguaia,resto_mt,Demais MT,FALSE,2007,16682.518738215003,12132.989662522541,4398.187424543291,14.023974833251998,137.3176763159167,72.73,26.36,0.08,0.82,26.44
5107859,São Félix do Araguaia,resto_mt,Demais MT,FALSE,2008,16682.517860721517,11968.633054155476,4563.43818328113,13.974866720459016,136.4717565644521,71.74,27.35,0.08,0.82,27.43
5107859,São Félix do Araguaia,resto_mt,Demais MT,FALSE,2009,16682.514349707846,11962.516112252484,4570.276454078532,13.995134055542021,135.7266493212877,71.71,27.4,0.08,0.81,27.48
5107859,São Félix do Araguaia,resto_mt,Demais MT,FALSE,2010,16682.51347219894,11981.044246805028,4552.362419931878,14.205889690673844,134.900915771361,71.82,27.29,0.09,0.81,27.38
5107859,São Félix do Araguaia,resto_mt,Demais MT,FALSE,2011,16682.509085735514,11867.885597704451,4665.793254227052,14.057794719848653,134.7724390841663,71.14,27.97,0.08,0.81,28.05
5107859,São Félix do Araguaia,resto_mt,Demais MT,FALSE,2012,16682.515229827928,11870.722737978742,4664.353944050238,13.369303895751974,134.0692439031969,71.16,27.96,0.08,0.8,28.04
5107859,São Félix do Araguaia,resto_mt,Demais MT,FALSE,2013,16682.514355137384,11917.665379690172,4621.0006596186,13.372843230224635,130.4754725983873,71.44,27.7,0.08,0.78,27.78
5107859,São Félix do Araguaia,resto_mt,Demais MT,FALSE,2014,16682.509970131454,11839.592399855788,4697.38456442868,14.683771657226588,130.8492341897567,70.97,28.16,0.09,0.78,28.25
5107859,São Félix do Araguaia,resto_mt,Demais MT,FALSE,2015,16682.5117215023,11760.022978213576,4776.743067613368,15.206836465637235,130.5388392097153,70.49,28.63,0.09,0.78,28.72
5107859,São Félix do Araguaia,resto_mt,Demais MT,FALSE,2016,16682.513474451793,11723.395835134728,4816.485089398301,14.773993612793001,127.8585563059677,70.27,28.87,0.09,0.77,28.96
5107859,São Félix do Araguaia,resto_mt,Demais MT,FALSE,2017,16682.514352590413,11711.35990814627,4829.496220907037,13.520363078918479,128.1378604581895,70.2,28.95,0.08,0.77,29.03
5107859,São Félix do Araguaia,resto_mt,Demais MT,FALSE,2018,16682.512600400736,11693.990374553003,4846.816587070512,13.174894020690964,128.5307447565292,70.1,29.05,0.08,0.77,29.13
5107859,São Félix do Araguaia,resto_mt,Demais MT,FALSE,2019,16682.51435457797,11686.580085049907,4854.457204365099,12.93833028686529,128.5387348760971,70.05,29.1,0.08,0.77,29.18
5107859,São Félix do Araguaia,resto_mt,Demais MT,FALSE,2020,16682.516985560804,11658.82155477862,4882.859344330892,12.531519712768617,128.3045667385239,69.89,29.27,0.08,0.77,29.35
5107859,São Félix do Araguaia,resto_mt,Demais MT,FALSE,2021,16682.526627190942,11569.747302447611,4974.191650973435,12.802353033081097,125.7853207368148,69.35,29.82,0.08,0.75,29.9
5107875,Sapezal,resto_mt,Demais MT,FALSE,2000,13614.189207937708,10016.044219389432,3522.7586433870842,50.15098285205063,25.23536230914302,73.57,25.88,0.37,0.19,26.25
5107875,Sapezal,resto_mt,Demais MT,FALSE,2001,13614.189207937568,9843.869440136952,3681.5201786824528,63.709742371703925,25.08984674645992,72.31,27.04,0.47,0.18,27.51
5107875,Sapezal,resto_mt,Demais MT,FALSE,2002,13614.189207937588,9693.623662867574,3833.9103455882655,61.342057763183185,25.31314171856685,71.2,28.16,0.45,0.19,28.61
5107875,Sapezal,resto_mt,Demais MT,FALSE,2003,13614.189207938283,9481.723607713431,4041.77272382715,65.75773792126434,24.93513847644039,69.65,29.69,0.48,0.18,30.17
5107875,Sapezal,resto_mt,Demais MT,FALSE,2004,13614.189207936875,9319.923860231822,4177.518155722937,91.99484743707252,24.7523445450439,68.46,30.69,0.68,0.18,31.37
5107875,Sapezal,resto_mt,Demais MT,FALSE,2005,13614.189207937901,9228.166349145049,4256.195976172184,105.47099079467843,24.35589182598873,67.78,31.26,0.77,0.18,32.03
5107875,Sapezal,resto_mt,Demais MT,FALSE,2006,13614.189207937823,9169.614118614418,4333.586154266581,87.30300334039374,23.68593171643063,67.35,31.83,0.64,0.17,32.47
5107875,Sapezal,resto_mt,Demais MT,FALSE,2007,13614.189207937789,9153.156998274746,4357.720005516311,80.08105549963551,23.23114864709471,67.23,32.01,0.59,0.17,32.6
5107875,Sapezal,resto_mt,Demais MT,FALSE,2008,13614.189207936886,9117.399962158874,4390.186026972651,83.33809537170596,23.26512343365477,66.97,32.25,0.61,0.17,32.86
5107875,Sapezal,resto_mt,Demais MT,FALSE,2009,13614.189207936412,9095.258595061263,4417.581383589075,78.22005165124682,23.12917763482664,66.81,32.45,0.57,0.17,33.02
5107875,Sapezal,resto_mt,Demais MT,FALSE,2010,13614.189207937668,9076.178962662389,4442.89102756605,71.65496713970938,23.46425056951903,66.67,32.63,0.53,0.17,33.16
5107875,Sapezal,resto_mt,Demais MT,FALSE,2011,13614.189207937727,9063.06629873125,4459.729027110713,65.67307760089102,25.72080449487303,66.57,32.76,0.48,0.19,33.24
5107875,Sapezal,resto_mt,Demais MT,FALSE,2012,13614.189207937538,9030.241309897643,4496.207190771462,61.29559064770506,26.44511662072752,66.33,33.03,0.45,0.19,33.48
5107875,Sapezal,resto_mt,Demais MT,FALSE,2013,13614.189207937578,8992.506719175293,4535.810081160477,57.57018751141346,28.30222009039304,66.05,33.32,0.42,0.21,33.74
5107875,Sapezal,resto_mt,Demais MT,FALSE,2014,13614.189207937661,8936.99847039227,4594.496773896038,54.684623142089734,28.00934050726315,65.64,33.75,0.4,0.21,34.15
5107875,Sapezal,resto_mt,Demais MT,FALSE,2015,13614.189207937336,8890.483015140235,4634.417059698651,61.390010952880075,27.89912214556881,65.3,34.04,0.45,0.2,34.49
5107875,Sapezal,resto_mt,Demais MT,FALSE,2016,13614.18920793766,8853.390574014795,4667.433556587965,65.25522364874217,28.10985368615717,65.03,34.28,0.48,0.21,34.76
5107875,Sapezal,resto_mt,Demais MT,FALSE,2017,13614.189207937696,8844.02982323166,4684.256992375897,57.90771929974306,27.99467303039546,64.96,34.41,0.43,0.21,34.84
5107875,Sapezal,resto_mt,Demais MT,FALSE,2018,13614.189207937716,8844.143669712634,4684.913769194443,57.32370967321746,27.80805935742184,64.96,34.41,0.42,0.2,34.83
5107875,Sapezal,resto_mt,Demais MT,FALSE,2019,13614.18920793764,8836.165723172388,4691.684382713675,58.467017027221544,27.87208502435298,64.9,34.46,0.43,0.2,34.89
5107875,Sapezal,resto_mt,Demais MT,FALSE,2020,13614.189207937508,8835.07801208918,4693.082156844971,58.147946528503354,27.88109247485347,64.9,34.47,0.43,0.2,34.9
5107875,Sapezal,resto_mt,Demais MT,FALSE,2021,13614.18920793777,8828.507558187519,4696.440860374763,61.97740299169887,27.26338638378903,64.85,34.5,0.46,0.2,34.96
5107883,Serra Nova Dourada,resto_mt,Demais MT,FALSE,2000,1490.7772446652782,1075.4730244009154,411.7155815025219,2.65685353747559,0.9317852243652344,72.14,27.62,0.18,0.06,27.8
5107883,Serra Nova Dourada,resto_mt,Demais MT,FALSE,2001,1490.7772446652868,1060.7324752684658,426.8024516960155,2.4731903977661136,0.7691273030395505,71.15,28.63,0.17,0.05,28.8
5107883,Serra Nova Dourada,resto_mt,Demais MT,FALSE,2002,1490.7772446652373,1039.9228233312344,447.1255735354188,2.756799175048834,0.9720486235351558,69.76,29.99,0.18,0.07,30.17
5107883,Serra Nova Dourada,resto_mt,Demais MT,FALSE,2003,1490.7772446652593,1028.5282030412166,458.6444371708569,2.6229318176879914,0.9816726354980468,68.99,30.77,0.18,0.07,30.95
5107883,Serra Nova Dourada,resto_mt,Demais MT,FALSE,2004,1490.7772446652589,1008.4050944905584,479.34949993318423,1.9919616184692392,1.030688623046875,67.64,32.15,0.13,0.07,32.28
5107883,Serra Nova Dourada,resto_mt,Demais MT,FALSE,2005,1490.77724466527,992.5970626750827,495.1977225910781,1.8634165676879886,1.119042831420898,66.58,33.22,0.12,0.08,33.34
5107883,Serra Nova Dourada,resto_mt,Demais MT,FALSE,2006,1490.7772446652755,981.100703461884,506.7236630349954,1.9028792736206086,1.049998894775391,65.81,33.99,0.13,0.07,34.12
5107883,Serra Nova Dourada,resto_mt,Demais MT,FALSE,2007,1490.7772446652625,980.9233641772072,506.58616173384394,2.1600102996215838,1.107708454589844,65.8,33.98,0.14,0.07,34.12
5107883,Serra Nova Dourada,resto_mt,Demais MT,FALSE,2008,1490.777244665253,972.4068105784518,515.2952618963104,1.9359532581176762,1.139218932373047,65.23,34.57,0.13,0.08,34.7
5107883,Serra Nova Dourada,resto_mt,Demais MT,FALSE,2009,1490.7772446652552,955.0862665778338,533.0969343361396,1.5125614385986332,1.081482312683105,64.07,35.76,0.1,0.07,35.86
5107883,Serra Nova Dourada,resto_mt,Demais MT,FALSE,2010,1490.7772446652607,945.1624282184639,543.0549562061963,1.4609213311157225,1.098938909484863,63.4,36.43,0.1,0.07,36.53
5107883,Serra Nova Dourada,resto_mt,Demais MT,FALSE,2011,1490.7772446652627,921.3728696419845,567.1411679249505,1.3121543720703128,0.9510527262573244,61.8,38.04,0.09,0.06,38.13
5107883,Serra Nova Dourada,resto_mt,Demais MT,FALSE,2012,1490.7772446652607,891.4502048932085,597.2134243685488,1.1477005520019523,0.9659148515014648,59.8,40.06,0.08,0.06,40.14
5107883,Serra Nova Dourada,resto_mt,Demais MT,FALSE,2013,1490.777244665277,858.8560786612743,629.644763075658,1.2386839020996092,1.037719026245117,57.61,42.24,0.08,0.07,42.32
5107883,Serra Nova Dourada,resto_mt,Demais MT,FALSE,2014,1490.777244665271,835.6946603557404,652.6635992533784,1.4600127905883782,0.9589722655639652,56.06,43.78,0.1,0.06,43.88
5107883,Serra Nova Dourada,resto_mt,Demais MT,FALSE,2015,1490.7772446652707,828.4864781078264,659.7221843299053,1.5107472531738284,1.057834974365234,55.57,44.25,0.1,0.07,44.35
5107883,Serra Nova Dourada,resto_mt,Demais MT,FALSE,2016,1490.7772446652739,803.3916777184039,684.6131515822458,1.6690796950683597,1.103335669555664,53.89,45.92,0.11,0.07,46.03
5107883,Serra Nova Dourada,resto_mt,Demais MT,FALSE,2017,1490.777244665287,789.2009648836355,698.644636284154,1.731184459045409,1.200459038452149,52.94,46.86,0.12,0.08,46.98
5107883,Serra Nova Dourada,resto_mt,Demais MT,FALSE,2018,1490.7772446652918,788.1241928473833,699.7651217845832,1.6804599409790022,1.207470092346192,52.87,46.94,0.11,0.08,47.05
5107883,Serra Nova Dourada,resto_mt,Demais MT,FALSE,2019,1490.7772446652946,779.7449013963865,708.1339342189812,1.6629478015747057,1.235461248352051,52.3,47.5,0.11,0.08,47.61
5107883,Serra Nova Dourada,resto_mt,Demais MT,FALSE,2020,1490.77724466528,757.6031335987846,730.1357349249549,1.6848116968994131,1.353564444641115,50.82,48.98,0.11,0.09,49.09
5107883,Serra Nova Dourada,resto_mt,Demais MT,FALSE,2021,1490.7772446652982,714.1097723221123,773.4051546047825,1.9525045186767545,1.309813219726564,47.9,51.88,0.13,0.09,52.01
5107909,Sinop,resto_mt,Demais MT,FALSE,2000,3990.898578437234,2315.2930723443797,1592.5371401377765,52.93066631536814,30.13769963970962,58.01,39.9,1.33,0.76,41.23
5107909,Sinop,resto_mt,Demais MT,FALSE,2001,3990.8959560641956,2220.460598978315,1687.5099142868698,53.70708215325879,29.2183606457521,55.64,42.28,1.35,0.73,43.63
5107909,Sinop,resto_mt,Demais MT,FALSE,2002,3990.897704788577,2094.523708899759,1806.8091942746184,59.55587029486296,30.0089313193361,52.48,45.27,1.49,0.75,46.76
5107909,Sinop,resto_mt,Demais MT,FALSE,2003,3990.892453269522,1903.7081110716733,1995.4418974007283,61.51255454229863,30.22989025482194,47.7,50,1.54,0.76,51.54
5107909,Sinop,resto_mt,Demais MT,FALSE,2004,3990.9020760053218,1764.876200826981,2132.981779872003,62.46590121106175,30.57819409527604,44.22,53.45,1.57,0.77,55.02
5107909,Sinop,resto_mt,Demais MT,FALSE,2005,3990.9134568514883,1706.4010072173444,2190.9150042540755,63.5548910647604,30.04255431530776,42.76,54.9,1.59,0.75,56.49
5107909,Sinop,resto_mt,Demais MT,FALSE,2006,3990.917831226289,1668.7212639034747,2227.154048789123,65.06929236907959,29.97322616461196,41.81,55.81,1.63,0.75,57.44
5107909,Sinop,resto_mt,Demais MT,FALSE,2007,3990.9178303908734,1636.5460461272078,2258.080913487542,66.51895552136257,29.7719152547609,41.01,56.58,1.67,0.75,58.25
5107909,Sinop,resto_mt,Demais MT,FALSE,2008,3990.915205879637,1590.4212351205394,2303.0955759981102,67.13963599652187,30.2587587644655,39.85,57.71,1.68,0.76,59.39
5107909,Sinop,resto_mt,Demais MT,FALSE,2009,3990.9099582278814,1600.9933851086041,2292.558440452406,67.73664381829911,29.62148884857193,40.12,57.44,1.7,0.74,59.14
5107909,Sinop,resto_mt,Demais MT,FALSE,2010,3990.9099601898615,1621.9449022805447,2270.925913652237,68.58665919030716,29.45248506677261,40.64,56.9,1.72,0.74,58.62
5107909,Sinop,resto_mt,Demais MT,FALSE,2011,3990.9117103760254,1622.0281045948143,2269.6287222057117,69.80168896905457,29.45319460644546,40.64,56.87,1.75,0.74,58.62
5107909,Sinop,resto_mt,Demais MT,FALSE,2012,3990.9073352605005,1614.904656122975,2273.986963125317,72.32786905822857,29.68784695397966,40.46,56.98,1.81,0.74,58.79
5107909,Sinop,resto_mt,Demais MT,FALSE,2013,3990.9134577558707,1585.3695203693835,2301.901762972303,74.25625497900347,29.38591943518079,39.72,57.68,1.86,0.74,59.54
5107909,Sinop,resto_mt,Demais MT,FALSE,2014,3990.9082032848887,1562.138159954856,2324.2114240227215,75.60957280340465,28.94904650390635,39.14,58.24,1.89,0.73,60.13
5107909,Sinop,resto_mt,Demais MT,FALSE,2015,3990.909954990268,1556.2515249210808,2328.421782696385,76.87089872454764,29.36574864825455,38.99,58.34,1.93,0.74,60.27
5107909,Sinop,resto_mt,Demais MT,FALSE,2016,3990.906453336841,1561.2898023924802,2322.0282604320955,78.31701762322746,29.27137288903826,39.12,58.18,1.96,0.73,60.14
5107909,Sinop,resto_mt,Demais MT,FALSE,2017,3990.9055784263337,1563.5989371416974,2318.674108845551,79.36043880688354,29.27209363220228,39.18,58.1,1.99,0.73,60.09
5107909,Sinop,resto_mt,Demais MT,FALSE,2018,3990.909952995046,1538.370857561427,2341.658022237086,81.51616512457196,29.36490807196059,38.55,58.67,2.04,0.74,60.71
5107909,Sinop,resto_mt,Demais MT,FALSE,2019,3990.905572382104,1486.2277465802292,2311.1711957221655,83.23333072100849,110.2732993587006,37.24,57.91,2.09,2.76,60
5107909,Sinop,resto_mt,Demais MT,FALSE,2020,3990.8950697001537,1492.5678097452223,2312.3183520444704,83.38650686816445,102.6224010422966,37.4,57.94,2.09,2.57,60.03
5107909,Sinop,resto_mt,Demais MT,FALSE,2021,3990.923086730664,1507.9779589456077,2275.3796054213526,86.3425636637534,121.2229586999504,37.79,57.01,2.16,3.04,59.17
5107925,Sorriso,resto_mt,Demais MT,FALSE,2000,9293.575021359886,3910.3264939957453,5275.264494267339,53.84450050000014,54.13953259680172,42.08,56.76,0.58,0.58,57.34
5107925,Sorriso,resto_mt,Demais MT,FALSE,2001,9293.575896787292,3704.878994485738,5471.387007956156,63.954411500061155,53.3554828453369,39.86,58.87,0.69,0.57,59.56
5107925,Sorriso,resto_mt,Demais MT,FALSE,2002,9293.57327512846,3463.4031514888443,5707.705756653286,67.97001111657761,54.49435586975096,37.27,61.42,0.73,0.59,62.15
5107925,Sorriso,resto_mt,Demais MT,FALSE,2003,9293.572400153918,3211.779672754975,5963.606826276872,61.30384524481257,56.8820558772583,34.56,64.17,0.66,0.61,64.83
5107925,Sorriso,resto_mt,Demais MT,FALSE,2004,9293.576769649706,3077.2371040944786,6095.0686486683235,63.312407520935565,57.95860936596679,33.11,65.58,0.68,0.62,66.26
5107925,Sorriso,resto_mt,Demais MT,FALSE,2005,9293.580264240032,3018.071133699856,6155.776146154374,60.616603964294825,59.11638042150873,32.47,66.24,0.65,0.64,66.89
5107925,Sorriso,resto_mt,Demais MT,FALSE,2006,9293.576767613895,2984.1343692112996,6194.639122476266,55.24800450714116,59.55527141918942,32.11,66.66,0.59,0.64,67.25
5107925,Sorriso,resto_mt,Demais MT,FALSE,2007,9293.578515970532,2964.2055457930933,6212.891817993966,54.214865092346145,62.26628709112544,31.9,66.85,0.58,0.67,67.43
5107925,Sorriso,resto_mt,Demais MT,FALSE,2008,9293.568898337044,2917.386462276684,6258.431926805781,53.419323113524484,64.33118614105213,31.39,67.34,0.57,0.69,67.91
5107925,Sorriso,resto_mt,Demais MT,FALSE,2009,9293.56715063167,2905.4506692297364,6270.9409348885665,53.65522824395657,63.52031826940904,31.26,67.48,0.58,0.68,68.06
5107925,Sorriso,resto_mt,Demais MT,FALSE,2010,9293.568023186208,2903.6599970867255,6274.192221768368,52.579902572875575,63.13590175823963,31.24,67.51,0.57,0.68,68.08
5107925,Sorriso,resto_mt,Demais MT,FALSE,2011,9293.577641833057,2902.7215311507975,6275.291461856212,52.89440257879554,62.67024624725331,31.23,67.52,0.57,0.67,68.09
5107925,Sorriso,resto_mt,Demais MT,FALSE,2012,9293.57502076452,2897.2002757949285,6278.151533692859,54.39466283825641,63.82854843847648,31.17,67.55,0.59,0.69,68.14
5107925,Sorriso,resto_mt,Demais MT,FALSE,2013,9293.570650699456,2868.463355508099,6303.984257902478,58.6434578050535,62.47957948382551,30.87,67.83,0.63,0.67,68.46
5107925,Sorriso,resto_mt,Demais MT,FALSE,2014,9293.567155671957,2846.2772332261584,6325.82310223071,59.74320007495182,61.72362014013661,30.63,68.07,0.64,0.66,68.71
5107925,Sorriso,resto_mt,Demais MT,FALSE,2015,9293.568904649605,2831.4796739765347,6340.530089074129,58.90849429620498,62.65064730273428,30.47,68.22,0.63,0.67,68.85
5107925,Sorriso,resto_mt,Demais MT,FALSE,2016,9293.569777451057,2834.8189836561487,6336.278982085679,59.820585111450214,62.65122659777827,30.5,68.18,0.64,0.67,68.82
5107925,Sorriso,resto_mt,Demais MT,FALSE,2017,9293.573275282655,2829.6650913174785,6343.188170195341,57.50145367340193,63.2185600964355,30.45,68.25,0.62,0.68,68.87
5107925,Sorriso,resto_mt,Demais MT,FALSE,2018,9293.570652020984,2828.3529244262472,6341.034783396983,60.31485365673943,63.86809054101563,30.43,68.23,0.65,0.69,68.88
5107925,Sorriso,resto_mt,Demais MT,FALSE,2019,9293.563656139704,2832.3123008261996,6334.629960342252,61.65873448297219,64.96266048828126,30.48,68.16,0.66,0.7,68.82
5107925,Sorriso,resto_mt,Demais MT,FALSE,2020,9293.558410751486,2850.342060303507,6317.165002001994,62.179537805603964,63.87181064038084,30.67,67.97,0.67,0.69,68.64
5107925,Sorriso,resto_mt,Demais MT,FALSE,2021,9293.59687430963,2858.606372782366,6310.073464903602,63.78826573431857,61.12877088934332,30.76,67.9,0.69,0.66,68.59
5107941,Tabaporã,resto_mt,Demais MT,FALSE,2000,8439.025565767091,6848.4372480628745,1576.7827061296932,2.072524137573246,11.73308743695069,81.15,18.68,0.02,0.14,18.7
5107941,Tabaporã,resto_mt,Demais MT,FALSE,2001,8439.021171692824,6634.953546851987,1790.1007324248824,2.109360802490241,11.85753161346436,78.62,21.21,0.02,0.14,21.23
5107941,Tabaporã,resto_mt,Demais MT,FALSE,2002,8439.035228880326,6279.963274239115,2143.7769647280033,2.270742096801769,13.02424781640624,74.42,25.4,0.03,0.15,25.43
5107941,Tabaporã,resto_mt,Demais MT,FALSE,2003,8439.036110367777,5859.793985863602,2563.2778291437016,2.424230123596202,13.54006523687742,69.44,30.37,0.03,0.16,30.4
5107941,Tabaporã,resto_mt,Demais MT,FALSE,2004,8439.040501835396,5505.503174649794,2917.1572718602856,2.768921376647952,13.61113394866941,65.24,34.57,0.03,0.16,34.6
5107941,Tabaporã,resto_mt,Demais MT,FALSE,2005,8439.03523050406,5278.449330078037,3144.0182704002036,3.276747680114754,13.29088234570312,62.55,37.26,0.04,0.16,37.3
5107941,Tabaporã,resto_mt,Demais MT,FALSE,2006,8439.036986372688,5177.776009869045,3244.7899608851135,3.427605157775888,13.04341046075439,61.36,38.45,0.04,0.15,38.49
5107941,Tabaporã,resto_mt,Demais MT,FALSE,2007,8439.035228955256,5120.6988020241415,3301.0630683988275,3.894206335510247,13.37915219677734,60.68,39.12,0.05,0.16,39.17
5107941,Tabaporã,resto_mt,Demais MT,FALSE,2008,8439.031714856168,5032.080291162576,3388.723533751942,4.115227186889655,14.11266275476073,59.63,40.16,0.05,0.17,40.21
5107941,Tabaporã,resto_mt,Demais MT,FALSE,2009,8439.036987346866,5032.896915915655,3388.219293886656,4.204688481750495,13.71608906280518,59.64,40.15,0.05,0.16,40.2
5107941,Tabaporã,resto_mt,Demais MT,FALSE,2010,8439.030836532962,5110.502251116247,3311.02640269345,4.20907377252198,13.29310895074463,60.56,39.23,0.05,0.16,39.28
5107941,Tabaporã,resto_mt,Demais MT,FALSE,2011,8439.025567036466,5122.674002591996,3299.0941834127298,4.209950870666513,13.04743016107177,60.7,39.09,0.05,0.15,39.14
5107941,Tabaporã,resto_mt,Demais MT,FALSE,2012,8439.028200475248,5112.074873922285,3309.382796128889,4.231877378723152,13.33865304534913,60.58,39.22,0.05,0.16,39.27
5107941,Tabaporã,resto_mt,Demais MT,FALSE,2013,8439.036108300996,5061.26669788036,3360.5533728859073,4.292395797302253,12.92364173742675,59.97,39.82,0.05,0.15,39.87
5107941,Tabaporã,resto_mt,Demais MT,FALSE,2014,8439.036109610348,5008.52530649336,3413.95175136595,4.359930853454595,12.199120897583,59.35,40.45,0.05,0.14,40.5
5107941,Tabaporã,resto_mt,Demais MT,FALSE,2015,8439.033471230827,5000.1489183443855,3421.8792087555817,4.426587662963857,12.57875646789551,59.25,40.55,0.05,0.15,40.6
5107941,Tabaporã,resto_mt,Demais MT,FALSE,2016,8439.032597705951,5005.43597429492,3416.27559467806,4.492367648681629,12.82866108428954,59.31,40.48,0.05,0.15,40.53
5107941,Tabaporã,resto_mt,Demais MT,FALSE,2017,8439.03523282714,4975.887142704773,3445.4208972626247,4.513417530395496,13.2137753293457,58.96,40.83,0.05,0.16,40.88
5107941,Tabaporã,resto_mt,Demais MT,FALSE,2018,8439.035230685367,4959.603017300002,3461.217988252979,4.610772678100585,13.60345245428466,58.77,41.01,0.05,0.16,41.06
5107941,Tabaporã,resto_mt,Demais MT,FALSE,2019,8439.034353833385,4951.207242435527,3469.367439496857,4.65199605175781,13.80767584924316,58.67,41.11,0.06,0.16,41.17
5107941,Tabaporã,resto_mt,Demais MT,FALSE,2020,8439.030839070063,4982.7409927182125,3438.167810973065,4.658135559753418,13.46389981903076,59.04,40.74,0.06,0.16,40.8
5107941,Tabaporã,resto_mt,Demais MT,FALSE,2021,8439.071256537025,4857.5810200317255,3563.8342635776876,4.780925585571295,12.875047342041,57.56,42.23,0.06,0.15,42.29
5107958,Tangará da Serra,resto_mt,Demais MT,FALSE,2000,11637.101102035476,9207.173885913593,2377.352700281979,41.45970504211414,11.11481079779054,79.12,20.43,0.36,0.1,20.79
5107958,Tangará da Serra,resto_mt,Demais MT,FALSE,2001,11637.096774443902,9155.203101451772,2423.421812519779,48.480041809142804,9.991818663208027,78.67,20.82,0.42,0.09,21.24
5107958,Tangará da Serra,resto_mt,Demais MT,FALSE,2002,11637.089850314354,9110.109535085985,2467.5898472844,48.29615982141087,11.09430812255861,78.29,21.2,0.42,0.1,21.62
5107958,Tangará da Serra,resto_mt,Demais MT,FALSE,2003,11637.091581627521,9089.773503802271,2489.1276636312814,47.14349932873501,11.04691486523439,78.11,21.39,0.41,0.09,21.8
5107958,Tangará da Serra,resto_mt,Demais MT,FALSE,2004,11637.09071662581,9034.049464217194,2542.4588702563947,49.75723380187937,10.8251483503418,77.63,21.85,0.43,0.09,22.28
5107958,Tangará da Serra,resto_mt,Demais MT,FALSE,2005,11637.088984606298,8964.077365056524,2612.496293568695,50.175112000609886,10.34021398046876,77.03,22.45,0.43,0.09,22.88
5107958,Tangará da Serra,resto_mt,Demais MT,FALSE,2006,11637.088119043852,8918.950766072854,2659.977015091421,48.063062581481596,10.09727529809571,76.64,22.86,0.41,0.09,23.27
5107958,Tangará da Serra,resto_mt,Demais MT,FALSE,2007,11637.094174188373,8948.411816444785,2631.7423958988015,47.31200192138622,9.627959923400889,76.9,22.62,0.41,0.08,23.03
5107958,Tangará da Serra,resto_mt,Demais MT,FALSE,2008,11637.093310390057,8903.459782259137,2675.057238568481,47.024360747252885,11.55192881518552,76.51,22.99,0.4,0.1,23.39
5107958,Tangará da Serra,resto_mt,Demais MT,FALSE,2009,11637.09849949109,8902.271736299259,2673.8754068267813,48.56005262493844,12.39130374011238,76.5,22.98,0.42,0.11,23.4
5107958,Tangará da Serra,resto_mt,Demais MT,FALSE,2010,11637.10542132748,8857.1170225386,2716.377456237979,49.788485593688456,13.82245695721436,76.11,23.34,0.43,0.12,23.77
5107958,Tangará da Serra,resto_mt,Demais MT,FALSE,2011,11637.103694304946,8809.231681828169,2762.4682753081356,51.93204980364962,13.47168736499022,75.7,23.74,0.45,0.12,24.19
5107958,Tangará da Serra,resto_mt,Demais MT,FALSE,2012,11637.099370997277,8794.691391135382,2775.1333479080995,53.72586740985061,13.5487645439453,75.57,23.85,0.46,0.12,24.31
5107958,Tangará da Serra,resto_mt,Demais MT,FALSE,2013,11637.100235618154,8773.309621444909,2792.776404225554,58.61417198498476,12.40003796270751,75.39,24,0.5,0.11,24.5
5107958,Tangará da Serra,resto_mt,Demais MT,FALSE,2014,11637.100235961672,8723.144893444629,2842.5929743354027,59.118042758422575,12.24432542321776,74.96,24.43,0.51,0.11,24.94
5107958,Tangará da Serra,resto_mt,Demais MT,FALSE,2015,11637.101100538752,8715.603429158587,2850.7729828497063,58.0820203815306,12.64266814892577,74.89,24.5,0.5,0.11,25
5107958,Tangará da Serra,resto_mt,Demais MT,FALSE,2016,11637.106291852582,8699.908712405999,2861.5028367098266,63.06940831304891,12.62533442370604,74.76,24.59,0.54,0.11,25.13
5107958,Tangará da Serra,resto_mt,Demais MT,FALSE,2017,11637.107154145891,8682.182244523241,2876.578673072479,65.4655787299191,12.88065782025145,74.61,24.72,0.56,0.11,25.28
5107958,Tangará da Serra,resto_mt,Demais MT,FALSE,2018,11637.108019534404,8653.417661194759,2900.234799626572,70.30920290991182,13.1463558031616,74.36,24.92,0.6,0.11,25.52
5107958,Tangará da Serra,resto_mt,Demais MT,FALSE,2019,11637.111478725617,8625.551770139315,2925.1467563423444,73.30299088287326,13.10996136108396,74.12,25.14,0.63,0.11,25.77
5107958,Tangará da Serra,resto_mt,Demais MT,FALSE,2020,11637.10196257493,8608.243053104807,2940.671879230622,75.25698354962111,12.93004668988035,73.97,25.27,0.65,0.11,25.92
5107958,Tangará da Serra,resto_mt,Demais MT,FALSE,2021,11637.12272651945,8526.545193371714,3020.2669304959413,78.08972207666008,12.22088057513426,73.27,25.95,0.67,0.11,26.62
5108006,Tapurah,resto_mt,Demais MT,FALSE,2000,4492.573801131258,2837.367833300447,1635.9104497664184,11.506673070495712,7.78884499389647,63.16,36.41,0.26,0.17,36.67
5108006,Tapurah,resto_mt,Demais MT,FALSE,2001,4492.5703047720235,2761.9537838780975,1711.5785411955012,11.174161493652434,7.863818204772933,61.48,38.1,0.25,0.18,38.35
5108006,Tapurah,resto_mt,Demais MT,FALSE,2002,4492.570304806692,2622.6763285530947,1851.339835352535,10.23452324816905,8.31961765289305,58.38,41.21,0.23,0.19,41.44
5108006,Tapurah,resto_mt,Demais MT,FALSE,2003,4492.564186315379,2420.428503068036,2053.8823995379926,9.91180583422862,8.341477875122056,53.88,45.72,0.22,0.19,45.94
5108006,Tapurah,resto_mt,Demais MT,FALSE,2004,4492.57292701805,2261.901836598006,2211.2133592285163,11.123256408264254,8.334474783264143,50.35,49.22,0.25,0.19,49.47
5108006,Tapurah,resto_mt,Demais MT,FALSE,2005,4492.573801094667,2180.9033228646235,2292.0796249171763,11.00742937500009,8.583423937866195,48.54,51.02,0.25,0.19,51.27
5108006,Tapurah,resto_mt,Demais MT,FALSE,2006,4492.574675174624,2152.9141376166517,2322.0484373875015,9.066223510803288,8.545876659667954,47.92,51.69,0.2,0.19,51.89
5108006,Tapurah,resto_mt,Demais MT,FALSE,2007,4492.5746751745855,2146.955838478851,2328.2301474194273,8.789523799011294,8.599165477294903,47.79,51.82,0.2,0.19,52.02
5108006,Tapurah,resto_mt,Demais MT,FALSE,2008,4492.574675174567,2131.293796554298,2344.247268705841,8.339262009643612,8.69434790478514,47.44,52.18,0.19,0.19,52.37
5108006,Tapurah,resto_mt,Demais MT,FALSE,2009,4492.574675174523,2095.3668672693334,2380.199554652077,8.42389541888433,8.584357834228499,46.64,52.98,0.19,0.19,53.17
5108006,Tapurah,resto_mt,Demais MT,FALSE,2010,4492.574675174495,2090.224174121493,2385.457535506431,8.464068476257378,8.428897070312482,46.53,53.1,0.19,0.19,53.29
5108006,Tapurah,resto_mt,Demais MT,FALSE,2011,4492.572052945832,2065.98263274881,2410.1356515015273,8.592448988037164,7.861319707458481,45.99,53.65,0.19,0.17,53.84
5108006,Tapurah,resto_mt,Demais MT,FALSE,2012,4492.566808558274,2061.4218617582696,2414.3926859712683,8.776570306091372,7.975690522644022,45.89,53.74,0.2,0.18,53.94
5108006,Tapurah,resto_mt,Demais MT,FALSE,2013,4492.572052911006,2058.6616898825205,2417.821611559552,8.660462826782288,7.428288642150859,45.82,53.82,0.19,0.17,54.01
5108006,Tapurah,resto_mt,Demais MT,FALSE,2014,4492.572052953754,2056.368042152921,2420.0070209434725,8.625576993652404,7.571412863708479,45.77,53.87,0.19,0.17,54.06
5108006,Tapurah,resto_mt,Demais MT,FALSE,2015,4492.570304804089,2039.0641344263488,2436.3229295112233,9.333377479675349,7.849863386840802,45.39,54.23,0.21,0.17,54.44
5108006,Tapurah,resto_mt,Demais MT,FALSE,2016,4492.571178867582,2039.8037505370687,2435.736191761726,9.390942157226618,7.640294411560042,45.4,54.22,0.21,0.17,54.43
5108006,Tapurah,resto_mt,Demais MT,FALSE,2017,4492.568556650337,2037.4394774338268,2438.578640400959,8.662188490295467,7.888250325256332,45.35,54.28,0.19,0.18,54.47
5108006,Tapurah,resto_mt,Demais MT,FALSE,2018,4492.567682562506,2026.9705973575192,2448.3460643841254,9.366269305175846,7.884751515686022,45.12,54.5,0.21,0.18,54.71
5108006,Tapurah,resto_mt,Demais MT,FALSE,2019,4492.570304796321,2033.9353560183845,2440.9605502988097,9.543430271484441,8.130968207641585,45.27,54.33,0.21,0.18,54.54
5108006,Tapurah,resto_mt,Demais MT,FALSE,2020,4492.569430707707,2036.9428129859202,2438.198351247361,9.607181874389715,7.821084600036604,45.34,54.27,0.21,0.17,54.48
5108006,Tapurah,resto_mt,Demais MT,FALSE,2021,4492.574675174557,2068.6652998317145,2406.4682150689173,9.957143055358998,7.48401721856688,46.05,53.57,0.22,0.17,53.79
5108055,Terra Nova do Norte,resto_mt,Demais MT,FALSE,2000,2399.731876976584,587.0181561416996,1787.961382655014,21.804309678161623,2.948028501708985,24.46,74.51,0.91,0.12,75.42
5108055,Terra Nova do Norte,resto_mt,Demais MT,FALSE,2001,2399.731874520026,586.7185449023829,1788.4131292138954,22.00572232556156,2.594478078186036,24.45,74.53,0.92,0.11,75.45
5108055,Terra Nova do Norte,resto_mt,Demais MT,FALSE,2002,2399.7380280893553,570.4602459634116,1804.2017565767494,22.200069602294946,2.875955946899415,23.77,75.18,0.93,0.12,76.11
5108055,Terra Nova do Norte,resto_mt,Demais MT,FALSE,2003,2399.74330163433,547.2823356141527,1827.1755160441637,22.45786505108648,2.827584924926758,22.81,76.14,0.94,0.12,77.08
5108055,Terra Nova do Norte,resto_mt,Demais MT,FALSE,2004,2399.742422439238,544.2790249978849,1830.043389001961,22.57138260107426,2.848625838317873,22.68,76.26,0.94,0.12,77.2
5108055,Terra Nova do Norte,resto_mt,Demais MT,FALSE,2005,2399.74505951223,531.3609951933599,1843.1012061432714,22.735834427124086,2.547023748474123,22.14,76.8,0.95,0.11,77.75
5108055,Terra Nova do Norte,resto_mt,Demais MT,FALSE,2006,2399.7380290731203,498.9208586315569,1875.3812949388168,22.690962743286185,2.744912759460451,20.79,78.15,0.95,0.11,79.1
5108055,Terra Nova do Norte,resto_mt,Demais MT,FALSE,2007,2399.7397872066663,486.97905835483465,1887.4884101485238,22.864245520690947,2.408073182617189,20.29,78.65,0.95,0.1,79.6
5108055,Terra Nova do Norte,resto_mt,Demais MT,FALSE,2008,2399.7397870636114,492.1316186917422,1882.0342606570864,22.989957790649452,2.583949924133302,20.51,78.43,0.96,0.11,79.39
5108055,Terra Nova do Norte,resto_mt,Demais MT,FALSE,2009,2399.7433023486847,493.84030458382716,1880.4584292950697,23.240481313720707,2.204087156066895,20.58,78.36,0.97,0.09,79.33
5108055,Terra Nova do Norte,resto_mt,Demais MT,FALSE,2010,2399.7433023167073,491.24415803517877,1882.744106426853,23.3706795350342,2.3843583196411142,20.47,78.46,0.97,0.1,79.43
5108055,Terra Nova do Norte,resto_mt,Demais MT,FALSE,2011,2399.7415446498194,490.85127603561205,1882.8562952630718,23.79650922399903,2.23746412713623,20.45,78.46,0.99,0.09,79.45
5108055,Terra Nova do Norte,resto_mt,Demais MT,FALSE,2012,2399.7397870865075,499.33956890561433,1872.8882415328828,25.175994804931648,2.335981843078614,20.81,78.05,1.05,0.1,79.1
5108055,Terra Nova do Norte,resto_mt,Demais MT,FALSE,2013,2399.7389081655765,499.0932640387738,1871.2959776603116,27.175415381469698,2.174251085021974,20.8,77.98,1.13,0.09,79.11
5108055,Terra Nova do Norte,resto_mt,Demais MT,FALSE,2014,2399.7424234962596,492.1321785534831,1876.5179551269196,28.852900763183523,2.23938905267334,20.51,78.2,1.2,0.09,79.4
5108055,Terra Nova do Norte,resto_mt,Demais MT,FALSE,2015,2399.7441811714543,488.46147038862284,1877.8409418596136,31.021908474792525,2.419860448425292,20.35,78.25,1.29,0.1,79.54
5108055,Terra Nova do Norte,resto_mt,Demais MT,FALSE,2016,2399.7415446894283,489.31324997810066,1874.7249850714347,32.999249871704095,2.704059768188475,20.39,78.12,1.38,0.11,79.5
5108055,Terra Nova do Norte,resto_mt,Demais MT,FALSE,2017,2399.7397869708698,489.33776319062906,1872.5975297976966,34.799454796081676,3.0050391864624,20.39,78.03,1.45,0.13,79.48
5108055,Terra Nova do Norte,resto_mt,Demais MT,FALSE,2018,2399.7362713316456,477.2532080658157,1882.3978948299778,36.45735056848169,3.627817867370606,19.89,78.44,1.52,0.15,79.96
5108055,Terra Nova do Norte,resto_mt,Demais MT,FALSE,2019,2399.73890641651,467.67273280104826,1889.963643786299,38.11230877813741,3.990221051025389,19.49,78.76,1.59,0.17,80.35
5108055,Terra Nova do Norte,resto_mt,Demais MT,FALSE,2020,2399.7406652548293,480.0892167024723,1875.5410478661386,39.99802963214116,4.112371054077147,20.01,78.16,1.67,0.17,79.83
5108055,Terra Nova do Norte,resto_mt,Demais MT,FALSE,2021,2399.7512116646612,538.7294059330237,1816.9122621278775,40.66829585949717,3.441247744262695,22.45,75.71,1.69,0.14,77.4
5108105,Tesouro,resto_mt,Demais MT,FALSE,2000,4245.1469941587375,2587.1449700980443,1625.3333160516606,19.164321064331002,13.50438694470218,60.94,38.29,0.45,0.32,38.74
5108105,Tesouro,resto_mt,Demais MT,FALSE,2001,4245.146994158684,2559.8885862079255,1653.7600156729268,18.57646409283443,12.92192818499758,60.3,38.96,0.44,0.3,39.4
5108105,Tesouro,resto_mt,Demais MT,FALSE,2002,4245.146994158665,2535.9756809499804,1678.9164084176693,17.14534492657469,13.10955986444096,59.74,39.55,0.4,0.31,39.95
5108105,Tesouro,resto_mt,Demais MT,FALSE,2003,4245.146994158623,2482.875854548161,1734.9170671234626,14.362468849121102,12.99160363787846,58.49,40.87,0.34,0.31,41.21
5108105,Tesouro,resto_mt,Demais MT,FALSE,2004,4245.146994158633,2436.7682744050176,1782.0786612464751,13.752390386840814,12.5476681203003,57.4,41.98,0.32,0.3,42.3
5108105,Tesouro,resto_mt,Demais MT,FALSE,2005,4245.1469941585665,2391.8458551218464,1827.4193463778456,13.371995663940423,12.50979699493409,56.34,43.05,0.31,0.29,43.36
5108105,Tesouro,resto_mt,Demais MT,FALSE,2006,4245.146994158497,2357.484454093187,1861.496162388675,13.72283278417968,12.44354489245606,55.53,43.85,0.32,0.29,44.17
5108105,Tesouro,resto_mt,Demais MT,FALSE,2007,4245.146994158516,2344.9109732428524,1875.0360323345467,13.008551310852035,12.19143727026368,55.24,44.17,0.31,0.29,44.48
5108105,Tesouro,resto_mt,Demais MT,FALSE,2008,4245.146994158488,2329.2126969684728,1891.6760587510505,12.208789741271945,12.04944869769288,54.87,44.56,0.29,0.28,44.85
5108105,Tesouro,resto_mt,Demais MT,FALSE,2009,4245.146994158495,2314.506401521192,1907.6042810487404,11.359382419311519,11.67692916925049,54.52,44.94,0.27,0.28,45.21
5108105,Tesouro,resto_mt,Demais MT,FALSE,2010,4245.146994158508,2318.956387191009,1904.3675004974677,10.134928763549793,11.68817770648194,54.63,44.86,0.24,0.28,45.1
5108105,Tesouro,resto_mt,Demais MT,FALSE,2011,4245.146994158461,2319.660182564666,1904.5723910675504,9.38204566912841,11.5323748571167,54.64,44.86,0.22,0.27,45.08
5108105,Tesouro,resto_mt,Demais MT,FALSE,2012,4245.146994158417,2311.191983342704,1913.2075928785798,9.412969732543935,11.33444820458984,54.44,45.07,0.22,0.27,45.29
5108105,Tesouro,resto_mt,Demais MT,FALSE,2013,4245.146994158392,2293.720454937704,1931.0207586846775,9.628942623840315,10.77683791217041,54.03,45.49,0.23,0.25,45.72
5108105,Tesouro,resto_mt,Demais MT,FALSE,2014,4245.1469941584255,2277.2467601386734,1947.3401750245737,9.86838937506102,10.69166962011719,53.64,45.87,0.23,0.25,46.1
5108105,Tesouro,resto_mt,Demais MT,FALSE,2015,4245.146994158452,2256.85910166327,1968.491964925785,9.021626109313958,10.77430146008301,53.16,46.37,0.21,0.25,46.58
5108105,Tesouro,resto_mt,Demais MT,FALSE,2016,4245.146994158523,2243.882888441366,1981.8442100426578,8.78934192993163,10.63055374456787,52.86,46.68,0.21,0.25,46.89
5108105,Tesouro,resto_mt,Demais MT,FALSE,2017,4245.146994158515,2222.996191694668,2002.7583431763705,8.850385610900872,10.54207367657471,52.37,47.18,0.21,0.25,47.39
5108105,Tesouro,resto_mt,Demais MT,FALSE,2018,4245.1469941586065,2202.8818529335217,2023.06058860515,8.799373901977535,10.40517871795653,51.89,47.66,0.21,0.25,47.87
5108105,Tesouro,resto_mt,Demais MT,FALSE,2019,4245.146994158674,2190.7193622959244,2035.3128138805105,8.769077516418454,10.3457404658203,51.61,47.94,0.21,0.24,48.15
5108105,Tesouro,resto_mt,Demais MT,FALSE,2020,4245.146994158674,2185.435292138643,2040.6695080335805,8.881460249938968,10.16073373651123,51.48,48.07,0.21,0.24,48.28
5108105,Tesouro,resto_mt,Demais MT,FALSE,2021,4245.146994158712,2143.552540040656,2083.336438646437,8.67121039154053,9.586805080078118,50.49,49.08,0.2,0.23,49.28
5108204,Torixoréu,resto_mt,Demais MT,FALSE,2000,2398.3883964572437,1085.899220637253,1296.7986069804524,9.429676162902858,6.260892676635739,45.28,54.07,0.39,0.26,54.46
5108204,Torixoréu,resto_mt,Demais MT,FALSE,2001,2398.3883964572105,1074.8960909538805,1307.9271983371314,9.501856477905289,6.063250688293458,44.82,54.53,0.4,0.25,54.93
5108204,Torixoréu,resto_mt,Demais MT,FALSE,2002,2398.3883964572274,1061.353960979098,1321.132284902507,9.71090954669191,6.191241028930663,44.25,55.08,0.4,0.26,55.48
5108204,Torixoréu,resto_mt,Demais MT,FALSE,2003,2398.3883964572447,1032.6471800469703,1350.291731112789,9.444687690063486,6.004797607421871,43.06,56.3,0.39,0.25,56.69
5108204,Torixoréu,resto_mt,Demais MT,FALSE,2004,2398.3883964572506,999.6737577962958,1383.241616601628,9.5996928098755,5.87332924945068,41.68,57.67,0.4,0.24,58.07
5108204,Torixoréu,resto_mt,Demais MT,FALSE,2005,2398.388396457298,983.9429580397081,1399.0368532244747,9.539581387451191,5.869003805664058,41.03,58.33,0.4,0.24,58.73
5108204,Torixoréu,resto_mt,Demais MT,FALSE,2006,2398.38839645732,977.0579685787517,1406.341141737821,9.01890564569093,5.970380495056151,40.74,58.64,0.38,0.25,59.02
5108204,Torixoréu,resto_mt,Demais MT,FALSE,2007,2398.388396457299,973.9563535547629,1410.1774537599576,8.405378961364764,5.849210181213377,40.61,58.8,0.35,0.24,59.15
5108204,Torixoréu,resto_mt,Demais MT,FALSE,2008,2398.388396457322,972.1526511348945,1412.2665806199736,8.201608356201195,5.767556346252437,40.53,58.88,0.34,0.24,59.22
5108204,Torixoréu,resto_mt,Demais MT,FALSE,2009,2398.3883964573247,969.647211471566,1415.1457906855876,7.889718165710463,5.705676134460444,40.43,59,0.33,0.24,59.33
5108204,Torixoréu,resto_mt,Demais MT,FALSE,2010,2398.3883964573583,966.6425387238309,1418.6350567725292,7.524587674926766,5.586213286071772,40.3,59.15,0.31,0.23,59.46
5108204,Torixoréu,resto_mt,Demais MT,FALSE,2011,2398.3883964573765,959.27383712948415,1426.2410563134272,7.467744278259289,5.40575873620605,40,59.47,0.31,0.23,59.78
5108204,Torixoréu,resto_mt,Demais MT,FALSE,2012,2398.3883964573356,952.8159532224253,1432.7195763256698,7.584616065979015,5.268250843261715,39.73,59.74,0.32,0.22,60.06
5108204,Torixoréu,resto_mt,Demais MT,FALSE,2013,2398.388396457381,946.3424180155187,1439.0877270260298,8.001969752990732,4.956281662841791,39.46,60,0.33,0.21,60.33
5108204,Torixoréu,resto_mt,Demais MT,FALSE,2014,2398.3883964573006,942.4207990581173,1442.4801310697155,8.554389330383312,4.933076999084466,39.29,60.14,0.36,0.21,60.5
5108204,Torixoréu,resto_mt,Demais MT,FALSE,2015,2398.3883964573165,938.3024969640112,1446.5727349748115,8.65745212438965,4.855712394103997,39.12,60.31,0.36,0.2,60.67
5108204,Torixoréu,resto_mt,Demais MT,FALSE,2016,2398.3883964572456,936.5578590221127,1448.3639178108654,8.720899685485843,4.745719938781733,39.05,60.39,0.36,0.2,60.75
5108204,Torixoréu,resto_mt,Demais MT,FALSE,2017,2398.3883964572624,938.3933356826464,1446.7362776179993,8.474381344421396,4.784401812194819,39.13,60.32,0.35,0.2,60.67
5108204,Torixoréu,resto_mt,Demais MT,FALSE,2018,2398.388396457219,937.0937687177958,1448.2049649307687,8.289817101440432,4.799845707214349,39.07,60.38,0.35,0.2,60.73
5108204,Torixoréu,resto_mt,Demais MT,FALSE,2019,2398.388396457208,937.6116158353376,1447.50495077458,8.455637377197272,4.816192470092768,39.09,60.35,0.35,0.2,60.7
5108204,Torixoréu,resto_mt,Demais MT,FALSE,2020,2398.3883964571864,942.4270985705198,1442.4583876850675,8.745999898315437,4.756910303283686,39.29,60.14,0.36,0.2,60.5
5108204,Torixoréu,resto_mt,Demais MT,FALSE,2021,2398.388396457223,936.4886192703393,1448.8324457094664,8.536570821960458,4.530760655456534,39.05,60.41,0.36,0.19,60.77
5108303,União do Sul,resto_mt,Demais MT,FALSE,2000,4590.737547997616,4189.133680389204,396.88290635322477,1.32511911627196,3.395842138916011,91.25,8.65,0.03,0.07,8.68
5108303,União do Sul,resto_mt,Demais MT,FALSE,2001,4590.737547997455,4151.064707674521,435.9531388853743,1.422401004638657,2.297300432922362,90.42,9.5,0.03,0.05,9.53
5108303,União do Sul,resto_mt,Demais MT,FALSE,2002,4590.737547997292,4110.62562535207,476.20729810573243,1.472356210021959,2.432268329467774,89.54,10.37,0.03,0.05,10.4
5108303,União do Sul,resto_mt,Demais MT,FALSE,2003,4590.7375479971615,4043.0451116173294,544.0316579983014,1.510918183532703,2.149860197998047,88.07,11.85,0.03,0.05,11.88
5108303,União do Sul,resto_mt,Demais MT,FALSE,2004,4590.737547997121,4002.4170376509874,584.1274842678257,1.548603980285633,2.644422098022459,87.18,12.72,0.03,0.06,12.75
5108303,União do Sul,resto_mt,Demais MT,FALSE,2005,4590.7375479970215,3886.0565187198004,700.7922811944572,1.552109675598132,2.336638407165525,84.65,15.27,0.03,0.05,15.3
5108303,União do Sul,resto_mt,Demais MT,FALSE,2006,4590.737547996776,3815.302864310547,771.8072279246926,1.563503024658191,2.063952736877442,83.11,16.81,0.03,0.04,16.84
5108303,União do Sul,resto_mt,Demais MT,FALSE,2007,4590.737547996734,3748.8688998708312,837.9772826713125,1.572266962463367,2.319098492126465,81.66,18.25,0.03,0.05,18.28
5108303,União do Sul,resto_mt,Demais MT,FALSE,2008,4590.737547996964,3712.3550610877896,874.3552073312931,1.583660317321765,2.443619260559081,80.87,19.05,0.03,0.05,19.08
5108303,União do Sul,resto_mt,Demais MT,FALSE,2009,4590.737547996869,3719.743185861688,867.2512082441898,1.584536672790515,2.158617218200686,81.03,18.89,0.03,0.05,18.92
5108303,União do Sul,resto_mt,Demais MT,FALSE,2010,4590.7375479968605,3724.986156116698,862.0346430684559,1.621345996765124,2.095402814941407,81.14,18.78,0.04,0.05,18.82
5108303,União do Sul,resto_mt,Demais MT,FALSE,2011,4590.737547996884,3743.411701608876,843.6072808129961,1.623098873107898,2.095466701904298,81.54,18.38,0.04,0.05,18.42
5108303,União do Sul,resto_mt,Demais MT,FALSE,2012,4590.7375479969505,3717.0365775715845,869.9016726736568,1.637121474487292,2.162176277221681,80.97,18.95,0.04,0.05,18.99
5108303,União do Sul,resto_mt,Demais MT,FALSE,2013,4590.73579419995,3647.5346438042375,939.7885135983486,1.638874317199694,1.773762480163576,79.45,20.47,0.04,0.04,20.51
5108303,União do Sul,resto_mt,Demais MT,FALSE,2014,4590.735794199749,3623.137955537093,964.0449525200165,1.6450092493286,1.907876893310549,78.92,21,0.04,0.04,21.04
5108303,União do Sul,resto_mt,Demais MT,FALSE,2015,4590.73491841039,3581.7484855023663,1005.3546445636633,1.646762105163561,1.985026239196779,78.02,21.9,0.04,0.04,21.94
5108303,União do Sul,resto_mt,Demais MT,FALSE,2016,4590.735794872292,3574.9587476406628,1011.8718058447878,1.678313208068835,2.226928178771976,77.87,22.04,0.04,0.05,22.08
5108303,União do Sul,resto_mt,Demais MT,FALSE,2017,4590.737547996075,3551.3132701594136,1035.5173166614286,1.684448138610827,2.222513036621097,77.36,22.56,0.04,0.05,22.6
5108303,União do Sul,resto_mt,Demais MT,FALSE,2018,4590.737547995919,3494.263921330326,1092.4614738627376,1.690582917480455,2.321569885375979,76.12,23.8,0.04,0.05,23.84
5108303,União do Sul,resto_mt,Demais MT,FALSE,2019,4590.736671435384,3372.214353633843,1214.4137250674708,1.694088559692369,2.414504174377446,73.46,26.45,0.04,0.05,26.49
5108303,União do Sul,resto_mt,Demais MT,FALSE,2020,4590.735794879351,3314.3412543661493,1272.3481551314258,1.701976256774889,2.344409125000002,72.2,27.72,0.04,0.05,27.76
5108303,União do Sul,resto_mt,Demais MT,FALSE,2021,4590.738424669007,3308.437965969815,1278.5205785134012,1.699347061035143,2.080533124755861,72.07,27.85,0.04,0.05,27.89
5108352,Vale de São Domingos,resto_mt,Demais MT,FALSE,2000,1901.6046674906308,1349.5646176204846,550.9699338829025,0.937875236633301,0.1322407506103516,70.97,28.97,0.05,0.01,29.02
5108352,Vale de São Domingos,resto_mt,Demais MT,FALSE,2001,1901.60380357902,1340.1368992246032,560.4218128576517,0.9534595307006837,0.0916319660644532,70.47,29.47,0.05,0,29.52
5108352,Vale de São Domingos,resto_mt,Demais MT,FALSE,2002,1901.605531409904,1341.1594877766117,558.9606162827672,1.248667482727051,0.2367598677978515,70.53,29.39,0.07,0.01,29.46
5108352,Vale de São Domingos,resto_mt,Demais MT,FALSE,2003,1901.602075677634,1331.277734529119,564.3131893327803,2.433067263854985,3.578084551879892,70.01,29.68,0.13,0.19,29.81
5108352,Vale de São Domingos,resto_mt,Demais MT,FALSE,2004,1901.5977560240817,1311.1449438241705,580.069638173544,6.750670664245628,3.632503362121593,68.95,30.5,0.35,0.19,30.85
5108352,Vale de São Domingos,resto_mt,Demais MT,FALSE,2005,1901.6046675078367,1291.8853379522684,600.0350529900775,6.032793231872572,3.651483333618175,67.94,31.55,0.32,0.19,31.87
5108352,Vale de São Domingos,resto_mt,Demais MT,FALSE,2006,1901.6055314077992,1283.6297717728173,612.0238203071011,2.02228823931885,3.929651088562027,67.5,32.18,0.11,0.21,32.29
5108352,Vale de São Domingos,resto_mt,Demais MT,FALSE,2007,1901.605531407782,1282.5163180753045,613.2413531707955,1.8274853514404314,4.020374810241725,67.44,32.25,0.1,0.21,32.35
5108352,Vale de São Domingos,resto_mt,Demais MT,FALSE,2008,1901.6063953419346,1283.606343639901,612.1966079383009,1.6362372760009758,4.167206487731934,67.5,32.19,0.09,0.22,32.28
5108352,Vale de São Domingos,resto_mt,Demais MT,FALSE,2009,1901.6063953311973,1283.9914229378035,611.9602884710306,1.539296239807128,4.11538768255617,67.52,32.18,0.08,0.22,32.26
5108352,Vale de São Domingos,resto_mt,Demais MT,FALSE,2010,1901.6020756818132,1288.6055925314033,607.2313271215403,1.523664914367674,4.241491114501965,67.76,31.93,0.08,0.22,32.01
5108352,Vale de São Domingos,resto_mt,Demais MT,FALSE,2011,1901.6038035404522,1288.6264714939398,604.5540399975623,4.312249553710949,4.111042495239277,67.77,31.79,0.23,0.22,32.02
5108352,Vale de São Domingos,resto_mt,Demais MT,FALSE,2012,1901.603803540453,1289.4338056824693,601.8117465778936,6.218703458374038,4.139547821716324,67.81,31.65,0.33,0.22,31.98
5108352,Vale de São Domingos,resto_mt,Demais MT,FALSE,2013,1901.6038035404767,1261.3995172707391,631.1811164917835,4.985547691833497,4.03762208612063,66.33,33.19,0.26,0.21,33.45
5108352,Vale de São Domingos,resto_mt,Demais MT,FALSE,2014,1901.6038035404815,1255.8712263803068,638.5691030077087,3.146580316467297,4.01689383599856,66.04,33.58,0.17,0.21,33.75
5108352,Vale de São Domingos,resto_mt,Demais MT,FALSE,2015,1901.6020756732312,1253.8228305649293,640.6603167141977,3.057123872802733,4.061804521301295,65.94,33.69,0.16,0.21,33.85
5108352,Vale de São Domingos,resto_mt,Demais MT,FALSE,2016,1901.6012117979337,1252.9259843818782,641.9180878069855,2.7532041914672813,4.003935417602564,65.89,33.76,0.14,0.21,33.9
5108352,Vale de São Domingos,resto_mt,Demais MT,FALSE,2017,1901.5986200575026,1249.1508932787963,645.6792809543656,2.8076871665649343,3.960758657775898,65.69,33.95,0.15,0.21,34.1
5108352,Vale de São Domingos,resto_mt,Demais MT,FALSE,2018,1901.599483962831,1244.3306028306156,648.4502453469981,4.909707493896477,3.908928291320813,65.44,34.1,0.26,0.21,34.36
5108352,Vale de São Domingos,resto_mt,Demais MT,FALSE,2019,1901.6012117338275,1242.4267890577298,650.1576573483998,5.045638523986811,3.971126803710959,65.34,34.19,0.27,0.21,34.46
5108352,Vale de São Domingos,resto_mt,Demais MT,FALSE,2020,1901.6038035694662,1254.338831864847,638.2506756386404,5.1347369175415,3.879559148437518,65.96,33.56,0.27,0.2,33.83
5108352,Vale de São Domingos,resto_mt,Demais MT,FALSE,2021,1901.609851108416,1274.984573983655,618.1088716740772,4.6377223086547765,3.878683142028828,67.05,32.5,0.24,0.2,32.74
5108402,Várzea Grande,polo_metropolitano,Polo Metropolitano,FALSE,2000,724.2763523970557,422.76074270485196,223.899086365542,68.37347701611482,9.243046310546902,58.37,30.91,9.44,1.28,40.35
5108402,Várzea Grande,polo_metropolitano,Polo Metropolitano,FALSE,2001,724.2763523970589,413.33975130030774,230.88863316742805,69.40399061633467,10.6439773129883,57.07,31.88,9.58,1.47,41.46
5108402,Várzea Grande,polo_metropolitano,Polo Metropolitano,FALSE,2002,724.2763523970564,405.2239589656539,237.0326108513223,70.29827157336636,11.72151100671385,55.95,32.73,9.71,1.62,42.44
5108402,Várzea Grande,polo_metropolitano,Polo Metropolitano,FALSE,2003,724.2763523970605,401.1084900899853,240.04743865900141,70.85598545453126,12.26443819354248,55.38,33.14,9.78,1.69,42.92
5108402,Várzea Grande,polo_metropolitano,Polo Metropolitano,FALSE,2004,724.2763523970804,392.3029980141991,248.27399829230325,71.72965617205988,11.96969991851808,54.16,34.28,9.9,1.65,44.18
5108402,Várzea Grande,polo_metropolitano,Polo Metropolitano,FALSE,2005,724.2763523970627,386.18817543582213,253.99692939025522,72.22153521862934,11.86971235235598,53.32,35.07,9.97,1.64,45.04
5108402,Várzea Grande,polo_metropolitano,Polo Metropolitano,FALSE,2006,724.276352397051,375.30500475228285,263.92439399034805,73.07727110791136,11.96968254650881,51.82,36.44,10.09,1.65,46.53
5108402,Várzea Grande,polo_metropolitano,Polo Metropolitano,FALSE,2007,724.2763523970709,368.75279465414803,268.8298579727188,74.80766774255525,11.88603202764892,50.91,37.12,10.33,1.64,47.45
5108402,Várzea Grande,polo_metropolitano,Polo Metropolitano,FALSE,2008,724.2763523970577,362.3118698221122,274.56000229900434,75.77523924206675,11.62924103387448,50.02,37.91,10.46,1.61,48.37
5108402,Várzea Grande,polo_metropolitano,Polo Metropolitano,FALSE,2009,724.2763523970576,368.10497470540605,267.83794834735176,76.25696575506639,12.07646358923343,50.82,36.98,10.53,1.67,47.51
5108402,Várzea Grande,polo_metropolitano,Polo Metropolitano,FALSE,2010,724.27635239707,369.16121954208194,264.98582296851276,77.68055232684392,12.44875755963137,50.97,36.59,10.73,1.72,47.32
5108402,Várzea Grande,polo_metropolitano,Polo Metropolitano,FALSE,2011,724.2763523970558,364.62698934907905,267.8387083057895,79.11616181854215,12.69449292364503,50.34,36.98,10.92,1.75,47.9
5108402,Várzea Grande,polo_metropolitano,Polo Metropolitano,FALSE,2012,724.2763523970535,352.42584417067343,278.6169216085819,80.48126663732943,12.75231998046878,48.66,38.47,11.11,1.76,49.58
5108402,Várzea Grande,polo_metropolitano,Polo Metropolitano,FALSE,2013,724.2763523970456,333.39711593275047,295.1234557332162,83.61368689373757,12.14209383734134,46.03,40.75,11.54,1.68,52.29
5108402,Várzea Grande,polo_metropolitano,Polo Metropolitano,FALSE,2014,724.2763523970314,310.9158735844183,316.31738336406573,84.62438886206047,12.41870658648686,42.93,43.67,11.68,1.71,55.35
5108402,Várzea Grande,polo_metropolitano,Polo Metropolitano,FALSE,2015,724.2763523970249,306.43638219318154,318.98302374693503,86.35470234954745,12.50224410736089,42.31,44.04,11.92,1.73,55.96
5108402,Várzea Grande,polo_metropolitano,Polo Metropolitano,FALSE,2016,724.2763523970365,308.71678679084175,316.12875186199335,87.143211015563665,12.28760272863771,42.62,43.65,12.03,1.7,55.68
5108402,Várzea Grande,polo_metropolitano,Polo Metropolitano,FALSE,2017,724.2763523970282,310.0606213875199,313.9525247536481,87.96348242157057,12.29972383428957,42.81,43.35,12.15,1.7,55.5
5108402,Várzea Grande,polo_metropolitano,Polo Metropolitano,FALSE,2018,724.2763523970228,309.4075424728461,313.63445698789707,88.74581702844259,12.48853590783696,42.72,43.3,12.25,1.72,55.55
5108402,Várzea Grande,polo_metropolitano,Polo Metropolitano,FALSE,2019,724.2763523970309,311.1432936304987,310.2959451210858,90.07104691992137,12.76606672552496,42.96,42.84,12.44,1.76,55.28
5108402,Várzea Grande,polo_metropolitano,Polo Metropolitano,FALSE,2020,724.2763523970309,308.86285745294754,312.352329558647,90.38987215563904,12.6712932297974,42.64,43.13,12.48,1.75,55.61
5108402,Várzea Grande,polo_metropolitano,Polo Metropolitano,FALSE,2021,724.2763523970102,285.4701721035772,334.27231952634196,93.79667886059686,10.73718190649415,39.41,46.15,12.95,1.48,59.1
5108501,Vera,resto_mt,Demais MT,FALSE,2000,3058.38056085408,2054.2078950581154,996.5267427411552,4.8087393384400094,2.837183716369629,67.17,32.58,0.16,0.09,32.74
5108501,Vera,resto_mt,Demais MT,FALSE,2001,3058.3788120578597,1885.018751060074,1165.9640874190504,4.958169975830149,2.437803602905273,61.63,38.12,0.16,0.08,38.28
5108501,Vera,resto_mt,Demais MT,FALSE,2002,3058.3779380267842,1679.2469522185004,1371.095043891353,5.097409844116277,2.938532072814943,54.91,44.83,0.17,0.1,45
5108501,Vera,resto_mt,Demais MT,FALSE,2003,3058.373566069873,1455.2937933158325,1595.0136163582279,5.182735893676823,2.883420502136231,47.58,52.15,0.17,0.09,52.32
5108501,Vera,resto_mt,Demais MT,FALSE,2004,3058.3770635804567,1306.8521628366946,1743.234482495776,5.299482543945378,2.990935704040528,42.73,57,0.17,0.1,57.17
5108501,Vera,resto_mt,Demais MT,FALSE,2005,3058.378812514293,1291.0938885801106,1758.928571914712,5.428437259826715,2.927914759643554,42.21,57.51,0.18,0.1,57.69
5108501,Vera,resto_mt,Demais MT,FALSE,2006,3058.3770639120253,1259.9399487706708,1789.9419184537323,5.472932323242242,3.022264364379884,41.2,58.53,0.18,0.1,58.71
5108501,Vera,resto_mt,Demais MT,FALSE,2007,3058.378812568039,1248.6120286550006,1801.28388922743,5.479048765564022,3.003845920043946,40.83,58.9,0.18,0.1,59.08
5108501,Vera,resto_mt,Demais MT,FALSE,2008,3058.379686714516,1236.7128901070887,1812.9230516796931,5.629850659179742,3.113894268554688,40.44,59.28,0.18,0.1,59.46
5108501,Vera,resto_mt,Demais MT,FALSE,2009,3058.379686763893,1222.0647977615702,1827.6639892957185,5.707481771850641,2.943417934753418,39.96,59.76,0.19,0.1,59.95
5108501,Vera,resto_mt,Demais MT,FALSE,2010,3058.3796866721136,1215.0538470697559,1834.528210689882,5.7833740815430215,3.014254830932617,39.73,59.98,0.19,0.1,60.17
5108501,Vera,resto_mt,Demais MT,FALSE,2011,3058.380560834249,1232.8280941305911,1816.7095842993608,5.828705033996638,3.014177370300292,40.31,59.4,0.19,0.1,59.59
5108501,Vera,resto_mt,Demais MT,FALSE,2012,3058.375314953871,1251.1701793812456,1797.9415770601745,5.954865755249076,3.30869275720215,40.91,58.79,0.19,0.11,58.98
5108501,Vera,resto_mt,Demais MT,FALSE,2013,3058.376189219151,1250.426651164988,1798.9315911749513,5.9548580390015164,3.063088840209959,40.89,58.82,0.19,0.1,59.01
5108501,Vera,resto_mt,Demais MT,FALSE,2014,3058.3761896961832,1196.399583927871,1852.9779671746232,5.9897618512573745,3.008876742431641,39.12,60.59,0.2,0.1,60.79
5108501,Vera,resto_mt,Demais MT,FALSE,2015,3058.3770639302807,1195.8810785921598,1853.2280374330298,5.940125129394583,3.3278227756958,39.1,60.6,0.19,0.11,60.79
5108501,Vera,resto_mt,Demais MT,FALSE,2016,3058.3770639846784,1220.4705588268105,1828.6230984509587,5.992292947387747,3.291113759521485,39.91,59.79,0.2,0.11,59.99
5108501,Vera,resto_mt,Demais MT,FALSE,2017,3058.381435120742,1225.5787543698257,1822.954521385255,6.100242460327202,3.747916905334478,40.07,59.61,0.2,0.12,59.81
5108501,Vera,resto_mt,Demais MT,FALSE,2018,3058.3779374559163,1230.8594582109451,1817.3831565939704,6.16810561157232,3.967217039428721,40.25,59.42,0.2,0.13,59.62
5108501,Vera,resto_mt,Demais MT,FALSE,2019,3058.381435385249,1232.3879795841726,1815.5445190843404,6.182035427063043,4.266901289672862,40.3,59.36,0.2,0.14,59.56
5108501,Vera,resto_mt,Demais MT,FALSE,2020,3058.3788122427727,1237.4533421774295,1810.492227006139,6.1811611849365775,4.252081874267589,40.46,59.2,0.2,0.14,59.4
5108501,Vera,resto_mt,Demais MT,FALSE,2021,3058.3866812904994,1260.8980270706475,1787.0793894324374,6.276973642517135,4.13229114489747,41.23,58.43,0.21,0.14,58.64
5108600,Vila Rica,resto_mt,Demais MT,FALSE,2000,7436.586364931824,4855.483327885888,2566.2953381850966,3.825788957214305,10.98190990362548,65.29,34.51,0.05,0.15,34.56
5108600,Vila Rica,resto_mt,Demais MT,FALSE,2001,7436.586364931799,4772.17022296777,2649.50544941581,3.826669700683543,11.08402284753418,64.17,35.63,0.05,0.15,35.68
5108600,Vila Rica,resto_mt,Demais MT,FALSE,2002,7436.585483743237,4646.29604041741,2775.077790541831,3.92442750616451,11.28722527783202,62.48,37.32,0.05,0.15,37.37
5108600,Vila Rica,resto_mt,Demais MT,FALSE,2003,7436.585483763955,4219.91507654783,3200.945067421081,4.230034109374948,11.49530568566895,56.75,43.04,0.06,0.15,43.1
5108600,Vila Rica,resto_mt,Demais MT,FALSE,2004,7436.584603141039,3933.3726145675087,3485.9036112231897,4.531236266845694,12.7771410834961,52.89,46.88,0.06,0.17,46.94
5108600,Vila Rica,resto_mt,Demais MT,FALSE,2005,7436.582840110351,3709.2359928733354,3709.4809696826933,4.735563943481433,13.13031361083983,49.88,49.88,0.06,0.18,49.94
5108600,Vila Rica,resto_mt,Demais MT,FALSE,2006,7436.582840110306,3537.4251499244315,3881.2672327499613,4.814828704650865,13.07562873126219,47.57,52.19,0.06,0.18,52.25
5108600,Vila Rica,resto_mt,Demais MT,FALSE,2007,7436.58107688135,3446.6603894834952,3972.4704527612575,4.902018539550792,12.54821609704588,46.35,53.42,0.07,0.17,53.49
5108600,Vila Rica,resto_mt,Demais MT,FALSE,2008,7436.581076751006,3407.5853830604724,4011.8290155401423,4.924036103454602,12.24264204693603,45.82,53.95,0.07,0.16,54.02
5108600,Vila Rica,resto_mt,Demais MT,FALSE,2009,7436.583720938275,3432.3983432548043,3984.8614907794185,4.967190891174329,14.35669601287842,46.16,53.58,0.07,0.19,53.65
5108600,Vila Rica,resto_mt,Demais MT,FALSE,2010,7436.583720517577,3434.069055956331,3983.5932116717195,4.994493017700213,13.92695987182616,46.18,53.57,0.07,0.19,53.64
5108600,Vila Rica,resto_mt,Demais MT,FALSE,2011,7436.581958347032,3461.528780224118,3956.275177986989,5.047335500915567,13.73066463500975,46.55,53.2,0.07,0.18,53.27
5108600,Vila Rica,resto_mt,Demais MT,FALSE,2012,7436.586363608255,3449.820396320235,3967.3688582669624,5.071994814025938,14.32511420703122,46.39,53.35,0.07,0.19,53.42
5108600,Vila Rica,resto_mt,Demais MT,FALSE,2013,7436.583719993999,3423.664115496106,3994.8909461077556,5.104580885070867,12.92407750506592,46.04,53.72,0.07,0.17,53.79
5108600,Vila Rica,resto_mt,Demais MT,FALSE,2014,7436.583720229215,3452.9094924673245,3964.670567728809,5.121314365417546,13.88234566766356,46.43,53.31,0.07,0.19,53.38
5108600,Vila Rica,resto_mt,Demais MT,FALSE,2015,7436.581960667264,3448.8147640171564,3969.665158975424,5.129240717041083,12.9727969576416,46.38,53.38,0.07,0.17,53.45
5108600,Vila Rica,resto_mt,Demais MT,FALSE,2016,7436.580197443814,3463.892100532683,3954.643202323729,5.15037760028083,12.89451698712157,46.58,53.18,0.07,0.17,53.25
5108600,Vila Rica,resto_mt,Demais MT,FALSE,2017,7436.582840116934,3455.676501982051,3962.0459098733477,5.153900494873116,13.70652776666259,46.47,53.28,0.07,0.18,53.35
5108600,Vila Rica,resto_mt,Demais MT,FALSE,2018,7436.586364014085,3424.411451951518,3993.0203156303774,5.156542627746649,13.99805380444335,46.05,53.69,0.07,0.19,53.76
5108600,Vila Rica,resto_mt,Demais MT,FALSE,2019,7436.58460268393,3434.7321595769163,3982.618730635395,5.165349598938056,14.06836287268066,46.19,53.55,0.07,0.19,53.62
5108600,Vila Rica,resto_mt,Demais MT,FALSE,2020,7436.584603167742,3439.091399552381,3978.6986415073293,5.170633904846261,13.62392820318603,46.25,53.5,0.07,0.18,53.57
5108600,Vila Rica,resto_mt,Demais MT,FALSE,2021,7436.589888005251,3269.320729176415,4148.308815810587,5.721081957092363,13.23926106115723,43.96,55.78,0.08,0.18,55.86
5108808,Nova Guarita,resto_mt,Demais MT,FALSE,2000,1121.9656863067992,268.7239791555002,834.3594034623952,11.161730409789953,7.720573279113754,23.95,74.37,0.99,0.69,75.36
5108808,Nova Guarita,resto_mt,Demais MT,FALSE,2001,1121.9683267279,257.2537788113884,845.9712701117628,11.726885638854938,7.016392165893556,22.93,75.4,1.05,0.63,76.45
5108808,Nova Guarita,resto_mt,Demais MT,FALSE,2002,1121.9692059812282,254.80334315843527,847.9200308908471,11.86506093218991,7.380770999755859,22.71,75.57,1.06,0.66,76.63
5108808,Nova Guarita,resto_mt,Demais MT,FALSE,2003,1121.9665659014186,237.06949130277945,865.2956616178651,12.011163390136655,7.590249590637203,21.13,77.12,1.07,0.68,78.19
5108808,Nova Guarita,resto_mt,Demais MT,FALSE,2004,1121.9674460148874,223.59237949998737,878.6786310882642,12.390533841125471,7.305901585510253,19.93,78.32,1.1,0.65,79.42
5108808,Nova Guarita,resto_mt,Demais MT,FALSE,2005,1121.9683261784983,219.6191619807017,882.6509426869934,12.540164953186043,7.158056557617184,19.57,78.67,1.12,0.64,79.79
5108808,Nova Guarita,resto_mt,Demais MT,FALSE,2006,1121.9674464765883,217.5798251167504,884.34790085465,12.732915254333477,7.306805250854492,19.39,78.82,1.13,0.65,79.95
5108808,Nova Guarita,resto_mt,Demais MT,FALSE,2007,1121.9674464765965,216.08694739214005,885.7729868591758,13.38429293792715,6.723219287353523,19.26,78.95,1.19,0.6,80.14
5108808,Nova Guarita,resto_mt,Demais MT,FALSE,2008,1121.9692063928128,216.53574735497,885.1182672399301,13.514530598937874,6.800661198974614,19.3,78.89,1.2,0.61,80.09
5108808,Nova Guarita,resto_mt,Demais MT,FALSE,2009,1121.9692063928048,222.25990505937483,879.1608762581128,13.635115360778714,6.913309714538581,19.81,78.36,1.22,0.62,79.58
5108808,Nova Guarita,resto_mt,Demais MT,FALSE,2010,1121.9692063927891,226.34434127696693,875.1609204679952,13.764501305969144,6.699443341857915,20.17,78,1.23,0.6,79.23
5108808,Nova Guarita,resto_mt,Demais MT,FALSE,2011,1121.9692063928212,221.67015199907462,879.4302002091765,14.227486111511002,6.641368073059087,19.76,78.38,1.27,0.59,79.65
5108808,Nova Guarita,resto_mt,Demais MT,FALSE,2012,1121.9692060052735,217.14908001909293,881.7611892478383,16.348045844970457,6.710890893371587,19.35,78.59,1.46,0.6,80.05
5108808,Nova Guarita,resto_mt,Demais MT,FALSE,2013,1121.970086094687,211.54675256908243,885.3001289790349,18.40348829724107,6.7197162493286164,18.85,78.91,1.64,0.6,80.55
5108808,Nova Guarita,resto_mt,Demais MT,FALSE,2014,1121.9700860946962,201.77910028746857,893.3496082221448,19.894548113952542,6.946829471130369,17.98,79.62,1.77,0.62,81.39
5108808,Nova Guarita,resto_mt,Demais MT,FALSE,2015,1121.970086094696,203.73770139360673,889.8787831005643,21.325770688049353,7.027830912475585,18.16,79.31,1.9,0.63,81.21
5108808,Nova Guarita,resto_mt,Demais MT,FALSE,2016,1121.9700860947091,199.24996414818744,892.5196867913095,23.08104470922834,7.11939044598388,17.76,79.55,2.06,0.63,81.61
5108808,Nova Guarita,resto_mt,Demais MT,FALSE,2017,1121.9700860947103,192.7426301423895,896.6360099421893,24.89542711535615,7.696018894775395,17.18,79.92,2.22,0.69,82.14
5108808,Nova Guarita,resto_mt,Demais MT,FALSE,2018,1121.9700860947078,202.5283169688637,884.6045795969134,26.246764598754893,8.590424930175777,18.05,78.84,2.34,0.77,81.18
5108808,Nova Guarita,resto_mt,Demais MT,FALSE,2019,1121.970086094689,203.83408053112058,881.2899071299133,27.970425444641343,8.875672989013665,18.17,78.55,2.49,0.79,81.04
5108808,Nova Guarita,resto_mt,Demais MT,FALSE,2020,1121.970086094696,204.44097011840006,879.5077486759416,29.06110319714384,8.960264103210454,18.22,78.39,2.59,0.8,80.98
5108808,Nova Guarita,resto_mt,Demais MT,FALSE,2021,1121.9700860946689,226.46150702598828,857.4027003148954,30.61753154571626,7.488347208068841,20.18,76.42,2.73,0.67,79.15
5108857,Nova Marilândia,resto_mt,Demais MT,FALSE,2000,1905.739820669484,1035.2564658579367,866.8815179582758,2.7723607183837893,0.829476134887695,54.32,45.49,0.15,0.04,45.64
5108857,Nova Marilândia,resto_mt,Demais MT,FALSE,2001,1905.7398206694777,1015.8637193581088,885.5813640812663,3.468722962646482,0.8260142674560547,53.31,46.47,0.18,0.04,46.65
5108857,Nova Marilândia,resto_mt,Demais MT,FALSE,2002,1905.7398206695182,984.2569292976904,917.0806820502946,3.525925531005856,0.8762837905273437,51.65,48.12,0.19,0.05,48.31
5108857,Nova Marilândia,resto_mt,Demais MT,FALSE,2003,1905.7398206695805,940.8740401246793,960.1358011028846,3.8892277213134716,0.8407517207031251,49.37,50.38,0.2,0.04,50.58
5108857,Nova Marilândia,resto_mt,Demais MT,FALSE,2004,1905.739820669553,921.6710745172209,978.3719218236577,4.97741833648681,0.7194059921874999,48.36,51.34,0.26,0.04,51.6
5108857,Nova Marilândia,resto_mt,Demais MT,FALSE,2005,1905.7398206695632,913.3327173384731,986.4083588064931,5.4006825951538,0.5980619294433593,47.93,51.76,0.28,0.03,52.04
5108857,Nova Marilândia,resto_mt,Demais MT,FALSE,2006,1905.739820669582,911.3399100386767,989.2552259772797,4.606432357849125,0.5382522957763674,47.82,51.91,0.24,0.03,52.15
5108857,Nova Marilândia,resto_mt,Demais MT,FALSE,2007,1905.739820669534,900.4425712465984,1000.9174336900865,3.9308406640624973,0.4489750687866213,47.25,52.52,0.21,0.02,52.73
5108857,Nova Marilândia,resto_mt,Demais MT,FALSE,2008,1905.739820669471,880.6722538339511,1021.1100716330662,3.510255917968756,0.4472392844848635,46.21,53.58,0.18,0.02,53.76
5108857,Nova Marilândia,resto_mt,Demais MT,FALSE,2009,1905.7398206694966,874.7225993553714,1026.5047935593034,4.210800468139653,0.3016272866821289,45.9,53.86,0.22,0.02,54.08
5108857,Nova Marilândia,resto_mt,Demais MT,FALSE,2010,1905.739820669441,885.3136841217229,1015.612993441151,4.419632369873052,0.3935107366943361,46.46,53.29,0.23,0.02,53.52
5108857,Nova Marilândia,resto_mt,Demais MT,FALSE,2011,1905.7398206694631,873.3435812765266,1027.7095203178021,4.4050181536254955,0.281700921508789,45.83,53.93,0.23,0.01,54.16
5108857,Nova Marilândia,resto_mt,Demais MT,FALSE,2012,1905.7398206694377,866.8651217529058,1034.3604428315098,4.190948716003411,0.3233073690185546,45.49,54.28,0.22,0.02,54.5
5108857,Nova Marilândia,resto_mt,Demais MT,FALSE,2013,1905.7389539081385,870.560521549463,1030.1812968295617,4.4622956787719845,0.5348398503417972,45.68,54.06,0.23,0.03,54.29
5108857,Nova Marilândia,resto_mt,Demais MT,FALSE,2014,1905.7389539081605,875.7438327371516,1025.0517870820809,4.371218579833986,0.5721155090942383,45.95,53.79,0.23,0.03,54.02
5108857,Nova Marilândia,resto_mt,Demais MT,FALSE,2015,1905.73982066944,875.624980596138,1025.4751042604355,4.032087615173348,0.6076481976928713,45.95,53.81,0.21,0.03,54.02
5108857,Nova Marilândia,resto_mt,Demais MT,FALSE,2016,1905.7398206694313,872.9723163248783,1028.0991734664403,3.998272492370615,0.6700583857421879,45.81,53.95,0.21,0.04,54.16
5108857,Nova Marilândia,resto_mt,Demais MT,FALSE,2017,1905.7398206693806,877.9629780301034,1023.0036003754221,4.085849035461429,0.6873932283935551,46.07,53.68,0.21,0.04,53.89
5108857,Nova Marilândia,resto_mt,Demais MT,FALSE,2018,1905.739820669404,891.7137788566931,1008.7655001526767,4.527209158996594,0.733332501037598,46.79,52.93,0.24,0.04,53.17
5108857,Nova Marilândia,resto_mt,Demais MT,FALSE,2019,1905.7398206694204,905.203751751819,994.954735114745,4.799454849426269,0.7818789534301763,47.5,52.21,0.25,0.04,52.46
5108857,Nova Marilândia,resto_mt,Demais MT,FALSE,2020,1905.7398206694638,902.7710671557447,997.00587548784,5.182737924560544,0.78014010131836,47.37,52.32,0.27,0.04,52.59
5108857,Nova Marilândia,resto_mt,Demais MT,FALSE,2021,1905.739820669534,891.5215996166836,1007.8269646027162,5.639719971801757,0.7515364783325197,46.78,52.88,0.3,0.04,53.18
5108907,Nova Maringá,resto_mt,Demais MT,FALSE,2000,11553.411159945232,10029.83003031899,1495.7485295428676,7.020863054687494,20.81173702868652,86.81,12.95,0.06,0.18,13.01
5108907,Nova Maringá,resto_mt,Demais MT,FALSE,2001,11553.410293510642,9974.741658631367,1550.6797206411156,7.2748206810913025,20.71409355706786,86.34,13.42,0.06,0.18,13.48
5108907,Nova Maringá,resto_mt,Demais MT,FALSE,2002,11553.413793580457,9846.644097202232,1679.8079810357578,5.802211770263681,21.15950357220459,85.23,14.54,0.05,0.18,14.59
5108907,Nova Maringá,resto_mt,Demais MT,FALSE,2003,11553.41989248879,9560.893374113351,1965.5149804300638,5.259228184204103,21.75230976116942,82.75,17.01,0.05,0.19,17.06
5108907,Nova Maringá,resto_mt,Demais MT,FALSE,2004,11553.405958246998,9084.598885228252,2440.7052009160843,6.526061317871101,21.57581078479003,78.63,21.13,0.06,0.19,21.19
5108907,Nova Maringá,resto_mt,Demais MT,FALSE,2005,11553.405077648991,8745.09237151906,2778.9463185026725,8.022200668029786,21.34418695922851,75.69,24.05,0.07,0.18,24.12
5108907,Nova Maringá,resto_mt,Demais MT,FALSE,2006,11553.404211095018,8686.580671087479,2837.920175551484,7.554139351928705,21.34922510412598,75.19,24.56,0.07,0.18,24.63
5108907,Nova Maringá,resto_mt,Demais MT,FALSE,2007,11553.401585500676,8708.267819618577,2816.916197697774,6.8613481130981455,21.35622007122801,75.37,24.38,0.06,0.18,24.44
5108907,Nova Maringá,resto_mt,Demais MT,FALSE,2008,11553.392883373253,8692.798405285135,2832.803971079511,5.6431794429931745,22.14732756561279,75.24,24.52,0.05,0.19,24.57
5108907,Nova Maringá,resto_mt,Demais MT,FALSE,2009,11553.397250821494,8634.438869814969,2891.618715904658,5.6028647149658255,21.73680038690186,74.74,25.03,0.05,0.19,25.08
5108907,Nova Maringá,resto_mt,Demais MT,FALSE,2010,11553.402468106297,8628.066864590603,2897.8668654825524,5.828052679931644,21.64068535321044,74.68,25.08,0.05,0.19,25.13
5108907,Nova Maringá,resto_mt,Demais MT,FALSE,2011,11553.405077798054,8621.715959940753,2904.525217912417,6.089577927673339,21.07432201721191,74.62,25.14,0.05,0.18,25.19
5108907,Nova Maringá,resto_mt,Demais MT,FALSE,2012,11553.399828024814,8620.946041608631,2905.179714761519,5.925086256042479,21.34898539862061,74.62,25.15,0.05,0.18,25.2
5108907,Nova Maringá,resto_mt,Demais MT,FALSE,2013,11553.405053942985,8588.932943482207,2936.4893645606326,7.240627742309568,20.74211815783691,74.34,25.42,0.06,0.18,25.48
5108907,Nova Maringá,resto_mt,Demais MT,FALSE,2014,11553.41117300084,8549.869679075435,2975.9512486381736,7.315700850341798,20.27454443688966,74,25.76,0.06,0.18,25.82
5108907,Nova Maringá,resto_mt,Demais MT,FALSE,2015,11553.420756684089,8494.100092284412,3021.955932875749,16.423233775939934,20.94149774798585,73.52,26.16,0.14,0.18,26.3
5108907,Nova Maringá,resto_mt,Demais MT,FALSE,2016,11553.415520933982,8453.001009704172,3062.1185950120353,17.331388589599616,20.96452762817383,73.16,26.5,0.15,0.18,26.65
5108907,Nova Maringá,resto_mt,Demais MT,FALSE,2017,11553.413776560039,8392.733713172986,3131.0208781079405,9.017653916809092,20.6415313623047,72.64,27.1,0.08,0.18,27.18
5108907,Nova Maringá,resto_mt,Demais MT,FALSE,2018,11553.405953517358,8356.002757851187,3170.1229165664386,6.53923560864259,20.74104349108888,72.33,27.44,0.06,0.18,27.5
5108907,Nova Maringá,resto_mt,Demais MT,FALSE,2019,11553.399002274198,8351.005970558219,3176.3652865338518,5.34799032183838,20.67975486029054,72.28,27.49,0.05,0.18,27.54
5108907,Nova Maringá,resto_mt,Demais MT,FALSE,2020,11553.40681901126,8342.93665200498,3183.3824973295204,6.407729806030289,20.67993987072754,72.21,27.55,0.06,0.18,27.61
5108907,Nova Maringá,resto_mt,Demais MT,FALSE,2021,11553.466929637978,8424.198028749264,3102.9589399871625,6.453466320800803,19.85649458074951,72.91,26.86,0.06,0.17,26.92
5108956,Nova Monte Verde,resto_mt,Demais MT,FALSE,2000,5139.284443107089,3645.0901982188516,1483.1502001468427,1.609237680175789,9.434807061218232,70.93,28.86,0.03,0.18,28.89
5108956,Nova Monte Verde,resto_mt,Demais MT,FALSE,2001,5139.284443106743,3494.433637256302,1632.8626935854872,1.664728692138677,10.32338357281491,67.99,31.77,0.03,0.2,31.8
5108956,Nova Monte Verde,resto_mt,Demais MT,FALSE,2002,5139.284443107115,3368.0437908822214,1758.9363951341347,1.725503650573727,10.57875344018551,65.54,34.23,0.03,0.21,34.26
5108956,Nova Monte Verde,resto_mt,Demais MT,FALSE,2003,5139.2844431067915,3225.258175424489,1901.397939560599,1.865550459411618,10.76277766229245,62.76,37,0.04,0.21,37.04
5108956,Nova Monte Verde,resto_mt,Demais MT,FALSE,2004,5139.284443106995,3105.5111002128833,2020.9486086809168,1.993267470886236,10.83146674230954,60.43,39.32,0.04,0.21,39.36
5108956,Nova Monte Verde,resto_mt,Demais MT,FALSE,2005,5139.284443106829,3025.8179711788175,2100.6082577723723,2.08663204370118,10.77158211193845,58.88,40.87,0.04,0.21,40.91
5108956,Nova Monte Verde,resto_mt,Demais MT,FALSE,2006,5139.28444310689,2969.8640503428205,2156.0785763162535,2.189686313537621,11.15213013427732,57.79,41.95,0.04,0.22,41.99
5108956,Nova Monte Verde,resto_mt,Demais MT,FALSE,2007,5139.284443106861,2959.6306278104666,2166.161390823799,2.193209546630884,11.29921492596433,57.59,42.15,0.04,0.22,42.19
5108956,Nova Monte Verde,resto_mt,Demais MT,FALSE,2008,5139.284443107016,2971.002213890714,2154.583754819696,2.258389400024435,11.44008499658201,57.81,41.92,0.04,0.22,41.96
5108956,Nova Monte Verde,resto_mt,Demais MT,FALSE,2009,5139.284443106991,2976.944615940475,2148.251989907787,2.276886195312516,11.8109510634155,57.93,41.8,0.04,0.23,41.84
5108956,Nova Monte Verde,resto_mt,Demais MT,FALSE,2010,5139.284443106997,2978.7510465553974,2147.077433680201,2.291860004516617,11.16410286688231,57.96,41.78,0.04,0.22,41.82
5108956,Nova Monte Verde,resto_mt,Demais MT,FALSE,2011,5139.28444310693,2975.764736562588,2149.1623793909,2.369370889099134,11.98795626434324,57.9,41.82,0.05,0.23,41.87
5108956,Nova Monte Verde,resto_mt,Demais MT,FALSE,2012,5139.284443106777,2979.4824609310444,2145.772345518445,2.380821342407239,11.64881531488035,57.97,41.75,0.05,0.23,41.8
5108956,Nova Monte Verde,resto_mt,Demais MT,FALSE,2013,5139.284443106701,2986.6787575029216,2138.754855096821,2.395795090637216,11.45503541632079,58.11,41.62,0.05,0.22,41.67
5108956,Nova Monte Verde,resto_mt,Demais MT,FALSE,2014,5139.284443106809,2996.139801667101,2129.2832951713362,2.408126470031747,11.45321979833983,58.3,41.43,0.05,0.22,41.48
5108956,Nova Monte Verde,resto_mt,Demais MT,FALSE,2015,5139.2844431068625,2994.8502652395964,2130.8379171573056,2.443359230346684,11.15290147961424,58.27,41.46,0.05,0.22,41.51
5108956,Nova Monte Verde,resto_mt,Demais MT,FALSE,2016,5139.284443106889,2978.489473863519,2147.517547296959,2.465379657104494,10.81204228930663,57.96,41.79,0.05,0.21,41.84
5108956,Nova Monte Verde,resto_mt,Demais MT,FALSE,2017,5139.2844431070025,2957.017212704673,2168.8056897165998,2.479472788330079,10.9820678973999,57.54,42.2,0.05,0.21,42.25
5108956,Nova Monte Verde,resto_mt,Demais MT,FALSE,2018,5139.284443107152,2930.041834919893,2195.5097424078403,2.612474137268057,11.12039164215086,57.01,42.72,0.05,0.22,42.77
5108956,Nova Monte Verde,resto_mt,Demais MT,FALSE,2019,5139.284443106866,2892.252609357144,2233.5262370641744,2.611593311401359,10.89400337414549,56.28,43.46,0.05,0.21,43.51
5108956,Nova Monte Verde,resto_mt,Demais MT,FALSE,2020,5139.284443106964,2900.937990860108,2224.9975582858583,2.717290106445291,10.63160385455321,56.45,43.29,0.05,0.21,43.34
5108956,Nova Monte Verde,resto_mt,Demais MT,FALSE,2021,5139.28444310702,2931.5220784499793,2194.2178874540996,2.811535853820787,10.73294134912109,57.04,42.7,0.05,0.21,42.75
