area,chave,autores,autor_ano,ano,titulo,periodico,doi,url,tipo,idioma,recorte_geografico,municipios
Ambiental,alcantara2011teores,"Alcântara, A. J. O.; Pierangeli, M. A. P.; Souza, C. A.; Souza, J. B.",Alcântara et al. (2011),2011,"Teores de As, Cd, Pb, Cr e Ni e atributos de fertilidade de Argissolo Amarelo distrófi co usado como lixão no município de Cáceres, estado de Mato Grosso",Revista Brasileira de Geociências,10.25249/0375-7536.2011413539548,https://doi.org/10.25249/0375-7536.2011413539548,article,pt,Cita município do recorte (MT),Cáceres
Ambiental,alho2011concluding,Alho,Alho (2011),2011,Concluding remarks: Overall impacts on biodiversity and future perspectives for conservation in the Pantanal biome,Brazilian Journal of Biology,10.1590/s1519-69842011000200013,https://doi.org/10.1590/s1519-69842011000200013,article,Portuguese,Pantanal genérico ou indefinido,""
Ambiental,alho2011biodiversity,Alho,Alho (2011),2011,"Biodiversity of the pantanal: Its magnitude, human occupation, environmental threats and challenges for conservation",Brazilian Journal of Biology,10.1590/s1519-69842011000200001,https://doi.org/10.1590/s1519-69842011000200001,article,English,"Pantanal Norte (MT), sem município do recorte",""
Ambiental,alho2011conservation,"Alho, C.; Sabino, J.",Alho e Sabino (2011),2011,A conservation agenda for the Pantanal's biodiversity,Brazilian Journal of Biology,10.1590/s1519-69842011000200012,https://doi.org/10.1590/s1519-69842011000200012,article,Portuguese,Pantanal de MT e MS,""
Ambiental,alho2011bat,Alho; Fischer; Oliveira-Pissini; Santos,Alho et al. (2011),2011,Bat-species richness in the Pantanal floodplain and its surrounding uplands,Brazilian Journal of Biology,10.1590/s1519-69842011000200010,https://doi.org/10.1590/s1519-69842011000200010,article,Portuguese,Pantanal Sul (MS),""
Ambiental,alho2011introduced,Alho; Mamede; Bitencourt; Benites,Alho et al. (2011),2011,Introduced species in the Pantanal: Implications for conservation,Brazilian Journal of Biology,10.1590/s1519-69842011000200011,https://doi.org/10.1590/s1519-69842011000200011,article,Portuguese,Pantanal genérico ou indefinido,""
Ambiental,alho2011terrestrial,Alho; Camargo; Fischer,Alho et al. (2011),2011,Terrestrial and aquatic mammals of the Pantanal,Brazilian Journal of Biology,10.1590/s1519-69842011000200009,https://doi.org/10.1590/s1519-69842011000200009,article,Spanish,Pantanal genérico ou indefinido,""
Ambiental,cardoso2011soil,"Cardoso, E. L.; Silva, M. L. N.; Curi, N.; Ferreira, M. M.; Freitas, D. A. F.",Cardoso et al. (2011),2011,"Soil chemical and physical quality under natural tree vegetation and pasture in the Pantanal wetlands, south of mato Grosso, Brazil",Revista Brasileira de Ciencia do Solo,10.1590/s0100-06832011000200030,https://doi.org/10.1590/s0100-06832011000200030,article,English,Pantanal Sul (MS),""
Ambiental,castrillon2011avaliacao,"Castrillon, S. K. I.; Silva, C. J.; Fernández, J. R. C.; Ikeda, A. K.",Castrillon et al. (2011),2011,"Avaliação da diversidade arbórea das ilhas do rio Paraguai na região de Cáceres, Pantanal Matogrossense, Brasil",Acta Botanica Brasilica,10.1590/s0102-33062011000300021,https://doi.org/10.1590/s0102-33062011000300021,article,pt,Cita município do recorte (MT),Cáceres
Ambiental,collins2011biogeography,"Collins, P.; Giri, F.; Williner, V.",Collins et al. (2011),2011,"Biogeography of the Freshwater Decapods in the La Plata Basin, South America",Journal of Crustacean Biology,10.1651/10-3306.1,https://doi.org/10.1651/10-3306.1,article,en,Fora do Brasil,""
Ambiental,conrad2011stable,Conrad; Noll; Claus; Klose; Bastos; Enrich-Prast,Conrad et al. (2011),2011,Stable carbon isotope discrimination and microbiology of methane formation in tropical anoxic lake sediments,Biogeosciences,10.5194/bg-8-795-2011,https://doi.org/10.5194/bg-8-795-2011,article,English,Pantanal genérico ou indefinido,""
Ambiental,desbiez2011invasive,"Desbiez, A. L. J.; Keuroghlian, A.; Piovezan, U.; Bodmer, R. E.",Desbiez et al. (2011),2011,Invasive species and bushmeat hunting contributing to wildlife conservation: The case of feral pigs in a Neotropical wetland,ORYX,10.1017/s0030605310001304,https://doi.org/10.1017/s0030605310001304,article,English,Pantanal genérico ou indefinido,""
Ambiental,eaton2011rotational,"Eaton, D. P.; Santos, S. A.; Santos, M. C. A.; Lima, J. V. B.; Keuroghlian, A.",Eaton et al. (2011),2011,Rotational grazing of native pasturelands in the Pantanal: An effective conservation tool,Tropical Conservation Science,10.1177/194008291100400105,https://doi.org/10.1177/194008291100400105,article,English,Pantanal Sul (MS),""
Ambiental,fantincruz2011historical,"Fantin-Cruz, I.; Pedrollo, O.; Castro, N. M.; Girard, P.; Zeilhofer, P.; Hamilton, S. K.",Fantin-Cruz et al. (2011),2011,Historical reconstruction of floodplain inundation in the Pantanal (Brazil) using neural networks,Journal of Hydrology,10.1016/j.jhydrol.2011.01.014,https://doi.org/10.1016/j.jhydrol.2011.01.014,article,English,Cita município do recorte (MT),Barão de Melgaço
Ambiental,fantincruz2011relationship,"Fantin-Cruz, I.; Loverde-Oliveira, S. M.; Bonecker, C. C.; Girad, P.; Motta-Marque, D.",Fantin-Cruz et al. (2011),2011,"Relationship between the structure of zooplankton community and the water level in a floodplain lake from the Pantanal, Mato Grosso State, Brazil",Acta Scientiarum - Biological Sciences,10.4025/actascibiolsci.v33i3.6975,https://doi.org/10.4025/actascibiolsci.v33i3.6975,article,English,"Pantanal Norte (MT), sem município do recorte",""
Ambiental,florentino2011high,"Florentino, A. C.; Penha, J.",Florentino e Penha (2011),2011,"High beta diversity of fishes in vegetated littoral zones of floodplain lakes in the Cuiabá River Basin, northern Pantanal, Brazil",Hydrobiologia,10.1007/s10750-011-0697-1,https://doi.org/10.1007/s10750-011-0697-1,article,English,"Pantanal Norte (MT), sem município do recorte",""
Ambiental,favero2011coleoptera,"Fávero, S.; Souza, H.; Oliveira, A.",Fávero et al. (2011),2011,"Coleoptera (Insecta) as forest fragmentation indicators in the Rio Negro sub-region of the Pantanal, Mato Grosso do Sul, Brazil",Brazilian Journal of Biology,10.1590/s1519-69842011000200008,https://doi.org/10.1590/s1519-69842011000200008,article,en,Pantanal Sul (MS),""
Ambiental,gauto2011diversity,"Gauto, I.; Spichiger, R. E.; Stauffer, F. W.",Gauto et al. (2011),2011,"Diversity, distribution and conservation status assessment of Paraguayan palms (Arecaceae)",Biodiversity and Conservation,10.1007/s10531-011-0100-6,https://doi.org/10.1007/s10531-011-0100-6,article,en,Pantanal Sul (MS),""
Ambiental,girardi2011analise,"Girardi, E. P.; Rossetto, O. C.",Girardi e Rossetto (2011),2011,ANÁLISE DA PECUÁRIA NO PANTANAL MATO-GROSSENSE,Revista Geográfica de América Central,"","",article,es,"Pantanal Norte (MT), sem município do recorte",""
Ambiental,godoy2011aplicabilidade,"Godoy, J. M.; Padovani, C. R.; Pereira, J.; Vieira, L. M.",Godoy et al. (2011),2011,"APLICABILIDADE DA GEOCRONOLOGIA DA DEPOSIÇÃO DE SEDIMENTO COM 210Pb COMO FERRAMENTA NA AVALIAÇÃO DO ASSOREAMENTO DO RIO TAQUARI, PANTANAL, MS",,10.21715/gb.v12i2.148,https://doi.org/10.21715/gb.v12i2.148,article,pt,Pantanal Sul (MS),""
Ambiental,goncalves2011hydrological,"Gonçalves, H. C.; Mercante, M. A.; Santos, E. T.",Gonçalves et al. (2011),2011,Hydrological Cycle,Brazilian Journal of Biology,10.1590/s1519-69842011000200003,https://doi.org/10.1590/s1519-69842011000200003,article,Portuguese,Pantanal Sul (MS),""
Ambiental,kirsch2011agricultura,"Kirsch, H.; Waquil, P. D.",Kirsch e Waquil (2011),2011,A Agricultura Familiar e o Uso dos Recursos Ambientais na Fronteira Sudoeste do Estado de Mato Grosso,,10.19093/res.v12i23.250,https://doi.org/10.19093/res.v12i23.250,article,pt,"Pantanal Norte (MT), sem município do recorte",""
Ambiental,kuerten2011paraguay,"Kuerten, S.; Assine, M. L.",Kuerten e Assine (2011),2011,"The Paraguay River on the Nabileque fluvial megafan, southwest of the Pantanal wetland, Brazil",Revista Brasileira de Geociencias,10.25249/0375-7536.2011414642653,https://doi.org/10.25249/0375-7536.2011414642653,article,Portuguese,"Pantanal Norte (MT), sem município do recorte",""
Ambiental,kufner2011composicao,"Kufner, D. C. L.; Scremin-Dias, E.; Guglieri-Caporal, A.",Kufner et al. (2011),2011,Composição florística e variação sazonal da biomassa de macrófitas aquáticas em lagoa de meandro do Pantanal,Rodriguésia,10.1590/s2175-78602011000400008,https://doi.org/10.1590/s2175-78602011000400008,article,pt,Pantanal Sul (MS),""
Ambiental,lama2011sedentary,"Lama, S. N.; Rocha, C. D.; Jardim, W. F.; Tsai, J.-S.; Frederick, P. C.",Lama et al. (2011),2011,Sedentary nestlings of Wood Stork as monitors of mercury contamination in the gold mining region of the Brazilian Pantanal,Environmental Research,10.1016/j.envres.2011.07.007,https://doi.org/10.1016/j.envres.2011.07.007,article,English,"Pantanal Norte (MT), sem município do recorte",""
Ambiental,lourival2011planning,"Lourival, R.; Drechsler, M.; Watts, M. E.; Game, E. T.; Possingham, H. P.",Lourival et al. (2011),2011,Planning for reserve adequacy in dynamic landscapes; maximizing future representation of vegetation communities under flood disturbance in the Pantanal wetland,Diversity and Distributions,10.1111/j.1472-4642.2010.00722.x,https://doi.org/10.1111/j.1472-4642.2010.00722.x,article,English,Fora do Brasil,""
Ambiental,lourival2011what,"Lourival, R.; Watts, M.; Pressey, R. L.; Mourão, G. M.; Padovani, C. R.; Silva, M. P.; Possingham, H. P.",Lourival et al. (2011),2011,What is missing in biosphere reserves accountability?,Natureza a Conservacao,10.4322/natcon.2011.022,https://doi.org/10.4322/natcon.2011.022,article,English,Pantanal genérico ou indefinido,""
Ambiental,mcglue2011limnogeology,"McGlue, M. M.; Silva, A.; Corradini, F. A.; Zani, H.; Trees, M. A.; Ellis, G. S.; Parolin, M.; Swarzenski, P. W.; Cohen, A. S.; Assine, M. L.",McGlue et al. (2011),2011,"Limnogeology in Brazil's ""forgotten wilderness"": A synthesis from the large floodplain lakes of the Pantanal",Journal of Paleolimnology,10.1007/s10933-011-9538-5,https://doi.org/10.1007/s10933-011-9538-5,article,English,Pantanal genérico ou indefinido,""
Ambiental,mercante2011geomorphology,Mercante; Rodrigues; Ross,Mercante et al. (2011),2011,Geomorphology and habitat diversity in the Pantanal,Brazilian Journal of Biology,10.1590/s1519-69842011000200002,https://doi.org/10.1590/s1519-69842011000200002,article,Portuguese,Pantanal de MT e MS,""
Ambiental,miyaoka2011assessment,"Miyaoka, K.; Kojoma, A. Y.",Miyaoka e Kojoma (2011),2011,"Assessment of the groundwater flow system and water mixing processes in the Pantanal wetland, Brazil",IAHS-AISH Publication,"","",inproceedings,English,Pantanal genérico ou indefinido,""
Ambiental,niccio2011diversity,"Niccio, J.; Ucha, M. A.",Niccio e Ucha (2011),2011,"Diversity of frugivorous flies (Diptera: Tephritidae and lonchaeidae) and their relationship with host plants (Angiospermae) in environments of South Pantanal Region, Brazil",Florida Entomologist,10.1653/024.094.0309,https://doi.org/10.1653/024.094.0309,article,English,Pantanal Sul (MS),""
Ambiental,oliveira2011abiotic,"Oliveira, M. D.; Calheiros, D. F.; Jacobi, C. M.; Hamilton, S. K.",Oliveira et al. (2011),2011,Abiotic factors controlling the establishment and abundance of the invasive golden mussel Limnoperna fortunei,Biological Invasions,10.1007/s10530-010-9862-0,https://doi.org/10.1007/s10530-010-9862-0,article,English,Pantanal Sul (MS),""
Ambiental,oliveira2011diversidade,"Oliveira, A. K. M.; Conte, C. O.; Oliveira-Pissini, L. F.",Oliveira et al. (2011),2011,"Diversidade da quiropterofauna do Instituto de Pesquisas do Pantanal e entorno, Aquidauana, Mato Grosso do Sul, Brasil",Revista Brasileira de Biociências,"","",article,pt,Pantanal Sul (MS),""
Ambiental,pansonato2011anuran,"Pansonato, A.; Mott, T.; Strüssmann, C.",Pansonato et al. (2011),2011,Anuran amphibians' diversity in a northwestern area of the Brazilian Pantanal,Biota Neotropica,10.1590/s1676-06032011000400008,https://doi.org/10.1590/s1676-06032011000400008,article,"",Cita município do recorte (MT),Cáceres
Ambiental,paz2011large,"Paz, A. R.; Collischonn, W.; Tucci, C. E. M.; Padovani, C. R.",Paz et al. (2011),2011,Large-scale modelling of channel flow and floodplain inundation dynamics and its application to the Pantanal (Brazil),Hydrological Processes,10.1002/hyp.7926,https://doi.org/10.1002/hyp.7926,article,English,Pantanal genérico ou indefinido,""
Ambiental,pott2011aquatic,Pott; Pott; Lima; Moreira; Oliveira,Pott et al. (2011),2011,Aquatic macrophyte diversity of the Pantanal wetland and upper basin,Brazilian Journal of Biology,10.1590/s1519-69842011000200004,https://doi.org/10.1590/s1519-69842011000200004,article,Portuguese,"Pantanal Norte (MT), sem município do recorte",""
Ambiental,pott2011plant,Pott; Oliveira; Damasceno-Junior; Silva,Pott et al. (2011),2011,Plant diversity of the Pantanal wetland,Brazilian Journal of Biology,10.1590/s1519-69842011000200005,https://doi.org/10.1590/s1519-69842011000200005,article,Portuguese,Fora do Brasil,""
Ambiental,signor2011spatial,"Signor, C. A.; Pinho, J. B.",Signor e Pinho (2011),2011,"Spatial diversity patterns of birds in a vegetation mosaic of the Pantanal, Mato Grosso, Brazil",Zoologia,10.1590/s1984-46702011000600005,https://doi.org/10.1590/s1984-46702011000600005,article,English,"Pantanal Norte (MT), sem município do recorte",""
Ambiental,silva2011leguminosae,"Silva, R. R.",Silva (2011),2011,"Leguminosae in the Pantanal of Barão de Melgaço, Mato Grosso, Brazil",Biota Neotropica,10.1590/s1676-06032011000400029,https://doi.org/10.1590/s1676-06032011000400029,article,English,Cita município do recorte (MT),Barão de Melgaço
Ambiental,silva2011biotic,"Silva, F. H.; Favero, S.; Sabino, J.; Garnés, S. J. A.",Silva et al. (2011),2011,"Biotic indexes for the evaluation of environmental quality in stretches of the Correntoso river, Pantanal do Negro, Mato Grosso do Sul State, Brazil",Acta Scientiarum - Biological Sciences,10.4025/actascibiolsci.v33i3.1478,https://doi.org/10.4025/actascibiolsci.v33i3.1478,article,English,Pantanal Sul (MS),""
Ambiental,valentini2011impactos,"Valentini, C. M. A.; Pinheiro, A. C. M.; Sales, F. N.; Guilher, M. C.; Silva, T. C. A.; Missa Jr, S.",Valentini et al. (2011),2011,IMPACTOS SOCIOAMBIENTAIS GERADOS AOS PESCADORES DA COMUNIDADE RIBEIRINHA DE BONSUCESSO- MT PELA CONSTRUÇÃO DA BARRAGEM DE MANSO,HOLOS,10.15628/holos.2011.662,https://doi.org/10.15628/holos.2011.662,article,"","Pantanal Norte (MT), sem município do recorte",""
Ambiental,vieira2011mercury,"Vieira; Nunes, V. S.; Amaral, M. C. A.; Oliveira; Hauser-Davis; Campos",Vieira et al. (2011),2011,"Mercury and methyl mercury ratios in caimans (Caiman crocodilus yacare) from the Pantanal area, Brazil",Journal of Environmental Monitoring,10.1039/c0em00561d,https://doi.org/10.1039/c0em00561d,article,English,Pantanal genérico ou indefinido,""
Ambiental,wittmann2011pantanal,"Wittmann, F.; Junk, W. J.",Wittmann e Junk (2011),2011,The Pantanal (Brazil) - Biodiversity between drought and flooding,Geographische Rundschau,"","",article,German,Fora do Brasil,""
Ambiental,ximenes2011variacao,"Ximenes, L. Q. L.; Mateus, L. A. F.; Penha, J. M. F.",Ximenes et al. (2011),2011,"Variação temporal e espacial na composição de guildas alimentares da ictiofauna em lagoas marginais do Rio Cuiabá, Pantanal Norte",Biota Neopropica/Biota Neotropica,10.1590/s1676-06032011000100022,https://doi.org/10.1590/s1676-06032011000100022,article,pt,"Pantanal Norte (MT), sem município do recorte",""
Ambiental,anon2011biogeochemical,[autoria nao recuperada],[autoria nao recuperada] (2011),2011,"Biogeochemical processes and the diversity of Nhecolândia lakes, Brazil",,"","",misc,"",Pantanal Sul (MS),""
Ambiental,anon2011contribuicao,[autoria nao recuperada],[autoria nao recuperada] (2011),2011,Contribuição ao conhecimento e conservação da laranjinha,,"","",misc,"",Pantanal genérico ou indefinido,""
Ambiental,anon2011density,[autoria nao recuperada],[autoria nao recuperada] (2011),2011,Density and body size of the larval stages of the invasive golden mussel (Limnoperna fortunei) in two neotropical rivers,,"","",misc,"",Pantanal Sul (MS),""
Ambiental,anon2011nova,[autoria nao recuperada],[autoria nao recuperada] (2011),2011,Nova abordagem sobre o modelo Brasileiro de serviços ambientais,,"","",misc,"",Pantanal genérico ou indefinido,""
Ambiental,alho2012seasonal,"Alho, C. J. R.; Sabino, J.",Alho e Sabino (2012),2012,SEASONAL PANTANAL FLOOD PULSE: IMPLICATIONS FOR BIODIVERSITY CONSERVATION – A REVIEW,Oecologia Australis,10.4257/oeco.2012.1604.17,https://doi.org/10.4257/oeco.2012.1604.17,article,English,Pantanal genérico ou indefinido,""
Ambiental,alho2012effects,"Alho, C. J. R.; Silva, J. S. V.",Alho e Silva (2012),2012,Effects of severe floods and droughts on wildlife of the pantanal wetland (Brazil)-a review,Animals,10.3390/ani2040591,https://doi.org/10.3390/ani2040591,article,English,Pantanal genérico ou indefinido,""
Ambiental,amador2012structure,"Amador, G. A.; Damasceno, G. A.; Casagrande, J. C.; Sartori, Â. L. B.",Amador et al. (2012),2012,"Structure of two communities dominated by copernicia alba and associations with soil and inundation in pantanal wetland, Brazil",Oecologia Australis,10.4257/oeco.2012.1604.09,https://doi.org/10.4257/oeco.2012.1604.09,article,English,Pantanal genérico ou indefinido,""
Ambiental,arieira2012estrutura,"Arieira, J.; Cunha, C. N.",Arieira e Cunha (2012),2012,"ESTRUTURA POPULACIONAL DO CAMBARÁ (VOCHYSIA DIVERGENSPOHL, VOCHYSIACEAE), ESPÉCIE MONODOMINANTE EM FLORESTA INUNDÁVEL NO PANTANAL MATO-GROSSENSE",Oecologia Australis,10.4257/oeco.2012.1604.07,https://doi.org/10.4257/oeco.2012.1604.07,article,pt,Cita município do recorte (MT),Barão de Melgaço
Ambiental,bazzo2012aspectos,"Bazzo, J. C.; Freitas, D. A. F.; Silva, M. L. N.; Cardos, E. L.; Santos, S. A.",Bazzo et al. (2012),2012,ASPECTOS GEOFÍSICOS E AMBIENTAIS DO PANTANAL DA NHECOLÂNDIA,,10.51359/2238-6211.2012.228920,https://doi.org/10.51359/2238-6211.2012.228920,article,pt,Pantanal Sul (MS),""
Ambiental,beisiegel2012apresentacao,"Beisiegel, B. M.; Duarte, J. M. B.; Medici, E. P.; Keuroghlian, A.; Desbiez, A. L. J.",Beisiegel et al. (2012),2012,Apresentação do Número Temático Avaliação do Estado de Conservação dos Ungulados,Biodiversidade Brasileira,10.37002/biodiversidadebrasileira.v2i1.232,https://doi.org/10.37002/biodiversidadebrasileira.v2i1.232,article,pt,Pantanal genérico ou indefinido,""
Ambiental,bravo2012coupled,Bravo; Allasia; Paz; Collischonn; Tucci,Bravo et al. (2012),2012,Coupled Hydrologic-Hydraulic Modeling of the Upper Paraguay River Basin,Journal of Hydrologic Engineering,10.1061/(asce)he.1943-5584.0000494,https://doi.org/10.1061/(asce)he.1943-5584.0000494,article,English,Fora do Brasil,""
Ambiental,cardoso2012phytoplankton,"Cardoso, S. J.; Roland, F.; Loverde-Oliveira, S. M.; Huszar, V. L. M.",Cardoso et al. (2012),2012,"Phytoplankton abundance, biomass and diversity within and between Pantanal wetland habitats",Limnologica,10.1016/j.limno.2012.01.002,https://doi.org/10.1016/j.limno.2012.01.002,article,English,Pantanal genérico ou indefinido,""
Ambiental,catian2012macrophyte,"Catian, G.; Leme, F. M.; Francener, A.; Carvalho, F. S.; Galletti, V. S.; Pott, A.; Pott, V. J.; Scremin-Dias, E.; Damasceno‐Júnior, G. A.",Catian et al. (2012),2012,MACROPHYTE STRUCTURE IN LOTIC-LENTIC HABITATS FROM BRAZILIAN PANTANAL,Oecologia Australis,10.4257/oeco.2012.1604.05,https://doi.org/10.4257/oeco.2012.1604.05,article,en,Pantanal genérico ou indefinido,""
Ambiental,corradini2012geomorphological,"Corradini, F. A.; Assine, M. L.",Corradini e Assine (2012),2012,"Geomorphological zonation and depositional processes on the São Lourenço fluvial megafan, Pantanal wetland, Brazil",Revista Brasileira de Geociencias,10.5327/z0375-75362012000500003,https://doi.org/10.5327/z0375-75362012000500003,article,Portuguese,Pantanal de MT e MS,""
Ambiental,cunha2012structure,Cunha; Delatorre; Rodrigues; Vidotto; Gonçalves; Scremin-Dias; Damasceno-Júnior; Pott; Pott,Cunha et al. (2012),2012,"Structure of aquatic vegetation of a large lake, western border of the Brazilian Pantanal",Brazilian Journal of Biology,10.1590/s1519-69842012000300015,https://doi.org/10.1590/s1519-69842012000300015,article,English,Pantanal genérico ou indefinido,""
Ambiental,desbiez2012avaliacao,"Desbiez, A. L. J.; Keuroghlian, A.; Beisiegel, B. M.; Medici, E. P.; Gatti, A.; Pontes, A. R. M.; Campos, C. B.; Tófoli, C. F.; Moraes Júnior, E. A.; Azevedo, F. C.; Pinho, G. M.; Cordeiro, J. L. P.; Santos, T. S.; Morais, A. A.; Mangini, P. R.; Flesher, K.; Rodrigues, L. F.; Almeida, L. B.",Desbiez et al. (2012),2012,"Avaliação do risco de extinção do cateto Pecari tajacu Linnaeus, 1758, no Brasil",Biodiversidade Brasileira,10.37002/biodiversidadebrasileira.v2i1.241,https://doi.org/10.37002/biodiversidadebrasileira.v2i1.241,article,pt,Pantanal genérico ou indefinido,""
Ambiental,duarte2012avaliacao,"Duarte, J. M. B.; Piovezan, U.; Zanetti, E. S.; Ramos, H. G. C.; Tiepolo, L. M.; Voglioti, A.; Oliveira, M. L.; Rodrigues, L. F.; Almeida, L. B.",Duarte et al. (2012),2012,"Avaliação do risco de extinção do cervo-do-Pantanal Blastocerus dichotomus Illiger, 1815, no Brasil",Biodiversidade Brasileira,10.37002/biodiversidadebrasileira.v2i1.233,https://doi.org/10.37002/biodiversidadebrasileira.v2i1.233,article,pt,Pantanal genérico ou indefinido,""
Ambiental,duarte2012avaliacaob,"Duarte, J. M. B.; Vogliotti, A.; Zanetti, E. S.; Oliveira, M. L.; Tiepolo, L. M.; Rodrigues, L. F.; Almeida, L. B.; Braga, F. G.",Duarte et al. (2012),2012,"Avaliação do risco de extinção do veado-campeiro Ozotoceros bezoarticus Linnaeus, 1758, no Brasil",Biodiversidade Brasileira,10.37002/biodiversidadebrasileira.v2i1.235,https://doi.org/10.37002/biodiversidadebrasileira.v2i1.235,article,pt,Pantanal genérico ou indefinido,""
Ambiental,filho2012hydrochemical,"Filho, R.; Furian; Victoria; Mascré; Valles; Barbiero",Filho et al. (2012),2012,Hydrochemical variability at the upper paraguay basin and pantanal wetland,Hydrology and Earth System Sciences,10.5194/hess-16-2723-2012,https://doi.org/10.5194/hess-16-2723-2012,article,English,Pantanal de MT e MS,""
Ambiental,grabin2012density,"Gräbin, D. M.; Tomas, M. A.; Tomas, W. M.",Gräbin et al. (2012),2012,Density of rhea Americana (Rheidae) in three different landscapes in the pantanal,Oecologia Australis,10.4257/oeco.2012.1604.13,https://doi.org/10.4257/oeco.2012.1604.13,article,English,Pantanal Sul (MS),""
Ambiental,junk2012pasture,"Junk, W. J.; Cunha, C. N.",Junk e Cunha (2012),2012,Pasture clearing from invasive woody plants in the Pantanal: A tool for sustainable management or environmental destruction?,Wetlands Ecology and Management,10.1007/s11273-011-9246-y,https://doi.org/10.1007/s11273-011-9246-y,article,English,Pantanal genérico ou indefinido,""
Ambiental,keuroghlian2012avaliacao,"Keuroghlian, A.; Desbiez, A. L. J.; Beisiegel, B. M.; Medici, E. P.; Gatti, A.; Pontes, A. R. M.; Campos, C. B.; Tófoli, C. F.; Moraes Júnior, E. A.; Azevedo, F. C.; Pinho, G. M.; Cordeiro, J. L. P.; Santos, T. S.; Morais, A. A.; Mangini, P. R.; Flesher, K.; Rodrigues, L. F.; Almeida, L. B.",Keuroghlian et al. (2012),2012,"Avaliação do risco de extinção do queixada Tayassu pecari Link, 1795, no Brasil",Biodiversidade Brasileira,10.37002/biodiversidadebrasileira.v2i1.242,https://doi.org/10.37002/biodiversidadebrasileira.v2i1.242,article,pt,Pantanal genérico ou indefinido,""
Ambiental,layme2012estrutura,"Layme, V. M. G.; Candelária, L. P.; Santos, A. P. M. P.; Silva, P. B. A.",Layme et al. (2012),2012,ESTRUTURA DA COMUNIDADE DE PEQUENOS MAMÍFEROS NÃO VOADORES EM CAMPOS NATIVOS DO PANTANAL DE POCONÉ,Oecologia Australis,10.4257/oeco.2012.1604.16,https://doi.org/10.4257/oeco.2012.1604.16,article,pt,Cita município do recorte (MT),Poconé
Ambiental,leandro2012pantanal,"Leandro, G. R. S.; Souza, C. A.",Leandro e Souza (2012),2012,"Pantanal de Caceres: composicao granulometrica dos sedimentos de fundo no rio Paraguai entre a foz do rio Cabacal e a cidade de Caceres, Mato Grosso, Brasil",Ambiente e Agua - An Interdisciplinary Journal of Applied Science,10.4136/ambi-agua.876,https://doi.org/10.4136/ambi-agua.876,article,"",Cita município do recorte (MT),Cáceres
Ambiental,leandro2012aspectos,"Leandro, G. R. S.; Souza, C. A.; Chaves, I. J. F.",Leandro et al. (2012),2012,"ASPECTOS SEDIMENTARES NA BAÍA NEGRA, CORREDOR FLUVIAL DO RIO PARAGUAI, PANTANAL DE CÁCERES - MATO GROSSO",Caminhos de Geografia,10.14393/rcg134317478,https://doi.org/10.14393/rcg134317478,article,pt,Cita município do recorte (MT),Cáceres
Ambiental,lehn2012fitossociologia,"Lehn, C. R.",Lehn (2012),2012,"Fitossociologia de Macrófitas Aquáticas associadas ao Rio Miranda, Pantanal, MS, Brasil",Revista de Biologia Neotropical / Journal of Neotropical Biology,10.5216/rbn.v8i2.12004,https://doi.org/10.5216/rbn.v8i2.12004,article,pt,Pantanal Sul (MS),""
Ambiental,loverdeoliveira2012fatores,"Loverde-Oliveira, S. M.; Pietro-Souza, W.; Cardoso, S. J.; Fantin‐Cruz, I.; Mateus, L. A. F.",Loverde-Oliveira et al. (2012),2012,"FATORES ASSOCIADOS À DISTRIBUIÇÃO ESPACIAL DO FITOPLÂNCTON EM LAGOS DE INUNDAÇÃO (PANTANAL NORTE, BRASIL)",Oecologia Australis,10.4257/oeco.2012.1604.04,https://doi.org/10.4257/oeco.2012.1604.04,article,pt,Cita município do recorte (MT),Poconé
Ambiental,malone2012algae,"Malone, C. F. S.; Santos, K. R. S.; Sant'Anna, C. L.",Malone et al. (2012),2012,Algae and cyanobacteria from extreme environment of the brazilian pantanal,Oecologia Australis,10.4257/oeco.2012.1604.02,https://doi.org/10.4257/oeco.2012.1604.02,article,English,Pantanal Sul (MS),""
Ambiental,mcglue2012lacustrine,"McGlue, M. M.; Silva, A.; Zani, H.; Corradini, F. A.; Parolin, M.; Abel, E. J.; Cohen, A. S.; Assine, M. L.; Ellis, G. S.; Trees, M. A.; Kuerten, S.; Gradella, F. S.; Rasbold, G. G.",McGlue et al. (2012),2012,"Lacustrine records of Holocene flood pulse dynamics in the Upper Paraguay River watershed (Pantanal wetlands, Brazil)",Quaternary Research (United States),10.1016/j.yqres.2012.05.015,https://doi.org/10.1016/j.yqres.2012.05.015,article,English,Pantanal genérico ou indefinido,""
Ambiental,medici2012avaliacao,"Medici, E. P.; Flesher, K.; Beisiegel, B. M.; Keuroghlian, A.; Desbiez, A. L. J.; Gatti, A.; Pontes, A. R. M.; Campos, C. B.; Tófoli, C. F.; Moraes Júnior, E. A.; Azevedo, F. C.; Pinho, G. M.; Cordeiro, J. L. P.; Santos Júnior, T. S.; Morais, A. A.; Mangini, P. R.; Rodrigues, L. F.; Almeida, L. B.",Medici et al. (2012),2012,"Avaliação do risco de extinção da anta brasileira Tapirus terrestris Linnaeus, 1758, no Brasil",Biodiversidade Brasileira,10.37002/biodiversidadebrasileira.v2i1.243,https://doi.org/10.37002/biodiversidadebrasileira.v2i1.243,article,pt,Cita município do recorte (MT),Barão de Melgaço
Ambiental,penatti2012subdivision,Penatti; Almeida,Penatti e Almeida (2012),2012,Subdivision of pantanal quaternary wetlands: Modis NDVI timeseries in the indirect detection of sediments granulometry,"International Archives of the Photogrammetry, Remote Sensing and Spatial Information Sciences - ISPRS Archives","","",inproceedings,English,Pantanal genérico ou indefinido,""
Ambiental,pereira2012estimativa,"Pereira, G.; Cardozo, F. S.; Shimabukuro, Y. E.; Moraes, E. C.; Freitas, S. R.",Pereira et al. (2012),2012,ESTIMATIVA DA ÁREA DE FOGO ATIVO A PARTIR DA POTÊNCIA RADIATIVA DO FOGO,Revista Brasileira de Cartografia,10.14393/rbcv64n5-44809,https://doi.org/10.14393/rbcv64n5-44809,article,pt,Pantanal genérico ou indefinido,""
Ambiental,pinto2012distribuicao,"Pinto, A. S. C.; Silva, C. A.",Pinto e Silva (2012),2012,"A DISTRIBUIÇÃO E A OCORRÊNCIA TÊMPORO-ESPACIAL DAS QUEIMADAS NO MATO GROSSO DO SUL, UMA ANÁLISE ATRAVÉS DAS IMAGENS DO SATÉLITE NOAA-15.",Revista Geonorte,"","",article,pt,Pantanal Sul (MS),""
Ambiental,rebellato2012responses,"Rebellato, L.; Cunha, C. N.; Figueira, J. E. C.",Rebellato et al. (2012),2012,"Responses of the herbaceous community to the flood pulse in the Pantanal Poconé, Mato Grosso",Oecologia Australis,10.4257/oeco.2012.1604.06,https://doi.org/10.4257/oeco.2012.1604.06,article,English,Cita município do recorte (MT),Poconé
Ambiental,santos2012diatoms,"Santos, K. R. S.; Rocha, A. C. R.; Sant'Anna, C. L.",Santos et al. (2012),2012,"Diatoms from shallow lakes in the pantanal of nhecolândia, Brazilian wetland",Oecologia Australis,10.4257/oeco.2012.1604.03,https://doi.org/10.4257/oeco.2012.1604.03,article,English,Pantanal Sul (MS),""
Ambiental,silva2012functional,"Silva, F. H.; Favero, S.; Sabino, J.",Silva et al. (2012),2012,"Functional groups of entomofauna associated to aquatic macrophytes in Correntoso river, Rio Negro sub-region, Pantanal, Mato Grosso do Sul State, Brazil",Acta Scientiarum - Biological Sciences,10.4025/actascibiolsci.v34i1.7822,https://doi.org/10.4025/actascibiolsci.v34i1.7822,article,English,Pantanal Sul (MS),""
Ambiental,filho2012barragens,"Souza Filho, E. E.",Souza Filho (2012),2012,As barragens na bacia do rio Paraguai e a possível influência sobre a descarga fluvial e o transporte de sedimentos,Boletim de Geografia,10.4025/bolgeogr.v31i1.13638,https://doi.org/10.4025/bolgeogr.v31i1.13638,article,pt,"Pantanal Norte (MT), sem município do recorte",""
Ambiental,souza2012sediment,"Souza, V. F.; Santoro, A. L.; Weerelt, M. D. M.; Enrich-Prast, A.",Souza et al. (2012),2012,"SEDIMENT DENITRIFICATION, DNRA AND ANAMMOX RATES IN TROPICAL FLOODPLAIN LAKE (PANTANAL, BRAZIL)",Oecologia Australis,10.4257/oeco.2012.1604.01,https://doi.org/10.4257/oeco.2012.1604.01,article,en,Pantanal genérico ou indefinido,""
Ambiental,tomas2012densidade,"Tomas, M. A.; Tomás, W. M.; Rodrigues, F. H. G.",Tomas et al. (2012),2012,"DENSIDADE E USO DE RECURSOS POR VEADO-CAMPEIRO (Ozotoceros bezoarticus) EM TRÊS PAISAGENS DIFERENTES NO PANTANAL, MS",Oecologia Australis,10.4257/oeco.2012.1604.14,https://doi.org/10.4257/oeco.2012.1604.14,article,pt,Pantanal genérico ou indefinido,""
Ambiental,valadao2012aves,"Valadão, R. M.",Valadão (2012),2012,"As aves da Estação Ecológica Serra das Araras, Mato Grosso, Brasil",Biota Neopropica/Biota Neotropica,10.1590/s1676-06032012000300026,https://doi.org/10.1590/s1676-06032012000300026,article,pt,Pantanal genérico ou indefinido,""
Ambiental,windom2012use,Windom; Niencheski; Wells; Brandes,Windom et al. (2012),2012,The use of oxygen isotopic ratios to identify natural and anthropogenic mercury concentrations in the Lower Brazilian Pantanal,Environmental Earth Sciences,10.1007/s12665-011-1369-1,https://doi.org/10.1007/s12665-011-1369-1,article,English,Pantanal de MT e MS,""
Ambiental,anon2012papilionoideae,[autoria nao recuperada],[autoria nao recuperada] (2012),2012,"Papilionoideae (Leguminosae) do Planalto Residual do Urucum, oeste do Pantanal do Mato Grosso do Sul, Brasil",,"","",misc,"",Pantanal Sul (MS),""
Ambiental,andrade2013geoformas,"Andrade, L. N. P. S.; Leandro, G. R. S.; Souza, C. A.",Andrade et al. (2013),2013,Geoformas deposicionais e sedimentos de fundo na foz da baía Salobra confluência com o rio Paraguai Pantanal de Cáceres - Mato Grosso,Revista Brasileira de Geografia Física,10.26848/rbgf.v6.2.p253-270,https://doi.org/10.26848/rbgf.v6.2.p253-270,article,"",Cita município do recorte (MT),Cáceres
Ambiental,angelini2013aquatic,"Angelini, R.; Morais, R. J.; Catella, A. C.; Resende, E. K.; Libralato, S.",Angelini et al. (2013),2013,Aquatic food webs of the oxbow lakes in the Pantanal: A new site for fisheries guaranteed by alternated control?,Ecological Modelling,10.1016/j.ecolmodel.2013.01.001,https://doi.org/10.1016/j.ecolmodel.2013.01.001,article,English,Pantanal Sul (MS),""
Ambiental,beisiegel2013apresentacao,"Beisiegel, B. M.; Morato, R. G.; Paula, R. C.; Morato, R. L. G.",Beisiegel et al. (2013),2013,Apresentação da avaliação do estado de conservação dos carnívoros,,10.37002/biobrasil.v%vi%i.409,https://doi.org/10.37002/biobrasil.v%vi%i.409,article,pt,Pantanal genérico ou indefinido,""
Ambiental,bergier2013effects,"Bergier, I.",Bergier (2013),2013,Effects of highland land-use over lowlands of the Brazilian Pantanal,Science of the Total Environment,10.1016/j.scitotenv.2013.06.036,https://doi.org/10.1016/j.scitotenv.2013.06.036,article,English,Pantanal genérico ou indefinido,""
Ambiental,boff2013bees,"Boff, S.; Araujo, A. C.; Pott, A.",Boff et al. (2013),2013,Bees (Hymenoptera: Apoidea) and flowers in natural forest patches of southern Pantanal,Biota Neopropica/Biota Neotropica,10.1590/s1676-06032013000400005,https://doi.org/10.1590/s1676-06032013000400005,article,en,Pantanal Sul (MS),""
Ambiental,casella2013influence,"Casella, J.; Paranhos Filho, A. C.",Casella e Paranhos Filho (2013),2013,The influence of highway BR262 on the loss of cerrado vegetation cover in southwestern Brazil,Oecologia Australis,10.4257/oeco.2013.1701.07,https://doi.org/10.4257/oeco.2013.1701.07,article,English,Pantanal Sul (MS),""
Ambiental,evans2013landcover,"Evans, T. L.; Costa, M.",Evans e Costa (2013),2013,"Landcover classification of the Lower Nhecolândia subregion of the Brazilian Pantanal Wetlands using ALOS/PALSAR, RADARSAT-2 and ENVISAT/ASAR imagery",Remote Sensing of Environment,10.1016/j.rse.2012.09.022,https://doi.org/10.1016/j.rse.2012.09.022,article,English,Pantanal Sul (MS),""
Ambiental,faria2013correspondence,"Faria, R. R.; Braga, R. T.; Mioto, C. L.; Paranhos Filho, A. C.; Souza, F. L.; Bini, L. M.",Faria et al. (2013),2013,Correspondence between physiographic classifications and spatial patterns of β diversity in mammal and bird species assemblages in the Brazilian Pantanal,Ecologia Austral,"","",article,English,Pantanal genérico ou indefinido,""
Ambiental,farias2013avaliacao,"Farias, I. P.; Marioni, B.; Verdade, L. M.; Bassetti, L. A. B.; Coutinho, M. E.; Mendonça, S. H. S. T.; Silva, T. V.; Magnusson, W. E.; Campos, Z.",Farias et al. (2013),2013,"Avaliação do risco de extinção do jacaré-do-pantanal Caiman yacare (Daudin, 1802) no Brasil",Biodiversidade Brasileira,10.37002/biodiversidadebrasileira.v3i1.405,https://doi.org/10.37002/biodiversidadebrasileira.v3i1.405,article,pt,Pantanal Sul (MS),""
Ambiental,furian2013chemical,"Furian, S.; Martins, E. R. C.; Parizotto, T. M.; Rezende-Filho, A. T.; Victoria, R. L.; Barbiero, L.",Furian et al. (2013),2013,Chemical diversity and spatial variability in myriad lakes in Nhecolândia in the Pantanal wetlands of Brazil,Limnology and Oceanography,10.4319/lo.2013.58.6.2249,https://doi.org/10.4319/lo.2013.58.6.2249,article,English,Pantanal Sul (MS),""
Ambiental,furtado2013serosurvey,"Furtado, M. M.; Ramos Filho, J. D.; Scheffer, K. C.; Coelho, C. J.; Cruz, P. S.; Ikuta, C. Y.; Jácomo, A. T. A.; Porfírio, G. E. O.; Silveira, L.; Sollmann, R.; Tôrres, N. M.; Ferreira Neto, J. S.",Furtado et al. (2013),2013,"Serosurvey for selected viral infections in freeranging jaguars (Panthera Onca) and domestic carnivores in Brazilian Cerrado, Pantanal, and Amazon",Journal of Wildlife Diseases,10.7589/2012-02-056,https://doi.org/10.7589/2012-02-056,article,English,Pantanal genérico ou indefinido,""
Ambiental,ioris2013rethinking,"Ioris, A. A. R.",Ioris (2013),2013,Rethinking Brazil's Pantanal Wetland: Beyond Narrow Development and Conservation Debates,Journal of Environment and Development,10.1177/1070496513493276,https://doi.org/10.1177/1070496513493276,article,English,"Pantanal Norte (MT), sem município do recorte",""
Ambiental,johnson2013soil,"Johnson, M. S.; Couto, E. G.; Pinto, O. B.; Milesi, J.; Amorim, R. S. S.; Messias, I. A. M.; Biudes, M. S.",Johnson et al. (2013),2013,Soil CO2 Dynamics in a Tree Island Soil of the Pantanal: The Role of Soil Water Potential,PLoS ONE,10.1371/journal.pone.0064874,https://doi.org/10.1371/journal.pone.0064874,article,English,"Pantanal Norte (MT), sem município do recorte",""
Ambiental,kuerten2013sponge,"Kuerten, S.; Parolin, M.; Assine, M. L.; McGlue, M. M.",Kuerten et al. (2013),2013,"Sponge spicules indicate Holocene environmental changes on the Nabileque River floodplain, southern Pantanal, Brazil",Journal of Paleolimnology,10.1007/s10933-012-9652-z,https://doi.org/10.1007/s10933-012-9652-z,article,English,Pantanal Sul (MS),""
Ambiental,lozano2013relationships,"Lozano, J.; Malo, A. F.",Lozano e Malo (2013),2013,"Relationships between human activity and richness and abundance of some bird species in the Paraguay river (Pantanal, Brazil)",Ardeola,10.13157/arla.60.1.2012.99,https://doi.org/10.13157/arla.60.1.2012.99,article,English,Pantanal genérico ou indefinido,""
Ambiental,lazari2013flood,"Lázari, P. R.; Santos Filho, M.; Canale, G. R.; Graipel, M. E.",Lázari et al. (2013),2013,Flood-mediated use of habitat by large and midsized mammals in the Brazilian Pantanal,Biota Neopropica/Biota Neotropica,10.1590/s1676-06032013000200007,https://doi.org/10.1590/s1676-06032013000200007,article,en,Cita município do recorte (MT),Cáceres
Ambiental,lazaro2013cyanobacteria,"Lázaro, W. L.; Guimarães, J. R. D.; Ignácio, A. R.; Silva, C. J.; Díez, S.",Lázaro et al. (2013),2013,"Cyanobacteria enhance methylmercury production: A hypothesis tested in the periphyton of two lakes in the Pantanal floodplain, Brazil",Science of the Total Environment,10.1016/j.scitotenv.2013.03.022,https://doi.org/10.1016/j.scitotenv.2013.03.022,article,English,Pantanal genérico ou indefinido,""
Ambiental,mello2013seasonal,"Mello, G. J.; Paulo, I. J. C.; Paulo, S. R.; Gomes, R. S. R.; Machado, N. G.; Nogueira, J. S.; Biudes, M. S.",Mello et al. (2013),2013,Seasonal and interanual variability of the fractal dimention of temperature and relative humidity series in the Amazonia and Pantanal,Interciencia,"","",article,Portuguese,Pantanal genérico ou indefinido,""
Ambiental,merino2013estilos,"Merino, É. R.; Assine, M. L.; Pupim, F. N.",Merino et al. (2013),2013,"ESTILOS FLUVIAIS E EVIDÊNCIAS DE MUDANÇAS AMBIENTAIS NA PLANÍCIE DO RIO MIRANDA, PANTANAL",Revista Brasileira de Geomorfologia,10.20502/rbg.v14i2.246,https://doi.org/10.20502/rbg.v14i2.246,article,pt,Pantanal Sul (MS),""
Ambiental,messias2013monitoring,"Messias, I. A. M.; Couto, E. G.; Amorim, R. S. S.; Johnson, M. S.; Pinto, O. B. J.",Messias et al. (2013),2013,Monitoring the soil redox potential and its interactions with associated variables in the Northern Pantanal,Revista Brasileira de Ciencia do Solo,10.1590/s0100-06832013000300009,https://doi.org/10.1590/s0100-06832013000300009,article,English,Cita município do recorte (MT),Barão de Melgaço
Ambiental,morais2013floristic,"Morais, R. F.; Silva, E. C. S.; Metelo, M. R. L.; Morais, F. F.",Morais et al. (2013),2013,"Floristic composition and structure of the plant community of different phytophysiognomies in the Pantanal of Poconé, Mato Grosso",Rodriguesia,10.1590/s2175-78602013000400008,https://doi.org/10.1590/s2175-78602013000400008,article,Portuguese,Cita município do recorte (MT),Poconé
Ambiental,nascimento2013genesis,"Nascimento, A. F.; Furquim, S. A. C.; Couto, E. G.; Beirigo, R. M.; Oliveira, J. C.; Camargo, P. B.; Vidal‐Torrado, P.",Nascimento et al. (2013),2013,Genesis of textural contrasts in subsurface soil horizons in the Northern Pantanal-Brazil,Revista Brasileira de Ciência do Solo,10.1590/s0100-06832013000500001,https://doi.org/10.1590/s0100-06832013000500001,article,en,Cita município do recorte (MT),Barão de Melgaço
Ambiental,negrelle2013population,"Negrelle, R. R. B.",Negrelle (2013),2013,Population structure and regeneration potenciality of attalea phalerata mart. ex spreng. (Acuri),Ciencia Florestal,10.5902/1980509812356,https://doi.org/10.5902/1980509812356,article,English,Cita município do recorte (MT),Barão de Melgaço
Ambiental,oliveira2013conhecimento,"Oliveira, G. Z.; Silva, C. J.",Oliveira e Silva (2013),2013,"Conhecimento ecológico tradicional de pescadores profissionais sobre peixes da baía Caiçara, Pantanal de Mato Grosso, Cáceres, Brasil",Revista Brasileira de Zoociências,"","",article,"",Cita município do recorte (MT),Cáceres
Ambiental,oliveirajunior2013influencia,"Oliveira-Junior, E. S.; Butakka, C. M. M.; Silva, C. J.; Muniz, C. C.",Oliveira-Junior et al. (2013),2013,A INFLUÊNCIA DO PULSO DE INUNDAÇÃO NA ECOLIMNOLOGIA DE BAÍAS PANTANEIRAS: UM ESTUDO NA DINÂMICA DE INVERTEBRADOS AQUÁTICOS,Holos Environment,10.14295/holos.v13i2.6688,https://doi.org/10.14295/holos.v13i2.6688,article,pt,Cita município do recorte (MT),Cáceres
Ambiental,pessoa2013analise,"Pessoa, S. P. M.; Galvanin, E. A. S.; Kreitlow, J. P.; Neves, S. M. A. S.; Nunes, J. R. S.; Zago, B. W.",Pessoa et al. (2013),2013,"Análise espaço-temporal da cobertura vegetal e uso da terra na Interbacia do Rio Paraguai Médio-MT, Brasil",Revista Árvore,10.1590/s0100-67622013000100013,https://doi.org/10.1590/s0100-67622013000100013,article,"","Pantanal Norte (MT), sem município do recorte",""
Ambiental,pimenta2013situ,"Pimenta, V. M. S. D.; Silva, J. M.; Nepomuceno, J. C.; Pavanin, L. A.",Pimenta et al. (2013),2013,"In situ assessment of the Paraguay River water, in Brazilian Pantanal, by means of micronucleus assay with fish and chemical analysis",Bulletin of Environmental Contamination and Toxicology,10.1007/s00128-012-0935-x,https://doi.org/10.1007/s00128-012-0935-x,article,English,Cita município do recorte (MT),Cáceres
Ambiental,santos2013factors,"Santos, M. T.; Callil, C. T.; Fantin-Cruz, I.; Girard, P.",Santos et al. (2013),2013,"Factors structuring the spatial distribution of chironomidae larvae community in the floodplain of the Northern Pantanal, Brazil",Acta Limnologica Brasiliensia,"","",article,English,"Pantanal Norte (MT), sem município do recorte",""
Ambiental,silva2013fabaceae,"Silva, R. R.; Souza-Lima, E. S.",Silva e Souza-Lima (2013),2013,"Fabaceae of the Rio São Francisco River sub-basin, Nova Marilândia, Mato Grosso, Brazil",Biota Neopropica/Biota Neotropica,10.1590/s1676-06032013000200029,https://doi.org/10.1590/s1676-06032013000200029,article,en,"Pantanal Norte (MT), sem município do recorte",""
Ambiental,silva2013evolucao,"Silva, E. S. F.; Souza, C. A.; Leandro, G. R. S.; Andrade, L. N. P. S.; Galbiati, C.",Silva et al. (2013),2013,EVOLUÇÃO DAS FEIÇÕES MORFOLÓGICAS DO RIO PARAGUAI NO PANTANAL DE CÁCERES - MATO GROSSO,Revista Brasileira de Geomorfologia,10.20502/rbg.v13i4.299,https://doi.org/10.20502/rbg.v13i4.299,article,pt,Cita município do recorte (MT),Cáceres
Ambiental,suarez2013assemblage,"Súarez, Y. R.; Ferreira, F. S.; Tondato, K. K.",Súarez et al. (2013),2013,"Assemblage of fish species associated with aquatic macrophytes in Porto Murtinho Pantanal, Mato Grosso do Sul, Brazil",Biota Neotropica,10.1590/s1676-06032013000200017,https://doi.org/10.1590/s1676-06032013000200017,article,English,Pantanal Sul (MS),""
Ambiental,bao2014soil,"Bao, F.; Pott, A.; Ferreira, F. A.; Arruda, R.",Bao et al. (2014),2014,"Soil seed bank of floodable native and cultivated grassland in the Pantanal wetland: effects of flood gradient, season and species invasion",Revista Brasileira de Botanica,10.1007/s40415-014-0076-z,https://doi.org/10.1007/s40415-014-0076-z,article,English,Pantanal genérico ou indefinido,""
Ambiental,boulhosa2014perceptions,Boulhosa; Azevedo,Boulhosa e Azevedo (2014),2014,Perceptions of ranchers towards livestock predation by large felids in the Brazilian Pantanal,Wildlife Research,10.1071/wr14040,https://doi.org/10.1071/wr14040,article,English,Pantanal genérico ou indefinido,""
Ambiental,bueno2014structure,"Bueno, M. L.; Damasceno‐Júnior, G. A.; Pott, A.; Pontara, V.; Seleme, E.; Fava, W. S.; Salomão, A.; Ratter, J.",Bueno et al. (2014),2014,Structure of arboreal and herbaceous strata in a neotropical seasonally flooded monodominant savanna of Tabebuia aurea,Brazilian Journal of Biology,10.1590/1519-6984.16612,https://doi.org/10.1590/1519-6984.16612,article,en,Pantanal genérico ou indefinido,""
Ambiental,carmignotto2014nonvolant,"Carmignotto, A. P.; Bezerra, A. M. R.; Rodrigues, F. H. G.",Carmignotto et al. (2014),2014,"Nonvolant small mammals from a southwestern area of Brazilian Cerrado: diversity, habitat use, seasonality, and biogeography",Therya,10.12933/therya-14-197,https://doi.org/10.12933/therya-14-197,article,en,Fora do Brasil,""
Ambiental,ding2014environmental,"Ding, Y.; Cawley, K. M.; Cunha, C. N.; Jaffé, R.",Ding et al. (2014),2014,Environmental dynamics of dissolved black carbon in wetlands,Biogeochemistry,10.1007/s10533-014-9964-3,https://doi.org/10.1007/s10533-014-9964-3,article,English,Fora do Brasil,""
Ambiental,donatelli2014distribution,Donatelli; Posso; Toledo,Donatelli et al. (2014),2014,"Distribution, composition and seasonality of aquatic birds in the Nhecolândia sub-region of South Pantanal, Brazil",Brazilian Journal of Biology,10.1590/1519-6984.05013,https://doi.org/10.1590/1519-6984.05013,article,English,Pantanal Sul (MS),""
Ambiental,galvanin2014evaluation,"Galvanin, E. A. S.; Neves, S. M. A. S.; Cruz, C. B. M.; Neves, R. J.; Jesus, P. H. H.; Kreitlow, J. P.",Galvanin et al. (2014),2014,"Evaluation of vegetation indexes NDVI, SR and TVI in the discrimination of vegetation types of environments of ‘pantanal’ in cáceres, Mato Grosso state",Ciencia Florestal,"","",article,Portuguese,Cita município do recorte (MT),Cáceres
Ambiental,gomide2014arbuscular,"Gomide, P. H. O.; Silva, M. L. N.; Soares, C. R. F. S.; Cardoso, E. L.; Carvalho, F.; Leal, P. L.; Marques, R. M.; Stürmer, S. L.",Gomide et al. (2014),2014,"Arbuscular mycorrhizal fungi in vegetation types in the pantanal of nhecolÂndia, Mato grosso do sul, Brazil",Revista Brasileira de Ciencia do Solo,10.1590/s0100-06832014000400007,https://doi.org/10.1590/s0100-06832014000400007,article,Portuguese,Pantanal Sul (MS),""
Ambiental,ioris2014institutional,"Ioris, A. A. R.; Irigaray, C. T.; Girard, P.",Ioris et al. (2014),2014,Institutional responses to climate change: opportunities and barriers for adaptation in the Pantanal and the Upper Paraguay River Basin,Climatic Change,10.1007/s10584-014-1134-z,https://doi.org/10.1007/s10584-014-1134-z,article,English,Fora do Brasil,""
Ambiental,juliao2014galling,"Julião, G. R.; Almada, E. D.; Fernandes, G. W.",Julião et al. (2014),2014,Galling insects in the pantanal wetland and amazonian rainforest,Neotropical Insect Galls,10.1007/978-94-017-8783-3_19,https://doi.org/10.1007/978-94-017-8783-3_19,incollection,English,Pantanal genérico ou indefinido,""
Ambiental,junk2014brazilian,"Junk; Piedade; Lourival; Wittmann; Kandus; Lacerda; Bozelli; Esteves; Cunha, N.; Maltchik; Schöngart; Schaeffer-Novelli; Agostinho",Junk et al. (2014),2014,"Brazilian wetlands: Their definition, delineation, and classification for research, sustainable management, and protection",Aquatic Conservation: Marine and Freshwater Ecosystems,10.1002/aqc.2386,https://doi.org/10.1002/aqc.2386,article,English,Pantanal genérico ou indefinido,""
Ambiental,leandro2014sedimentos,"Leandro, G. R. S.; Souza, C. A.; Nascimento, F. R.",Leandro et al. (2014),2014,"SEDIMENTOS DE FUNDO E EM SUSPENSÃO NO CORREDOR FLUVIAL DO RIO PARAGUAI, PANTANAL NORTE MATO-GROSSENSE, BRASIL",Boletim Goiano de Geografia,10.5216/bgg.v34i2.31722,https://doi.org/10.5216/bgg.v34i2.31722,article,pt,Cita município do recorte (MT),Cáceres
Ambiental,liengaard2014hot,"Liengaard, L.; Figueiredo, V.; Markfoged, R.; Revsbech, N. P.; Nielsen, L. P.; Prast, A. E.; Kühl, M.",Liengaard et al. (2014),2014,Hot moments of N2O transformation and emission in tropical soils from the Pantanal and the Amazon (Brazil),Soil Biology and Biochemistry,10.1016/j.soilbio.2014.03.015,https://doi.org/10.1016/j.soilbio.2014.03.015,article,English,Pantanal genérico ou indefinido,""
Ambiental,lima2014feicoes,"Lima, T. E.; Silva, C.; Souza, C. A.; Leandro, G. R. S.",Lima et al. (2014),2014,"FEIÇÕES, MORFOLOGIA E SEDIMENTOS DE FUNDO E SUSPENSÃO DO RIO PARAGUAI NO PANTANAL DE CÁCERES - MATO GROSSO, NO TRECHO ENTRE A BAÍA DO PONTO CERTO À FOZ DO CÓRREGO JACOBINA",Revista Geonorte,"","",article,pt,Cita município do recorte (MT),Cáceres
Ambiental,mudrek2014estrutura,"Mudrek, J. R.; Massoli, E. V.",Mudrek e Massoli (2014),2014,"Estrutura da comunidade de artrópodes de solo em diferentes fitofisionomias da Reserva Particular do Patrimônio Natural – Sesc Pantanal, Brasil",Holos,10.15628/holos.2014.1622,https://doi.org/10.15628/holos.2014.1622,article,pt,Cita município do recorte (MT),Poconé
Ambiental,junior2014corregos,"Oliveira Junior, E. S.; Buhler, B. F.; Muniz, C. C.; Furlan, A. O.",Oliveira Junior et al. (2014),2014,"CÓRREGOS URBANOS DO MUNICÍPIO DE CÁCERES-MT, BRASIL: UM OLHAR PARA A CONSERVAÇÃO","Revista Eletrônica em Gestão, Educação e Tecnologia Ambiental",10.5902/2236117010431,https://doi.org/10.5902/2236117010431,article,"",Cita município do recorte (MT),Cáceres
Ambiental,oliveira2014fish,"Oliveira, V. A.; Mateus, L. A. F.; Loverde-Oliveira, S. M.; Pietro-Souza, W.",Oliveira et al. (2014),2014,"Fish from urban tributaries to the Vermelho River, upper Paraguay River Basin, Mato Grosso, Brazil",Check List,10.15560/11.1.1516,https://doi.org/10.15560/11.1.1516,article,en,Cita município do recorte (MT),Rondonópolis
Ambiental,oliveira2014regeneration,"Oliveira, M. T.; Damasceno-Junior, G. A.; Pott, A.; Paranhos Filho, A. C.; Suarez, Y. R.; Parolin, P.",Oliveira et al. (2014),2014,Regeneration of riparian forests of the Brazilian Pantanal under flood and fire influence,Forest Ecology and Management,10.1016/j.foreco.2014.08.011,https://doi.org/10.1016/j.foreco.2014.08.011,article,English,Pantanal Sul (MS),""
Ambiental,filho2014analise,"Paranhos Filho, A. C.; Moreira, E. S.; Oliveira, A. K. M.; Pagotto, T. C. S.; Mioto, C. L.",Paranhos Filho et al. (2014),2014,Análise da variação da cobertura do solo no Pantanal de 2003 a 2010 através de sensoriamento remoto,Engenharia Sanitaria e Ambiental,10.1590/s1413-41522014019010000305,https://doi.org/10.1590/s1413-41522014019010000305,article,Portuguese,Cita município do recorte (MT),Barão de Melgaço; Poconé
Ambiental,paz2014influence,"Paz, A. R.; Collischonn, W.; Bravo, J. M.; Bates, P. D.; Baugh, C.",Paz et al. (2014),2014,The influence of vertical water balance on modelling Pantanal (Brazil) spatio-temporal inundation dynamics,Hydrological Processes,10.1002/hyp.9897,https://doi.org/10.1002/hyp.9897,article,English,Pantanal genérico ou indefinido,""
Ambiental,pessoa2014mapeamento,"Pessoa, S. P. M.; Galvanin, E. A. S.; Neves, S. M. A. S.",Pessoa et al. (2014),2014,MAPEAMENTO DO USO E OCUPAÇÃO DA FLORESTA ALUVIAL NO RIO PARAGUAI - BARRA DO BUGRES/MATO GROSSO,Revista Brasileira de Cartografia,10.14393/rbcv66n6-44714,https://doi.org/10.14393/rbcv66n6-44714,article,"","Pantanal Norte (MT), sem município do recorte",""
Ambiental,pinho2014birds,Pinho; Marini,Pinho e Marini (2014),2014,Birds’ nesting parameters in four forest types in the Pantanal wetland,Brazilian Journal of Biology,10.1590/1519-6984.08713,https://doi.org/10.1590/1519-6984.08713,article,English,Cita município do recorte (MT),Poconé
Ambiental,polaz2014fishes,"Polaz, C. N. M.; Melo, B. F.; Britzke, R.; Resende, E. K.; Machado, F. A.; Lima, J. A. F.; Petrere, M.",Polaz et al. (2014),2014,"Fishes from the Parque Nacional do Pantanal Matogrossense, upper Paraguai River basin, Brazil",Check List,10.15560/10.1.122,https://doi.org/10.15560/10.1.122,article,English,"Pantanal Norte (MT), sem município do recorte",""
Ambiental,porfirio2014medium,"Porfirio, G.; Sarmento, P.; Xavier Filho, N. L.; Cruz, J.; Fonseca, C.",Porfirio et al. (2014),2014,"Medium to large size mammals of southern Serra do Amolar, Mato Grosso do Sul, Brazilian Pantanal",Check List,10.15560/10.3.473,https://doi.org/10.15560/10.3.473,article,English,Pantanal de MT e MS,""
Ambiental,possavatz2014residuos,"Possavatz, J.; Zeilhofer, P.; Pinto, A. A.; Tives, A. L.; Dores, E. F. G. C.",Possavatz et al. (2014),2014,"Resíduos de pesticidas em sedimento de fundo de rio na Bacia Hidrográfica do Rio Cuiabá, Mato Grosso, Brasil",Ambiente e Agua - An Interdisciplinary Journal of Applied Science,10.4136/ambi-agua.1263,https://doi.org/10.4136/ambi-agua.1263,article,English,Pantanal de MT e MS,""
Ambiental,pott2014macrofitas,"Pott, A.; Pott, V. J.; Moreira, S. N.; Ferreira, F. A.",Pott et al. (2014),2014,Macrófitas aquáticas do Pantanal e de outras áreas úmidas em Mato Grosso do Sul,Heringeriana,10.17648/heringeriana.v6i1.42,https://doi.org/10.17648/heringeriana.v6i1.42,article,pt,Pantanal Sul (MS),""
Ambiental,santana2014diagnostico,"Santana, M. F.; Appolari, B.; Oliveira, J. L.; Silva, J. L. A.",Santana et al. (2014),2014,"DIAGNÓSTICO AMBIENTAL DO RIO PARAGUAI EM CÁCERES A PARTIR DE INDICADORES MORFOLÓGICOS, PANTANAL SUPERIOR – BRASIL",Revista Geonorte,"","",article,pt,Cita município do recorte (MT),Cáceres
Ambiental,santos2014resilience,"Santos, S. A.; Perotto-Baldivieso, H. L.; Young, D.",Santos et al. (2014),2014,Resilience and degradation in a tropical wetland overgrazed by cattle,Tropical Grasslands-Forrajes Tropicales,10.17138/tgft(2)138-139,https://doi.org/10.17138/tgft(2)138-139,article,English,Pantanal genérico ou indefinido,""
Ambiental,schwerdtfeger2014estimating,Schwerdtfeger; Weiler; Johnson; Couto,Schwerdtfeger et al. (2014),2014,"Estimating water balance components of tropical wetland lakes in the Pantanal dry season, Brazil",Hydrological Sciences Journal,10.1080/02626667.2013.870665,https://doi.org/10.1080/02626667.2013.870665,article,English,"Pantanal Norte (MT), sem município do recorte",""
Ambiental,silva2014ichthyofauna,"Silva, H. P.; Souza, F.; Corrêa, F.",Silva et al. (2014),2014,"Ichthyofauna of the bento gomes river in the pantanal matogrossense, Brazil",Pan-American Journal of Aquatic Sciences,"","",article,English,Cita município do recorte (MT),Poconé
Ambiental,silva2014perceptions,Silva; Albernaz-Silveira; Nogueira,Silva et al. (2014),2014,"Perceptions on climate change of the traditional community Cuiabá Mirim, Pantanal Wetland, Mato Grosso, Brazil",Climatic Change,10.1007/s10584-014-1150-z,https://doi.org/10.1007/s10584-014-1150-z,article,English,"Pantanal Norte (MT), sem município do recorte",""
Ambiental,souza2014similaridade,"Souza, A.; Fontenele, S. B.; Oliveira, A. P. G.; Lastoria, G.; Gabas, S. G.; Dias, C.",Souza et al. (2014),2014,"SIMILARIDADE DA QUALIDADE DAS ÁGUAS SUPERFICIAIS DA BACIA DO RIO NEGRO, MS",Ciência e Natura,10.5902/2179460x12571,https://doi.org/10.5902/2179460x12571,article,pt,Pantanal Sul (MS),""
Ambiental,sugai2014anurans,"Sugai, J. L. M. M.; Terra, J. S.; Ferreira, V. L.",Sugai et al. (2014),2014,Anurans of a threatened savanna area in western Brazil,Biota Neotropica,10.1590/s1676-06034058,https://doi.org/10.1590/s1676-06034058,article,English,Pantanal Sul (MS),""
Ambiental,takahasi2014ecologia,"Takahasi, A.; Meirelles, S. T.",Takahasi e Meirelles (2014),2014,"Ecologia da vegetação herbácea de bancadas lateríticas (cangas) em Corumbá, MS, Brasil",Hoehnea,10.1590/2236-8906-63/2013,https://doi.org/10.1590/2236-8906-63/2013,article,pt,Pantanal Sul (MS),""
Ambiental,tozato2014tendencias,"Tozato, H. C.; Dubreuil, V.; Mello-Théry, N. A.",Tozato et al. (2014),2014,"TENDÊNCIAS E RUPTURAS CLIMATO-HIDROLÓGICAS NO SITIO RAMSAR PARNA PANTANAL (MT, BRASIL)",Revista Brasileira de Climatologia,10.5380/abclima.v13i0.34111,https://doi.org/10.5380/abclima.v13i0.34111,article,"",Cita município do recorte (MT),Cáceres
Ambiental,almeida2015principal,"Almeida, T. I. R.; Penatti, N. C.; Ferreira, L. G.; Arantes, A. E.; Amaral, C. H.",Almeida et al. (2015),2015,"Principal component analysis applied to a time series of MODIS images: the spatio-temporal variability of the Pantanal wetland, Brazil",Wetlands Ecology and Management,10.1007/s11273-015-9416-4,https://doi.org/10.1007/s11273-015-9416-4,article,English,Pantanal genérico ou indefinido,""
Ambiental,assine2015brazilian,"Assine, M. L.",Assine (2015),2015,Brazilian Pantanal: A Large Pristine Tropical Wetland,World Geomorphological Landscapes,10.1007/978-94-017-8023-0_12,https://doi.org/10.1007/978-94-017-8023-0_12,incollection,English,Pantanal Sul (MS),""
Ambiental,assine2015quaternary,"Assine, M. L.; Merino, E. R.; Pupim, F. N.; Macedo, H. A.; Santos, M. G. M.",Assine et al. (2015),2015,The Quaternary alluvial systems tract of the Pantanal Basin,Brazilian Journal of Geology,10.1590/2317-4889201520150014,https://doi.org/10.1590/2317-4889201520150014,article,English,Fora do Brasil,""
Ambiental,buller2015soil,"Buller, L. S.; Bergier, I.; Ortega, E.; Moraes, A.; Bayma-Silva, G.; Zanetti, M. R.",Buller et al. (2015),2015,"Soil improvement and mitigation of greenhouse gas emissions for integrated crop-livestock systems: Case study assessment in the Pantanal savanna highland, Brazil",Agricultural Systems,10.1016/j.agsy.2014.11.004,https://doi.org/10.1016/j.agsy.2014.11.004,article,English,Pantanal genérico ou indefinido,""
Ambiental,copatti2015utilization,"Copatti, A.; Dalmas, F. B.; Oliveira, A. P. G.; Ribeiro, A.; Paranhos Filho, A. C.",Copatti et al. (2015),2015,"Utilization of free geotechnologies in the evaluation of changes in vegetation cover and buffer zone of the rio negro pantanal state park, mato grosso do sul, Brasil",Anuario do Instituto de Geociencias,10.11137/2015_2_37_46,https://doi.org/10.11137/2015_2_37_46,article,Portuguese,Pantanal Sul (MS),""
Ambiental,costa2015lakes,"Costa, M.; Telmer, K. H.; Evans, T. L.; Almeida, T. I.; Diakun, M. T.",Costa et al. (2015),2015,"The lakes of the Pantanal: inventory, distribution, geochemistry, and surrounding landscape",Wetlands Ecology and Management,10.1007/s11273-014-9401-3,https://doi.org/10.1007/s11273-014-9401-3,article,English,Pantanal Sul (MS),""
Ambiental,cunha2015termite,"Cunha, H. F.; Carrijo, T. F.; Abot, A. R.; Barbosa, C. S.",Cunha et al. (2015),2015,"Termite diversity in the Abobral region of the Pantanal wetland complex, Brazil",Check List,10.15560/11.1.1545,https://doi.org/10.15560/11.1.1545,article,English,Pantanal Sul (MS),""
Ambiental,fantincruz2015effects,"Fantin-Cruz, I.; Pedrollo, O.; Girard, P.; Zeilhofer, P.; Hamilton, S. K.",Fantin-Cruz et al. (2015),2015,"Effects of a diversion hydropower facility on the hydrological regime of the Correntes River, a tributary to the Pantanal floodplain, Brazil",Journal of Hydrology,10.1016/j.jhydrol.2015.10.045,https://doi.org/10.1016/j.jhydrol.2015.10.045,article,English,Pantanal genérico ou indefinido,""
Ambiental,fernandes2015size,"Fernandes, I.; Penha, J.; Zuanon, J.",Fernandes et al. (2015),2015,Size-dependent response of tropical wetland fish communities to changes in vegetation cover and habitat connectivity,Landscape Ecology,10.1007/s10980-015-0196-2,https://doi.org/10.1007/s10980-015-0196-2,article,English,Pantanal genérico ou indefinido,""
Ambiental,ferreira2015butterflies,"Ferreira, R. G. N.; Souza, P. R. B.",Ferreira e Souza (2015),2015,"Butterflies of the Bodoquena Plateau in Brazil (Lepidoptera, Papilionoidea)",ZooKeys,10.3897/zookeys.546.6138,https://doi.org/10.3897/zookeys.546.6138,article,en,Pantanal Sul (MS),""
Ambiental,fischer2015bat,"Fischer, E. A.; Santos, C. F.; Carvalho, L. F.; Camargo, G.; Cunha, N. L.; Silveira, M.; Bordignon, M. O.; Silva, C. L.",Fischer et al. (2015),2015,"Bat fauna of Mato Grosso do Sul, southwestern Brazil",Biota Neopropica/Biota Neotropica,10.1590/1676-06032015006614,https://doi.org/10.1590/1676-06032015006614,article,en,Pantanal Sul (MS),""
Ambiental,irigaray2015areas,"Irigaray, C. T. J. H.",Irigaray (2015),2015,"Áreas Úmidas Especialmente ""Des"" Protegidas no Direito Brasileiro: O Caso do Pantanal Mato-grossense e os Desafios e Perspectivas para sua Conservação",Revista de Estudos Sociais,10.19093/res.v17i34.2602,https://doi.org/10.19093/res.v17i34.2602,article,"","Pantanal Norte (MT), sem município do recorte",""
Ambiental,keuroghlian2015effects,"Keuroghlian, A.; Santos, M. C. A.; Eaton, D. P.",Keuroghlian et al. (2015),2015,The effects of deforestation on white-lipped peccary (Tayassu pecari) home range in the southern Pantanal,Mammalia,10.1515/mammalia-2014-0094,https://doi.org/10.1515/mammalia-2014-0094,article,English,Pantanal Sul (MS),""
Ambiental,levin2015where,"Levin, N.; Kark, S.; Crandall, D.",Levin et al. (2015),2015,Where have all the people gone? Enhancing global conservation using night lights and social media,Ecological Applications,10.1890/15-0113.1,https://doi.org/10.1890/15-0113.1,article,English,Fora do Brasil,""
Ambiental,lima2015variabilidade,"Lima, C.; ZEILHOFER, P.; Dores, E.; CRUZ, I.",Lima et al. (2015),2015,"Variabilidade espacial da Qualidade de Água em Escala de Bacias - Rio Cuiabá e São Lourenço, Mato Grosso",Revista Brasileira de Recursos Hídricos,10.21168/rbrh.v20n1.p169-178,https://doi.org/10.21168/rbrh.v20n1.p169-178,article,"","Pantanal Norte (MT), sem município do recorte",""
Ambiental,lazaro2015non,"Lázaro, W. L.; Oliveira, R. F.; Santos-Filho, M.; Silva, C. J.; Malm, O.; Ignácio, Á. R.",Lázaro et al. (2015),2015,Non-lethal sampling for mercury evaluation in crocodilians,Chemosphere,10.1016/j.chemosphere.2015.05.007,https://doi.org/10.1016/j.chemosphere.2015.05.007,article,English,Pantanal genérico ou indefinido,""
Ambiental,machado2015seasonal,"Machado, N. G.; Biudes, M. S.; Querino, C. A. S.; Danelichen, V. H. M.; Velasque, M. C. S.",Machado et al. (2015),2015,"Seasonal and interannual pattern of meteorological variables in Cuiabá, Mato Grosso state, Brazil",Revista Brasileira de Geofisica,10.22564/rbgf.v33i3.748,https://doi.org/10.22564/rbgf.v33i3.748,article,English,"Pantanal Norte (MT), sem município do recorte",""
Ambiental,marchesi2015relationship,"Marchesi, M. D.; Rossi, J. L.; Guedes, N. M.; Carneiro, M. T. W.; Endringer, D. C.; Camargo Filho, C. B.",Marchesi et al. (2015),2015,"Relationship between weight, age and hatching success and the concentration of heavy metals in nestling blue macaw (Anodorhynchus hyacinthinus Latham, 1790) in the Pantanal, Mato Grosso do Sul",Pesquisa Veterinaria Brasileira,10.1590/s0100-736x2015000600014,https://doi.org/10.1590/s0100-736x2015000600014,article,English,Pantanal Sul (MS),""
Ambiental,marcal2015trichoptera,"Marçal, S. F.; Callil, C. T.; Santos, R. C. L.",Marçal et al. (2015),2015,Trichoptera (Insecta) in water hyacinth roots: evaluation of the influence of exotic mussel and environmental factors,Acta Limnologica Brasiliensia,10.1590/s2179-975x0715,https://doi.org/10.1590/s2179-975x0715,article,en,Pantanal genérico ou indefinido,""
Ambiental,mello2015dynamics,"Mello, J. M.; Couto, E. G.; Amorim, R. S. S.; Chig, L. A.; Johnson, M. S.; Lobo, F. A.",Mello et al. (2015),2015,Dynamics of chemical and physical attributes and seasonal variation of soil carbon stocks in different vegetation types of north pantanal of Mato Grosso,Revista Arvore,10.1590/0100-67622015000200012,https://doi.org/10.1590/0100-67622015000200012,article,Portuguese,Pantanal genérico ou indefinido,""
Ambiental,meurer2015influence,Meurer; Battirola; Delabie; Marques,Meurer et al. (2015),2015,Influence of the vegetation mosaic on ant (formicidae: Hymenoptera) distributions in the northern Brazilian pantanal,Sociobiology,10.13102/sociobiology.v62i3.359,https://doi.org/10.13102/sociobiology.v62i3.359,article,English,Cita município do recorte (MT),Cáceres
Ambiental,ortega2015first,"Ortega, J. C. G.",Ortega (2015),2015,"First record of peacock bass Cichla kelberi Kullander & Ferreira, 2006 in the Brazilian Pantanal",BioInvasions Records,10.3391/bir.2015.4.2.10,https://doi.org/10.3391/bir.2015.4.2.10,article,English,Pantanal genérico ou indefinido,""
Ambiental,pires2015plant,"Pires, A. P. F.",Pires (2015),2015,Plant species richness increases the spatial stability of litter mass in Brazilian Pantanal,Tropical Ecology,"","",article,English,Pantanal genérico ou indefinido,""
Ambiental,pires2015analise,"Pires, L. C.; Silva, L. F.; Mendonça, B. G.; Bacani, V. M.",Pires et al. (2015),2015,Análise da fragilidade ambiental do município de Aquidauana-MS / Analysis of the environmental fragility of the municipality of Aquidauana-MS - DOI 10.5752/P.2318-2962.2015v25n43p52,Caderno de Geografia,10.5752/p.2318-2962.2015v25n43p52,https://doi.org/10.5752/p.2318-2962.2015v25n43p52,article,pt,Pantanal Sul (MS),""
Ambiental,prado2015diversity,"Prado, J.; Sylvestre, L. S.; Labiak, P. H.; Windisch, P. G.; Salino, A.; Barros, I. C. L.; Hirai, R. Y.; Almeida, T. E.; Santiago, A. C. P.; Kieling-Rubio, M. A.; Pereira, A. F. N.; Øllgaard, B.; Ramos, C. G.; Mickel, J. T.; Dittrich, V. A.; Mynssen, C. M.; Schwartsburd, P. B.; Condack, J. P. S.; Pereira, J. B. S.; Matos, F. B.",Prado et al. (2015),2015,Diversity of ferns and lycophytes in Brazil,Rodriguésia,10.1590/2175-7860201566410,https://doi.org/10.1590/2175-7860201566410,article,en,Pantanal genérico ou indefinido,""
Ambiental,rezendefilho2015impacts,"Rezende-Filho, A. T.; Valles, V.; Furian, S.; Oliveira, C. M.; Ouardi, J.; Barbiero, L.",Rezende-Filho et al. (2015),2015,Impacts of lithological and anthropogenic factors affecting water chemistry in the upper Paraguay River Basin,Journal of Environmental Quality,10.2134/jeq2015.01.0019,https://doi.org/10.2134/jeq2015.01.0019,article,English,"Pantanal Norte (MT), sem município do recorte",""
Ambiental,rocha2015effect,"Rocha; Júnior, S.; Damasceno; Pott; Pott",Rocha et al. (2015),2015,Effect of fire on a monodominant floating mat of Cyperus giganteus Vahl in a neotropical wetland,Brazilian Journal of Biology,10.1590/1519-6984.08613,https://doi.org/10.1590/1519-6984.08613,article,English,Pantanal genérico ou indefinido,""
Ambiental,salis2015calendario,"Salis, S. M.; Jesus, E. M.; Reis, V. D. A.; Almeida, A. M.; Padilha, D. R. C.",Salis et al. (2015),2015,Calendário floral de plantas melíferas nativas da Borda Oeste do Pantanal no Estado do Mato Grosso do Sul,Pesquisa Agropecuária Brasileira,10.1590/s0100-204x2015001000001,https://doi.org/10.1590/s0100-204x2015001000001,article,pt,Pantanal Sul (MS),""
Ambiental,santos2015primer,"Santos, R. M.",Santos (2015),2015,"PRIMER LISTADO FICOLÓGICO DEL RÍO NEGRO, PANTANAL PARAGUAYO",Reportes científicos de la FACEN,"","",article,es,Pantanal Sul (MS),""
Ambiental,santos2015analysis,"Santos, A. C. A.; Nogueira, J. S.",Santos e Nogueira (2015),2015,Analysis of particulate matter at pantanal mato-grossense,Revista Brasileira de Meteorologia,10.1590/0102-778620140059,https://doi.org/10.1590/0102-778620140059,article,Portuguese,"Pantanal Norte (MT), sem município do recorte",""
Ambiental,schwerdtfeger2015coupled,"Schwerdtfeger, J.; Silveira, S. W. G.; Zeilhofer, P.; Weiler, M.",Schwerdtfeger et al. (2015),2015,Coupled ground-and space-based assessment of regional inundation dynamics to assess impact of local and upstream changes on evaporation in tropical wetlands,Remote Sensing,10.3390/rs70809769,https://doi.org/10.3390/rs70809769,article,English,Pantanal genérico ou indefinido,""
Ambiental,severoneto2015fishes,"Severo-Neto, F.; Tencatt, L. F. C.; Costa-Pereira, R.; Tavares, L. E. R.",Severo-Neto et al. (2015),2015,"Fishes from baía da medalha, southern pantanal, Brazil: A 20 years review",Biota Neotropica,10.1590/1676-06032015011614,https://doi.org/10.1590/1676-06032015011614,article,English,Pantanal Sul (MS),""
Ambiental,sigaud2015importancia,"Sigaud, C. G.; Macedo, M. L. R.; Nunes, J. R. S.",Sigaud et al. (2015),2015,"A importância do sarã (Sapium obovatum Klotzsch ex Mull. arg.) no rio Piraim, pantanal de barão de Melgaço – MT",UNICIÊNCIAS,"","",article,"",Cita município do recorte (MT),Barão de Melgaço
Ambiental,silva2015biodiversity,"Silva, C. J.; Sousa, K. N. S.; Ikeda-Castrillon, S. K.; Lopes, C. R. A. S.; Nunes, J. R. S.; Carniello, M. A.; Mariotti, P. R.; Lazaro, W. L.; Morini, A.; Zago, B. W.; Façanha, C. L.; Albernaz-Silveira, R.; Loureiro, E.; Viana, I. G.; Oliveira, R. F.; Cruz, W. J. A.; Arruda, J. C.; Sander, N. L.; Freitas Junior, D. S.; Pinto, V. R.; Lima, A. C.; Jongman, R. H.",Silva et al. (2015),2015,"Biodiversity and its drivers and pressures of change in the wetlands of the Upper Paraguay-Guaporé Ecotone, Mato Grosso (Brazil)",Land Use Policy,10.1016/j.landusepol.2015.04.004,https://doi.org/10.1016/j.landusepol.2015.04.004,article,English,Fora do Brasil,""
Ambiental,soriano2015efficiency,"Soriano, B. M. A.; Daniel, O.; Santos, S. A.",Soriano et al. (2015),2015,Efficiency of fire risk indices for pantanal sul-mato-grossense,Ciencia Florestal,"","",article,Portuguese,Pantanal Sul (MS),""
Ambiental,sousa2015atributos,"Sousa, J. B.; Pierangeli, M. A. P.; Serafim, M. E.; Souza, C. A.",Sousa et al. (2015),2015,"ATRIBUTOS MORFOLÓGICOS, FÍSICOS E QUÍMICOS DE SOLOS E PROCESSOS EROSIVOS NAS MARGENS DO RIO PARAGUAI, PANTANAL SUPERIOR, MATO GROSSO, BRASIL",Boletim de Geografia,10.4025/bolgeogr.v33i1.22580,https://doi.org/10.4025/bolgeogr.v33i1.22580,article,"",Cita município do recorte (MT),Cáceres
Ambiental,souza2015spatiotemporal,"Souza, J. C.; Cunha, V. P.; Markwith, S. H.",Souza et al. (2015),2015,Spatiotemporal variation in human-wildlife conflicts along highway BR-262 in the Brazilian Pantanal,Wetlands Ecology and Management,10.1007/s11273-014-9372-4,https://doi.org/10.1007/s11273-014-9372-4,article,English,Pantanal Sul (MS),""
Ambiental,tissiani2015environmental,Tissiani; Sousa; Santos; Ide; Battirola; Marques,Tissiani et al. (2015),2015,"Environmental influence on coprophagous Scarabaeidae (Insecta, Coleoptera) assemblages in the Pantanal of Mato Grosso",Brazilian Journal of Biology,10.1590/1519-6984.07514,https://doi.org/10.1590/1519-6984.07514,article,English,Pantanal genérico ou indefinido,""
Ambiental,vourlitis2015variations,"Vourlitis, G. L.; Lobo, F. A.; Pinto, O. B.; Zappia, A.; Dalmagro, H. J.; Arruda, P. H. Z.; Nogueira, J. S.",Vourlitis et al. (2015),2015,Variations in aboveground vegetation structure along a nutrient availability gradient in the Brazilian pantanal,Plant and Soil,10.1007/s11104-014-2364-6,https://doi.org/10.1007/s11104-014-2364-6,article,English,Pantanal genérico ou indefinido,""
Ambiental,zappi2015growing,"ZAPPI, D. C.; Filardi, F. R.; Leitman, P. M.; Souza, V. C.; Walter, B. M. T.; Pirani, J. R.; Morim, M. P.; Queiroz, L. P.; Cavalcanti, T. B.; Mansano, V. F.; Forzza, R. C.; Abreu, M. C.; Acevedo‐Rodríguez, P.; Agra, M. F.; Almeida, E. B.; Almeida, G. S. S.; Almeida, R. F.; Alves, F. M.; Alves, M.; Alves‐Araújo, A.; Amaral, M. C. E.; Amorim, A. M.; Amorim, B. S.; Andrade, I. M.; Andreata, R. H. P.; Andrino, C. O.; Anunciação, E. A.; Aona, L. Y. S.; Aranguren, Y.; Aranha Filho, J. L. M.; Araújo, A. O.; Araújo, A. A. M.; Araújo, D.; Arbo, M. M.; Assis, L. C. S.; Assis, M. C.; Assunção, V. A.; Athiê‐Souza, S. M.; Azevedo, C. O.; Baitello, J. B.; Barberena, F. F. V. A.; Barbosa, M. R. V.; Barros, F.; Barros, L. A. V.; Barros, M. J.; Baumgratz, J. F. A.; Bernacci, L. C.; Berry, P. E.; Bigio, N. C.; Biral, L.; Bittrich, V.; Borges, R. A. X.; Bortoluzzi, R. L. C.; Bove, C. P.; Bovini, M. G.; Braga, J. M. A.; Braz, D. M.; Bringel, J. B. A.; Bruniera, C. P.; Buturi, C. V.; Cabral, E.; Cabral, F. N.; Caddah, M. K.; Caires, C. S.; Calazans, L. S. B.; Calió, M. F.; Camargo, R. A.; Campbell, L.; Canto-Dorow, T. S.; Carauta, J. P. P.; Cardiel, J. M.; Cardoso, D.; Cardoso, L. J. T.; Carneiro, C. R.; Carneiro, C. E.; Carneiro‐Torres, D. S.; Carrijo, T. T.; Caruzo, M. B. R.; Carvalho, M. L. S.; Carvalho‐Silva, M.; Castello, A. C. D.; Cavalheiro, L.; Cervi, A. C.; Chacon, R. G.; Chautems, A. P.; Chiavegatto, B.; Chukr, N. S.; Coelho, A. A. O. P.; Coelho, M. A. N.; Coelho, R. L. G.; Cordeiro, I.; Córdula, E.; Cornejo, X.; Côrtes, A. L. A.; Costa, A. F.; Costa, F. N.; Costa, J. A. S.; Costa, L. C.; Costa-e-Silva, M. B.; Costa‐Lima, J. L.",ZAPPI et al. (2015),2015,Growing knowledge: an overview of Seed Plant diversity in Brazil,Rodriguésia,10.1590/2175-7860201566411,https://doi.org/10.1590/2175-7860201566411,article,en,Pantanal genérico ou indefinido,""
Ambiental,anon2015temperatura,[autoria nao recuperada],[autoria nao recuperada] (2015),2015,Temperatura del agua continental y su influencia en las migraciones de los peces en la cuenca del Río De La Plata,,"","",misc,"",Pantanal genérico ou indefinido,""
Ambiental,arruda2016inundation,"Arruda, W. S.; Oldeland, J.; Paranhos Filho, A. C.; Pott, A.; Cunha, N. L.; Ishii, I. H.",Arruda et al. (2016),2016,"Inundation and Fire Shape the Structure of Riparian Forests in the Pantanal, Brazil",PLOS ONE,10.1371/journal.pone.0156825,https://doi.org/10.1371/journal.pone.0156825,article,English,Pantanal genérico ou indefinido,""
Ambiental,assine2016geology,"Assine, M. L.; Merino, E. R.; Pupim, F. N.; Warren, L. V.; Guerreiro, R. L.; McGlue, M. M.",Assine et al. (2016),2016,Geology and geomorphology of the pantanal basin,Handbook of Environmental Chemistry,10.1007/698_2015_349,https://doi.org/10.1007/698_2015_349,incollection,English,Pantanal Sul (MS),""
Ambiental,assine2016avulsive,"Assine, M. L.; Macedo, H. A.; Stevaux, J. C.; Bergier, I.; Padovani, C. R.; Silva, A.",Assine et al. (2016),2016,Avulsive rivers in the hydrology of the pantanal wetland,Handbook of Environmental Chemistry,10.1007/698_2015_351,https://doi.org/10.1007/698_2015_351,incollection,English,Pantanal genérico ou indefinido,""
Ambiental,bacani2016geoprocessing,"Bacani, V. M.",Bacani (2016),2016,"Geoprocessing applied to risk assessment of forest fires in the municipality of bodoquena, mato grosso do sul",Revista Arvore,10.1590/0100-67622016000600005,https://doi.org/10.1590/0100-67622016000600005,article,English,Pantanal Sul (MS),""
Ambiental,bergier2016methane,"Bergier, I.; Silva, A. P. S.; Monteiro, H.; Guérin, F.; Macedo, H. A.; Silva, A.; Krusche, A.; Sawakuchi, H. O.; Bastviken, D.",Bergier et al. (2016),2016,Methane and carbon dioxide dynamics in the paraguay river floodplain (pantanal) in episodic anoxia events,Handbook of Environmental Chemistry,10.1007/698_2015_353,https://doi.org/10.1007/698_2015_353,incollection,English,Pantanal Sul (MS),""
Ambiental,buller2016historical,"Buller, L. S.; Bayma-Silva, G.; Zanetti, M. R.; Ortega, E.; Moraes, A.; Goulart, T.; Bergier, I.",Buller et al. (2016),2016,Historical land-use changes in são gabriel do oeste at the upper taquari river basin,Handbook of Environmental Chemistry,10.1007/698_2015_355,https://doi.org/10.1007/698_2015_355,incollection,English,Pantanal Sul (MS),""
Ambiental,coringa2016distribuicao,"CORINGA, J. E. S.; PEZZA, L.; CORINGA, E. A. O.; WEBER, O. L. S.",CORINGA et al. (2016),2016,"Distribuição geoquímica e biodisponibilidade de metais traço em sedimentos no Rio Bento Gomes, Poconé - MT, Brasil",Acta Amazonica,10.1590/1809-4392201502215,https://doi.org/10.1590/1809-4392201502215,article,"",Cita município do recorte (MT),Poconé
Ambiental,carron2016gran,"Carrón, J. M.",Carrón (2016),2016,Gran Pantanal en el Paraguay,,"","",article,es,Fora do Brasil,""
Ambiental,cavazzana2016natural,"Cavazzana, G. H.; Lastoria, G.; Roche, K. F.; Catalani, T. G. T.; Paranhos-Filho, A. C.",Cavazzana et al. (2016),2016,Natural and environmental vulnerability along the touristic “Estradas parque pantanal” by GIS algebraic mapping,Handbook of Environmental Chemistry,10.1007/698_2014_328,https://doi.org/10.1007/698_2014_328,incollection,English,Pantanal Sul (MS),""
Ambiental,ceccatto2016mercury,"Ceccatto, A. P. S.; Testoni, M. C.; Ignácio, A. R. A.; Santos-Filho, M.; Malm, O.; Díez, S.",Ceccatto et al. (2016),2016,Mercury distribution in organs of fish species and the associated risk in traditional subsistence villagers of the Pantanal wetland,Environmental Geochemistry and Health,10.1007/s10653-015-9754-4,https://doi.org/10.1007/s10653-015-9754-4,article,English,Pantanal genérico ou indefinido,""
Ambiental,cornero2016analysis,"Cornero, C.; Pereira, A.; Matos, A. C. O. C.; Pacino, M. C.",Cornero et al. (2016),2016,ANALYSIS OF WATER MASS VARIATION IN WETLANDS REGIONS USING DATA FROM GRACE SATELLITE MISSION: THE PANTANAL CASE,Brazilian Journal of Geophysics,10.22564/rbgf.v34i4.892,https://doi.org/10.22564/rbgf.v34i4.892,article,pt,Pantanal genérico ou indefinido,""
Ambiental,correa2016using,"Correa, C. M. A.; Puker, A.; Ferreira, K. R.; Cristaldo, C. M.; Ferreira, F. N. F.; Abot, A. R.; Korasaki, V.",Correa et al. (2016),2016,Using dung beetles to evaluate the conversion effects from native to introduced pasture in the Brazilian Pantanal,Journal of Insect Conservation,10.1007/s10841-016-9877-7,https://doi.org/10.1007/s10841-016-9877-7,article,English,Pantanal Sul (MS),""
Ambiental,costa2016original,"Costa, P. H.; Pereira, E. O.; Maillard, P.",Costa et al. (2016),2016,An original processing method of satellite altimetry for estimating water levels and volume fluctuations in a series of small lakes of the Pantanal wetland complex in Brazil,"International Archives of the Photogrammetry, Remote Sensing and Spatial Information Sciences - ISPRS Archives",10.5194/isprsarchives-xli-b8-327-2016,https://doi.org/10.5194/isprsarchives-xli-b8-327-2016,inproceedings,English,Pantanal genérico ou indefinido,""
Ambiental,danelichen2016relations,"Danelichen, V. H. M.; Biudes, M. S.; Souza, M. C.; Machado, N. G.; Nogueira, J. S.",Danelichen et al. (2016),2016,"Relations of vegetation and water indices to volumetric soil water content in the Pantanal of Mato Grosso, Brazil",International Journal of Remote Sensing,10.1080/01431161.2016.1213921,https://doi.org/10.1080/01431161.2016.1213921,article,English,Pantanal Sul (MS),""
Ambiental,dettmering2016potential,"Dettmering, D.; Schwatke, C.; Boergens, E.; Seitz, F.",Dettmering et al. (2016),2016,Potential of ENVISAT radar altimetry for water level monitoring in the Pantanal wetland,Remote Sensing,10.3390/rs8070596,https://doi.org/10.3390/rs8070596,article,English,Pantanal genérico ou indefinido,""
Ambiental,fantincruz2016changes,"Fantin-Cruz, I.; Pedrollo, O.; Girard, P.; Zeilhofer, P.; Hamilton, S. K.",Fantin-Cruz et al. (2016),2016,Changes in river water quality caused by a diversion hydropower dam bordering the Pantanal floodplain,Hydrobiologia,10.1007/s10750-015-2550-4,https://doi.org/10.1007/s10750-015-2550-4,article,English,Pantanal genérico ou indefinido,""
Ambiental,ferreira2016modificacao,"Ferreira, E. M.; Dresch, C. J.; Ayach, L. R.",Ferreira et al. (2016),2016,A MODIFICAÇÃO DA PAISAGEM NO CONTEXTO HISTÓRICO DE OCUPAÇÃO DO TERRITÓRIO DO ASSENTAMENTO SÃO MANOEL – ANASTÁCIO-MS,Revista Geografar,10.5380/geografar.v11i1.48974,https://doi.org/10.5380/geografar.v11i1.48974,article,pt,Pantanal Sul (MS),""
Ambiental,ferreirajunior2016flood,"Ferreira-Júnior, W. G.; Schaefer, C. E. G. R.; Cunha, C. N.; Duarte, T. G.; Chieregatto, L. C.; Carmo, F. M. S.",Ferreira-Júnior et al. (2016),2016,Flood regime and water table determines tree distribution in a forest-savanna gradient in the Brazilian pantanal,Anais da Academia Brasileira de Ciencias,10.1590/0001-3765201620150341,https://doi.org/10.1590/0001-3765201620150341,article,English,"Pantanal Norte (MT), sem município do recorte",""
Ambiental,florentino2016determinants,"Florentino, A. C.; Petrere, M.; Freitas, C. E. C.; Toledo, J. J.; Mateus, L.; Súarez, Y. R.; Penha, J.",Florentino et al. (2016),2016,"Determinants of changes in fish diversity and composition in floodplain lakes in two basins in the Pantanal wetlands, Brazil",Environmental Biology of Fishes,10.1007/s10641-016-0472-2,https://doi.org/10.1007/s10641-016-0472-2,article,English,Pantanal de MT e MS,""
Ambiental,gomessilva2016limnology,"Gomes-Silva, P. A. J.; Lima, S. D.; Golin, R.; Lima, Z. M.; Morais, E. B.; Dores, E. F. G. C.",Gomes-Silva et al. (2016),2016,LIMNOLOGY AND WATER QUALITY IN AN URBAN WATERSHED IN NORTH PANTANAL,HOLOS,10.15628/holos.2016.3235,https://doi.org/10.15628/holos.2016.3235,article,"",Cita município do recorte (MT),Poconé
Ambiental,hoefle2016nature,"Hoefle, S.; Bicalho, A. M.",Hoefle e Bicalho (2016),2016,Nature enclosures: Historic peasants versus public and private conservation units of the Paraguay River in the Pantanal wetlands of western Brazil,BELGEO,10.4000/belgeo.19677,https://doi.org/10.4000/belgeo.19677,article,English,Pantanal genérico ou indefinido,""
Ambiental,machado2016seasonality,"Machado, N. G.; Biudes, M. S.; Angelini, L. P.; Mützenberg, D. M. S.; Nassarden, D. C. S.; Bilio, R. S.; Silva, T. J. A.; Neves, G. A. R.; Arruda, P. H. Z.; Nogueira, J. S.",Machado et al. (2016),2016,Seasonality of energy balance and evapotranspiration in a flooded scrubland in the pantanal of mato grosso,Revista Brasileira de Meteorologia,10.1590/0102-778620140164,https://doi.org/10.1590/0102-778620140164,article,Portuguese,"Pantanal Norte (MT), sem município do recorte",""
Ambiental,magalhaes2016metais,"Magalhães, G. C.; Fantin-Cruz, I.; Zeilhofer, P.; Dores, E. F. G. C.",Magalhães et al. (2016),2016,Metais potencialmente tóxicos em rios a montante do Pantanal Norte,Ambiente e Agua - An Interdisciplinary Journal of Applied Science,10.4136/ambi-agua.1827,https://doi.org/10.4136/ambi-agua.1827,article,Portuguese,"Pantanal Norte (MT), sem município do recorte",""
Ambiental,marengo2016regional,"Marengo, J. A.; Alves, L. M.; Torres, R. R.",Marengo et al. (2016),2016,Regional climate change scenarios in the Brazilian Pantanal watershed,Climate Research,10.3354/cr01324,https://doi.org/10.3354/cr01324,article,English,Pantanal genérico ou indefinido,""
Ambiental,marengo2016climate,"Marengo, J. A.; Oliveira, G. S.; Alves, L. M.",Marengo et al. (2016),2016,Climate change scenarios in the pantanal,Handbook of Environmental Chemistry,10.1007/698_2015_357,https://doi.org/10.1007/698_2015_357,incollection,English,Pantanal genérico ou indefinido,""
Ambiental,mcglue2016paleolimnology,"McGlue, M. M.; Silva, A.; Assine, M. L.; Stevaux, J. C.; Pupim, F. N.",McGlue et al. (2016),2016,Paleolimnology in the pantanal: Using lake sediments to track quaternary environmental change in the world’s largest tropical wetland,Handbook of Environmental Chemistry,10.1007/698_2015_350,https://doi.org/10.1007/698_2015_350,incollection,English,Pantanal genérico ou indefinido,""
Ambiental,moreira2016effects,"Moreira, L. F.; Solino-Carvalho, L. A.; Strüssmann, C.; Silveira, R. M.",Moreira et al. (2016),2016,Effects of exotic pastures on tadpole assemblages in Pantanal floodplains: assessing changes in species composition,Amphibia-Reptilia,10.1163/15685381-00003043,https://doi.org/10.1163/15685381-00003043,article,English,"Pantanal Norte (MT), sem município do recorte",""
Ambiental,peres2016variation,"Peres, P. N.; Mioto, C. L.; Marcato, J.; Paranhos Filho, A. C.",Peres et al. (2016),2016,Variation of the pantanal’s landcover from 2000 to 2015 by remote sensing with free software and data,Anuario do Instituto de Geociencias,10.11137/2016_2_116_123,https://doi.org/10.11137/2016_2_116_123,article,Portuguese,Pantanal genérico ou indefinido,""
Ambiental,pinho2016birds,"Pinho, J. B.; Lopes, L. E.; Marini, M. Â.",Pinho et al. (2016),2016,"Birds from the Pirizal region, Pantanal of Poconé, Mato Grosso, Brazil",Revista Brasileira de Ornitologia,10.1007/bf03544354,https://doi.org/10.1007/bf03544354,article,English,Cita município do recorte (MT),Poconé
Ambiental,pinto2016assessment,"Pinto, J. S.; Pinto, A. L.; Pinto, V. P. S.; Oliveira, A. K. M.; Souza, C. C.",Pinto et al. (2016),2016,"Assessment of environmental sustainability in three state parks of Mato Grosso do Sul, in the period 1985-2014",RA'E GA: o Espaço Geográfico em Análise,10.5380/raega.v37i0.41751,https://doi.org/10.5380/raega.v37i0.41751,article,Portuguese,Pantanal Sul (MS),""
Ambiental,porfirio2016how,"Porfirio, G.; Sarmento, P.; Leal, S.; Fonseca, C.",Porfirio et al. (2016),2016,How is the jaguar Panthera onca perceived by local communities along the Paraguai River in the Brazilian Pantanal?,ORYX,10.1017/s0030605314000349,https://doi.org/10.1017/s0030605314000349,article,English,Pantanal genérico ou indefinido,""
Ambiental,pott2016terrestrial,"Pott, A.; Silva, J. S. V.",Pott e Silva (2016),2016,Terrestrial and aquatic vegetation diversity of the pantanal wetland,Handbook of Environmental Chemistry,10.1007/698_2015_352,https://doi.org/10.1007/698_2015_352,incollection,English,Fora do Brasil,""
Ambiental,queirozsantos2016assessment,"Queiroz-Santos, L.; Dias, F. M. S.; Dell’Erba, R.; Casagrande, M. M.; Mielke, O. H. H.",Queiroz-Santos et al. (2016),2016,"Assessment of the current state of biodiversity data for butterflies and skippers in the state of Mato Grosso, Brazil (Lepidoptera, Papilionoidea and Hesperioidea)",ZooKeys,10.3897/zookeys.595.7856,https://doi.org/10.3897/zookeys.595.7856,article,English,Pantanal genérico ou indefinido,""
Ambiental,reynolds2016using,"Reynolds, J.; Wesson, K.; Desbiez, A. L.; Ochoa-Quintero, J. M.; Leimgruber, P.",Reynolds et al. (2016),2016,"Using remote sensing and random forest to assess the conservation status of critical cerrado habitats in Mato Grosso do Sul, Brazil",Land,10.3390/land5020012,https://doi.org/10.3390/land5020012,article,English,Pantanal Sul (MS),""
Ambiental,roques2016effects,"Roques, S.; Sollman, R.; Jácomo, A.; Tôrres, N.; Silveira, L.; Chávez, C.",Roques et al. (2016),2016,Effects of habitat deterioration on the population genetics and conservation of the jaguar,Conservation Genetics,10.1007/s10592-015-0766-5,https://doi.org/10.1007/s10592-015-0766-5,article,English,Pantanal genérico ou indefinido,""
Ambiental,filho2016mercurio,"Santos Filho, F. M.; Lino, A. S.; Malm, O.; Ignácio, Á. R. A.",Santos Filho et al. (2016),2016,"MERCÚRIO, CROMO, CÁDMIO E CHUMBO EM PYGOCENTRUS NATTERERI KNER, 1858 E PROCHILODUS LINEATUS (VALENCIENNES, 1836) DE DOIS RIOS DO PANTANAL (MT), BRASIL",Revista Brasileira de Ciências Ambientais,10.5327/z2176-9478201600116,https://doi.org/10.5327/z2176-9478201600116,article,pt,"Pantanal Norte (MT), sem município do recorte",""
Ambiental,santos2016analysis,"Santos, A. C. A.; Finger, A.; Nogueira, J. S.; Curado, L. F. A.; Palácios, R. S.; Pereira, V. M. R.",Santos et al. (2016),2016,Analysis of the concentration and composition of aerosols from fires in the Mato Grosso Wetland,Quimica Nova,10.5935/0100-4042.20160105,https://doi.org/10.5935/0100-4042.20160105,article,Portuguese,"Pantanal Norte (MT), sem município do recorte",""
Ambiental,schwerdtfeger2016tracer,Schwerdtfeger; Hartmann; Weiler,Schwerdtfeger et al. (2016),2016,A tracer-based simulation approach to quantify seasonal dynamics of surface-groundwater interactions in the Pantanal wetland,Hydrological Processes,10.1002/hyp.10904,https://doi.org/10.1002/hyp.10904,article,English,"Pantanal Norte (MT), sem município do recorte",""
Ambiental,silva2016analysis,"Silva, M. G.; Alvalá, P. C.; Marani, L.; Ferreira, W. J.",Silva et al. (2016),2016,"Analysis of the influence of environmental parameters on methane flux from floodplains and lakes in the Abobral River, Pantanal, Brazil",Revista Ambiente e Agua,10.4136/ambi-agua.1775,https://doi.org/10.4136/ambi-agua.1775,article,Portuguese,Pantanal Sul (MS),""
Ambiental,tundisi2016integrating,"Tundisi, J. G.; Tundisi, T. M.",Tundisi e Tundisi (2016),2016,"Integrating ecohydrology, water management, and watershed economy: Case studies from Brazil",Ecohydrology and Hydrobiology,10.1016/j.ecohyd.2016.03.006,https://doi.org/10.1016/j.ecohyd.2016.03.006,article,English,Pantanal genérico ou indefinido,""
Ambiental,wantzen2016invertebrates,"Wantzen, K. M.; Marchese, M. R.; Marques, M. I.; Battirola, L. D.",Wantzen et al. (2016),2016,Invertebrates in neotropical floodplains,Invertebrates in Freshwater Wetlands: An International Perspective on Their Ecology,10.1007/978-3-319-24978-0_14,https://doi.org/10.1007/978-3-319-24978-0_14,incollection,English,Pantanal genérico ou indefinido,""
Ambiental,zeilhofer2016temporal,"Zeilhofer, P.; Calheiros, D. F.; Oliveira, M. D.; Dores, E. F. G. C.; Lima, G. A. R.; Fantin-Cruz, I.",Zeilhofer et al. (2016),2016,Temporal patterns of water quality in the Pantanal floodplain and its contributing Cerrado upland rivers: implications for the interpretation of freshwater integrity,Wetlands Ecology and Management,10.1007/s11273-016-9497-8,https://doi.org/10.1007/s11273-016-9497-8,article,English,"Pantanal Norte (MT), sem município do recorte",""
Ambiental,anjos2017ground,"Anjos, K. C.; Batistella, D. A.; Brescovit, A. D.; Battirola, L. D.; Marques, M. I.",Anjos et al. (2017),2017,"Ground-dwelling spiders (Arachnida, araneae) in different vegetational formations in a neotropical floodplain",Neotropical Biology and Conservation,10.4013/nbc.2017.123.02,https://doi.org/10.4013/nbc.2017.123.02,article,English,Pantanal genérico ou indefinido,""
Ambiental,aquino2017analise,"Aquino, H. C.; Galvanin, E. A. S.; Neves, S. M. A. S.; Nascimento, D. L.",Aquino et al. (2017),2017,ANÁLISE DA DINÂMICA DE PASTAGEM NO PANTANAL DE CÁCERES/MT / ANALYSIS OF THE PASTURE DYNAMICS IN THE PANTANAL CACERES/MT,Geo UERJ,10.12957/geouerj.2017.21490,https://doi.org/10.12957/geouerj.2017.21490,article,"",Cita município do recorte (MT),Cáceres
Ambiental,aranda2017preliminary,"Aranda, R.; Olivier, R. S.",Aranda e Olivier (2017),2017,"Preliminary Study of Species-Area, Isolation and Impact of Environmental Heterogeneity on Insect Communities in Natural Patches in the Brazilian Pantanal",Entomological News,10.3157/021.126.0409,https://doi.org/10.3157/021.126.0409,article,English,Pantanal genérico ou indefinido,""
Ambiental,arrieira2017temporal,"Arrieira, R. L.; Schwind, L. T. F.; Bonecker, C. C.; Lansac-Tôha, F. A.",Arrieira et al. (2017),2017,Temporal dynamics and environmental predictors on the structure of planktonic testate amoebae community in four neotropical floodplains,Journal of Freshwater Ecology,10.1080/02705060.2016.1236758,https://doi.org/10.1080/02705060.2016.1236758,article,English,Pantanal genérico ou indefinido,""
Ambiental,auko2017inventario,"Auko, T. H.; Carbonari, V.; Ribeiro, D. G.; Silvestre, R.",Auko et al. (2017),2017,"Inventário de vespas (Hymenoptera, Vespidae) no Mato Grosso do Sul, Brasil",Iheringia Série Zoologia,10.1590/1678-4766e2017125,https://doi.org/10.1590/1678-4766e2017125,article,pt,Pantanal Sul (MS),""
Ambiental,battirola2017vertical,"Battirola, L. D.; Rosado-Neto, G. H.; Batistella, D. A.; Mahnert, V.; Brescovit, A. D.; Marques, M. I.",Battirola et al. (2017),2017,Vertical and time distribution of pseudoscorpiones (Arthropoda: Arachnida) in a floodplain forest in the Brazilian pantanal,Revista de Biologia Tropical,10.15517/rbt.v65i2.24134,https://doi.org/10.15517/rbt.v65i2.24134,article,English,"Pantanal Norte (MT), sem município do recorte",""
Ambiental,campos2017microbial,"Campos, D. T. S.; Martins, M. E.; Messias, I. A. M.; Medeiros, P. T.",Campos et al. (2017),2017,Microbial biomass in a haplic gleysol in the Mato Grosso State Pantanal,Comunicata Scientiae,10.14295/cs.v8i2.543,https://doi.org/10.14295/cs.v8i2.543,article,English,Pantanal genérico ou indefinido,""
Ambiental,carvalho2017checklist,"Carvalho, L. S.; BRESCOVIT, A. D.; SOUZA, C. A. R.; Raizer, J.",Carvalho et al. (2017),2017,"Checklist dos escorpiões (Arachnida, Scorpiones) do Mato Grosso do Sul, Brasil",Iheringia Série Zoologia,10.1590/1678-4766e2017108,https://doi.org/10.1590/1678-4766e2017108,article,pt,Pantanal Sul (MS),""
Ambiental,chiaravalloti2017systematic,Chiaravalloti,Chiaravalloti (2017),2017,Systematic conservation planning in floodplain fisheries: To what extent are fishers’ needs captured in prioritisation models?,Fisheries Management and Ecology,10.1111/fme.12236,https://doi.org/10.1111/fme.12236,article,English,Pantanal genérico ou indefinido,""
Ambiental,cornero2017analysis,"Cornero, C.; Pereira, A.; Matos, A. C. O. C.; Pacino, M. C.",Cornero et al. (2017),2017,Analysis of water mass variation in wetlands using data from grace satellite mission: The pantanal case,Revista Brasileira de Geofisica,10.22564/rbgf.v35i4.786,https://doi.org/10.22564/rbgf.v35i4.786,article,English,"Pantanal Norte (MT), sem município do recorte",""
Ambiental,cristaldo2017analysis,"Cristaldo, M. F.; Souza, C. C.; Jesus, L.; Padovani, C. R.; Oliveira, P. T. S.; Viganó, H. H. G.",Cristaldo et al. (2017),2017,Analysis and distribution of the rainfall monitoring network in a Brazilian Pantanal region,Revista Brasileira de Meteorologia,10.1590/0102-77863220007,https://doi.org/10.1590/0102-77863220007,article,English,Pantanal Sul (MS),""
Ambiental,candido2017bays,"Cândido, A. K. A. A.; Paranhos Filho, A. C.; Silva, N. M.; Haupenthal, M. R.; Amorim, G. M.",Cândido et al. (2017),2017,Bays and Saline Pond Classification Generated from the Nhecolândia Pantanal Aerial Photograph Vegetation Indexes,"Water, Air, and Soil Pollution",10.1007/s11270-017-3498-y,https://doi.org/10.1007/s11270-017-3498-y,article,English,Pantanal Sul (MS),""
Ambiental,dalmagro2017spatial,"Dalmagro, H. J.; Johnson, M. S.; Musis, C. R.; Lathuillière, M. J.; Graesser, J.; Pinto-Júnior, O. B.; Couto, E. G.",Dalmagro et al. (2017),2017,Spatial patterns of DOC concentration and DOM optical properties in a Brazilian tropical river-wetland system,Journal of Geophysical Research: Biogeosciences,10.1002/2017jg003797,https://doi.org/10.1002/2017jg003797,article,English,"Pantanal Norte (MT), sem município do recorte",""
Ambiental,demetrio2017inventario,"Demétrio, M. F.; Silvestre, R.; Souza, P. R.; Aoki, C.",Demétrio et al. (2017),2017,"Inventário da fauna de formigas (Hymenoptera, Formicidae) no Mato Grosso do Sul, Brasil",Iheringia Série Zoologia,10.1590/1678-4766e2017126,https://doi.org/10.1590/1678-4766e2017126,article,pt,Pantanal Sul (MS),""
Ambiental,donatelli2017temporal,"Donatelli, R. J.; Eaton, D. P.; Cardoso, G. S.; Vianna, R. M.; Gerotti, R. W.; Rodrigues, F. G.; Martins, R. M.",Donatelli et al. (2017),2017,"Temporal and spatial variation of richness and abundance of the community of birds in the Pantanal wetlands of Nhecolândia (Mato Grosso do Sul, Brazil)",Revista de Biología Tropical,10.15517/rbt.v65i4.27729,https://doi.org/10.15517/rbt.v65i4.27729,article,en,Pantanal Sul (MS),""
Ambiental,eaton2017citizen,"Eaton, D. P.; Sada, D. W.; Santos, M. C. A.",Eaton et al. (2017),2017,Citizen scientists help unravel the nature of cattle impacts on native mammals and birds visiting fruiting trees in Brazil's southern Pantanal,Biological Conservation,10.1016/j.biocon.2016.09.010,https://doi.org/10.1016/j.biocon.2016.09.010,article,English,Pantanal Sul (MS),""
Ambiental,facanha2017avaliacao,"Façanha, C. L.; Viana, I. G.; Silva, C. J.",Façanha et al. (2017),2017,"Avaliação Ecossistêmica do Milênio aplicada a uma comunidade tradicional do Pantanal, Mato Grosso, Brasil",Boletim do Museu Paraense Emílio Goeldi - Ciências Naturais,10.46357/bcnaturais.v12i2.389,https://doi.org/10.46357/bcnaturais.v12i2.389,article,pt,"Pantanal Norte (MT), sem município do recorte",""
Ambiental,ferreira2017survey,"Ferreira, F. S.; Duarte, G. S. V.; Costa Neto, F. P. S.; Froehlich, O.; Súarez, Y. R.",Ferreira et al. (2017),2017,"Survey of fish species from plateau streams of the Miranda River Basin in the Upper Paraguay River Region, Brazil",Biota Neopropica/Biota Neotropica,10.1590/1676-0611-bn-2017-0344,https://doi.org/10.1590/1676-0611-bn-2017-0344,article,en,Pantanal Sul (MS),""
Ambiental,ferreira2017repteis,"Ferreira, V. L.; Terra, J. S.; Piatti, L.; Delatorre, M.; Strüssmann, C.; Béda, A. F.; Ribeiro, R. A. K.; Landgref Filho, P.; Aoki, C.; Campos, Z.; Souza, F. L.; Ávila, R. W.; Duleba, S.; Martins, K. S.; Rita, P. H. S.; Albuquerque, N. R.",Ferreira et al. (2017),2017,"Répteis do Mato Grosso do Sul, Brasil",Iheringia Série Zoologia,10.1590/1678-4766e2017153,https://doi.org/10.1590/1678-4766e2017153,article,pt,Pantanal Sul (MS),""
Ambiental,froehlich2017checklist,"Froehlich, O.; Cavallaro, M. R.; Sabino, J.; Súarez, Y. R.; Vilela, M. J. A.",Froehlich et al. (2017),2017,"Checklist da ictiofauna do Estado de Mato Grosso do Sul, Brasil",Iheringia Série Zoologia,10.1590/1678-4766e2017151,https://doi.org/10.1590/1678-4766e2017151,article,pt,Pantanal Sul (MS),""
Ambiental,furquim2017salt,"Furquim, S. A. C.; Santos, M. A.; Vidoca, T. T.; Balbino, M. A.; Cardoso, E. L.",Furquim et al. (2017),2017,"Salt-affected soils evolution and fluvial dynamics in the Pantanal wetland, Brazil",Geoderma,10.1016/j.geoderma.2016.10.030,https://doi.org/10.1016/j.geoderma.2016.10.030,article,English,Pantanal Sul (MS),""
Ambiental,gazolla2017characterization,"GAZOLLA, B. L.; Gonçalves, F. V.",GAZOLLA e Gonçalves (2017),2017,"Characterization of the Erosion Process of the Miranda River Margins in the Region of Passo do Lontra, Corumbá, Mato Grosso do Sul",Anuário do Instituto de Geociências,10.11137/2017_2_144_152,https://doi.org/10.11137/2017_2_144_152,article,pt,Pantanal Sul (MS),""
Ambiental,galvanin2017study,"Galvanin, E. A. S.; Cruz, C. B. M.; Vicens, R. S.; Pereira, M. H. X.; Neves, S. M. A. S.",Galvanin et al. (2017),2017,Study of the Floodflow Dynamics in the Pantanal of Cáceres/MT,"Proceedings of the 3rd International Conference on Geographical Information Systems Theory, Applications and Management",10.5220/0006309001950200,https://doi.org/10.5220/0006309001950200,inproceedings,English,Cita município do recorte (MT),Cáceres
Ambiental,graciolli2017biota,"Graciolli, G.; Roque, F. O.; Farinaccio, M. A.; Souza, P. R.; Pinto, J. O. P.",Graciolli et al. (2017),2017,Biota-MS: Adding pieces to the biodiversity puzzle of Mato Grosso do Sul,Iheringia - Serie Zoologia,10.1590/1678-4766e2017100,https://doi.org/10.1590/1678-4766e2017100,article,Portuguese,Pantanal Sul (MS),""
Ambiental,higuti2017checklist,"Higuti, J.; Roche, K. F.; Martens, K.",Higuti et al. (2017),2017,"Checklist of freshwater ostracods (Crustacea, ostracoda) of the Pantanal of Mato Grosso do Sul, Brazil",Iheringia - Serie Zoologia,10.1590/1678-4766e2017114,https://doi.org/10.1590/1678-4766e2017114,article,Portuguese,Pantanal Sul (MS),""
Ambiental,lathuilliere2017soil,"Lathuillière, M. J.; Pinto, O. B.; Johnson, M. S.; Jassal, R. S.; Dalmagro, H. J.; Leite, N. K.; Speratti, A. B.; Krampe, D.; Couto, E. G.",Lathuillière et al. (2017),2017,Soil CO2 concentrations and efflux dynamics of a tree island in the Pantanal wetland,Journal of Geophysical Research: Biogeosciences,10.1002/2017jg003877,https://doi.org/10.1002/2017jg003877,article,English,Pantanal genérico ou indefinido,""
Ambiental,luz2017hidrodinamica,"Luz, L. D.; Stevaux, J. C.; Parolin, M.; Silva, A.",Luz et al. (2017),2017,"Hidrodinâmica da Confluência dos Rios Cuiabá e Paraguai, Pantanal Mato-grossense",Geography Department University of Sao Paulo,10.11606/rdg.v0ispe.132949,https://doi.org/10.11606/rdg.v0ispe.132949,article,"","Pantanal Norte (MT), sem município do recorte",""
Ambiental,larios2017evidence,"Lários, M. C.; Cunha, C. N.; Penha, J.; Landeiro, V. L.; Pinho, J. B.; Aragona, M.; Valério, L. M.; Strüssmann, C.; Marques, M. I.; Lourenço, L. S.; Chupel, T. F.; Fernandes, I. M.",Lários et al. (2017),2017,Evidence of cross-taxon congruence in Neotropical wetlands: Importance of environmental and spatial factors,Global Ecology and Conservation,10.1016/j.gecco.2017.09.003,https://doi.org/10.1016/j.gecco.2017.09.003,article,English,Pantanal genérico ou indefinido,""
Ambiental,machado2017biodiversity,"Machado, N. G.; Rocha, L. A.; Silva, N. D.; Silva, D. F. N.; Florêncio, F. P.; Fernandes, T. B. S.",Machado et al. (2017),2017,BIODIVERSITY IN URBAN GREEN SPACE: A CASE STUDY IN THE NEOTROPICS,Nativa,10.31413/nativa.v5i5.4466,https://doi.org/10.31413/nativa.v5i5.4466,article,pt,"Pantanal Norte (MT), sem município do recorte",""
Ambiental,mamede2017ciencia,"Mamede, S.; Benites, M.; Alho, C. J. R.",Mamede et al. (2017),2017,Ciência Cidadã e sua Contribuição na Proteção e Conservação da Biodiversidade na Reserva da Biosfera do Pantanal,Revista Brasileira de Educação Ambiental (RevBEA),10.34024/revbea.2017.v12.2473,https://doi.org/10.34024/revbea.2017.v12.2473,article,pt,Pantanal genérico ou indefinido,""
Ambiental,mello2017checklist,"Mello, R. L.",Mello (2017),2017,"Checklist of the species of pyrgotidae (Diptera, tephritoidea) from mato Grosso Do Sul State",Iheringia - Serie Zoologia,10.1590/1678-4766e2017145,https://doi.org/10.1590/1678-4766e2017145,article,Portuguese,Pantanal Sul (MS),""
Ambiental,miranda2017geotechnology,"Miranda, C. S.; Cândido, A. K. A. A.; Mioto, C. L.; Silva, N. M.; Paranhos Filho, A. C.; Pott, A.",Miranda et al. (2017),2017,Geotechnology as support for the management of conservation units in Brazil's Pantanal,Boletim do Museu Paraense Emílio Goeldi - Ciências Naturais,10.46357/bcnaturais.v12i2.388,https://doi.org/10.46357/bcnaturais.v12i2.388,article,"",Pantanal de MT e MS,""
Ambiental,mino2017genetic,"Miño, C. I.; Avelar, L. H. S.; Silva, F. M.; Perez, M. F.; Menezes, L. F.; Lama, S. N.",Miño et al. (2017),2017,Genetic differentiation and historical demography of wood stork populations in Brazilian wetlands: Implications for the conservation of the species and associated ecosystems,Aquatic Conservation: Marine and Freshwater Ecosystems,10.1002/aqc.2791,https://doi.org/10.1002/aqc.2791,article,English,Pantanal genérico ou indefinido,""
Ambiental,morais2017variacao,"Morais, D. D.; Dalmagro, H. J.; Pinto, O. B.; Musis, C. R.; Couto, E. G.; Johnson, M. S.",Morais et al. (2017),2017,VARIAÇÃO SAZONAL DO CARBONO ORGÂNICO DISSOLVIDO (COD) E PROPRIEDADES ÓPTICAS DA MATÉRIA ORGÂNICA EM DIFERENTES SISTEMAS DE PASTAGEM E DE SOJA NO ESTADO DE MATO GROSSO,Ciência e Natura,10.5902/2179460x27649,https://doi.org/10.5902/2179460x27649,article,pt,Pantanal genérico ou indefinido,""
Ambiental,moreira2017aquatic,"Moreira, S. N.; Assunção, V. A.; Bueno, B.; Rodrigues, L. S.; Silva, R. H.; Pott, V. J.; Pott, A.; Damasceno‐Júnior, G. A.; Scremin-Dias, E.",Moreira et al. (2017),2017,"Aquatic macrophytes in Paraguay River branches in the Brazilian Pantanal, Mato Grosso do Sul, Brazil",Boletim do Museu Paraense Emílio Goeldi - Ciências Naturais,10.46357/bcnaturais.v12i2.384,https://doi.org/10.46357/bcnaturais.v12i2.384,article,en,Pantanal Sul (MS),""
Ambiental,moreira2017are,"Moreira, S. N.; Pott, V. J.; Souza, E. B.; Pott, A.",Moreira et al. (2017),2017,Are Mauritia flexuosa L. f. palm swamps in the Brazilian Pantanal true veredas? A floristic appraisal,Boletim do Museu Paraense Emílio Goeldi - Ciências Naturais,10.46357/bcnaturais.v12i2.386,https://doi.org/10.46357/bcnaturais.v12i2.386,article,en,Pantanal Sul (MS),""
Ambiental,moreira2017inter,"Moreira, L. F.; Dorado-Rodrigues, T. F.; Ferreira, V. L.; Strüssmann, C.",Moreira et al. (2017),2017,An inter-dependence of flood and drought: Disentangling amphibian beta diversity in seasonal floodplains,Marine and Freshwater Research,10.1071/mf16391,https://doi.org/10.1071/mf16391,article,English,Pantanal Sul (MS),""
Ambiental,nunes2017checklist,"Nunes, A. P.; Straube, F. C.; Laps, R. R.; Posso, S. R.",Nunes et al. (2017),2017,"Checklist das aves do Estado do Mato Grosso do Sul, Brasil",Iheringia Série Zoologia,10.1590/1678-4766e2017154,https://doi.org/10.1590/1678-4766e2017154,article,pt,Pantanal Sul (MS),""
Ambiental,oliveira2017remote,"Oliveira, A. P. G.; Correa, J. S.; Ribeiro, M. L.; Almeida, B. S.; Mioto, C. L.; Albrez, E. A.; Silva, N. M.; Paranhos Filho, A. C.",Oliveira et al. (2017),2017,Remote sensing and limnological components for the characterization of the nhecolândia pantanal ponds,Anuario do Instituto de Geociencias,10.11137/2017_3_159_169,https://doi.org/10.11137/2017_3_159_169,article,Portuguese,Pantanal Sul (MS),""
Ambiental,oliveira2017contribution,"Oliveira, A. P. G.; Encina, C. C. C.; Miranda, L. M.; Mioto, C.; Paranhos Filho, A. C.",Oliveira et al. (2017),2017,Contribution to the delimitation of the sub-regions of miranda-abobral and aquidauana of the Pantanal,Anuario do Instituto de Geociencias,10.11137/2017_3_191_201,https://doi.org/10.11137/2017_3_191_201,article,Portuguese,Pantanal Sul (MS),""
Ambiental,oliveira2017origin,"Oliveira, J. C.; Beirigo, R. M.; Chiapini, M.; Nascimento, A. F.; Couto, E. G.; Vidal-Torrado, P.",Oliveira et al. (2017),2017,"Origin of mounds in the Pantanal wetlands: An integrated approach between geomorphology, pedogenesis, ecology and soil micromorphology",PLoS ONE,10.1371/journal.pone.0179197,https://doi.org/10.1371/journal.pone.0179197,article,English,Pantanal genérico ou indefinido,""
Ambiental,oliveira2017pantanal,"Oliveira, H.; Carvalho Filho, A.; Schaefer, C. E. R. G.; Cardoso, E. L.",Oliveira et al. (2017),2017,"Pantanal, The",Encyclopedia of Soil Science,10.1081/e-ess3-120026901,https://doi.org/10.1081/e-ess3-120026901,incollection,English,Cita município do recorte (MT),Barão de Melgaço; Cáceres; Poconé
Ambiental,filho2017structural,"Paranhos Filho, A. C.; Mioto, C. L.; Machado, R.; Gonçalves, F. V.; Ribeiro, V. O.; Grigio, A. M.; Silva, N. M.",Paranhos Filho et al. (2017),2017,"Structural control of the pantanal hydrography, Brazil",Anuario do Instituto de Geociencias,10.11137/2017_1_156_170,https://doi.org/10.11137/2017_1_156_170,article,Portuguese,Pantanal genérico ou indefinido,""
Ambiental,plaza2017influence,"Plaza, T. G. D.; Galbiati, C.",Plaza e Galbiati (2017),2017,Influence of Flood Pulse on Termite Diversity (INSECTA: ISOPTERA) in the Pantanal,Sociobiology,10.13102/sociobiology.v64i3.1371,https://doi.org/10.13102/sociobiology.v64i3.1371,article,en,Cita município do recorte (MT),Cáceres
Ambiental,polaz2017protected,"Polaz, C. N. M.; Ferreira, F. C.; Petrere Júnior, M.",Polaz et al. (2017),2017,The protected areas system in Brazil as a baseline condition for wetlands management and fish conservancy: The example of the Pantanal National Park,Neotropical Ichthyology,10.1590/1982-0224-20170041,https://doi.org/10.1590/1982-0224-20170041,article,English,Pantanal genérico ou indefinido,""
Ambiental,rabelo2017percepcao,"Rabelo, M. T. O.; Arts, K. A. J.; Girard, P.; Ioris, A. R.; Figueiredo, D. M.",Rabelo et al. (2017),2017,Percepção dos atores sociais do turismo sobre o pulso de inundação do Pantanal (MT),Revista Brasileira de Ecoturismo (RBEcotur),10.34024/rbecotur.2017.v10.6649,https://doi.org/10.34024/rbecotur.2017.v10.6649,article,"",Cita município do recorte (MT),Poconé
Ambiental,roche2017checklist,"Roche, K. F.; Silva, W. M.",Roche e Silva (2017),2017,"Checklist dos Rotifera (Animalia) do Estado de Mato Grosso do Sul, Brasil",Iheringia Série Zoologia,10.1590/1678-4766e2017105,https://doi.org/10.1590/1678-4766e2017105,article,pt,Pantanal Sul (MS),""
Ambiental,rosa2017growth,"Rosa, S. A.; Barbosa; Junk; Cunha, C. N.; Piedade; Scabin; Ceccantini; Schöngart",Rosa et al. (2017),2017,Growth models based on tree-ring data for the Neotropical tree species Calophyllum brasiliense across different Brazilian wetlands: implications for conservation and management,Trees - Structure and Function,10.1007/s00468-016-1503-5,https://doi.org/10.1007/s00468-016-1503-5,article,English,"Pantanal Norte (MT), sem município do recorte",""
Ambiental,sigrist2017checklist,"Sigrist, M. R.; Aoki, C.; Souza, C. S.; Laroca, S.; Maier, J. E.; Vicente, M. R.; Oda, F. H.; Consolaro, H.",Sigrist et al. (2017),2017,"Checklist of anthophilous entomofauna from mato Grosso Do Sul State, Brazil",Iheringia - Serie Zoologia,10.1590/1678-4766e2017150,https://doi.org/10.1590/1678-4766e2017150,article,Portuguese,Pantanal Sul (MS),""
Ambiental,siliocalzada2017long,"Silio-Calzada, A.; Barquín, J.; Huszar, V. L.; Mazzeo, N.; Méndez, F.; Álvarez-Martínez, J. M.",Silio-Calzada et al. (2017),2017,Long-term dynamics of a floodplain shallow lake in the Pantanal wetland: Is it all about climate?,Science of the Total Environment,10.1016/j.scitotenv.2017.06.183,https://doi.org/10.1016/j.scitotenv.2017.06.183,article,English,Pantanal genérico ou indefinido,""
Ambiental,silva2017climatic,"Silva, C. B.; Silva, M. E. S.; Ambrizzi, T.",Silva et al. (2017),2017,Climatic variability of river outflow in the Pantanal region and the influence of sea surface temperature,Theoretical and Applied Climatology,10.1007/s00704-016-1760-7,https://doi.org/10.1007/s00704-016-1760-7,article,English,Pantanal genérico ou indefinido,""
Ambiental,soares2017endemic,"Soares, M. P.; Jesus, F.; Almeida, A. R.; Zlabek, V.; Grabic, R.; Domingues, I.; Hayd, L.",Soares et al. (2017),2017,Endemic shrimp Macrobrachium pantanalense as a test species to assess potential contamination by pesticides in Pantanal (Brazil),Chemosphere,10.1016/j.chemosphere.2016.10.100,https://doi.org/10.1016/j.chemosphere.2016.10.100,article,English,Pantanal genérico ou indefinido,""
Ambiental,souza2017amphibian,"Souza, F. L.; Prado, C. P. A.; Sugai, J. L. M. M.; Ferreira, V. L.; Aoki, C.; Landgref-Filho, P.; Strüssmann, C.; Ávila, R. W.; Rodrigues, D. J.; Albuquerque, N. R.; Terra, J.; Uetanabaro, M.; Béda, A. F.; Piatti, L.; Kawashita-Ribeiro, R. A.; Delatorre, M.; Faggioni, G. P.; Demczuk, S. D. B.; Duleba, S.",Souza et al. (2017),2017,"Amphibian diversity of mato Grosso Do Sul State, Brazil",Iheringia - Serie Zoologia,10.1590/1678-4766e2017152,https://doi.org/10.1590/1678-4766e2017152,article,Portuguese,Cita município do recorte (MT),Itiquira
Ambiental,tortato2017advances,"Tortato, F. R.; Izzo, T. J.",Tortato e Izzo (2017),2017,Advances and barriers to the development of jaguar-tourism in the Brazilian Pantanal,Perspectives in Ecology and Conservation,10.1016/j.pecon.2017.02.003,https://doi.org/10.1016/j.pecon.2017.02.003,article,English,Cita município do recorte (MT),Barão de Melgaço; Cáceres; Poconé
Ambiental,tortato2017numbers,"Tortato, F. R.; Izzo, T. J.; Hoogesteijn, R.; Peres, C. A.",Tortato et al. (2017),2017,The numbers of the beast: Valuation of jaguar (Panthera onca) tourism and cattle depredation in the Brazilian Pantanal,Global Ecology and Conservation,10.1016/j.gecco.2017.05.003,https://doi.org/10.1016/j.gecco.2017.05.003,article,English,Pantanal genérico ou indefinido,""
Ambiental,tozato2017gestao,"Tozato, H. C.",Tozato (2017),2017,Gestão de Áreas Protegidas no Brasil: instrumentos de monitoramento da biodiversidade nos sítios Ramsar,Revista Gestão & Políticas Públicas,10.11606/issn.2237-1095.v7p147-169,https://doi.org/10.11606/issn.2237-1095.v7p147-169,article,pt,"Pantanal Norte (MT), sem município do recorte",""
Ambiental,vigano2017redes,"Viganó, H. H. G.; Souza, C. C.; Cristaldo, M. F.; Jesus, L. G. M.",Viganó et al. (2017),2017,Redes Neurais Artificiais na Previsão de Queimadas e Incêndios no Pantanal (Artificial Neural Networks in Prediction of Forest Fires and Burns in the Pantanal),Revista Brasileira de Geografia Física,10.26848/rbgf.v.10.p1355-1367,https://doi.org/10.26848/rbgf.v.10.p1355-1367,article,pt,Pantanal Sul (MS),""
Ambiental,vourlitis2017soil,"Vourlitis, G. L.; Hentz, C. S.; Pinto, O. B.; Carneiro, E.; Nogueira, J. S.",Vourlitis et al. (2017),2017,"Soil N, P, and C dynamics of upland and seasonally flooded forests of the Brazilian Pantanal",Global Ecology and Conservation,10.1016/j.gecco.2017.11.004,https://doi.org/10.1016/j.gecco.2017.11.004,article,English,Pantanal genérico ou indefinido,""
Ambiental,yamazaki2017temporal,"Yamazaki, L.; Vindica, V. F.; Brescovit, A. D.; Marques, M. I.; Battirola, L. D.",Yamazaki et al. (2017),2017,"Temporal variation in the spider assemblage (Arachnida, Araneae) in canopies of Callisthene fasciculata (Vochysiaceae) in the Brazilian pantanal biome",Iheringia - Serie Zoologia,10.1590/1678-4766e2017019,https://doi.org/10.1590/1678-4766e2017019,article,English,Pantanal genérico ou indefinido,""
Ambiental,aquino2018indicadores,"Aquino, H. C. R. R.; Galvanin, E. A. S.; Neves, S. M. A. S.",Aquino et al. (2018),2018,Indicadores para avaliação do processo de expansão da pastagem no pantanal de Cáceres/MT,GEOGRAFIA (Londrina),10.5433/2447-1747.2018v27n2p99,https://doi.org/10.5433/2447-1747.2018v27n2p99,article,pt,Cita município do recorte (MT),Cáceres
Ambiental,aranda2018diversity,"Aranda, R.; Aoki, C.",Aranda e Aoki (2018),2018,"Diversity and effect of historical inundation on bee and wasp (Hymenoptera: Apoidea, Vespoidea) communities in the Brazilian Pantanal",Journal of Insect Conservation,10.1007/s10841-018-0087-3,https://doi.org/10.1007/s10841-018-0087-3,article,English,Pantanal genérico ou indefinido,""
Ambiental,araujo2018relationships,"Araujo, A. G. J.; Obregón, G. O.; Sampaio, G.; Monteiro, A. M. V.; Silva, L. T.; Soriano, B.; Padovani, C.; Rodriguez, D. A.; Maksic, J.; Farias, J. F. S.",Araujo et al. (2018),2018,"Relationships between variability in precipitation, river levels, and beef cattle production in the Brazilian Pantanal",Wetlands Ecology and Management,10.1007/s11273-018-9612-0,https://doi.org/10.1007/s11273-018-9612-0,article,English,Pantanal Sul (MS),""
Ambiental,arieira2018modeling,"Arieira, J.; Padovani, C. R.; Schuchmann, K.-L.; Landeiro, V. L.; Santos, S. A.",Arieira et al. (2018),2018,Modeling climatic and hydrological suitability for an encroaching tree species in a Neotropical flooded savanna,Forest Ecology and Management,10.1016/j.foreco.2018.07.019,https://doi.org/10.1016/j.foreco.2018.07.019,article,English,Pantanal genérico ou indefinido,""
Ambiental,ascendino2018insects,"Ascendino, S.; Maia, V. C.",Ascendino e Maia (2018),2018,"Insects galls of pantanal areas in the state of Mato Grosso do Sul, Brazil: characterization and occurrence",Anais da Academia Brasileira de Ciencias,10.1590/0001-3765201820170535,https://doi.org/10.1590/0001-3765201820170535,article,English,Pantanal Sul (MS),""
Ambiental,bergier2018amazon,"Bergier, I.; Assine, M. L.; McGlue, M. M.; Alho, C. J.; Silva, A.; Guerreiro, R. L.; Carvalho, J. C.",Bergier et al. (2018),2018,Amazon rainforest modulation of water security in the Pantanal wetland,Science of the Total Environment,10.1016/j.scitotenv.2017.11.163,https://doi.org/10.1016/j.scitotenv.2017.11.163,article,English,Pantanal genérico ou indefinido,""
Ambiental,bordignon2018bat,"Bordignon, M. O.; Shapiro, J. T.",Bordignon e Shapiro (2018),2018,Bat diversity in the western Brazilian Pantanal,Mammalia,10.1515/mammalia-2016-0107,https://doi.org/10.1515/mammalia-2016-0107,article,English,Pantanal Sul (MS),""
Ambiental,branco2018flood,"Branco, C. W. C.; Silveira, R. M. L.; Marinho, M. M.",Branco et al. (2018),2018,"Flood pulse acting on a zooplankton community in a tropical river (Upper Paraguay river, northern Pantanal, Brazil)",Fundamental and Applied Limnology,10.1127/fal/2018/1155,https://doi.org/10.1127/fal/2018/1155,article,English,"Pantanal Norte (MT), sem município do recorte",""
Ambiental,buhler2018hidrodinamica,"Bühler, B. F.; Souza, C. A.",Bühler e Souza (2018),2018,"Hidrodinâmica e composição sedimentar do córrego Jacobina, município de Cáceres, MT, Pantanal",Revista Ibero-Americana de Ciências Ambientais,10.6008/cbpc2179-6858.2018.001.0017,https://doi.org/10.6008/cbpc2179-6858.2018.001.0017,article,pt,Cita município do recorte (MT),Cáceres
Ambiental,calheiros2018hidreletricas,"Calheiros, D. F.; Castrillon, S. I.; Bampi, A. C.",Calheiros et al. (2018),2018,Hidrelétricas nos rios formadores do pantanal: ameaças à conservação e às relações socioambientais e econômicas pantaneiras tradicionais,Revista Ibero-Americana de Ciências Ambientais,10.6008/cbpc2179-6858.2018.001.0009,https://doi.org/10.6008/cbpc2179-6858.2018.001.0009,article,"",Cita município do recorte (MT),Itiquira
Ambiental,cordeiro2018achilles,"Cordeiro, J. L.; Hofmann, G. S.; Fonseca, C.; Oliveira, L. F. B.",Cordeiro et al. (2018),2018,"Achilles heel of a powerful invader: Restrictions on distribution and disappearance of feral pigs from a protected area in Northern Pantanal, Western Brazil",PeerJ,10.7717/peerj.4200,https://doi.org/10.7717/peerj.4200,article,English,"Pantanal Norte (MT), sem município do recorte",""
Ambiental,cristaldo2018probabilistic,"Cristaldo, M. F.; Souza, C. C.; Jesus, L.; Oliveira, P. T. S.; Padovani, C. R.; Viganó, H. H. G.",Cristaldo et al. (2018),2018,Probabilistic flood forecast for a small Pantanal watershed,Revista Ambiente e Agua,10.4136/ambi-agua.1988,https://doi.org/10.4136/ambi-agua.1988,article,Portuguese,Pantanal Sul (MS),""
Ambiental,dambros2018canopy,Dambros; Vindica; Delabie; Marques; Battirola,Dambros et al. (2018),2018,Canopy ant assemblage (Hymenoptera: Formicidae) in two vegetation formations in the Northern Brazilian Pantanal,Sociobiology,10.13102/sociobiology.v65i3.1932,https://doi.org/10.13102/sociobiology.v65i3.1932,article,English,"Pantanal Norte (MT), sem município do recorte",""
Ambiental,farinaccio2018checklist,"Farinaccio, M. A.; Simões, A. O.",Farinaccio e Simões (2018),2018,"Checklist of Apocynaceae from Mato Grosso do Sul state, Brazil",Iheringia - Serie Botanica,10.21826/2446-8231201873s131,https://doi.org/10.21826/2446-8231201873s131,article,Portuguese,Pantanal Sul (MS),""
Ambiental,farinaccio2018flora,"Farinaccio, M. A.; Roque, F. O.; Graciolli, G.; Souza, P. R.; Pinto, J. O. P.",Farinaccio et al. (2018),2018,The flora in Biota-MS: Assembling the puzzle of biodiversity of Mato Grosso do Sul state.,Iheringia - Serie Botanica,10.21826/2446-8231201873s11,https://doi.org/10.21826/2446-8231201873s11,article,Portuguese,Pantanal Sul (MS),""
Ambiental,fischer2018bats,"Fischer, E.; Silveira, M.; Munin, R. L.; Camargo, G.; Santos, C. F.; Pereira, M. J. R.",Fischer et al. (2018),2018,Bats in the dry and wet pantanal,Hystrix,10.4404/hystrix-00019-2017,https://doi.org/10.4404/hystrix-00019-2017,article,English,Pantanal genérico ou indefinido,""
Ambiental,fischer2018roadkill,"Fischer, W.; Godoi, R. F.; Paranhos Filho, A. C.",Fischer et al. (2018),2018,Roadkill records of reptiles and birds in Cerrado and Pantanal landscapes,Check List,10.15560/14.5.845,https://doi.org/10.15560/14.5.845,article,English,Pantanal Sul (MS),""
Ambiental,fortes2018dendrochronological,"Fortes, C. F.; Nunes-da-Cunha, C.; Rosa, S. A.; Paixão, E.; Junk, W. J.; Schöngart, J.",Fortes et al. (2018),2018,"Dendrochronological records of a pioneer tree species containing ENSO signal in the Pantanal, Brazil",Revista Brasileira de Botanica,10.1007/s40415-017-0434-8,https://doi.org/10.1007/s40415-017-0434-8,article,English,"Pantanal Norte (MT), sem município do recorte",""
Ambiental,guerreiro2018paleoecology,"Guerreiro, R. L.; McGlue, M. M.; Stone, J. R.; Bergier, I.; Parolin, M.; Caminha, S. A. F. S.; Warren, L. V.; Assine, M. L.",Guerreiro et al. (2018),2018,Paleoecology explains Holocene chemical changes in lakes of the Nhecolândia (Pantanal-Brazil),Hydrobiologia,10.1007/s10750-017-3429-3,https://doi.org/10.1007/s10750-017-3429-3,article,English,Pantanal Sul (MS),""
Ambiental,gugliericaporal2018checklist,"Guglieri-Caporal, A.; Pott, A.; Felismino, M. F.; Caporal, F. J. M.; Valls, J. F. M.",Guglieri-Caporal et al. (2018),2018,"Checklist of poaceae of the state of Mato Grosso do Sul, Brazil",Iheringia - Serie Botanica,10.21826/2446-8231201873s313,https://doi.org/10.21826/2446-8231201873s313,article,Portuguese,Pantanal Sul (MS),""
Ambiental,junk2018pantanal,"Junk, W. J.; Cunha, C. N.",Junk e Cunha (2018),2018,"The Pantanal: A Brief Review of Its Ecology, Biodiversity, and Protection Status",The Wetland Book,10.1007/978-94-007-4001-3_129,https://doi.org/10.1007/978-94-007-4001-3_129,incollection,English,Fora do Brasil,""
Ambiental,junk2018macrohabitat,"Junk, W. J.; Piedade, M. T. F.; Cunha, C. N.; Wittmann, F.; Schöngart, J.",Junk et al. (2018),2018,Macrohabitat studies in large Brazilian floodplains to support sustainable development in the face of climate change,Ecohydrology & Hydrobiology,10.1016/j.ecohyd.2018.11.007,https://doi.org/10.1016/j.ecohyd.2018.11.007,article,English,Pantanal Sul (MS),""
Ambiental,leandro2018sistemas,"Leandro, G. R. S.; Souza, C. A.; Nascimento, F. R.",Leandro et al. (2018),2018,"SISTEMAS DENUDACIONAIS E AGRADACIONIAS NO CORREDOR FLUVIAL DO RIO PARAGUAI EM CÁCERES, PANTANAL SUPERIOR, MATO GROSSO",REVISTA EQUADOR,10.26694/equador.v7i1.6904,https://doi.org/10.26694/equador.v7i1.6904,article,pt,Cita município do recorte (MT),Cáceres
Ambiental,leite2018dinamica,"Leite, E. F.; Carvalho, E. M.; Silva, J. L. C.; Rodrigues, L. P.",Leite et al. (2018),2018,"DINÂMICA DA COBERTURA VEGETAL E DO USO E OCUPAÇÃO DA TERRA NA SUB-REGIÃO DA NHECOLÂNDIA, PANTANAL/MS",Geoambiente on-line,10.5216/revgeoamb.v0i31.51974,https://doi.org/10.5216/revgeoamb.v0i31.51974,article,pt,Pantanal Sul (MS),""
Ambiental,maria2018wood,"Maria, V. R. B.; Maria, F. S.; Silva, S. M.",Maria et al. (2018),2018,"Wood flora of Bodoquena and Maracaju Plateau, middle-southeastern region of Mato Grosso do Sul state, Brazil",Iheringia - Serie Botanica,10.21826/2446-8231201873s34,https://doi.org/10.21826/2446-8231201873s34,article,Portuguese,Pantanal Sul (MS),""
Ambiental,minotti2018parana,"Minotti, P. G.",Minotti (2018),2018,The Paraná-Paraguay Fluvial Corridor (Argentina),"The Wetland Book: II: Distribution, Description, and Conservation",10.1007/978-94-007-4001-3_242,https://doi.org/10.1007/978-94-007-4001-3_242,incollection,English,Fora do Brasil,""
Ambiental,miranda2018distribuicao,"Miranda, M. R. S.; Neves, L. F. S.; Kreitlow, J. P.; Neves, S. M. A. S.; Neves, R. J.",Miranda et al. (2018),2018,"DISTRIBUIÇÃO DE QUEIMADAS E MUDANÇAS NA COBERTURA VEGETAL E USO DA TERRA NO BIOMA PANTANAL, CÁCERES-BRASIL",Caminhos de Geografia,10.14393/rcg196508,https://doi.org/10.14393/rcg196508,article,"",Cita município do recorte (MT),Cáceres
Ambiental,miranda2018changes,"Miranda, C. S.; Paranho Filho, A. C.; Pott, A.",Miranda et al. (2018),2018,Changes in vegetation cover of the pantanal wetland detected by vegetation index: A strategy for conservation,Biota Neotropica,10.1590/1676-0611-bn-2016-0297,https://doi.org/10.1590/1676-0611-bn-2016-0297,article,English,Pantanal genérico ou indefinido,""
Ambiental,miranda2018analysis,"Miranda; Gamarra; Mioto; Silva; Filho, C.; Pott",Miranda et al. (2018),2018,Analysis of the landscape complexity and heterogeneity of the Pantanal wetland,Brazilian Journal of Biology,10.1590/1519-6984.08816,https://doi.org/10.1590/1519-6984.08816,article,English,Cita município do recorte (MT),Poconé
Ambiental,oliveira2018spectral,"Oliveira, A. P. G.; Dalmas, F. B.; ALBREZ, E. A.; Oliveira, J. R. S.; SILVA, N. M.; Mioto, C. L.; CORRÊA, J. S.; RIBEIRO, M. L.; Sígolo, J. B.; Paranhos Filho, A. C.",Oliveira et al. (2018),2018,Spectral Response and Limnological Characteristics of the Nhecolândia Pantanal Lakes,Anuário do Instituto de Geociências,10.11137/2018_3_445_459,https://doi.org/10.11137/2018_3_445_459,article,pt,Pantanal Sul (MS),""
Ambiental,oliveira2018hidrodinamica,"Oliveira, J. D.; Souza, C. A.; Sousa, J. B.",Oliveira et al. (2018),2018,"Hidrodinâmica e transporte de sedimentos na bacia do rio Branco, afluente do rio Paraguai, Pantanal Mato-grossensse",Revista Ibero-Americana de Ciências Ambientais,10.6008/cbpc2179-6858.2018.001.0016,https://doi.org/10.6008/cbpc2179-6858.2018.001.0016,article,pt,"Pantanal Norte (MT), sem município do recorte",""
Ambiental,palacios2018variabilidade,"Palácios, R. S.; Sallo, F. S.; Marques, J. B.; Santos, A. C. A.; Menezes, J. A.; Biudes, M. S.",Palácios et al. (2018),2018,VARIABILIDADE ESPAÇO-TEMPORAL DA PROFUNDIDADE ÓTICA DE AEROSSÓIS EM REGIÕES DE CERRADO E PANTANAL NA REGIÃO CENTRAL DO BRASIL,Nativa,10.31413/nativa.v6i1.5153,https://doi.org/10.31413/nativa.v6i1.5153,article,"","Pantanal Norte (MT), sem município do recorte",""
Ambiental,pereira2018dinamica,"Pereira, S.; Novais, J. W. Z.; Pinto, O. B.; Musis, C. R.; Andrade, L. P.; Joaquim, T. D.; Pierangeli, M. A. P.",Pereira et al. (2018),2018,Dinâmica temporal do efluxo de CO2 em fragmento de cerrado Mato-Grossense,Revista Ibero-Americana de Ciências Ambientais,10.6008/cbpc2179-6858.2018.002.0004,https://doi.org/10.6008/cbpc2179-6858.2018.002.0004,article,pt,"Pantanal Norte (MT), sem município do recorte",""
Ambiental,pinto2018study,"Pinto, O. B.; Carvalho, P. V.; Couto, E. G.",Pinto et al. (2018),2018,"Study of CO2 flux and soil carbon in northern Pantanal, Brazil",Revista Ibero-Americana de Ciências Ambientais,10.6008/cbpc2179-6858.2018.005.0004,https://doi.org/10.6008/cbpc2179-6858.2018.005.0004,article,en,"Pantanal Norte (MT), sem município do recorte",""
Ambiental,pinto2018interactions,"Pinto, O. B.; Vourlitis, G. L.; Carneiro, E. M. S.; Dias, M. F.; Hentz, C.; Nogueira, J. S.",Pinto et al. (2018),2018,"Interactions between vegetation, hydrology, and litter inputs on decomposition and soil CO2 efflux of tropical forests in the Brazilian Pantanal",Forests,10.3390/f9050281,https://doi.org/10.3390/f9050281,article,English,Pantanal genérico ou indefinido,""
Ambiental,porfirio2018camera,"Porfirio, G.; Foster, V. C.; Sarmento, P.",Porfirio et al. (2018),2018,"Camera traps as a tool for Carnivore conservation in a mosaic of Protected Areas in the Pantanal wetlands, Brazil",Nature Conservation Research,10.24189/ncr.2018.035,https://doi.org/10.24189/ncr.2018.035,article,English,Pantanal genérico ou indefinido,""
Ambiental,ribeiro2018structural,"Ribeiro, A. A.; Mioto, C. L.; Machado, R.; Assine, M. L.; Guaraldo, E.; Paranhos Filho, A. C.",Ribeiro et al. (2018),2018,Structural blocks as flood control in Brazilian Pantanal,Anuario do Instituto de Geociencias,10.11137/2018_3_434_444,https://doi.org/10.11137/2018_3_434_444,article,English,Pantanal Sul (MS),""
Ambiental,rocha2018teores,"Rocha, G. X.; Pierangeli, M. A. P.; Marques, M. C. S.",Rocha et al. (2018),2018,"Teores de elementos-traço em solos das margens do Rio Paraguai, Pantanal de Cáceres/Mato Grosso",Revista Ibero-Americana de Ciências Ambientais,10.6008/cbpc2179-6858.2018.003.0024,https://doi.org/10.6008/cbpc2179-6858.2018.003.0024,article,pt,Cita município do recorte (MT),Cáceres
Ambiental,rocha2018atributos,"Rocha, G. X.; Pierangeli, M. A. P.; Marques, M. C. S.",Rocha et al. (2018),2018,"Atributos de fertilidade dos solos as margens do Rio Paraguai, Pantanal de Cáceres/MT",Revista Ibero-Americana de Ciências Ambientais,10.6008/cbpc2179-6858.2018.004.0008,https://doi.org/10.6008/cbpc2179-6858.2018.004.0008,article,pt,Cita município do recorte (MT),Cáceres
Ambiental,santos2018influencia,"Santos, M.; Souza, C. A.",Santos e Souza (2018),2018,"Influência geológica na dinâmica fluvial da bacia hidrográfica do córrego Cachoeirinha, Cáceres, Mato Grosso",Revista Ibero-Americana de Ciências Ambientais,10.6008/cbpc2179-6858.2018.001.0014,https://doi.org/10.6008/cbpc2179-6858.2018.001.0014,article,pt,Cita município do recorte (MT),Cáceres
Ambiental,santossilva2018temporal,"Santos-Silva, L.; Pinheiro, T. G.; Chagas, A.; Marques, M. I.; Battirola, L. D.",Santos-Silva et al. (2018),2018,Temporal and spatial variation of Myriapoda (Diplopoda and Chilopoda) assemblages in a Neotropical floodplain,Biota Neotropica,10.1590/1676-0611-bn-2018-0514,https://doi.org/10.1590/1676-0611-bn-2018-0514,article,en,Cita município do recorte (MT),Poconé
Ambiental,sartori2018check,"Sartori, Â. L. B.; Pott, V. J.; Pott, A.; Carvalho, F. S.",Sartori et al. (2018),2018,CHECK-LIST DAS ANGIOSPERMAS DO CHACO DE MATO GROSSO DO SUL,Iheringia Série Botânica,10.21826/2446-8231201873s22,https://doi.org/10.21826/2446-8231201873s22,article,pt,Pantanal Sul (MS),""
Ambiental,silva2018avaliacao,"Silva, G. R.; Oliveira, H. R.; Cruz, T. F.; Gandra, L. P.",Silva et al. (2018),2018,AVALIAÇÃO FÍSICO-QUÍMICA E QUANTIFICAÇÃO DE METAIS POTENCIALMENTE TÓXICOS EM ÁGUAS SUPERFICIAIS DO RIO JAURU,Revista Internacional de Ciências,10.12957/ric.2018.34864,https://doi.org/10.12957/ric.2018.34864,article,pt,Pantanal de MT e MS,""
Ambiental,silveira2018habitat,"Silveira, M.; Tomas, W. M.; Fischer, E.; Bordignon, M. O.",Silveira et al. (2018),2018,"Habitat occupancy by Artibeus planirostris bats in the Pantanal wetland, Brazil",Mammalian Biology,10.1016/j.mambio.2018.03.003,https://doi.org/10.1016/j.mambio.2018.03.003,article,English,Pantanal genérico ou indefinido,""
Ambiental,souza2018habitat,"Souza, J. C.; Silva, R. M.; Gonçalves, M. P. R.; Jardim, R. J. D.; Markwith, S. H.",Souza et al. (2018),2018,"Habitat use, ranching, and human-wildlife conflict within a fragmented landscape in the Pantanal, Brazil",Biological Conservation,10.1016/j.biocon.2017.11.019,https://doi.org/10.1016/j.biocon.2017.11.019,article,English,Pantanal genérico ou indefinido,""
Ambiental,souza2018eichhornia,"Souza, A.; Muniz, C.; Oliveira Junior, E.",Souza et al. (2018),2018,Eichhornia azurea COMO HOTSPOT PARA MACROINVERTEBRADOS AQUÁTICOS: FERRAMENTA PARA A APLICAÇÃO DE ÍNDICES DE AVALIAÇÃO AMBIENTAL,Enciclopédia Biosfera,10.18677/encibio_2018b85,https://doi.org/10.18677/encibio_2018b85,article,"",Pantanal genérico ou indefinido,""
Ambiental,uieda2018structure,"Uieda, V. S.; Fujihara, C. Y.",Uieda e Fujihara (2018),2018,Structure of the ichthyofauna of adventitious streams in the South Pantanal,Iheringia - Serie Zoologia,10.1590/1678-4766e2018019,https://doi.org/10.1590/1678-4766e2018019,article,English,Pantanal Sul (MS),""
Ambiental,vigano2018prediction,"Viganó, H. H. G.; Souza, C. C.; Reis Neto, J. F.; Cristaldo, M. F.; Jesus, L.",Viganó et al. (2018),2018,Prediction and modeling of forest fires in the pantanal,Revista Brasileira de Meteorologia,10.1590/0102-7786332012,https://doi.org/10.1590/0102-7786332012,article,English,Pantanal Sul (MS),""
Ambiental,vigano2018fires,"Viganó, H. H. G.; Souza, C. C.; Cristaldo, M. F.; Reis Neto, J. F.; Jesus, L.",Viganó et al. (2018),2018,Fires in the Pantanal: Modeling and forecasting using multivariate analysis techniques,Revista Ambiente e Agua,10.4136/ambi-agua.2024,https://doi.org/10.4136/ambi-agua.2024,article,Portuguese,Pantanal Sul (MS),""
Ambiental,alho2019threats,"ALHO, C. J. R.; MAMEDE, S. B.; BENITES, M.; ANDRADE, B. S.; SEPÚLVEDA, J. J. O.",ALHO et al. (2019),2019,THREATS TO THE BIODIVERSITY OF THE BRAZILIAN PANTANAL DUE TO LAND USE AND OCCUPATION,Ambiente & Sociedade,10.1590/1809-4422asoc201701891vu2019l3ao,https://doi.org/10.1590/1809-4422asoc201701891vu2019l3ao,article,English,Fora do Brasil,""
Ambiental,alves2019flood,"Alves, G. B. M.; Santos, J. W. M. C.; Tondato, K. K.; Angeoletto, F.; Loverde-Oliveira, S. M.",Alves et al. (2019),2019,"Flood mapping by using land surface water index and water flow characterization in the pantanal, Brazil",Revista Geografica Venezolana,"","",article,English,Pantanal genérico ou indefinido,""
Ambiental,bergier2019could,"Bergier, I.; Silva, A. P. S.; Abreu, U. G. P.; Oliveira, L. O. F.; Tomazi, M.; Dias, F. R. T.; Urbanetz, C.; Nogueira, É.; Borges-Silva, J. C.",Bergier et al. (2019),2019,Could bovine livestock intensification in Pantanal be neutral regarding enteric methane emissions?,Science of the Total Environment,10.1016/j.scitotenv.2018.11.178,https://doi.org/10.1016/j.scitotenv.2018.11.178,article,English,Pantanal genérico ou indefinido,""
Ambiental,bezerra2019late,"Bezerra, M. A. O.; Mozeto, A. A.; Oliveira, P. E.; Volkmer‐Ribeiro, C.; Rodrigues, V. V.; Aravena, R.",Bezerra et al. (2019),2019,LATE PLEISTOCENE/HOLOCENE ENVIRONMENTAL HISTORY OF THE SOUTHERN BRAZILIAN PANTANAL WETLANDS,Oecologia Australis,10.4257/oeco.2019.2304.02,https://doi.org/10.4257/oeco.2019.2304.02,article,en,Pantanal genérico ou indefinido,""
Ambiental,carvalho2019characterization,"Carvalho, E. M.; Pereira, N. S.; Ansilago, M.; Lemke, A. P.; Nakagaki, J. M.",Carvalho et al. (2019),2019,CHARACTERIZATION OF THE BIOTIC (MACROPHYTES AND MACROINVERTEBRATES) AND ABIOTIC FACTORS OF PANTANAL PONDS IN THE MIRANDA RIVER FLOODPLAIN,Oecologia Australis,10.4257/oeco.2019.2304.17,https://doi.org/10.4257/oeco.2019.2304.17,article,en,Pantanal Sul (MS),""
Ambiental,castrillon2019efeitos,"Castrillon, S. K. I.; Silva, C. J.; Fernández, J. R. C.",Castrillon et al. (2019),2019,"EFEITOS DO NÍVEL DE INUNDAÇÃO SOBRE COMUNIDADES ARBÓREAS EM ILHAS DO RIO PARAGUAI NO PANTANAL, BRASIL",REVISTA EQUADOR,10.26694/equador.v9i1.9502,https://doi.org/10.26694/equador.v9i1.9502,article,pt,Cita município do recorte (MT),Cáceres
Ambiental,correa2019dung,"Correa, C. M. A.; Braga, R. F.; Louzada, J.; Menéndez, R.",Correa et al. (2019),2019,Dung beetle diversity and functions suggest no major impacts of cattle grazing in the Brazilian Pantanal wetlands,Ecological Entomology,10.1111/een.12729,https://doi.org/10.1111/een.12729,article,English,Pantanal Sul (MS),""
Ambiental,costa2019comparacao,"Costa, C. P.; Costa, S. C.; Cunha, C. N.",Costa et al. (2019),2019,"Comparação da produção da serapilheira e fenologia em dois macro-habitat florestais no Pantanal, Mato Grosso, Brasil",Biodiversidade Brasileira,10.37002/biobrasil.v9i2.916,https://doi.org/10.37002/biobrasil.v9i2.916,article,pt,"Pantanal Norte (MT), sem município do recorte",""
Ambiental,coutinho2019aquatic,"Coutinho, B. A.; Simão, C. H.; Pott, V. J.; Pott, A.; Aoki, C.",Coutinho et al. (2019),2019,AQUATIC VEGETATION OF NEARSHORE AND FLOATING MEADOW OF A LARGE OXBOW LAKE IN THE BRAZILIAN PANTANAL,Oecologia Australis,10.4257/oeco.2019.2304.10,https://doi.org/10.4257/oeco.2019.2304.10,article,en,Pantanal genérico ou indefinido,""
Ambiental,ferreira2019temporal,"Ferreira, C. C.; Rocha, P. C.; Sakamoto, A. Y.; Sokolowski, H. G. S.",Ferreira et al. (2019),2019,Temporal analysis of the fluvial physical aspects dynamics in the aboral river-pantanal-ms-br,Revista Brasileira de Geografia Fisica,10.26848/rbgf.v12.7.p2672-2684,https://doi.org/10.26848/rbgf.v12.7.p2672-2684,article,Portuguese,Pantanal Sul (MS),""
Ambiental,godoi2019structure,"Godoi, M. N.; Souza, E. O.; Morante-Filho, J. C.",Godoi et al. (2019),2019,Structure of bird communities in humid areas of pantanal and cerrado of Mato Grosso do Sul state,Oecologia Australis,10.4257/oeco.2019.2304.26,https://doi.org/10.4257/oeco.2019.2304.26,article,Portuguese,Pantanal Sul (MS),""
Ambiental,guerreiro2019soda,"Guerreiro, R. L.; Bergier, I.; McGlue, M. M.; Warren, L. V.; Abreu, U. G. P.; Abrahão, J.; Assine, M. L.",Guerreiro et al. (2019),2019,The soda lakes of Nhecolândia: A conservation opportunity for the Pantanal wetlands,Perspectives in Ecology and Conservation,10.1016/j.pecon.2018.11.002,https://doi.org/10.1016/j.pecon.2018.11.002,article,English,Pantanal Sul (MS),""
Ambiental,ivory2019vegetation,"Ivory, S. J.; McGlue, M. M.; Spera, S.; Silva, A.; Bergier, I.",Ivory et al. (2019),2019,"Vegetation, rainfall, and pulsing hydrology in the Pantanal, the world's largest tropical wetland",Environmental Research Letters,10.1088/1748-9326/ab4ffe,https://doi.org/10.1088/1748-9326/ab4ffe,article,English,Pantanal genérico ou indefinido,""
Ambiental,jesus2019dinamica,"Jesus, F. A. P.; Silva, L. N. L.; Santos, P. C.; Oliveira Junior, E. S.; Campos, D. V. S.; Lázaro, W. L.",Jesus et al. (2019),2019,Dinâmica espaço-temporal da comunidade de peixes em baías marginais do Pantanal Norte,Revista Ibero-Americana de Ciências Ambientais,10.6008/cbpc2179-6858.2019.001.0019,https://doi.org/10.6008/cbpc2179-6858.2019.001.0019,article,"","Pantanal Norte (MT), sem município do recorte",""
Ambiental,leandro2019expansao,"Leandro, G. R. S.; Rocha, P. C.",Leandro e Rocha (2019),2019,"Expansão agropecuária e degradação ambiental na bacia hidrográfica do rio Sepotuba - Alto Paraguai, Mato Grosso - Brasil",Sociedade & natureza,10.14393/sn-v31-2019-45603,https://doi.org/10.14393/sn-v31-2019-45603,article,pt,Cita município do recorte (MT),Cáceres
Ambiental,leandro2019evolucao,"Leandro, G. R. S.; Nascimento, F. R.; Souza, C. A.",Leandro et al. (2019),2019,"Evolução espaço-temporal do uso e ocupação da terra no corredor fluvial do rio Paraguai, Pantanal Superior – Brasil",Boletim Goiano de Geografia,10.5216/bgg.v39i0.58285,https://doi.org/10.5216/bgg.v39i0.58285,article,"",Cita município do recorte (MT),Cáceres
Ambiental,lima2019checklist,"Lima, M. S.; Takahasi, A.; Damasceno‐Júnior, G. A.; Araujo, A. C.",Lima et al. (2019),2019,"Checklist of the flora in ironstone outcrops at the Urucum Plateau, Corumbá, Mato Grosso do Sul",Biota Neotropica,10.1590/1676-0611-bn-2018-0708,https://doi.org/10.1590/1676-0611-bn-2018-0708,article,en,Pantanal Sul (MS),""
Ambiental,lo2019fluvio,"Lo, E. L.; McGlue, M. M.; Silva, A.; Bergier, I.; Yeager, K. M.; Macedo, H. A.; Swallom, M.; Assine, M. L.",Lo et al. (2019),2019,Fluvio-lacustrine sedimentary processes and landforms on the distal Paraguay fluvial megafan (Brazil),Geomorphology,10.1016/j.geomorph.2019.06.001,https://doi.org/10.1016/j.geomorph.2019.06.001,article,English,Fora do Brasil,""
Ambiental,loverdeoliveira2019phytoplankton,"Loverde-Oliveira, S. M.; Huszar, V. L. M.",Loverde-Oliveira e Huszar (2019),2019,"PHYTOPLANKTON FUNCTIONAL GROUPS DRIVEN BY ALTERNATIVE STATES IN A TROPICAL FLOODPLAIN LAKE (PANTANAL, BRAZIL)",Oecologia Australis,10.4257/oeco.2019.2304.16,https://doi.org/10.4257/oeco.2019.2304.16,article,en,Cita município do recorte (MT),Poconé
Ambiental,lunas2019valor,"Lunas, M. C. F. S.; Oliveira, A. K. M.",Lunas e Oliveira (2019),2019,O Valor Turístico e Educacional dos Geossítios no Geopark Bodoquena-Pantanal/MS,Revista Turismo em Análise,10.11606/issn.1984-4867.v29i3p468-486,https://doi.org/10.11606/issn.1984-4867.v29i3p468-486,article,pt,Pantanal Sul (MS),""
Ambiental,macedo2019hydrosedimentology,"Macedo, H. A.; Stevaux, J. C.; Silva, A.; Merino, E. R.; Lo, E. L.; Assine, M. L.",Macedo et al. (2019),2019,"Hydrosedimentology of the Paraguay River in the Corumbá fluvial reach, Pantanal wetland",Revista Brasileira de Geomorfologia,10.20502/rbg.v20i2.1500,https://doi.org/10.20502/rbg.v20i2.1500,article,English,Pantanal Sul (MS),""
Ambiental,meira2019compartmentalization,"Meira, F. C.; Stevaux, J. C.; Torrado, P. V.; Assine, M. L.",Meira et al. (2019),2019,"Compartmentalization and geomorphological evolution of the Cuiabá river floodplain, Mato Grosso, Pantanal",Revista Brasileira de Geomorfologia,10.20502/rbg.v20i1.1444,https://doi.org/10.20502/rbg.v20i1.1444,article,Portuguese,"Pantanal Norte (MT), sem município do recorte",""
Ambiental,mendes2019surface,"Mendes, O. R.; Danelichen, V. H. M.; Pereira, O. A.",Mendes et al. (2019),2019,Surface temperature evaluation in the pantanal mato grosso by remote sensing,Revista Brasileira de Geografia Fisica,10.26848/rbgf.v12.5.p1784-1793,https://doi.org/10.26848/rbgf.v12.5.p1784-1793,article,Portuguese,Cita município do recorte (MT),Santo Antônio do Leverger
Ambiental,mendonca2019phytoseiidae,"Mendonça, A. L.; Lofego, A. C.; Pott, A.; Daud, R. D.; Demite, P. R.",Mendonça et al. (2019),2019,"Phytoseiidae (Parasitiformes: Mesostigmata) from the Pantanal, Mato Grosso do Sul State, Brazil",Systematic and Applied Acarology,10.11158/saa.24.4.6,https://doi.org/10.11158/saa.24.4.6,article,English,Pantanal Sul (MS),""
Ambiental,moreira2019water,"Moreira, A. A.; Fassoni-Andrade, A. C.; Ruhoff, A. L.; Paiva, R. C. D.",Moreira et al. (2019),2019,Water balance based on remote sensing data in Pantanal,RA'E GA: o Espaço Geográfico em Análise,"","",article,English,Fora do Brasil,""
Ambiental,moura2019migracao,"Moura, N. A.; Val, A. L.",Moura e Val (2019),2019,"Migração lateral de peixes e a vulnerabilidade da Baía do Chacororé, Pantanal de Barão de Melgaço, Mato Grosso, Brasil",Revista de Biologia Neotropical / Journal of Neotropical Biology,10.5216/rbn.v16i1.46394,https://doi.org/10.5216/rbn.v16i1.46394,article,Portuguese,Cita município do recorte (MT),Barão de Melgaço
Ambiental,muniz2019gill,"Muniz, C. C.; Oliveira, E. S.; Barbosa, A. P. D.; Peret, A. C.",Muniz et al. (2019),2019,Gill nets selectivity determine the fish community in connected oxbow lakes of the Pantanal,Revista Ibero-Americana de Ciências Ambientais,10.6008/cbpc2179-6858.2019.005.0026,https://doi.org/10.6008/cbpc2179-6858.2019.005.0026,article,en,Pantanal genérico ou indefinido,""
Ambiental,narciso2019sistema,"Narciso, M. G.; Soriano, B. M. A.",Narciso e Soriano (2019),2019,Sistema de avaliação de risco de incêndio para o Pantanal - SARIPAN,Biodiversidade Brasileira,10.37002/biodiversidadebrasileira.v9i1.1412,https://doi.org/10.37002/biodiversidadebrasileira.v9i1.1412,article,pt,Pantanal genérico ou indefinido,""
Ambiental,neves2019dynamics,"Neves, S. M. A. S.; Kreitlow, J. P.; Miranda, M. R. S.; Galvanin, E. A. S.; Silva, J. S. V.; Cruz, C. B. M.; Vicens, R. S.",Neves et al. (2019),2019,Dynamics and environmental state of vegetable coverage and land use in landscape regions of the southwestern portion of the Brazilian State of mato grosso,RA'E GA: o Espaço Geográfico em Análise,"","",article,English,Pantanal genérico ou indefinido,""
Ambiental,nogueira2019degradacao,"Nogueira, A. M.; Tocantins, N.; Salomão, F. X. T.",Nogueira et al. (2019),2019,"Degradação de áreas com processo de Arenização na Bacia do Córrego Guanabara, município de Reserva do Cabaçal –MT (Degradation of areas with sandstones process in the Guanabara Stream Basin, Municipality Reserva the Cabaçal - MT)",Revista Brasileira de Geografia Física,10.26848/rbgf.v12.3.p722-737,https://doi.org/10.26848/rbgf.v12.3.p722-737,article,Portuguese,"Pantanal Norte (MT), sem município do recorte",""
Ambiental,nunes2019analise,"Nunes, G. M.; Siqueira, T. M. D.",Nunes e Siqueira (2019),2019,Análise temporal de macro-habitat no Pantanal via processamento de fotografias aéreas e dados obtidos por sistemas de aeronaves remotamente pilotadas,Biodiversidade Brasileira,10.37002/biobrasil.v9i2.759,https://doi.org/10.37002/biobrasil.v9i2.759,article,pt,Cita município do recorte (MT),Poconé
Ambiental,oliveira2019natural,"OLIVEIRA, E. C.; Pla-Pueyo, S.; Hackney, C. R.",OLIVEIRA et al. (2019),2019,"Natural and anthropogenic influences on the nhecolândia wetlands, se pantanal, brazil",Geological Society Special Publication,10.1144/sp488.5,https://doi.org/10.1144/sp488.5,article,English,Pantanal Sul (MS),""
Ambiental,oliveira2019mass,"Oliveira, M. D.; Calheiros, D. F.; Hamilton, S. K.",Oliveira et al. (2019),2019,"Mass balances of major solutes, nutrients and particulate matter as water moves through the floodplains of the Pantanal (Paraguay River, Brazil)",Revista Brasileira de Recursos Hidricos,10.1590/2318-0331.231820170169,https://doi.org/10.1590/2318-0331.231820170169,article,English,Pantanal genérico ou indefinido,""
Ambiental,oliveira2019effect,"Oliveira, P. C.; Silva, F. H. B.; Cunha, C. N.",Oliveira et al. (2019),2019,Effect of fire on the soil seed bank of neotropical grasslands in the pantanal wetland,Oecologia Australis,10.4257/oeco.2019.2304.14,https://doi.org/10.4257/oeco.2019.2304.14,article,English,Pantanal genérico ou indefinido,""
Ambiental,paixao2019buscando,"Paixão, E.; Arruda, E.; Junk, W.; Cunha, C. N.",Paixão et al. (2019),2019,Buscando Soluções Sustentáveis para Áreas Úmidas Savânicas Brasileiras via Uso Múltiplo,Biodiversidade Brasileira - BioBrasil,10.37002/issn.2236-2886.2019.n.2.19-33,https://doi.org/10.37002/issn.2236-2886.2019.n.2.19-33,article,"",Pantanal genérico ou indefinido,""
Ambiental,filho2019structural,"Paranhos Filho, A. C.; Mioto, C. L.; Machado, R.; Oliveira, J. R. S.",Paranhos Filho et al. (2019),2019,Structural control on avulsions and drainage catches in the pantanal basin,Anuario do Instituto de Geociencias,10.11137/2019_3_19_26,https://doi.org/10.11137/2019_3_19_26,article,Portuguese,Pantanal Sul (MS),""
Ambiental,pereira2019study,"Pereira, A.; Cornero, C.; Matos, A. C.; Pacino, M. C.; Blitzkow, D.",Pereira et al. (2019),2019,Study of water storage variations at the Pantanal wetlands area from GRACE monthly mass grids,Journal of Geodetic Science,10.1515/jogs-2019-0013,https://doi.org/10.1515/jogs-2019-0013,article,English,Pantanal genérico ou indefinido,""
Ambiental,pineda2019ocorrencia,"Pineda, D. A. M.; Damasceno‐Júnior, G. A.",Pineda e Damasceno‐Júnior (2019),2019,"A ocorrência de fogo influencia o estrato arbóreo das formações monodominantes de Tabebuia aurea ""Paratudal"" no Pantanal de Miranda MS?",Biodiversidade Brasileira,10.37002/biodiversidadebrasileira.v9i1.973,https://doi.org/10.37002/biodiversidadebrasileira.v9i1.973,article,pt,Pantanal Sul (MS),""
Ambiental,prado2019odonate,"Prado, A. V.; Rodrigues, E.; Aoki, C.",Prado et al. (2019),2019,"Odonate fauna (Insect: Odonata) of two ponds in the Cerradopantanal Ecotone, Aquidauana, MS",Oecologia Australis,10.4257/oeco.2019.2304.21,https://doi.org/10.4257/oeco.2019.2304.21,article,English,Pantanal Sul (MS),""
Ambiental,queiroz2019edaphic,"Queiroz, R. F. P.; Corrêa, G. R.; Gradella, F. S.; Rosa, G. P.",Queiroz et al. (2019),2019,"Edaphic gradient and phytophysiognomies of Pantanal do Abobral, Brazil.",Oecologia Australis,10.4257/oeco.2019.2304.03,https://doi.org/10.4257/oeco.2019.2304.03,article,Portuguese,Pantanal Sul (MS),""
Ambiental,rasbold2019sponge,"Rasbold, G. G.; McGlue, M. M.; Stevaux, J. C.; Parolin, M.; Silva, A.; Bergier, I.",Rasbold et al. (2019),2019,Sponge spicule and phytolith evidence for Late Quaternary environmental changes in the tropical Pantanal wetlands of western Brazil,"Palaeogeography, Palaeoclimatology, Palaeoecology",10.1016/j.palaeo.2019.01.015,https://doi.org/10.1016/j.palaeo.2019.01.015,article,English,Fora do Brasil,""
Ambiental,ribeiro2019influencia,"Ribeiro, I. S.; Faggioni, G. P.; Barbosa, G. M.; Cardoso, E. L.; Santos, S. A.",Ribeiro et al. (2019),2019,Influência da queima prescrita sobre os atributos biológicos do solo em pastagem nativa do Pantanal,Biodiversidade Brasileira,10.37002/biodiversidadebrasileira.v9i1.1291,https://doi.org/10.37002/biodiversidadebrasileira.v9i1.1291,article,pt,Pantanal Sul (MS),""
Ambiental,richter2019dissolved,"Richter, L.; Hernández, A. H.; Pessôa, G. S.; Arruda, M. A. Z.; Rezende-Filho, A. T.; Almeida, R. B.; Menezes, H. A.; Valles, V.; Barbiero, L.; Fostier, A. H.",Richter et al. (2019),2019,Dissolved arsenic in the upper Paraguay River basin and Pantanal wetlands,Science of the Total Environment,10.1016/j.scitotenv.2019.06.147,https://doi.org/10.1016/j.scitotenv.2019.06.147,article,English,Pantanal de MT e MS,""
Ambiental,santossilva2019myriapods,"Santos-Silva, L.; Golovatch, S. I.; Pinheiro, T. G.; Chagas-Jr, A.; Marques, M. I.; Battirola, L. D.",Santos-Silva et al. (2019),2019,"Myriapods (Arthropoda, myriapoda) in the Pantanal of Poconé, Mato Grosso, Brazil",Biota Neotropica,10.1590/1676-0611-bn-2018-0631,https://doi.org/10.1590/1676-0611-bn-2018-0631,article,English,Cita município do recorte (MT),Poconé
Ambiental,schulz2019physical,"Schulz, C.; Whitney, B. S.; Rossetto, O. C.; Neves, D. M.; Crabb, L.; Oliveira, E. C.; Lima, P. L. T.; Afzal, M.; Laing, A. F.; Fernandes, L. C. S.; Silva, C. A.; Steinke, V. A.; Steinke, E. T.; Saito, C. H.",Schulz et al. (2019),2019,"Physical, ecological and human dimensions of environmental change in Brazil's Pantanal wetland: Synthesis and research agenda",Science of the Total Environment,10.1016/j.scitotenv.2019.06.023,https://doi.org/10.1016/j.scitotenv.2019.06.023,article,English,Pantanal genérico ou indefinido,""
Ambiental,silva2019manejo,"Silva, F. H. B.",Silva (2019),2019,Manejo tradicional como modelo de restauração ecológica para conservação de campos nativos frente Ã proliferação de lenhosas no Pantanal,Biodiversidade Brasileira,10.37002/biobrasil.v9i2.776,https://doi.org/10.37002/biobrasil.v9i2.776,article,pt,Pantanal genérico ou indefinido,""
Ambiental,silva2019utilizacao,"Silva, L. F.; Bacani, V. M.",Silva e Bacani (2019),2019,UTILIZAÇÃO DE TÉCNICAS DE CLASSIFICAÇÃO ORIENTADA A OBJETO NO MAPEAMENTO DO USO DA TERRA E COBERTURA VEGETAL NO PANTANAL DE AQUIDAUANA,Boletim de Geografia,10.4025/bolgeogr.v37i1.36906,https://doi.org/10.4025/bolgeogr.v37i1.36906,article,pt,Cita município do recorte (MT),Cáceres
Ambiental,silva2019cumulative,"Silva, A. C. C.; Fantin-Cruz, I.; Lima, Z. M.; Figueiredo, D. M.",Silva et al. (2019),2019,"Cumulative changes in water quality caused by six cascading hydroelectric dams on the Jauru River, tributary of the Pantanal floodplain",RBRH,10.1590/2318-0331.241920180047,https://doi.org/10.1590/2318-0331.241920180047,article,English,"Pantanal Norte (MT), sem município do recorte",""
Ambiental,siqueira2019areas,"Siqueira, A. L.; Silva, A.; Silva, B. L. P.",Siqueira et al. (2019),2019,ÁREAS PROTEGIDAS E POPULAÇÕES TRADICIONAIS NA FRONTEIRA BRASIL/BOLIVIA,RA'E GA: o Espaço Geográfico em Análise,10.5380/raega.v45i1.50559,https://doi.org/10.5380/raega.v45i1.50559,article,pt,Pantanal genérico ou indefinido,""
Ambiental,soriano2019distribuicao,"Soriano, B. M. A.; Ramos, L.; Oliveira, M.; Pellegrin, L.",Soriano et al. (2019),2019,Distribuição espaço-temporal dos focos de incêndio no Pantanal Brasileiro,Biodiversidade Brasileira,10.37002/biodiversidadebrasileira.v9i1.1191,https://doi.org/10.37002/biodiversidadebrasileira.v9i1.1191,article,"",Cita município do recorte (MT),Barão de Melgaço; Poconé
Ambiental,soriano2019mapeamento,"Soriano, B. M. A.; Comunello, E.; Daniel, O.; Santos, S.",Soriano et al. (2019),2019,"Mapeamento de risco de Incêndios para sub-região da Nhecolândia, Pantanal/MS",Biodiversidade Brasileira,10.37002/biodiversidadebrasileira.v9i1.1392,https://doi.org/10.37002/biodiversidadebrasileira.v9i1.1392,article,pt,Pantanal Sul (MS),""
Ambiental,soriano2019grau,"Soriano, B. M. A.; Santos, S. A.; Cardoso, E. L.",Soriano et al. (2019),2019,Grau de intensidade de pastejo dos bovinos e incidência de focos de calor no Pantanal,Biodiversidade Brasileira,10.37002/biodiversidadebrasileira.v9i1.1394,https://doi.org/10.37002/biodiversidadebrasileira.v9i1.1394,article,pt,Pantanal Sul (MS),""
Ambiental,souza2019determinacao,"Souza, J. W. F.; Leite, E. F.",Souza e Leite (2019),2019,Determinação da área queimada no Pantanal da Nhecolândia no ano de 2017,Biodiversidade Brasileira,10.37002/biodiversidadebrasileira.v9i1.938,https://doi.org/10.37002/biodiversidadebrasileira.v9i1.938,article,pt,Pantanal Sul (MS),""
Ambiental,souza2019soil,"Souza, E. B.; Damasceno Júnior, G. A.; Pott, A.",Souza et al. (2019),2019,"SOIL SEED BANK IN PANTANAL RIPARIAN FOREST: PERSISTENCE, ABUNDANCE, FUNCTIONAL DIVERSITY AND COMPOSITION",Oecologia Australis,10.4257/oeco.2019.2304.13,https://doi.org/10.4257/oeco.2019.2304.13,article,en,Pantanal genérico ou indefinido,""
Ambiental,souza2019fire,"Souza, A. H. A.; Batalha, M. A.; Casagrande, J. C.; Rivaben, R.; Assunção, V. A.; Pott, A.; Damasceno-Júnior, G. A.",Souza et al. (2019),2019,Fire can weaken or trigger functional responses of trees to flooding in wetland forest patches,Journal of Vegetation Science,10.1111/jvs.12719,https://doi.org/10.1111/jvs.12719,article,English,Pantanal Sul (MS),""
Ambiental,souza2019conspicuous,"Souza, J. C.; Ramires, G. G.; Rezende, M. P. G.; Gonçalves, V. T.; Souza, C. F.; Popak, A.; Markwith, S.",Souza et al. (2019),2019,Conspicuous roadside avifauna's seasonal variation in ecotone and wetland environments within the pantanal's Aquidauana Region,Ornitologia Neotropical,"","",article,English,Pantanal Sul (MS),""
Ambiental,suarez2019isolation,"Súarez, Y. R.; Azevedo, V. V.; Penha, J. M. F.",Súarez et al. (2019),2019,Isolation and lagoon morphometry define fish diversity and composition in nearshore areas of floodplain lagoons of the southern pantanal,Oecologia Australis,10.4257/oeco.2019.2304.23,https://doi.org/10.4257/oeco.2019.2304.23,article,English,Pantanal Sul (MS),""
Ambiental,tomas2019sustainability,"Tomas, W. M.; Roque, F. O.; Morato, R. G.; Medici, P. E.; Chiaravalloti, R. M.; Tortato, F. R.; Penha, J. M. F.; Izzo, T. J.; Garcia, L. C.; Lourival, R. F. F.; Girard, P.; Albuquerque, N. R.; Almeida-Gomes, M.; Andrade, M. H. S.; Araujo, F. A. S.; Araujo, A. C.; Arruda, E. C.; Assunção, V. A.; Battirola, L. D.; Benites, M.; Bolzan, F. P.; Boock, J. C.; Bortolotto, I. M.; Brasil, M. S.; Camilo, A. R.; Campos, Z.; Carniello, M. A.; Catella, A. C.; Cheida, C. C.; Crawshaw, P. G.; Crispim, S. M. A.; Junior, G. A. D.; Desbiez, A. L. J.; Dias, F. A.; Eaton, D. P.; Faggioni, G. P.; Farinaccio, M. A.; Fernandes, J. F. A.; Ferreira, V. L.; Fischer, E. A.; Fragoso, C. E.; Freitas, G. O.; Galvani, F.; Garcia, A. S.; Garcia, C. M.; Graciolli, G.; Guariento, R. D.; Guedes, N. M. R.; Guerra, A.; Herrera, H. M.; Hoogesteijn, R.; Ikeda, S. C.; Juliano, R. S.; Kantek, D. L. Z. K.; Keuroghlian, A.; Lacerda, A. C. R.; Lacerda, A. L. R.; Landeiro, V. L.; Laps, R. R.; Layme, V.; Leimgruber, P.; Rocha, F. L.; Mamede, S.; Marques, D. K. S.; Marques, M. I.; Mateus, L. A. F.; Moraes, R. N.; Moreira, T. A.; Mourão, G. M.; Nicola, R. D.; Nogueira, D. G.; Nunes, A. P.; Cunha, C. N.; Oliveira, M. D.; Oliveira, M. R.; Paggi, G. M.; Pellegrin, A. O.; Pereira, G. M. F.; Peres, I. A. H. F. S.; Pinho, J. B.; Pinto, J. O. P.; Pott, A.; Provete, D. B.; Reis, V. D. A.; Reis, L. K.; Renaud, P.-C.; Ribeiro, D. B.; Rossetto, O. C.; Sabino, J.; Rumiz, D.; Salis, S. M.; Santana, D. J.; Santos, S. A.; Sartori, Â. L.; Sato, M.; Schuchmann, K.-L.; Scremin-Dias, E.; Seixas, G. H. F.; Severo-Neto, F.; Sigrist, M. R.; Silva, A.; Silva, C. J.; Siqueira, A. L.; Soriano, B. M. A.; Sousa, L. M.; Souza, F. L.; Strussmann, C.; Sugai, L. S. M.; Tocantins, N.; Urbanetz, C.; Valente-Neto, F.; Viana, D. P.; Yanosky, A.; Junk, W. J.",Tomas et al. (2019),2019,"Sustainability Agenda for the Pantanal Wetland: Perspectives on a Collaborative Interface for Science, Policy, and Decision-Making",Tropical Conservation Science,10.1177/1940082919872634,https://doi.org/10.1177/1940082919872634,article,English,Pantanal genérico ou indefinido,""
Ambiental,alho2020environmental,"Alho, C. J. R.",Alho (2020),2020,ENVIRONMENTAL EFFECTS OF THE UNSUSTAINABLE HARVEST OF LIVE BAIT FOR SPORT FISHING IN THE BRAZILIAN PANTANAL BIOME – A REVIEW,Oecologia Australis,10.4257/oeco.2020.2403.01,https://doi.org/10.4257/oeco.2020.2403.01,article,English,Cita município do recorte (MT),Barão de Melgaço; Cáceres; Poconé
Ambiental,almeida2020analise,"Almeida, D. S.",Almeida (2020),2020,Análise do desmatamento e das queimadas na Amazônia Legal em 2018 e 2019 utilizando dados geoespaciais,Boletim Campineiro de Geografia,10.54446/bcg.v10i2.479,https://doi.org/10.54446/bcg.v10i2.479,article,pt,Pantanal genérico ou indefinido,""
Ambiental,alves2020variacao,"Alves, D. B.; Alvarado, S. T.",Alves e Alvarado (2020),2020,VARIAÇÃO ESPAÇO-TEMPORAL DA OCORRÊNCIA DO FOGO NOS BIOMAS BRASILEIROS COM BASE NA ANÁLISE DE PRODUTOS DE SENSORIAMENTO REMOTO,Geografia (Rio Claro),10.5016/geografia.v44i2.15119,https://doi.org/10.5016/geografia.v44i2.15119,article,pt,Pantanal genérico ou indefinido,""
Ambiental,barreto2020checklist,"Barreto, M. R.; Queiroz, D. L.; Burckhardt, D.; Foerster, L. A.",Barreto et al. (2020),2020,"Checklist of jumping plant-lice (Hemiptera, Sternorrhyncha, Psyllidae) from Mato Grosso, Brazil",Ciência Florestal,10.5902/1980509840612,https://doi.org/10.5902/1980509840612,article,pt,Pantanal genérico ou indefinido,""
Ambiental,barrios2020phlebotominae,"Barrios, S. P. G.; Pereira, L. E.; Casaril, A. E.; Infran, J. O. M.; Infran, J. O. M.; Oshiro, E. T.; Galati, E. A. B.; Graciolli, G.; Paranhos Filho, A. C.; Oliveira, A. G.",Barrios et al. (2020),2020,"Phlebotominae (Diptera: Psychodidae) and biomes in the state of Mato Grosso do Sul, Brazil",Journal of Medical Entomology,10.1093/jme/tjaa127,https://doi.org/10.1093/jme/tjaa127,article,English,Pantanal Sul (MS),""
Ambiental,batista2020levantamento,"Batista, R. L. M.; Pimenta, J. M. A.; Moimáz, M.; Soares, A. J. S.; Tetto, A. F.",Batista et al. (2020),2020,LEVANTAMENTO E REPRESENTATIVIDADE DAS UNIDADES DE CONSERVAÇÃO DO PANTANAL SULMATOGROSSENSE,Revista Acta Ambiental Catarinense,10.24021/raac.v16i1/2.5152,https://doi.org/10.24021/raac.v16i1/2.5152,article,pt,Pantanal Sul (MS),""
Ambiental,brito2020cladocera,"Brito, M. T. S.; Diniz, L. P.; Pozzobom, U. M.; Landeiro, V. L.; Sousa, F. D. R.",Brito et al. (2020),2020,"Cladocera (Crustacea: Branchiopoda) from the state of Mato Grosso, Brazil: Biodiversity of Cladocera (Crustacea: Branchiopoda) from the state of Mato Grosso, Brazil: New records and species richness in hydrographic regions",Annales de Limnologie,10.1051/limn/2020005,https://doi.org/10.1051/limn/2020005,article,English,"Pantanal Norte (MT), sem município do recorte",""
Ambiental,brooke2020jaguars,"Brooke, P.; Donahue, P.",Brooke e Donahue (2020),2020,Jaguars of the Northern Pantanal: Panthera Onca at the Meeting of the Waters,Jaguars of the Northern Pantanal: Panthera Onca at the Meeting of the Waters,10.1016/b978-0-12-822138-9.09990-8,https://doi.org/10.1016/b978-0-12-822138-9.09990-8,book,English,"Pantanal Norte (MT), sem município do recorte",""
Ambiental,burs2020response,"Burs, K.; Wistuba, R.; Schuchmann, K. L.; Perazzi, P. R.; Marques, M. I.",Burs et al. (2020),2020,"Response of mammals to ecotourism, cattle farming, and habitat structure in the northern and southern brazilian pantanal",Mastozoologia Neotropical,10.31687/saremmn.20.27.2.0.04,https://doi.org/10.31687/saremmn.20.27.2.0.04,article,English,Cita município do recorte (MT),Poconé
Ambiental,buhler2020influencia,"Bühler, B. F.; Oliveira Junior, E. S.; Souza, C. A.",Bühler et al. (2020),2020,"Influência geológica e antrópica na qualidade da água de um córrego no Pantanal Norte, Brasil",Revista Ibero-Americana de Ciências Ambientais,10.6008/cbpc2179-6858.2020.005.0050,https://doi.org/10.6008/cbpc2179-6858.2020.005.0050,article,"",Cita município do recorte (MT),Cáceres
Ambiental,campos2020predicted,"Campos, M. M.; Tritico, H. M.; Girard, P.; Zeilhofer, P.; Hamilton, S. K.; Fantin-Cruz, I.",Campos et al. (2020),2020,Predicted impacts of proposed hydroelectric facilities on fish migration routes upstream from the Pantanal wetland (Brazil),River Research and Applications,10.1002/rra.3588,https://doi.org/10.1002/rra.3588,article,English,Pantanal de MT e MS,""
Ambiental,cervo2020wild,"Cervo, I. B.; Guadagnin, D. L.",Cervo e Guadagnin (2020),2020,Wild boar diet and its implications on agriculture and biodiversity in brazilian forest–grassland ecoregions,Animal Biodiversity and Conservation,10.32800/abc.2020.43.0123,https://doi.org/10.32800/abc.2020.43.0123,article,English,Pantanal genérico ou indefinido,""
Ambiental,chaves2020pantanal,"Chaves, T. P.; Souza, S. M.; Freitas, A. C.",Chaves et al. (2020),2020,"Pantanal, tudo fica bem quando o fogo se apaga?",Revista Sustinere,10.12957/sustinere.2020.56009,https://doi.org/10.12957/sustinere.2020.56009,article,pt,Pantanal genérico ou indefinido,""
Ambiental,costa2020analise,"Costa, A. A. D.; Galvanin, E. A. S.; Neves, S. M. A. S.",Costa et al. (2020),2020,"Análise morfométrica da bacia hidrográfica Paraguai/Jauquara, Mato Grosso - Brasil",Geosul,10.5007/1982-5153.2020v35n74p483,https://doi.org/10.5007/1982-5153.2020v35n74p483,article,pt,"Pantanal Norte (MT), sem município do recorte",""
Ambiental,costa2020state,"Costa, A. A. D.; Galvanin, E. A. S.; Vieira, E. H. A.",Costa et al. (2020),2020,"State of natural vegetation conservation across the landscape temporal changes in paraguai/jauquara hydrographic basin, in Mato Grosso – Brazil",Atelie Geografico,10.5216/ag.v14i2.57295,https://doi.org/10.5216/ag.v14i2.57295,article,Portuguese,"Pantanal Norte (MT), sem município do recorte",""
Ambiental,curvo2020atropelamento,"Curvo, L. R. V.; Alencar, S. B. A.; Kreutz, F. I.; Barbosa, G. R. C.; Costa, C. S.; Ferreira, M. W.",Curvo et al. (2020),2020,Atropelamento de fauna silvestre em uma Reserva da Biosfera no Brasil: ameaças à conservação do Pantanal Norte do Brasil,Revista Ibero-Americana de Ciências Ambientais,10.6008/cbpc2179-6858.2021.001.0010,https://doi.org/10.6008/cbpc2179-6858.2021.001.0010,article,pt,Cita município do recorte (MT),Barão de Melgaço
Ambiental,danelichen2020biophysical,"Danelichen, V. H. M.; Bíudes, M. S.",Danelichen e Bíudes (2020),2020,Biophysical parameters analysis in the detection of coverage changes and land use in a conservation unit in the Brazilian Pantanal,Revista Ibero-Americana de Ciências Ambientais,10.6008/cbpc2179-6858.2020.005.0059,https://doi.org/10.6008/cbpc2179-6858.2020.005.0059,article,en,Pantanal genérico ou indefinido,""
Ambiental,deus2020avian,"Deus, F. F.; Schuchmann, K.-L.; Arieira, J.; Tissiani, A. S. O.; Marques, M. I.",Deus et al. (2020),2020,Avian Beta Diversity in a Neotropical Wetland: the Effects of Flooding and Vegetation Structure,Wetlands,10.1007/s13157-019-01240-0,https://doi.org/10.1007/s13157-019-01240-0,article,English,Pantanal genérico ou indefinido,""
Ambiental,duden2020biodiversity,Duden; Verweij; Faaij; Baisero; Rondinini; Hilst,Duden et al. (2020),2020,Biodiversity impacts of increased ethanol production in Brazil,Land,10.3390/land9010012,https://doi.org/10.3390/land9010012,article,English,Pantanal genérico ou indefinido,""
Ambiental,ely2020dam,"Ely, P.; Fantin-Cruz, I.; Tritico, H. M.; Girard, P.; Kaplan, D.",Ely et al. (2020),2020,Dam-Induced Hydrologic Alterations in the Rivers Feeding the Pantanal,Frontiers in Environmental Science,10.3389/fenvs.2020.579031,https://doi.org/10.3389/fenvs.2020.579031,article,English,Pantanal genérico ou indefinido,""
Ambiental,epifanio2020analysis,"Epifânio, S. L. S.; Rosa, A. S.; Moraes, K. V.; Laranja, R. E. P.; Franca, R. R.",Epifânio et al. (2020),2020,Analysis of the fire scenario and covid-19 in indigenous lands with the hiring of forest brigades in 2020,Revista Brasileira de Geografia Fisica,10.26848/rbgf.v13.6.p2586-2602,https://doi.org/10.26848/rbgf.v13.6.p2586-2602,article,Portuguese,Pantanal genérico ou indefinido,""
Ambiental,fantincruz2020further,"Fantin-Cruz, I.; Oliveira, M. D.; Campos, J. A.; Campos, M. M.; Ribeiro, L. S.; Mingoti, R.; Souza, M. L.; Pedrollo, O.; Hamilton, S. K.",Fantin-Cruz et al. (2020),2020,Further Development of Small Hydropower Facilities Will Significantly Reduce Sediment Transport to the Pantanal Wetland of Brazil,Frontiers in Environmental Science,10.3389/fenvs.2020.577748,https://doi.org/10.3389/fenvs.2020.577748,article,English,Pantanal genérico ou indefinido,""
Ambiental,figueiredo2020analise,"Figueiredo, D. M.; Migliorini, R. B.; Salomão, F. X. T.; Araujo, M. B.",Figueiredo et al. (2020),2020,ANÁLISE AMBIENTAL DE UMA MICROBACIA TRIBUTÁRIA DO PANTANAL MATO-GROSSENSE: CONTRIBUIÇÃO AO MÉTODO VERAH E À GESTÃO AMBIENTAL,Revista Gestão & Sustentabilidade Ambiental,10.19177/rgsa.v9e3202029-53,https://doi.org/10.19177/rgsa.v9e3202029-53,article,pt,"Pantanal Norte (MT), sem município do recorte",""
Ambiental,frota2020bird,"Frota, A. V. B.; Vitorino, B. D.; Silva, C. J.; Ikeda-Castrillon, S. K.; Nunes, J. R. S.",Frota et al. (2020),2020,"Bird community structure in macrohabitats of the aquatic-terrestrial transition zone in the Pantanal Wetland, Brazil",Oecologia Australis,10.4257/oeco.2020.2403.07,https://doi.org/10.4257/oeco.2020.2403.07,article,English,Pantanal genérico ou indefinido,""
Ambiental,frota2020birds,"Frota, A. V. B.; Vitorino, B. D.; Silva, C. J.; Ikeda-Castrillon, S. K.; Nunes, J. R. S.",Frota et al. (2020),2020,"Birds of the ramsar site estação ecológica de taiamã and buffer zone, pantanal wetlands, Brazil",Check List,10.15560/16.2.401,https://doi.org/10.15560/16.2.401,article,English,"Pantanal Norte (MT), sem município do recorte",""
Ambiental,goncalves2020apropriacao,"Gonçalves, K. B.; Costa, C. A.",Gonçalves e Costa (2020),2020,"A apropriação da natureza e a reinvenção do capital nas áreas protegidas do Pantanal: o caso do Parque Nacional Otuquis (Bolívia), Parque Nacional do Pantanal Mato-Grossense (Brasil) e o Parque Nacional Rio Negro (Paraguai)",ENTRE-LUGAR,10.30612/el.v11i22.10601,https://doi.org/10.30612/el.v11i22.10601,article,pt,Pantanal de MT e MS,""
Ambiental,guerra2020drivers,"Guerra, A.; Roque, F. O.; Garcia, L. C.; Ochao-Quintero, J. M. O.; Oliveira, P. T. S.; Guariento, R. D.; Rosa, I. M.",Guerra et al. (2020),2020,Drivers and projections of vegetation loss in the Pantanal and surrounding ecosystems,Land Use Policy,10.1016/j.landusepol.2019.104388,https://doi.org/10.1016/j.landusepol.2019.104388,article,English,Pantanal genérico ou indefinido,""
Ambiental,guerra2020importance,"Guerra, A.; Oliveira, P. T. S.; Roque, F. O.; Rosa, I. M.; Ochoa-Quintero, J. M.; Guariento, R. D.",Guerra et al. (2020),2020,The importance of Legal Reserves for protecting the Pantanal biome and preventing agricultural losses,Journal of Environmental Management,10.1016/j.jenvman.2020.110128,https://doi.org/10.1016/j.jenvman.2020.110128,article,English,Pantanal Sul (MS),""
Ambiental,ivo2020temporal,"Ivo, I. O.; Biudes, M. S.; Costa, R. O.; Machado, N. G.; Santos, L. O. F.; Pedreira Junior, A. L.",Ivo et al. (2020),2020,Temporal variation of biophysical parameters of the surface by Landsat 5 images in different soil covers in a transitional area of Cerrado and Pantanal in Mato Grosso,Nativa,10.31413/nativa.v8i5.10064,https://doi.org/10.31413/nativa.v8i5.10064,article,Portuguese,Pantanal genérico ou indefinido,""
Ambiental,jardim2020modeling,"Jardim, P. F.; Melo, M. M. M.; Ribeiro, L. C.; Collischonn, W.; Paz, A. R.",Jardim et al. (2020),2020,A Modeling Assessment of Large-Scale Hydrologic Alteration in South American Pantanal Due to Upstream Dam Operation,Frontiers in Environmental Science,10.3389/fenvs.2020.567450,https://doi.org/10.3389/fenvs.2020.567450,article,English,Pantanal genérico ou indefinido,""
Ambiental,jesus2020analise,"Jesus, J. B.; Rosa, C. N.; Barreto, Í. D. C.; Fernandes, M. M.",Jesus et al. (2020),2020,"Análise da incidência temporal, espacial e de tendência de fogo nos biomas e unidades de conservação do Brasil",Ciência Florestal,10.5902/1980509837696,https://doi.org/10.5902/1980509837696,article,pt,Pantanal genérico ou indefinido,""
Ambiental,kantek2020aquatic,"Kantek, D. L. Z.; Melo, R. C.; Miyazaki, S. S.; Castilheiro, W. F. F.; Santos Filho, M.",Kantek et al. (2020),2020,Aquatic Birds at the Taiamã Ecological Station: Seasonal Variation of Community Structure and the Importance of Protected Areas in the Pantanal: variação sazonal da estrutura da comunidade e a importância das áreas protegidas no Pantanal,Biodiversidade Brasileira,10.37002/biobrasil.v10i3.1513,https://doi.org/10.37002/biobrasil.v10i3.1513,article,"","Pantanal Norte (MT), sem município do recorte",""
Ambiental,kohagura2020flood,"Kohagura, T. C.; Souza, E. B.; Bao, F.; Ferreira, F. A.; Pott, A.",Kohagura et al. (2020),2020,Flood and fire affect the soil seed bank of riparian forest in the Pantanal wetland,Rodriguésia,10.1590/2175-7860202071013,https://doi.org/10.1590/2175-7860202071013,article,en,Pantanal genérico ou indefinido,""
Ambiental,lapola2020climate,"Lapola, D. M.; Silva, J. M. C.; Braga, D. R.; Carpigiani, L.; Ogawa, F.; Torres, R. R.; Barbosa, L. C. F.; Ometto, J. P. H. B.; Joly, C. A.",Lapola et al. (2020),2020,A climate-change vulnerability and adaptation assessment for Brazil's protected areas,Conservation Biology,10.1111/cobi.13405,https://doi.org/10.1111/cobi.13405,article,English,Pantanal genérico ou indefinido,""
Ambiental,li2020wetland,"Li, X.; Song, K.; Liu, G.",Li et al. (2020),2020,Wetland fire scar monitoring and its response to changes of the pantanal wetland,Sensors (Switzerland),10.3390/s20154268,https://doi.org/10.3390/s20154268,article,English,Pantanal genérico ou indefinido,""
Ambiental,lima2020sugarcane,"Lima, M.; Silva Junior, C. A.; Pelissari, T. D.; Lourençoni, T.; Luz, I. M. S.; Lopes, F. J. A.",Lima et al. (2020),2020,Sugarcane: Brazilian public policies threaten the Amazon and Pantanal biomes,Perspectives in Ecology and Conservation,10.1016/j.pecon.2020.06.002,https://doi.org/10.1016/j.pecon.2020.06.002,article,English,Pantanal genérico ou indefinido,""
Ambiental,louzada2020landscape,"Louzada, R. O.; Bergier, I.; Assine, M. L.",Louzada et al. (2020),2020,Landscape changes in avulsive river systems: Case study of Taquari River on Brazilian Pantanal wetlands,Science of the Total Environment,10.1016/j.scitotenv.2020.138067,https://doi.org/10.1016/j.scitotenv.2020.138067,article,English,Pantanal Sul (MS),""
Ambiental,lazaro2020climate,"Lázaro, W. L.; Oliveira-Júnior, E. S.; Silva, C. J.; Castrillon, S. K. I.; Muniz, C. C.",Lázaro et al. (2020),2020,Climate change reflected in one of the largest wetlands in the world: an overview of the Northern Pantanal water regime,Acta Limnologica Brasiliensia,10.1590/s2179-975x7619,https://doi.org/10.1590/s2179-975x7619,article,English,Cita município do recorte (MT),Cáceres
Ambiental,martins2020comparison,"Martins, G.; Nogueira, J.; Setzer, A.; Morelli, F.",Martins et al. (2020),2020,Comparison between Different Versions of INPE'S Fire Risk Model for the Brazilian Biomes,"2020 IEEE Latin American GRSS and ISPRS Remote Sensing Conference, LAGIRS 2020 - Proceedings",10.1109/lagirs48042.2020.9165568,https://doi.org/10.1109/lagirs48042.2020.9165568,inproceedings,English,Pantanal genérico ou indefinido,""
Ambiental,menezes2020decoada,"Menezes, M. Q.; Oliveira, E. S.; Souza, C. A.",Menezes et al. (2020),2020,"The ‘decoada’ phenomenon effect on the Paraguay river water quality, Northern Pantanal",Revista Ibero-Americana de Ciências Ambientais,10.6008/cbpc2179-6858.2020.005.0055,https://doi.org/10.6008/cbpc2179-6858.2020.005.0055,article,en,Cita município do recorte (MT),Cáceres
Ambiental,merino2020hidden,"Merino, E. R.; Assine, M. L.",Merino e Assine (2020),2020,Hidden in plain sight: How finding a lake in the Brazilian Pantanal improves understanding of wetland hydrogeomorphology,Earth Surface Processes and Landforms,10.1002/esp.4745,https://doi.org/10.1002/esp.4745,article,English,Pantanal Sul (MS),""
Ambiental,nunes2020changes,"Nunes, J. R. S.; Silva, C. J.; Castrillon, S. K. I.; Sander, N. L.",Nunes et al. (2020),2020,Changes in composition of aquatic bird assemblages associated with changing in water levels in the Aquatic Terrestrial Transitional Zone of the Pantanal wetland Brazil,Research Society and Development,10.33448/rsd-v9i10.8555,https://doi.org/10.33448/rsd-v9i10.8555,article,en,"Pantanal Norte (MT), sem município do recorte",""
Ambiental,oliveira2020geoprocessamento,"Oliveira, V. F. R.; Silva, E. R. S.; Vick, E. P.; Silva, B. H. M.; Lima, C. G. R.; Bacani, V. M.",Oliveira et al. (2020),2020,Geoprocessamento aplicado ao mapeamento de risco a incêndios,Revista Brasileira de Geografia Física,10.26848/rbgf.v13.3.p1194-1212,https://doi.org/10.26848/rbgf.v13.3.p1194-1212,article,pt,Pantanal Sul (MS),""
Ambiental,oliveira2020composition,"Oliveira, M. B.; Brandão, M. L.; Cordeiro, J. L. P.; Oliveira, L. F. B.; Peracchi, A. L.",Oliveira et al. (2020),2020,"Composition and frequency of capture of bat assemblages in a landscape mosaic in northern pantanal, mato grosso, brazil",Mastozoologia Neotropical,10.31687/saremmn.20.27.1.0.25,https://doi.org/10.31687/saremmn.20.27.1.0.25,article,English,"Pantanal Norte (MT), sem município do recorte",""
Ambiental,oliveira2020further,"Oliveira, M. D.; Fantin-Cruz, I.; Campos, J. A.; Campos, M. M.; Mingoti, R.; Souza, M. L.",Oliveira et al. (2020),2020,Further Development of Small Hydropower Facilities May Alter Nutrient Transport to the Pantanal Wetland of Brazil,Frontiers in Environmental Science,10.3389/fenvs.2020.577793,https://doi.org/10.3389/fenvs.2020.577793,article,English,Pantanal de MT e MS,""
Ambiental,oliveirajunior2020fire,"Oliveira-Júnior, J. F.; Teodoro, P. E.; Silva Junior, C. A.; Baio, F. H. R.; Gava, R.; Capristo-Silva, G. F.; Gois, G.; Correia Filho, W. L. F.; Lima, M.; Santiago, D. B.; Freitas, W. K.; Santos, P. J.; Costa, M. S.",Oliveira-Júnior et al. (2020),2020,"Fire foci related to rainfall and biomes of the state of Mato Grosso do Sul, Brazil",Agricultural and Forest Meteorology,10.1016/j.agrformet.2019.107861,https://doi.org/10.1016/j.agrformet.2019.107861,article,English,Pantanal Sul (MS),""
Ambiental,pineda2020occurrence,"Pineda, D. A. M.; Damasceno‐Júnior, G. A.",Pineda e Damasceno‐Júnior (2020),2020,"The occurrence of fire influences the tree stratum of the Tabebuia aurea monodominant stands ""Paratudal"" in the Pantanal of Miranda/MS?",Biodiversidade Brasileira,10.37002/biobrasil.v10i1.1504,https://doi.org/10.37002/biobrasil.v10i1.1504,article,en,Pantanal Sul (MS),""
Ambiental,pinto2020analise,"Pinto, J. S.; Souza, C. C.; Pinto, A. L.; Pinto, V. P. S.; Oppliger, E. A.; Oliveira, A. K. M.",Pinto et al. (2020),2020,ANÁLISE DA EFETIVIDADE DE PLANOS DE MANEJO PARA O DESENVOLVIMENTO SUSTENTÁVEL EM PARQUES ESTADUAIS DE MATO GROSSO DO SUL,Revista Tamoios,10.12957/tamoios.2020.52531,https://doi.org/10.12957/tamoios.2020.52531,article,pt,Pantanal Sul (MS),""
Ambiental,pinto2020aboveground,"Pinto, O. B.; Marques, A. C. A.; Vourlitis, G. L.",Pinto et al. (2020),2020,Aboveground Carbon Storage and Cycling of Flooded and Upland Forests of the Brazilian Pantanal,Forests,10.3390/f11060665,https://doi.org/10.3390/f11060665,article,English,"Pantanal Norte (MT), sem município do recorte",""
Ambiental,piva2020anurans,"Piva, A.; Santos, F. M.; Costa-Urquiza, A. S.; Soares, M. P.; Urquiza, M. V. S.; Albuquerque, N. R.",Piva et al. (2020),2020,"Anurans of the parque municipal de piraputangas, on the western border of the Pantanal, Mato Grosso do Sul, Brazil",Check List,10.15560/16.6.1709,https://doi.org/10.15560/16.6.1709,article,English,Pantanal Sul (MS),""
Ambiental,quintela2020arsenic,"Quintela, F. M.; Pino, S. R.; Silva, F. C.; Loebmann, D.; Costa, P. G.; Bianchini, A.; Martins, S. E.",Quintela et al. (2020),2020,"Arsenic, lead and cadmium concentrations in caudal crests of the yacare caiman (Caiman yacare) from Brazilian Pantanal",Science of the Total Environment,10.1016/j.scitotenv.2019.135479,https://doi.org/10.1016/j.scitotenv.2019.135479,article,English,Pantanal de MT e MS,""
Ambiental,ribeiro2020influence,"Ribeiro, I. S.; Faggioni, G. P.; Barbosa, G. M.; Cardoso, E. L.; Santos, S. A.",Ribeiro et al. (2020),2020,Influence of prescribed burning on biological attributes of the soil in natural pasture from Pantanal,Biodiversidade Brasileira,10.37002/biobrasil.v10i1.1621,https://doi.org/10.37002/biobrasil.v10i1.1621,article,en,Pantanal Sul (MS),""
Ambiental,rossi2020fire,"Rossi, F. S.; Santos, G. A. A.",Rossi e Santos (2020),2020,"Fire dynamics in Mato Grosso State, Brazil: the relative roles of gross primary productivity",Big Earth Data,10.1080/20964471.2019.1706832,https://doi.org/10.1080/20964471.2019.1706832,article,English,"Pantanal Norte (MT), sem município do recorte",""
Ambiental,sakuma2020vegetation,"Sakuma, M. Z.; Hall, C. F.; Silva, M. H. S.",Sakuma et al. (2020),2020,Vegetation pyramids applied to the analysis of dense forest units in the Pantanal of Abobral,RA'E GA: o Espaço Geográfico em Análise,10.5380/raega.v49i0.66384,https://doi.org/10.5380/raega.v49i0.66384,article,English,Pantanal Sul (MS),""
Ambiental,schrapffer2020benefits,"Schrapffer, A.; Sörensson, A.; Polcher, J.; Fita, L.",Schrapffer et al. (2020),2020,Benefits of representing floodplains in a Land Surface Model: Pantanal simulated with ORCHIDEE CMIP6 version,Climate Dynamics,10.1007/s00382-020-05324-0,https://doi.org/10.1007/s00382-020-05324-0,article,English,Pantanal genérico ou indefinido,""
Ambiental,shimabukuro2020mapping,"Shimabukuro, Y. E.; Dutra, A. C.; Arai, E.; Duarte, V.; Cassol, H. L. G.; Pereira, G.",Shimabukuro et al. (2020),2020,Mapping Burned Areas of Mato Grosso State Brazilian Amazon Using Multisensor Datasets,Remote Sensing,10.3390/rs12223827,https://doi.org/10.3390/rs12223827,article,English,Pantanal genérico ou indefinido,""
Ambiental,junior2020persistent,"Silva Junior, C. A.; Teodoro, P. E.; Delgado, R. C.; Teodoro, L. P. R.; Lima, M.; Pantaleão, A. A.; Baio, F. H. R.; Azevedo, G. B.; Azevedo, G. T. O. S.; Capristo-Silva, G. F.; Arvor, D.; Facco, C. U.",Silva Junior et al. (2020),2020,Persistent fire foci in all biomes undermine the Paris Agreement in Brazil,Scientific Reports,10.1038/s41598-020-72571-w,https://doi.org/10.1038/s41598-020-72571-w,article,English,Pantanal genérico ou indefinido,""
Ambiental,silva2020estado,"Silva, G. J. O.; Neves, S. M. A. S.; Ramos, A. W. P.; Miranda, M. R. S.",Silva et al. (2020),2020,ESTADO DE CONSERVAÇÃO DAS ÁREAS DE PRESERVAÇÃO PERMANENTE DE NASCENTES DA BACIA HIDROGRÁFICA DO RIO JAURU/MT-BRASIL,Revista Cerrados,10.22238/rc24482692202018010322,https://doi.org/10.22238/rc24482692202018010322,article,pt,"Pantanal Norte (MT), sem município do recorte",""
Ambiental,silva2020diversidade,"Silva, C. P. A.; Souza, A. R.; Olivo-Neto, A. M.; Lemes, S. A. L.; Alves, V. D. S.; Santos Filho, M.; Silva, D. J.; Carniello, M. A.",Silva et al. (2020),2020,"Diversidade florística da comunidade arbórea de mata ripária do rio Paraguai em áreas de planalto e Pantanal, Mato Grosso, Brasil",Research Society and Development,10.33448/rsd-v9i10.8399,https://doi.org/10.33448/rsd-v9i10.8399,article,pt,"Pantanal Norte (MT), sem município do recorte",""
Ambiental,silva2020analise,"Silva, M. O.; Olinda, R. A.; Mioto, C. L.; Barbosa, D. S.",Silva et al. (2020),2020,Análise plurianual da qualidade das águas de bacia tributária do Pantanal brasileiro,Revista Ibero-Americana de Ciências Ambientais,10.6008/cbpc2179-6858.2020.002.0019,https://doi.org/10.6008/cbpc2179-6858.2020.002.0019,article,pt,Pantanal genérico ou indefinido,""
Ambiental,silva2020seasonal,"Silva, F. H. B.; Cunha, C. N.; Overbeck, G. E.",Silva et al. (2020),2020,Seasonal Dynamics of Flooded Tropical Grassland Communities in the Pantanal Wetland,Wetlands,10.1007/s13157-020-01281-w,https://doi.org/10.1007/s13157-020-01281-w,article,English,"Pantanal Norte (MT), sem município do recorte",""
Ambiental,stevaux2020changing,"Stevaux, J. C.; Macedo, H. A.; Assine, M. L.; Silva, A.",Stevaux et al. (2020),2020,Changing fluvial styles and backwater flooding along the Upper Paraguay River plains in the Brazilian Pantanal wetland,Geomorphology,10.1016/j.geomorph.2019.106906,https://doi.org/10.1016/j.geomorph.2019.106906,article,English,Pantanal genérico ou indefinido,""
Ambiental,taques2020classification,"Taques, A. C. F. S.; Pinto, O. B.; Vourlitis, G. L.; Silva, R. D. S. L.",Taques et al. (2020),2020,Classification of radicular biomass and monitoring of litter in Pantanal and Cerrado Mato-Grossense,Revista Ibero-Americana de Ciências Ambientais,10.6008/cbpc2179-6858.2020.007.0040,https://doi.org/10.6008/cbpc2179-6858.2020.007.0040,article,en,Pantanal genérico ou indefinido,""
Ambiental,thielen2020quo,"Thielen, D.; Schuchmann, K.-L.; Ramoni-Perazzi, P.; Marquez, M.; Rojas, W.; Quintero, J. I.",Thielen et al. (2020),2020,Quo vadis Pantanal? Expected precipitation extremes and drought dynamics from changing sea surface temperature,PLOS ONE,10.1371/journal.pone.0227437,https://doi.org/10.1371/journal.pone.0227437,article,English,Cita município do recorte (MT),Barão de Melgaço; Poconé
Ambiental,viana2020peixes,"Viana, C. R. S.; Barbosa, A. P. D.; Oliveira, E. S.; Muniz, C. C.; Santos Filho, M.",Viana et al. (2020),2020,"Peixes associados à formação de Ludwigia sedoides (Humb. & Bonpl.) H.Hara e Salvinia auriculata Aubl. rio Paraguai, Pantanal Norte",Revista de Ciências Agroambientais,10.5327/rcaa.v18i1.4550,https://doi.org/10.5327/rcaa.v18i1.4550,article,"","Pantanal Norte (MT), sem município do recorte",""
Ambiental,alcinopolis2021https,"Alcinópolis, S. M. D. A. P. T. M. A.; Barbosa, B.; Rocha, E.; Santos, M. A.; Barbosa, T. O.; Vieira, S. G. N.; Aximoff, I.",Alcinópolis et al. (2021),2021,Https://orcid.org/0000-0002-8496-3706,Oecologia Australis,10.4257/oeco.2021.2504.02,https://doi.org/10.4257/oeco.2021.2504.02,article,pt,Pantanal Sul (MS),""
Ambiental,alencar2021ecological,"Alencar, J.; Melandri, V.; Silva, J. S.; Albuquerque, H. G.; Guimarães, A. É.",Alencar et al. (2021),2021,"Ecological characterization of mosquitoes (Diptera: Culicidae) in areas of the mato grosso pantanal, mato grosso state, brazil",Tropical Zoology,10.4081/tz.2021.84,https://doi.org/10.4081/tz.2021.84,article,English,Pantanal genérico ou indefinido,""
Ambiental,alvarenga2021multi,"Alvarenga, G. C.; Chiaverini, L.; Cushman, S. A.; Dröge, E.; Macdonald, D. W.; Kantek, D. L. Z.",Alvarenga et al. (2021),2021,Multi-scale path-level analysis of jaguar habitat use in the Pantanal ecosystem,Biological Conservation,10.1016/j.biocon.2020.108900,https://doi.org/10.1016/j.biocon.2020.108900,article,English,"Pantanal Norte (MT), sem município do recorte",""
Ambiental,aparecido2021climate,"Aparecido, L. E. O.; Lorençone, P. A.; Lorençone, J. A.; Meneses, K. C.; Moraes, J. R. S. C.",Aparecido et al. (2021),2021,Climate changes and their influences in water balance of Pantanal biome,Theoretical and Applied Climatology,10.1007/s00704-020-03445-4,https://doi.org/10.1007/s00704-020-03445-4,article,English,Pantanal Sul (MS),""
Ambiental,araujo2021implications,"Araujo, J. M.; Correa, S. B.; Penha, J.; Anderson, J.; Traveset, A.",Araujo et al. (2021),2021,Implications of overfishing of frugivorous fishes for cryptic function loss in a Neotropical floodplain,Journal of Applied Ecology,10.1111/1365-2664.13891,https://doi.org/10.1111/1365-2664.13891,article,English,Pantanal genérico ou indefinido,""
Ambiental,baigun2021conserving,"Baigún, C. R. M.; Minotti, P. G.",Baigún e Minotti (2021),2021,"Conserving the Paraguay-Paraná Fluvial Corridor in the XXI Century: Conflicts, Threats, and Challenges",Sustainability (Switzerland),10.3390/su13095198,https://doi.org/10.3390/su13095198,article,English,Pantanal genérico ou indefinido,""
Ambiental,barbosa2021mamiferos,"Barbosa, B. A.; Rocha, E.; Santos, M.; Barbosa, T.; Vieira, S. G. N.; Aximoff, I.",Barbosa et al. (2021),2021,"MAMÍFEROS DE MÉDIO E GRANDE PORTE EM UNIDADE DE CONSERVAÇÃO NO CERRADO, MATO GROSSO DO SUL, BRASIL",Oecologia Australis,"","",article,pt,Pantanal Sul (MS),""
Ambiental,borges2021disponibilidade,"Borges, P. H. M.; Mendoza, Z. M. S. H.; Morais, P. H. M.",Borges et al. (2021),2021,"Disponibilidade hídrica na microrregião do alto Pantanal Mato-Grossense, Brasil",Revista Ibero-Americana de Ciências Ambientais,10.6008/cbpc2179-6858.2021.004.0023,https://doi.org/10.6008/cbpc2179-6858.2021.004.0023,article,pt,Cita município do recorte (MT),Barão de Melgaço; Curvelândia; Cáceres; Poconé
Ambiental,campos2021sinopse,"Campos, S. H.; Farinaccio, M. A.",Campos e Farinaccio (2021),2021,"Sinopse das Apocynaceae da Estrada Parque do Pantanal de Mato Grosso do Sul, Brasil",Heringeriana,10.17648/heringeriana.v15i1.917968,https://doi.org/10.17648/heringeriana.v15i1.917968,article,pt,Pantanal Sul (MS),""
Ambiental,cantinho2021protected,"Cantinho, R. Z.; Linares, J. A. H.; Vieira, J. L.; Bustamante, M. M. C.",Cantinho et al. (2021),2021,"Protected areas in brazil: Evolution, land use and cover, and impact on emissions inventory",Floresta,10.5380/rf.v51i1.67761,https://doi.org/10.5380/rf.v51i1.67761,article,English,Pantanal genérico ou indefinido,""
Ambiental,correa2021spatiotemporal,"Correa, C. M.; Silva, P. G.; Puker, A.; Abot, A. R.",Correa et al. (2021),2021,Spatiotemporal patterns of taxonomic and functional β-diversity of dung beetles in native and introduced pastures in the Brazilian Pantanal,Austral Ecology,10.1111/aec.12963,https://doi.org/10.1111/aec.12963,article,English,Pantanal genérico ou indefinido,""
Ambiental,cruz2021water,"Cruz, R. F.; Hamilton, S. K.; Tritico, H. M.; Fantin-Cruz, I.; Figueiredo, D. M.; Zeilhofer, P.",Cruz et al. (2021),2021,"Water quality impacts of small hydroelectric power plants in a tributary to the Pantanal floodplain, Brazil",River Research and Applications,10.1002/rra.3766,https://doi.org/10.1002/rra.3766,article,English,"Pantanal Norte (MT), sem município do recorte",""
Ambiental,dick2021environmental,"Dick, M.; Silva, M. A.; Silva, R. R. F.; Ferreira, O. G. L.; Maia, M. S.; Lima, S. F.; Paiva Neto, V. B.; Dewes, H.",Dick et al. (2021),2021,"Environmental impacts of Brazilian beef cattle production in the Amazon, Cerrado, Pampa, and Pantanal biomes",Journal of Cleaner Production,10.1016/j.jclepro.2021.127750,https://doi.org/10.1016/j.jclepro.2021.127750,article,English,Pantanal genérico ou indefinido,""
Ambiental,faria2021microplastics,"Faria, É.; Girard, P.; Nardes, C. S.; Moreschi, A.; Christo, S. W.; Ferreira Junior, A. L.; Costa, M. F.",Faria et al. (2021),2021,Microplastics pollution in the South American Pantanal,Case Studies in Chemical and Environmental Engineering,10.1016/j.cscee.2021.100088,https://doi.org/10.1016/j.cscee.2021.100088,article,English,Pantanal genérico ou indefinido,""
Ambiental,figueiredo2021hydropeaking,"Figueiredo, J. S. M. C.; Fantin-Cruz, I.; Silva, G. M. S.; Beregula, R. L.; Girard, P.; Zeilhofer, P.; Uliana, E. M.; Morais, E. B.; Tritico, H. M.; Hamilton, S. K.",Figueiredo et al. (2021),2021,Hydropeaking by Small Hydropower Facilities Affects Flow Regimes on Tributaries to the Pantanal Wetland of Brazil,Frontiers in Environmental Science,10.3389/fenvs.2021.577286,https://doi.org/10.3389/fenvs.2021.577286,article,English,Pantanal genérico ou indefinido,""
Ambiental,garcia2021record,"Garcia, L. C.; Szabo, J. K.; Roque, F. O.; Pereira, A. M. M.; Cunha, C. N.; Damasceno-Júnior, G. A.",Garcia et al. (2021),2021,Record-breaking wildfires in the world's largest continuous tropical wetland: Integrative fire management is urgently needed for both biodiversity and humans,Journal of Environmental Management,10.1016/j.jenvman.2021.112870,https://doi.org/10.1016/j.jenvman.2021.112870,article,English,Pantanal genérico ou indefinido,""
Ambiental,gasparinimorato2021reintroduction,"Gasparini-Morato, R. L.; Sartorello, L.; Rampim, L.; Fragoso, C. E.; May, J. A.; Teles, P.; Haberfeld, M.; Paula, R. C.; Morato, R. G.",Gasparini-Morato et al. (2021),2021,Is reintroduction a tool for the conservation of the jaguar Panthera onca? A case study in the Brazilian Pantanal,ORYX,10.1017/s0030605320000460,https://doi.org/10.1017/s0030605320000460,article,English,Pantanal Sul (MS),""
Ambiental,gloor2021large,Gloor; Gatti; Wilson; Parker; Boesch; Popa; Chipperfield; Poulter; Zhang; Basso; Miller; McNorton; Jimenez; Prigent,Gloor et al. (2021),2021,Large Methane Emissions From the Pantanal During Rising Water-Levels Revealed by Regularly Measured Lower Troposphere CH4 Profiles,Global Biogeochemical Cycles,10.1029/2021gb006964,https://doi.org/10.1029/2021gb006964,article,English,Pantanal genérico ou indefinido,""
Ambiental,gomessilva2021ultimos,"Gomes-Silva, F. F.; Leal, E. S. B.",Gomes-Silva e Leal (2021),2021,Últimos refúgios da onça-parda (Puma concolor) no Brasil: áreas prioritárias para a conservação sob a perspectiva da modelagem de distribuição geográfica,Revista de Geografia,10.51359/2238-6211.2021.246100,https://doi.org/10.51359/2238-6211.2021.246100,article,pt,Pantanal genérico ou indefinido,""
Ambiental,filho2021fire,"Leal Filho, W.; Azeiteiro, U. M.; Salvia, A. L.; Fritzen, B.; Libonati, R.",Leal Filho et al. (2021),2021,Fire in Paradise: Why the Pantanal is burning,Environmental Science & Policy,10.1016/j.envsci.2021.05.005,https://doi.org/10.1016/j.envsci.2021.05.005,article,English,Pantanal de MT e MS,""
Ambiental,louzada2021avulsions,"Louzada, R. O.; Bergier, I.; Roque, F. O.; McGlue, M. M.; Silva, A.; Assine, M. L.",Louzada et al. (2021),2021,Avulsions drive ecosystem services and economic changes in the Brazilian Pantanal wetlands,Current Research in Environmental Sustainability,10.1016/j.crsust.2021.100057,https://doi.org/10.1016/j.crsust.2021.100057,article,English,Pantanal Sul (MS),""
Ambiental,lucas2021using,"Lucas, K. R. G.; Antón, A.; Ventura, M. U.; Andrade, E. P.; Ralisch, R.",Lucas et al. (2021),2021,Using the available indicators of potential biodiversity damage for Life Cycle Assessment on soybean crop according to Brazilian ecoregions,Ecological Indicators,10.1016/j.ecolind.2021.107809,https://doi.org/10.1016/j.ecolind.2021.107809,article,English,Pantanal genérico ou indefinido,""
Ambiental,luz2021ndvi,"Luz, C. C. S.; Ramos, A. W. P.; Barros, C. A.; Neves, S. M. A. S.; Silva, J. S. V.; Galvanin, E. A. S.",Luz et al. (2021),2021,"NDVI and EVI applied to the analysis of the temporal dynamics of vegetation cover and land uses of the padre inácio - mato grosso river basin, Brazil",Anuario do Instituto de Geociencias,10.11137/1982-3908_2021_44_35438,https://doi.org/10.11137/1982-3908_2021_44_35438,article,Portuguese,Pantanal genérico ou indefinido,""
Ambiental,mamede2021bugio,"Mamede, S.; Benites, M.; Alho, C. J. R.",Mamede et al. (2021),2021,"O bugio (Alouatta caraya) no contexto do turismo de observação de vida silvestre no Pantanal Sul, Brasil",Caderno Virtual de Turismo,10.18472/cvt.21n3.2021.1845,https://doi.org/10.18472/cvt.21n3.2021.1845,article,pt,Pantanal Sul (MS),""
Ambiental,manriquepineda2021fire,"Manrique-Pineda, D. A.; Souza, E. B.; Paranhos Filho, A. C.; Encina, C. C. C.; Damasceno-Junior, G. A.",Manrique-Pineda et al. (2021),2021,"Fire, flood and monodominance of Tabebuia aurea in Pantanal",Forest Ecology and Management,10.1016/j.foreco.2020.118599,https://doi.org/10.1016/j.foreco.2020.118599,article,English,Pantanal Sul (MS),""
Ambiental,marengo2021extreme,"Marengo, J. A.; Cunha, A. P.; Cuartas, L. A.; Leal, K. R. D.; Broedel, E.; Seluchi, M. E.; Michelin, C. M.; Baião, C. F. P.; Ângulo, E. C.; Almeida, E. K.; Kazmierczak, M. L.; Mateus, N. P. A.; Silva, R. C.; Bender, F.",Marengo et al. (2021),2021,"Extreme Drought in the Brazilian Pantanal in 2019–2020: Characterization, Causes, and Impacts",Frontiers in Water,10.3389/frwa.2021.639204,https://doi.org/10.3389/frwa.2021.639204,article,English,Pantanal genérico ou indefinido,""
Ambiental,marques2021fires,"Marques, J. F.; Alves, M. B.; Silveira, C. F.; Silva, A. A.; Silva, T. A.; Santos, V. J.; Calijuri, M. L.",Marques et al. (2021),2021,Fires dynamics in the Pantanal: Impacts of anthropogenic activities and climate change,Journal of Environmental Management,10.1016/j.jenvman.2021.113586,https://doi.org/10.1016/j.jenvman.2021.113586,article,English,"Pantanal Norte (MT), sem município do recorte",""
Ambiental,martins2021species,"Martins, M. F. O.; Nickele, M. A.; Feitosa, R. M.; Pie, M. R.; Reis-Filho, W.",Martins et al. (2021),2021,"Species list of ground-dwelling ants (Hymenoptera: Formicidae) in the nhecolândia, pantanal, mato grosso do sul, brazil",Papeis Avulsos de Zoologia,10.11606/1807-0205/2021.61.81,https://doi.org/10.11606/1807-0205/2021.61.81,article,English,Pantanal Sul (MS),""
Ambiental,mataveli2021pantanal,"Mataveli, G. A. V.; Pereira, G.; Oliveira, G.; Seixas, H. T.; Cardozo, F. S.; Shimabukuro, Y. E.; Kawakubo, F. S.; Brunsell, N. A.",Mataveli et al. (2021),2021,2020 Pantanal’s widespread fire: short- and long-term implications for biodiversity and conservation,Biodiversity and Conservation,10.1007/s10531-021-02243-2,https://doi.org/10.1007/s10531-021-02243-2,article,English,Pantanal genérico ou indefinido,""
Ambiental,morais2021analyzing,"Morais, A. R.; Siqueira, M. N.; Freitas-Oliveira, R.; Brito, D.",Morais et al. (2021),2021,ANALYZING TEMPORAL AND SPATIAL TRENDS IN MANAGEMENT PLANS OF FEDERAL PROTECTED AREAS IN BRAZIL,Oecologia Australis,10.4257/oeco.2021.2504.05,https://doi.org/10.4257/oeco.2021.2504.05,article,English,Pantanal genérico ou indefinido,""
Ambiental,moreira2021mapeamento,"Moreira, A. P.; Paranhos Filho, A. C.; Guaraldo, E.",Moreira et al. (2021),2021,MAPEAMENTO DOS INCÊNDIMAPEAMENTO DOS INCÊNDIOS FLORESTAIS NO BIOMA PANTANAL E BACIA DO ALTO PARAGUAI ENTRE 2018 E 2019OS FLORESTAIS NO BIOMA PANTANAL E BACIA DO ALTO PARAGUAI ENTRE 2018 E 2019,Revista de Ciências Ambientais,10.18316/rca.v15i2.6898,https://doi.org/10.18316/rca.v15i2.6898,article,pt,Pantanal Sul (MS),""
Ambiental,nardelli2021variation,"Nardelli, M. S.; Padial, A. A.; Bicudo, D. C.; Cordovil, C. M. D. S.; Sampaio, S. C.",Nardelli et al. (2021),2021,Variation of diatoms at different scales in the Brazilian pantanal basin,Water (Switzerland),10.3390/w13060823,https://doi.org/10.3390/w13060823,article,English,Pantanal genérico ou indefinido,""
Ambiental,nardelli2021structure,"Nardelli, M. S.; Bicudo, D. C.; Sampaio, S. C.; Cordovil, C. M.",Nardelli et al. (2021),2021,Structure and species composition of diatom community during the wet season in three floodplain lakes of Brazilian Pantanal,PLoS ONE,10.1371/journal.pone.0251063,https://doi.org/10.1371/journal.pone.0251063,article,English,"Pantanal Norte (MT), sem município do recorte",""
Ambiental,nunes2021biomass,"Nunes, J. R. S.; Silva, C. J.",Nunes e Silva (2021),2021,"Biomass of Eichhornia crassipes, (Mart) Solms. In the Chacororé–Sinhá Mariana, lake System Pantanal of Mato Grosso, Brazil",Research Society and Development,10.33448/rsd-v10i2.9293,https://doi.org/10.33448/rsd-v10i2.9293,article,en,Cita município do recorte (MT),Barão de Melgaço
Ambiental,nunes2021birds,"Nunes, A. P.; Posso, S. R.; Frota, A. V. B.; Vitorino, B. D.; Laps, R. R.; Donatelli, R. J.; Straube, F. C.; Pivatto, M. A. C.; Oliveira, D. M. M.; Carlos, B.; Melo, A. V.; Tomas, W. M.; Freitas, G. O.; Souza, R. A. D.; Benites, M.; Mamede, S.; Moreira, R. S.",Nunes et al. (2021),2021,"Birds of the pantanal floodplains, brazil: Historical data, diversity, and conservation",Papeis Avulsos de Zoologia,10.11606/1807-0205/2021.61.82,https://doi.org/10.11606/1807-0205/2021.61.82,article,English,Pantanal genérico ou indefinido,""
Ambiental,oliveira2021analise,"Oliveira, A. C. B.; Oliveira, E. S.; Muniz, C. C.",Oliveira et al. (2021),2021,"ANÁLISE CLIMÁTICA DA REGIÃO DE SALTO DO CÉU, CABECEIRA DO PANTANAL: UMA CARACTERIZAÇÃO NECESSÁRIA.",REVISTA EQUADOR,10.26694/equador.v10i2.12870,https://doi.org/10.26694/equador.v10i2.12870,article,pt,Pantanal genérico ou indefinido,""
Ambiental,oliveira2021lack,"Oliveira, M. R.; Szabo, J. K.; Júnior, A. S.; Guedes, N. M. R.; Tomas, W. M.; Camilo, A. R.",Oliveira et al. (2021),2021,Lack of protected areas and future habitat loss threaten the Hyacinth Macaw (Anodorhynchus hyacinthinus) and its main food and nesting resources,Ibis,10.1111/ibi.12982,https://doi.org/10.1111/ibi.12982,article,English,Pantanal genérico ou indefinido,""
Ambiental,pacheco2021nutrient,Pacheco; Ometto; Gomes; Tôsto; Miranda; Loverde-Oliveira; Pessi; Cox,Pacheco et al. (2021),2021,"Nutrient Balance and Use Efficiency in Agricultural Lands in the Vermelho River Watershed, Upper Pantanal, Brazil",Journal of Geophysical Research: Biogeosciences,10.1029/2020jg005673,https://doi.org/10.1029/2020jg005673,article,English,Pantanal genérico ou indefinido,""
Ambiental,pereira2021rainfall,"Pereira, G.; Ramos, R. C.; Rocha, L. C.; Brunsell, N. A.; Merino, E. R.; Mataveli, G. A. V.; Cardozo, F. S.",Pereira et al. (2021),2021,Rainfall patterns and geomorphological controls driving inundation frequency in tropical wetlands: How does the Pantanal flood?,Progress in Physical Geography,10.1177/0309133320987719,https://doi.org/10.1177/0309133320987719,article,English,Pantanal genérico ou indefinido,""
Ambiental,pletsch2021brazilian,"Pletsch, M. A.; Silva Junior, C. H.; Penha, T. V.; Körting, T. S.; Silva, M. E.; Pereira, G.; Anderson, L. O.; Aragão, L. E.",Pletsch et al. (2021),2021,The 2020 Brazilian pantanal fires,Anais da Academia Brasileira de Ciencias,10.1590/0001-3765202120210077,https://doi.org/10.1590/0001-3765202120210077,article,English,Pantanal genérico ou indefinido,""
Ambiental,queiroz2021changes,"Queiroz, R. F. N.; Vitorino, B. D.; Frota, A. V. B.; Silva, C. J.; Castrillon, S. K. I.; Nunes, J. R. S.",Queiroz et al. (2021),2021,"Changes in the structure of bird communities over 10 years in the Ecological Corridor of Paraguay River, Pantanal wetland",Revista Ibero-Americana de Ciências Ambientais,10.6008/cbpc2179-6858.2021.003.0011,https://doi.org/10.6008/cbpc2179-6858.2021.003.0011,article,en,Cita município do recorte (MT),Cáceres
Ambiental,rasbold2021enhanced,"Rasbold, G. G.; McGlue, M. M.; Stevaux, J. C.; Parolin, M.; Silva, A.; Bergier, I.",Rasbold et al. (2021),2021,Enhanced middle Holocene organic carbon burial in tropical floodplain lakes of the Pantanal (South America),Journal of Paleolimnology,10.1007/s10933-020-00159-5,https://doi.org/10.1007/s10933-020-00159-5,article,English,Cita município do recorte (MT),Cáceres
Ambiental,regolin2021habitat,"Regolin, A. L.; Oliveira-Santos, L. G.; Ribeiro, M. C.; Bailey, L. L.",Regolin et al. (2021),2021,"Habitat quality, not habitat amount, drives mammalian habitat use in the Brazilian Pantanal",Landscape Ecology,10.1007/s10980-021-01280-0,https://doi.org/10.1007/s10980-021-01280-0,article,English,Pantanal Sul (MS),""
Ambiental,ribeiro2021impact,"Ribeiro, F. L.; Guevara, M.; Vázquez-Lule, A.; Cunha, A. P.; Zeri, M.; Vargas, R.",Ribeiro et al. (2021),2021,The impact of drought on soil moisture trends across Brazilian biomes,Natural Hazards and Earth System Sciences,10.5194/nhess-21-879-2021,https://doi.org/10.5194/nhess-21-879-2021,article,English,Pantanal genérico ou indefinido,""
Ambiental,rivaben2021fire,"Rivaben, R. C.; Pott, A.; Bueno, M. L.; Parolin, P.; Cordova, M. O.; Oldeland, J.; Silva, R. H.; Damasceno-Junior, G. A.",Rivaben et al. (2021),2021,Do fire and flood interact to determine forest islet structure and diversity in a Neotropical wetland?,"Flora: Morphology, Distribution, Functional Ecology of Plants",10.1016/j.flora.2021.151874,https://doi.org/10.1016/j.flora.2021.151874,article,English,Pantanal genérico ou indefinido,""
Ambiental,riveros2021toxicogenetic,"Riveros, A. F.; Solórzano, J. C. J.; Monaco, I. A.; Cardoso, C. A. L.; Súarez, Y. R.; Viana, L. F.",Riveros et al. (2021),2021,"Toxicogenetic effects on fish species in two sub-basins of the upper Paraguay river, Southern Pantanal – Brazil",Chemosphere,10.1016/j.chemosphere.2020.128383,https://doi.org/10.1016/j.chemosphere.2020.128383,article,English,Pantanal Sul (MS),""
Ambiental,roque2021simulating,"Roque, F. O.; Guerra, A.; Johnson, M.; Padovani, C.; Corbi, J.; Covich, A. P.; Eaton, D.; Tomas, W. M.; Valente-Neto, F.; Borges, A. C. P.; Pinho, A.; Barufatii, A.; Crispim, B. A.; Guariento, R. D.; Andrade, M. H. S.; Rezende-Filho, A. T.; Portela, R.; Divina, M.; Silva, J. C. S.; Bernadino, C.; Sá, É. F. G. G.; Cordeiro-Estrela, P.; Desbiez, A.; Rosa, I. M.; Yon, L.",Roque et al. (2021),2021,"Simulating land use changes, sediment yields, and pesticide use in the Upper Paraguay River Basin: Implications for conservation of the Pantanal wetland","Agriculture, Ecosystems and Environment",10.1016/j.agee.2021.107405,https://doi.org/10.1016/j.agee.2021.107405,article,English,Pantanal genérico ou indefinido,""
Ambiental,santiago2021preliminary,"Santiago, M. M.; Santos, G. B.; Cardoso, I. P.; Nunes, A. B.",Santiago et al. (2021),2021,"Preliminary study on the case of black rain in Rio Grande do Sul, Brazil: A synoptic point of view",Revista Brasileira de Geografia Física,10.26848/rbgf.v14.3.p1268-1281,https://doi.org/10.26848/rbgf.v14.3.p1268-1281,article,en,Pantanal genérico ou indefinido,""
Ambiental,santos2021post,"Santos, C. F.; Teixeira, R. C.; Raizer, J.; Fischer, E.",Santos et al. (2021),2021,Post-fire phyllostomid assemblages in forest patches of the Pantanal wetland,Mammalia,10.1515/mammalia-2020-0037,https://doi.org/10.1515/mammalia-2020-0037,article,English,Pantanal genérico ou indefinido,""
Ambiental,silva2021ichthyofauna,"Silva, H. P.; Barbosa, A. P. D.; Silva, L. N. L.; Oliveira, E. S.; Corrêa, F.; Kantek, D. L. Z.; Muniz, C. C.",Silva et al. (2021),2021,Ichthyofauna in an ecological station in the Pantanal of Brazil: the hydrological cycle affecting species composition,Arxius de Miscel·lània Zoològica,10.32800/amz.2020.18.0183,https://doi.org/10.32800/amz.2020.18.0183,article,en,"Pantanal Norte (MT), sem município do recorte",""
Ambiental,silva2021temporal,"Silva, J. B.; Valle Junior, L. C. G.; Faria, T. O.; Marques, J. B.; Dalmagro, H. J.; Nogueira, J. S.; Vourlitis, G. L.; Rodrigues, T. R.",Silva et al. (2021),2021,Temporal variability in evapotranspiration and energy partitioning over a seasonally flooded scrub forest of the Brazilian Pantanal,Agricultural and Forest Meteorology,10.1016/j.agrformet.2021.108559,https://doi.org/10.1016/j.agrformet.2021.108559,article,English,Pantanal genérico ou indefinido,""
Ambiental,soares2021fire,"Soares, V. C.; Scremin-Dias, E.; Daibes, L. F.; Damasceno-Junior, G. A.; Pott, A.; Lima, L. B.",Soares et al. (2021),2021,"Fire has little to no effect on the enhancement of germination, but buried seeds may survive in a Neotropical wetland","Flora: Morphology, Distribution, Functional Ecology of Plants",10.1016/j.flora.2021.151801,https://doi.org/10.1016/j.flora.2021.151801,article,English,Pantanal genérico ou indefinido,""
Ambiental,sonoda2021efetividade,"Sonoda, F. A.; Silva, P. B. A.; Ribeiro, L. R.; Tocantins, N.; Torrecilha, S.",Sonoda et al. (2021),2021,A efetividade das áreas protegidas na conservação das espécies de mamíferos do bioma Pantanal,Boletim do Museu Paraense Emílio Goeldi - Ciências Naturais,10.46357/bcnaturais.v16i3.815,https://doi.org/10.46357/bcnaturais.v16i3.815,article,"",Pantanal Sul (MS),""
Ambiental,souza2021differences,"Souza, E. B.; Bao, F.; Damasceno Junior, G. A.; Pott, A.",Souza et al. (2021),2021,Differences between species in seed bank and vegetation helps to hold functional diversity in a floodable Neotropical savanna,Journal of Plant Ecology,10.1093/jpe/rtab014,https://doi.org/10.1093/jpe/rtab014,article,English,Pantanal genérico ou indefinido,""
Ambiental,thielen2021pantanal,"Thielen, D.; Ramoni-Perazzi, P.; Puche, M. L.; Márquez, M.; Quintero, J. I.; Rojas, W.; Soto-Werschitz, A.; Thielen, K.; Nunes, A.; Libonati, R.",Thielen et al. (2021),2021,"The pantanal under siege—on the origin, dynamics and forecast of the megadrought severely affecting the largest wetland in the world",Water (Switzerland),10.3390/w13213034,https://doi.org/10.3390/w13213034,article,English,Pantanal genérico ou indefinido,""
Ambiental,tomas2021distance,"Tomas, W. M.; Berlinck, C. N.; Chiaravalloti, R. M.; Faggioni, G. P.; Strüssmann, C.; Libonati, R.",Tomas et al. (2021),2021,"Distance sampling surveys reveal 17 million vertebrates directly killed by the 2020’s wildfires in the Pantanal, Brazil",Scientific Reports,10.1038/s41598-021-02844-5,https://doi.org/10.1038/s41598-021-02844-5,article,English,Pantanal genérico ou indefinido,""
Ambiental,tortato2021reconciling,"Tortato, F. R.; Hoogesteijn, R.; Devlin, A. L.; Quigley, H. B.; Bolzan, F.; Izzo, T. J.",Tortato et al. (2021),2021,Reconciling biome-wide conservation of an apex carnivore with land-use economics in the increasingly threatened Pantanal wetlands,Scientific Reports,10.1038/s41598-021-02142-0,https://doi.org/10.1038/s41598-021-02142-0,article,English,Pantanal genérico ou indefinido,""
Ambiental,ursoguimaraes2021diversity,"Urso-Guimarães, M. V.; Koch, I.; Castello, A. C. D.",Urso-Guimarães et al. (2021),2021,"Diversity of insect galls from mato Grosso state, Brazil: North Pantanal",Biota Neotropica,10.1590/1676-0611-bn-2021-1190,https://doi.org/10.1590/1676-0611-bn-2021-1190,article,English,Cita município do recorte (MT),Poconé
Ambiental,vicente2021organophosphate,"Vicente, E. C.; Guedes, N. M. R.",Vicente e Guedes (2021),2021,"Organophosphate poisoning of Hyacinth Macaws in the Southern Pantanal, Brazil",Scientific Reports,10.1038/s41598-021-84228-3,https://doi.org/10.1038/s41598-021-84228-3,article,English,Pantanal Sul (MS),""
Ambiental,yamazaki2021coleopterans,"Yamazaki, L.; Vindica, V. F.; Rosado-Neto, G. H.; Marques, M. I.; Battirola, L. D.",Yamazaki et al. (2021),2021,"Coleopterans (Hexapoda, coleoptera) associated with canopies of callisthene fasciculata (spr.) mart. (vochysiaceae) in the brazilian pantanal",Biota Neotropica,10.1590/1676-0611-bn-2020-0982,https://doi.org/10.1590/1676-0611-bn-2020-0982,article,English,"Pantanal Norte (MT), sem município do recorte",""
Ambiental,zanatta2021pantanal,"Zanatta, S. C. S.; Maciel, J. C.",Zanatta e Maciel (2021),2021,Pantanal ameaçado: a construção de represas e a insignificância da energia hídrica produzida,Interações (Campo Grande),10.20435/inter.v22i2.2811,https://doi.org/10.20435/inter.v22i2.2811,article,"",Pantanal genérico ou indefinido,""
Ambiental,abreu2022temporal,"Abreu, M. C.; Lyra, G. B.; Oliveira-Júnior, J. F.; Souza, A.; Pobočíková, I.; Fraga, M. S.; Abreu, R. C. R.",Abreu et al. (2022),2022,Temporal and spatial patterns of fire activity in three biomes of Brazil,Science of the Total Environment,10.1016/j.scitotenv.2022.157138,https://doi.org/10.1016/j.scitotenv.2022.157138,article,English,Pantanal genérico ou indefinido,""
Ambiental,almeidagomes2022local,"Almeida-Gomes, M.; Roque, F. O.; Garcia, L. C.; Ganci, C. C.; Pacheco, E. O.; Sano, N. Y.; Almeida, A. C.; Bolzan, F.; Schirpke, U.",Almeida-Gomes et al. (2022),2022,Local Biodiversity Supports Cultural Ecosystem Services in the Pantanal,Wetlands,10.1007/s13157-022-01579-x,https://doi.org/10.1007/s13157-022-01579-x,article,English,Pantanal genérico ou indefinido,""
Ambiental,amaral2022environmental,"Amaral, D. C.; Bomfim, F. F.; Lansac-Tôha, F. A.",Amaral et al. (2022),2022,"Environmental heterogeneity drives the distribution of copepods (Crustacea: Copepoda) in the Amazon, Araguaia, Pantanal, and Upper Paraná floodplains",Anais da Academia Brasileira de Ciencias,10.1590/0001-3765202220191260,https://doi.org/10.1590/0001-3765202220191260,article,English,Pantanal genérico ou indefinido,""
Ambiental,andrade2022influencia,"Andrade, H. S.; Moreira, R. M.; Costa, E. F.",Andrade et al. (2022),2022,"Influência da área urbana do Município de Coxim, Mato Grosso do Sul, Brasil, sobre a qualidade da água",Revista Brasileira de Gestão Ambiental e Sustentabilidade,10.21438/rbgas(2022)092219,https://doi.org/10.21438/rbgas(2022)092219,article,pt,Pantanal Sul (MS),""
Ambiental,andrade2022composicao,"Andrade, B. S.; Silva, M. H. S.; Oliveira, A. K. M.; Alho, C. J. R.",Andrade et al. (2022),2022,"Composição e estrutura vegetacional de formações florestais não inundáveis do Pantanal do Abobral, Mato Grosso do Sul",Geosul,10.5007/2177-5230.2022.e83899,https://doi.org/10.5007/2177-5230.2022.e83899,article,pt,Pantanal Sul (MS),""
Ambiental,andrade2022aspects,"Andrade, M. H. S.; Brandimarte, A. L.; Calheiros, D. F.; Súarez, Y. R.",Andrade et al. (2022),2022,Aspects of a unique natural limnological phenomenon in the Brazilian Pantanal,Revista Ambiente e Agua,10.4136/ambi-agua.2870,https://doi.org/10.4136/ambi-agua.2870,article,English,Pantanal Sul (MS),""
Ambiental,arruda2022fire,"Arruda, F. V.; Teresa, F. B.; Layme, V. M.; Vicente, R. E.; Camarota, F.; Izzo, T. J.",Arruda et al. (2022),2022,Fire and flood: How the Pantanal ant communities respond to multiple disturbances?,Perspectives in Ecology and Conservation,10.1016/j.pecon.2022.04.002,https://doi.org/10.1016/j.pecon.2022.04.002,article,English,Cita município do recorte (MT),Poconé
Ambiental,assis2022medium,"Assis, W. O.; Santos, F. M.; Nascimento, L. F.; Barreto, W. T. G.; Nantes, W. A. G.; Fonseca, C.; Herrera, H. M.; Porfirio, G. E. O.",Assis et al. (2022),2022,"MEDIUM-AND LARGE-SIZED MAMMALS AT THE URUCUM MASSIF IN THE BRAZILIAN PANTANAL: CAMERA TRAP AS AN EFFECTIVE SAMPLING METHOD TO ESTIMATE SPECIES RICHNESS, RELATIVE ABUNDANCE, AND ACTIVITY PATTERNS",Oecologia Australis,10.4257/oeco.2022.2601.03,https://doi.org/10.4257/oeco.2022.2601.03,article,English,Pantanal Sul (MS),""
Ambiental,barbosa2022compound,"Barbosa, M. L. F.; Haddad, I.; Nascimento, A. L. S.; Silva, G. M.; Veiga, R. M.; Hoffmann, T. B.",Barbosa et al. (2022),2022,Compound impact of land use and extreme climate on the 2020 fire record of the Brazilian Pantanal,Global Ecology and Biogeography,10.1111/geb.13563,https://doi.org/10.1111/geb.13563,article,English,Pantanal genérico ou indefinido,""
Ambiental,barbosa2022dynamic,"Barbosa, A. P. D.; Oliveira-Junior, E. S.; Muniz, C. C.; Lázaro, W. L.; Silva, D. J.; Santos-Filho, M.",Barbosa et al. (2022),2022,"Dynamic of fish trophic guilds in the plateau-plain gradient in the Paraguay River, Northern Pantanal",Papeis Avulsos de Zoologia,10.11606/1807-0205/2022.62.041,https://doi.org/10.11606/1807-0205/2022.62.041,article,English,"Pantanal Norte (MT), sem município do recorte",""
Ambiental,barros2022aboveground,"Barros, J. H. S.; Ayres, F. M.; Chambó, E. D.; Constantino, M.; Moraes, P. M.; Skowronski, L.; Barcelos, S. T. V.; Fava, W. S.; Costa, R. B.",Barros et al. (2022),2022,"Aboveground carbon stock in phytophysiognomies of the Southeast Pantanal, Brazil",Revista Brasileira de Botanica,10.1007/s40415-022-00808-1,https://doi.org/10.1007/s40415-022-00808-1,article,English,Pantanal Sul (MS),""
Ambiental,barros2022wildfires,"Barros, A. E.; Morato, R. G.; Fleming, C. H.; Pardini, R.; Oliveira-Santos, L. G. R.; Tomas, W. M.; Kantek, D. L. Z.; Tortato, F. R.; Fragoso, C. E.; Azevedo, F. C. C.; Thompson, J. J.; Prado, P. I.",Barros et al. (2022),2022,Wildfires disproportionately affected jaguars in the Pantanal,Communications Biology,10.1038/s42003-022-03937-1,https://doi.org/10.1038/s42003-022-03937-1,article,English,Pantanal genérico ou indefinido,""
Ambiental,bergier2022functional,"Bergier, I.; Assine, M. L.",Bergier e Assine (2022),2022,Functional fluvial landforms of the Pantanal: Hydrologic trends and responses to climate changes,Journal of South American Earth Sciences,10.1016/j.jsames.2022.103977,https://doi.org/10.1016/j.jsames.2022.103977,article,English,Pantanal Sul (MS),""
Ambiental,berlinck2022pantanal,Berlinck; Lima; Pereira; Carvalho; Paula; Thomas; Morato,Berlinck et al. (2022),2022,The pantanal is on fire and only a sustainable agenda can save the largest wetland in the world,Brazilian Journal of Biology,10.1590/1519-6984.244200,https://doi.org/10.1590/1519-6984.244200,article,English,Pantanal Sul (MS),""
Ambiental,biudes2022evapotranspiration,"Biudes, M. S.; Geli, H. M. E.; Vourlitis, G. L.; Machado, N. G.; Pavão, V. M.; Santos, L. O. F.; Querino, C. A. S.",Biudes et al. (2022),2022,"Evapotranspiration Seasonality over Tropical Ecosystems in Mato Grosso, Brazil",Remote Sensing,10.3390/rs14102482,https://doi.org/10.3390/rs14102482,article,English,Pantanal genérico ou indefinido,""
Ambiental,boni2022analise,"Boni, P. V.; Silva, M. H. S.; Sakuma, M. Z.; Hall, C. F.",Boni et al. (2022),2022,ANÁLISE BIOGEOGRÁFICA DE CORDILHEIRAS SOB PRESSÃO DA PECUÁRIA NO PANTANAL DO ABOBRAL,Caminhos de Geografia,10.14393/rcg238557257,https://doi.org/10.14393/rcg238557257,article,en,Pantanal Sul (MS),""
Ambiental,burbanogiron2022assessment,"Burbano-Girón, J.; Jantke, K.; Molina-Berbeo, M. A.; Buriticá-Mejía, N.; Urbina-Cardona, J. N.; Sánchez-Clavijo, L. M.; Etter, A.",Burbano-Girón et al. (2022),2022,"An assessment of spatial conservation priorities for biodiversity attributes: Composition, structure, and function of Neotropical biodiversity",Biological Conservation,10.1016/j.biocon.2021.109421,https://doi.org/10.1016/j.biocon.2021.109421,article,English,Fora do Brasil,""
Ambiental,camargo2022microplastics,"Camargo, A. L. G.; Girard, P.; Sanz-Lazaro, C.; Silva, A. C. M.; Faria, É.; Figueiredo, B. R. S.",Camargo et al. (2022),2022,"Microplastics in sediments of the Pantanal Wetlands, Brazil",Frontiers in Environmental Science,10.3389/fenvs.2022.1017480,https://doi.org/10.3389/fenvs.2022.1017480,article,English,"Pantanal Norte (MT), sem município do recorte",""
Ambiental,campos2022directions,"Campos, Z.; Mourão, G.; Muniz, F. L.; Maffei, F.; Botero-Arias, R.; Magnusson, W. E.",Campos et al. (2022),2022,DIRECTIONS TO MITIGATE THE IMPACTS OF EXTREME DROUGHT ON CAIMANS (Caiman yacare) POPULATIONS IN THE PANTANAL,Oecologia Australis,10.4257/oeco.2022.2603.01,https://doi.org/10.4257/oeco.2022.2603.01,article,Portuguese,Pantanal genérico ou indefinido,""
Ambiental,caumo2022human,"Caumo, S.; Lázaro, W. L.; Oliveira, E. S.; Beringui, K.; Gioda, A.; Massone, C. G.; Carreira, R.; Freitas, D. S.; Ignacio, A. R. A.; Hacon, S.",Caumo et al. (2022),2022,Human risk assessment of ash soil after 2020 wildfires in Pantanal biome (Brazil),"Air Quality, Atmosphere and Health",10.1007/s11869-022-01248-2,https://doi.org/10.1007/s11869-022-01248-2,article,English,Pantanal genérico ou indefinido,""
Ambiental,chiaravalloti2022pesca,"Chiaravalloti, R. M.; Catella, A. C.; Siqueira, A. L.",Chiaravalloti et al. (2022),2022,Pesca profissional artesanal no Pantanal Sul,Biodiversidade Brasileira,10.37002/biobrasil.v12i2.1987,https://doi.org/10.37002/biobrasil.v12i2.1987,article,pt,Pantanal Sul (MS),""
Ambiental,cipola2022record,"Cipola, N. G.; Pádua, D. G.; Schoeninger, K.; Oliveira, B. G.; Gadelha, S. S.; Zequi, J. A. C.",Cipola et al. (2022),2022,"Record of bees and wasps (Insecta: Hymenoptera) during the dry season in a floodplain in the South Pantanal, Mato Grosso do Sul, Brazil",EntomoBrasilis,10.12741/ebrasilis.v15.e1003,https://doi.org/10.12741/ebrasilis.v15.e1003,article,en,Pantanal Sul (MS),""
Ambiental,correa2022diversity,"Correa, C. M. A.; Audino, L. D.; Vaz-de-Mello, F. Z.; Louzada, J.",Correa et al. (2022),2022,Diversity and structure of dung beetle (Coleoptera: Scarabaeidae) assemblage in natural grasslands of the Brazilian Pantanal,International Journal of Tropical Insect Science,10.1007/s42690-022-00805-7,https://doi.org/10.1007/s42690-022-00805-7,article,English,Pantanal Sul (MS),""
Ambiental,correa2022increased,"Correa, D. B.; Alcântara, E.; Libonati, R.; Massi, K. G.; Park, E.",Correa et al. (2022),2022,Increased burned area in the Pantanal over the past two decades,Science of the Total Environment,10.1016/j.scitotenv.2022.155386,https://doi.org/10.1016/j.scitotenv.2022.155386,article,English,Pantanal genérico ou indefinido,""
Ambiental,correa2022ivermectin,"Correa, C. M. A.; Ferreira, K. R.; Abot, A. R.; Louzada, J.; Vaz-de-Mello, F. Z.",Correa et al. (2022),2022,Ivermectin impacts on dung beetle diversity and their ecological functions in two distinct Brazilian ecosystems,Ecological Entomology,10.1111/een.13158,https://doi.org/10.1111/een.13158,article,English,Pantanal genérico ou indefinido,""
Ambiental,dalmagro2022net,"Dalmagro, H. J.; Souza, P. J.; Engelbrehct, M. M.; Arruda, P. H.; Sallo, F. S.; Vourlitis, G. L.; Lathuillière, M. J.; Pinto Junior, O. B.; Nogueira, J. S.; Johnson, M. S.; Couto, E. G.",Dalmagro et al. (2022),2022,Net carbon dioxide exchange in a hyperseasonal cattle pasture in the northern Pantanal wetland of Brazil,Agricultural and Forest Meteorology,10.1016/j.agrformet.2022.109099,https://doi.org/10.1016/j.agrformet.2022.109099,article,English,"Pantanal Norte (MT), sem município do recorte",""
Ambiental,dantas2022effect,"Dantas, M. S.; Magalhães Filho, F. J. C.; Christofaro, C.; Oliveira, S. C.",Dantas et al. (2022),2022,Effect of 45 full-scale WWTPs on tropical receiving water bodies in Brazil by partial least squares-discriminant analysis,Journal of Water Sanitation and Hygiene for Development,10.2166/washdev.2022.045,https://doi.org/10.2166/washdev.2022.045,article,English,Pantanal Sul (MS),""
Ambiental,datta2022understanding,"Datta, A.; Krishnamoorti, R.",Datta e Krishnamoorti (2022),2022,Understanding the Greenhouse Gas Impact of Deforestation Fires in Indonesia and Brazil in 2019 and 2020,Frontiers in Climate,10.3389/fclim.2022.799632,https://doi.org/10.3389/fclim.2022.799632,article,English,Pantanal genérico ou indefinido,""
Ambiental,deus2022seasonality,"Deus, F. F.; Schuchmann, K.-L.; Marques, M. I.",Deus et al. (2022),2022,Seasonality in the Brazilian Pantanal influences avian functional diversity,Studies on Neotropical Fauna and Environment,10.1080/01650521.2020.1842043,https://doi.org/10.1080/01650521.2020.1842043,article,English,Pantanal genérico ou indefinido,""
Ambiental,dick2022climate,"Dick, M.; Silva, M. A.; Silva, R. R. F.; Ferreira, O. G. L.; Maia, M. S.; Lima, S. F.; Paiva Neto, V. B.; Dewes, H.",Dick et al. (2022),2022,Climate change and land use from Brazilian cow-calf production amidst diverse levels of biodiversity conservation,Journal of Cleaner Production,10.1016/j.jclepro.2022.130941,https://doi.org/10.1016/j.jclepro.2022.130941,article,English,Pantanal genérico ou indefinido,""
Ambiental,faria2022microsynthetics,"Faria, É.; Girard, P.; Camargo, A. L. G.; Silva, A. C. M.; Christo, S. W.; Coy, N. C.; Sanz-Lazaro, C.; Costa, M. F.",Faria et al. (2022),2022,Microsynthetics in waters of the South American Pantanal,Frontiers in Environmental Science,10.3389/fenvs.2022.878152,https://doi.org/10.3389/fenvs.2022.878152,article,English,Pantanal genérico ou indefinido,""
Ambiental,fischer2022morcegos,"Fischer, E. A.; Eriksson, A.; Francisco, A. L.; Pulchério-Leite, A.; Santos, C. F.; Gonçalves, F.; Camargo, G.; Graciolli, G.; Carvalho, L. F.; Bordignon, M. O.; Silveira, M.; Carvalho, N.; Cunha, N. L.; Munin, R. L.",Fischer et al. (2022),2022,Morcegos da Bacia do Alto Paraguai: revisão da fauna e distribuição de registros,Boletim do Museu Paraense Emílio Goeldi - Ciências Naturais,10.46357/bcnaturais.v17i3.817,https://doi.org/10.46357/bcnaturais.v17i3.817,article,pt,Fora do Brasil,""
Ambiental,frota2022bird,"Frota, A. V. B.; Vitorino, B. D.; Almeida, S. M.; Nunes, J. R. S.; Silva, C. J.",Frota et al. (2022),2022,Bird dependence on wetlands determines functional responses to flood pulse in the Brazilian Pantanal,Ornithology Research,10.1007/s43388-022-00102-4,https://doi.org/10.1007/s43388-022-00102-4,article,English,Pantanal genérico ou indefinido,""
Ambiental,gonzaga2022acoes,"Gonzaga, C. A. C.; Roquette, J. G.; Silva, N. M.; Barbosa, D. S.; Pessi, D. D.; Paranhos Filho, A. C.",Gonzaga et al. (2022),2022,Ações governamentais para a mitigação e prevenção de danos ambientais no Pantanal Mato-grossense após o grande incêndio de 2020,"Research, Society and Development",10.33448/rsd-v11i7.30413,https://doi.org/10.33448/rsd-v11i7.30413,article,"","Pantanal Norte (MT), sem município do recorte",""
Ambiental,goncalves2022quantifying,"Gonçalves, T. F.; Correa, C. M. A.; Audino, L. D.; Vaz-de-Mello, F. Z.; Fontoura, F. M.; Guedes, N. M. R.",Gonçalves et al. (2022),2022,Quantifying the post-fire recovery of taxonomic and functional diversity of dung beetles in the Brazilian Pantanal,Ecological Entomology,10.1111/een.13144,https://doi.org/10.1111/een.13144,article,English,Pantanal genérico ou indefinido,""
Ambiental,higa2022active,"Higa, L.; Marcato Junior, J.; Rodrigues, T.; Zamboni, P.; Silva, R.; Almeida, L.; Liesenberg, V.; Roque, F.; Libonati, R.; Gonçalves, W. N.; Silva, J.",Higa et al. (2022),2022,Active Fire Mapping on Brazilian Pantanal Based on Deep Learning and CBERS 04A Imagery,Remote Sensing,10.3390/rs14030688,https://doi.org/10.3390/rs14030688,article,English,Pantanal genérico ou indefinido,""
Ambiental,kumar2022changes,"Kumar, S.; Getirana, A.; Libonati, R.; Hain, C.; Mahanama, S.; Andela, N.",Kumar et al. (2022),2022,Changes in land use enhance the sensitivity of tropical ecosystems to fire-climate extremes,Scientific Reports,10.1038/s41598-022-05130-0,https://doi.org/10.1038/s41598-022-05130-0,article,English,Pantanal genérico ou indefinido,""
Ambiental,li2022identifying,"Li, S.; Rifai, S.; Anderson, L. O.; Sparrow, S.",Li et al. (2022),2022,Identifying local-scale meteorological conditions favorable to large fires in Brazil,Climate Resilience and Sustainability,10.1002/cli2.11,https://doi.org/10.1002/cli2.11,article,English,Pantanal genérico ou indefinido,""
Ambiental,libonati2022assessing,"Libonati, R.; Geirinhas, J. O. L.; Silva, P. S.; Russo, A.; Rodrigues, J. A.; Belém, L. B. C.; Nogueira, J.; Roque, F. O.; Dacamara, C. C.; Nunes, A. M. B.; Marengo, J. A.; Trigo, R. M.",Libonati et al. (2022),2022,Assessing the role of compound drought and heatwave events on unprecedented 2020 wildfires in the Pantanal,Environmental Research Letters,10.1088/1748-9326/ac462e,https://doi.org/10.1088/1748-9326/ac462e,article,English,Pantanal genérico ou indefinido,""
Ambiental,libonati2022drought,"Libonati, R.; Geirinhas, J. L.; Silva, P. S.; Santos, D. M.; Rodrigues, J. A.; Russo, A.; Peres, L. F.; Narcizo, L.; Gomes, M. E. R.; Rodrigues, A. P.; DaCamara, C. C.; Pereira, J. M. C.; Trigo, R. M.",Libonati et al. (2022),2022,Drought–heatwave nexus in Brazil and related impacts on health and fires: A comprehensive review,Annals of the New York Academy of Sciences,10.1111/nyas.14887,https://doi.org/10.1111/nyas.14887,article,English,Pantanal genérico ou indefinido,""
Ambiental,lima2022composicao,"Lima, M. C.; Santos, P. G.; Pereira, M. C.; Antonialli-Júnior, W. F.",Lima et al. (2022),2022,Composição da fauna de Hymenoptera associada a macrófitas aquáticas no Pantanal Sul-Matogrossense,Entomology Beginners,10.12741/2675-9276.v3.e029,https://doi.org/10.12741/2675-9276.v3.e029,article,pt,Pantanal Sul (MS),""
Ambiental,louzada2022priority,"Louzada, R. O.; Bergier, I.; Diniz, J. M. S.; Guerra, A.; Roque, F. O.",Louzada et al. (2022),2022,Priority setting for restoration in surrounding savannic areas of the Brazilian Pantanal based on soil loss risk and agrarian structure,Journal of Environmental Management,10.1016/j.jenvman.2022.116219,https://doi.org/10.1016/j.jenvman.2022.116219,article,English,Pantanal Sul (MS),""
Ambiental,macedo2022saude,"Macedo, G. C.; Herrera, H. M.; Jansen, A. M.; Oliveira, C. E.; Rocha, F. L.; Porfírio, G. E. O.",Macedo et al. (2022),2022,Saúde e conservação dos animais silvestres na natureza,Boletim do Museu Paraense Emílio Goeldi - Ciências Naturais,10.46357/bcnaturais.v16i3.806,https://doi.org/10.46357/bcnaturais.v16i3.806,article,pt,Pantanal genérico ou indefinido,""
Ambiental,macedo2022brucellosis,"Macedo, G. C.; Herrera, H. M.; Porfírio, G. E. O.; Santos, F. M.; Assis, W. O.; Andrade, G. B.; Nantes, W. A. G.; Mendoza, J. H.; Fernández-Llario, P.; Oliveira, C. E.",Macedo et al. (2022),2022,Brucellosis in the Brazilian Pantanal wetland: threat to animal production and wildlife conservation,Brazilian Journal of Microbiology,10.1007/s42770-022-00831-0,https://doi.org/10.1007/s42770-022-00831-0,article,English,Pantanal genérico ou indefinido,""
Ambiental,neto2022human,"Magalhães Neto, N.; Evangelista, H.",Magalhães Neto e Evangelista (2022),2022,Human Activity Behind the Unprecedented 2020 Wildfire in Brazilian Wetlands (Pantanal),Frontiers in Environmental Science,10.3389/fenvs.2022.888578,https://doi.org/10.3389/fenvs.2022.888578,article,English,Pantanal genérico ou indefinido,""
Ambiental,marengo2022heat,"Marengo, J. A.; Ambrizzi, T.; Barreto, N.; Cunha, A. P.; Ramos, A. M.; Skansi, M.; Carpio, J. M.; Salinas, R.",Marengo et al. (2022),2022,The heat wave of October 2020 in central South America,International Journal of Climatology,10.1002/joc.7365,https://doi.org/10.1002/joc.7365,article,English,Fora do Brasil,""
Ambiental,marques2022impacts,"Marques, M. C. S.; Rodriguez, D. A.",Marques e Rodriguez (2022),2022,Impacts of the landscape changes in the low streamflows of Pantanal headwaters—Brazil,Hydrological Processes,10.1002/hyp.14617,https://doi.org/10.1002/hyp.14617,article,English,Pantanal genérico ou indefinido,""
Ambiental,martins2022prioritising,"Martins, P. I.; Belém, L. B. C.; Szabo, J. K.; Libonati, R.; Garcia, L. C.",Martins et al. (2022),2022,Prioritising areas for wildfire prevention and post-fire restoration in the Brazilian Pantanal,Ecological Engineering,10.1016/j.ecoleng.2021.106517,https://doi.org/10.1016/j.ecoleng.2021.106517,article,English,Pantanal genérico ou indefinido,""
Ambiental,medeiros2022fire,"Medeiros, T. P.; Freitas, A. L. R.; Barbosa, M. L. F.; Reis, J. B. C.; Selaya, G.; Anderson, L. O.",Medeiros et al. (2022),2022,Fire Patterns in the Pantanal Biome,Proceedings of the Brazilian Symposium on GeoInformatics,"","",inproceedings,English,Pantanal genérico ou indefinido,""
Ambiental,menezes2022lightning,"Menezes, L. S.; Oliveira, A. M.; Santos, F. L.; Russo, A.; Souza, R. A.; Roque, F. O.; Libonati, R.",Menezes et al. (2022),2022,Lightning patterns in the Pantanal: Untangling natural and anthropogenic-induced wildfires,Science of the Total Environment,10.1016/j.scitotenv.2022.153021,https://doi.org/10.1016/j.scitotenv.2022.153021,article,English,Pantanal genérico ou indefinido,""
Ambiental,moraes2022vegetation,"Moraes, T. J.; Machado, N. G.; Biudes, M. S.; Banga, N. M.; Caneppele, L. B.",Moraes et al. (2022),2022,Vegetation dynamics and precipitation sensitivity in three regions of northern Pantanal of Mato Grosso,Revista Brasileira de Ciencias Ambientais,10.5327/z217694781132,https://doi.org/10.5327/z217694781132,article,English,Cita município do recorte (MT),Barão de Melgaço; Cáceres; Poconé
Ambiental,morais2022long,"Morais, M.; Abdo, M. S. A.; Santos, C.; Sander, N. L.; Nunes, J. R. S.; Lázaro, W. L.; Silva, C. J.",Morais et al. (2022),2022,"Long-term analysis of aquatic macrophyte diversity and structure in the Paraguay river ecological corridor, Brazilian Pantanal wetland",Aquatic Botany,10.1016/j.aquabot.2022.103500,https://doi.org/10.1016/j.aquabot.2022.103500,article,English,Pantanal genérico ou indefinido,""
Ambiental,moretti2022emission,"Moretti, V. G.; Ribeiro, C. O.; Nascimento, C. A. O.; Tomei, J.; Fairbrass, A. J.",Moretti et al. (2022),2022,Emission and mitigation of CO2 and CH4 produced by cattle: a case study in the Brazilian Pantanal,Computer Aided Chemical Engineering,10.1016/b978-0-323-85159-6.50308-0,https://doi.org/10.1016/b978-0-323-85159-6.50308-0,incollection,English,Pantanal genérico ou indefinido,""
Ambiental,novais2022analise,"Novais, M. S.; Latorraca, E. D. B.; Campos, A. C. B. R.; Teixeira, N. C.; Almeida, G. A. G.; Marcilio, N. S. A.",Novais et al. (2022),2022,Análise de severidade de áreas queimadas no município de Poconé – MT,Research Society and Development,10.33448/rsd-v11i5.27882,https://doi.org/10.33448/rsd-v11i5.27882,article,pt,Cita município do recorte (MT),Poconé
Ambiental,oliveira2022componentes,"Oliveira, J. D.; Souza, C. A.; Galbiati, C.; Sousa, J. B.",Oliveira et al. (2022),2022,"COMPONENTES AMBIENTAIS E HIDRODINÂMICA NA BACIA HIDROGRÁFICA DO RIO BRANCO, CONTRIBUINTE DO PANTANAL MATO-GROSSENSE",Revista Brasileira de Geografia Física,10.26848/rbgf.v15.1.p465-486,https://doi.org/10.26848/rbgf.v15.1.p465-486,article,"","Pantanal Norte (MT), sem município do recorte",""
Ambiental,oliveira2022analise,"Oliveira, A. K. M.; Pinto, J. S.; Matias, R.; Fernandes, V.",Oliveira et al. (2022),2022,"ANÁLISE MULTITEMPORAL DO SUL DO MUNÍCIPIO DE SÃO GABRIEL DO OESTE, MATO GROSSO DO SUL, REGIÃO DAS NASCENTES DO RIO AQUIDAUANA, FRENTE AS ATIVIDADES ANTRÓPICAS E SUAS CONSEQUÊNCIAS",Caderno de Geografia,10.5752/p.2318-2962.2022v32n68p247,https://doi.org/10.5752/p.2318-2962.2022v32n68p247,article,pt,Pantanal Sul (MS),""
Ambiental,oliveira2022indigenous,"Oliveira, M. R.; Ferreira, B. H. S.; Souza, E. B.; Lopes, A. A.; Bolzan, F. P.; Roque, F. O.",Oliveira et al. (2022),2022,"Indigenous brigades change the spatial patterns of wildfires, and the influence of climate on fire regimes",Journal of Applied Ecology,10.1111/1365-2664.14139,https://doi.org/10.1111/1365-2664.14139,article,English,Pantanal genérico ou indefinido,""
Ambiental,oliveira2022determinants,"Oliveira, U.; Soares-Filho, B.; Bustamante, M.; Gomes, L.; Ometto, J. P.; Rajão, R.",Oliveira et al. (2022),2022,Determinants of Fire Impact in the Brazilian Biomes,Frontiers in Forests and Global Change,10.3389/ffgc.2022.735017,https://doi.org/10.3389/ffgc.2022.735017,article,English,"Pantanal Norte (MT), sem município do recorte",""
Ambiental,parolin2022wetland,"Parolin, P.; Wittmann, F.; Schöngart, J.; Cunha, C. N.; Junk, W. J.; Piedade, M. T.",Parolin et al. (2022),2022,"Wetland Plants: Adaptations, Classification, Ecology and Distribution","Encyclopedia of Inland Waters, Second Edition",10.1016/b978-0-12-819166-8.00060-8,https://doi.org/10.1016/b978-0-12-819166-8.00060-8,incollection,English,Pantanal genérico ou indefinido,""
Ambiental,pedrosa2022porco,"Pedrosa, F.; Keuroghlian, A.; Oliveira‐Santos, L. G. R.; Desbiez, A. L. J.",Pedrosa et al. (2022),2022,O porco-monteiro do Pantanal,Boletim do Museu Paraense Emílio Goeldi - Ciências Naturais,10.46357/bcnaturais.v16i3.808,https://doi.org/10.46357/bcnaturais.v16i3.808,article,pt,Pantanal genérico ou indefinido,""
Ambiental,peluso2022climate,"Peluso, L. M.; Mateus, L.; Penha, J.; Bailly, D.; Cassemiro, F.; Suárez, Y.; Fantin-Cruz, I.; Kashiwaqui, E.; Lemes, P.",Peluso et al. (2022),2022,Climate change negative effects on the Neotropical fishery resources may be exacerbated by hydroelectric dams,Science of the Total Environment,10.1016/j.scitotenv.2022.154485,https://doi.org/10.1016/j.scitotenv.2022.154485,article,English,Pantanal genérico ou indefinido,""
Ambiental,pereira2022improving,"Pereira, G.; Longo, K. M.; Freitas, S. R.; Mataveli, G.; Oliveira, V. J.; Santos, P. R.; Rodrigues, L. F.; Cardozo, F. S.",Pereira et al. (2022),2022,Improving the south America wildfires smoke estimates: Integration of polar-orbiting and geostationary satellite fire products in the Brazilian biomass burning emission model (3BEM),Atmospheric Environment,10.1016/j.atmosenv.2022.118954,https://doi.org/10.1016/j.atmosenv.2022.118954,article,English,Pantanal genérico ou indefinido,""
Ambiental,pompeu2022performance,"Pompeu, J.",Pompeu (2022),2022,Performance of an automated conservation status assessment for the megadiverse vascular flora of Brazil,Journal for Nature Conservation,10.1016/j.jnc.2022.126272,https://doi.org/10.1016/j.jnc.2022.126272,article,en,Pantanal genérico ou indefinido,""
Ambiental,ribeiro2022compound,"Ribeiro, A. F. S.; Brando, P. M.; Santos, L.; Rattis, L.; Hirschi, M.; Hauser, M.; Seneviratne, S. I.; Zscheischler, J.",Ribeiro et al. (2022),2022,A compound event-oriented framework to tropical fire risk assessment in a changing climate,Environmental Research Letters,10.1088/1748-9326/ac7342,https://doi.org/10.1088/1748-9326/ac7342,article,English,Pantanal genérico ou indefinido,""
Ambiental,rocha2022analise,"Rocha, R.; Güntzel, A. M.",Rocha e Güntzel (2022),2022,"ANÁLISE DO GRAU DE SEVERIDADE DO INCÊNDIO OCORRIDO EM 2020 NA RPPN ENGENHEIRO ELIEZER BATISTA, CORUMBÁ/MS",GEOFRONTER,10.61389/geofronter.v8.7100,https://doi.org/10.61389/geofronter.v8.7100,article,pt,Pantanal Sul (MS),""
Ambiental,roche2022influence,"Roche, K. F.; Ferreira, M. G. A.; Calheiros, D. F.",Roche et al. (2022),2022,"Influence of nutrient levels, travel time and light availability on phytoplankton chlorophyll-a concentrations in a neotropical river basin",Acta Limnologica Brasiliensia,10.1590/s2179-975x0522,https://doi.org/10.1590/s2179-975x0522,article,English,Pantanal Sul (MS),""
Ambiental,rodriguezcordero2022predicting,"Rodriguez-Cordero, A. L.; Balaguera-Reina, S. A.; Morales-Franco, J. C.; Munn, M.; III, L. D. D.",Rodriguez-Cordero et al. (2022),2022,Predicting habitat suitability of Caiman yacare and assessing the role of protected areas under current and future climate and deforestation models,Climate Risk Management,10.1016/j.crm.2022.100407,https://doi.org/10.1016/j.crm.2022.100407,article,English,Fora do Brasil,""
Ambiental,rosario2022south,"Rosário, N. É.; Sena, E. T.; Yamasoe, M. A.",Rosário et al. (2022),2022,"South American 2020 regional smoke plume: intercomparison with previous years, impact on solar radiation, and the role of Pantanal biomass burning season",Atmospheric Chemistry and Physics,10.5194/acp-22-15021-2022,https://doi.org/10.5194/acp-22-15021-2022,article,English,Pantanal genérico ou indefinido,""
Ambiental,silva2022seasonal,"SILVA, K. R.; Gomes, L. G.; Ferreira, V. L.; Strüssmann, C.; Moreira, L. F. B.",SILVA et al. (2022),2022,Seasonal changes in taxonomic and functional diversity of lizard communities in southern Brazilian Pantanal,Anais da Academia Brasileira de Ciências,10.1590/0001-3765202220201793,https://doi.org/10.1590/0001-3765202220201793,article,en,Pantanal Sul (MS),""
Ambiental,santos2022illuminating,"Santos, P. C.; Kanda, C. Z.; Leoni, A. R.; Haberfeld, M.; Sartorello, L. R.; Rampim, L. E.; Fragoso, C. E.; Ribeiro, M. C.; May-Júnior, J. A.; Morato, R. G.",Santos et al. (2022),2022,Illuminating big cat movements,Biodiversidade Brasileira,10.37002/biobrasil.v12i1.1839,https://doi.org/10.37002/biobrasil.v12i1.1839,article,en,Pantanal Sul (MS),""
Ambiental,silva2022midday,"Silva, O. D.; Silva, J. S. H.; Silva-Alves, V. D.; Costa, T. M.; Fermiano, E. C.; Muniz, C. C.",Silva et al. (2022),2022,"The midday sun reveals what the waters hide: Podocnemis unifilis Troschel, 1848 (Testudines, Podocnemididae), another exotic species in the Pantanal of Mato Grosso state",Biota Neotropica,10.1590/10.1590/1676-0611-bn-2021-1280,https://doi.org/10.1590/10.1590/1676-0611-bn-2021-1280,article,English,Cita município do recorte (MT),Cáceres
Ambiental,silva2022impacto,"Silva, J. O.; Valejo, C. O.; Souza, J. I.; Vallejo, G. A. G.; Pires, T. S.; Andrea, J. V.; Philippi, D. A.",Silva et al. (2022),2022,IMPACTO SOCIOAMBIENTAL NA PERSPECTIVA DA POPULAÇÃO RESIDENTE NO ENTORNO DE UM EMPREENDIMENTO SIDERÚRGICO,Revista Gestão & Sustentabilidade Ambiental,10.59306/rgsa.v11e12022330-349,https://doi.org/10.59306/rgsa.v11e12022330-349,article,pt,Pantanal Sul (MS),""
Ambiental,silva2022heatwaves,"Silva, P. S.; Geirinhas, J. L.; Lapere, R.; Laura, W.; Cassain, D.; Alegría, A.; Campbell, J.",Silva et al. (2022),2022,Heatwaves and fire in Pantanal: Historical and future perspectives from CORDEX-CORE,Journal of Environmental Management,10.1016/j.jenvman.2022.116193,https://doi.org/10.1016/j.jenvman.2022.116193,article,English,Fora do Brasil,""
Ambiental,silva2022tracking,"Silva, M. A. S.; Matos, L. N.; Santos, F. E. O.; Dompieri, M. H. G.; Moura, F. R.",Silva et al. (2022),2022,Tracking the Connection Between Brazilian Agricultural Diversity and Native Vegetation Change by a Machine Learning Approach,IEEE Latin America Transactions,10.1109/tla.2022.9904762,https://doi.org/10.1109/tla.2022.9904762,article,English,Pantanal genérico ou indefinido,""
Ambiental,souza2022efeitos,"Souza, S. D. G.; Sousa, M. L. M.",Souza e Sousa (2022),2022,Efeitos ambientais da modernização agrícola no Brasil,Revista Geografias,10.35699/2237-549x.2022.38549,https://doi.org/10.35699/2237-549x.2022.38549,article,pt,Pantanal genérico ou indefinido,""
Ambiental,souza2022animal,"Souza, J. C.; Paiva, L. M.; Arruda, R. M. S.; Barros, W. M.; Bassinello, P. Z.; Oliveira, G. F.; Souza, C. F.; Rezende, M. P. G.; Markwith, S. H.",Souza et al. (2022),2022,Animal Production and Conservation in the Pantanal Plain: A Sustainability Outlook,Imperiled: The Encyclopedia of Conservation: Volume 1-3,10.1016/b978-0-12-821139-7.00223-3,https://doi.org/10.1016/b978-0-12-821139-7.00223-3,incollection,English,Pantanal genérico ou indefinido,""
Ambiental,teodoro2022wildfire,"Teodoro, P. E.; Maria, L. S.; Rodrigues, J. M. A.; Silva, A. A.; Silva, M. C. M.; Souza, S. S.; Rossi, F. S.; Teodoro, L. P. R.; Della-Silva, J. L.; Delgado, R. C.; Lima, M.; Peres, C. A.; Silva Junior, C. A.",Teodoro et al. (2022),2022,Wildfire Incidence throughout the Brazilian Pantanal Is Driven by Local Climate Rather Than Bovine Stocking Density,Sustainability (Switzerland),10.3390/su141610187,https://doi.org/10.3390/su141610187,article,English,Pantanal Sul (MS),""
Ambiental,tomas2022primatas,"Tomás, W. M.; Timo, T. P. C.; Camilo, A. R.; Oliveira, M. R.; Tortato, F. R.; Mamede, S.; Benites, M.; Garcia, C. M.; Gusmão, A. C.; Rímoli, J.",Tomás et al. (2022),2022,"Primatas ocorrentes na Bacia do Alto Paraguai e Pantanal, Brasil",Boletim do Museu Paraense Emílio Goeldi - Ciências Naturais,10.46357/bcnaturais.v17i3.882,https://doi.org/10.46357/bcnaturais.v17i3.882,article,pt,Fora do Brasil,""
Ambiental,tortato2022turismo,"Tortato, F. R.; Ribas, C.; Concone, H. V. B.; Hoogesteijn, R.",Tortato et al. (2022),2022,Turismo de observação de mamíferos no Pantanal,Boletim do Museu Paraense Emílio Goeldi - Ciências Naturais,10.46357/bcnaturais.v16i3.814,https://doi.org/10.46357/bcnaturais.v16i3.814,article,pt,Pantanal de MT e MS,""
Ambiental,viana2022bioaccumulation,"Viana, L. F.; Crispim, B. A.; Kummrow, F.; Nascimento, V. A.; Melo, E. S. P.; Lima, N. A.; Barufatti, A.",Viana et al. (2022),2022,"Bioaccumulation, genotoxicity, and risks to native fish species from inorganic contaminants in the Pantanal Sul-Mato-Grossense, Brazil",Environmental Pollution,10.1016/j.envpol.2022.120204,https://doi.org/10.1016/j.envpol.2022.120204,article,English,Pantanal Sul (MS),""
Ambiental,viana2022situ,"Viana, J. L. M.; Souza, A. F.; Hernández, A. H.; Elias, L. P.; Eismann, C. E.; Rezende-Filho, A. T.; Barbiero, L.; Menegario, A. A.; Fostier, A. H.",Viana et al. (2022),2022,"In situ arsenic speciation at the soil/water interface of saline-alkaline lakes of the Pantanal, Brazil: A DGT-based approach",Science of the Total Environment,10.1016/j.scitotenv.2021.150113,https://doi.org/10.1016/j.scitotenv.2021.150113,article,English,Pantanal genérico ou indefinido,""
Ambiental,vourlitis2022tree,"Vourlitis, G. L.; Pinto, O. B.; Dalmagro, H. J.; Arruda, P. E. Z.; Lobo, F. A.; Nogueira, J. S.",Vourlitis et al. (2022),2022,Tree growth responses to climate variation in upland and seasonally flooded forests and woodlands of the Cerrado-Pantanal transition of Brazil,Forest Ecology and Management,10.1016/j.foreco.2021.119917,https://doi.org/10.1016/j.foreco.2021.119917,article,English,"Pantanal Norte (MT), sem município do recorte",""
Ambiental,wang2022potential,"Wang, Y.; Huang, P.",Wang e Huang (2022),2022,Potential fire risks in South America under anthropogenic forcing hidden by the Atlantic Multidecadal Oscillation,Nature Communications,10.1038/s41467-022-30104-1,https://doi.org/10.1038/s41467-022-30104-1,article,English,Pantanal genérico ou indefinido,""
Ambiental,achucarro2023land,"Achucarro, I. C. V.; Andrieu, J.; Bouissou, S.",Achucarro et al. (2023),2023,Land cover dynamics in the Paraguayan Pantanal in the timeframe 1987–2020,Regional Environmental Change,10.1007/s10113-022-01990-4,https://doi.org/10.1007/s10113-022-01990-4,article,English,Fora do Brasil,""
Ambiental,arrua2023fire,"Arrua, B. A.; Carvalho, L. S.; Teles, T. S.; Oliveira, M. R.; Ribeiro, D. B.",Arrua et al. (2023),2023,Fire Has a Positive Effect on the Abundance of Sun Spiders (Arachnida: Solifugae) in the Cerrado-Pantanal Ecotone,Fire,10.3390/fire6020069,https://doi.org/10.3390/fire6020069,article,English,Pantanal genérico ou indefinido,""
Ambiental,artaxo2023biomas,"Artaxo, P.",Artaxo (2023),2023,"Biomas brasileiros e as mudanças climáticas: Políticas de adaptação ao novo clima, consequentes e baseadas em ciência, são necessárias e urgentes",Ciência e Cultura,10.5935/2317-6660.20230050,https://doi.org/10.5935/2317-6660.20230050,article,pt,Pantanal genérico ou indefinido,""
Ambiental,burs2023spatial,"Burs, K.; Möcklinghoff, L.; Marques, M. I.; Schuchmann, K.-L.",Burs et al. (2023),2023,Spatial and Temporal Adaptations of Lowland Tapirs (Tapirus terrestris) to Environmental and Anthropogenic Impacts,Life,10.3390/life13010066,https://doi.org/10.3390/life13010066,article,English,Pantanal de MT e MS,""
Ambiental,butakka2023ecological,"Butakka, C. M. M.; Loverde-Oliveira, S. M.",Butakka e Loverde-Oliveira (2023),2023,"Ecological attributes of aquatic invertebrates in two water turbidity scenarios in a lake of the Pantanal, Brazil",Arquivos de Zoologia,10.11606/2176-7793/2023.54.05,https://doi.org/10.11606/2176-7793/2023.54.05,article,en,Cita município do recorte (MT),Barão de Melgaço
Ambiental,caballero2023transformation,"Caballero, C. B.; Biggs, T. W.; Vergopolan, N.; West, T. A.; Ruhoff, A.",Caballero et al. (2023),2023,Transformation of Brazil's biomes: The dynamics and fate of agriculture and pasture expansion into native vegetation,Science of the Total Environment,10.1016/j.scitotenv.2023.166323,https://doi.org/10.1016/j.scitotenv.2023.166323,article,English,Pantanal genérico ou indefinido,""
Ambiental,cunha2023classificacao,"Cunha, C. N.; Bergier, I.; Tomas, W. M.; Damasceno Júnior, G. A.; Santos, S. A.; Assunção, V. A.",Cunha et al. (2023),2023,Classificação dos macrohabitat do Pantanal brasileiro: atualização para políticas públicas e manejo de áreas protegidas,Biodiversidade Brasileira,10.37002/biobrasil.v13i1.2223,https://doi.org/10.37002/biobrasil.v13i1.2223,article,"",Pantanal Sul (MS),""
Ambiental,descovi2023utilizing,"Descovi, C. S.; Zuffo, A. C.; Mohammadizadeh, S.; Bermúdez, L. F. M.; Sierra, D. A.",Descovi et al. (2023),2023,UTILIZING LONG SHORT-TERM MEMORY (LSTM) NETWORKS FOR RIVER FLOW PREDICTION IN THE BRAZILIAN PANTANAL BASIN,Holos,10.15628/holos.2023.16315,https://doi.org/10.15628/holos.2023.16315,article,en,Pantanal Sul (MS),""
Ambiental,deus2023mammal,"Deus, F. F.; Burs, K.; Fieker, C. Z.; Tissiani, A. S. O.; Marques, M. I.; Schuchmann, K.-L.",Deus et al. (2023),2023,"Mammal prevalence after the fire catastrophe in northeastern Pantanal, Brazil",Papéis Avulsos de Zoologia,10.11606/1807-0205/2023.63.022,https://doi.org/10.11606/1807-0205/2023.63.022,article,English,Pantanal genérico ou indefinido,""
Ambiental,eisenlohr2023unraveling,"Eisenlohr, P. V.; Souza, L. A. S.; Santos-Silva, D. L.; Silva-Pereira, I.; Soares-Lopes, C. R. A.; Cupertino-Eisenlohr, M. A.",Eisenlohr et al. (2023),2023,Unraveling tree species connections and their relationships with environment in a vegetation mosaic in Brazil,Folia Geobotanica,10.1007/s12224-023-09428-3,https://doi.org/10.1007/s12224-023-09428-3,article,English,Pantanal genérico ou indefinido,""
Ambiental,fernandez2023composition,"Fernandez, M. A.; Santos, S. B.; Silva, E. F.; Thiengo, S. C.",Fernandez et al. (2023),2023,"Composition and distribution of freshwater mollusks in the Pantanal biome, Mato Grosso State, Brazil",Revista Pan-Amazônica de Saúde,10.5123/s2176-6223202301357,https://doi.org/10.5123/s2176-6223202301357,article,en,Cita município do recorte (MT),Barão de Melgaço; Cáceres; Poconé; Santo Antônio do Leverger
Ambiental,ferreira2023wildfires,"Ferreira, B. H. S.; Oliveira, M. R.; Rodrigues, J. A.; Fontoura, F. M.; Guedes, N. M.; Szabo, J. K.; Libonati, R.; Garcia, L. C.",Ferreira et al. (2023),2023,"Wildfires Jeopardise Habitats of Hyacinth Macaw (Anodorhynchus hyacinthinus), a Flagship Species for the Conservation of the Brazilian Pantanal",Wetlands,10.1007/s13157-023-01691-6,https://doi.org/10.1007/s13157-023-01691-6,article,English,"Pantanal Norte (MT), sem município do recorte",""
Ambiental,fidalgo2023carbon,"Fidalgo, E. C. C.; Monteiro, J. M. G.; Prado, R. B.; Silva, J. S. V.",Fidalgo et al. (2023),2023,"CARBON BALANCE OF LAND USE, LAND-USE CHANGE AND FORESTRY (LULUCF) IN THE BRAZILIAN CHACO",Revista Arvore,10.1590/1806-908820230000020,https://doi.org/10.1590/1806-908820230000020,article,English,Fora do Brasil,""
Ambiental,freitas2023flexibilizacao,"Freitas, E. P.; Pereira, L. S.; Sá, R. R.; Pereira, V. S.",Freitas et al. (2023),2023,Flexibilização da política ambiental no contexto das mudanças climáticas e os impactos socioterritoriais para o Pantanal Sul-mato-grossense,Revista GeoPantanal,10.55028/geop.v18i34.18800,https://doi.org/10.55028/geop.v18i34.18800,article,pt,Pantanal Sul (MS),""
Ambiental,goncalves2023transformers,"Gonçalves, D. N.; Marcato, J.; Carrilho, A. C.; Acosta, P. R.; Ramos, A. P. M.; Gomes, F. D. G.",Gonçalves et al. (2023),2023,Transformers for mapping burned areas in Brazilian Pantanal and Amazon with PlanetScope imagery,International Journal of Applied Earth Observation and Geoinformation,10.1016/j.jag.2022.103151,https://doi.org/10.1016/j.jag.2022.103151,article,English,Pantanal genérico ou indefinido,""
Ambiental,ikedacastrillon2023pantanal,"Ikeda-Castrillon, S. K.; Oliveira-Junior, E. S.; Rossetto, O. C.; Saito, C. H.; Wantzen, K. M.",Ikeda-Castrillon et al. (2023),2023,The pantanal: A seasonal neotropical wetland under threat,The Palgrave Handbook of Global Sustainability,10.1007/978-3-031-01949-4_36,https://doi.org/10.1007/978-3-031-01949-4_36,incollection,English,Pantanal genérico ou indefinido,""
Ambiental,kantek2023implications,"Kantek, D. L. Z.; Cardoso, H. M.; Miyazaki, S. S.; Araujo, G. R.; Pereira, T. D. C.; Morato, R. G.",Kantek et al. (2023),2023,IMPLICATIONS OF HABITAT SELECTION BY JAGUARS FOR CONSERVATION ACTIONS IN THE PANTANAL WETLANDS,Oecologia Australis,10.4257/oeco.2023.2703.04,https://doi.org/10.4257/oeco.2023.2703.04,article,English,"Pantanal Norte (MT), sem município do recorte",""
Ambiental,lamas2023sisbiota,"Lamas, C. J. E.; Fachin, D. A.; Falaschi, R. L.; Alcantara, D. M. C.; Ale-Rocha, R.; Amorim, D. S.; Araújo, M. X.; Ascendino, S.; Baldassio, L.; Bellodi, C. F.; Bravo, F.; Calhau, J.; Capellari, R. S.; Carmo-Neto, A. M.; Cegolin, B. M.; Couri, M. S.; Carvalho, C. J. B.; Dios, R. V. P.; Falcon, A. V. G.; Fusari, L. M.; Garcia, C. A.; Gil-Azevedo, L. H.; Gomes, M. M.; Graciolli, G.; Gudin, F. M.; Henriques, A. L.; Krolow, T. K.; Mendes, L. L.; Limeira-De-Oliveira, F.; Maia, V. C.; Marinoni, L.; Mello, R. L.; Mello-Patiu, C. A.; Morales, M. N.; Oliveira, S. S.; Patiu, C.; Proença, B.; Pujol-Luz, C. V. A.; Pujol-Luz, J. R.; Rafael, J. A.; Riccardi, P. R.; Rodrigues, J. P. V.; Roque, F. O.; Sallum, M. A. M.; Santis, M. D.; Santos, C. M. D.; Santos, J. R.; Savaris, M.; Shimabukuro, P. H. F.; Silva, V. C.; Schelesky-Prado, D. C.; Silva-Neto, A. M.; Camargo, A.; Sousa, V. R.; Urso-Guimarães, M. V.; Wiedenbrug, S.; Yamaguchi, C.; Nihei, S. S.",Lamas et al. (2023),2023,"The SISBIOTA-Diptera Brazilian Network: A long-term survey of Diptera from unexplored Brazilian Western Arc of Amazon, Cerrado, and Pantanal",Revista Brasileira de Entomologia,10.1590/1806-9665-rbent-2023-0051,https://doi.org/10.1590/1806-9665-rbent-2023-0051,article,English,Pantanal Sul (MS),""
Ambiental,leandro2023depositos,"Leandro, G. R. S.; Rocha, P. C.; Hurtado, M. T. C.",Leandro et al. (2023),2023,"DEPÓSITOS DE CANAL E FORMAS DE LEITO NO AMBIENTE DE CONFLUÊNCIA DOS RIOS SEPOTUBA-PARAGUAI, PANTANAL SUPERIOR, NO ESTADO DE MATO GROSSO – BRASIL",Geo UERJ,10.12957/geouerj.2023.74199,https://doi.org/10.12957/geouerj.2023.74199,article,pt,"Pantanal Norte (MT), sem município do recorte",""
Ambiental,lima2023floods,"Lima, É. O.; Braghin, L. S. M.; Bonecker, C. C.; Silva, C. J.; Lázaro, W. L.",Lima et al. (2023),2023,Floods drive functional zooplankton diversity in a core area of the Brazilian Pantanal Biosphere Reserve,Inland Waters,10.1080/20442041.2023.2296334,https://doi.org/10.1080/20442041.2023.2296334,article,English,"Pantanal Norte (MT), sem município do recorte",""
Ambiental,louzada2023river,"Louzada, R. O.; Roque, F. O.; Diniz, J. M. F. S.; Bergier, I.",Louzada et al. (2023),2023,River channel avulsion in the Taquari River megafan of the Brazilian Pantanal: Remote sensing and modeling reveal recent and future changes,Applied Geography,10.1016/j.apgeog.2023.102955,https://doi.org/10.1016/j.apgeog.2023.102955,article,English,Pantanal Sul (MS),""
Ambiental,louzada2023first,"Louzada, R. O.; Bergier, I.; Roque, F. O.",Louzada et al. (2023),2023,The first inventory of gullies in the Upper Taquari River Basin (Brazil) and its agreement with land use classes,Ecological Informatics,10.1016/j.ecoinf.2023.102365,https://doi.org/10.1016/j.ecoinf.2023.102365,article,English,Pantanal Sul (MS),""
Ambiental,lucas2023agriculture,"Lucas, K. R.; Caldarelli, C. E.; Ventura, M. U.",Lucas et al. (2023),2023,Agriculture and biodiversity damage: A prospective evaluation of the impact of Brazilian agriculture on its ecoregions through life cycle assessment methodology,Science of the Total Environment,10.1016/j.scitotenv.2023.165762,https://doi.org/10.1016/j.scitotenv.2023.165762,article,English,Pantanal genérico ou indefinido,""
Ambiental,maia2023temporal,"Maia, F. C.; Almeida, T.; Oliveira, P. L. G.; Ferreira, D. V. P.; Má, J. C.; Cicerelli, R. E.",Maia et al. (2023),2023,Temporal Assessment of Vegetation Regeneration Dynamics on Burned Areas in the Pantanal,Revista Brasileira de Cartografia,10.14393/rbcv75n0a-66772,https://doi.org/10.14393/rbcv75n0a-66772,article,Portuguese,Pantanal genérico ou indefinido,""
Ambiental,marra2023burnt,"Marra, A. B.; Galo, M. L. B. T.; Tonolo, F. G.; Sano, E. E.; Orlando, V. S. W.",Marra et al. (2023),2023,BURNT AREAS SEMANTIC SEGMENTATION FROM SENTINEL DATA USING THE U-NET NETWORK TRAINED WITH SEMI-AUTOMATED ANNOTATIONS,"The International Archives of the Photogrammetry, Remote Sensing and Spatial Information Sciences",10.5194/isprs-archives-xlviii-1-w2-2023-1459-2023,https://doi.org/10.5194/isprs-archives-xlviii-1-w2-2023-1459-2023,inproceedings,English,Pantanal genérico ou indefinido,""
Ambiental,mesquita2023improving,Mesquita; Teles; Silva; Parente; Oliveira; Ferreira,Mesquita et al. (2023),2023,Improving Pasture Mapping and Monitoring in Support of Net Zero Deforestation in Brazil,International Geoscience and Remote Sensing Symposium (IGARSS),10.1109/igarss52108.2023.10282970,https://doi.org/10.1109/igarss52108.2023.10282970,inproceedings,English,Pantanal genérico ou indefinido,""
Ambiental,milien2023hydrological,"Milien, E. J.; Nunes, G. M.; Pierre, G.; Hamilton, S. K.; Cunha, C. N.",Milien et al. (2023),2023,"Hydrological Dynamics of the Pantanal, a Large Tropical Floodplain in Brazil, Revealed by Analysis of Sentinel-2 Satellite Imagery",Water (Switzerland),10.3390/w15122180,https://doi.org/10.3390/w15122180,article,English,"Pantanal Norte (MT), sem município do recorte",""
Ambiental,moreira2023ashes,"Moreira, L. F.; Smaniotto, N. P.; Ceron, K.; Santana, D. J.; Ferreira, V. L.; Strüssmann, C.; Galatti, U.",Moreira et al. (2023),2023,Ashes still smoking: the influence of fire and land cover on Pantanal ecoregion amphibians,Amphibia Reptilia,10.1163/15685381-bja10161,https://doi.org/10.1163/15685381-bja10161,article,English,Pantanal genérico ou indefinido,""
Ambiental,mota2023identification,"Mota, A. A.; Carvalho, E. C.; Correa, C. M. A.; Vaz‐de‐Mello, F. Z.",Mota et al. (2023),2023,Identification guide of dung beetle species (Coleoptera: Scarabaeidae: Scarabaeinae) of the Brazilian Pantanal,Biota Neotropica,10.1590/1676-0611-bn-2022-1443,https://doi.org/10.1590/1676-0611-bn-2022-1443,article,en,Pantanal genérico ou indefinido,""
Ambiental,nascimento2023river,"Nascimento, S. C.; Melo, M. M. M.; Paz, A. R.",Nascimento et al. (2023),2023,River-floodplain interaction and flood wave routing along rivers flowing through Pantanal wetlands,Journal of South American Earth Sciences,10.1016/j.jsames.2023.104296,https://doi.org/10.1016/j.jsames.2023.104296,article,English,Pantanal genérico ou indefinido,""
Ambiental,nunes2023especies,"Nunes, J. R. S.; Silva, C. J.; Dias, M. M.",Nunes et al. (2023),2023,"Espécies de aves não Passeriformes do rio Paraguai, Pantanal, Cáceres - MT Brasil",Revista Científica Multidisciplinar Núcleo do Conhecimento,10.32749/nucleodoconhecimento.com.br/biologia/especies-de-aves,https://doi.org/10.32749/nucleodoconhecimento.com.br/biologia/especies-de-aves,article,pt,Cita município do recorte (MT),Cáceres
Ambiental,parra2023assessing,"Parra, L. M. P.; Santos, F. C.; Negri, R. G.; Colnago, M.; Bressane, A.; Dias, M. A.",Parra et al. (2023),2023,Assessing the impacts of catastrophic 2020 wildfires in the Brazilian Pantanal using MODIS data and Google Earth Engine: A case study in the world’s largest sanctuary for Jaguars,Earth Science Informatics,10.1007/s12145-023-01080-x,https://doi.org/10.1007/s12145-023-01080-x,article,English,Pantanal genérico ou indefinido,""
Ambiental,paula2023corregos,"Paula, J. S. B. C.; Lázaro, W. L.; Muniz, C. C.; Oliveira, E. S.",Paula et al. (2023),2023,Córregos urbanos são importantes contribuintes de gases de efeito estufa?,Research Society and Development,10.33448/rsd-v12i3.40340,https://doi.org/10.33448/rsd-v12i3.40340,article,pt,Pantanal genérico ou indefinido,""
Ambiental,pelissari2023dynamics,"Pelissari, T. D.; Teodoro, P. E.; Teodoro, L. P. R.; Lima, M.; Santana, D. C.; Rossi, F. S.",Pelissari et al. (2023),2023,Dynamics of major environmental disasters involving fire in the Brazilian Pantanal,Scientific Reports,10.1038/s41598-023-49154-6,https://doi.org/10.1038/s41598-023-49154-6,article,English,Cita município do recorte (MT),Barão de Melgaço; Cáceres; Poconé
Ambiental,pessi2023natural,"Pessi, D. D.; Damasceno‐Júnior, G. A.; Silva, N. M.; Mioto, C. L.; Diodato, M. A.; Grí­gio, A. M.; Ribeiro, V. O.; Gonçalves, F. V.; Paranhos Filho, A. C.",Pessi et al. (2023),2023,"Natural Vegetation of Mountainous Environments: Morraria do Urucum and Serra do Amolar, Pantanal, Brazil",Terr Plural,10.5212/terraplural.v.17.2321744.008,https://doi.org/10.5212/terraplural.v.17.2321744.008,article,en,Pantanal genérico ou indefinido,""
Ambiental,piraja2023use,"Piraja, R. V.; Oliveira, A. K. M.; Matias, R.; Rezende Filho, A. T.",Piraja et al. (2023),2023,"The use of NBR and ANBR spectral indices using Sentinel 2 data to identify and delimit burned areas, using as a model an area of the Pantanal of Nhecolandia, Mato Grosso do Sul",RA'E GA: o Espaço Geográfico em Análise,10.5380/raega.v56i0.85434,https://doi.org/10.5380/raega.v56i0.85434,article,Portuguese,Pantanal Sul (MS),""
Ambiental,piraja2023sistemas,"Pirajá, R. V.; Oliveira, A. K. M.; Matias, R.; Rezende-Filho, A. T.",Pirajá et al. (2023),2023,SISTEMAS DE GEOTECNOLOGIAS PARA MONITORAMENTO DE QUEIMADAS:,Caderno de Geografia,10.5752/p.2318-2962.2023v33n72p30,https://doi.org/10.5752/p.2318-2962.2023v33n72p30,article,pt,Pantanal Sul (MS),""
Ambiental,pompeu2023who,"Pompeu, N.; Vilpoux, O. F.",Pompeu e Vilpoux (2023),2023,Who wants to pay for Pantanal? Experiences of payment for environmental services in the preservation of a single biome,Environmental Development,10.1016/j.envdev.2023.100903,https://doi.org/10.1016/j.envdev.2023.100903,article,English,Pantanal Sul (MS),""
Ambiental,perezgranados2023sound,"Pérez-Granados, C.; Schuchmann, K.-L.",Pérez-Granados e Schuchmann (2023),2023,The sound of the illegal: Applying bioacoustics for long-term monitoring of illegal cattle in protected areas,Ecological Informatics,10.1016/j.ecoinf.2023.101981,https://doi.org/10.1016/j.ecoinf.2023.101981,article,English,Pantanal genérico ou indefinido,""
Ambiental,ribeiro2023solving,"Ribeiro, D.; Pereira, A. M.",Ribeiro e Pereira (2023),2023,Solving the problem of wildfires in the Pantanal Wetlands,Perspectives in Ecology and Conservation,10.1016/j.pecon.2023.10.004,https://doi.org/10.1016/j.pecon.2023.10.004,article,English,Pantanal genérico ou indefinido,""
Ambiental,ribeiro2023abordagem,"Ribeiro, J. C.; Tocantins, N.; Salomão, F. X. T.",Ribeiro et al. (2023),2023,Abordagem morfopedológica aplicada à prevenção de voçorocas: Estudo de caso na bacia do Rio Itiquira - Alto Pantanal - Mato Grosso,Revista Brasileira de Geomorfologia,10.20502/rbgeomorfologia.v24i00.2349,https://doi.org/10.20502/rbgeomorfologia.v24i00.2349,article,Portuguese,Cita município do recorte (MT),Itiquira
Ambiental,roquette2023hymenaea,"Roquette, J. G.; Lobo, F. A.; Vourlitis, G. L.; Roig, F. A.; Ortíz, C. E. R.; Banga, N. M.; Portal-Cahuana, L. A.; Tomazello-Filho, M.",Roquette et al. (2023),2023,Hymenaea stignocarpa Mart. ex Hayne growth–climate relationships are regulated by soil water saturation in Cerrado-Pantanal ecotone,Dendrochronologia,10.1016/j.dendro.2023.126130,https://doi.org/10.1016/j.dendro.2023.126130,article,English,Pantanal genérico ou indefinido,""
Ambiental,santos2023new,"Santos, B. Z.; Soriano, B. M. A.; Narciso, M. G.; Silva, D. F.; Cerri, R.",Santos et al. (2023),2023,A New Time Series Framework for Forest Fire Risk Forecasting and Classification,Proceedings of the International Joint Conference on Neural Networks,10.1109/ijcnn54540.2023.10191502,https://doi.org/10.1109/ijcnn54540.2023.10191502,inproceedings,English,Pantanal genérico ou indefinido,""
Ambiental,schrapffer2023estimation,"Schrapffer, A.; Cappelletti, L. M.; Sörensson, A.",Schrapffer et al. (2023),2023,"ESTIMATION OF THE FLOODED AREA OVER THE PANTANAL, A SOUTH AMERICAN FLOODPLAIN, USING MODIS DATA",Meteorologica,10.24215/1850468xe017,https://doi.org/10.24215/1850468xe017,article,English,Pantanal genérico ou indefinido,""
Ambiental,schrapffer2023introducing,"Schrapffer, A.; Polcher, J.; Sörensson, A.; Fita, L.",Schrapffer et al. (2023),2023,Introducing a new floodplain scheme in ORCHIDEE (version 7885): validation and evaluation over the Pantanal wetlands,Geoscientific Model Development,10.5194/gmd-16-5755-2023,https://doi.org/10.5194/gmd-16-5755-2023,article,English,Pantanal genérico ou indefinido,""
Ambiental,shimabukuro2023assessment,"Shimabukuro, Y. E.; Oliveira, G.; Pereira, G.; Arai, E.; Cardozo, F.; Dutra, A. C.; Mataveli, G.",Shimabukuro et al. (2023),2023,Assessment of Burned Areas during the Pantanal Fire Crisis in 2020 Using Sentinel-2 Images,Fire,10.3390/fire6070277,https://doi.org/10.3390/fire6070277,article,English,Pantanal genérico ou indefinido,""
Ambiental,silva2023analise,"Silva, É. M.; Bacani, V. M.",Silva e Bacani (2023),2023,ANÁLISE DA FRAGILIDADE AMBIENTAL NA BACIA HIDROGRÁFICA DO RIBEIRÃO JATOBÁ-MS,GEOFRONTER,10.61389/geofronter.v9i1.7537,https://doi.org/10.61389/geofronter.v9i1.7537,article,pt,Pantanal Sul (MS),""
Ambiental,silva2023bioma,"Silva, D. B.; Garcia, L. C.; Santos, S. A.; Damasceno‐Júnior, G. A.; Boaretto, A. G.; Bortolotto, I. M.",Silva et al. (2023),2023,"Bioma Pantanal: Da complexidade do ecossistema à conservação, restauração e bioeconomia",Ciência e Cultura,10.5935/2317-6660.20230047,https://doi.org/10.5935/2317-6660.20230047,article,pt,Pantanal genérico ou indefinido,""
Ambiental,silvasouza2023new,"Silva-Souza, K. J.; Pivato, M. G.; Silva, V. C.; Haidar, R. F.; Souza, A. F.",Silva-Souza et al. (2023),2023,New patterns of the tree beta diversity and its determinants in the largest savanna and wetland biomes of South America,Plant Diversity,10.1016/j.pld.2022.09.006,https://doi.org/10.1016/j.pld.2022.09.006,article,English,Pantanal genérico ou indefinido,""
Ambiental,soutooliveira2023impact,"Souto-Oliveira, C. E.; Marques, M. T.; Nogueira, T.; Lopes, F. J.; Medeiros, J. A.; Medeiros, I. M.; Moreira, G. A.; Dias, P. L. S.; Landulfo, E.; Andrade, M. F.",Souto-Oliveira et al. (2023),2023,Impact of extreme wildfires from the Brazilian Forests and sugarcane burning on the air quality of the biggest megacity on South America,Science of the Total Environment,10.1016/j.scitotenv.2023.163439,https://doi.org/10.1016/j.scitotenv.2023.163439,article,English,Pantanal genérico ou indefinido,""
Ambiental,souza2023fires,"Souza, A.; Villar‐Hernández, B. J.; Oliveira‐Júnior, J. F.; Abreu, M. C.; Oliveira, A. P. G.; Nunes, R. S. C.; Fakhruddin, M.",Souza et al. (2023),2023,FIRES IN BRAZILIAN BIOMES,Mercator,10.4215/rm2023.e22023,https://doi.org/10.4215/rm2023.e22023,article,en,Pantanal Sul (MS),""
Ambiental,souza2023recovery,"Souza, M. F. A.; Felício, A. P.; Carrijo, M. G. G.; Machado, R. G.; Coutinho, C. R. M.; Coelho, C. P.; Bonamin, L. V.; Cucco, M. A.; Cucco, P. H. S.; Brum, K. B.",Souza et al. (2023),2023,Recovery of fire-damaged “cerrado” area treated with homeopathic preparations in slow dispersion devices – a descriptive study.,International Journal of High Dilution Research,10.51910/ijhdr.v22i2.1351,https://doi.org/10.51910/ijhdr.v22i2.1351,article,en,Pantanal Sul (MS),""
Ambiental,souza2023variation,"Souza, A.; Francisco Júnior, J.; Abreu, M. C.; Aristone, F.; Fernandes, W. A.; Nunes, R. S. C.; Cavazzana, G. H.; Santos, C. M.; Reis, C. J.; Dumka, U.",Souza et al. (2023),2023,Variation of Ozone in the Pantanal Environment Based on Probability Distributions,Ozone: Science and Engineering,10.1080/01919512.2022.2041392,https://doi.org/10.1080/01919512.2022.2041392,article,English,Pantanal genérico ou indefinido,""
Ambiental,valles2023use,"Valles, H. E. P.; Nunes, G. M.; Berlinck, C. N.; Gonçalves, L. G.; Ribeiro, G. H. P. M.",Valles et al. (2023),2023,"Use of Remotely Piloted Aircraft System Multispectral Data to Evaluate the Effects of Prescribed Burnings on Three Macrohabitats of Pantanal, Brazil",Remote Sensing,10.3390/rs15112934,https://doi.org/10.3390/rs15112934,article,English,Pantanal genérico ou indefinido,""
Ambiental,viana2023occurrence,"Viana, L. F.; Crispim, B. A.; Kummrow, F.; Lima, N. A.; Dias, M. A.; Montagner, C. C.; Pereira, R. H. G.; Barros, A.; Barufatti, A.",Viana et al. (2023),2023,"Occurrence of contaminants of emerging concern and their risks to the Pantanal Sul-Mato-Grossense aquatic biota, Brazil",Chemosphere,10.1016/j.chemosphere.2023.139429,https://doi.org/10.1016/j.chemosphere.2023.139429,article,English,Pantanal Sul (MS),""
Ambiental,viana2023bioaccumulation,"Viana, J. L. M.; Steffler, D. A.; Hernández, A. H.; Costa, J. S.; Pellegrinetti, T. A.; Jesus, E. C. R.; Cancian, M.; Fiore, M. F.; Rezende-Filho, A. T.; Sussulini, A.; Barbiero, L.; Menegario, A. A.; Fostier, A. H.",Viana et al. (2023),2023,Bioaccumulation and speciation of arsenic in plankton from tropical soda lakes along a salinity gradient,Science of the Total Environment,10.1016/j.scitotenv.2023.165189,https://doi.org/10.1016/j.scitotenv.2023.165189,article,English,Pantanal genérico ou indefinido,""
Ambiental,weber2023impacto,"Weber, A. S.",Weber (2023),2023,Impacto da queima de biomassa nas propriedades físico-químicas de aerossóis no Pantanal brasileiro,Holos Environment,10.14295/holos.v23i2.12489,https://doi.org/10.14295/holos.v23i2.12489,article,pt,Pantanal de MT e MS,""
Ambiental,zocal2023acanthaceae,"Zocal, K. H.; Alcantara, C.; Pessoa, E.",Zocal et al. (2023),2023,"Acanthaceae from Cuiabá lowlands, Mato Grosso, Brazil: a vegetational mosaic extending from Chapada dos Guimarães to Pantanal",Rodriguésia,10.1590/2175-7860202374013,https://doi.org/10.1590/2175-7860202374013,article,en,"Pantanal Norte (MT), sem município do recorte",""
Ambiental,alvim2024spatial,"ALVIM, D. S.; SUSKI, C. A.; KASEMODEL, M. C.; HERDIES, D. L.; MEGALE, J. H.; OLIVEIRA, R. C.",ALVIM et al. (2024),2024,Spatial distribution of atmospheric pollutants and fire outbreaks in the Pantanal biome from 2016 to 2021,Anais da Academia Brasileira de Ciências,10.1590/0001-3765202420240174,https://doi.org/10.1590/0001-3765202420240174,article,English,Pantanal genérico ou indefinido,""
Ambiental,achucarro2024spatial,"Achucarro, I. C. V.; Andrieu, J.; Bouissou, S.",Achucarro et al. (2024),2024,Spatial patterns transformation due to deforestation in the Paraguayan Pantanal Ecoregion from 1987 to 2020,Landscape Research,10.1080/01426397.2024.2343881,https://doi.org/10.1080/01426397.2024.2343881,article,English,Fora do Brasil,""
Ambiental,aido2024liquens,"Aido, M. M. H.; Aptroot, A.; Koch, N. M.; Spielmann, A. A.",Aido et al. (2024),2024,"Liquens do Miranda, Pantanal: uma investigação das espécies liquênicas dos capões",Biodiversidade Brasileira,10.37002/biodiversidadebrasileira.v14i4.2564,https://doi.org/10.37002/biodiversidadebrasileira.v14i4.2564,article,pt,Pantanal Sul (MS),""
Ambiental,aparecido2024assessing,"Aparecido, L. E. O.; Torsoni, G. B.; Dutra, A. F.; Lorençone, J. A.; Leite, M. R. L.; Lorençone, P. A.; Alcântara Neto, F.; Zuffo, A. M.; Medeiros, R. L. S.",Aparecido et al. (2024),2024,Assessing fire risk and safeguarding Brazil’s biomes: a Multifactorial Approach,Theoretical and Applied Climatology,10.1007/s00704-024-05163-7,https://doi.org/10.1007/s00704-024-05163-7,article,English,Pantanal genérico ou indefinido,""
Ambiental,armoa2024large,"Armoa, O. L. B.; Arnold, J. G.; Bieger, K.; Sauvage, S.; Sánchez-Pérez, J. M.",Armoa et al. (2024),2024,Large wetlands representation in SWAT+: the case of the Pantanal in the Paraguay River Basin,Frontiers in Water,10.3389/frwa.2024.1451648,https://doi.org/10.3389/frwa.2024.1451648,article,English,Pantanal genérico ou indefinido,""
Ambiental,arruda2024diagnostico,"Arruda, P.; Ferreira Júnior, L. C.; Gonçalves, S.",Arruda et al. (2024),2024,DIAGNÓSTICO DE IMPACTOS AMBIENTAIS DO NÚCLEO AVANÇADO DE PESQUISA DO PANTANAL,Profiscientia,10.61803/pxs35x05,https://doi.org/10.61803/pxs35x05,article,pt,Pantanal genérico ou indefinido,""
Ambiental,baptistella2024trick,"Baptistella, E.",Baptistella (2024),2024,Trick or Treat? The Dilemma of Ceva in North Pantanal Wildlife Tourism,Emerging Voices for Animals in Tourism,10.1079/9781800625259.0008,https://doi.org/10.1079/9781800625259.0008,incollection,English,Pantanal genérico ou indefinido,""
Ambiental,barbosa2024efeitos,"Barbosa, T. A. S.; Silva, H. J. A.; Lima, A. M. S.; Paulo, S. R.; Paulo, I. J. C.; Palácios, R. S.",Barbosa et al. (2024),2024,Efeitos da concentração de black carbon na radiação e emissividade atmosférica do Pantanal Mato-Grossense,Revista Brasileira de Geografia Física,10.26848/rbgf.v17.6.p4102-4116,https://doi.org/10.26848/rbgf.v17.6.p4102-4116,article,Portuguese,Cita município do recorte (MT),Poconé
Ambiental,bardales2024neotropical,"Bardales, R.; Boron, V.; Viana, D. F. P.; Sousa, L. L.; Dröge, E.; Porfirio, G.; Jaramillo, M.; Payán, E.; Sillero-Zubiri, C.; Hyde, M.",Bardales et al. (2024),2024,Neotropical mammal responses to megafires in the Brazilian Pantanal,Global Change Biology,10.1111/gcb.17278,https://doi.org/10.1111/gcb.17278,article,English,Pantanal genérico ou indefinido,""
Ambiental,bisolo2024diversidade,"Bisolo, G. K.; Silva, P. L. C.; Eisenlohr, P. V.; Arruda, R. S.; Cupertino‐Eisenlohr, M. A.",Bisolo et al. (2024),2024,Diversidade botânica de Mato Grosso: Catalogando espécies arbóreas e palmeiras de valor extrativista,Revista Científica ANAP Brasil,10.17271/19843240174320245124,https://doi.org/10.17271/19843240174320245124,article,pt,Pantanal genérico ou indefinido,""
Ambiental,borges2024aspectos,"Borges, G. A. K.; Charão, L. S.; Borges, G. A. N.",Borges et al. (2024),2024,Aspectos gerais da gestão ambiental do Parque Zé Bolo Flô: um estudo de caso,Scientific Electronic Archives,10.36560/17420241958,https://doi.org/10.36560/17420241958,article,pt,Pantanal genérico ou indefinido,""
Ambiental,botelho2024brincando,"Botelho, M. T. A.; Chiaravalloti, R. M.; Berlinck, C. N.",Botelho et al. (2024),2024,Brincando com fogo: a influência vital do conhecimento tradicional na sociobiodiversidade do Pantanal,Biodiversidade Brasileira,10.37002/biodiversidadebrasileira.v14i4.2547,https://doi.org/10.37002/biodiversidadebrasileira.v14i4.2547,article,pt,Pantanal genérico ou indefinido,""
Ambiental,brack2024spatial,"Brack, I. V.; Cordeiro, J. L. P.; Kindel, A.; Rangel, B. Z.; Crawshaw, D.; Heiermann, D.",Brack et al. (2024),2024,Spatial modelling and estimation of mammals' mortalities by Pantanal 2020 megafires,Journal of Applied Ecology,10.1111/1365-2664.14789,https://doi.org/10.1111/1365-2664.14789,article,English,"Pantanal Norte (MT), sem município do recorte",""
Ambiental,broquet2024habitat,"Broquet, M.; Campos, F. S.; Cabral, P.; David, J.",Broquet et al. (2024),2024,Habitat quality on the edge of anthropogenic pressures: Predicting the impact of land use changes in the Brazilian Upper Paraguay river Basin,Journal of Cleaner Production,10.1016/j.jclepro.2024.142546,https://doi.org/10.1016/j.jclepro.2024.142546,article,English,Pantanal genérico ou indefinido,""
Ambiental,bucci2024checklist,"Bucci, G. C.; Coutinho, T. S.; Pessoa, E.",Bucci et al. (2024),2024,"Checklist de Asteraceae na Baixada Cuiabana, Mato Grosso, Brasil",FLOVET - Boletim do Grupo de Pesquisa da Flora Vegetação e Etnobotânica,10.59621/flovet.2024.v2.n13.e2024004,https://doi.org/10.59621/flovet.2024.v2.n13.e2024004,article,pt,Cita município do recorte (MT),Poconé
Ambiental,carvalho2024influence,"Carvalho, W. S.; Magalhães Filho, F. J. C.; Rodrigues, L. R.; Calheiros, C. S. C.",Carvalho et al. (2024),2024,"Influence of Land Use and Land Cover on the Quality of Surface Waters and Natural Wetlands in the Miranda River Watershed, Brazilian Pantanal",Applied Sciences (Switzerland),10.3390/app14135666,https://doi.org/10.3390/app14135666,article,English,Pantanal Sul (MS),""
Ambiental,catapani2024manejo,"Catapani, M. L.; Aguirra, I. R.; Araujo, F. A. S.; Moss, A.; Massocato, G.; Oliveira, B.",Catapani et al. (2024),2024,Manejo do fogo na pecuária pantaneira: percepções e oportunidades para sua gestão sustentável no bioma,Biodiversidade Brasileira,10.37002/biodiversidadebrasileira.v14i4.2551,https://doi.org/10.37002/biodiversidadebrasileira.v14i4.2551,article,"",Pantanal genérico ou indefinido,""
Ambiental,catian2024servico,"Catian, G.; Arruda, K. S.",Catian e Arruda (2024),2024,Serviço ecossistêmico sociocultural das plantas aquáticas no Pantanal,FLOVET - Boletim do Grupo de Pesquisa da Flora Vegetação e Etnobotânica,10.59621/flovet.2024.v2.n13.e2024015,https://doi.org/10.59621/flovet.2024.v2.n13.e2024015,article,pt,Pantanal genérico ou indefinido,""
Ambiental,correa2024evidence,"Correa, C. M. A.; Salomão, R. P.; Abot, A. R.; Puker, A.; Vaz-De-Mello, F. Z.",Correa et al. (2024),2024,Evidence of drastic loss of dung beetle diversity after 25 years in an introduced Brazilian pasture,Austral Ecology,10.1111/aec.13515,https://doi.org/10.1111/aec.13515,article,English,Pantanal genérico ou indefinido,""
Ambiental,correa2024dung,"Correa, C. M.; Audino, L. D.; Vaz-de-Mello, F. Z.; Menéndez, R.; Louzada, J.",Correa et al. (2024),2024,"Dung removal by dung beetles in tropical livestock-dominated landscapes: Role of livestock grazing abandonment, local environment, and community attributes",Applied Soil Ecology,10.1016/j.apsoil.2024.105443,https://doi.org/10.1016/j.apsoil.2024.105443,article,English,Pantanal genérico ou indefinido,""
Ambiental,costa2024multiscale,"Costa, M. C.; Marengo, J. A.; Alves, L. M.; Cunha, A. P.",Costa et al. (2024),2024,"Multiscale analysis of drought, heatwaves, and compound events in the Brazilian Pantanal in 2019–2021",Theoretical and Applied Climatology,10.1007/s00704-023-04655-2,https://doi.org/10.1007/s00704-023-04655-2,article,English,"Pantanal Norte (MT), sem município do recorte",""
Ambiental,costa2024exploring,"Costa, L. M.; Santos, G. A. A.; Mendonça, G. C.; Maria, L. S.; Silva Jr., C. A.; Panosso, A. R.; Scala Jr., N. L.",Costa et al. (2024),2024,Exploring CO2 anomalies in Brazilian biomes combining OCO-2 & 3 data: Linkages to wildfires patterns,Advances in Space Research,10.1016/j.asr.2024.01.016,https://doi.org/10.1016/j.asr.2024.01.016,article,English,Pantanal genérico ou indefinido,""
Ambiental,couto2024case,"Couto, F. T.; Santos, F. L. M.; Campos, C.; Purificação, C.; Andrade, N.; López-Vega, J. M.; Lacroix, M.",Couto et al. (2024),2024,"A Case Study of the Possible Meteorological Causes of Unexpected Fire Behavior in the Pantanal Wetland, Brazil",Earth (Switzerland),10.3390/earth5030028,https://doi.org/10.3390/earth5030028,article,English,Pantanal genérico ou indefinido,""
Ambiental,cugler2024analysis,"Cugler, G.; Figueiredo, V.; Gauci, V.; Stauffer, T.; Peixoto, R. B.; Pangala, S. R.; Enrich-Prast, A.",Cugler et al. (2024),2024,Analysis of CH4 and N2O Fluxes in the Dry Season: Influence of Soils and Vegetation Types in the Pantanal,Forests,10.3390/f15122224,https://doi.org/10.3390/f15122224,article,English,Pantanal Sul (MS),""
Ambiental,cunha2024changes,"Cunha, A. P. M. A.; Buermann, W.; Marengo, J. A.",Cunha et al. (2024),2024,Changes in compound drought-heat events over Brazil’s Pantanal wetland: an assessment using remote sensing data and multiple drought indicators,Climate Dynamics,10.1007/s00382-023-06937-x,https://doi.org/10.1007/s00382-023-06937-x,article,English,Pantanal genérico ou indefinido,""
Ambiental,curado2024effect,"Curado, L. F. A.; Paulo, S. R.; Silva, H. J. A.; Palácios, R. S.; Marques, J. B.; Paulo, I. J. C.; Dalmagro, H. J.; Rodrigues, T. R.",Curado et al. (2024),2024,Effect of biomass burning emission on carbon assimilation over Brazilian Pantanal,Theoretical and Applied Climatology,10.1007/s00704-023-04673-0,https://doi.org/10.1007/s00704-023-04673-0,article,English,Pantanal genérico ou indefinido,""
Ambiental,dacunha2024changes,"D'Acunha; Dalmagro; Arruda, Z.; Biudes; Lathuillière; Uribe; Couto; Brando; Vourlitis; Johnson",D'Acunha et al. (2024),2024,"Changes in evapotranspiration, transpiration and evaporation across natural and managed landscapes in the Amazon, Cerrado and Pantanal biomes",Agricultural and Forest Meteorology,10.1016/j.agrformet.2023.109875,https://doi.org/10.1016/j.agrformet.2023.109875,article,English,Pantanal genérico ou indefinido,""
Ambiental,ebert2024three,"Ebert, A.; Berlinck, C. N.; Cunha, C. N.",Ebert et al. (2024),2024,"Three prescribed fire regimes on the restoration of flooded savannah grasslands under encroachment of Vochysia divergens Pohl, Pantanal, Brazil",IForest,10.3832/ifor4483-017,https://doi.org/10.3832/ifor4483-017,article,English,Pantanal genérico ou indefinido,""
Ambiental,fernandes2024quantifying,"Fernandes, F. A. C.; Santos, L. O. F.; Nunes, N. C.; Machado, N. G.; Biudes, M. S.",Fernandes et al. (2024),2024,Quantifying droughts in Mato Grosso with SPI and SPEI: exploring connections to tropical sea Surface temperatures,Theoretical and Applied Climatology,10.1007/s00704-024-05212-1,https://doi.org/10.1007/s00704-024-05212-1,article,English,Pantanal genérico ou indefinido,""
Ambiental,neto2024emissoes,"Ferreira Neto, J. B.; Silva, R. H.; Pereira, G.; Damasceno‐Júnior, G. A.",Ferreira Neto et al. (2024),2024,Emissões de CO e CH4 durante incêndios extremos no Pantanal,Revista Brasileira de Climatologia,10.55761/abclima.v35i20.18012,https://doi.org/10.55761/abclima.v35i20.18012,article,pt,Pantanal Sul (MS),""
Ambiental,ferreira2024flooding,"Ferreira, B. H. S.; Oliveira, M. R.; Arrua, B. A.; Nacagava, V. A. F.; Fernandes, R. A. M.; Pereira, A. M. M.; Santos, A. C.; Costa, A.; Rocha, M.; Xavier, S.; Ferraz, R. A.; Pott, A.; Damasceno Junior, G. A.; Ribeiro, D. B.; Garcia, L. C.",Ferreira et al. (2024),2024,Flooding and fire frequency promotes beta diversity in tree and non-tree species in tropical wetlands,Forest Ecology and Management,10.1016/j.foreco.2024.122175,https://doi.org/10.1016/j.foreco.2024.122175,article,English,Pantanal genérico ou indefinido,""
Ambiental,ferreira2024climate,"Ferreira, F. H. M.; Sousa Júnior, W. C.; Bressiani, D.; Mendes Filho, W. M.; Gonçalves, D. A.",Ferreira et al. (2024),2024,Climate change in the Upper Paraguay Basin and hydrological impacts on the Pantanal,Journal of Water and Climate Change,10.2166/wcc.2024.081,https://doi.org/10.2166/wcc.2024.081,article,English,Cita município do recorte (MT),Cáceres
Ambiental,freitas2024carbon,"Freitas, D. A. F.; Silva, M. L. N.; Cardoso, E. L.; Oliveira, D. M. S.; Moitinho, M. R.; Curi, N.",Freitas et al. (2024),2024,"Carbon and Nitrogen Stocks in Soil under Native Pastures in the Pantanal Wetland Biome, Brazil",Agronomy,10.3390/agronomy14091994,https://doi.org/10.3390/agronomy14091994,article,English,Pantanal genérico ou indefinido,""
Ambiental,garciasilva2024lentibulariaceae,"Garcia-Silva, R.; Gonella, P. M.; Farinaccio, M. A.",Garcia-Silva et al. (2024),2024,"Lentibulariaceae on Estrada Parque do Pantanal, Mato Grosso do Sul State, Brazil: Review of the List of Pantanal Species, including new records",Hoehnea,10.1590/2236-8906e1142023,https://doi.org/10.1590/2236-8906e1142023,article,Portuguese,Pantanal Sul (MS),""
Ambiental,goncalves2024construcao,"Gonçalves, A. H.; Anunciação, V. S.",Gonçalves e Anunciação (2024),2024,A CONSTRUÇÃO SOCIAL DO CLIMA NA TRANSFORMAÇÃO DA PAISAGEM NO SUDESTE PANTANEIRO SULMATOGROSSENSE,Espaço em Revista,10.70261/er.v26i1.74736,https://doi.org/10.70261/er.v26i1.74736,article,pt,Pantanal Sul (MS),""
Ambiental,goncalves2024seeding,"Gonçalves, D. S. A.; Oliveira, P. C.; Gonçalves, S. R. A.; Silveira, F. A. O.; Teixido, A. L.",Gonçalves et al. (2024),2024,Seeding the Pantanal: orchestrating research to overcome restoration barriers in the world's largest tropical wetland,Restoration Ecology,10.1111/rec.14148,https://doi.org/10.1111/rec.14148,article,English,Fora do Brasil,""
Ambiental,gris2024periodic,"Gris, D.; Casagrande, J. C.; Marques, M. R.; Oldeland, J.; Damasceno-Júnior, G. A.",Gris et al. (2024),2024,Periodic flooding and edaphic factors shape Erythrina fusca dominance in riparian forests in the Pantanal wetland,Tropical Ecology,10.1007/s42965-024-00335-y,https://doi.org/10.1007/s42965-024-00335-y,article,English,Cita município do recorte (MT),Cáceres
Ambiental,harmange2024fire,"Harmange, C.; Teles, T. S.; Ribeiro, D. B.; Costa, A. M.; Godoi, M. N.; Roque, F. O.; Souza, F. L.; Pays, O.",Harmange et al. (2024),2024,"Fire shapes mammal abundance at the Cerrado-Pantanal ecotone: Scale of effect, species traits and land-cover interaction",Journal for Nature Conservation,10.1016/j.jnc.2024.126728,https://doi.org/10.1016/j.jnc.2024.126728,article,English,Pantanal genérico ou indefinido,""
Ambiental,lara2024estimation,"Lara, I. A. R.; Salvador, M. L.; Hirai, W. Y.; Moreira, V. S.; Keuroghlian, A.",Lara et al. (2024),2024,"ESTIMATION POPULATION SIZE PECCARIES (TAYASSU PECARI), IN THE “RIO NEGRO” FARM - BRASILIAN PANTANAL, DURING 2003 - 2004, BY MEANS CAPTURE AND RECAPTURE MULTIPLE METHOD",BRAZILIAN JOURNAL OF AGRICULTURE - Revista de Agricultura,10.37856/bja.v99i1.4351,https://doi.org/10.37856/bja.v99i1.4351,article,en,Pantanal Sul (MS),""
Ambiental,laranjeira2024black,"Laranjeira, L. T.; Schiavo, J. A.; Oliveira, N. S.; Pereira, M. G.; Moraes, E. M. V.; Souza, A. C.; Ozório, J. M. B.",Laranjeira et al. (2024),2024,Black soils in the southwest of the Brazilian Pantanal: Organic carbon and secondary carbonates accumulation in Phaeozems–Gleysol-Chernozem,Journal of South American Earth Sciences,10.1016/j.jsames.2024.104935,https://doi.org/10.1016/j.jsames.2024.104935,article,English,Pantanal Sul (MS),""
Ambiental,leao2024experiencias,"Leão, D. S.; Castrillon, S. K. I.",Leão e Castrillon (2024),2024,EXPERIÊNCIAS DE RECUPERAÇÃO DE NASCENTES NAS BACIAS HIDROGRÁFICAS DOS RIOS JAURU E CABAÇAL E OS DESAFIOS PARA A CONSERVAÇÃO DO PANTANAL,REVISTA EQUADOR,10.26694/equador.v12i3.14213,https://doi.org/10.26694/equador.v12i3.14213,article,pt,"Pantanal Norte (MT), sem município do recorte",""
Ambiental,lima2024assessing,"Lima, L. H. A.; Magioli, M.; Saranholi, B. H.; Concone, H. V. B.; Côrtes, L. G.; Berlinck, C. N.",Lima et al. (2024),2024,Assessing Pantanal fauna through environmental DNA metabarcoding after the 2020 megafire,Biodiversidade Brasileira,10.37002/biodiversidadebrasileira.v14i4.2558,https://doi.org/10.37002/biodiversidadebrasileira.v14i4.2558,article,"","Pantanal Norte (MT), sem município do recorte",""
Ambiental,lima2024birds,"Lima, W. E.; Souza, C. F.; Arruda, R. M. S.; Souza, J. C.",Lima et al. (2024),2024,"Birds, reptiles and mammals sighted within and surrounding the municipality of Aquidauana, state of Mato Grosso do Sul, Brazil",Acta Scientiarum - Biological Sciences,10.4025/actascibiolsci.v46i1.70332,https://doi.org/10.4025/actascibiolsci.v46i1.70332,article,English,Pantanal Sul (MS),""
Ambiental,louzada2024fluvial,"Louzada, R. O.; Bergier, I.; McGlue, M. M.; Roque, F. O.; Rasbold, G.; Domingos-Luz, L.; Lo, E.; Assine, M. L.",Louzada et al. (2024),2024,Fluvial avulsions influence soil fertility in the Pantanal wetlands (Brazil),Science of the Total Environment,10.1016/j.scitotenv.2024.172127,https://doi.org/10.1016/j.scitotenv.2024.172127,article,English,Pantanal Sul (MS),""
Ambiental,lucca2024use,"Lucca, M. L.; Silva, T. A.; Prior, M.; Mercante, E.",Lucca et al. (2024),2024,Use of Remote Sensing to Identify Fires in The State of Mato Grosso,Revista de Gestão Social e Ambiental,10.24857/rgsa.v18n12-183,https://doi.org/10.24857/rgsa.v18n12-183,article,en,"Pantanal Norte (MT), sem município do recorte",""
Ambiental,luz2024leucaena,"Luz, G. P.; Peluso, L. M.; Costa, J. N. M. N.; Souza, E. B.; Damasceno-Junior, G. A.; Paranhos Filho, A. C.; Encina, C. C. C.; Ribeiro, A. A.; Garcia, L. C.",Luz et al. (2024),2024,Leucaena leucocephala (Fabaceae) Invasion: The Opposite Effects of Fire and Flood,Wetlands,10.1007/s13157-024-01880-x,https://doi.org/10.1007/s13157-024-01880-x,article,English,Pantanal genérico ou indefinido,""
Ambiental,magioli2024forest,"Magioli, M.; Lima, L. H. A.; Villela, P. M. S.; Sampaio, R.; Bonjorne, L.; Ribeiro, R. L. A.; Kantek, D. L. Z.; Miyazaki, S. S.; Semedo, T. B. F.; Libardi, G. S.; Saranholi, B. H.; Eriksson, C. E.; Morato, R. G.; Berlinck, C. N.",Magioli et al. (2024),2024,Forest type modulates mammalian responses to megafires,Scientific Reports,10.1038/s41598-024-64460-3,https://doi.org/10.1038/s41598-024-64460-3,article,English,Pantanal genérico ou indefinido,""
Ambiental,marchini2024systems,"Marchini, S.; Boulhosa, R.; Camargo, J.; Camilo, A. R.; Concone, H.; Feliciani, F.; Ferrardo, I.; Figueiroa, G.; Fragoso, C. E.; Morato, R.; Porfírio, G.; Salomão, J.; Sampaio, R.; Santos, C. C.; Tortato, F. R.; Viana, D.; Tomas, W. M.",Marchini et al. (2024),2024,A systems approach to planning for human-wildlife coexistence: The case of people and jaguars in the Brazilian Pantanal,Conservation Science and Practice,10.1111/csp2.13082,https://doi.org/10.1111/csp2.13082,article,English,Pantanal genérico ou indefinido,""
Ambiental,marra2024contribution,"Marra, A. B.; Galo, M. L. B. T.; Sano, E. E.",Marra et al. (2024),2024,Contribution of SAR/Sentinel-1 images in the detection of burnt areas in the natural vegetation of the brazilian Pantanal biome,Boletim de Ciências Geodésicas,10.1590/s1982-21702024000100005,https://doi.org/10.1590/s1982-21702024000100005,article,English,Pantanal genérico ou indefinido,""
Ambiental,martins2024fire,"Martins, P. I.; Belém, L. B. C.; Peluso, L. M.; Szabo, J. K.; Trindade, W. C. F.; Pott, A.; Damasceno Junior, G. A.; Jimenez, D.; Marques, R.; Peterson, A. T.; Libonati, R.; Garcia, L. C.",Martins et al. (2024),2024,"Fire-sensitive and threatened plants in the Upper Paraguay River Basin, Brazil: Identifying priority areas for Integrated Fire Management and ecological restoration",Ecological Engineering,10.1016/j.ecoleng.2024.107411,https://doi.org/10.1016/j.ecoleng.2024.107411,article,English,Pantanal genérico ou indefinido,""
Ambiental,moreira2024see,"Moreira, L. F. B.; Smaniotto, N. P.; Vicente, R. E.; Valle-Alvarenga, G.",Moreira et al. (2024),2024,I See Fire Inside the Wetlands: Return Interval and Extent on Protected Areas of Pantanal Ecoregion,Wetlands,10.1007/s13157-024-01876-7,https://doi.org/10.1007/s13157-024-01876-7,article,English,Pantanal genérico ou indefinido,""
Ambiental,nascimento2024soil,"Nascimento, D. C.; Corrêa, G. R.; Campos, P. V.; Gradella, F. S.; Schaefer, C. E. G. R.; Bueno, M. L.; Duarte, P. C.",Nascimento et al. (2024),2024,Soil attributes and leaf litter composition in forest communities of the Brazilian Pantanal,Anais da Academia Brasileira de Ciencias,10.1590/0001-3765202420240709,https://doi.org/10.1590/0001-3765202420240709,article,English,Pantanal Sul (MS),""
Ambiental,nunes2024relationship,"Nunes, G. A.; Ramos, D. D.; Forti, J. C.; Ramos, D. D.; Oliveira, L. C. S.; Junior, D. S. S.; Santo, G. E.; Santos, F. A.",Nunes et al. (2024),2024,"Relationship of the “Dequada” Phenomenon with Mercury Methylation in Pantanal, Brazil",Water (Switzerland),10.3390/w16091204,https://doi.org/10.3390/w16091204,article,English,Pantanal genérico ou indefinido,""
Ambiental,oliveira2024atributos,"Oliveira, A. C. A.; Pierangeli, M. A. P.; Silva, C. J.",Oliveira et al. (2024),2024,"ATRIBUTOS DE FERTILIDADE DO SOLO EM ILHAS ALUVIAIS DO RIO PARAGUAI, PANTANAL MATO-GROSSENSE",REVISTA EQUADOR,10.26694/equador.v12i3.14210,https://doi.org/10.26694/equador.v12i3.14210,article,"",Cita município do recorte (MT),Cáceres
Ambiental,olivoneto2024vegetation,"Olivo-Neto, A. M.; Carniello, M. A.",Olivo-Neto e Carniello (2024),2024,VEGETATION MORTALITY CAUSED BY FOREST FIRE IN A FRAGMENT IN THE AMAZONIA-CERRADO-PANTANAL ECOTONE: USE OF DRONES IN THE ASSESSMENT,FLORESTA,10.5380/rf.v54i1.86364,https://doi.org/10.5380/rf.v54i1.86364,article,English,Pantanal genérico ou indefinido,""
Ambiental,pellegrinetti2024role,"Pellegrinetti, T. A.; Cotta, S. R.; Feitosa, Y. B.; Melo, P. L.; Bieluczyk, W.; Silva, A. M.; Mendes, L. W.; Sarmento, H.; Camargo, P. B.; Tsai, S. M.; Fiore, M. F.",Pellegrinetti et al. (2024),2024,The role of microbial communities in biogeochemical cycles and greenhouse gas emissions within tropical soda lakes,Science of the Total Environment,10.1016/j.scitotenv.2024.174646,https://doi.org/10.1016/j.scitotenv.2024.174646,article,English,Pantanal Sul (MS),""
Ambiental,quintela2024essential,"Quintela, F. M.; Silva, F. A.; Correa, F.; Carvalho, F. R.; Galiano, D.; Pires, M. C. O.; Galatti, U.",Quintela et al. (2024),2024,"Essential and Non-Essential Elements Levels in Fish Species Highly Consumed in the Middle Miranda River, Brazilian Pantanal",Archives of Environmental Contamination and Toxicology,10.1007/s00244-024-01072-y,https://doi.org/10.1007/s00244-024-01072-y,article,English,Pantanal Sul (MS),""
Ambiental,ramalho2024compreendendo,"Ramalho, A. H. C.; Fiedler, N. C.; Dias, H. M.; Pelúzio, T. M. O.; Santos, A. R.; Lucas, F. M. F.",Ramalho et al. (2024),2024,Compreendendo a ação do fogo nos ecossistemas brasileiros,Biodiversidade Brasileira,10.37002/biodiversidadebrasileira.v14i1.2180,https://doi.org/10.37002/biodiversidadebrasileira.v14i1.2180,article,pt,Pantanal genérico ou indefinido,""
Ambiental,ramos2024characterization,"Ramos, L. C.; Brunelli, T. C.; Vicentin, F. C.; Curado, L. F. A.; Lima, A. M. S.; Morais, F. G.",Ramos et al. (2024),2024,"Characterization of the Elemental Composition of Aerosols Emitted in the Dry Season of the Pantanal Wetland, Brazil",Atmosphere,10.3390/atmos15111361,https://doi.org/10.3390/atmos15111361,article,English,"Pantanal Norte (MT), sem município do recorte",""
Ambiental,rancura2024analise,"Rancura, S. A. O.; Brito, C. E.; Nogueira, D. G.; Polaz, C. N. M.; Garcia, I. C. B.",Rancura et al. (2024),2024,Análise da suscetibilidade de espécies da ictiofauna da região hidrográfica do rio Paraguai aos incêndios de 2020,Biodiversidade Brasileira,10.37002/biodiversidadebrasileira.v14i4.2552,https://doi.org/10.37002/biodiversidadebrasileira.v14i4.2552,article,pt,Cita município do recorte (MT),Barão de Melgaço; Rondonópolis
Ambiental,ribeiro2024relationships,"Ribeiro, U. M.; Corgne, S.; Bacani, V. M.; Silva, M. H. S.; Arvor, D.",Ribeiro et al. (2024),2024,"Relationships between Woodland Phenology, Precipitation, and Flooding Patterns in the Brazilian Pantanal Wetland",International Geoscience and Remote Sensing Symposium (IGARSS),10.1109/igarss53475.2024.10640548,https://doi.org/10.1109/igarss53475.2024.10640548,inproceedings,English,Pantanal genérico ou indefinido,""
Ambiental,santos2024areas,"Santos, E. V.; Mendonça, A. V.; Costa, F. S.",Santos et al. (2024),2024,Áreas úmidas do Cerrado e a distribuição espacial das Veredas no Estado de Mato Grosso a partir do Cadastros Ambiental Rural,Revista Científica ANAP Brasil,10.17271/19843240174120244814,https://doi.org/10.17271/19843240174120244814,article,pt,"Pantanal Norte (MT), sem município do recorte",""
Ambiental,santos2024dynamics,"Santos, T. A.; Dasilva, H. J. A.; Paulo, S. R.; Paulo, I. J. C.; Palácios, R. S.; Duarte, L. G.",Santos et al. (2024),2024,Dynamics of long-wave radiation flows in the Pantanal Mato-Grossense,Nativa,10.31413/nat.v12i1.16528,https://doi.org/10.31413/nat.v12i1.16528,article,Portuguese,"Pantanal Norte (MT), sem município do recorte",""
Ambiental,santos2024fires,"Santos, F. C.; Chaves, F. M.; Negri, R. G.; Massi, K. G.",Santos et al. (2024),2024,"Fires in Pantanal: The link to Agriculture, Conversions in Cerrado, and Hydrological Changes",Wetlands,10.1007/s13157-024-01832-5,https://doi.org/10.1007/s13157-024-01832-5,article,English,Pantanal genérico ou indefinido,""
Ambiental,schuchmann2024bird,"Schuchmann, K.-L.; Burs, K.; Deus, F.; Fieker, C. Z.; Tissiani, A. S.; Marques, M. I.",Schuchmann et al. (2024),2024,"Bird Community Traits in Recently Burned and Unburned Parts of the Northeastern Pantanal, Brazil: A Preliminary Approach",Sustainability,10.3390/su16062321,https://doi.org/10.3390/su16062321,article,English,Pantanal genérico ou indefinido,""
Ambiental,silva2024efeito,"Silva, R. H.; Pereira, A. M. M.; Rosa, M. O.; Arruda, A. G. S.; Scremin-Dias, E.; Dias, F. A.; Klabin, R. L. L.; Haberfeld, M.; Fabbri, L.; Nogueira, J. M.; Pott, A.; Arruda, R. S.; Damasceno‐Júnior, G. A.",Silva et al. (2024),2024,"Efeito do fogo sobre a estrutura e composição da comunidade vegetal em paleo-levees, Pantanal, Brasil",Biodiversidade Brasileira,10.37002/biodiversidadebrasileira.v14i4.2566,https://doi.org/10.37002/biodiversidadebrasileira.v14i4.2566,article,pt,Pantanal genérico ou indefinido,""
Ambiental,silva2024characteristics,"Silva, V. O.; Mello, C. R.; Chou, S. C.; Guo, L.; Viola, M. R.",Silva et al. (2024),2024,Characteristics of extreme meteorological droughts over the Brazilian Pantanal throughout the 21st century,Frontiers in Water,10.3389/frwa.2024.1385077,https://doi.org/10.3389/frwa.2024.1385077,article,English,Pantanal genérico ou indefinido,""
Ambiental,silva2024joining,"Silva, P. S.; Rodrigues, J. A.; Nogueira, J.; Moura, L. C.; Enout, A.; Cuiabália, C.",Silva et al. (2024),2024,"Joining forces to fight wildfires: Science and management in a protected area of Pantanal, Brazil",Environmental Science & Policy,10.1016/j.envsci.2024.103818,https://doi.org/10.1016/j.envsci.2024.103818,article,English,Cita município do recorte (MT),Barão de Melgaço
Ambiental,smaniotto2024when,"Smaniotto, N. P.; Moreira, L. F. B.; Semedo, T. B.; Carvalho, F.; Quintela, F. M.; Nunes, A. V.; Shimano, Y.",Smaniotto et al. (2024),2024,When Drought Matters: Changes Within and Outside Protected Areas from the Pantanal Ecoregion,Wetlands,10.1007/s13157-024-01800-z,https://doi.org/10.1007/s13157-024-01800-z,article,English,Pantanal genérico ou indefinido,""
Ambiental,souza2024pegada,"Souza, A. K. S.; Arruda, J. C.; Sander, N. L.; Nogueira, C. J. S.; Lázaro, W. L.; Miyazaki, S. S.; Kantek, D. L. Z.",Souza et al. (2024),2024,"Pegada do fogo no Pantanal: avaliação do impacto em áreas florestais no Sítio Ramsar, Estação Ecológica de Taiamã",Biodiversidade Brasileira,10.37002/biodiversidadebrasileira.v14i4.2553,https://doi.org/10.37002/biodiversidadebrasileira.v14i4.2553,article,pt,"Pantanal Norte (MT), sem município do recorte",""
Ambiental,stefan2024sampling,"Stefan, L. A. P.; Zanata, T. B.; Piacentini, V. Q.",Stefan et al. (2024),2024,Sampling Bias of Birds in the Pantanal Wetland: A Study Case with Records from Biological Collections,Wetlands,10.1007/s13157-024-01813-8,https://doi.org/10.1007/s13157-024-01813-8,article,English,Pantanal genérico ou indefinido,""
Ambiental,sa2024curious,"Sá, É. F. G. G.; Silva, T. A. A.; Cordeiro-Estrela, P.",Sá et al. (2024),2024,The curious case of small mammal community in a rice-Pantanal agroecosystem of Brazil: A tale of multiple diversity metrics,Ecological Indicators,10.1016/j.ecolind.2024.112028,https://doi.org/10.1016/j.ecolind.2024.112028,article,English,Pantanal genérico ou indefinido,""
Ambiental,teodoro2024soil,"Teodoro, P. E.; Rossi, F. S.; Teodoro, L. P. R.; Santana, D. C.; Ratke, R. F.; Oliveira, I. C.; Silva, J. L. D.; Oliveira, J. L. G.; Silva, N. P.; Baio, F. H. R.; Torres, F. E.; Silva Junior, C. A.",Teodoro et al. (2024),2024,"Soil CO2 emissions under different land-use managements in Mato Grosso do Sul, Brazil",Journal of Cleaner Production,10.1016/j.jclepro.2023.139983,https://doi.org/10.1016/j.jclepro.2023.139983,article,English,Pantanal Sul (MS),""
Ambiental,uliana2024validacao,"Uliana, E. M.; Sousa Junior, M. F.; Araujo, J. A.; Aires, U. R. V.; Silva, D. D.; Zanuzo, M. R.",Uliana et al. (2024),2024,"Validação e análise espaço-temporal de dados de precipitação obtidos por sensoriamento remoto CHIRPS para o estado de Mato Grosso, Brasil",Revista Brasileira de Climatologia,10.55761/abclima.v35i20.18858,https://doi.org/10.55761/abclima.v35i20.18858,article,"",Pantanal genérico ou indefinido,""
Ambiental,valenciazuleta2024fogo,"Valencia-Zuleta, A.; Richter, A.; Alvarenga, G. V.; Batista, F. R. Q.; Moreira, L. F. B.; Arbo-Meneses, B.",Valencia-Zuleta et al. (2024),2024,O fogo e a herpetofauna no Pantanal: observações durante e após os incêndios,Biodiversidade Brasileira,10.37002/biodiversidadebrasileira.v14i4.2556,https://doi.org/10.37002/biodiversidadebrasileira.v14i4.2556,article,"",Cita município do recorte (MT),Barão de Melgaço; Poconé
Ambiental,valente2024dynamics,"Valente, F.; Laurini, M.",Valente e Laurini (2024),2024,The Dynamics of Fire Activity in the Brazilian Pantanal: A Log-Gaussian Cox Process-Based Structural Decomposition,Fire,10.3390/fire7050170,https://doi.org/10.3390/fire7050170,article,English,Pantanal genérico ou indefinido,""
Ambiental,vidalriveros2024spatiotemporal,"Vidal-Riveros, C.; Currey, B.; McWethy, D. B.; Bieng, M. A. N.; Souza-Alonso, P.",Vidal-Riveros et al. (2024),2024,Spatiotemporal analysis of wildfires and their relationship with climate and land use in the Gran Chaco and Pantanal ecoregions,Science of the Total Environment,10.1016/j.scitotenv.2024.176823,https://doi.org/10.1016/j.scitotenv.2024.176823,article,English,Fora do Brasil,""
Ambiental,vidalriveros2024assessing,"Vidal-Riveros, C.; Reyes, W. J. W.; Bieng, M. A. N.; Souza-Alonso, P.",Vidal-Riveros et al. (2024),2024,Assessing Fire Regimes in the Paraguayan Chaco: Implications for Ecological and Fire Management,Fire,10.3390/fire7100347,https://doi.org/10.3390/fire7100347,article,English,Fora do Brasil,""
Ambiental,villarhernandez2024long,"Villar-Hernández, B. J.; Pérez-Rodríguez, P.; Souza, A.",Villar-Hernández et al. (2024),2024,Long temporal trend and seasonal variation analysis of forest fires in Brazilian biomes: A stochastic approach,Revista Mexicana de Ciencias Forestales,10.29298/rmcf.v15i84.1402,https://doi.org/10.29298/rmcf.v15i84.1402,article,English,Pantanal genérico ou indefinido,""
Ambiental,wantzen2024end,"Wantzen, K. M.; Assine, M. L.; Bortolotto, I. M.; Calheiros, D. F.; Campos, Z.; Catella, A. C.; Chiaravalotti, R. M.; Collischonn, W.; Couto, E. G.; Cunha, C. N.; Damasceno-Junior, G. A.; Silva, C. J.; Eberhard, A.; Ebert, A.; Figueiredo, D. M.; Friedlander, M.; Garcia, L. C.; Girard, P.; Hamilton, S. K.; Ikeda-Castrillon, S.; Libonati, R.; Lourival, R.; Macedo, H. A.; Marcato Junior, J.; Mateus, L.; Morato, R. G.; Mourão, G.; Muniz, C. C.; Nunes, A. V.; Oliveira, M. D.; Oliveria, M. R.; Oliveira Junior, E. S.; Padovani, C. R.; Penha, J.; Ribeiro, D. B.; Roque, F. O.; Silva, A.; Soriano, B. M. A.; Sousa Junior, W. C.; Tomas, W. M.; Tortato, F. R.; Urbanetz, C.",Wantzen et al. (2024),2024,"The end of an entire biome? World's largest wetland, the Pantanal, is menaced by the Hidrovia project which is uncertain to sustainably support large-scale navigation",Science of the Total Environment,10.1016/j.scitotenv.2023.167751,https://doi.org/10.1016/j.scitotenv.2023.167751,article,English,Pantanal Sul (MS),""
Ambiental,wantzen2024paraguay,"Wantzen, K. M.; Súarez, Y. R.; Solórzano, J. C.; Carvalho, F. R.; Mateus, L. A.; Haydar, M. F. M.; Girard, P.; Penha, J. M. F.",Wantzen et al. (2024),2024,Paraguay,Rivers of South America,10.1016/b978-0-12-823429-7.00006-9,https://doi.org/10.1016/b978-0-12-823429-7.00006-9,incollection,English,Fora do Brasil,""
Ambiental,xu2024disentangling,"Xu, D.; Bisht, G.; Tan, Z.; Liao, C.; Zhou, T.; Li, H.-Y.; Leung, L. R.",Xu et al. (2024),2024,Disentangling the hydrological and hydraulic controls on streamflow variability in Energy Exascale Earth System Model (E3SM) V2 - a case study in the Pantanal region,Geoscientific Model Development,10.5194/gmd-17-1197-2024,https://doi.org/10.5194/gmd-17-1197-2024,article,English,Pantanal genérico ou indefinido,""
Ambiental,bao2025fire,"Bao, F.",Bao (2025),2025,Fire and Wetlands: How Echinodorus Longiscapus Bounces Back Like It Never Left?,Wetlands,10.1007/s13157-025-01995-9,https://doi.org/10.1007/s13157-025-01995-9,article,English,Pantanal Sul (MS),""
Ambiental,barbosa2025flame,"Barbosa, M. L. F.; Kelley, D. I.; Burton, C. A.; Ferreira, I. J.; Veiga, R. M.; Bradley, A.; Molin, P. G.; Anderson, L. O.",Barbosa et al. (2025),2025,FLAME 1.0: a novel approach for modelling burned area in the Brazilian biomes using the maximum entropy concept,Geoscientific Model Development,10.5194/gmd-18-3533-2025,https://doi.org/10.5194/gmd-18-3533-2025,article,English,Pantanal genérico ou indefinido,""
Ambiental,barros2025wildfires,"Barros, A. E.",Barros (2025),2025,Wildfires and Drought Reshape Terrestrial Mammal Communities While Aquatic Prey Sustain Jaguars in Brazil's Northern Pantanal,Global Change Biology,10.1111/gcb.70589,https://doi.org/10.1111/gcb.70589,article,English,"Pantanal Norte (MT), sem município do recorte",""
Ambiental,barrosrosa2025ineffectiveness,"Barros-Rosa, L.; Peluso, L. M.; Lemes, P.; Johnson, M. S.; Dalmagro, H. J.; Cunha, C. N.",Barros-Rosa et al. (2025),2025,The ineffectiveness of current environmental and fire policies in the world’s largest wetland,Environmental Research Letters,10.1088/1748-9326/adb7f5,https://doi.org/10.1088/1748-9326/adb7f5,article,English,Pantanal genérico ou indefinido,""
Ambiental,batista2025risco,"Batista, E. K. L.; Botelho, M. T. A.; Ribeiro, R. L. A.; Sampaio, R.; Butti, M.; Lima, L. H. A.; Berlinck, C. N.",Batista et al. (2025),2025,Risco e resiliência: uma revisão dos atributos funcionais que influenciam a vulnerabilidade ao fogo em mamíferos do Pantanal,Biodiversidade Brasileira,10.37002/biodiversidadebrasileira.v14i4.2565,https://doi.org/10.37002/biodiversidadebrasileira.v14i4.2565,article,pt,Pantanal genérico ou indefinido,""
Ambiental,breunig2025sand,"Breunig, F. M.; Nascimento, E. R.; Sampaio, T. V. M.; Berra, E. F.; Frick, E. C. L.; Adami, M.; Galvão, L. S.; Trentin, R.; Gaida, W.; Santos, L. J. C.; Oliveira, J. G.",Breunig et al. (2025),2025,Sand fraction estimation in the topsoil of the Pantanal Biome: a preliminary approach using emissivity data,RA'E GA: o Espaço Geográfico em Análise,10.5380/raega.v63i2.99826,https://doi.org/10.5380/raega.v63i2.99826,article,English,Pantanal genérico ou indefinido,""
Ambiental,bueno2025climatic,"Bueno, M. L.; Rivaben, R. C.; Pott, A.; Damasceno, G. A.; Cardoso, L. O.; Vieira, E.; Ozório, J. M. B.; Pontara, V.",Bueno et al. (2025),2025,Climatic decoupling of tree floras under climate change in the central region of South America,Theoretical and Applied Climatology,10.1007/s00704-025-05869-2,https://doi.org/10.1007/s00704-025-05869-2,article,English,Pantanal genérico ou indefinido,""
Ambiental,caballero2025decadal,"Caballero, C. B.; Biggs, T. W.; Vergopolan, N.; Camelo, L. G. G.; Andrade, B. C.; Laipelt, L.; Ruhoff, A. L.",Caballero et al. (2025),2025,"Decadal hydroclimatic changes in the Pantanal, the world’s largest tropical wetland",Scientific Reports,10.1038/s41598-025-01980-6,https://doi.org/10.1038/s41598-025-01980-6,article,English,Pantanal genérico ou indefinido,""
Ambiental,campos2025pesticides,"Campos, P. A. S.; Bruno, D. C. B.; Brugnera, M. F.; Dores, E. F. G. C.",Campos et al. (2025),2025,"Pesticides in surface and groundwater in three micro-basins of the São Lourenço River, state of Mato Grosso, Brazil: grab and passive sampling",International Journal of Environmental Analytical Chemistry,10.1080/03067319.2024.2382944,https://doi.org/10.1080/03067319.2024.2382944,article,English,"Pantanal Norte (MT), sem município do recorte",""
Ambiental,carvalho2025brazil,"Carvalho, R. B.; Menor, I. O.; Schmidt, I. B.; Berlinck, C. N.; Genes, L.; Dirzo, R.",Carvalho et al. (2025),2025,Brazil on fire: Igniting awareness of the 2024 wildfire crisis,Journal of Environmental Management,10.1016/j.jenvman.2025.126190,https://doi.org/10.1016/j.jenvman.2025.126190,article,English,Pantanal genérico ou indefinido,""
Ambiental,chiaravalloti2025achieving,"Chiaravalloti, R. M.; Tomas, W. M.; Akre, T.; Morato, R. G.; Camilo, A. R.; Giordano, A. J.; Leimgruber, P.",Chiaravalloti et al. (2025),2025,Achieving conservation through cattle ranching: The case of the Brazilian Pantanal,Conservation Science and Practice,10.1111/csp2.13006,https://doi.org/10.1111/csp2.13006,article,English,Pantanal genérico ou indefinido,""
Ambiental,christo2025agricultural,"Christo, B. F.; Okawati, G. A. A.; Vasconcellos, D. M.; Rosas, J. T. F.; Araujo, M. A.; Dourado-Neto, D.; Nóia-Júnior, R. S.",Christo et al. (2025),2025,Agricultural sustainability index in Brazil,Environmental Challenges,10.1016/j.envc.2025.101133,https://doi.org/10.1016/j.envc.2025.101133,article,English,Pantanal genérico ou indefinido,""
Ambiental,coelho2025trends,"Coelho, M. E. M. S.; Chaves, H. M. L.; Fonseca, M. R.",Coelho et al. (2025),2025,"Trends, Patterns, and Persistence of Rainfall, Streamflow, and Flooded Area in the Upper Paraguay Basin (Brazil)",Water (Switzerland),10.3390/w17101549,https://doi.org/10.3390/w17101549,article,English,Pantanal de MT e MS,""
Ambiental,costa2025real,"Costa, D. C.; Batista, L. V.; Silva, R. M.; Santos, C. A. G.",Costa et al. (2025),2025,"Real-Time Active Fire Detection in the Pantanal Biome, Brazil, Using Convolutional Neural Networks",Fire Technology,10.1007/s10694-025-01722-0,https://doi.org/10.1007/s10694-025-01722-0,article,English,Pantanal genérico ou indefinido,""
Ambiental,couto2025exploratory,"Couto, F. T.; Santos, F. L. M.; Campos, C.; Purificação, C.; Andrade, N.; López-Vega, J. M.; Lacroix, M.",Couto et al. (2025),2025,Exploratory analysis of atmospheric modelling use over Pantanal wildfires,RA'E GA: o Espaço Geográfico em Análise,10.5380/raega.v63i2.99952,https://doi.org/10.5380/raega.v63i2.99952,article,English,Pantanal genérico ou indefinido,""
Ambiental,dainezi2025how,"Dainezi, D. I. S.; Ribeiro, D. B.",Dainezi e Ribeiro (2025),2025,"How do birds use fire? Differences in the interactions of hawks, vultures, and other species with wildfires",Emu,10.1080/01584197.2025.2508952,https://doi.org/10.1080/01584197.2025.2508952,article,English,Pantanal genérico ou indefinido,""
Ambiental,delgado2025beta,"Delgado, T. A.; Moraes, L. S. C.; Mantovano, T.; Jati, S.; Lansac-Tôha, F. M.; Bonecker, C. C.; Lansac-Tôha, F. A.",Delgado et al. (2025),2025,"Beta taxonomic and functional diversity of Rotifera in four large Neotropical floodplains, Brazil",Hydrobiologia,10.1007/s10750-025-05896-0,https://doi.org/10.1007/s10750-025-05896-0,article,English,Pantanal genérico ou indefinido,""
Ambiental,dias2025typologies,"Dias, F. R. T.; Urbanetz, C.; Andrade, P. R.",Dias et al. (2025),2025,Typologies for ecosystem accounting for the Brazilian Pantanal,Wetlands Ecology and Management,10.1007/s11273-025-10068-x,https://doi.org/10.1007/s11273-025-10068-x,article,English,Fora do Brasil,""
Ambiental,eriksson2025wildfire,"Eriksson, C. E.; Kantek, D. L. Z.; Miyazaki, S. S.; Barry, B. R.; Muniz, C. C.; Campos, D. V. S.",Eriksson et al. (2025),2025,Wildfire and Drought Alter the Ecology of Jaguars and Co‐Occurring Mammals in the World's Largest Wetland,Global Change Biology,10.1111/gcb.70344,https://doi.org/10.1111/gcb.70344,article,English,"Pantanal Norte (MT), sem município do recorte",""
Ambiental,ernst2025historical,"Ernst, J.; Stojanovic, M.; Sorí, R.",Ernst et al. (2025),2025,Historical and Future Drought Intensification in the Pantanal Wetland: Evidence from Multi-Source Weather Data and CMIP6 Multi-Model Projections,Environments - MDPI,10.3390/environments12110413,https://doi.org/10.3390/environments12110413,article,English,Pantanal genérico ou indefinido,""
Ambiental,fairbrass2025indicator,"Fairbrass, A. J.; Moretti, V.; Quaresma, E.; Ribeiro, C.; Roque, F. O.; Oller, C.; Tomei, J.",Fairbrass et al. (2025),2025,Indicator-based natural capital reporting to inform decision-making in the Brazilian Pantanal,Conservation Science and Practice,10.1111/csp2.13115,https://doi.org/10.1111/csp2.13115,article,English,Pantanal genérico ou indefinido,""
Ambiental,farias2025prioritizing,"Farias, I. J.; Pontara, V.; Rezende, V. L.; Meira-Neto, J. A. A.; Bueno, M. L.",Farias et al. (2025),2025,Prioritizing tree species conservation in a megadiverse South American region: integrating taxonomic and phylogenetic metrics,Biodiversity and Conservation,10.1007/s10531-025-03137-3,https://doi.org/10.1007/s10531-025-03137-3,article,English,Pantanal genérico ou indefinido,""
Ambiental,feliciosantos2025predictive,"Felicio-Santos, R.; Loverde-Oliveira, S. M.; Lázaro, W. L.; Nunes, P. F. S. L.; Silva, C. J.",Felicio-Santos et al. (2025),2025,"Predictive capacity of phytoplankton functional groups in a tropical wetland (Pantanal, Brazil)",Acta Limnologica Brasiliensia,10.1590/s2179-975x7024,https://doi.org/10.1590/s2179-975x7024,article,English,Pantanal genérico ou indefinido,""
Ambiental,ferreira2025integrated,"Ferreira, J. C.; Dias, A. P.; Gambati, J. F.",Ferreira et al. (2025),2025,"Integrated Application of TGI and NDMI for Identifying Chemical Deforestation in the Pantanal, Brazil",RA'E GA: o Espaço Geográfico em Análise,10.5380/raega.v63i2.99972,https://doi.org/10.5380/raega.v63i2.99972,article,Portuguese,Cita município do recorte (MT),Barão de Melgaço
Ambiental,foerster2025pervasive,"Foerster, N.; Soresini, G.; Leuchtenberger, C.; Bócoli, D. A.; Paiva, J. B.; Brait, C. H. H.",Foerster et al. (2025),2025,Pervasive mercury contamination of a semi-aquatic apex predator across the Pantanal wetland,Environmental Conservation,10.1017/s0376892925100155,https://doi.org/10.1017/s0376892925100155,article,English,Pantanal genérico ou indefinido,""
Ambiental,franco2025pantanal,"Franco, J. L. A.",Franco (2025),2025,The Pantanal Biome and the History of Science and Conservation of the Jaguar (Panthera onca),Historia Ambiental Latinoamericana y Caribena,10.32991/2237-2717.2025v15i3.p288-313,https://doi.org/10.32991/2237-2717.2025v15i3.p288-313,article,Portuguese,"Pantanal Norte (MT), sem município do recorte",""
Ambiental,galvanin2025evaluating,"Galvanin, E. A. S.; Caldas, M. M.",Galvanin e Caldas (2025),2025,Evaluating Public Policies in Fire-affected Conservation Priority Areas of the Brazilian Pantanal,Environmental Management,10.1007/s00267-025-02253-8,https://doi.org/10.1007/s00267-025-02253-8,article,English,Pantanal genérico ou indefinido,""
Ambiental,girard2025expansion,"Girard, P.; Roque, F. O.; Sousa, W. C.; Hamilton, S. K.",Girard et al. (2025),2025,Expansion of fluvial transport of commodities through the Pantanal floodplains of Brazil: Potential impacts and interference by climate change,Conservation Science and Practice,10.1111/csp2.13126,https://doi.org/10.1111/csp2.13126,article,English,Pantanal genérico ou indefinido,""
Ambiental,godinho2025increase,"Godinho, J. P. M.; Taniwaki, R. H.; Costa-Silva, A. R.; Montes, C. R.; Melfi, A. J.; Carmo, J. B.",Godinho et al. (2025),2025,Increase in CH4 Emissions in a Pantanal Wetland Lagoon Due to Extreme Drought and Sediment Exposure,International Review of Hydrobiology,10.1002/iroh.70021,https://doi.org/10.1002/iroh.70021,article,English,Pantanal genérico ou indefinido,""
Ambiental,godoy2025bacteriome,"Godoy, F. M. R.; Paggi, G. M.; Lorenz, A. P.; Ramos, J. V.; Franco, D. G.; Calarge, F. M. L.; Garcia, N. F. L.; Urquiza, M. V. S.; Schiavo, J. A.; Almeida, N. F.; Brasil, M. S.",Godoy et al. (2025),2025,Bacteriome Diversity of Soil Islands Associated With Bromeliads From Ironstone Outcrops in the Brazilian Pantanal,International Journal of Microbiology,10.1155/ijm/6374781,https://doi.org/10.1155/ijm/6374781,article,English,Pantanal genérico ou indefinido,""
Ambiental,goncalves2025impacts,"Gonçalves, T. F.; Ferreira, K. R.; Vaz‐de‐Mello, F. Z.; Aoki, C.; Guedes, N. M. R.; Oliveira, A. K. M.",Gonçalves et al. (2025),2025,Impacts of Traditional and New Land Uses on Dung Beetle Assemblages in the Brazilian Pantanal,Austral Ecology,10.1111/aec.70081,https://doi.org/10.1111/aec.70081,article,English,Pantanal Sul (MS),""
Ambiental,goncalves2025fire,"Gonçalves, R. R. V.; Carneiro, J. V. G.; Lorenzi, F.",Gonçalves et al. (2025),2025,Fire Hot Spot Characterization and Detection in the Pantanal using satellite images,RA'E GA: o Espaço Geográfico em Análise,10.5380/raega.v63i2.99552,https://doi.org/10.5380/raega.v63i2.99552,article,English,Pantanal genérico ou indefinido,""
Ambiental,goncalves2025how,"Gonçalves, T. F.; Salomão, R. P.; Ferreira, K. R.; Oliveira, A. K. M.; Correa, C. M. A.",Gonçalves et al. (2025),2025,How Do Morphological Traits and Abundance Reflect the Effects of Land Use Change in a Seasonal Floodable Savannah? A Dung Beetle Case in the Brazilian Pantanal,Entomologia Experimentalis et Applicata,10.1111/eea.70023,https://doi.org/10.1111/eea.70023,article,English,Pantanal genérico ou indefinido,""
Ambiental,gorza2025pathologic,"Gorza, L. L.; Oliveira, E. C.; Marcelino, S. A. C.; Nóbrega, Y. C.; Pinto, H. A.; Tavares, G. C.; Carvalho, M. P. N.; Santos, M. R. D.; Coutinho, M. E.; Ossiboff, R. J.; Pierezan, F.",Gorza et al. (2025),2025,Pathologic and Parasitologic Findings of Free-Ranging Yacare Caiman (Caiman yacare) in the Brazilian Pantanal,Journal of Wildlife Diseases,10.7589/jwd-d-24-00102,https://doi.org/10.7589/jwd-d-24-00102,article,English,Pantanal genérico ou indefinido,""
Ambiental,guerra2025land,"Guerra, A.; Resende, F.; Bergier, I.; Fairbrass, A.; Bernardino, C.; Centurião, D. A. S.",Guerra et al. (2025),2025,Land use and regulating ecosystem services scenarios for the Brazilian Pantanal and its surroundings under different storylines of future regional development,Conservation Science and Practice,10.1111/csp2.70012,https://doi.org/10.1111/csp2.70012,article,English,Pantanal Sul (MS),""
Ambiental,imbana2025exploring,"Imbaná, R.; Valente, F. D. A.; Alves, M. Q.; Moreira, S. L. S.; Oliveira, F. Z.; Anunciação, A. A.; Silva, R. R.; Coelho, F. T. A.; Assis, I. R.",Imbaná et al. (2025),2025,Exploring the annual seasonal impacts on the ecological restoration of post-mining sites,Ecological Engineering,10.1016/j.ecoleng.2025.107708,https://doi.org/10.1016/j.ecoleng.2025.107708,article,English,Pantanal genérico ou indefinido,""
Ambiental,justino2025monitoring,"Justino, S. T. P.; Silva, R. B.; Guerrini, I. A.; Silva, R. B. G.; Simões, D.",Justino et al. (2025),2025,Monitoring Environmental Degradation and Spatial Changes in Vegetation and Water Resources in the Brazilian Pantanal,Sustainability (Switzerland),10.3390/su17010051,https://doi.org/10.3390/su17010051,article,English,Pantanal genérico ou indefinido,""
Ambiental,kelley2025state,"Kelley, D. I.; Burton, C.; Giuseppe, F. D.; Jones, M. W.; Barbosa, M. L.; Brambleby, E.; McNorton, J. R.; Liu, Z.; Bradley, A. S.; Blackford, K.; Burke, E.; Ciavarella, A.; Tomaso, E. D.; Eden, J.; Ferreira, I. J. M.; Fiedler, L.; Hartley, A. J.; Keeping, T. R.; Lampe, S.; Lombardi, A.; Mataveli, G.; Qu, Y.; Silva, P. S.; Spuler, F. R.; Steinmann, C. B.; Torres-Vázquez, M. Á.; Veiga, R.; Wees, D.; Wessel, J. B.; Wright, E.; Bilbao, B.; Bourbonnais, M.; Gao, C.; Bella, C. M. D.; Dintwe, K.; Donovan, V. M.; Harris, S.; Kukavskaya, E. A.; N’Dri, A. B.; Santín, C.; Selaya, G.; Sjöström, J.; Abatzoglou, J. T.; Andela, N.; Carmenta, R.; Chuvieco, E.; Giglio, L.; Hamilton, D. S.; Hantson, S.; Meier, S.; Parrington, M.; Sadegh, M.; San-Miguel-Ayanz, J.; Sedano, F.; Turco, M.; Werf, G. R.; Veraverbeke, S.; Anderson, L. O.; Clarke, H.; Fernandes, P. M.; Kolden, C. A.",Kelley et al. (2025),2025,State of Wildfires 2024–2025,Earth System Science Data,10.5194/essd-17-5377-2025,https://doi.org/10.5194/essd-17-5377-2025,article,English,Fora do Brasil,""
Ambiental,leite2025spatial,"Leite, E. F.; Carvalho, E. M.; Farias, F. R.; Costa, E. S.; Moraes, A. V.; Ruiz, C. S. D.; Gomes, I. M.",Leite et al. (2025),2025,Spatial and temporal dynamics of land use and fire hotspots in the Municipality of Miranda-MS,RA'E GA: o Espaço Geográfico em Análise,10.5380/raega.v63i2.99526,https://doi.org/10.5380/raega.v63i2.99526,article,English,Pantanal Sul (MS),""
Ambiental,lima2025integrated,"Lima, N. A.; Viana, L. F.; Crispim, B. A.; Silva, C. D.; França, R. S. S. S. R.; Santana, A. B.; Rhoden, S. L.; Cardoso, C. A. L.; Barufatti, A.",Lima et al. (2025),2025,"Integrated approach to assess water quality and risk assessment for aquatic biota in Baía Negra, Pantanal, Brazil",Revista Ambiente e Agua,10.4136/ambi-agua.3065,https://doi.org/10.4136/ambi-agua.3065,article,English,Pantanal Sul (MS),""
Ambiental,lievanolatorre2025addressing,"Liévano-Latorre, L. F.; Almeida-Rocha, J. M.; Akama, A.; Almeida, H. A.; Andrade, R. T. G.; Anjos, M. R.",Liévano-Latorre et al. (2025),2025,Addressing the urgent climate and biodiversity crisis through strategic ecosystem restoration in Brazil,Biological Conservation,10.1016/j.biocon.2025.110972,https://doi.org/10.1016/j.biocon.2025.110972,article,English,Pantanal genérico ou indefinido,""
Ambiental,lourival2025ten,"Lourival, R. F. F.; Roque, F. O.; Bolzan, F. P.; Guerra, A.; Nunes, A. P.; Lacerda, A. C. R.",Lourival et al. (2025),2025,Ten relevant questions for applying biodiversity offsetting in the Pantanal wetland,Conservation Science and Practice,10.1111/csp2.13274,https://doi.org/10.1111/csp2.13274,article,English,Pantanal Sul (MS),""
Ambiental,malecha2025climate,"Malecha, A.; Manes, S.; Vale, M. M.",Malecha et al. (2025),2025,"Climate change and biodiversity in Brazil: What we know, what we don't, and Paris Agreement's risk reduction potential",Perspectives in Ecology and Conservation,10.1016/j.pecon.2025.03.004,https://doi.org/10.1016/j.pecon.2025.03.004,article,English,Pantanal genérico ou indefinido,""
Ambiental,martinezgonzalez2025climate,"Martínez-González, C.; Mateus, L.; Sobral-Souza, T.; Súarez, Y. R.; Penha, J.",Martínez-González et al. (2025),2025,Climate change may increase the suitable habitats for invasive freshwater cichlids in a Neotropical basin,Scientific Reports,10.1038/s41598-025-30425-3,https://doi.org/10.1038/s41598-025-30425-3,article,English,Pantanal de MT e MS,""
Ambiental,medellin2025from,"Medellín, R. A.; Schmitt, N. T.; Cassaigne, I.; Torre, J. A. L.; Ghoddousi, S.; Lara, A.; Mellado, A.",Medellín et al. (2025),2025,"From deserts to wetlands, from harvest to observation: Ecotourism for conservation of Bighorn Sheep and Jaguars","Human-Animal Relations in Tourism, Leisure and Development: Perspectives from Latin America",10.1079/9781800626829.0012,https://doi.org/10.1079/9781800626829.0012,incollection,English,Pantanal genérico ou indefinido,""
Ambiental,moreira2025sendo,"Moreira, L. F. B.; Shimano, Y.; Smaniotto, N. P.; Fernández-Arellano, G.; Silva, F. H. B.; Peluso, L. M.; Catarino, M. F.; Santos, R. C. L.; Lopes, K. H. S.; Semedo, T. B. F.; Vicente, R. E.",Moreira et al. (2025),2025,Sendo cauteloso com as barragens hidrelétricas no Pantanal,Biodiversidade Brasileira,10.37002/biodiversidadebrasileira.v15i1.2679,https://doi.org/10.37002/biodiversidadebrasileira.v15i1.2679,article,pt,Pantanal genérico ou indefinido,""
Ambiental,morello2025smallholders,"Morello, T. F. R. S.; Heck, C.; Milani, J. E. F.; Cassiano, C. C.",Morello et al. (2025),2025,Smallholders’ Perceptions of Environmental Services and of Agri-Environmental Schemes in Mid-Western Brazil,Human Ecology,10.1007/s10745-025-00601-0,https://doi.org/10.1007/s10745-025-00601-0,article,English,Pantanal genérico ou indefinido,""
Ambiental,moura2025mycorrhizal,"Moura, J. B.; Vieira Junior, W. G.; Lopes Filho, L. C.; Souza, R. F.; Lucas, L. S.; Ramos, M. L. G.",Moura et al. (2025),2025,Mycorrhizal fungi in Brazilian tropical biomes,Management of Mycorrhizal Symbiosis for Mycoremediation and Phytostabilization,10.1016/b978-0-443-24863-4.00013-3,https://doi.org/10.1016/b978-0-443-24863-4.00013-3,incollection,English,Fora do Brasil,""
Ambiental,nassarden2025influence,"Nassarden, D. C. S.; Duarte, L. G.; Raymundo, K. S. R.; Curado, L. F. A.; Marques, J. B.; Palácios, R. S.",Nassarden et al. (2025),2025,Influence of carbonaceous emissions from forest fires on radiative forcing in the Brazilian Pantanal,Nativa,10.31413/nat.v13i1.18839,https://doi.org/10.31413/nat.v13i1.18839,article,Portuguese,"Pantanal Norte (MT), sem município do recorte",""
Ambiental,neves2025climate,"Neves, M. O.; Broennimann, O.; Mod, H. K.; Bolochio, B. E.; Santana, D. J.; Guisan, A.",Neves et al. (2025),2025,Climate change threatens amphibians and species representation within protected areas in tropical wetlands,Journal of Applied Ecology,10.1111/1365-2664.14846,https://doi.org/10.1111/1365-2664.14846,article,English,Pantanal genérico ou indefinido,""
Ambiental,nunes2025diagnostico,"Nunes, G. M.; Cunha, C. N.; Silva, N.",Nunes et al. (2025),2025,Diagnóstico do impacto de incêndios em macro habitat na RPPN Sesc Pantanal sobre o ponto de vista de dados multiespectrais obtidos por RPAS/drone,Biodiversidade Brasileira,10.37002/biodiversidadebrasileira.v14i4.2570,https://doi.org/10.37002/biodiversidadebrasileira.v14i4.2570,article,pt,Pantanal genérico ou indefinido,""
Ambiental,nunes2025land,"Nunes, N. C.; Machado, N. G.; Barros-Rosa, L.; Santos, L. O. F.; Fernandes, F. A. C.; Biudes, M. S.",Nunes et al. (2025),2025,"Land use change and water loss in the Upper Paraguay River Basin: Trends, future scenarios, and implications for the Pantanal",Journal of Environmental Management,10.1016/j.jenvman.2025.127666,https://doi.org/10.1016/j.jenvman.2025.127666,article,English,Pantanal genérico ou indefinido,""
Ambiental,nunes2025spectral,"Nunes, G. M.; Cunha, C. N.; Silva, N.",Nunes et al. (2025),2025,Spectral-Temporal Analysis Of Wetland Fires In The Pantanal-Brazil Supported By UAV Multispectral Imagery,Cuadernos de Investigación Geográfica,10.18172/cig.6801,https://doi.org/10.18172/cig.6801,article,English,"Pantanal Norte (MT), sem município do recorte",""
Ambiental,oliveira2025designing,"Oliveira, M. R.; Pereira, A. M. M.; Bao, F.; Ferreira, B. H. S.; Fernando, A. E.; Roque, F. O.; Pott, A.; Damasceno-Junior, G. A.; Neves, D. R. M.",Oliveira et al. (2025),2025,Designing Burn Windows for Integrated Fire Management in Wetlands: Why Should Flooding Not Be Overlooked?,Wetlands,10.1007/s13157-025-01919-7,https://doi.org/10.1007/s13157-025-01919-7,article,English,"Pantanal Norte (MT), sem município do recorte",""
Ambiental,oliveira2025communities,"Oliveira, M. E. B.; Schuchmann, K.-L.; Mateus, L. A. F.; Marques, M. I.",Oliveira et al. (2025),2025,"Communities of Nitidulidae (Insecta: Coleoptera) in the canopies of monodominant and nonmonodominant physiognomies, during the dry and wet periods in the Pantanal of Poconé, Mato Grosso, Brazil",Studies on Neotropical Fauna and Environment,10.1080/01650521.2025.2535677,https://doi.org/10.1080/01650521.2025.2535677,article,English,Cita município do recorte (MT),Poconé
Ambiental,oliveira2025mapping,"Oliveira, M. R.; Fernando, A. M. E.; Camilo, A. R.; Pereira, G. M. F.; Silva, T. L.; Tomas, W. M.",Oliveira et al. (2025),2025,"Mapping ecological corridors in the Upper Paraguay River Basin, Brazil: Applications for sustainability, public policy and decision-making",Conservation Science and Practice,10.1111/csp2.13267,https://doi.org/10.1111/csp2.13267,article,English,Fora do Brasil,""
Ambiental,oliveira2025analysis,"Oliveira, M. B.; Oliveira, L. F. B.; Bonvicino, C. R.",Oliveira et al. (2025),2025,Analysis of functional and phylogenetic diversity of bat communities: insights from resource use in the Pantanal and Cerrado,Revista Chilena de Historia Natural,10.1186/s40693-025-00137-z,https://doi.org/10.1186/s40693-025-00137-z,article,English,Pantanal genérico ou indefinido,""
Ambiental,pereira2025catastrophic,"Pereira, A. M. M.; Damasceno-Junior, G. A.; Libonati, R.; Anderson, L. O.; Souza, A. H. A.; Ferreira, B. H. S.; Nunes, A. V.; Siqueira, A. L.; Guerra, A.; Rabelo, A. C. P.; Desbiez, A. L.; Falcette, A. H. L.; Garcia, Á. S.; Kellermann, B.; Oliveira, B. G.; Jenkins, B.; Peres, C. A.; Berlinck, C. N.; Ribeiro, D. B.; Scremin-Dias, E.; Medici, E. P.; Bolzan, F.; Dias, F. A.; Bao, F.; Massocato, G. F.; Fernandes, G. W.; Schlosser, J.; Quintero, J. M. O.; Marcato Junior, J.; Fernandes, J. F. A.; Boock, J. C.; Garcia, L. C.; Congro, L. R.; Yule, T. S.; Gomes, L.; Leite, L.; Oliveira, M. R.; Gajardo, O. B.; Nicola, R. D.; Chiaravalloti, R. M.; Lourival, R. F. F.; Roscoe, R.; Marçal, R. C.; Villalobos, R.; Lousada, R.; Silva, R. H.; Toma, T. S. P.; Yule, M. F.; Goulart, F. F.; Roque, F. O.",Pereira et al. (2025),2025,Catastrophic wildfires in the Pantanal wetlands as catalysts for transformative change,Environmental Science and Policy,10.1016/j.envsci.2025.104273,https://doi.org/10.1016/j.envsci.2025.104273,article,English,Pantanal genérico ou indefinido,""
Ambiental,pereira2025evaluating,"Pereira, M. E. D.; Andrade, K. V.; Dutra, S. B.; Pereira, G.; Pires, L. B. M.",Pereira et al. (2025),2025,Evaluating 2024 Brazilian wildfires using the ST-DBSCAN clustering approach,Proceedings of the Brazilian Symposium on GeoInformatics,"","",inproceedings,English,Pantanal genérico ou indefinido,""
Ambiental,pompeu2025cross,"Pompeu, J.",Pompeu (2025),2025,Cross-Boundary Drivers of Water Cover Reduction in the Pantanal Wetland and Implications for its Conservation,Wetlands,10.1007/s13157-025-01916-w,https://doi.org/10.1007/s13157-025-01916-w,article,English,Pantanal genérico ou indefinido,""
Ambiental,ramos2025flood,"Ramos, M. D.; Merino, E. R.; Montes, C. R.; Gastmans, D.; Melfi, A. J.",Ramos et al. (2025),2025,Flood frequency characterization of the Nhecolândia region (Pantanal) based on high spatial and temporal resolution PlanetScope satellite images,Progress in Physical Geography,10.1177/03091333251378968,https://doi.org/10.1177/03091333251378968,article,English,Pantanal Sul (MS),""
Ambiental,rasbold2025hydroclimate,"Rasbold, G. G.; Louzada, R.; Bergier, I.; Domingos-Luz, L.; Lo, E. L.; Silva, A.; Gradella, F.; Stevaux, J. C.; Leli, I. T.; Kuerten, S.; McGlue, M. M.",Rasbold et al. (2025),2025,Hydroclimate change affects tropical lake ecosystems on floodplains in the Pantanal,Inland Waters,10.1080/20442041.2025.2491903,https://doi.org/10.1080/20442041.2025.2491903,article,English,Cita município do recorte (MT),Cáceres
Ambiental,revollo2025wetland,"Revollo, N. V.; Galvanin, E. A. S.; Berger, C. E.; Gil, V.; Neves, S. M. A. S.",Revollo et al. (2025),2025,Wetland Classification Using Machine Learning Models in the Brazilian Pantanal,RA'E GA: o Espaço Geográfico em Análise,10.5380/raega.v63i2.99547,https://doi.org/10.5380/raega.v63i2.99547,article,English,Fora do Brasil,""
Ambiental,ribeiro2025assessing,"Ribeiro, U. M.; Silva, M. H. S.; Corgne, S.; Arvor, D.",Ribeiro et al. (2025),2025,"Assessing the Dynamics of Woody Vegetation in the Abobral region, southern Pantanal wetland (Brazil): Contributions of Functional Indices Derived from Satellite Image Time Series",RA'E GA: o Espaço Geográfico em Análise,10.5380/raega.v63i2.99925,https://doi.org/10.5380/raega.v63i2.99925,article,English,Pantanal Sul (MS),""
Ambiental,ribeiro2025monitoring,"Ribeiro, U. M.; Corgne, S.; Grippa, M.; Girard, F.; Wongchuig, S.; Silva, C. J.; Bacani, V. M.; Silva, M. H. S.; Gradella, F.; Arvor, D.",Ribeiro et al. (2025),2025,Monitoring water surface elevation dynamics in the Brazilian Pantanal wetland using radar altimetry,Remote Sensing Applications: Society and Environment,10.1016/j.rsase.2025.101805,https://doi.org/10.1016/j.rsase.2025.101805,article,English,Pantanal Sul (MS),""
Ambiental,roquette2025pseudo,"Roquette, J. G.; Vacchiano, M. C.; Daher, F. R. G.; Finger, Z.",Roquette et al. (2025),2025,"Pseudo-legal deforestation due to changes in the classification of native vegetation in Mato Grosso, Brazil",Environmental Conservation,10.1017/s037689292510012x,https://doi.org/10.1017/s037689292510012x,article,English,Pantanal genérico ou indefinido,""
Ambiental,rosenfield2025mapping,"Rosenfield, M. F.; Jardim, L.; Antongiovanni, M.; Querido, L. C. A.; Ribeiro, A. A.; Sánchez-Tapia, A.; Silveira, P.; Terribile, L. C.; Venticinque, E. M.; Albernaz, A. L.; Garcia, L. C.; Tambosi, L. R.; Adami, M.; Becker, F. G.; Benchimol, M.; Carvalheiro, L. G.; Cornelius, C.; Damasceno-Junior, G. A.; Dobrovolski, R.; Ferreira, M. E.; Fonseca, C. R.; Fronza, J. G.; Fushita, A. T.; Garda, A. A.; Hasenack, H.; Lemes, P.; Libonati, R.; Lugarini, C.; Marques, M. C. M.; Melo, F.; Morais, A. R.; Müller, S. C.; Neri, A. V.; Portela, R. C. Q.; Ramos Neto, M. B.; Rezende, C. L.; Roque, F. O.; Sobral-Souza, T.; Vale, M. M.; Vasques, G. M.; Vélez-Martin, E.; Vieira, I.; Werneck, F. P.; Garcia, E.",Rosenfield et al. (2025),2025,Mapping Resilient Landscapes to Climate Change in a Megadiverse Country,Global Change Biology,10.1111/gcb.70544,https://doi.org/10.1111/gcb.70544,article,English,Pantanal genérico ou indefinido,""
Ambiental,rozante2025long,"Rozante, J. R.; Rozante, G.; Cavalcanti, I. F. A.",Rozante et al. (2025),2025,"Long-Term Temperature and Precipitation Trends Across South America, Urban Centers, and Brazilian Biomes",Atmosphere,10.3390/atmos16121332,https://doi.org/10.3390/atmos16121332,article,English,Pantanal genérico ou indefinido,""
Ambiental,ruckert2025breve,"Rückert, F. Q.",Rückert (2025),2025,Uma breve história das relações entre o ser humano e a onça pintada no bioma Pantanal,História em Revista,10.15210/hr.v30i1.26949,https://doi.org/10.15210/hr.v30i1.26949,article,"",Pantanal genérico ou indefinido,""
Ambiental,sales2025mapping,"Sales, L.; Beltrão, D.; Lappicy, T.; Jesus, L.; Almeida, T.; Cicerelli, R.",Sales et al. (2025),2025,Mapping of wetlands in the Pantanal with SWOT,"2025 Latin American GRSS and ISPRS Remote Sensing Conference, LAGIRS 2025 - Proceedings",10.1109/lagirs68367.2025.11414789,https://doi.org/10.1109/lagirs68367.2025.11414789,inproceedings,English,Pantanal genérico ou indefinido,""
Ambiental,schneider2025rainfall,"Schneider, H.; Silva, C. A.",Schneider e Silva (2025),2025,Rainfall Variability and identification of Standard Years in Mato Grosso do Sul from 1986 to 2020,Revista Brasileira de Geografia Fisica,10.26848/rbgf.v18.07.p4888-4912,https://doi.org/10.26848/rbgf.v18.07.p4888-4912,article,Portuguese,Pantanal Sul (MS),""
Ambiental,shimizu2025feicoes,"Shimizu, K. M. S.; Andrade, L. N. P. S.; Silva, G. V. L.; Vieira, E. S.; Silva5, A. A. S.; Soares, J. C. O.",Shimizu et al. (2025),2025,"Feições deposicionais no médio curso do rio Jauru, Pantanal Mato-grossense",Revista Brasileira de Geografia Física,10.26848/rbgf.v18.3.p2121-2140,https://doi.org/10.26848/rbgf.v18.3.p2121-2140,article,Portuguese,Cita município do recorte (MT),Cáceres
Ambiental,silva2025from,"Silva, R. S. B.; Paula, J. S. B. C.; Butakka, C. M. M.; Lázaro, W. L.; Oliveira Junior, E. S.",Silva et al. (2025),2025,From urban areas to conservation unities: assessing microplastic pollution across the Pantanal,Revista Ambiente e Agua,10.4136/ambi-agua.3042,https://doi.org/10.4136/ambi-agua.3042,article,English,Pantanal genérico ou indefinido,""
Ambiental,silva2025large,"Silva, E. R. S.; Silva, A.; Macedo, H. A.; Kuerten, S.; Domingos-Luz, L.",Silva et al. (2025),2025,Large-Scale Segmentation of the Paraguay River Based on Morphological and Hydro-Sedimentary Criteria,Revista Brasileira de Geomorfologia,10.20502/rbg.v26i4.2679,https://doi.org/10.20502/rbg.v26i4.2679,article,English,Pantanal Sul (MS),""
Ambiental,siqueira2025finer,"Siqueira, R. G.; Moquedace, C. M.; Silva, L. V.; Oliveira, M. S.; Cruz, G. B.; Francelino, M. R.",Siqueira et al. (2025),2025,"Do finer-resolution sensors better discriminate burnt areas? A case study with MODIS, Landsat-8 and Sentinel-2 spectral indices for the Pantanal 2020 wildfire detection",International Journal of Remote Sensing,10.1080/01431161.2025.2496000,https://doi.org/10.1080/01431161.2025.2496000,article,English,Pantanal genérico ou indefinido,""
Ambiental,soranco2025wildfire,"Soranço, L. C.; Silva, C. J.; Freitas Junior, D. S.; Campos Júnior, E. O.; Sant’Anna, E. M. E.; Oliveira Junior, E. S.; Roland, F.; Lobo, H.; Nasário, J.; Nunes, J. R. S.; Silva, N. R.; Dias, R. J. P.; Quadra, G.; Silgueiro, V.; Lázaro, W. L.; Barros, N. O.",Soranço et al. (2025),2025,"Wildfire ashes: evaluating threats on the Pantanal wetland reserve (Mato Grosso, Brazil) using ecotoxicological tests",Environmental Science and Pollution Research,10.1007/s11356-025-35892-9,https://doi.org/10.1007/s11356-025-35892-9,article,English,Pantanal genérico ou indefinido,""
Ambiental,sousa2025pantanal,"Sousa, B. R.; Fonseca, H. P.; Arévalo, S. M. M.; Lorenzon, A. S.; Torres, F. T. P.; Amaral, C. H.",Sousa et al. (2025),2025,Pantanal wetland wildfires are associated with drought in interconnected biomes,Natural Hazards,10.1007/s11069-025-07446-2,https://doi.org/10.1007/s11069-025-07446-2,article,English,Cita município do recorte (MT),Barão de Melgaço
Ambiental,souza2025diversity,"Souza, A. H. A.; Pott, A.; Bao, F.; Damasceno-Junior, G. A.",Souza et al. (2025),2025,Diversity Patterns of Tree Communities Across Multiple Flood Gradients With Separate Fire Histories: Unveiling Patterns in a Wetland Ecosystem,Journal of Vegetation Science,10.1111/jvs.70044,https://doi.org/10.1111/jvs.70044,article,English,Pantanal Sul (MS),""
Ambiental,souza2025drought,"Souza, M. D.; Dallacort, R.; Silva, D. J.; Dias, V. R. M.; Neves, S. M. A. S.; Oliveira, G. C.",Souza et al. (2025),2025,"Drought events, spatial and temporal variability of rainfall in the Brazilian Pantanal",RA'E GA: o Espaço Geográfico em Análise,10.5380/raega.v63i2.99705,https://doi.org/10.5380/raega.v63i2.99705,article,English,Pantanal genérico ou indefinido,""
Ambiental,souza2025ecology,"Souza, P. I. V.; Bortolotto, I. M.; Souza, E. B.; Paranhos-Filho, A. C.; Encina, C. C. C.; Carvalho, S. S.; Oliveira, M. R.; Damasceno-Junior, G. A.",Souza et al. (2025),2025,"Ecology of Byrsonima cydoniifolia A. Juss. (Malpighiaceae) monodominant stands under the influence of flood, fire, and cattle","Trees, Forests and People",10.1016/j.tfp.2025.101036,https://doi.org/10.1016/j.tfp.2025.101036,article,English,Pantanal Sul (MS),""
Ambiental,souza2025mercury,"Souza, C. F.; Antunes, R. C.; Lopes, V. J. S.; Barros, A.; Quadros, A. R. B.; Andrade, R. L. T.; Souza, J. C.",Souza et al. (2025),2025,Mercury Levels in Hair of Domestic and Wild Animals,Biology,10.3390/biology14111497,https://doi.org/10.3390/biology14111497,article,English,Pantanal Sul (MS),""
Ambiental,souza2025ichthyoplankton,"Souza, M. B. V.; Tondato-Carvalho, K. K.; Bialetzki, A.",Souza et al. (2025),2025,Ichthyoplankton dynamics in the Brazilian Pantanal: Contribution of an important tributary and maintenance of connectivity,Ecology of Freshwater Fish,10.1111/eff.12808,https://doi.org/10.1111/eff.12808,article,English,Pantanal Sul (MS),""
Ambiental,tavella2025ashes,"Tavella, R. A.; Moura, F. R.; Silva Júnior, F. M. R.",Tavella et al. (2025),2025,Ashes of governance: Brazil’s 2024 wildfire crisis and its implications,Regional Environmental Change,10.1007/s10113-025-02469-8,https://doi.org/10.1007/s10113-025-02469-8,article,English,Pantanal Sul (MS),""
Ambiental,tomas2025eight,"Tomas, W. M.; Andrade, M. H.; Berlinck, C. N.; Bolzan, F.; Camilo, A. R.; Catella, A. C.",Tomas et al. (2025),2025,Eight basic principles for the elaboration of public policies and development projects for the Pantanal,Conservation Science and Practice,10.1111/csp2.13207,https://doi.org/10.1111/csp2.13207,article,English,Pantanal genérico ou indefinido,""
Ambiental,tomasella2025are,"Tomasella, J.; Zeri, M.; Cunha, A. P. M. A.; Torres, R. R.; Gamarra, N. L. R.; Costa, L. C. O.",Tomasella et al. (2025),2025,Are flash droughts intensifying in Brazil?,Climate Dynamics,10.1007/s00382-025-07672-1,https://doi.org/10.1007/s00382-025-07672-1,article,English,Pantanal genérico ou indefinido,""
Ambiental,urquiza2025vascular,"Urquiza, M. V. S.; Sartori, A. L. B.; Azevedo, D. T.; Mendes, D. M.; Ferrucci, M. S.; Estra, M. C.; Silva, R. G.; Campos, S. H.; Farinaccio, M. A.",Urquiza et al. (2025),2025,"Vascular plants from Pantanal Park Road, Mato Grosso do Sul, Brazil",Biodiversity Data Journal,10.3897/bdj.13.e148094,https://doi.org/10.3897/bdj.13.e148094,article,English,Pantanal Sul (MS),""
Ambiental,abra2026from,"Abra, F. D.; Goebel, L. G.; Desbiez, A.; Yogui, D. R.; Ribeiro, Y. G.; Costa, M. R.; Laps, R. R.; Ascensão, F.; Mello, L. G. R.; Cunha, J. F. L.; Pino, E. G.; Guazi, P. A.; Ascenção, S. R.; Nogueira, A. C.; Oliveira, J. C. L.; Barros, D. S.; Varanis Junior, E. N.; Gregory, T.; Alonso, A.; Prist, P. R.",Abra et al. (2026),2026,From roadkill monitoring to evidence-based wildlife mitigation in the Brazilian Pantanal,Global Ecology and Conservation,10.1016/j.gecco.2026.e04347,https://doi.org/10.1016/j.gecco.2026.e04347,article,English,Pantanal Sul (MS),""
Ambiental,aguiar2026fire,"Aguiar, S. E. B.; Porfirio, G. E. O.; Nascimento, L. F.; Coelho, J. O.; Queiroz, M. A. C.; Tonolli, G. V.; Moreno, W. H. A.; Viana, D. F. P.; Bardales, R.; Hyde, M.; Ortiz-Hoyos, R. D.; Sano, N. Y.; Santos, F. M.",Aguiar et al. (2026),2026,Fire-induced shifts in activity patterns of predators and prey in the Brazilian Pantanal,Journal of Wildlife Management,10.1002/jwmg.70227,https://doi.org/10.1002/jwmg.70227,article,English,Pantanal genérico ou indefinido,""
Ambiental,ahmad2026evapotranspiration,"Ahmad, S. K.; Holmes, T. R.; Kumar, S. V.; Lahmers, T. M.; Konapala, G.; Getirana, A.; Nie, W.; Liu, P.-W.; Hain, C. R.; Locke, K. A.; Libonati, R.",Ahmad et al. (2026),2026,Evapotranspiration declines prolonged by deforestation and fire in South American biomes,Nature Geoscience,10.1038/s41561-026-01981-8,https://doi.org/10.1038/s41561-026-01981-8,article,English,Pantanal genérico ou indefinido,""
Ambiental,barrosrosa2026climatic,"Barros-Rosa, L.; Girard, P.; Silva, P. L. A.; Roque, F. O.; Johnson, M.; Strüssmann, C.; Souza, T. S.; Libonati, R.; Anderson, L. O.; Cunha, C. N.; Damasceno-Júnior, G. A.; Tomas, W. M.; Mateus, L.; Fernandes, F. A. C.; Maionchi, D. O.; Silva, J. G.; Dalmagro, H. J.; Penha, J.",Barros-Rosa et al. (2026),2026,Climatic and Hydrological Changes Drive Contemporary Fire Regime Transitions in the World's Largest Wetland,Global Change Biology,10.1111/gcb.71089,https://doi.org/10.1111/gcb.71089,article,English,"Pantanal Norte (MT), sem município do recorte",""
Ambiental,belem2026dry,"Belém, L. B. C.; Albuquerque, R.; Peres, L. F.; Santos, F. L. M.; Rodrigues, J. A.; Menezes, L. S.; Silva, P. S.; Trigo, R. M.; DaCamara, C. C.; Russo, A.; Geirinhas, J.; Damasceno Junior, G. A.; Roque, F. O.; Nunes, A. M. B.; Libonati, R.",Belém et al. (2026),2026,Dry–Hot Compound Events Driving the 2024 Pantanal Wildfires,International Journal of Climatology,10.1002/joc.70312,https://doi.org/10.1002/joc.70312,article,English,Pantanal genérico ou indefinido,""
Ambiental,belem2026role,"Belém, L. B. C.; Nieto, R.; Peres, L. F.; Silva, N. O.; Stojanovic, M.; Vázquez, M.; Albuquerque, R.; Pereira, A. A.; DaCamara, C. C.; Gimeno, L.; Nunes, A. M. B.; Garcia, L. C.; Damasceno Junior, G. A.; Roque, F. O.; Libonati, R.",Belém et al. (2026),2026,"The Role of Moisture Transport Deficits in Modulating Drought and Fire Patterns in the Upper Paraguay River Basin, Brazil",Meteorological Applications,10.1002/met.70195,https://doi.org/10.1002/met.70195,article,English,Pantanal genérico ou indefinido,""
Ambiental,belem2026harmonized,"Belém, L. B. C.; Pereira, A. A.; Morelli, F.; Libonati, R.",Belém et al. (2026),2026,"A Harmonized Landsat–Sentinel-2 Burned-Area Product for the Pantanal (2014–2024), Based on Multitemporal Composites",Geoscience Data Journal,10.1002/gdj3.70084,https://doi.org/10.1002/gdj3.70084,article,English,Pantanal genérico ou indefinido,""
Ambiental,bernini2026modeling,"Bernini, H.; Morelli, F.; Carvalho, F. G. M.; Benedito, G. S.; Silva, W. M. S. S.; Melo, S. L. V.",Bernini et al. (2026),2026,Modeling Multi-Sensor Daily Fire Events in Brazil: The DescrEVE Relational Framework for Wildfire Monitoring,Remote Sensing,10.3390/rs18040606,https://doi.org/10.3390/rs18040606,article,English,Pantanal genérico ou indefinido,""
Ambiental,bezerra2026gradient,"Bezerra, U. A.; Brito, H. C.; Oliveira, S. H.; Costa, L. D. A.; Lourenço, A. M. G.; Pérez-Marin, A. M.; Cunha, J. E.",Bezerra et al. (2026),2026,A Gradient-Based Index for Multiscale Mapping of Land Degradation in Brazil,Remote Sensing,10.3390/rs18111695,https://doi.org/10.3390/rs18111695,article,English,Pantanal genérico ou indefinido,""
Ambiental,campoli2026social,"Campoli, J. S.; Stivali, M.",Campoli e Stivali (2026),2026,Social cost of deforestation in Brazilian biomes,Journal for Nature Conservation,10.1016/j.jnc.2025.127189,https://doi.org/10.1016/j.jnc.2025.127189,article,English,Pantanal genérico ou indefinido,""
Ambiental,junior2026quantificacao,"Carvalho Junior, O. O.; Ikeda-Castrillon, S. K.; Lázaro, W. L.; Nunes, J. R. S.; Arruda, J. C.; Frota, A. V. B.",Carvalho Junior et al. (2026),2026,Quantificação dos serviços ecossistêmicos da Estação Ecológica de Taiamã: subsídios à conservação no Pantanal,Revista Internacional de Ciências,10.12957/ric.2026.96205,https://doi.org/10.12957/ric.2026.96205,article,"",Cita município do recorte (MT),Cáceres
Ambiental,castro2026reproducible,"Castro, D. B.; Melo, R. R. P.; Pereira, V. S.",Castro et al. (2026),2026,A reproducible regime-aware unsupervised framework to reduce flood-pulse confounding in wetland disturbance monitoring: Pantanal (2020–2025),"Geomatics, Natural Hazards and Risk",10.1080/19475705.2026.2660859,https://doi.org/10.1080/19475705.2026.2660859,article,English,"Pantanal Norte (MT), sem município do recorte",""
Ambiental,caumo2026background,"Caumo, S.; Schramm, A.; Oliveira, E. S.; Pina, C. S. G. A.; Ignotti, E.; Gioda, A.; Massone, C. G.; Araújo, L. P.; Carreira, R.; Hacon, S.",Caumo et al. (2026),2026,Background exposure to smoke-related pollutants among firefighters during training in the Pantanal biome,Revista Brasileira de Saude Ocupacional,10.1590/2317-6369/12024pt2026v51e12,https://doi.org/10.1590/2317-6369/12024pt2026v51e12,article,English,Pantanal genérico ou indefinido,""
Ambiental,cavalheri2026trophic,"Cavalheri, D. G.; Bolochio, B. E.; Müller, M. M. P.; Sousa, P. S.; Keuroghlian-Eaton, S.; Ceron, K.; Santana, D. J.",Cavalheri et al. (2026),2026,Trophic ecology of tropical frogs (Leptodactylus) assemblage during a drastic drought in Southern Pantanal,Journal of Natural History,10.1080/00222933.2026.2658802,https://doi.org/10.1080/00222933.2026.2658802,article,English,Pantanal Sul (MS),""
Ambiental,concone2026smoke,"Concone, H. V. B.; Magioli, M.; Hilário, H. O.; Semedo, T. B. F.; Moreno, W. H. A.; Saranholi, B. H.",Concone et al. (2026),2026,Smoke on the water: Pervasive effects of megafires on the mammal fauna of the world's largest wetland,Journal of Applied Ecology,10.1111/1365-2664.70268,https://doi.org/10.1111/1365-2664.70268,article,English,"Pantanal Norte (MT), sem município do recorte",""
Ambiental,correa2026local,"Correa, C. M. A.; Cerqueira, L. V.-B. M. P.; Noriega, J. A.; Lira, A. F. A.",Correa et al. (2026),2026,Local environmental conditions and fine-scale landscape composition shape dung beetle taxonomic and functional diversity and ecosystem functions in tropical grazing systems,Journal of Insect Conservation,10.1007/s10841-026-00816-6,https://doi.org/10.1007/s10841-026-00816-6,article,English,Pantanal genérico ou indefinido,""
Ambiental,costa2026activity,"Costa, V. A.; Concone, H. V. B.; Fraga, A. R.; Cordeiro-Estrela, P.",Costa et al. (2026),2026,"The activity patterns of medium and large sized mammals show limited response to agroecotourism and agricultural disturbance in the Pantanal, Miranda, MS, Brazil",Mammalia,10.1515/mammalia-2025-0122,https://doi.org/10.1515/mammalia-2025-0122,article,English,Pantanal Sul (MS),""
Ambiental,dantas2026bridging,"Dantas, C. V.; Costa Neto, E. M.; Koch, E. B. A.; Roque, F. O.",Dantas et al. (2026),2026,Bridging knowledges through fire: a systematic review of indigenous fire management practices in Brazil,Journal of Ethnobiology and Ethnomedicine,10.1186/s13002-026-00884-7,https://doi.org/10.1186/s13002-026-00884-7,article,English,Pantanal genérico ou indefinido,""
Ambiental,doradorodrigues2026seasonal,"Dorado-Rodrigues, T. F.; Matis, P. S.; Faria, A. C.; Souza, J. R.; Guimarães, F. R.; Santos, T. S.; Strüssmann, C.; Semedo, T. B. F.; Piacentini, V. Q.; Santos, C. E. P.",Dorado-Rodrigues et al. (2026),2026,"Seasonal Patterns of Vertebrate Roadkill in the Transitional Zone Between Cerrado Savannas and Northern Pantanal, Brazil",Wetlands,10.1007/s13157-025-02015-6,https://doi.org/10.1007/s13157-025-02015-6,article,English,"Pantanal Norte (MT), sem município do recorte",""
Ambiental,doradorodrigues2026amphibians,"Dorado-Rodrigues, T. F.; Smaniotto, N. P.; Moreira, L. F. B.; Campos, V. A. A. S.; Malagoli, L. R.; Strüssmann, C.",Dorado-Rodrigues et al. (2026),2026,"Amphibians and Reptiles of Norther Pantanal: Community Structure, Conservation, and the Role of Community Science",South American Journal of Herpetology,10.2994/sajh-d-26-00003.1,https://doi.org/10.2994/sajh-d-26-00003.1,article,English,Fora do Brasil,""
Ambiental,neto2026towards,"Ferreira Neto, J. B.; Shen, S.; Ramos, R. C.; Pereira, G.",Ferreira Neto et al. (2026),2026,Towards a new climate regime: heatwaves proliferate and reshape seasonality in the world’s largest tropical wetland,Bulletin of Atmospheric Science and Technology,10.1007/s42865-026-00122-8,https://doi.org/10.1007/s42865-026-00122-8,article,English,Pantanal genérico ou indefinido,""
Ambiental,frota2026short,"Frota, A. V. B.; Vitorino, B. D.; Almeida, B. A.; Almeida, S. M.; Nunes, J. R. S.; Silva, C. J.",Frota et al. (2026),2026,Short-Term Effects of Wildfire on Bird Assemblages in a Core Area of the Pantanal Biosphere Reserve,Wetlands,10.1007/s13157-026-02071-6,https://doi.org/10.1007/s13157-026-02071-6,article,English,"Pantanal Norte (MT), sem município do recorte",""
Ambiental,galvanin2026spatiotemporal,"Galvanin, E. A. S.; Harano, F. K. F.; Revollo, N.; Neves, S. M. A. S.",Galvanin et al. (2026),2026,Spatiotemporal Analysis of Wetland Conversion and Water Body Decline in the Brazilian Pantanal,"ISPRS Annals of the Photogrammetry, Remote Sensing and Spatial Information Sciences",10.5194/isprs-annals-x-3-w4-2025-173-2026,https://doi.org/10.5194/isprs-annals-x-3-w4-2025-173-2026,inproceedings,English,Pantanal genérico ou indefinido,""
Ambiental,godinho2026climate,"Godinho, J. P. M.; Taniwaki, R. H.; Merino, E. R.; Montes, C. R.; Melfi, A. J.; Carmo, J. B.",Godinho et al. (2026),2026,Climate-driven hydrological extremes restructure biogeochemical carbon cycling and CH4 emissions in Pantanal floodplain systems,Hydrobiologia,10.1007/s10750-026-06343-4,https://doi.org/10.1007/s10750-026-06343-4,article,English,Pantanal genérico ou indefinido,""
Ambiental,goulart2026fire,"Goulart, F. F.; Roque, F. O.; Libonati, R.; Anderson, L. O.; Berlinck, C. N.; Marengo, J. A.; Ribeiro, D. B.; Damasceno-Junior, G. A.; Quintero, J. M. O.; Fernandes, S.; Buriticá, S. R.; Toma, T. S. P.; Ashworth, L.; Aguilar, R.; Negreiros, D.; Fernandes, G. W.",Goulart et al. (2026),2026,Fire in South America’s wetlands: temporal and spatial patterns,Anais da Academia Brasileira de Ciencias,10.1590/0001-3765202620240622,https://doi.org/10.1590/0001-3765202620240622,article,English,Fora do Brasil,""
Ambiental,guedes2026water,"Guedes, G. H. S.; Araújo, F. G.",Guedes e Araújo (2026),2026,"Water and fire: Wildfires threaten fish habitats across Brazilian biomes, and protected areas offer insufficient safeguards",Biological Conservation,10.1016/j.biocon.2025.111692,https://doi.org/10.1016/j.biocon.2025.111692,article,English,Pantanal genérico ou indefinido,""
Ambiental,hector2026drying,"Hector, V.; Araujo, R.; Costa, F.",Hector et al. (2026),2026,Drying the wetland: Water scarcity in the Brazilian pantanal,Journal of Environmental Economics and Management,10.1016/j.jeem.2026.103333,https://doi.org/10.1016/j.jeem.2026.103333,article,English,Pantanal genérico ou indefinido,""
Ambiental,justino2026assessment,"Justino, S. T. P.; Silva, R. B. G.; Silva, R. B.; Sales, F. C. V.; Zabotto, A. R.; Morais, Y. Y. G. A.; Silva, R. P. S.",Justino et al. (2026),2026,Assessment of spatiotemporal variability in surface water and drought variability across the Brazilian Pantanal,Advances in Space Research,10.1016/j.asr.2026.05.064,https://doi.org/10.1016/j.asr.2026.05.064,article,English,Pantanal genérico ou indefinido,""
Ambiental,justino2026remote,"Justino, S. T. P.; Silva, R. B. G.; Silva, R. B.; Simões, D.",Justino et al. (2026),2026,Remote Sensing of Wildfire Dynamics and Severity in the Brazilian Pantanal,Forests,10.3390/f17070784,https://doi.org/10.3390/f17070784,article,English,Pantanal genérico ou indefinido,""
Ambiental,loureiro2026living,"Loureiro, N. G.; Viana, D. F. P.; Noble, C. D.; Porfírio, G. E. O.; Moreno, W. H. A.; Queiroz, M. A. C.; Tonolli, G. V.; Peres, C. A.; Fernandes-Ferreira, H.",Loureiro et al. (2026),2026,Living in the Pyrocene: Assemblage-Wide Terrestrial Vertebrate Responses to Mega-Fires in the Pantanal Wetlands,Ecology and Evolution,10.1002/ece3.74130,https://doi.org/10.1002/ece3.74130,article,English,Pantanal genérico ou indefinido,""
Ambiental,louzada2026vegetation,"Louzada, R. O.; Vasconcelos, D. C.; Bozza, A. N.; Chaib, J. G.; Tavares, R. M. B.",Louzada et al. (2026),2026,Vegetation recovery fails to offset recurrent fire-induced carbon losses across a tropical savanna–wetland mosaic,Forest Ecology and Management,10.1016/j.foreco.2026.124190,https://doi.org/10.1016/j.foreco.2026.124190,article,English,Pantanal Sul (MS),""
Ambiental,macedo2026geomorphological,"Macedo, H. A.; Stevaux, J. C.; Silva, A.; Assine, M. L.",Macedo et al. (2026),2026,"Geomorphological evolution of the Paraguay River fluvial plain in the Corumbá reach, Pantanal, Brazil",Revista Brasileira de Geomorfologia,10.20502/rbg.v27i2.2627,https://doi.org/10.20502/rbg.v27i2.2627,article,English,Pantanal Sul (MS),""
Ambiental,milien2026hydrological,"Milien, E. J.; Girard, P.; Cunha, C. N.",Milien et al. (2026),2026,Hydrological Dynamics of Large Tropical Savanna Wetland Through Sentinel-1 SAR Imagery: Pantanal Ramsar Site Case Study,Water,10.3390/w18070778,https://doi.org/10.3390/w18070778,article,English,"Pantanal Norte (MT), sem município do recorte",""
Ambiental,moreira2026space,"Moreira, L. F. B.; Smaniotto, N. P.; Strüssmann, C.; Wang, E.; Ferreira, V. L.",Moreira et al. (2026),2026,Space over vegetation type: snake assemblage structure in flooded savannas,Studies on Neotropical Fauna and Environment,10.1080/01650521.2026.2722038,https://doi.org/10.1080/01650521.2026.2722038,article,English,Pantanal Sul (MS),""
Ambiental,monica2026lowland,"Mónica, M. R.; Larrea-Alcázar, D.; Villarroel, D.; Soto, J. D.",Mónica et al. (2026),2026,"Lowland Wetlands of Bolivia: Landscapes, Conservation, and Livelihoods","Wetlands of Tropical and Subtropical South and Central America: Biodiversity, Livelihoods and Conservation",10.1002/9781394307166.ch01,https://doi.org/10.1002/9781394307166.ch01,incollection,English,Fora do Brasil,""
Ambiental,ojha2026navigating,"Ojha, A. P.; Orosoo, O.; Arasu, P. T.",Ojha et al. (2026),2026,"Navigating Coexistence: The Dynamics of Migratory Birds, Aquatic Bird Communities, and Human Influences in a Changing Wetland Landscape","Wetlands: Ecology, Conservation and Management",10.1007/978-3-032-17125-2_23,https://doi.org/10.1007/978-3-032-17125-2_23,incollection,English,Fora do Brasil,""
Ambiental,oliveira2026community,"Oliveira, M. E. M.; Schuchmann, K.; Mateus, L. A. F.; Marques, M. I.",Oliveira et al. (2026),2026,Community structure and diversity of Curculionidae (Hexapoda: Coleoptera) associated with the forest canopy in a Neotropical wetland,Biota Neotropica,10.1590/1676-0611-bn-2025-1777,https://doi.org/10.1590/1676-0611-bn-2025-1777,article,en,Cita município do recorte (MT),Poconé
Ambiental,oliveira2026predictive,"Oliveira, V. F. R.; Silva, B. H. M.; Sato, A. A. S. A.; Eduvirgem, R. V.; Aoki, C.; Anunciação, V. S.; Bacani, V. M.",Oliveira et al. (2026),2026,Predictive modeling of carbon dynamics in Abobral Pantanal wetlands under land use scenarios using CA-Markov and InVEST,Wetlands Ecology and Management,10.1007/s11273-026-10110-6,https://doi.org/10.1007/s11273-026-10110-6,article,English,Pantanal Sul (MS),""
Ambiental,oliveira2026climatic,"Oliveira, N. S.; Pereira, M. G.; Calegari, M. R.; Coêlho, R. S.; Pessenda, L. C. R.; Oelbermann, M.; Ozório, J. M. B.; Schiavo, J. A.",Oliveira et al. (2026),2026,"Climatic variations, vegetation and soils during the Holocene in the Pantanal of Mato Grosso do Sul, Brazil",Quaternary International,10.1016/j.quaint.2026.110455,https://doi.org/10.1016/j.quaint.2026.110455,article,English,Pantanal Sul (MS),""
Ambiental,pereira2026fire,"Pereira, A. M. M.; Bao, F.; Souza, E. B.; Oliveira, M. R.; Escobar, A. C. S.; Silva, R. H.; Carvalho, S. S.; Pott, A.; Pott, V. J.; Correia, S. A. C.; Damasceno-Júnior, G. A.",Pereira et al. (2026),2026,"Fire, flooding, and herbivory: interactive drivers of taxonomic and functional diversity in a tropical wetland",Wetlands Ecology and Management,10.1007/s11273-026-10134-y,https://doi.org/10.1007/s11273-026-10134-y,article,English,Pantanal genérico ou indefinido,""
Ambiental,pinho2026modeling,"Pinho, H. L. L.; Bueno, M. L.; Sena, K. A.; Solórzano, J. C. J.; Súarez, Y. R.",Pinho et al. (2026),2026,Modeling potential fish species richness within the Upper Paraguay River Basin in Brazil,Ecological Modelling,10.1016/j.ecolmodel.2026.111559,https://doi.org/10.1016/j.ecolmodel.2026.111559,article,English,Fora do Brasil,""
Ambiental,pullaiah2026wetlands,"Pullaiah, T.",Pullaiah (2026),2026,"Wetlands of Tropical and Subtropical South and Central America: Biodiversity, Livelihoods and Conservation","Wetlands of Tropical and Subtropical South and Central America: Biodiversity, Livelihoods and Conservation",10.1002/9781394307166,https://doi.org/10.1002/9781394307166,book,English,Fora do Brasil,""
Ambiental,quintela2026bioaccumulation,"Quintela, F. M.; Mendes, V.; Santana, D. J.; Galiano, D.; Galatti, U.",Quintela et al. (2026),2026,Bioaccumulation of metals and metalloids in caudal tips of snakes from the Southern Pantanal,Ecotoxicology,10.1007/s10646-025-03015-2,https://doi.org/10.1007/s10646-025-03015-2,article,English,Pantanal Sul (MS),""
Ambiental,ramalho2026spatial,"Ramalho, A. H. C.; Juvanhol, R. S.; Mardeni, V. D. N.; Silva, E. F.; Fiedler, N. C.; Masioli, W.; Biazatti, L. D.; Brito, A. J. S.",Ramalho et al. (2026),2026,Spatial gradients of response to the indirect effects of forest fires on vegetation in the Pantanal,International Journal of Remote Sensing,10.1080/01431161.2026.2697509,https://doi.org/10.1080/01431161.2026.2697509,article,English,Pantanal genérico ou indefinido,""
Ambiental,rodrigues2026environmental,"Rodrigues, L. C.; Kreitlow, J. P.; Neves, S. M. A. S.; Muniz, C. C.; Oliveira, E. S.",Rodrigues et al. (2026),2026,"Environmental indicators and land-use change in the Amazon-Cerrado-Pantanal transition zone of Cáceres, Mato Grosso: a Pressure-State-Response assessment",Revista Ambiente e Agua,10.4136/ambi-agua.3171,https://doi.org/10.4136/ambi-agua.3171,article,English,Cita município do recorte (MT),Cáceres
Ambiental,rosin2026soil,"Rosin, N. A.; Demattê, J. A.; Minasny, B.; Poppiel, R. R.; Bartsch, B. A.; Rosas, J. T. F.; Rodríguez-Albarracín, H. S.; Cherubin, M. R.; Cerri, C. E. P.; Vicente, L. E.",Rosin et al. (2026),2026,Soil organic carbon stock changes over 40 years in Brazil: a country-scale assessment using soil science-informed machine learning,Catena,10.1016/j.catena.2026.110155,https://doi.org/10.1016/j.catena.2026.110155,article,English,Pantanal genérico ou indefinido,""
Ambiental,santos2026corredor,"Santos, I. D. C.",Santos (2026),2026,O Corredor Bioceânico de Capricórnio e seu efeito sobre o meio ambiente,Interações (Campo Grande),10.20435/inter.v27i1.5136,https://doi.org/10.20435/inter.v27i1.5136,article,"",Pantanal Sul (MS),""
Ambiental,santos2026alpha,"Santos, L. S. B.; Favalessa, C. M. C.; Cunha, T. Q.; Perin, B. L.; Agostini, G. B.; Rodrigues, L. D. O.; Santos, G. A.; Milani, J. E. F.",Santos et al. (2026),2026,Alpha and beta diversity reveal the conservation value of a protected riparian forest in the Northern Pantanal,Brazilian Journal of Biology,10.1590/1519-6984.305836,https://doi.org/10.1590/1519-6984.305836,article,English,"Pantanal Norte (MT), sem município do recorte",""
Ambiental,santos2026sustainable,"Santos, S. A.; Pott, A.; Rogério, M. C. P.; Soriano, B. M. A.; Medeiros, S. R.",Santos et al. (2026),2026,Sustainable pasture management in the Pantanal biome for climate mitigation and adaptation in livestock systems,Pesquisa Agropecuaria Brasileira,10.1590/s1678-3921.pab2026.v61.04299,https://doi.org/10.1590/s1678-3921.pab2026.v61.04299,article,English,Pantanal genérico ou indefinido,""
Ambiental,santos2026multi,"Santos, T. A. O.; Arruda, A. S.; Arruda, P. H. Z.; Zebende, G. F.",Santos et al. (2026),2026,Multi-scale dynamics of carbon dioxide flux and its environmental drivers in the Pantanal wetland,Biogeosciences,10.5194/bg-23-565-2026,https://doi.org/10.5194/bg-23-565-2026,article,English,Pantanal genérico ou indefinido,""
Ambiental,silva2026from,"Silva, K. M. O.; Tirelli, F. P.; Teston, J. A.; Marco, P.; Ferro, V. G.",Silva et al. (2026),2026,From glow to risk: degree of exposure of Arctiinae moths (Lepidoptera: Erebidae) to light pollution in the Neotropics,Journal of Insect Conservation,10.1007/s10841-026-00817-5,https://doi.org/10.1007/s10841-026-00817-5,article,English,Pantanal genérico ou indefinido,""
Ambiental,soares2026illegal,"Soares, M. B.; Mendes, L. W.; Cerri, C. E.; Alleoni, L. R.",Soares et al. (2026),2026,Illegal gold mining filters soil bacterial communities and enhances mercury mobility across Brazilian biomes: A multi-season study,Journal of Hazardous Materials,10.1016/j.jhazmat.2026.141255,https://doi.org/10.1016/j.jhazmat.2026.141255,article,English,Pantanal genérico ou indefinido,""
Ambiental,sobreira2026human,"Sobreira, E.; Pereira, T. F.; Dias, D. F.; Viana, C. R. S.; Paula, J. S. B. C.; Barbosa, A. P. D.; Souza, A. R.; Pedra, T. R.; Santos, M. C.; Campos, D. V. S.; Romano, A. M.; Kosten, S.; Muniz, C. C.; Ikeda-Castrillon, S. K.; Lázaro, W. L.",Sobreira et al. (2026),2026,"Human Pressure on the Pantanal: A Four-decade Analysis of Land Cover Changes, Ecological Degradation, and Future Prospects","Wetlands of Tropical and Subtropical South and Central America: Biodiversity, Livelihoods and Conservation",10.1002/9781394307166.ch05,https://doi.org/10.1002/9781394307166.ch05,incollection,English,Pantanal genérico ou indefinido,""
Ambiental,souza2026flood,"Souza, C. S.; Lima, D. C.; Barônio, G. J.; Souza, M. S.; Teodoro, J. R.; Torquato, I. H. S.; Faria, R. R.; Sigrist, M. R.; Damasceno-Junior, G. A.; Aoki, C.",Souza et al. (2026),2026,Flood and Fire Dynamics Restructure Floral Visitor Networks in the World’s Largest Tropical Wetland,Wetlands,10.1007/s13157-025-02023-6,https://doi.org/10.1007/s13157-025-02023-6,article,English,Pantanal genérico ou indefinido,""
Ambiental,souza2026influence,"Souza, A.; Silva, E. B.; Oliveira Júnior, J. F.; Pobocikova, I.; Palácios, R. S.; Nassarden, D. C. S.; Medeiros, E. S.; Özonur, D.; Fernandes, W. A.; Pavao, H. G.",Souza et al. (2026),2026,"Influence of Land Use, Fires and Meteorological Conditions on Tropospheric NO2 Variability in Municipalities of Mato Grosso Do Sul, Brazil",Atmosphere,10.3390/atmos17070680,https://doi.org/10.3390/atmos17070680,article,English,Pantanal Sul (MS),""
Ambiental,tiburcio2026mosaico,"Tiburcio, A. R. T.; Lima, B. S.",Tiburcio e Lima (2026),2026,Mosaico geoambiental do Pantanal de Cáceres-MT: mapeamento da paisagem e perspectivas para o turismo sustentável,Cadernos Cajuína,10.52641/cadcajv11i8.3300,https://doi.org/10.52641/cadcajv11i8.3300,article,pt,Cita município do recorte (MT),Cáceres
Ambiental,torsoni2026escalating,"Torsoni, G. B.; Aparecido, L. E. O.; Lorençone, J. A.; Lorençone, P. A.; Rolim, G. S.; Leandro, E. S.",Torsoni et al. (2026),2026,Escalating wildfire risks in Brazilian biomes under climate change scenarios,Natural Hazards,10.1007/s11069-026-08176-9,https://doi.org/10.1007/s11069-026-08176-9,article,English,Pantanal genérico ou indefinido,""
Ambiental,vitorino2026effects,"Vitorino, B. D.; Frota, A. V. B.; Arruda, M. A. N.; Vacchiano, M. C.; Nunes, J. R. S.; Silva, C. J.",Vitorino et al. (2026),2026,"Effects of climate change: an overview of perceptions, vulnerabilities and adaptations in the northern Pantanal wetland integrated with long-term climate data",Climatic Change,10.1007/s10584-026-04268-4,https://doi.org/10.1007/s10584-026-04268-4,article,English,"Pantanal Norte (MT), sem município do recorte",""
Ambiental,wendtoliveira2026characterization,"Wendt-Oliveira, J. R.; Rivero-Wendt, C. L. G.; Pereira, A. M. M.; Guedes, N. M. R.",Wendt-Oliveira et al. (2026),2026,Characterization of wildlife trafficking seizures in a biodiversity hotspot in Brazil,Ambiente e Sociedade,10.1590/1809-4422asoc01641vu29l29oa,https://doi.org/10.1590/1809-4422asoc01641vu29l29oa,article,English,Pantanal Sul (MS),""
Ambiental,whitney2026millennial,"Whitney, B. S.; Neves, D. M.; Loughlin, N. J.; D'Apolito, C.; Tavares, C. C.; Hocking, E. P.; Mayle, F. E.; Power, M. J.; Silva, A.; Assine, M. L.",Whitney et al. (2026),2026,Millennial-scale fire and climate dynamics in the world's largest tropical wetland show emerging fire threat to flooded ecosystems,Global and Planetary Change,10.1016/j.gloplacha.2026.105318,https://doi.org/10.1016/j.gloplacha.2026.105318,article,English,Pantanal genérico ou indefinido,""
Ambiental,zanata2026citizen,"Zanata, T. B.; Piacentini, V. Q.; Zeferini, C. Y.; Rosa, L. A. R.; Paulo, L. C.; Koch, A. K.; Ribeiro, R. S.; Guaraldo, A. C.; Szabo, J. K.",Zanata et al. (2026),2026,Citizen-science data can fill the Eltonian shortfall in hummingbird–plant interactions: lessons from the Brazilian Pantanal,Journal of Tropical Ecology,10.1017/s0266467426100662,https://doi.org/10.1017/s0266467426100662,article,English,Pantanal genérico ou indefinido,""
