id_municipio,municipio,item_id,dimensao,proposicao,status,base
5101605,Barão de Melgaço,FOR-01,Forças,Saber tradicional de comunidades pantaneiras de Mato Grosso sobre o ciclo das águas e a previsão das cheias,DOCUMENTADO,7 passagem(ns) que nomeiam o município — Rossetto-Tocantins (2015) - Ambiente agrario do pantanal brasileiro - ; SEBRAE Pro-Pantanal - Relatorio Final - Pesquisa Qualitativa IEL; SEBRAE-MT - Pró-Pantanal - Inventário Turístico - Barão de Melgaço-MT
5101605,Barão de Melgaço,FOR-02,Forças,Redes de solidariedade e reciprocidade em comunidades pantaneiras e entre pescadores artesanais de Mato Grosso,DOCUMENTADO,4 passagem(ns) que nomeiam o município — FERNANDEZ et al (2025) - Mapeamento Social de Povos e Comunidades Trad; Plano Municipal de Saúde 2022-2025 - Barão de Melgaço; corpus validado dos 255 estudos distintos (255 registros)
5101605,Barão de Melgaço,FOR-03,Forças,"Festas de santo e danças tradicionais em Poconé, Barão de Melgaço e Santo Antônio de Leverger",DOCUMENTADO,14 passagem(ns) que nomeiam o município — Rossetto-Tocantins (2015) - Ambiente agrario do pantanal brasileiro - ; SEBRAE Pro-Pantanal - Dinamica do Bioma em Barao de Melgaco-MT; SEBRAE Pro-Pantanal - Inventario Turistico - Diagnostico Integrado do
5101605,Barão de Melgaço,FOR-04,Forças,"Transmissão entre gerações de saberes e cultura na família, na roça e na pesca em comunidades de Mato Grosso",DOCUMENTADO,3 passagem(ns) que nomeiam o município — PRH_Rio-Paraguai - Consolidação da PRH-PY; Rossetto-Tocantins (2015) - Ambiente agrario do pantanal brasileiro - ; corpus validado dos 255 estudos distintos (255 registros)
5101605,Barão de Melgaço,FOR-05,Forças,"Rede comunitária de cuidado com benzeção, remédios caseiros e agente de saúde em Joselândia (dados de 2003 a 2013)",DOCUMENTADO,9 passagem(ns) que nomeiam o município — Plano Municipal de Saúde 2022-2025 - Barão de Melgaço; Plano Municipal de Saúde 2026-2029 - Barão de Melgaço; SEBRAE Pro-Pantanal - Dinamica do Bioma em Barao de Melgaco-MT
5101605,Barão de Melgaço,FOR-06,Forças,"Quintais para autoconsumo, práticas tradicionais e grupos de mulheres camponesas em Cáceres e Mirassol d'Oeste",DOCUMENTADO,1 passagem(ns) que nomeiam o município — Plano Municipal de Saúde 2026-2029 - Barão de Melgaço
5101605,Barão de Melgaço,FOR-07,Forças,"Presença da Unemat, do IFMT e de escolas do campo em Cáceres e no Pantanal Norte",DOCUMENTADO,5 passagem(ns) que nomeiam o município — SEBRAE Pro-Pantanal - Diagnostico e Plano de Turismo - Barao de Melgac; SEBRAE-MT - Pró-Pantanal - Inventário Turístico - Barão de Melgaço-MT; UFMS (2023b) - Plano de Desenvolvimento e Integração da Faixa de Front
5101605,Barão de Melgaço,FOR-08,Forças,Povo Guató da TI Baía dos Guató (Barão de Melgaço): revitalização da língua e organização social tradicional,DOCUMENTADO,2 passagem(ns) que nomeiam o município — Plano de Educação 2015; corpus validado dos 255 estudos distintos (255 registros)
5101605,Barão de Melgaço,FOR-09,Forças,"Oferta de serviços de saúde em Cáceres (ESF, hemodiálise pelo SUS, odontologia gratuita)",DOCUMENTADO,20 passagem(ns) que nomeiam o município — Plano Municipal de Saúde 2022-2025 - Barão de Melgaço; Plano Municipal de Saúde 2026-2029 - Barão de Melgaço; corpus validado dos 255 estudos distintos (255 registros)
5101605,Barão de Melgaço,FOR-10,Forças,"Organização de pescadores artesanais em colônias no Pantanal Norte de Mato Grosso, com participação das mulheres",DOCUMENTADO,10 passagem(ns) que nomeiam o município — FERNANDEZ et al (2025) - Mapeamento Social de Povos e Comunidades Trad; MITRAUD et al (2021) - Diagnóstico de povos e comunidades tradicionais; PRH-Rio-Paraguai - Relatório de Diagnóstico Final de Socioeconomia e E
5101605,Barão de Melgaço,OPO-01,Oportunidades,Turismo de natureza com mão de obra local e renda para as famílias pantaneiras,DOCUMENTADO,8 passagem(ns) que nomeiam o município — PRH_Rio-Paraguai - Consolidação da PRH-PY; Plano Municipal de Saúde 2026-2029 - Barão de Melgaço; SEBRAE Pro-Pantanal - Diagnostico e Plano de Turismo - Barao de Melgac
5101605,Barão de Melgaço,OPO-02,Oportunidades,"Aposentadoria rural, auxílio do defeso e Bolsa Família como fonte relevante de renda das famílias",DOCUMENTADO,4 passagem(ns) que nomeiam o município — Plano Municipal de Saúde 2022-2025 - Barão de Melgaço; SEBRAE Pro-Pantanal - Relatorio Final - Pesquisa Qualitativa IEL; corpus validado dos 255 estudos distintos (255 registros)
5101605,Barão de Melgaço,OPO-03,Oportunidades,Reconhecimento legal de territórios e direitos de povos e comunidades tradicionais,DOCUMENTADO,5 passagem(ns) que nomeiam o município — FERNANDEZ et al (2025) - Mapeamento Social de Povos e Comunidades Trad; Rossetto-Tocantins (2015) - Ambiente agrario do pantanal brasileiro - ; UFMS (2023a) - Plano de Desenvolvimento e Integração da Faixa de Front
5101605,Barão de Melgaço,OPO-04,Oportunidades,Festas tradicionais e Dança dos Mascarados como atrativo de turismo cultural,DOCUMENTADO,12 passagem(ns) que nomeiam o município — Plano de Manejo da Estrada Parque Santo Antônio de Leverger – Porto de; Rossetto-Tocantins (2015) - Ambiente agrario do pantanal brasileiro - ; SEBRAE Pro-Pantanal - Dinamica do Bioma em Barao de Melgaco-MT
5101605,Barão de Melgaço,OPO-05,Oportunidades,Parcerias universidade–escola e cultura pantaneira na formação docente e no currículo,REGIONAL,2 fonte(s) de escala supramunicipal que cobrem o município — FERNANDEZ et al (2025) - Mapeamento Social de Povos e Comunidades Trad; Rossetto-Tocantins (2015) - Ambiente agrario do pantanal brasileiro - — critério: a fonte cobre o município mas não o nomeia neste ponto: vale com ressalva de escala
5101605,Barão de Melgaço,OPO-06,Oportunidades,Qualificação profissional e organização de mulheres assentadas e extrativistas no Pantanal de MT,REGIONAL,5 fonte(s) de escala supramunicipal que cobrem o município — FERNANDEZ et al (2025) - Mapeamento Social de Povos e Comunidades Trad; IBAMA (2006) - Plano de Manejo do Parque Nacional do Pantanal Matogros; MITRAUD et al (2021) - Diagnóstico de povos e comunidades tradicionais — critério: a fonte cobre o município mas não o nomeia neste ponto: vale com ressalva de escala
5101605,Barão de Melgaço,OPO-07,Oportunidades,Cisternas e tecnologias sociais de água em escolas do campo e assentamentos de MT,REGIONAL,3 fonte(s) de escala supramunicipal que cobrem o município — FERNANDEZ et al (2025) - Mapeamento Social de Povos e Comunidades Trad; Rossetto-Tocantins (2015) - Ambiente agrario do pantanal brasileiro - ; SEMA-MT (2025) - Plano de Manejo de Unidade de Conservação Monumento N — critério: a fonte cobre o município mas não o nomeia neste ponto: vale com ressalva de escala
5101605,Barão de Melgaço,OPO-08,Oportunidades,Mapeamento social reconhecido pelo governo de MT e participação de pescadores e comunidades em conselhos e diálogos,DOCUMENTADO,3 passagem(ns) que nomeiam o município — FERNANDEZ et al (2025) - Mapeamento Social de Povos e Comunidades Trad; Plano de Educação 2015; Rossetto-Tocantins (2015) - Ambiente agrario do pantanal brasileiro -
5101605,Barão de Melgaço,OPO-09,Oportunidades,Revitalização da língua Guató em Barão de Melgaço e formação intercultural de professores indígenas em MS,DOCUMENTADO,3 passagem(ns) que nomeiam o município — Plano de Educação 2015; corpus validado dos 255 estudos distintos (255 registros)
5101605,Barão de Melgaço,OPO-10,Oportunidades,Saúde itinerante e atenção primária a comunidades ribeirinhas e pantaneiras em MS e em escala de bioma,DOCUMENTADO,8 passagem(ns) que nomeiam o município — Plano Municipal de Saúde 2022-2025 - Barão de Melgaço; Plano Municipal de Saúde 2026-2029 - Barão de Melgaço
5101605,Barão de Melgaço,FRA-01,Fraquezas,Atenção à saúde esporádica ou ausente em comunidades ribeirinhas e rurais isoladas do Pantanal (estudos de 2011 a 2025),DOCUMENTADO,5 passagem(ns) que nomeiam o município — FERNANDEZ et al (2025) - Mapeamento Social de Povos e Comunidades Trad; Plano Municipal de Saúde 2022-2025 - Barão de Melgaço; Plano Municipal de Saúde 2026-2029 - Barão de Melgaço
5101605,Barão de Melgaço,FRA-02,Fraquezas,Esgotamento sanitário precário e doenças de veiculação hídrica em Cáceres e outras localidades de MT (2020 a 2025),DOCUMENTADO,4 passagem(ns) que nomeiam o município — Plano Municipal de Saúde 2022-2025 - Barão de Melgaço; Plano Municipal de Saúde 2026-2029 - Barão de Melgaço; corpus validado dos 255 estudos distintos (255 registros)
5101605,Barão de Melgaço,FRA-03,Fraquezas,Insegurança hídrica prolongada em assentamentos e escolas do campo de Cáceres e em área de Joselândia (Barão de Melgaço),DOCUMENTADO,4 passagem(ns) que nomeiam o município — SEBRAE Pro-Pantanal - Estudo da Dinamica do Bioma Pantanal Vol. 01; SEBRAE Pro-Pantanal - Relatorio Final - Pesquisa Qualitativa IEL; UFMS (2023a) - Plano de Desenvolvimento e Integração da Faixa de Front
5101605,Barão de Melgaço,FRA-04,Fraquezas,"Baixa escolaridade e analfabetismo de ribeirinhos e pescadores em Barão de Melgaço, Poconé e Cáceres (2011 a 2026)",DOCUMENTADO,4 passagem(ns) que nomeiam o município — Plano Municipal de Saúde 2022-2025 - Barão de Melgaço; Plano de Educação 2015; Rossetto-Tocantins (2015) - Ambiente agrario do pantanal brasileiro -
5101605,Barão de Melgaço,FRA-05,Fraquezas,"Dificuldade de acesso à escola na cheia e falhas no transporte escolar, com evasão",DOCUMENTADO,1 passagem(ns) que nomeiam o município — corpus validado dos 255 estudos distintos (255 registros)
5101605,Barão de Melgaço,FRA-06,Fraquezas,"Esvaziamento rural do Pantanal entre 2010 e 2022, saída de jovens de Mimoso para Cuiabá e periferização em Cáceres",DOCUMENTADO,5 passagem(ns) que nomeiam o município — Plano Municipal de Saúde 2026-2029 - Barão de Melgaço; Plano de Manejo da Estrada Parque Santo Antônio de Leverger – Porto de; SEBRAE Pro-Pantanal - Analise Economia Sustentavel - Caracterizacao so
5101605,Barão de Melgaço,FRA-07,Fraquezas,"Pescadores artesanais de Cáceres e Poconé com renda baixa, dependência de atravessadores e invisibilidade",REGIONAL,5 fonte(s) de escala supramunicipal que cobrem o município — FERNANDEZ et al (2025) - Mapeamento Social de Povos e Comunidades Trad; IBAMA (2006) - Plano de Manejo do Parque Nacional do Pantanal Matogros; MITRAUD et al (2021) - Diagnóstico de povos e comunidades tradicionais — critério: a fonte cobre o município mas não o nomeia neste ponto: vale com ressalva de escala
5101605,Barão de Melgaço,FRA-08,Fraquezas,Falta de escola indígena diferenciada e ausência de investimento público para o povo Guató (Barão de Melgaço),DOCUMENTADO,3 passagem(ns) que nomeiam o município — Plano de Educação 2015; corpus validado dos 255 estudos distintos (255 registros)
5101605,Barão de Melgaço,FRA-09,Fraquezas,Baixa cobertura da Estratégia Saúde da Família e da atenção básica em Cáceres e Barão de Melgaço,DOCUMENTADO,12 passagem(ns) que nomeiam o município — Plano Municipal de Saúde 2022-2025 - Barão de Melgaço; Plano Municipal de Saúde 2026-2029 - Barão de Melgaço; UFMS (2023a) - Plano de Desenvolvimento e Integração da Faixa de Front
5101605,Barão de Melgaço,FRA-10,Fraquezas,"IDHM 2010 abaixo de MT e do Brasil em renda e educação, menor em Barão de Melgaço, e renda de até um salário mínimo",DOCUMENTADO,23 passagem(ns) que nomeiam o município — Dinamica agraria e sustentabilidade socioambiental no Pantanal brasile; Plano Municipal de Saúde 2022-2025 - Barão de Melgaço; Plano Municipal de Saúde 2026-2029 - Barão de Melgaço
5101605,Barão de Melgaço,AME-01,Ameaças,Incêndios e fumaça no Pantanal: doenças e internações respiratórias e deslocamentos de comunidades,DOCUMENTADO,1 passagem(ns) que nomeiam o município — corpus validado dos 255 estudos distintos (255 registros)
5101605,Barão de Melgaço,AME-02,Ameaças,Exposição a mercúrio (garimpo de ouro e queimadas) e a chumbo (queimadas) em Poconé e Barão de Melgaço,DOCUMENTADO,4 passagem(ns) que nomeiam o município — IBAMA (2006) - Plano de Manejo do Parque Nacional do Pantanal Matogros; ICMBio (2017) - Plano de Manejo da Estacao Ecologica Taiama; corpus validado dos 255 estudos distintos (255 registros)
5101605,Barão de Melgaço,AME-03,Ameaças,"Dengue e leishmanioses nos municípios pantaneiros de MT, sobretudo Cáceres (dados até 2016)",DOCUMENTADO,7 passagem(ns) que nomeiam o município — Plano Municipal de Saúde 2022-2025 - Barão de Melgaço; Plano de Educação 2015
5101605,Barão de Melgaço,AME-04,Ameaças,"Expropriação territorial e violência contra indígenas, quilombolas e comunidades pantaneiras",DOCUMENTADO,10 passagem(ns) que nomeiam o município — FERNANDEZ et al (2025) - Mapeamento Social de Povos e Comunidades Trad; Plano de Educação 2015; SEBRAE Pro-Pantanal - Diagnostico e Plano de Turismo - Barao de Melgac
5101605,Barão de Melgaço,AME-05,Ameaças,"Alterações no regime de cheias, seca e mudança do clima afetando segurança alimentar e saúde no Pantanal Norte de MT",DOCUMENTADO,2 passagem(ns) que nomeiam o município — SEBRAE Pro-Pantanal - Dinamica do Bioma em Barao de Melgaco-MT; corpus validado dos 255 estudos distintos (255 registros)
5101605,Barão de Melgaço,AME-06,Ameaças,"Legislação da pesca e pescadores artesanais em MT: Lei 12.197/2023, seguro-defeso e proibições sem consulta",DOCUMENTADO,2 passagem(ns) que nomeiam o município — corpus validado dos 255 estudos distintos (255 registros); Águas em Movimento - Um olhar sobre as práticas sociais do pantaneiro
5101605,Barão de Melgaço,AME-07,Ameaças,"Erosão de saberes tradicionais e do patrimônio imaterial em Barão de Melgaço, Cáceres e Santo Antônio de Leverger",DOCUMENTADO,3 passagem(ns) que nomeiam o município — SEBRAE Pro-Pantanal - Relatorio Final - Pesquisa Qualitativa IEL
5101605,Barão de Melgaço,AME-08,Ameaças,Hidrelétricas (APM Manso e PCHs) e a percepção de redução do pescado e da segurança alimentar ribeirinha em MT,DOCUMENTADO,6 passagem(ns) que nomeiam o município — SEBRAE Pro-Pantanal - Dinamica do Bioma em Barao de Melgaco-MT; SEBRAE Pro-Pantanal - Relatorio Final - Pesquisa Qualitativa IEL; corpus validado dos 255 estudos distintos (255 registros)
5101605,Barão de Melgaço,AME-09,Ameaças,Êxodo rural e periferização de peões e sitiantes pantaneiros em Cáceres,DOCUMENTADO,3 passagem(ns) que nomeiam o município — Plano de Educação 2015; SEBRAE Pro-Pantanal - Estudo da Dinamica do Bioma Pantanal Vol. 01; corpus validado dos 255 estudos distintos (255 registros)
5101605,Barão de Melgaço,AME-10,Ameaças,Fronteira com a Bolívia como rota do tráfico de drogas e de armas e suscetibilidade dos jovens de Cáceres,REGIONAL,2 fonte(s) de escala supramunicipal que cobrem o município — IBAMA (2006) - Plano de Manejo do Parque Nacional do Pantanal Matogros; UFMS (2023a) - Plano de Desenvolvimento e Integração da Faixa de Front — critério: a fonte cobre o município mas não o nomeia neste ponto: vale com ressalva de escala
5103437,Curvelândia,FOR-01,Forças,Saber tradicional de comunidades pantaneiras de Mato Grosso sobre o ciclo das águas e a previsão das cheias,CONTRAINDICADO,Dado municipal da Fase I refuta o item — critério: menos de 10% da área municipal no bioma Pantanal: não há comunidades da planície expostas ao ciclo das cheias
5103437,Curvelândia,FOR-02,Forças,Redes de solidariedade e reciprocidade em comunidades pantaneiras e entre pescadores artesanais de Mato Grosso,CONTRAINDICADO,Dado municipal da Fase I refuta o item — critério: menos de 10% da área municipal no bioma Pantanal: não há comunidades pantaneiras de planície
5103437,Curvelândia,FOR-03,Forças,"Festas de santo e danças tradicionais em Poconé, Barão de Melgaço e Santo Antônio de Leverger",DOCUMENTADO,"1 passagem(ns) que nomeiam o município — Lei Municipal nº 390, de 23/06/2015 - aprova o Plano Municipal de Educ"
5103437,Curvelândia,FOR-04,Forças,"Transmissão entre gerações de saberes e cultura na família, na roça e na pesca em comunidades de Mato Grosso",INFERIDO,Similaridade estrutural com município documentado — município de referência: Itiquira — critério: mesmo grupo sociodemográfico (Pequenos municípios de menor pobreza)
5103437,Curvelândia,FOR-05,Forças,"Rede comunitária de cuidado com benzeção, remédios caseiros e agente de saúde em Joselândia (dados de 2003 a 2013)",REGIONAL,1 fonte(s) de escala supramunicipal que cobrem o município — MITRAUD et al (2021) - Diagnóstico de povos e comunidades tradicionais — critério: a fonte cobre o município mas não o nomeia neste ponto: vale com ressalva de escala
5103437,Curvelândia,FOR-06,Forças,"Quintais para autoconsumo, práticas tradicionais e grupos de mulheres camponesas em Cáceres e Mirassol d'Oeste",REGIONAL,1 fonte(s) de escala supramunicipal que cobrem o município — MITRAUD et al (2021) - Diagnóstico de povos e comunidades tradicionais — critério: a fonte cobre o município mas não o nomeia neste ponto: vale com ressalva de escala
5103437,Curvelândia,FOR-07,Forças,"Presença da Unemat, do IFMT e de escolas do campo em Cáceres e no Pantanal Norte",DOCUMENTADO,"2 passagem(ns) que nomeiam o município — Lei Municipal nº 390, de 23/06/2015 - aprova o Plano Municipal de Educ"
5103437,Curvelândia,FOR-08,Forças,Povo Guató da TI Baía dos Guató (Barão de Melgaço): revitalização da língua e organização social tradicional,NÃO AVALIADO,"Item não inferível — critério: regra 2 — refere-se a um povo e a uma terra indígena determinados (Guató, TI Baía dos Guató)"
5103437,Curvelândia,FOR-09,Forças,"Oferta de serviços de saúde em Cáceres (ESF, hemodiálise pelo SUS, odontologia gratuita)",NÃO AVALIADO,"Item não inferível — critério: regra 2 — afirma a oferta de serviços determinados (ESF, hemodiálise pelo SUS, odontologia gratuita)"
5103437,Curvelândia,FOR-10,Forças,"Organização de pescadores artesanais em colônias no Pantanal Norte de Mato Grosso, com participação das mulheres",REGIONAL,1 fonte(s) de escala supramunicipal que cobrem o município — MITRAUD et al (2021) - Diagnóstico de povos e comunidades tradicionais — critério: a fonte cobre o município mas não o nomeia neste ponto: vale com ressalva de escala
5103437,Curvelândia,OPO-01,Oportunidades,Turismo de natureza com mão de obra local e renda para as famílias pantaneiras,CONTRAINDICADO,Dado municipal da Fase I refuta o item — critério: menos de 10% da área municipal no bioma Pantanal: não há turismo de natureza na planície pantaneira
5103437,Curvelândia,OPO-02,Oportunidades,"Aposentadoria rural, auxílio do defeso e Bolsa Família como fonte relevante de renda das famílias",REGIONAL,1 fonte(s) de escala supramunicipal que cobrem o município — MITRAUD et al (2021) - Diagnóstico de povos e comunidades tradicionais — critério: a fonte cobre o município mas não o nomeia neste ponto: vale com ressalva de escala
5103437,Curvelândia,OPO-03,Oportunidades,Reconhecimento legal de territórios e direitos de povos e comunidades tradicionais,REGIONAL,2 fonte(s) de escala supramunicipal que cobrem o município — MITRAUD et al (2021) - Diagnóstico de povos e comunidades tradicionais; UFMS (2023a) - Plano de Desenvolvimento e Integração da Faixa de Front — critério: a fonte cobre o município mas não o nomeia neste ponto: vale com ressalva de escala
5103437,Curvelândia,OPO-04,Oportunidades,Festas tradicionais e Dança dos Mascarados como atrativo de turismo cultural,DOCUMENTADO,"1 passagem(ns) que nomeiam o município — Lei Municipal nº 390, de 23/06/2015 - aprova o Plano Municipal de Educ"
5103437,Curvelândia,OPO-05,Oportunidades,Parcerias universidade–escola e cultura pantaneira na formação docente e no currículo,NÃO AVALIADO,Item não inferível — critério: regra 2 — refere-se a parcerias determinadas entre universidade e escolas
5103437,Curvelândia,OPO-06,Oportunidades,Qualificação profissional e organização de mulheres assentadas e extrativistas no Pantanal de MT,REGIONAL,2 fonte(s) de escala supramunicipal que cobrem o município — MITRAUD et al (2021) - Diagnóstico de povos e comunidades tradicionais; UFMS (2023a) - Plano de Desenvolvimento e Integração da Faixa de Front — critério: a fonte cobre o município mas não o nomeia neste ponto: vale com ressalva de escala
5103437,Curvelândia,OPO-07,Oportunidades,Cisternas e tecnologias sociais de água em escolas do campo e assentamentos de MT,NÃO AVALIADO,Item não inferível — critério: regra 2 — refere-se a projetos determinados em escolas do campo e assentamentos
5103437,Curvelândia,OPO-08,Oportunidades,Mapeamento social reconhecido pelo governo de MT e participação de pescadores e comunidades em conselhos e diálogos,DOCUMENTADO,1 passagem(ns) que nomeiam o município — MITRAUD et al (2021) - Diagnóstico de povos e comunidades tradicionais
5103437,Curvelândia,OPO-09,Oportunidades,Revitalização da língua Guató em Barão de Melgaço e formação intercultural de professores indígenas em MS,NÃO AVALIADO,Item não inferível — critério: regra 2 — refere-se a um povo determinado (Guató) e a cursos em MS
5103437,Curvelândia,OPO-10,Oportunidades,Saúde itinerante e atenção primária a comunidades ribeirinhas e pantaneiras em MS e em escala de bioma,CONTRAINDICADO,Dado municipal da Fase I refuta o item — critério: menos de 10% da área municipal no bioma Pantanal: não há comunidades ribeirinhas e pantaneiras de planície
5103437,Curvelândia,FRA-01,Fraquezas,Atenção à saúde esporádica ou ausente em comunidades ribeirinhas e rurais isoladas do Pantanal (estudos de 2011 a 2025),CONTRAINDICADO,Dado municipal da Fase I refuta o item — critério: menos de 10% da área municipal no bioma Pantanal: não há comunidades ribeirinhas isoladas pela planície
5103437,Curvelândia,FRA-02,Fraquezas,Esgotamento sanitário precário e doenças de veiculação hídrica em Cáceres e outras localidades de MT (2020 a 2025),INFERIDO,Similaridade estrutural com município documentado — município de referência: Itiquira; Juscimeira — critério: mesmo grupo sociodemográfico (Pequenos municípios de menor pobreza)
5103437,Curvelândia,FRA-03,Fraquezas,Insegurança hídrica prolongada em assentamentos e escolas do campo de Cáceres e em área de Joselândia (Barão de Melgaço),NÃO AVALIADO,"Item não inferível — critério: regra 2 — refere-se a assentamentos, escolas e localidade determinados"
5103437,Curvelândia,FRA-04,Fraquezas,"Baixa escolaridade e analfabetismo de ribeirinhos e pescadores em Barão de Melgaço, Poconé e Cáceres (2011 a 2026)",INFERIDO,Similaridade estrutural com município documentado — município de referência: Lambari D'Oeste; Juscimeira — critério: mesmo grupo sociodemográfico (Pequenos municípios de menor pobreza) e mesma posição no bioma (Planalto / entorno)
5103437,Curvelândia,FRA-05,Fraquezas,"Dificuldade de acesso à escola na cheia e falhas no transporte escolar, com evasão",DOCUMENTADO,"1 passagem(ns) que nomeiam o município — Lei Municipal nº 390, de 23/06/2015 - aprova o Plano Municipal de Educ"
5103437,Curvelândia,FRA-06,Fraquezas,"Esvaziamento rural do Pantanal entre 2010 e 2022, saída de jovens de Mimoso para Cuiabá e periferização em Cáceres",INFERIDO,Similaridade estrutural com município documentado — município de referência: Lambari D'Oeste — critério: mesmo grupo sociodemográfico (Pequenos municípios de menor pobreza) e mesma posição no bioma (Planalto / entorno)
5103437,Curvelândia,FRA-07,Fraquezas,"Pescadores artesanais de Cáceres e Poconé com renda baixa, dependência de atravessadores e invisibilidade",CONTRAINDICADO,Dado municipal da Fase I refuta o item — critério: menos de 10% da área municipal no bioma Pantanal: não há pesca artesanal de planície
5103437,Curvelândia,FRA-08,Fraquezas,Falta de escola indígena diferenciada e ausência de investimento público para o povo Guató (Barão de Melgaço),NÃO AVALIADO,"Item não inferível — critério: regra 2 — refere-se a um povo determinado (Guató, Barão de Melgaço)"
5103437,Curvelândia,FRA-09,Fraquezas,Baixa cobertura da Estratégia Saúde da Família e da atenção básica em Cáceres e Barão de Melgaço,DOCUMENTADO,1 passagem(ns) que nomeiam o município — UFMS (2023a) - Plano de Desenvolvimento e Integração da Faixa de Front
5103437,Curvelândia,FRA-10,Fraquezas,"IDHM 2010 abaixo de MT e do Brasil em renda e educação, menor em Barão de Melgaço, e renda de até um salário mínimo",DOCUMENTADO,"1 passagem(ns) que nomeiam o município — Lei Municipal nº 390, de 23/06/2015 - aprova o Plano Municipal de Educ"
5103437,Curvelândia,AME-01,Ameaças,Incêndios e fumaça no Pantanal: doenças e internações respiratórias e deslocamentos de comunidades,INFERIDO,Similaridade estrutural com município documentado — município de referência: Juscimeira — critério: mesmo grupo sociodemográfico (Pequenos municípios de menor pobreza) e mesma posição no bioma (Planalto / entorno)
5103437,Curvelândia,AME-02,Ameaças,Exposição a mercúrio (garimpo de ouro e queimadas) e a chumbo (queimadas) em Poconé e Barão de Melgaço,NÃO AVALIADO,Item não inferível — critério: regra 2 — refere-se a fontes determinadas de exposição (garimpo de ouro de Poconé)
5103437,Curvelândia,AME-03,Ameaças,"Dengue e leishmanioses nos municípios pantaneiros de MT, sobretudo Cáceres (dados até 2016)",INFERIDO,Similaridade estrutural com município documentado — município de referência: Itiquira; Juscimeira — critério: mesmo grupo sociodemográfico (Pequenos municípios de menor pobreza)
5103437,Curvelândia,AME-04,Ameaças,"Expropriação territorial e violência contra indígenas, quilombolas e comunidades pantaneiras",NÃO AVALIADO,Item não inferível — critério: regra 2 — afirma conflitos e atos determinados contra povos e comunidades nomeados
5103437,Curvelândia,AME-05,Ameaças,"Alterações no regime de cheias, seca e mudança do clima afetando segurança alimentar e saúde no Pantanal Norte de MT",CONTRAINDICADO,Dado municipal da Fase I refuta o item — critério: menos de 10% da área municipal no bioma Pantanal: o regime de cheias da planície não condiciona o município
5103437,Curvelândia,AME-06,Ameaças,"Legislação da pesca e pescadores artesanais em MT: Lei 12.197/2023, seguro-defeso e proibições sem consulta",REGIONAL,1 fonte(s) de escala supramunicipal que cobrem o município — UFMS (2023a) - Plano de Desenvolvimento e Integração da Faixa de Front — critério: a fonte cobre o município mas não o nomeia neste ponto: vale com ressalva de escala
5103437,Curvelândia,AME-07,Ameaças,"Erosão de saberes tradicionais e do patrimônio imaterial em Barão de Melgaço, Cáceres e Santo Antônio de Leverger",CONTRAINDICADO,Dado municipal da Fase I refuta o item — critério: menos de 10% da área municipal no bioma Pantanal: não há comunidades pantaneiras de planície
5103437,Curvelândia,AME-08,Ameaças,Hidrelétricas (APM Manso e PCHs) e a percepção de redução do pescado e da segurança alimentar ribeirinha em MT,NÃO AVALIADO,Item não inferível — critério: regra 2 — refere-se a empreendimentos determinados (APM Manso e PCHs)
5103437,Curvelândia,AME-09,Ameaças,Êxodo rural e periferização de peões e sitiantes pantaneiros em Cáceres,CONTRAINDICADO,Dado municipal da Fase I refuta o item — critério: menos de 10% da área municipal no bioma Pantanal: não há peões e sitiantes pantaneiros de planície
5103437,Curvelândia,AME-10,Ameaças,Fronteira com a Bolívia como rota do tráfico de drogas e de armas e suscetibilidade dos jovens de Cáceres,REGIONAL,1 fonte(s) de escala supramunicipal que cobrem o município — UFMS (2023a) - Plano de Desenvolvimento e Integração da Faixa de Front — critério: a fonte cobre o município mas não o nomeia neste ponto: vale com ressalva de escala
5102504,Cáceres,FOR-01,Forças,Saber tradicional de comunidades pantaneiras de Mato Grosso sobre o ciclo das águas e a previsão das cheias,DOCUMENTADO,5 passagem(ns) que nomeiam o município — FERNANDEZ et al (2025) - Mapeamento Social de Povos e Comunidades Trad; ICMBio (2017) - Plano de Manejo da Estacao Ecologica Taiama; SEBRAE Pro-Pantanal - Dinamica do Bioma em Caceres-MT
5102504,Cáceres,FOR-02,Forças,Redes de solidariedade e reciprocidade em comunidades pantaneiras e entre pescadores artesanais de Mato Grosso,DOCUMENTADO,1 passagem(ns) que nomeiam o município — corpus validado dos 255 estudos distintos (255 registros)
5102504,Cáceres,FOR-03,Forças,"Festas de santo e danças tradicionais em Poconé, Barão de Melgaço e Santo Antônio de Leverger",DOCUMENTADO,13 passagem(ns) que nomeiam o município — FERNANDEZ et al (2025) - Mapeamento Social de Povos e Comunidades Trad; ICMBio (2016) - Plano de Manejo da Estacao Ecologica Serra das Araras; Rossetto-Tocantins (2015) - Ambiente agrario do pantanal brasileiro -
5102504,Cáceres,FOR-04,Forças,"Transmissão entre gerações de saberes e cultura na família, na roça e na pesca em comunidades de Mato Grosso",DOCUMENTADO,7 passagem(ns) que nomeiam o município — FERNANDEZ et al (2025) - Mapeamento Social de Povos e Comunidades Trad; Rossetto-Tocantins (2015) - Ambiente agrario do pantanal brasileiro - ; SEBRAE Pro-Pantanal - Dinamica do Bioma em Caceres-MT
5102504,Cáceres,FOR-05,Forças,"Rede comunitária de cuidado com benzeção, remédios caseiros e agente de saúde em Joselândia (dados de 2003 a 2013)",DOCUMENTADO,3 passagem(ns) que nomeiam o município — FERNANDEZ et al (2025) - Mapeamento Social de Povos e Comunidades Trad; SEBRAE Pro-Pantanal - Dinamica do Bioma em Caceres-MT
5102504,Cáceres,FOR-06,Forças,"Quintais para autoconsumo, práticas tradicionais e grupos de mulheres camponesas em Cáceres e Mirassol d'Oeste",DOCUMENTADO,7 passagem(ns) que nomeiam o município — FERNANDEZ et al (2025) - Mapeamento Social de Povos e Comunidades Trad; Pantanal Brasileiro - Indicadores de Desenvolvimento Economico e Socio; SEBRAE Pro-Pantanal - Diagnostico e Plano de Turismo - Caceres-MT
5102504,Cáceres,FOR-07,Forças,"Presença da Unemat, do IFMT e de escolas do campo em Cáceres e no Pantanal Norte",DOCUMENTADO,27 passagem(ns) que nomeiam o município — ALMEIDA-SANTOS (2011) - As Comunidades Tradicionais Pantaneiras Barra ; FERNANDEZ et al (2025) - Mapeamento Social de Povos e Comunidades Trad; ICMBio (2016) - Plano de Manejo da Estacao Ecologica Serra das Araras
5102504,Cáceres,FOR-08,Forças,Povo Guató da TI Baía dos Guató (Barão de Melgaço): revitalização da língua e organização social tradicional,DOCUMENTADO,2 passagem(ns) que nomeiam o município — IBAMA (2006) - Plano de Manejo do Parque Nacional do Pantanal Matogros; SEBRAE-MT - Pró-Pantanal - Inventário Turístico - Poconé-MT
5102504,Cáceres,FOR-09,Forças,"Oferta de serviços de saúde em Cáceres (ESF, hemodiálise pelo SUS, odontologia gratuita)",DOCUMENTADO,7 passagem(ns) que nomeiam o município — IBAMA (2006) - Plano de Manejo do Parque Nacional do Pantanal Matogros; ICMBio (2016) - Plano de Manejo da Estacao Ecologica Serra das Araras; Plano Municipal de Saúde Cáceres-MT 2022-2025
5102504,Cáceres,FOR-10,Forças,"Organização de pescadores artesanais em colônias no Pantanal Norte de Mato Grosso, com participação das mulheres",DOCUMENTADO,22 passagem(ns) que nomeiam o município — FERNANDEZ et al (2025) - Mapeamento Social de Povos e Comunidades Trad; ICMBio (2017) - Plano de Manejo da Estacao Ecologica Taiama; ICMBio (2018) - Diagnóstico Dos Aspectos Socioambiental Da Proposta De
5102504,Cáceres,OPO-01,Oportunidades,Turismo de natureza com mão de obra local e renda para as famílias pantaneiras,DOCUMENTADO,13 passagem(ns) que nomeiam o município — ICMBio (2017) - Plano de Manejo da Estacao Ecologica Taiama; PRH_Rio-Paraguai - Consolidação da PRH-PY; SEBRAE Pro-Pantanal - Diagnostico e Plano de Turismo - Caceres-MT
5102504,Cáceres,OPO-02,Oportunidades,"Aposentadoria rural, auxílio do defeso e Bolsa Família como fonte relevante de renda das famílias",DOCUMENTADO,8 passagem(ns) que nomeiam o município — FERNANDEZ et al (2025) - Mapeamento Social de Povos e Comunidades Trad; ICMBio (2016) - Plano de Manejo da Estacao Ecologica Serra das Araras; ICMBio (2017) - Plano de Manejo da Estacao Ecologica Taiama
5102504,Cáceres,OPO-03,Oportunidades,Reconhecimento legal de territórios e direitos de povos e comunidades tradicionais,DOCUMENTADO,17 passagem(ns) que nomeiam o município — Dinamica agraria e sustentabilidade socioambiental no Pantanal brasile; FERNANDEZ et al (2025) - Mapeamento Social de Povos e Comunidades Trad; IBAMA (2006) - Plano de Manejo do Parque Nacional do Pantanal Matogros
5102504,Cáceres,OPO-04,Oportunidades,Festas tradicionais e Dança dos Mascarados como atrativo de turismo cultural,DOCUMENTADO,18 passagem(ns) que nomeiam o município — FERNANDEZ et al (2025) - Mapeamento Social de Povos e Comunidades Trad; Rossetto-Tocantins (2015) - Ambiente agrario do pantanal brasileiro - ; SEBRAE Pro-Pantanal - Diagnostico e Plano de Turismo - Caceres-MT
5102504,Cáceres,OPO-05,Oportunidades,Parcerias universidade–escola e cultura pantaneira na formação docente e no currículo,DOCUMENTADO,2 passagem(ns) que nomeiam o município — ICMBio (2018) - Diagnóstico Dos Aspectos Socioambiental Da Proposta De; corpus validado dos 255 estudos distintos (255 registros)
5102504,Cáceres,OPO-06,Oportunidades,Qualificação profissional e organização de mulheres assentadas e extrativistas no Pantanal de MT,DOCUMENTADO,"4 passagem(ns) que nomeiam o município — Lei Municipal nº 564, de 16/06/2015 - Plano Municipal de Educação; Lei nº 2.482, de 22/06/2015 - aprova o Plano Municipal de Educação de ; SEBRAE Pro-Pantanal - Diagnostico e Plano de Turismo - Caceres-MT"
5102504,Cáceres,OPO-07,Oportunidades,Cisternas e tecnologias sociais de água em escolas do campo e assentamentos de MT,DOCUMENTADO,4 passagem(ns) que nomeiam o município — FERNANDEZ et al (2025) - Mapeamento Social de Povos e Comunidades Trad; SEBRAE Pro-Pantanal - Relatorio Final - Pesquisa Qualitativa IEL; corpus validado dos 255 estudos distintos (255 registros)
5102504,Cáceres,OPO-08,Oportunidades,Mapeamento social reconhecido pelo governo de MT e participação de pescadores e comunidades em conselhos e diálogos,DOCUMENTADO,21 passagem(ns) que nomeiam o município — FERNANDEZ et al (2025) - Mapeamento Social de Povos e Comunidades Trad; ICMBio (2016) - Plano de Manejo da Estacao Ecologica Serra das Araras; ICMBio (2017) - Plano de Manejo da Estacao Ecologica Taiama
5102504,Cáceres,OPO-09,Oportunidades,Revitalização da língua Guató em Barão de Melgaço e formação intercultural de professores indígenas em MS,REGIONAL,2 fonte(s) de escala supramunicipal que cobrem o município — FERNANDEZ et al (2025) - Mapeamento Social de Povos e Comunidades Trad; ICMBio (2016) - Plano de Manejo da Estacao Ecologica Serra das Araras — critério: a fonte cobre o município mas não o nomeia neste ponto: vale com ressalva de escala
5102504,Cáceres,OPO-10,Oportunidades,Saúde itinerante e atenção primária a comunidades ribeirinhas e pantaneiras em MS e em escala de bioma,DOCUMENTADO,2 passagem(ns) que nomeiam o município — Plano Municipal de Saúde Cáceres-MT 2022-2025
5102504,Cáceres,FRA-01,Fraquezas,Atenção à saúde esporádica ou ausente em comunidades ribeirinhas e rurais isoladas do Pantanal (estudos de 2011 a 2025),DOCUMENTADO,1 passagem(ns) que nomeiam o município — SILVESTRE-FILHO/ROMEU (1974) - Caracteristicas e potencialidades do pa
5102504,Cáceres,FRA-02,Fraquezas,Esgotamento sanitário precário e doenças de veiculação hídrica em Cáceres e outras localidades de MT (2020 a 2025),DOCUMENTADO,11 passagem(ns) que nomeiam o município — LEAO et al (2017) - Problemas socioambientais no pantanal mato-grossen; Rossetto-Tocantins (2015) - Ambiente agrario do pantanal brasileiro - ; SEBRAE Pro-Pantanal - Diagnostico e Plano de Turismo - Caceres-MT
5102504,Cáceres,FRA-03,Fraquezas,Insegurança hídrica prolongada em assentamentos e escolas do campo de Cáceres e em área de Joselândia (Barão de Melgaço),DOCUMENTADO,21 passagem(ns) que nomeiam o município — Dinamica agraria e sustentabilidade socioambiental no Pantanal brasile; LEAO et al (2017) - Problemas socioambientais no pantanal mato-grossen; PRH_Rio-Paraguai - Consolidação da PRH-PY
5102504,Cáceres,FRA-04,Fraquezas,"Baixa escolaridade e analfabetismo de ribeirinhos e pescadores em Barão de Melgaço, Poconé e Cáceres (2011 a 2026)",DOCUMENTADO,5 passagem(ns) que nomeiam o município — FERNANDEZ et al (2025) - Mapeamento Social de Povos e Comunidades Trad; Rossetto-Tocantins (2015) - Ambiente agrario do pantanal brasileiro - ; SEBRAE Pro-Pantanal - Analise Economia Sustentavel - Caracterizacao so
5102504,Cáceres,FRA-05,Fraquezas,"Dificuldade de acesso à escola na cheia e falhas no transporte escolar, com evasão",REGIONAL,"2 fonte(s) de escala supramunicipal que cobrem o município — FERNANDEZ et al (2025) - Mapeamento Social de Povos e Comunidades Trad; Lei Municipal nº 390, de 23/06/2015 - aprova o Plano Municipal de Educ — critério: a fonte cobre o município mas não o nomeia neste ponto: vale com ressalva de escala"
5102504,Cáceres,FRA-06,Fraquezas,"Esvaziamento rural do Pantanal entre 2010 e 2022, saída de jovens de Mimoso para Cuiabá e periferização em Cáceres",DOCUMENTADO,7 passagem(ns) que nomeiam o município — FERNANDEZ et al (2025) - Mapeamento Social de Povos e Comunidades Trad; Rossetto-Tocantins (2015) - Ambiente agrario do pantanal brasileiro - ; SEBRAE Pro-Pantanal - Analise Economia Sustentavel - Caracterizacao so
5102504,Cáceres,FRA-07,Fraquezas,"Pescadores artesanais de Cáceres e Poconé com renda baixa, dependência de atravessadores e invisibilidade",DOCUMENTADO,5 passagem(ns) que nomeiam o município — FERNANDEZ et al (2025) - Mapeamento Social de Povos e Comunidades Trad; ICMBio (2017) - Plano de Manejo da Estacao Ecologica Taiama; ICMBio (2018) - Diagnóstico Dos Aspectos Socioambiental Da Proposta De
5102504,Cáceres,FRA-08,Fraquezas,Falta de escola indígena diferenciada e ausência de investimento público para o povo Guató (Barão de Melgaço),DOCUMENTADO,1 passagem(ns) que nomeiam o município — corpus validado dos 255 estudos distintos (255 registros)
5102504,Cáceres,FRA-09,Fraquezas,Baixa cobertura da Estratégia Saúde da Família e da atenção básica em Cáceres e Barão de Melgaço,DOCUMENTADO,4 passagem(ns) que nomeiam o município — Plano Municipal de Saúde Cáceres-MT 2022-2025; UFMS (2023a) - Plano de Desenvolvimento e Integração da Faixa de Front; corpus validado dos 255 estudos distintos (255 registros)
5102504,Cáceres,FRA-10,Fraquezas,"IDHM 2010 abaixo de MT e do Brasil em renda e educação, menor em Barão de Melgaço, e renda de até um salário mínimo",DOCUMENTADO,22 passagem(ns) que nomeiam o município — Dinamica agraria e sustentabilidade socioambiental no Pantanal brasile; FERNANDEZ et al (2025) - Mapeamento Social de Povos e Comunidades Trad; ICMBio (2016) - Plano de Manejo da Estacao Ecologica Serra das Araras
5102504,Cáceres,AME-01,Ameaças,Incêndios e fumaça no Pantanal: doenças e internações respiratórias e deslocamentos de comunidades,REGIONAL,4 fonte(s) de escala supramunicipal que cobrem o município — FERNANDEZ et al (2025) - Mapeamento Social de Povos e Comunidades Trad; Rossetto-Tocantins (2015) - Ambiente agrario do pantanal brasileiro - ; SEBRAE Pro-Pantanal - Inventario Turistico - Diagnostico Integrado do — critério: a fonte cobre o município mas não o nomeia neste ponto: vale com ressalva de escala
5102504,Cáceres,AME-02,Ameaças,Exposição a mercúrio (garimpo de ouro e queimadas) e a chumbo (queimadas) em Poconé e Barão de Melgaço,DOCUMENTADO,3 passagem(ns) que nomeiam o município — IBAMA (2006) - Plano de Manejo do Parque Nacional do Pantanal Matogros; ICMBio (2017) - Plano de Manejo da Estacao Ecologica Taiama
5102504,Cáceres,AME-03,Ameaças,"Dengue e leishmanioses nos municípios pantaneiros de MT, sobretudo Cáceres (dados até 2016)",DOCUMENTADO,3 passagem(ns) que nomeiam o município — Plano Municipal de Saúde Cáceres-MT 2022-2025; corpus validado dos 255 estudos distintos (255 registros)
5102504,Cáceres,AME-04,Ameaças,"Expropriação territorial e violência contra indígenas, quilombolas e comunidades pantaneiras",DOCUMENTADO,7 passagem(ns) que nomeiam o município — FERNANDEZ et al (2025) - Mapeamento Social de Povos e Comunidades Trad; LEAO et al (2017) - Problemas socioambientais no pantanal mato-grossen; Rossetto-Tocantins (2015) - Ambiente agrario do pantanal brasileiro -
5102504,Cáceres,AME-05,Ameaças,"Alterações no regime de cheias, seca e mudança do clima afetando segurança alimentar e saúde no Pantanal Norte de MT",DOCUMENTADO,7 passagem(ns) que nomeiam o município — FERNANDEZ et al (2025) - Mapeamento Social de Povos e Comunidades Trad; LEAO et al (2017) - Problemas socioambientais no pantanal mato-grossen; SEBRAE Pro-Pantanal - Dinamica do Bioma em Caceres-MT
5102504,Cáceres,AME-06,Ameaças,"Legislação da pesca e pescadores artesanais em MT: Lei 12.197/2023, seguro-defeso e proibições sem consulta",DOCUMENTADO,7 passagem(ns) que nomeiam o município — FERNANDEZ et al (2025) - Mapeamento Social de Povos e Comunidades Trad; ICMBio (2017) - Plano de Manejo da Estacao Ecologica Taiama; corpus validado dos 255 estudos distintos (255 registros)
5102504,Cáceres,AME-07,Ameaças,"Erosão de saberes tradicionais e do patrimônio imaterial em Barão de Melgaço, Cáceres e Santo Antônio de Leverger",DOCUMENTADO,4 passagem(ns) que nomeiam o município — SEBRAE Pro-Pantanal - Dinamica do Bioma em Caceres-MT; SEBRAE Pro-Pantanal - Relatorio Final - Pesquisa Qualitativa IEL; corpus validado dos 255 estudos distintos (255 registros)
5102504,Cáceres,AME-08,Ameaças,Hidrelétricas (APM Manso e PCHs) e a percepção de redução do pescado e da segurança alimentar ribeirinha em MT,DOCUMENTADO,12 passagem(ns) que nomeiam o município — FERNANDEZ et al (2025) - Mapeamento Social de Povos e Comunidades Trad; ICMBio (2017) - Plano de Manejo da Estacao Ecologica Taiama; SEBRAE Pro-Pantanal - Diagnostico e Plano de Turismo - Caceres-MT
5102504,Cáceres,AME-09,Ameaças,Êxodo rural e periferização de peões e sitiantes pantaneiros em Cáceres,DOCUMENTADO,4 passagem(ns) que nomeiam o município — ICMBio (2016) - Plano de Manejo da Estacao Ecologica Serra das Araras; LEAO et al (2017) - Problemas socioambientais no pantanal mato-grossen; SEBRAE Pro-Pantanal - Estudo da Dinamica do Bioma Pantanal Vol. 01
5102504,Cáceres,AME-10,Ameaças,Fronteira com a Bolívia como rota do tráfico de drogas e de armas e suscetibilidade dos jovens de Cáceres,DOCUMENTADO,2 passagem(ns) que nomeiam o município — SEBRAE Pro-Pantanal - Diagnostico e Plano de Turismo - Caceres-MT; corpus validado dos 255 estudos distintos (255 registros)
5103957,Glória D'Oeste,FOR-01,Forças,Saber tradicional de comunidades pantaneiras de Mato Grosso sobre o ciclo das águas e a previsão das cheias,CONTRAINDICADO,Dado municipal da Fase I refuta o item — critério: menos de 10% da área municipal no bioma Pantanal: não há comunidades da planície expostas ao ciclo das cheias
5103957,Glória D'Oeste,FOR-02,Forças,Redes de solidariedade e reciprocidade em comunidades pantaneiras e entre pescadores artesanais de Mato Grosso,CONTRAINDICADO,Dado municipal da Fase I refuta o item — critério: menos de 10% da área municipal no bioma Pantanal: não há comunidades pantaneiras de planície
5103957,Glória D'Oeste,FOR-03,Forças,"Festas de santo e danças tradicionais em Poconé, Barão de Melgaço e Santo Antônio de Leverger",REGIONAL,1 fonte(s) de escala supramunicipal que cobrem o município — UFMS (2023a) - Plano de Desenvolvimento e Integração da Faixa de Front — critério: a fonte cobre o município mas não o nomeia neste ponto: vale com ressalva de escala
5103957,Glória D'Oeste,FOR-04,Forças,"Transmissão entre gerações de saberes e cultura na família, na roça e na pesca em comunidades de Mato Grosso",INFERIDO,Similaridade estrutural com município documentado — município de referência: Itiquira — critério: mesmo grupo sociodemográfico (Pequenos municípios de menor pobreza)
5103957,Glória D'Oeste,FOR-05,Forças,"Rede comunitária de cuidado com benzeção, remédios caseiros e agente de saúde em Joselândia (dados de 2003 a 2013)",REGIONAL,1 fonte(s) de escala supramunicipal que cobrem o município — MITRAUD et al (2021) - Diagnóstico de povos e comunidades tradicionais — critério: a fonte cobre o município mas não o nomeia neste ponto: vale com ressalva de escala
5103957,Glória D'Oeste,FOR-06,Forças,"Quintais para autoconsumo, práticas tradicionais e grupos de mulheres camponesas em Cáceres e Mirassol d'Oeste",REGIONAL,1 fonte(s) de escala supramunicipal que cobrem o município — MITRAUD et al (2021) - Diagnóstico de povos e comunidades tradicionais — critério: a fonte cobre o município mas não o nomeia neste ponto: vale com ressalva de escala
5103957,Glória D'Oeste,FOR-07,Forças,"Presença da Unemat, do IFMT e de escolas do campo em Cáceres e no Pantanal Norte",DOCUMENTADO,"1 passagem(ns) que nomeiam o município — Lei Municipal nº 564, de 16/06/2015 - Plano Municipal de Educação"
5103957,Glória D'Oeste,FOR-08,Forças,Povo Guató da TI Baía dos Guató (Barão de Melgaço): revitalização da língua e organização social tradicional,NÃO AVALIADO,"Item não inferível — critério: regra 2 — refere-se a um povo e a uma terra indígena determinados (Guató, TI Baía dos Guató)"
5103957,Glória D'Oeste,FOR-09,Forças,"Oferta de serviços de saúde em Cáceres (ESF, hemodiálise pelo SUS, odontologia gratuita)",DOCUMENTADO,1 passagem(ns) que nomeiam o município — Plano Municipal de Saúde Glória D'Oeste-MT Plurianual 2022-2025
5103957,Glória D'Oeste,FOR-10,Forças,"Organização de pescadores artesanais em colônias no Pantanal Norte de Mato Grosso, com participação das mulheres",REGIONAL,1 fonte(s) de escala supramunicipal que cobrem o município — MITRAUD et al (2021) - Diagnóstico de povos e comunidades tradicionais — critério: a fonte cobre o município mas não o nomeia neste ponto: vale com ressalva de escala
5103957,Glória D'Oeste,OPO-01,Oportunidades,Turismo de natureza com mão de obra local e renda para as famílias pantaneiras,CONTRAINDICADO,Dado municipal da Fase I refuta o item — critério: menos de 10% da área municipal no bioma Pantanal: não há turismo de natureza na planície pantaneira
5103957,Glória D'Oeste,OPO-02,Oportunidades,"Aposentadoria rural, auxílio do defeso e Bolsa Família como fonte relevante de renda das famílias",DOCUMENTADO,1 passagem(ns) que nomeiam o município — Plano Municipal de Saúde Glória D'Oeste-MT Plurianual 2022-2025
5103957,Glória D'Oeste,OPO-03,Oportunidades,Reconhecimento legal de territórios e direitos de povos e comunidades tradicionais,REGIONAL,2 fonte(s) de escala supramunicipal que cobrem o município — MITRAUD et al (2021) - Diagnóstico de povos e comunidades tradicionais; UFMS (2023a) - Plano de Desenvolvimento e Integração da Faixa de Front — critério: a fonte cobre o município mas não o nomeia neste ponto: vale com ressalva de escala
5103957,Glória D'Oeste,OPO-04,Oportunidades,Festas tradicionais e Dança dos Mascarados como atrativo de turismo cultural,REGIONAL,1 fonte(s) de escala supramunicipal que cobrem o município — UFMS (2023a) - Plano de Desenvolvimento e Integração da Faixa de Front — critério: a fonte cobre o município mas não o nomeia neste ponto: vale com ressalva de escala
5103957,Glória D'Oeste,OPO-05,Oportunidades,Parcerias universidade–escola e cultura pantaneira na formação docente e no currículo,NÃO AVALIADO,Item não inferível — critério: regra 2 — refere-se a parcerias determinadas entre universidade e escolas
5103957,Glória D'Oeste,OPO-06,Oportunidades,Qualificação profissional e organização de mulheres assentadas e extrativistas no Pantanal de MT,REGIONAL,2 fonte(s) de escala supramunicipal que cobrem o município — MITRAUD et al (2021) - Diagnóstico de povos e comunidades tradicionais; UFMS (2023a) - Plano de Desenvolvimento e Integração da Faixa de Front — critério: a fonte cobre o município mas não o nomeia neste ponto: vale com ressalva de escala
5103957,Glória D'Oeste,OPO-07,Oportunidades,Cisternas e tecnologias sociais de água em escolas do campo e assentamentos de MT,NÃO AVALIADO,Item não inferível — critério: regra 2 — refere-se a projetos determinados em escolas do campo e assentamentos
5103957,Glória D'Oeste,OPO-08,Oportunidades,Mapeamento social reconhecido pelo governo de MT e participação de pescadores e comunidades em conselhos e diálogos,REGIONAL,1 fonte(s) de escala supramunicipal que cobrem o município — MITRAUD et al (2021) - Diagnóstico de povos e comunidades tradicionais — critério: a fonte cobre o município mas não o nomeia neste ponto: vale com ressalva de escala
5103957,Glória D'Oeste,OPO-09,Oportunidades,Revitalização da língua Guató em Barão de Melgaço e formação intercultural de professores indígenas em MS,NÃO AVALIADO,Item não inferível — critério: regra 2 — refere-se a um povo determinado (Guató) e a cursos em MS
5103957,Glória D'Oeste,OPO-10,Oportunidades,Saúde itinerante e atenção primária a comunidades ribeirinhas e pantaneiras em MS e em escala de bioma,CONTRAINDICADO,Dado municipal da Fase I refuta o item — critério: menos de 10% da área municipal no bioma Pantanal: não há comunidades ribeirinhas e pantaneiras de planície
5103957,Glória D'Oeste,FRA-01,Fraquezas,Atenção à saúde esporádica ou ausente em comunidades ribeirinhas e rurais isoladas do Pantanal (estudos de 2011 a 2025),CONTRAINDICADO,Dado municipal da Fase I refuta o item — critério: menos de 10% da área municipal no bioma Pantanal: não há comunidades ribeirinhas isoladas pela planície
5103957,Glória D'Oeste,FRA-02,Fraquezas,Esgotamento sanitário precário e doenças de veiculação hídrica em Cáceres e outras localidades de MT (2020 a 2025),INFERIDO,Similaridade estrutural com município documentado — município de referência: Itiquira; Juscimeira — critério: mesmo grupo sociodemográfico (Pequenos municípios de menor pobreza)
5103957,Glória D'Oeste,FRA-03,Fraquezas,Insegurança hídrica prolongada em assentamentos e escolas do campo de Cáceres e em área de Joselândia (Barão de Melgaço),NÃO AVALIADO,"Item não inferível — critério: regra 2 — refere-se a assentamentos, escolas e localidade determinados"
5103957,Glória D'Oeste,FRA-04,Fraquezas,"Baixa escolaridade e analfabetismo de ribeirinhos e pescadores em Barão de Melgaço, Poconé e Cáceres (2011 a 2026)",INFERIDO,Similaridade estrutural com município documentado — município de referência: Lambari D'Oeste; Juscimeira — critério: mesmo grupo sociodemográfico (Pequenos municípios de menor pobreza) e mesma posição no bioma (Planalto / entorno)
5103957,Glória D'Oeste,FRA-05,Fraquezas,"Dificuldade de acesso à escola na cheia e falhas no transporte escolar, com evasão",CONTRAINDICADO,Dado municipal da Fase I refuta o item — critério: menos de 10% da área municipal no bioma Pantanal: a cheia não interrompe o acesso à escola
5103957,Glória D'Oeste,FRA-06,Fraquezas,"Esvaziamento rural do Pantanal entre 2010 e 2022, saída de jovens de Mimoso para Cuiabá e periferização em Cáceres",INFERIDO,Similaridade estrutural com município documentado — município de referência: Lambari D'Oeste — critério: mesmo grupo sociodemográfico (Pequenos municípios de menor pobreza) e mesma posição no bioma (Planalto / entorno)
5103957,Glória D'Oeste,FRA-07,Fraquezas,"Pescadores artesanais de Cáceres e Poconé com renda baixa, dependência de atravessadores e invisibilidade",CONTRAINDICADO,Dado municipal da Fase I refuta o item — critério: menos de 10% da área municipal no bioma Pantanal: não há pesca artesanal de planície
5103957,Glória D'Oeste,FRA-08,Fraquezas,Falta de escola indígena diferenciada e ausência de investimento público para o povo Guató (Barão de Melgaço),NÃO AVALIADO,"Item não inferível — critério: regra 2 — refere-se a um povo determinado (Guató, Barão de Melgaço)"
5103957,Glória D'Oeste,FRA-09,Fraquezas,Baixa cobertura da Estratégia Saúde da Família e da atenção básica em Cáceres e Barão de Melgaço,DOCUMENTADO,2 passagem(ns) que nomeiam o município — Plano Municipal de Saúde Glória D'Oeste-MT Plurianual 2022-2025; UFMS (2023a) - Plano de Desenvolvimento e Integração da Faixa de Front
5103957,Glória D'Oeste,FRA-10,Fraquezas,"IDHM 2010 abaixo de MT e do Brasil em renda e educação, menor em Barão de Melgaço, e renda de até um salário mínimo",REGIONAL,1 fonte(s) de escala supramunicipal que cobrem o município — UFMS (2023a) - Plano de Desenvolvimento e Integração da Faixa de Front — critério: a fonte cobre o município mas não o nomeia neste ponto: vale com ressalva de escala
5103957,Glória D'Oeste,AME-01,Ameaças,Incêndios e fumaça no Pantanal: doenças e internações respiratórias e deslocamentos de comunidades,INFERIDO,Similaridade estrutural com município documentado — município de referência: Juscimeira — critério: mesmo grupo sociodemográfico (Pequenos municípios de menor pobreza) e mesma posição no bioma (Planalto / entorno)
5103957,Glória D'Oeste,AME-02,Ameaças,Exposição a mercúrio (garimpo de ouro e queimadas) e a chumbo (queimadas) em Poconé e Barão de Melgaço,NÃO AVALIADO,Item não inferível — critério: regra 2 — refere-se a fontes determinadas de exposição (garimpo de ouro de Poconé)
5103957,Glória D'Oeste,AME-03,Ameaças,"Dengue e leishmanioses nos municípios pantaneiros de MT, sobretudo Cáceres (dados até 2016)",INFERIDO,Similaridade estrutural com município documentado — município de referência: Itiquira; Juscimeira — critério: mesmo grupo sociodemográfico (Pequenos municípios de menor pobreza)
5103957,Glória D'Oeste,AME-04,Ameaças,"Expropriação territorial e violência contra indígenas, quilombolas e comunidades pantaneiras",NÃO AVALIADO,Item não inferível — critério: regra 2 — afirma conflitos e atos determinados contra povos e comunidades nomeados
5103957,Glória D'Oeste,AME-05,Ameaças,"Alterações no regime de cheias, seca e mudança do clima afetando segurança alimentar e saúde no Pantanal Norte de MT",CONTRAINDICADO,Dado municipal da Fase I refuta o item — critério: menos de 10% da área municipal no bioma Pantanal: o regime de cheias da planície não condiciona o município
5103957,Glória D'Oeste,AME-06,Ameaças,"Legislação da pesca e pescadores artesanais em MT: Lei 12.197/2023, seguro-defeso e proibições sem consulta",REGIONAL,1 fonte(s) de escala supramunicipal que cobrem o município — UFMS (2023a) - Plano de Desenvolvimento e Integração da Faixa de Front — critério: a fonte cobre o município mas não o nomeia neste ponto: vale com ressalva de escala
5103957,Glória D'Oeste,AME-07,Ameaças,"Erosão de saberes tradicionais e do patrimônio imaterial em Barão de Melgaço, Cáceres e Santo Antônio de Leverger",CONTRAINDICADO,Dado municipal da Fase I refuta o item — critério: menos de 10% da área municipal no bioma Pantanal: não há comunidades pantaneiras de planície
5103957,Glória D'Oeste,AME-08,Ameaças,Hidrelétricas (APM Manso e PCHs) e a percepção de redução do pescado e da segurança alimentar ribeirinha em MT,NÃO AVALIADO,Item não inferível — critério: regra 2 — refere-se a empreendimentos determinados (APM Manso e PCHs)
5103957,Glória D'Oeste,AME-09,Ameaças,Êxodo rural e periferização de peões e sitiantes pantaneiros em Cáceres,CONTRAINDICADO,Dado municipal da Fase I refuta o item — critério: menos de 10% da área municipal no bioma Pantanal: não há peões e sitiantes pantaneiros de planície
5103957,Glória D'Oeste,AME-10,Ameaças,Fronteira com a Bolívia como rota do tráfico de drogas e de armas e suscetibilidade dos jovens de Cáceres,REGIONAL,1 fonte(s) de escala supramunicipal que cobrem o município — UFMS (2023a) - Plano de Desenvolvimento e Integração da Faixa de Front — critério: a fonte cobre o município mas não o nomeia neste ponto: vale com ressalva de escala
5104609,Itiquira,FOR-01,Forças,Saber tradicional de comunidades pantaneiras de Mato Grosso sobre o ciclo das águas e a previsão das cheias,DOCUMENTADO,1 passagem(ns) que nomeiam o município — Plano Municipal de Educação [PME] e Anexos 2014-2024
5104609,Itiquira,FOR-02,Forças,Redes de solidariedade e reciprocidade em comunidades pantaneiras e entre pescadores artesanais de Mato Grosso,REGIONAL,2 fonte(s) de escala supramunicipal que cobrem o município — Dinamica agraria e sustentabilidade socioambiental no Pantanal brasile; MITRAUD et al (2021) - Diagnóstico de povos e comunidades tradicionais — critério: a fonte cobre o município mas não o nomeia neste ponto: vale com ressalva de escala
5104609,Itiquira,FOR-03,Forças,"Festas de santo e danças tradicionais em Poconé, Barão de Melgaço e Santo Antônio de Leverger",DOCUMENTADO,3 passagem(ns) que nomeiam o município — SEBRAE Pro-Pantanal - Dinamica do Bioma em Itiquira-MT; SEBRAE Pro-Pantanal - Relatorio Final - Pesquisa Qualitativa IEL
5104609,Itiquira,FOR-04,Forças,"Transmissão entre gerações de saberes e cultura na família, na roça e na pesca em comunidades de Mato Grosso",DOCUMENTADO,1 passagem(ns) que nomeiam o município — SEBRAE Pro-Pantanal - Relatorio Final - Pesquisa Qualitativa IEL
5104609,Itiquira,FOR-05,Forças,"Rede comunitária de cuidado com benzeção, remédios caseiros e agente de saúde em Joselândia (dados de 2003 a 2013)",DOCUMENTADO,1 passagem(ns) que nomeiam o município — SEBRAE Pro-Pantanal - Relatorio Final - Pesquisa Qualitativa IEL
5104609,Itiquira,FOR-06,Forças,"Quintais para autoconsumo, práticas tradicionais e grupos de mulheres camponesas em Cáceres e Mirassol d'Oeste",REGIONAL,2 fonte(s) de escala supramunicipal que cobrem o município — Dinamica agraria e sustentabilidade socioambiental no Pantanal brasile; MITRAUD et al (2021) - Diagnóstico de povos e comunidades tradicionais — critério: a fonte cobre o município mas não o nomeia neste ponto: vale com ressalva de escala
5104609,Itiquira,FOR-07,Forças,"Presença da Unemat, do IFMT e de escolas do campo em Cáceres e no Pantanal Norte",DOCUMENTADO,18 passagem(ns) que nomeiam o município — Plano Municipal de Educação [PME] e Anexos 2014-2024; SEBRAE Pro-Pantanal - Relatorio Final - Pesquisa Qualitativa IEL; SEBRAE-MT - Pró-Pantanal - Inventário Turístico - Itiquira-MT
5104609,Itiquira,FOR-08,Forças,Povo Guató da TI Baía dos Guató (Barão de Melgaço): revitalização da língua e organização social tradicional,DOCUMENTADO,1 passagem(ns) que nomeiam o município — Rossetto-Tocantins (2015) - Ambiente agrario do pantanal brasileiro -
5104609,Itiquira,FOR-09,Forças,"Oferta de serviços de saúde em Cáceres (ESF, hemodiálise pelo SUS, odontologia gratuita)",DOCUMENTADO,3 passagem(ns) que nomeiam o município — SEBRAE Pro-Pantanal - Dinamica do Bioma em Itiquira-MT; SEBRAE-MT - Pró-Pantanal - Inventário Turístico - Itiquira-MT
5104609,Itiquira,FOR-10,Forças,"Organização de pescadores artesanais em colônias no Pantanal Norte de Mato Grosso, com participação das mulheres",REGIONAL,3 fonte(s) de escala supramunicipal que cobrem o município — MITRAUD et al (2021) - Diagnóstico de povos e comunidades tradicionais; PRH_Rio-Paraguai - Consolidação da PRH-PY; Rossetto-Tocantins (2015) - Ambiente agrario do pantanal brasileiro - — critério: a fonte cobre o município mas não o nomeia neste ponto: vale com ressalva de escala
5104609,Itiquira,OPO-01,Oportunidades,Turismo de natureza com mão de obra local e renda para as famílias pantaneiras,DOCUMENTADO,3 passagem(ns) que nomeiam o município — SEBRAE Pro-Pantanal - Dinamica do Bioma em Itiquira-MT; SEBRAE Pro-Pantanal - Inventario Turistico - Diagnostico Integrado do ; SEBRAE-MT - Pró-Pantanal - Inventário Turístico - Itiquira-MT
5104609,Itiquira,OPO-02,Oportunidades,"Aposentadoria rural, auxílio do defeso e Bolsa Família como fonte relevante de renda das famílias",DOCUMENTADO,1 passagem(ns) que nomeiam o município — SEBRAE Pro-Pantanal - Diagnostico e Plano de Turismo - Itiquira-MT
5104609,Itiquira,OPO-03,Oportunidades,Reconhecimento legal de territórios e direitos de povos e comunidades tradicionais,REGIONAL,3 fonte(s) de escala supramunicipal que cobrem o município — MITRAUD et al (2021) - Diagnóstico de povos e comunidades tradicionais; PRH_Rio-Paraguai - Consolidação da PRH-PY; Rossetto-Tocantins (2015) - Ambiente agrario do pantanal brasileiro - — critério: a fonte cobre o município mas não o nomeia neste ponto: vale com ressalva de escala
5104609,Itiquira,OPO-04,Oportunidades,Festas tradicionais e Dança dos Mascarados como atrativo de turismo cultural,DOCUMENTADO,2 passagem(ns) que nomeiam o município — SEBRAE Pro-Pantanal - Dinamica do Bioma em Itiquira-MT; SEBRAE Pro-Pantanal - Relatorio Final - Pesquisa Qualitativa IEL
5104609,Itiquira,OPO-05,Oportunidades,Parcerias universidade–escola e cultura pantaneira na formação docente e no currículo,DOCUMENTADO,2 passagem(ns) que nomeiam o município — Plano Municipal de Educação [PME] e Anexos 2014-2024
5104609,Itiquira,OPO-06,Oportunidades,Qualificação profissional e organização de mulheres assentadas e extrativistas no Pantanal de MT,DOCUMENTADO,1 passagem(ns) que nomeiam o município — SEBRAE Pro-Pantanal - Relatorio Final - Pesquisa Qualitativa IEL
5104609,Itiquira,OPO-07,Oportunidades,Cisternas e tecnologias sociais de água em escolas do campo e assentamentos de MT,REGIONAL,1 fonte(s) de escala supramunicipal que cobrem o município — Rossetto-Tocantins (2015) - Ambiente agrario do pantanal brasileiro - — critério: a fonte cobre o município mas não o nomeia neste ponto: vale com ressalva de escala
5104609,Itiquira,OPO-08,Oportunidades,Mapeamento social reconhecido pelo governo de MT e participação de pescadores e comunidades em conselhos e diálogos,DOCUMENTADO,1 passagem(ns) que nomeiam o município — MITRAUD et al (2021) - Diagnóstico de povos e comunidades tradicionais
5104609,Itiquira,OPO-09,Oportunidades,Revitalização da língua Guató em Barão de Melgaço e formação intercultural de professores indígenas em MS,NÃO AVALIADO,Item não inferível — critério: regra 2 — refere-se a um povo determinado (Guató) e a cursos em MS
5104609,Itiquira,OPO-10,Oportunidades,Saúde itinerante e atenção primária a comunidades ribeirinhas e pantaneiras em MS e em escala de bioma,NÃO AVALIADO,"Sem fonte direta, sem cobertura territorial e sem par documentado no mesmo grupo sociodemográfico (e na mesma posição no bioma, nos itens que dependem da planície)"
5104609,Itiquira,FRA-01,Fraquezas,Atenção à saúde esporádica ou ausente em comunidades ribeirinhas e rurais isoladas do Pantanal (estudos de 2011 a 2025),REGIONAL,2 fonte(s) de escala supramunicipal que cobrem o município — Rossetto-Tocantins (2015) - Ambiente agrario do pantanal brasileiro - ; SEBRAE Pro-Pantanal - Dinamica do Bioma em Caceres-MT — critério: a fonte cobre o município mas não o nomeia neste ponto: vale com ressalva de escala
5104609,Itiquira,FRA-02,Fraquezas,Esgotamento sanitário precário e doenças de veiculação hídrica em Cáceres e outras localidades de MT (2020 a 2025),DOCUMENTADO,2 passagem(ns) que nomeiam o município — PRH_Rio-Paraguai - Consolidação da PRH-PY; SEBRAE-MT - Pró-Pantanal - Inventário Turístico - Itiquira-MT
5104609,Itiquira,FRA-03,Fraquezas,Insegurança hídrica prolongada em assentamentos e escolas do campo de Cáceres e em área de Joselândia (Barão de Melgaço),DOCUMENTADO,1 passagem(ns) que nomeiam o município — SEBRAE Pro-Pantanal - Estudo da Dinamica do Bioma Pantanal Vol. 01
5104609,Itiquira,FRA-04,Fraquezas,"Baixa escolaridade e analfabetismo de ribeirinhos e pescadores em Barão de Melgaço, Poconé e Cáceres (2011 a 2026)",DOCUMENTADO,3 passagem(ns) que nomeiam o município — Plano Municipal de Educação [PME] e Anexos 2014-2024; SEBRAE Pro-Pantanal - Analise Economia Sustentavel - Caracterizacao so; SEBRAE Pro-Pantanal - Estudo da Dinamica do Bioma Pantanal Vol. 01
5104609,Itiquira,FRA-05,Fraquezas,"Dificuldade de acesso à escola na cheia e falhas no transporte escolar, com evasão",NÃO AVALIADO,"Sem fonte direta, sem cobertura territorial e sem par documentado no mesmo grupo sociodemográfico (e na mesma posição no bioma, nos itens que dependem da planície)"
5104609,Itiquira,FRA-06,Fraquezas,"Esvaziamento rural do Pantanal entre 2010 e 2022, saída de jovens de Mimoso para Cuiabá e periferização em Cáceres",DOCUMENTADO,2 passagem(ns) que nomeiam o município — SEBRAE Pro-Pantanal - Analise Economia Sustentavel - Caracterizacao so; SEBRAE Pro-Pantanal - Estudo da Dinamica do Bioma Pantanal Vol. 01
5104609,Itiquira,FRA-07,Fraquezas,"Pescadores artesanais de Cáceres e Poconé com renda baixa, dependência de atravessadores e invisibilidade",REGIONAL,3 fonte(s) de escala supramunicipal que cobrem o município — MITRAUD et al (2021) - Diagnóstico de povos e comunidades tradicionais; PRH_Rio-Paraguai - Consolidação da PRH-PY; Rossetto-Tocantins (2015) - Ambiente agrario do pantanal brasileiro - — critério: a fonte cobre o município mas não o nomeia neste ponto: vale com ressalva de escala
5104609,Itiquira,FRA-08,Fraquezas,Falta de escola indígena diferenciada e ausência de investimento público para o povo Guató (Barão de Melgaço),NÃO AVALIADO,"Item não inferível — critério: regra 2 — refere-se a um povo determinado (Guató, Barão de Melgaço)"
5104609,Itiquira,FRA-09,Fraquezas,Baixa cobertura da Estratégia Saúde da Família e da atenção básica em Cáceres e Barão de Melgaço,INFERIDO,Similaridade estrutural com município documentado — município de referência: Curvelândia; Lambari D'Oeste; Glória D'Oeste; Juscimeira — critério: mesmo grupo sociodemográfico (Pequenos municípios de menor pobreza)
5104609,Itiquira,FRA-10,Fraquezas,"IDHM 2010 abaixo de MT e do Brasil em renda e educação, menor em Barão de Melgaço, e renda de até um salário mínimo",DOCUMENTADO,18 passagem(ns) que nomeiam o município — Dinamica agraria e sustentabilidade socioambiental no Pantanal brasile; Plano Municipal de Educação [PME] e Anexos 2014-2024; SEBRAE Pro-Pantanal - Analise Economia Sustentavel - Caracterizacao so
5104609,Itiquira,AME-01,Ameaças,Incêndios e fumaça no Pantanal: doenças e internações respiratórias e deslocamentos de comunidades,REGIONAL,3 fonte(s) de escala supramunicipal que cobrem o município — Rossetto-Tocantins (2015) - Ambiente agrario do pantanal brasileiro - ; SEBRAE Pro-Pantanal - Inventario Turistico - Diagnostico Integrado do ; SEBRAE Pro-Pantanal - Relatorio Final - Pesquisa Qualitativa IEL — critério: a fonte cobre o município mas não o nomeia neste ponto: vale com ressalva de escala
5104609,Itiquira,AME-02,Ameaças,Exposição a mercúrio (garimpo de ouro e queimadas) e a chumbo (queimadas) em Poconé e Barão de Melgaço,REGIONAL,2 fonte(s) de escala supramunicipal que cobrem o município — PRH_Rio-Paraguai - Consolidação da PRH-PY; SEBRAE Pro-Pantanal - Inventario Turistico - Diagnostico Integrado do — critério: a fonte cobre o município mas não o nomeia neste ponto: vale com ressalva de escala
5104609,Itiquira,AME-03,Ameaças,"Dengue e leishmanioses nos municípios pantaneiros de MT, sobretudo Cáceres (dados até 2016)",DOCUMENTADO,5 passagem(ns) que nomeiam o município — SEBRAE Pro-Pantanal - Diagnostico e Plano de Turismo - Itiquira-MT; SEBRAE Pro-Pantanal - Inventario Turistico - Diagnostico Integrado do ; SEBRAE-MT - Pró-Pantanal - Inventário Turístico - Itiquira-MT
5104609,Itiquira,AME-04,Ameaças,"Expropriação territorial e violência contra indígenas, quilombolas e comunidades pantaneiras",REGIONAL,2 fonte(s) de escala supramunicipal que cobrem o município — Dinamica agraria e sustentabilidade socioambiental no Pantanal brasile; Rossetto-Tocantins (2015) - Ambiente agrario do pantanal brasileiro - — critério: a fonte cobre o município mas não o nomeia neste ponto: vale com ressalva de escala
5104609,Itiquira,AME-05,Ameaças,"Alterações no regime de cheias, seca e mudança do clima afetando segurança alimentar e saúde no Pantanal Norte de MT",DOCUMENTADO,3 passagem(ns) que nomeiam o município — SEBRAE Pro-Pantanal - Dinamica do Bioma em Itiquira-MT
5104609,Itiquira,AME-06,Ameaças,"Legislação da pesca e pescadores artesanais em MT: Lei 12.197/2023, seguro-defeso e proibições sem consulta",NÃO AVALIADO,"Item não inferível — critério: regra 2 — fato da legislação estadual (Lei 12.197/2023), que vale igualmente para os treze municípios"
5104609,Itiquira,AME-07,Ameaças,"Erosão de saberes tradicionais e do patrimônio imaterial em Barão de Melgaço, Cáceres e Santo Antônio de Leverger",REGIONAL,2 fonte(s) de escala supramunicipal que cobrem o município — Rossetto-Tocantins (2015) - Ambiente agrario do pantanal brasileiro - ; SEBRAE Pro-Pantanal - Relatorio Final - Pesquisa Qualitativa IEL — critério: a fonte cobre o município mas não o nomeia neste ponto: vale com ressalva de escala
5104609,Itiquira,AME-08,Ameaças,Hidrelétricas (APM Manso e PCHs) e a percepção de redução do pescado e da segurança alimentar ribeirinha em MT,DOCUMENTADO,6 passagem(ns) que nomeiam o município — Rossetto-Tocantins (2015) - Ambiente agrario do pantanal brasileiro - ; SEBRAE Pro-Pantanal - Estudo da Dinamica do Bioma Pantanal Vol. 01; SEBRAE Pro-Pantanal - Inventario Turistico - Diagnostico Integrado do
5104609,Itiquira,AME-09,Ameaças,Êxodo rural e periferização de peões e sitiantes pantaneiros em Cáceres,DOCUMENTADO,1 passagem(ns) que nomeiam o município — Plano Municipal de Educação [PME] e Anexos 2014-2024
5104609,Itiquira,AME-10,Ameaças,Fronteira com a Bolívia como rota do tráfico de drogas e de armas e suscetibilidade dos jovens de Cáceres,NÃO AVALIADO,"Item não inferível — critério: regra 2 — depende da posição na linha de fronteira com a Bolívia, que a tipologia não mede"
5105200,Juscimeira,FOR-01,Forças,Saber tradicional de comunidades pantaneiras de Mato Grosso sobre o ciclo das águas e a previsão das cheias,CONTRAINDICADO,Dado municipal da Fase I refuta o item — critério: menos de 10% da área municipal no bioma Pantanal: não há comunidades da planície expostas ao ciclo das cheias
5105200,Juscimeira,FOR-02,Forças,Redes de solidariedade e reciprocidade em comunidades pantaneiras e entre pescadores artesanais de Mato Grosso,DOCUMENTADO,1 passagem(ns) que nomeiam o município — Plano Municipal de Saúde 2026-2029
5105200,Juscimeira,FOR-03,Forças,"Festas de santo e danças tradicionais em Poconé, Barão de Melgaço e Santo Antônio de Leverger",REGIONAL,2 fonte(s) de escala supramunicipal que cobrem o município — FERNANDEZ et al (2025) - Mapeamento Social de Povos e Comunidades Trad; Rossetto-Tocantins (2015) - Ambiente agrario do pantanal brasileiro - — critério: a fonte cobre o município mas não o nomeia neste ponto: vale com ressalva de escala
5105200,Juscimeira,FOR-04,Forças,"Transmissão entre gerações de saberes e cultura na família, na roça e na pesca em comunidades de Mato Grosso",REGIONAL,2 fonte(s) de escala supramunicipal que cobrem o município — FERNANDEZ et al (2025) - Mapeamento Social de Povos e Comunidades Trad; Rossetto-Tocantins (2015) - Ambiente agrario do pantanal brasileiro - — critério: a fonte cobre o município mas não o nomeia neste ponto: vale com ressalva de escala
5105200,Juscimeira,FOR-05,Forças,"Rede comunitária de cuidado com benzeção, remédios caseiros e agente de saúde em Joselândia (dados de 2003 a 2013)",DOCUMENTADO,1 passagem(ns) que nomeiam o município — 2022/2025 - PMS - Plano Municipal de Saúde
5105200,Juscimeira,FOR-06,Forças,"Quintais para autoconsumo, práticas tradicionais e grupos de mulheres camponesas em Cáceres e Mirassol d'Oeste",REGIONAL,2 fonte(s) de escala supramunicipal que cobrem o município — FERNANDEZ et al (2025) - Mapeamento Social de Povos e Comunidades Trad; MITRAUD et al (2021) - Diagnóstico de povos e comunidades tradicionais — critério: a fonte cobre o município mas não o nomeia neste ponto: vale com ressalva de escala
5105200,Juscimeira,FOR-07,Forças,"Presença da Unemat, do IFMT e de escolas do campo em Cáceres e no Pantanal Norte",DOCUMENTADO,1 passagem(ns) que nomeiam o município — Plano Municipal de Educação 2015-2025 (dispõe sobre o PME para o decên
5105200,Juscimeira,FOR-08,Forças,Povo Guató da TI Baía dos Guató (Barão de Melgaço): revitalização da língua e organização social tradicional,REGIONAL,2 fonte(s) de escala supramunicipal que cobrem o município — FERNANDEZ et al (2025) - Mapeamento Social de Povos e Comunidades Trad; Rossetto-Tocantins (2015) - Ambiente agrario do pantanal brasileiro - — critério: a fonte cobre o município mas não o nomeia neste ponto: vale com ressalva de escala
5105200,Juscimeira,FOR-09,Forças,"Oferta de serviços de saúde em Cáceres (ESF, hemodiálise pelo SUS, odontologia gratuita)",DOCUMENTADO,10 passagem(ns) que nomeiam o município — Plano Municipal de Saúde 2026-2029
5105200,Juscimeira,FOR-10,Forças,"Organização de pescadores artesanais em colônias no Pantanal Norte de Mato Grosso, com participação das mulheres",REGIONAL,3 fonte(s) de escala supramunicipal que cobrem o município — FERNANDEZ et al (2025) - Mapeamento Social de Povos e Comunidades Trad; MITRAUD et al (2021) - Diagnóstico de povos e comunidades tradicionais; Rossetto-Tocantins (2015) - Ambiente agrario do pantanal brasileiro - — critério: a fonte cobre o município mas não o nomeia neste ponto: vale com ressalva de escala
5105200,Juscimeira,OPO-01,Oportunidades,Turismo de natureza com mão de obra local e renda para as famílias pantaneiras,CONTRAINDICADO,Dado municipal da Fase I refuta o item — critério: menos de 10% da área municipal no bioma Pantanal: não há turismo de natureza na planície pantaneira
5105200,Juscimeira,OPO-02,Oportunidades,"Aposentadoria rural, auxílio do defeso e Bolsa Família como fonte relevante de renda das famílias",REGIONAL,3 fonte(s) de escala supramunicipal que cobrem o município — FERNANDEZ et al (2025) - Mapeamento Social de Povos e Comunidades Trad; MITRAUD et al (2021) - Diagnóstico de povos e comunidades tradicionais; Rossetto-Tocantins (2015) - Ambiente agrario do pantanal brasileiro - — critério: a fonte cobre o município mas não o nomeia neste ponto: vale com ressalva de escala
5105200,Juscimeira,OPO-03,Oportunidades,Reconhecimento legal de territórios e direitos de povos e comunidades tradicionais,DOCUMENTADO,1 passagem(ns) que nomeiam o município — Plano Municipal de Saúde 2026-2029
5105200,Juscimeira,OPO-04,Oportunidades,Festas tradicionais e Dança dos Mascarados como atrativo de turismo cultural,REGIONAL,2 fonte(s) de escala supramunicipal que cobrem o município — FERNANDEZ et al (2025) - Mapeamento Social de Povos e Comunidades Trad; Rossetto-Tocantins (2015) - Ambiente agrario do pantanal brasileiro - — critério: a fonte cobre o município mas não o nomeia neste ponto: vale com ressalva de escala
5105200,Juscimeira,OPO-05,Oportunidades,Parcerias universidade–escola e cultura pantaneira na formação docente e no currículo,REGIONAL,2 fonte(s) de escala supramunicipal que cobrem o município — FERNANDEZ et al (2025) - Mapeamento Social de Povos e Comunidades Trad; Rossetto-Tocantins (2015) - Ambiente agrario do pantanal brasileiro - — critério: a fonte cobre o município mas não o nomeia neste ponto: vale com ressalva de escala
5105200,Juscimeira,OPO-06,Oportunidades,Qualificação profissional e organização de mulheres assentadas e extrativistas no Pantanal de MT,REGIONAL,2 fonte(s) de escala supramunicipal que cobrem o município — FERNANDEZ et al (2025) - Mapeamento Social de Povos e Comunidades Trad; MITRAUD et al (2021) - Diagnóstico de povos e comunidades tradicionais — critério: a fonte cobre o município mas não o nomeia neste ponto: vale com ressalva de escala
5105200,Juscimeira,OPO-07,Oportunidades,Cisternas e tecnologias sociais de água em escolas do campo e assentamentos de MT,REGIONAL,2 fonte(s) de escala supramunicipal que cobrem o município — FERNANDEZ et al (2025) - Mapeamento Social de Povos e Comunidades Trad; Rossetto-Tocantins (2015) - Ambiente agrario do pantanal brasileiro - — critério: a fonte cobre o município mas não o nomeia neste ponto: vale com ressalva de escala
5105200,Juscimeira,OPO-08,Oportunidades,Mapeamento social reconhecido pelo governo de MT e participação de pescadores e comunidades em conselhos e diálogos,DOCUMENTADO,1 passagem(ns) que nomeiam o município — Plano Municipal de Educação 2015-2025 (dispõe sobre o PME para o decên
5105200,Juscimeira,OPO-09,Oportunidades,Revitalização da língua Guató em Barão de Melgaço e formação intercultural de professores indígenas em MS,REGIONAL,1 fonte(s) de escala supramunicipal que cobrem o município — FERNANDEZ et al (2025) - Mapeamento Social de Povos e Comunidades Trad — critério: a fonte cobre o município mas não o nomeia neste ponto: vale com ressalva de escala
5105200,Juscimeira,OPO-10,Oportunidades,Saúde itinerante e atenção primária a comunidades ribeirinhas e pantaneiras em MS e em escala de bioma,DOCUMENTADO,1 passagem(ns) que nomeiam o município — corpus validado dos 255 estudos distintos (255 registros)
5105200,Juscimeira,FRA-01,Fraquezas,Atenção à saúde esporádica ou ausente em comunidades ribeirinhas e rurais isoladas do Pantanal (estudos de 2011 a 2025),DOCUMENTADO,1 passagem(ns) que nomeiam o município — Plano Municipal de Saúde 2026-2029
5105200,Juscimeira,FRA-02,Fraquezas,Esgotamento sanitário precário e doenças de veiculação hídrica em Cáceres e outras localidades de MT (2020 a 2025),DOCUMENTADO,2 passagem(ns) que nomeiam o município — Plano Municipal de Saúde 2026-2029
5105200,Juscimeira,FRA-03,Fraquezas,Insegurança hídrica prolongada em assentamentos e escolas do campo de Cáceres e em área de Joselândia (Barão de Melgaço),REGIONAL,2 fonte(s) de escala supramunicipal que cobrem o município — FERNANDEZ et al (2025) - Mapeamento Social de Povos e Comunidades Trad; Rossetto-Tocantins (2015) - Ambiente agrario do pantanal brasileiro - — critério: a fonte cobre o município mas não o nomeia neste ponto: vale com ressalva de escala
5105200,Juscimeira,FRA-04,Fraquezas,"Baixa escolaridade e analfabetismo de ribeirinhos e pescadores em Barão de Melgaço, Poconé e Cáceres (2011 a 2026)",DOCUMENTADO,1 passagem(ns) que nomeiam o município — Plano Municipal de Saúde 2026-2029
5105200,Juscimeira,FRA-05,Fraquezas,"Dificuldade de acesso à escola na cheia e falhas no transporte escolar, com evasão",CONTRAINDICADO,Dado municipal da Fase I refuta o item — critério: menos de 10% da área municipal no bioma Pantanal: a cheia não interrompe o acesso à escola
5105200,Juscimeira,FRA-06,Fraquezas,"Esvaziamento rural do Pantanal entre 2010 e 2022, saída de jovens de Mimoso para Cuiabá e periferização em Cáceres",REGIONAL,1 fonte(s) de escala supramunicipal que cobrem o município — FERNANDEZ et al (2025) - Mapeamento Social de Povos e Comunidades Trad — critério: a fonte cobre o município mas não o nomeia neste ponto: vale com ressalva de escala
5105200,Juscimeira,FRA-07,Fraquezas,"Pescadores artesanais de Cáceres e Poconé com renda baixa, dependência de atravessadores e invisibilidade",CONTRAINDICADO,Dado municipal da Fase I refuta o item — critério: menos de 10% da área municipal no bioma Pantanal: não há pesca artesanal de planície
5105200,Juscimeira,FRA-08,Fraquezas,Falta de escola indígena diferenciada e ausência de investimento público para o povo Guató (Barão de Melgaço),REGIONAL,1 fonte(s) de escala supramunicipal que cobrem o município — FERNANDEZ et al (2025) - Mapeamento Social de Povos e Comunidades Trad — critério: a fonte cobre o município mas não o nomeia neste ponto: vale com ressalva de escala
5105200,Juscimeira,FRA-09,Fraquezas,Baixa cobertura da Estratégia Saúde da Família e da atenção básica em Cáceres e Barão de Melgaço,DOCUMENTADO,4 passagem(ns) que nomeiam o município — Plano Municipal de Saúde 2026-2029
5105200,Juscimeira,FRA-10,Fraquezas,"IDHM 2010 abaixo de MT e do Brasil em renda e educação, menor em Barão de Melgaço, e renda de até um salário mínimo",DOCUMENTADO,3 passagem(ns) que nomeiam o município — Plano Municipal de Educação 2015-2025 (dispõe sobre o PME para o decên; Plano Municipal de Saúde 2026-2029
5105200,Juscimeira,AME-01,Ameaças,Incêndios e fumaça no Pantanal: doenças e internações respiratórias e deslocamentos de comunidades,DOCUMENTADO,1 passagem(ns) que nomeiam o município — corpus validado dos 255 estudos distintos (255 registros)
5105200,Juscimeira,AME-02,Ameaças,Exposição a mercúrio (garimpo de ouro e queimadas) e a chumbo (queimadas) em Poconé e Barão de Melgaço,NÃO AVALIADO,Item não inferível — critério: regra 2 — refere-se a fontes determinadas de exposição (garimpo de ouro de Poconé)
5105200,Juscimeira,AME-03,Ameaças,"Dengue e leishmanioses nos municípios pantaneiros de MT, sobretudo Cáceres (dados até 2016)",DOCUMENTADO,4 passagem(ns) que nomeiam o município — Plano Municipal de Saúde 2026-2029
5105200,Juscimeira,AME-04,Ameaças,"Expropriação territorial e violência contra indígenas, quilombolas e comunidades pantaneiras",REGIONAL,2 fonte(s) de escala supramunicipal que cobrem o município — FERNANDEZ et al (2025) - Mapeamento Social de Povos e Comunidades Trad; Rossetto-Tocantins (2015) - Ambiente agrario do pantanal brasileiro - — critério: a fonte cobre o município mas não o nomeia neste ponto: vale com ressalva de escala
5105200,Juscimeira,AME-05,Ameaças,"Alterações no regime de cheias, seca e mudança do clima afetando segurança alimentar e saúde no Pantanal Norte de MT",CONTRAINDICADO,Dado municipal da Fase I refuta o item — critério: menos de 10% da área municipal no bioma Pantanal: o regime de cheias da planície não condiciona o município
5105200,Juscimeira,AME-06,Ameaças,"Legislação da pesca e pescadores artesanais em MT: Lei 12.197/2023, seguro-defeso e proibições sem consulta",REGIONAL,1 fonte(s) de escala supramunicipal que cobrem o município — FERNANDEZ et al (2025) - Mapeamento Social de Povos e Comunidades Trad — critério: a fonte cobre o município mas não o nomeia neste ponto: vale com ressalva de escala
5105200,Juscimeira,AME-07,Ameaças,"Erosão de saberes tradicionais e do patrimônio imaterial em Barão de Melgaço, Cáceres e Santo Antônio de Leverger",CONTRAINDICADO,Dado municipal da Fase I refuta o item — critério: menos de 10% da área municipal no bioma Pantanal: não há comunidades pantaneiras de planície
5105200,Juscimeira,AME-08,Ameaças,Hidrelétricas (APM Manso e PCHs) e a percepção de redução do pescado e da segurança alimentar ribeirinha em MT,REGIONAL,2 fonte(s) de escala supramunicipal que cobrem o município — FERNANDEZ et al (2025) - Mapeamento Social de Povos e Comunidades Trad; Rossetto-Tocantins (2015) - Ambiente agrario do pantanal brasileiro - — critério: a fonte cobre o município mas não o nomeia neste ponto: vale com ressalva de escala
5105200,Juscimeira,AME-09,Ameaças,Êxodo rural e periferização de peões e sitiantes pantaneiros em Cáceres,CONTRAINDICADO,Dado municipal da Fase I refuta o item — critério: menos de 10% da área municipal no bioma Pantanal: não há peões e sitiantes pantaneiros de planície
5105200,Juscimeira,AME-10,Ameaças,Fronteira com a Bolívia como rota do tráfico de drogas e de armas e suscetibilidade dos jovens de Cáceres,NÃO AVALIADO,"Item não inferível — critério: regra 2 — depende da posição na linha de fronteira com a Bolívia, que a tipologia não mede"
5105234,Lambari D'Oeste,FOR-01,Forças,Saber tradicional de comunidades pantaneiras de Mato Grosso sobre o ciclo das águas e a previsão das cheias,DOCUMENTADO,1 passagem(ns) que nomeiam o município — SEBRAE Pro-Pantanal - Dinamica do Bioma em Lambari d'Oeste-MT
5105234,Lambari D'Oeste,FOR-02,Forças,Redes de solidariedade e reciprocidade em comunidades pantaneiras e entre pescadores artesanais de Mato Grosso,DOCUMENTADO,1 passagem(ns) que nomeiam o município — Lei Municipal nº 525/2015 - aprova o Plano Municipal de Educação (anex
5105234,Lambari D'Oeste,FOR-03,Forças,"Festas de santo e danças tradicionais em Poconé, Barão de Melgaço e Santo Antônio de Leverger",DOCUMENTADO,3 passagem(ns) que nomeiam o município — SEBRAE Pro-Pantanal - Diagnostico e Plano de Turismo - Lambari d'Oeste; SEBRAE Pro-Pantanal - Dinamica do Bioma em Lambari d'Oeste-MT; SEBRAE Pro-Pantanal - Relatorio Final - Pesquisa Qualitativa IEL
5105234,Lambari D'Oeste,FOR-04,Forças,"Transmissão entre gerações de saberes e cultura na família, na roça e na pesca em comunidades de Mato Grosso",REGIONAL,2 fonte(s) de escala supramunicipal que cobrem o município — Rossetto-Tocantins (2015) - Ambiente agrario do pantanal brasileiro - ; SEBRAE Pro-Pantanal - Relatorio Final - Pesquisa Qualitativa IEL — critério: a fonte cobre o município mas não o nomeia neste ponto: vale com ressalva de escala
5105234,Lambari D'Oeste,FOR-05,Forças,"Rede comunitária de cuidado com benzeção, remédios caseiros e agente de saúde em Joselândia (dados de 2003 a 2013)",REGIONAL,1 fonte(s) de escala supramunicipal que cobrem o município — SEBRAE Pro-Pantanal - Dinamica do Bioma em Caceres-MT — critério: a fonte cobre o município mas não o nomeia neste ponto: vale com ressalva de escala
5105234,Lambari D'Oeste,FOR-06,Forças,"Quintais para autoconsumo, práticas tradicionais e grupos de mulheres camponesas em Cáceres e Mirassol d'Oeste",NÃO AVALIADO,Item não inferível — critério: regra 2 — refere-se a grupos e assentamentos determinados de Cáceres e Mirassol D'Oeste
5105234,Lambari D'Oeste,FOR-07,Forças,"Presença da Unemat, do IFMT e de escolas do campo em Cáceres e no Pantanal Norte",DOCUMENTADO,3 passagem(ns) que nomeiam o município — Lei Municipal nº 525/2015 - aprova o Plano Municipal de Educação (anex; SEBRAE-MT - Pró-Pantanal - Inventário Turístico - Lambari D'Oeste-MT
5105234,Lambari D'Oeste,FOR-08,Forças,Povo Guató da TI Baía dos Guató (Barão de Melgaço): revitalização da língua e organização social tradicional,REGIONAL,1 fonte(s) de escala supramunicipal que cobrem o município — Rossetto-Tocantins (2015) - Ambiente agrario do pantanal brasileiro - — critério: a fonte cobre o município mas não o nomeia neste ponto: vale com ressalva de escala
5105234,Lambari D'Oeste,FOR-09,Forças,"Oferta de serviços de saúde em Cáceres (ESF, hemodiálise pelo SUS, odontologia gratuita)",DOCUMENTADO,3 passagem(ns) que nomeiam o município — Lei Municipal nº 525/2015 - aprova o Plano Municipal de Educação (anex; SEBRAE-MT - Pró-Pantanal - Inventário Turístico - Lambari D'Oeste-MT
5105234,Lambari D'Oeste,FOR-10,Forças,"Organização de pescadores artesanais em colônias no Pantanal Norte de Mato Grosso, com participação das mulheres",REGIONAL,1 fonte(s) de escala supramunicipal que cobrem o município — Rossetto-Tocantins (2015) - Ambiente agrario do pantanal brasileiro - — critério: a fonte cobre o município mas não o nomeia neste ponto: vale com ressalva de escala
5105234,Lambari D'Oeste,OPO-01,Oportunidades,Turismo de natureza com mão de obra local e renda para as famílias pantaneiras,DOCUMENTADO,3 passagem(ns) que nomeiam o município — SEBRAE Pro-Pantanal - Diagnostico e Plano de Turismo - Lambari d'Oeste; SEBRAE Pro-Pantanal - Dinamica do Bioma em Lambari d'Oeste-MT; SEBRAE Pro-Pantanal - Inventario Turistico - Diagnostico Integrado do
5105234,Lambari D'Oeste,OPO-02,Oportunidades,"Aposentadoria rural, auxílio do defeso e Bolsa Família como fonte relevante de renda das famílias",REGIONAL,1 fonte(s) de escala supramunicipal que cobrem o município — Rossetto-Tocantins (2015) - Ambiente agrario do pantanal brasileiro - — critério: a fonte cobre o município mas não o nomeia neste ponto: vale com ressalva de escala
5105234,Lambari D'Oeste,OPO-03,Oportunidades,Reconhecimento legal de territórios e direitos de povos e comunidades tradicionais,REGIONAL,2 fonte(s) de escala supramunicipal que cobrem o município — Rossetto-Tocantins (2015) - Ambiente agrario do pantanal brasileiro - ; UFMS (2023a) - Plano de Desenvolvimento e Integração da Faixa de Front — critério: a fonte cobre o município mas não o nomeia neste ponto: vale com ressalva de escala
5105234,Lambari D'Oeste,OPO-04,Oportunidades,Festas tradicionais e Dança dos Mascarados como atrativo de turismo cultural,DOCUMENTADO,3 passagem(ns) que nomeiam o município — SEBRAE Pro-Pantanal - Diagnostico e Plano de Turismo - Lambari d'Oeste; SEBRAE Pro-Pantanal - Dinamica do Bioma em Lambari d'Oeste-MT; SEBRAE Pro-Pantanal - Relatorio Final - Pesquisa Qualitativa IEL
5105234,Lambari D'Oeste,OPO-05,Oportunidades,Parcerias universidade–escola e cultura pantaneira na formação docente e no currículo,REGIONAL,1 fonte(s) de escala supramunicipal que cobrem o município — Rossetto-Tocantins (2015) - Ambiente agrario do pantanal brasileiro - — critério: a fonte cobre o município mas não o nomeia neste ponto: vale com ressalva de escala
5105234,Lambari D'Oeste,OPO-06,Oportunidades,Qualificação profissional e organização de mulheres assentadas e extrativistas no Pantanal de MT,REGIONAL,2 fonte(s) de escala supramunicipal que cobrem o município — SEBRAE Pro-Pantanal - Relatorio Final - Pesquisa Qualitativa IEL; UFMS (2023a) - Plano de Desenvolvimento e Integração da Faixa de Front — critério: a fonte cobre o município mas não o nomeia neste ponto: vale com ressalva de escala
5105234,Lambari D'Oeste,OPO-07,Oportunidades,Cisternas e tecnologias sociais de água em escolas do campo e assentamentos de MT,REGIONAL,1 fonte(s) de escala supramunicipal que cobrem o município — Rossetto-Tocantins (2015) - Ambiente agrario do pantanal brasileiro - — critério: a fonte cobre o município mas não o nomeia neste ponto: vale com ressalva de escala
5105234,Lambari D'Oeste,OPO-08,Oportunidades,Mapeamento social reconhecido pelo governo de MT e participação de pescadores e comunidades em conselhos e diálogos,REGIONAL,1 fonte(s) de escala supramunicipal que cobrem o município — Rossetto-Tocantins (2015) - Ambiente agrario do pantanal brasileiro - — critério: a fonte cobre o município mas não o nomeia neste ponto: vale com ressalva de escala
5105234,Lambari D'Oeste,OPO-09,Oportunidades,Revitalização da língua Guató em Barão de Melgaço e formação intercultural de professores indígenas em MS,NÃO AVALIADO,Item não inferível — critério: regra 2 — refere-se a um povo determinado (Guató) e a cursos em MS
5105234,Lambari D'Oeste,OPO-10,Oportunidades,Saúde itinerante e atenção primária a comunidades ribeirinhas e pantaneiras em MS e em escala de bioma,CONTRAINDICADO,Dado municipal da Fase I refuta o item — critério: menos de 10% da área municipal no bioma Pantanal: não há comunidades ribeirinhas e pantaneiras de planície
5105234,Lambari D'Oeste,FRA-01,Fraquezas,Atenção à saúde esporádica ou ausente em comunidades ribeirinhas e rurais isoladas do Pantanal (estudos de 2011 a 2025),CONTRAINDICADO,Dado municipal da Fase I refuta o item — critério: menos de 10% da área municipal no bioma Pantanal: não há comunidades ribeirinhas isoladas pela planície
5105234,Lambari D'Oeste,FRA-02,Fraquezas,Esgotamento sanitário precário e doenças de veiculação hídrica em Cáceres e outras localidades de MT (2020 a 2025),REGIONAL,2 fonte(s) de escala supramunicipal que cobrem o município — Rossetto-Tocantins (2015) - Ambiente agrario do pantanal brasileiro - ; SEBRAE Pro-Pantanal - Inventario Turistico - Diagnostico Integrado do — critério: a fonte cobre o município mas não o nomeia neste ponto: vale com ressalva de escala
5105234,Lambari D'Oeste,FRA-03,Fraquezas,Insegurança hídrica prolongada em assentamentos e escolas do campo de Cáceres e em área de Joselândia (Barão de Melgaço),REGIONAL,2 fonte(s) de escala supramunicipal que cobrem o município — Rossetto-Tocantins (2015) - Ambiente agrario do pantanal brasileiro - ; SEBRAE Pro-Pantanal - Relatorio Final - Pesquisa Qualitativa IEL — critério: a fonte cobre o município mas não o nomeia neste ponto: vale com ressalva de escala
5105234,Lambari D'Oeste,FRA-04,Fraquezas,"Baixa escolaridade e analfabetismo de ribeirinhos e pescadores em Barão de Melgaço, Poconé e Cáceres (2011 a 2026)",DOCUMENTADO,1 passagem(ns) que nomeiam o município — SEBRAE Pro-Pantanal - Analise Economia Sustentavel - Caracterizacao so
5105234,Lambari D'Oeste,FRA-05,Fraquezas,"Dificuldade de acesso à escola na cheia e falhas no transporte escolar, com evasão",CONTRAINDICADO,Dado municipal da Fase I refuta o item — critério: menos de 10% da área municipal no bioma Pantanal: a cheia não interrompe o acesso à escola
5105234,Lambari D'Oeste,FRA-06,Fraquezas,"Esvaziamento rural do Pantanal entre 2010 e 2022, saída de jovens de Mimoso para Cuiabá e periferização em Cáceres",DOCUMENTADO,2 passagem(ns) que nomeiam o município — SEBRAE Pro-Pantanal - Analise Economia Sustentavel - Caracterizacao so; SEBRAE Pro-Pantanal - Estudo da Dinamica do Bioma Pantanal Vol. 01
5105234,Lambari D'Oeste,FRA-07,Fraquezas,"Pescadores artesanais de Cáceres e Poconé com renda baixa, dependência de atravessadores e invisibilidade",CONTRAINDICADO,Dado municipal da Fase I refuta o item — critério: menos de 10% da área municipal no bioma Pantanal: não há pesca artesanal de planície
5105234,Lambari D'Oeste,FRA-08,Fraquezas,Falta de escola indígena diferenciada e ausência de investimento público para o povo Guató (Barão de Melgaço),NÃO AVALIADO,"Item não inferível — critério: regra 2 — refere-se a um povo determinado (Guató, Barão de Melgaço)"
5105234,Lambari D'Oeste,FRA-09,Fraquezas,Baixa cobertura da Estratégia Saúde da Família e da atenção básica em Cáceres e Barão de Melgaço,DOCUMENTADO,1 passagem(ns) que nomeiam o município — UFMS (2023a) - Plano de Desenvolvimento e Integração da Faixa de Front
5105234,Lambari D'Oeste,FRA-10,Fraquezas,"IDHM 2010 abaixo de MT e do Brasil em renda e educação, menor em Barão de Melgaço, e renda de até um salário mínimo",DOCUMENTADO,5 passagem(ns) que nomeiam o município — SEBRAE Pro-Pantanal - Dinamica do Bioma em Lambari d'Oeste-MT; SEBRAE-MT - Pró-Pantanal - Inventário Turístico - Lambari D'Oeste-MT
5105234,Lambari D'Oeste,AME-01,Ameaças,Incêndios e fumaça no Pantanal: doenças e internações respiratórias e deslocamentos de comunidades,REGIONAL,3 fonte(s) de escala supramunicipal que cobrem o município — Rossetto-Tocantins (2015) - Ambiente agrario do pantanal brasileiro - ; SEBRAE Pro-Pantanal - Inventario Turistico - Diagnostico Integrado do ; SEBRAE Pro-Pantanal - Relatorio Final - Pesquisa Qualitativa IEL — critério: a fonte cobre o município mas não o nomeia neste ponto: vale com ressalva de escala
5105234,Lambari D'Oeste,AME-02,Ameaças,Exposição a mercúrio (garimpo de ouro e queimadas) e a chumbo (queimadas) em Poconé e Barão de Melgaço,REGIONAL,1 fonte(s) de escala supramunicipal que cobrem o município — SEBRAE Pro-Pantanal - Inventario Turistico - Diagnostico Integrado do — critério: a fonte cobre o município mas não o nomeia neste ponto: vale com ressalva de escala
5105234,Lambari D'Oeste,AME-03,Ameaças,"Dengue e leishmanioses nos municípios pantaneiros de MT, sobretudo Cáceres (dados até 2016)",INFERIDO,Similaridade estrutural com município documentado — município de referência: Itiquira; Juscimeira — critério: mesmo grupo sociodemográfico (Pequenos municípios de menor pobreza)
5105234,Lambari D'Oeste,AME-04,Ameaças,"Expropriação territorial e violência contra indígenas, quilombolas e comunidades pantaneiras",REGIONAL,1 fonte(s) de escala supramunicipal que cobrem o município — Rossetto-Tocantins (2015) - Ambiente agrario do pantanal brasileiro - — critério: a fonte cobre o município mas não o nomeia neste ponto: vale com ressalva de escala
5105234,Lambari D'Oeste,AME-05,Ameaças,"Alterações no regime de cheias, seca e mudança do clima afetando segurança alimentar e saúde no Pantanal Norte de MT",DOCUMENTADO,3 passagem(ns) que nomeiam o município — SEBRAE Pro-Pantanal - Dinamica do Bioma em Lambari d'Oeste-MT
5105234,Lambari D'Oeste,AME-06,Ameaças,"Legislação da pesca e pescadores artesanais em MT: Lei 12.197/2023, seguro-defeso e proibições sem consulta",REGIONAL,1 fonte(s) de escala supramunicipal que cobrem o município — UFMS (2023a) - Plano de Desenvolvimento e Integração da Faixa de Front — critério: a fonte cobre o município mas não o nomeia neste ponto: vale com ressalva de escala
5105234,Lambari D'Oeste,AME-07,Ameaças,"Erosão de saberes tradicionais e do patrimônio imaterial em Barão de Melgaço, Cáceres e Santo Antônio de Leverger",DOCUMENTADO,2 passagem(ns) que nomeiam o município — SEBRAE Pro-Pantanal - Dinamica do Bioma em Lambari d'Oeste-MT; SEBRAE Pro-Pantanal - Relatorio Final - Pesquisa Qualitativa IEL
5105234,Lambari D'Oeste,AME-08,Ameaças,Hidrelétricas (APM Manso e PCHs) e a percepção de redução do pescado e da segurança alimentar ribeirinha em MT,DOCUMENTADO,5 passagem(ns) que nomeiam o município — SEBRAE Pro-Pantanal - Dinamica do Bioma em Lambari d'Oeste-MT; SEBRAE Pro-Pantanal - Inventario Turistico - Diagnostico Integrado do ; SEBRAE Pro-Pantanal - Relatorio Final - Pesquisa Qualitativa IEL
5105234,Lambari D'Oeste,AME-09,Ameaças,Êxodo rural e periferização de peões e sitiantes pantaneiros em Cáceres,CONTRAINDICADO,Dado municipal da Fase I refuta o item — critério: menos de 10% da área municipal no bioma Pantanal: não há peões e sitiantes pantaneiros de planície
5105234,Lambari D'Oeste,AME-10,Ameaças,Fronteira com a Bolívia como rota do tráfico de drogas e de armas e suscetibilidade dos jovens de Cáceres,REGIONAL,1 fonte(s) de escala supramunicipal que cobrem o município — UFMS (2023a) - Plano de Desenvolvimento e Integração da Faixa de Front — critério: a fonte cobre o município mas não o nomeia neste ponto: vale com ressalva de escala
5105622,Mirassol D'Oeste,FOR-01,Forças,Saber tradicional de comunidades pantaneiras de Mato Grosso sobre o ciclo das águas e a previsão das cheias,CONTRAINDICADO,Dado municipal da Fase I refuta o item — critério: menos de 10% da área municipal no bioma Pantanal: não há comunidades da planície expostas ao ciclo das cheias
5105622,Mirassol D'Oeste,FOR-02,Forças,Redes de solidariedade e reciprocidade em comunidades pantaneiras e entre pescadores artesanais de Mato Grosso,CONTRAINDICADO,Dado municipal da Fase I refuta o item — critério: menos de 10% da área municipal no bioma Pantanal: não há comunidades pantaneiras de planície
5105622,Mirassol D'Oeste,FOR-03,Forças,"Festas de santo e danças tradicionais em Poconé, Barão de Melgaço e Santo Antônio de Leverger",REGIONAL,2 fonte(s) de escala supramunicipal que cobrem o município — Rossetto-Tocantins (2015) - Ambiente agrario do pantanal brasileiro - ; UFMS (2023a) - Plano de Desenvolvimento e Integração da Faixa de Front — critério: a fonte cobre o município mas não o nomeia neste ponto: vale com ressalva de escala
5105622,Mirassol D'Oeste,FOR-04,Forças,"Transmissão entre gerações de saberes e cultura na família, na roça e na pesca em comunidades de Mato Grosso",REGIONAL,1 fonte(s) de escala supramunicipal que cobrem o município — Rossetto-Tocantins (2015) - Ambiente agrario do pantanal brasileiro - — critério: a fonte cobre o município mas não o nomeia neste ponto: vale com ressalva de escala
5105622,Mirassol D'Oeste,FOR-05,Forças,"Rede comunitária de cuidado com benzeção, remédios caseiros e agente de saúde em Joselândia (dados de 2003 a 2013)",NÃO AVALIADO,"Item não inferível — critério: regra 2 — refere-se a uma localidade determinada (Joselândia, Barão de Melgaço)"
5105622,Mirassol D'Oeste,FOR-06,Forças,"Quintais para autoconsumo, práticas tradicionais e grupos de mulheres camponesas em Cáceres e Mirassol d'Oeste",NÃO AVALIADO,Item não inferível — critério: regra 2 — refere-se a grupos e assentamentos determinados de Cáceres e Mirassol D'Oeste
5105622,Mirassol D'Oeste,FOR-07,Forças,"Presença da Unemat, do IFMT e de escolas do campo em Cáceres e no Pantanal Norte",DOCUMENTADO,"4 passagem(ns) que nomeiam o município — Anexo da Lei 1311/2015 - Plano Municipal de Educação 2015-2025; Lei Municipal nº 390, de 23/06/2015 - aprova o Plano Municipal de Educ; SEBRAE-MT - Pró-Pantanal - Inventário Turístico - Lambari D'Oeste-MT"
5105622,Mirassol D'Oeste,FOR-08,Forças,Povo Guató da TI Baía dos Guató (Barão de Melgaço): revitalização da língua e organização social tradicional,REGIONAL,1 fonte(s) de escala supramunicipal que cobrem o município — Rossetto-Tocantins (2015) - Ambiente agrario do pantanal brasileiro - — critério: a fonte cobre o município mas não o nomeia neste ponto: vale com ressalva de escala
5105622,Mirassol D'Oeste,FOR-09,Forças,"Oferta de serviços de saúde em Cáceres (ESF, hemodiálise pelo SUS, odontologia gratuita)",NÃO AVALIADO,"Item não inferível — critério: regra 2 — afirma a oferta de serviços determinados (ESF, hemodiálise pelo SUS, odontologia gratuita)"
5105622,Mirassol D'Oeste,FOR-10,Forças,"Organização de pescadores artesanais em colônias no Pantanal Norte de Mato Grosso, com participação das mulheres",REGIONAL,1 fonte(s) de escala supramunicipal que cobrem o município — Rossetto-Tocantins (2015) - Ambiente agrario do pantanal brasileiro - — critério: a fonte cobre o município mas não o nomeia neste ponto: vale com ressalva de escala
5105622,Mirassol D'Oeste,OPO-01,Oportunidades,Turismo de natureza com mão de obra local e renda para as famílias pantaneiras,CONTRAINDICADO,Dado municipal da Fase I refuta o item — critério: menos de 10% da área municipal no bioma Pantanal: não há turismo de natureza na planície pantaneira
5105622,Mirassol D'Oeste,OPO-02,Oportunidades,"Aposentadoria rural, auxílio do defeso e Bolsa Família como fonte relevante de renda das famílias",REGIONAL,1 fonte(s) de escala supramunicipal que cobrem o município — Rossetto-Tocantins (2015) - Ambiente agrario do pantanal brasileiro - — critério: a fonte cobre o município mas não o nomeia neste ponto: vale com ressalva de escala
5105622,Mirassol D'Oeste,OPO-03,Oportunidades,Reconhecimento legal de territórios e direitos de povos e comunidades tradicionais,REGIONAL,2 fonte(s) de escala supramunicipal que cobrem o município — Rossetto-Tocantins (2015) - Ambiente agrario do pantanal brasileiro - ; UFMS (2023a) - Plano de Desenvolvimento e Integração da Faixa de Front — critério: a fonte cobre o município mas não o nomeia neste ponto: vale com ressalva de escala
5105622,Mirassol D'Oeste,OPO-04,Oportunidades,Festas tradicionais e Dança dos Mascarados como atrativo de turismo cultural,REGIONAL,2 fonte(s) de escala supramunicipal que cobrem o município — Rossetto-Tocantins (2015) - Ambiente agrario do pantanal brasileiro - ; UFMS (2023a) - Plano de Desenvolvimento e Integração da Faixa de Front — critério: a fonte cobre o município mas não o nomeia neste ponto: vale com ressalva de escala
5105622,Mirassol D'Oeste,OPO-05,Oportunidades,Parcerias universidade–escola e cultura pantaneira na formação docente e no currículo,REGIONAL,1 fonte(s) de escala supramunicipal que cobrem o município — Rossetto-Tocantins (2015) - Ambiente agrario do pantanal brasileiro - — critério: a fonte cobre o município mas não o nomeia neste ponto: vale com ressalva de escala
5105622,Mirassol D'Oeste,OPO-06,Oportunidades,Qualificação profissional e organização de mulheres assentadas e extrativistas no Pantanal de MT,DOCUMENTADO,1 passagem(ns) que nomeiam o município — corpus validado dos 255 estudos distintos (255 registros)
5105622,Mirassol D'Oeste,OPO-07,Oportunidades,Cisternas e tecnologias sociais de água em escolas do campo e assentamentos de MT,REGIONAL,1 fonte(s) de escala supramunicipal que cobrem o município — Rossetto-Tocantins (2015) - Ambiente agrario do pantanal brasileiro - — critério: a fonte cobre o município mas não o nomeia neste ponto: vale com ressalva de escala
5105622,Mirassol D'Oeste,OPO-08,Oportunidades,Mapeamento social reconhecido pelo governo de MT e participação de pescadores e comunidades em conselhos e diálogos,REGIONAL,1 fonte(s) de escala supramunicipal que cobrem o município — Rossetto-Tocantins (2015) - Ambiente agrario do pantanal brasileiro - — critério: a fonte cobre o município mas não o nomeia neste ponto: vale com ressalva de escala
5105622,Mirassol D'Oeste,OPO-09,Oportunidades,Revitalização da língua Guató em Barão de Melgaço e formação intercultural de professores indígenas em MS,NÃO AVALIADO,Item não inferível — critério: regra 2 — refere-se a um povo determinado (Guató) e a cursos em MS
5105622,Mirassol D'Oeste,OPO-10,Oportunidades,Saúde itinerante e atenção primária a comunidades ribeirinhas e pantaneiras em MS e em escala de bioma,CONTRAINDICADO,Dado municipal da Fase I refuta o item — critério: menos de 10% da área municipal no bioma Pantanal: não há comunidades ribeirinhas e pantaneiras de planície
5105622,Mirassol D'Oeste,FRA-01,Fraquezas,Atenção à saúde esporádica ou ausente em comunidades ribeirinhas e rurais isoladas do Pantanal (estudos de 2011 a 2025),CONTRAINDICADO,Dado municipal da Fase I refuta o item — critério: menos de 10% da área municipal no bioma Pantanal: não há comunidades ribeirinhas isoladas pela planície
5105622,Mirassol D'Oeste,FRA-02,Fraquezas,Esgotamento sanitário precário e doenças de veiculação hídrica em Cáceres e outras localidades de MT (2020 a 2025),REGIONAL,1 fonte(s) de escala supramunicipal que cobrem o município — Rossetto-Tocantins (2015) - Ambiente agrario do pantanal brasileiro - — critério: a fonte cobre o município mas não o nomeia neste ponto: vale com ressalva de escala
5105622,Mirassol D'Oeste,FRA-03,Fraquezas,Insegurança hídrica prolongada em assentamentos e escolas do campo de Cáceres e em área de Joselândia (Barão de Melgaço),REGIONAL,1 fonte(s) de escala supramunicipal que cobrem o município — Rossetto-Tocantins (2015) - Ambiente agrario do pantanal brasileiro - — critério: a fonte cobre o município mas não o nomeia neste ponto: vale com ressalva de escala
5105622,Mirassol D'Oeste,FRA-04,Fraquezas,"Baixa escolaridade e analfabetismo de ribeirinhos e pescadores em Barão de Melgaço, Poconé e Cáceres (2011 a 2026)",REGIONAL,1 fonte(s) de escala supramunicipal que cobrem o município — Rossetto-Tocantins (2015) - Ambiente agrario do pantanal brasileiro - — critério: a fonte cobre o município mas não o nomeia neste ponto: vale com ressalva de escala
5105622,Mirassol D'Oeste,FRA-05,Fraquezas,"Dificuldade de acesso à escola na cheia e falhas no transporte escolar, com evasão",CONTRAINDICADO,Dado municipal da Fase I refuta o item — critério: menos de 10% da área municipal no bioma Pantanal: a cheia não interrompe o acesso à escola
5105622,Mirassol D'Oeste,FRA-06,Fraquezas,"Esvaziamento rural do Pantanal entre 2010 e 2022, saída de jovens de Mimoso para Cuiabá e periferização em Cáceres",INFERIDO,Similaridade estrutural com município documentado — município de referência: Rondonópolis — critério: mesmo grupo sociodemográfico (Polos urbanos com mais oferta de serviços) e mesma posição no bioma (Planalto / entorno)
5105622,Mirassol D'Oeste,FRA-07,Fraquezas,"Pescadores artesanais de Cáceres e Poconé com renda baixa, dependência de atravessadores e invisibilidade",CONTRAINDICADO,Dado municipal da Fase I refuta o item — critério: menos de 10% da área municipal no bioma Pantanal: não há pesca artesanal de planície
5105622,Mirassol D'Oeste,FRA-08,Fraquezas,Falta de escola indígena diferenciada e ausência de investimento público para o povo Guató (Barão de Melgaço),NÃO AVALIADO,"Item não inferível — critério: regra 2 — refere-se a um povo determinado (Guató, Barão de Melgaço)"
5105622,Mirassol D'Oeste,FRA-09,Fraquezas,Baixa cobertura da Estratégia Saúde da Família e da atenção básica em Cáceres e Barão de Melgaço,DOCUMENTADO,1 passagem(ns) que nomeiam o município — UFMS (2023a) - Plano de Desenvolvimento e Integração da Faixa de Front
5105622,Mirassol D'Oeste,FRA-10,Fraquezas,"IDHM 2010 abaixo de MT e do Brasil em renda e educação, menor em Barão de Melgaço, e renda de até um salário mínimo",DOCUMENTADO,2 passagem(ns) que nomeiam o município — Anexo da Lei 1311/2015 - Plano Municipal de Educação 2015-2025
5105622,Mirassol D'Oeste,AME-01,Ameaças,Incêndios e fumaça no Pantanal: doenças e internações respiratórias e deslocamentos de comunidades,REGIONAL,1 fonte(s) de escala supramunicipal que cobrem o município — Rossetto-Tocantins (2015) - Ambiente agrario do pantanal brasileiro - — critério: a fonte cobre o município mas não o nomeia neste ponto: vale com ressalva de escala
5105622,Mirassol D'Oeste,AME-02,Ameaças,Exposição a mercúrio (garimpo de ouro e queimadas) e a chumbo (queimadas) em Poconé e Barão de Melgaço,NÃO AVALIADO,Item não inferível — critério: regra 2 — refere-se a fontes determinadas de exposição (garimpo de ouro de Poconé)
5105622,Mirassol D'Oeste,AME-03,Ameaças,"Dengue e leishmanioses nos municípios pantaneiros de MT, sobretudo Cáceres (dados até 2016)",INFERIDO,Similaridade estrutural com município documentado — município de referência: Cáceres; Rondonópolis — critério: mesmo grupo sociodemográfico (Polos urbanos com mais oferta de serviços)
5105622,Mirassol D'Oeste,AME-04,Ameaças,"Expropriação territorial e violência contra indígenas, quilombolas e comunidades pantaneiras",REGIONAL,1 fonte(s) de escala supramunicipal que cobrem o município — Rossetto-Tocantins (2015) - Ambiente agrario do pantanal brasileiro - — critério: a fonte cobre o município mas não o nomeia neste ponto: vale com ressalva de escala
5105622,Mirassol D'Oeste,AME-05,Ameaças,"Alterações no regime de cheias, seca e mudança do clima afetando segurança alimentar e saúde no Pantanal Norte de MT",CONTRAINDICADO,Dado municipal da Fase I refuta o item — critério: menos de 10% da área municipal no bioma Pantanal: o regime de cheias da planície não condiciona o município
5105622,Mirassol D'Oeste,AME-06,Ameaças,"Legislação da pesca e pescadores artesanais em MT: Lei 12.197/2023, seguro-defeso e proibições sem consulta",REGIONAL,1 fonte(s) de escala supramunicipal que cobrem o município — UFMS (2023a) - Plano de Desenvolvimento e Integração da Faixa de Front — critério: a fonte cobre o município mas não o nomeia neste ponto: vale com ressalva de escala
5105622,Mirassol D'Oeste,AME-07,Ameaças,"Erosão de saberes tradicionais e do patrimônio imaterial em Barão de Melgaço, Cáceres e Santo Antônio de Leverger",CONTRAINDICADO,Dado municipal da Fase I refuta o item — critério: menos de 10% da área municipal no bioma Pantanal: não há comunidades pantaneiras de planície
5105622,Mirassol D'Oeste,AME-08,Ameaças,Hidrelétricas (APM Manso e PCHs) e a percepção de redução do pescado e da segurança alimentar ribeirinha em MT,REGIONAL,1 fonte(s) de escala supramunicipal que cobrem o município — Rossetto-Tocantins (2015) - Ambiente agrario do pantanal brasileiro - — critério: a fonte cobre o município mas não o nomeia neste ponto: vale com ressalva de escala
5105622,Mirassol D'Oeste,AME-09,Ameaças,Êxodo rural e periferização de peões e sitiantes pantaneiros em Cáceres,CONTRAINDICADO,Dado municipal da Fase I refuta o item — critério: menos de 10% da área municipal no bioma Pantanal: não há peões e sitiantes pantaneiros de planície
5105622,Mirassol D'Oeste,AME-10,Ameaças,Fronteira com a Bolívia como rota do tráfico de drogas e de armas e suscetibilidade dos jovens de Cáceres,REGIONAL,1 fonte(s) de escala supramunicipal que cobrem o município — UFMS (2023a) - Plano de Desenvolvimento e Integração da Faixa de Front — critério: a fonte cobre o município mas não o nomeia neste ponto: vale com ressalva de escala
5106109,Nossa Senhora do Livramento,FOR-01,Forças,Saber tradicional de comunidades pantaneiras de Mato Grosso sobre o ciclo das águas e a previsão das cheias,DOCUMENTADO,1 passagem(ns) que nomeiam o município — SEBRAE Pro-Pantanal - Relatorio Final - Pesquisa Qualitativa IEL
5106109,Nossa Senhora do Livramento,FOR-02,Forças,Redes de solidariedade e reciprocidade em comunidades pantaneiras e entre pescadores artesanais de Mato Grosso,DOCUMENTADO,1 passagem(ns) que nomeiam o município — FERNANDEZ et al (2025) - Mapeamento Social de Povos e Comunidades Trad
5106109,Nossa Senhora do Livramento,FOR-03,Forças,"Festas de santo e danças tradicionais em Poconé, Barão de Melgaço e Santo Antônio de Leverger",DOCUMENTADO,16 passagem(ns) que nomeiam o município — FERNANDEZ et al (2025) - Mapeamento Social de Povos e Comunidades Trad; SEBRAE Pro-Pantanal - Diagnostico e Plano de Turismo - Nossa Senhora d; SEBRAE Pro-Pantanal - Dinamica do Bioma em Nossa Senhora do Livramento
5106109,Nossa Senhora do Livramento,FOR-04,Forças,"Transmissão entre gerações de saberes e cultura na família, na roça e na pesca em comunidades de Mato Grosso",DOCUMENTADO,3 passagem(ns) que nomeiam o município — FERNANDEZ et al (2025) - Mapeamento Social de Povos e Comunidades Trad; SEBRAE Pro-Pantanal - Relatorio Final - Pesquisa Qualitativa IEL
5106109,Nossa Senhora do Livramento,FOR-05,Forças,"Rede comunitária de cuidado com benzeção, remédios caseiros e agente de saúde em Joselândia (dados de 2003 a 2013)",DOCUMENTADO,11 passagem(ns) que nomeiam o município — FERNANDEZ et al (2025) - Mapeamento Social de Povos e Comunidades Trad; SEBRAE Pro-Pantanal - Dinamica do Bioma em Nossa Senhora do Livramento; SEBRAE Pro-Pantanal - Relatorio Final - Pesquisa Qualitativa IEL
5106109,Nossa Senhora do Livramento,FOR-06,Forças,"Quintais para autoconsumo, práticas tradicionais e grupos de mulheres camponesas em Cáceres e Mirassol d'Oeste",DOCUMENTADO,1 passagem(ns) que nomeiam o município — FERNANDEZ et al (2025) - Mapeamento Social de Povos e Comunidades Trad
5106109,Nossa Senhora do Livramento,FOR-07,Forças,"Presença da Unemat, do IFMT e de escolas do campo em Cáceres e no Pantanal Norte",DOCUMENTADO,1 passagem(ns) que nomeiam o município — UFMS (2023b) - Plano de Desenvolvimento e Integração da Faixa de Front
5106109,Nossa Senhora do Livramento,FOR-08,Forças,Povo Guató da TI Baía dos Guató (Barão de Melgaço): revitalização da língua e organização social tradicional,REGIONAL,3 fonte(s) de escala supramunicipal que cobrem o município — FERNANDEZ et al (2025) - Mapeamento Social de Povos e Comunidades Trad; IBAMA (2006) - Plano de Manejo do Parque Nacional do Pantanal Matogros; Rossetto-Tocantins (2015) - Ambiente agrario do pantanal brasileiro - — critério: a fonte cobre o município mas não o nomeia neste ponto: vale com ressalva de escala
5106109,Nossa Senhora do Livramento,FOR-09,Forças,"Oferta de serviços de saúde em Cáceres (ESF, hemodiálise pelo SUS, odontologia gratuita)",DOCUMENTADO,3 passagem(ns) que nomeiam o município — FERNANDEZ et al (2025) - Mapeamento Social de Povos e Comunidades Trad; SEBRAE-MT - Pró-Pantanal - Inventário Turístico - Nossa Senhora do Liv
5106109,Nossa Senhora do Livramento,FOR-10,Forças,"Organização de pescadores artesanais em colônias no Pantanal Norte de Mato Grosso, com participação das mulheres",REGIONAL,3 fonte(s) de escala supramunicipal que cobrem o município — FERNANDEZ et al (2025) - Mapeamento Social de Povos e Comunidades Trad; MITRAUD et al (2021) - Diagnóstico de povos e comunidades tradicionais; Rossetto-Tocantins (2015) - Ambiente agrario do pantanal brasileiro - — critério: a fonte cobre o município mas não o nomeia neste ponto: vale com ressalva de escala
5106109,Nossa Senhora do Livramento,OPO-01,Oportunidades,Turismo de natureza com mão de obra local e renda para as famílias pantaneiras,DOCUMENTADO,4 passagem(ns) que nomeiam o município — ICMBio (2016) - Plano de Manejo da Estacao Ecologica Serra das Araras; SEBRAE Pro-Pantanal - Diagnostico e Plano de Turismo - Nossa Senhora d
5106109,Nossa Senhora do Livramento,OPO-02,Oportunidades,"Aposentadoria rural, auxílio do defeso e Bolsa Família como fonte relevante de renda das famílias",DOCUMENTADO,2 passagem(ns) que nomeiam o município — ICMBio (2016) - Plano de Manejo da Estacao Ecologica Serra das Araras; SEBRAE Pro-Pantanal - Relatorio de Analise ODS e ESG
5106109,Nossa Senhora do Livramento,OPO-03,Oportunidades,Reconhecimento legal de territórios e direitos de povos e comunidades tradicionais,DOCUMENTADO,20 passagem(ns) que nomeiam o município — FERNANDEZ et al (2025) - Mapeamento Social de Povos e Comunidades Trad; ICMBio (2016) - Plano de Manejo da Estacao Ecologica Serra das Araras; MITRAUD et al (2021) - Diagnóstico de povos e comunidades tradicionais
5106109,Nossa Senhora do Livramento,OPO-04,Oportunidades,Festas tradicionais e Dança dos Mascarados como atrativo de turismo cultural,DOCUMENTADO,12 passagem(ns) que nomeiam o município — SEBRAE Pro-Pantanal - Diagnostico e Plano de Turismo - Nossa Senhora d; SEBRAE Pro-Pantanal - Dinamica do Bioma em Nossa Senhora do Livramento; SEBRAE Pro-Pantanal - Inventario Turistico - Diagnostico Integrado do
5106109,Nossa Senhora do Livramento,OPO-05,Oportunidades,Parcerias universidade–escola e cultura pantaneira na formação docente e no currículo,REGIONAL,3 fonte(s) de escala supramunicipal que cobrem o município — FERNANDEZ et al (2025) - Mapeamento Social de Povos e Comunidades Trad; ICMBio (2016) - Plano de Manejo da Estacao Ecologica Serra das Araras; Rossetto-Tocantins (2015) - Ambiente agrario do pantanal brasileiro - — critério: a fonte cobre o município mas não o nomeia neste ponto: vale com ressalva de escala
5106109,Nossa Senhora do Livramento,OPO-06,Oportunidades,Qualificação profissional e organização de mulheres assentadas e extrativistas no Pantanal de MT,DOCUMENTADO,4 passagem(ns) que nomeiam o município — FERNANDEZ et al (2025) - Mapeamento Social de Povos e Comunidades Trad; UFMS (2023a) - Plano de Desenvolvimento e Integração da Faixa de Front; UFMS (2023b) - Plano de Desenvolvimento e Integração da Faixa de Front
5106109,Nossa Senhora do Livramento,OPO-07,Oportunidades,Cisternas e tecnologias sociais de água em escolas do campo e assentamentos de MT,DOCUMENTADO,4 passagem(ns) que nomeiam o município — FERNANDEZ et al (2025) - Mapeamento Social de Povos e Comunidades Trad; SEBRAE Pro-Pantanal - Diagnostico e Plano de Turismo - Nossa Senhora d
5106109,Nossa Senhora do Livramento,OPO-08,Oportunidades,Mapeamento social reconhecido pelo governo de MT e participação de pescadores e comunidades em conselhos e diálogos,DOCUMENTADO,13 passagem(ns) que nomeiam o município — FERNANDEZ et al (2025) - Mapeamento Social de Povos e Comunidades Trad; MITRAUD et al (2021) - Diagnóstico de povos e comunidades tradicionais; SEBRAE-MT - Pró-Pantanal - Inventário Turístico - Nossa Senhora do Liv
5106109,Nossa Senhora do Livramento,OPO-09,Oportunidades,Revitalização da língua Guató em Barão de Melgaço e formação intercultural de professores indígenas em MS,REGIONAL,2 fonte(s) de escala supramunicipal que cobrem o município — FERNANDEZ et al (2025) - Mapeamento Social de Povos e Comunidades Trad; ICMBio (2016) - Plano de Manejo da Estacao Ecologica Serra das Araras — critério: a fonte cobre o município mas não o nomeia neste ponto: vale com ressalva de escala
5106109,Nossa Senhora do Livramento,OPO-10,Oportunidades,Saúde itinerante e atenção primária a comunidades ribeirinhas e pantaneiras em MS e em escala de bioma,REGIONAL,1 fonte(s) de escala supramunicipal que cobrem o município — FERNANDEZ et al (2025) - Mapeamento Social de Povos e Comunidades Trad — critério: a fonte cobre o município mas não o nomeia neste ponto: vale com ressalva de escala
5106109,Nossa Senhora do Livramento,FRA-01,Fraquezas,Atenção à saúde esporádica ou ausente em comunidades ribeirinhas e rurais isoladas do Pantanal (estudos de 2011 a 2025),DOCUMENTADO,8 passagem(ns) que nomeiam o município — FERNANDEZ et al (2025) - Mapeamento Social de Povos e Comunidades Trad
5106109,Nossa Senhora do Livramento,FRA-02,Fraquezas,Esgotamento sanitário precário e doenças de veiculação hídrica em Cáceres e outras localidades de MT (2020 a 2025),DOCUMENTADO,7 passagem(ns) que nomeiam o município — FERNANDEZ et al (2025) - Mapeamento Social de Povos e Comunidades Trad; UFMS (2023a) - Plano de Desenvolvimento e Integração da Faixa de Front
5106109,Nossa Senhora do Livramento,FRA-03,Fraquezas,Insegurança hídrica prolongada em assentamentos e escolas do campo de Cáceres e em área de Joselândia (Barão de Melgaço),DOCUMENTADO,13 passagem(ns) que nomeiam o município — FERNANDEZ et al (2025) - Mapeamento Social de Povos e Comunidades Trad; SEBRAE Pro-Pantanal - Estudo da Dinamica do Bioma Pantanal Vol. 01; SEBRAE Pro-Pantanal - Relatorio Final - Pesquisa Qualitativa IEL
5106109,Nossa Senhora do Livramento,FRA-04,Fraquezas,"Baixa escolaridade e analfabetismo de ribeirinhos e pescadores em Barão de Melgaço, Poconé e Cáceres (2011 a 2026)",DOCUMENTADO,3 passagem(ns) que nomeiam o município — SEBRAE Pro-Pantanal - Analise Economia Sustentavel - Caracterizacao so; SEBRAE Pro-Pantanal - Estudo da Dinamica do Bioma Pantanal Vol. 01
5106109,Nossa Senhora do Livramento,FRA-05,Fraquezas,"Dificuldade de acesso à escola na cheia e falhas no transporte escolar, com evasão",DOCUMENTADO,3 passagem(ns) que nomeiam o município — FERNANDEZ et al (2025) - Mapeamento Social de Povos e Comunidades Trad; Plano Municipal de Educação 2015-2025
5106109,Nossa Senhora do Livramento,FRA-06,Fraquezas,"Esvaziamento rural do Pantanal entre 2010 e 2022, saída de jovens de Mimoso para Cuiabá e periferização em Cáceres",DOCUMENTADO,2 passagem(ns) que nomeiam o município — SEBRAE Pro-Pantanal - Analise Economia Sustentavel - Caracterizacao so; SEBRAE Pro-Pantanal - Estudo da Dinamica do Bioma Pantanal Vol. 01
5106109,Nossa Senhora do Livramento,FRA-07,Fraquezas,"Pescadores artesanais de Cáceres e Poconé com renda baixa, dependência de atravessadores e invisibilidade",REGIONAL,4 fonte(s) de escala supramunicipal que cobrem o município — FERNANDEZ et al (2025) - Mapeamento Social de Povos e Comunidades Trad; IBAMA (2006) - Plano de Manejo do Parque Nacional do Pantanal Matogros; MITRAUD et al (2021) - Diagnóstico de povos e comunidades tradicionais — critério: a fonte cobre o município mas não o nomeia neste ponto: vale com ressalva de escala
5106109,Nossa Senhora do Livramento,FRA-08,Fraquezas,Falta de escola indígena diferenciada e ausência de investimento público para o povo Guató (Barão de Melgaço),REGIONAL,1 fonte(s) de escala supramunicipal que cobrem o município — FERNANDEZ et al (2025) - Mapeamento Social de Povos e Comunidades Trad — critério: a fonte cobre o município mas não o nomeia neste ponto: vale com ressalva de escala
5106109,Nossa Senhora do Livramento,FRA-09,Fraquezas,Baixa cobertura da Estratégia Saúde da Família e da atenção básica em Cáceres e Barão de Melgaço,DOCUMENTADO,2 passagem(ns) que nomeiam o município — FERNANDEZ et al (2025) - Mapeamento Social de Povos e Comunidades Trad; UFMS (2023a) - Plano de Desenvolvimento e Integração da Faixa de Front
5106109,Nossa Senhora do Livramento,FRA-10,Fraquezas,"IDHM 2010 abaixo de MT e do Brasil em renda e educação, menor em Barão de Melgaço, e renda de até um salário mínimo",DOCUMENTADO,11 passagem(ns) que nomeiam o município — Dinamica agraria e sustentabilidade socioambiental no Pantanal brasile; FERNANDEZ et al (2025) - Mapeamento Social de Povos e Comunidades Trad; ICMBio (2016) - Plano de Manejo da Estacao Ecologica Serra das Araras
5106109,Nossa Senhora do Livramento,AME-01,Ameaças,Incêndios e fumaça no Pantanal: doenças e internações respiratórias e deslocamentos de comunidades,DOCUMENTADO,2 passagem(ns) que nomeiam o município — SEBRAE Pro-Pantanal - Estudo da Dinamica do Bioma Pantanal Vol. 01; SEBRAE Pro-Pantanal - Relatorio Final - Pesquisa Qualitativa IEL
5106109,Nossa Senhora do Livramento,AME-02,Ameaças,Exposição a mercúrio (garimpo de ouro e queimadas) e a chumbo (queimadas) em Poconé e Barão de Melgaço,DOCUMENTADO,2 passagem(ns) que nomeiam o município — IBAMA (2006) - Plano de Manejo do Parque Nacional do Pantanal Matogros
5106109,Nossa Senhora do Livramento,AME-03,Ameaças,"Dengue e leishmanioses nos municípios pantaneiros de MT, sobretudo Cáceres (dados até 2016)",DOCUMENTADO,1 passagem(ns) que nomeiam o município — corpus validado dos 255 estudos distintos (255 registros)
5106109,Nossa Senhora do Livramento,AME-04,Ameaças,"Expropriação territorial e violência contra indígenas, quilombolas e comunidades pantaneiras",DOCUMENTADO,5 passagem(ns) que nomeiam o município — FERNANDEZ et al (2025) - Mapeamento Social de Povos e Comunidades Trad
5106109,Nossa Senhora do Livramento,AME-05,Ameaças,"Alterações no regime de cheias, seca e mudança do clima afetando segurança alimentar e saúde no Pantanal Norte de MT",DOCUMENTADO,2 passagem(ns) que nomeiam o município — SEBRAE Pro-Pantanal - Dinamica do Bioma em Nossa Senhora do Livramento
5106109,Nossa Senhora do Livramento,AME-06,Ameaças,"Legislação da pesca e pescadores artesanais em MT: Lei 12.197/2023, seguro-defeso e proibições sem consulta",REGIONAL,3 fonte(s) de escala supramunicipal que cobrem o município — FERNANDEZ et al (2025) - Mapeamento Social de Povos e Comunidades Trad; IBAMA (2006) - Plano de Manejo do Parque Nacional do Pantanal Matogros; UFMS (2023a) - Plano de Desenvolvimento e Integração da Faixa de Front — critério: a fonte cobre o município mas não o nomeia neste ponto: vale com ressalva de escala
5106109,Nossa Senhora do Livramento,AME-07,Ameaças,"Erosão de saberes tradicionais e do patrimônio imaterial em Barão de Melgaço, Cáceres e Santo Antônio de Leverger",DOCUMENTADO,2 passagem(ns) que nomeiam o município — FERNANDEZ et al (2025) - Mapeamento Social de Povos e Comunidades Trad; SEBRAE Pro-Pantanal - Relatorio Final - Pesquisa Qualitativa IEL
5106109,Nossa Senhora do Livramento,AME-08,Ameaças,Hidrelétricas (APM Manso e PCHs) e a percepção de redução do pescado e da segurança alimentar ribeirinha em MT,DOCUMENTADO,2 passagem(ns) que nomeiam o município — SEBRAE Pro-Pantanal - Inventario Turistico - Diagnostico Integrado do ; SEBRAE Pro-Pantanal - Relatorio Final - Pesquisa Qualitativa IEL
5106109,Nossa Senhora do Livramento,AME-09,Ameaças,Êxodo rural e periferização de peões e sitiantes pantaneiros em Cáceres,DOCUMENTADO,1 passagem(ns) que nomeiam o município — SEBRAE Pro-Pantanal - Estudo da Dinamica do Bioma Pantanal Vol. 01
5106109,Nossa Senhora do Livramento,AME-10,Ameaças,Fronteira com a Bolívia como rota do tráfico de drogas e de armas e suscetibilidade dos jovens de Cáceres,REGIONAL,2 fonte(s) de escala supramunicipal que cobrem o município — IBAMA (2006) - Plano de Manejo do Parque Nacional do Pantanal Matogros; UFMS (2023a) - Plano de Desenvolvimento e Integração da Faixa de Front — critério: a fonte cobre o município mas não o nomeia neste ponto: vale com ressalva de escala
5106505,Poconé,FOR-01,Forças,Saber tradicional de comunidades pantaneiras de Mato Grosso sobre o ciclo das águas e a previsão das cheias,DOCUMENTADO,2 passagem(ns) que nomeiam o município — SEBRAE Pro-Pantanal - Relatorio Final - Pesquisa Qualitativa IEL; corpus validado dos 255 estudos distintos (255 registros)
5106505,Poconé,FOR-02,Forças,Redes de solidariedade e reciprocidade em comunidades pantaneiras e entre pescadores artesanais de Mato Grosso,REGIONAL,5 fonte(s) de escala supramunicipal que cobrem o município — Dinamica agraria e sustentabilidade socioambiental no Pantanal brasile; FERNANDEZ et al (2025) - Mapeamento Social de Povos e Comunidades Trad; IBAMA (2006) - Plano de Manejo do Parque Nacional do Pantanal Matogros — critério: a fonte cobre o município mas não o nomeia neste ponto: vale com ressalva de escala
5106505,Poconé,FOR-03,Forças,"Festas de santo e danças tradicionais em Poconé, Barão de Melgaço e Santo Antônio de Leverger",DOCUMENTADO,35 passagem(ns) que nomeiam o município — FERNANDEZ et al (2025) - Mapeamento Social de Povos e Comunidades Trad; Rossetto-Tocantins (2015) - Ambiente agrario do pantanal brasileiro - ; SEBRAE Pro-Pantanal - Diagnostico e Plano de Turismo - Pocone-MT
5106505,Poconé,FOR-04,Forças,"Transmissão entre gerações de saberes e cultura na família, na roça e na pesca em comunidades de Mato Grosso",REGIONAL,5 fonte(s) de escala supramunicipal que cobrem o município — FERNANDEZ et al (2025) - Mapeamento Social de Povos e Comunidades Trad; PRH_Rio-Paraguai - Consolidação da PRH-PY; Rossetto-Tocantins (2015) - Ambiente agrario do pantanal brasileiro - — critério: a fonte cobre o município mas não o nomeia neste ponto: vale com ressalva de escala
5106505,Poconé,FOR-05,Forças,"Rede comunitária de cuidado com benzeção, remédios caseiros e agente de saúde em Joselândia (dados de 2003 a 2013)",DOCUMENTADO,7 passagem(ns) que nomeiam o município — FERNANDEZ et al (2025) - Mapeamento Social de Povos e Comunidades Trad; Plano Municipal de Saúde de Poconé 2022-2025; SEBRAE Pro-Pantanal - Diagnostico e Plano de Turismo - Pocone-MT
5106505,Poconé,FOR-06,Forças,"Quintais para autoconsumo, práticas tradicionais e grupos de mulheres camponesas em Cáceres e Mirassol d'Oeste",DOCUMENTADO,3 passagem(ns) que nomeiam o município — FERNANDEZ et al (2025) - Mapeamento Social de Povos e Comunidades Trad; Rossetto-Tocantins (2015) - Ambiente agrario do pantanal brasileiro -
5106505,Poconé,FOR-07,Forças,"Presença da Unemat, do IFMT e de escolas do campo em Cáceres e no Pantanal Norte",DOCUMENTADO,"9 passagem(ns) que nomeiam o município — Relatório de Avaliação do Plano Municipal de Educação - PME de Poconé,; Relatório de monitoramento do Plano Municipal de Educação de Poconé (L; SEBRAE Pro-Pantanal - Diagnostico e Plano de Turismo - Pocone-MT"
5106505,Poconé,FOR-08,Forças,Povo Guató da TI Baía dos Guató (Barão de Melgaço): revitalização da língua e organização social tradicional,DOCUMENTADO,2 passagem(ns) que nomeiam o município — SEBRAE-MT - Pró-Pantanal - Inventário Turístico - Poconé-MT; corpus validado dos 255 estudos distintos (255 registros)
5106505,Poconé,FOR-09,Forças,"Oferta de serviços de saúde em Cáceres (ESF, hemodiálise pelo SUS, odontologia gratuita)",DOCUMENTADO,18 passagem(ns) que nomeiam o município — IBAMA (2006) - Plano de Manejo do Parque Nacional do Pantanal Matogros; Plano Municipal de Saúde de Poconé 2022-2025; Plano Municipal de Saúde de Poconé 2026-2029
5106505,Poconé,FOR-10,Forças,"Organização de pescadores artesanais em colônias no Pantanal Norte de Mato Grosso, com participação das mulheres",DOCUMENTADO,8 passagem(ns) que nomeiam o município — FERNANDEZ et al (2025) - Mapeamento Social de Povos e Comunidades Trad; MITRAUD et al (2021) - Diagnóstico de povos e comunidades tradicionais; PRH_Rio-Paraguai - Consolidação da PRH-PY
5106505,Poconé,OPO-01,Oportunidades,Turismo de natureza com mão de obra local e renda para as famílias pantaneiras,DOCUMENTADO,16 passagem(ns) que nomeiam o município — FERNANDEZ et al (2025) - Mapeamento Social de Povos e Comunidades Trad; Plano Municipal de Saúde de Poconé 2026-2029; SEBRAE Pro-Pantanal - Diagnostico e Plano de Turismo - Nossa Senhora d
5106505,Poconé,OPO-02,Oportunidades,"Aposentadoria rural, auxílio do defeso e Bolsa Família como fonte relevante de renda das famílias",DOCUMENTADO,4 passagem(ns) que nomeiam o município — FERNANDEZ et al (2025) - Mapeamento Social de Povos e Comunidades Trad; Plano Municipal de Saúde de Poconé 2026-2029; Rossetto-Tocantins (2015) - Ambiente agrario do pantanal brasileiro -
5106505,Poconé,OPO-03,Oportunidades,Reconhecimento legal de territórios e direitos de povos e comunidades tradicionais,DOCUMENTADO,22 passagem(ns) que nomeiam o município — FERNANDEZ et al (2025) - Mapeamento Social de Povos e Comunidades Trad; IBAMA (2006) - Plano de Manejo do Parque Nacional do Pantanal Matogros; MITRAUD et al (2021) - Diagnóstico de povos e comunidades tradicionais
5106505,Poconé,OPO-04,Oportunidades,Festas tradicionais e Dança dos Mascarados como atrativo de turismo cultural,DOCUMENTADO,24 passagem(ns) que nomeiam o município — Rossetto-Tocantins (2015) - Ambiente agrario do pantanal brasileiro - ; SEBRAE Pro-Pantanal - Diagnostico e Plano de Turismo - Pocone-MT; SEBRAE Pro-Pantanal - Dinamica do Bioma em Pocone-MT
5106505,Poconé,OPO-05,Oportunidades,Parcerias universidade–escola e cultura pantaneira na formação docente e no currículo,DOCUMENTADO,1 passagem(ns) que nomeiam o município — corpus validado dos 255 estudos distintos (255 registros)
5106505,Poconé,OPO-06,Oportunidades,Qualificação profissional e organização de mulheres assentadas e extrativistas no Pantanal de MT,DOCUMENTADO,3 passagem(ns) que nomeiam o município — Rossetto-Tocantins (2015) - Ambiente agrario do pantanal brasileiro - ; SEBRAE Pro-Pantanal - Diagnostico e Plano de Turismo - Pocone-MT; SEBRAE Pro-Pantanal - Dinamica do Bioma em Pocone-MT
5106505,Poconé,OPO-07,Oportunidades,Cisternas e tecnologias sociais de água em escolas do campo e assentamentos de MT,DOCUMENTADO,4 passagem(ns) que nomeiam o município — FERNANDEZ et al (2025) - Mapeamento Social de Povos e Comunidades Trad
5106505,Poconé,OPO-08,Oportunidades,Mapeamento social reconhecido pelo governo de MT e participação de pescadores e comunidades em conselhos e diálogos,DOCUMENTADO,8 passagem(ns) que nomeiam o município — FERNANDEZ et al (2025) - Mapeamento Social de Povos e Comunidades Trad; MITRAUD et al (2021) - Diagnóstico de povos e comunidades tradicionais
5106505,Poconé,OPO-09,Oportunidades,Revitalização da língua Guató em Barão de Melgaço e formação intercultural de professores indígenas em MS,DOCUMENTADO,1 passagem(ns) que nomeiam o município — corpus validado dos 255 estudos distintos (255 registros)
5106505,Poconé,OPO-10,Oportunidades,Saúde itinerante e atenção primária a comunidades ribeirinhas e pantaneiras em MS e em escala de bioma,DOCUMENTADO,3 passagem(ns) que nomeiam o município — FERNANDEZ et al (2025) - Mapeamento Social de Povos e Comunidades Trad; Plano Municipal de Saúde de Poconé 2026-2029
5106505,Poconé,FRA-01,Fraquezas,Atenção à saúde esporádica ou ausente em comunidades ribeirinhas e rurais isoladas do Pantanal (estudos de 2011 a 2025),DOCUMENTADO,9 passagem(ns) que nomeiam o município — FERNANDEZ et al (2025) - Mapeamento Social de Povos e Comunidades Trad
5106505,Poconé,FRA-02,Fraquezas,Esgotamento sanitário precário e doenças de veiculação hídrica em Cáceres e outras localidades de MT (2020 a 2025),DOCUMENTADO,5 passagem(ns) que nomeiam o município — FERNANDEZ et al (2025) - Mapeamento Social de Povos e Comunidades Trad; UFMS (2023a) - Plano de Desenvolvimento e Integração da Faixa de Front; UFMS (2023b) - Plano de Desenvolvimento e Integração da Faixa de Front
5106505,Poconé,FRA-03,Fraquezas,Insegurança hídrica prolongada em assentamentos e escolas do campo de Cáceres e em área de Joselândia (Barão de Melgaço),DOCUMENTADO,8 passagem(ns) que nomeiam o município — FERNANDEZ et al (2025) - Mapeamento Social de Povos e Comunidades Trad; SEBRAE Pro-Pantanal - Relatorio Final - Pesquisa Qualitativa IEL; UFMS (2023a) - Plano de Desenvolvimento e Integração da Faixa de Front
5106505,Poconé,FRA-04,Fraquezas,"Baixa escolaridade e analfabetismo de ribeirinhos e pescadores em Barão de Melgaço, Poconé e Cáceres (2011 a 2026)",DOCUMENTADO,3 passagem(ns) que nomeiam o município — Rossetto-Tocantins (2015) - Ambiente agrario do pantanal brasileiro - ; SEBRAE Pro-Pantanal - Analise Economia Sustentavel - Caracterizacao so; corpus validado dos 255 estudos distintos (255 registros)
5106505,Poconé,FRA-05,Fraquezas,"Dificuldade de acesso à escola na cheia e falhas no transporte escolar, com evasão",DOCUMENTADO,5 passagem(ns) que nomeiam o município — FERNANDEZ et al (2025) - Mapeamento Social de Povos e Comunidades Trad
5106505,Poconé,FRA-06,Fraquezas,"Esvaziamento rural do Pantanal entre 2010 e 2022, saída de jovens de Mimoso para Cuiabá e periferização em Cáceres",DOCUMENTADO,5 passagem(ns) que nomeiam o município — FERNANDEZ et al (2025) - Mapeamento Social de Povos e Comunidades Trad; SEBRAE Pro-Pantanal - Analise Economia Sustentavel - Caracterizacao so; SEBRAE Pro-Pantanal - Estudo da Dinamica do Bioma Pantanal Vol. 01
5106505,Poconé,FRA-07,Fraquezas,"Pescadores artesanais de Cáceres e Poconé com renda baixa, dependência de atravessadores e invisibilidade",DOCUMENTADO,2 passagem(ns) que nomeiam o município — Rossetto-Tocantins (2015) - Ambiente agrario do pantanal brasileiro - ; corpus validado dos 255 estudos distintos (255 registros)
5106505,Poconé,FRA-08,Fraquezas,Falta de escola indígena diferenciada e ausência de investimento público para o povo Guató (Barão de Melgaço),DOCUMENTADO,2 passagem(ns) que nomeiam o município — SEBRAE Pro-Pantanal - Relatorio Final - Pesquisa Qualitativa IEL; corpus validado dos 255 estudos distintos (255 registros)
5106505,Poconé,FRA-09,Fraquezas,Baixa cobertura da Estratégia Saúde da Família e da atenção básica em Cáceres e Barão de Melgaço,DOCUMENTADO,3 passagem(ns) que nomeiam o município — FERNANDEZ et al (2025) - Mapeamento Social de Povos e Comunidades Trad; UFMS (2023a) - Plano de Desenvolvimento e Integração da Faixa de Front; corpus validado dos 255 estudos distintos (255 registros)
5106505,Poconé,FRA-10,Fraquezas,"IDHM 2010 abaixo de MT e do Brasil em renda e educação, menor em Barão de Melgaço, e renda de até um salário mínimo",DOCUMENTADO,18 passagem(ns) que nomeiam o município — Dinamica agraria e sustentabilidade socioambiental no Pantanal brasile; FERNANDEZ et al (2025) - Mapeamento Social de Povos e Comunidades Trad; Plano Municipal de Saúde de Poconé 2026-2029
5106505,Poconé,AME-01,Ameaças,Incêndios e fumaça no Pantanal: doenças e internações respiratórias e deslocamentos de comunidades,DOCUMENTADO,3 passagem(ns) que nomeiam o município — Plano Municipal de Saúde de Poconé 2022-2025; SEBRAE Pro-Pantanal - Relatorio Final - Pesquisa Qualitativa IEL; corpus validado dos 255 estudos distintos (255 registros)
5106505,Poconé,AME-02,Ameaças,Exposição a mercúrio (garimpo de ouro e queimadas) e a chumbo (queimadas) em Poconé e Barão de Melgaço,DOCUMENTADO,6 passagem(ns) que nomeiam o município — IBAMA (2006) - Plano de Manejo do Parque Nacional do Pantanal Matogros; ICMBio (2017) - Plano de Manejo da Estacao Ecologica Taiama; SEBRAE-MT - Pró-Pantanal - Inventário Turístico - Poconé-MT
5106505,Poconé,AME-03,Ameaças,"Dengue e leishmanioses nos municípios pantaneiros de MT, sobretudo Cáceres (dados até 2016)",DOCUMENTADO,4 passagem(ns) que nomeiam o município — Plano Municipal de Saúde de Poconé 2022-2025; corpus validado dos 255 estudos distintos (255 registros)
5106505,Poconé,AME-04,Ameaças,"Expropriação territorial e violência contra indígenas, quilombolas e comunidades pantaneiras",DOCUMENTADO,6 passagem(ns) que nomeiam o município — FERNANDEZ et al (2025) - Mapeamento Social de Povos e Comunidades Trad; Rossetto-Tocantins (2015) - Ambiente agrario do pantanal brasileiro - ; SEBRAE-MT - Pró-Pantanal - Inventário Turístico - Poconé-MT
5106505,Poconé,AME-05,Ameaças,"Alterações no regime de cheias, seca e mudança do clima afetando segurança alimentar e saúde no Pantanal Norte de MT",DOCUMENTADO,2 passagem(ns) que nomeiam o município — SEBRAE Pro-Pantanal - Dinamica do Bioma em Pocone-MT
5106505,Poconé,AME-06,Ameaças,"Legislação da pesca e pescadores artesanais em MT: Lei 12.197/2023, seguro-defeso e proibições sem consulta",REGIONAL,5 fonte(s) de escala supramunicipal que cobrem o município — FERNANDEZ et al (2025) - Mapeamento Social de Povos e Comunidades Trad; IBAMA (2006) - Plano de Manejo do Parque Nacional do Pantanal Matogros; ICMBio (2017) - Plano de Manejo da Estacao Ecologica Taiama — critério: a fonte cobre o município mas não o nomeia neste ponto: vale com ressalva de escala
5106505,Poconé,AME-07,Ameaças,"Erosão de saberes tradicionais e do patrimônio imaterial em Barão de Melgaço, Cáceres e Santo Antônio de Leverger",DOCUMENTADO,1 passagem(ns) que nomeiam o município — SEBRAE Pro-Pantanal - Relatorio Final - Pesquisa Qualitativa IEL
5106505,Poconé,AME-08,Ameaças,Hidrelétricas (APM Manso e PCHs) e a percepção de redução do pescado e da segurança alimentar ribeirinha em MT,DOCUMENTADO,4 passagem(ns) que nomeiam o município — SEBRAE Pro-Pantanal - Inventario Turistico - Diagnostico Integrado do ; SEBRAE Pro-Pantanal - Relatorio Final - Pesquisa Qualitativa IEL
5106505,Poconé,AME-09,Ameaças,Êxodo rural e periferização de peões e sitiantes pantaneiros em Cáceres,DOCUMENTADO,2 passagem(ns) que nomeiam o município — FERNANDEZ et al (2025) - Mapeamento Social de Povos e Comunidades Trad; SEBRAE Pro-Pantanal - Relatorio Final - Pesquisa Qualitativa IEL
5106505,Poconé,AME-10,Ameaças,Fronteira com a Bolívia como rota do tráfico de drogas e de armas e suscetibilidade dos jovens de Cáceres,REGIONAL,3 fonte(s) de escala supramunicipal que cobrem o município — IBAMA (2006) - Plano de Manejo do Parque Nacional do Pantanal Matogros; UFMS (2023a) - Plano de Desenvolvimento e Integração da Faixa de Front; UFMS (2024) - Plano de Desenvolvimento e Integração da Faixa de Fronte — critério: a fonte cobre o município mas não o nomeia neste ponto: vale com ressalva de escala
5106828,Porto Esperidião,FOR-01,Forças,Saber tradicional de comunidades pantaneiras de Mato Grosso sobre o ciclo das águas e a previsão das cheias,REGIONAL,1 fonte(s) de escala supramunicipal que cobrem o município — FERNANDEZ et al (2025) - Mapeamento Social de Povos e Comunidades Trad — critério: a fonte cobre o município mas não o nomeia neste ponto: vale com ressalva de escala
5106828,Porto Esperidião,FOR-02,Forças,Redes de solidariedade e reciprocidade em comunidades pantaneiras e entre pescadores artesanais de Mato Grosso,REGIONAL,3 fonte(s) de escala supramunicipal que cobrem o município — FERNANDEZ et al (2025) - Mapeamento Social de Povos e Comunidades Trad; MITRAUD et al (2021) - Diagnóstico de povos e comunidades tradicionais; UFMS (2023a) - Plano de Desenvolvimento e Integração da Faixa de Front — critério: a fonte cobre o município mas não o nomeia neste ponto: vale com ressalva de escala
5106828,Porto Esperidião,FOR-03,Forças,"Festas de santo e danças tradicionais em Poconé, Barão de Melgaço e Santo Antônio de Leverger",DOCUMENTADO,1 passagem(ns) que nomeiam o município — Plano Municipal de Educação de Porto Esperidião - Texto-Base
5106828,Porto Esperidião,FOR-04,Forças,"Transmissão entre gerações de saberes e cultura na família, na roça e na pesca em comunidades de Mato Grosso",REGIONAL,2 fonte(s) de escala supramunicipal que cobrem o município — FERNANDEZ et al (2025) - Mapeamento Social de Povos e Comunidades Trad; PRH_Rio-Paraguai - Consolidação da PRH-PY — critério: a fonte cobre o município mas não o nomeia neste ponto: vale com ressalva de escala
5106828,Porto Esperidião,FOR-05,Forças,"Rede comunitária de cuidado com benzeção, remédios caseiros e agente de saúde em Joselândia (dados de 2003 a 2013)",DOCUMENTADO,1 passagem(ns) que nomeiam o município — Plano Municipal de Educação de Porto Esperidião - Texto-Base
5106828,Porto Esperidião,FOR-06,Forças,"Quintais para autoconsumo, práticas tradicionais e grupos de mulheres camponesas em Cáceres e Mirassol d'Oeste",REGIONAL,2 fonte(s) de escala supramunicipal que cobrem o município — FERNANDEZ et al (2025) - Mapeamento Social de Povos e Comunidades Trad; MITRAUD et al (2021) - Diagnóstico de povos e comunidades tradicionais — critério: a fonte cobre o município mas não o nomeia neste ponto: vale com ressalva de escala
5106828,Porto Esperidião,FOR-07,Forças,"Presença da Unemat, do IFMT e de escolas do campo em Cáceres e no Pantanal Norte",DOCUMENTADO,1 passagem(ns) que nomeiam o município — Plano Municipal de Educação de Porto Esperidião - Texto-Base
5106828,Porto Esperidião,FOR-08,Forças,Povo Guató da TI Baía dos Guató (Barão de Melgaço): revitalização da língua e organização social tradicional,DOCUMENTADO,1 passagem(ns) que nomeiam o município — FERNANDEZ et al (2025) - Mapeamento Social de Povos e Comunidades Trad
5106828,Porto Esperidião,FOR-09,Forças,"Oferta de serviços de saúde em Cáceres (ESF, hemodiálise pelo SUS, odontologia gratuita)",DOCUMENTADO,1 passagem(ns) que nomeiam o município — Plano Municipal de Educação de Porto Esperidião - Texto-Base
5106828,Porto Esperidião,FOR-10,Forças,"Organização de pescadores artesanais em colônias no Pantanal Norte de Mato Grosso, com participação das mulheres",REGIONAL,3 fonte(s) de escala supramunicipal que cobrem o município — FERNANDEZ et al (2025) - Mapeamento Social de Povos e Comunidades Trad; MITRAUD et al (2021) - Diagnóstico de povos e comunidades tradicionais; PRH_Rio-Paraguai - Consolidação da PRH-PY — critério: a fonte cobre o município mas não o nomeia neste ponto: vale com ressalva de escala
5106828,Porto Esperidião,OPO-01,Oportunidades,Turismo de natureza com mão de obra local e renda para as famílias pantaneiras,REGIONAL,2 fonte(s) de escala supramunicipal que cobrem o município — PRH_Rio-Paraguai - Consolidação da PRH-PY; UFMS (2023a) - Plano de Desenvolvimento e Integração da Faixa de Front — critério: a fonte cobre o município mas não o nomeia neste ponto: vale com ressalva de escala
5106828,Porto Esperidião,OPO-02,Oportunidades,"Aposentadoria rural, auxílio do defeso e Bolsa Família como fonte relevante de renda das famílias",REGIONAL,2 fonte(s) de escala supramunicipal que cobrem o município — FERNANDEZ et al (2025) - Mapeamento Social de Povos e Comunidades Trad; MITRAUD et al (2021) - Diagnóstico de povos e comunidades tradicionais — critério: a fonte cobre o município mas não o nomeia neste ponto: vale com ressalva de escala
5106828,Porto Esperidião,OPO-03,Oportunidades,Reconhecimento legal de territórios e direitos de povos e comunidades tradicionais,DOCUMENTADO,2 passagem(ns) que nomeiam o município — FERNANDEZ et al (2025) - Mapeamento Social de Povos e Comunidades Trad
5106828,Porto Esperidião,OPO-04,Oportunidades,Festas tradicionais e Dança dos Mascarados como atrativo de turismo cultural,DOCUMENTADO,1 passagem(ns) que nomeiam o município — Plano Municipal de Educação de Porto Esperidião - Texto-Base
5106828,Porto Esperidião,OPO-05,Oportunidades,Parcerias universidade–escola e cultura pantaneira na formação docente e no currículo,REGIONAL,1 fonte(s) de escala supramunicipal que cobrem o município — FERNANDEZ et al (2025) - Mapeamento Social de Povos e Comunidades Trad — critério: a fonte cobre o município mas não o nomeia neste ponto: vale com ressalva de escala
5106828,Porto Esperidião,OPO-06,Oportunidades,Qualificação profissional e organização de mulheres assentadas e extrativistas no Pantanal de MT,DOCUMENTADO,1 passagem(ns) que nomeiam o município — UFMS (2024) - Plano de Desenvolvimento e Integração da Faixa de Fronte
5106828,Porto Esperidião,OPO-07,Oportunidades,Cisternas e tecnologias sociais de água em escolas do campo e assentamentos de MT,REGIONAL,1 fonte(s) de escala supramunicipal que cobrem o município — FERNANDEZ et al (2025) - Mapeamento Social de Povos e Comunidades Trad — critério: a fonte cobre o município mas não o nomeia neste ponto: vale com ressalva de escala
5106828,Porto Esperidião,OPO-08,Oportunidades,Mapeamento social reconhecido pelo governo de MT e participação de pescadores e comunidades em conselhos e diálogos,REGIONAL,3 fonte(s) de escala supramunicipal que cobrem o município — FERNANDEZ et al (2025) - Mapeamento Social de Povos e Comunidades Trad; MITRAUD et al (2021) - Diagnóstico de povos e comunidades tradicionais; PRH_Rio-Paraguai - Consolidação da PRH-PY — critério: a fonte cobre o município mas não o nomeia neste ponto: vale com ressalva de escala
5106828,Porto Esperidião,OPO-09,Oportunidades,Revitalização da língua Guató em Barão de Melgaço e formação intercultural de professores indígenas em MS,REGIONAL,1 fonte(s) de escala supramunicipal que cobrem o município — FERNANDEZ et al (2025) - Mapeamento Social de Povos e Comunidades Trad — critério: a fonte cobre o município mas não o nomeia neste ponto: vale com ressalva de escala
5106828,Porto Esperidião,OPO-10,Oportunidades,Saúde itinerante e atenção primária a comunidades ribeirinhas e pantaneiras em MS e em escala de bioma,REGIONAL,1 fonte(s) de escala supramunicipal que cobrem o município — FERNANDEZ et al (2025) - Mapeamento Social de Povos e Comunidades Trad — critério: a fonte cobre o município mas não o nomeia neste ponto: vale com ressalva de escala
5106828,Porto Esperidião,FRA-01,Fraquezas,Atenção à saúde esporádica ou ausente em comunidades ribeirinhas e rurais isoladas do Pantanal (estudos de 2011 a 2025),REGIONAL,1 fonte(s) de escala supramunicipal que cobrem o município — FERNANDEZ et al (2025) - Mapeamento Social de Povos e Comunidades Trad — critério: a fonte cobre o município mas não o nomeia neste ponto: vale com ressalva de escala
5106828,Porto Esperidião,FRA-02,Fraquezas,Esgotamento sanitário precário e doenças de veiculação hídrica em Cáceres e outras localidades de MT (2020 a 2025),DOCUMENTADO,1 passagem(ns) que nomeiam o município — Plano Municipal de Educação de Porto Esperidião - Texto-Base
5106828,Porto Esperidião,FRA-03,Fraquezas,Insegurança hídrica prolongada em assentamentos e escolas do campo de Cáceres e em área de Joselândia (Barão de Melgaço),DOCUMENTADO,1 passagem(ns) que nomeiam o município — Plano Municipal de Educação de Porto Esperidião - Texto-Base
5106828,Porto Esperidião,FRA-04,Fraquezas,"Baixa escolaridade e analfabetismo de ribeirinhos e pescadores em Barão de Melgaço, Poconé e Cáceres (2011 a 2026)",REGIONAL,1 fonte(s) de escala supramunicipal que cobrem o município — FERNANDEZ et al (2025) - Mapeamento Social de Povos e Comunidades Trad — critério: a fonte cobre o município mas não o nomeia neste ponto: vale com ressalva de escala
5106828,Porto Esperidião,FRA-05,Fraquezas,"Dificuldade de acesso à escola na cheia e falhas no transporte escolar, com evasão",REGIONAL,1 fonte(s) de escala supramunicipal que cobrem o município — FERNANDEZ et al (2025) - Mapeamento Social de Povos e Comunidades Trad — critério: a fonte cobre o município mas não o nomeia neste ponto: vale com ressalva de escala
5106828,Porto Esperidião,FRA-06,Fraquezas,"Esvaziamento rural do Pantanal entre 2010 e 2022, saída de jovens de Mimoso para Cuiabá e periferização em Cáceres",REGIONAL,2 fonte(s) de escala supramunicipal que cobrem o município — FERNANDEZ et al (2025) - Mapeamento Social de Povos e Comunidades Trad; PRH_Rio-Paraguai - Consolidação da PRH-PY — critério: a fonte cobre o município mas não o nomeia neste ponto: vale com ressalva de escala
5106828,Porto Esperidião,FRA-07,Fraquezas,"Pescadores artesanais de Cáceres e Poconé com renda baixa, dependência de atravessadores e invisibilidade",REGIONAL,3 fonte(s) de escala supramunicipal que cobrem o município — FERNANDEZ et al (2025) - Mapeamento Social de Povos e Comunidades Trad; MITRAUD et al (2021) - Diagnóstico de povos e comunidades tradicionais; PRH_Rio-Paraguai - Consolidação da PRH-PY — critério: a fonte cobre o município mas não o nomeia neste ponto: vale com ressalva de escala
5106828,Porto Esperidião,FRA-08,Fraquezas,Falta de escola indígena diferenciada e ausência de investimento público para o povo Guató (Barão de Melgaço),REGIONAL,1 fonte(s) de escala supramunicipal que cobrem o município — FERNANDEZ et al (2025) - Mapeamento Social de Povos e Comunidades Trad — critério: a fonte cobre o município mas não o nomeia neste ponto: vale com ressalva de escala
5106828,Porto Esperidião,FRA-09,Fraquezas,Baixa cobertura da Estratégia Saúde da Família e da atenção básica em Cáceres e Barão de Melgaço,DOCUMENTADO,1 passagem(ns) que nomeiam o município — UFMS (2023a) - Plano de Desenvolvimento e Integração da Faixa de Front
5106828,Porto Esperidião,FRA-10,Fraquezas,"IDHM 2010 abaixo de MT e do Brasil em renda e educação, menor em Barão de Melgaço, e renda de até um salário mínimo",REGIONAL,4 fonte(s) de escala supramunicipal que cobrem o município — FERNANDEZ et al (2025) - Mapeamento Social de Povos e Comunidades Trad; PRH_Rio-Paraguai - Consolidação da PRH-PY; UFMS (2023a) - Plano de Desenvolvimento e Integração da Faixa de Front — critério: a fonte cobre o município mas não o nomeia neste ponto: vale com ressalva de escala
5106828,Porto Esperidião,AME-01,Ameaças,Incêndios e fumaça no Pantanal: doenças e internações respiratórias e deslocamentos de comunidades,REGIONAL,1 fonte(s) de escala supramunicipal que cobrem o município — FERNANDEZ et al (2025) - Mapeamento Social de Povos e Comunidades Trad — critério: a fonte cobre o município mas não o nomeia neste ponto: vale com ressalva de escala
5106828,Porto Esperidião,AME-02,Ameaças,Exposição a mercúrio (garimpo de ouro e queimadas) e a chumbo (queimadas) em Poconé e Barão de Melgaço,REGIONAL,1 fonte(s) de escala supramunicipal que cobrem o município — PRH_Rio-Paraguai - Consolidação da PRH-PY — critério: a fonte cobre o município mas não o nomeia neste ponto: vale com ressalva de escala
5106828,Porto Esperidião,AME-03,Ameaças,"Dengue e leishmanioses nos municípios pantaneiros de MT, sobretudo Cáceres (dados até 2016)",INFERIDO,Similaridade estrutural com município documentado — município de referência: Poconé; Santo Antônio de Leverger; Nossa Senhora do Livramento — critério: mesmo grupo sociodemográfico (Pobreza elevada e serviços escassos)
5106828,Porto Esperidião,AME-04,Ameaças,"Expropriação territorial e violência contra indígenas, quilombolas e comunidades pantaneiras",DOCUMENTADO,2 passagem(ns) que nomeiam o município — FERNANDEZ et al (2025) - Mapeamento Social de Povos e Comunidades Trad
5106828,Porto Esperidião,AME-05,Ameaças,"Alterações no regime de cheias, seca e mudança do clima afetando segurança alimentar e saúde no Pantanal Norte de MT",REGIONAL,2 fonte(s) de escala supramunicipal que cobrem o município — FERNANDEZ et al (2025) - Mapeamento Social de Povos e Comunidades Trad; PRH_Rio-Paraguai - Consolidação da PRH-PY — critério: a fonte cobre o município mas não o nomeia neste ponto: vale com ressalva de escala
5106828,Porto Esperidião,AME-06,Ameaças,"Legislação da pesca e pescadores artesanais em MT: Lei 12.197/2023, seguro-defeso e proibições sem consulta",REGIONAL,2 fonte(s) de escala supramunicipal que cobrem o município — FERNANDEZ et al (2025) - Mapeamento Social de Povos e Comunidades Trad; UFMS (2023a) - Plano de Desenvolvimento e Integração da Faixa de Front — critério: a fonte cobre o município mas não o nomeia neste ponto: vale com ressalva de escala
5106828,Porto Esperidião,AME-07,Ameaças,"Erosão de saberes tradicionais e do patrimônio imaterial em Barão de Melgaço, Cáceres e Santo Antônio de Leverger",REGIONAL,1 fonte(s) de escala supramunicipal que cobrem o município — FERNANDEZ et al (2025) - Mapeamento Social de Povos e Comunidades Trad — critério: a fonte cobre o município mas não o nomeia neste ponto: vale com ressalva de escala
5106828,Porto Esperidião,AME-08,Ameaças,Hidrelétricas (APM Manso e PCHs) e a percepção de redução do pescado e da segurança alimentar ribeirinha em MT,REGIONAL,2 fonte(s) de escala supramunicipal que cobrem o município — FERNANDEZ et al (2025) - Mapeamento Social de Povos e Comunidades Trad; PRH_Rio-Paraguai - Consolidação da PRH-PY — critério: a fonte cobre o município mas não o nomeia neste ponto: vale com ressalva de escala
5106828,Porto Esperidião,AME-09,Ameaças,Êxodo rural e periferização de peões e sitiantes pantaneiros em Cáceres,REGIONAL,1 fonte(s) de escala supramunicipal que cobrem o município — PRH_Rio-Paraguai - Consolidação da PRH-PY — critério: a fonte cobre o município mas não o nomeia neste ponto: vale com ressalva de escala
5106828,Porto Esperidião,AME-10,Ameaças,Fronteira com a Bolívia como rota do tráfico de drogas e de armas e suscetibilidade dos jovens de Cáceres,REGIONAL,2 fonte(s) de escala supramunicipal que cobrem o município — UFMS (2023a) - Plano de Desenvolvimento e Integração da Faixa de Front; UFMS (2024) - Plano de Desenvolvimento e Integração da Faixa de Fronte — critério: a fonte cobre o município mas não o nomeia neste ponto: vale com ressalva de escala
5107602,Rondonópolis,FOR-01,Forças,Saber tradicional de comunidades pantaneiras de Mato Grosso sobre o ciclo das águas e a previsão das cheias,CONTRAINDICADO,Dado municipal da Fase I refuta o item — critério: menos de 10% da área municipal no bioma Pantanal: não há comunidades da planície expostas ao ciclo das cheias
5107602,Rondonópolis,FOR-02,Forças,Redes de solidariedade e reciprocidade em comunidades pantaneiras e entre pescadores artesanais de Mato Grosso,DOCUMENTADO,1 passagem(ns) que nomeiam o município — Plano Municipal de Saúde de Rondonópolis 2022-2025
5107602,Rondonópolis,FOR-03,Forças,"Festas de santo e danças tradicionais em Poconé, Barão de Melgaço e Santo Antônio de Leverger",REGIONAL,4 fonte(s) de escala supramunicipal que cobrem o município — FERNANDEZ et al (2025) - Mapeamento Social de Povos e Comunidades Trad; Rossetto-Tocantins (2015) - Ambiente agrario do pantanal brasileiro - ; SEBRAE Pro-Pantanal - Inventario Turistico - Diagnostico Integrado do — critério: a fonte cobre o município mas não o nomeia neste ponto: vale com ressalva de escala
5107602,Rondonópolis,FOR-04,Forças,"Transmissão entre gerações de saberes e cultura na família, na roça e na pesca em comunidades de Mato Grosso",REGIONAL,5 fonte(s) de escala supramunicipal que cobrem o município — FERNANDEZ et al (2025) - Mapeamento Social de Povos e Comunidades Trad; PRH_Rio-Paraguai - Consolidação da PRH-PY; Rossetto-Tocantins (2015) - Ambiente agrario do pantanal brasileiro - — critério: a fonte cobre o município mas não o nomeia neste ponto: vale com ressalva de escala
5107602,Rondonópolis,FOR-05,Forças,"Rede comunitária de cuidado com benzeção, remédios caseiros e agente de saúde em Joselândia (dados de 2003 a 2013)",DOCUMENTADO,5 passagem(ns) que nomeiam o município — Plano Municipal de Saúde de Rondonópolis 2022-2025; Plano Municipal de Saúde de Rondonópolis 2026-2029
5107602,Rondonópolis,FOR-06,Forças,"Quintais para autoconsumo, práticas tradicionais e grupos de mulheres camponesas em Cáceres e Mirassol d'Oeste",REGIONAL,2 fonte(s) de escala supramunicipal que cobrem o município — FERNANDEZ et al (2025) - Mapeamento Social de Povos e Comunidades Trad; MITRAUD et al (2021) - Diagnóstico de povos e comunidades tradicionais — critério: a fonte cobre o município mas não o nomeia neste ponto: vale com ressalva de escala
5107602,Rondonópolis,FOR-07,Forças,"Presença da Unemat, do IFMT e de escolas do campo em Cáceres e no Pantanal Norte",DOCUMENTADO,16 passagem(ns) que nomeiam o município — FERNANDEZ et al (2025) - Mapeamento Social de Povos e Comunidades Trad; Plano Municipal de Educação [PME] e Anexos 2014-2024; Plano Municipal de Educação de Rondonópolis - Decênio de 2013-2023
5107602,Rondonópolis,FOR-08,Forças,Povo Guató da TI Baía dos Guató (Barão de Melgaço): revitalização da língua e organização social tradicional,DOCUMENTADO,2 passagem(ns) que nomeiam o município — Plano Municipal de Educação de Rondonópolis - Decênio de 2013-2023; SEMA-MT (2024) - Plano de Manejo do Parque Estadual Dom Osorio Stoffel
5107602,Rondonópolis,FOR-09,Forças,"Oferta de serviços de saúde em Cáceres (ESF, hemodiálise pelo SUS, odontologia gratuita)",DOCUMENTADO,57 passagem(ns) que nomeiam o município — Plano Municipal de Saúde de Rondonópolis 2022-2025; Plano Municipal de Saúde de Rondonópolis 2026-2029; Relatório de monitoramento do Plano Municipal de Educação de Rondonópo
5107602,Rondonópolis,FOR-10,Forças,"Organização de pescadores artesanais em colônias no Pantanal Norte de Mato Grosso, com participação das mulheres",DOCUMENTADO,2 passagem(ns) que nomeiam o município — FERNANDEZ et al (2025) - Mapeamento Social de Povos e Comunidades Trad; MITRAUD et al (2021) - Diagnóstico de povos e comunidades tradicionais
5107602,Rondonópolis,OPO-01,Oportunidades,Turismo de natureza com mão de obra local e renda para as famílias pantaneiras,DOCUMENTADO,1 passagem(ns) que nomeiam o município — SEBRAE Pro-Pantanal - Inventario Turistico - Diagnostico Integrado do
5107602,Rondonópolis,OPO-02,Oportunidades,"Aposentadoria rural, auxílio do defeso e Bolsa Família como fonte relevante de renda das famílias",DOCUMENTADO,2 passagem(ns) que nomeiam o município — FERNANDEZ et al (2025) - Mapeamento Social de Povos e Comunidades Trad
5107602,Rondonópolis,OPO-03,Oportunidades,Reconhecimento legal de territórios e direitos de povos e comunidades tradicionais,DOCUMENTADO,3 passagem(ns) que nomeiam o município — FERNANDEZ et al (2025) - Mapeamento Social de Povos e Comunidades Trad; SEMA-MT (2024) - Plano de Manejo do Parque Estadual Dom Osorio Stoffel
5107602,Rondonópolis,OPO-04,Oportunidades,Festas tradicionais e Dança dos Mascarados como atrativo de turismo cultural,REGIONAL,4 fonte(s) de escala supramunicipal que cobrem o município — FERNANDEZ et al (2025) - Mapeamento Social de Povos e Comunidades Trad; Rossetto-Tocantins (2015) - Ambiente agrario do pantanal brasileiro - ; SEBRAE Pro-Pantanal - Inventario Turistico - Diagnostico Integrado do — critério: a fonte cobre o município mas não o nomeia neste ponto: vale com ressalva de escala
5107602,Rondonópolis,OPO-05,Oportunidades,Parcerias universidade–escola e cultura pantaneira na formação docente e no currículo,DOCUMENTADO,5 passagem(ns) que nomeiam o município — Plano Municipal de Educação [PME] e Anexos 2014-2024; Plano Municipal de Educação de Rondonópolis - Decênio de 2013-2023; Plano Municipal de Saúde de Rondonópolis 2026-2029
5107602,Rondonópolis,OPO-06,Oportunidades,Qualificação profissional e organização de mulheres assentadas e extrativistas no Pantanal de MT,DOCUMENTADO,2 passagem(ns) que nomeiam o município — FERNANDEZ et al (2025) - Mapeamento Social de Povos e Comunidades Trad; Relatório de monitoramento do Plano Municipal de Educação de Rondonópo
5107602,Rondonópolis,OPO-07,Oportunidades,Cisternas e tecnologias sociais de água em escolas do campo e assentamentos de MT,REGIONAL,3 fonte(s) de escala supramunicipal que cobrem o município — FERNANDEZ et al (2025) - Mapeamento Social de Povos e Comunidades Trad; Rossetto-Tocantins (2015) - Ambiente agrario do pantanal brasileiro - ; SEMA-MT (2025) - Plano de Manejo de Unidade de Conservação Monumento N — critério: a fonte cobre o município mas não o nomeia neste ponto: vale com ressalva de escala
5107602,Rondonópolis,OPO-08,Oportunidades,Mapeamento social reconhecido pelo governo de MT e participação de pescadores e comunidades em conselhos e diálogos,DOCUMENTADO,11 passagem(ns) que nomeiam o município — FERNANDEZ et al (2025) - Mapeamento Social de Povos e Comunidades Trad; Plano Municipal de Educação de Rondonópolis - Decênio de 2013-2023; Plano Municipal de Saúde de Rondonópolis 2026-2029
5107602,Rondonópolis,OPO-09,Oportunidades,Revitalização da língua Guató em Barão de Melgaço e formação intercultural de professores indígenas em MS,DOCUMENTADO,1 passagem(ns) que nomeiam o município — Plano Municipal de Educação de Rondonópolis - Decênio de 2013-2023
5107602,Rondonópolis,OPO-10,Oportunidades,Saúde itinerante e atenção primária a comunidades ribeirinhas e pantaneiras em MS e em escala de bioma,DOCUMENTADO,2 passagem(ns) que nomeiam o município — Plano Municipal de Saúde 2026-2029 - Barão de Melgaço; Plano Municipal de Saúde de Rondonópolis 2022-2025
5107602,Rondonópolis,FRA-01,Fraquezas,Atenção à saúde esporádica ou ausente em comunidades ribeirinhas e rurais isoladas do Pantanal (estudos de 2011 a 2025),DOCUMENTADO,2 passagem(ns) que nomeiam o município — Plano Municipal de Saúde de Rondonópolis 2026-2029; SILVESTRE-FILHO/ROMEU (1974) - Caracteristicas e potencialidades do pa
5107602,Rondonópolis,FRA-02,Fraquezas,Esgotamento sanitário precário e doenças de veiculação hídrica em Cáceres e outras localidades de MT (2020 a 2025),DOCUMENTADO,2 passagem(ns) que nomeiam o município — PRH_Rio-Paraguai - Consolidação da PRH-PY; Plano Municipal de Saúde de Rondonópolis 2026-2029
5107602,Rondonópolis,FRA-03,Fraquezas,Insegurança hídrica prolongada em assentamentos e escolas do campo de Cáceres e em área de Joselândia (Barão de Melgaço),REGIONAL,5 fonte(s) de escala supramunicipal que cobrem o município — FERNANDEZ et al (2025) - Mapeamento Social de Povos e Comunidades Trad; Rossetto-Tocantins (2015) - Ambiente agrario do pantanal brasileiro - ; SEBRAE Pro-Pantanal - Relatorio Final - Pesquisa Qualitativa IEL — critério: a fonte cobre o município mas não o nomeia neste ponto: vale com ressalva de escala
5107602,Rondonópolis,FRA-04,Fraquezas,"Baixa escolaridade e analfabetismo de ribeirinhos e pescadores em Barão de Melgaço, Poconé e Cáceres (2011 a 2026)",REGIONAL,3 fonte(s) de escala supramunicipal que cobrem o município — FERNANDEZ et al (2025) - Mapeamento Social de Povos e Comunidades Trad; Rossetto-Tocantins (2015) - Ambiente agrario do pantanal brasileiro - ; SEBRAE Pro-Pantanal - Relatorio Final - Pesquisa Qualitativa IEL — critério: a fonte cobre o município mas não o nomeia neste ponto: vale com ressalva de escala
5107602,Rondonópolis,FRA-05,Fraquezas,"Dificuldade de acesso à escola na cheia e falhas no transporte escolar, com evasão",CONTRAINDICADO,Dado municipal da Fase I refuta o item — critério: menos de 10% da área municipal no bioma Pantanal: a cheia não interrompe o acesso à escola
5107602,Rondonópolis,FRA-06,Fraquezas,"Esvaziamento rural do Pantanal entre 2010 e 2022, saída de jovens de Mimoso para Cuiabá e periferização em Cáceres",DOCUMENTADO,3 passagem(ns) que nomeiam o município — Plano Municipal de Educação de Rondonópolis - Decênio de 2013-2023; Plano Municipal de Saúde de Rondonópolis 2026-2029; SEBRAE Pro-Pantanal - Relatorio Final - Pesquisa Qualitativa IEL
5107602,Rondonópolis,FRA-07,Fraquezas,"Pescadores artesanais de Cáceres e Poconé com renda baixa, dependência de atravessadores e invisibilidade",CONTRAINDICADO,Dado municipal da Fase I refuta o item — critério: menos de 10% da área municipal no bioma Pantanal: não há pesca artesanal de planície
5107602,Rondonópolis,FRA-08,Fraquezas,Falta de escola indígena diferenciada e ausência de investimento público para o povo Guató (Barão de Melgaço),REGIONAL,1 fonte(s) de escala supramunicipal que cobrem o município — FERNANDEZ et al (2025) - Mapeamento Social de Povos e Comunidades Trad — critério: a fonte cobre o município mas não o nomeia neste ponto: vale com ressalva de escala
5107602,Rondonópolis,FRA-09,Fraquezas,Baixa cobertura da Estratégia Saúde da Família e da atenção básica em Cáceres e Barão de Melgaço,DOCUMENTADO,18 passagem(ns) que nomeiam o município — Plano Municipal de Saúde de Rondonópolis 2022-2025; Plano Municipal de Saúde de Rondonópolis 2026-2029
5107602,Rondonópolis,FRA-10,Fraquezas,"IDHM 2010 abaixo de MT e do Brasil em renda e educação, menor em Barão de Melgaço, e renda de até um salário mínimo",DOCUMENTADO,10 passagem(ns) que nomeiam o município — Dinâmica demográfica e transformação econômica recente no Mato Grosso ; PRH_Rio-Paraguai - Consolidação da PRH-PY; Plano Municipal de Educação de Rondonópolis - Decênio de 2013-2023
5107602,Rondonópolis,AME-01,Ameaças,Incêndios e fumaça no Pantanal: doenças e internações respiratórias e deslocamentos de comunidades,REGIONAL,4 fonte(s) de escala supramunicipal que cobrem o município — FERNANDEZ et al (2025) - Mapeamento Social de Povos e Comunidades Trad; Rossetto-Tocantins (2015) - Ambiente agrario do pantanal brasileiro - ; SEBRAE Pro-Pantanal - Inventario Turistico - Diagnostico Integrado do — critério: a fonte cobre o município mas não o nomeia neste ponto: vale com ressalva de escala
5107602,Rondonópolis,AME-02,Ameaças,Exposição a mercúrio (garimpo de ouro e queimadas) e a chumbo (queimadas) em Poconé e Barão de Melgaço,DOCUMENTADO,1 passagem(ns) que nomeiam o município — Plano Municipal de Saúde de Rondonópolis 2026-2029
5107602,Rondonópolis,AME-03,Ameaças,"Dengue e leishmanioses nos municípios pantaneiros de MT, sobretudo Cáceres (dados até 2016)",DOCUMENTADO,22 passagem(ns) que nomeiam o município — Plano Municipal de Saúde de Rondonópolis 2022-2025; Plano Municipal de Saúde de Rondonópolis 2026-2029; SEMA-MT (2025) - Plano de Manejo de Unidade de Conservação Monumento N
5107602,Rondonópolis,AME-04,Ameaças,"Expropriação territorial e violência contra indígenas, quilombolas e comunidades pantaneiras",DOCUMENTADO,2 passagem(ns) que nomeiam o município — Plano Municipal de Saúde de Rondonópolis 2026-2029
5107602,Rondonópolis,AME-05,Ameaças,"Alterações no regime de cheias, seca e mudança do clima afetando segurança alimentar e saúde no Pantanal Norte de MT",DOCUMENTADO,1 passagem(ns) que nomeiam o município — Plano Municipal de Saúde de Rondonópolis 2022-2025
5107602,Rondonópolis,AME-06,Ameaças,"Legislação da pesca e pescadores artesanais em MT: Lei 12.197/2023, seguro-defeso e proibições sem consulta",REGIONAL,1 fonte(s) de escala supramunicipal que cobrem o município — FERNANDEZ et al (2025) - Mapeamento Social de Povos e Comunidades Trad — critério: a fonte cobre o município mas não o nomeia neste ponto: vale com ressalva de escala
5107602,Rondonópolis,AME-07,Ameaças,"Erosão de saberes tradicionais e do patrimônio imaterial em Barão de Melgaço, Cáceres e Santo Antônio de Leverger",CONTRAINDICADO,Dado municipal da Fase I refuta o item — critério: menos de 10% da área municipal no bioma Pantanal: não há comunidades pantaneiras de planície
5107602,Rondonópolis,AME-08,Ameaças,Hidrelétricas (APM Manso e PCHs) e a percepção de redução do pescado e da segurança alimentar ribeirinha em MT,REGIONAL,5 fonte(s) de escala supramunicipal que cobrem o município — FERNANDEZ et al (2025) - Mapeamento Social de Povos e Comunidades Trad; PRH_Rio-Paraguai - Consolidação da PRH-PY; Rossetto-Tocantins (2015) - Ambiente agrario do pantanal brasileiro - — critério: a fonte cobre o município mas não o nomeia neste ponto: vale com ressalva de escala
5107602,Rondonópolis,AME-09,Ameaças,Êxodo rural e periferização de peões e sitiantes pantaneiros em Cáceres,DOCUMENTADO,2 passagem(ns) que nomeiam o município — Plano Municipal de Educação de Rondonópolis - Decênio de 2013-2023; Plano Municipal de Saúde de Rondonópolis 2026-2029
5107602,Rondonópolis,AME-10,Ameaças,Fronteira com a Bolívia como rota do tráfico de drogas e de armas e suscetibilidade dos jovens de Cáceres,DOCUMENTADO,2 passagem(ns) que nomeiam o município — Plano Municipal de Saúde de Rondonópolis 2026-2029
5107800,Santo Antônio do Leverger,FOR-01,Forças,Saber tradicional de comunidades pantaneiras de Mato Grosso sobre o ciclo das águas e a previsão das cheias,DOCUMENTADO,1 passagem(ns) que nomeiam o município — corpus validado dos 255 estudos distintos (255 registros)
5107800,Santo Antônio do Leverger,FOR-02,Forças,Redes de solidariedade e reciprocidade em comunidades pantaneiras e entre pescadores artesanais de Mato Grosso,REGIONAL,4 fonte(s) de escala supramunicipal que cobrem o município — Dinamica agraria e sustentabilidade socioambiental no Pantanal brasile; FERNANDEZ et al (2025) - Mapeamento Social de Povos e Comunidades Trad; IBAMA (2006) - Plano de Manejo do Parque Nacional do Pantanal Matogros — critério: a fonte cobre o município mas não o nomeia neste ponto: vale com ressalva de escala
5107800,Santo Antônio do Leverger,FOR-03,Forças,"Festas de santo e danças tradicionais em Poconé, Barão de Melgaço e Santo Antônio de Leverger",DOCUMENTADO,19 passagem(ns) que nomeiam o município — Plano Municipal de Educação (Lei nº 1159/GP/2015); SEBRAE Pro-Pantanal - Diagnostico e Plano de Turismo - Santo Antonio d; SEBRAE Pro-Pantanal - Inventario Turistico - Diagnostico Integrado do
5107800,Santo Antônio do Leverger,FOR-04,Forças,"Transmissão entre gerações de saberes e cultura na família, na roça e na pesca em comunidades de Mato Grosso",DOCUMENTADO,4 passagem(ns) que nomeiam o município — Rossetto-Tocantins (2015) - Ambiente agrario do pantanal brasileiro - ; SEBRAE Pro-Pantanal - Relatorio Final - Pesquisa Qualitativa IEL; SEMA-MT (2025) - Plano de Manejo de Unidade de Conservação Monumento N
5107800,Santo Antônio do Leverger,FOR-05,Forças,"Rede comunitária de cuidado com benzeção, remédios caseiros e agente de saúde em Joselândia (dados de 2003 a 2013)",DOCUMENTADO,2 passagem(ns) que nomeiam o município — SEBRAE Pro-Pantanal - Relatorio Final - Pesquisa Qualitativa IEL; corpus validado dos 255 estudos distintos (255 registros)
5107800,Santo Antônio do Leverger,FOR-06,Forças,"Quintais para autoconsumo, práticas tradicionais e grupos de mulheres camponesas em Cáceres e Mirassol d'Oeste",REGIONAL,3 fonte(s) de escala supramunicipal que cobrem o município — Dinamica agraria e sustentabilidade socioambiental no Pantanal brasile; FERNANDEZ et al (2025) - Mapeamento Social de Povos e Comunidades Trad; MITRAUD et al (2021) - Diagnóstico de povos e comunidades tradicionais — critério: a fonte cobre o município mas não o nomeia neste ponto: vale com ressalva de escala
5107800,Santo Antônio do Leverger,FOR-07,Forças,"Presença da Unemat, do IFMT e de escolas do campo em Cáceres e no Pantanal Norte",DOCUMENTADO,6 passagem(ns) que nomeiam o município — Plano Municipal de Educação (Lei nº 1159/GP/2015); Rossetto-Tocantins (2015) - Ambiente agrario do pantanal brasileiro - ; SEBRAE-MT - Pró-Pantanal - Inventário Turístico - Santo Antônio do Lev
5107800,Santo Antônio do Leverger,FOR-08,Forças,Povo Guató da TI Baía dos Guató (Barão de Melgaço): revitalização da língua e organização social tradicional,REGIONAL,3 fonte(s) de escala supramunicipal que cobrem o município — FERNANDEZ et al (2025) - Mapeamento Social de Povos e Comunidades Trad; IBAMA (2006) - Plano de Manejo do Parque Nacional do Pantanal Matogros; Rossetto-Tocantins (2015) - Ambiente agrario do pantanal brasileiro - — critério: a fonte cobre o município mas não o nomeia neste ponto: vale com ressalva de escala
5107800,Santo Antônio do Leverger,FOR-09,Forças,"Oferta de serviços de saúde em Cáceres (ESF, hemodiálise pelo SUS, odontologia gratuita)",DOCUMENTADO,5 passagem(ns) que nomeiam o município — SEBRAE-MT - Pró-Pantanal - Inventário Turístico - Santo Antônio do Lev; SEMA-MT (2025) - Plano de Manejo de Unidade de Conservação Monumento N
5107800,Santo Antônio do Leverger,FOR-10,Forças,"Organização de pescadores artesanais em colônias no Pantanal Norte de Mato Grosso, com participação das mulheres",DOCUMENTADO,7 passagem(ns) que nomeiam o município — FERNANDEZ et al (2025) - Mapeamento Social de Povos e Comunidades Trad; MITRAUD et al (2021) - Diagnóstico de povos e comunidades tradicionais; Plano de Manejo da Estrada Parque Santo Antônio de Leverger – Porto de
5107800,Santo Antônio do Leverger,OPO-01,Oportunidades,Turismo de natureza com mão de obra local e renda para as famílias pantaneiras,DOCUMENTADO,3 passagem(ns) que nomeiam o município — Plano de Manejo da Estrada Parque Santo Antônio de Leverger – Porto de; SEBRAE Pro-Pantanal - Dinamica do Bioma em Santo Antonio do Leverger-M; SEBRAE Pro-Pantanal - Inventario Turistico - Diagnostico Integrado do
5107800,Santo Antônio do Leverger,OPO-02,Oportunidades,"Aposentadoria rural, auxílio do defeso e Bolsa Família como fonte relevante de renda das famílias",DOCUMENTADO,2 passagem(ns) que nomeiam o município — SEMA-MT (2025) - Plano de Manejo de Unidade de Conservação Monumento N; corpus validado dos 255 estudos distintos (255 registros)
5107800,Santo Antônio do Leverger,OPO-03,Oportunidades,Reconhecimento legal de territórios e direitos de povos e comunidades tradicionais,DOCUMENTADO,14 passagem(ns) que nomeiam o município — FERNANDEZ et al (2025) - Mapeamento Social de Povos e Comunidades Trad; MITRAUD et al (2021) - Diagnóstico de povos e comunidades tradicionais; Rossetto-Tocantins (2015) - Ambiente agrario do pantanal brasileiro -
5107800,Santo Antônio do Leverger,OPO-04,Oportunidades,Festas tradicionais e Dança dos Mascarados como atrativo de turismo cultural,DOCUMENTADO,21 passagem(ns) que nomeiam o município — Plano Municipal de Educação (Lei nº 1159/GP/2015); Plano de Manejo da Estrada Parque Santo Antônio de Leverger – Porto de; Rossetto-Tocantins (2015) - Ambiente agrario do pantanal brasileiro -
5107800,Santo Antônio do Leverger,OPO-05,Oportunidades,Parcerias universidade–escola e cultura pantaneira na formação docente e no currículo,REGIONAL,2 fonte(s) de escala supramunicipal que cobrem o município — FERNANDEZ et al (2025) - Mapeamento Social de Povos e Comunidades Trad; Rossetto-Tocantins (2015) - Ambiente agrario do pantanal brasileiro - — critério: a fonte cobre o município mas não o nomeia neste ponto: vale com ressalva de escala
5107800,Santo Antônio do Leverger,OPO-06,Oportunidades,Qualificação profissional e organização de mulheres assentadas e extrativistas no Pantanal de MT,DOCUMENTADO,3 passagem(ns) que nomeiam o município — SEBRAE Pro-Pantanal - Diagnostico e Plano de Turismo - Santo Antonio d; corpus validado dos 255 estudos distintos (255 registros)
5107800,Santo Antônio do Leverger,OPO-07,Oportunidades,Cisternas e tecnologias sociais de água em escolas do campo e assentamentos de MT,DOCUMENTADO,3 passagem(ns) que nomeiam o município — SEMA-MT (2025) - Plano de Manejo de Unidade de Conservação Monumento N; corpus validado dos 255 estudos distintos (255 registros)
5107800,Santo Antônio do Leverger,OPO-08,Oportunidades,Mapeamento social reconhecido pelo governo de MT e participação de pescadores e comunidades em conselhos e diálogos,DOCUMENTADO,9 passagem(ns) que nomeiam o município — FERNANDEZ et al (2025) - Mapeamento Social de Povos e Comunidades Trad; MITRAUD et al (2021) - Diagnóstico de povos e comunidades tradicionais; SEMA-MT (2025) - Plano de Manejo de Unidade de Conservação Monumento N
5107800,Santo Antônio do Leverger,OPO-09,Oportunidades,Revitalização da língua Guató em Barão de Melgaço e formação intercultural de professores indígenas em MS,REGIONAL,1 fonte(s) de escala supramunicipal que cobrem o município — FERNANDEZ et al (2025) - Mapeamento Social de Povos e Comunidades Trad — critério: a fonte cobre o município mas não o nomeia neste ponto: vale com ressalva de escala
5107800,Santo Antônio do Leverger,OPO-10,Oportunidades,Saúde itinerante e atenção primária a comunidades ribeirinhas e pantaneiras em MS e em escala de bioma,DOCUMENTADO,1 passagem(ns) que nomeiam o município — corpus validado dos 255 estudos distintos (255 registros)
5107800,Santo Antônio do Leverger,FRA-01,Fraquezas,Atenção à saúde esporádica ou ausente em comunidades ribeirinhas e rurais isoladas do Pantanal (estudos de 2011 a 2025),DOCUMENTADO,2 passagem(ns) que nomeiam o município — SEMA-MT (2025) - Plano de Manejo de Unidade de Conservação Monumento N
5107800,Santo Antônio do Leverger,FRA-02,Fraquezas,Esgotamento sanitário precário e doenças de veiculação hídrica em Cáceres e outras localidades de MT (2020 a 2025),DOCUMENTADO,8 passagem(ns) que nomeiam o município — SEBRAE Pro-Pantanal - Dinamica do Bioma em Santo Antonio do Leverger-M; SEBRAE-MT - Pró-Pantanal - Inventário Turístico - Santo Antônio do Lev; SEMA-MT (2025) - Plano de Manejo de Unidade de Conservação Monumento N
5107800,Santo Antônio do Leverger,FRA-03,Fraquezas,Insegurança hídrica prolongada em assentamentos e escolas do campo de Cáceres e em área de Joselândia (Barão de Melgaço),DOCUMENTADO,3 passagem(ns) que nomeiam o município — FERNANDEZ et al (2025) - Mapeamento Social de Povos e Comunidades Trad; SEMA-MT (2025) - Plano de Manejo de Unidade de Conservação Monumento N; corpus validado dos 255 estudos distintos (255 registros)
5107800,Santo Antônio do Leverger,FRA-04,Fraquezas,"Baixa escolaridade e analfabetismo de ribeirinhos e pescadores em Barão de Melgaço, Poconé e Cáceres (2011 a 2026)",DOCUMENTADO,1 passagem(ns) que nomeiam o município — SEBRAE Pro-Pantanal - Analise Economia Sustentavel - Caracterizacao so
5107800,Santo Antônio do Leverger,FRA-05,Fraquezas,"Dificuldade de acesso à escola na cheia e falhas no transporte escolar, com evasão",DOCUMENTADO,1 passagem(ns) que nomeiam o município — corpus validado dos 255 estudos distintos (255 registros)
5107800,Santo Antônio do Leverger,FRA-06,Fraquezas,"Esvaziamento rural do Pantanal entre 2010 e 2022, saída de jovens de Mimoso para Cuiabá e periferização em Cáceres",DOCUMENTADO,4 passagem(ns) que nomeiam o município — SEBRAE Pro-Pantanal - Analise Economia Sustentavel - Caracterizacao so; SEBRAE Pro-Pantanal - Estudo da Dinamica do Bioma Pantanal Vol. 01; SEMA-MT (2025) - Plano de Manejo de Unidade de Conservação Monumento N
5107800,Santo Antônio do Leverger,FRA-07,Fraquezas,"Pescadores artesanais de Cáceres e Poconé com renda baixa, dependência de atravessadores e invisibilidade",REGIONAL,5 fonte(s) de escala supramunicipal que cobrem o município — FERNANDEZ et al (2025) - Mapeamento Social de Povos e Comunidades Trad; IBAMA (2006) - Plano de Manejo do Parque Nacional do Pantanal Matogros; MITRAUD et al (2021) - Diagnóstico de povos e comunidades tradicionais — critério: a fonte cobre o município mas não o nomeia neste ponto: vale com ressalva de escala
5107800,Santo Antônio do Leverger,FRA-08,Fraquezas,Falta de escola indígena diferenciada e ausência de investimento público para o povo Guató (Barão de Melgaço),REGIONAL,1 fonte(s) de escala supramunicipal que cobrem o município — FERNANDEZ et al (2025) - Mapeamento Social de Povos e Comunidades Trad — critério: a fonte cobre o município mas não o nomeia neste ponto: vale com ressalva de escala
5107800,Santo Antônio do Leverger,FRA-09,Fraquezas,Baixa cobertura da Estratégia Saúde da Família e da atenção básica em Cáceres e Barão de Melgaço,REGIONAL,1 fonte(s) de escala supramunicipal que cobrem o município — FERNANDEZ et al (2025) - Mapeamento Social de Povos e Comunidades Trad — critério: a fonte cobre o município mas não o nomeia neste ponto: vale com ressalva de escala
5107800,Santo Antônio do Leverger,FRA-10,Fraquezas,"IDHM 2010 abaixo de MT e do Brasil em renda e educação, menor em Barão de Melgaço, e renda de até um salário mínimo",DOCUMENTADO,14 passagem(ns) que nomeiam o município — Dinamica agraria e sustentabilidade socioambiental no Pantanal brasile; Plano Municipal de Educação (Lei nº 1159/GP/2015); SEBRAE Pro-Pantanal - Analise Economia Sustentavel - Caracterizacao so
5107800,Santo Antônio do Leverger,AME-01,Ameaças,Incêndios e fumaça no Pantanal: doenças e internações respiratórias e deslocamentos de comunidades,DOCUMENTADO,1 passagem(ns) que nomeiam o município — corpus validado dos 255 estudos distintos (255 registros)
5107800,Santo Antônio do Leverger,AME-02,Ameaças,Exposição a mercúrio (garimpo de ouro e queimadas) e a chumbo (queimadas) em Poconé e Barão de Melgaço,DOCUMENTADO,1 passagem(ns) que nomeiam o município — IBAMA (2006) - Plano de Manejo do Parque Nacional do Pantanal Matogros
5107800,Santo Antônio do Leverger,AME-03,Ameaças,"Dengue e leishmanioses nos municípios pantaneiros de MT, sobretudo Cáceres (dados até 2016)",DOCUMENTADO,10 passagem(ns) que nomeiam o município — SEMA-MT (2025) - Plano de Manejo de Unidade de Conservação Monumento N; corpus validado dos 255 estudos distintos (255 registros)
5107800,Santo Antônio do Leverger,AME-04,Ameaças,"Expropriação territorial e violência contra indígenas, quilombolas e comunidades pantaneiras",DOCUMENTADO,1 passagem(ns) que nomeiam o município — SEMA-MT (2025) - Plano de Manejo de Unidade de Conservação Monumento N
5107800,Santo Antônio do Leverger,AME-05,Ameaças,"Alterações no regime de cheias, seca e mudança do clima afetando segurança alimentar e saúde no Pantanal Norte de MT",DOCUMENTADO,4 passagem(ns) que nomeiam o município — SEBRAE Pro-Pantanal - Dinamica do Bioma em Santo Antonio do Leverger-M; corpus validado dos 255 estudos distintos (255 registros)
5107800,Santo Antônio do Leverger,AME-06,Ameaças,"Legislação da pesca e pescadores artesanais em MT: Lei 12.197/2023, seguro-defeso e proibições sem consulta",DOCUMENTADO,2 passagem(ns) que nomeiam o município — SEBRAE Pro-Pantanal - Diagnostico e Plano de Turismo - Santo Antonio d; corpus validado dos 255 estudos distintos (255 registros)
5107800,Santo Antônio do Leverger,AME-07,Ameaças,"Erosão de saberes tradicionais e do patrimônio imaterial em Barão de Melgaço, Cáceres e Santo Antônio de Leverger",DOCUMENTADO,4 passagem(ns) que nomeiam o município — SEBRAE Pro-Pantanal - Relatorio Final - Pesquisa Qualitativa IEL; corpus validado dos 255 estudos distintos (255 registros)
5107800,Santo Antônio do Leverger,AME-08,Ameaças,Hidrelétricas (APM Manso e PCHs) e a percepção de redução do pescado e da segurança alimentar ribeirinha em MT,DOCUMENTADO,4 passagem(ns) que nomeiam o município — SEBRAE Pro-Pantanal - Relatorio Final - Pesquisa Qualitativa IEL; SEMA-MT (2025) - Plano de Manejo de Unidade de Conservação Monumento N; corpus validado dos 255 estudos distintos (255 registros)
5107800,Santo Antônio do Leverger,AME-09,Ameaças,Êxodo rural e periferização de peões e sitiantes pantaneiros em Cáceres,REGIONAL,3 fonte(s) de escala supramunicipal que cobrem o município — Dinamica agraria e sustentabilidade socioambiental no Pantanal brasile; PRH_Rio-Paraguai - Consolidação da PRH-PY; Rossetto-Tocantins (2015) - Ambiente agrario do pantanal brasileiro - — critério: a fonte cobre o município mas não o nomeia neste ponto: vale com ressalva de escala
5107800,Santo Antônio do Leverger,AME-10,Ameaças,Fronteira com a Bolívia como rota do tráfico de drogas e de armas e suscetibilidade dos jovens de Cáceres,REGIONAL,1 fonte(s) de escala supramunicipal que cobrem o município — IBAMA (2006) - Plano de Manejo do Parque Nacional do Pantanal Matogros — critério: a fonte cobre o município mas não o nomeia neste ponto: vale com ressalva de escala
